report_id,characteristic_id,run_date,report_type,subgroups_used,first_subgroup_id,last_subgroup_id,subgroup_ids,method_flag,cp,cpk,pp,ppk,issued_to,issued_date,created_by,export_batch_id
CAP-24-0001,C-12828-17,2024-03-06 14:00:00,request,25,SG-0005621,SG-0006770,SG-0005621;SG-0005714;SG-0005734;SG-0005770;SG-0005788;SG-0005884;SG-0005902;SG-0005912;SG-0005925;SG-0005936;SG-0005994;SG-0006034;SG-0006046;SG-0006075;SG-0006091;SG-0006123;SG-0006135;SG-0006145;SG-0006219;SG-0006307;SG-0006425;SG-0006506;SG-0006591;SG-0006676;SG-0006770,normal; within sigma from mean range,,2.32,,2.2,CU-007,2024-03-07,E-0158,20260106T061500Z-QE24M
CAP-24-0002,C-12016-08,2024-03-07 13:00:00,request,25,SG-0005499,SG-0006408,SG-0005499;SG-0005646;SG-0005664;SG-0005683;SG-0005687;SG-0005693;SG-0005823;SG-0005824;SG-0005829;SG-0005841;SG-0005865;SG-0005956;SG-0005964;SG-0005971;SG-0005972;SG-0006002;SG-0006095;SG-0006103;SG-0006106;SG-0006114;SG-0006117;SG-0006375;SG-0006376;SG-0006390;SG-0006408,normal; within sigma from mean range,2.39,2.29,2.24,2.14,CU-015,2024-03-11,E-0159,20260106T061500Z-QE24M
CAP-24-0003,C-13369-01,2024-03-07 13:00:00,request,25,SG-0018370,SG-0018916,SG-0018370;SG-0018414;SG-0018461;SG-0018508;SG-0018523;SG-0018539;SG-0018562;SG-0018569;SG-0018588;SG-0018603;SG-0018616;SG-0018632;SG-0018679;SG-0018704;SG-0018719;SG-0018741;SG-0018764;SG-0018779;SG-0018794;SG-0018821;SG-0018832;SG-0018849;SG-0018866;SG-0018878;SG-0018916,normal; within sigma from mean range,1.65,1.59,1.61,1.55,CU-011,2024-03-08,E-0160,20260106T061500Z-QE24M
CAP-24-0004,C-14103-05,2024-03-09 15:00:00,request,25,SG-0014962,SG-0015737,SG-0014962;SG-0015084;SG-0015154;SG-0015231;SG-0015259;SG-0015283;SG-0015306;SG-0015340;SG-0015361;SG-0015372;SG-0015385;SG-0015403;SG-0015420;SG-0015436;SG-0015464;SG-0015491;SG-0015518;SG-0015542;SG-0015603;SG-0015624;SG-0015628;SG-0015635;SG-0015643;SG-0015650;SG-0015737,normal; within sigma from mean range,1.5,1.4,1.5,1.4,CU-001,2024-03-12,E-0160,20260106T061500Z-QE24M
CAP-24-0005,C-13328-14,2024-03-11 12:00:00,request,25,SG-0017145,SG-0018990,SG-0017145;SG-0017160;SG-0017262;SG-0017367;SG-0017473;SG-0017559;SG-0017651;SG-0017740;SG-0017848;SG-0017947;SG-0018053;SG-0018174;SG-0018309;SG-0018455;SG-0018536;SG-0018577;SG-0018618;SG-0018696;SG-0018753;SG-0018805;SG-0018852;SG-0018910;SG-0018930;SG-0018962;SG-0018990,normal; within sigma from mean range,2.11,2.07,1.92,1.89,CU-012,2024-03-15,E-0158,20260106T061500Z-QE24M
CAP-24-0006,C-13350-04,2024-03-12 09:00:00,PPAP,25,SG-0010833,SG-0011228,SG-0010833;SG-0010840;SG-0010856;SG-0010890;SG-0010915;SG-0010930;SG-0010944;SG-0010962;SG-0010978;SG-0010993;SG-0011001;SG-0011017;SG-0011093;SG-0011101;SG-0011114;SG-0011123;SG-0011132;SG-0011139;SG-0011143;SG-0011155;SG-0011160;SG-0011189;SG-0011203;SG-0011218;SG-0011228,normal; within sigma from mean range,1.99,1.9,2.02,1.94,CU-011,2024-03-17,E-0159,20260106T061500Z-QE24M
CAP-24-0007,C-11329-04,2024-03-13 10:00:00,request,25,SG-0006868,SG-0008252,SG-0006868;SG-0006869;SG-0006888;SG-0006890;SG-0007396;SG-0007397;SG-0007408;SG-0007414;SG-0007415;SG-0007422;SG-0007425;SG-0007428;SG-0007740;SG-0007741;SG-0007744;SG-0007752;SG-0007755;SG-0007758;SG-0007764;SG-0007766;SG-0007767;SG-0008212;SG-0008231;SG-0008232;SG-0008252,normal; within sigma from mean range,2.24,2.15,2.3,2.2,internal,2024-03-18,E-0160,20260106T061500Z-QE24M
CAP-24-0008,C-14196-28,2024-03-14 10:00:00,request,25,SG-0004747,SG-0005881,SG-0004747;SG-0004802;SG-0004861;SG-0004915;SG-0004963;SG-0005012;SG-0005069;SG-0005112;SG-0005166;SG-0005216;SG-0005249;SG-0005280;SG-0005319;SG-0005379;SG-0005410;SG-0005436;SG-0005463;SG-0005517;SG-0005554;SG-0005587;SG-0005620;SG-0005721;SG-0005748;SG-0005773;SG-0005881,normal; within sigma from mean range,1.9,1.82,1.9,1.82,internal,2024-03-18,E-0158,20260106T061500Z-QE24M
CAP-24-0009,C-11265-10,2024-03-14 13:00:00,PPAP,25,SG-0015889,SG-0016081,SG-0015889;SG-0015895;SG-0015898;SG-0015902;SG-0015905;SG-0015909;SG-0015914;SG-0015916;SG-0015922;SG-0015924;SG-0015928;SG-0015942;SG-0015989;SG-0015998;SG-0016004;SG-0016013;SG-0016020;SG-0016032;SG-0016038;SG-0016045;SG-0016053;SG-0016060;SG-0016069;SG-0016077;SG-0016081,normal; within sigma from mean range,1.5,1.49,1.53,1.52,CU-009,2024-03-18,E-0160,20260106T061500Z-QE24M
CAP-24-0010,C-13307-06,2024-03-14 14:00:00,request,25,SG-0019268,SG-0019710,SG-0019268;SG-0019294;SG-0019321;SG-0019344;SG-0019373;SG-0019400;SG-0019423;SG-0019449;SG-0019477;SG-0019499;SG-0019538;SG-0019569;SG-0019601;SG-0019618;SG-0019621;SG-0019625;SG-0019629;SG-0019631;SG-0019634;SG-0019643;SG-0019647;SG-0019651;SG-0019690;SG-0019701;SG-0019710,normal; within sigma from mean range,,2.54,,2.22,CU-011,2024-03-16,E-0158,20260106T061500Z-QE24M
CAP-24-0011,C-13317-14,2024-03-15 08:00:00,request,25,SG-0010000,SG-0010766,SG-0010000;SG-0010039;SG-0010084;SG-0010146;SG-0010191;SG-0010224;SG-0010263;SG-0010300;SG-0010333;SG-0010370;SG-0010407;SG-0010440;SG-0010483;SG-0010515;SG-0010546;SG-0010584;SG-0010616;SG-0010634;SG-0010653;SG-0010674;SG-0010690;SG-0010711;SG-0010723;SG-0010737;SG-0010766,normal; within sigma from mean range,1.49,1.35,1.51,1.37,CU-012,2024-03-16,E-0159,20260106T061500Z-QE24M
CAP-24-0012,C-12835-01,2024-03-15 09:00:00,PPAP,25,SG-0002631,SG-0021171,SG-0002631;SG-0002640;SG-0002656;SG-0002674;SG-0002707;SG-0002744;SG-0002784;SG-0002818;SG-0002852;SG-0002932;SG-0002972;SG-0003002;SG-0003040;SG-0003079;SG-0003106;SG-0003141;SG-0020974;SG-0020980;SG-0020992;SG-0021035;SG-0021038;SG-0021103;SG-0021113;SG-0021158;SG-0021171,normal; within sigma from mean range,1.51,1.45,1.53,1.47,CU-008,2024-03-15,E-0158,20260106T061500Z-QE24M
CAP-24-0013,C-14175-03,2024-03-15 10:00:00,PPAP,25,SG-0010018,SG-0010908,SG-0010018;SG-0010077;SG-0010166;SG-0010214;SG-0010268;SG-0010321;SG-0010374;SG-0010423;SG-0010479;SG-0010529;SG-0010576;SG-0010623;SG-0010645;SG-0010676;SG-0010700;SG-0010719;SG-0010751;SG-0010777;SG-0010791;SG-0010800;SG-0010815;SG-0010828;SG-0010842;SG-0010860;SG-0010908,normal; within sigma from mean range,2.17,2.01,2.15,2.0,CU-002,2024-03-17,E-0161,20260106T061500Z-QE24M
CAP-24-0014,C-14966-17,2024-03-15 13:00:00,request,25,SG-0001974,SG-0002505,SG-0001974;SG-0001985;SG-0002002;SG-0002028;SG-0002050;SG-0002068;SG-0002095;SG-0002117;SG-0002158;SG-0002188;SG-0002208;SG-0002225;SG-0002244;SG-0002260;SG-0002278;SG-0002306;SG-0002324;SG-0002345;SG-0002366;SG-0002387;SG-0002411;SG-0002458;SG-0002470;SG-0002484;SG-0002505,normal; within sigma from mean range,2.52,2.36,1.72,1.61,CU-010,2024-03-19,E-0158,20260106T061500Z-QE24M
CAP-24-0015,C-12861-09,2024-03-15 15:00:00,request,25,SG-0013069,SG-0021280,SG-0013069;SG-0013261;SG-0013340;SG-0013421;SG-0021001;SG-0021008;SG-0021018;SG-0021019;SG-0021020;SG-0021116;SG-0021118;SG-0021129;SG-0021138;SG-0021144;SG-0021145;SG-0021154;SG-0021155;SG-0021257;SG-0021261;SG-0021265;SG-0021270;SG-0021272;SG-0021276;SG-0021277;SG-0021280,normal; within sigma from mean range,1.69,1.67,1.51,1.5,CU-007,2024-03-17,E-0161,20260106T061500Z-QE24M
CAP-24-0016,C-11226-03,2024-03-16 08:00:00,request,25,SG-0005476,SG-0006109,SG-0005476;SG-0005478;SG-0005483;SG-0005498;SG-0005505;SG-0005638;SG-0005639;SG-0005647;SG-0005648;SG-0005651;SG-0005691;SG-0005817;SG-0005821;SG-0005835;SG-0005836;SG-0005840;SG-0005858;SG-0005862;SG-0005968;SG-0005985;SG-0006007;SG-0006009;SG-0006014;SG-0006020;SG-0006109,normal; within sigma from mean range,1.23,1.21,1.26,1.24,internal,2024-03-17,E-0158,20260106T061500Z-QE24M
CAP-24-0017,C-12925-01,2024-03-17 09:00:00,PPAP,25,SG-0018399,SG-0018856,SG-0018399;SG-0018437;SG-0018477;SG-0018515;SG-0018526;SG-0018545;SG-0018555;SG-0018566;SG-0018578;SG-0018596;SG-0018607;SG-0018621;SG-0018635;SG-0018682;SG-0018697;SG-0018715;SG-0018730;SG-0018749;SG-0018767;SG-0018790;SG-0018799;SG-0018816;SG-0018828;SG-0018846;SG-0018856,normal; within sigma from mean range,2.0,1.92,1.99,1.92,CU-008,2024-03-19,E-0159,20260106T061500Z-QE24M
CAP-24-0018,C-14989-04,2024-03-17 11:00:00,request,25,SG-0001519,SG-0001780,SG-0001519;SG-0001525;SG-0001532;SG-0001537;SG-0001543;SG-0001553;SG-0001563;SG-0001569;SG-0001584;SG-0001592;SG-0001604;SG-0001613;SG-0001622;SG-0001637;SG-0001651;SG-0001663;SG-0001686;SG-0001722;SG-0001731;SG-0001738;SG-0001746;SG-0001754;SG-0001763;SG-0001770;SG-0001780,normal; within sigma from mean range,2.18,2.14,2.13,2.09,CU-009,2024-03-19,E-0161,20260106T061500Z-QE24M
CAP-24-0019,C-12004-08,2024-03-17 12:00:00,request,25,SG-0009883,SG-0010926,SG-0009883;SG-0009913;SG-0009942;SG-0009971;SG-0010034;SG-0010107;SG-0010201;SG-0010266;SG-0010329;SG-0010397;SG-0010460;SG-0010523;SG-0010586;SG-0010627;SG-0010659;SG-0010696;SG-0010730;SG-0010764;SG-0010783;SG-0010796;SG-0010818;SG-0010839;SG-0010853;SG-0010904;SG-0010926,normal; within sigma from mean range,2.15,2.15,2.06,2.06,internal,2024-03-17,E-0159,20260106T061500Z-QE24M
CAP-24-0020,C-11253-11,2024-03-17 15:00:00,request,25,SG-0018586,SG-0019887,SG-0018586;SG-0018667;SG-0018747;SG-0018823;SG-0018874;SG-0018936;SG-0018969;SG-0019012;SG-0019093;SG-0019136;SG-0019169;SG-0019260;SG-0019363;SG-0019457;SG-0019574;SG-0019622;SG-0019638;SG-0019698;SG-0019715;SG-0019737;SG-0019759;SG-0019791;SG-0019815;SG-0019836;SG-0019887,normal; within sigma from mean range,1.44,1.26,1.42,1.25,CU-010,2024-03-17,E-0159,20260106T061500Z-QE24M
CAP-24-0021,C-11950-01,2024-03-17 15:00:00,PPAP,25,SG-0008220,SG-0009486,SG-0008220;SG-0008722;SG-0008239;SG-0008729;SG-0009165;SG-0009168;SG-0009175;SG-0008715;SG-0009186;SG-0009217;SG-0008737;SG-0008739;SG-0009456;SG-0009462;SG-0009187;SG-0009198;SG-0009481;SG-0009208;SG-0009212;SG-0009491;SG-0009492;SG-0009463;SG-0009472;SG-0009474;SG-0009486,normal; within sigma from mean range,1.77,1.7,1.71,1.65,CU-015,2024-03-21,E-0159,20260106T061500Z-QE24M
CAP-24-0022,C-17004-05,2024-03-17 15:00:00,request,25,SG-0018475,SG-0018514,SG-0018475;SG-0018476;SG-0018478;SG-0018480;SG-0018481;SG-0018483;SG-0018484;SG-0018486;SG-0018487;SG-0018490;SG-0018492;SG-0018493;SG-0018495;SG-0018496;SG-0018497;SG-0018499;SG-0018500;SG-0018502;SG-0018503;SG-0018506;SG-0018507;SG-0018510;SG-0018511;SG-0018513;SG-0018514,normal; within sigma from mean range,1.33,1.3,1.63,1.59,internal,2024-03-19,E-0158,20260106T061500Z-QE24M
CAP-24-0023,C-13321-18,2024-03-18 15:00:00,request,25,SG-0002506,SG-0003049,SG-0002506;SG-0002514;SG-0002518;SG-0002524;SG-0002532;SG-0002540;SG-0002572;SG-0002580;SG-0002595;SG-0002605;SG-0002613;SG-0002626;SG-0002636;SG-0002652;SG-0002662;SG-0002695;SG-0002728;SG-0002759;SG-0002797;SG-0002833;SG-0002884;SG-0002943;SG-0002983;SG-0003015;SG-0003049,normal; within sigma from mean range,1.54,1.37,1.57,1.4,CU-011,2024-03-18,E-0161,20260106T061500Z-QE24M
CAP-24-0024,C-11923-04,2024-03-19 08:00:00,request,25,SG-0004562,SG-0005310,SG-0004562;SG-0004588;SG-0004630;SG-0004674;SG-0004698;SG-0004730;SG-0004760;SG-0004793;SG-0004823;SG-0004868;SG-0004901;SG-0004935;SG-0004967;SG-0004998;SG-0005038;SG-0005066;SG-0005094;SG-0005129;SG-0005161;SG-0005187;SG-0005227;SG-0005247;SG-0005266;SG-0005286;SG-0005310,normal; within sigma from mean range,1.31,1.29,1.25,1.23,internal,2024-03-23,E-0161,20260106T061500Z-QE24M
CAP-24-0025,C-11347-08,2024-03-19 13:00:00,request,25,SG-0005710,SG-0006087,SG-0005710;SG-0005716;SG-0005733;SG-0005738;SG-0005755;SG-0005766;SG-0005776;SG-0005792;SG-0005876;SG-0005891;SG-0005900;SG-0005910;SG-0005917;SG-0005923;SG-0005934;SG-0005939;SG-0005948;SG-0006027;SG-0006030;SG-0006039;SG-0006057;SG-0006059;SG-0006068;SG-0006082;SG-0006087,normal; within sigma from mean range,2.07,2.05,2.19,2.17,CU-010,2024-03-20,E-0161,20260106T061500Z-QE24M
CAP-24-0026,C-14134-23,2024-03-19 14:00:00,request,25,SG-0012352,SG-0012748,SG-0012352;SG-0012365;SG-0012375;SG-0012385;SG-0012392;SG-0012412;SG-0012424;SG-0012437;SG-0012446;SG-0012465;SG-0012481;SG-0012497;SG-0012511;SG-0012525;SG-0012586;SG-0012593;SG-0012601;SG-0012607;SG-0012613;SG-0012618;SG-0012625;SG-0012630;SG-0012636;SG-0012736;SG-0012748,normal; within sigma from mean range,1.5,1.28,1.55,1.32,CU-002,2024-03-21,E-0161,20260106T061500Z-QE24M
CAP-24-0027,C-14918-14,2024-03-19 15:00:00,request,25,SG-0002468,SG-0004145,SG-0002468;SG-0002476;SG-0002501;SG-0002520;SG-0002535;SG-0002588;SG-0002620;SG-0002654;SG-0002719;SG-0002811;SG-0002951;SG-0003046;SG-0003135;SG-0003211;SG-0003288;SG-0003366;SG-0003458;SG-0003530;SG-0003603;SG-0003690;SG-0003770;SG-0003900;SG-0003981;SG-0004066;SG-0004145,normal; within sigma from mean range,2.77,2.54,1.97,1.81,internal,2024-03-20,E-0161,20260106T061500Z-QE24M
CAP-24-0028,C-11909-01,2024-03-21 09:00:00,request,25,SG-0020741,SG-0022119,SG-0020741;SG-0020792;SG-0020872;SG-0020934;SG-0020987;SG-0021059;SG-0021091;SG-0021164;SG-0021202;SG-0021234;SG-0021306;SG-0021327;SG-0021340;SG-0021394;SG-0021443;SG-0021539;SG-0021593;SG-0021657;SG-0021779;SG-0021837;SG-0021894;SG-0021952;SG-0022009;SG-0022057;SG-0022119,normal; within sigma from mean range,1.03,1.01,0.97,0.95,CU-015,2024-03-25,E-0159,20260106T061500Z-QE24M
CAP-24-0029,C-11163-06,2024-03-21 11:00:00,request,25,SG-0015393,SG-0020950,SG-0015393;SG-0015509;SG-0015532;SG-0015614;SG-0020032;SG-0020080;SG-0020135;SG-0020156;SG-0020253;SG-0020300;SG-0020336;SG-0020374;SG-0020425;SG-0020486;SG-0020506;SG-0020547;SG-0020563;SG-0020605;SG-0020637;SG-0020719;SG-0020778;SG-0020804;SG-0020888;SG-0020917;SG-0020950,normal; within sigma from mean range,1.51,1.51,1.25,1.25,internal,2024-03-21,E-0158,20260106T061500Z-QE24M
CAP-24-0030,C-14108-14,2024-03-21 14:00:00,request,25,SG-0015945,SG-0016331,SG-0015945;SG-0015959;SG-0015964;SG-0015971;SG-0015984;SG-0016097;SG-0016101;SG-0016108;SG-0016110;SG-0016113;SG-0016117;SG-0016127;SG-0016146;SG-0016173;SG-0016179;SG-0016183;SG-0016186;SG-0016187;SG-0016189;SG-0016191;SG-0016193;SG-0016198;SG-0016313;SG-0016314;SG-0016331,normal; within sigma from mean range,1.06,0.91,1.03,0.89,CU-002,2024-03-25,E-0158,20260106T061500Z-QE24M
CAP-24-0031,C-14140-03,2024-03-22 14:00:00,PPAP,25,SG-0007512,SG-0008767,SG-0007512;SG-0007579;SG-0007620;SG-0007637;SG-0007655;SG-0007669;SG-0007701;SG-0007771;SG-0007823;SG-0007876;SG-0007930;SG-0007977;SG-0008033;SG-0008083;SG-0008134;SG-0008204;SG-0008294;SG-0008352;SG-0008406;SG-0008458;SG-0008518;SG-0008569;SG-0008630;SG-0008684;SG-0008767,normal; within sigma from mean range,1.68,1.65,1.68,1.65,CU-001,2024-03-22,E-0160,20260106T061500Z-QE24M
CAP-24-0032,C-14952-04,2024-03-22 15:00:00,request,25,SG-0019653,SG-0020053,SG-0019653;SG-0019655;SG-0019659;SG-0019663;SG-0019693;SG-0019760;SG-0019761;SG-0019765;SG-0019767;SG-0019770;SG-0019774;SG-0019852;SG-0019860;SG-0019870;SG-0019874;SG-0019878;SG-0019911;SG-0019920;SG-0019923;SG-0019925;SG-0019926;SG-0019931;SG-0020033;SG-0020037;SG-0020053,normal; within sigma from mean range,2.42,2.3,1.35,1.28,CU-009,2024-03-23,E-0159,20260106T061500Z-QE24M
CAP-24-0033,C-11201-16,2024-03-23 12:00:00,request,25,SG-0004701,SG-0005156,SG-0004701;SG-0004714;SG-0004738;SG-0004749;SG-0004768;SG-0004786;SG-0004805;SG-0004829;SG-0004857;SG-0004876;SG-0004893;SG-0004912;SG-0004934;SG-0004951;SG-0004970;SG-0004990;SG-0005008;SG-0005031;SG-0005052;SG-0005064;SG-0005084;SG-0005102;SG-0005120;SG-0005140;SG-0005156,normal; within sigma from mean range,1.25,1.21,1.27,1.23,CU-010,2024-03-26,E-0158,20260106T061500Z-QE24M
CAP-24-0034,C-14212-17,2024-03-24 10:00:00,request,25,SG-0012547,SG-0012726,SG-0012547;SG-0012548;SG-0012551;SG-0012557;SG-0012560;SG-0012564;SG-0012567;SG-0012568;SG-0012572;SG-0012582;SG-0012640;SG-0012648;SG-0012654;SG-0012661;SG-0012662;SG-0012668;SG-0012669;SG-0012670;SG-0012681;SG-0012697;SG-0012702;SG-0012703;SG-0012706;SG-0012724;SG-0012726,normal; within sigma from mean range,1.91,1.89,1.76,1.74,CU-002,2024-03-27,E-0161,20260106T061500Z-QE24M
CAP-24-0035,C-12947-12,2024-03-25 08:00:00,request,25,SG-0011714,SG-0012128,SG-0011714;SG-0011725;SG-0011738;SG-0011751;SG-0011794;SG-0011821;SG-0011841;SG-0011864;SG-0011886;SG-0011903;SG-0011927;SG-0011938;SG-0011964;SG-0011980;SG-0012018;SG-0012043;SG-0012048;SG-0012059;SG-0012065;SG-0012078;SG-0012081;SG-0012094;SG-0012102;SG-0012118;SG-0012128,normal; within sigma from mean range,1.57,1.54,1.59,1.55,CU-007,2024-03-29,E-0159,20260106T061500Z-QE24M
CAP-24-0036,C-14992-08,2024-03-25 08:00:00,request,25,SG-0006823,SG-0008937,SG-0006823;SG-0006935;SG-0007025;SG-0007126;SG-0007220;SG-0007320;SG-0007433;SG-0007529;SG-0007615;SG-0007652;SG-0007668;SG-0007736;SG-0007835;SG-0007912;SG-0007993;SG-0008069;SG-0008161;SG-0008291;SG-0008377;SG-0008465;SG-0008556;SG-0008641;SG-0008757;SG-0008845;SG-0008937,normal; within sigma from mean range,2.31,2.15,1.94,1.81,CU-010,2024-03-27,E-0160,20260106T061500Z-QE24M
CAP-24-0037,C-14928-12,2024-03-26 10:00:00,request,25,SG-0011935,SG-0022746,SG-0011935;SG-0011959;SG-0011972;SG-0011991;SG-0012023;SG-0012035;SG-0022420;SG-0022422;SG-0022426;SG-0022431;SG-0022449;SG-0022516;SG-0022521;SG-0022522;SG-0022537;SG-0022546;SG-0022549;SG-0022552;SG-0022661;SG-0022698;SG-0022728;SG-0022736;SG-0022737;SG-0022745;SG-0022746,normal; within sigma from mean range,2.02,1.94,1.56,1.49,CU-010,2024-03-28,E-0161,20260106T061500Z-QE24M
CAP-24-0038,C-11920-12,2024-03-27 09:00:00,PPAP,25,SG-0004504,SG-0009605,SG-0004504;SG-0004626;SG-0004765;SG-0004925;SG-0005075;SG-0005211;SG-0005316;SG-0005431;SG-0005544;SG-0005706;SG-0005780;SG-0005931;SG-0006055;SG-0006129;SG-0006355;SG-0006739;SG-0007144;SG-0007556;SG-0007777;SG-0008108;SG-0008509;SG-0008902;SG-0009271;SG-0009447;SG-0009605,normal; within sigma from mean range,1.23,1.13,1.18,1.08,CU-016,2024-03-29,E-0158,20260106T061500Z-QE24M
CAP-24-0039,C-11282-06,2024-03-27 11:00:00,request,25,SG-0011619,SG-0012028,SG-0011619;SG-0011765;SG-0011768;SG-0011771;SG-0011772;SG-0011774;SG-0011775;SG-0011779;SG-0011783;SG-0011784;SG-0011797;SG-0011800;SG-0011802;SG-0011804;SG-0011807;SG-0011808;SG-0011810;SG-0012002;SG-0012005;SG-0012006;SG-0012007;SG-0012011;SG-0012015;SG-0012026;SG-0012028,normal; within sigma from mean range,1.87,1.7,1.82,1.65,CU-010,2024-04-01,E-0158,20260106T061500Z-QE24M
CAP-24-0040,C-12947-23,2024-06-05 08:00:00,request,25,SG-0043424,SG-0043937,SG-0043424;SG-0043442;SG-0043460;SG-0043504;SG-0043509;SG-0043522;SG-0043529;SG-0043538;SG-0043547;SG-0043553;SG-0043563;SG-0043568;SG-0043574;SG-0043643;SG-0043660;SG-0043672;SG-0043685;SG-0043702;SG-0043714;SG-0043730;SG-0043739;SG-0043755;SG-0043786;SG-0043897;SG-0043937,normal; within sigma from mean range,1.45,1.4,1.36,1.31,CU-007,2024-06-10,E-0160,20260106T061500Z-QE24M
CAP-24-0041,C-11282-06,2024-06-05 09:00:00,request,25,SG-0025719,SG-0026088,SG-0025719;SG-0025725;SG-0025728;SG-0025738;SG-0025741;SG-0025747;SG-0025752;SG-0025761;SG-0025764;SG-0025773;SG-0025775;SG-0025782;SG-0025786;SG-0025794;SG-0025799;SG-0025832;SG-0025866;SG-0025888;SG-0025918;SG-0025949;SG-0025978;SG-0026005;SG-0026032;SG-0026059;SG-0026088,normal; within sigma from mean range,1.92,1.89,1.9,1.87,CU-010,2024-06-10,E-0161,20260106T061500Z-QE24M
CAP-24-0042,C-14103-17,2024-06-05 09:00:00,request,25,SG-0040455,SG-0041913,SG-0040455;SG-0040570;SG-0040657;SG-0040746;SG-0040833;SG-0040919;SG-0041022;SG-0041134;SG-0041209;SG-0041290;SG-0041364;SG-0041441;SG-0041541;SG-0041565;SG-0041592;SG-0041617;SG-0041648;SG-0041716;SG-0041726;SG-0041741;SG-0041755;SG-0041770;SG-0041832;SG-0041873;SG-0041913,normal; within sigma from mean range,1.28,0.67,1.17,0.62,internal,2024-06-09,E-0159,20260106T061500Z-QE24M
CAP-24-0043,C-11301-32,2024-06-05 11:00:00,request,25,SG-0027096,SG-0027387,SG-0027096;SG-0027111;SG-0027128;SG-0027136;SG-0027148;SG-0027154;SG-0027162;SG-0027173;SG-0027184;SG-0027199;SG-0027212;SG-0027218;SG-0027232;SG-0027243;SG-0027250;SG-0027262;SG-0027283;SG-0027297;SG-0027312;SG-0027320;SG-0027329;SG-0027343;SG-0027355;SG-0027370;SG-0027387,normal; within sigma from mean range,1.02,0.62,1.0,0.61,internal,2024-06-06,E-0161,20260106T061500Z-QE24M
CAP-24-0044,C-12828-36,2024-06-05 11:00:00,request,25,SG-0029649,SG-0030493,SG-0029649;SG-0029668;SG-0029831;SG-0029837;SG-0029862;SG-0029870;SG-0029880;SG-0030025;SG-0030029;SG-0030048;SG-0030053;SG-0030058;SG-0030071;SG-0030161;SG-0030176;SG-0030194;SG-0030195;SG-0030208;SG-0030324;SG-0030331;SG-0030356;SG-0030364;SG-0030368;SG-0030487;SG-0030493,normal; within sigma from mean range,,1.96,,1.93,internal,2024-06-10,E-0161,20260106T061500Z-QE24M
CAP-24-0045,C-14212-17,2024-06-05 12:00:00,request,25,SG-0025175,SG-0025470,SG-0025175;SG-0025190;SG-0025205;SG-0025220;SG-0025235;SG-0025246;SG-0025262;SG-0025271;SG-0025285;SG-0025300;SG-0025313;SG-0025324;SG-0025338;SG-0025350;SG-0025357;SG-0025379;SG-0025395;SG-0025404;SG-0025415;SG-0025426;SG-0025437;SG-0025445;SG-0025454;SG-0025464;SG-0025470,normal; within sigma from mean range,1.92,1.91,1.94,1.93,CU-002,2024-06-05,E-0159,20260106T061500Z-QE24M
CAP-24-0046,C-11201-28,2024-06-05 14:00:00,request,25,SG-0036158,SG-0036749,SG-0036158;SG-0036352;SG-0036369;SG-0036370;SG-0036371;SG-0036372;SG-0036382;SG-0036383;SG-0036384;SG-0036390;SG-0036393;SG-0036577;SG-0036581;SG-0036584;SG-0036585;SG-0036589;SG-0036590;SG-0036594;SG-0036597;SG-0036598;SG-0036601;SG-0036737;SG-0036744;SG-0036745;SG-0036749,normal; within sigma from mean range,1.4,1.29,1.37,1.26,internal,2024-06-05,E-0159,20260106T061500Z-QE24M
CAP-24-0047,C-11253-11,2024-06-06 08:00:00,request,25,SG-0035071,SG-0036455,SG-0035071;SG-0035127;SG-0035153;SG-0035180;SG-0035228;SG-0035271;SG-0035324;SG-0035395;SG-0035447;SG-0035493;SG-0035532;SG-0035592;SG-0035662;SG-0035727;SG-0035789;SG-0035851;SG-0035913;SG-0035981;SG-0036042;SG-0036101;SG-0036180;SG-0036244;SG-0036313;SG-0036412;SG-0036455,normal; within sigma from mean range,1.5,1.44,1.55,1.48,internal,2024-06-08,E-0161,20260106T061500Z-QE24M
CAP-24-0048,C-14140-21,2024-06-06 08:00:00,PPAP,25,SG-0035436,SG-0036008,SG-0035436;SG-0035454;SG-0035472;SG-0035486;SG-0035502;SG-0035519;SG-0035537;SG-0035563;SG-0035578;SG-0035607;SG-0035655;SG-0035691;SG-0035707;SG-0035737;SG-0035760;SG-0035777;SG-0035807;SG-0035836;SG-0035858;SG-0035882;SG-0035902;SG-0035920;SG-0035948;SG-0035973;SG-0036008,normal; within sigma from mean range,1.67,1.58,1.66,1.57,CU-001,2024-06-07,E-0161,20260106T061500Z-QE24M
CAP-24-0049,C-17004-05,2024-06-06 08:00:00,request,25,SG-0046324,SG-0046350,SG-0046324;SG-0046325;SG-0046326;SG-0046327;SG-0046328;SG-0046329;SG-0046330;SG-0046331;SG-0046332;SG-0046333;SG-0046336;SG-0046337;SG-0046338;SG-0046339;SG-0046340;SG-0046341;SG-0046342;SG-0046343;SG-0046344;SG-0046345;SG-0046346;SG-0046347;SG-0046348;SG-0046349;SG-0046350,normal; within sigma from mean range,2.04,2.0,1.72,1.69,internal,2024-06-08,E-0159,20260106T061500Z-QE24M
CAP-24-0050,C-14966-19,2024-06-06 09:00:00,request,25,SG-0033186,SG-0034100,SG-0033186;SG-0033288;SG-0033330;SG-0033365;SG-0033403;SG-0033443;SG-0033486;SG-0033578;SG-0033597;SG-0033614;SG-0033627;SG-0033646;SG-0033670;SG-0033798;SG-0033816;SG-0033835;SG-0033855;SG-0033873;SG-0033893;SG-0033999;SG-0034009;SG-0034034;SG-0034058;SG-0034079;SG-0034100,normal; within sigma from mean range,0.88,0.65,0.66,0.48,internal,2024-06-08,E-0159,20260106T061500Z-QE24M
CAP-24-0051,C-11265-35,2024-06-06 10:00:00,PPAP,25,SG-0025221,SG-0025485,SG-0025221;SG-0025233;SG-0025242;SG-0025268;SG-0025283;SG-0025293;SG-0025307;SG-0025328;SG-0025336;SG-0025346;SG-0025355;SG-0025366;SG-0025390;SG-0025398;SG-0025408;SG-0025418;SG-0025429;SG-0025434;SG-0025440;SG-0025452;SG-0025458;SG-0025466;SG-0025474;SG-0025482;SG-0025485,normal; within sigma from mean range,1.35,1.24,1.28,1.18,CU-009,2024-06-07,E-0160,20260106T061500Z-QE24M
CAP-24-0052,C-11347-33,2024-06-06 10:00:00,request,25,SG-0033533,SG-0034178,SG-0033533;SG-0033534;SG-0033550;SG-0033557;SG-0033574;SG-0033689;SG-0033690;SG-0033707;SG-0033732;SG-0033743;SG-0033760;SG-0033769;SG-0033776;SG-0033788;SG-0033909;SG-0033916;SG-0033926;SG-0033932;SG-0033948;SG-0033958;SG-0033959;SG-0033960;SG-0033969;SG-0034148;SG-0034178,normal; within sigma from mean range,1.34,1.24,1.26,1.16,internal,2024-06-11,E-0161,20260106T061500Z-QE24M
CAP-24-0053,C-11930-28,2024-06-06 11:00:00,PPAP,25,SG-0011313,SG-0035423,SG-0011313;SG-0011323;SG-0011334;SG-0011341;SG-0011352;SG-0011360;SG-0011392;SG-0035011;SG-0035040;SG-0035061;SG-0035080;SG-0035116;SG-0035134;SG-0035144;SG-0035156;SG-0035177;SG-0035189;SG-0035217;SG-0035244;SG-0035262;SG-0035290;SG-0035320;SG-0035355;SG-0035400;SG-0035423,normal; within sigma from mean range,1.29,1.1,1.36,1.16,CU-016,2024-06-07,E-0161,20260106T061500Z-QE24M
CAP-24-0054,C-13502-09,2024-06-06 14:00:00,request,25,SG-0015584,SG-0015868,SG-0015584;SG-0015587;SG-0015591;SG-0015598;SG-0015606;SG-0015610;SG-0015655;SG-0015667;SG-0015669;SG-0015674;SG-0015686;SG-0015691;SG-0015694;SG-0015700;SG-0015701;SG-0015705;SG-0015709;SG-0015713;SG-0015821;SG-0015825;SG-0015834;SG-0015836;SG-0015843;SG-0015852;SG-0015868,normal; within sigma from mean range,1.07,0.91,0.99,0.84,CU-012,2024-06-09,E-0159,20260106T061500Z-QE24M
CAP-24-0055,C-11253-37,2024-06-06 15:00:00,request,25,SG-0035074,SG-0036454,SG-0035074;SG-0035129;SG-0035154;SG-0035181;SG-0035227;SG-0035272;SG-0035325;SG-0035399;SG-0035448;SG-0035494;SG-0035529;SG-0035594;SG-0035660;SG-0035728;SG-0035790;SG-0035853;SG-0035914;SG-0035985;SG-0036044;SG-0036102;SG-0036179;SG-0036246;SG-0036314;SG-0036411;SG-0036454,normal; within sigma from mean range,1.52,1.3,1.47,1.25,CU-010,2024-06-08,E-0160,20260106T061500Z-QE24M
CAP-24-0056,C-14212-28,2024-06-07 08:00:00,request,25,SG-0046408,SG-0046542,SG-0046408;SG-0046416;SG-0046424;SG-0046426;SG-0046435;SG-0046439;SG-0046446;SG-0046453;SG-0046476;SG-0046479;SG-0046481;SG-0046486;SG-0046490;SG-0046493;SG-0046497;SG-0046500;SG-0046501;SG-0046505;SG-0046511;SG-0046514;SG-0046519;SG-0046522;SG-0046524;SG-0046535;SG-0046542,normal; within sigma from mean range,1.88,1.75,1.77,1.65,internal,2024-06-07,E-0160,20260106T061500Z-QE24M
CAP-24-0057,C-12835-25,2024-06-07 10:00:00,PPAP,25,SG-0021095,SG-0043305,SG-0021095;SG-0021102;SG-0021105;SG-0021115;SG-0021160;SG-0021170;SG-0043081;SG-0043095;SG-0043117;SG-0043138;SG-0043149;SG-0043159;SG-0043171;SG-0043179;SG-0043191;SG-0043200;SG-0043212;SG-0043220;SG-0043228;SG-0043242;SG-0043250;SG-0043261;SG-0043271;SG-0043294;SG-0043305,normal; within sigma from mean range,1.16,0.51,1.12,0.49,CU-008,2024-06-12,E-0158,20260106T061500Z-QE24M
CAP-24-0058,C-14168-19,2024-06-07 11:00:00,request,25,SG-0034721,SG-0035009,SG-0034721;SG-0034726;SG-0034736;SG-0034744;SG-0034756;SG-0034760;SG-0034767;SG-0034772;SG-0034781;SG-0034789;SG-0034842;SG-0034852;SG-0034855;SG-0034865;SG-0034870;SG-0034875;SG-0034881;SG-0034887;SG-0034892;SG-0034899;SG-0034921;SG-0034961;SG-0034971;SG-0034988;SG-0035009,normal; within sigma from mean range,1.06,1.0,1.06,1.0,internal,2024-06-09,E-0161,20260106T061500Z-QE24M
CAP-24-0059,C-11984-21,2024-06-07 14:00:00,request,25,SG-0016689,SG-0036406,SG-0016689;SG-0016700;SG-0016706;SG-0016720;SG-0016728;SG-0016743;SG-0016748;SG-0016764;SG-0016772;SG-0016782;SG-0016793;SG-0036199;SG-0036212;SG-0036228;SG-0036238;SG-0036252;SG-0036266;SG-0036279;SG-0036293;SG-0036303;SG-0036319;SG-0036337;SG-0036347;SG-0036363;SG-0036406,normal; within sigma from mean range,1.82,1.63,1.72,1.53,internal,2024-06-12,E-0158,20260106T061500Z-QE24M
CAP-24-0060,C-14196-39,2024-06-08 09:00:00,request,25,SG-0005774,SG-0035661,SG-0005774;SG-0005882;SG-0034627;SG-0034642;SG-0034659;SG-0034730;SG-0034753;SG-0034771;SG-0034828;SG-0034896;SG-0034954;SG-0035006;SG-0035077;SG-0035124;SG-0035146;SG-0035169;SG-0035196;SG-0035238;SG-0035279;SG-0035326;SG-0035389;SG-0035431;SG-0035476;SG-0035549;SG-0035661,normal; within sigma from mean range,1.83,0.82,1.64,0.74,CU-001,2024-06-13,E-0159,20260106T061500Z-QE24M
CAP-24-0061,C-12016-08,2024-06-08 10:00:00,request,25,SG-0027020,SG-0027895,SG-0027020;SG-0027102;SG-0027142;SG-0027170;SG-0027204;SG-0027230;SG-0027257;SG-0027304;SG-0027338;SG-0027383;SG-0027424;SG-0027455;SG-0027513;SG-0027547;SG-0027577;SG-0027606;SG-0027634;SG-0027689;SG-0027719;SG-0027748;SG-0027773;SG-0027796;SG-0027845;SG-0027868;SG-0027895,normal; within sigma from mean range,1.59,1.59,1.64,1.63,CU-015,2024-06-11,E-0161,20260106T061500Z-QE24M
CAP-24-0062,C-13307-06,2024-06-08 11:00:00,request,25,SG-0019647,SG-0032154,SG-0019647;SG-0019651;SG-0019690;SG-0019701;SG-0019710;SG-0031607;SG-0031819;SG-0031820;SG-0031822;SG-0031823;SG-0031824;SG-0031825;SG-0031832;SG-0031833;SG-0031834;SG-0031988;SG-0031989;SG-0031993;SG-0031995;SG-0031996;SG-0032003;SG-0032015;SG-0032021;SG-0032024;SG-0032154,normal; within sigma from mean range,,2.17,,1.98,CU-011,2024-06-10,E-0161,20260106T061500Z-QE24M
CAP-24-0063,C-13369-32,2024-06-08 12:00:00,request,25,SG-0036218,SG-0036657,SG-0036218;SG-0036234;SG-0036250;SG-0036273;SG-0036289;SG-0036308;SG-0036333;SG-0036343;SG-0036391;SG-0036409;SG-0036419;SG-0036436;SG-0036444;SG-0036459;SG-0036471;SG-0036486;SG-0036498;SG-0036524;SG-0036539;SG-0036555;SG-0036604;SG-0036618;SG-0036629;SG-0036639;SG-0036657,normal; within sigma from mean range,1.38,1.19,1.34,1.15,CU-011,2024-06-13,E-0159,20260106T061500Z-QE24M
CAP-24-0064,C-12023-09,2024-06-08 13:00:00,request,25,SG-0017080,SG-0038434,SG-0017080;SG-0017300;SG-0017636;SG-0018431;SG-0034554;SG-0034752;SG-0034858;SG-0034950;SG-0035163;SG-0035273;SG-0035425;SG-0035540;SG-0035872;SG-0036028;SG-0036397;SG-0036693;SG-0036812;SG-0036874;SG-0036901;SG-0036946;SG-0037256;SG-0037618;SG-0038306;SG-0038393;SG-0038434,normal; within sigma from mean range,1.99,1.88,1.94,1.83,CU-016,2024-06-11,E-0161,20260106T061500Z-QE24M
CAP-24-0065,C-14992-12,2024-06-08 14:00:00,request,25,SG-0039859,SG-0041696,SG-0039859;SG-0040118;SG-0040122;SG-0040135;SG-0040147;SG-0040148;SG-0040510;SG-0040522;SG-0040536;SG-0040537;SG-0040553;SG-0040557;SG-0041016;SG-0041024;SG-0041025;SG-0041043;SG-0041048;SG-0041456;SG-0041485;SG-0041502;SG-0041505;SG-0041506;SG-0041669;SG-0041690;SG-0041696,normal; within sigma from mean range,1.17,0.82,1.15,0.8,CU-010,2024-06-08,E-0158,20260106T061500Z-QE24M
CAP-24-0066,C-12925-28,2024-06-08 15:00:00,PPAP,25,SG-0042528,SG-0042867,SG-0042528;SG-0042532;SG-0042551;SG-0042570;SG-0042582;SG-0042616;SG-0042629;SG-0042645;SG-0042655;SG-0042660;SG-0042676;SG-0042690;SG-0042708;SG-0042716;SG-0042725;SG-0042737;SG-0042740;SG-0042767;SG-0042775;SG-0042798;SG-0042816;SG-0042837;SG-0042849;SG-0042857;SG-0042867,normal; within sigma from mean range,1.0,0.97,0.91,0.88,CU-008,2024-06-12,E-0158,20260106T061500Z-QE24M
CAP-24-0067,C-14168-34,2024-06-09 10:00:00,request,25,SG-0034722,SG-0035010,SG-0034722;SG-0034728;SG-0034734;SG-0034743;SG-0034755;SG-0034761;SG-0034765;SG-0034773;SG-0034783;SG-0034790;SG-0034843;SG-0034851;SG-0034856;SG-0034864;SG-0034869;SG-0034873;SG-0034882;SG-0034888;SG-0034894;SG-0034900;SG-0034923;SG-0034960;SG-0034973;SG-0034989;SG-0035010,normal; within sigma from mean range,1.9,1.83,1.66,1.6,internal,2024-06-14,E-0158,20260106T061500Z-QE24M
CAP-24-0068,C-14928-19,2024-06-09 10:00:00,request,25,SG-0041038,SG-0041712,SG-0041038;SG-0041121;SG-0041189;SG-0041222;SG-0041252;SG-0041284;SG-0041315;SG-0041347;SG-0041378;SG-0041408;SG-0041446;SG-0041522;SG-0041534;SG-0041546;SG-0041561;SG-0041567;SG-0041575;SG-0041584;SG-0041596;SG-0041607;SG-0041621;SG-0041634;SG-0041640;SG-0041685;SG-0041712,normal; within sigma from mean range,1.24,0.52,1.19,0.5,internal,2024-06-09,E-0160,20260106T061500Z-QE24M
CAP-24-0069,C-14989-04,2024-06-09 12:00:00,request,25,SG-0042445,SG-0042832,SG-0042445;SG-0042458;SG-0042471;SG-0042478;SG-0042495;SG-0042503;SG-0042522;SG-0042539;SG-0042561;SG-0042591;SG-0042621;SG-0042642;SG-0042657;SG-0042668;SG-0042679;SG-0042697;SG-0042714;SG-0042720;SG-0042738;SG-0042745;SG-0042766;SG-0042780;SG-0042802;SG-0042822;SG-0042832,normal; within sigma from mean range,2.34,1.91,2.18,1.78,CU-009,2024-06-12,E-0159,20260106T061500Z-QE24M
CAP-24-0070,C-14989-20,2024-06-09 13:00:00,request,25,SG-0042446,SG-0042833,SG-0042446;SG-0042459;SG-0042470;SG-0042477;SG-0042496;SG-0042504;SG-0042524;SG-0042541;SG-0042562;SG-0042595;SG-0042620;SG-0042643;SG-0042658;SG-0042669;SG-0042678;SG-0042696;SG-0042709;SG-0042721;SG-0042736;SG-0042746;SG-0042764;SG-0042777;SG-0042803;SG-0042818;SG-0042833,normal; within sigma from mean range,2.03,2.03,1.83,1.83,CU-009,2024-06-12,E-0160,20260106T061500Z-QE24M
CAP-24-0071,C-12016-19,2024-06-09 14:00:00,request,25,SG-0027021,SG-0027891,SG-0027021;SG-0027103;SG-0027143;SG-0027169;SG-0027202;SG-0027233;SG-0027258;SG-0027306;SG-0027337;SG-0027382;SG-0027421;SG-0027454;SG-0027514;SG-0027545;SG-0027576;SG-0027607;SG-0027635;SG-0027690;SG-0027716;SG-0027749;SG-0027774;SG-0027794;SG-0027846;SG-0027869;SG-0027891,normal; within sigma from mean range,1.31,1.11,1.25,1.06,internal,2024-06-10,E-0159,20260106T061500Z-QE24M
CAP-24-0072,C-12868-03,2024-06-09 15:00:00,request,25,SG-0026495,SG-0042072,SG-0026495;SG-0026534;SG-0026566;SG-0041781;SG-0041816;SG-0041836;SG-0041851;SG-0041874;SG-0041890;SG-0041901;SG-0041920;SG-0041939;SG-0041951;SG-0041958;SG-0041972;SG-0041977;SG-0042007;SG-0042015;SG-0042023;SG-0042028;SG-0042041;SG-0042050;SG-0042060;SG-0042064;SG-0042072,normal; within sigma from mean range,2.2,2.12,2.13,2.05,CU-008,2024-06-10,E-0158,20260106T061500Z-QE24M
CAP-24-0073,C-14918-14,2024-06-10 08:00:00,request,25,SG-0041118,SG-0042062,SG-0041118;SG-0041195;SG-0041268;SG-0041341;SG-0041419;SG-0041530;SG-0041553;SG-0041576;SG-0041601;SG-0041629;SG-0041672;SG-0041719;SG-0041727;SG-0041742;SG-0041756;SG-0041775;SG-0041831;SG-0041868;SG-0041904;SG-0041941;SG-0041966;SG-0041995;SG-0042019;SG-0042042;SG-0042062,normal; within sigma from mean range,2.0,1.84,1.98,1.82,CU-009,2024-06-15,E-0160,20260106T061500Z-QE24M
CAP-24-0074,C-12004-08,2024-06-10 09:00:00,request,25,SG-0030097,SG-0030704,SG-0030097;SG-0030115;SG-0030126;SG-0030141;SG-0030152;SG-0030231;SG-0030244;SG-0030263;SG-0030280;SG-0030297;SG-0030328;SG-0030384;SG-0030406;SG-0030426;SG-0030447;SG-0030464;SG-0030504;SG-0030527;SG-0030548;SG-0030566;SG-0030586;SG-0030602;SG-0030665;SG-0030683;SG-0030704,normal; within sigma from mean range,2.69,2.61,2.22,2.15,CU-016,2024-06-11,E-0159,20260106T061500Z-QE24M
CAP-24-0075,C-12016-39,2024-06-10 09:00:00,request,25,SG-0027016,SG-0027894,SG-0027016;SG-0027105;SG-0027139;SG-0027167;SG-0027203;SG-0027231;SG-0027259;SG-0027305;SG-0027342;SG-0027384;SG-0027422;SG-0027453;SG-0027515;SG-0027546;SG-0027578;SG-0027605;SG-0027632;SG-0027688;SG-0027717;SG-0027750;SG-0027775;SG-0027793;SG-0027847;SG-0027870;SG-0027894,normal; within sigma from mean range,1.51,1.44,1.52,1.45,CU-015,2024-06-10,E-0160,20260106T061500Z-QE24M
CAP-24-0076,C-11265-10,2024-06-10 11:00:00,request,25,SG-0025241,SG-0025486,SG-0025241;SG-0025258;SG-0025269;SG-0025282;SG-0025292;SG-0025306;SG-0025314;SG-0025327;SG-0025335;SG-0025348;SG-0025354;SG-0025365;SG-0025388;SG-0025400;SG-0025407;SG-0025417;SG-0025424;SG-0025435;SG-0025442;SG-0025451;SG-0025457;SG-0025465;SG-0025473;SG-0025480;SG-0025486,normal; within sigma from mean range,1.81,1.74,1.84,1.77,CU-009,2024-06-15,E-0161,20260106T061500Z-QE24M
CAP-24-0077,C-11962-27,2024-06-10 13:00:00,request,25,SG-0005531,SG-0026383,SG-0005531;SG-0005557;SG-0005585;SG-0005611;SG-0005702;SG-0005724;SG-0005743;SG-0005762;SG-0005785;SG-0005886;SG-0005905;SG-0025641;SG-0025657;SG-0025710;SG-0025732;SG-0025750;SG-0025772;SG-0025787;SG-0025838;SG-0025935;SG-0026029;SG-0026116;SG-0026201;SG-0026300;SG-0026383,normal; within sigma from mean range,1.75,1.46,1.59,1.33,CU-016,2024-06-10,E-0159,20260106T061500Z-QE24M
CAP-24-0078,C-11984-20,2024-06-10 13:00:00,request,25,SG-0016691,SG-0036404,SG-0016691;SG-0016699;SG-0016707;SG-0016722;SG-0016729;SG-0016742;SG-0016751;SG-0016763;SG-0016771;SG-0016781;SG-0016795;SG-0036198;SG-0036210;SG-0036225;SG-0036237;SG-0036251;SG-0036268;SG-0036278;SG-0036292;SG-0036302;SG-0036318;SG-0036335;SG-0036346;SG-0036362;SG-0036404,normal; within sigma from mean range,1.37,0.6,1.31,0.57,internal,2024-06-11,E-0159,20260106T061500Z-QE24M
CAP-24-0079,C-13380-09,2024-06-10 14:00:00,PPAP,25,SG-0038452,SG-0039257,SG-0038452;SG-0038455;SG-0038459;SG-0038462;SG-0038464;SG-0038465;SG-0038472;SG-0038473;SG-0038731;SG-0038739;SG-0038740;SG-0038742;SG-0038747;SG-0038748;SG-0038752;SG-0038753;SG-0038755;SG-0038756;SG-0038757;SG-0038760;SG-0038761;SG-0038765;SG-0039237;SG-0039248;SG-0039257,normal; within sigma from mean range,2.18,2.18,2.03,2.03,CU-012,2024-06-15,E-0159,20260106T061500Z-QE24M
CAP-24-0080,C-14140-03,2024-06-10 14:00:00,request,25,SG-0035433,SG-0036007,SG-0035433;SG-0035450;SG-0035471;SG-0035487;SG-0035501;SG-0035518;SG-0035538;SG-0035577;SG-0035606;SG-0035637;SG-0035657;SG-0035689;SG-0035712;SG-0035739;SG-0035762;SG-0035775;SG-0035805;SG-0035834;SG-0035855;SG-0035880;SG-0035904;SG-0035918;SG-0035946;SG-0035972;SG-0036007,normal; within sigma from mean range,1.62,1.57,1.56,1.52,CU-001,2024-06-14,E-0161,20260106T061500Z-QE24M
CAP-24-0081,C-12861-09,2024-06-11 09:00:00,request,25,SG-0037342,SG-0038386,SG-0037342;SG-0037389;SG-0037467;SG-0037524;SG-0037581;SG-0037636;SG-0037691;SG-0037741;SG-0037795;SG-0037842;SG-0037909;SG-0037957;SG-0038005;SG-0038052;SG-0038097;SG-0038143;SG-0038193;SG-0038239;SG-0038307;SG-0038336;SG-0038346;SG-0038356;SG-0038366;SG-0038377;SG-0038386,normal; within sigma from mean range,1.54,1.48,1.57,1.5,CU-007,2024-06-14,E-0158,20260106T061500Z-QE24M
CAP-24-0082,C-14140-25,2024-06-11 10:00:00,PPAP,25,SG-0035452,SG-0036009,SG-0035452;SG-0035473;SG-0035488;SG-0035503;SG-0035517;SG-0035534;SG-0035560;SG-0035579;SG-0035610;SG-0035639;SG-0035656;SG-0035688;SG-0035708;SG-0035738;SG-0035761;SG-0035778;SG-0035808;SG-0035837;SG-0035859;SG-0035879;SG-0035905;SG-0035917;SG-0035949;SG-0035969;SG-0036009,normal; within sigma from mean range,1.44,1.32,1.45,1.33,CU-001,2024-06-11,E-0161,20260106T061500Z-QE24M
CAP-24-0083,C-13483-13,2024-06-11 12:00:00,request,25,SG-0020737,SG-0020966,SG-0020737;SG-0020752;SG-0020757;SG-0020764;SG-0020771;SG-0020776;SG-0020784;SG-0020797;SG-0020800;SG-0020808;SG-0020813;SG-0020844;SG-0020857;SG-0020869;SG-0020881;SG-0020891;SG-0020899;SG-0020907;SG-0020916;SG-0020926;SG-0020937;SG-0020946;SG-0020953;SG-0020964;SG-0020966,normal; within sigma from mean range,1.47,1.38,1.47,1.38,CU-011,2024-06-13,E-0159,20260106T061500Z-QE24M
CAP-24-0084,C-11950-34,2024-06-11 15:00:00,PPAP,25,SG-0025553,SG-0025913,SG-0025553;SG-0025561;SG-0025566;SG-0025572;SG-0025576;SG-0025585;SG-0025611;SG-0025616;SG-0025625;SG-0025633;SG-0025636;SG-0025647;SG-0025652;SG-0025664;SG-0025713;SG-0025721;SG-0025736;SG-0025743;SG-0025759;SG-0025769;SG-0025780;SG-0025793;SG-0025801;SG-0025856;SG-0025913,normal; within sigma from mean range,1.53,1.47,1.47,1.41,CU-015,2024-06-15,E-0158,20260106T061500Z-QE24M
CAP-24-0085,C-14952-36,2024-06-11 15:00:00,request,25,SG-0042109,SG-0042820,SG-0042109;SG-0042145;SG-0042176;SG-0042215;SG-0042245;SG-0042276;SG-0042321;SG-0042350;SG-0042377;SG-0042409;SG-0042428;SG-0042447;SG-0042472;SG-0042490;SG-0042511;SG-0042547;SG-0042598;SG-0042638;SG-0042665;SG-0042685;SG-0042713;SG-0042733;SG-0042757;SG-0042791;SG-0042820,normal; within sigma from mean range,1.27,1.09,1.23,1.06,CU-009,2024-06-12,E-0158,20260106T061500Z-QE24M
CAP-24-0086,C-14134-34,2024-06-12 08:00:00,request,25,SG-0033942,SG-0034604,SG-0033942;SG-0033943;SG-0033967;SG-0033971;SG-0033973;SG-0033982;SG-0034129;SG-0034133;SG-0034140;SG-0034146;SG-0034155;SG-0034157;SG-0034162;SG-0034177;SG-0034191;SG-0034356;SG-0034362;SG-0034366;SG-0034370;SG-0034386;SG-0034404;SG-0034409;SG-0034575;SG-0034579;SG-0034604,normal; within sigma from mean range,1.0,0.98,0.97,0.95,CU-002,2024-06-14,E-0158,20260106T061500Z-QE24M
CAP-24-0087,C-13357-17,2024-06-12 09:00:00,request,25,SG-0005641,SG-0006012,SG-0005641;SG-0005666;SG-0005673;SG-0005674;SG-0005675;SG-0005679;SG-0005684;SG-0005799;SG-0005803;SG-0005808;SG-0005809;SG-0005811;SG-0005819;SG-0005827;SG-0005831;SG-0005832;SG-0005842;SG-0005856;SG-0005861;SG-0005951;SG-0005959;SG-0005982;SG-0005999;SG-0006004;SG-0006012,normal; within sigma from mean range,1.51,1.43,1.48,1.4,CU-012,2024-06-16,E-0160,20260106T061500Z-QE24M
CAP-24-0088,C-13321-25,2024-06-12 10:00:00,request,25,SG-0002947,SG-0036809,SG-0002947;SG-0002981;SG-0003012;SG-0003048;SG-0036497;SG-0036517;SG-0036528;SG-0036541;SG-0036557;SG-0036599;SG-0036612;SG-0036636;SG-0036649;SG-0036655;SG-0036680;SG-0036705;SG-0036711;SG-0036716;SG-0036727;SG-0036733;SG-0036755;SG-0036763;SG-0036767;SG-0036782;SG-0036809,normal; within sigma from mean range,0.95,0.83,0.98,0.85,CU-011,2024-06-17,E-0160,20260106T061500Z-QE24M
CAP-24-0089,C-11950-21,2024-06-12 11:00:00,PPAP,25,SG-0025552,SG-0025909,SG-0025552;SG-0025559;SG-0025565;SG-0025570;SG-0025579;SG-0025587;SG-0025610;SG-0025619;SG-0025624;SG-0025632;SG-0025639;SG-0025646;SG-0025653;SG-0025663;SG-0025712;SG-0025724;SG-0025733;SG-0025746;SG-0025760;SG-0025766;SG-0025778;SG-0025791;SG-0025800;SG-0025859;SG-0025909,normal; within sigma from mean range,,1.32,,1.2,CU-015,2024-06-17,E-0160,20260106T061500Z-QE24M
CAP-24-0090,C-11909-01,2024-06-12 12:00:00,request,25,SG-0042117,SG-0043515,SG-0042117;SG-0042186;SG-0042265;SG-0042334;SG-0042393;SG-0042440;SG-0042481;SG-0042536;SG-0042633;SG-0042681;SG-0042728;SG-0042792;SG-0042845;SG-0042895;SG-0042925;SG-0042946;SG-0042986;SG-0043041;SG-0043105;SG-0043180;SG-0043231;SG-0043301;SG-0043356;SG-0043437;SG-0043515,normal; within sigma from mean range,0.91,0.86,0.85,0.81,internal,2024-06-17,E-0160,20260106T061500Z-QE24M
CAP-24-0091,C-11984-02,2024-06-12 12:00:00,request,25,SG-0016688,SG-0036403,SG-0016688;SG-0016701;SG-0016705;SG-0016719;SG-0016726;SG-0016740;SG-0016750;SG-0016761;SG-0016770;SG-0016784;SG-0016791;SG-0036196;SG-0036209;SG-0036226;SG-0036236;SG-0036257;SG-0036265;SG-0036277;SG-0036291;SG-0036301;SG-0036317;SG-0036334;SG-0036345;SG-0036365;SG-0036403,normal; within sigma from mean range,1.92,1.85,1.8,1.74,internal,2024-06-16,E-0158,20260106T061500Z-QE24M
CAP-24-0092,C-11301-04,2024-06-12 13:00:00,request,25,SG-0027095,SG-0027388,SG-0027095;SG-0027109;SG-0027127;SG-0027135;SG-0027146;SG-0027155;SG-0027161;SG-0027172;SG-0027185;SG-0027198;SG-0027209;SG-0027219;SG-0027228;SG-0027240;SG-0027246;SG-0027260;SG-0027276;SG-0027298;SG-0027310;SG-0027319;SG-0027331;SG-0027344;SG-0027356;SG-0027369;SG-0027388,normal; within sigma from mean range,1.91,1.86,1.91,1.86,CU-009,2024-06-14,E-0158,20260106T061500Z-QE24M
CAP-24-0093,C-14928-31,2024-06-12 13:00:00,request,25,SG-0041124,SG-0041710,SG-0041124;SG-0041156;SG-0041191;SG-0041223;SG-0041254;SG-0041282;SG-0041316;SG-0041348;SG-0041382;SG-0041412;SG-0041447;SG-0041524;SG-0041535;SG-0041544;SG-0041562;SG-0041568;SG-0041577;SG-0041585;SG-0041598;SG-0041608;SG-0041622;SG-0041635;SG-0041642;SG-0041677;SG-0041710,normal; within sigma from mean range,1.62,1.61,1.54,1.53,CU-010,2024-06-14,E-0161,20260106T061500Z-QE24M
CAP-24-0094,C-14140-18,2024-06-12 14:00:00,PPAP,25,SG-0035451,SG-0036006,SG-0035451;SG-0035474;SG-0035485;SG-0035504;SG-0035520;SG-0035536;SG-0035562;SG-0035581;SG-0035608;SG-0035635;SG-0035658;SG-0035690;SG-0035713;SG-0035736;SG-0035763;SG-0035776;SG-0035806;SG-0035835;SG-0035857;SG-0035878;SG-0035901;SG-0035919;SG-0035947;SG-0035968;SG-0036006,normal; within sigma from mean range,1.46,1.32,1.39,1.25,CU-001,2024-06-12,E-0159,20260106T061500Z-QE24M
CAP-24-0095,C-11920-15,2024-06-12 15:00:00,PPAP,25,SG-0038380,SG-0042911,SG-0038380;SG-0038427;SG-0038484;SG-0038774;SG-0039132;SG-0039484;SG-0039799;SG-0039867;SG-0040062;SG-0040381;SG-0040744;SG-0041133;SG-0041438;SG-0041614;SG-0041735;SG-0041863;SG-0042008;SG-0042085;SG-0042204;SG-0042353;SG-0042452;SG-0042566;SG-0042706;SG-0042810;SG-0042911,normal; within sigma from mean range,0.95,0.45,0.94,0.44,CU-016,2024-06-14,E-0160,20260106T061500Z-QE24M
CAP-24-0096,C-11201-16,2024-06-13 08:00:00,request,25,SG-0036154,SG-0036748,SG-0036154;SG-0036157;SG-0036354;SG-0036356;SG-0036357;SG-0036360;SG-0036366;SG-0036379;SG-0036380;SG-0036389;SG-0036394;SG-0036566;SG-0036567;SG-0036569;SG-0036571;SG-0036572;SG-0036575;SG-0036578;SG-0036582;SG-0036583;SG-0036593;SG-0036736;SG-0036738;SG-0036740;SG-0036748,normal; within sigma from mean range,1.24,1.15,1.24,1.16,CU-010,2024-06-15,E-0161,20260106T061500Z-QE24M
CAP-24-0097,C-11226-03,2024-06-13 08:00:00,request,25,SG-0033895,SG-0034666,SG-0033895;SG-0033994;SG-0034006;SG-0034028;SG-0034053;SG-0034070;SG-0034093;SG-0034182;SG-0034224;SG-0034239;SG-0034262;SG-0034288;SG-0034314;SG-0034342;SG-0034429;SG-0034456;SG-0034484;SG-0034513;SG-0034540;SG-0034564;SG-0034624;SG-0034632;SG-0034648;SG-0034652;SG-0034666,normal; within sigma from mean range,1.14,1.09,1.11,1.06,CU-009,2024-06-16,E-0158,20260106T061500Z-QE24M
CAP-24-0098,C-13369-20,2024-06-13 10:00:00,request,25,SG-0036165,SG-0036656,SG-0036165;SG-0036184;SG-0036195;SG-0036213;SG-0036233;SG-0036254;SG-0036269;SG-0036288;SG-0036307;SG-0036331;SG-0036344;SG-0036385;SG-0036407;SG-0036422;SG-0036435;SG-0036445;SG-0036461;SG-0036469;SG-0036483;SG-0036500;SG-0036522;SG-0036538;SG-0036602;SG-0036640;SG-0036656,normal; within sigma from mean range,1.49,1.19,1.38,1.11,CU-011,2024-06-18,E-0159,20260106T061500Z-QE24M
CAP-24-0099,C-12835-01,2024-06-13 12:00:00,request,25,SG-0021035,SG-0043308,SG-0021035;SG-0021038;SG-0021103;SG-0021113;SG-0021158;SG-0021171;SG-0043082;SG-0043093;SG-0043115;SG-0043139;SG-0043150;SG-0043157;SG-0043169;SG-0043177;SG-0043192;SG-0043201;SG-0043210;SG-0043222;SG-0043227;SG-0043241;SG-0043251;SG-0043259;SG-0043269;SG-0043292;SG-0043308,normal; within sigma from mean range,1.5,1.48,1.55,1.52,CU-008,2024-06-15,E-0159,20260106T061500Z-QE24M
CAP-24-0100,C-11347-08,2024-06-13 14:00:00,request,25,SG-0033543,SG-0034204,SG-0033543;SG-0033549;SG-0033555;SG-0033556;SG-0033571;SG-0033688;SG-0033698;SG-0033730;SG-0033740;SG-0033764;SG-0033765;SG-0033775;SG-0033787;SG-0033789;SG-0033904;SG-0033908;SG-0033914;SG-0033915;SG-0033925;SG-0033954;SG-0033955;SG-0033968;SG-0033977;SG-0034159;SG-0034204,normal; within sigma from mean range,2.13,2.0,2.05,1.93,CU-010,2024-06-18,E-0161,20260106T061500Z-QE24M
CAP-24-0101,C-12925-01,2024-06-13 14:00:00,request,25,SG-0018799,SG-0042866,SG-0018799;SG-0018816;SG-0018828;SG-0018846;SG-0018856;SG-0042527;SG-0042549;SG-0042569;SG-0042627;SG-0042644;SG-0042654;SG-0042670;SG-0042689;SG-0042698;SG-0042707;SG-0042726;SG-0042735;SG-0042741;SG-0042754;SG-0042774;SG-0042799;SG-0042815;SG-0042829;SG-0042859;SG-0042866,normal; within sigma from mean range,2.03,2.01,2.01,1.99,internal,2024-06-16,E-0161,20260106T061500Z-QE24M
CAP-24-0102,C-11909-35,2024-06-14 10:00:00,request,25,SG-0042116,SG-0043514,SG-0042116;SG-0042188;SG-0042263;SG-0042335;SG-0042394;SG-0042441;SG-0042480;SG-0042534;SG-0042632;SG-0042683;SG-0042731;SG-0042790;SG-0042847;SG-0042894;SG-0042927;SG-0042945;SG-0042988;SG-0043038;SG-0043107;SG-0043181;SG-0043233;SG-0043303;SG-0043358;SG-0043439;SG-0043514,normal; within sigma from mean range,2.04,1.86,1.78,1.62,CU-015,2024-06-19,E-0159,20260106T061500Z-QE24M
CAP-24-0103,C-11920-12,2024-06-14 11:00:00,request,25,SG-0038381,SG-0042909,SG-0038381;SG-0038426;SG-0038483;SG-0038766;SG-0039130;SG-0039487;SG-0039797;SG-0039868;SG-0040061;SG-0040383;SG-0040748;SG-0041131;SG-0041437;SG-0041613;SG-0041736;SG-0041865;SG-0042010;SG-0042086;SG-0042205;SG-0042351;SG-0042453;SG-0042563;SG-0042704;SG-0042809;SG-0042909,normal; within sigma from mean range,1.17,1.05,1.19,1.07,CU-016,2024-06-16,E-0160,20260106T061500Z-QE24M
CAP-24-0104,C-12861-20,2024-06-14 12:00:00,request,25,SG-0037343,SG-0038390,SG-0037343;SG-0037391;SG-0037468;SG-0037525;SG-0037579;SG-0037638;SG-0037690;SG-0037742;SG-0037793;SG-0037839;SG-0037906;SG-0037955;SG-0038006;SG-0038053;SG-0038098;SG-0038146;SG-0038189;SG-0038240;SG-0038308;SG-0038335;SG-0038347;SG-0038355;SG-0038365;SG-0038376;SG-0038390,normal; within sigma from mean range,,2.98,,2.58,internal,2024-06-17,E-0158,20260106T061500Z-QE24M
CAP-24-0105,C-14212-23,2024-06-14 12:00:00,request,25,SG-0046395,SG-0046541,SG-0046395;SG-0046402;SG-0046407;SG-0046414;SG-0046421;SG-0046427;SG-0046436;SG-0046441;SG-0046448;SG-0046454;SG-0046475;SG-0046478;SG-0046482;SG-0046485;SG-0046491;SG-0046494;SG-0046499;SG-0046506;SG-0046510;SG-0046515;SG-0046517;SG-0046521;SG-0046523;SG-0046539;SG-0046541,normal; within sigma from mean range,1.27,1.25,1.18,1.17,CU-002,2024-06-15,E-0159,20260106T061500Z-QE24M
CAP-24-0106,C-11167-24,2024-06-15 08:00:00,request,25,SG-0027251,SG-0027683,SG-0027251;SG-0027265;SG-0027294;SG-0027313;SG-0027322;SG-0027341;SG-0027360;SG-0027377;SG-0027398;SG-0027410;SG-0027432;SG-0027445;SG-0027467;SG-0027508;SG-0027526;SG-0027537;SG-0027552;SG-0027562;SG-0027579;SG-0027593;SG-0027602;SG-0027615;SG-0027628;SG-0027656;SG-0027683,normal; within sigma from mean range,,1.61,,1.53,internal,2024-06-20,E-0161,20260106T061500Z-QE24M
CAP-24-0107,C-11923-25,2024-06-15 11:00:00,request,25,SG-0005265,SG-0037136,SG-0005265;SG-0005288;SG-0005308;SG-0036493;SG-0036531;SG-0036595;SG-0036630;SG-0036683;SG-0036757;SG-0036784;SG-0036805;SG-0036825;SG-0036860;SG-0036866;SG-0036879;SG-0036884;SG-0036888;SG-0036895;SG-0036896;SG-0036905;SG-0036917;SG-0036928;SG-0037001;SG-0037069;SG-0037136,normal; within sigma from mean range,1.69,0.61,1.54,0.55,CU-015,2024-06-16,E-0161,20260106T061500Z-QE24M
CAP-24-0108,C-13350-04,2024-06-15 11:00:00,request,25,SG-0037402,SG-0038407,SG-0037402;SG-0037408;SG-0037409;SG-0037411;SG-0037412;SG-0037416;SG-0037419;SG-0037864;SG-0037868;SG-0037875;SG-0037876;SG-0037877;SG-0037878;SG-0037880;SG-0037885;SG-0037889;SG-0038277;SG-0038280;SG-0038281;SG-0038292;SG-0038293;SG-0038296;SG-0038297;SG-0038304;SG-0038407,normal; within sigma from mean range,1.84,1.83,1.86,1.86,internal,2024-06-20,E-0160,20260106T061500Z-QE24M
CAP-24-0109,C-11265-39,2024-06-15 12:00:00,PPAP,25,SG-0047715,SG-0047879,SG-0047715;SG-0047719;SG-0047720;SG-0047734;SG-0047736;SG-0047737;SG-0047746;SG-0047819;SG-0047820;SG-0047826;SG-0047827;SG-0047831;SG-0047832;SG-0047835;SG-0047840;SG-0047843;SG-0047846;SG-0047847;SG-0047850;SG-0047851;SG-0047853;SG-0047870;SG-0047871;SG-0047872;SG-0047879,normal; within sigma from mean range,1.62,1.35,1.67,1.39,CU-009,2024-06-18,E-0158,20260106T061500Z-QE24M
CAP-24-0110,C-12947-12,2024-06-15 12:00:00,request,25,SG-0043425,SG-0043936,SG-0043425;SG-0043441;SG-0043458;SG-0043502;SG-0043510;SG-0043523;SG-0043530;SG-0043537;SG-0043549;SG-0043552;SG-0043565;SG-0043567;SG-0043575;SG-0043644;SG-0043657;SG-0043674;SG-0043683;SG-0043703;SG-0043713;SG-0043729;SG-0043742;SG-0043754;SG-0043787;SG-0043894;SG-0043936,normal; within sigma from mean range,1.82,1.75,1.76,1.69,internal,2024-06-18,E-0160,20260106T061500Z-QE24M
CAP-24-0111,C-14952-04,2024-06-15 12:00:00,request,25,SG-0042108,SG-0042819,SG-0042108;SG-0042144;SG-0042175;SG-0042214;SG-0042243;SG-0042277;SG-0042320;SG-0042349;SG-0042376;SG-0042411;SG-0042427;SG-0042449;SG-0042469;SG-0042489;SG-0042513;SG-0042544;SG-0042589;SG-0042637;SG-0042666;SG-0042687;SG-0042710;SG-0042732;SG-0042755;SG-0042788;SG-0042819,normal; within sigma from mean range,2.2,1.86,1.55,1.31,internal,2024-06-15,E-0158,20260106T061500Z-QE24M
CAP-24-0112,C-11920-20,2024-06-15 13:00:00,PPAP,25,SG-0038379,SG-0042910,SG-0038379;SG-0038425;SG-0038482;SG-0038767;SG-0039131;SG-0039482;SG-0039798;SG-0039866;SG-0040066;SG-0040382;SG-0040745;SG-0041135;SG-0041439;SG-0041615;SG-0041737;SG-0041864;SG-0042009;SG-0042087;SG-0042206;SG-0042352;SG-0042454;SG-0042567;SG-0042705;SG-0042812;SG-0042910,normal; within sigma from mean range,1.29,0.81,1.27,0.79,CU-016,2024-06-17,E-0161,20260106T061500Z-QE24M
CAP-24-0113,C-13458-09,2024-06-15 14:00:00,request,25,SG-0035817,SG-0035997,SG-0035817;SG-0035833;SG-0035839;SG-0035843;SG-0035849;SG-0035861;SG-0035866;SG-0035877;SG-0035881;SG-0035885;SG-0035892;SG-0035895;SG-0035908;SG-0035910;SG-0035916;SG-0035921;SG-0035925;SG-0035936;SG-0035942;SG-0035956;SG-0035961;SG-0035967;SG-0035982;SG-0035992;SG-0035997,normal; within sigma from mean range,,2.37,,2.3,CU-012,2024-06-17,E-0161,20260106T061500Z-QE24M
CAP-24-0114,C-13321-39,2024-06-16 08:00:00,request,25,SG-0002765,SG-0036789,SG-0002765;SG-0002796;SG-0002834;SG-0002880;SG-0002944;SG-0002982;SG-0003013;SG-0003050;SG-0036494;SG-0036518;SG-0036527;SG-0036559;SG-0036611;SG-0036622;SG-0036647;SG-0036665;SG-0036689;SG-0036704;SG-0036710;SG-0036720;SG-0036728;SG-0036734;SG-0036762;SG-0036768;SG-0036789,normal; within sigma from mean range,1.32,1.16,1.31,1.15,CU-011,2024-06-21,E-0161,20260106T061500Z-QE24M
CAP-24-0115,C-13317-22,2024-06-16 09:00:00,request,25,SG-0030621,SG-0031041,SG-0030621;SG-0030625;SG-0030626;SG-0030628;SG-0030629;SG-0030635;SG-0030636;SG-0030637;SG-0030658;SG-0030664;SG-0030784;SG-0030801;SG-0030803;SG-0030804;SG-0030805;SG-0030812;SG-0030813;SG-0030817;SG-0030818;SG-0030824;SG-0031026;SG-0031027;SG-0031033;SG-0031034;SG-0031041,normal; within sigma from mean range,2.25,1.99,2.07,1.83,internal,2024-06-17,E-0159,20260106T061500Z-QE24M
CAP-24-0116,C-13369-23,2024-06-16 09:00:00,request,25,SG-0036215,SG-0036659,SG-0036215;SG-0036235;SG-0036256;SG-0036272;SG-0036287;SG-0036305;SG-0036332;SG-0036342;SG-0036388;SG-0036408;SG-0036418;SG-0036437;SG-0036443;SG-0036462;SG-0036470;SG-0036485;SG-0036496;SG-0036523;SG-0036540;SG-0036554;SG-0036605;SG-0036620;SG-0036631;SG-0036641;SG-0036659,normal; within sigma from mean range,,1.53,,1.35,CU-011,2024-06-17,E-0159,20260106T061500Z-QE24M
CAP-24-0117,C-11253-25,2024-06-16 12:00:00,request,25,SG-0035072,SG-0036456,SG-0035072;SG-0035128;SG-0035152;SG-0035182;SG-0035226;SG-0035269;SG-0035323;SG-0035398;SG-0035449;SG-0035491;SG-0035530;SG-0035593;SG-0035659;SG-0035729;SG-0035788;SG-0035852;SG-0035912;SG-0035983;SG-0036043;SG-0036100;SG-0036181;SG-0036245;SG-0036316;SG-0036410;SG-0036456,normal; within sigma from mean range,1.47,1.21,1.45,1.2,CU-010,2024-06-18,E-0161,20260106T061500Z-QE24M
CAP-24-0118,C-11320-33,2024-06-16 14:00:00,PPAP,25,SG-0030821,SG-0031155,SG-0030821;SG-0030832;SG-0030840;SG-0030852;SG-0030863;SG-0030876;SG-0030890;SG-0030899;SG-0030913;SG-0030926;SG-0030936;SG-0030954;SG-0030969;SG-0030981;SG-0030996;SG-0031008;SG-0031039;SG-0031054;SG-0031070;SG-0031080;SG-0031095;SG-0031109;SG-0031120;SG-0031142;SG-0031155,normal; within sigma from mean range,,1.75,,1.62,CU-010,2024-06-17,E-0161,20260106T061500Z-QE24M
CAP-24-0119,C-13328-14,2024-06-16 14:00:00,request,25,SG-0035558,SG-0036700,SG-0035558;SG-0035604;SG-0035652;SG-0035700;SG-0035754;SG-0035798;SG-0035841;SG-0035887;SG-0035924;SG-0035989;SG-0036029;SG-0036073;SG-0036107;SG-0036173;SG-0036223;SG-0036270;SG-0036324;SG-0036398;SG-0036438;SG-0036466;SG-0036515;SG-0036564;SG-0036633;SG-0036668;SG-0036700,normal; within sigma from mean range,1.83,1.82,1.82,1.81,internal,2024-06-20,E-0160,20260106T061500Z-QE24M
CAP-24-0120,C-11173-11,2024-06-16 15:00:00,request,25,SG-0010829,SG-0027933,SG-0010829;SG-0010922;SG-0010958;SG-0011020;SG-0011130;SG-0011146;SG-0011173;SG-0011214;SG-0011263;SG-0026892;SG-0027018;SG-0027122;SG-0027156;SG-0027238;SG-0027332;SG-0027442;SG-0027554;SG-0027590;SG-0027625;SG-0027692;SG-0027766;SG-0027795;SG-0027855;SG-0027883;SG-0027933,normal; within sigma from mean range,1.59,1.58,1.43,1.42,CU-009,2024-06-18,E-0160,20260106T061500Z-QE24M
CAP-24-0121,C-13483-32,2024-06-17 08:00:00,request,25,SG-0020738,SG-0020968,SG-0020738;SG-0020753;SG-0020758;SG-0020762;SG-0020773;SG-0020774;SG-0020783;SG-0020798;SG-0020802;SG-0020809;SG-0020814;SG-0020845;SG-0020855;SG-0020870;SG-0020878;SG-0020892;SG-0020897;SG-0020906;SG-0020912;SG-0020928;SG-0020938;SG-0020947;SG-0020954;SG-0020963;SG-0020968,normal; within sigma from mean range,1.66,1.47,1.6,1.42,CU-011,2024-06-22,E-0159,20260106T061500Z-QE24M
CAP-24-0122,C-11163-06,2024-06-17 09:00:00,request,25,SG-0039842,SG-0047916,SG-0039842;SG-0039898;SG-0040153;SG-0040218;SG-0040356;SG-0040433;SG-0040624;SG-0040709;SG-0040882;SG-0040964;SG-0041240;SG-0041392;SG-0041516;SG-0041549;SG-0047449;SG-0047471;SG-0047532;SG-0047573;SG-0047608;SG-0047756;SG-0047777;SG-0047796;SG-0047804;SG-0047898;SG-0047916,normal; within sigma from mean range,1.79,1.74,1.5,1.46,CU-009,2024-06-21,E-0159,20260106T061500Z-QE24M
CAP-24-0123,C-11329-29,2024-06-17 11:00:00,request,25,SG-0007759,SG-0032447,SG-0007759;SG-0007761;SG-0008184;SG-0008188;SG-0008191;SG-0008226;SG-0031972;SG-0031992;SG-0032037;SG-0032049;SG-0032059;SG-0032139;SG-0032174;SG-0032191;SG-0032210;SG-0032226;SG-0032261;SG-0032276;SG-0032291;SG-0032354;SG-0032365;SG-0032392;SG-0032421;SG-0032433;SG-0032447,normal; within sigma from mean range,0.94,0.82,0.96,0.84,CU-009,2024-06-20,E-0159,20260106T061500Z-QE24M
CAP-24-0124,C-14966-36,2024-06-17 11:00:00,request,25,SG-0033187,SG-0034099,SG-0033187;SG-0033292;SG-0033331;SG-0033366;SG-0033404;SG-0033445;SG-0033487;SG-0033579;SG-0033598;SG-0033615;SG-0033628;SG-0033647;SG-0033671;SG-0033796;SG-0033814;SG-0033834;SG-0033857;SG-0033874;SG-0033894;SG-0034000;SG-0034010;SG-0034037;SG-0034057;SG-0034078;SG-0034099,normal; within sigma from mean range,1.45,1.37,1.44,1.37,CU-010,2024-06-20,E-0159,20260106T061500Z-QE24M
CAP-24-0125,C-11173-39,2024-06-17 12:00:00,request,25,SG-0027171,SG-0027927,SG-0027171;SG-0027205;SG-0027234;SG-0027256;SG-0027303;SG-0027333;SG-0027373;SG-0027408;SG-0027444;SG-0027505;SG-0027538;SG-0027565;SG-0027597;SG-0027621;SG-0027669;SG-0027701;SG-0027735;SG-0027755;SG-0027781;SG-0027807;SG-0027854;SG-0027871;SG-0027899;SG-0027916;SG-0027927,normal; within sigma from mean range,,1.1,,1.09,CU-009,2024-06-20,E-0159,20260106T061500Z-QE24M
CAP-24-0126,C-13350-20,2024-06-17 12:00:00,PPAP,25,SG-0037406,SG-0038399,SG-0037406;SG-0037410;SG-0037417;SG-0037421;SG-0037426;SG-0037428;SG-0037861;SG-0037865;SG-0037866;SG-0037867;SG-0037869;SG-0037872;SG-0037881;SG-0037883;SG-0037887;SG-0038278;SG-0038282;SG-0038283;SG-0038289;SG-0038298;SG-0038299;SG-0038300;SG-0038301;SG-0038305;SG-0038399,normal; within sigma from mean range,1.72,1.61,1.74,1.64,CU-011,2024-06-21,E-0158,20260106T061500Z-QE24M
CAP-24-0127,C-12972-24,2024-06-17 13:00:00,request,25,SG-0016327,SG-0016605,SG-0016327;SG-0016349;SG-0016359;SG-0016371;SG-0016381;SG-0016393;SG-0016407;SG-0016419;SG-0016430;SG-0016440;SG-0016449;SG-0016478;SG-0016485;SG-0016500;SG-0016506;SG-0016518;SG-0016528;SG-0016534;SG-0016542;SG-0016546;SG-0016558;SG-0016568;SG-0016587;SG-0016594;SG-0016605,normal; within sigma from mean range,1.86,1.86,1.79,1.79,CU-008,2024-06-18,E-0159,20260106T061500Z-QE24M
CAP-24-0128,C-11226-12,2024-06-17 15:00:00,request,25,SG-0033878,SG-0034665,SG-0033878;SG-0033891;SG-0033989;SG-0034008;SG-0034026;SG-0034054;SG-0034094;SG-0034183;SG-0034225;SG-0034238;SG-0034261;SG-0034289;SG-0034319;SG-0034344;SG-0034427;SG-0034455;SG-0034485;SG-0034515;SG-0034542;SG-0034565;SG-0034623;SG-0034633;SG-0034647;SG-0034653;SG-0034665,normal; within sigma from mean range,1.31,1.26,1.28,1.23,CU-009,2024-06-17,E-0161,20260106T061500Z-QE24M
CAP-24-0129,C-13328-35,2024-06-18 09:00:00,request,25,SG-0035557,SG-0036699,SG-0035557;SG-0035603;SG-0035653;SG-0035701;SG-0035755;SG-0035799;SG-0035842;SG-0035888;SG-0035923;SG-0035984;SG-0036036;SG-0036074;SG-0036108;SG-0036171;SG-0036224;SG-0036274;SG-0036321;SG-0036401;SG-0036439;SG-0036467;SG-0036513;SG-0036565;SG-0036634;SG-0036669;SG-0036699,normal; within sigma from mean range,,1.65,,1.6,CU-012,2024-06-22,E-0158,20260106T061500Z-QE24M
CAP-24-0130,C-13483-04,2024-06-18 09:00:00,request,25,SG-0020740,SG-0020969,SG-0020740;SG-0020751;SG-0020756;SG-0020761;SG-0020772;SG-0020775;SG-0020782;SG-0020796;SG-0020801;SG-0020807;SG-0020816;SG-0020848;SG-0020854;SG-0020868;SG-0020877;SG-0020890;SG-0020896;SG-0020908;SG-0020914;SG-0020925;SG-0020940;SG-0020948;SG-0020951;SG-0020962;SG-0020969,normal; within sigma from mean range,1.24,1.22,1.13,1.11,CU-011,2024-06-22,E-0161,20260106T061500Z-QE24M
CAP-24-0131,C-11930-12,2024-06-18 10:00:00,PPAP,25,SG-0011311,SG-0035422,SG-0011311;SG-0011322;SG-0011332;SG-0011339;SG-0011351;SG-0011361;SG-0011391;SG-0035014;SG-0035039;SG-0035062;SG-0035078;SG-0035115;SG-0035132;SG-0035143;SG-0035157;SG-0035175;SG-0035188;SG-0035214;SG-0035240;SG-0035260;SG-0035288;SG-0035321;SG-0035356;SG-0035401;SG-0035422,normal; within sigma from mean range,1.21,1.06,1.15,1.01,CU-016,2024-06-22,E-0161,20260106T061500Z-QE24M
CAP-24-0132,C-12835-13,2024-06-18 10:00:00,PPAP,25,SG-0021097,SG-0043306,SG-0021097;SG-0021101;SG-0021104;SG-0021114;SG-0021159;SG-0021172;SG-0043080;SG-0043094;SG-0043116;SG-0043140;SG-0043151;SG-0043158;SG-0043170;SG-0043178;SG-0043190;SG-0043199;SG-0043211;SG-0043218;SG-0043229;SG-0043243;SG-0043252;SG-0043260;SG-0043270;SG-0043293;SG-0043306,normal; within sigma from mean range,1.66,1.64,1.64,1.62,CU-008,2024-06-22,E-0160,20260106T061500Z-QE24M
CAP-24-0133,C-13317-20,2024-06-18 10:00:00,request,25,SG-0030620,SG-0031036,SG-0030620;SG-0030624;SG-0030633;SG-0030639;SG-0030640;SG-0030642;SG-0030654;SG-0030656;SG-0030657;SG-0030663;SG-0030780;SG-0030783;SG-0030787;SG-0030788;SG-0030795;SG-0030796;SG-0030799;SG-0030809;SG-0030811;SG-0030823;SG-0031022;SG-0031024;SG-0031029;SG-0031032;SG-0031036,normal; within sigma from mean range,,1.77,,1.72,internal,2024-06-19,E-0158,20260106T061500Z-QE24M
CAP-24-0134,C-14159-18,2024-06-18 11:00:00,request,25,SG-0016834,SG-0031012,SG-0016834;SG-0016838;SG-0016856;SG-0016857;SG-0016865;SG-0016866;SG-0016926;SG-0016927;SG-0016937;SG-0016946;SG-0030841;SG-0030855;SG-0030861;SG-0030874;SG-0030884;SG-0030896;SG-0030905;SG-0030920;SG-0030933;SG-0030951;SG-0030963;SG-0030976;SG-0030984;SG-0031001;SG-0031012,normal; within sigma from mean range,,1.86,,1.49,CU-002,2024-06-18,E-0159,20260106T061500Z-QE24M
CAP-24-0135,C-13447-02,2024-06-18 12:00:00,request,25,SG-0031759,SG-0032515,SG-0031759;SG-0031795;SG-0031849;SG-0031892;SG-0031934;SG-0031950;SG-0031974;SG-0032032;SG-0032054;SG-0032069;SG-0032096;SG-0032117;SG-0032172;SG-0032208;SG-0032238;SG-0032267;SG-0032298;SG-0032356;SG-0032373;SG-0032400;SG-0032429;SG-0032450;SG-0032479;SG-0032503;SG-0032515,normal; within sigma from mean range,1.59,1.38,1.49,1.3,CU-011,2024-06-20,E-0159,20260106T061500Z-QE24M
CAP-24-0136,C-14134-26,2024-06-18 12:00:00,request,25,SG-0034403,SG-0048289,SG-0034403;SG-0034407;SG-0034574;SG-0034583;SG-0034591;SG-0047937;SG-0047948;SG-0047966;SG-0047982;SG-0048002;SG-0048027;SG-0048044;SG-0048062;SG-0048078;SG-0048094;SG-0048115;SG-0048131;SG-0048148;SG-0048156;SG-0048197;SG-0048209;SG-0048236;SG-0048251;SG-0048272;SG-0048289,normal; within sigma from mean range,1.91,1.89,1.75,1.74,internal,2024-06-19,E-0159,20260106T061500Z-QE24M
CAP-24-0137,C-14168-10,2024-06-18 14:00:00,request,25,SG-0047910,SG-0048279,SG-0047910;SG-0047917;SG-0047930;SG-0047944;SG-0047958;SG-0047972;SG-0047988;SG-0048005;SG-0048023;SG-0048039;SG-0048058;SG-0048068;SG-0048081;SG-0048096;SG-0048112;SG-0048127;SG-0048141;SG-0048151;SG-0048187;SG-0048204;SG-0048212;SG-0048228;SG-0048246;SG-0048265;SG-0048279,normal; within sigma from mean range,1.95,1.89,1.9,1.84,CU-001,2024-06-19,E-0158,20260106T061500Z-QE24M
CAP-24-0138,C-14175-10,2024-06-18 14:00:00,PPAP,25,SG-0010909,SG-0033850,SG-0010909;SG-0033058;SG-0033095;SG-0033129;SG-0033165;SG-0033192;SG-0033284;SG-0033319;SG-0033349;SG-0033380;SG-0033411;SG-0033450;SG-0033479;SG-0033576;SG-0033592;SG-0033601;SG-0033618;SG-0033629;SG-0033644;SG-0033666;SG-0033781;SG-0033805;SG-0033822;SG-0033842;SG-0033850,normal; within sigma from mean range,,1.64,,1.57,CU-002,2024-06-18,E-0160,20260106T061500Z-QE24M
CAP-24-0139,C-14966-17,2024-06-18 14:00:00,request,25,SG-0033188,SG-0034098,SG-0033188;SG-0033291;SG-0033328;SG-0033367;SG-0033402;SG-0033442;SG-0033485;SG-0033580;SG-0033596;SG-0033613;SG-0033626;SG-0033645;SG-0033672;SG-0033797;SG-0033815;SG-0033833;SG-0033853;SG-0033877;SG-0033892;SG-0033998;SG-0034013;SG-0034036;SG-0034056;SG-0034077;SG-0034098,normal; within sigma from mean range,2.04,1.95,1.71,1.64,CU-010,2024-06-19,E-0158,20260106T061500Z-QE24M
CAP-24-0140,C-14918-23,2024-06-19 08:00:00,request,25,SG-0041117,SG-0042063,SG-0041117;SG-0041197;SG-0041270;SG-0041342;SG-0041420;SG-0041528;SG-0041555;SG-0041578;SG-0041600;SG-0041630;SG-0041673;SG-0041720;SG-0041728;SG-0041743;SG-0041757;SG-0041773;SG-0041829;SG-0041869;SG-0041900;SG-0041942;SG-0041967;SG-0041994;SG-0042020;SG-0042043;SG-0042063,normal; within sigma from mean range,1.0,0.52,0.95,0.5,CU-009,2024-06-24,E-0161,20260106T061500Z-QE24M
CAP-24-0141,C-11909-03,2024-06-19 09:00:00,request,25,SG-0042793,SG-0048658,SG-0042793;SG-0042846;SG-0042896;SG-0042924;SG-0042949;SG-0042985;SG-0043039;SG-0043106;SG-0043182;SG-0043230;SG-0043304;SG-0043359;SG-0043434;SG-0043517;SG-0047888;SG-0047926;SG-0047980;SG-0048050;SG-0048104;SG-0048171;SG-0048242;SG-0048301;SG-0048377;SG-0048464;SG-0048658,normal; within sigma from mean range,1.25,0.92,1.09,0.8,CU-015,2024-06-22,E-0160,20260106T061500Z-QE24M
CAP-24-0142,C-11950-01,2024-06-19 09:00:00,request,25,SG-0025554,SG-0025912,SG-0025554;SG-0025560;SG-0025563;SG-0025569;SG-0025577;SG-0025586;SG-0025612;SG-0025615;SG-0025622;SG-0025630;SG-0025637;SG-0025648;SG-0025651;SG-0025662;SG-0025716;SG-0025722;SG-0025734;SG-0025745;SG-0025757;SG-0025768;SG-0025777;SG-0025790;SG-0025802;SG-0025860;SG-0025912,normal; within sigma from mean range,1.6,1.58,1.42,1.41,CU-015,2024-06-19,E-0159,20260106T061500Z-QE24M
CAP-24-0143,C-12828-28,2024-06-19 12:00:00,request,25,SG-0030044,SG-0048838,SG-0030044;SG-0030050;SG-0030056;SG-0030060;SG-0030070;SG-0030155;SG-0030156;SG-0030166;SG-0030175;SG-0030181;SG-0030321;SG-0030322;SG-0030323;SG-0030354;SG-0030355;SG-0030494;SG-0030502;SG-0048391;SG-0048407;SG-0048443;SG-0048488;SG-0048609;SG-0048684;SG-0048760;SG-0048838,normal; within sigma from mean range,1.41,1.32,1.31,1.22,CU-007,2024-06-22,E-0158,20260106T061500Z-QE24M
CAP-24-0144,C-11347-22,2024-06-19 13:00:00,request,25,SG-0033541,SG-0034127,SG-0033541;SG-0033544;SG-0033552;SG-0033566;SG-0033567;SG-0033682;SG-0033696;SG-0033715;SG-0033721;SG-0033731;SG-0033735;SG-0033736;SG-0033737;SG-0033766;SG-0033905;SG-0033931;SG-0033936;SG-0033956;SG-0033957;SG-0033978;SG-0033983;SG-0033984;SG-0033985;SG-0034120;SG-0034127,normal; within sigma from mean range,1.5,1.42,1.51,1.43,CU-010,2024-06-22,E-0159,20260106T061500Z-QE24M
CAP-24-0145,C-11201-19,2024-06-19 14:00:00,request,25,SG-0036155,SG-0036752,SG-0036155;SG-0036353;SG-0036355;SG-0036358;SG-0036361;SG-0036367;SG-0036368;SG-0036375;SG-0036381;SG-0036386;SG-0036392;SG-0036568;SG-0036570;SG-0036573;SG-0036574;SG-0036576;SG-0036579;SG-0036580;SG-0036588;SG-0036591;SG-0036600;SG-0036735;SG-0036739;SG-0036741;SG-0036752,normal; within sigma from mean range,1.98,1.94,1.87,1.83,internal,2024-06-21,E-0160,20260106T061500Z-QE24M
CAP-24-0146,C-11329-04,2024-06-19 15:00:00,request,25,SG-0008252,SG-0032434,SG-0008252;SG-0031971;SG-0031991;SG-0032038;SG-0032050;SG-0032058;SG-0032066;SG-0032090;SG-0032116;SG-0032142;SG-0032173;SG-0032190;SG-0032213;SG-0032227;SG-0032241;SG-0032260;SG-0032278;SG-0032293;SG-0032316;SG-0032366;SG-0032375;SG-0032390;SG-0032406;SG-0032420;SG-0032434,normal; within sigma from mean range,2.31,2.3,2.15,2.14,CU-009,2024-06-19,E-0158,20260106T061500Z-QE24M
CAP-24-0147,C-13458-01,2024-06-19 15:00:00,request,25,SG-0035814,SG-0035998,SG-0035814;SG-0035818;SG-0035832;SG-0035838;SG-0035844;SG-0035850;SG-0035860;SG-0035865;SG-0035876;SG-0035883;SG-0035886;SG-0035891;SG-0035894;SG-0035907;SG-0035911;SG-0035915;SG-0035922;SG-0035926;SG-0035935;SG-0035943;SG-0035955;SG-0035960;SG-0035980;SG-0035991;SG-0035998,normal; within sigma from mean range,1.49,1.45,1.53,1.49,CU-012,2024-06-24,E-0158,20260106T061500Z-QE24M
CAP-24-0148,C-14117-10,2024-06-20 11:00:00,request,25,SG-0034725,SG-0049500,SG-0034725;SG-0034739;SG-0034758;SG-0034769;SG-0034785;SG-0034844;SG-0048166;SG-0048176;SG-0048338;SG-0048355;SG-0048356;SG-0048363;SG-0048501;SG-0048507;SG-0048539;SG-0048543;SG-0048545;SG-0048968;SG-0048973;SG-0048980;SG-0048997;SG-0049014;SG-0049463;SG-0049499;SG-0049500,normal; within sigma from mean range,1.56,1.34,1.53,1.3,CU-001,2024-06-23,E-0160,20260106T061500Z-QE24M
CAP-24-0149,C-11167-38,2024-06-20 12:00:00,request,25,SG-0027249,SG-0027684,SG-0027249;SG-0027264;SG-0027293;SG-0027314;SG-0027323;SG-0027339;SG-0027358;SG-0027378;SG-0027396;SG-0027411;SG-0027433;SG-0027446;SG-0027469;SG-0027507;SG-0027524;SG-0027535;SG-0027553;SG-0027563;SG-0027581;SG-0027594;SG-0027603;SG-0027616;SG-0027629;SG-0027654;SG-0027684,normal; within sigma from mean range,0.98,0.73,0.96,0.71,CU-010,2024-06-20,E-0158,20260106T061500Z-QE24M
CAP-24-0150,C-11923-33,2024-06-20 12:00:00,request,25,SG-0037003,SG-0049493,SG-0037003;SG-0037071;SG-0037141;SG-0048018;SG-0048165;SG-0048170;SG-0048173;SG-0048182;SG-0048184;SG-0048185;SG-0048339;SG-0048340;SG-0048350;SG-0048354;SG-0048359;SG-0048500;SG-0048527;SG-0048536;SG-0049012;SG-0049013;SG-0049024;SG-0049462;SG-0049466;SG-0049479;SG-0049493,normal; within sigma from mean range,1.41,0.44,1.39,0.43,internal,2024-06-24,E-0158,20260106T061500Z-QE24M
CAP-24-0151,C-11163-33,2024-06-20 13:00:00,request,25,SG-0047655,SG-0048411,SG-0047655;SG-0047694;SG-0047762;SG-0047782;SG-0047793;SG-0047800;SG-0047808;SG-0047891;SG-0047908;SG-0047928;SG-0047955;SG-0047985;SG-0048026;SG-0048060;SG-0048086;SG-0048119;SG-0048146;SG-0048195;SG-0048219;SG-0048253;SG-0048288;SG-0048317;SG-0048367;SG-0048393;SG-0048411,normal; within sigma from mean range,2.02,2.02,1.75,1.75,CU-009,2024-06-22,E-0161,20260106T061500Z-QE24M
CAP-24-0152,C-11320-01,2024-06-20 14:00:00,PPAP,25,SG-0030825,SG-0031154,SG-0030825;SG-0030833;SG-0030838;SG-0030850;SG-0030862;SG-0030877;SG-0030887;SG-0030897;SG-0030912;SG-0030924;SG-0030937;SG-0030953;SG-0030970;SG-0030979;SG-0030997;SG-0031007;SG-0031037;SG-0031055;SG-0031071;SG-0031079;SG-0031097;SG-0031110;SG-0031121;SG-0031137;SG-0031154,normal; within sigma from mean range,1.71,1.62,1.62,1.54,CU-010,2024-06-24,E-0158,20260106T061500Z-QE24M
CAP-24-0153,C-11320-07,2024-06-20 14:00:00,PPAP,25,SG-0030755,SG-0031141,SG-0030755;SG-0030767;SG-0030777;SG-0030826;SG-0030834;SG-0030839;SG-0030865;SG-0030875;SG-0030888;SG-0030898;SG-0030910;SG-0030938;SG-0030955;SG-0030968;SG-0030980;SG-0030998;SG-0031010;SG-0031038;SG-0031056;SG-0031072;SG-0031081;SG-0031098;SG-0031108;SG-0031122;SG-0031141,normal; within sigma from mean range,,1.26,,1.18,CU-010,2024-06-24,E-0158,20260106T061500Z-QE24M
CAP-24-0154,C-13317-34,2024-06-20 14:00:00,request,25,SG-0010709,SG-0031025,SG-0010709;SG-0010725;SG-0010739;SG-0010769;SG-0030510;SG-0030616;SG-0030622;SG-0030627;SG-0030630;SG-0030634;SG-0030641;SG-0030643;SG-0030651;SG-0030655;SG-0030660;SG-0030785;SG-0030786;SG-0030789;SG-0030790;SG-0030798;SG-0030800;SG-0030806;SG-0030814;SG-0030819;SG-0031025,normal; within sigma from mean range,1.38,0.63,1.41,0.64,CU-012,2024-06-25,E-0160,20260106T061500Z-QE24M
CAP-24-0155,C-13447-37,2024-06-21 08:00:00,request,25,SG-0031760,SG-0032514,SG-0031760;SG-0031796;SG-0031848;SG-0031893;SG-0031933;SG-0031951;SG-0031975;SG-0032033;SG-0032055;SG-0032070;SG-0032095;SG-0032118;SG-0032171;SG-0032209;SG-0032234;SG-0032266;SG-0032299;SG-0032355;SG-0032374;SG-0032401;SG-0032428;SG-0032451;SG-0032480;SG-0032504;SG-0032514,normal; within sigma from mean range,,1.8,,1.61,CU-011,2024-06-22,E-0159,20260106T061500Z-QE24M
CAP-24-0156,C-12972-12,2024-06-21 10:00:00,request,25,SG-0016333,SG-0016604,SG-0016333;SG-0016348;SG-0016360;SG-0016370;SG-0016382;SG-0016394;SG-0016408;SG-0016418;SG-0016429;SG-0016441;SG-0016448;SG-0016479;SG-0016486;SG-0016499;SG-0016507;SG-0016519;SG-0016529;SG-0016535;SG-0016541;SG-0016545;SG-0016557;SG-0016570;SG-0016586;SG-0016593;SG-0016604,normal; within sigma from mean range,1.55,1.45,1.48,1.39,CU-008,2024-06-26,E-0160,20260106T061500Z-QE24M
CAP-24-0157,C-11923-04,2024-06-21 11:00:00,request,25,SG-0036916,SG-0049968,SG-0036916;SG-0036929;SG-0036942;SG-0037068;SG-0037135;SG-0048009;SG-0048162;SG-0048169;SG-0048175;SG-0048183;SG-0048344;SG-0048346;SG-0048347;SG-0048349;SG-0048499;SG-0048519;SG-0048535;SG-0048989;SG-0048996;SG-0049008;SG-0049016;SG-0049459;SG-0049489;SG-0049939;SG-0049968,normal; within sigma from mean range,1.18,1.05,1.2,1.06,CU-015,2024-06-25,E-0158,20260106T061500Z-QE24M
CAP-24-0158,C-11984-31,2024-06-21 11:00:00,request,25,SG-0016690,SG-0036405,SG-0016690;SG-0016698;SG-0016704;SG-0016721;SG-0016727;SG-0016741;SG-0016749;SG-0016762;SG-0016773;SG-0016783;SG-0016792;SG-0036197;SG-0036211;SG-0036227;SG-0036239;SG-0036255;SG-0036267;SG-0036280;SG-0036290;SG-0036304;SG-0036320;SG-0036336;SG-0036348;SG-0036364;SG-0036405,normal; within sigma from mean range,,1.77,,1.61,CU-015,2024-06-21,E-0158,20260106T061500Z-QE24M
CAP-24-0159,C-13502-13,2024-06-21 11:00:00,request,25,SG-0015574,SG-0015869,SG-0015574;SG-0015577;SG-0015588;SG-0015605;SG-0015609;SG-0015611;SG-0015656;SG-0015657;SG-0015658;SG-0015661;SG-0015662;SG-0015679;SG-0015687;SG-0015695;SG-0015698;SG-0015706;SG-0015707;SG-0015716;SG-0015822;SG-0015826;SG-0015837;SG-0015844;SG-0015855;SG-0015859;SG-0015869,normal; within sigma from mean range,1.41,0.58,1.34,0.55,CU-012,2024-06-24,E-0161,20260106T061500Z-QE24M
CAP-24-0160,C-12868-18,2024-06-21 15:00:00,request,25,SG-0026498,SG-0042071,SG-0026498;SG-0026533;SG-0026565;SG-0041782;SG-0041817;SG-0041837;SG-0041852;SG-0041875;SG-0041891;SG-0041906;SG-0041922;SG-0041940;SG-0041948;SG-0041959;SG-0041973;SG-0041978;SG-0042006;SG-0042014;SG-0042024;SG-0042029;SG-0042040;SG-0042049;SG-0042061;SG-0042067;SG-0042071,normal; within sigma from mean range,,1.85,,1.75,internal,2024-06-26,E-0159,20260106T061500Z-QE24M
CAP-24-0161,C-11301-23,2024-06-22 08:00:00,request,25,SG-0027279,SG-0050542,SG-0027279;SG-0027299;SG-0027311;SG-0027321;SG-0027328;SG-0027346;SG-0027357;SG-0027372;SG-0027386;SG-0050376;SG-0050408;SG-0050415;SG-0050424;SG-0050438;SG-0050442;SG-0050455;SG-0050463;SG-0050466;SG-0050479;SG-0050491;SG-0050502;SG-0050511;SG-0050519;SG-0050526;SG-0050542,normal; within sigma from mean range,,1.44,,1.47,internal,2024-06-25,E-0161,20260106T061500Z-QE24M
CAP-24-0162,C-12023-24,2024-06-22 08:00:00,request,25,SG-0018430,SG-0038858,SG-0018430;SG-0034553;SG-0034660;SG-0034750;SG-0034857;SG-0034951;SG-0035068;SG-0035164;SG-0035275;SG-0035541;SG-0036030;SG-0036396;SG-0036530;SG-0036694;SG-0036813;SG-0036873;SG-0036902;SG-0036945;SG-0037255;SG-0037619;SG-0037977;SG-0038394;SG-0038435;SG-0038492;SG-0038858,normal; within sigma from mean range,2.0,1.89,1.96,1.85,CU-016,2024-06-27,E-0158,20260106T061500Z-QE24M
CAP-24-0163,C-13502-32,2024-06-22 08:00:00,request,25,SG-0015585,SG-0015845,SG-0015585;SG-0015589;SG-0015590;SG-0015592;SG-0015597;SG-0015599;SG-0015659;SG-0015664;SG-0015670;SG-0015671;SG-0015675;SG-0015676;SG-0015688;SG-0015692;SG-0015693;SG-0015696;SG-0015697;SG-0015717;SG-0015796;SG-0015797;SG-0015801;SG-0015810;SG-0015814;SG-0015823;SG-0015845,normal; within sigma from mean range,1.15,1.05,1.1,1.0,CU-012,2024-06-27,E-0159,20260106T061500Z-QE24M
CAP-24-0164,C-11962-08,2024-06-22 09:00:00,request,25,SG-0005529,SG-0026384,SG-0005529;SG-0005560;SG-0005584;SG-0005612;SG-0005704;SG-0005726;SG-0005744;SG-0005761;SG-0005787;SG-0005889;SG-0005904;SG-0025642;SG-0025656;SG-0025711;SG-0025731;SG-0025751;SG-0025771;SG-0025789;SG-0025840;SG-0025939;SG-0026027;SG-0026115;SG-0026200;SG-0026305;SG-0026384,normal; within sigma from mean range,1.44,1.43,1.43,1.43,internal,2024-06-23,E-0159,20260106T061500Z-QE24M
CAP-24-0165,C-13431-17,2024-06-22 13:00:00,request,25,SG-0029619,SG-0029928,SG-0029619;SG-0029623;SG-0029625;SG-0029631;SG-0029634;SG-0029643;SG-0029695;SG-0029697;SG-0029703;SG-0029710;SG-0029720;SG-0029732;SG-0029746;SG-0029751;SG-0029765;SG-0029776;SG-0029787;SG-0029795;SG-0029809;SG-0029816;SG-0029823;SG-0029896;SG-0029910;SG-0029916;SG-0029928,normal; within sigma from mean range,1.83,1.7,1.71,1.59,CU-012,2024-06-23,E-0161,20260106T061500Z-QE24M
CAP-24-0166,C-11962-38,2024-06-22 14:00:00,request,25,SG-0005511,SG-0026385,SG-0005511;SG-0005530;SG-0005558;SG-0005586;SG-0005613;SG-0005703;SG-0005727;SG-0005745;SG-0005763;SG-0005786;SG-0005887;SG-0005903;SG-0025643;SG-0025655;SG-0025730;SG-0025749;SG-0025770;SG-0025788;SG-0025839;SG-0025936;SG-0026025;SG-0026118;SG-0026198;SG-0026303;SG-0026385,normal; within sigma from mean range,1.23,1.21,1.13,1.11,internal,2024-06-27,E-0161,20260106T061500Z-QE24M
CAP-24-0167,C-14992-08,2024-06-22 15:00:00,request,25,SG-0039857,SG-0041693,SG-0039857;SG-0040112;SG-0040126;SG-0040139;SG-0040141;SG-0040146;SG-0040520;SG-0040526;SG-0040529;SG-0040544;SG-0040545;SG-0040549;SG-0041019;SG-0041020;SG-0041042;SG-0041053;SG-0041054;SG-0041462;SG-0041468;SG-0041478;SG-0041488;SG-0041489;SG-0041668;SG-0041687;SG-0041693,normal; within sigma from mean range,2.34,2.29,1.74,1.7,CU-010,2024-06-23,E-0159,20260106T061500Z-QE24M
CAP-24-0168,C-14928-12,2024-06-23 08:00:00,request,25,SG-0047420,SG-0047783,SG-0047420;SG-0047428;SG-0047435;SG-0047447;SG-0047454;SG-0047462;SG-0047477;SG-0047514;SG-0047527;SG-0047545;SG-0047563;SG-0047580;SG-0047593;SG-0047611;SG-0047625;SG-0047643;SG-0047658;SG-0047668;SG-0047685;SG-0047700;SG-0047754;SG-0047766;SG-0047773;SG-0047781;SG-0047783,normal; within sigma from mean range,2.69,2.21,1.58,1.29,internal,2024-06-26,E-0159,20260106T061500Z-QE24M
CAP-24-0169,C-14952-37,2024-06-23 08:00:00,request,25,SG-0042492,SG-0050521,SG-0042492;SG-0042512;SG-0042545;SG-0042593;SG-0042639;SG-0042664;SG-0042686;SG-0042711;SG-0042756;SG-0042787;SG-0042821;SG-0050159;SG-0050177;SG-0050201;SG-0050244;SG-0050272;SG-0050296;SG-0050324;SG-0050353;SG-0050378;SG-0050420;SG-0050450;SG-0050475;SG-0050499;SG-0050521,normal; within sigma from mean range,2.34,2.17,2.25,2.1,CU-009,2024-06-23,E-0158,20260106T061500Z-QE24M
CAP-24-0170,C-12828-35,2024-06-23 10:00:00,request,25,SG-0030496,SG-0050319,SG-0030496;SG-0030503;SG-0048392;SG-0048409;SG-0048426;SG-0048446;SG-0048489;SG-0048608;SG-0048681;SG-0048758;SG-0048922;SG-0049215;SG-0049299;SG-0049383;SG-0049481;SG-0049595;SG-0049667;SG-0049748;SG-0049900;SG-0050001;SG-0050078;SG-0050172;SG-0050199;SG-0050267;SG-0050319,normal; within sigma from mean range,2.08,1.85,1.82,1.63,CU-007,2024-06-28,E-0158,20260106T061500Z-QE24M
CAP-24-0171,C-13431-32,2024-06-23 10:00:00,request,25,SG-0029620,SG-0029927,SG-0029620;SG-0029624;SG-0029626;SG-0029630;SG-0029635;SG-0029644;SG-0029696;SG-0029698;SG-0029704;SG-0029711;SG-0029724;SG-0029733;SG-0029745;SG-0029752;SG-0029766;SG-0029774;SG-0029786;SG-0029794;SG-0029810;SG-0029815;SG-0029824;SG-0029897;SG-0029909;SG-0029917;SG-0029927,normal; within sigma from mean range,1.29,1.01,1.15,0.89,CU-012,2024-06-28,E-0158,20260106T061500Z-QE24M
CAP-24-0172,C-14108-14,2024-06-23 10:00:00,request,25,SG-0040255,SG-0041547,SG-0040255;SG-0040294;SG-0040342;SG-0040385;SG-0040428;SG-0040534;SG-0040605;SG-0040664;SG-0040713;SG-0040769;SG-0040816;SG-0040870;SG-0040926;SG-0040974;SG-0041068;SG-0041116;SG-0041167;SG-0041216;SG-0041261;SG-0041305;SG-0041353;SG-0041397;SG-0041450;SG-0041532;SG-0041547,normal; within sigma from mean range,1.15,0.83,1.1,0.79,CU-002,2024-06-26,E-0161,20260106T061500Z-QE24M
CAP-24-0173,C-13369-01,2024-06-23 14:00:00,request,25,SG-0036214,SG-0036658,SG-0036214;SG-0036232;SG-0036253;SG-0036271;SG-0036286;SG-0036306;SG-0036330;SG-0036341;SG-0036387;SG-0036413;SG-0036421;SG-0036434;SG-0036442;SG-0036460;SG-0036468;SG-0036484;SG-0036499;SG-0036521;SG-0036537;SG-0036556;SG-0036603;SG-0036617;SG-0036628;SG-0036642;SG-0036658,normal; within sigma from mean range,1.69,1.56,1.56,1.44,CU-011,2024-06-24,E-0158,20260106T061500Z-QE24M
CAP-24-0174,C-14159-01,2024-06-24 09:00:00,request,25,SG-0016849,SG-0031014,SG-0016849;SG-0016850;SG-0016851;SG-0016855;SG-0016859;SG-0016860;SG-0016925;SG-0016933;SG-0016938;SG-0016943;SG-0030843;SG-0030854;SG-0030864;SG-0030873;SG-0030886;SG-0030895;SG-0030906;SG-0030919;SG-0030932;SG-0030952;SG-0030962;SG-0030975;SG-0030985;SG-0031002;SG-0031014,normal; within sigma from mean range,1.48,1.45,1.48,1.46,internal,2024-06-25,E-0161,20260106T061500Z-QE24M
CAP-24-0175,C-11282-26,2024-06-24 10:00:00,request,25,SG-0025720,SG-0026085,SG-0025720;SG-0025726;SG-0025729;SG-0025739;SG-0025740;SG-0025748;SG-0025753;SG-0025762;SG-0025765;SG-0025774;SG-0025776;SG-0025781;SG-0025785;SG-0025795;SG-0025798;SG-0025829;SG-0025864;SG-0025889;SG-0025919;SG-0025947;SG-0025980;SG-0026001;SG-0026033;SG-0026063;SG-0026085,normal; within sigma from mean range,,1.27,,1.19,CU-010,2024-06-25,E-0161,20260106T061500Z-QE24M
CAP-24-0176,C-12828-17,2024-06-24 10:00:00,request,25,SG-0030366,SG-0050345,SG-0030366;SG-0030481;SG-0030486;SG-0048389;SG-0048408;SG-0048428;SG-0048445;SG-0048492;SG-0048612;SG-0048837;SG-0049053;SG-0049214;SG-0049298;SG-0049382;SG-0049591;SG-0049669;SG-0049823;SG-0050004;SG-0050074;SG-0050197;SG-0050235;SG-0050268;SG-0050294;SG-0050318;SG-0050345,normal; within sigma from mean range,,2.52,,2.26,CU-007,2024-06-27,E-0161,20260106T061500Z-QE24M
CAP-24-0177,C-11930-22,2024-06-24 13:00:00,PPAP,25,SG-0011312,SG-0035421,SG-0011312;SG-0011324;SG-0011333;SG-0011340;SG-0011353;SG-0011362;SG-0011393;SG-0035015;SG-0035042;SG-0035060;SG-0035079;SG-0035118;SG-0035133;SG-0035142;SG-0035158;SG-0035176;SG-0035187;SG-0035216;SG-0035241;SG-0035261;SG-0035289;SG-0035322;SG-0035354;SG-0035402;SG-0035421,normal; within sigma from mean range,1.18,1.12,1.13,1.07,CU-016,2024-06-28,E-0161,20260106T061500Z-QE24M
CAP-24-0178,C-11167-06,2024-06-24 14:00:00,request,25,SG-0027248,SG-0027682,SG-0027248;SG-0027263;SG-0027292;SG-0027309;SG-0027324;SG-0027340;SG-0027359;SG-0027376;SG-0027397;SG-0027409;SG-0027431;SG-0027447;SG-0027465;SG-0027506;SG-0027525;SG-0027536;SG-0027551;SG-0027564;SG-0027580;SG-0027596;SG-0027604;SG-0027613;SG-0027627;SG-0027651;SG-0027682,normal; within sigma from mean range,1.23,0.98,1.16,0.92,CU-010,2024-06-25,E-0161,20260106T061500Z-QE24M
CAP-24-0179,C-11167-04,2024-06-24 15:00:00,request,25,SG-0009744,SG-0027666,SG-0009744;SG-0009768;SG-0009794;SG-0009819;SG-0009875;SG-0009900;SG-0009935;SG-0009967;SG-0010016;SG-0010101;SG-0027190;SG-0027220;SG-0027245;SG-0027289;SG-0027317;SG-0027352;SG-0027392;SG-0027425;SG-0027460;SG-0027512;SG-0027542;SG-0027568;SG-0027598;SG-0027622;SG-0027666,normal; within sigma from mean range,1.44,1.38,1.1,1.06,CU-010,2024-06-28,E-0161,20260106T061500Z-QE24M
CAP-24-0180,C-13483-35,2024-06-25 10:00:00,request,25,SG-0048878,SG-0049588,SG-0048878;SG-0048906;SG-0048928;SG-0048956;SG-0049023;SG-0049057;SG-0049077;SG-0049104;SG-0049129;SG-0049152;SG-0049171;SG-0049202;SG-0049229;SG-0049250;SG-0049274;SG-0049311;SG-0049340;SG-0049361;SG-0049401;SG-0049419;SG-0049443;SG-0049492;SG-0049532;SG-0049557;SG-0049588,normal; within sigma from mean range,1.24,1.16,1.23,1.15,internal,2024-06-28,E-0161,20260106T061500Z-QE24M
CAP-24-0181,C-12884-18,2024-06-25 11:00:00,request,25,SG-0024753,SG-0046017,SG-0024753;SG-0024760;SG-0024771;SG-0024775;SG-0024787;SG-0045114;SG-0045394;SG-0045541;SG-0045548;SG-0045554;SG-0045559;SG-0045564;SG-0045569;SG-0045574;SG-0045579;SG-0045585;SG-0045592;SG-0045597;SG-0045604;SG-0045608;SG-0045612;SG-0045617;SG-0045624;SG-0046003;SG-0046017,normal; within sigma from mean range,2.27,2.2,2.0,1.94,CU-008,2024-06-25,E-0159,20260106T061500Z-QE24M
CAP-24-0182,C-12947-34,2024-06-25 12:00:00,request,25,SG-0043423,SG-0043938,SG-0043423;SG-0043443;SG-0043461;SG-0043503;SG-0043511;SG-0043524;SG-0043531;SG-0043539;SG-0043550;SG-0043554;SG-0043564;SG-0043569;SG-0043576;SG-0043645;SG-0043658;SG-0043675;SG-0043684;SG-0043704;SG-0043715;SG-0043731;SG-0043743;SG-0043753;SG-0043788;SG-0043895;SG-0043938,normal; within sigma from mean range,2.27,2.17,2.22,2.12,CU-007,2024-06-28,E-0161,20260106T061500Z-QE24M
CAP-24-0183,C-14196-28,2024-06-25 15:00:00,request,25,SG-0005773,SG-0035602,SG-0005773;SG-0005881;SG-0034626;SG-0034641;SG-0034661;SG-0034681;SG-0034729;SG-0034751;SG-0034825;SG-0034859;SG-0034876;SG-0034895;SG-0034958;SG-0035007;SG-0035050;SG-0035076;SG-0035126;SG-0035145;SG-0035170;SG-0035195;SG-0035239;SG-0035280;SG-0035388;SG-0035430;SG-0035602,normal; within sigma from mean range,2.0,1.98,1.88,1.86,CU-001,2024-06-30,E-0160,20260106T061500Z-QE24M
CAP-24-0184,C-11909-06,2024-06-26 08:00:00,request,25,SG-0048305,SG-0050840,SG-0048305;SG-0048376;SG-0048421;SG-0048465;SG-0048659;SG-0048813;SG-0049031;SG-0049198;SG-0049372;SG-0049578;SG-0049741;SG-0049903;SG-0050085;SG-0050178;SG-0050247;SG-0050299;SG-0050356;SG-0050432;SG-0050484;SG-0050539;SG-0050603;SG-0050656;SG-0050746;SG-0050788;SG-0050840,normal; within sigma from mean range,1.29,1.04,1.35,1.08,internal,2024-06-26,E-0158,20260106T061500Z-QE24M
CAP-24-0185,C-11226-05,2024-06-26 10:00:00,request,25,SG-0034055,SG-0051392,SG-0034055;SG-0034071;SG-0034096;SG-0034193;SG-0034226;SG-0034237;SG-0034260;SG-0034290;SG-0034317;SG-0034343;SG-0034424;SG-0034457;SG-0034488;SG-0034514;SG-0034541;SG-0034566;SG-0034625;SG-0034631;SG-0034646;SG-0034654;SG-0034667;SG-0051289;SG-0051347;SG-0051373;SG-0051392,normal; within sigma from mean range,,2.36,,2.14,CU-009,2024-06-28,E-0159,20260106T061500Z-QE24M
CAP-24-0186,C-14175-03,2024-06-26 11:00:00,request,25,SG-0010908,SG-0033854,SG-0010908;SG-0033059;SG-0033093;SG-0033127;SG-0033162;SG-0033191;SG-0033283;SG-0033321;SG-0033347;SG-0033381;SG-0033410;SG-0033452;SG-0033475;SG-0033575;SG-0033591;SG-0033602;SG-0033616;SG-0033631;SG-0033643;SG-0033663;SG-0033771;SG-0033807;SG-0033821;SG-0033841;SG-0033854,normal; within sigma from mean range,2.29,2.18,2.12,2.02,internal,2024-06-26,E-0158,20260106T061500Z-QE24M
CAP-24-0187,C-13317-14,2024-06-26 13:00:00,request,25,SG-0010584,SG-0031035,SG-0010584;SG-0010616;SG-0010634;SG-0010653;SG-0010674;SG-0010690;SG-0010711;SG-0010723;SG-0010737;SG-0010766;SG-0030492;SG-0030509;SG-0030791;SG-0030792;SG-0030802;SG-0030808;SG-0030810;SG-0030815;SG-0030816;SG-0030820;SG-0031021;SG-0031028;SG-0031030;SG-0031031;SG-0031035,normal; within sigma from mean range,1.41,1.32,1.41,1.31,CU-012,2024-06-29,E-0161,20260106T061500Z-QE24M
CAP-24-0188,C-13321-18,2024-06-26 13:00:00,request,25,SG-0002728,SG-0036795,SG-0002728;SG-0002759;SG-0002797;SG-0002833;SG-0002884;SG-0002943;SG-0002983;SG-0003015;SG-0003049;SG-0036495;SG-0036516;SG-0036542;SG-0036621;SG-0036635;SG-0036651;SG-0036654;SG-0036666;SG-0036679;SG-0036688;SG-0036703;SG-0036726;SG-0036756;SG-0036766;SG-0036790;SG-0036795,normal; within sigma from mean range,1.62,1.47,1.54,1.4,CU-011,2024-06-30,E-0158,20260106T061500Z-QE24M
CAP-24-0189,C-13380-18,2024-06-26 13:00:00,PPAP,25,SG-0038457,SG-0039247,SG-0038457;SG-0038458;SG-0038463;SG-0038467;SG-0038468;SG-0038469;SG-0038728;SG-0038729;SG-0038732;SG-0038733;SG-0038736;SG-0038737;SG-0038743;SG-0038744;SG-0038749;SG-0038750;SG-0038758;SG-0038763;SG-0038769;SG-0038770;SG-0039235;SG-0039239;SG-0039240;SG-0039243;SG-0039247,normal; within sigma from mean range,1.85,1.77,1.73,1.66,CU-012,2024-06-27,E-0161,20260106T061500Z-QE24M
CAP-24-0190,C-14103-05,2024-06-26 13:00:00,request,25,SG-0048394,SG-0050203,SG-0048394;SG-0048414;SG-0048437;SG-0048454;SG-0048573;SG-0048640;SG-0048718;SG-0048805;SG-0048891;SG-0049017;SG-0049109;SG-0049191;SG-0049277;SG-0049373;SG-0049467;SG-0049579;SG-0049664;SG-0049752;SG-0049834;SG-0049918;SG-0050022;SG-0050098;SG-0050164;SG-0050186;SG-0050203,normal; within sigma from mean range,1.46,1.37,1.53,1.44,internal,2024-06-27,E-0161,20260106T061500Z-QE24M
CAP-24-0191,C-11950-20,2024-06-27 09:00:00,PPAP,25,SG-0049525,SG-0050364,SG-0049525;SG-0049589;SG-0049639;SG-0049687;SG-0049733;SG-0049783;SG-0049836;SG-0049884;SG-0049944;SG-0050011;SG-0050055;SG-0050100;SG-0050148;SG-0050166;SG-0050184;SG-0050192;SG-0050207;SG-0050239;SG-0050259;SG-0050278;SG-0050288;SG-0050313;SG-0050328;SG-0050341;SG-0050364,normal; within sigma from mean range,1.46,1.44,1.43,1.41,CU-015,2024-07-02,E-0158,20260106T061500Z-QE24M
CAP-24-0192,C-14175-23,2024-06-27 09:00:00,PPAP,25,SG-0033194,SG-0051594,SG-0033194;SG-0033285;SG-0033320;SG-0033350;SG-0033382;SG-0033413;SG-0033451;SG-0033477;SG-0033577;SG-0033593;SG-0033603;SG-0033617;SG-0033630;SG-0033642;SG-0033660;SG-0033782;SG-0033806;SG-0033820;SG-0033840;SG-0033851;SG-0051571;SG-0051577;SG-0051578;SG-0051584;SG-0051594,normal; within sigma from mean range,1.0,0.67,1.03,0.69,CU-002,2024-07-02,E-0158,20260106T061500Z-QE24M
CAP-24-0193,C-13357-02,2024-06-27 11:00:00,request,25,SG-0047200,SG-0047501,SG-0047200;SG-0047201;SG-0047204;SG-0047205;SG-0047208;SG-0047212;SG-0047215;SG-0047216;SG-0047218;SG-0047323;SG-0047324;SG-0047325;SG-0047326;SG-0047340;SG-0047342;SG-0047347;SG-0047348;SG-0047349;SG-0047354;SG-0047355;SG-0047362;SG-0047366;SG-0047493;SG-0047496;SG-0047501,normal; within sigma from mean range,,2.15,,2.15,CU-012,2024-07-02,E-0160,20260106T061500Z-QE24M
CAP-24-0194,C-12023-05,2024-06-27 14:00:00,request,25,SG-0016903,SG-0038857,SG-0016903;SG-0017079;SG-0017104;SG-0017302;SG-0017638;SG-0018429;SG-0035069;SG-0035165;SG-0035274;SG-0035424;SG-0035539;SG-0035703;SG-0035868;SG-0036191;SG-0036395;SG-0036529;SG-0036692;SG-0036875;SG-0036900;SG-0036944;SG-0037621;SG-0038311;SG-0038395;SG-0038436;SG-0038857,normal; within sigma from mean range,2.31,2.17,2.29,2.16,CU-016,2024-07-01,E-0160,20260106T061500Z-QE24M
CAP-24-0195,C-14108-29,2024-06-27 14:00:00,request,25,SG-0050906,SG-0051479,SG-0050906;SG-0050932;SG-0050959;SG-0050980;SG-0051009;SG-0051055;SG-0051082;SG-0051140;SG-0051190;SG-0051202;SG-0051218;SG-0051235;SG-0051247;SG-0051258;SG-0051271;SG-0051280;SG-0051331;SG-0051354;SG-0051374;SG-0051386;SG-0051404;SG-0051418;SG-0051433;SG-0051451;SG-0051479,normal; within sigma from mean range,1.2,1.17,1.22,1.18,internal,2024-06-27,E-0159,20260106T061500Z-QE24M
CAP-24-0196,C-14134-23,2024-06-27 14:00:00,request,25,SG-0048061,SG-0048517,SG-0048061;SG-0048079;SG-0048095;SG-0048111;SG-0048133;SG-0048147;SG-0048155;SG-0048196;SG-0048210;SG-0048234;SG-0048249;SG-0048274;SG-0048287;SG-0048306;SG-0048318;SG-0048335;SG-0048371;SG-0048386;SG-0048398;SG-0048413;SG-0048422;SG-0048436;SG-0048442;SG-0048456;SG-0048517,normal; within sigma from mean range,1.27,1.01,1.24,0.99,internal,2024-06-28,E-0159,20260106T061500Z-QE24M
CAP-24-0197,C-13321-18,2024-09-05 08:00:00,request,25,SG-0062638,SG-0062788,SG-0062638;SG-0062645;SG-0062650;SG-0062659;SG-0062664;SG-0062673;SG-0062678;SG-0062680;SG-0062690;SG-0062695;SG-0062698;SG-0062705;SG-0062711;SG-0062717;SG-0062724;SG-0062728;SG-0062734;SG-0062739;SG-0062746;SG-0062752;SG-0062757;SG-0062764;SG-0062772;SG-0062780;SG-0062788,normal; within sigma from mean range,1.83,1.76,1.67,1.61,internal,2024-09-05,E-0159,20260106T061500Z-QE24M
CAP-24-0198,C-13369-01,2024-09-05 14:00:00,request,25,SG-0036484,SG-0065644,SG-0036484;SG-0036499;SG-0036521;SG-0036537;SG-0036556;SG-0036617;SG-0036628;SG-0036642;SG-0036658;SG-0065182;SG-0065191;SG-0065311;SG-0065332;SG-0065347;SG-0065364;SG-0065376;SG-0065386;SG-0065464;SG-0065492;SG-0065519;SG-0065574;SG-0065599;SG-0065617;SG-0065637;SG-0065644,normal; within sigma from mean range,1.67,1.52,1.64,1.49,CU-011,2024-09-09,E-0160,20260106T061500Z-QE24M
CAP-24-0199,C-11173-11,2024-09-06 11:00:00,request,25,SG-0027883,SG-0056387,SG-0027883;SG-0027913;SG-0027933;SG-0054515;SG-0054555;SG-0054603;SG-0054643;SG-0054695;SG-0054746;SG-0054793;SG-0054921;SG-0055051;SG-0055190;SG-0055318;SG-0055447;SG-0055580;SG-0055709;SG-0055828;SG-0055955;SG-0056071;SG-0056180;SG-0056289;SG-0056344;SG-0056362;SG-0056387,normal; within sigma from mean range,1.62,1.62,1.09,1.09,internal,2024-09-11,E-0159,20260106T061500Z-QE24M
CAP-24-0200,C-12004-08,2024-09-06 13:00:00,request,25,SG-0052726,SG-0053205,SG-0052726;SG-0052746;SG-0052772;SG-0052800;SG-0052828;SG-0052851;SG-0052872;SG-0052890;SG-0052958;SG-0052982;SG-0052995;SG-0052999;SG-0053015;SG-0053024;SG-0053029;SG-0053037;SG-0053046;SG-0053056;SG-0053080;SG-0053102;SG-0053113;SG-0053121;SG-0053171;SG-0053188;SG-0053205,normal; within sigma from mean range,2.15,2.08,2.06,2.0,internal,2024-09-07,E-0160,20260106T061500Z-QE24M
CAP-24-0201,C-12861-09,2024-09-06 15:00:00,request,25,SG-0055403,SG-0056410,SG-0055403;SG-0055466;SG-0055523;SG-0055584;SG-0055645;SG-0055703;SG-0055759;SG-0055812;SG-0055876;SG-0055928;SG-0055991;SG-0056044;SG-0056089;SG-0056144;SG-0056190;SG-0056240;SG-0056294;SG-0056315;SG-0056343;SG-0056354;SG-0056360;SG-0056372;SG-0056382;SG-0056398;SG-0056410,normal; within sigma from mean range,1.5,1.37,1.38,1.26,CU-007,2024-09-08,E-0160,20260106T061500Z-QE24M
CAP-24-0202,C-11329-04,2024-09-07 09:00:00,request,25,SG-0068226,SG-0068770,SG-0068226;SG-0068240;SG-0068259;SG-0068295;SG-0068322;SG-0068344;SG-0068358;SG-0068375;SG-0068387;SG-0068397;SG-0068412;SG-0068439;SG-0068476;SG-0068489;SG-0068502;SG-0068516;SG-0068528;SG-0068541;SG-0068558;SG-0068575;SG-0068588;SG-0068613;SG-0068675;SG-0068722;SG-0068770,normal; within sigma from mean range,2.47,2.38,2.36,2.27,internal,2024-09-09,E-0159,20260106T061500Z-QE24M
CAP-24-0203,C-11163-06,2024-09-07 12:00:00,request,25,SG-0063019,SG-0064184,SG-0063019;SG-0063088;SG-0063097;SG-0063107;SG-0063119;SG-0063129;SG-0063205;SG-0063214;SG-0063223;SG-0063239;SG-0063253;SG-0063277;SG-0063291;SG-0063308;SG-0063365;SG-0063443;SG-0063514;SG-0063597;SG-0063667;SG-0063739;SG-0063814;SG-0063901;SG-0063998;SG-0064093;SG-0064184,normal; within sigma from mean range,1.57,1.52,1.09,1.05,internal,2024-09-07,E-0160,20260106T061500Z-QE24M
CAP-24-0204,C-11909-01,2024-09-07 14:00:00,request,25,SG-0065197,SG-0067382,SG-0065197;SG-0065328;SG-0065369;SG-0065491;SG-0065547;SG-0065602;SG-0065652;SG-0065676;SG-0065696;SG-0065748;SG-0065792;SG-0065851;SG-0065901;SG-0065939;SG-0065968;SG-0066069;SG-0066258;SG-0066401;SG-0066549;SG-0066692;SG-0066827;SG-0066969;SG-0067127;SG-0067256;SG-0067382,normal; within sigma from mean range,0.98,0.94,0.97,0.93,internal,2024-09-10,E-0160,20260106T061500Z-QE24M
CAP-24-0205,C-14175-03,2024-09-07 14:00:00,request,25,SG-0033854,SG-0052078,SG-0033854;SG-0051580;SG-0051582;SG-0051583;SG-0051585;SG-0051586;SG-0051695;SG-0051698;SG-0051718;SG-0051724;SG-0051728;SG-0051738;SG-0051743;SG-0051861;SG-0051864;SG-0051868;SG-0051876;SG-0051877;SG-0051882;SG-0051885;SG-0052031;SG-0052069;SG-0052074;SG-0052077;SG-0052078,normal; within sigma from mean range,2.19,1.97,2.31,2.08,CU-002,2024-09-10,E-0158,20260106T061500Z-QE24M
CAP-24-0206,C-14159-01,2024-09-08 10:00:00,request,25,SG-0052787,SG-0067522,SG-0052787;SG-0052793;SG-0052804;SG-0052812;SG-0052824;SG-0052832;SG-0052838;SG-0052846;SG-0052857;SG-0052862;SG-0067477;SG-0067484;SG-0067486;SG-0067489;SG-0067494;SG-0067497;SG-0067500;SG-0067506;SG-0067508;SG-0067511;SG-0067513;SG-0067514;SG-0067518;SG-0067519;SG-0067522,normal; within sigma from mean range,1.55,1.53,1.61,1.58,CU-002,2024-09-11,E-0159,20260106T061500Z-QE24M
CAP-24-0207,C-12835-01,2024-09-08 15:00:00,request,25,SG-0043227,SG-0057312,SG-0043227;SG-0043241;SG-0043251;SG-0043259;SG-0043269;SG-0043292;SG-0043308;SG-0056801;SG-0056804;SG-0056821;SG-0056822;SG-0056825;SG-0056826;SG-0056832;SG-0056833;SG-0057274;SG-0057275;SG-0057278;SG-0057282;SG-0057287;SG-0057291;SG-0057295;SG-0057297;SG-0057298;SG-0057312,normal; within sigma from mean range,1.83,1.77,1.75,1.69,CU-008,2024-09-12,E-0160,20260106T061500Z-QE24M
CAP-24-0208,C-14212-17,2024-09-08 15:00:00,request,25,SG-0064420,SG-0064812,SG-0064420;SG-0064421;SG-0064426;SG-0064430;SG-0064436;SG-0064444;SG-0064447;SG-0064450;SG-0064451;SG-0064463;SG-0064469;SG-0064772;SG-0064773;SG-0064785;SG-0064787;SG-0064788;SG-0064792;SG-0064793;SG-0064794;SG-0064800;SG-0064801;SG-0064804;SG-0064808;SG-0064810;SG-0064812,normal; within sigma from mean range,1.85,1.76,1.79,1.71,CU-002,2024-09-13,E-0159,20260106T061500Z-QE24M
CAP-24-0209,C-13403-09,2024-09-09 08:00:00,request,25,SG-0012337,SG-0060595,SG-0012337;SG-0012350;SG-0012356;SG-0012361;SG-0012369;SG-0012377;SG-0012387;SG-0060251;SG-0060260;SG-0060266;SG-0060274;SG-0060285;SG-0060294;SG-0060300;SG-0060311;SG-0060332;SG-0060369;SG-0060415;SG-0060447;SG-0060464;SG-0060489;SG-0060517;SG-0060529;SG-0060563;SG-0060595,normal; within sigma from mean range,1.69,1.69,1.66,1.65,CU-011,2024-09-09,E-0160,20260106T061500Z-QE24M
CAP-24-0210,C-13350-04,2024-09-09 09:00:00,request,25,SG-0054304,SG-0054785,SG-0054304;SG-0054321;SG-0054357;SG-0054369;SG-0054382;SG-0054404;SG-0054415;SG-0054437;SG-0054447;SG-0054467;SG-0054503;SG-0054516;SG-0054533;SG-0054552;SG-0054569;SG-0054587;SG-0054609;SG-0054633;SG-0054646;SG-0054675;SG-0054700;SG-0054725;SG-0054735;SG-0054763;SG-0054785,normal; within sigma from mean range,1.81,1.69,1.84,1.73,CU-011,2024-09-10,E-0159,20260106T061500Z-QE24M
CAP-24-0211,C-12947-12,2024-09-09 14:00:00,request,25,SG-0043425,SG-0043936,SG-0043425;SG-0043441;SG-0043458;SG-0043502;SG-0043510;SG-0043523;SG-0043530;SG-0043537;SG-0043549;SG-0043552;SG-0043565;SG-0043567;SG-0043575;SG-0043644;SG-0043657;SG-0043674;SG-0043683;SG-0043703;SG-0043713;SG-0043729;SG-0043742;SG-0043754;SG-0043787;SG-0043894;SG-0043936,normal; within sigma from mean range,1.82,1.75,1.76,1.69,internal,2024-09-10,E-0161,20260106T061500Z-QE24M
CAP-24-0212,C-14992-08,2024-09-09 15:00:00,request,25,SG-0064160,SG-0065199,SG-0064160;SG-0064251;SG-0064329;SG-0064424;SG-0064532;SG-0064609;SG-0064690;SG-0064738;SG-0064760;SG-0064826;SG-0064858;SG-0064881;SG-0064906;SG-0064921;SG-0064981;SG-0064996;SG-0065018;SG-0065034;SG-0065056;SG-0065110;SG-0065134;SG-0065148;SG-0065167;SG-0065176;SG-0065199,normal; within sigma from mean range,2.39,2.34,1.5,1.46,internal,2024-09-12,E-0159,20260106T061500Z-QE24M
CAP-24-0213,C-11950-01,2024-09-10 08:00:00,request,25,SG-0049528,SG-0050360,SG-0049528;SG-0049585;SG-0049638;SG-0049683;SG-0049736;SG-0049782;SG-0049840;SG-0049880;SG-0049947;SG-0050002;SG-0050052;SG-0050105;SG-0050147;SG-0050168;SG-0050182;SG-0050191;SG-0050206;SG-0050236;SG-0050261;SG-0050277;SG-0050287;SG-0050312;SG-0050325;SG-0050340;SG-0050360,normal; within sigma from mean range,1.58,1.54,1.57,1.53,CU-015,2024-09-13,E-0159,20260106T061500Z-QE24M
CAP-24-0214,C-12868-03,2024-09-10 10:00:00,request,25,SG-0042064,SG-0054756,SG-0042064;SG-0042072;SG-0054434;SG-0054441;SG-0054455;SG-0054469;SG-0054484;SG-0054510;SG-0054521;SG-0054532;SG-0054545;SG-0054556;SG-0054571;SG-0054584;SG-0054606;SG-0054616;SG-0054635;SG-0054645;SG-0054659;SG-0054682;SG-0054693;SG-0054709;SG-0054731;SG-0054740;SG-0054756,normal; within sigma from mean range,1.94,1.84,1.93,1.84,internal,2024-09-12,E-0158,20260106T061500Z-QE24M
CAP-24-0215,C-14140-03,2024-09-11 09:00:00,request,25,SG-0050869,SG-0051511,SG-0050869;SG-0050871;SG-0050874;SG-0050880;SG-0050882;SG-0050887;SG-0050889;SG-0051099;SG-0051109;SG-0051127;SG-0051133;SG-0051148;SG-0051149;SG-0051157;SG-0051164;SG-0051292;SG-0051293;SG-0051297;SG-0051304;SG-0051308;SG-0051313;SG-0051316;SG-0051325;SG-0051488;SG-0051511,normal; within sigma from mean range,1.72,1.61,1.64,1.54,internal,2024-09-13,E-0158,20260106T061500Z-QE24M
CAP-24-0216,C-12884-18,2024-09-11 11:00:00,request,25,SG-0024753,SG-0046017,SG-0024753;SG-0024760;SG-0024771;SG-0024775;SG-0024787;SG-0045114;SG-0045394;SG-0045541;SG-0045548;SG-0045554;SG-0045559;SG-0045564;SG-0045569;SG-0045574;SG-0045579;SG-0045585;SG-0045592;SG-0045597;SG-0045604;SG-0045608;SG-0045612;SG-0045617;SG-0045624;SG-0046003;SG-0046017,normal; within sigma from mean range,2.27,2.2,2.0,1.94,CU-008,2024-09-12,E-0160,20260106T061500Z-QE24M
CAP-24-0217,C-13357-02,2024-09-11 12:00:00,request,25,SG-0047200,SG-0047501,SG-0047200;SG-0047201;SG-0047204;SG-0047205;SG-0047208;SG-0047212;SG-0047215;SG-0047216;SG-0047218;SG-0047323;SG-0047324;SG-0047325;SG-0047326;SG-0047340;SG-0047342;SG-0047347;SG-0047348;SG-0047349;SG-0047354;SG-0047355;SG-0047362;SG-0047366;SG-0047493;SG-0047496;SG-0047501,normal; within sigma from mean range,,2.15,,2.15,CU-012,2024-09-11,E-0160,20260106T061500Z-QE24M
CAP-24-0218,C-13317-14,2024-09-12 10:00:00,request,25,SG-0061816,SG-0062129,SG-0061816;SG-0061834;SG-0061844;SG-0061859;SG-0061867;SG-0061878;SG-0061888;SG-0061919;SG-0061935;SG-0061945;SG-0061957;SG-0061966;SG-0061973;SG-0061982;SG-0061998;SG-0062009;SG-0062019;SG-0062032;SG-0062065;SG-0062072;SG-0062085;SG-0062096;SG-0062107;SG-0062116;SG-0062129,normal; within sigma from mean range,1.47,1.37,1.52,1.42,CU-012,2024-09-13,E-0160,20260106T061500Z-QE24M
CAP-24-0219,C-11201-16,2024-09-12 15:00:00,request,25,SG-0070218,SG-0070515,SG-0070218;SG-0070219;SG-0070226;SG-0070230;SG-0070234;SG-0070246;SG-0070250;SG-0070253;SG-0070256;SG-0070259;SG-0070381;SG-0070383;SG-0070385;SG-0070391;SG-0070398;SG-0070400;SG-0070403;SG-0070405;SG-0070406;SG-0070414;SG-0070503;SG-0070505;SG-0070508;SG-0070511;SG-0070515,normal; within sigma from mean range,1.37,1.37,1.34,1.34,CU-010,2024-09-12,E-0159,20260106T061500Z-QE24M
CAP-24-0220,C-11253-11,2024-09-12 15:00:00,request,25,SG-0056741,SG-0070902,SG-0056741;SG-0056903;SG-0057046;SG-0057185;SG-0057353;SG-0070080;SG-0070140;SG-0070173;SG-0070196;SG-0070284;SG-0070318;SG-0070358;SG-0070429;SG-0070454;SG-0070484;SG-0070521;SG-0070563;SG-0070602;SG-0070626;SG-0070650;SG-0070670;SG-0070727;SG-0070791;SG-0070844;SG-0070902,normal; within sigma from mean range,1.6,1.59,1.65,1.64,CU-010,2024-09-15,E-0160,20260106T061500Z-QE24M
CAP-24-0221,C-11282-06,2024-09-12 15:00:00,request,25,SG-0065316,SG-0065597,SG-0065316;SG-0065323;SG-0065326;SG-0065337;SG-0065342;SG-0065352;SG-0065359;SG-0065366;SG-0065377;SG-0065382;SG-0065396;SG-0065444;SG-0065490;SG-0065502;SG-0065511;SG-0065517;SG-0065525;SG-0065530;SG-0065539;SG-0065550;SG-0065557;SG-0065571;SG-0065577;SG-0065588;SG-0065597,normal; within sigma from mean range,1.94,1.83,1.92,1.82,CU-010,2024-09-17,E-0161,20260106T061500Z-QE24M
CAP-24-0222,C-11301-04,2024-09-12 15:00:00,request,25,SG-0050436,SG-0050694,SG-0050436;SG-0050444;SG-0050454;SG-0050464;SG-0050467;SG-0050477;SG-0050490;SG-0050501;SG-0050509;SG-0050518;SG-0050524;SG-0050541;SG-0050552;SG-0050566;SG-0050573;SG-0050585;SG-0050598;SG-0050606;SG-0050620;SG-0050629;SG-0050636;SG-0050652;SG-0050666;SG-0050677;SG-0050694,normal; within sigma from mean range,2.09,1.96,2.08,1.95,CU-009,2024-09-17,E-0159,20260106T061500Z-QE24M
CAP-24-0223,C-14108-14,2024-09-13 10:00:00,request,25,SG-0069896,SG-0070200,SG-0069896;SG-0069900;SG-0069906;SG-0069914;SG-0069919;SG-0069924;SG-0069932;SG-0069940;SG-0069965;SG-0069980;SG-0069992;SG-0070010;SG-0070022;SG-0070036;SG-0070052;SG-0070064;SG-0070085;SG-0070127;SG-0070139;SG-0070148;SG-0070158;SG-0070162;SG-0070178;SG-0070189;SG-0070200,normal; within sigma from mean range,1.11,0.9,1.15,0.94,CU-002,2024-09-13,E-0161,20260106T061500Z-QE24M
CAP-24-0224,C-17004-05,2024-09-14 11:00:00,request,25,SG-0069821,SG-0069853,SG-0069821;SG-0069822;SG-0069825;SG-0069826;SG-0069827;SG-0069828;SG-0069829;SG-0069830;SG-0069831;SG-0069832;SG-0069833;SG-0069835;SG-0069837;SG-0069838;SG-0069839;SG-0069840;SG-0069842;SG-0069843;SG-0069844;SG-0069845;SG-0069846;SG-0069848;SG-0069849;SG-0069851;SG-0069853,normal; within sigma from mean range,2.07,1.92,2.24,2.09,internal,2024-09-17,E-0160,20260106T061500Z-QE24M
CAP-24-0225,C-12907-02,2024-09-16 08:00:00,request,25,SG-0022739,SG-0051243,SG-0022739;SG-0022747;SG-0022756;SG-0022847;SG-0022848;SG-0022851;SG-0022855;SG-0022862;SG-0022864;SG-0022867;SG-0022879;SG-0050854;SG-0050929;SG-0050952;SG-0050996;SG-0051017;SG-0051038;SG-0051056;SG-0051075;SG-0051095;SG-0051176;SG-0051195;SG-0051209;SG-0051237;SG-0051243,normal; within sigma from mean range,2.13,2.09,2.23,2.2,internal,2024-09-18,E-0161,20260106T061500Z-QE24M
CAP-24-0226,C-14989-04,2024-09-16 13:00:00,request,25,SG-0065146,SG-0065608,SG-0065146;SG-0065155;SG-0065158;SG-0065171;SG-0065178;SG-0065187;SG-0065217;SG-0065306;SG-0065318;SG-0065324;SG-0065340;SG-0065351;SG-0065357;SG-0065372;SG-0065384;SG-0065394;SG-0065488;SG-0065504;SG-0065515;SG-0065527;SG-0065542;SG-0065558;SG-0065572;SG-0065592;SG-0065608,normal; within sigma from mean range,2.06,1.78,1.55,1.34,CU-009,2024-09-18,E-0160,20260106T061500Z-QE24M
CAP-24-0227,C-11923-04,2024-09-17 08:00:00,request,25,SG-0036916,SG-0049968,SG-0036916;SG-0036929;SG-0036942;SG-0037068;SG-0037135;SG-0048009;SG-0048162;SG-0048169;SG-0048175;SG-0048183;SG-0048344;SG-0048346;SG-0048347;SG-0048349;SG-0048499;SG-0048519;SG-0048535;SG-0048989;SG-0048996;SG-0049008;SG-0049016;SG-0049459;SG-0049489;SG-0049939;SG-0049968,normal; within sigma from mean range,1.18,1.05,1.2,1.06,CU-015,2024-09-22,E-0160,20260106T061500Z-QE24M
CAP-24-0228,C-14117-10,2024-09-17 08:00:00,request,25,SG-0066484,SG-0067516,SG-0066484;SG-0066555;SG-0066618;SG-0066685;SG-0066749;SG-0066814;SG-0066881;SG-0066944;SG-0067034;SG-0067096;SG-0067156;SG-0067216;SG-0067278;SG-0067337;SG-0067385;SG-0067395;SG-0067407;SG-0067419;SG-0067433;SG-0067455;SG-0067476;SG-0067488;SG-0067496;SG-0067509;SG-0067516,normal; within sigma from mean range,1.32,1.08,1.29,1.05,CU-001,2024-09-18,E-0161,20260106T061500Z-QE24M
CAP-24-0229,C-14952-04,2024-09-17 12:00:00,request,25,SG-0067856,SG-0068712,SG-0067856;SG-0067892;SG-0067918;SG-0067941;SG-0067967;SG-0068005;SG-0068077;SG-0068131;SG-0068160;SG-0068188;SG-0068219;SG-0068245;SG-0068296;SG-0068337;SG-0068362;SG-0068385;SG-0068404;SG-0068467;SG-0068488;SG-0068507;SG-0068531;SG-0068556;SG-0068578;SG-0068620;SG-0068712,normal; within sigma from mean range,2.69,2.37,1.66,1.46,CU-009,2024-09-22,E-0158,20260106T061500Z-QE24M
CAP-24-0230,C-11265-10,2024-09-17 15:00:00,request,25,SG-0068023,SG-0068324,SG-0068023;SG-0068038;SG-0068086;SG-0068107;SG-0068114;SG-0068126;SG-0068138;SG-0068143;SG-0068154;SG-0068168;SG-0068175;SG-0068185;SG-0068193;SG-0068204;SG-0068210;SG-0068224;SG-0068227;SG-0068237;SG-0068243;SG-0068251;SG-0068276;SG-0068292;SG-0068303;SG-0068314;SG-0068324,normal; within sigma from mean range,1.79,1.73,1.74,1.68,internal,2024-09-17,E-0161,20260106T061500Z-QE24M
CAP-24-0231,C-14918-14,2024-09-18 15:00:00,request,25,SG-0062636,SG-0062992,SG-0062636;SG-0062652;SG-0062671;SG-0062684;SG-0062701;SG-0062719;SG-0062732;SG-0062751;SG-0062767;SG-0062786;SG-0062797;SG-0062812;SG-0062827;SG-0062839;SG-0062853;SG-0062863;SG-0062881;SG-0062892;SG-0062904;SG-0062917;SG-0062932;SG-0062943;SG-0062957;SG-0062969;SG-0062992,normal; within sigma from mean range,2.45,2.36,1.76,1.69,CU-009,2024-09-22,E-0161,20260106T061500Z-QE24M
CAP-24-0232,C-11320-01,2024-09-19 09:00:00,request,25,SG-0065231,SG-0065629,SG-0065231;SG-0065249;SG-0065250;SG-0065255;SG-0065260;SG-0065265;SG-0065277;SG-0065406;SG-0065412;SG-0065413;SG-0065414;SG-0065418;SG-0065422;SG-0065423;SG-0065426;SG-0065434;SG-0065435;SG-0065446;SG-0065460;SG-0065472;SG-0065473;SG-0065481;SG-0065486;SG-0065622;SG-0065629,normal; within sigma from mean range,1.7,1.56,1.66,1.52,CU-010,2024-09-24,E-0158,20260106T061500Z-QE24M
CAP-24-0233,C-12878-19,2024-09-19 12:00:00,request,25,SG-0022363,SG-0061698,SG-0022363;SG-0022368;SG-0061496;SG-0061508;SG-0061513;SG-0061522;SG-0061534;SG-0061545;SG-0061561;SG-0061568;SG-0061575;SG-0061584;SG-0061594;SG-0061604;SG-0061609;SG-0061619;SG-0061625;SG-0061634;SG-0061649;SG-0061659;SG-0061666;SG-0061671;SG-0061682;SG-0061691;SG-0061698,normal; within sigma from mean range,2.14,2.08,2.05,1.99,CU-007,2024-09-20,E-0159,20260106T061500Z-QE24M
CAP-24-0234,C-11962-08,2024-09-19 14:00:00,request,25,SG-0053993,SG-0068091,SG-0053993;SG-0054027;SG-0054061;SG-0054084;SG-0054104;SG-0054127;SG-0054147;SG-0054163;SG-0054176;SG-0067656;SG-0067658;SG-0067766;SG-0067774;SG-0067795;SG-0067803;SG-0067804;SG-0067860;SG-0067861;SG-0067862;SG-0067875;SG-0067876;SG-0068046;SG-0068061;SG-0068084;SG-0068091,normal; within sigma from mean range,1.62,1.59,1.52,1.5,internal,2024-09-24,E-0158,20260106T061500Z-QE24M
CAP-24-0235,C-11226-03,2024-09-20 10:00:00,request,25,SG-0066542,SG-0067503,SG-0066542;SG-0066601;SG-0066657;SG-0066720;SG-0066776;SG-0066837;SG-0066895;SG-0066954;SG-0067035;SG-0067087;SG-0067143;SG-0067198;SG-0067251;SG-0067310;SG-0067361;SG-0067388;SG-0067402;SG-0067410;SG-0067420;SG-0067430;SG-0067440;SG-0067472;SG-0067481;SG-0067491;SG-0067503,normal; within sigma from mean range,1.19,1.07,1.13,1.02,internal,2024-09-21,E-0158,20260106T061500Z-QE24M
CAP-24-0236,C-11920-12,2024-09-20 14:00:00,request,25,SG-0058002,SG-0061960,SG-0058002;SG-0058711;SG-0059081;SG-0059477;SG-0059822;SG-0059883;SG-0060040;SG-0060125;SG-0060194;SG-0060286;SG-0060501;SG-0060718;SG-0060893;SG-0060974;SG-0061051;SG-0061157;SG-0061258;SG-0061324;SG-0061418;SG-0061486;SG-0061567;SG-0061651;SG-0061740;SG-0061852;SG-0061960,normal; within sigma from mean range,1.04,0.95,1.03,0.94,CU-016,2024-09-21,E-0161,20260106T061500Z-QE24M
CAP-24-0237,C-13380-09,2024-09-21 08:00:00,request,25,SG-0063247,SG-0063759,SG-0063247;SG-0063256;SG-0063259;SG-0063269;SG-0063279;SG-0063282;SG-0063293;SG-0063298;SG-0063301;SG-0063310;SG-0063336;SG-0063372;SG-0063402;SG-0063427;SG-0063461;SG-0063491;SG-0063527;SG-0063559;SG-0063587;SG-0063617;SG-0063646;SG-0063676;SG-0063705;SG-0063731;SG-0063759,normal; within sigma from mean range,2.39,2.29,2.28,2.18,CU-012,2024-09-23,E-0159,20260106T061500Z-QE24M
CAP-24-0238,C-12023-05,2024-09-21 11:00:00,request,25,SG-0054451,SG-0060230,SG-0054451;SG-0054590;SG-0054742;SG-0055060;SG-0055469;SG-0055858;SG-0056204;SG-0056369;SG-0056475;SG-0056587;SG-0056700;SG-0057092;SG-0057470;SG-0057851;SG-0058169;SG-0058532;SG-0058943;SG-0059336;SG-0059769;SG-0059868;SG-0059931;SG-0060032;SG-0060115;SG-0060182;SG-0060230,normal; within sigma from mean range,2.13,2.02,2.08,1.97,CU-016,2024-09-21,E-0161,20260106T061500Z-QE24M
CAP-24-0239,C-14103-05,2024-09-21 12:00:00,request,25,SG-0060190,SG-0064783,SG-0060190;SG-0060201;SG-0060216;SG-0063057;SG-0063149;SG-0063164;SG-0063170;SG-0063194;SG-0063263;SG-0063265;SG-0063270;SG-0063272;SG-0063517;SG-0063532;SG-0063535;SG-0063539;SG-0063938;SG-0063941;SG-0063943;SG-0063953;SG-0064410;SG-0064418;SG-0064449;SG-0064777;SG-0064783,normal; within sigma from mean range,1.62,1.5,1.56,1.45,internal,2024-09-26,E-0161,20260106T061500Z-QE24M
CAP-24-0240,C-14966-17,2024-09-21 12:00:00,request,25,SG-0062228,SG-0062586,SG-0062228;SG-0062247;SG-0062252;SG-0062260;SG-0062272;SG-0062290;SG-0062307;SG-0062323;SG-0062337;SG-0062352;SG-0062372;SG-0062405;SG-0062422;SG-0062431;SG-0062441;SG-0062452;SG-0062460;SG-0062474;SG-0062513;SG-0062531;SG-0062550;SG-0062560;SG-0062570;SG-0062574;SG-0062586,normal; within sigma from mean range,2.66,2.64,2.39,2.37,CU-010,2024-09-21,E-0161,20260106T061500Z-QE24M
CAP-24-0241,C-12828-17,2024-09-21 14:00:00,request,25,SG-0062912,SG-0063362,SG-0062912;SG-0062926;SG-0062938;SG-0062952;SG-0062962;SG-0062990;SG-0062995;SG-0063003;SG-0063007;SG-0063014;SG-0063031;SG-0063089;SG-0063100;SG-0063111;SG-0063120;SG-0063130;SG-0063206;SG-0063217;SG-0063225;SG-0063237;SG-0063250;SG-0063273;SG-0063288;SG-0063303;SG-0063362,normal; within sigma from mean range,,1.89,,1.89,CU-007,2024-09-26,E-0161,20260106T061500Z-QE24M
CAP-24-0242,C-13307-06,2024-09-22 14:00:00,request,25,SG-0053083,SG-0053273,SG-0053083;SG-0053088;SG-0053092;SG-0053100;SG-0053106;SG-0053107;SG-0053115;SG-0053120;SG-0053124;SG-0053131;SG-0053135;SG-0053149;SG-0053158;SG-0053165;SG-0053173;SG-0053183;SG-0053189;SG-0053198;SG-0053206;SG-0053215;SG-0053224;SG-0053234;SG-0053242;SG-0053269;SG-0053273,normal; within sigma from mean range,,1.84,,1.78,internal,2024-09-22,E-0158,20260106T061500Z-QE24M
CAP-24-0243,C-11930-12,2024-09-23 08:00:00,request,25,SG-0051440,SG-0068463,SG-0051440;SG-0051460;SG-0051521;SG-0051529;SG-0051542;SG-0051553;SG-0067865;SG-0067877;SG-0067879;SG-0068048;SG-0068066;SG-0068075;SG-0068096;SG-0068098;SG-0068099;SG-0068256;SG-0068265;SG-0068266;SG-0068268;SG-0068269;SG-0068273;SG-0068429;SG-0068433;SG-0068438;SG-0068463,normal; within sigma from mean range,1.59,1.56,1.28,1.26,internal,2024-09-23,E-0159,20260106T061500Z-QE24M
CAP-24-0244,C-14196-28,2024-09-23 12:00:00,request,25,SG-0061012,SG-0073488,SG-0061012;SG-0061034;SG-0061070;SG-0072325;SG-0072442;SG-0072541;SG-0072636;SG-0072744;SG-0072848;SG-0072966;SG-0073048;SG-0073087;SG-0073133;SG-0073165;SG-0073194;SG-0073218;SG-0073251;SG-0073282;SG-0073307;SG-0073330;SG-0073362;SG-0073398;SG-0073427;SG-0073453;SG-0073488,normal; within sigma from mean range,1.92,1.92,1.98,1.98,CU-001,2024-09-25,E-0158,20260106T061500Z-QE24M
CAP-24-0245,C-14168-10,2024-09-23 14:00:00,request,25,SG-0065926,SG-0066631,SG-0065926;SG-0065935;SG-0065943;SG-0065950;SG-0065955;SG-0065965;SG-0065974;SG-0065986;SG-0066007;SG-0066049;SG-0066085;SG-0066126;SG-0066163;SG-0066203;SG-0066268;SG-0066308;SG-0066338;SG-0066373;SG-0066417;SG-0066450;SG-0066492;SG-0066520;SG-0066562;SG-0066598;SG-0066631,normal; within sigma from mean range,1.82,1.8,1.79,1.77,CU-001,2024-09-27,E-0159,20260106T061500Z-QE24M
CAP-24-0246,C-14928-12,2024-09-23 15:00:00,request,25,SG-0063023,SG-0063196,SG-0063023;SG-0063024;SG-0063026;SG-0063027;SG-0063028;SG-0063033;SG-0063051;SG-0063064;SG-0063065;SG-0063066;SG-0063070;SG-0063074;SG-0063081;SG-0063138;SG-0063141;SG-0063146;SG-0063152;SG-0063156;SG-0063157;SG-0063165;SG-0063174;SG-0063181;SG-0063182;SG-0063188;SG-0063196,normal; within sigma from mean range,2.06,2.04,1.96,1.94,CU-010,2024-09-23,E-0161,20260106T061500Z-QE24M
CAP-24-0247,C-11984-02,2024-09-24 13:00:00,request,25,SG-0053937,SG-0064242,SG-0053937;SG-0053950;SG-0053957;SG-0053985;SG-0053996;SG-0054005;SG-0054018;SG-0054026;SG-0054044;SG-0054051;SG-0063823;SG-0063848;SG-0063875;SG-0063904;SG-0063932;SG-0063973;SG-0064006;SG-0064035;SG-0064057;SG-0064089;SG-0064117;SG-0064150;SG-0064182;SG-0064210;SG-0064242,normal; within sigma from mean range,1.9,1.85,1.9,1.86,CU-015,2024-09-24,E-0161,20260106T061500Z-QE24M
CAP-24-0248,C-12925-01,2024-09-24 15:00:00,request,25,SG-0018799,SG-0042866,SG-0018799;SG-0018816;SG-0018828;SG-0018846;SG-0018856;SG-0042527;SG-0042549;SG-0042569;SG-0042627;SG-0042644;SG-0042654;SG-0042670;SG-0042689;SG-0042698;SG-0042707;SG-0042726;SG-0042735;SG-0042741;SG-0042754;SG-0042774;SG-0042799;SG-0042815;SG-0042829;SG-0042859;SG-0042866,normal; within sigma from mean range,2.03,2.01,2.01,1.99,internal,2024-09-27,E-0160,20260106T061500Z-QE24M
CAP-24-0249,C-12016-08,2024-09-26 13:00:00,request,25,SG-0065566,SG-0066529,SG-0065566;SG-0065594;SG-0065619;SG-0065647;SG-0065662;SG-0065671;SG-0065684;SG-0065693;SG-0065723;SG-0065745;SG-0065771;SG-0065795;SG-0065860;SG-0065910;SG-0065931;SG-0065945;SG-0065958;SG-0065976;SG-0066034;SG-0066113;SG-0066194;SG-0066301;SG-0066376;SG-0066456;SG-0066529,normal; within sigma from mean range,2.11,1.98,2.06,1.94,internal,2024-09-26,E-0158,20260106T061500Z-QE24M
CAP-24-0250,C-11347-08,2024-09-27 09:00:00,request,25,SG-0053277,SG-0073979,SG-0053277;SG-0053295;SG-0053303;SG-0053315;SG-0053328;SG-0053340;SG-0073548;SG-0073575;SG-0073587;SG-0073607;SG-0073624;SG-0073641;SG-0073653;SG-0073690;SG-0073702;SG-0073728;SG-0073744;SG-0073756;SG-0073780;SG-0073809;SG-0073886;SG-0073906;SG-0073929;SG-0073945;SG-0073979,normal; within sigma from mean range,2.18,2.13,2.17,2.11,CU-010,2024-09-28,E-0161,20260106T061500Z-QE24M
CAP-24-0251,C-14134-23,2024-09-27 11:00:00,request,25,SG-0068179,SG-0068651,SG-0068179;SG-0068201;SG-0068216;SG-0068234;SG-0068249;SG-0068280;SG-0068310;SG-0068332;SG-0068353;SG-0068366;SG-0068379;SG-0068393;SG-0068403;SG-0068419;SG-0068470;SG-0068483;SG-0068497;SG-0068512;SG-0068522;SG-0068536;SG-0068553;SG-0068565;SG-0068582;SG-0068595;SG-0068651,normal; within sigma from mean range,1.37,1.14,1.31,1.09,internal,2024-09-29,E-0158,20260106T061500Z-QE24M
CAP-24-0252,C-11167-04,2024-09-27 15:00:00,request,25,SG-0027392,SG-0064860,SG-0027392;SG-0027425;SG-0027460;SG-0027512;SG-0027542;SG-0027568;SG-0027598;SG-0027622;SG-0027666;SG-0054558;SG-0054586;SG-0054689;SG-0054760;SG-0054875;SG-0055152;SG-0063849;SG-0063937;SG-0064116;SG-0064204;SG-0064285;SG-0064363;SG-0064634;SG-0064762;SG-0064834;SG-0064860,normal; within sigma from mean range,1.59,1.55,1.39,1.36,CU-010,2024-09-28,E-0161,20260106T061500Z-QE24M
CAP-24-0253,C-13328-14,2024-09-27 15:00:00,request,25,SG-0052328,SG-0053063,SG-0052328;SG-0052335;SG-0052337;SG-0052448;SG-0052449;SG-0052451;SG-0052452;SG-0052586;SG-0052596;SG-0052630;SG-0052654;SG-0052761;SG-0052764;SG-0052767;SG-0052768;SG-0052771;SG-0052912;SG-0052920;SG-0052924;SG-0052926;SG-0053001;SG-0053002;SG-0053003;SG-0053005;SG-0053063,normal; within sigma from mean range,2.31,2.13,2.04,1.89,internal,2024-10-02,E-0160,20260106T061500Z-QE24M
CAP-24-0254,C-12828-35,2024-12-06 08:00:00,annual layout,25,SG-0074472,SG-0095694,SG-0074472;SG-0074599;SG-0074600;SG-0074607;SG-0074611;SG-0074612;SG-0074727;SG-0074731;SG-0074735;SG-0074742;SG-0074746;SG-0074748;SG-0074798;SG-0074803;SG-0074811;SG-0095517;SG-0095528;SG-0095542;SG-0095546;SG-0095547;SG-0095670;SG-0095671;SG-0095678;SG-0095693;SG-0095694,normal; within sigma from mean range,2.04,1.77,1.85,1.6,CU-007,2024-12-11,E-0161,20260106T061500Z-QE24M
CAP-24-0255,C-14966-36,2024-12-06 09:00:00,annual layout,25,SG-0090794,SG-0094217,SG-0090794;SG-0090802;SG-0090812;SG-0090820;SG-0090869;SG-0090937;SG-0091031;SG-0091102;SG-0091167;SG-0091243;SG-0091369;SG-0091512;SG-0091823;SG-0091952;SG-0092087;SG-0092226;SG-0092362;SG-0092514;SG-0093020;SG-0093172;SG-0093328;SG-0093580;SG-0093681;SG-0094051;SG-0094217,normal; within sigma from mean range,1.33,1.27,1.33,1.28,CU-010,2024-12-09,E-0158,20260106T061500Z-QE24M
CAP-24-0256,C-13321-18,2024-12-06 10:00:00,annual layout,25,SG-0080045,SG-0080353,SG-0080045;SG-0080054;SG-0080066;SG-0080086;SG-0080096;SG-0080103;SG-0080113;SG-0080120;SG-0080134;SG-0080148;SG-0080155;SG-0080167;SG-0080177;SG-0080188;SG-0080214;SG-0080229;SG-0080244;SG-0080264;SG-0080271;SG-0080289;SG-0080306;SG-0080313;SG-0080330;SG-0080346;SG-0080353,normal; within sigma from mean range,1.7,1.62,1.65,1.58,CU-011,2024-12-09,E-0160,20260106T061500Z-QE24M
CAP-24-0257,C-13380-18,2024-12-06 10:00:00,annual layout,25,SG-0063246,SG-0063760,SG-0063246;SG-0063255;SG-0063258;SG-0063268;SG-0063280;SG-0063283;SG-0063294;SG-0063299;SG-0063302;SG-0063311;SG-0063338;SG-0063374;SG-0063403;SG-0063429;SG-0063462;SG-0063492;SG-0063528;SG-0063560;SG-0063586;SG-0063619;SG-0063644;SG-0063675;SG-0063706;SG-0063734;SG-0063760,normal; within sigma from mean range,1.72,1.56,1.61,1.46,CU-012,2024-12-07,E-0160,20260106T061500Z-QE24M
CAP-24-0258,C-14175-03,2024-12-06 10:00:00,annual layout,25,SG-0052077,SG-0077492,SG-0052077;SG-0052078;SG-0076310;SG-0076327;SG-0076363;SG-0076378;SG-0076398;SG-0076429;SG-0076503;SG-0076565;SG-0076638;SG-0076712;SG-0076773;SG-0076833;SG-0076884;SG-0076936;SG-0076993;SG-0077050;SG-0077102;SG-0077189;SG-0077257;SG-0077309;SG-0077368;SG-0077429;SG-0077492,normal; within sigma from mean range,2.08,1.9,2.05,1.86,CU-002,2024-12-10,E-0159,20260106T061500Z-QE24M
CAP-24-0259,C-12023-09,2024-12-06 14:00:00,annual layout,25,SG-0074834,SG-0095793,SG-0074834;SG-0075209;SG-0075614;SG-0075996;SG-0076306;SG-0076483;SG-0076865;SG-0077224;SG-0077575;SG-0077880;SG-0077923;SG-0077940;SG-0077993;SG-0078038;SG-0078167;SG-0078342;SG-0078436;SG-0078511;SG-0078567;SG-0078638;SG-0078708;SG-0078763;SG-0095519;SG-0095627;SG-0095793,normal; within sigma from mean range,2.14,2.12,2.05,2.03,CU-016,2024-12-11,E-0158,20260106T061500Z-QE24M
CAP-24-0260,C-14134-26,2024-12-06 14:00:00,annual layout,25,SG-0068652,SG-0094486,SG-0068652;SG-0091486;SG-0091575;SG-0091858;SG-0092128;SG-0092216;SG-0092314;SG-0092406;SG-0092512;SG-0092607;SG-0093183;SG-0093287;SG-0093394;SG-0093496;SG-0093560;SG-0093628;SG-0093696;SG-0093827;SG-0094185;SG-0094234;SG-0094286;SG-0094337;SG-0094384;SG-0094433;SG-0094486,normal; within sigma from mean range,2.22,2.16,2.05,2.01,CU-002,2024-12-11,E-0161,20260106T061500Z-QE24M
CAP-24-0261,C-11167-38,2024-12-06 15:00:00,annual layout,25,SG-0083444,SG-0083868,SG-0083444;SG-0083449;SG-0083463;SG-0083473;SG-0083486;SG-0083495;SG-0083505;SG-0083513;SG-0083527;SG-0083541;SG-0083553;SG-0083631;SG-0083641;SG-0083667;SG-0083683;SG-0083696;SG-0083708;SG-0083729;SG-0083741;SG-0083771;SG-0083785;SG-0083842;SG-0083850;SG-0083856;SG-0083868,normal; within sigma from mean range,0.96,0.66,0.99,0.68,CU-010,2024-12-07,E-0159,20260106T061500Z-QE24M
CAP-24-0262,C-13321-25,2024-12-06 15:00:00,annual layout,25,SG-0080047,SG-0080355,SG-0080047;SG-0080055;SG-0080068;SG-0080085;SG-0080097;SG-0080102;SG-0080114;SG-0080122;SG-0080133;SG-0080149;SG-0080158;SG-0080165;SG-0080178;SG-0080187;SG-0080210;SG-0080225;SG-0080245;SG-0080265;SG-0080272;SG-0080291;SG-0080305;SG-0080315;SG-0080332;SG-0080344;SG-0080355,normal; within sigma from mean range,1.02,1.0,0.96,0.94,CU-011,2024-12-06,E-0160,20260106T061500Z-QE24M
CAP-24-0263,C-11167-24,2024-12-07 09:00:00,annual layout,25,SG-0083451,SG-0083867,SG-0083451;SG-0083467;SG-0083475;SG-0083485;SG-0083494;SG-0083504;SG-0083511;SG-0083526;SG-0083540;SG-0083552;SG-0083632;SG-0083640;SG-0083663;SG-0083682;SG-0083695;SG-0083707;SG-0083731;SG-0083740;SG-0083760;SG-0083770;SG-0083784;SG-0083841;SG-0083849;SG-0083858;SG-0083867,normal; within sigma from mean range,,1.87,,1.8,CU-010,2024-12-09,E-0159,20260106T061500Z-QE24M
CAP-24-0264,C-11962-38,2024-12-07 13:00:00,annual layout,25,SG-0067653,SG-0090588,SG-0067653;SG-0067654;SG-0067777;SG-0067780;SG-0067784;SG-0067785;SG-0067811;SG-0067864;SG-0067870;SG-0067871;SG-0067878;SG-0067880;SG-0068044;SG-0068057;SG-0068071;SG-0068101;SG-0089844;SG-0090065;SG-0090074;SG-0090368;SG-0090451;SG-0090539;SG-0090553;SG-0090574;SG-0090588,normal; within sigma from mean range,1.24,1.11,1.25,1.12,CU-016,2024-12-08,E-0159,20260106T061500Z-QE24M
CAP-24-0265,C-14989-04,2024-12-07 13:00:00,annual layout,25,SG-0080053,SG-0080472,SG-0080053;SG-0080075;SG-0080095;SG-0080109;SG-0080123;SG-0080147;SG-0080162;SG-0080174;SG-0080196;SG-0080226;SG-0080248;SG-0080274;SG-0080300;SG-0080317;SG-0080339;SG-0080356;SG-0080381;SG-0080400;SG-0080424;SG-0080438;SG-0080445;SG-0080452;SG-0080457;SG-0080467;SG-0080472,normal; within sigma from mean range,2.39,2.27,1.68,1.59,CU-009,2024-12-11,E-0161,20260106T061500Z-QE24M
CAP-24-0266,C-11909-03,2024-12-07 15:00:00,annual layout,25,SG-0083869,SG-0086028,SG-0083869;SG-0083895;SG-0083990;SG-0084029;SG-0084058;SG-0084162;SG-0084192;SG-0084239;SG-0084309;SG-0084371;SG-0084581;SG-0084753;SG-0084922;SG-0085108;SG-0085279;SG-0085447;SG-0085600;SG-0085747;SG-0085828;SG-0085848;SG-0085875;SG-0085907;SG-0085940;SG-0085982;SG-0086028,normal; within sigma from mean range,1.12,0.69,1.03,0.64,CU-015,2024-12-10,E-0160,20260106T061500Z-QE24M
CAP-24-0267,C-11950-01,2024-12-07 15:00:00,annual layout,25,SG-0095513,SG-0096011,SG-0095513;SG-0095558;SG-0095573;SG-0095579;SG-0095586;SG-0095600;SG-0095608;SG-0095628;SG-0095648;SG-0095697;SG-0095716;SG-0095734;SG-0095750;SG-0095775;SG-0095794;SG-0095814;SG-0095826;SG-0095850;SG-0095906;SG-0095920;SG-0095938;SG-0095963;SG-0095981;SG-0095998;SG-0096011,normal; within sigma from mean range,1.6,1.57,1.62,1.59,CU-015,2024-12-09,E-0161,20260106T061500Z-QE24M
CAP-24-0268,C-14212-28,2024-12-07 15:00:00,annual layout,25,SG-0064796,SG-0086495,SG-0064796;SG-0064797;SG-0064799;SG-0064803;SG-0064805;SG-0064807;SG-0064813;SG-0086220;SG-0086330;SG-0086339;SG-0086340;SG-0086343;SG-0086360;SG-0086361;SG-0086363;SG-0086370;SG-0086375;SG-0086376;SG-0086378;SG-0086455;SG-0086467;SG-0086472;SG-0086490;SG-0086494;SG-0086495,normal; within sigma from mean range,1.8,1.68,1.82,1.7,CU-002,2024-12-08,E-0161,20260106T061500Z-QE24M
CAP-24-0269,C-11265-39,2024-12-08 08:00:00,annual layout,25,SG-0088452,SG-0088868,SG-0088452;SG-0088467;SG-0088502;SG-0088529;SG-0088538;SG-0088544;SG-0088558;SG-0088565;SG-0088574;SG-0088586;SG-0088594;SG-0088602;SG-0088615;SG-0088621;SG-0088631;SG-0088656;SG-0088668;SG-0088685;SG-0088707;SG-0088730;SG-0088787;SG-0088807;SG-0088824;SG-0088849;SG-0088868,normal; within sigma from mean range,1.69,1.49,1.7,1.49,CU-009,2024-12-08,E-0161,20260106T061500Z-QE24M
CAP-24-0270,C-12925-01,2024-12-08 12:00:00,annual layout,25,SG-0042754,SG-0079681,SG-0042754;SG-0042799;SG-0042815;SG-0042829;SG-0042859;SG-0042866;SG-0079505;SG-0079513;SG-0079533;SG-0079553;SG-0079564;SG-0079572;SG-0079584;SG-0079592;SG-0079599;SG-0079608;SG-0079611;SG-0079624;SG-0079641;SG-0079642;SG-0079647;SG-0079651;SG-0079654;SG-0079665;SG-0079681,normal; within sigma from mean range,1.8,1.76,1.82,1.78,CU-008,2024-12-08,E-0158,20260106T061500Z-QE24M
CAP-24-0271,C-13012-11,2024-12-08 12:00:00,annual layout,25,SG-0053609,SG-0088244,SG-0053609;SG-0053618;SG-0053628;SG-0053636;SG-0053649;SG-0087941;SG-0087956;SG-0087965;SG-0087999;SG-0088012;SG-0088028;SG-0088042;SG-0088055;SG-0088065;SG-0088084;SG-0088101;SG-0088117;SG-0088156;SG-0088170;SG-0088187;SG-0088194;SG-0088208;SG-0088222;SG-0088226;SG-0088244,normal; within sigma from mean range,1.23,0.58,1.22,0.57,CU-008,2024-12-10,E-0161,20260106T061500Z-QE24M
CAP-24-0272,C-13458-01,2024-12-08 12:00:00,annual layout,25,SG-0077135,SG-0077641,SG-0077135;SG-0077143;SG-0077152;SG-0077153;SG-0077584;SG-0077588;SG-0077592;SG-0077593;SG-0077597;SG-0077598;SG-0077599;SG-0077606;SG-0077607;SG-0077609;SG-0077612;SG-0077617;SG-0077618;SG-0077622;SG-0077628;SG-0077632;SG-0077634;SG-0077635;SG-0077636;SG-0077639;SG-0077641,normal; within sigma from mean range,1.59,1.55,1.57,1.52,CU-012,2024-12-12,E-0160,20260106T061500Z-QE24M
CAP-24-0273,C-14134-34,2024-12-08 12:00:00,annual layout,25,SG-0091859,SG-0094483,SG-0091859;SG-0091939;SG-0092028;SG-0092129;SG-0092219;SG-0092315;SG-0092408;SG-0092506;SG-0092608;SG-0093075;SG-0093184;SG-0093288;SG-0093391;SG-0093491;SG-0093561;SG-0093629;SG-0093701;SG-0093784;SG-0094186;SG-0094232;SG-0094288;SG-0094333;SG-0094386;SG-0094431;SG-0094483,normal; within sigma from mean range,1.13,1.12,1.11,1.1,CU-002,2024-12-08,E-0160,20260106T061500Z-QE24M
CAP-24-0274,C-12861-09,2024-12-08 13:00:00,annual layout,25,SG-0089416,SG-0090012,SG-0089416;SG-0089417;SG-0089419;SG-0089422;SG-0089426;SG-0089541;SG-0089558;SG-0089567;SG-0089574;SG-0089581;SG-0089582;SG-0089587;SG-0089588;SG-0089720;SG-0089721;SG-0089727;SG-0089730;SG-0089731;SG-0089735;SG-0089745;SG-0089755;SG-0089759;SG-0089893;SG-0090011;SG-0090012,normal; within sigma from mean range,1.37,1.34,1.41,1.38,CU-007,2024-12-08,E-0161,20260106T061500Z-QE24M
CAP-24-0275,C-13317-20,2024-12-08 13:00:00,annual layout,25,SG-0095619,SG-0096071,SG-0095619;SG-0095633;SG-0095653;SG-0095691;SG-0095713;SG-0095724;SG-0095742;SG-0095757;SG-0095776;SG-0095787;SG-0095807;SG-0095821;SG-0095840;SG-0095852;SG-0095901;SG-0095918;SG-0095931;SG-0095949;SG-0095969;SG-0095984;SG-0095995;SG-0096007;SG-0096020;SG-0096030;SG-0096071,normal; within sigma from mean range,,1.8,,1.84,CU-012,2024-12-13,E-0159,20260106T061500Z-QE24M
CAP-24-0276,C-14159-01,2024-12-08 13:00:00,annual layout,25,SG-0067497,SG-0083180,SG-0067497;SG-0067500;SG-0067506;SG-0067508;SG-0067511;SG-0067513;SG-0067514;SG-0067518;SG-0067519;SG-0067522;SG-0083074;SG-0083107;SG-0083115;SG-0083129;SG-0083131;SG-0083135;SG-0083142;SG-0083145;SG-0083148;SG-0083158;SG-0083162;SG-0083164;SG-0083172;SG-0083178;SG-0083180,normal; within sigma from mean range,1.79,1.76,1.69,1.66,CU-002,2024-12-12,E-0161,20260106T061500Z-QE24M
CAP-24-0277,C-13012-17,2024-12-09 09:00:00,annual layout,25,SG-0053610,SG-0088245,SG-0053610;SG-0053619;SG-0053625;SG-0053637;SG-0053647;SG-0087940;SG-0087958;SG-0087967;SG-0088000;SG-0088013;SG-0088025;SG-0088040;SG-0088053;SG-0088066;SG-0088083;SG-0088103;SG-0088119;SG-0088158;SG-0088167;SG-0088185;SG-0088195;SG-0088207;SG-0088220;SG-0088228;SG-0088245,normal; within sigma from mean range,,1.95,,1.77,CU-008,2024-12-11,E-0159,20260106T061500Z-QE24M
CAP-24-0278,C-11962-08,2024-12-09 11:00:00,annual layout,25,SG-0067766,SG-0090587,SG-0067766;SG-0067774;SG-0067795;SG-0067803;SG-0067804;SG-0067860;SG-0067861;SG-0067862;SG-0067875;SG-0067876;SG-0068046;SG-0068061;SG-0068084;SG-0068091;SG-0089845;SG-0090048;SG-0090073;SG-0090088;SG-0090353;SG-0090390;SG-0090414;SG-0090538;SG-0090554;SG-0090573;SG-0090587,normal; within sigma from mean range,1.58,1.56,1.57,1.55,CU-016,2024-12-12,E-0159,20260106T061500Z-QE24M
CAP-24-0279,C-13447-02,2024-12-09 11:00:00,annual layout,25,SG-0081188,SG-0082677,SG-0081188;SG-0081211;SG-0081231;SG-0081255;SG-0081275;SG-0081317;SG-0081346;SG-0081372;SG-0081398;SG-0081468;SG-0081609;SG-0081691;SG-0081773;SG-0081849;SG-0081924;SG-0082003;SG-0082085;SG-0082157;SG-0082242;SG-0082314;SG-0082408;SG-0082472;SG-0082545;SG-0082608;SG-0082677,normal; within sigma from mean range,1.38,1.3,1.4,1.32,CU-011,2024-12-12,E-0159,20260106T061500Z-QE24M
CAP-24-0280,C-12828-28,2024-12-09 14:00:00,annual layout,25,SG-0074753,SG-0096085,SG-0074753;SG-0074802;SG-0074804;SG-0074809;SG-0095515;SG-0095532;SG-0095538;SG-0095539;SG-0095540;SG-0095666;SG-0095674;SG-0095675;SG-0095683;SG-0095692;SG-0095871;SG-0095881;SG-0095883;SG-0095887;SG-0095895;SG-0095898;SG-0096046;SG-0096051;SG-0096055;SG-0096068;SG-0096085,normal; within sigma from mean range,1.38,1.37,1.36,1.35,CU-007,2024-12-13,E-0161,20260106T061500Z-QE24M
CAP-24-0281,C-14134-23,2024-12-09 14:00:00,annual layout,25,SG-0091849,SG-0094482,SG-0091849;SG-0091937;SG-0092032;SG-0092125;SG-0092218;SG-0092313;SG-0092416;SG-0092516;SG-0092623;SG-0093081;SG-0093182;SG-0093283;SG-0093395;SG-0093495;SG-0093559;SG-0093627;SG-0093700;SG-0093826;SG-0094182;SG-0094233;SG-0094287;SG-0094334;SG-0094383;SG-0094435;SG-0094482,normal; within sigma from mean range,1.32,1.05,1.28,1.02,CU-002,2024-12-10,E-0160,20260106T061500Z-QE24M
CAP-24-0282,C-11984-02,2024-12-09 15:00:00,annual layout,25,SG-0063848,SG-0095303,SG-0063848;SG-0063875;SG-0063904;SG-0063932;SG-0063973;SG-0064006;SG-0064035;SG-0064057;SG-0064089;SG-0064117;SG-0064150;SG-0064182;SG-0064210;SG-0064242;SG-0095080;SG-0095093;SG-0095137;SG-0095144;SG-0095164;SG-0095179;SG-0095197;SG-0095209;SG-0095236;SG-0095285;SG-0095303,normal; within sigma from mean range,2.04,1.96,1.86,1.78,CU-015,2024-12-10,E-0159,20260106T061500Z-QE24M
CAP-24-0283,C-12884-18,2024-12-09 15:00:00,annual layout,25,SG-0045604,SG-0079017,SG-0045604;SG-0045608;SG-0045612;SG-0045617;SG-0045624;SG-0046003;SG-0046017;SG-0078931;SG-0078932;SG-0078933;SG-0078934;SG-0078948;SG-0078968;SG-0078969;SG-0078970;SG-0078971;SG-0078972;SG-0078973;SG-0078976;SG-0078982;SG-0078993;SG-0079002;SG-0079011;SG-0079016;SG-0079017,normal; within sigma from mean range,1.88,1.78,1.94,1.84,CU-008,2024-12-11,E-0159,20260106T061500Z-QE24M
CAP-24-0284,C-11320-07,2024-12-10 08:00:00,annual layout,25,SG-0085997,SG-0086204,SG-0085997;SG-0086004;SG-0086006;SG-0086015;SG-0086021;SG-0086036;SG-0086044;SG-0086049;SG-0086062;SG-0086064;SG-0086075;SG-0086082;SG-0086113;SG-0086121;SG-0086133;SG-0086136;SG-0086143;SG-0086147;SG-0086156;SG-0086163;SG-0086168;SG-0086184;SG-0086193;SG-0086200;SG-0086204,normal; within sigma from mean range,,1.3,,1.33,CU-010,2024-12-11,E-0161,20260106T061500Z-QE24M
CAP-24-0285,C-13307-06,2024-12-10 08:00:00,annual layout,25,SG-0076745,SG-0077673,SG-0076745;SG-0076779;SG-0076810;SG-0076845;SG-0076881;SG-0076916;SG-0076946;SG-0076979;SG-0077017;SG-0077047;SG-0077083;SG-0077120;SG-0077181;SG-0077222;SG-0077262;SG-0077295;SG-0077329;SG-0077365;SG-0077408;SG-0077440;SG-0077480;SG-0077520;SG-0077550;SG-0077616;SG-0077673,normal; within sigma from mean range,,2.18,,1.93,CU-011,2024-12-15,E-0161,20260106T061500Z-QE24M
CAP-24-0286,C-11282-06,2024-12-10 09:00:00,annual layout,25,SG-0086214,SG-0086411,SG-0086214;SG-0086218;SG-0086230;SG-0086235;SG-0086236;SG-0086242;SG-0086244;SG-0086249;SG-0086253;SG-0086262;SG-0086268;SG-0086279;SG-0086288;SG-0086297;SG-0086303;SG-0086311;SG-0086316;SG-0086332;SG-0086379;SG-0086386;SG-0086389;SG-0086395;SG-0086399;SG-0086404;SG-0086411,normal; within sigma from mean range,1.82,1.63,1.83,1.64,CU-010,2024-12-11,E-0160,20260106T061500Z-QE24M
CAP-24-0287,C-11930-12,2024-12-10 09:00:00,annual layout,25,SG-0068273,SG-0088702,SG-0068273;SG-0068429;SG-0068433;SG-0068438;SG-0068463;SG-0088080;SG-0088110;SG-0088161;SG-0088174;SG-0088198;SG-0088213;SG-0088230;SG-0088249;SG-0088301;SG-0088327;SG-0088358;SG-0088385;SG-0088411;SG-0088449;SG-0088525;SG-0088553;SG-0088579;SG-0088609;SG-0088647;SG-0088702,normal; within sigma from mean range,1.54,1.51,1.39,1.37,CU-016,2024-12-12,E-0160,20260106T061500Z-QE24M
CAP-24-0288,C-11962-27,2024-12-10 11:00:00,annual layout,25,SG-0067659,SG-0090586,SG-0067659;SG-0067770;SG-0067776;SG-0067809;SG-0067810;SG-0067815;SG-0067863;SG-0067868;SG-0067869;SG-0067873;SG-0067874;SG-0068042;SG-0068043;SG-0068054;SG-0068074;SG-0089827;SG-0089846;SG-0090047;SG-0090072;SG-0090391;SG-0090413;SG-0090449;SG-0090552;SG-0090572;SG-0090586,normal; within sigma from mean range,1.62,1.25,1.6,1.24,CU-016,2024-12-11,E-0159,20260106T061500Z-QE24M
CAP-24-0289,C-13403-34,2024-12-10 11:00:00,annual layout,25,SG-0071215,SG-0071493,SG-0071215;SG-0071229;SG-0071242;SG-0071261;SG-0071296;SG-0071304;SG-0071313;SG-0071317;SG-0071328;SG-0071334;SG-0071338;SG-0071351;SG-0071354;SG-0071366;SG-0071372;SG-0071375;SG-0071395;SG-0071405;SG-0071412;SG-0071416;SG-0071427;SG-0071432;SG-0071469;SG-0071480;SG-0071493,normal; within sigma from mean range,1.54,1.37,1.37,1.22,CU-011,2024-12-11,E-0158,20260106T061500Z-QE24M
CAP-24-0290,C-11253-37,2024-12-10 13:00:00,annual layout,25,SG-0087291,SG-0089123,SG-0087291;SG-0087293;SG-0087303;SG-0087744;SG-0087746;SG-0087748;SG-0087772;SG-0087979;SG-0087983;SG-0087994;SG-0088137;SG-0088138;SG-0088148;SG-0088274;SG-0088275;SG-0088288;SG-0088473;SG-0088474;SG-0088509;SG-0088743;SG-0088744;SG-0088760;SG-0089086;SG-0089120;SG-0089123,normal; within sigma from mean range,1.46,1.31,1.34,1.2,CU-010,2024-12-15,E-0158,20260106T061500Z-QE24M
CAP-24-0291,C-14928-31,2024-12-10 13:00:00,annual layout,25,SG-0076039,SG-0076663,SG-0076039;SG-0076102;SG-0076137;SG-0076178;SG-0076213;SG-0076252;SG-0076282;SG-0076290;SG-0076296;SG-0076302;SG-0076312;SG-0076326;SG-0076333;SG-0076359;SG-0076370;SG-0076383;SG-0076390;SG-0076402;SG-0076414;SG-0076458;SG-0076498;SG-0076543;SG-0076584;SG-0076617;SG-0076663,normal; within sigma from mean range,1.56,1.48,1.59,1.5,CU-010,2024-12-11,E-0158,20260106T061500Z-QE24M
CAP-24-0292,C-14140-18,2024-12-10 14:00:00,annual layout,25,SG-0074355,SG-0074767,SG-0074355;SG-0074377;SG-0074403;SG-0074415;SG-0074425;SG-0074438;SG-0074473;SG-0074485;SG-0074498;SG-0074505;SG-0074524;SG-0074541;SG-0074557;SG-0074566;SG-0074585;SG-0074625;SG-0074640;SG-0074653;SG-0074664;SG-0074675;SG-0074692;SG-0074697;SG-0074711;SG-0074754;SG-0074767,normal; within sigma from mean range,1.52,1.44,1.42,1.34,CU-001,2024-12-13,E-0161,20260106T061500Z-QE24M
CAP-24-0293,C-11201-16,2024-12-11 09:00:00,annual layout,25,SG-0083913,SG-0084252,SG-0083913;SG-0083919;SG-0083930;SG-0083944;SG-0083951;SG-0083953;SG-0083959;SG-0083963;SG-0083966;SG-0083968;SG-0084078;SG-0084079;SG-0084095;SG-0084103;SG-0084104;SG-0084119;SG-0084124;SG-0084136;SG-0084142;SG-0084143;SG-0084214;SG-0084215;SG-0084224;SG-0084251;SG-0084252,normal; within sigma from mean range,1.1,1.04,1.13,1.06,CU-010,2024-12-11,E-0160,20260106T061500Z-QE24M
CAP-24-0294,C-11329-04,2024-12-11 09:00:00,annual layout,25,SG-0068226,SG-0068770,SG-0068226;SG-0068240;SG-0068259;SG-0068295;SG-0068322;SG-0068344;SG-0068358;SG-0068375;SG-0068387;SG-0068397;SG-0068412;SG-0068439;SG-0068476;SG-0068489;SG-0068502;SG-0068516;SG-0068528;SG-0068541;SG-0068558;SG-0068575;SG-0068588;SG-0068613;SG-0068675;SG-0068722;SG-0068770,normal; within sigma from mean range,2.47,2.38,2.36,2.27,CU-009,2024-12-15,E-0158,20260106T061500Z-QE24M
CAP-24-0295,C-11167-06,2024-12-11 10:00:00,annual layout,25,SG-0083450,SG-0083866,SG-0083450;SG-0083466;SG-0083474;SG-0083487;SG-0083493;SG-0083503;SG-0083512;SG-0083525;SG-0083539;SG-0083551;SG-0083633;SG-0083643;SG-0083662;SG-0083684;SG-0083693;SG-0083706;SG-0083730;SG-0083742;SG-0083759;SG-0083768;SG-0083782;SG-0083840;SG-0083848;SG-0083857;SG-0083866,normal; within sigma from mean range,1.41,0.93,1.29,0.85,CU-010,2024-12-15,E-0159,20260106T061500Z-QE24M
CAP-24-0296,C-14168-10,2024-12-11 13:00:00,annual layout,25,SG-0066417,SG-0096724,SG-0066417;SG-0066450;SG-0066492;SG-0066520;SG-0066562;SG-0066598;SG-0066631;SG-0096526;SG-0096534;SG-0096554;SG-0096561;SG-0096564;SG-0096569;SG-0096581;SG-0096688;SG-0096689;SG-0096692;SG-0096693;SG-0096700;SG-0096701;SG-0096711;SG-0096712;SG-0096721;SG-0096722;SG-0096724,normal; within sigma from mean range,1.99,1.96,1.92,1.89,CU-001,2024-12-16,E-0158,20260106T061500Z-QE24M
CAP-24-0297,C-12947-23,2024-12-11 14:00:00,annual layout,25,SG-0077933,SG-0078289,SG-0077933;SG-0077959;SG-0077962;SG-0077964;SG-0077967;SG-0077969;SG-0077972;SG-0077974;SG-0077977;SG-0077978;SG-0078044;SG-0078061;SG-0078062;SG-0078077;SG-0078083;SG-0078085;SG-0078086;SG-0078087;SG-0078093;SG-0078096;SG-0078197;SG-0078198;SG-0078251;SG-0078256;SG-0078289,normal; within sigma from mean range,1.46,1.45,1.39,1.38,CU-007,2024-12-11,E-0160,20260106T061500Z-QE24M
CAP-24-0298,C-11226-12,2024-12-12 08:00:00,annual layout,25,SG-0090559,SG-0091983,SG-0090559;SG-0090570;SG-0090584;SG-0090591;SG-0090679;SG-0090688;SG-0090700;SG-0090711;SG-0090723;SG-0090738;SG-0090775;SG-0090798;SG-0090805;SG-0090815;SG-0090829;SG-0090895;SG-0090960;SG-0091055;SG-0091122;SG-0091194;SG-0091283;SG-0091409;SG-0091542;SG-0091861;SG-0091983,normal; within sigma from mean range,1.3,1.27,1.28,1.25,CU-009,2024-12-13,E-0160,20260106T061500Z-QE24M
CAP-24-0299,C-12972-12,2024-12-12 08:00:00,annual layout,25,SG-0080549,SG-0080772,SG-0080549;SG-0080560;SG-0080569;SG-0080575;SG-0080604;SG-0080610;SG-0080617;SG-0080620;SG-0080626;SG-0080635;SG-0080639;SG-0080643;SG-0080650;SG-0080658;SG-0080662;SG-0080687;SG-0080693;SG-0080700;SG-0080711;SG-0080719;SG-0080732;SG-0080744;SG-0080752;SG-0080761;SG-0080772,normal; within sigma from mean range,1.55,1.54,1.44,1.43,CU-008,2024-12-14,E-0159,20260106T061500Z-QE24M
CAP-24-0300,C-11984-20,2024-12-12 09:00:00,annual layout,25,SG-0063873,SG-0095304,SG-0063873;SG-0063906;SG-0063933;SG-0063975;SG-0064001;SG-0064031;SG-0064058;SG-0064092;SG-0064120;SG-0064148;SG-0064180;SG-0064208;SG-0064243;SG-0095081;SG-0095094;SG-0095165;SG-0095180;SG-0095198;SG-0095210;SG-0095229;SG-0095237;SG-0095257;SG-0095280;SG-0095299;SG-0095304,normal; within sigma from mean range,1.3,0.54,1.26,0.52,CU-015,2024-12-17,E-0161,20260106T061500Z-QE24M
CAP-24-0301,C-12907-15,2024-12-12 09:00:00,annual layout,25,SG-0022872,SG-0094389,SG-0022872;SG-0022873;SG-0050855;SG-0050930;SG-0050953;SG-0050974;SG-0051037;SG-0051076;SG-0051096;SG-0051177;SG-0051221;SG-0051242;SG-0051252;SG-0092309;SG-0092389;SG-0092572;SG-0093125;SG-0093219;SG-0093406;SG-0093609;SG-0093675;SG-0094202;SG-0094251;SG-0094341;SG-0094389,normal; within sigma from mean range,1.13,1.08,1.05,1.0,CU-007,2024-12-17,E-0161,20260106T061500Z-QE24M
CAP-24-0302,C-12835-13,2024-12-12 10:00:00,annual layout,25,SG-0078282,SG-0087951,SG-0078282;SG-0078287;SG-0078407;SG-0078409;SG-0087500;SG-0087533;SG-0087566;SG-0087594;SG-0087628;SG-0087657;SG-0087684;SG-0087720;SG-0087777;SG-0087815;SG-0087842;SG-0087870;SG-0087900;SG-0087903;SG-0087911;SG-0087919;SG-0087923;SG-0087926;SG-0087933;SG-0087944;SG-0087951,normal; within sigma from mean range,1.64,1.64,1.55,1.55,CU-008,2024-12-17,E-0158,20260106T061500Z-QE24M
CAP-24-0303,C-11173-11,2024-12-12 11:00:00,annual layout,25,SG-0075011,SG-0095878,SG-0075011;SG-0075040;SG-0075511;SG-0075521;SG-0075522;SG-0075536;SG-0076013;SG-0076022;SG-0076051;SG-0076344;SG-0076352;SG-0076354;SG-0076720;SG-0076723;SG-0094673;SG-0094714;SG-0094725;SG-0094811;SG-0095099;SG-0095121;SG-0095350;SG-0095359;SG-0095530;SG-0095682;SG-0095878,normal; within sigma from mean range,1.66,1.63,1.47,1.44,CU-009,2024-12-14,E-0158,20260106T061500Z-QE24M
CAP-24-0304,C-14168-34,2024-12-12 11:00:00,annual layout,25,SG-0096572,SG-0096958,SG-0096572;SG-0096577;SG-0096687;SG-0096691;SG-0096695;SG-0096696;SG-0096697;SG-0096714;SG-0096715;SG-0096716;SG-0096717;SG-0096719;SG-0096720;SG-0096836;SG-0096837;SG-0096838;SG-0096842;SG-0096845;SG-0096849;SG-0096862;SG-0096863;SG-0096867;SG-0096868;SG-0096954;SG-0096958,normal; within sigma from mean range,1.56,1.52,1.58,1.53,CU-001,2024-12-15,E-0161,20260106T061500Z-QE24M
CAP-24-0305,C-12868-18,2024-12-12 12:00:00,annual layout,25,SG-0054732,SG-0078408,SG-0054732;SG-0054741;SG-0054755;SG-0078043;SG-0078048;SG-0078049;SG-0078091;SG-0078095;SG-0078213;SG-0078220;SG-0078226;SG-0078232;SG-0078233;SG-0078238;SG-0078239;SG-0078255;SG-0078258;SG-0078278;SG-0078280;SG-0078281;SG-0078392;SG-0078397;SG-0078403;SG-0078406;SG-0078408,normal; within sigma from mean range,,1.7,,1.57,CU-008,2024-12-12,E-0160,20260106T061500Z-QE24M
CAP-24-0306,C-12016-08,2024-12-12 13:00:00,annual layout,25,SG-0095246,SG-0096108,SG-0095246;SG-0095295;SG-0095328;SG-0095371;SG-0095399;SG-0095430;SG-0095470;SG-0095502;SG-0095555;SG-0095577;SG-0095594;SG-0095613;SG-0095643;SG-0095705;SG-0095737;SG-0095770;SG-0095804;SG-0095838;SG-0095905;SG-0095932;SG-0095971;SG-0096003;SG-0096025;SG-0096088;SG-0096108,normal; within sigma from mean range,1.67,1.65,1.76,1.73,CU-015,2024-12-12,E-0160,20260106T061500Z-QE24M
CAP-24-0307,C-11201-28,2024-12-12 14:00:00,annual layout,25,SG-0083914,SG-0084254,SG-0083914;SG-0083920;SG-0083921;SG-0083922;SG-0083925;SG-0083926;SG-0083931;SG-0083938;SG-0083940;SG-0083948;SG-0084084;SG-0084089;SG-0084109;SG-0084110;SG-0084121;SG-0084125;SG-0084130;SG-0084131;SG-0084135;SG-0084137;SG-0084219;SG-0084220;SG-0084226;SG-0084253;SG-0084254,normal; within sigma from mean range,1.49,1.31,1.45,1.28,CU-010,2024-12-17,E-0158,20260106T061500Z-QE24M
CAP-24-0308,C-13012-25,2024-12-12 15:00:00,annual layout,25,SG-0053611,SG-0088246,SG-0053611;SG-0053616;SG-0053626;SG-0053638;SG-0053648;SG-0087942;SG-0087957;SG-0087966;SG-0088002;SG-0088014;SG-0088026;SG-0088043;SG-0088052;SG-0088067;SG-0088085;SG-0088106;SG-0088120;SG-0088159;SG-0088168;SG-0088186;SG-0088192;SG-0088210;SG-0088219;SG-0088227;SG-0088246,normal; within sigma from mean range,1.02,0.81,1.05,0.83,CU-008,2024-12-15,E-0159,20260106T061500Z-QE24M
CAP-24-0309,C-14918-23,2024-12-13 10:00:00,annual layout,25,SG-0079432,SG-0096278,SG-0079432;SG-0079445;SG-0095393;SG-0095427;SG-0095459;SG-0095490;SG-0095535;SG-0095569;SG-0095582;SG-0095597;SG-0095622;SG-0095656;SG-0095708;SG-0095739;SG-0095888;SG-0095924;SG-0095955;SG-0095989;SG-0096010;SG-0096032;SG-0096096;SG-0096113;SG-0096126;SG-0096158;SG-0096278,normal; within sigma from mean range,1.03,0.58,0.94,0.53,CU-009,2024-12-14,E-0161,20260106T061500Z-QE24M
CAP-24-0310,C-13350-20,2024-12-13 11:00:00,annual layout,25,SG-0077966,SG-0078364,SG-0077966;SG-0077990;SG-0077995;SG-0077997;SG-0078000;SG-0078006;SG-0078015;SG-0078021;SG-0078032;SG-0078081;SG-0078104;SG-0078116;SG-0078128;SG-0078139;SG-0078150;SG-0078159;SG-0078174;SG-0078185;SG-0078291;SG-0078302;SG-0078314;SG-0078325;SG-0078334;SG-0078352;SG-0078364,normal; within sigma from mean range,1.58,1.5,1.6,1.53,CU-011,2024-12-14,E-0158,20260106T061500Z-QE24M
CAP-24-0311,C-11920-20,2024-12-13 12:00:00,annual layout,25,SG-0078460,SG-0080376,SG-0078460;SG-0078529;SG-0078592;SG-0078650;SG-0078722;SG-0078768;SG-0078844;SG-0078928;SG-0078990;SG-0079061;SG-0079109;SG-0079188;SG-0079260;SG-0079310;SG-0079364;SG-0079421;SG-0079488;SG-0079574;SG-0079630;SG-0079695;SG-0079787;SG-0079927;SG-0080079;SG-0080218;SG-0080376,normal; within sigma from mean range,1.26,0.88,1.21,0.84,CU-016,2024-12-17,E-0161,20260106T061500Z-QE24M
CAP-24-0312,C-13357-35,2024-12-13 13:00:00,annual layout,25,SG-0096209,SG-0096506,SG-0096209;SG-0096248;SG-0096252;SG-0096263;SG-0096269;SG-0096277;SG-0096287;SG-0096296;SG-0096304;SG-0096313;SG-0096323;SG-0096338;SG-0096346;SG-0096352;SG-0096402;SG-0096411;SG-0096425;SG-0096431;SG-0096436;SG-0096452;SG-0096458;SG-0096471;SG-0096480;SG-0096492;SG-0096506,normal; within sigma from mean range,1.63,1.58,1.35,1.31,CU-012,2024-12-14,E-0160,20260106T061500Z-QE24M
CAP-24-0313,C-14168-19,2024-12-13 13:00:00,annual layout,25,SG-0096576,SG-0096968,SG-0096576;SG-0096582;SG-0096690;SG-0096694;SG-0096702;SG-0096704;SG-0096705;SG-0096706;SG-0096709;SG-0096710;SG-0096713;SG-0096718;SG-0096723;SG-0096833;SG-0096835;SG-0096840;SG-0096841;SG-0096848;SG-0096856;SG-0096857;SG-0096861;SG-0096865;SG-0096873;SG-0096950;SG-0096968,normal; within sigma from mean range,1.1,1.0,1.1,1.0,CU-001,2024-12-17,E-0161,20260106T061500Z-QE24M
CAP-24-0314,C-11923-04,2024-12-13 14:00:00,annual layout,25,SG-0092756,SG-0095357,SG-0092756;SG-0092809;SG-0092928;SG-0093848;SG-0093902;SG-0093903;SG-0094035;SG-0094077;SG-0094121;SG-0094621;SG-0094757;SG-0094758;SG-0094780;SG-0094791;SG-0094792;SG-0095104;SG-0095113;SG-0095117;SG-0095124;SG-0095133;SG-0095135;SG-0095339;SG-0095341;SG-0095343;SG-0095357,normal; within sigma from mean range,1.4,1.29,1.29,1.18,CU-015,2024-12-13,E-0160,20260106T061500Z-QE24M
CAP-24-0315,C-14140-03,2024-12-13 14:00:00,annual layout,25,SG-0096951,SG-0097339,SG-0096951;SG-0096983;SG-0096993;SG-0097002;SG-0097012;SG-0097025;SG-0097035;SG-0097046;SG-0097056;SG-0097087;SG-0097104;SG-0097117;SG-0097130;SG-0097145;SG-0097158;SG-0097170;SG-0097182;SG-0097219;SG-0097240;SG-0097261;SG-0097280;SG-0097297;SG-0097312;SG-0097325;SG-0097339,normal; within sigma from mean range,1.57,1.57,1.54,1.53,CU-001,2024-12-16,E-0160,20260106T061500Z-QE24M
CAP-24-0316,C-14108-14,2024-12-14 08:00:00,annual layout,25,SG-0096977,SG-0097343,SG-0096977;SG-0096988;SG-0096999;SG-0097011;SG-0097021;SG-0097032;SG-0097042;SG-0097053;SG-0097084;SG-0097097;SG-0097109;SG-0097127;SG-0097138;SG-0097149;SG-0097163;SG-0097178;SG-0097189;SG-0097230;SG-0097251;SG-0097265;SG-0097283;SG-0097302;SG-0097319;SG-0097328;SG-0097343,normal; within sigma from mean range,1.14,0.91,1.1,0.87,CU-002,2024-12-14,E-0160,20260106T061500Z-QE24M
CAP-24-0317,C-11347-33,2024-12-14 09:00:00,annual layout,25,SG-0053286,SG-0073962,SG-0053286;SG-0053294;SG-0053302;SG-0053341;SG-0073550;SG-0073576;SG-0073608;SG-0073625;SG-0073642;SG-0073672;SG-0073691;SG-0073700;SG-0073716;SG-0073758;SG-0073781;SG-0073793;SG-0073823;SG-0073838;SG-0073857;SG-0073872;SG-0073888;SG-0073908;SG-0073928;SG-0073944;SG-0073962,normal; within sigma from mean range,1.36,1.15,1.25,1.07,CU-010,2024-12-14,E-0159,20260106T061500Z-QE24M
CAP-24-0318,C-11909-01,2024-12-14 09:00:00,annual layout,25,SG-0083989,SG-0097387,SG-0083989;SG-0084028;SG-0084057;SG-0084161;SG-0084189;SG-0084238;SG-0084308;SG-0084367;SG-0084576;SG-0084757;SG-0084921;SG-0085105;SG-0085282;SG-0085445;SG-0085605;SG-0085751;SG-0085825;SG-0085851;SG-0085872;SG-0085905;SG-0085941;SG-0085980;SG-0086027;SG-0097370;SG-0097387,normal; within sigma from mean range,0.94,0.88,0.95,0.88,CU-015,2024-12-16,E-0159,20260106T061500Z-QE24M
CAP-24-0319,C-11163-06,2024-12-14 10:00:00,annual layout,25,SG-0083765,SG-0084682,SG-0083765;SG-0083839;SG-0083855;SG-0083875;SG-0083889;SG-0083903;SG-0083927;SG-0083999;SG-0084015;SG-0084032;SG-0084045;SG-0084070;SG-0084152;SG-0084171;SG-0084182;SG-0084195;SG-0084205;SG-0084264;SG-0084289;SG-0084314;SG-0084345;SG-0084383;SG-0084492;SG-0084598;SG-0084682,normal; within sigma from mean range,1.58,1.57,1.07,1.06,CU-009,2024-12-16,E-0159,20260106T061500Z-QE24M
CAP-24-0320,C-11930-22,2024-12-14 12:00:00,annual layout,25,SG-0068274,SG-0088703,SG-0068274;SG-0068442;SG-0068447;SG-0068451;SG-0068457;SG-0088081;SG-0088108;SG-0088160;SG-0088175;SG-0088199;SG-0088211;SG-0088231;SG-0088250;SG-0088302;SG-0088328;SG-0088359;SG-0088386;SG-0088408;SG-0088447;SG-0088524;SG-0088555;SG-0088580;SG-0088610;SG-0088645;SG-0088703,normal; within sigma from mean range,1.2,0.98,1.19,0.98,CU-016,2024-12-16,E-0160,20260106T061500Z-QE24M
CAP-24-0321,C-12835-01,2024-12-14 12:00:00,annual layout,25,SG-0078216,SG-0087953,SG-0078216;SG-0078222;SG-0078286;SG-0078390;SG-0078404;SG-0087499;SG-0087535;SG-0087563;SG-0087593;SG-0087626;SG-0087656;SG-0087689;SG-0087718;SG-0087776;SG-0087812;SG-0087841;SG-0087873;SG-0087899;SG-0087904;SG-0087909;SG-0087922;SG-0087925;SG-0087934;SG-0087945;SG-0087953,normal; within sigma from mean range,1.63,1.58,1.63,1.58,CU-008,2024-12-16,E-0158,20260106T061500Z-QE24M
CAP-24-0322,C-13012-03,2024-12-14 13:00:00,annual layout,25,SG-0053608,SG-0088243,SG-0053608;SG-0053617;SG-0053627;SG-0053635;SG-0053646;SG-0087943;SG-0087955;SG-0087964;SG-0088001;SG-0088011;SG-0088027;SG-0088041;SG-0088054;SG-0088068;SG-0088082;SG-0088102;SG-0088118;SG-0088157;SG-0088169;SG-0088184;SG-0088193;SG-0088206;SG-0088221;SG-0088225;SG-0088243,normal; within sigma from mean range,1.62,1.55,1.62,1.55,CU-008,2024-12-18,E-0159,20260106T061500Z-QE24M
CAP-24-0323,C-11265-10,2024-12-14 14:00:00,annual layout,25,SG-0088450,SG-0088867,SG-0088450;SG-0088464;SG-0088501;SG-0088527;SG-0088537;SG-0088546;SG-0088557;SG-0088563;SG-0088576;SG-0088583;SG-0088596;SG-0088601;SG-0088614;SG-0088619;SG-0088630;SG-0088653;SG-0088666;SG-0088687;SG-0088708;SG-0088728;SG-0088785;SG-0088806;SG-0088825;SG-0088851;SG-0088867,normal; within sigma from mean range,1.66,1.63,1.76,1.73,CU-009,2024-12-17,E-0160,20260106T061500Z-QE24M
CAP-24-0324,C-11173-39,2024-12-15 08:00:00,annual layout,25,SG-0077114,SG-0095897,SG-0077114;SG-0077129;SG-0077141;SG-0094601;SG-0094726;SG-0094855;SG-0094856;SG-0095106;SG-0095107;SG-0095120;SG-0095127;SG-0095342;SG-0095344;SG-0095346;SG-0095351;SG-0095355;SG-0095520;SG-0095534;SG-0095536;SG-0095550;SG-0095668;SG-0095669;SG-0095676;SG-0095690;SG-0095897,normal; within sigma from mean range,,1.14,,1.13,CU-009,2024-12-17,E-0161,20260106T061500Z-QE24M
CAP-24-0325,C-13328-35,2024-12-15 08:00:00,annual layout,25,SG-0081321,SG-0082928,SG-0081321;SG-0081353;SG-0081385;SG-0081426;SG-0081528;SG-0081670;SG-0081762;SG-0081858;SG-0081943;SG-0082032;SG-0082120;SG-0082208;SG-0082294;SG-0082399;SG-0082476;SG-0082556;SG-0082632;SG-0082710;SG-0082800;SG-0082845;SG-0082854;SG-0082865;SG-0082903;SG-0082914;SG-0082928,normal; within sigma from mean range,,1.59,,1.58,CU-012,2024-12-15,E-0160,20260106T061500Z-QE24M
CAP-24-0326,C-11265-35,2024-12-15 11:00:00,annual layout,25,SG-0088439,SG-0088866,SG-0088439;SG-0088465;SG-0088496;SG-0088528;SG-0088541;SG-0088547;SG-0088556;SG-0088564;SG-0088575;SG-0088584;SG-0088597;SG-0088598;SG-0088616;SG-0088620;SG-0088626;SG-0088654;SG-0088667;SG-0088688;SG-0088709;SG-0088729;SG-0088786;SG-0088804;SG-0088826;SG-0088848;SG-0088866,normal; within sigma from mean range,1.33,1.15,1.27,1.1,CU-009,2024-12-20,E-0159,20260106T061500Z-QE24M
CAP-24-0327,C-12828-17,2024-12-15 11:00:00,annual layout,25,SG-0095545,SG-0096371,SG-0095545;SG-0095549;SG-0095672;SG-0095673;SG-0095677;SG-0095684;SG-0095685;SG-0095864;SG-0095865;SG-0095868;SG-0095877;SG-0095879;SG-0095880;SG-0096043;SG-0096049;SG-0096050;SG-0096061;SG-0096080;SG-0096177;SG-0096192;SG-0096199;SG-0096206;SG-0096213;SG-0096356;SG-0096371,normal; within sigma from mean range,,1.88,,1.73,CU-007,2024-12-16,E-0160,20260106T061500Z-QE24M
CAP-24-0328,C-11320-33,2024-12-15 13:00:00,annual layout,25,SG-0086016,SG-0086207,SG-0086016;SG-0086023;SG-0086034;SG-0086040;SG-0086050;SG-0086061;SG-0086066;SG-0086076;SG-0086083;SG-0086089;SG-0086106;SG-0086115;SG-0086122;SG-0086131;SG-0086134;SG-0086145;SG-0086148;SG-0086157;SG-0086164;SG-0086169;SG-0086173;SG-0086183;SG-0086192;SG-0086198;SG-0086207,normal; within sigma from mean range,,1.66,,1.55,CU-010,2024-12-16,E-0159,20260106T061500Z-QE24M
CAP-24-0329,C-14140-21,2024-12-15 13:00:00,annual layout,25,SG-0097003,SG-0097373,SG-0097003;SG-0097014;SG-0097024;SG-0097036;SG-0097048;SG-0097057;SG-0097088;SG-0097102;SG-0097115;SG-0097132;SG-0097146;SG-0097160;SG-0097169;SG-0097180;SG-0097218;SG-0097241;SG-0097258;SG-0097278;SG-0097296;SG-0097311;SG-0097326;SG-0097341;SG-0097358;SG-0097365;SG-0097373,normal; within sigma from mean range,1.71,1.67,1.61,1.57,CU-001,2024-12-20,E-0160,20260106T061500Z-QE24M
CAP-24-0330,C-14966-17,2024-12-15 13:00:00,annual layout,25,SG-0081617,SG-0093682,SG-0081617;SG-0081678;SG-0081743;SG-0081815;SG-0090706;SG-0090718;SG-0090727;SG-0090741;SG-0090792;SG-0090813;SG-0090821;SG-0090867;SG-0090936;SG-0091100;SG-0091248;SG-0091372;SG-0091503;SG-0091827;SG-0091951;SG-0092363;SG-0093023;SG-0093170;SG-0093480;SG-0093578;SG-0093682,normal; within sigma from mean range,2.58,2.46,1.92,1.83,CU-010,2024-12-16,E-0158,20260106T061500Z-QE24M
CAP-24-0331,C-12988-16,2024-12-16 09:00:00,annual layout,25,SG-0062268,SG-0087424,SG-0062268;SG-0086397;SG-0086408;SG-0086418;SG-0086426;SG-0086437;SG-0086444;SG-0086498;SG-0086509;SG-0086521;SG-0086554;SG-0086614;SG-0086678;SG-0086739;SG-0086809;SG-0086901;SG-0086961;SG-0087018;SG-0087072;SG-0087126;SG-0087182;SG-0087237;SG-0087308;SG-0087369;SG-0087424,normal; within sigma from mean range,1.13,0.9,1.2,0.96,CU-007,2024-12-18,E-0161,20260106T061500Z-QE24M
CAP-24-0332,C-13369-20,2024-12-16 09:00:00,annual layout,25,SG-0036553,SG-0065600,SG-0036553;SG-0036602;SG-0036619;SG-0036632;SG-0036640;SG-0036656;SG-0065180;SG-0065189;SG-0065256;SG-0065304;SG-0065312;SG-0065320;SG-0065333;SG-0065346;SG-0065354;SG-0065378;SG-0065387;SG-0065390;SG-0065493;SG-0065505;SG-0065520;SG-0065526;SG-0065552;SG-0065568;SG-0065600,normal; within sigma from mean range,1.22,1.0,1.18,0.96,CU-011,2024-12-19,E-0159,20260106T061500Z-QE24M
CAP-24-0333,C-13317-34,2024-12-16 11:00:00,annual layout,25,SG-0095723,SG-0096139,SG-0095723;SG-0095744;SG-0095762;SG-0095778;SG-0095789;SG-0095808;SG-0095841;SG-0095853;SG-0095900;SG-0095919;SG-0095930;SG-0095950;SG-0095970;SG-0095983;SG-0095997;SG-0096006;SG-0096021;SG-0096031;SG-0096075;SG-0096091;SG-0096102;SG-0096114;SG-0096124;SG-0096130;SG-0096139,normal; within sigma from mean range,1.39,0.57,1.37,0.56,CU-012,2024-12-21,E-0159,20260106T061500Z-QE24M
CAP-24-0334,C-13321-39,2024-12-16 13:00:00,annual layout,25,SG-0080046,SG-0080354,SG-0080046;SG-0080056;SG-0080067;SG-0080084;SG-0080094;SG-0080104;SG-0080112;SG-0080121;SG-0080135;SG-0080150;SG-0080159;SG-0080166;SG-0080176;SG-0080189;SG-0080212;SG-0080228;SG-0080246;SG-0080266;SG-0080273;SG-0080290;SG-0080307;SG-0080314;SG-0080331;SG-0080345;SG-0080354,normal; within sigma from mean range,1.45,1.34,1.44,1.32,CU-011,2024-12-19,E-0161,20260106T061500Z-QE24M
CAP-24-0335,C-12016-39,2024-12-16 14:00:00,annual layout,25,SG-0095248,SG-0096110,SG-0095248;SG-0095296;SG-0095323;SG-0095369;SG-0095398;SG-0095432;SG-0095471;SG-0095500;SG-0095557;SG-0095576;SG-0095595;SG-0095612;SG-0095644;SG-0095704;SG-0095738;SG-0095772;SG-0095803;SG-0095843;SG-0095909;SG-0095934;SG-0095973;SG-0096002;SG-0096027;SG-0096087;SG-0096110,normal; within sigma from mean range,1.6,1.57,1.51,1.49,CU-015,2024-12-19,E-0159,20260106T061500Z-QE24M
CAP-24-0336,C-12907-17,2024-12-16 14:00:00,annual layout,25,SG-0050856,SG-0094387,SG-0050856;SG-0050954;SG-0050973;SG-0051018;SG-0051039;SG-0051057;SG-0051077;SG-0051094;SG-0051196;SG-0051210;SG-0051236;SG-0051244;SG-0092303;SG-0092397;SG-0092482;SG-0093217;SG-0093407;SG-0093498;SG-0093552;SG-0093615;SG-0093735;SG-0094203;SG-0094300;SG-0094342;SG-0094387,normal; within sigma from mean range,1.43,0.91,1.3,0.83,CU-007,2024-12-19,E-0158,20260106T061500Z-QE24M
CAP-24-0337,C-13369-23,2024-12-16 14:00:00,annual layout,25,SG-0036496,SG-0065640,SG-0036496;SG-0036523;SG-0036540;SG-0036554;SG-0036605;SG-0036620;SG-0036631;SG-0036641;SG-0036659;SG-0065181;SG-0065252;SG-0065305;SG-0065321;SG-0065365;SG-0065374;SG-0065391;SG-0065454;SG-0065506;SG-0065538;SG-0065569;SG-0065575;SG-0065591;SG-0065604;SG-0065618;SG-0065640,normal; within sigma from mean range,,1.34,,1.3,CU-011,2024-12-19,E-0161,20260106T061500Z-QE24M
CAP-24-0338,C-13357-17,2024-12-17 09:00:00,annual layout,25,SG-0096204,SG-0096505,SG-0096204;SG-0096246;SG-0096251;SG-0096262;SG-0096271;SG-0096276;SG-0096289;SG-0096294;SG-0096302;SG-0096315;SG-0096322;SG-0096335;SG-0096344;SG-0096351;SG-0096400;SG-0096409;SG-0096424;SG-0096432;SG-0096438;SG-0096450;SG-0096457;SG-0096470;SG-0096483;SG-0096493;SG-0096505,normal; within sigma from mean range,1.59,1.55,1.34,1.3,CU-012,2024-12-21,E-0160,20260106T061500Z-QE24M
CAP-24-0339,C-11226-05,2024-12-17 10:00:00,annual layout,25,SG-0090558,SG-0091978,SG-0090558;SG-0090571;SG-0090583;SG-0090590;SG-0090677;SG-0090687;SG-0090699;SG-0090712;SG-0090722;SG-0090736;SG-0090781;SG-0090796;SG-0090806;SG-0090816;SG-0090825;SG-0090894;SG-0090965;SG-0091056;SG-0091121;SG-0091189;SG-0091282;SG-0091408;SG-0091541;SG-0091852;SG-0091978,normal; within sigma from mean range,,1.84,,1.99,CU-009,2024-12-18,E-0161,20260106T061500Z-QE24M
CAP-24-0340,C-11984-21,2024-12-17 10:00:00,annual layout,25,SG-0063907,SG-0095300,SG-0063907;SG-0063934;SG-0063974;SG-0064004;SG-0064032;SG-0064060;SG-0064096;SG-0064121;SG-0064151;SG-0064183;SG-0064211;SG-0064238;SG-0095082;SG-0095139;SG-0095145;SG-0095166;SG-0095181;SG-0095196;SG-0095208;SG-0095227;SG-0095238;SG-0095258;SG-0095267;SG-0095281;SG-0095300,normal; within sigma from mean range,1.82,1.65,1.51,1.36,CU-015,2024-12-20,E-0158,20260106T061500Z-QE24M
CAP-24-0341,C-13431-17,2024-12-17 10:00:00,annual layout,25,SG-0062583,SG-0076495,SG-0062583;SG-0075880;SG-0075913;SG-0075947;SG-0076033;SG-0076095;SG-0076122;SG-0076191;SG-0076218;SG-0076277;SG-0076286;SG-0076291;SG-0076298;SG-0076305;SG-0076313;SG-0076323;SG-0076330;SG-0076341;SG-0076364;SG-0076371;SG-0076387;SG-0076399;SG-0076409;SG-0076422;SG-0076495,normal; within sigma from mean range,2.42,2.28,2.04,1.92,CU-012,2024-12-22,E-0161,20260106T061500Z-QE24M
CAP-24-0342,C-13369-01,2024-12-17 14:00:00,annual layout,25,SG-0036484,SG-0065644,SG-0036484;SG-0036499;SG-0036521;SG-0036537;SG-0036556;SG-0036617;SG-0036628;SG-0036642;SG-0036658;SG-0065182;SG-0065191;SG-0065311;SG-0065332;SG-0065347;SG-0065364;SG-0065376;SG-0065386;SG-0065464;SG-0065492;SG-0065519;SG-0065574;SG-0065599;SG-0065617;SG-0065637;SG-0065644,normal; within sigma from mean range,1.67,1.52,1.64,1.49,CU-011,2024-12-18,E-0158,20260106T061500Z-QE24M
CAP-24-0343,C-13403-24,2024-12-18 08:00:00,annual layout,25,SG-0071228,SG-0071490,SG-0071228;SG-0071241;SG-0071255;SG-0071295;SG-0071301;SG-0071312;SG-0071319;SG-0071330;SG-0071332;SG-0071340;SG-0071349;SG-0071356;SG-0071367;SG-0071370;SG-0071377;SG-0071385;SG-0071394;SG-0071407;SG-0071411;SG-0071417;SG-0071426;SG-0071435;SG-0071471;SG-0071481;SG-0071490,normal; within sigma from mean range,,2.04,,1.84,CU-011,2024-12-23,E-0160,20260106T061500Z-QE24M
CAP-24-0344,C-13447-37,2024-12-18 08:00:00,annual layout,25,SG-0081189,SG-0082678,SG-0081189;SG-0081212;SG-0081234;SG-0081256;SG-0081276;SG-0081316;SG-0081347;SG-0081373;SG-0081397;SG-0081469;SG-0081610;SG-0081693;SG-0081774;SG-0081850;SG-0081926;SG-0082000;SG-0082084;SG-0082159;SG-0082240;SG-0082315;SG-0082406;SG-0082475;SG-0082544;SG-0082611;SG-0082678,normal; within sigma from mean range,,1.44,,1.33,CU-011,2024-12-22,E-0158,20260106T061500Z-QE24M
CAP-24-0345,C-11923-25,2024-12-18 09:00:00,annual layout,25,SG-0092854,SG-0095348,SG-0092854;SG-0092872;SG-0092906;SG-0093849;SG-0093941;SG-0093942;SG-0093965;SG-0094053;SG-0094078;SG-0094584;SG-0094622;SG-0094649;SG-0094702;SG-0094759;SG-0094793;SG-0095095;SG-0095096;SG-0095119;SG-0095126;SG-0095129;SG-0095136;SG-0095337;SG-0095345;SG-0095347;SG-0095348,normal; within sigma from mean range,1.45,0.69,1.46,0.7,CU-015,2024-12-21,E-0160,20260106T061500Z-QE24M
CAP-24-0346,C-12868-03,2024-12-18 09:00:00,annual layout,25,SG-0078248,SG-0097639,SG-0078248;SG-0078257;SG-0078263;SG-0078272;SG-0078273;SG-0078277;SG-0078285;SG-0078391;SG-0078396;SG-0078399;SG-0078405;SG-0078410;SG-0097384;SG-0097408;SG-0097411;SG-0097424;SG-0097444;SG-0097472;SG-0097480;SG-0097554;SG-0097574;SG-0097593;SG-0097609;SG-0097621;SG-0097639,normal; within sigma from mean range,2.29,2.23,2.27,2.22,CU-008,2024-12-18,E-0161,20260106T061500Z-QE24M
CAP-24-0347,C-13369-32,2024-12-18 10:00:00,annual layout,25,SG-0036486,SG-0065641,SG-0036486;SG-0036498;SG-0036524;SG-0036539;SG-0036555;SG-0036604;SG-0036618;SG-0036629;SG-0036639;SG-0036657;SG-0065183;SG-0065190;SG-0065257;SG-0065310;SG-0065356;SG-0065392;SG-0065465;SG-0065495;SG-0065507;SG-0065551;SG-0065567;SG-0065576;SG-0065601;SG-0065616;SG-0065641,normal; within sigma from mean range,1.48,1.24,1.36,1.14,CU-011,2024-12-20,E-0160,20260106T061500Z-QE24M
CAP-24-0348,C-11923-33,2024-12-18 13:00:00,annual layout,25,SG-0092719,SG-0095352,SG-0092719;SG-0092929;SG-0092941;SG-0093757;SG-0093769;SG-0093770;SG-0093785;SG-0093829;SG-0094054;SG-0094585;SG-0094623;SG-0094650;SG-0094812;SG-0094813;SG-0094842;SG-0095097;SG-0095098;SG-0095100;SG-0095105;SG-0095128;SG-0095138;SG-0095338;SG-0095340;SG-0095349;SG-0095352,normal; within sigma from mean range,1.49,0.47,1.41,0.45,CU-015,2024-12-18,E-0161,20260106T061500Z-QE24M
CAP-24-0349,C-13483-35,2024-12-18 13:00:00,annual layout,25,SG-0083314,SG-0083626,SG-0083314;SG-0083315;SG-0083348;SG-0083349;SG-0083350;SG-0083358;SG-0083372;SG-0083385;SG-0083394;SG-0083401;SG-0083402;SG-0083412;SG-0083413;SG-0083429;SG-0083439;SG-0083565;SG-0083566;SG-0083586;SG-0083587;SG-0083588;SG-0083590;SG-0083614;SG-0083624;SG-0083625;SG-0083626,normal; within sigma from mean range,1.32,1.23,1.25,1.16,CU-011,2024-12-23,E-0158,20260106T061500Z-QE24M
CAP-24-0350,C-13357-02,2024-12-18 14:00:00,annual layout,25,SG-0096212,SG-0096508,SG-0096212;SG-0096247;SG-0096250;SG-0096261;SG-0096270;SG-0096275;SG-0096288;SG-0096295;SG-0096301;SG-0096314;SG-0096321;SG-0096339;SG-0096345;SG-0096353;SG-0096401;SG-0096408;SG-0096423;SG-0096433;SG-0096437;SG-0096451;SG-0096456;SG-0096469;SG-0096482;SG-0096491;SG-0096508,normal; within sigma from mean range,,2.49,,2.29,CU-012,2024-12-23,E-0160,20260106T061500Z-QE24M
CAP-24-0351,C-13317-22,2024-12-18 15:00:00,annual layout,25,SG-0095741,SG-0096138,SG-0095741;SG-0095759;SG-0095777;SG-0095788;SG-0095809;SG-0095819;SG-0095844;SG-0095855;SG-0095902;SG-0095917;SG-0095929;SG-0095951;SG-0095968;SG-0095985;SG-0095996;SG-0096008;SG-0096019;SG-0096028;SG-0096074;SG-0096095;SG-0096101;SG-0096116;SG-0096123;SG-0096128;SG-0096138,normal; within sigma from mean range,1.79,1.58,1.62,1.42,CU-012,2024-12-22,E-0158,20260106T061500Z-QE24M
CAP-24-0352,C-14108-29,2024-12-18 15:00:00,annual layout,25,SG-0096978,SG-0097344,SG-0096978;SG-0096989;SG-0097000;SG-0097009;SG-0097022;SG-0097033;SG-0097043;SG-0097054;SG-0097085;SG-0097098;SG-0097108;SG-0097128;SG-0097139;SG-0097150;SG-0097164;SG-0097179;SG-0097190;SG-0097227;SG-0097250;SG-0097266;SG-0097284;SG-0097301;SG-0097320;SG-0097329;SG-0097344,normal; within sigma from mean range,1.45,1.29,1.12,1.0,CU-002,2024-12-19,E-0160,20260106T061500Z-QE24M
CAP-24-0353,C-14196-39,2024-12-18 15:00:00,annual layout,25,SG-0089363,SG-0090612,SG-0089363;SG-0089384;SG-0089437;SG-0089462;SG-0089490;SG-0089526;SG-0089609;SG-0089642;SG-0089680;SG-0089710;SG-0089784;SG-0089810;SG-0089828;SG-0090042;SG-0090053;SG-0090066;SG-0090080;SG-0090352;SG-0090369;SG-0090399;SG-0090425;SG-0090537;SG-0090564;SG-0090580;SG-0090612,normal; within sigma from mean range,1.7,0.8,1.66,0.78,CU-001,2024-12-23,E-0158,20260106T061500Z-QE24M
CAP-24-0354,C-13483-32,2024-12-19 09:00:00,annual layout,25,SG-0083336,SG-0083629,SG-0083336;SG-0083337;SG-0083357;SG-0083364;SG-0083365;SG-0083384;SG-0083392;SG-0083393;SG-0083411;SG-0083420;SG-0083421;SG-0083427;SG-0083428;SG-0083433;SG-0083557;SG-0083558;SG-0083560;SG-0083564;SG-0083568;SG-0083572;SG-0083576;SG-0083598;SG-0083613;SG-0083618;SG-0083629,normal; within sigma from mean range,1.76,1.48,1.85,1.55,CU-011,2024-12-24,E-0158,20260106T061500Z-QE24M
CAP-24-0355,C-14117-10,2024-12-19 09:00:00,annual layout,25,SG-0096759,SG-0097304,SG-0096759;SG-0096778;SG-0096794;SG-0096810;SG-0096858;SG-0096889;SG-0096903;SG-0096914;SG-0096921;SG-0096935;SG-0096975;SG-0096995;SG-0097007;SG-0097027;SG-0097038;SG-0097061;SG-0097095;SG-0097116;SG-0097137;SG-0097157;SG-0097177;SG-0097215;SG-0097252;SG-0097274;SG-0097304,normal; within sigma from mean range,1.36,1.17,1.38,1.19,CU-001,2024-12-23,E-0159,20260106T061500Z-QE24M
CAP-24-0356,C-11920-12,2024-12-19 12:00:00,annual layout,25,SG-0078989,SG-0098361,SG-0078989;SG-0079062;SG-0079108;SG-0079189;SG-0079258;SG-0079311;SG-0079365;SG-0079416;SG-0079490;SG-0079571;SG-0079632;SG-0079698;SG-0079785;SG-0079926;SG-0080078;SG-0080217;SG-0080378;SG-0097524;SG-0097674;SG-0097818;SG-0097951;SG-0098051;SG-0098170;SG-0098275;SG-0098361,normal; within sigma from mean range,1.45,1.41,1.34,1.3,CU-016,2024-12-20,E-0161,20260106T061500Z-QE24M
CAP-24-0357,C-13350-04,2024-12-19 13:00:00,annual layout,25,SG-0077963,SG-0078365,SG-0077963;SG-0077989;SG-0077994;SG-0077998;SG-0077999;SG-0078005;SG-0078016;SG-0078020;SG-0078031;SG-0078089;SG-0078105;SG-0078114;SG-0078127;SG-0078140;SG-0078151;SG-0078161;SG-0078173;SG-0078188;SG-0078293;SG-0078306;SG-0078312;SG-0078324;SG-0078335;SG-0078349;SG-0078365,normal; within sigma from mean range,1.89,1.84,1.85,1.8,CU-011,2024-12-21,E-0160,20260106T061500Z-QE24M
CAP-24-0358,C-14175-10,2024-12-19 13:00:00,annual layout,25,SG-0076937,SG-0096768,SG-0076937;SG-0076992;SG-0077048;SG-0077103;SG-0077191;SG-0077255;SG-0077310;SG-0077369;SG-0077433;SG-0077489;SG-0096319;SG-0096337;SG-0096349;SG-0096405;SG-0096428;SG-0096460;SG-0096485;SG-0096503;SG-0096585;SG-0096600;SG-0096655;SG-0096673;SG-0096708;SG-0096742;SG-0096768,normal; within sigma from mean range,,1.86,,1.81,CU-002,2024-12-23,E-0159,20260106T061500Z-QE24M
CAP-24-0359,C-11930-28,2024-12-19 15:00:00,annual layout,25,SG-0068272,SG-0088700,SG-0068272;SG-0068430;SG-0068434;SG-0068435;SG-0068444;SG-0088079;SG-0088109;SG-0088162;SG-0088176;SG-0088200;SG-0088212;SG-0088232;SG-0088251;SG-0088299;SG-0088329;SG-0088360;SG-0088384;SG-0088412;SG-0088448;SG-0088526;SG-0088554;SG-0088581;SG-0088608;SG-0088646;SG-0088700,normal; within sigma from mean range,1.54,1.51,1.44,1.42,CU-016,2024-12-22,E-0158,20260106T061500Z-QE24M
CAP-24-0360,C-11301-04,2024-12-20 09:00:00,annual layout,25,SG-0095661,SG-0095991,SG-0095661;SG-0095700;SG-0095710;SG-0095721;SG-0095728;SG-0095745;SG-0095755;SG-0095765;SG-0095781;SG-0095791;SG-0095799;SG-0095813;SG-0095823;SG-0095831;SG-0095845;SG-0095869;SG-0095903;SG-0095913;SG-0095925;SG-0095936;SG-0095945;SG-0095961;SG-0095976;SG-0095987;SG-0095991,normal; within sigma from mean range,2.08,2.08,2.11,2.11,CU-009,2024-12-21,E-0161,20260106T061500Z-QE24M
CAP-24-0361,C-11984-31,2024-12-20 09:00:00,annual layout,25,SG-0063821,SG-0095284,SG-0063821;SG-0063844;SG-0063876;SG-0063908;SG-0063935;SG-0063971;SG-0064002;SG-0064033;SG-0064059;SG-0064090;SG-0064122;SG-0064149;SG-0064181;SG-0064209;SG-0064239;SG-0095083;SG-0095146;SG-0095167;SG-0095182;SG-0095191;SG-0095230;SG-0095239;SG-0095256;SG-0095268;SG-0095284,normal; within sigma from mean range,,1.93,,1.71,CU-015,2024-12-24,E-0161,20260106T061500Z-QE24M
CAP-24-0362,C-13403-09,2024-12-20 11:00:00,annual layout,25,SG-0071227,SG-0071488,SG-0071227;SG-0071240;SG-0071254;SG-0071297;SG-0071303;SG-0071314;SG-0071318;SG-0071327;SG-0071333;SG-0071339;SG-0071350;SG-0071355;SG-0071365;SG-0071371;SG-0071376;SG-0071386;SG-0071396;SG-0071406;SG-0071414;SG-0071415;SG-0071428;SG-0071431;SG-0071470;SG-0071479;SG-0071488,normal; within sigma from mean range,1.75,1.75,1.68,1.67,CU-011,2024-12-23,E-0158,20260106T061500Z-QE24M
CAP-24-0363,C-14159-18,2024-12-20 11:00:00,annual layout,25,SG-0067490,SG-0083179,SG-0067490;SG-0067495;SG-0067498;SG-0067499;SG-0067505;SG-0067507;SG-0067510;SG-0067512;SG-0067515;SG-0067517;SG-0067520;SG-0067523;SG-0083066;SG-0083108;SG-0083126;SG-0083132;SG-0083134;SG-0083143;SG-0083146;SG-0083149;SG-0083159;SG-0083163;SG-0083165;SG-0083173;SG-0083179,normal; within sigma from mean range,,1.45,,1.41,CU-002,2024-12-21,E-0158,20260106T061500Z-QE24M
CAP-24-0364,C-14196-28,2024-12-20 11:00:00,annual layout,25,SG-0089362,SG-0090611,SG-0089362;SG-0089385;SG-0089439;SG-0089463;SG-0089491;SG-0089522;SG-0089608;SG-0089640;SG-0089681;SG-0089708;SG-0089783;SG-0089809;SG-0089829;SG-0090041;SG-0090054;SG-0090067;SG-0090079;SG-0090351;SG-0090367;SG-0090398;SG-0090424;SG-0090536;SG-0090563;SG-0090581;SG-0090611,normal; within sigma from mean range,1.66,1.6,1.6,1.55,CU-001,2024-12-25,E-0160,20260106T061500Z-QE24M
CAP-24-0365,C-13458-09,2024-12-20 12:00:00,annual layout,25,SG-0077146,SG-0077644,SG-0077146;SG-0077147;SG-0077149;SG-0077150;SG-0077585;SG-0077586;SG-0077589;SG-0077590;SG-0077591;SG-0077594;SG-0077600;SG-0077602;SG-0077603;SG-0077613;SG-0077619;SG-0077620;SG-0077623;SG-0077626;SG-0077629;SG-0077633;SG-0077637;SG-0077638;SG-0077640;SG-0077642;SG-0077644,normal; within sigma from mean range,,2.27,,2.3,CU-012,2024-12-21,E-0158,20260106T061500Z-QE24M
CAP-24-0366,C-12907-02,2024-12-20 13:00:00,annual layout,25,SG-0051038,SG-0094340,SG-0051038;SG-0051056;SG-0051075;SG-0051095;SG-0051176;SG-0051195;SG-0051209;SG-0051237;SG-0051243;SG-0092302;SG-0092481;SG-0092575;SG-0093027;SG-0093124;SG-0093216;SG-0093313;SG-0093492;SG-0093551;SG-0093611;SG-0093674;SG-0093734;SG-0094158;SG-0094201;SG-0094250;SG-0094340,normal; within sigma from mean range,2.11,2.07,2.22,2.18,CU-007,2024-12-23,E-0161,20260106T061500Z-QE24M
CAP-24-0367,C-14918-14,2024-12-20 15:00:00,annual layout,25,SG-0079054,SG-0096143,SG-0079054;SG-0079055;SG-0079064;SG-0079068;SG-0079076;SG-0079117;SG-0079132;SG-0079150;SG-0079171;SG-0079195;SG-0079296;SG-0079306;SG-0079431;SG-0079446;SG-0095392;SG-0095460;SG-0095537;SG-0095707;SG-0095740;SG-0095768;SG-0095892;SG-0096093;SG-0096111;SG-0096125;SG-0096143,normal; within sigma from mean range,2.31,2.27,2.1,2.07,CU-009,2024-12-23,E-0158,20260106T061500Z-QE24M
CAP-24-0368,C-12861-20,2024-12-21 10:00:00,annual layout,25,SG-0089405,SG-0089998,SG-0089405;SG-0089407;SG-0089411;SG-0089413;SG-0089423;SG-0089430;SG-0089544;SG-0089545;SG-0089555;SG-0089564;SG-0089576;SG-0089577;SG-0089583;SG-0089716;SG-0089725;SG-0089728;SG-0089729;SG-0089732;SG-0089736;SG-0089739;SG-0089756;SG-0089760;SG-0089932;SG-0089987;SG-0089998,normal; within sigma from mean range,,2.92,,2.95,CU-007,2024-12-21,E-0158,20260106T061500Z-QE24M
CAP-24-0369,C-14928-19,2024-12-21 10:00:00,annual layout,25,SG-0096629,SG-0096906,SG-0096629;SG-0096639;SG-0096647;SG-0096658;SG-0096664;SG-0096675;SG-0096684;SG-0096730;SG-0096738;SG-0096748;SG-0096757;SG-0096764;SG-0096772;SG-0096782;SG-0096788;SG-0096798;SG-0096804;SG-0096813;SG-0096818;SG-0096847;SG-0096879;SG-0096883;SG-0096892;SG-0096897;SG-0096906,normal; within sigma from mean range,1.31,0.61,1.29,0.59,CU-010,2024-12-24,E-0158,20260106T061500Z-QE24M
CAP-24-0370,C-11301-23,2024-12-21 14:00:00,annual layout,25,SG-0095662,SG-0095992,SG-0095662;SG-0095702;SG-0095711;SG-0095722;SG-0095731;SG-0095746;SG-0095754;SG-0095766;SG-0095782;SG-0095784;SG-0095800;SG-0095812;SG-0095822;SG-0095829;SG-0095846;SG-0095867;SG-0095904;SG-0095915;SG-0095926;SG-0095935;SG-0095947;SG-0095960;SG-0095974;SG-0095986;SG-0095992,normal; within sigma from mean range,,1.71,,1.72,CU-009,2024-12-25,E-0158,20260106T061500Z-QE24M
CAP-24-0371,C-12925-28,2024-12-21 14:00:00,annual layout,25,SG-0042816,SG-0079680,SG-0042816;SG-0042837;SG-0042849;SG-0042857;SG-0042867;SG-0079508;SG-0079523;SG-0079534;SG-0079544;SG-0079551;SG-0079561;SG-0079565;SG-0079581;SG-0079585;SG-0079590;SG-0079593;SG-0079619;SG-0079621;SG-0079625;SG-0079652;SG-0079655;SG-0079666;SG-0079673;SG-0079674;SG-0079680,normal; within sigma from mean range,1.05,1.03,0.98,0.96,CU-008,2024-12-21,E-0158,20260106T061500Z-QE24M
CAP-24-0372,C-12023-24,2024-12-21 15:00:00,annual layout,25,SG-0096098,SG-0098510,SG-0096098;SG-0096172;SG-0096328;SG-0096475;SG-0096617;SG-0096743;SG-0096825;SG-0096927;SG-0097019;SG-0097121;SG-0097243;SG-0097351;SG-0097402;SG-0097487;SG-0097636;SG-0097783;SG-0097902;SG-0098031;SG-0098165;SG-0098264;SG-0098356;SG-0098383;SG-0098415;SG-0098452;SG-0098510,normal; within sigma from mean range,2.05,1.96,2.02,1.93,CU-016,2024-12-23,E-0158,20260106T061500Z-QE24M
CAP-24-0373,C-14928-12,2024-12-22 09:00:00,annual layout,25,SG-0076334,SG-0096846,SG-0076334;SG-0076360;SG-0076401;SG-0076415;SG-0076455;SG-0076501;SG-0096611;SG-0096619;SG-0096631;SG-0096638;SG-0096646;SG-0096657;SG-0096665;SG-0096676;SG-0096685;SG-0096729;SG-0096749;SG-0096763;SG-0096783;SG-0096787;SG-0096796;SG-0096803;SG-0096812;SG-0096816;SG-0096846,normal; within sigma from mean range,2.34,2.12,2.22,2.02,CU-010,2024-12-24,E-0161,20260106T061500Z-QE24M
CAP-24-0374,C-11282-26,2024-12-22 10:00:00,annual layout,25,SG-0086215,SG-0086410,SG-0086215;SG-0086219;SG-0086231;SG-0086234;SG-0086238;SG-0086243;SG-0086245;SG-0086250;SG-0086254;SG-0086263;SG-0086267;SG-0086280;SG-0086286;SG-0086299;SG-0086304;SG-0086312;SG-0086315;SG-0086324;SG-0086380;SG-0086387;SG-0086388;SG-0086396;SG-0086400;SG-0086405;SG-0086410,normal; within sigma from mean range,,1.1,,1.01,CU-010,2024-12-22,E-0160,20260106T061500Z-QE24M
CAP-24-0375,C-14140-25,2024-12-22 10:00:00,annual layout,25,SG-0097004,SG-0097375,SG-0097004;SG-0097015;SG-0097026;SG-0097037;SG-0097049;SG-0097059;SG-0097089;SG-0097103;SG-0097118;SG-0097129;SG-0097147;SG-0097159;SG-0097167;SG-0097181;SG-0097221;SG-0097237;SG-0097259;SG-0097279;SG-0097299;SG-0097310;SG-0097327;SG-0097342;SG-0097356;SG-0097364;SG-0097375,normal; within sigma from mean range,1.35,1.31,1.31,1.27,CU-001,2024-12-23,E-0160,20260106T061500Z-QE24M
CAP-24-0376,C-12972-24,2024-12-22 11:00:00,annual layout,25,SG-0080550,SG-0080771,SG-0080550;SG-0080559;SG-0080568;SG-0080576;SG-0080603;SG-0080611;SG-0080616;SG-0080621;SG-0080627;SG-0080634;SG-0080640;SG-0080644;SG-0080649;SG-0080657;SG-0080661;SG-0080686;SG-0080692;SG-0080701;SG-0080712;SG-0080718;SG-0080733;SG-0080745;SG-0080753;SG-0080762;SG-0080771,normal; within sigma from mean range,1.54,1.45,1.36,1.29,CU-008,2024-12-24,E-0158,20260106T061500Z-QE24M
CAP-24-0377,C-12947-12,2024-12-22 13:00:00,annual layout,25,SG-0077957,SG-0078276,SG-0077957;SG-0077958;SG-0077960;SG-0077968;SG-0077970;SG-0077973;SG-0077980;SG-0077985;SG-0077986;SG-0077987;SG-0078046;SG-0078047;SG-0078050;SG-0078060;SG-0078067;SG-0078070;SG-0078073;SG-0078074;SG-0078076;SG-0078078;SG-0078230;SG-0078266;SG-0078268;SG-0078271;SG-0078276,normal; within sigma from mean range,1.89,1.83,2.0,1.93,CU-007,2024-12-26,E-0159,20260106T061500Z-QE24M
CAP-24-0378,C-14103-17,2024-12-22 14:00:00,annual layout,25,SG-0096282,SG-0096974,SG-0096282;SG-0096300;SG-0096330;SG-0096362;SG-0096421;SG-0096445;SG-0096473;SG-0096500;SG-0096518;SG-0096597;SG-0096613;SG-0096636;SG-0096660;SG-0096680;SG-0096735;SG-0096761;SG-0096780;SG-0096800;SG-0096814;SG-0096880;SG-0096896;SG-0096913;SG-0096920;SG-0096932;SG-0096974,normal; within sigma from mean range,1.2,0.69,1.11,0.64,CU-001,2024-12-26,E-0161,20260106T061500Z-QE24M
CAP-24-0379,C-14103-05,2024-12-22 15:00:00,annual layout,25,SG-0096281,SG-0096973,SG-0096281;SG-0096303;SG-0096329;SG-0096361;SG-0096420;SG-0096446;SG-0096472;SG-0096499;SG-0096519;SG-0096596;SG-0096614;SG-0096637;SG-0096654;SG-0096679;SG-0096734;SG-0096760;SG-0096779;SG-0096799;SG-0096815;SG-0096878;SG-0096895;SG-0096912;SG-0096919;SG-0096931;SG-0096973,normal; within sigma from mean range,1.56,1.5,1.43,1.37,CU-001,2024-12-23,E-0158,20260106T061500Z-QE24M
CAP-24-0380,C-12988-24,2024-12-23 10:00:00,annual layout,25,SG-0062269,SG-0087425,SG-0062269;SG-0086398;SG-0086409;SG-0086419;SG-0086427;SG-0086438;SG-0086445;SG-0086499;SG-0086510;SG-0086522;SG-0086558;SG-0086615;SG-0086677;SG-0086740;SG-0086811;SG-0086902;SG-0086960;SG-0087019;SG-0087070;SG-0087127;SG-0087183;SG-0087235;SG-0087305;SG-0087368;SG-0087425,normal; within sigma from mean range,0.91,0.76,0.94,0.79,CU-007,2024-12-24,E-0161,20260106T061500Z-QE24M
CAP-24-0381,C-13328-14,2024-12-23 11:00:00,annual layout,25,SG-0081320,SG-0082927,SG-0081320;SG-0081354;SG-0081384;SG-0081432;SG-0081526;SG-0081671;SG-0081765;SG-0081860;SG-0081944;SG-0082031;SG-0082119;SG-0082207;SG-0082292;SG-0082398;SG-0082478;SG-0082555;SG-0082631;SG-0082708;SG-0082799;SG-0082846;SG-0082853;SG-0082864;SG-0082904;SG-0082913;SG-0082927,normal; within sigma from mean range,2.0,1.9,2.07,1.97,CU-012,2024-12-26,E-0159,20260106T061500Z-QE24M
CAP-24-0382,C-12878-28,2024-12-23 12:00:00,annual layout,25,SG-0061699,SG-0095332,SG-0061699;SG-0094908;SG-0094939;SG-0094955;SG-0094967;SG-0094987;SG-0095000;SG-0095011;SG-0095025;SG-0095041;SG-0095054;SG-0095069;SG-0095087;SG-0095132;SG-0095175;SG-0095186;SG-0095207;SG-0095231;SG-0095242;SG-0095262;SG-0095276;SG-0095298;SG-0095310;SG-0095316;SG-0095332,normal; within sigma from mean range,1.48,0.62,1.43,0.6,CU-007,2024-12-23,E-0159,20260106T061500Z-QE24M
CAP-24-0383,C-13380-09,2024-12-23 12:00:00,annual layout,25,SG-0097548,SG-0097880,SG-0097548;SG-0097568;SG-0097591;SG-0097597;SG-0097615;SG-0097630;SG-0097642;SG-0097655;SG-0097670;SG-0097678;SG-0097693;SG-0097703;SG-0097711;SG-0097724;SG-0097741;SG-0097773;SG-0097781;SG-0097799;SG-0097808;SG-0097825;SG-0097835;SG-0097845;SG-0097853;SG-0097869;SG-0097880,normal; within sigma from mean range,2.08,2.06,2.15,2.12,CU-012,2024-12-25,E-0158,20260106T061500Z-QE24M
CAP-24-0384,C-11329-29,2024-12-23 13:00:00,annual layout,25,SG-0097658,SG-0098125,SG-0097658;SG-0097676;SG-0097695;SG-0097708;SG-0097726;SG-0097770;SG-0097786;SG-0097806;SG-0097827;SG-0097838;SG-0097856;SG-0097873;SG-0097887;SG-0097901;SG-0097943;SG-0097957;SG-0097969;SG-0097983;SG-0097998;SG-0098010;SG-0098025;SG-0098043;SG-0098058;SG-0098117;SG-0098125,normal; within sigma from mean range,1.01,0.79,0.97,0.75,CU-009,2024-12-23,E-0160,20260106T061500Z-QE24M
CAP-24-0385,C-14212-17,2024-12-23 14:00:00,annual layout,25,SG-0064804,SG-0086492,SG-0064804;SG-0064808;SG-0064810;SG-0064812;SG-0086227;SG-0086325;SG-0086326;SG-0086328;SG-0086335;SG-0086337;SG-0086346;SG-0086347;SG-0086351;SG-0086374;SG-0086452;SG-0086454;SG-0086469;SG-0086470;SG-0086474;SG-0086479;SG-0086484;SG-0086485;SG-0086487;SG-0086491;SG-0086492,normal; within sigma from mean range,1.98,1.93,1.86,1.81,CU-002,2024-12-23,E-0158,20260106T061500Z-QE24M
CAP-24-0386,C-11347-22,2024-12-23 08:00:00,annual layout,25,SG-0097645,SG-0098127,SG-0097645;SG-0097665;SG-0097682;SG-0097700;SG-0097719;SG-0097732;SG-0097777;SG-0097796;SG-0097812;SG-0097834;SG-0097850;SG-0097866;SG-0097883;SG-0097895;SG-0097928;SG-0097955;SG-0097967;SG-0097980;SG-0097995;SG-0098007;SG-0098021;SG-0098038;SG-0098054;SG-0098115;SG-0098127,normal; within sigma from mean range,1.9,1.63,1.71,1.47,CU-010,2024-12-24,E-0161,20260106T061500Z-QE24M
CAP-24-0387,C-13502-32,2024-12-23 08:00:00,annual layout,25,SG-0089747,SG-0090317,SG-0089747;SG-0089757;SG-0089762;SG-0089851;SG-0089856;SG-0089894;SG-0089914;SG-0089923;SG-0089933;SG-0089940;SG-0089963;SG-0089973;SG-0089974;SG-0089983;SG-0090036;SG-0090096;SG-0090115;SG-0090116;SG-0090117;SG-0090147;SG-0090207;SG-0090290;SG-0090301;SG-0090302;SG-0090317,normal; within sigma from mean range,1.38,1.33,1.25,1.2,CU-012,2024-12-26,E-0159,20260106T061500Z-QE24M
CAP-24-0388,C-14175-23,2024-12-23 10:00:00,annual layout,25,SG-0076939,SG-0096785,SG-0076939;SG-0076996;SG-0077045;SG-0077099;SG-0077190;SG-0077258;SG-0077307;SG-0077370;SG-0077431;SG-0077493;SG-0096297;SG-0096317;SG-0096340;SG-0096350;SG-0096443;SG-0096461;SG-0096514;SG-0096586;SG-0096599;SG-0096608;SG-0096656;SG-0096672;SG-0096740;SG-0096755;SG-0096785,normal; within sigma from mean range,1.18,0.81,1.12,0.77,CU-002,2024-12-27,E-0161,20260106T061500Z-QE24M
CAP-24-0389,C-12878-19,2024-12-23 11:00:00,annual layout,25,SG-0094907,SG-0095331,SG-0094907;SG-0094940;SG-0094958;SG-0094966;SG-0094986;SG-0094994;SG-0095010;SG-0095024;SG-0095040;SG-0095053;SG-0095068;SG-0095088;SG-0095130;SG-0095149;SG-0095173;SG-0095185;SG-0095206;SG-0095228;SG-0095244;SG-0095261;SG-0095277;SG-0095297;SG-0095309;SG-0095315;SG-0095331,normal; within sigma from mean range,2.14,2.05,2.21,2.12,CU-007,2024-12-26,E-0160,20260106T061500Z-QE24M
CAP-24-0390,C-13317-14,2024-12-23 12:00:00,annual layout,25,SG-0073053,SG-0096137,SG-0073053;SG-0073063;SG-0073080;SG-0073098;SG-0073110;SG-0073124;SG-0073138;SG-0073149;SG-0073163;SG-0095605;SG-0095618;SG-0095635;SG-0095657;SG-0095948;SG-0095994;SG-0096009;SG-0096018;SG-0096029;SG-0096077;SG-0096094;SG-0096103;SG-0096115;SG-0096121;SG-0096127;SG-0096137,normal; within sigma from mean range,1.55,1.46,1.54,1.45,CU-012,2024-12-27,E-0160,20260106T061500Z-QE24M
CAP-24-0391,C-11163-33,2024-12-23 13:00:00,annual layout,25,SG-0097688,SG-0098370,SG-0097688;SG-0097714;SG-0097769;SG-0097801;SG-0097833;SG-0097860;SG-0097885;SG-0097941;SG-0097965;SG-0097991;SG-0098011;SG-0098036;SG-0098081;SG-0098140;SG-0098150;SG-0098168;SG-0098181;SG-0098197;SG-0098252;SG-0098270;SG-0098281;SG-0098292;SG-0098297;SG-0098359;SG-0098370,normal; within sigma from mean range,2.11,2.08,1.8,1.78,CU-009,2024-12-23,E-0161,20260106T061500Z-QE24M
CAP-24-0392,C-11301-32,2024-12-23 13:00:00,annual layout,25,SG-0095664,SG-0095993,SG-0095664;SG-0095703;SG-0095709;SG-0095720;SG-0095729;SG-0095747;SG-0095756;SG-0095764;SG-0095783;SG-0095792;SG-0095801;SG-0095816;SG-0095824;SG-0095832;SG-0095847;SG-0095870;SG-0095911;SG-0095914;SG-0095927;SG-0095937;SG-0095946;SG-0095962;SG-0095975;SG-0095988;SG-0095993,normal; within sigma from mean range,1.02,0.82,0.97,0.79,CU-009,2024-12-26,E-0160,20260106T061500Z-QE24M
CAP-24-0393,C-14952-37,2024-12-23 13:00:00,annual layout,25,SG-0097735,SG-0098397,SG-0097735;SG-0097739;SG-0097758;SG-0097762;SG-0097914;SG-0097917;SG-0097924;SG-0098074;SG-0098078;SG-0098079;SG-0098088;SG-0098089;SG-0098209;SG-0098212;SG-0098213;SG-0098219;SG-0098244;SG-0098301;SG-0098312;SG-0098315;SG-0098323;SG-0098332;SG-0098340;SG-0098392;SG-0098397,normal; within sigma from mean range,2.15,2.04,2.14,2.03,CU-009,2024-12-26,E-0158,20260106T061500Z-QE24M
CAP-24-0394,C-14992-12,2024-12-23 14:00:00,annual layout,25,SG-0088264,SG-0089248,SG-0088264;SG-0088318;SG-0088339;SG-0088380;SG-0088405;SG-0088444;SG-0088530;SG-0088561;SG-0088592;SG-0088622;SG-0088676;SG-0088771;SG-0088855;SG-0088911;SG-0088964;SG-0089018;SG-0089069;SG-0089147;SG-0089159;SG-0089172;SG-0089179;SG-0089187;SG-0089236;SG-0089243;SG-0089248,normal; within sigma from mean range,1.07,0.83,1.06,0.81,CU-010,2024-12-25,E-0158,20260106T061500Z-QE24M
CAP-24-0395,C-17004-05,2024-12-23 14:00:00,request,25,SG-0093418,SG-0093481,SG-0093418;SG-0093420;SG-0093423;SG-0093424;SG-0093429;SG-0093431;SG-0093433;SG-0093435;SG-0093436;SG-0093437;SG-0093442;SG-0093447;SG-0093448;SG-0093449;SG-0093453;SG-0093459;SG-0093460;SG-0093462;SG-0093469;SG-0093470;SG-0093471;SG-0093474;SG-0093476;SG-0093477;SG-0093481,normal; within sigma from mean range,1.78,1.73,1.7,1.65,internal,2024-12-28,E-0161,20260106T061500Z-QE24M
CAP-24-0396,C-12835-25,2024-12-23 15:00:00,annual layout,25,SG-0078283,SG-0087954,SG-0078283;SG-0078288;SG-0078393;SG-0078398;SG-0087501;SG-0087534;SG-0087564;SG-0087595;SG-0087627;SG-0087661;SG-0087690;SG-0087719;SG-0087774;SG-0087811;SG-0087843;SG-0087871;SG-0087898;SG-0087905;SG-0087910;SG-0087920;SG-0087924;SG-0087927;SG-0087935;SG-0087946;SG-0087954,normal; within sigma from mean range,0.87,0.46,0.86,0.46,CU-008,2024-12-25,E-0161,20260106T061500Z-QE24M
CAP-24-0397,C-11320-01,2024-12-23 09:00:00,annual layout,25,SG-0086014,SG-0086206,SG-0086014;SG-0086022;SG-0086035;SG-0086043;SG-0086048;SG-0086060;SG-0086065;SG-0086074;SG-0086081;SG-0086087;SG-0086104;SG-0086114;SG-0086123;SG-0086132;SG-0086135;SG-0086144;SG-0086146;SG-0086155;SG-0086162;SG-0086167;SG-0086177;SG-0086182;SG-0086191;SG-0086199;SG-0086206,normal; within sigma from mean range,1.83,1.8,1.86,1.83,CU-010,2024-12-26,E-0158,20260106T061500Z-QE24M
CAP-24-0398,C-14952-36,2024-12-23 10:00:00,annual layout,25,SG-0097761,SG-0098403,SG-0097761;SG-0097911;SG-0097922;SG-0097929;SG-0097939;SG-0097942;SG-0098062;SG-0098071;SG-0098083;SG-0098086;SG-0098093;SG-0098110;SG-0098198;SG-0098204;SG-0098208;SG-0098229;SG-0098233;SG-0098307;SG-0098317;SG-0098325;SG-0098330;SG-0098331;SG-0098339;SG-0098394;SG-0098403,normal; within sigma from mean range,1.39,1.02,1.26,0.93,CU-009,2024-12-28,E-0160,20260106T061500Z-QE24M
CAP-24-0399,C-11226-03,2024-12-23 11:00:00,annual layout,25,SG-0090557,SG-0091981,SG-0090557;SG-0090569;SG-0090582;SG-0090592;SG-0090678;SG-0090689;SG-0090698;SG-0090710;SG-0090721;SG-0090737;SG-0090780;SG-0090797;SG-0090804;SG-0090814;SG-0090831;SG-0090892;SG-0090964;SG-0091054;SG-0091120;SG-0091193;SG-0091281;SG-0091405;SG-0091539;SG-0091860;SG-0091981,normal; within sigma from mean range,1.41,1.33,1.32,1.24,CU-009,2024-12-23,E-0159,20260106T061500Z-QE24M
CAP-24-0400,C-11347-08,2024-12-23 11:00:00,annual layout,25,SG-0097646,SG-0098126,SG-0097646;SG-0097664;SG-0097681;SG-0097696;SG-0097718;SG-0097731;SG-0097778;SG-0097797;SG-0097813;SG-0097831;SG-0097852;SG-0097864;SG-0097882;SG-0097894;SG-0097930;SG-0097954;SG-0097966;SG-0097981;SG-0097994;SG-0098008;SG-0098022;SG-0098037;SG-0098055;SG-0098113;SG-0098126,normal; within sigma from mean range,2.05,1.97,2.04,1.95,CU-010,2024-12-27,E-0160,20260106T061500Z-QE24M
CAP-24-0401,C-11253-11,2024-12-23 12:00:00,annual layout,25,SG-0087299,SG-0089096,SG-0087299;SG-0087309;SG-0087314;SG-0087741;SG-0087763;SG-0087767;SG-0087768;SG-0087970;SG-0087982;SG-0087990;SG-0088126;SG-0088140;SG-0088150;SG-0088266;SG-0088268;SG-0088269;SG-0088480;SG-0088484;SG-0088499;SG-0088747;SG-0088751;SG-0088758;SG-0089075;SG-0089095;SG-0089096,normal; within sigma from mean range,1.5,1.46,1.47,1.43,CU-010,2024-12-25,E-0159,20260106T061500Z-QE24M
CAP-24-0402,C-11909-35,2024-12-23 13:00:00,annual layout,25,SG-0085602,SG-0098538,SG-0085602;SG-0085748;SG-0085827;SG-0085850;SG-0085877;SG-0085908;SG-0085943;SG-0085981;SG-0086030;SG-0097225;SG-0097371;SG-0097391;SG-0097516;SG-0097861;SG-0097938;SG-0098035;SG-0098122;SG-0098192;SG-0098262;SG-0098349;SG-0098378;SG-0098412;SG-0098459;SG-0098518;SG-0098538,normal; within sigma from mean range,1.88,1.63,1.74,1.52,CU-015,2024-12-24,E-0159,20260106T061500Z-QE24M
CAP-24-0403,C-13431-32,2024-12-23 13:00:00,annual layout,25,SG-0062579,SG-0076493,SG-0062579;SG-0062581;SG-0075881;SG-0075911;SG-0075950;SG-0075976;SG-0076037;SG-0076124;SG-0076160;SG-0076192;SG-0076219;SG-0076249;SG-0076279;SG-0076287;SG-0076297;SG-0076314;SG-0076322;SG-0076331;SG-0076345;SG-0076380;SG-0076388;SG-0076395;SG-0076408;SG-0076461;SG-0076493,normal; within sigma from mean range,1.26,0.98,1.24,0.97,CU-012,2024-12-26,E-0160,20260106T061500Z-QE24M
CAP-24-0404,C-12016-19,2024-12-23 14:00:00,annual layout,25,SG-0095247,SG-0096109,SG-0095247;SG-0095294;SG-0095324;SG-0095372;SG-0095400;SG-0095429;SG-0095472;SG-0095503;SG-0095556;SG-0095575;SG-0095596;SG-0095611;SG-0095642;SG-0095706;SG-0095736;SG-0095771;SG-0095805;SG-0095842;SG-0095912;SG-0095933;SG-0095972;SG-0096004;SG-0096026;SG-0096089;SG-0096109,normal; within sigma from mean range,1.45,1.21,1.35,1.12,CU-015,2024-12-23,E-0160,20260106T061500Z-QE24M
CAP-24-0405,C-11950-20,2024-12-23 15:00:00,annual layout,25,SG-0095511,SG-0096014,SG-0095511;SG-0095560;SG-0095571;SG-0095581;SG-0095589;SG-0095601;SG-0095609;SG-0095631;SG-0095650;SG-0095696;SG-0095717;SG-0095732;SG-0095752;SG-0095779;SG-0095797;SG-0095810;SG-0095827;SG-0095851;SG-0095910;SG-0095921;SG-0095939;SG-0095966;SG-0095979;SG-0096000;SG-0096014,normal; within sigma from mean range,1.45,1.31,1.53,1.39,CU-015,2024-12-24,E-0159,20260106T061500Z-QE24M
CAP-24-0406,C-13502-13,2024-12-23 15:00:00,annual layout,25,SG-0089734,SG-0090333,SG-0089734;SG-0089741;SG-0089742;SG-0089761;SG-0089850;SG-0089874;SG-0089906;SG-0089921;SG-0089922;SG-0089939;SG-0089952;SG-0089953;SG-0089961;SG-0089962;SG-0090015;SG-0090016;SG-0090114;SG-0090184;SG-0090206;SG-0090231;SG-0090245;SG-0090253;SG-0090254;SG-0090332;SG-0090333,normal; within sigma from mean range,1.47,0.63,1.37,0.59,CU-012,2024-12-28,E-0158,20260106T061500Z-QE24M
CAP-24-0407,C-14212-23,2024-12-23 15:00:00,annual layout,25,SG-0064795,SG-0086493,SG-0064795;SG-0064798;SG-0064802;SG-0064806;SG-0064809;SG-0086226;SG-0086329;SG-0086338;SG-0086352;SG-0086355;SG-0086356;SG-0086359;SG-0086365;SG-0086366;SG-0086369;SG-0086453;SG-0086458;SG-0086459;SG-0086466;SG-0086471;SG-0086475;SG-0086476;SG-0086486;SG-0086489;SG-0086493,normal; within sigma from mean range,1.36,1.3,1.33,1.27,CU-002,2024-12-27,E-0159,20260106T061500Z-QE24M
CAP-24-0408,C-14992-08,2024-12-23 15:00:00,annual layout,25,SG-0075680,SG-0089247,SG-0075680;SG-0075760;SG-0075844;SG-0075945;SG-0076379;SG-0076405;SG-0076482;SG-0076576;SG-0076670;SG-0088197;SG-0088215;SG-0088239;SG-0088263;SG-0088317;SG-0088340;SG-0088379;SG-0088406;SG-0088445;SG-0088853;SG-0088912;SG-0088963;SG-0089019;SG-0089146;SG-0089235;SG-0089247,normal; within sigma from mean range,2.36,2.3,2.19,2.13,CU-010,2024-12-27,E-0159,20260106T061500Z-QE24M
CAP-24-0409,C-11167-04,2024-12-23 08:00:00,annual layout,25,SG-0064285,SG-0083859,SG-0064285;SG-0064363;SG-0064485;SG-0064556;SG-0064634;SG-0064715;SG-0064745;SG-0064762;SG-0064834;SG-0064860;SG-0083251;SG-0083275;SG-0083448;SG-0083470;SG-0083490;SG-0083508;SG-0083530;SG-0083601;SG-0083651;SG-0083688;SG-0083715;SG-0083748;SG-0083777;SG-0083846;SG-0083859,normal; within sigma from mean range,1.46,1.44,1.13,1.11,CU-010,2024-12-23,E-0161,20260106T061500Z-QE24M
CAP-24-0410,C-11253-25,2024-12-23 11:00:00,annual layout,25,SG-0086857,SG-0089130,SG-0086857;SG-0087290;SG-0087310;SG-0087316;SG-0087749;SG-0087755;SG-0087761;SG-0087971;SG-0087991;SG-0087993;SG-0088135;SG-0088143;SG-0088146;SG-0088267;SG-0088290;SG-0088297;SG-0088478;SG-0088481;SG-0088511;SG-0088754;SG-0088764;SG-0088782;SG-0089077;SG-0089082;SG-0089130,normal; within sigma from mean range,1.59,1.29,1.52,1.23,CU-010,2024-12-28,E-0161,20260106T061500Z-QE24M
CAP-24-0411,C-11201-19,2024-12-23 12:00:00,annual layout,25,SG-0083924,SG-0084243,SG-0083924;SG-0083934;SG-0083937;SG-0083945;SG-0083946;SG-0083947;SG-0083954;SG-0083955;SG-0083960;SG-0083974;SG-0084092;SG-0084096;SG-0084098;SG-0084101;SG-0084108;SG-0084115;SG-0084116;SG-0084120;SG-0084134;SG-0084144;SG-0084227;SG-0084230;SG-0084234;SG-0084237;SG-0084243,normal; within sigma from mean range,1.98,1.88,1.74,1.66,CU-010,2024-12-28,E-0158,20260106T061500Z-QE24M
CAP-24-0412,C-12023-05,2024-12-23 13:46:00,annual layout,25,SG-0096173,SG-0098595,SG-0096173;SG-0096326;SG-0096474;SG-0096618;SG-0096744;SG-0096823;SG-0096928;SG-0097018;SG-0097238;SG-0097350;SG-0097401;SG-0097485;SG-0097638;SG-0097782;SG-0097903;SG-0098029;SG-0098162;SG-0098265;SG-0098358;SG-0098381;SG-0098417;SG-0098450;SG-0098508;SG-0098566;SG-0098595,normal; within sigma from mean range,2.18,2.05,2.06,1.93,CU-016,2024-12-23,E-0161,20260106T061500Z-QE24M
CAP-24-0413,C-13483-04,2024-12-23 14:00:00,annual layout,25,SG-0083311,SG-0083622,SG-0083311;SG-0083321;SG-0083327;SG-0083328;SG-0083344;SG-0083383;SG-0083390;SG-0083399;SG-0083400;SG-0083408;SG-0083409;SG-0083417;SG-0083426;SG-0083432;SG-0083555;SG-0083563;SG-0083575;SG-0083579;SG-0083580;SG-0083582;SG-0083592;SG-0083593;SG-0083597;SG-0083621;SG-0083622,normal; within sigma from mean range,1.15,0.96,1.07,0.89,CU-011,2024-12-25,E-0160,20260106T061500Z-QE24M
CAP-24-0414,C-13483-13,2024-12-23 14:00:00,annual layout,25,SG-0083312,SG-0083615,SG-0083312;SG-0083313;SG-0083329;SG-0083347;SG-0083355;SG-0083356;SG-0083363;SG-0083377;SG-0083378;SG-0083391;SG-0083410;SG-0083418;SG-0083419;SG-0083438;SG-0083556;SG-0083571;SG-0083585;SG-0083594;SG-0083595;SG-0083599;SG-0083604;SG-0083610;SG-0083611;SG-0083612;SG-0083615,normal; within sigma from mean range,1.72,1.65,1.77,1.7,CU-011,2024-12-24,E-0161,20260106T061500Z-QE24M
CAP-24-0415,C-14952-04,2024-12-23 14:00:00,annual layout,25,SG-0097765,SG-0098406,SG-0097765;SG-0097910;SG-0097915;SG-0097916;SG-0097920;SG-0097935;SG-0098064;SG-0098084;SG-0098085;SG-0098096;SG-0098097;SG-0098109;SG-0098203;SG-0098228;SG-0098230;SG-0098232;SG-0098235;SG-0098306;SG-0098321;SG-0098327;SG-0098335;SG-0098336;SG-0098347;SG-0098401;SG-0098406,normal; within sigma from mean range,2.66,2.22,1.76,1.47,CU-009,2024-12-28,E-0158,20260106T061500Z-QE24M
CAP-24-0416,C-11950-21,2024-12-23 08:00:00,annual layout,25,SG-0095494,SG-0096012,SG-0095494;SG-0095514;SG-0095559;SG-0095572;SG-0095578;SG-0095588;SG-0095602;SG-0095610;SG-0095629;SG-0095651;SG-0095718;SG-0095733;SG-0095753;SG-0095780;SG-0095795;SG-0095811;SG-0095825;SG-0095849;SG-0095907;SG-0095922;SG-0095941;SG-0095964;SG-0095978;SG-0095999;SG-0096012,normal; within sigma from mean range,,1.18,,1.15,CU-015,2024-12-28,E-0161,20260106T061500Z-QE24M
CAP-24-0417,C-12947-34,2024-12-23 09:00:00,annual layout,25,SG-0077934,SG-0078290,SG-0077934;SG-0077961;SG-0077965;SG-0077971;SG-0077975;SG-0077976;SG-0077979;SG-0077981;SG-0077982;SG-0077983;SG-0077988;SG-0078051;SG-0078054;SG-0078055;SG-0078065;SG-0078066;SG-0078068;SG-0078079;SG-0078080;SG-0078088;SG-0078199;SG-0078207;SG-0078252;SG-0078284;SG-0078290,normal; within sigma from mean range,2.4,2.2,2.12,1.94,CU-007,2024-12-28,E-0161,20260106T061500Z-QE24M
CAP-24-0418,C-11920-15,2025-01-03 11:39:00,annual layout,25,SG-0079694,SG-0099469,SG-0079694;SG-0079786;SG-0079928;SG-0080077;SG-0080219;SG-0080375;SG-0097525;SG-0097673;SG-0097819;SG-0097953;SG-0098052;SG-0098172;SG-0098274;SG-0098362;SG-0098384;SG-0098418;SG-0098449;SG-0098507;SG-0098559;SG-0098590;SG-0098599;SG-0098602;SG-0098797;SG-0098964;SG-0099469,normal; within sigma from mean range,0.98,0.51,0.93,0.48,CU-016,2025-01-03,E-0160,20260106T061500Z-QE24M
CAP-24-0419,C-12828-36,2024-12-23 12:00:00,annual layout,25,SG-0095533,SG-0096397,SG-0095533;SG-0095541;SG-0095665;SG-0095667;SG-0095679;SG-0095680;SG-0095681;SG-0095856;SG-0095862;SG-0095874;SG-0095882;SG-0095890;SG-0095891;SG-0096037;SG-0096057;SG-0096062;SG-0096070;SG-0096082;SG-0096179;SG-0096200;SG-0096208;SG-0096217;SG-0096232;SG-0096396;SG-0096397,normal; within sigma from mean range,,2.23,,2.06,CU-007,2024-12-24,E-0159,20260106T061500Z-QE24M
CAP-24-0420,C-14989-20,2024-12-23 12:00:00,annual layout,25,SG-0098091,SG-0098390,SG-0098091;SG-0098092;SG-0098100;SG-0098104;SG-0098105;SG-0098199;SG-0098202;SG-0098206;SG-0098210;SG-0098221;SG-0098222;SG-0098234;SG-0098236;SG-0098245;SG-0098311;SG-0098316;SG-0098318;SG-0098320;SG-0098322;SG-0098326;SG-0098334;SG-0098342;SG-0098344;SG-0098345;SG-0098390,normal; within sigma from mean range,1.89,1.86,1.92,1.9,CU-009,2024-12-26,E-0160,20260106T061500Z-QE24M
CAP-24-0421,C-14966-19,2024-12-23 13:00:00,annual layout,25,SG-0081744,SG-0094216,SG-0081744;SG-0081813;SG-0090719;SG-0090743;SG-0090793;SG-0090801;SG-0090822;SG-0090868;SG-0090935;SG-0091026;SG-0091170;SG-0091373;SG-0091508;SG-0091828;SG-0091956;SG-0092231;SG-0092361;SG-0092509;SG-0093019;SG-0093171;SG-0093332;SG-0093579;SG-0093678;SG-0094050;SG-0094216,normal; within sigma from mean range,0.81,0.52,0.82,0.53,CU-010,2024-12-26,E-0161,20260106T061500Z-QE24M
CAP-24-0422,C-11909-06,2024-12-23 12:00:00,annual layout,25,SG-0097224,SG-0098537,SG-0097224;SG-0097287;SG-0097334;SG-0097389;SG-0097420;SG-0097463;SG-0097515;SG-0097723;SG-0097804;SG-0097863;SG-0097937;SG-0097987;SG-0098032;SG-0098123;SG-0098158;SG-0098261;SG-0098287;SG-0098350;SG-0098372;SG-0098377;SG-0098407;SG-0098411;SG-0098446;SG-0098458;SG-0098537,normal; within sigma from mean range,1.33,1.04,1.22,0.96,CU-015,2024-12-28,E-0159,20260106T061500Z-QE24M
CAP-24-0423,C-13502-09,2024-12-23 12:00:00,annual layout,25,SG-0089724,SG-0090244,SG-0089724;SG-0089726;SG-0089733;SG-0089737;SG-0089904;SG-0089905;SG-0089951;SG-0089960;SG-0089972;SG-0089988;SG-0089999;SG-0090000;SG-0090013;SG-0090014;SG-0090023;SG-0090035;SG-0090089;SG-0090090;SG-0090091;SG-0090136;SG-0090169;SG-0090170;SG-0090229;SG-0090230;SG-0090244,normal; within sigma from mean range,1.08,1.0,1.02,0.94,CU-012,2024-12-24,E-0161,20260106T061500Z-QE24M
CAP-24-0424,C-11950-34,2024-12-23 13:00:00,annual layout,25,SG-0095512,SG-0096013,SG-0095512;SG-0095561;SG-0095574;SG-0095580;SG-0095587;SG-0095599;SG-0095607;SG-0095632;SG-0095649;SG-0095699;SG-0095719;SG-0095735;SG-0095751;SG-0095773;SG-0095796;SG-0095815;SG-0095828;SG-0095848;SG-0095908;SG-0095923;SG-0095940;SG-0095965;SG-0095982;SG-0096001;SG-0096013,normal; within sigma from mean range,1.42,1.34,1.37,1.3,CU-015,2024-12-26,E-0161,20260106T061500Z-QE24M
CAP-24-0425,C-12004-08,2024-12-23 14:00:00,annual layout,25,SG-0096911,SG-0097383,SG-0096911;SG-0096918;SG-0096930;SG-0096939;SG-0096985;SG-0096998;SG-0097010;SG-0097028;SG-0097039;SG-0097065;SG-0097096;SG-0097113;SG-0097136;SG-0097153;SG-0097173;SG-0097195;SG-0097239;SG-0097267;SG-0097293;SG-0097318;SG-0097335;SG-0097359;SG-0097366;SG-0097376;SG-0097383,normal; within sigma from mean range,2.36,2.36,2.08,2.07,CU-016,2024-12-23,E-0159,20260106T061500Z-QE24M
CAP-25-0001,C-11950-01,2025-02-14 06:08:00,request,25,SG-0095998,SG-0109943,SG-0095998;SG-0096011;SG-0109519;SG-0109537;SG-0109557;SG-0109577;SG-0109599;SG-0109641;SG-0109664;SG-0109687;SG-0109708;SG-0109729;SG-0109752;SG-0109766;SG-0109788;SG-0109808;SG-0109846;SG-0109861;SG-0109867;SG-0109879;SG-0109889;SG-0109898;SG-0109912;SG-0109920;SG-0109943,normal; within sigma from mean range,1.55,1.48,1.49,1.42,CU-015,2025-02-16,E-0161,20260106T061500Z-QE24M
CAP-25-0002,C-11909-01,2025-03-06 11:00:00,request,25,SG-0112094,SG-0116823,SG-0112094;SG-0112582;SG-0112586;SG-0113205;SG-0113213;SG-0113216;SG-0113921;SG-0113972;SG-0114394;SG-0114405;SG-0114420;SG-0114624;SG-0114628;SG-0114638;SG-0116375;SG-0116521;SG-0116564;SG-0116600;SG-0116652;SG-0116676;SG-0116756;SG-0116767;SG-0116775;SG-0116815;SG-0116823,normal; within sigma from mean range,0.96,0.95,1.0,0.99,internal,2025-03-10,E-0159,20260106T061500Z-QE24M
CAP-25-0003,C-13369-01,2025-03-06 13:00:00,request,25,SG-0065519,SG-0098592,SG-0065519;SG-0065574;SG-0065599;SG-0065617;SG-0065637;SG-0065644;SG-0098462;SG-0098465;SG-0098468;SG-0098483;SG-0098497;SG-0098500;SG-0098511;SG-0098520;SG-0098524;SG-0098526;SG-0098534;SG-0098540;SG-0098556;SG-0098568;SG-0098571;SG-0098572;SG-0098579;SG-0098587;SG-0098592,normal; within sigma from mean range,1.95,1.95,1.74,1.74,CU-011,2025-03-06,E-0161,20260106T061500Z-QE24M
CAP-25-0004,C-13317-14,2025-03-07 08:00:00,request,25,SG-0073053,SG-0096137,SG-0073053;SG-0073063;SG-0073080;SG-0073098;SG-0073110;SG-0073124;SG-0073138;SG-0073149;SG-0073163;SG-0095605;SG-0095618;SG-0095635;SG-0095657;SG-0095948;SG-0095994;SG-0096009;SG-0096018;SG-0096029;SG-0096077;SG-0096094;SG-0096103;SG-0096115;SG-0096121;SG-0096127;SG-0096137,normal; within sigma from mean range,1.55,1.46,1.54,1.45,CU-012,2025-03-10,E-0158,20260106T061500Z-QE24M
CAP-25-0005,C-11320-01,2025-03-08 13:00:00,request,25,SG-0109542,SG-0109841,SG-0109542;SG-0109551;SG-0109566;SG-0109573;SG-0109584;SG-0109594;SG-0109605;SG-0109638;SG-0109650;SG-0109662;SG-0109671;SG-0109685;SG-0109696;SG-0109705;SG-0109718;SG-0109728;SG-0109738;SG-0109754;SG-0109758;SG-0109770;SG-0109781;SG-0109792;SG-0109797;SG-0109828;SG-0109841,normal; within sigma from mean range,2.13,2.0,1.78,1.67,CU-010,2025-03-10,E-0160,20260106T061500Z-QE24M
CAP-25-0006,C-12868-03,2025-03-09 08:00:00,request,25,SG-0097639,SG-0107560,SG-0097639;SG-0107124;SG-0107180;SG-0107195;SG-0107212;SG-0107226;SG-0107241;SG-0107259;SG-0107270;SG-0107284;SG-0107296;SG-0107309;SG-0107329;SG-0107336;SG-0107429;SG-0107441;SG-0107460;SG-0107474;SG-0107492;SG-0107505;SG-0107526;SG-0107532;SG-0107543;SG-0107552;SG-0107560,normal; within sigma from mean range,2.13,2.11,2.09,2.08,internal,2025-03-11,E-0161,20260106T061500Z-QE24M
CAP-25-0007,C-14196-28,2025-03-09 08:00:00,request,25,SG-0104805,SG-0105560,SG-0104805;SG-0104827;SG-0104845;SG-0104900;SG-0104920;SG-0104948;SG-0104982;SG-0104989;SG-0105002;SG-0105015;SG-0105031;SG-0105045;SG-0105059;SG-0105069;SG-0105077;SG-0105088;SG-0105100;SG-0105108;SG-0105119;SG-0105131;SG-0105158;SG-0105212;SG-0105332;SG-0105450;SG-0105560,normal; within sigma from mean range,2.23,2.1,2.13,2.0,internal,2025-03-09,E-0161,20260106T061500Z-QE24M
CAP-25-0008,C-12861-09,2025-03-09 14:00:00,request,25,SG-0109723,SG-0110090,SG-0109723;SG-0109743;SG-0109764;SG-0109786;SG-0109801;SG-0109844;SG-0109856;SG-0109869;SG-0109881;SG-0109893;SG-0109903;SG-0109917;SG-0109925;SG-0109948;SG-0109957;SG-0109968;SG-0109984;SG-0110002;SG-0110017;SG-0110034;SG-0110043;SG-0110063;SG-0110072;SG-0110077;SG-0110090,normal; within sigma from mean range,1.49,1.43,1.48,1.43,CU-007,2025-03-13,E-0161,20260106T061500Z-QE24M
CAP-25-0009,C-14108-14,2025-03-09 14:00:00,request,25,SG-0108650,SG-0109236,SG-0108650;SG-0108668;SG-0108689;SG-0108709;SG-0108727;SG-0108756;SG-0108805;SG-0108823;SG-0108830;SG-0108851;SG-0108869;SG-0108884;SG-0108902;SG-0108920;SG-0108970;SG-0108986;SG-0109001;SG-0109013;SG-0109043;SG-0109069;SG-0109103;SG-0109134;SG-0109160;SG-0109202;SG-0109236,normal; within sigma from mean range,1.15,0.99,1.09,0.94,CU-002,2025-03-10,E-0159,20260106T061500Z-QE24M
CAP-25-0010,C-14175-03,2025-03-11 12:00:00,request,25,SG-0102068,SG-0102520,SG-0102068;SG-0102089;SG-0102115;SG-0102143;SG-0102167;SG-0102180;SG-0102191;SG-0102241;SG-0102255;SG-0102268;SG-0102278;SG-0102289;SG-0102305;SG-0102316;SG-0102384;SG-0102398;SG-0102411;SG-0102421;SG-0102431;SG-0102446;SG-0102459;SG-0102481;SG-0102501;SG-0102510;SG-0102520,normal; within sigma from mean range,2.42,2.37,2.28,2.23,internal,2025-03-16,E-0158,20260106T061500Z-QE24M
CAP-25-0011,C-12907-02,2025-03-13 12:00:00,request,25,SG-0051038,SG-0094340,SG-0051038;SG-0051056;SG-0051075;SG-0051095;SG-0051176;SG-0051195;SG-0051209;SG-0051237;SG-0051243;SG-0092302;SG-0092481;SG-0092575;SG-0093027;SG-0093124;SG-0093216;SG-0093313;SG-0093492;SG-0093551;SG-0093611;SG-0093674;SG-0093734;SG-0094158;SG-0094201;SG-0094250;SG-0094340,normal; within sigma from mean range,2.11,2.07,2.22,2.18,internal,2025-03-17,E-0158,20260106T061500Z-QE24M
CAP-25-0012,C-14103-05,2025-03-13 14:00:00,request,25,SG-0109875,SG-0110434,SG-0109875;SG-0109895;SG-0109907;SG-0109926;SG-0109955;SG-0109976;SG-0110005;SG-0110028;SG-0110050;SG-0110069;SG-0110086;SG-0110102;SG-0110116;SG-0110127;SG-0110153;SG-0110176;SG-0110194;SG-0110210;SG-0110236;SG-0110280;SG-0110306;SG-0110331;SG-0110368;SG-0110392;SG-0110434,normal; within sigma from mean range,1.75,1.68,1.65,1.59,CU-001,2025-03-14,E-0160,20260106T061500Z-QE24M
CAP-25-0013,C-11984-02,2025-03-13 15:00:00,request,25,SG-0095093,SG-0106873,SG-0095093;SG-0095137;SG-0095144;SG-0095164;SG-0095179;SG-0095197;SG-0095209;SG-0095236;SG-0095285;SG-0095303;SG-0106708;SG-0106717;SG-0106727;SG-0106730;SG-0106737;SG-0106742;SG-0106753;SG-0106759;SG-0106771;SG-0106802;SG-0106841;SG-0106853;SG-0106859;SG-0106869;SG-0106873,normal; within sigma from mean range,2.15,2.01,1.92,1.79,CU-015,2025-03-14,E-0159,20260106T061500Z-QE24M
CAP-25-0014,C-11301-04,2025-03-14 08:00:00,request,25,SG-0110955,SG-0111420,SG-0110955;SG-0110962;SG-0111086;SG-0111097;SG-0111100;SG-0111106;SG-0111117;SG-0111118;SG-0111119;SG-0111120;SG-0111129;SG-0111132;SG-0111133;SG-0111140;SG-0111141;SG-0111146;SG-0111151;SG-0111360;SG-0111363;SG-0111379;SG-0111390;SG-0111397;SG-0111417;SG-0111419;SG-0111420,normal; within sigma from mean range,2.0,1.91,2.06,1.97,internal,2025-03-14,E-0159,20260106T061500Z-QE24M
CAP-25-0015,C-12884-18,2025-03-14 08:00:00,request,25,SG-0078982,SG-0116758,SG-0078982;SG-0078993;SG-0079002;SG-0079011;SG-0079016;SG-0079017;SG-0116635;SG-0116640;SG-0116643;SG-0116647;SG-0116649;SG-0116659;SG-0116660;SG-0116663;SG-0116668;SG-0116671;SG-0116674;SG-0116682;SG-0116686;SG-0116687;SG-0116692;SG-0116693;SG-0116750;SG-0116757;SG-0116758,normal; within sigma from mean range,1.88,1.81,1.91,1.84,internal,2025-03-15,E-0159,20260106T061500Z-QE24M
CAP-25-0016,C-12023-05,2025-03-14 09:00:00,request,25,SG-0111604,SG-0116879,SG-0111604;SG-0111774;SG-0111868;SG-0112095;SG-0112572;SG-0112575;SG-0113191;SG-0113975;SG-0114423;SG-0114621;SG-0114622;SG-0114715;SG-0114860;SG-0115216;SG-0115534;SG-0115574;SG-0115852;SG-0116223;SG-0116459;SG-0116606;SG-0116630;SG-0116742;SG-0116792;SG-0116851;SG-0116879,normal; within sigma from mean range,2.25,2.15,2.11,2.02,CU-016,2025-03-17,E-0160,20260106T061500Z-QE24M
CAP-25-0017,C-11265-10,2025-03-15 10:00:00,request,25,SG-0107206,SG-0107521,SG-0107206;SG-0107214;SG-0107221;SG-0107232;SG-0107248;SG-0107256;SG-0107261;SG-0107273;SG-0107280;SG-0107289;SG-0107300;SG-0107311;SG-0107323;SG-0107333;SG-0107339;SG-0107393;SG-0107440;SG-0107443;SG-0107458;SG-0107466;SG-0107482;SG-0107491;SG-0107497;SG-0107510;SG-0107521,normal; within sigma from mean range,1.55,1.51,1.62,1.58,CU-009,2025-03-15,E-0161,20260106T061500Z-QE24M
CAP-25-0018,C-13328-14,2025-03-15 12:00:00,request,25,SG-0104633,SG-0116814,SG-0104633;SG-0104651;SG-0104678;SG-0104706;SG-0115313;SG-0115327;SG-0115647;SG-0115671;SG-0115713;SG-0116075;SG-0116097;SG-0116117;SG-0116261;SG-0116298;SG-0116546;SG-0116593;SG-0116637;SG-0116650;SG-0116666;SG-0116684;SG-0116737;SG-0116759;SG-0116769;SG-0116778;SG-0116814,normal; within sigma from mean range,1.96,1.91,1.9,1.85,CU-012,2025-03-19,E-0161,20260106T061500Z-QE24M
CAP-25-0019,C-12925-01,2025-03-15 15:00:00,request,25,SG-0079624,SG-0113974,SG-0079624;SG-0079641;SG-0079642;SG-0079647;SG-0079651;SG-0079654;SG-0079665;SG-0079681;SG-0112565;SG-0112571;SG-0113184;SG-0113185;SG-0113189;SG-0113199;SG-0113207;SG-0113208;SG-0113221;SG-0113916;SG-0113927;SG-0113940;SG-0113947;SG-0113959;SG-0113960;SG-0113973;SG-0113974,normal; within sigma from mean range,1.89,1.82,1.86,1.8,CU-008,2025-03-15,E-0161,20260106T061500Z-QE24M
CAP-25-0020,C-11329-04,2025-03-16 09:00:00,request,25,SG-0104761,SG-0105025,SG-0104761;SG-0104765;SG-0104768;SG-0104774;SG-0104852;SG-0104853;SG-0104859;SG-0104865;SG-0104868;SG-0104871;SG-0104872;SG-0104873;SG-0104874;SG-0104963;SG-0104966;SG-0104967;SG-0104968;SG-0104970;SG-0104972;SG-0104975;SG-0104978;SG-0104979;SG-0105021;SG-0105024;SG-0105025,normal; within sigma from mean range,2.35,2.23,2.36,2.24,CU-009,2025-03-16,E-0160,20260106T061500Z-QE24M
CAP-25-0021,C-13403-09,2025-03-16 13:00:00,request,25,SG-0110283,SG-0110488,SG-0110283;SG-0110291;SG-0110299;SG-0110304;SG-0110311;SG-0110320;SG-0110322;SG-0110328;SG-0110341;SG-0110351;SG-0110357;SG-0110369;SG-0110375;SG-0110381;SG-0110386;SG-0110394;SG-0110401;SG-0110408;SG-0110430;SG-0110438;SG-0110452;SG-0110459;SG-0110468;SG-0110483;SG-0110488,normal; within sigma from mean range,1.84,1.79,1.86,1.81,internal,2025-03-21,E-0158,20260106T061500Z-QE24M
CAP-25-0022,C-14918-14,2025-03-16 15:00:00,request,25,SG-0101384,SG-0102192,SG-0101384;SG-0101401;SG-0101413;SG-0101475;SG-0101492;SG-0101510;SG-0101528;SG-0101546;SG-0101621;SG-0101638;SG-0101662;SG-0101678;SG-0101701;SG-0101729;SG-0101829;SG-0101856;SG-0101885;SG-0101912;SG-0101950;SG-0102052;SG-0102084;SG-0102118;SG-0102151;SG-0102176;SG-0102192,normal; within sigma from mean range,2.73,2.44,1.85,1.65,CU-009,2025-03-20,E-0161,20260106T061500Z-QE24M
CAP-25-0023,C-14992-08,2025-03-17 08:00:00,request,25,SG-0088406,SG-0102796,SG-0088406;SG-0088445;SG-0088853;SG-0088912;SG-0088963;SG-0089019;SG-0089146;SG-0089235;SG-0089247;SG-0102243;SG-0102258;SG-0102275;SG-0102294;SG-0102311;SG-0102381;SG-0102504;SG-0102517;SG-0102534;SG-0102551;SG-0102567;SG-0102616;SG-0102667;SG-0102744;SG-0102769;SG-0102796,normal; within sigma from mean range,2.25,2.18,1.99,1.93,CU-010,2025-03-21,E-0160,20260106T061500Z-QE24M
CAP-25-0024,C-11226-03,2025-03-17 12:00:00,request,25,SG-0108226,SG-0108954,SG-0108226;SG-0108372;SG-0108380;SG-0108387;SG-0108389;SG-0108393;SG-0108398;SG-0108403;SG-0108528;SG-0108536;SG-0108539;SG-0108550;SG-0108551;SG-0108555;SG-0108753;SG-0108763;SG-0108769;SG-0108770;SG-0108776;SG-0108777;SG-0108929;SG-0108942;SG-0108949;SG-0108950;SG-0108954,normal; within sigma from mean range,1.23,1.2,1.22,1.19,internal,2025-03-18,E-0158,20260106T061500Z-QE24M
CAP-25-0025,C-11167-04,2025-03-18 08:00:00,request,25,SG-0083508,SG-0108742,SG-0083508;SG-0083530;SG-0083601;SG-0083651;SG-0083688;SG-0083715;SG-0083748;SG-0083777;SG-0083846;SG-0083859;SG-0108288;SG-0108322;SG-0108344;SG-0108366;SG-0108423;SG-0108439;SG-0108455;SG-0108474;SG-0108507;SG-0108575;SG-0108609;SG-0108651;SG-0108680;SG-0108711;SG-0108742,normal; within sigma from mean range,1.62,1.53,1.15,1.09,CU-010,2025-03-22,E-0161,20260106T061500Z-QE24M
CAP-25-0026,C-13350-04,2025-03-18 13:00:00,request,25,SG-0102670,SG-0103005,SG-0102670;SG-0102687;SG-0102699;SG-0102710;SG-0102735;SG-0102754;SG-0102763;SG-0102782;SG-0102798;SG-0102814;SG-0102826;SG-0102847;SG-0102859;SG-0102885;SG-0102891;SG-0102901;SG-0102909;SG-0102920;SG-0102928;SG-0102938;SG-0102948;SG-0102955;SG-0102966;SG-0102979;SG-0103005,normal; within sigma from mean range,1.85,1.85,1.84,1.84,CU-011,2025-03-23,E-0160,20260106T061500Z-QE24M
CAP-25-0027,C-13321-18,2025-03-19 08:00:00,request,25,SG-0101764,SG-0102158,SG-0101764;SG-0101820;SG-0101834;SG-0101840;SG-0101847;SG-0101860;SG-0101870;SG-0101878;SG-0101891;SG-0101896;SG-0101906;SG-0101926;SG-0101933;SG-0101951;SG-0101962;SG-0102026;SG-0102055;SG-0102069;SG-0102077;SG-0102094;SG-0102103;SG-0102113;SG-0102130;SG-0102140;SG-0102158,normal; within sigma from mean range,1.55,1.48,1.61,1.54,CU-011,2025-03-21,E-0158,20260106T061500Z-QE24M
CAP-25-0028,C-14159-01,2025-03-19 08:00:00,request,25,SG-0083131,SG-0104880,SG-0083131;SG-0083135;SG-0083142;SG-0083145;SG-0083148;SG-0083158;SG-0083162;SG-0083164;SG-0083172;SG-0083178;SG-0083180;SG-0104799;SG-0104801;SG-0104808;SG-0104814;SG-0104819;SG-0104821;SG-0104826;SG-0104830;SG-0104832;SG-0104840;SG-0104843;SG-0104850;SG-0104878;SG-0104880,normal; within sigma from mean range,1.73,1.7,1.57,1.54,CU-002,2025-03-21,E-0160,20260106T061500Z-QE24M
CAP-25-0029,C-17004-05,2025-03-19 09:00:00,request,25,SG-0114574,SG-0114599,SG-0114574;SG-0114575;SG-0114576;SG-0114577;SG-0114578;SG-0114579;SG-0114580;SG-0114581;SG-0114582;SG-0114583;SG-0114584;SG-0114585;SG-0114586;SG-0114587;SG-0114588;SG-0114590;SG-0114591;SG-0114592;SG-0114593;SG-0114594;SG-0114595;SG-0114596;SG-0114597;SG-0114598;SG-0114599,normal; within sigma from mean range,2.71,2.65,2.34,2.29,internal,2025-03-23,E-0161,20260106T061500Z-QE24M
CAP-25-0030,C-14134-23,2025-03-19 12:00:00,request,25,SG-0108677,SG-0109252,SG-0108677;SG-0108697;SG-0108718;SG-0108736;SG-0108789;SG-0108807;SG-0108825;SG-0108844;SG-0108853;SG-0108874;SG-0108887;SG-0108905;SG-0108917;SG-0108969;SG-0108983;SG-0108995;SG-0109010;SG-0109032;SG-0109064;SG-0109096;SG-0109122;SG-0109152;SG-0109188;SG-0109223;SG-0109252,normal; within sigma from mean range,1.37,1.09,1.37,1.1,internal,2025-03-19,E-0161,20260106T061500Z-QE24M
CAP-25-0031,C-11923-04,2025-03-20 10:00:00,request,25,SG-0107863,SG-0108355,SG-0107863;SG-0107870;SG-0107876;SG-0107920;SG-0107935;SG-0107946;SG-0107955;SG-0107970;SG-0108005;SG-0108009;SG-0108016;SG-0108019;SG-0108038;SG-0108051;SG-0108071;SG-0108094;SG-0108114;SG-0108139;SG-0108161;SG-0108200;SG-0108245;SG-0108267;SG-0108302;SG-0108331;SG-0108355,normal; within sigma from mean range,1.4,1.29,1.31,1.2,CU-015,2025-03-25,E-0160,20260106T061500Z-QE24M
CAP-25-0032,C-13357-02,2025-03-20 12:00:00,request,25,SG-0111691,SG-0111903,SG-0111691;SG-0111701;SG-0111712;SG-0111722;SG-0111737;SG-0111740;SG-0111751;SG-0111777;SG-0111783;SG-0111791;SG-0111795;SG-0111801;SG-0111807;SG-0111810;SG-0111817;SG-0111823;SG-0111829;SG-0111837;SG-0111845;SG-0111849;SG-0111858;SG-0111882;SG-0111889;SG-0111895;SG-0111903,normal; within sigma from mean range,,2.56,,2.31,CU-012,2025-03-24,E-0159,20260106T061500Z-QE24M
CAP-25-0033,C-11930-12,2025-03-20 13:00:00,request,25,SG-0088525,SG-0102222,SG-0088525;SG-0088553;SG-0088579;SG-0088609;SG-0088647;SG-0088702;SG-0101578;SG-0101633;SG-0101652;SG-0101671;SG-0101686;SG-0101709;SG-0101757;SG-0101835;SG-0101863;SG-0101883;SG-0101908;SG-0101941;SG-0102017;SG-0102074;SG-0102100;SG-0102134;SG-0102166;SG-0102182;SG-0102222,normal; within sigma from mean range,1.38,1.31,1.24,1.18,CU-016,2025-03-24,E-0158,20260106T061500Z-QE24M
CAP-25-0034,C-14966-17,2025-03-20 14:00:00,request,25,SG-0090718,SG-0103494,SG-0090718;SG-0090727;SG-0090741;SG-0091100;SG-0091248;SG-0091372;SG-0091503;SG-0093023;SG-0093170;SG-0093480;SG-0093578;SG-0093682;SG-0102571;SG-0102613;SG-0102634;SG-0102694;SG-0102766;SG-0102790;SG-0102810;SG-0102833;SG-0102963;SG-0103109;SG-0103182;SG-0103254;SG-0103494,normal; within sigma from mean range,2.25,2.21,2.04,2.01,CU-010,2025-03-20,E-0160,20260106T061500Z-QE24M
CAP-25-0035,C-13307-06,2025-03-21 13:00:00,request,25,SG-0114719,SG-0115272,SG-0114719;SG-0114723;SG-0114727;SG-0114732;SG-0114733;SG-0114737;SG-0114738;SG-0114743;SG-0114744;SG-0114748;SG-0114756;SG-0114760;SG-0114886;SG-0114894;SG-0114899;SG-0114903;SG-0114913;SG-0114920;SG-0114930;SG-0114938;SG-0114945;SG-0114951;SG-0114956;SG-0114963;SG-0115272,normal; within sigma from mean range,,2.03,,1.94,CU-011,2025-03-22,E-0159,20260106T061500Z-QE24M
CAP-25-0036,C-13380-09,2025-03-21 13:00:00,request,25,SG-0112039,SG-0112956,SG-0112039;SG-0112074;SG-0112128;SG-0112164;SG-0112199;SG-0112239;SG-0112278;SG-0112309;SG-0112346;SG-0112380;SG-0112412;SG-0112446;SG-0112479;SG-0112514;SG-0112545;SG-0112592;SG-0112634;SG-0112662;SG-0112696;SG-0112736;SG-0112771;SG-0112803;SG-0112840;SG-0112893;SG-0112956,normal; within sigma from mean range,2.23,2.18,2.09,2.05,internal,2025-03-25,E-0158,20260106T061500Z-QE24M
CAP-25-0037,C-14952-04,2025-03-21 13:00:00,request,25,SG-0098401,SG-0109886,SG-0098401;SG-0098406;SG-0108792;SG-0108819;SG-0108845;SG-0108870;SG-0108898;SG-0108928;SG-0108980;SG-0109005;SG-0109042;SG-0109086;SG-0109194;SG-0109242;SG-0109286;SG-0109367;SG-0109410;SG-0109463;SG-0109496;SG-0109559;SG-0109648;SG-0109745;SG-0109852;SG-0109872;SG-0109886,normal; within sigma from mean range,2.18,2.0,2.0,1.84,CU-009,2025-03-22,E-0160,20260106T061500Z-QE24M
CAP-25-0038,C-11282-06,2025-03-22 08:00:00,request,25,SG-0111034,SG-0111450,SG-0111034;SG-0111039;SG-0111052;SG-0111058;SG-0111070;SG-0111077;SG-0111163;SG-0111174;SG-0111192;SG-0111206;SG-0111218;SG-0111233;SG-0111250;SG-0111262;SG-0111276;SG-0111290;SG-0111301;SG-0111309;SG-0111320;SG-0111331;SG-0111340;SG-0111357;SG-0111413;SG-0111440;SG-0111450,normal; within sigma from mean range,1.85,1.8,1.84,1.79,CU-010,2025-03-23,E-0158,20260106T061500Z-QE24M
CAP-25-0039,C-12835-01,2025-03-22 10:00:00,request,25,SG-0087922,SG-0102037,SG-0087922;SG-0087925;SG-0087934;SG-0087945;SG-0087953;SG-0101581;SG-0101734;SG-0101736;SG-0101743;SG-0101759;SG-0101760;SG-0101769;SG-0101770;SG-0101775;SG-0101780;SG-0101783;SG-0101784;SG-0101793;SG-0101794;SG-0101795;SG-0101981;SG-0101985;SG-0101991;SG-0102023;SG-0102037,normal; within sigma from mean range,1.49,1.48,1.49,1.48,CU-008,2025-03-23,E-0160,20260106T061500Z-QE24M
CAP-25-0040,C-14168-10,2025-03-23 08:00:00,request,25,SG-0108232,SG-0108634,SG-0108232;SG-0108250;SG-0108258;SG-0108279;SG-0108292;SG-0108313;SG-0108327;SG-0108341;SG-0108348;SG-0108361;SG-0108409;SG-0108420;SG-0108429;SG-0108435;SG-0108445;SG-0108452;SG-0108463;SG-0108472;SG-0108488;SG-0108508;SG-0108524;SG-0108580;SG-0108598;SG-0108617;SG-0108634,normal; within sigma from mean range,1.84,1.82,1.85,1.82,CU-001,2025-03-23,E-0161,20260106T061500Z-QE24M
CAP-25-0041,C-14989-04,2025-03-23 11:00:00,request,25,SG-0080248,SG-0104773,SG-0080248;SG-0080274;SG-0080300;SG-0080317;SG-0080339;SG-0080356;SG-0080438;SG-0080452;SG-0080467;SG-0098238;SG-0098314;SG-0098319;SG-0098388;SG-0104324;SG-0104361;SG-0104370;SG-0104737;SG-0104742;SG-0104743;SG-0104744;SG-0104749;SG-0104754;SG-0104766;SG-0104767;SG-0104773,normal; within sigma from mean range,2.31,2.26,2.1,2.06,CU-009,2025-03-23,E-0158,20260106T061500Z-QE24M
CAP-25-0042,C-12878-19,2025-03-23 15:00:00,request,25,SG-0095244,SG-0110352,SG-0095244;SG-0095261;SG-0095277;SG-0095297;SG-0095309;SG-0095315;SG-0095331;SG-0110135;SG-0110144;SG-0110157;SG-0110163;SG-0110170;SG-0110186;SG-0110196;SG-0110201;SG-0110214;SG-0110217;SG-0110234;SG-0110247;SG-0110278;SG-0110289;SG-0110305;SG-0110327;SG-0110338;SG-0110352,normal; within sigma from mean range,2.22,2.18,2.22,2.19,CU-007,2025-03-23,E-0158,20260106T061500Z-QE24M
CAP-25-0043,C-14117-10,2025-03-24 08:00:00,request,25,SG-0112540,SG-0114658,SG-0112540;SG-0112642;SG-0112719;SG-0112804;SG-0112910;SG-0113053;SG-0113214;SG-0113361;SG-0113492;SG-0113621;SG-0113750;SG-0113877;SG-0113997;SG-0114072;SG-0114151;SG-0114224;SG-0114300;SG-0114377;SG-0114488;SG-0114556;SG-0114603;SG-0114608;SG-0114615;SG-0114647;SG-0114658,normal; within sigma from mean range,1.37,1.19,1.36,1.17,CU-001,2025-03-27,E-0158,20260106T061500Z-QE24M
CAP-25-0044,C-14140-03,2025-03-24 09:00:00,request,25,SG-0103961,SG-0104791,SG-0103961;SG-0104022;SG-0104082;SG-0104138;SG-0104191;SG-0104256;SG-0104380;SG-0104436;SG-0104495;SG-0104546;SG-0104558;SG-0104575;SG-0104584;SG-0104598;SG-0104610;SG-0104640;SG-0104647;SG-0104666;SG-0104673;SG-0104687;SG-0104702;SG-0104714;SG-0104732;SG-0104781;SG-0104791,normal; within sigma from mean range,1.48,1.42,1.57,1.51,CU-001,2025-03-29,E-0160,20260106T061500Z-QE24M
CAP-25-0045,C-11163-06,2025-03-25 09:00:00,request,25,SG-0110872,SG-0119912,SG-0110872;SG-0110960;SG-0110976;SG-0110998;SG-0111018;SG-0111051;SG-0111078;SG-0111193;SG-0111237;SG-0111277;SG-0111317;SG-0111342;SG-0111444;SG-0111467;SG-0111495;SG-0111523;SG-0119518;SG-0119599;SG-0119623;SG-0119657;SG-0119692;SG-0119730;SG-0119773;SG-0119873;SG-0119912,normal; within sigma from mean range,1.67,1.61,1.17,1.12,CU-009,2025-03-28,E-0161,20260106T061500Z-QE24M
CAP-25-0046,C-11253-11,2025-03-25 09:00:00,request,25,SG-0089096,SG-0116495,SG-0089096;SG-0113912;SG-0113971;SG-0114393;SG-0114403;SG-0114627;SG-0114629;SG-0114709;SG-0114716;SG-0114792;SG-0114847;SG-0114866;SG-0115064;SG-0115120;SG-0115169;SG-0115405;SG-0115448;SG-0115525;SG-0115733;SG-0115853;SG-0116175;SG-0116191;SG-0116238;SG-0116407;SG-0116495,normal; within sigma from mean range,1.64,1.58,1.67,1.61,CU-010,2025-03-30,E-0160,20260106T061500Z-QE24M
CAP-25-0047,C-12016-08,2025-03-25 12:00:00,request,25,SG-0105424,SG-0106716,SG-0105424;SG-0105509;SG-0105596;SG-0105697;SG-0105784;SG-0105868;SG-0105957;SG-0106043;SG-0106152;SG-0106237;SG-0106320;SG-0106400;SG-0106456;SG-0106493;SG-0106507;SG-0106522;SG-0106535;SG-0106544;SG-0106593;SG-0106608;SG-0106628;SG-0106638;SG-0106684;SG-0106700;SG-0106716,normal; within sigma from mean range,1.94,1.81,1.79,1.67,CU-015,2025-03-30,E-0158,20260106T061500Z-QE24M
CAP-25-0048,C-11173-11,2025-03-25 13:00:00,request,25,SG-0095695,SG-0101868,SG-0095695;SG-0095859;SG-0095878;SG-0101138;SG-0101169;SG-0101190;SG-0101205;SG-0101222;SG-0101258;SG-0101275;SG-0101303;SG-0101321;SG-0101357;SG-0101378;SG-0101398;SG-0101440;SG-0101488;SG-0101518;SG-0101539;SG-0101622;SG-0101649;SG-0101675;SG-0101708;SG-0101823;SG-0101868,normal; within sigma from mean range,1.84,1.74,1.17,1.11,CU-009,2025-03-28,E-0159,20260106T061500Z-QE24M
CAP-25-0049,C-14928-12,2025-03-26 10:00:00,request,25,SG-0107599,SG-0116398,SG-0107599;SG-0107775;SG-0107777;SG-0107778;SG-0107793;SG-0107802;SG-0107806;SG-0107817;SG-0107818;SG-0107820;SG-0107821;SG-0107838;SG-0107841;SG-0107891;SG-0116124;SG-0116272;SG-0116286;SG-0116307;SG-0116331;SG-0116338;SG-0116348;SG-0116359;SG-0116372;SG-0116388;SG-0116398,normal; within sigma from mean range,2.2,2.11,2.03,1.95,internal,2025-03-27,E-0159,20260106T061500Z-QE24M
CAP-25-0050,C-12004-08,2025-03-26 14:00:00,request,25,SG-0097359,SG-0104869,SG-0097359;SG-0097366;SG-0097376;SG-0097383;SG-0103308;SG-0103341;SG-0103772;SG-0103780;SG-0103810;SG-0103814;SG-0104323;SG-0104330;SG-0104331;SG-0104337;SG-0104350;SG-0104622;SG-0104623;SG-0104626;SG-0104629;SG-0104630;SG-0104735;SG-0104763;SG-0104772;SG-0104862;SG-0104869,normal; within sigma from mean range,2.2,2.19,1.98,1.97,internal,2025-03-27,E-0158,20260106T061500Z-QE24M
CAP-25-0051,C-11920-12,2025-03-27 08:00:00,request,25,SG-0100817,SG-0106597,SG-0100817;SG-0100913;SG-0101020;SG-0101081;SG-0101117;SG-0101171;SG-0101645;SG-0101816;SG-0101936;SG-0102150;SG-0102394;SG-0102465;SG-0102655;SG-0102760;SG-0103108;SG-0103845;SG-0104222;SG-0104788;SG-0104844;SG-0104944;SG-0104999;SG-0105038;SG-0105135;SG-0105678;SG-0106597,normal; within sigma from mean range,1.41,1.28,1.29,1.18,internal,2025-03-27,E-0161,20260106T061500Z-QE24M
CAP-25-0052,C-12947-12,2025-03-27 08:00:00,request,25,SG-0103439,SG-0104573,SG-0103439;SG-0103488;SG-0103533;SG-0103573;SG-0103612;SG-0103659;SG-0103699;SG-0103739;SG-0103822;SG-0103877;SG-0103927;SG-0103977;SG-0104026;SG-0104072;SG-0104113;SG-0104160;SG-0104211;SG-0104262;SG-0104368;SG-0104418;SG-0104466;SG-0104513;SG-0104552;SG-0104560;SG-0104573,normal; within sigma from mean range,2.0,1.85,1.81,1.67,CU-007,2025-04-01,E-0158,20260106T061500Z-QE24M
CAP-25-0053,C-14212-17,2025-03-27 11:00:00,request,25,SG-0107173,SG-0107625,SG-0107173;SG-0107178;SG-0107350;SG-0107351;SG-0107352;SG-0107364;SG-0107373;SG-0107374;SG-0107375;SG-0107376;SG-0107391;SG-0107401;SG-0107403;SG-0107404;SG-0107418;SG-0107419;SG-0107427;SG-0107582;SG-0107588;SG-0107604;SG-0107609;SG-0107610;SG-0107619;SG-0107622;SG-0107625,normal; within sigma from mean range,2.39,2.36,2.23,2.19,CU-002,2025-04-01,E-0159,20260106T061500Z-QE24M
CAP-25-0054,C-12828-17,2025-03-28 08:00:00,request,25,SG-0106670,SG-0121790,SG-0106670;SG-0106780;SG-0106833;SG-0120333;SG-0120365;SG-0120392;SG-0120412;SG-0120438;SG-0120490;SG-0120514;SG-0120530;SG-0120546;SG-0120575;SG-0120627;SG-0120658;SG-0120704;SG-0120784;SG-0120862;SG-0120939;SG-0121092;SG-0121235;SG-0121377;SG-0121519;SG-0121666;SG-0121790,normal; within sigma from mean range,,2.4,,2.3,internal,2025-04-01,E-0160,20260106T061500Z-QE24M
CAP-25-0055,C-11962-08,2025-03-28 09:00:00,request,25,SG-0068046,SG-0113583,SG-0068046;SG-0068061;SG-0068084;SG-0068091;SG-0089845;SG-0090048;SG-0090073;SG-0090088;SG-0090353;SG-0090390;SG-0090414;SG-0090538;SG-0090554;SG-0090573;SG-0090587;SG-0111940;SG-0112016;SG-0112134;SG-0112230;SG-0112509;SG-0112615;SG-0112796;SG-0112929;SG-0113434;SG-0113583,normal; within sigma from mean range,1.65,1.62,1.58,1.55,CU-016,2025-03-31,E-0160,20260106T061500Z-QE24M
CAP-25-0056,C-11201-16,2025-03-28 10:00:00,request,25,SG-0119782,SG-0120293,SG-0119782;SG-0119787;SG-0119788;SG-0119792;SG-0119793;SG-0119803;SG-0119809;SG-0119810;SG-0119828;SG-0120032;SG-0120039;SG-0120043;SG-0120044;SG-0120059;SG-0120060;SG-0120061;SG-0120065;SG-0120066;SG-0120087;SG-0120247;SG-0120260;SG-0120267;SG-0120291;SG-0120292;SG-0120293,normal; within sigma from mean range,1.08,1.06,1.11,1.09,CU-010,2025-03-29,E-0158,20260106T061500Z-QE24M
CAP-25-0057,C-11347-08,2025-03-28 15:00:00,request,25,SG-0119711,SG-0120384,SG-0119711;SG-0119738;SG-0119761;SG-0119840;SG-0119874;SG-0119898;SG-0119914;SG-0119937;SG-0119958;SG-0119977;SG-0119996;SG-0120030;SG-0120107;SG-0120127;SG-0120141;SG-0120161;SG-0120182;SG-0120196;SG-0120214;SG-0120237;SG-0120311;SG-0120329;SG-0120349;SG-0120360;SG-0120384,normal; within sigma from mean range,1.86,1.8,1.98,1.92,CU-010,2025-03-28,E-0161,20260106T061500Z-QE24M
CAP-25-0058,C-12861-09,2025-06-05 08:00:00,request,25,SG-0138818,SG-0139067,SG-0138818;SG-0138825;SG-0138835;SG-0138849;SG-0138856;SG-0138864;SG-0138882;SG-0138890;SG-0138905;SG-0138918;SG-0138928;SG-0138940;SG-0138948;SG-0138963;SG-0138971;SG-0138984;SG-0138998;SG-0139005;SG-0139013;SG-0139027;SG-0139035;SG-0139042;SG-0139053;SG-0139062;SG-0139067,normal; within sigma from mean range,1.58,1.55,1.52,1.49,CU-007,2025-06-06,E-0158,20260106T061500Z-QE24M
CAP-25-0059,C-13321-25,2025-06-05 08:00:00,request,25,SG-0119664,SG-0120102,SG-0119664;SG-0119682;SG-0119696;SG-0119707;SG-0119725;SG-0119734;SG-0119752;SG-0119763;SG-0119823;SG-0119852;SG-0119868;SG-0119882;SG-0119895;SG-0119910;SG-0119918;SG-0119933;SG-0119942;SG-0119955;SG-0119963;SG-0119976;SG-0119995;SG-0120001;SG-0120017;SG-0120088;SG-0120102,normal; within sigma from mean range,0.98,0.91,0.98,0.92,CU-011,2025-06-08,E-0158,20260106T061500Z-QE24M
CAP-25-0060,C-14140-03,2025-06-05 10:00:00,request,25,SG-0119613,SG-0120286,SG-0119613;SG-0119625;SG-0119643;SG-0119665;SG-0119686;SG-0119716;SG-0119743;SG-0119768;SG-0119849;SG-0119879;SG-0119903;SG-0119924;SG-0119944;SG-0119961;SG-0119986;SG-0120010;SG-0120095;SG-0120115;SG-0120133;SG-0120154;SG-0120174;SG-0120192;SG-0120212;SG-0120229;SG-0120286,normal; within sigma from mean range,1.54,1.53,1.54,1.53,internal,2025-06-10,E-0159,20260106T061500Z-QE24M
CAP-25-0061,C-11909-01,2025-06-05 11:00:00,request,25,SG-0134452,SG-0139071,SG-0134452;SG-0134536;SG-0134902;SG-0135012;SG-0135119;SG-0135128;SG-0135137;SG-0135204;SG-0135215;SG-0135301;SG-0138489;SG-0138572;SG-0138652;SG-0138714;SG-0138748;SG-0138777;SG-0138814;SG-0138844;SG-0138872;SG-0138914;SG-0138953;SG-0138986;SG-0139020;SG-0139049;SG-0139071,normal; within sigma from mean range,1.0,0.99,0.97,0.96,CU-015,2025-06-05,E-0158,20260106T061500Z-QE24M
CAP-25-0062,C-12907-17,2025-06-05 13:00:00,request,25,SG-0093735,SG-0124888,SG-0093735;SG-0094203;SG-0094300;SG-0094342;SG-0094387;SG-0124040;SG-0124055;SG-0124068;SG-0124082;SG-0124095;SG-0124450;SG-0124459;SG-0124468;SG-0124477;SG-0124480;SG-0124489;SG-0124496;SG-0124502;SG-0124506;SG-0124508;SG-0124862;SG-0124869;SG-0124876;SG-0124881;SG-0124888,normal; within sigma from mean range,1.28,0.91,1.14,0.81,internal,2025-06-09,E-0158,20260106T061500Z-QE24M
CAP-25-0063,C-13012-25,2025-06-05 13:00:00,request,25,SG-0088186,SG-0121591,SG-0088186;SG-0088192;SG-0088210;SG-0088219;SG-0088227;SG-0088246;SG-0120568;SG-0120580;SG-0120601;SG-0120639;SG-0120652;SG-0120674;SG-0120710;SG-0120756;SG-0120798;SG-0120848;SG-0120892;SG-0120932;SG-0121032;SG-0121114;SG-0121184;SG-0121271;SG-0121349;SG-0121511;SG-0121591,normal; within sigma from mean range,1.07,0.77,1.06,0.76,CU-008,2025-06-05,E-0158,20260106T061500Z-QE24M
CAP-25-0064,C-12835-13,2025-06-05 15:00:00,request,25,SG-0119755,SG-0135858,SG-0119755;SG-0119767;SG-0119832;SG-0119857;SG-0119871;SG-0119890;SG-0135739;SG-0135743;SG-0135751;SG-0135763;SG-0135766;SG-0135778;SG-0135785;SG-0135796;SG-0135798;SG-0135801;SG-0135811;SG-0135815;SG-0135823;SG-0135830;SG-0135834;SG-0135838;SG-0135852;SG-0135856;SG-0135858,normal; within sigma from mean range,1.67,1.62,1.71,1.66,CU-008,2025-06-10,E-0158,20260106T061500Z-QE24M
CAP-25-0065,C-14159-01,2025-06-06 09:00:00,request,25,SG-0104821,SG-0120305,SG-0104821;SG-0104826;SG-0104830;SG-0104832;SG-0104840;SG-0104843;SG-0104850;SG-0104878;SG-0104880;SG-0120027;SG-0120035;SG-0120040;SG-0120049;SG-0120078;SG-0120084;SG-0120244;SG-0120248;SG-0120261;SG-0120266;SG-0120275;SG-0120278;SG-0120279;SG-0120297;SG-0120302;SG-0120305,normal; within sigma from mean range,1.54,1.51,1.47,1.44,CU-002,2025-06-09,E-0159,20260106T061500Z-QE24M
CAP-25-0066,C-11950-34,2025-06-06 10:00:00,request,25,SG-0128361,SG-0128784,SG-0128361;SG-0128377;SG-0128392;SG-0128409;SG-0128425;SG-0128443;SG-0128464;SG-0128476;SG-0128499;SG-0128530;SG-0128544;SG-0128551;SG-0128567;SG-0128575;SG-0128589;SG-0128600;SG-0128614;SG-0128643;SG-0128659;SG-0128677;SG-0128703;SG-0128722;SG-0128744;SG-0128762;SG-0128784,normal; within sigma from mean range,1.69,1.63,1.61,1.56,internal,2025-06-09,E-0161,20260106T061500Z-QE24M
CAP-25-0067,C-13369-32,2025-06-06 10:00:00,request,25,SG-0125196,SG-0125466,SG-0125196;SG-0125198;SG-0125203;SG-0125210;SG-0125214;SG-0125218;SG-0125224;SG-0125225;SG-0125233;SG-0125273;SG-0125283;SG-0125295;SG-0125300;SG-0125304;SG-0125309;SG-0125322;SG-0125336;SG-0125343;SG-0125355;SG-0125379;SG-0125393;SG-0125428;SG-0125445;SG-0125457;SG-0125466,normal; within sigma from mean range,1.41,1.22,1.31,1.13,internal,2025-06-10,E-0158,20260106T061500Z-QE24M
CAP-25-0068,C-14103-05,2025-06-06 10:00:00,request,25,SG-0135208,SG-0135774,SG-0135208;SG-0135217;SG-0135288;SG-0135293;SG-0135297;SG-0135303;SG-0135305;SG-0135444;SG-0135446;SG-0135447;SG-0135449;SG-0135451;SG-0135589;SG-0135592;SG-0135594;SG-0135596;SG-0135599;SG-0135689;SG-0135690;SG-0135693;SG-0135696;SG-0135699;SG-0135700;SG-0135773;SG-0135774,normal; within sigma from mean range,1.49,1.45,1.5,1.47,internal,2025-06-07,E-0160,20260106T061500Z-QE24M
CAP-25-0069,C-14928-31,2025-06-06 10:00:00,request,25,SG-0127889,SG-0128277,SG-0127889;SG-0127905;SG-0127917;SG-0127929;SG-0127992;SG-0128002;SG-0128016;SG-0128027;SG-0128043;SG-0128054;SG-0128069;SG-0128083;SG-0128098;SG-0128115;SG-0128131;SG-0128139;SG-0128169;SG-0128200;SG-0128216;SG-0128227;SG-0128239;SG-0128247;SG-0128259;SG-0128268;SG-0128277,normal; within sigma from mean range,1.58,1.44,1.45,1.33,CU-010,2025-06-10,E-0161,20260106T061500Z-QE24M
CAP-25-0070,C-13357-02,2025-06-06 12:00:00,request,25,SG-0111691,SG-0111903,SG-0111691;SG-0111701;SG-0111712;SG-0111722;SG-0111737;SG-0111740;SG-0111751;SG-0111777;SG-0111783;SG-0111791;SG-0111795;SG-0111801;SG-0111807;SG-0111810;SG-0111817;SG-0111823;SG-0111829;SG-0111837;SG-0111845;SG-0111849;SG-0111858;SG-0111882;SG-0111889;SG-0111895;SG-0111903,normal; within sigma from mean range,,2.56,,2.31,CU-012,2025-06-07,E-0158,20260106T061500Z-QE24M
CAP-25-0071,C-14212-23,2025-06-06 15:00:00,request,25,SG-0125358,SG-0125650,SG-0125358;SG-0125371;SG-0125387;SG-0125398;SG-0125431;SG-0125440;SG-0125448;SG-0125459;SG-0125471;SG-0125480;SG-0125482;SG-0125490;SG-0125498;SG-0125500;SG-0125515;SG-0125523;SG-0125527;SG-0125534;SG-0125567;SG-0125597;SG-0125609;SG-0125624;SG-0125631;SG-0125645;SG-0125650,normal; within sigma from mean range,1.29,1.21,1.26,1.18,internal,2025-06-09,E-0160,20260106T061500Z-QE24M
CAP-25-0072,C-11984-31,2025-06-07 10:00:00,request,25,SG-0106744,SG-0129553,SG-0106744;SG-0106751;SG-0106762;SG-0106770;SG-0106812;SG-0106842;SG-0106852;SG-0106861;SG-0106870;SG-0106874;SG-0129455;SG-0129460;SG-0129465;SG-0129482;SG-0129514;SG-0129519;SG-0129520;SG-0129524;SG-0129531;SG-0129532;SG-0129538;SG-0129540;SG-0129545;SG-0129549;SG-0129553,normal; within sigma from mean range,,1.63,,1.66,internal,2025-06-11,E-0159,20260106T061500Z-QE24M
CAP-25-0073,C-13369-23,2025-06-07 10:00:00,request,25,SG-0125195,SG-0125469,SG-0125195;SG-0125200;SG-0125202;SG-0125208;SG-0125213;SG-0125219;SG-0125223;SG-0125227;SG-0125232;SG-0125274;SG-0125285;SG-0125293;SG-0125301;SG-0125303;SG-0125311;SG-0125321;SG-0125334;SG-0125342;SG-0125357;SG-0125376;SG-0125392;SG-0125426;SG-0125444;SG-0125456;SG-0125469,normal; within sigma from mean range,,1.62,,1.59,CU-011,2025-06-08,E-0161,20260106T061500Z-QE24M
CAP-25-0074,C-14108-14,2025-06-07 12:00:00,request,25,SG-0138790,SG-0139039,SG-0138790;SG-0138800;SG-0138812;SG-0138822;SG-0138827;SG-0138840;SG-0138851;SG-0138858;SG-0138870;SG-0138884;SG-0138889;SG-0138903;SG-0138911;SG-0138923;SG-0138938;SG-0138945;SG-0138956;SG-0138969;SG-0138982;SG-0138992;SG-0139003;SG-0139010;SG-0139021;SG-0139032;SG-0139039,normal; within sigma from mean range,1.01,0.84,1.05,0.87,internal,2025-06-11,E-0161,20260106T061500Z-QE24M
CAP-25-0075,C-14175-23,2025-06-07 12:00:00,request,25,SG-0119162,SG-0119563,SG-0119162;SG-0119164;SG-0119219;SG-0119226;SG-0119228;SG-0119230;SG-0119231;SG-0119242;SG-0119247;SG-0119248;SG-0119349;SG-0119351;SG-0119353;SG-0119356;SG-0119357;SG-0119360;SG-0119372;SG-0119435;SG-0119437;SG-0119441;SG-0119443;SG-0119454;SG-0119467;SG-0119469;SG-0119563,normal; within sigma from mean range,1.06,0.87,1.06,0.87,internal,2025-06-09,E-0159,20260106T061500Z-QE24M
CAP-25-0076,C-11347-22,2025-06-07 13:00:00,request,25,SG-0119712,SG-0120382,SG-0119712;SG-0119739;SG-0119762;SG-0119843;SG-0119875;SG-0119899;SG-0119915;SG-0119938;SG-0119959;SG-0119978;SG-0119998;SG-0120031;SG-0120105;SG-0120125;SG-0120142;SG-0120159;SG-0120180;SG-0120197;SG-0120215;SG-0120236;SG-0120312;SG-0120328;SG-0120348;SG-0120361;SG-0120382,normal; within sigma from mean range,1.54,1.48,1.41,1.36,CU-010,2025-06-10,E-0160,20260106T061500Z-QE24M
CAP-25-0077,C-14992-12,2025-06-07 13:00:00,request,25,SG-0135997,SG-0136782,SG-0135997;SG-0136010;SG-0136013;SG-0136100;SG-0136101;SG-0136112;SG-0136120;SG-0136122;SG-0136173;SG-0136182;SG-0136183;SG-0136186;SG-0136187;SG-0136192;SG-0136299;SG-0136302;SG-0136303;SG-0136307;SG-0136308;SG-0136412;SG-0136415;SG-0136417;SG-0136423;SG-0136435;SG-0136782,normal; within sigma from mean range,1.13,0.93,1.06,0.86,CU-010,2025-06-11,E-0159,20260106T061500Z-QE24M
CAP-25-0078,C-11984-20,2025-06-07 14:00:00,request,25,SG-0106743,SG-0129552,SG-0106743;SG-0106754;SG-0106761;SG-0106768;SG-0106803;SG-0106843;SG-0106854;SG-0106860;SG-0106868;SG-0106875;SG-0129456;SG-0129459;SG-0129466;SG-0129480;SG-0129512;SG-0129517;SG-0129522;SG-0129525;SG-0129530;SG-0129533;SG-0129537;SG-0129542;SG-0129544;SG-0129551;SG-0129552,normal; within sigma from mean range,1.27,0.51,1.28,0.51,CU-015,2025-06-07,E-0161,20260106T061500Z-QE24M
CAP-25-0079,C-14928-19,2025-06-07 14:00:00,request,25,SG-0127888,SG-0128279,SG-0127888;SG-0127904;SG-0127918;SG-0127928;SG-0127990;SG-0128000;SG-0128018;SG-0128028;SG-0128041;SG-0128053;SG-0128068;SG-0128082;SG-0128097;SG-0128112;SG-0128130;SG-0128142;SG-0128177;SG-0128199;SG-0128214;SG-0128226;SG-0128241;SG-0128249;SG-0128258;SG-0128266;SG-0128279,normal; within sigma from mean range,1.26,0.65,1.16,0.6,CU-010,2025-06-07,E-0159,20260106T061500Z-QE24M
CAP-25-0080,C-13458-01,2025-06-07 15:00:00,request,25,SG-0111950,SG-0112371,SG-0111950;SG-0111962;SG-0111976;SG-0111990;SG-0112014;SG-0112031;SG-0112047;SG-0112068;SG-0112087;SG-0112113;SG-0112139;SG-0112150;SG-0112168;SG-0112189;SG-0112205;SG-0112218;SG-0112236;SG-0112256;SG-0112268;SG-0112289;SG-0112300;SG-0112321;SG-0112339;SG-0112355;SG-0112371,normal; within sigma from mean range,1.53,1.5,1.55,1.51,CU-012,2025-06-08,E-0159,20260106T061500Z-QE24M
CAP-25-0081,C-11962-27,2025-06-08 09:00:00,request,25,SG-0112231,SG-0123447,SG-0112231;SG-0112331;SG-0112503;SG-0112612;SG-0112797;SG-0112930;SG-0113086;SG-0113283;SG-0113432;SG-0113581;SG-0123090;SG-0123153;SG-0123162;SG-0123178;SG-0123194;SG-0123215;SG-0123242;SG-0123262;SG-0123278;SG-0123298;SG-0123323;SG-0123357;SG-0123385;SG-0123418;SG-0123447,normal; within sigma from mean range,1.63,1.42,1.56,1.36,CU-016,2025-06-13,E-0160,20260106T061500Z-QE24M
CAP-25-0082,C-14134-26,2025-06-08 09:00:00,request,25,SG-0120467,SG-0120987,SG-0120467;SG-0120472;SG-0120473;SG-0120476;SG-0120477;SG-0120478;SG-0120479;SG-0120592;SG-0120593;SG-0120594;SG-0120595;SG-0120599;SG-0120607;SG-0120616;SG-0120620;SG-0120623;SG-0120944;SG-0120950;SG-0120951;SG-0120952;SG-0120975;SG-0120976;SG-0120980;SG-0120986;SG-0120987,normal; within sigma from mean range,1.79,1.75,1.76,1.73,internal,2025-06-11,E-0159,20260106T061500Z-QE24M
CAP-25-0083,C-14966-17,2025-06-08 09:00:00,request,25,SG-0127737,SG-0128521,SG-0127737;SG-0127738;SG-0127740;SG-0127756;SG-0127766;SG-0127935;SG-0127943;SG-0127950;SG-0127967;SG-0127978;SG-0127985;SG-0128161;SG-0128162;SG-0128164;SG-0128168;SG-0128170;SG-0128171;SG-0128322;SG-0128328;SG-0128332;SG-0128347;SG-0128348;SG-0128353;SG-0128493;SG-0128521,normal; within sigma from mean range,2.18,2.07,1.75,1.66,internal,2025-06-12,E-0160,20260106T061500Z-QE24M
CAP-25-0084,C-12004-08,2025-06-08 11:00:00,request,25,SG-0104772,SG-0123527,SG-0104772;SG-0104862;SG-0104869;SG-0122289;SG-0122539;SG-0123019;SG-0123099;SG-0123150;SG-0123159;SG-0123172;SG-0123188;SG-0123200;SG-0123222;SG-0123240;SG-0123256;SG-0123272;SG-0123290;SG-0123305;SG-0123329;SG-0123379;SG-0123400;SG-0123456;SG-0123501;SG-0123514;SG-0123527,normal; within sigma from mean range,2.62,2.6,2.16,2.15,internal,2025-06-13,E-0160,20260106T061500Z-QE24M
CAP-25-0085,C-12023-05,2025-06-08 11:00:00,request,25,SG-0121191,SG-0126212,SG-0121191;SG-0121792;SG-0122366;SG-0122935;SG-0123170;SG-0123248;SG-0123337;SG-0123457;SG-0123537;SG-0123634;SG-0123736;SG-0123993;SG-0124087;SG-0124497;SG-0124891;SG-0125192;SG-0125279;SG-0125373;SG-0125510;SG-0125658;SG-0125785;SG-0125900;SG-0125994;SG-0126092;SG-0126212,normal; within sigma from mean range,2.39,2.27,2.07,1.97,CU-016,2025-06-08,E-0160,20260106T061500Z-QE24M
CAP-25-0086,C-13328-35,2025-06-08 11:00:00,request,25,SG-0104679,SG-0116821,SG-0104679;SG-0104705;SG-0115312;SG-0115328;SG-0115648;SG-0115672;SG-0115691;SG-0115712;SG-0116098;SG-0116116;SG-0116394;SG-0116519;SG-0116545;SG-0116572;SG-0116592;SG-0116636;SG-0116648;SG-0116667;SG-0116685;SG-0116731;SG-0116760;SG-0116770;SG-0116779;SG-0116813;SG-0116821,normal; within sigma from mean range,,1.59,,1.58,internal,2025-06-09,E-0158,20260106T061500Z-QE24M
CAP-25-0087,C-14918-14,2025-06-08 11:00:00,request,25,SG-0127251,SG-0127983,SG-0127251;SG-0127262;SG-0127267;SG-0127273;SG-0127371;SG-0127381;SG-0127437;SG-0127478;SG-0127479;SG-0127577;SG-0127585;SG-0127600;SG-0127603;SG-0127604;SG-0127608;SG-0127726;SG-0127729;SG-0127732;SG-0127748;SG-0127775;SG-0127939;SG-0127940;SG-0127956;SG-0127977;SG-0127983,normal; within sigma from mean range,2.31,2.2,1.78,1.7,internal,2025-06-09,E-0160,20260106T061500Z-QE24M
CAP-25-0088,C-11909-03,2025-06-08 15:00:00,request,25,SG-0135216,SG-0139216,SG-0135216;SG-0135287;SG-0138491;SG-0138573;SG-0138654;SG-0138713;SG-0138749;SG-0138778;SG-0138815;SG-0138878;SG-0138915;SG-0138951;SG-0138987;SG-0139017;SG-0139050;SG-0139072;SG-0139089;SG-0139103;SG-0139121;SG-0139135;SG-0139151;SG-0139162;SG-0139179;SG-0139204;SG-0139216,normal; within sigma from mean range,1.14,0.91,1.08,0.86,CU-015,2025-06-13,E-0161,20260106T061500Z-QE24M
CAP-25-0089,C-14168-34,2025-06-08 15:00:00,request,25,SG-0125452,SG-0125815,SG-0125452;SG-0125463;SG-0125477;SG-0125488;SG-0125494;SG-0125507;SG-0125518;SG-0125531;SG-0125541;SG-0125592;SG-0125605;SG-0125628;SG-0125641;SG-0125653;SG-0125664;SG-0125672;SG-0125687;SG-0125700;SG-0125711;SG-0125726;SG-0125759;SG-0125772;SG-0125790;SG-0125802;SG-0125815,normal; within sigma from mean range,1.76,1.72,1.63,1.59,CU-001,2025-06-10,E-0159,20260106T061500Z-QE24M
CAP-25-0090,C-14134-34,2025-06-09 08:00:00,request,25,SG-0120453,SG-0120992,SG-0120453;SG-0120455;SG-0120456;SG-0120463;SG-0120466;SG-0120468;SG-0120480;SG-0120596;SG-0120598;SG-0120602;SG-0120606;SG-0120608;SG-0120610;SG-0120612;SG-0120615;SG-0120617;SG-0120943;SG-0120953;SG-0120954;SG-0120972;SG-0120977;SG-0120983;SG-0120988;SG-0120991;SG-0120992,normal; within sigma from mean range,0.89,0.86,0.94,0.9,CU-002,2025-06-11,E-0160,20260106T061500Z-QE24M
CAP-25-0091,C-11320-07,2025-06-09 11:00:00,request,25,SG-0125408,SG-0139262,SG-0125408;SG-0125410;SG-0125413;SG-0125414;SG-0125416;SG-0125552;SG-0125554;SG-0125556;SG-0125557;SG-0125564;SG-0125565;SG-0125570;SG-0125574;SG-0125576;SG-0125579;SG-0125582;SG-0125588;SG-0125589;SG-0125727;SG-0125733;SG-0125736;SG-0125744;SG-0125750;SG-0139256;SG-0139262,normal; within sigma from mean range,,1.05,,1.06,CU-010,2025-06-13,E-0161,20260106T061500Z-QE24M
CAP-25-0092,C-13369-20,2025-06-09 12:00:00,request,25,SG-0125181,SG-0125468,SG-0125181;SG-0125185;SG-0125194;SG-0125199;SG-0125205;SG-0125207;SG-0125212;SG-0125217;SG-0125222;SG-0125226;SG-0125230;SG-0125284;SG-0125292;SG-0125299;SG-0125306;SG-0125310;SG-0125324;SG-0125345;SG-0125360;SG-0125378;SG-0125394;SG-0125427;SG-0125442;SG-0125455;SG-0125468,normal; within sigma from mean range,1.11,0.89,1.18,0.95,CU-011,2025-06-12,E-0158,20260106T061500Z-QE24M
CAP-25-0093,C-13483-35,2025-06-09 12:00:00,request,25,SG-0138453,SG-0138729,SG-0138453;SG-0138464;SG-0138476;SG-0138486;SG-0138511;SG-0138518;SG-0138535;SG-0138548;SG-0138555;SG-0138565;SG-0138578;SG-0138591;SG-0138605;SG-0138616;SG-0138632;SG-0138641;SG-0138650;SG-0138666;SG-0138679;SG-0138685;SG-0138693;SG-0138699;SG-0138708;SG-0138721;SG-0138729,normal; within sigma from mean range,1.32,1.15,1.26,1.09,CU-011,2025-06-09,E-0161,20260106T061500Z-QE24M
CAP-25-0094,C-12828-28,2025-06-09 15:00:00,request,25,SG-0122860,SG-0136319,SG-0122860;SG-0135868;SG-0135869;SG-0135871;SG-0135875;SG-0135876;SG-0135927;SG-0135936;SG-0135944;SG-0135945;SG-0135949;SG-0135991;SG-0136003;SG-0136007;SG-0136015;SG-0136095;SG-0136111;SG-0136121;SG-0136178;SG-0136180;SG-0136185;SG-0136198;SG-0136199;SG-0136202;SG-0136319,normal; within sigma from mean range,1.41,1.33,1.29,1.22,internal,2025-06-14,E-0160,20260106T061500Z-QE24M
CAP-25-0095,C-11923-33,2025-06-10 08:00:00,request,25,SG-0120342,SG-0122004,SG-0120342;SG-0120370;SG-0120391;SG-0120410;SG-0120434;SG-0120488;SG-0120504;SG-0120525;SG-0120545;SG-0120565;SG-0120589;SG-0120644;SG-0120668;SG-0120730;SG-0120808;SG-0120872;SG-0120949;SG-0121096;SG-0121224;SG-0121358;SG-0121491;SG-0121626;SG-0121746;SG-0121872;SG-0122004,normal; within sigma from mean range,1.42,0.44,1.43,0.44,internal,2025-06-12,E-0161,20260106T061500Z-QE24M
CAP-25-0096,C-13317-14,2025-06-10 10:00:00,request,25,SG-0133326,SG-0134167,SG-0133326;SG-0133349;SG-0133367;SG-0133382;SG-0133397;SG-0133408;SG-0133424;SG-0133435;SG-0133447;SG-0133456;SG-0133476;SG-0133653;SG-0133660;SG-0133676;SG-0133687;SG-0133697;SG-0133711;SG-0133722;SG-0133732;SG-0133747;SG-0133754;SG-0133769;SG-0134135;SG-0134154;SG-0134167,normal; within sigma from mean range,1.4,1.34,1.4,1.34,CU-012,2025-06-12,E-0160,20260106T061500Z-QE24M
CAP-25-0097,C-13483-32,2025-06-10 12:00:00,request,25,SG-0138452,SG-0138726,SG-0138452;SG-0138463;SG-0138475;SG-0138487;SG-0138507;SG-0138523;SG-0138536;SG-0138546;SG-0138556;SG-0138568;SG-0138580;SG-0138590;SG-0138604;SG-0138612;SG-0138633;SG-0138639;SG-0138651;SG-0138662;SG-0138678;SG-0138683;SG-0138692;SG-0138698;SG-0138709;SG-0138722;SG-0138726,normal; within sigma from mean range,2.13,1.8,1.76,1.49,CU-011,2025-06-14,E-0159,20260106T061500Z-QE24M
CAP-25-0098,C-14952-04,2025-06-10 15:00:00,request,25,SG-0128335,SG-0128923,SG-0128335;SG-0128340;SG-0128344;SG-0128345;SG-0128492;SG-0128501;SG-0128506;SG-0128508;SG-0128511;SG-0128628;SG-0128631;SG-0128632;SG-0128633;SG-0128635;SG-0128638;SG-0128807;SG-0128810;SG-0128813;SG-0128822;SG-0128825;SG-0128899;SG-0128909;SG-0128914;SG-0128918;SG-0128923,normal; within sigma from mean range,2.36,2.34,1.51,1.49,CU-009,2025-06-15,E-0158,20260106T061500Z-QE24M
CAP-25-0099,C-11984-21,2025-06-11 08:00:00,request,25,SG-0106745,SG-0129555,SG-0106745;SG-0106750;SG-0106760;SG-0106769;SG-0106811;SG-0106844;SG-0106851;SG-0106858;SG-0106867;SG-0106872;SG-0129454;SG-0129462;SG-0129467;SG-0129481;SG-0129513;SG-0129518;SG-0129523;SG-0129526;SG-0129529;SG-0129535;SG-0129539;SG-0129543;SG-0129547;SG-0129550;SG-0129555,normal; within sigma from mean range,1.67,1.53,1.66,1.52,internal,2025-06-15,E-0160,20260106T061500Z-QE24M
CAP-25-0100,C-11301-32,2025-06-11 11:00:00,request,25,SG-0128877,SG-0129085,SG-0128877;SG-0128880;SG-0128883;SG-0128887;SG-0128917;SG-0128930;SG-0128939;SG-0128950;SG-0128953;SG-0128959;SG-0128967;SG-0128971;SG-0128979;SG-0128985;SG-0128997;SG-0129007;SG-0129014;SG-0129024;SG-0129029;SG-0129060;SG-0129065;SG-0129069;SG-0129073;SG-0129079;SG-0129085,normal; within sigma from mean range,1.09,0.68,0.93,0.58,CU-009,2025-06-16,E-0158,20260106T061500Z-QE24M
CAP-25-0101,C-12828-35,2025-06-11 13:00:00,request,25,SG-0122327,SG-0136304,SG-0122327;SG-0122462;SG-0122596;SG-0122726;SG-0122861;SG-0135865;SG-0135866;SG-0135872;SG-0135933;SG-0135934;SG-0135947;SG-0135953;SG-0135995;SG-0136008;SG-0136009;SG-0136096;SG-0136098;SG-0136106;SG-0136113;SG-0136174;SG-0136181;SG-0136189;SG-0136200;SG-0136204;SG-0136304,normal; within sigma from mean range,1.66,1.57,1.56,1.47,CU-007,2025-06-11,E-0158,20260106T061500Z-QE24M
CAP-25-0102,C-14168-10,2025-06-11 14:00:00,request,25,SG-0125606,SG-0140657,SG-0125606;SG-0125626;SG-0125640;SG-0125654;SG-0125663;SG-0125673;SG-0125685;SG-0125699;SG-0125709;SG-0125724;SG-0125760;SG-0125771;SG-0125788;SG-0125803;SG-0125814;SG-0140577;SG-0140583;SG-0140588;SG-0140599;SG-0140600;SG-0140630;SG-0140644;SG-0140650;SG-0140653;SG-0140657,normal; within sigma from mean range,2.16,2.14,2.12,2.1,CU-001,2025-06-16,E-0161,20260106T061500Z-QE24M
CAP-25-0103,C-11920-12,2025-06-11 15:00:00,request,25,SG-0131564,SG-0135607,SG-0131564;SG-0131620;SG-0131680;SG-0131731;SG-0131764;SG-0131806;SG-0131861;SG-0131897;SG-0132029;SG-0132364;SG-0132738;SG-0133130;SG-0133319;SG-0133428;SG-0133693;SG-0134146;SG-0134218;SG-0134662;SG-0135049;SG-0135160;SG-0135202;SG-0135267;SG-0135368;SG-0135501;SG-0135607,normal; within sigma from mean range,1.43,1.36,1.31,1.25,CU-016,2025-06-16,E-0160,20260106T061500Z-QE24M
CAP-25-0104,C-12972-24,2025-06-11 15:00:00,request,25,SG-0125501,SG-0125863,SG-0125501;SG-0125516;SG-0125525;SG-0125538;SG-0125558;SG-0125602;SG-0125619;SG-0125635;SG-0125647;SG-0125661;SG-0125671;SG-0125680;SG-0125695;SG-0125704;SG-0125717;SG-0125756;SG-0125767;SG-0125779;SG-0125798;SG-0125813;SG-0125826;SG-0125832;SG-0125844;SG-0125853;SG-0125863,normal; within sigma from mean range,1.59,1.55,1.45,1.41,CU-008,2025-06-16,E-0158,20260106T061500Z-QE24M
CAP-25-0105,C-11253-37,2025-06-12 08:00:00,request,25,SG-0129262,SG-0130859,SG-0129262;SG-0129276;SG-0129333;SG-0129357;SG-0129362;SG-0129364;SG-0129401;SG-0129409;SG-0129416;SG-0129474;SG-0129493;SG-0129558;SG-0129696;SG-0129766;SG-0129874;SG-0129937;SG-0129994;SG-0130278;SG-0130279;SG-0130298;SG-0130609;SG-0130655;SG-0130672;SG-0130781;SG-0130859,normal; within sigma from mean range,1.38,1.22,1.34,1.18,CU-010,2025-06-16,E-0161,20260106T061500Z-QE24M
CAP-25-0106,C-13369-01,2025-06-12 08:00:00,request,25,SG-0125193,SG-0125467,SG-0125193;SG-0125197;SG-0125204;SG-0125209;SG-0125211;SG-0125216;SG-0125221;SG-0125228;SG-0125231;SG-0125272;SG-0125286;SG-0125294;SG-0125298;SG-0125305;SG-0125312;SG-0125320;SG-0125335;SG-0125346;SG-0125356;SG-0125377;SG-0125391;SG-0125425;SG-0125443;SG-0125454;SG-0125467,normal; within sigma from mean range,1.99,1.82,1.92,1.76,CU-011,2025-06-15,E-0161,20260106T061500Z-QE24M
CAP-25-0107,C-11347-33,2025-06-12 09:00:00,request,25,SG-0119713,SG-0120383,SG-0119713;SG-0119737;SG-0119760;SG-0119844;SG-0119876;SG-0119900;SG-0119916;SG-0119939;SG-0119960;SG-0119974;SG-0119997;SG-0120029;SG-0120106;SG-0120126;SG-0120140;SG-0120160;SG-0120181;SG-0120198;SG-0120217;SG-0120238;SG-0120313;SG-0120330;SG-0120350;SG-0120362;SG-0120383,normal; within sigma from mean range,1.22,1.11,1.21,1.1,CU-010,2025-06-17,E-0160,20260106T061500Z-QE24M
CAP-25-0108,C-12868-03,2025-06-12 09:00:00,request,25,SG-0123147,SG-0136502,SG-0123147;SG-0123148;SG-0123155;SG-0123157;SG-0123164;SG-0123168;SG-0123176;SG-0123186;SG-0136239;SG-0136242;SG-0136255;SG-0136290;SG-0136309;SG-0136328;SG-0136335;SG-0136339;SG-0136353;SG-0136363;SG-0136373;SG-0136387;SG-0136395;SG-0136444;SG-0136458;SG-0136469;SG-0136502,normal; within sigma from mean range,2.26,2.25,2.11,2.09,internal,2025-06-16,E-0161,20260106T061500Z-QE24M
CAP-25-0109,C-11163-33,2025-06-12 10:00:00,request,25,SG-0135192,SG-0141268,SG-0135192;SG-0139597;SG-0139692;SG-0139793;SG-0139880;SG-0139966;SG-0140047;SG-0140134;SG-0140241;SG-0140320;SG-0140400;SG-0140485;SG-0140565;SG-0140710;SG-0140793;SG-0140842;SG-0140856;SG-0140872;SG-0140958;SG-0140971;SG-0140977;SG-0140988;SG-0141012;SG-0141194;SG-0141268,normal; within sigma from mean range,1.9,1.89,1.6,1.6,internal,2025-06-12,E-0160,20260106T061500Z-QE24M
CAP-25-0110,C-13447-37,2025-06-12 11:00:00,request,25,SG-0117437,SG-0118227,SG-0117437;SG-0117461;SG-0117478;SG-0117495;SG-0117513;SG-0117523;SG-0117533;SG-0117555;SG-0117579;SG-0117593;SG-0117603;SG-0117651;SG-0117663;SG-0117674;SG-0117684;SG-0117689;SG-0117745;SG-0117751;SG-0117772;SG-0117812;SG-0117883;SG-0118015;SG-0118086;SG-0118156;SG-0118227,normal; within sigma from mean range,,1.41,,1.34,CU-011,2025-06-16,E-0158,20260106T061500Z-QE24M
CAP-25-0111,C-11167-06,2025-06-12 12:00:00,request,25,SG-0123210,SG-0123500,SG-0123210;SG-0123229;SG-0123237;SG-0123244;SG-0123259;SG-0123264;SG-0123274;SG-0123284;SG-0123292;SG-0123301;SG-0123316;SG-0123324;SG-0123335;SG-0123350;SG-0123370;SG-0123377;SG-0123397;SG-0123402;SG-0123422;SG-0123431;SG-0123453;SG-0123463;SG-0123478;SG-0123489;SG-0123500,normal; within sigma from mean range,1.39,1.06,1.32,1.0,CU-010,2025-06-12,E-0158,20260106T061500Z-QE24M
CAP-25-0112,C-13012-17,2025-06-12 13:00:00,request,25,SG-0088195,SG-0121595,SG-0088195;SG-0088207;SG-0088220;SG-0088228;SG-0088245;SG-0120570;SG-0120579;SG-0120604;SG-0120638;SG-0120651;SG-0120673;SG-0120709;SG-0120758;SG-0120801;SG-0120846;SG-0120889;SG-0120929;SG-0121029;SG-0121113;SG-0121187;SG-0121270;SG-0121346;SG-0121437;SG-0121514;SG-0121595,normal; within sigma from mean range,,2.08,,2.0,internal,2025-06-13,E-0160,20260106T061500Z-QE24M
CAP-25-0113,C-14108-29,2025-06-12 14:00:00,request,25,SG-0138791,SG-0139040,SG-0138791;SG-0138801;SG-0138811;SG-0138823;SG-0138828;SG-0138841;SG-0138852;SG-0138859;SG-0138868;SG-0138885;SG-0138892;SG-0138902;SG-0138912;SG-0138924;SG-0138939;SG-0138946;SG-0138955;SG-0138968;SG-0138981;SG-0138990;SG-0139004;SG-0139011;SG-0139022;SG-0139031;SG-0139040,normal; within sigma from mean range,1.14,1.12,1.22,1.19,internal,2025-06-15,E-0161,20260106T061500Z-QE24M
CAP-25-0114,C-13431-32,2025-06-13 08:00:00,request,25,SG-0124925,SG-0125270,SG-0124925;SG-0124954;SG-0125034;SG-0125035;SG-0125036;SG-0125057;SG-0125095;SG-0125123;SG-0125124;SG-0125161;SG-0125170;SG-0125235;SG-0125236;SG-0125243;SG-0125250;SG-0125252;SG-0125255;SG-0125256;SG-0125257;SG-0125262;SG-0125263;SG-0125264;SG-0125267;SG-0125268;SG-0125270,normal; within sigma from mean range,1.23,0.87,1.21,0.86,CU-012,2025-06-17,E-0160,20260106T061500Z-QE24M
CAP-25-0115,C-12878-19,2025-06-13 09:00:00,request,25,SG-0095244,SG-0110352,SG-0095244;SG-0095261;SG-0095277;SG-0095297;SG-0095309;SG-0095315;SG-0095331;SG-0110135;SG-0110144;SG-0110157;SG-0110163;SG-0110170;SG-0110186;SG-0110196;SG-0110201;SG-0110214;SG-0110217;SG-0110234;SG-0110247;SG-0110278;SG-0110289;SG-0110305;SG-0110327;SG-0110338;SG-0110352,normal; within sigma from mean range,2.22,2.18,2.22,2.19,CU-007,2025-06-16,E-0159,20260106T061500Z-QE24M
CAP-25-0116,C-13357-17,2025-06-13 09:00:00,request,25,SG-0111692,SG-0111904,SG-0111692;SG-0111700;SG-0111713;SG-0111721;SG-0111735;SG-0111741;SG-0111750;SG-0111775;SG-0111784;SG-0111792;SG-0111798;SG-0111802;SG-0111808;SG-0111812;SG-0111818;SG-0111822;SG-0111827;SG-0111836;SG-0111846;SG-0111848;SG-0111857;SG-0111883;SG-0111888;SG-0111897;SG-0111904,normal; within sigma from mean range,1.43,1.39,1.33,1.3,CU-012,2025-06-17,E-0161,20260106T061500Z-QE24M
CAP-25-0117,C-12828-36,2025-06-13 10:00:00,request,25,SG-0122727,SG-0136314,SG-0122727;SG-0122863;SG-0135873;SG-0135877;SG-0135879;SG-0135881;SG-0135926;SG-0135937;SG-0135948;SG-0135950;SG-0135951;SG-0135987;SG-0135988;SG-0135999;SG-0136004;SG-0136102;SG-0136115;SG-0136116;SG-0136118;SG-0136172;SG-0136175;SG-0136176;SG-0136191;SG-0136300;SG-0136314,normal; within sigma from mean range,,2.14,,2.01,CU-007,2025-06-13,E-0161,20260106T061500Z-QE24M
CAP-25-0118,C-11930-28,2025-06-13 13:00:00,request,25,SG-0126943,SG-0141595,SG-0126943;SG-0126947;SG-0126961;SG-0126967;SG-0126980;SG-0140605;SG-0140606;SG-0140629;SG-0140633;SG-0140636;SG-0140652;SG-0140894;SG-0140923;SG-0140924;SG-0140927;SG-0140940;SG-0140941;SG-0141047;SG-0141048;SG-0141085;SG-0141097;SG-0141098;SG-0141153;SG-0141553;SG-0141595,normal; within sigma from mean range,1.73,1.52,1.5,1.32,CU-016,2025-06-18,E-0158,20260106T061500Z-QE24M
CAP-25-0119,C-14952-37,2025-06-13 13:00:00,request,25,SG-0128512,SG-0142010,SG-0128512;SG-0128513;SG-0128622;SG-0128623;SG-0128626;SG-0128630;SG-0128634;SG-0128637;SG-0128804;SG-0128814;SG-0128815;SG-0128819;SG-0128820;SG-0128897;SG-0128905;SG-0128907;SG-0128908;SG-0128921;SG-0141548;SG-0141552;SG-0141980;SG-0141995;SG-0142001;SG-0142006;SG-0142010,normal; within sigma from mean range,2.18,2.1,2.09,2.02,CU-009,2025-06-14,E-0161,20260106T061500Z-QE24M
CAP-25-0120,C-11962-08,2025-06-13 14:00:00,request,25,SG-0112016,SG-0142367,SG-0112016;SG-0112134;SG-0112230;SG-0112509;SG-0112615;SG-0112796;SG-0112929;SG-0113434;SG-0113583;SG-0123092;SG-0123152;SG-0123161;SG-0123179;SG-0123193;SG-0123212;SG-0123241;SG-0123260;SG-0123276;SG-0123300;SG-0123322;SG-0123355;SG-0123383;SG-0123416;SG-0123449;SG-0142367,normal; within sigma from mean range,1.65,1.62,1.55,1.52,internal,2025-06-13,E-0161,20260106T061500Z-QE24M
CAP-25-0121,C-12878-28,2025-06-14 08:00:00,request,25,SG-0095132,SG-0110353,SG-0095132;SG-0095175;SG-0095186;SG-0095207;SG-0095231;SG-0095242;SG-0095262;SG-0095276;SG-0095298;SG-0095310;SG-0095316;SG-0095332;SG-0110136;SG-0110162;SG-0110171;SG-0110180;SG-0110185;SG-0110204;SG-0110218;SG-0110235;SG-0110290;SG-0110297;SG-0110318;SG-0110339;SG-0110353,normal; within sigma from mean range,1.4,0.56,1.4,0.56,internal,2025-06-15,E-0158,20260106T061500Z-QE24M
CAP-25-0122,C-11329-04,2025-06-14 12:00:00,request,25,SG-0131145,SG-0131595,SG-0131145;SG-0131148;SG-0131159;SG-0131164;SG-0131169;SG-0131170;SG-0131396;SG-0131402;SG-0131404;SG-0131408;SG-0131409;SG-0131410;SG-0131437;SG-0131438;SG-0131440;SG-0131501;SG-0131504;SG-0131505;SG-0131507;SG-0131512;SG-0131519;SG-0131520;SG-0131521;SG-0131528;SG-0131595,normal; within sigma from mean range,2.55,2.49,2.37,2.32,internal,2025-06-18,E-0160,20260106T061500Z-QE24M
CAP-25-0123,C-14117-10,2025-06-15 08:00:00,request,25,SG-0138824,SG-0139129,SG-0138824;SG-0138834;SG-0138853;SG-0138863;SG-0138886;SG-0138898;SG-0138919;SG-0138934;SG-0138954;SG-0138967;SG-0138985;SG-0139002;SG-0139014;SG-0139033;SG-0139043;SG-0139061;SG-0139068;SG-0139080;SG-0139084;SG-0139095;SG-0139096;SG-0139110;SG-0139113;SG-0139125;SG-0139129,normal; within sigma from mean range,1.42,1.26,1.34,1.18,CU-001,2025-06-18,E-0161,20260106T061500Z-QE24M
CAP-25-0124,C-11167-38,2025-06-15 09:00:00,request,25,SG-0123197,SG-0123499,SG-0123197;SG-0123203;SG-0123211;SG-0123231;SG-0123238;SG-0123246;SG-0123257;SG-0123265;SG-0123291;SG-0123303;SG-0123315;SG-0123320;SG-0123339;SG-0123352;SG-0123368;SG-0123378;SG-0123396;SG-0123401;SG-0123424;SG-0123433;SG-0123452;SG-0123462;SG-0123479;SG-0123488;SG-0123499,normal; within sigma from mean range,0.91,0.55,1.02,0.61,CU-010,2025-06-19,E-0160,20260106T061500Z-QE24M
CAP-25-0125,C-12023-24,2025-06-15 09:00:00,request,25,SG-0121192,SG-0126214,SG-0121192;SG-0121794;SG-0122368;SG-0122936;SG-0123169;SG-0123249;SG-0123338;SG-0123458;SG-0123539;SG-0123639;SG-0123737;SG-0123992;SG-0124089;SG-0124498;SG-0124890;SG-0125191;SG-0125278;SG-0125375;SG-0125512;SG-0125660;SG-0125786;SG-0125901;SG-0125992;SG-0126094;SG-0126214,normal; within sigma from mean range,2.35,2.3,2.25,2.2,internal,2025-06-19,E-0160,20260106T061500Z-QE24M
CAP-25-0126,C-12947-12,2025-06-15 13:00:00,request,25,SG-0103439,SG-0104573,SG-0103439;SG-0103488;SG-0103533;SG-0103573;SG-0103612;SG-0103659;SG-0103699;SG-0103739;SG-0103822;SG-0103877;SG-0103927;SG-0103977;SG-0104026;SG-0104072;SG-0104113;SG-0104160;SG-0104211;SG-0104262;SG-0104368;SG-0104418;SG-0104466;SG-0104513;SG-0104552;SG-0104560;SG-0104573,normal; within sigma from mean range,2.0,1.85,1.81,1.67,CU-007,2025-06-15,E-0161,20260106T061500Z-QE24M
CAP-25-0127,C-13447-02,2025-06-15 13:00:00,request,25,SG-0117459,SG-0118226,SG-0117459;SG-0117481;SG-0117494;SG-0117512;SG-0117522;SG-0117534;SG-0117554;SG-0117566;SG-0117578;SG-0117592;SG-0117602;SG-0117650;SG-0117664;SG-0117673;SG-0117685;SG-0117690;SG-0117746;SG-0117750;SG-0117773;SG-0117811;SG-0117885;SG-0118012;SG-0118089;SG-0118157;SG-0118226,normal; within sigma from mean range,1.76,1.54,1.61,1.41,CU-011,2025-06-15,E-0158,20260106T061500Z-QE24M
CAP-25-0128,C-13458-09,2025-06-15 14:00:00,request,25,SG-0111951,SG-0112372,SG-0111951;SG-0111960;SG-0111974;SG-0111991;SG-0112010;SG-0112029;SG-0112049;SG-0112066;SG-0112084;SG-0112116;SG-0112137;SG-0112151;SG-0112169;SG-0112188;SG-0112203;SG-0112217;SG-0112237;SG-0112255;SG-0112270;SG-0112287;SG-0112301;SG-0112320;SG-0112341;SG-0112356;SG-0112372,normal; within sigma from mean range,,2.45,,2.3,CU-012,2025-06-18,E-0159,20260106T061500Z-QE24M
CAP-25-0129,C-11226-12,2025-06-15 15:00:00,request,25,SG-0108955,SG-0127288,SG-0108955;SG-0108959;SG-0108964;SG-0126848;SG-0126858;SG-0126933;SG-0126935;SG-0126944;SG-0126949;SG-0126976;SG-0126981;SG-0127030;SG-0127036;SG-0127040;SG-0127042;SG-0127045;SG-0127053;SG-0127099;SG-0127100;SG-0127101;SG-0127161;SG-0127173;SG-0127176;SG-0127244;SG-0127288,normal; within sigma from mean range,1.28,1.22,1.27,1.22,CU-009,2025-06-19,E-0158,20260106T061500Z-QE24M
CAP-25-0130,C-11226-05,2025-06-16 08:00:00,request,25,SG-0126865,SG-0127272,SG-0126865;SG-0126866;SG-0126932;SG-0126938;SG-0126939;SG-0126948;SG-0126962;SG-0126963;SG-0127032;SG-0127037;SG-0127038;SG-0127039;SG-0127041;SG-0127097;SG-0127098;SG-0127105;SG-0127112;SG-0127156;SG-0127157;SG-0127160;SG-0127170;SG-0127171;SG-0127238;SG-0127247;SG-0127272,normal; within sigma from mean range,,2.18,,1.98,CU-009,2025-06-21,E-0159,20260106T061500Z-QE24M
CAP-25-0131,C-14212-17,2025-06-16 08:00:00,request,25,SG-0125370,SG-0125649,SG-0125370;SG-0125386;SG-0125400;SG-0125429;SG-0125439;SG-0125453;SG-0125458;SG-0125470;SG-0125479;SG-0125481;SG-0125489;SG-0125499;SG-0125504;SG-0125513;SG-0125522;SG-0125526;SG-0125535;SG-0125543;SG-0125572;SG-0125596;SG-0125610;SG-0125623;SG-0125632;SG-0125643;SG-0125649,normal; within sigma from mean range,1.85,1.76,1.83,1.74,CU-002,2025-06-16,E-0158,20260106T061500Z-QE24M
CAP-25-0132,C-11923-04,2025-06-16 10:00:00,request,25,SG-0141237,SG-0142804,SG-0141237;SG-0141302;SG-0141369;SG-0141439;SG-0141507;SG-0141625;SG-0141688;SG-0141758;SG-0141823;SG-0141888;SG-0141954;SG-0142052;SG-0142125;SG-0142193;SG-0142271;SG-0142335;SG-0142410;SG-0142521;SG-0142581;SG-0142641;SG-0142652;SG-0142669;SG-0142773;SG-0142787;SG-0142804,normal; within sigma from mean range,1.21,1.16,1.19,1.14,CU-015,2025-06-19,E-0158,20260106T061500Z-QE24M
CAP-25-0133,C-12884-18,2025-06-16 10:00:00,request,25,SG-0078982,SG-0116758,SG-0078982;SG-0078993;SG-0079002;SG-0079011;SG-0079016;SG-0079017;SG-0116635;SG-0116640;SG-0116643;SG-0116647;SG-0116649;SG-0116659;SG-0116660;SG-0116663;SG-0116668;SG-0116671;SG-0116674;SG-0116682;SG-0116686;SG-0116687;SG-0116692;SG-0116693;SG-0116750;SG-0116757;SG-0116758,normal; within sigma from mean range,1.88,1.81,1.91,1.84,CU-008,2025-06-16,E-0161,20260106T061500Z-QE24M
CAP-25-0134,C-13380-18,2025-06-16 10:00:00,request,25,SG-0112038,SG-0112958,SG-0112038;SG-0112075;SG-0112125;SG-0112163;SG-0112200;SG-0112240;SG-0112273;SG-0112310;SG-0112347;SG-0112381;SG-0112411;SG-0112447;SG-0112480;SG-0112513;SG-0112546;SG-0112594;SG-0112635;SG-0112665;SG-0112698;SG-0112735;SG-0112773;SG-0112806;SG-0112839;SG-0112898;SG-0112958,normal; within sigma from mean range,1.82,1.7,1.56,1.45,CU-012,2025-06-17,E-0158,20260106T061500Z-QE24M
CAP-25-0135,C-12925-28,2025-06-16 11:00:00,request,25,SG-0079666,SG-0113953,SG-0079666;SG-0079673;SG-0079674;SG-0079680;SG-0112578;SG-0112590;SG-0112591;SG-0113171;SG-0113173;SG-0113175;SG-0113186;SG-0113193;SG-0113194;SG-0113200;SG-0113209;SG-0113215;SG-0113217;SG-0113227;SG-0113925;SG-0113928;SG-0113934;SG-0113941;SG-0113951;SG-0113952;SG-0113953,normal; within sigma from mean range,0.89,0.84,0.87,0.83,CU-008,2025-06-16,E-0161,20260106T061500Z-QE24M
CAP-25-0136,C-13431-17,2025-06-16 11:00:00,request,25,SG-0124969,SG-0125266,SG-0124969;SG-0124970;SG-0125044;SG-0125045;SG-0125077;SG-0125107;SG-0125149;SG-0125160;SG-0125169;SG-0125175;SG-0125176;SG-0125234;SG-0125237;SG-0125238;SG-0125239;SG-0125240;SG-0125242;SG-0125246;SG-0125249;SG-0125254;SG-0125258;SG-0125259;SG-0125260;SG-0125261;SG-0125266,normal; within sigma from mean range,2.55,2.51,2.01,1.97,CU-012,2025-06-19,E-0158,20260106T061500Z-QE24M
CAP-25-0137,C-12861-20,2025-06-16 13:00:00,request,25,SG-0138826,SG-0139076,SG-0138826;SG-0138836;SG-0138850;SG-0138857;SG-0138865;SG-0138883;SG-0138891;SG-0138904;SG-0138917;SG-0138927;SG-0138941;SG-0138947;SG-0138960;SG-0138972;SG-0138983;SG-0138997;SG-0139006;SG-0139012;SG-0139026;SG-0139034;SG-0139041;SG-0139054;SG-0139063;SG-0139066;SG-0139076,normal; within sigma from mean range,,3.57,,3.35,internal,2025-06-20,E-0160,20260106T061500Z-QE24M
CAP-25-0138,C-12988-24,2025-06-16 14:00:00,request,25,SG-0116969,SG-0117294,SG-0116969;SG-0116970;SG-0116985;SG-0116996;SG-0117029;SG-0117041;SG-0117044;SG-0117050;SG-0117060;SG-0117070;SG-0117072;SG-0117086;SG-0117095;SG-0117113;SG-0117133;SG-0117147;SG-0117163;SG-0117187;SG-0117206;SG-0117241;SG-0117251;SG-0117257;SG-0117270;SG-0117284;SG-0117294,normal; within sigma from mean range,1.11,0.89,1.08,0.87,CU-007,2025-06-18,E-0159,20260106T061500Z-QE24M
CAP-25-0139,C-11950-20,2025-06-17 08:00:00,request,25,SG-0128359,SG-0128783,SG-0128359;SG-0128375;SG-0128394;SG-0128407;SG-0128421;SG-0128442;SG-0128463;SG-0128477;SG-0128497;SG-0128528;SG-0128541;SG-0128550;SG-0128563;SG-0128574;SG-0128590;SG-0128602;SG-0128613;SG-0128644;SG-0128658;SG-0128679;SG-0128705;SG-0128721;SG-0128746;SG-0128763;SG-0128783,normal; within sigma from mean range,1.6,1.58,1.51,1.49,internal,2025-06-20,E-0160,20260106T061500Z-QE24M
CAP-25-0140,C-14175-10,2025-06-17 08:00:00,request,25,SG-0141422,SG-0142676,SG-0141422;SG-0141470;SG-0141529;SG-0141635;SG-0141679;SG-0141733;SG-0141791;SG-0141843;SG-0141895;SG-0141944;SG-0142028;SG-0142090;SG-0142143;SG-0142199;SG-0142252;SG-0142312;SG-0142362;SG-0142463;SG-0142516;SG-0142562;SG-0142613;SG-0142646;SG-0142654;SG-0142666;SG-0142676,normal; within sigma from mean range,,1.51,,1.46,CU-002,2025-06-19,E-0158,20260106T061500Z-QE24M
CAP-25-0141,C-14989-20,2025-06-17 08:00:00,request,25,SG-0127293,SG-0127676,SG-0127293;SG-0127299;SG-0127301;SG-0127302;SG-0127308;SG-0127315;SG-0127318;SG-0127319;SG-0127323;SG-0127532;SG-0127536;SG-0127538;SG-0127544;SG-0127550;SG-0127552;SG-0127554;SG-0127563;SG-0127570;SG-0127576;SG-0127633;SG-0127640;SG-0127644;SG-0127654;SG-0127664;SG-0127676,normal; within sigma from mean range,1.82,1.73,1.97,1.87,CU-009,2025-06-18,E-0159,20260106T061500Z-QE24M
CAP-25-0142,C-11173-11,2025-06-17 10:00:00,request,25,SG-0101708,SG-0124478,SG-0101708;SG-0101823;SG-0101868;SG-0123313;SG-0123349;SG-0123387;SG-0123427;SG-0123469;SG-0123498;SG-0123519;SG-0123544;SG-0123572;SG-0123603;SG-0123641;SG-0123672;SG-0123709;SG-0123735;SG-0123759;SG-0123777;SG-0123989;SG-0124015;SG-0124048;SG-0124084;SG-0124456;SG-0124478,normal; within sigma from mean range,1.59,1.58,1.06,1.06,internal,2025-06-21,E-0159,20260106T061500Z-QE24M
CAP-25-0143,C-11984-02,2025-06-17 11:00:00,request,25,SG-0106742,SG-0129554,SG-0106742;SG-0106753;SG-0106759;SG-0106771;SG-0106802;SG-0106841;SG-0106853;SG-0106859;SG-0106869;SG-0106873;SG-0129453;SG-0129461;SG-0129468;SG-0129479;SG-0129515;SG-0129516;SG-0129521;SG-0129527;SG-0129528;SG-0129534;SG-0129536;SG-0129541;SG-0129546;SG-0129548;SG-0129554,normal; within sigma from mean range,1.85,1.78,1.85,1.78,CU-015,2025-06-17,E-0161,20260106T061500Z-QE24M
CAP-25-0144,C-13350-20,2025-06-17 12:00:00,request,25,SG-0119494,SG-0135027,SG-0119494;SG-0119506;SG-0119516;SG-0119529;SG-0119573;SG-0133469;SG-0133677;SG-0133692;SG-0133706;SG-0133721;SG-0133739;SG-0133748;SG-0133762;SG-0134130;SG-0134169;SG-0134180;SG-0134188;SG-0134195;SG-0134221;SG-0134635;SG-0134641;SG-0134647;SG-0134651;SG-0134665;SG-0135027,normal; within sigma from mean range,1.62,1.43,1.62,1.43,CU-011,2025-06-20,E-0158,20260106T061500Z-QE24M
CAP-25-0145,C-13328-14,2025-06-17 13:00:00,request,25,SG-0116637,SG-0143202,SG-0116637;SG-0116650;SG-0116666;SG-0116684;SG-0116737;SG-0116759;SG-0116769;SG-0116778;SG-0116814;SG-0142570;SG-0142645;SG-0142661;SG-0142680;SG-0142788;SG-0142808;SG-0142836;SG-0142878;SG-0142947;SG-0142982;SG-0143012;SG-0143049;SG-0143106;SG-0143140;SG-0143173;SG-0143202,normal; within sigma from mean range,1.98,1.89,1.99,1.91,CU-012,2025-06-20,E-0161,20260106T061500Z-QE24M
CAP-25-0146,C-14992-08,2025-06-17 13:00:00,request,25,SG-0123732,SG-0136779,SG-0123732;SG-0123766;SG-0135928;SG-0135929;SG-0135986;SG-0135992;SG-0136012;SG-0136097;SG-0136099;SG-0136103;SG-0136110;SG-0136114;SG-0136179;SG-0136188;SG-0136190;SG-0136195;SG-0136203;SG-0136205;SG-0136310;SG-0136318;SG-0136419;SG-0136420;SG-0136425;SG-0136427;SG-0136779,normal; within sigma from mean range,2.39,2.3,1.97,1.89,CU-010,2025-06-19,E-0158,20260106T061500Z-QE24M
CAP-25-0147,C-11320-01,2025-06-17 14:00:00,request,25,SG-0139284,SG-0139811,SG-0139284;SG-0139292;SG-0139307;SG-0139315;SG-0139323;SG-0139333;SG-0139338;SG-0139345;SG-0139359;SG-0139364;SG-0139392;SG-0139424;SG-0139447;SG-0139475;SG-0139501;SG-0139531;SG-0139562;SG-0139585;SG-0139617;SG-0139646;SG-0139674;SG-0139725;SG-0139749;SG-0139780;SG-0139811,normal; within sigma from mean range,1.8,1.75,1.89,1.83,CU-010,2025-06-21,E-0160,20260106T061500Z-QE24M
CAP-25-0148,C-12925-01,2025-06-18 11:00:00,request,25,SG-0079624,SG-0113974,SG-0079624;SG-0079641;SG-0079642;SG-0079647;SG-0079651;SG-0079654;SG-0079665;SG-0079681;SG-0112565;SG-0112571;SG-0113184;SG-0113185;SG-0113189;SG-0113199;SG-0113207;SG-0113208;SG-0113221;SG-0113916;SG-0113927;SG-0113940;SG-0113947;SG-0113959;SG-0113960;SG-0113973;SG-0113974,normal; within sigma from mean range,1.89,1.82,1.86,1.8,CU-008,2025-06-19,E-0158,20260106T061500Z-QE24M
CAP-25-0149,C-11909-35,2025-06-18 12:00:00,request,25,SG-0138779,SG-0139680,SG-0138779;SG-0138816;SG-0138845;SG-0138874;SG-0138916;SG-0138952;SG-0138988;SG-0139019;SG-0139048;SG-0139073;SG-0139090;SG-0139108;SG-0139124;SG-0139137;SG-0139152;SG-0139164;SG-0139176;SG-0139202;SG-0139218;SG-0139232;SG-0139253;SG-0139304;SG-0139351;SG-0139503;SG-0139680,normal; within sigma from mean range,1.74,1.58,1.6,1.46,CU-015,2025-06-22,E-0158,20260106T061500Z-QE24M
CAP-25-0150,C-12947-23,2025-06-18 13:00:00,request,25,SG-0103442,SG-0104574,SG-0103442;SG-0103491;SG-0103531;SG-0103574;SG-0103613;SG-0103660;SG-0103701;SG-0103740;SG-0103819;SG-0103878;SG-0103925;SG-0103978;SG-0104027;SG-0104074;SG-0104119;SG-0104161;SG-0104212;SG-0104263;SG-0104374;SG-0104417;SG-0104469;SG-0104515;SG-0104550;SG-0104562;SG-0104574,normal; within sigma from mean range,1.59,1.52,1.4,1.34,CU-007,2025-06-22,E-0161,20260106T061500Z-QE24M
CAP-25-0151,C-11226-03,2025-06-19 08:00:00,request,25,SG-0126847,SG-0127259,SG-0126847;SG-0126891;SG-0126899;SG-0126923;SG-0126926;SG-0126931;SG-0126934;SG-0126968;SG-0127029;SG-0127034;SG-0127035;SG-0127044;SG-0127052;SG-0127096;SG-0127108;SG-0127113;SG-0127114;SG-0127159;SG-0127163;SG-0127164;SG-0127172;SG-0127175;SG-0127222;SG-0127243;SG-0127259,normal; within sigma from mean range,1.21,1.16,1.14,1.1,CU-009,2025-06-20,E-0160,20260106T061500Z-QE24M
CAP-25-0152,C-11301-04,2025-06-19 10:00:00,request,25,SG-0128875,SG-0129083,SG-0128875;SG-0128878;SG-0128881;SG-0128888;SG-0128916;SG-0128928;SG-0128938;SG-0128949;SG-0128954;SG-0128960;SG-0128965;SG-0128972;SG-0128978;SG-0128984;SG-0128999;SG-0129005;SG-0129012;SG-0129023;SG-0129028;SG-0129058;SG-0129064;SG-0129071;SG-0129072;SG-0129077;SG-0129083,normal; within sigma from mean range,2.39,2.24,2.41,2.26,CU-009,2025-06-22,E-0159,20260106T061500Z-QE24M
CAP-25-0153,C-13403-24,2025-06-19 12:00:00,request,25,SG-0138406,SG-0138682,SG-0138406;SG-0138411;SG-0138429;SG-0138441;SG-0138459;SG-0138469;SG-0138482;SG-0138494;SG-0138513;SG-0138517;SG-0138532;SG-0138542;SG-0138551;SG-0138561;SG-0138570;SG-0138585;SG-0138597;SG-0138607;SG-0138617;SG-0138628;SG-0138636;SG-0138646;SG-0138658;SG-0138670;SG-0138682,normal; within sigma from mean range,,1.73,,1.61,internal,2025-06-23,E-0158,20260106T061500Z-QE24M
CAP-25-0154,C-11329-29,2025-06-19 13:00:00,request,25,SG-0131154,SG-0131604,SG-0131154;SG-0131155;SG-0131160;SG-0131165;SG-0131171;SG-0131179;SG-0131399;SG-0131406;SG-0131411;SG-0131416;SG-0131417;SG-0131420;SG-0131426;SG-0131430;SG-0131432;SG-0131498;SG-0131499;SG-0131500;SG-0131502;SG-0131516;SG-0131517;SG-0131522;SG-0131523;SG-0131529;SG-0131604,normal; within sigma from mean range,0.93,0.86,0.96,0.89,CU-009,2025-06-20,E-0158,20260106T061500Z-QE24M
CAP-25-0155,C-13321-18,2025-06-19 14:00:00,request,25,SG-0119663,SG-0120104,SG-0119663;SG-0119681;SG-0119695;SG-0119703;SG-0119724;SG-0119733;SG-0119753;SG-0119765;SG-0119820;SG-0119848;SG-0119867;SG-0119881;SG-0119894;SG-0119913;SG-0119917;SG-0119932;SG-0119941;SG-0119954;SG-0119962;SG-0119979;SG-0119992;SG-0120002;SG-0120015;SG-0120089;SG-0120104,normal; within sigma from mean range,1.4,1.34,1.43,1.36,CU-011,2025-06-24,E-0158,20260106T061500Z-QE24M
CAP-25-0156,C-12907-15,2025-06-19 15:00:00,request,25,SG-0093675,SG-0124887,SG-0093675;SG-0094202;SG-0094251;SG-0094341;SG-0094389;SG-0124039;SG-0124057;SG-0124069;SG-0124081;SG-0124096;SG-0124449;SG-0124458;SG-0124466;SG-0124475;SG-0124485;SG-0124488;SG-0124495;SG-0124500;SG-0124505;SG-0124507;SG-0124863;SG-0124868;SG-0124877;SG-0124880;SG-0124887,normal; within sigma from mean range,0.93,0.83,0.92,0.82,CU-007,2025-06-23,E-0158,20260106T061500Z-QE24M
CAP-25-0157,C-13483-04,2025-06-19 15:00:00,request,25,SG-0138450,SG-0138727,SG-0138450;SG-0138461;SG-0138473;SG-0138485;SG-0138506;SG-0138521;SG-0138533;SG-0138547;SG-0138553;SG-0138566;SG-0138577;SG-0138589;SG-0138603;SG-0138613;SG-0138625;SG-0138640;SG-0138648;SG-0138664;SG-0138676;SG-0138684;SG-0138690;SG-0138696;SG-0138706;SG-0138719;SG-0138727,normal; within sigma from mean range,1.08,1.08,1.09,1.08,CU-011,2025-06-21,E-0159,20260106T061500Z-QE24M
CAP-25-0158,C-11253-25,2025-06-20 09:00:00,request,25,SG-0129275,SG-0130858,SG-0129275;SG-0129348;SG-0129353;SG-0129356;SG-0129360;SG-0129400;SG-0129404;SG-0129408;SG-0129485;SG-0129490;SG-0129492;SG-0129574;SG-0129582;SG-0129710;SG-0130146;SG-0130147;SG-0130166;SG-0130243;SG-0130350;SG-0130513;SG-0130608;SG-0130730;SG-0130764;SG-0130814;SG-0130858,normal; within sigma from mean range,1.39,1.14,1.38,1.13,CU-010,2025-06-24,E-0161,20260106T061500Z-QE24M
CAP-25-0159,C-14952-36,2025-06-20 09:00:00,request,25,SG-0141998,SG-0143234,SG-0141998;SG-0142000;SG-0142427;SG-0142428;SG-0142431;SG-0142437;SG-0142447;SG-0142451;SG-0142689;SG-0142690;SG-0142720;SG-0142725;SG-0142746;SG-0142906;SG-0142914;SG-0142917;SG-0142919;SG-0142920;SG-0143076;SG-0143078;SG-0143082;SG-0143091;SG-0143093;SG-0143096;SG-0143234,normal; within sigma from mean range,1.47,0.97,1.32,0.87,CU-009,2025-06-21,E-0158,20260106T061500Z-QE24M
CAP-25-0160,C-13380-09,2025-06-20 10:00:00,request,25,SG-0112039,SG-0112956,SG-0112039;SG-0112074;SG-0112128;SG-0112164;SG-0112199;SG-0112239;SG-0112278;SG-0112309;SG-0112346;SG-0112380;SG-0112412;SG-0112446;SG-0112479;SG-0112514;SG-0112545;SG-0112592;SG-0112634;SG-0112662;SG-0112696;SG-0112736;SG-0112771;SG-0112803;SG-0112840;SG-0112893;SG-0112956,normal; within sigma from mean range,2.23,2.18,2.09,2.05,internal,2025-06-23,E-0160,20260106T061500Z-QE24M
CAP-25-0161,C-13357-35,2025-06-20 11:00:00,request,25,SG-0111678,SG-0111902,SG-0111678;SG-0111693;SG-0111699;SG-0111714;SG-0111720;SG-0111736;SG-0111742;SG-0111749;SG-0111778;SG-0111785;SG-0111790;SG-0111796;SG-0111806;SG-0111811;SG-0111819;SG-0111821;SG-0111828;SG-0111838;SG-0111847;SG-0111850;SG-0111860;SG-0111884;SG-0111890;SG-0111896;SG-0111902,normal; within sigma from mean range,1.54,1.48,1.51,1.45,CU-012,2025-06-22,E-0161,20260106T061500Z-QE24M
CAP-25-0162,C-14103-17,2025-06-20 11:00:00,request,25,SG-0135290,SG-0143920,SG-0135290;SG-0135298;SG-0135299;SG-0135300;SG-0135443;SG-0135445;SG-0135448;SG-0135454;SG-0135456;SG-0135587;SG-0135588;SG-0135597;SG-0135600;SG-0135601;SG-0135691;SG-0135692;SG-0135695;SG-0135697;SG-0135698;SG-0135701;SG-0135776;SG-0135777;SG-0143886;SG-0143904;SG-0143920,normal; within sigma from mean range,1.08,0.66,1.06,0.65,internal,2025-06-24,E-0161,20260106T061500Z-QE24M
CAP-25-0163,C-14966-36,2025-06-20 12:00:00,request,25,SG-0127745,SG-0128505,SG-0127745;SG-0127747;SG-0127751;SG-0127753;SG-0127757;SG-0127936;SG-0127944;SG-0127951;SG-0127960;SG-0127961;SG-0127974;SG-0128159;SG-0128166;SG-0128172;SG-0128173;SG-0128176;SG-0128190;SG-0128321;SG-0128323;SG-0128325;SG-0128338;SG-0128339;SG-0128352;SG-0128496;SG-0128505,normal; within sigma from mean range,1.4,1.35,1.39,1.34,CU-010,2025-06-23,E-0158,20260106T061500Z-QE24M
CAP-25-0164,C-11930-12,2025-06-20 13:00:00,request,25,SG-0126954,SG-0141590,SG-0126954;SG-0126965;SG-0126970;SG-0126973;SG-0126978;SG-0140582;SG-0140591;SG-0140597;SG-0140613;SG-0140614;SG-0140632;SG-0140877;SG-0140886;SG-0140893;SG-0140922;SG-0140939;SG-0140953;SG-0141040;SG-0141063;SG-0141083;SG-0141092;SG-0141110;SG-0141111;SG-0141583;SG-0141590,normal; within sigma from mean range,1.26,1.13,1.18,1.06,internal,2025-06-23,E-0158,20260106T061500Z-QE24M
CAP-25-0165,C-12016-08,2025-06-20 14:00:00,request,25,SG-0131412,SG-0131743,SG-0131412;SG-0131418;SG-0131423;SG-0131427;SG-0131434;SG-0131506;SG-0131508;SG-0131511;SG-0131515;SG-0131530;SG-0131587;SG-0131588;SG-0131591;SG-0131596;SG-0131598;SG-0131599;SG-0131655;SG-0131657;SG-0131661;SG-0131664;SG-0131667;SG-0131738;SG-0131741;SG-0131742;SG-0131743,normal; within sigma from mean range,2.0,1.87,1.94,1.82,CU-015,2025-06-23,E-0161,20260106T061500Z-QE24M
CAP-25-0166,C-11201-16,2025-06-21 08:00:00,request,25,SG-0119782,SG-0120293,SG-0119782;SG-0119787;SG-0119788;SG-0119792;SG-0119793;SG-0119803;SG-0119809;SG-0119810;SG-0119828;SG-0120032;SG-0120039;SG-0120043;SG-0120044;SG-0120059;SG-0120060;SG-0120061;SG-0120065;SG-0120066;SG-0120087;SG-0120247;SG-0120260;SG-0120267;SG-0120291;SG-0120292;SG-0120293,normal; within sigma from mean range,1.08,1.06,1.11,1.09,CU-010,2025-06-26,E-0160,20260106T061500Z-QE24M
CAP-25-0167,C-12972-12,2025-06-21 09:00:00,request,25,SG-0143481,SG-0143749,SG-0143481;SG-0143489;SG-0143510;SG-0143521;SG-0143532;SG-0143553;SG-0143560;SG-0143579;SG-0143586;SG-0143597;SG-0143608;SG-0143617;SG-0143626;SG-0143637;SG-0143646;SG-0143663;SG-0143669;SG-0143678;SG-0143691;SG-0143700;SG-0143710;SG-0143721;SG-0143729;SG-0143737;SG-0143749,normal; within sigma from mean range,1.76,1.56,1.66,1.48,internal,2025-06-22,E-0161,20260106T061500Z-QE24M
CAP-25-0168,C-11265-35,2025-06-21 13:00:00,request,25,SG-0129871,SG-0130563,SG-0129871;SG-0130096;SG-0130187;SG-0130192;SG-0130194;SG-0130198;SG-0130202;SG-0130204;SG-0130208;SG-0130211;SG-0130214;SG-0130218;SG-0130222;SG-0130225;SG-0130229;SG-0130230;SG-0130234;SG-0130237;SG-0130241;SG-0130545;SG-0130550;SG-0130554;SG-0130558;SG-0130560;SG-0130563,normal; within sigma from mean range,1.28,1.17,1.3,1.19,internal,2025-06-24,E-0159,20260106T061500Z-QE24M
CAP-25-0169,C-11282-06,2025-06-21 13:00:00,request,25,SG-0129475,SG-0130025,SG-0129475;SG-0129476;SG-0129484;SG-0129487;SG-0129494;SG-0129505;SG-0129510;SG-0129559;SG-0129601;SG-0129631;SG-0129655;SG-0129656;SG-0129657;SG-0129658;SG-0129711;SG-0129731;SG-0129752;SG-0129767;SG-0129782;SG-0129795;SG-0129810;SG-0129811;SG-0129964;SG-0129979;SG-0130025,normal; within sigma from mean range,1.81,1.74,1.77,1.7,internal,2025-06-26,E-0158,20260106T061500Z-QE24M
CAP-25-0170,C-14168-19,2025-06-21 13:00:00,request,25,SG-0140616,SG-0141155,SG-0140616;SG-0140617;SG-0140623;SG-0140642;SG-0140645;SG-0140883;SG-0140888;SG-0140895;SG-0140906;SG-0140910;SG-0140911;SG-0140912;SG-0140917;SG-0140942;SG-0140943;SG-0140954;SG-0141042;SG-0141050;SG-0141055;SG-0141067;SG-0141104;SG-0141130;SG-0141139;SG-0141154;SG-0141155,normal; within sigma from mean range,0.9,0.84,0.91,0.85,internal,2025-06-24,E-0160,20260106T061500Z-QE24M
CAP-25-0171,C-13317-34,2025-06-21 14:00:00,request,25,SG-0133325,SG-0134166,SG-0133325;SG-0133351;SG-0133368;SG-0133380;SG-0133399;SG-0133411;SG-0133423;SG-0133438;SG-0133449;SG-0133459;SG-0133475;SG-0133647;SG-0133663;SG-0133675;SG-0133686;SG-0133698;SG-0133714;SG-0133725;SG-0133734;SG-0133744;SG-0133756;SG-0133771;SG-0134137;SG-0134153;SG-0134166,normal; within sigma from mean range,1.41,0.62,1.3,0.57,internal,2025-06-23,E-0160,20260106T061500Z-QE24M
CAP-25-0172,C-11163-06,2025-06-22 08:00:00,request,25,SG-0140108,SG-0141757,SG-0140108;SG-0140210;SG-0140291;SG-0140373;SG-0140448;SG-0140526;SG-0140668;SG-0140744;SG-0140821;SG-0140848;SG-0140861;SG-0140885;SG-0140961;SG-0140975;SG-0140981;SG-0140989;SG-0141016;SG-0141196;SG-0141266;SG-0141337;SG-0141412;SG-0141489;SG-0141609;SG-0141682;SG-0141757,normal; within sigma from mean range,1.68,1.68,1.17,1.17,internal,2025-06-25,E-0160,20260106T061500Z-QE24M
CAP-25-0173,C-12828-17,2025-06-22 08:00:00,request,25,SG-0122855,SG-0136306,SG-0122855;SG-0135874;SG-0135878;SG-0135880;SG-0135882;SG-0135938;SG-0135942;SG-0135946;SG-0135989;SG-0135998;SG-0136006;SG-0136011;SG-0136014;SG-0136105;SG-0136108;SG-0136109;SG-0136117;SG-0136119;SG-0136177;SG-0136184;SG-0136193;SG-0136194;SG-0136201;SG-0136305;SG-0136306,normal; within sigma from mean range,,2.74,,2.52,CU-007,2025-06-25,E-0159,20260106T061500Z-QE24M
CAP-25-0174,C-12988-16,2025-06-22 08:00:00,request,25,SG-0116968,SG-0117293,SG-0116968;SG-0116971;SG-0116984;SG-0116995;SG-0117028;SG-0117042;SG-0117045;SG-0117049;SG-0117059;SG-0117069;SG-0117073;SG-0117085;SG-0117094;SG-0117114;SG-0117132;SG-0117146;SG-0117162;SG-0117186;SG-0117205;SG-0117240;SG-0117250;SG-0117258;SG-0117269;SG-0117283;SG-0117293,normal; within sigma from mean range,1.14,1.03,1.12,1.0,internal,2025-06-25,E-0161,20260106T061500Z-QE24M
CAP-25-0175,C-11167-04,2025-06-22 09:00:00,request,25,SG-0108288,SG-0123491,SG-0108288;SG-0108322;SG-0108366;SG-0108423;SG-0108455;SG-0108474;SG-0108507;SG-0108575;SG-0108609;SG-0108680;SG-0108711;SG-0123181;SG-0123195;SG-0123206;SG-0123236;SG-0123254;SG-0123286;SG-0123306;SG-0123330;SG-0123358;SG-0123382;SG-0123409;SG-0123435;SG-0123470;SG-0123491,normal; within sigma from mean range,1.59,1.53,1.41,1.36,internal,2025-06-24,E-0159,20260106T061500Z-QE24M
CAP-25-0176,C-11920-20,2025-06-22 09:00:00,request,25,SG-0131565,SG-0135606,SG-0131565;SG-0131622;SG-0131682;SG-0131730;SG-0131766;SG-0131805;SG-0131862;SG-0131899;SG-0132031;SG-0132362;SG-0132735;SG-0133132;SG-0133317;SG-0133430;SG-0133694;SG-0134148;SG-0134217;SG-0134663;SG-0135048;SG-0135159;SG-0135203;SG-0135264;SG-0135367;SG-0135503;SG-0135606,normal; within sigma from mean range,1.22,0.82,1.2,0.81,internal,2025-06-23,E-0160,20260106T061500Z-QE24M
CAP-25-0177,C-12907-02,2025-06-22 09:00:00,request,25,SG-0093734,SG-0124886,SG-0093734;SG-0094158;SG-0094201;SG-0094250;SG-0094340;SG-0124041;SG-0124056;SG-0124067;SG-0124083;SG-0124094;SG-0124448;SG-0124460;SG-0124465;SG-0124474;SG-0124483;SG-0124487;SG-0124494;SG-0124501;SG-0124504;SG-0124509;SG-0124861;SG-0124870;SG-0124875;SG-0124882;SG-0124886,normal; within sigma from mean range,2.21,2.21,2.3,2.3,CU-007,2025-06-27,E-0160,20260106T061500Z-QE24M
CAP-25-0178,C-12947-34,2025-06-22 09:00:00,request,25,SG-0103357,SG-0104572,SG-0103357;SG-0103398;SG-0103441;SG-0103489;SG-0103532;SG-0103576;SG-0103615;SG-0103657;SG-0103702;SG-0103741;SG-0103821;SG-0103879;SG-0103928;SG-0103976;SG-0104025;SG-0104075;SG-0104120;SG-0104162;SG-0104214;SG-0104264;SG-0104419;SG-0104470;SG-0104512;SG-0104551;SG-0104572,normal; within sigma from mean range,2.44,2.35,2.4,2.3,internal,2025-06-22,E-0159,20260106T061500Z-QE24M
CAP-25-0179,C-13317-22,2025-06-22 09:00:00,request,25,SG-0133328,SG-0134165,SG-0133328;SG-0133355;SG-0133366;SG-0133381;SG-0133398;SG-0133410;SG-0133422;SG-0133434;SG-0133450;SG-0133458;SG-0133477;SG-0133654;SG-0133662;SG-0133673;SG-0133683;SG-0133700;SG-0133713;SG-0133724;SG-0133733;SG-0133746;SG-0133757;SG-0133770;SG-0134134;SG-0134152;SG-0134165,normal; within sigma from mean range,1.83,1.68,1.69,1.55,CU-012,2025-06-27,E-0161,20260106T061500Z-QE24M
CAP-25-0180,C-14175-03,2025-06-22 09:00:00,request,25,SG-0141421,SG-0142675,SG-0141421;SG-0141471;SG-0141531;SG-0141634;SG-0141684;SG-0141732;SG-0141790;SG-0141842;SG-0141897;SG-0141943;SG-0142026;SG-0142089;SG-0142141;SG-0142197;SG-0142250;SG-0142310;SG-0142361;SG-0142462;SG-0142518;SG-0142563;SG-0142617;SG-0142648;SG-0142656;SG-0142667;SG-0142675,normal; within sigma from mean range,2.5,2.36,2.28,2.15,internal,2025-06-23,E-0158,20260106T061500Z-QE24M
CAP-25-0181,C-11950-21,2025-06-22 10:00:00,request,25,SG-0128315,SG-0128786,SG-0128315;SG-0128360;SG-0128376;SG-0128395;SG-0128410;SG-0128424;SG-0128441;SG-0128461;SG-0128478;SG-0128498;SG-0128529;SG-0128543;SG-0128548;SG-0128566;SG-0128572;SG-0128603;SG-0128615;SG-0128645;SG-0128661;SG-0128680;SG-0128704;SG-0128720;SG-0128747;SG-0128761;SG-0128786,normal; within sigma from mean range,,1.25,,1.26,internal,2025-06-22,E-0160,20260106T061500Z-QE24M
CAP-25-0182,C-11167-24,2025-06-22 11:00:00,request,25,SG-0123214,SG-0123497,SG-0123214;SG-0123230;SG-0123239;SG-0123245;SG-0123258;SG-0123263;SG-0123273;SG-0123282;SG-0123293;SG-0123302;SG-0123314;SG-0123321;SG-0123336;SG-0123351;SG-0123371;SG-0123380;SG-0123398;SG-0123403;SG-0123423;SG-0123432;SG-0123451;SG-0123464;SG-0123480;SG-0123490;SG-0123497,normal; within sigma from mean range,,1.5,,1.61,internal,2025-06-25,E-0161,20260106T061500Z-QE24M
CAP-25-0183,C-14140-18,2025-06-22 11:00:00,request,25,SG-0119609,SG-0120281,SG-0119609;SG-0119624;SG-0119644;SG-0119670;SG-0119687;SG-0119718;SG-0119741;SG-0119772;SG-0119847;SG-0119877;SG-0119904;SG-0119925;SG-0119946;SG-0119965;SG-0119991;SG-0120011;SG-0120096;SG-0120116;SG-0120134;SG-0120157;SG-0120175;SG-0120190;SG-0120210;SG-0120230;SG-0120281,normal; within sigma from mean range,1.57,1.41,1.58,1.42,CU-001,2025-06-23,E-0161,20260106T061500Z-QE24M
CAP-25-0184,C-12868-18,2025-06-22 12:00:00,request,25,SG-0123068,SG-0136501,SG-0123068;SG-0123098;SG-0123146;SG-0123149;SG-0123156;SG-0123158;SG-0123163;SG-0123166;SG-0123177;SG-0123187;SG-0136254;SG-0136270;SG-0136286;SG-0136334;SG-0136347;SG-0136354;SG-0136361;SG-0136374;SG-0136394;SG-0136413;SG-0136443;SG-0136455;SG-0136470;SG-0136481;SG-0136501,normal; within sigma from mean range,,1.88,,1.76,internal,2025-06-23,E-0160,20260106T061500Z-QE24M
CAP-25-0185,C-13502-09,2025-06-23 08:00:00,request,25,SG-0136448,SG-0137358,SG-0136448;SG-0136465;SG-0136472;SG-0136489;SG-0136506;SG-0136521;SG-0136536;SG-0136565;SG-0136617;SG-0136659;SG-0136712;SG-0136771;SG-0136820;SG-0136868;SG-0136908;SG-0136956;SG-0137000;SG-0137043;SG-0137085;SG-0137129;SG-0137175;SG-0137215;SG-0137258;SG-0137302;SG-0137358,normal; within sigma from mean range,1.06,0.88,1.06,0.88,CU-012,2025-06-28,E-0159,20260106T061500Z-QE24M
CAP-25-0186,C-14196-39,2025-06-23 08:00:00,request,25,SG-0129041,SG-0129765,SG-0129041;SG-0129053;SG-0129109;SG-0129117;SG-0129119;SG-0129200;SG-0129210;SG-0129213;SG-0129216;SG-0129269;SG-0129271;SG-0129278;SG-0129336;SG-0129339;SG-0129342;SG-0129382;SG-0129418;SG-0129426;SG-0129491;SG-0129496;SG-0129504;SG-0129506;SG-0129581;SG-0129751;SG-0129765,normal; within sigma from mean range,1.62,0.65,1.54,0.62,CU-001,2025-06-23,E-0160,20260106T061500Z-QE24M
CAP-25-0187,C-11265-39,2025-06-23 11:00:00,request,25,SG-0129872,SG-0130564,SG-0129872;SG-0130072;SG-0130188;SG-0130190;SG-0130195;SG-0130199;SG-0130200;SG-0130205;SG-0130209;SG-0130212;SG-0130215;SG-0130219;SG-0130220;SG-0130226;SG-0130227;SG-0130231;SG-0130235;SG-0130239;SG-0130242;SG-0130546;SG-0130548;SG-0130553;SG-0130557;SG-0130561;SG-0130564,normal; within sigma from mean range,1.67,1.33,1.62,1.29,CU-009,2025-06-28,E-0160,20260106T061500Z-QE24M
CAP-25-0188,C-12835-01,2025-06-23 12:00:00,request,25,SG-0119620,SG-0135859,SG-0119620;SG-0119630;SG-0119829;SG-0119858;SG-0119870;SG-0119889;SG-0135740;SG-0135742;SG-0135750;SG-0135762;SG-0135765;SG-0135779;SG-0135784;SG-0135794;SG-0135797;SG-0135804;SG-0135812;SG-0135814;SG-0135822;SG-0135832;SG-0135835;SG-0135837;SG-0135851;SG-0135855;SG-0135859,normal; within sigma from mean range,1.67,1.66,1.63,1.62,internal,2025-06-23,E-0159,20260106T061500Z-QE24M
CAP-25-0189,C-14140-25,2025-06-23 12:00:00,request,25,SG-0119612,SG-0120287,SG-0119612;SG-0119627;SG-0119642;SG-0119668;SG-0119690;SG-0119715;SG-0119740;SG-0119771;SG-0119851;SG-0119878;SG-0119906;SG-0119926;SG-0119947;SG-0119967;SG-0119987;SG-0120008;SG-0120094;SG-0120118;SG-0120136;SG-0120155;SG-0120171;SG-0120191;SG-0120211;SG-0120231;SG-0120287,normal; within sigma from mean range,1.42,1.34,1.37,1.3,internal,2025-06-26,E-0159,20260106T061500Z-QE24M
CAP-25-0190,C-13483-13,2025-06-23 13:00:00,request,25,SG-0138451,SG-0138728,SG-0138451;SG-0138462;SG-0138474;SG-0138488;SG-0138510;SG-0138522;SG-0138534;SG-0138545;SG-0138554;SG-0138567;SG-0138579;SG-0138593;SG-0138602;SG-0138615;SG-0138630;SG-0138642;SG-0138649;SG-0138665;SG-0138677;SG-0138686;SG-0138691;SG-0138697;SG-0138707;SG-0138720;SG-0138728,normal; within sigma from mean range,1.55,1.39,1.43,1.28,CU-011,2025-06-25,E-0160,20260106T061500Z-QE24M
CAP-25-0191,C-14159-18,2025-06-23 14:00:00,request,25,SG-0104822,SG-0120307,SG-0104822;SG-0104824;SG-0104831;SG-0104833;SG-0104841;SG-0104842;SG-0104851;SG-0104877;SG-0104879;SG-0120036;SG-0120037;SG-0120067;SG-0120068;SG-0120069;SG-0120072;SG-0120245;SG-0120246;SG-0120249;SG-0120250;SG-0120253;SG-0120255;SG-0120283;SG-0120288;SG-0120298;SG-0120307,normal; within sigma from mean range,,1.85,,1.56,CU-002,2025-06-24,E-0160,20260106T061500Z-QE24M
CAP-25-0192,C-14918-23,2025-06-23 14:00:00,request,25,SG-0127274,SG-0127984,SG-0127274;SG-0127277;SG-0127283;SG-0127289;SG-0127336;SG-0127343;SG-0127382;SG-0127426;SG-0127480;SG-0127594;SG-0127605;SG-0127615;SG-0127616;SG-0127622;SG-0127626;SG-0127724;SG-0127725;SG-0127727;SG-0127736;SG-0127743;SG-0127937;SG-0127964;SG-0127965;SG-0127969;SG-0127984,normal; within sigma from mean range,1.01,0.5,1.01,0.5,CU-009,2025-06-28,E-0160,20260106T061500Z-QE24M
CAP-25-0193,C-13307-06,2025-06-23 15:00:00,request,25,SG-0114945,SG-0143496,SG-0114945;SG-0114951;SG-0114956;SG-0114963;SG-0115272;SG-0143197;SG-0143204;SG-0143211;SG-0143230;SG-0143261;SG-0143304;SG-0143313;SG-0143325;SG-0143343;SG-0143351;SG-0143366;SG-0143376;SG-0143402;SG-0143408;SG-0143428;SG-0143441;SG-0143453;SG-0143474;SG-0143483;SG-0143496,normal; within sigma from mean range,,1.83,,1.74,internal,2025-06-23,E-0158,20260106T061500Z-QE24M
CAP-25-0194,C-11962-38,2025-06-24 08:00:00,request,25,SG-0123261,SG-0143117,SG-0123261;SG-0123277;SG-0123299;SG-0123326;SG-0123356;SG-0123384;SG-0123417;SG-0123450;SG-0142365;SG-0142495;SG-0142571;SG-0142637;SG-0142659;SG-0142673;SG-0142778;SG-0142799;SG-0142815;SG-0142847;SG-0142885;SG-0142943;SG-0142971;SG-0143007;SG-0143034;SG-0143075;SG-0143117,normal; within sigma from mean range,1.37,1.27,1.28,1.18,CU-016,2025-06-24,E-0158,20260106T061500Z-QE24M
CAP-25-0195,C-12016-39,2025-06-24 10:00:00,request,25,SG-0131398,SG-0131749,SG-0131398;SG-0131403;SG-0131415;SG-0131424;SG-0131435;SG-0131509;SG-0131510;SG-0131518;SG-0131525;SG-0131531;SG-0131584;SG-0131586;SG-0131589;SG-0131593;SG-0131597;SG-0131603;SG-0131653;SG-0131654;SG-0131662;SG-0131666;SG-0131669;SG-0131740;SG-0131745;SG-0131746;SG-0131749,normal; within sigma from mean range,1.41,1.31,1.38,1.28,CU-015,2025-06-24,E-0160,20260106T061500Z-QE24M
CAP-25-0196,C-13350-04,2025-06-24 10:00:00,request,25,SG-0119495,SG-0134670,SG-0119495;SG-0119507;SG-0119515;SG-0119528;SG-0119571;SG-0133667;SG-0133678;SG-0133691;SG-0133707;SG-0133720;SG-0133737;SG-0133761;SG-0134129;SG-0134150;SG-0134170;SG-0134187;SG-0134205;SG-0134220;SG-0134642;SG-0134648;SG-0134653;SG-0134657;SG-0134666;SG-0134669;SG-0134670,normal; within sigma from mean range,1.88,1.86,1.85,1.83,CU-011,2025-06-25,E-0159,20260106T061500Z-QE24M
CAP-25-0197,C-14140-21,2025-06-24 10:00:00,request,25,SG-0119574,SG-0120282,SG-0119574;SG-0119611;SG-0119626;SG-0119671;SG-0119688;SG-0119719;SG-0119742;SG-0119770;SG-0119850;SG-0119880;SG-0119905;SG-0119927;SG-0119945;SG-0119966;SG-0119985;SG-0120012;SG-0120097;SG-0120117;SG-0120135;SG-0120156;SG-0120176;SG-0120189;SG-0120213;SG-0120232;SG-0120282,normal; within sigma from mean range,1.69,1.66,1.66,1.63,internal,2025-06-29,E-0158,20260106T061500Z-QE24M
CAP-25-0198,C-14928-12,2025-06-24 10:00:00,request,25,SG-0143287,SG-0143572,SG-0143287;SG-0143303;SG-0143311;SG-0143322;SG-0143337;SG-0143349;SG-0143363;SG-0143372;SG-0143382;SG-0143396;SG-0143404;SG-0143423;SG-0143431;SG-0143442;SG-0143454;SG-0143467;SG-0143476;SG-0143485;SG-0143500;SG-0143516;SG-0143524;SG-0143536;SG-0143550;SG-0143558;SG-0143572,normal; within sigma from mean range,2.18,2.03,1.54,1.44,CU-010,2025-06-29,E-0158,20260106T061500Z-QE24M
CAP-25-0199,C-11282-26,2025-06-24 11:00:00,request,25,SG-0144151,SG-0144291,SG-0144151;SG-0144158;SG-0144174;SG-0144175;SG-0144178;SG-0144180;SG-0144182;SG-0144186;SG-0144188;SG-0144190;SG-0144192;SG-0144193;SG-0144196;SG-0144198;SG-0144200;SG-0144202;SG-0144206;SG-0144208;SG-0144244;SG-0144267;SG-0144272;SG-0144276;SG-0144282;SG-0144287;SG-0144291,normal; within sigma from mean range,,1.0,,1.03,internal,2025-06-26,E-0161,20260106T061500Z-QE24M
CAP-25-0200,C-11253-11,2025-06-24 12:00:00,request,25,SG-0129267,SG-0130860,SG-0129267;SG-0129340;SG-0129352;SG-0129359;SG-0129369;SG-0129389;SG-0129399;SG-0129410;SG-0129497;SG-0129500;SG-0129507;SG-0129563;SG-0129600;SG-0129678;SG-0130044;SG-0130112;SG-0130113;SG-0130297;SG-0130363;SG-0130411;SG-0130622;SG-0130745;SG-0130763;SG-0130793;SG-0130860,normal; within sigma from mean range,1.51,1.51,1.46,1.46,CU-010,2025-06-25,E-0160,20260106T061500Z-QE24M
CAP-25-0201,C-14134-23,2025-06-24 12:00:00,request,25,SG-0120609,SG-0144257,SG-0120609;SG-0120611;SG-0120613;SG-0120614;SG-0120618;SG-0120619;SG-0120622;SG-0120957;SG-0120959;SG-0120962;SG-0120963;SG-0120964;SG-0120968;SG-0120971;SG-0120974;SG-0120985;SG-0144210;SG-0144211;SG-0144225;SG-0144235;SG-0144237;SG-0144238;SG-0144247;SG-0144256;SG-0144257,normal; within sigma from mean range,1.38,1.16,1.35,1.13,internal,2025-06-26,E-0158,20260106T061500Z-QE24M
CAP-25-0202,C-17004-05,2025-06-24 12:00:00,request,25,SG-0138045,SG-0138072,SG-0138045;SG-0138046;SG-0138047;SG-0138048;SG-0138049;SG-0138050;SG-0138051;SG-0138052;SG-0138053;SG-0138054;SG-0138055;SG-0138056;SG-0138057;SG-0138058;SG-0138060;SG-0138062;SG-0138063;SG-0138065;SG-0138066;SG-0138067;SG-0138068;SG-0138069;SG-0138070;SG-0138071;SG-0138072,normal; within sigma from mean range,2.13,2.12,2.18,2.17,internal,2025-06-29,E-0159,20260106T061500Z-QE24M
CAP-25-0203,C-13403-34,2025-06-24 14:00:00,request,25,SG-0138404,SG-0138681,SG-0138404;SG-0138413;SG-0138430;SG-0138442;SG-0138460;SG-0138470;SG-0138483;SG-0138498;SG-0138514;SG-0138520;SG-0138528;SG-0138544;SG-0138549;SG-0138562;SG-0138571;SG-0138586;SG-0138598;SG-0138608;SG-0138614;SG-0138629;SG-0138637;SG-0138647;SG-0138659;SG-0138672;SG-0138681,normal; within sigma from mean range,1.4,1.24,1.3,1.15,CU-011,2025-06-26,E-0159,20260106T061500Z-QE24M
CAP-25-0204,C-11265-10,2025-06-24 15:00:00,request,25,SG-0129873,SG-0130562,SG-0129873;SG-0130071;SG-0130189;SG-0130191;SG-0130193;SG-0130197;SG-0130201;SG-0130203;SG-0130207;SG-0130210;SG-0130213;SG-0130217;SG-0130221;SG-0130224;SG-0130228;SG-0130232;SG-0130236;SG-0130238;SG-0130240;SG-0130547;SG-0130549;SG-0130555;SG-0130556;SG-0130559;SG-0130562,normal; within sigma from mean range,1.35,1.33,1.43,1.41,internal,2025-06-29,E-0159,20260106T061500Z-QE24M
CAP-25-0205,C-13317-20,2025-06-24 15:00:00,request,25,SG-0133327,SG-0134168,SG-0133327;SG-0133353;SG-0133365;SG-0133379;SG-0133396;SG-0133409;SG-0133421;SG-0133436;SG-0133448;SG-0133457;SG-0133474;SG-0133630;SG-0133661;SG-0133674;SG-0133685;SG-0133699;SG-0133712;SG-0133723;SG-0133730;SG-0133745;SG-0133755;SG-0133766;SG-0134136;SG-0134151;SG-0134168,normal; within sigma from mean range,,1.79,,1.75,CU-012,2025-06-24,E-0158,20260106T061500Z-QE24M
CAP-25-0206,C-12023-09,2025-06-25 08:00:00,request,25,SG-0121194,SG-0126213,SG-0121194;SG-0121789;SG-0122367;SG-0122933;SG-0123171;SG-0123247;SG-0123340;SG-0123459;SG-0123538;SG-0123635;SG-0123734;SG-0123994;SG-0124088;SG-0124499;SG-0124889;SG-0125190;SG-0125280;SG-0125374;SG-0125511;SG-0125659;SG-0125787;SG-0125899;SG-0125995;SG-0126093;SG-0126213,normal; within sigma from mean range,2.35,2.2,2.41,2.25,CU-016,2025-06-28,E-0161,20260106T061500Z-QE24M
CAP-25-0207,C-13502-13,2025-06-25 08:00:00,request,25,SG-0136449,SG-0137357,SG-0136449;SG-0136464;SG-0136473;SG-0136492;SG-0136508;SG-0136526;SG-0136534;SG-0136569;SG-0136619;SG-0136660;SG-0136714;SG-0136769;SG-0136821;SG-0136864;SG-0136909;SG-0136957;SG-0136997;SG-0137042;SG-0137084;SG-0137131;SG-0137176;SG-0137218;SG-0137262;SG-0137299;SG-0137357,normal; within sigma from mean range,1.49,0.54,1.4,0.51,internal,2025-06-26,E-0159,20260106T061500Z-QE24M
CAP-25-0208,C-13502-32,2025-06-25 08:00:00,request,25,SG-0118423,SG-0137355,SG-0118423;SG-0118458;SG-0118495;SG-0118506;SG-0136407;SG-0136434;SG-0136447;SG-0136463;SG-0136474;SG-0136493;SG-0136507;SG-0136522;SG-0136774;SG-0136822;SG-0136866;SG-0136910;SG-0136954;SG-0136998;SG-0137041;SG-0137082;SG-0137132;SG-0137172;SG-0137260;SG-0137303;SG-0137355,normal; within sigma from mean range,1.24,1.09,1.28,1.12,CU-012,2025-06-27,E-0161,20260106T061500Z-QE24M
CAP-25-0209,C-11909-06,2025-06-25 09:00:00,request,25,SG-0138781,SG-0139677,SG-0138781;SG-0138813;SG-0138843;SG-0138873;SG-0138913;SG-0138950;SG-0138989;SG-0139018;SG-0139047;SG-0139070;SG-0139091;SG-0139104;SG-0139123;SG-0139138;SG-0139154;SG-0139163;SG-0139178;SG-0139201;SG-0139215;SG-0139234;SG-0139252;SG-0139303;SG-0139353;SG-0139507;SG-0139677,normal; within sigma from mean range,1.38,1.22,1.22,1.08,CU-015,2025-06-27,E-0158,20260106T061500Z-QE24M
CAP-25-0210,C-14196-28,2025-06-25 09:00:00,request,25,SG-0129099,SG-0129809,SG-0129099;SG-0129107;SG-0129111;SG-0129197;SG-0129202;SG-0129208;SG-0129212;SG-0129264;SG-0129270;SG-0129272;SG-0129277;SG-0129338;SG-0129344;SG-0129347;SG-0129355;SG-0129385;SG-0129386;SG-0129419;SG-0129472;SG-0129473;SG-0129495;SG-0129508;SG-0129592;SG-0129599;SG-0129809,normal; within sigma from mean range,1.83,1.79,1.9,1.87,CU-001,2025-06-30,E-0160,20260106T061500Z-QE24M
CAP-25-0211,C-12835-25,2025-06-25 11:00:00,request,25,SG-0119756,SG-0135860,SG-0119756;SG-0119766;SG-0119830;SG-0119859;SG-0119872;SG-0119888;SG-0135741;SG-0135744;SG-0135752;SG-0135764;SG-0135767;SG-0135780;SG-0135783;SG-0135791;SG-0135799;SG-0135802;SG-0135813;SG-0135816;SG-0135824;SG-0135831;SG-0135836;SG-0135839;SG-0135853;SG-0135857;SG-0135860,normal; within sigma from mean range,1.04,0.48,0.96,0.45,internal,2025-06-30,E-0160,20260106T061500Z-QE24M
CAP-25-0212,C-11920-15,2025-06-25 13:00:00,request,25,SG-0131563,SG-0135608,SG-0131563;SG-0131621;SG-0131681;SG-0131729;SG-0131765;SG-0131804;SG-0131863;SG-0131898;SG-0132032;SG-0132361;SG-0132739;SG-0133131;SG-0133320;SG-0133429;SG-0133695;SG-0134147;SG-0134219;SG-0134664;SG-0135047;SG-0135158;SG-0135205;SG-0135268;SG-0135369;SG-0135502;SG-0135608,normal; within sigma from mean range,0.9,0.43,0.88,0.42,internal,2025-06-26,E-0158,20260106T061500Z-QE24M
CAP-25-0213,C-13012-11,2025-06-25 15:00:00,request,25,SG-0088170,SG-0121590,SG-0088170;SG-0088187;SG-0088194;SG-0088208;SG-0088222;SG-0088226;SG-0088244;SG-0120569;SG-0120600;SG-0120637;SG-0120654;SG-0120672;SG-0120708;SG-0120755;SG-0120800;SG-0120844;SG-0120893;SG-0120931;SG-0121028;SG-0121186;SG-0121269;SG-0121344;SG-0121435;SG-0121509;SG-0121590,normal; within sigma from mean range,1.15,0.59,1.2,0.61,internal,2025-06-25,E-0158,20260106T061500Z-QE24M
CAP-25-0214,C-13321-39,2025-06-25 15:00:00,request,25,SG-0143871,SG-0144053,SG-0143871;SG-0143874;SG-0143877;SG-0143878;SG-0143881;SG-0143885;SG-0143887;SG-0143888;SG-0143906;SG-0143910;SG-0143919;SG-0143924;SG-0143925;SG-0143926;SG-0144013;SG-0144017;SG-0144024;SG-0144031;SG-0144036;SG-0144039;SG-0144040;SG-0144046;SG-0144048;SG-0144049;SG-0144053,normal; within sigma from mean range,1.25,1.21,1.22,1.17,CU-011,2025-06-30,E-0161,20260106T061500Z-QE24M
CAP-25-0215,C-11201-28,2025-06-26 08:00:00,request,25,SG-0119785,SG-0120304,SG-0119785;SG-0119789;SG-0119796;SG-0119797;SG-0119806;SG-0119817;SG-0119819;SG-0119825;SG-0119827;SG-0120026;SG-0120028;SG-0120033;SG-0120034;SG-0120045;SG-0120048;SG-0120053;SG-0120077;SG-0120081;SG-0120082;SG-0120265;SG-0120274;SG-0120276;SG-0120285;SG-0120296;SG-0120304,normal; within sigma from mean range,1.59,1.51,1.56,1.48,CU-010,2025-06-30,E-0158,20260106T061500Z-QE24M
CAP-25-0216,C-14966-19,2025-06-26 09:00:00,request,25,SG-0127744,SG-0128519,SG-0127744;SG-0127750;SG-0127752;SG-0127776;SG-0127778;SG-0127938;SG-0127941;SG-0127954;SG-0127959;SG-0127970;SG-0127986;SG-0128154;SG-0128160;SG-0128163;SG-0128165;SG-0128175;SG-0128181;SG-0128317;SG-0128318;SG-0128320;SG-0128333;SG-0128334;SG-0128349;SG-0128518;SG-0128519,normal; within sigma from mean range,0.83,0.46,0.78,0.43,internal,2025-06-26,E-0161,20260106T061500Z-QE24M
CAP-25-0217,C-11201-19,2025-06-26 10:00:00,request,25,SG-0119774,SG-0120295,SG-0119774;SG-0119795;SG-0119798;SG-0119804;SG-0119805;SG-0119811;SG-0119814;SG-0119815;SG-0119818;SG-0120042;SG-0120047;SG-0120050;SG-0120051;SG-0120056;SG-0120062;SG-0120070;SG-0120071;SG-0120076;SG-0120080;SG-0120252;SG-0120268;SG-0120269;SG-0120272;SG-0120273;SG-0120295,normal; within sigma from mean range,1.83,1.76,1.87,1.8,CU-010,2025-06-26,E-0160,20260106T061500Z-QE24M
CAP-25-0218,C-13012-03,2025-06-26 10:00:00,request,25,SG-0088193,SG-0121593,SG-0088193;SG-0088206;SG-0088221;SG-0088225;SG-0088243;SG-0120567;SG-0120578;SG-0120603;SG-0120636;SG-0120653;SG-0120671;SG-0120707;SG-0120754;SG-0120799;SG-0120843;SG-0120891;SG-0120928;SG-0121031;SG-0121111;SG-0121182;SG-0121273;SG-0121348;SG-0121434;SG-0121508;SG-0121593,normal; within sigma from mean range,1.64,1.49,1.57,1.43,CU-008,2025-06-27,E-0159,20260106T061500Z-QE24M
CAP-25-0219,C-11347-08,2025-06-26 13:00:00,request,25,SG-0119711,SG-0120384,SG-0119711;SG-0119738;SG-0119761;SG-0119840;SG-0119874;SG-0119898;SG-0119914;SG-0119937;SG-0119958;SG-0119977;SG-0119996;SG-0120030;SG-0120107;SG-0120127;SG-0120141;SG-0120161;SG-0120182;SG-0120196;SG-0120214;SG-0120237;SG-0120311;SG-0120329;SG-0120349;SG-0120360;SG-0120384,normal; within sigma from mean range,1.86,1.8,1.98,1.92,internal,2025-06-29,E-0160,20260106T061500Z-QE24M
CAP-25-0220,C-11923-25,2025-06-26 13:00:00,request,25,SG-0121745,SG-0142805,SG-0121745;SG-0121875;SG-0122001;SG-0140965;SG-0140973;SG-0140978;SG-0140987;SG-0141000;SG-0141172;SG-0141235;SG-0141305;SG-0141371;SG-0141440;SG-0141620;SG-0141689;SG-0142333;SG-0142411;SG-0142522;SG-0142582;SG-0142639;SG-0142653;SG-0142671;SG-0142769;SG-0142785;SG-0142805,normal; within sigma from mean range,1.42,0.62,1.43,0.63,CU-015,2025-06-29,E-0159,20260106T061500Z-QE24M
CAP-25-0221,C-13403-09,2025-06-26 14:00:00,request,25,SG-0138405,SG-0138680,SG-0138405;SG-0138412;SG-0138428;SG-0138440;SG-0138458;SG-0138471;SG-0138481;SG-0138493;SG-0138512;SG-0138519;SG-0138531;SG-0138543;SG-0138550;SG-0138560;SG-0138569;SG-0138584;SG-0138596;SG-0138606;SG-0138618;SG-0138627;SG-0138638;SG-0138645;SG-0138657;SG-0138671;SG-0138680,normal; within sigma from mean range,1.7,1.66,1.7,1.66,CU-011,2025-06-29,E-0160,20260106T061500Z-QE24M
CAP-25-0222,C-14989-04,2025-06-27 08:00:00,request,25,SG-0127292,SG-0127675,SG-0127292;SG-0127298;SG-0127300;SG-0127303;SG-0127309;SG-0127314;SG-0127317;SG-0127320;SG-0127322;SG-0127533;SG-0127535;SG-0127537;SG-0127545;SG-0127549;SG-0127553;SG-0127555;SG-0127562;SG-0127569;SG-0127575;SG-0127632;SG-0127639;SG-0127643;SG-0127653;SG-0127667;SG-0127675,normal; within sigma from mean range,2.42,2.3,2.07,1.97,CU-009,2025-06-27,E-0158,20260106T061500Z-QE24M
CAP-25-0223,C-11173-39,2025-06-27 09:00:00,request,25,SG-0123441,SG-0124469,SG-0123441;SG-0123473;SG-0123494;SG-0123509;SG-0123526;SG-0123545;SG-0123565;SG-0123585;SG-0123611;SG-0123633;SG-0123664;SG-0123686;SG-0123710;SG-0123727;SG-0123747;SG-0123760;SG-0123778;SG-0123804;SG-0124003;SG-0124024;SG-0124043;SG-0124070;SG-0124097;SG-0124457;SG-0124469,normal; within sigma from mean range,,1.14,,1.13,CU-009,2025-06-27,E-0159,20260106T061500Z-QE24M
CAP-25-0224,C-11301-23,2025-06-27 11:00:00,request,25,SG-0128876,SG-0129084,SG-0128876;SG-0128879;SG-0128882;SG-0128889;SG-0128913;SG-0128929;SG-0128942;SG-0128951;SG-0128955;SG-0128958;SG-0128966;SG-0128970;SG-0128980;SG-0128986;SG-0129000;SG-0129006;SG-0129013;SG-0129025;SG-0129030;SG-0129059;SG-0129066;SG-0129070;SG-0129074;SG-0129078;SG-0129084,normal; within sigma from mean range,,1.39,,1.46,CU-009,2025-06-27,E-0160,20260106T061500Z-QE24M
CAP-25-0225,C-14212-28,2025-06-27 11:00:00,request,25,SG-0142855,SG-0143149,SG-0142855;SG-0142865;SG-0142882;SG-0142892;SG-0142930;SG-0142939;SG-0142953;SG-0142960;SG-0142966;SG-0142979;SG-0142991;SG-0142997;SG-0143010;SG-0143019;SG-0143031;SG-0143033;SG-0143048;SG-0143053;SG-0143069;SG-0143084;SG-0143109;SG-0143112;SG-0143130;SG-0143139;SG-0143149,normal; within sigma from mean range,1.63,1.46,1.61,1.44,internal,2025-06-29,E-0158,20260106T061500Z-QE24M
CAP-25-0226,C-11320-33,2025-06-27 13:00:00,request,25,SG-0139286,SG-0139812,SG-0139286;SG-0139291;SG-0139306;SG-0139314;SG-0139324;SG-0139334;SG-0139340;SG-0139347;SG-0139358;SG-0139367;SG-0139390;SG-0139425;SG-0139449;SG-0139477;SG-0139508;SG-0139534;SG-0139559;SG-0139586;SG-0139619;SG-0139644;SG-0139671;SG-0139726;SG-0139747;SG-0139775;SG-0139812,normal; within sigma from mean range,,1.57,,1.52,internal,2025-07-01,E-0160,20260106T061500Z-QE24M
CAP-25-0227,C-11930-22,2025-06-27 15:00:00,request,25,SG-0126937,SG-0141575,SG-0126937;SG-0126950;SG-0126966;SG-0126974;SG-0126979;SG-0140592;SG-0140598;SG-0140615;SG-0140621;SG-0140622;SG-0140628;SG-0140881;SG-0140882;SG-0140916;SG-0140934;SG-0140951;SG-0140957;SG-0141036;SG-0141041;SG-0141064;SG-0141084;SG-0141116;SG-0141126;SG-0141556;SG-0141575,normal; within sigma from mean range,1.4,1.2,1.24,1.06,internal,2025-06-27,E-0160,20260106T061500Z-QE24M
CAP-25-0228,C-12016-19,2025-06-27 15:00:00,request,25,SG-0131393,SG-0131748,SG-0131393;SG-0131413;SG-0131414;SG-0131419;SG-0131421;SG-0131503;SG-0131524;SG-0131526;SG-0131527;SG-0131532;SG-0131585;SG-0131590;SG-0131592;SG-0131594;SG-0131601;SG-0131602;SG-0131658;SG-0131660;SG-0131663;SG-0131665;SG-0131668;SG-0131739;SG-0131744;SG-0131747;SG-0131748,normal; within sigma from mean range,1.44,1.25,1.32,1.15,internal,2025-07-02,E-0160,20260106T061500Z-QE24M
CAP-25-0229,C-11253-11,2025-09-03 14:31:00,request,25,SG-0149670,SG-0163827,SG-0149670;SG-0149735;SG-0149772;SG-0149809;SG-0149844;SG-0162850;SG-0162960;SG-0162992;SG-0162994;SG-0163083;SG-0163086;SG-0163096;SG-0163232;SG-0163237;SG-0163255;SG-0163423;SG-0163424;SG-0163435;SG-0163451;SG-0163630;SG-0163649;SG-0163652;SG-0163794;SG-0163801;SG-0163827,normal; within sigma from mean range,1.48,1.48,1.47,1.47,CU-010,2025-09-05,E-0158,20260106T061500Z-QE24M
CAP-25-0230,C-11909-01,2025-09-05 15:00:00,request,25,SG-0156798,SG-0159078,SG-0156798;SG-0156853;SG-0156940;SG-0156966;SG-0156982;SG-0157083;SG-0157135;SG-0157257;SG-0157286;SG-0157319;SG-0157428;SG-0157479;SG-0157666;SG-0157859;SG-0158032;SG-0158212;SG-0158370;SG-0158552;SG-0158741;SG-0158892;SG-0158942;SG-0158987;SG-0159023;SG-0159056;SG-0159078,normal; within sigma from mean range,0.86,0.78,0.88,0.79,internal,2025-09-07,E-0158,20260106T061500Z-QE24M
CAP-25-0231,C-11320-01,2025-09-06 12:00:00,request,25,SG-0160399,SG-0161524,SG-0160399;SG-0160436;SG-0160472;SG-0160516;SG-0160550;SG-0160591;SG-0160622;SG-0160662;SG-0160695;SG-0160730;SG-0160766;SG-0160798;SG-0160833;SG-0160865;SG-0160894;SG-0161241;SG-0161273;SG-0161309;SG-0161340;SG-0161376;SG-0161405;SG-0161431;SG-0161466;SG-0161491;SG-0161524,normal; within sigma from mean range,1.84,1.8,1.68,1.65,CU-010,2025-09-07,E-0161,20260106T061500Z-QE24M
CAP-25-0232,C-12828-17,2025-09-06 12:00:00,request,25,SG-0150016,SG-0151229,SG-0150016;SG-0150034;SG-0150085;SG-0150122;SG-0150150;SG-0150188;SG-0150220;SG-0150276;SG-0150306;SG-0150335;SG-0150361;SG-0150388;SG-0150415;SG-0150474;SG-0150508;SG-0150540;SG-0150571;SG-0150640;SG-0150743;SG-0150833;SG-0150925;SG-0151003;SG-0151078;SG-0151154;SG-0151229,normal; within sigma from mean range,,2.19,,2.17,internal,2025-09-08,E-0158,20260106T061500Z-QE24M
CAP-25-0233,C-11329-04,2025-09-06 14:00:00,request,25,SG-0150051,SG-0150699,SG-0150051;SG-0150055;SG-0150057;SG-0150058;SG-0150059;SG-0150060;SG-0150248;SG-0150253;SG-0150254;SG-0150255;SG-0150261;SG-0150262;SG-0150265;SG-0150268;SG-0150270;SG-0150419;SG-0150420;SG-0150427;SG-0150430;SG-0150433;SG-0150434;SG-0150435;SG-0150438;SG-0150444;SG-0150699,normal; within sigma from mean range,2.24,2.13,2.25,2.14,CU-009,2025-09-07,E-0161,20260106T061500Z-QE24M
CAP-25-0234,C-11984-02,2025-09-07 09:00:00,request,25,SG-0129516,SG-0145010,SG-0129516;SG-0129521;SG-0129527;SG-0129528;SG-0129534;SG-0129536;SG-0129541;SG-0129546;SG-0129548;SG-0129554;SG-0144917;SG-0144925;SG-0144934;SG-0144944;SG-0144956;SG-0144962;SG-0144967;SG-0144971;SG-0144979;SG-0144985;SG-0144988;SG-0144993;SG-0144998;SG-0145004;SG-0145010,normal; within sigma from mean range,2.08,2.01,2.02,1.94,CU-015,2025-09-12,E-0160,20260106T061500Z-QE24M
CAP-25-0235,C-13321-18,2025-09-07 11:00:00,request,25,SG-0154936,SG-0155275,SG-0154936;SG-0154941;SG-0154945;SG-0154958;SG-0154959;SG-0154964;SG-0154966;SG-0154972;SG-0154978;SG-0154984;SG-0155010;SG-0155011;SG-0155147;SG-0155148;SG-0155151;SG-0155174;SG-0155184;SG-0155200;SG-0155201;SG-0155215;SG-0155216;SG-0155229;SG-0155238;SG-0155253;SG-0155275,normal; within sigma from mean range,1.61,1.52,1.5,1.42,internal,2025-09-11,E-0161,20260106T061500Z-QE24M
CAP-25-0236,C-11265-10,2025-09-08 14:00:00,request,25,SG-0149638,SG-0149826,SG-0149638;SG-0149645;SG-0149653;SG-0149660;SG-0149666;SG-0149674;SG-0149681;SG-0149698;SG-0149701;SG-0149723;SG-0149733;SG-0149746;SG-0149751;SG-0149754;SG-0149763;SG-0149765;SG-0149775;SG-0149780;SG-0149783;SG-0149791;SG-0149795;SG-0149804;SG-0149814;SG-0149822;SG-0149826,normal; within sigma from mean range,1.63,1.59,1.59,1.55,CU-009,2025-09-12,E-0161,20260106T061500Z-QE24M
CAP-25-0237,C-13328-14,2025-09-09 10:00:00,request,25,SG-0156206,SG-0157100,SG-0156206;SG-0156290;SG-0156328;SG-0156362;SG-0156388;SG-0156459;SG-0156492;SG-0156525;SG-0156553;SG-0156630;SG-0156645;SG-0156662;SG-0156681;SG-0156696;SG-0156763;SG-0156795;SG-0156828;SG-0156863;SG-0156930;SG-0156950;SG-0156961;SG-0156974;SG-0157038;SG-0157070;SG-0157100,normal; within sigma from mean range,1.9,1.83,1.91,1.85,CU-012,2025-09-13,E-0159,20260106T061500Z-QE24M
CAP-25-0238,C-13403-09,2025-09-09 14:00:00,request,25,SG-0159385,SG-0159547,SG-0159385;SG-0159388;SG-0159396;SG-0159404;SG-0159408;SG-0159413;SG-0159420;SG-0159428;SG-0159431;SG-0159440;SG-0159443;SG-0159452;SG-0159460;SG-0159483;SG-0159500;SG-0159507;SG-0159512;SG-0159519;SG-0159523;SG-0159527;SG-0159529;SG-0159536;SG-0159539;SG-0159545;SG-0159547,normal; within sigma from mean range,1.79,1.77,1.75,1.73,CU-011,2025-09-11,E-0158,20260106T061500Z-QE24M
CAP-25-0239,C-14117-10,2025-09-09 14:00:00,request,25,SG-0157942,SG-0159097,SG-0157942;SG-0158020;SG-0158095;SG-0158193;SG-0158273;SG-0158348;SG-0158431;SG-0158512;SG-0158606;SG-0158688;SG-0158776;SG-0158857;SG-0158907;SG-0158923;SG-0158951;SG-0158972;SG-0158984;SG-0159003;SG-0159020;SG-0159036;SG-0159051;SG-0159065;SG-0159071;SG-0159086;SG-0159097,normal; within sigma from mean range,1.49,1.29,1.5,1.3,internal,2025-09-09,E-0159,20260106T061500Z-QE24M
CAP-25-0240,C-17004-05,2025-09-09 15:00:00,request,25,SG-0158855,SG-0158887,SG-0158855;SG-0158856;SG-0158858;SG-0158859;SG-0158860;SG-0158861;SG-0158862;SG-0158863;SG-0158866;SG-0158867;SG-0158868;SG-0158869;SG-0158870;SG-0158872;SG-0158873;SG-0158874;SG-0158875;SG-0158876;SG-0158881;SG-0158882;SG-0158883;SG-0158884;SG-0158885;SG-0158886;SG-0158887,normal; within sigma from mean range,1.76,1.66,1.8,1.7,internal,2025-09-11,E-0161,20260106T061500Z-QE24M
CAP-25-0241,C-13357-02,2025-09-09 22:48:00,request,25,SG-0164777,SG-0165355,SG-0164777;SG-0164778;SG-0164794;SG-0164805;SG-0164817;SG-0164831;SG-0164853;SG-0164868;SG-0164889;SG-0164913;SG-0165021;SG-0165046;SG-0165068;SG-0165110;SG-0165133;SG-0165161;SG-0165162;SG-0165173;SG-0165174;SG-0165212;SG-0165233;SG-0165246;SG-0165247;SG-0165347;SG-0165355,normal; within sigma from mean range,,2.41,,2.21,CU-012,2025-09-12,E-0158,20260106T061500Z-QE24M
CAP-25-0242,C-13380-09,2025-09-09 22:52:00,request,25,SG-0164733,SG-0165370,SG-0164733;SG-0164734;SG-0164761;SG-0164802;SG-0164803;SG-0164828;SG-0164850;SG-0164851;SG-0164888;SG-0164898;SG-0164941;SG-0165045;SG-0165056;SG-0165057;SG-0165067;SG-0165092;SG-0165093;SG-0165121;SG-0165122;SG-0165144;SG-0165158;SG-0165171;SG-0165231;SG-0165245;SG-0165370,normal; within sigma from mean range,2.06,1.92,1.99,1.86,CU-012,2025-09-13,E-0158,20260106T061500Z-QE24M
CAP-25-0243,C-12925-01,2025-09-10 12:00:00,request,25,SG-0113960,SG-0155103,SG-0113960;SG-0113973;SG-0113974;SG-0154702;SG-0154716;SG-0154750;SG-0154768;SG-0154800;SG-0154840;SG-0154850;SG-0154863;SG-0154873;SG-0154890;SG-0154894;SG-0154910;SG-0154917;SG-0154921;SG-0155024;SG-0155031;SG-0155040;SG-0155051;SG-0155060;SG-0155072;SG-0155082;SG-0155103,normal; within sigma from mean range,1.66,1.57,1.79,1.7,CU-008,2025-09-12,E-0159,20260106T061500Z-QE24M
CAP-25-0244,C-12947-12,2025-09-11 10:00:00,request,25,SG-0152925,SG-0153703,SG-0152925;SG-0152976;SG-0153025;SG-0153026;SG-0153039;SG-0153040;SG-0153071;SG-0153181;SG-0153249;SG-0153264;SG-0153424;SG-0153429;SG-0153430;SG-0153431;SG-0153458;SG-0153459;SG-0153473;SG-0153481;SG-0153523;SG-0153524;SG-0153542;SG-0153665;SG-0153670;SG-0153701;SG-0153703,normal; within sigma from mean range,1.89,1.87,1.81,1.79,internal,2025-09-12,E-0160,20260106T061500Z-QE24M
CAP-25-0245,C-12884-18,2025-09-11 12:00:00,request,25,SG-0116692,SG-0143756,SG-0116692;SG-0116693;SG-0116750;SG-0116757;SG-0116758;SG-0143634;SG-0143638;SG-0143641;SG-0143651;SG-0143659;SG-0143668;SG-0143671;SG-0143677;SG-0143687;SG-0143693;SG-0143697;SG-0143703;SG-0143709;SG-0143720;SG-0143723;SG-0143727;SG-0143736;SG-0143739;SG-0143745;SG-0143756,normal; within sigma from mean range,2.09,1.99,1.88,1.79,internal,2025-09-15,E-0159,20260106T061500Z-QE24M
CAP-25-0246,C-14196-28,2025-09-11 12:00:00,request,25,SG-0159046,SG-0159538,SG-0159046;SG-0159063;SG-0159075;SG-0159093;SG-0159115;SG-0159137;SG-0159154;SG-0159175;SG-0159189;SG-0159205;SG-0159214;SG-0159226;SG-0159244;SG-0159260;SG-0159283;SG-0159302;SG-0159310;SG-0159324;SG-0159331;SG-0159366;SG-0159394;SG-0159423;SG-0159455;SG-0159515;SG-0159538,normal; within sigma from mean range,1.98,1.95,1.97,1.95,CU-001,2025-09-11,E-0160,20260106T061500Z-QE24M
CAP-25-0247,C-11962-08,2025-09-11 14:00:00,request,25,SG-0142779,SG-0165758,SG-0142779;SG-0142797;SG-0142816;SG-0142848;SG-0142884;SG-0142942;SG-0142973;SG-0143005;SG-0143037;SG-0143074;SG-0143118;SG-0165412;SG-0165431;SG-0165453;SG-0165475;SG-0165550;SG-0165570;SG-0165586;SG-0165603;SG-0165619;SG-0165677;SG-0165701;SG-0165719;SG-0165741;SG-0165758,normal; within sigma from mean range,1.37,1.28,1.41,1.32,internal,2025-09-16,E-0159,20260106T061500Z-QE24M
CAP-25-0248,C-12016-08,2025-09-11 15:00:00,request,25,SG-0153874,SG-0158215,SG-0153874;SG-0153893;SG-0156817;SG-0156841;SG-0156937;SG-0156955;SG-0156964;SG-0156973;SG-0157061;SG-0157087;SG-0157117;SG-0157147;SG-0157264;SG-0157275;SG-0157295;SG-0157310;SG-0157326;SG-0157412;SG-0157443;SG-0157512;SG-0157754;SG-0157841;SG-0157930;SG-0158110;SG-0158215,normal; within sigma from mean range,1.75,1.74,1.8,1.79,CU-015,2025-09-15,E-0161,20260106T061500Z-QE24M
CAP-25-0249,C-14989-04,2025-09-11 15:00:00,request,25,SG-0157252,SG-0158018,SG-0157252;SG-0157261;SG-0157268;SG-0157273;SG-0157281;SG-0157294;SG-0157301;SG-0157309;SG-0157316;SG-0157329;SG-0157401;SG-0157417;SG-0157435;SG-0157448;SG-0157462;SG-0157474;SG-0157486;SG-0157535;SG-0157586;SG-0157729;SG-0157786;SG-0157831;SG-0157880;SG-0157973;SG-0158018,normal; within sigma from mean range,2.18,2.12,2.11,2.05,CU-009,2025-09-11,E-0159,20260106T061500Z-QE24M
CAP-25-0250,C-14159-01,2025-09-12 12:00:00,request,25,SG-0120266,SG-0156472,SG-0120266;SG-0120275;SG-0120278;SG-0120279;SG-0120297;SG-0120302;SG-0120305;SG-0146981;SG-0146993;SG-0146998;SG-0147012;SG-0147047;SG-0147092;SG-0147105;SG-0147115;SG-0147126;SG-0156321;SG-0156333;SG-0156343;SG-0156382;SG-0156386;SG-0156425;SG-0156455;SG-0156460;SG-0156472,normal; within sigma from mean range,1.51,1.48,1.52,1.48,CU-002,2025-09-16,E-0161,20260106T061500Z-QE24M
CAP-25-0251,C-13307-06,2025-09-13 08:00:00,request,25,SG-0165859,SG-0166127,SG-0165859;SG-0165863;SG-0165864;SG-0165871;SG-0165876;SG-0165925;SG-0165945;SG-0165947;SG-0165956;SG-0165960;SG-0165966;SG-0165977;SG-0165981;SG-0165991;SG-0166000;SG-0166007;SG-0166021;SG-0166064;SG-0166075;SG-0166080;SG-0166090;SG-0166098;SG-0166108;SG-0166118;SG-0166127,normal; within sigma from mean range,,2.33,,2.13,CU-011,2025-09-16,E-0161,20260106T061500Z-QE24M
CAP-25-0252,C-11226-03,2025-09-13 14:00:00,request,25,SG-0145272,SG-0145830,SG-0145272;SG-0145298;SG-0145320;SG-0145339;SG-0145358;SG-0145375;SG-0145438;SG-0145450;SG-0145457;SG-0145475;SG-0145495;SG-0145518;SG-0145566;SG-0145588;SG-0145613;SG-0145632;SG-0145660;SG-0145685;SG-0145728;SG-0145748;SG-0145769;SG-0145791;SG-0145801;SG-0145812;SG-0145830,normal; within sigma from mean range,1.19,1.13,1.15,1.11,CU-009,2025-09-18,E-0161,20260106T061500Z-QE24M
CAP-25-0253,C-12023-05,2025-09-14 08:00:00,request,25,SG-0159466,SG-0164747,SG-0159466;SG-0159485;SG-0159696;SG-0160227;SG-0160937;SG-0161733;SG-0161750;SG-0162151;SG-0162513;SG-0162685;SG-0162819;SG-0162835;SG-0163244;SG-0163430;SG-0163431;SG-0163631;SG-0163807;SG-0163920;SG-0164040;SG-0164044;SG-0164281;SG-0164474;SG-0164583;SG-0164601;SG-0164747,normal; within sigma from mean range,2.28,2.15,2.05,1.93,CU-016,2025-09-17,E-0159,20260106T061500Z-QE24M
CAP-25-0254,C-14992-08,2025-09-14 08:00:00,request,25,SG-0155441,SG-0156034,SG-0155441;SG-0155463;SG-0155492;SG-0155615;SG-0155637;SG-0155663;SG-0155679;SG-0155705;SG-0155769;SG-0155785;SG-0155798;SG-0155808;SG-0155820;SG-0155838;SG-0155891;SG-0155897;SG-0155906;SG-0155914;SG-0155921;SG-0155946;SG-0155962;SG-0155978;SG-0155988;SG-0156005;SG-0156034,normal; within sigma from mean range,2.42,2.42,1.71,1.71,internal,2025-09-18,E-0161,20260106T061500Z-QE24M
CAP-25-0255,C-11163-06,2025-09-14 10:00:00,request,25,SG-0165004,SG-0165839,SG-0165004;SG-0165017;SG-0165266;SG-0165280;SG-0165295;SG-0165313;SG-0165328;SG-0165391;SG-0165409;SG-0165427;SG-0165450;SG-0165469;SG-0165546;SG-0165562;SG-0165575;SG-0165592;SG-0165609;SG-0165626;SG-0165686;SG-0165703;SG-0165721;SG-0165737;SG-0165756;SG-0165830;SG-0165839,normal; within sigma from mean range,1.54,1.49,1.18,1.14,CU-009,2025-09-19,E-0161,20260106T061500Z-QE24M
CAP-25-0256,C-11347-08,2025-09-14 10:00:00,request,25,SG-0149275,SG-0149587,SG-0149275;SG-0149287;SG-0149296;SG-0149314;SG-0149322;SG-0149334;SG-0149357;SG-0149369;SG-0149380;SG-0149397;SG-0149404;SG-0149412;SG-0149418;SG-0149426;SG-0149443;SG-0149463;SG-0149474;SG-0149493;SG-0149500;SG-0149520;SG-0149531;SG-0149538;SG-0149553;SG-0149573;SG-0149587,normal; within sigma from mean range,1.91,1.86,1.81,1.76,internal,2025-09-17,E-0160,20260106T061500Z-QE24M
CAP-25-0257,C-11930-12,2025-09-14 13:00:00,request,25,SG-0141063,SG-0164485,SG-0141063;SG-0141083;SG-0141092;SG-0141110;SG-0141111;SG-0141583;SG-0141590;SG-0164076;SG-0164130;SG-0164136;SG-0164140;SG-0164141;SG-0164152;SG-0164157;SG-0164258;SG-0164265;SG-0164276;SG-0164279;SG-0164280;SG-0164282;SG-0164453;SG-0164460;SG-0164461;SG-0164469;SG-0164485,normal; within sigma from mean range,1.37,1.37,1.28,1.28,CU-016,2025-09-15,E-0158,20260106T061500Z-QE24M
CAP-25-0258,C-14108-14,2025-09-16 08:00:00,request,25,SG-0157210,SG-0158149,SG-0157210;SG-0157220;SG-0157221;SG-0157237;SG-0157331;SG-0157341;SG-0157356;SG-0157359;SG-0157367;SG-0157383;SG-0157391;SG-0157392;SG-0157623;SG-0157637;SG-0157640;SG-0157651;SG-0157654;SG-0157655;SG-0157656;SG-0157668;SG-0157670;SG-0158121;SG-0158132;SG-0158140;SG-0158149,normal; within sigma from mean range,1.1,0.88,1.1,0.88,internal,2025-09-16,E-0159,20260106T061500Z-QE24M
CAP-25-0259,C-11201-16,2025-09-17 09:00:00,request,25,SG-0162577,SG-0162935,SG-0162577;SG-0162593;SG-0162604;SG-0162618;SG-0162630;SG-0162644;SG-0162659;SG-0162700;SG-0162718;SG-0162726;SG-0162740;SG-0162748;SG-0162765;SG-0162773;SG-0162785;SG-0162798;SG-0162811;SG-0162881;SG-0162886;SG-0162894;SG-0162902;SG-0162911;SG-0162920;SG-0162932;SG-0162935,normal; within sigma from mean range,1.16,1.16,1.17,1.17,CU-010,2025-09-21,E-0158,20260106T061500Z-QE24M
CAP-25-0260,C-14103-05,2025-09-17 10:00:00,request,25,SG-0163523,SG-0164174,SG-0163523;SG-0163554;SG-0163596;SG-0163636;SG-0163687;SG-0163717;SG-0163739;SG-0163761;SG-0163782;SG-0163838;SG-0163855;SG-0163875;SG-0163896;SG-0163915;SG-0163963;SG-0163980;SG-0163995;SG-0164010;SG-0164020;SG-0164084;SG-0164099;SG-0164110;SG-0164116;SG-0164123;SG-0164174,normal; within sigma from mean range,1.67,1.57,1.56,1.47,CU-001,2025-09-18,E-0160,20260106T061500Z-QE24M
CAP-25-0261,C-14966-17,2025-09-17 10:00:00,request,25,SG-0157006,SG-0158127,SG-0157006;SG-0157007;SG-0157018;SG-0157033;SG-0157187;SG-0157190;SG-0157194;SG-0157228;SG-0157232;SG-0157245;SG-0157339;SG-0157349;SG-0157362;SG-0157363;SG-0157370;SG-0157377;SG-0157628;SG-0157633;SG-0157643;SG-0157648;SG-0157649;SG-0157669;SG-0158118;SG-0158123;SG-0158127,normal; within sigma from mean range,2.36,2.35,1.57,1.56,internal,2025-09-21,E-0161,20260106T061500Z-QE24M
CAP-25-0262,C-13369-01,2025-09-18 10:00:00,request,25,SG-0125443,SG-0149739,SG-0125443;SG-0125454;SG-0125467;SG-0149423;SG-0149439;SG-0149475;SG-0149487;SG-0149497;SG-0149518;SG-0149527;SG-0149535;SG-0149550;SG-0149555;SG-0149577;SG-0149589;SG-0149601;SG-0149610;SG-0149640;SG-0149650;SG-0149663;SG-0149675;SG-0149693;SG-0149702;SG-0149727;SG-0149739,normal; within sigma from mean range,1.73,1.65,1.62,1.55,internal,2025-09-21,E-0159,20260106T061500Z-QE24M
CAP-25-0263,C-12868-03,2025-09-18 11:00:00,request,25,SG-0149010,SG-0165789,SG-0149010;SG-0149024;SG-0149032;SG-0149046;SG-0165499;SG-0165510;SG-0165511;SG-0165514;SG-0165529;SG-0165534;SG-0165537;SG-0165632;SG-0165633;SG-0165634;SG-0165635;SG-0165638;SG-0165639;SG-0165647;SG-0165655;SG-0165656;SG-0165666;SG-0165667;SG-0165670;SG-0165673;SG-0165789,normal; within sigma from mean range,2.09,2.05,2.18,2.14,CU-008,2025-09-22,E-0159,20260106T061500Z-QE24M
CAP-25-0264,C-14918-14,2025-09-18 11:00:00,request,25,SG-0161997,SG-0162941,SG-0161997;SG-0162014;SG-0162024;SG-0162340;SG-0162352;SG-0162369;SG-0162382;SG-0162394;SG-0162465;SG-0162556;SG-0162581;SG-0162607;SG-0162629;SG-0162654;SG-0162714;SG-0162729;SG-0162753;SG-0162769;SG-0162795;SG-0162855;SG-0162889;SG-0162906;SG-0162923;SG-0162934;SG-0162941,normal; within sigma from mean range,2.39,2.19,1.52,1.39,CU-009,2025-09-22,E-0159,20260106T061500Z-QE24M
CAP-25-0265,C-13317-14,2025-09-20 10:00:00,request,25,SG-0133660,SG-0164661,SG-0133660;SG-0133676;SG-0133687;SG-0133697;SG-0133711;SG-0133722;SG-0133732;SG-0133747;SG-0133754;SG-0133769;SG-0134135;SG-0134154;SG-0134167;SG-0164212;SG-0164225;SG-0164244;SG-0164562;SG-0164570;SG-0164578;SG-0164631;SG-0164638;SG-0164642;SG-0164647;SG-0164654;SG-0164661,normal; within sigma from mean range,1.33,1.26,1.31,1.24,CU-012,2025-09-20,E-0160,20260106T061500Z-QE24M
CAP-25-0266,C-13350-04,2025-09-20 11:00:00,request,25,SG-0157008,SG-0157645,SG-0157008;SG-0157009;SG-0157010;SG-0157011;SG-0157027;SG-0157179;SG-0157199;SG-0157203;SG-0157208;SG-0157216;SG-0157225;SG-0157233;SG-0157234;SG-0157236;SG-0157334;SG-0157350;SG-0157351;SG-0157358;SG-0157366;SG-0157379;SG-0157380;SG-0157389;SG-0157390;SG-0157618;SG-0157645,normal; within sigma from mean range,1.91,1.88,1.95,1.92,CU-011,2025-09-25,E-0159,20260106T061500Z-QE24M
CAP-25-0267,C-14212-17,2025-09-20 12:00:00,request,25,SG-0143148,SG-0163700,SG-0143148;SG-0163354;SG-0163364;SG-0163380;SG-0163390;SG-0163403;SG-0163421;SG-0163456;SG-0163469;SG-0163479;SG-0163495;SG-0163503;SG-0163516;SG-0163534;SG-0163550;SG-0163560;SG-0163574;SG-0163586;SG-0163600;SG-0163612;SG-0163619;SG-0163644;SG-0163668;SG-0163679;SG-0163700,normal; within sigma from mean range,1.85,1.85,1.8,1.8,CU-002,2025-09-21,E-0161,20260106T061500Z-QE24M
CAP-25-0268,C-11173-11,2025-09-21 15:00:00,request,25,SG-0123759,SG-0159098,SG-0123759;SG-0123989;SG-0124048;SG-0124456;SG-0124478;SG-0149903;SG-0149948;SG-0149977;SG-0150189;SG-0150301;SG-0150383;SG-0150424;SG-0150536;SG-0151285;SG-0157591;SG-0157995;SG-0158115;SG-0158246;SG-0158473;SG-0158609;SG-0158731;SG-0158854;SG-0158944;SG-0159000;SG-0159098,normal; within sigma from mean range,1.84,1.84,1.44,1.44,internal,2025-09-21,E-0159,20260106T061500Z-QE24M
CAP-25-0269,C-12835-01,2025-09-22 11:00:00,request,25,SG-0135814,SG-0146113,SG-0135814;SG-0135822;SG-0135832;SG-0135835;SG-0135837;SG-0135851;SG-0135855;SG-0135859;SG-0145891;SG-0145904;SG-0145915;SG-0145928;SG-0145945;SG-0145959;SG-0145975;SG-0146012;SG-0146021;SG-0146041;SG-0146052;SG-0146066;SG-0146072;SG-0146079;SG-0146090;SG-0146100;SG-0146113,normal; within sigma from mean range,1.66,1.61,1.49,1.45,CU-008,2025-09-25,E-0158,20260106T061500Z-QE24M
CAP-25-0270,C-11920-12,2025-09-23 09:00:00,request,25,SG-0159486,SG-0164380,SG-0159486;SG-0159610;SG-0159973;SG-0160525;SG-0161267;SG-0161621;SG-0162010;SG-0162364;SG-0162554;SG-0162660;SG-0162781;SG-0162912;SG-0163009;SG-0163108;SG-0163201;SG-0163336;SG-0163512;SG-0163672;SG-0163775;SG-0163886;SG-0163989;SG-0164096;SG-0164128;SG-0164210;SG-0164380,normal; within sigma from mean range,1.08,0.98,1.11,1.01,CU-016,2025-09-27,E-0159,20260106T061500Z-QE24M
CAP-25-0271,C-12907-02,2025-09-23 15:00:00,request,25,SG-0124870,SG-0144660,SG-0124870;SG-0124875;SG-0124882;SG-0124886;SG-0144478;SG-0144485;SG-0144497;SG-0144507;SG-0144530;SG-0144554;SG-0144558;SG-0144559;SG-0144564;SG-0144569;SG-0144572;SG-0144573;SG-0144578;SG-0144580;SG-0144593;SG-0144611;SG-0144619;SG-0144625;SG-0144632;SG-0144648;SG-0144660,normal; within sigma from mean range,2.34,2.29,2.35,2.3,CU-007,2025-09-23,E-0161,20260106T061500Z-QE24M
CAP-25-0272,C-11923-04,2025-09-24 12:00:00,request,25,SG-0141302,SG-0142823,SG-0141302;SG-0141369;SG-0141439;SG-0141507;SG-0141625;SG-0141688;SG-0141758;SG-0141823;SG-0141888;SG-0141954;SG-0142052;SG-0142125;SG-0142193;SG-0142271;SG-0142335;SG-0142410;SG-0142521;SG-0142581;SG-0142641;SG-0142652;SG-0142669;SG-0142773;SG-0142787;SG-0142804;SG-0142823,normal; within sigma from mean range,1.21,1.15,1.19,1.13,CU-015,2025-09-29,E-0161,20260106T061500Z-QE24M
CAP-25-0273,C-14140-03,2025-09-24 12:00:00,request,25,SG-0168509,SG-0168875,SG-0168509;SG-0168513;SG-0168525;SG-0168535;SG-0168542;SG-0168552;SG-0168556;SG-0168688;SG-0168689;SG-0168691;SG-0168692;SG-0168693;SG-0168699;SG-0168703;SG-0168714;SG-0168800;SG-0168801;SG-0168815;SG-0168817;SG-0168820;SG-0168826;SG-0168830;SG-0168831;SG-0168871;SG-0168875,normal; within sigma from mean range,1.68,1.6,1.67,1.59,CU-001,2025-09-29,E-0160,20260106T061500Z-QE24M
CAP-25-0274,C-14168-10,2025-09-24 12:00:00,request,25,SG-0141129,SG-0162928,SG-0141129;SG-0141136;SG-0141138;SG-0162547;SG-0162563;SG-0162585;SG-0162599;SG-0162614;SG-0162625;SG-0162638;SG-0162649;SG-0162712;SG-0162724;SG-0162732;SG-0162743;SG-0162754;SG-0162767;SG-0162778;SG-0162788;SG-0162810;SG-0162876;SG-0162892;SG-0162899;SG-0162917;SG-0162928,normal; within sigma from mean range,2.04,1.97,2.0,1.92,CU-001,2025-09-25,E-0160,20260106T061500Z-QE24M
CAP-25-0275,C-14134-23,2025-09-25 09:00:00,request,25,SG-0144423,SG-0168888,SG-0144423;SG-0144431;SG-0144517;SG-0144518;SG-0144520;SG-0144536;SG-0144552;SG-0168639;SG-0168654;SG-0168669;SG-0168718;SG-0168731;SG-0168751;SG-0168778;SG-0168786;SG-0168796;SG-0168833;SG-0168841;SG-0168844;SG-0168854;SG-0168862;SG-0168867;SG-0168879;SG-0168885;SG-0168888,normal; within sigma from mean range,1.32,1.08,1.37,1.12,CU-002,2025-09-25,E-0160,20260106T061500Z-QE24M
CAP-25-0276,C-14952-04,2025-09-25 09:00:00,request,25,SG-0142751,SG-0159446,SG-0142751;SG-0142899;SG-0142918;SG-0142921;SG-0142922;SG-0142924;SG-0143083;SG-0143233;SG-0159169;SG-0159195;SG-0159200;SG-0159208;SG-0159216;SG-0159221;SG-0159235;SG-0159247;SG-0159269;SG-0159286;SG-0159300;SG-0159306;SG-0159322;SG-0159329;SG-0159335;SG-0159426;SG-0159446,normal; within sigma from mean range,2.18,2.06,2.09,1.98,CU-009,2025-09-29,E-0159,20260106T061500Z-QE24M
CAP-25-0277,C-11167-04,2025-09-25 12:00:00,request,25,SG-0145258,SG-0162002,SG-0145258;SG-0145283;SG-0145310;SG-0145333;SG-0145352;SG-0145374;SG-0145441;SG-0145451;SG-0145463;SG-0145486;SG-0160357;SG-0160469;SG-0160579;SG-0160682;SG-0160784;SG-0160885;SG-0161295;SG-0161386;SG-0161475;SG-0161563;SG-0161620;SG-0161956;SG-0161973;SG-0161987;SG-0162002,normal; within sigma from mean range,1.54,1.49,1.17,1.14,internal,2025-09-29,E-0160,20260106T061500Z-QE24M
CAP-25-0278,C-11282-06,2025-09-25 12:00:00,request,25,SG-0159493,SG-0160325,SG-0159493;SG-0159691;SG-0159694;SG-0159701;SG-0159704;SG-0159705;SG-0159706;SG-0159709;SG-0159710;SG-0159720;SG-0159721;SG-0159722;SG-0159726;SG-0159729;SG-0159730;SG-0159731;SG-0159732;SG-0160243;SG-0160244;SG-0160276;SG-0160277;SG-0160300;SG-0160305;SG-0160324;SG-0160325,normal; within sigma from mean range,1.8,1.71,1.78,1.69,CU-010,2025-09-29,E-0158,20260106T061500Z-QE24M
CAP-25-0279,C-14928-12,2025-09-25 13:00:00,request,25,SG-0155411,SG-0155776,SG-0155411;SG-0155414;SG-0155423;SG-0155432;SG-0155438;SG-0155444;SG-0155455;SG-0155467;SG-0155477;SG-0155490;SG-0155501;SG-0155608;SG-0155618;SG-0155629;SG-0155642;SG-0155650;SG-0155656;SG-0155670;SG-0155673;SG-0155689;SG-0155692;SG-0155702;SG-0155711;SG-0155750;SG-0155776,normal; within sigma from mean range,2.13,1.98,1.84,1.71,CU-010,2025-09-29,E-0159,20260106T061500Z-QE24M
CAP-25-0280,C-14175-03,2025-09-26 08:00:00,request,25,SG-0164005,SG-0164441,SG-0164005;SG-0164015;SG-0164023;SG-0164082;SG-0164092;SG-0164102;SG-0164107;SG-0164113;SG-0164117;SG-0164125;SG-0164169;SG-0164178;SG-0164181;SG-0164186;SG-0164194;SG-0164204;SG-0164221;SG-0164247;SG-0164316;SG-0164338;SG-0164358;SG-0164383;SG-0164406;SG-0164420;SG-0164441,normal; within sigma from mean range,2.39,2.14,2.37,2.12,internal,2025-09-29,E-0158,20260106T061500Z-QE24M
CAP-25-0281,C-12861-09,2025-09-26 13:00:00,request,25,SG-0154388,SG-0154907,SG-0154388;SG-0154411;SG-0154439;SG-0154452;SG-0154468;SG-0154484;SG-0154498;SG-0154511;SG-0154530;SG-0154541;SG-0154567;SG-0154598;SG-0154625;SG-0154646;SG-0154669;SG-0154696;SG-0154726;SG-0154751;SG-0154780;SG-0154843;SG-0154862;SG-0154879;SG-0154892;SG-0154901;SG-0154907,normal; within sigma from mean range,1.44,1.41,1.44,1.41,internal,2025-09-28,E-0159,20260106T061500Z-QE24M
CAP-25-0282,C-11301-04,2025-09-26 14:00:00,request,25,SG-0166689,SG-0167642,SG-0166689;SG-0166770;SG-0166820;SG-0166860;SG-0166898;SG-0166930;SG-0166967;SG-0166998;SG-0167033;SG-0167070;SG-0167105;SG-0167139;SG-0167173;SG-0167206;SG-0167233;SG-0167276;SG-0167360;SG-0167391;SG-0167428;SG-0167460;SG-0167502;SG-0167532;SG-0167566;SG-0167601;SG-0167642,normal; within sigma from mean range,2.16,1.86,2.07,1.78,internal,2025-09-26,E-0159,20260106T061500Z-QE24M
CAP-25-0283,C-12878-19,2025-09-26 14:00:00,request,25,SG-0110278,SG-0155699,SG-0110278;SG-0110289;SG-0110305;SG-0110327;SG-0110338;SG-0110352;SG-0155419;SG-0155431;SG-0155436;SG-0155443;SG-0155452;SG-0155460;SG-0155471;SG-0155484;SG-0155497;SG-0155560;SG-0155613;SG-0155622;SG-0155632;SG-0155645;SG-0155652;SG-0155661;SG-0155688;SG-0155690;SG-0155699,normal; within sigma from mean range,2.39,2.36,2.16,2.13,CU-007,2025-09-30,E-0159,20260106T061500Z-QE24M
CAP-25-0284,C-12004-08,2025-09-27 14:00:00,request,25,SG-0165624,SG-0166214,SG-0165624;SG-0165685;SG-0165698;SG-0165713;SG-0165731;SG-0165747;SG-0165767;SG-0165835;SG-0165845;SG-0165854;SG-0165862;SG-0165870;SG-0165907;SG-0165946;SG-0165959;SG-0165976;SG-0165990;SG-0166006;SG-0166067;SG-0166082;SG-0166099;SG-0166119;SG-0166136;SG-0166157;SG-0166214,normal; within sigma from mean range,3.13,3.08,2.5,2.46,internal,2025-10-01,E-0161,20260106T061500Z-QE24M
CAP-25-0285,C-12907-02,2025-09-29 22:44:00,request,25,SG-0144625,SG-0171557,SG-0144625;SG-0144632;SG-0144648;SG-0144660;SG-0171003;SG-0171056;SG-0171066;SG-0171081;SG-0171092;SG-0171105;SG-0171119;SG-0171124;SG-0171144;SG-0171159;SG-0171171;SG-0171233;SG-0171262;SG-0171305;SG-0171332;SG-0171371;SG-0171405;SG-0171441;SG-0171477;SG-0171508;SG-0171557,normal; within sigma from mean range,2.13,2.12,2.05,2.03,internal,2025-10-03,E-0159,20260106T061500Z-QE24M
CAP-25-0286,C-12861-09,2025-10-08 14:27:00,annual layout,25,SG-0173355,SG-0174122,SG-0173355;SG-0173356;SG-0173359;SG-0173361;SG-0173364;SG-0173368;SG-0173794;SG-0173795;SG-0173803;SG-0173806;SG-0173815;SG-0173816;SG-0173825;SG-0173826;SG-0173828;SG-0174011;SG-0174014;SG-0174015;SG-0174020;SG-0174022;SG-0174025;SG-0174026;SG-0174029;SG-0174113;SG-0174122,normal; within sigma from mean range,1.55,1.48,1.49,1.42,CU-007,2025-10-09,E-0159,20260106T061500Z-QE24M
CAP-25-0287,C-13328-14,2025-10-13 15:48:00,annual layout,25,SG-0157038,SG-0174802,SG-0157038;SG-0157070;SG-0157100;SG-0174033;SG-0174092;SG-0174111;SG-0174141;SG-0174158;SG-0174176;SG-0174223;SG-0174277;SG-0174297;SG-0174367;SG-0174414;SG-0174491;SG-0174520;SG-0174537;SG-0174567;SG-0174571;SG-0174579;SG-0174605;SG-0174630;SG-0174661;SG-0174748;SG-0174802,normal; within sigma from mean range,1.78,1.72,1.77,1.72,CU-012,2025-10-16,E-0160,20260106T061500Z-QE24M
CAP-25-0288,C-13307-06,2025-10-27 23:01:00,annual layout,25,SG-0178862,SG-0179137,SG-0178862;SG-0178864;SG-0178959;SG-0178960;SG-0178961;SG-0178963;SG-0178967;SG-0178968;SG-0178970;SG-0178978;SG-0178979;SG-0178983;SG-0178985;SG-0178986;SG-0179123;SG-0179124;SG-0179126;SG-0179127;SG-0179128;SG-0179131;SG-0179133;SG-0179134;SG-0179135;SG-0179136;SG-0179137,normal; within sigma from mean range,,2.08,,2.09,CU-011,2025-11-01,E-0160,20260106T061500Z-QE24M
CAP-25-0289,C-14196-28,2025-10-28 13:52:00,annual layout,25,SG-0178414,SG-0179332,SG-0178414;SG-0178443;SG-0178487;SG-0178519;SG-0178546;SG-0178583;SG-0178633;SG-0178675;SG-0178727;SG-0178762;SG-0178802;SG-0178821;SG-0178840;SG-0178856;SG-0178886;SG-0178900;SG-0178924;SG-0178995;SG-0179041;SG-0179073;SG-0179108;SG-0179163;SG-0179224;SG-0179289;SG-0179332,normal; within sigma from mean range,1.83,1.76,1.81,1.75,CU-001,2025-10-28,E-0158,20260106T061500Z-QE24M
CAP-25-0290,C-11347-08,2025-10-30 14:17:00,annual layout,25,SG-0179483,SG-0180087,SG-0179483;SG-0179486;SG-0179498;SG-0179499;SG-0179637;SG-0179640;SG-0179652;SG-0179659;SG-0179663;SG-0179680;SG-0179687;SG-0179692;SG-0179700;SG-0179840;SG-0179844;SG-0179847;SG-0179849;SG-0179878;SG-0179879;SG-0179883;SG-0179890;SG-0180072;SG-0180076;SG-0180079;SG-0180087,normal; within sigma from mean range,2.19,2.05,2.14,2.01,CU-010,2025-11-02,E-0160,20260106T061500Z-QE24M
CAP-25-0291,C-11301-04,2025-10-30 19:01:00,annual layout,25,SG-0179822,SG-0180250,SG-0179822;SG-0179838;SG-0179894;SG-0179908;SG-0179916;SG-0179917;SG-0179938;SG-0179946;SG-0179959;SG-0179974;SG-0179989;SG-0180006;SG-0180014;SG-0180028;SG-0180048;SG-0180063;SG-0180095;SG-0180135;SG-0180142;SG-0180158;SG-0180182;SG-0180197;SG-0180213;SG-0180232;SG-0180250,normal; within sigma from mean range,1.91,1.87,1.86,1.82,CU-009,2025-10-31,E-0159,20260106T061500Z-QE24M
CAP-25-0292,C-13369-01,2025-10-31 10:53:00,annual layout,25,SG-0179986,SG-0180440,SG-0179986;SG-0180010;SG-0180017;SG-0180043;SG-0180058;SG-0180102;SG-0180138;SG-0180149;SG-0180172;SG-0180195;SG-0180221;SG-0180239;SG-0180257;SG-0180273;SG-0180294;SG-0180310;SG-0180320;SG-0180345;SG-0180372;SG-0180390;SG-0180402;SG-0180414;SG-0180420;SG-0180432;SG-0180440,normal; within sigma from mean range,1.79,1.73,1.76,1.7,CU-011,2025-11-05,E-0161,20260106T061500Z-QE24M
CAP-25-0293,C-13350-04,2025-11-04 14:21:00,annual layout,25,SG-0157380,SG-0181141,SG-0157380;SG-0157389;SG-0157390;SG-0157618;SG-0157645;SG-0180547;SG-0180556;SG-0180584;SG-0180591;SG-0180701;SG-0180719;SG-0180724;SG-0180741;SG-0180746;SG-0180750;SG-0180869;SG-0180870;SG-0180889;SG-0180910;SG-0180922;SG-0180935;SG-0181127;SG-0181130;SG-0181134;SG-0181141,normal; within sigma from mean range,2.07,1.98,1.89,1.81,CU-011,2025-11-09,E-0159,20260106T061500Z-QE24M
CAP-25-0294,C-14140-03,2025-11-04 14:29:00,annual layout,25,SG-0180572,SG-0181163,SG-0180572;SG-0180587;SG-0180589;SG-0180592;SG-0180599;SG-0180695;SG-0180698;SG-0180702;SG-0180716;SG-0180717;SG-0180743;SG-0180744;SG-0180752;SG-0180884;SG-0180886;SG-0180887;SG-0180891;SG-0180892;SG-0180896;SG-0180903;SG-0180916;SG-0180939;SG-0181132;SG-0181160;SG-0181163,normal; within sigma from mean range,1.45,1.45,1.49,1.48,CU-001,2025-11-04,E-0160,20260106T061500Z-QE24M
CAP-25-0295,C-14134-23,2025-11-04 20:19:00,annual layout,25,SG-0180754,SG-0181273,SG-0180754;SG-0180767;SG-0180777;SG-0180796;SG-0180809;SG-0180822;SG-0180832;SG-0180844;SG-0180862;SG-0180948;SG-0180971;SG-0180989;SG-0181004;SG-0181031;SG-0181050;SG-0181069;SG-0181091;SG-0181115;SG-0181170;SG-0181193;SG-0181211;SG-0181229;SG-0181246;SG-0181259;SG-0181273,normal; within sigma from mean range,1.51,1.24,1.46,1.2,CU-002,2025-11-04,E-0158,20260106T061500Z-QE24M
CAP-25-0296,C-14117-10,2025-11-05 06:12:00,annual layout,25,SG-0180539,SG-0181359,SG-0180539;SG-0180542;SG-0180611;SG-0180618;SG-0180625;SG-0180639;SG-0180661;SG-0180748;SG-0180773;SG-0180799;SG-0180818;SG-0180836;SG-0180857;SG-0180957;SG-0180992;SG-0181020;SG-0181060;SG-0181087;SG-0181122;SG-0181196;SG-0181224;SG-0181248;SG-0181270;SG-0181297;SG-0181359,normal; within sigma from mean range,1.24,1.04,1.25,1.04,CU-001,2025-11-07,E-0160,20260106T061500Z-QE24M
CAP-25-0297,C-11329-04,2025-11-05 14:14:00,annual layout,25,SG-0180890,SG-0181708,SG-0180890;SG-0180911;SG-0180921;SG-0180928;SG-0180936;SG-0180944;SG-0181131;SG-0181135;SG-0181139;SG-0181142;SG-0181148;SG-0181154;SG-0181155;SG-0181166;SG-0181167;SG-0181316;SG-0181323;SG-0181329;SG-0181335;SG-0181340;SG-0181343;SG-0181346;SG-0181350;SG-0181351;SG-0181708,normal; within sigma from mean range,2.29,2.2,2.21,2.13,CU-009,2025-11-09,E-0160,20260106T061500Z-QE24M
CAP-25-0298,C-13317-14,2025-11-05 20:21:00,annual layout,25,SG-0181235,SG-0182152,SG-0181235;SG-0181250;SG-0181265;SG-0181277;SG-0181293;SG-0181305;SG-0181325;SG-0181367;SG-0181383;SG-0181392;SG-0181417;SG-0181428;SG-0181466;SG-0181513;SG-0181566;SG-0181620;SG-0181679;SG-0181766;SG-0181821;SG-0181873;SG-0181934;SG-0181984;SG-0182047;SG-0182094;SG-0182152,normal; within sigma from mean range,1.7,1.61,1.69,1.6,CU-012,2025-11-07,E-0159,20260106T061500Z-QE24M
CAP-25-0299,C-11320-01,2025-11-06 11:03:00,annual layout,25,SG-0181827,SG-0182704,SG-0181827;SG-0181859;SG-0181895;SG-0181932;SG-0181967;SG-0182003;SG-0182039;SG-0182069;SG-0182110;SG-0182143;SG-0182174;SG-0182211;SG-0182243;SG-0182275;SG-0182335;SG-0182386;SG-0182422;SG-0182456;SG-0182493;SG-0182524;SG-0182565;SG-0182596;SG-0182638;SG-0182670;SG-0182704,normal; within sigma from mean range,1.77,1.75,1.69,1.67,CU-010,2025-11-09,E-0158,20260106T061500Z-QE24M
CAP-25-0300,C-11984-02,2025-11-06 11:49:00,annual layout,25,SG-0145004,SG-0182753,SG-0145004;SG-0145010;SG-0167625;SG-0167660;SG-0167691;SG-0167722;SG-0167755;SG-0167789;SG-0167812;SG-0167874;SG-0167903;SG-0167910;SG-0167915;SG-0167926;SG-0167931;SG-0167938;SG-0182260;SG-0182287;SG-0182507;SG-0182545;SG-0182581;SG-0182611;SG-0182653;SG-0182724;SG-0182753,normal; within sigma from mean range,2.04,1.96,2.02,1.94,CU-015,2025-11-06,E-0161,20260106T061500Z-QE24M
CAP-25-0301,C-13321-18,2025-11-07 17:34:00,annual layout,25,SG-0183339,SG-0183882,SG-0183339;SG-0183351;SG-0183360;SG-0183371;SG-0183514;SG-0183524;SG-0183532;SG-0183547;SG-0183554;SG-0183562;SG-0183575;SG-0183584;SG-0183589;SG-0183600;SG-0183610;SG-0183626;SG-0183638;SG-0183649;SG-0183665;SG-0183826;SG-0183839;SG-0183854;SG-0183863;SG-0183869;SG-0183882,normal; within sigma from mean range,1.55,1.46,1.61,1.51,CU-011,2025-11-10,E-0160,20260106T061500Z-QE24M
CAP-25-0302,C-12828-17,2025-11-07 20:20:00,annual layout,25,SG-0181889,SG-0183916,SG-0181889;SG-0181997;SG-0182104;SG-0182207;SG-0182327;SG-0182453;SG-0182563;SG-0182671;SG-0182773;SG-0182866;SG-0183040;SG-0183134;SG-0183213;SG-0183310;SG-0183354;SG-0183512;SG-0183541;SG-0183571;SG-0183595;SG-0183623;SG-0183659;SG-0183846;SG-0183875;SG-0183898;SG-0183916,normal; within sigma from mean range,,1.87,,1.71,CU-007,2025-11-11,E-0161,20260106T061500Z-QE24M
CAP-25-0303,C-13403-09,2025-11-11 12:20:00,annual layout,25,SG-0184507,SG-0185167,SG-0184507;SG-0184538;SG-0184563;SG-0184590;SG-0184617;SG-0184653;SG-0184673;SG-0184701;SG-0184726;SG-0184751;SG-0184810;SG-0184842;SG-0184863;SG-0184892;SG-0184910;SG-0184941;SG-0184961;SG-0184985;SG-0185012;SG-0185039;SG-0185067;SG-0185093;SG-0185116;SG-0185137;SG-0185167,normal; within sigma from mean range,1.6,1.48,1.64,1.52,CU-011,2025-11-15,E-0161,20260106T061500Z-QE24M
CAP-25-0304,C-12023-05,2025-11-12 13:23:00,annual layout,25,SG-0179804,SG-0185624,SG-0179804;SG-0179980;SG-0180191;SG-0180378;SG-0180466;SG-0180537;SG-0180632;SG-0180790;SG-0180962;SG-0181112;SG-0181281;SG-0181439;SG-0181919;SG-0182411;SG-0182850;SG-0183327;SG-0183581;SG-0183864;SG-0183981;SG-0184161;SG-0184606;SG-0185032;SG-0185401;SG-0185532;SG-0185624,normal; within sigma from mean range,2.04,1.93,2.11,2.0,CU-016,2025-11-14,E-0160,20260106T061500Z-QE24M
CAP-25-0305,C-11923-04,2025-11-13 06:32:00,annual layout,25,SG-0171522,SG-0185794,SG-0171522;SG-0171683;SG-0171726;SG-0171742;SG-0171754;SG-0171769;SG-0171779;SG-0184159;SG-0184365;SG-0184550;SG-0184637;SG-0184851;SG-0185015;SG-0185102;SG-0185181;SG-0185251;SG-0185413;SG-0185480;SG-0185500;SG-0185563;SG-0185588;SG-0185677;SG-0185722;SG-0185740;SG-0185794,normal; within sigma from mean range,1.28,1.24,1.2,1.16,CU-015,2025-11-16,E-0158,20260106T061500Z-QE24M
CAP-25-0306,C-12925-01,2025-11-13 22:58:00,annual layout,25,SG-0185777,SG-0186180,SG-0185777;SG-0185778;SG-0185891;SG-0185895;SG-0185902;SG-0185909;SG-0185913;SG-0185920;SG-0185942;SG-0185950;SG-0185955;SG-0185956;SG-0185957;SG-0185959;SG-0185963;SG-0186102;SG-0186107;SG-0186108;SG-0186115;SG-0186118;SG-0186142;SG-0186143;SG-0186147;SG-0186148;SG-0186180,normal; within sigma from mean range,1.96,1.86,2.05,1.95,CU-008,2025-11-14,E-0160,20260106T061500Z-QE24M
CAP-25-0307,C-14928-12,2025-11-14 13:58:00,annual layout,25,SG-0185980,SG-0186362,SG-0185980;SG-0185989;SG-0186001;SG-0186011;SG-0186023;SG-0186033;SG-0186045;SG-0186057;SG-0186066;SG-0186073;SG-0186086;SG-0186092;SG-0186140;SG-0186199;SG-0186212;SG-0186221;SG-0186239;SG-0186252;SG-0186268;SG-0186277;SG-0186293;SG-0186309;SG-0186322;SG-0186340;SG-0186362,normal; within sigma from mean range,1.9,1.81,1.31,1.25,CU-010,2025-11-19,E-0160,20260106T061500Z-QE24M
CAP-25-0308,C-14966-17,2025-11-14 20:58:00,annual layout,25,SG-0185747,SG-0186483,SG-0185747;SG-0185781;SG-0185801;SG-0185820;SG-0185836;SG-0185854;SG-0185872;SG-0185932;SG-0185997;SG-0186017;SG-0186042;SG-0186059;SG-0186080;SG-0186100;SG-0186209;SG-0186234;SG-0186260;SG-0186296;SG-0186324;SG-0186364;SG-0186393;SG-0186417;SG-0186434;SG-0186461;SG-0186483,normal; within sigma from mean range,2.81,2.71,2.02,1.95,CU-010,2025-11-16,E-0160,20260106T061500Z-QE24M
CAP-25-0309,C-14212-17,2025-11-17 07:18:00,annual layout,25,SG-0186289,SG-0186536,SG-0186289;SG-0186303;SG-0186314;SG-0186333;SG-0186343;SG-0186358;SG-0186376;SG-0186388;SG-0186403;SG-0186406;SG-0186412;SG-0186423;SG-0186431;SG-0186438;SG-0186450;SG-0186458;SG-0186468;SG-0186476;SG-0186485;SG-0186494;SG-0186501;SG-0186512;SG-0186518;SG-0186524;SG-0186536,normal; within sigma from mean range,1.8,1.72,1.81,1.73,CU-002,2025-11-17,E-0161,20260106T061500Z-QE24M
CAP-25-0310,C-11282-06,2025-11-17 07:52:00,annual layout,25,SG-0160243,SG-0186539,SG-0160243;SG-0160244;SG-0160276;SG-0160277;SG-0160300;SG-0160305;SG-0160324;SG-0160325;SG-0186299;SG-0186312;SG-0186331;SG-0186339;SG-0186349;SG-0186370;SG-0186386;SG-0186409;SG-0186420;SG-0186433;SG-0186444;SG-0186452;SG-0186462;SG-0186479;SG-0186506;SG-0186513;SG-0186539,normal; within sigma from mean range,1.92,1.81,1.82,1.71,CU-010,2025-11-19,E-0158,20260106T061500Z-QE24M
CAP-25-0311,C-12004-08,2025-11-17 15:40:00,annual layout,25,SG-0166157,SG-0186660,SG-0166157;SG-0166214;SG-0185789;SG-0185806;SG-0185837;SG-0185882;SG-0185981;SG-0186005;SG-0186031;SG-0186095;SG-0186203;SG-0186229;SG-0186319;SG-0186352;SG-0186391;SG-0186415;SG-0186437;SG-0186465;SG-0186488;SG-0186509;SG-0186546;SG-0186562;SG-0186578;SG-0186595;SG-0186660,normal; within sigma from mean range,2.62,2.59,2.26,2.23,CU-016,2025-11-22,E-0161,20260106T061500Z-QE24M
CAP-25-0312,C-11930-12,2025-11-19 09:45:00,annual layout,25,SG-0164276,SG-0187001,SG-0164276;SG-0164279;SG-0164280;SG-0164282;SG-0164453;SG-0164460;SG-0164461;SG-0164469;SG-0164485;SG-0186686;SG-0186719;SG-0186740;SG-0186756;SG-0186773;SG-0186794;SG-0186816;SG-0186873;SG-0186889;SG-0186896;SG-0186914;SG-0186926;SG-0186939;SG-0186969;SG-0186983;SG-0187001,normal; within sigma from mean range,1.4,1.38,1.31,1.28,CU-016,2025-11-22,E-0159,20260106T061500Z-QE24M
CAP-25-0313,C-14168-10,2025-11-19 15:53:00,annual layout,25,SG-0186812,SG-0187124,SG-0186812;SG-0186840;SG-0186872;SG-0186878;SG-0186887;SG-0186894;SG-0186901;SG-0186907;SG-0186917;SG-0186922;SG-0186933;SG-0186935;SG-0186961;SG-0186972;SG-0186978;SG-0186988;SG-0186995;SG-0187007;SG-0187019;SG-0187030;SG-0187046;SG-0187059;SG-0187082;SG-0187116;SG-0187124,normal; within sigma from mean range,1.84,1.82,1.77,1.76,CU-001,2025-11-19,E-0161,20260106T061500Z-QE24M
CAP-25-0314,C-11962-08,2025-11-20 08:25:00,annual layout,25,SG-0165431,SG-0187237,SG-0165431;SG-0165453;SG-0165475;SG-0165550;SG-0165570;SG-0165586;SG-0165603;SG-0165619;SG-0165677;SG-0165701;SG-0165719;SG-0165741;SG-0165758;SG-0165831;SG-0186982;SG-0187003;SG-0187027;SG-0187056;SG-0187118;SG-0187128;SG-0187141;SG-0187152;SG-0187175;SG-0187208;SG-0187237,normal; within sigma from mean range,1.51,1.45,1.46,1.41,CU-016,2025-11-21,E-0159,20260106T061500Z-QE24M
CAP-25-0315,C-14952-04,2025-11-20 14:14:00,annual layout,25,SG-0186704,SG-0187339,SG-0186704;SG-0186844;SG-0186849;SG-0186854;SG-0186857;SG-0186858;SG-0186864;SG-0186942;SG-0186943;SG-0186946;SG-0186954;SG-0186955;SG-0187077;SG-0187078;SG-0187079;SG-0187097;SG-0187098;SG-0187103;SG-0187179;SG-0187182;SG-0187187;SG-0187193;SG-0187195;SG-0187337;SG-0187339,normal; within sigma from mean range,2.34,2.25,1.87,1.8,CU-009,2025-11-21,E-0160,20260106T061500Z-QE24M
CAP-25-0316,C-11173-11,2025-11-20 17:41:00,annual layout,25,SG-0158944,SG-0187401,SG-0158944;SG-0159000;SG-0159098;SG-0186685;SG-0186723;SG-0186751;SG-0186783;SG-0186819;SG-0186881;SG-0186904;SG-0186920;SG-0186951;SG-0186980;SG-0187010;SG-0187037;SG-0187112;SG-0187133;SG-0187146;SG-0187166;SG-0187207;SG-0187246;SG-0187273;SG-0187305;SG-0187363;SG-0187401,normal; within sigma from mean range,1.7,1.7,1.22,1.22,CU-009,2025-11-25,E-0159,20260106T061500Z-QE24M
CAP-25-0317,C-11265-10,2025-11-21 09:08:00,annual layout,25,SG-0187351,SG-0187536,SG-0187351;SG-0187358;SG-0187369;SG-0187379;SG-0187382;SG-0187386;SG-0187400;SG-0187404;SG-0187407;SG-0187416;SG-0187425;SG-0187433;SG-0187437;SG-0187443;SG-0187449;SG-0187453;SG-0187457;SG-0187471;SG-0187493;SG-0187504;SG-0187506;SG-0187516;SG-0187525;SG-0187527;SG-0187536,normal; within sigma from mean range,1.54,1.47,1.5,1.43,CU-009,2025-11-23,E-0158,20260106T061500Z-QE24M
CAP-25-0318,C-14175-03,2025-11-24 14:28:00,annual layout,25,SG-0187342,SG-0187854,SG-0187342;SG-0187466;SG-0187467;SG-0187469;SG-0187479;SG-0187482;SG-0187487;SG-0187488;SG-0187580;SG-0187585;SG-0187592;SG-0187593;SG-0187597;SG-0187602;SG-0187604;SG-0187606;SG-0187663;SG-0187667;SG-0187668;SG-0187670;SG-0187678;SG-0187679;SG-0187680;SG-0187849;SG-0187854,normal; within sigma from mean range,2.23,2.04,2.23,2.04,CU-002,2025-11-28,E-0158,20260106T061500Z-QE24M
CAP-25-0319,C-12835-01,2025-11-25 06:35:00,annual layout,25,SG-0174704,SG-0188115,SG-0174704;SG-0174718;SG-0174731;SG-0174745;SG-0174870;SG-0174880;SG-0174892;SG-0174903;SG-0187789;SG-0187813;SG-0187830;SG-0187862;SG-0187883;SG-0187901;SG-0187915;SG-0187951;SG-0187974;SG-0187990;SG-0188006;SG-0188024;SG-0188044;SG-0188056;SG-0188078;SG-0188091;SG-0188115,normal; within sigma from mean range,1.56,1.54,1.5,1.48,CU-008,2025-11-25,E-0160,20260106T061500Z-QE24M
CAP-25-0320,C-11201-16,2025-11-25 15:26:00,annual layout,25,SG-0187772,SG-0188352,SG-0187772;SG-0187786;SG-0187822;SG-0187857;SG-0187888;SG-0187910;SG-0187938;SG-0187961;SG-0187991;SG-0188012;SG-0188036;SG-0188063;SG-0188083;SG-0188117;SG-0188141;SG-0188157;SG-0188176;SG-0188189;SG-0188206;SG-0188222;SG-0188247;SG-0188269;SG-0188292;SG-0188327;SG-0188352,normal; within sigma from mean range,1.34,1.29,1.19,1.15,CU-010,2025-11-30,E-0159,20260106T061500Z-QE24M
CAP-25-0321,C-12947-12,2025-11-25 15:54:00,annual layout,25,SG-0187781,SG-0188361,SG-0187781;SG-0187811;SG-0187846;SG-0187880;SG-0187904;SG-0187929;SG-0187954;SG-0187981;SG-0188001;SG-0188032;SG-0188051;SG-0188079;SG-0188100;SG-0188138;SG-0188149;SG-0188171;SG-0188180;SG-0188194;SG-0188216;SG-0188237;SG-0188258;SG-0188283;SG-0188305;SG-0188340;SG-0188361,normal; within sigma from mean range,2.02,2.01,1.98,1.97,CU-007,2025-11-25,E-0158,20260106T061500Z-QE24M
CAP-25-0322,C-12016-08,2025-12-01 09:34:00,annual layout,25,SG-0188019,SG-0189002,SG-0188019;SG-0188069;SG-0188126;SG-0188159;SG-0188192;SG-0188228;SG-0188272;SG-0188334;SG-0188379;SG-0188406;SG-0188438;SG-0188470;SG-0188527;SG-0188573;SG-0188611;SG-0188657;SG-0188705;SG-0188768;SG-0188806;SG-0188839;SG-0188871;SG-0188902;SG-0188940;SG-0188968;SG-0189002,normal; within sigma from mean range,1.79,1.69,1.84,1.73,CU-015,2025-12-03,E-0160,20260106T061500Z-QE24M
CAP-25-0323,C-12868-03,2025-12-02 08:12:00,annual layout,25,SG-0165789,SG-0190181,SG-0165789;SG-0188989;SG-0189004;SG-0189017;SG-0189045;SG-0189099;SG-0189146;SG-0189186;SG-0189229;SG-0189338;SG-0189376;SG-0189416;SG-0189457;SG-0189493;SG-0189540;SG-0189572;SG-0189616;SG-0189651;SG-0189698;SG-0189765;SG-0189835;SG-0189970;SG-0190040;SG-0190115;SG-0190181,normal; within sigma from mean range,2.18,2.13,2.13,2.08,CU-008,2025-12-05,E-0158,20260106T061500Z-QE24M
CAP-25-0324,C-11167-04,2025-12-02 14:28:00,annual layout,25,SG-0160357,SG-0190874,SG-0160357;SG-0160469;SG-0160579;SG-0160682;SG-0160784;SG-0160885;SG-0161295;SG-0161386;SG-0161475;SG-0161563;SG-0161620;SG-0161956;SG-0161973;SG-0161987;SG-0162002;SG-0189253;SG-0189268;SG-0189284;SG-0189296;SG-0189884;SG-0189943;SG-0189963;SG-0190798;SG-0190799;SG-0190874,normal; within sigma from mean range,1.45,1.37,1.09,1.03,CU-010,2025-12-05,E-0159,20260106T061500Z-QE24M
CAP-25-0325,C-12878-19,2025-12-03 09:44:00,annual layout,25,SG-0155690,SG-0191779,SG-0155690;SG-0155699;SG-0190624;SG-0190684;SG-0190750;SG-0190888;SG-0190959;SG-0191024;SG-0191090;SG-0191147;SG-0191212;SG-0191265;SG-0191300;SG-0191332;SG-0191371;SG-0191408;SG-0191437;SG-0191473;SG-0191530;SG-0191582;SG-0191621;SG-0191659;SG-0191701;SG-0191739;SG-0191779,normal; within sigma from mean range,2.34,2.31,2.38,2.35,CU-007,2025-12-07,E-0160,20260106T061500Z-QE24M
CAP-25-0326,C-12884-18,2025-12-04 07:12:00,annual layout,25,SG-0143736,SG-0192546,SG-0143736;SG-0143739;SG-0143745;SG-0143756;SG-0192054;SG-0192113;SG-0192125;SG-0192128;SG-0192137;SG-0192145;SG-0192149;SG-0192166;SG-0192191;SG-0192217;SG-0192247;SG-0192268;SG-0192294;SG-0192322;SG-0192346;SG-0192377;SG-0192399;SG-0192425;SG-0192488;SG-0192515;SG-0192546,normal; within sigma from mean range,2.01,1.98,1.9,1.87,CU-008,2025-12-06,E-0158,20260106T061500Z-QE24M
CAP-25-0327,C-11226-05,2025-12-06 10:00:00,annual layout,25,SG-0171815,SG-0172104,SG-0171815;SG-0171816;SG-0171823;SG-0171831;SG-0171847;SG-0171855;SG-0171865;SG-0171936;SG-0171943;SG-0171972;SG-0171973;SG-0171980;SG-0171981;SG-0172031;SG-0172038;SG-0172043;SG-0172044;SG-0172049;SG-0172065;SG-0172080;SG-0172082;SG-0172084;SG-0172087;SG-0172091;SG-0172104,normal; within sigma from mean range,,1.89,,1.86,CU-009,2025-12-10,E-0161,20260106T061500Z-QE24M
CAP-25-0328,C-12988-16,2025-12-06 11:00:00,annual layout,25,SG-0146777,SG-0169170,SG-0146777;SG-0146787;SG-0146796;SG-0168892;SG-0168894;SG-0168902;SG-0168908;SG-0168921;SG-0168968;SG-0168972;SG-0168976;SG-0168984;SG-0168988;SG-0168993;SG-0168998;SG-0169003;SG-0169016;SG-0169035;SG-0169054;SG-0169067;SG-0169105;SG-0169155;SG-0169163;SG-0169167;SG-0169170,normal; within sigma from mean range,1.11,0.92,1.05,0.87,CU-007,2025-12-10,E-0160,20260106T061500Z-QE24M
CAP-25-0329,C-12835-25,2025-12-06 13:00:00,annual layout,25,SG-0174830,SG-0188134,SG-0174830;SG-0174851;SG-0174859;SG-0174871;SG-0174881;SG-0174893;SG-0174905;SG-0187815;SG-0187832;SG-0187866;SG-0187885;SG-0187899;SG-0187917;SG-0187936;SG-0187953;SG-0187972;SG-0187993;SG-0188008;SG-0188021;SG-0188042;SG-0188057;SG-0188077;SG-0188089;SG-0188113;SG-0188134,normal; within sigma from mean range,1.15,0.5,1.13,0.49,CU-008,2025-12-11,E-0158,20260106T061500Z-QE24M
CAP-25-0330,C-13380-18,2025-12-06 13:00:00,annual layout,25,SG-0164735,SG-0165343,SG-0164735;SG-0164736;SG-0164804;SG-0164816;SG-0164829;SG-0164830;SG-0164852;SG-0164911;SG-0164912;SG-0164926;SG-0164927;SG-0165025;SG-0165094;SG-0165109;SG-0165132;SG-0165159;SG-0165160;SG-0165172;SG-0165184;SG-0165185;SG-0165186;SG-0165199;SG-0165200;SG-0165232;SG-0165343,normal; within sigma from mean range,1.6,1.31,1.63,1.33,CU-012,2025-12-09,E-0160,20260106T061500Z-QE24M
CAP-25-0331,C-13502-09,2025-12-06 13:00:00,annual layout,25,SG-0174253,SG-0174504,SG-0174253;SG-0174261;SG-0174269;SG-0174278;SG-0174289;SG-0174294;SG-0174299;SG-0174310;SG-0174353;SG-0174358;SG-0174365;SG-0174372;SG-0174378;SG-0174381;SG-0174388;SG-0174393;SG-0174401;SG-0174408;SG-0174411;SG-0174416;SG-0174478;SG-0174485;SG-0174494;SG-0174499;SG-0174504,normal; within sigma from mean range,1.08,1.06,1.04,1.02,CU-012,2025-12-09,E-0158,20260106T061500Z-QE24M
CAP-25-0332,C-12023-09,2025-12-06 14:00:00,annual layout,25,SG-0179805,SG-0185623,SG-0179805;SG-0179978;SG-0180192;SG-0180377;SG-0180463;SG-0180536;SG-0180633;SG-0180787;SG-0180963;SG-0181111;SG-0181282;SG-0181441;SG-0181922;SG-0182412;SG-0182855;SG-0183326;SG-0183582;SG-0183865;SG-0183983;SG-0184168;SG-0184610;SG-0185031;SG-0185399;SG-0185531;SG-0185623,normal; within sigma from mean range,2.2,2.18,1.93,1.91,CU-016,2025-12-10,E-0158,20260106T061500Z-QE24M
CAP-25-0333,C-12907-17,2025-12-06 14:00:00,annual layout,25,SG-0144609,SG-0171558,SG-0144609;SG-0144620;SG-0144623;SG-0144635;SG-0171007;SG-0171058;SG-0171068;SG-0171083;SG-0171094;SG-0171107;SG-0171116;SG-0171125;SG-0171143;SG-0171158;SG-0171176;SG-0171235;SG-0171263;SG-0171306;SG-0171335;SG-0171374;SG-0171407;SG-0171444;SG-0171479;SG-0171510;SG-0171558,normal; within sigma from mean range,1.38,0.79,1.34,0.76,CU-007,2025-12-10,E-0160,20260106T061500Z-QE24M
CAP-25-0334,C-13403-34,2025-12-07 11:00:00,annual layout,25,SG-0184510,SG-0185164,SG-0184510;SG-0184539;SG-0184564;SG-0184592;SG-0184619;SG-0184647;SG-0184676;SG-0184702;SG-0184729;SG-0184752;SG-0184811;SG-0184839;SG-0184865;SG-0184888;SG-0184917;SG-0184943;SG-0184963;SG-0184986;SG-0185010;SG-0185036;SG-0185065;SG-0185094;SG-0185117;SG-0185142;SG-0185164,normal; within sigma from mean range,1.38,1.24,1.24,1.11,CU-011,2025-12-09,E-0160,20260106T061500Z-QE24M
CAP-25-0335,C-11329-29,2025-12-07 13:00:00,annual layout,25,SG-0180914,SG-0181723,SG-0180914;SG-0180923;SG-0180932;SG-0180941;SG-0180942;SG-0180945;SG-0181133;SG-0181136;SG-0181137;SG-0181149;SG-0181151;SG-0181152;SG-0181156;SG-0181159;SG-0181162;SG-0181319;SG-0181324;SG-0181333;SG-0181334;SG-0181336;SG-0181344;SG-0181347;SG-0181352;SG-0181353;SG-0181723,normal; within sigma from mean range,0.96,0.75,1.01,0.79,CU-009,2025-12-12,E-0158,20260106T061500Z-QE24M
CAP-25-0336,C-14159-18,2025-12-08 08:00:00,annual layout,25,SG-0120072,SG-0156474,SG-0120072;SG-0120245;SG-0120246;SG-0120249;SG-0120255;SG-0120298;SG-0120307;SG-0146994;SG-0146997;SG-0147013;SG-0147021;SG-0147098;SG-0147106;SG-0147114;SG-0147130;SG-0147136;SG-0156322;SG-0156332;SG-0156352;SG-0156370;SG-0156374;SG-0156385;SG-0156421;SG-0156456;SG-0156474,normal; within sigma from mean range,,1.52,,1.49,CU-002,2025-12-12,E-0161,20260106T061500Z-QE24M
CAP-25-0337,C-11167-24,2025-12-08 11:00:00,annual layout,25,SG-0161976,SG-0190893,SG-0161976;SG-0161984;SG-0161991;SG-0162001;SG-0162012;SG-0189239;SG-0189242;SG-0189243;SG-0189297;SG-0189880;SG-0189921;SG-0189922;SG-0189937;SG-0189944;SG-0189945;SG-0189946;SG-0189956;SG-0189957;SG-0190783;SG-0190793;SG-0190806;SG-0190855;SG-0190876;SG-0190879;SG-0190893,normal; within sigma from mean range,,2.18,,1.94,CU-010,2025-12-10,E-0159,20260106T061500Z-QE24M
CAP-25-0338,C-12016-39,2025-12-08 12:00:00,annual layout,25,SG-0188016,SG-0189000,SG-0188016;SG-0188071;SG-0188128;SG-0188161;SG-0188191;SG-0188229;SG-0188271;SG-0188336;SG-0188378;SG-0188404;SG-0188437;SG-0188471;SG-0188528;SG-0188572;SG-0188612;SG-0188658;SG-0188706;SG-0188766;SG-0188805;SG-0188842;SG-0188870;SG-0188903;SG-0188938;SG-0188967;SG-0189000,normal; within sigma from mean range,1.62,1.54,1.46,1.4,CU-015,2025-12-09,E-0161,20260106T061500Z-QE24M
CAP-25-0339,C-11909-03,2025-12-08 13:00:00,annual layout,25,SG-0183266,SG-0185855,SG-0183266;SG-0183367;SG-0183558;SG-0183615;SG-0183835;SG-0183897;SG-0183937;SG-0183999;SG-0184039;SG-0184235;SG-0184443;SG-0184644;SG-0184867;SG-0185051;SG-0185219;SG-0185392;SG-0185499;SG-0185523;SG-0185559;SG-0185606;SG-0185667;SG-0185718;SG-0185758;SG-0185818;SG-0185855,normal; within sigma from mean range,1.14,0.88,1.06,0.82,CU-015,2025-12-11,E-0158,20260106T061500Z-QE24M
CAP-25-0340,C-14992-08,2025-12-09 11:00:00,annual layout,25,SG-0193400,SG-0194238,SG-0193400;SG-0193469;SG-0193550;SG-0193618;SG-0193703;SG-0193846;SG-0193856;SG-0193871;SG-0193879;SG-0193895;SG-0193907;SG-0193958;SG-0193981;SG-0193994;SG-0194020;SG-0194040;SG-0194096;SG-0194110;SG-0194127;SG-0194137;SG-0194150;SG-0194182;SG-0194211;SG-0194225;SG-0194238,normal; within sigma from mean range,2.39,2.23,1.78,1.65,CU-010,2025-12-14,E-0161,20260106T061500Z-QE24M
CAP-25-0341,C-14168-34,2025-12-08 14:00:00,annual layout,25,SG-0186814,SG-0187122,SG-0186814;SG-0186837;SG-0186871;SG-0186880;SG-0186885;SG-0186893;SG-0186903;SG-0186908;SG-0186919;SG-0186924;SG-0186932;SG-0186937;SG-0186963;SG-0186971;SG-0186977;SG-0186989;SG-0186996;SG-0187009;SG-0187018;SG-0187032;SG-0187047;SG-0187062;SG-0187083;SG-0187119;SG-0187122,normal; within sigma from mean range,1.59,1.54,1.51,1.46,CU-001,2025-12-13,E-0160,20260106T061500Z-QE24M
CAP-25-0342,C-14918-14,2025-12-08 14:16:00,annual layout,25,SG-0192470,SG-0194063,SG-0192470;SG-0192892;SG-0192904;SG-0192934;SG-0192946;SG-0192947;SG-0193326;SG-0193331;SG-0193346;SG-0193355;SG-0193362;SG-0193366;SG-0193778;SG-0193789;SG-0193790;SG-0193815;SG-0193821;SG-0193918;SG-0193926;SG-0193927;SG-0193930;SG-0193935;SG-0193943;SG-0194062;SG-0194063,normal; within sigma from mean range,2.58,2.4,2.26,2.1,CU-009,2025-12-08,E-0158,20260106T061500Z-QE24M
CAP-25-0343,C-14103-05,2025-12-09 06:39:00,annual layout,25,SG-0193132,SG-0194190,SG-0193132;SG-0193200;SG-0193267;SG-0193376;SG-0193448;SG-0193522;SG-0193602;SG-0193680;SG-0193779;SG-0193852;SG-0193866;SG-0193878;SG-0193894;SG-0193906;SG-0193957;SG-0193985;SG-0193996;SG-0194022;SG-0194043;SG-0194098;SG-0194113;SG-0194132;SG-0194141;SG-0194158;SG-0194190,normal; within sigma from mean range,1.45,1.43,1.42,1.39,CU-001,2025-12-11,E-0160,20260106T061500Z-QE24M
CAP-25-0344,C-13317-20,2025-12-09 10:00:00,annual layout,25,SG-0181238,SG-0182154,SG-0181238;SG-0181252;SG-0181266;SG-0181276;SG-0181292;SG-0181302;SG-0181321;SG-0181369;SG-0181379;SG-0181398;SG-0181418;SG-0181427;SG-0181469;SG-0181512;SG-0181567;SG-0181618;SG-0181680;SG-0181770;SG-0181822;SG-0181869;SG-0181931;SG-0181982;SG-0182042;SG-0182091;SG-0182154,normal; within sigma from mean range,,1.74,,1.64,CU-012,2025-12-11,E-0160,20260106T061500Z-QE24M
CAP-25-0345,C-11301-23,2025-12-09 12:00:00,annual layout,25,SG-0179823,SG-0180248,SG-0179823;SG-0179837;SG-0179892;SG-0179909;SG-0179914;SG-0179920;SG-0179933;SG-0179948;SG-0179960;SG-0179977;SG-0179988;SG-0180005;SG-0180016;SG-0180029;SG-0180049;SG-0180062;SG-0180100;SG-0180136;SG-0180144;SG-0180159;SG-0180178;SG-0180196;SG-0180217;SG-0180234;SG-0180248,normal; within sigma from mean range,,1.7,,1.71,CU-009,2025-12-11,E-0158,20260106T061500Z-QE24M
CAP-25-0346,C-11301-32,2025-12-09 14:00:00,annual layout,25,SG-0179821,SG-0180251,SG-0179821;SG-0179834;SG-0179893;SG-0179910;SG-0179915;SG-0179918;SG-0179934;SG-0179947;SG-0179957;SG-0179973;SG-0179987;SG-0180007;SG-0180015;SG-0180030;SG-0180050;SG-0180064;SG-0180101;SG-0180137;SG-0180143;SG-0180160;SG-0180181;SG-0180198;SG-0180214;SG-0180233;SG-0180251,normal; within sigma from mean range,0.84,0.67,0.85,0.68,CU-009,2025-12-12,E-0161,20260106T061500Z-QE24M
CAP-25-0347,C-11167-38,2025-12-10 08:00:00,annual layout,25,SG-0161999,SG-0190877,SG-0161999;SG-0162013;SG-0189254;SG-0189298;SG-0189299;SG-0189306;SG-0189307;SG-0189311;SG-0189312;SG-0189869;SG-0189881;SG-0189901;SG-0189902;SG-0189923;SG-0189931;SG-0189938;SG-0189947;SG-0189948;SG-0189958;SG-0190784;SG-0190794;SG-0190800;SG-0190807;SG-0190844;SG-0190877,normal; within sigma from mean range,1.04,0.75,0.97,0.7,CU-010,2025-12-15,E-0160,20260106T061500Z-QE24M
CAP-25-0348,C-14159-01,2025-12-10 08:13:00,annual layout,25,SG-0120275,SG-0194380,SG-0120275;SG-0120278;SG-0120279;SG-0120297;SG-0120302;SG-0120305;SG-0146981;SG-0146993;SG-0146998;SG-0147012;SG-0147047;SG-0147092;SG-0147105;SG-0147115;SG-0147126;SG-0156321;SG-0156333;SG-0156343;SG-0156382;SG-0156386;SG-0156425;SG-0156455;SG-0156460;SG-0156472;SG-0194380,normal; within sigma from mean range,1.51,1.48,1.51,1.47,CU-002,2025-12-10,E-0159,20260106T061500Z-QE24M
CAP-25-0349,C-12835-13,2025-12-10 12:00:00,annual layout,25,SG-0174814,SG-0188137,SG-0174814;SG-0174818;SG-0174829;SG-0174840;SG-0174854;SG-0174862;SG-0174872;SG-0174882;SG-0174891;SG-0174904;SG-0187790;SG-0187814;SG-0187831;SG-0187863;SG-0187884;SG-0187900;SG-0187916;SG-0187934;SG-0187952;SG-0187968;SG-0188025;SG-0188076;SG-0188088;SG-0188116;SG-0188137,normal; within sigma from mean range,1.76,1.67,1.76,1.66,CU-008,2025-12-12,E-0158,20260106T061500Z-QE24M
CAP-25-0350,C-13012-25,2025-12-10 12:00:00,annual layout,25,SG-0146678,SG-0185288,SG-0146678;SG-0146698;SG-0146713;SG-0146774;SG-0184209;SG-0184210;SG-0184223;SG-0184224;SG-0184233;SG-0184255;SG-0184261;SG-0184262;SG-0184266;SG-0184759;SG-0184762;SG-0184767;SG-0184787;SG-0184788;SG-0184795;SG-0184799;SG-0184804;SG-0184807;SG-0185260;SG-0185282;SG-0185288,normal; within sigma from mean range,1.03,0.8,1.03,0.81,CU-008,2025-12-13,E-0159,20260106T061500Z-QE24M
CAP-25-0351,C-14108-14,2025-12-10 14:29:00,annual layout,25,SG-0194172,SG-0194494,SG-0194172;SG-0194261;SG-0194262;SG-0194266;SG-0194271;SG-0194272;SG-0194273;SG-0194277;SG-0194300;SG-0194329;SG-0194330;SG-0194333;SG-0194335;SG-0194340;SG-0194342;SG-0194349;SG-0194353;SG-0194366;SG-0194460;SG-0194468;SG-0194469;SG-0194473;SG-0194476;SG-0194490;SG-0194494,normal; within sigma from mean range,1.12,0.87,1.11,0.86,CU-002,2025-12-11,E-0161,20260106T061500Z-QE24M
CAP-25-0352,C-11226-03,2025-12-11 19:10:00,annual layout,25,SG-0194325,SG-0194771,SG-0194325;SG-0194326;SG-0194374;SG-0194377;SG-0194384;SG-0194401;SG-0194414;SG-0194438;SG-0194480;SG-0194508;SG-0194519;SG-0194532;SG-0194542;SG-0194555;SG-0194567;SG-0194599;SG-0194620;SG-0194639;SG-0194656;SG-0194673;SG-0194691;SG-0194739;SG-0194746;SG-0194758;SG-0194771,normal; within sigma from mean range,1.21,1.2,1.17,1.16,CU-009,2025-12-12,E-0158,20260106T061500Z-QE24M
CAP-25-0353,C-12828-36,2025-12-11 08:00:00,annual layout,25,SG-0181893,SG-0183918,SG-0181893;SG-0181995;SG-0182106;SG-0182205;SG-0182333;SG-0182460;SG-0182568;SG-0182675;SG-0182774;SG-0182863;SG-0183038;SG-0183132;SG-0183216;SG-0183313;SG-0183353;SG-0183513;SG-0183544;SG-0183570;SG-0183594;SG-0183628;SG-0183661;SG-0183849;SG-0183880;SG-0183901;SG-0183918,normal; within sigma from mean range,,1.86,,1.93,CU-007,2025-12-11,E-0159,20260106T061500Z-QE24M
CAP-25-0354,C-12878-28,2025-12-11 09:00:00,annual layout,25,SG-0155710,SG-0191780,SG-0155710;SG-0155723;SG-0190620;SG-0190688;SG-0190753;SG-0190889;SG-0190960;SG-0191020;SG-0191092;SG-0191145;SG-0191210;SG-0191266;SG-0191302;SG-0191333;SG-0191368;SG-0191405;SG-0191439;SG-0191472;SG-0191532;SG-0191581;SG-0191622;SG-0191660;SG-0191702;SG-0191740;SG-0191780,normal; within sigma from mean range,1.39,0.55,1.4,0.55,CU-007,2025-12-13,E-0158,20260106T061500Z-QE24M
CAP-25-0355,C-13357-17,2025-12-11 10:00:00,annual layout,25,SG-0164806,SG-0165358,SG-0164806;SG-0164818;SG-0164854;SG-0164855;SG-0164856;SG-0164869;SG-0164878;SG-0164928;SG-0164942;SG-0164943;SG-0164958;SG-0165022;SG-0165026;SG-0165058;SG-0165069;SG-0165095;SG-0165096;SG-0165111;SG-0165112;SG-0165123;SG-0165163;SG-0165165;SG-0165213;SG-0165344;SG-0165358,normal; within sigma from mean range,1.62,1.53,1.51,1.43,CU-012,2025-12-13,E-0158,20260106T061500Z-QE24M
CAP-25-0356,C-14108-29,2025-12-11 10:00:00,annual layout,25,SG-0194177,SG-0194495,SG-0194177;SG-0194178;SG-0194259;SG-0194265;SG-0194267;SG-0194278;SG-0194282;SG-0194285;SG-0194295;SG-0194301;SG-0194331;SG-0194336;SG-0194338;SG-0194343;SG-0194344;SG-0194351;SG-0194354;SG-0194357;SG-0194360;SG-0194463;SG-0194470;SG-0194477;SG-0194486;SG-0194487;SG-0194495,normal; within sigma from mean range,1.43,1.31,1.38,1.26,CU-002,2025-12-13,E-0161,20260106T061500Z-QE24M
CAP-25-0357,C-13012-03,2025-12-11 13:00:00,annual layout,25,SG-0146679,SG-0185287,SG-0146679;SG-0146696;SG-0146711;SG-0146772;SG-0184207;SG-0184214;SG-0184215;SG-0184220;SG-0184238;SG-0184245;SG-0184248;SG-0184251;SG-0184258;SG-0184765;SG-0184766;SG-0184771;SG-0184772;SG-0184782;SG-0184796;SG-0184797;SG-0184802;SG-0184805;SG-0185262;SG-0185270;SG-0185287,normal; within sigma from mean range,1.64,1.58,1.48,1.43,CU-008,2025-12-15,E-0159,20260106T061500Z-QE24M
CAP-25-0358,C-11950-34,2025-12-11 15:00:00,annual layout,25,SG-0189325,SG-0191548,SG-0189325;SG-0189882;SG-0189895;SG-0189903;SG-0189904;SG-0189917;SG-0189924;SG-0189933;SG-0189959;SG-0190785;SG-0190812;SG-0190830;SG-0190831;SG-0190838;SG-0190839;SG-0190847;SG-0190848;SG-0190885;SG-0191500;SG-0191504;SG-0191512;SG-0191515;SG-0191527;SG-0191531;SG-0191548,normal; within sigma from mean range,1.71,1.51,1.47,1.29,CU-015,2025-12-11,E-0158,20260106T061500Z-QE24M
CAP-25-0359,C-14989-04,2025-12-11 20:10:00,annual layout,25,SG-0194506,SG-0194780,SG-0194506;SG-0194517;SG-0194524;SG-0194527;SG-0194538;SG-0194548;SG-0194553;SG-0194557;SG-0194582;SG-0194597;SG-0194611;SG-0194628;SG-0194638;SG-0194646;SG-0194658;SG-0194672;SG-0194685;SG-0194696;SG-0194731;SG-0194743;SG-0194749;SG-0194756;SG-0194766;SG-0194774;SG-0194780,normal; within sigma from mean range,2.55,2.32,1.96,1.78,CU-009,2025-12-11,E-0160,20260106T061500Z-QE24M
CAP-25-0360,C-13447-02,2025-12-12 08:00:00,annual layout,25,SG-0180226,SG-0181000,SG-0180226;SG-0180268;SG-0180314;SG-0180363;SG-0180398;SG-0180427;SG-0180450;SG-0180461;SG-0180514;SG-0180523;SG-0180525;SG-0180535;SG-0180540;SG-0180607;SG-0180614;SG-0180623;SG-0180641;SG-0180671;SG-0180761;SG-0180784;SG-0180814;SG-0180831;SG-0180853;SG-0180960;SG-0181000,normal; within sigma from mean range,1.64,1.45,1.61,1.42,CU-011,2025-12-13,E-0161,20260106T061500Z-QE24M
CAP-25-0361,C-11347-33,2025-12-12 11:00:00,annual layout,25,SG-0179484,SG-0180125,SG-0179484;SG-0179490;SG-0179493;SG-0179497;SG-0179655;SG-0179660;SG-0179661;SG-0179664;SG-0179667;SG-0179673;SG-0179678;SG-0179681;SG-0179689;SG-0179843;SG-0179850;SG-0179858;SG-0179871;SG-0179872;SG-0179881;SG-0179884;SG-0179885;SG-0180080;SG-0180098;SG-0180119;SG-0180125,normal; within sigma from mean range,1.46,1.27,1.33,1.16,CU-010,2025-12-17,E-0158,20260106T061500Z-QE24M
CAP-25-0362,C-14928-31,2025-12-12 11:00:00,annual layout,25,SG-0185979,SG-0186363,SG-0185979;SG-0185987;SG-0185998;SG-0186012;SG-0186025;SG-0186034;SG-0186047;SG-0186056;SG-0186065;SG-0186075;SG-0186087;SG-0186094;SG-0186151;SG-0186202;SG-0186214;SG-0186220;SG-0186240;SG-0186253;SG-0186267;SG-0186276;SG-0186295;SG-0186308;SG-0186325;SG-0186342;SG-0186363,normal; within sigma from mean range,1.47,1.47,1.49,1.49,CU-010,2025-12-15,E-0158,20260106T061500Z-QE24M
CAP-25-0363,C-11347-22,2025-12-12 15:00:00,annual layout,25,SG-0179477,SG-0180126,SG-0179477;SG-0179481;SG-0179492;SG-0179500;SG-0179641;SG-0179642;SG-0179643;SG-0179645;SG-0179679;SG-0179683;SG-0179688;SG-0179693;SG-0179701;SG-0179845;SG-0179855;SG-0179861;SG-0179869;SG-0179875;SG-0179876;SG-0179877;SG-0179880;SG-0180120;SG-0180122;SG-0180123;SG-0180126,normal; within sigma from mean range,1.44,1.17,1.37,1.12,CU-010,2025-12-13,E-0161,20260106T061500Z-QE24M
CAP-25-0364,C-11253-37,2025-12-13 09:00:00,annual layout,25,SG-0192223,SG-0194304,SG-0192223;SG-0192365;SG-0192539;SG-0192673;SG-0192801;SG-0193003;SG-0193118;SG-0193231;SG-0193381;SG-0193502;SG-0193626;SG-0193759;SG-0193865;SG-0193883;SG-0193902;SG-0193968;SG-0194001;SG-0194033;SG-0194104;SG-0194129;SG-0194147;SG-0194195;SG-0194228;SG-0194248;SG-0194304,normal; within sigma from mean range,1.37,1.19,1.29,1.12,CU-010,2025-12-16,E-0160,20260106T061500Z-QE24M
CAP-25-0365,C-14175-10,2025-12-13 12:00:00,annual layout,25,SG-0187335,SG-0187855,SG-0187335;SG-0187470;SG-0187475;SG-0187476;SG-0187477;SG-0187480;SG-0187483;SG-0187485;SG-0187576;SG-0187584;SG-0187586;SG-0187590;SG-0187596;SG-0187598;SG-0187607;SG-0187608;SG-0187659;SG-0187661;SG-0187664;SG-0187665;SG-0187666;SG-0187675;SG-0187676;SG-0187838;SG-0187855,normal; within sigma from mean range,,1.49,,1.46,CU-002,2025-12-17,E-0159,20260106T061500Z-QE24M
CAP-25-0366,C-12828-28,2025-12-13 15:00:00,annual layout,25,SG-0181892,SG-0183919,SG-0181892;SG-0181994;SG-0182105;SG-0182208;SG-0182332;SG-0182454;SG-0182564;SG-0182672;SG-0182776;SG-0182861;SG-0183041;SG-0183130;SG-0183214;SG-0183311;SG-0183355;SG-0183515;SG-0183542;SG-0183572;SG-0183593;SG-0183624;SG-0183658;SG-0183847;SG-0183876;SG-0183899;SG-0183919,normal; within sigma from mean range,1.32,1.29,1.26,1.24,CU-007,2025-12-16,E-0161,20260106T061500Z-QE24M
CAP-25-0367,C-13483-04,2025-12-13 15:00:00,annual layout,25,SG-0185921,SG-0186191,SG-0185921;SG-0185927;SG-0185935;SG-0185944;SG-0185945;SG-0185946;SG-0185947;SG-0185952;SG-0186109;SG-0186110;SG-0186121;SG-0186122;SG-0186126;SG-0186127;SG-0186132;SG-0186152;SG-0186167;SG-0186168;SG-0186169;SG-0186177;SG-0186178;SG-0186181;SG-0186186;SG-0186187;SG-0186191,normal; within sigma from mean range,1.08,1.07,1.1,1.09,CU-011,2025-12-17,E-0161,20260106T061500Z-QE24M
CAP-25-0368,C-13369-32,2025-12-14 11:00:00,annual layout,25,SG-0179985,SG-0180442,SG-0179985;SG-0180011;SG-0180020;SG-0180042;SG-0180060;SG-0180097;SG-0180141;SG-0180147;SG-0180173;SG-0180194;SG-0180218;SG-0180236;SG-0180259;SG-0180274;SG-0180293;SG-0180311;SG-0180322;SG-0180346;SG-0180373;SG-0180385;SG-0180403;SG-0180417;SG-0180423;SG-0180434;SG-0180442,normal; within sigma from mean range,1.44,1.23,1.48,1.26,CU-011,2025-12-16,E-0161,20260106T061500Z-QE24M
CAP-25-0369,C-13403-24,2025-12-14 12:00:00,annual layout,25,SG-0184509,SG-0185163,SG-0184509;SG-0184529;SG-0184566;SG-0184591;SG-0184618;SG-0184651;SG-0184675;SG-0184704;SG-0184728;SG-0184755;SG-0184816;SG-0184838;SG-0184864;SG-0184891;SG-0184916;SG-0184942;SG-0184964;SG-0184983;SG-0185013;SG-0185040;SG-0185068;SG-0185091;SG-0185119;SG-0185141;SG-0185163,normal; within sigma from mean range,,1.8,,1.64,CU-011,2025-12-14,E-0159,20260106T061500Z-QE24M
CAP-25-0370,C-14140-25,2025-12-14 12:00:00,annual layout,25,SG-0180576,SG-0181161,SG-0180576;SG-0180581;SG-0180583;SG-0180590;SG-0180594;SG-0180690;SG-0180697;SG-0180709;SG-0180712;SG-0180722;SG-0180723;SG-0180732;SG-0180740;SG-0180879;SG-0180888;SG-0180899;SG-0180905;SG-0180909;SG-0180913;SG-0180927;SG-0180934;SG-0180943;SG-0181129;SG-0181138;SG-0181161,normal; within sigma from mean range,1.31,1.23,1.3,1.22,CU-001,2025-12-19,E-0161,20260106T061500Z-QE24M
CAP-25-0371,C-14966-19,2025-12-14 15:00:00,annual layout,25,SG-0185748,SG-0186484,SG-0185748;SG-0185782;SG-0185803;SG-0185822;SG-0185834;SG-0185852;SG-0185873;SG-0185933;SG-0185995;SG-0186019;SG-0186043;SG-0186060;SG-0186081;SG-0186101;SG-0186211;SG-0186235;SG-0186263;SG-0186291;SG-0186326;SG-0186366;SG-0186394;SG-0186418;SG-0186436;SG-0186463;SG-0186484,normal; within sigma from mean range,0.84,0.44,0.82,0.43,CU-010,2025-12-18,E-0160,20260106T061500Z-QE24M
CAP-25-0372,C-12868-18,2025-12-15 11:00:00,annual layout,25,SG-0165671,SG-0190183,SG-0165671;SG-0165780;SG-0188990;SG-0189003;SG-0189019;SG-0189046;SG-0189100;SG-0189142;SG-0189188;SG-0189227;SG-0189339;SG-0189417;SG-0189454;SG-0189495;SG-0189538;SG-0189573;SG-0189617;SG-0189653;SG-0189701;SG-0189768;SG-0189836;SG-0189968;SG-0190044;SG-0190119;SG-0190183,normal; within sigma from mean range,,1.91,,1.98,CU-008,2025-12-19,E-0161,20260106T061500Z-QE24M
CAP-25-0373,C-14989-20,2025-12-15 11:00:00,annual layout,25,SG-0194507,SG-0194779,SG-0194507;SG-0194518;SG-0194525;SG-0194528;SG-0194539;SG-0194549;SG-0194552;SG-0194558;SG-0194580;SG-0194598;SG-0194612;SG-0194627;SG-0194637;SG-0194645;SG-0194659;SG-0194671;SG-0194684;SG-0194697;SG-0194732;SG-0194742;SG-0194750;SG-0194757;SG-0194765;SG-0194775;SG-0194779,normal; within sigma from mean range,1.72,1.68,1.74,1.69,CU-009,2025-12-19,E-0158,20260106T061500Z-QE24M
CAP-25-0374,C-14134-34,2025-12-15 14:00:00,annual layout,25,SG-0180756,SG-0181275,SG-0180756;SG-0180766;SG-0180778;SG-0180798;SG-0180810;SG-0180824;SG-0180830;SG-0180843;SG-0180860;SG-0180947;SG-0180970;SG-0180987;SG-0181007;SG-0181033;SG-0181051;SG-0181071;SG-0181089;SG-0181114;SG-0181171;SG-0181195;SG-0181213;SG-0181231;SG-0181247;SG-0181261;SG-0181275,normal; within sigma from mean range,1.01,0.95,0.96,0.91,CU-002,2025-12-20,E-0160,20260106T061500Z-QE24M
CAP-25-0375,C-11909-01,2025-12-15 16:28:00,annual layout,25,SG-0194197,SG-0195041,SG-0194197;SG-0194231;SG-0194253;SG-0194308;SG-0194322;SG-0194369;SG-0194390;SG-0194428;SG-0194514;SG-0194536;SG-0194565;SG-0194623;SG-0194669;SG-0194733;SG-0194761;SG-0194789;SG-0194820;SG-0194848;SG-0194873;SG-0194907;SG-0194921;SG-0194960;SG-0194978;SG-0195000;SG-0195041,normal; within sigma from mean range,0.84,0.83,0.86,0.84,CU-015,2025-12-19,E-0158,20260106T061500Z-QE24M
CAP-25-0376,C-12016-19,2025-12-16 08:00:00,annual layout,25,SG-0187978,SG-0189001,SG-0187978;SG-0188020;SG-0188070;SG-0188127;SG-0188160;SG-0188190;SG-0188230;SG-0188273;SG-0188335;SG-0188377;SG-0188405;SG-0188436;SG-0188467;SG-0188526;SG-0188575;SG-0188613;SG-0188659;SG-0188765;SG-0188807;SG-0188841;SG-0188869;SG-0188901;SG-0188939;SG-0188966;SG-0189001,normal; within sigma from mean range,1.37,1.17,1.3,1.12,CU-015,2025-12-18,E-0160,20260106T061500Z-QE24M
CAP-25-0377,C-14992-12,2025-12-16 09:00:00,annual layout,25,SG-0193401,SG-0194239,SG-0193401;SG-0193470;SG-0193551;SG-0193619;SG-0193700;SG-0193847;SG-0193857;SG-0193869;SG-0193881;SG-0193896;SG-0193908;SG-0193959;SG-0193982;SG-0193995;SG-0194018;SG-0194039;SG-0194097;SG-0194111;SG-0194126;SG-0194138;SG-0194151;SG-0194183;SG-0194210;SG-0194226;SG-0194239,normal; within sigma from mean range,1.11,0.87,1.13,0.88,CU-010,2025-12-18,E-0161,20260106T061500Z-QE24M
CAP-25-0378,C-14175-23,2025-12-16 10:00:00,annual layout,25,SG-0187345,SG-0187850,SG-0187345;SG-0187465;SG-0187468;SG-0187472;SG-0187478;SG-0187481;SG-0187484;SG-0187486;SG-0187577;SG-0187578;SG-0187579;SG-0187581;SG-0187594;SG-0187599;SG-0187600;SG-0187603;SG-0187662;SG-0187669;SG-0187671;SG-0187672;SG-0187673;SG-0187674;SG-0187683;SG-0187836;SG-0187850,normal; within sigma from mean range,1.03,0.67,1.02,0.66,CU-002,2025-12-18,E-0161,20260106T061500Z-QE24M
CAP-25-0379,C-11984-20,2025-12-16 11:00:00,annual layout,25,SG-0167661,SG-0182754,SG-0167661;SG-0167692;SG-0167723;SG-0167758;SG-0167786;SG-0167816;SG-0167867;SG-0167904;SG-0167909;SG-0167917;SG-0167927;SG-0167930;SG-0167939;SG-0182224;SG-0182258;SG-0182290;SG-0182399;SG-0182436;SG-0182477;SG-0182541;SG-0182580;SG-0182612;SG-0182654;SG-0182683;SG-0182754,normal; within sigma from mean range,1.36,0.63,1.31,0.61,CU-015,2025-12-18,E-0160,20260106T061500Z-QE24M
CAP-25-0380,C-13321-39,2025-12-16 12:00:00,annual layout,25,SG-0183341,SG-0183883,SG-0183341;SG-0183349;SG-0183361;SG-0183373;SG-0183517;SG-0183522;SG-0183529;SG-0183548;SG-0183552;SG-0183563;SG-0183576;SG-0183586;SG-0183591;SG-0183599;SG-0183612;SG-0183627;SG-0183640;SG-0183647;SG-0183669;SG-0183827;SG-0183841;SG-0183853;SG-0183862;SG-0183868;SG-0183883,normal; within sigma from mean range,1.48,1.37,1.4,1.3,CU-011,2025-12-20,E-0161,20260106T061500Z-QE24M
CAP-25-0381,C-12828-35,2025-12-16 13:00:00,annual layout,25,SG-0181891,SG-0183917,SG-0181891;SG-0181998;SG-0182102;SG-0182209;SG-0182328;SG-0182459;SG-0182567;SG-0182673;SG-0182771;SG-0182867;SG-0183042;SG-0183131;SG-0183217;SG-0183312;SG-0183356;SG-0183516;SG-0183543;SG-0183569;SG-0183597;SG-0183625;SG-0183660;SG-0183848;SG-0183877;SG-0183900;SG-0183917,normal; within sigma from mean range,1.88,1.57,1.71,1.44,CU-007,2025-12-18,E-0159,20260106T061500Z-QE24M
CAP-25-0382,C-14952-37,2025-12-16 13:00:00,annual layout,25,SG-0186706,SG-0187340,SG-0186706;SG-0186824;SG-0186825;SG-0186831;SG-0186855;SG-0186861;SG-0186867;SG-0186948;SG-0186950;SG-0186953;SG-0186956;SG-0186958;SG-0187075;SG-0187091;SG-0187095;SG-0187099;SG-0187101;SG-0187107;SG-0187180;SG-0187185;SG-0187186;SG-0187188;SG-0187189;SG-0187338;SG-0187340,normal; within sigma from mean range,2.57,2.51,2.27,2.22,CU-009,2025-12-20,E-0158,20260106T061500Z-QE24M
CAP-25-0383,C-14134-26,2025-12-16 14:00:00,annual layout,25,SG-0180755,SG-0181274,SG-0180755;SG-0180765;SG-0180780;SG-0180797;SG-0180808;SG-0180823;SG-0180833;SG-0180842;SG-0180861;SG-0180949;SG-0180969;SG-0180990;SG-0181005;SG-0181032;SG-0181048;SG-0181070;SG-0181088;SG-0181116;SG-0181172;SG-0181194;SG-0181212;SG-0181227;SG-0181245;SG-0181260;SG-0181274,normal; within sigma from mean range,1.97,1.95,1.87,1.85,CU-002,2025-12-19,E-0158,20260106T061500Z-QE24M
CAP-25-0384,C-13458-01,2025-12-17 09:00:00,annual layout,25,SG-0174327,SG-0174475,SG-0174327;SG-0174331;SG-0174337;SG-0174346;SG-0174350;SG-0174422;SG-0174423;SG-0174431;SG-0174434;SG-0174436;SG-0174437;SG-0174438;SG-0174445;SG-0174450;SG-0174453;SG-0174459;SG-0174462;SG-0174463;SG-0174464;SG-0174465;SG-0174466;SG-0174467;SG-0174472;SG-0174474;SG-0174475,normal; within sigma from mean range,1.56,1.52,1.48,1.44,CU-012,2025-12-17,E-0158,20260106T061500Z-QE24M
CAP-25-0385,C-13369-23,2025-12-17 10:00:00,annual layout,25,SG-0179967,SG-0180441,SG-0179967;SG-0179984;SG-0180009;SG-0180018;SG-0180041;SG-0180059;SG-0180096;SG-0180150;SG-0180175;SG-0180190;SG-0180220;SG-0180237;SG-0180258;SG-0180276;SG-0180296;SG-0180309;SG-0180321;SG-0180343;SG-0180370;SG-0180387;SG-0180405;SG-0180416;SG-0180422;SG-0180433;SG-0180441,normal; within sigma from mean range,,1.58,,1.55,CU-011,2025-12-22,E-0158,20260106T061500Z-QE24M
CAP-25-0386,C-11320-07,2025-12-17 15:00:00,annual layout,25,SG-0181824,SG-0182705,SG-0181824;SG-0181860;SG-0181898;SG-0181933;SG-0181968;SG-0182000;SG-0182036;SG-0182074;SG-0182111;SG-0182146;SG-0182173;SG-0182212;SG-0182241;SG-0182276;SG-0182330;SG-0182387;SG-0182424;SG-0182458;SG-0182492;SG-0182525;SG-0182566;SG-0182599;SG-0182640;SG-0182668;SG-0182705,normal; within sigma from mean range,,1.51,,1.49,CU-010,2025-12-21,E-0161,20260106T061500Z-QE24M
CAP-25-0387,C-13321-25,2025-12-17 15:00:00,annual layout,25,SG-0183340,SG-0183884,SG-0183340;SG-0183352;SG-0183359;SG-0183372;SG-0183511;SG-0183525;SG-0183530;SG-0183549;SG-0183553;SG-0183561;SG-0183577;SG-0183585;SG-0183590;SG-0183603;SG-0183611;SG-0183622;SG-0183637;SG-0183650;SG-0183663;SG-0183828;SG-0183840;SG-0183852;SG-0183861;SG-0183870;SG-0183884,normal; within sigma from mean range,1.0,0.92,0.99,0.91,CU-011,2025-12-19,E-0160,20260106T061500Z-QE24M
CAP-25-0388,C-13012-17,2025-12-18 08:00:00,annual layout,25,SG-0146681,SG-0185277,SG-0146681;SG-0146697;SG-0146712;SG-0146773;SG-0184221;SG-0184230;SG-0184231;SG-0184232;SG-0184242;SG-0184250;SG-0184253;SG-0184254;SG-0184260;SG-0184761;SG-0184764;SG-0184773;SG-0184776;SG-0184781;SG-0184783;SG-0184794;SG-0184798;SG-0184803;SG-0185258;SG-0185267;SG-0185277,normal; within sigma from mean range,,1.88,,1.85,CU-008,2025-12-18,E-0160,20260106T061500Z-QE24M
CAP-25-0389,C-13483-13,2025-12-18 08:00:00,annual layout,25,SG-0185911,SG-0186192,SG-0185911;SG-0185916;SG-0185922;SG-0185931;SG-0185953;SG-0185958;SG-0185965;SG-0185970;SG-0186111;SG-0186119;SG-0186128;SG-0186129;SG-0186130;SG-0186133;SG-0186145;SG-0186149;SG-0186153;SG-0186154;SG-0186157;SG-0186162;SG-0186170;SG-0186171;SG-0186172;SG-0186173;SG-0186192,normal; within sigma from mean range,1.49,1.29,1.45,1.25,CU-011,2025-12-22,E-0160,20260106T061500Z-QE24M
CAP-25-0390,C-12972-12,2025-12-18 09:00:00,annual layout,25,SG-0168244,SG-0168602,SG-0168244;SG-0168261;SG-0168278;SG-0168296;SG-0168302;SG-0168315;SG-0168321;SG-0168331;SG-0168338;SG-0168350;SG-0168371;SG-0168387;SG-0168399;SG-0168408;SG-0168425;SG-0168434;SG-0168448;SG-0168463;SG-0168480;SG-0168491;SG-0168544;SG-0168567;SG-0168583;SG-0168591;SG-0168602,normal; within sigma from mean range,1.46,1.43,1.46,1.43,CU-008,2025-12-19,E-0158,20260106T061500Z-QE24M
CAP-25-0391,C-13447-37,2025-12-18 12:00:00,annual layout,25,SG-0180227,SG-0180999,SG-0180227;SG-0180269;SG-0180313;SG-0180362;SG-0180399;SG-0180428;SG-0180451;SG-0180462;SG-0180515;SG-0180522;SG-0180526;SG-0180534;SG-0180541;SG-0180606;SG-0180615;SG-0180624;SG-0180642;SG-0180672;SG-0180762;SG-0180782;SG-0180815;SG-0180834;SG-0180854;SG-0180961;SG-0180999,normal; within sigma from mean range,,1.7,,1.64,CU-011,2025-12-20,E-0161,20260106T061500Z-QE24M
CAP-25-0392,C-11167-06,2025-12-18 13:00:00,annual layout,25,SG-0161619,SG-0190892,SG-0161619;SG-0161628;SG-0161808;SG-0161963;SG-0161967;SG-0161974;SG-0161986;SG-0161992;SG-0162000;SG-0162011;SG-0189247;SG-0189276;SG-0189287;SG-0189868;SG-0189875;SG-0189908;SG-0189914;SG-0189915;SG-0190805;SG-0190810;SG-0190822;SG-0190851;SG-0190867;SG-0190875;SG-0190892,normal; within sigma from mean range,1.22,0.89,1.19,0.87,CU-010,2025-12-22,E-0158,20260106T061500Z-QE24M
CAP-25-0393,C-12947-23,2025-12-18 13:00:00,annual layout,25,SG-0187778,SG-0188362,SG-0187778;SG-0187809;SG-0187844;SG-0187882;SG-0187903;SG-0187930;SG-0187955;SG-0187982;SG-0188005;SG-0188034;SG-0188052;SG-0188081;SG-0188106;SG-0188136;SG-0188150;SG-0188172;SG-0188181;SG-0188200;SG-0188217;SG-0188233;SG-0188259;SG-0188282;SG-0188306;SG-0188339;SG-0188362,normal; within sigma from mean range,1.5,1.48,1.45,1.43,CU-007,2025-12-20,E-0158,20260106T061500Z-QE24M
CAP-25-0394,C-13431-17,2025-12-18 14:00:00,annual layout,25,SG-0166209,SG-0167088,SG-0166209;SG-0166219;SG-0166237;SG-0166266;SG-0166299;SG-0166331;SG-0166368;SG-0166401;SG-0166439;SG-0166481;SG-0166523;SG-0166557;SG-0166602;SG-0166650;SG-0166684;SG-0166768;SG-0166815;SG-0166854;SG-0166883;SG-0166924;SG-0166952;SG-0166988;SG-0167022;SG-0167057;SG-0167088,normal; within sigma from mean range,1.86,1.67,1.75,1.57,CU-012,2025-12-23,E-0160,20260106T061500Z-QE24M
CAP-25-0395,C-11282-26,2025-12-19 09:00:00,annual layout,25,SG-0160284,SG-0186556,SG-0160284;SG-0160285;SG-0160286;SG-0160301;SG-0160313;SG-0186300;SG-0186313;SG-0186332;SG-0186338;SG-0186350;SG-0186387;SG-0186392;SG-0186407;SG-0186419;SG-0186429;SG-0186446;SG-0186460;SG-0186480;SG-0186489;SG-0186497;SG-0186521;SG-0186537;SG-0186545;SG-0186554;SG-0186556,normal; within sigma from mean range,,0.95,,0.94,CU-010,2025-12-23,E-0160,20260106T061500Z-QE24M
CAP-25-0396,C-13483-35,2025-12-19 09:00:00,annual layout,25,SG-0185900,SG-0186193,SG-0185900;SG-0185928;SG-0185937;SG-0185949;SG-0185962;SG-0185967;SG-0185969;SG-0185971;SG-0185972;SG-0186104;SG-0186105;SG-0186113;SG-0186114;SG-0186120;SG-0186123;SG-0186124;SG-0186131;SG-0186136;SG-0186138;SG-0186139;SG-0186159;SG-0186165;SG-0186174;SG-0186179;SG-0186193,normal; within sigma from mean range,1.47,1.43,1.31,1.27,CU-011,2025-12-23,E-0158,20260106T061500Z-QE24M
CAP-25-0397,C-14918-23,2025-12-19 09:00:00,annual layout,25,SG-0192473,SG-0194071,SG-0192473;SG-0192905;SG-0192906;SG-0192910;SG-0192925;SG-0192926;SG-0193335;SG-0193338;SG-0193352;SG-0193353;SG-0193356;SG-0193367;SG-0193764;SG-0193766;SG-0193771;SG-0193786;SG-0193829;SG-0193914;SG-0193916;SG-0193920;SG-0193924;SG-0193931;SG-0193938;SG-0194052;SG-0194071,normal; within sigma from mean range,0.83,0.43,0.82,0.42,CU-009,2025-12-19,E-0160,20260106T061500Z-QE24M
CAP-25-0399,C-14140-21,2025-12-20 09:00:00,annual layout,25,SG-0180561,SG-0181165,SG-0180561;SG-0180567;SG-0180573;SG-0180578;SG-0180593;SG-0180689;SG-0180700;SG-0180706;SG-0180711;SG-0180718;SG-0180731;SG-0180738;SG-0180739;SG-0180875;SG-0180878;SG-0180881;SG-0180897;SG-0180898;SG-0180912;SG-0180917;SG-0180926;SG-0180946;SG-0181124;SG-0181143;SG-0181165,normal; within sigma from mean range,1.45,1.4,1.49,1.44,CU-001,2025-12-20,E-0159,20260106T061500Z-QE24M
CAP-25-0400,C-14103-17,2025-12-20 11:00:00,annual layout,25,SG-0193061,SG-0194191,SG-0193061;SG-0193133;SG-0193198;SG-0193268;SG-0193373;SG-0193451;SG-0193523;SG-0193600;SG-0193681;SG-0193772;SG-0193853;SG-0193867;SG-0193877;SG-0193891;SG-0193905;SG-0193956;SG-0193983;SG-0193997;SG-0194021;SG-0194099;SG-0194114;SG-0194131;SG-0194142;SG-0194157;SG-0194191,normal; within sigma from mean range,1.31,0.65,1.16,0.58,CU-001,2025-12-25,E-0159,20260106T061500Z-QE24M
CAP-25-0401,C-13483-32,2025-12-20 12:00:00,annual layout,25,SG-0185908,SG-0186190,SG-0185908;SG-0185912;SG-0185917;SG-0185924;SG-0185948;SG-0185954;SG-0185961;SG-0185966;SG-0185968;SG-0186112;SG-0186117;SG-0186134;SG-0186135;SG-0186146;SG-0186150;SG-0186158;SG-0186163;SG-0186164;SG-0186182;SG-0186183;SG-0186184;SG-0186185;SG-0186188;SG-0186189;SG-0186190,normal; within sigma from mean range,1.83,1.61,1.7,1.5,CU-011,2025-12-22,E-0158,20260106T061500Z-QE24M
CAP-25-0402,C-13357-35,2025-12-20 14:00:00,annual layout,25,SG-0164764,SG-0165371,SG-0164764;SG-0164780;SG-0164781;SG-0164807;SG-0164832;SG-0164870;SG-0164890;SG-0164899;SG-0164929;SG-0164944;SG-0165037;SG-0165059;SG-0165070;SG-0165071;SG-0165072;SG-0165080;SG-0165081;SG-0165113;SG-0165145;SG-0165187;SG-0165214;SG-0165215;SG-0165234;SG-0165339;SG-0165371,normal; within sigma from mean range,1.4,1.36,1.37,1.32,CU-012,2025-12-21,E-0159,20260106T061500Z-QE24M
CAP-25-0403,C-13502-13,2025-12-20 15:00:00,annual layout,25,SG-0174254,SG-0174505,SG-0174254;SG-0174262;SG-0174270;SG-0174279;SG-0174290;SG-0174293;SG-0174298;SG-0174309;SG-0174354;SG-0174360;SG-0174364;SG-0174370;SG-0174379;SG-0174383;SG-0174389;SG-0174394;SG-0174403;SG-0174407;SG-0174412;SG-0174418;SG-0174479;SG-0174486;SG-0174495;SG-0174500;SG-0174505,normal; within sigma from mean range,1.37,0.53,1.4,0.53,CU-012,2025-12-22,E-0160,20260106T061500Z-QE24M
CAP-25-0404,C-11923-25,2025-12-21 08:00:00,annual layout,25,SG-0171684,SG-0185795,SG-0171684;SG-0171725;SG-0171743;SG-0171755;SG-0171768;SG-0171781;SG-0184369;SG-0184641;SG-0184849;SG-0184933;SG-0185179;SG-0185338;SG-0185411;SG-0185510;SG-0185517;SG-0185535;SG-0185546;SG-0185564;SG-0185586;SG-0185643;SG-0185676;SG-0185700;SG-0185741;SG-0185755;SG-0185795,normal; within sigma from mean range,1.78,0.58,1.83,0.6,CU-015,2025-12-22,E-0159,20260106T061500Z-QE24M
CAP-25-0405,C-11950-21,2025-12-21 08:00:00,annual layout,25,SG-0189313,SG-0191546,SG-0189313;SG-0189873;SG-0189876;SG-0189885;SG-0189888;SG-0189893;SG-0189894;SG-0189910;SG-0189927;SG-0190801;SG-0190815;SG-0190816;SG-0190827;SG-0190837;SG-0190857;SG-0190858;SG-0190884;SG-0190895;SG-0191514;SG-0191522;SG-0191526;SG-0191537;SG-0191538;SG-0191543;SG-0191546,normal; within sigma from mean range,,1.27,,1.28,CU-015,2025-12-22,E-0159,20260106T061500Z-QE24M
CAP-25-0406,C-12861-20,2025-12-21 09:00:00,annual layout,25,SG-0181240,SG-0182539,SG-0181240;SG-0181256;SG-0181268;SG-0181291;SG-0181310;SG-0181360;SG-0181375;SG-0181395;SG-0181423;SG-0181442;SG-0181504;SG-0181574;SG-0181635;SG-0181727;SG-0181812;SG-0181877;SG-0181958;SG-0182026;SG-0182088;SG-0182162;SG-0182227;SG-0182292;SG-0182398;SG-0182475;SG-0182539,normal; within sigma from mean range,,3.03,,3.02,CU-007,2025-12-24,E-0161,20260106T061500Z-QE24M
CAP-25-0407,C-13350-20,2025-12-21 14:00:00,annual layout,25,SG-0157372,SG-0181164,SG-0157372;SG-0157373;SG-0157375;SG-0157625;SG-0157650;SG-0180548;SG-0180562;SG-0180585;SG-0180586;SG-0180588;SG-0180601;SG-0180692;SG-0180733;SG-0180736;SG-0180753;SG-0180871;SG-0180880;SG-0180882;SG-0180906;SG-0180931;SG-0180940;SG-0181128;SG-0181145;SG-0181147;SG-0181164,normal; within sigma from mean range,1.9,1.81,1.94,1.85,CU-011,2025-12-22,E-0158,20260106T061500Z-QE24M
CAP-25-0408,C-12023-24,2025-12-21 15:00:00,annual layout,25,SG-0179806,SG-0185625,SG-0179806;SG-0179979;SG-0180193;SG-0180379;SG-0180464;SG-0180538;SG-0180631;SG-0180788;SG-0180964;SG-0181113;SG-0181280;SG-0181440;SG-0181923;SG-0182414;SG-0182854;SG-0183331;SG-0183583;SG-0183866;SG-0183982;SG-0184162;SG-0184607;SG-0185035;SG-0185402;SG-0185533;SG-0185625,normal; within sigma from mean range,2.33,2.3,2.19,2.16,CU-016,2025-12-22,E-0161,20260106T061500Z-QE24M
CAP-25-0409,C-11163-33,2025-12-22 10:00:00,annual layout,25,SG-0195419,SG-0195936,SG-0195419;SG-0195427;SG-0195455;SG-0195465;SG-0195473;SG-0195486;SG-0195501;SG-0195540;SG-0195557;SG-0195574;SG-0195591;SG-0195611;SG-0195634;SG-0195660;SG-0195679;SG-0195707;SG-0195736;SG-0195776;SG-0195815;SG-0195828;SG-0195839;SG-0195853;SG-0195867;SG-0195911;SG-0195936,normal; within sigma from mean range,1.64,1.56,1.57,1.48,CU-009,2025-12-27,E-0158,20260106T061500Z-QE24M
CAP-25-0410,C-11201-19,2025-12-22 11:00:00,annual layout,25,SG-0162930,SG-0188356,SG-0162930;SG-0162936;SG-0187716;SG-0187748;SG-0187773;SG-0187787;SG-0187820;SG-0187859;SG-0187909;SG-0187939;SG-0187989;SG-0188011;SG-0188040;SG-0188061;SG-0188084;SG-0188118;SG-0188140;SG-0188177;SG-0188204;SG-0188223;SG-0188248;SG-0188270;SG-0188294;SG-0188326;SG-0188356,normal; within sigma from mean range,1.79,1.77,1.76,1.74,CU-010,2025-12-26,E-0159,20260106T061500Z-QE24M
CAP-25-0411,C-13328-35,2025-12-22 14:00:00,annual layout,25,SG-0157069,SG-0174801,SG-0157069;SG-0157101;SG-0174053;SG-0174069;SG-0174093;SG-0174110;SG-0174143;SG-0174195;SG-0174224;SG-0174276;SG-0174295;SG-0174352;SG-0174368;SG-0174385;SG-0174404;SG-0174415;SG-0174492;SG-0174509;SG-0174536;SG-0174573;SG-0174603;SG-0174662;SG-0174698;SG-0174749;SG-0174801,normal; within sigma from mean range,,1.58,,1.54,CU-012,2025-12-22,E-0160,20260106T061500Z-QE24M
CAP-25-0412,C-14212-23,2025-12-22 15:00:00,annual layout,25,SG-0186290,SG-0186534,SG-0186290;SG-0186306;SG-0186316;SG-0186334;SG-0186345;SG-0186359;SG-0186374;SG-0186389;SG-0186400;SG-0186405;SG-0186413;SG-0186422;SG-0186432;SG-0186439;SG-0186448;SG-0186459;SG-0186469;SG-0186477;SG-0186486;SG-0186495;SG-0186502;SG-0186510;SG-0186520;SG-0186525;SG-0186534,normal; within sigma from mean range,1.36,1.29,1.34,1.28,CU-002,2025-12-22,E-0160,20260106T061500Z-QE24M
CAP-25-0413,C-11163-06,2025-12-22 16:50:00,annual layout,25,SG-0195497,SG-0196055,SG-0195497;SG-0195515;SG-0195552;SG-0195564;SG-0195587;SG-0195604;SG-0195622;SG-0195641;SG-0195666;SG-0195692;SG-0195720;SG-0195748;SG-0195807;SG-0195817;SG-0195829;SG-0195840;SG-0195854;SG-0195868;SG-0195910;SG-0195933;SG-0195961;SG-0195989;SG-0196015;SG-0196039;SG-0196055,normal; within sigma from mean range,1.45,1.44,1.11,1.09,CU-009,2025-12-22,E-0161,20260106T061500Z-QE24M
CAP-25-0414,C-14952-36,2025-12-23 09:00:00,annual layout,25,SG-0186707,SG-0187346,SG-0186707;SG-0186820;SG-0186834;SG-0186835;SG-0186839;SG-0186850;SG-0186851;SG-0186944;SG-0186945;SG-0186947;SG-0186949;SG-0186952;SG-0187073;SG-0187074;SG-0187080;SG-0187081;SG-0187100;SG-0187104;SG-0187181;SG-0187183;SG-0187190;SG-0187196;SG-0187197;SG-0187341;SG-0187346,normal; within sigma from mean range,1.32,0.88,1.29,0.86,CU-009,2025-12-27,E-0160,20260106T061500Z-QE24M
CAP-25-0415,C-13502-32,2025-12-23 10:00:00,annual layout,25,SG-0174255,SG-0174507,SG-0174255;SG-0174263;SG-0174271;SG-0174280;SG-0174286;SG-0174296;SG-0174300;SG-0174311;SG-0174355;SG-0174359;SG-0174363;SG-0174371;SG-0174380;SG-0174384;SG-0174387;SG-0174392;SG-0174402;SG-0174406;SG-0174413;SG-0174417;SG-0174477;SG-0174487;SG-0174493;SG-0174498;SG-0174507,normal; within sigma from mean range,1.19,1.16,1.17,1.14,CU-012,2025-12-26,E-0158,20260106T061500Z-QE24M
CAP-25-0416,C-12972-24,2025-12-23 11:00:00,annual layout,25,SG-0168243,SG-0168605,SG-0168243;SG-0168260;SG-0168279;SG-0168297;SG-0168303;SG-0168314;SG-0168322;SG-0168332;SG-0168339;SG-0168351;SG-0168372;SG-0168388;SG-0168400;SG-0168409;SG-0168426;SG-0168435;SG-0168449;SG-0168464;SG-0168481;SG-0168492;SG-0168550;SG-0168571;SG-0168582;SG-0168592;SG-0168605,normal; within sigma from mean range,1.9,1.75,1.54,1.41,CU-008,2025-12-27,E-0161,20260106T061500Z-QE24M
CAP-25-0417,C-11253-25,2025-12-23 13:00:00,annual layout,25,SG-0192227,SG-0194302,SG-0192227;SG-0192367;SG-0192543;SG-0192675;SG-0192798;SG-0193002;SG-0193120;SG-0193233;SG-0193380;SG-0193504;SG-0193624;SG-0193754;SG-0193864;SG-0193882;SG-0193904;SG-0193969;SG-0194000;SG-0194035;SG-0194103;SG-0194130;SG-0194149;SG-0194194;SG-0194229;SG-0194247;SG-0194302,normal; within sigma from mean range,1.47,1.24,1.48,1.25,CU-010,2025-12-27,E-0158,20260106T061500Z-QE24M
CAP-25-0418,C-11201-28,2025-12-23 14:00:00,annual layout,25,SG-0187732,SG-0188357,SG-0187732;SG-0187746;SG-0187771;SG-0187788;SG-0187821;SG-0187858;SG-0187911;SG-0187942;SG-0187963;SG-0187988;SG-0188013;SG-0188039;SG-0188062;SG-0188119;SG-0188143;SG-0188156;SG-0188175;SG-0188185;SG-0188207;SG-0188221;SG-0188249;SG-0188268;SG-0188293;SG-0188328;SG-0188357,normal; within sigma from mean range,1.57,1.54,1.42,1.4,CU-010,2025-12-26,E-0158,20260106T061500Z-QE24M
CAP-25-0419,C-17004-05,2025-12-23 15:00:00,request,25,SG-0191200,SG-0191254,SG-0191200;SG-0191202;SG-0191204;SG-0191205;SG-0191207;SG-0191211;SG-0191215;SG-0191216;SG-0191218;SG-0191219;SG-0191221;SG-0191222;SG-0191224;SG-0191226;SG-0191228;SG-0191233;SG-0191234;SG-0191238;SG-0191239;SG-0191240;SG-0191243;SG-0191250;SG-0191251;SG-0191253;SG-0191254,normal; within sigma from mean range,2.22,2.21,2.35,2.34,internal,2025-12-23,E-0159,20260106T061500Z-QE24M
CAP-25-0420,C-11984-31,2025-12-23 08:00:00,annual layout,25,SG-0145013,SG-0182721,SG-0145013;SG-0167630;SG-0167663;SG-0167689;SG-0167724;SG-0167757;SG-0167782;SG-0167813;SG-0167870;SG-0167906;SG-0167912;SG-0167916;SG-0167925;SG-0167932;SG-0167937;SG-0182226;SG-0182262;SG-0182400;SG-0182435;SG-0182505;SG-0182542;SG-0182614;SG-0182652;SG-0182688;SG-0182721,normal; within sigma from mean range,,1.52,,1.59,CU-015,2025-12-28,E-0161,20260106T061500Z-QE24M
CAP-25-0421,C-11930-28,2025-12-23 10:00:00,annual layout,25,SG-0164278,SG-0187044,SG-0164278;SG-0164298;SG-0164451;SG-0164454;SG-0164462;SG-0164465;SG-0164466;SG-0186688;SG-0186720;SG-0186737;SG-0186755;SG-0186774;SG-0186797;SG-0186817;SG-0186874;SG-0186890;SG-0186898;SG-0186913;SG-0186928;SG-0186938;SG-0186968;SG-0186985;SG-0186999;SG-0187024;SG-0187044,normal; within sigma from mean range,1.49,1.35,1.44,1.31,CU-016,2025-12-24,E-0158,20260106T061500Z-QE24M
CAP-25-0422,C-11950-20,2025-12-23 10:00:00,annual layout,25,SG-0189317,SG-0191545,SG-0189317;SG-0189871;SG-0189872;SG-0189891;SG-0189892;SG-0189942;SG-0189949;SG-0189953;SG-0189954;SG-0190790;SG-0190814;SG-0190836;SG-0190846;SG-0190856;SG-0190869;SG-0190882;SG-0190883;SG-0190894;SG-0191501;SG-0191508;SG-0191517;SG-0191518;SG-0191524;SG-0191533;SG-0191545,normal; within sigma from mean range,1.64,1.54,1.48,1.38,CU-015,2025-12-24,E-0160,20260106T061500Z-QE24M
CAP-25-0423,C-12925-28,2025-12-23 10:00:00,annual layout,25,SG-0185779,SG-0186176,SG-0185779;SG-0185780;SG-0185896;SG-0185897;SG-0185905;SG-0185910;SG-0185914;SG-0185915;SG-0185923;SG-0185926;SG-0185934;SG-0185943;SG-0185951;SG-0185960;SG-0185964;SG-0186103;SG-0186116;SG-0186125;SG-0186137;SG-0186144;SG-0186156;SG-0186161;SG-0186166;SG-0186175;SG-0186176,normal; within sigma from mean range,1.13,1.07,1.06,1.01,CU-008,2025-12-23,E-0161,20260106T061500Z-QE24M
CAP-25-0424,C-14966-36,2025-12-23 10:00:00,annual layout,25,SG-0185749,SG-0186482,SG-0185749;SG-0185783;SG-0185802;SG-0185821;SG-0185835;SG-0185853;SG-0185874;SG-0185941;SG-0185996;SG-0186018;SG-0186044;SG-0186061;SG-0186082;SG-0186106;SG-0186210;SG-0186232;SG-0186264;SG-0186292;SG-0186327;SG-0186365;SG-0186395;SG-0186416;SG-0186435;SG-0186464;SG-0186482,normal; within sigma from mean range,1.28,1.25,1.29,1.26,CU-010,2025-12-28,E-0160,20260106T061500Z-QE24M
CAP-25-0425,C-13012-11,2025-12-23 12:00:00,annual layout,25,SG-0146680,SG-0185278,SG-0146680;SG-0146695;SG-0146714;SG-0146776;SG-0184216;SG-0184229;SG-0184239;SG-0184241;SG-0184244;SG-0184249;SG-0184252;SG-0184259;SG-0184265;SG-0184758;SG-0184768;SG-0184774;SG-0184778;SG-0184779;SG-0184780;SG-0184791;SG-0184793;SG-0184806;SG-0185257;SG-0185266;SG-0185278,normal; within sigma from mean range,1.39,0.64,1.28,0.59,CU-008,2025-12-25,E-0158,20260106T061500Z-QE24M
CAP-25-0426,C-11909-35,2025-12-23 13:00:00,annual layout,25,SG-0194199,SG-0195043,SG-0194199;SG-0194232;SG-0194255;SG-0194311;SG-0194321;SG-0194370;SG-0194389;SG-0194430;SG-0194513;SG-0194535;SG-0194564;SG-0194626;SG-0194668;SG-0194735;SG-0194764;SG-0194790;SG-0194821;SG-0194847;SG-0194876;SG-0194908;SG-0194924;SG-0194963;SG-0194980;SG-0194999;SG-0195043,normal; within sigma from mean range,1.59,1.47,1.53,1.41,CU-015,2025-12-23,E-0160,20260106T061500Z-QE24M
CAP-25-0427,C-14168-19,2025-12-23 15:00:00,annual layout,25,SG-0186813,SG-0187123,SG-0186813;SG-0186836;SG-0186870;SG-0186879;SG-0186884;SG-0186892;SG-0186902;SG-0186906;SG-0186918;SG-0186923;SG-0186931;SG-0186936;SG-0186962;SG-0186970;SG-0186976;SG-0186990;SG-0186997;SG-0187005;SG-0187020;SG-0187031;SG-0187045;SG-0187060;SG-0187085;SG-0187117;SG-0187123,normal; within sigma from mean range,1.29,1.17,1.18,1.08,CU-001,2025-12-26,E-0160,20260106T061500Z-QE24M
CAP-25-0428,C-11320-33,2025-12-23 09:00:00,annual layout,25,SG-0181825,SG-0182709,SG-0181825;SG-0181857;SG-0181896;SG-0181928;SG-0181970;SG-0182002;SG-0182041;SG-0182070;SG-0182108;SG-0182147;SG-0182175;SG-0182206;SG-0182240;SG-0182277;SG-0182331;SG-0182382;SG-0182423;SG-0182457;SG-0182494;SG-0182528;SG-0182562;SG-0182597;SG-0182636;SG-0182674;SG-0182709,normal; within sigma from mean range,,1.66,,1.72,CU-010,2025-12-26,E-0159,20260106T061500Z-QE24M
CAP-25-0429,C-11962-38,2025-12-23 10:00:00,annual layout,25,SG-0165433,SG-0187362,SG-0165433;SG-0165452;SG-0165477;SG-0165548;SG-0165569;SG-0165585;SG-0165602;SG-0165621;SG-0165678;SG-0165700;SG-0165718;SG-0165743;SG-0165757;SG-0165833;SG-0187054;SG-0187115;SG-0187127;SG-0187140;SG-0187153;SG-0187174;SG-0187210;SG-0187236;SG-0187262;SG-0187316;SG-0187362,normal; within sigma from mean range,1.22,1.16,1.26,1.21,CU-016,2025-12-28,E-0160,20260106T061500Z-QE24M
CAP-25-0430,C-13317-34,2025-12-23 11:00:00,annual layout,25,SG-0181223,SG-0182157,SG-0181223;SG-0181237;SG-0181251;SG-0181267;SG-0181278;SG-0181295;SG-0181304;SG-0181330;SG-0181370;SG-0181381;SG-0181399;SG-0181416;SG-0181430;SG-0181468;SG-0181515;SG-0181616;SG-0181682;SG-0181763;SG-0181820;SG-0181871;SG-0181929;SG-0181981;SG-0182043;SG-0182093;SG-0182157,normal; within sigma from mean range,1.36,0.61,1.3,0.59,CU-012,2025-12-23,E-0160,20260106T061500Z-QE24M
CAP-25-0431,C-11265-39,2025-12-23 14:00:00,annual layout,25,SG-0187352,SG-0187538,SG-0187352;SG-0187359;SG-0187370;SG-0187378;SG-0187383;SG-0187387;SG-0187399;SG-0187403;SG-0187409;SG-0187418;SG-0187427;SG-0187431;SG-0187436;SG-0187444;SG-0187448;SG-0187452;SG-0187456;SG-0187473;SG-0187496;SG-0187503;SG-0187507;SG-0187518;SG-0187526;SG-0187529;SG-0187538,normal; within sigma from mean range,1.69,1.47,1.69,1.47,CU-009,2025-12-26,E-0158,20260106T061500Z-QE24M
CAP-25-0432,C-12907-15,2025-12-23 15:00:00,annual layout,25,SG-0144618,SG-0171567,SG-0144618;SG-0144624;SG-0144634;SG-0144646;SG-0171002;SG-0171057;SG-0171067;SG-0171082;SG-0171093;SG-0171106;SG-0171120;SG-0171126;SG-0171142;SG-0171157;SG-0171175;SG-0171234;SG-0171264;SG-0171304;SG-0171334;SG-0171372;SG-0171406;SG-0171440;SG-0171478;SG-0171509;SG-0171567,normal; within sigma from mean range,0.97,0.95,0.98,0.95,CU-007,2025-12-25,E-0160,20260106T061500Z-QE24M
CAP-25-0433,C-11962-27,2025-12-23 08:00:00,annual layout,25,SG-0165410,SG-0187361,SG-0165410;SG-0165432;SG-0165451;SG-0165476;SG-0165549;SG-0165571;SG-0165587;SG-0165604;SG-0165620;SG-0165676;SG-0165699;SG-0165720;SG-0165742;SG-0165760;SG-0165832;SG-0187053;SG-0187114;SG-0187129;SG-0187142;SG-0187151;SG-0187173;SG-0187209;SG-0187235;SG-0187314;SG-0187361,normal; within sigma from mean range,1.45,1.14,1.42,1.12,CU-016,2025-12-23,E-0161,20260106T061500Z-QE24M
CAP-25-0434,C-14928-19,2025-12-23 08:00:00,annual layout,25,SG-0185889,SG-0186357,SG-0185889;SG-0185978;SG-0185988;SG-0186000;SG-0186010;SG-0186024;SG-0186032;SG-0186046;SG-0186058;SG-0186067;SG-0186074;SG-0186085;SG-0186096;SG-0186141;SG-0186200;SG-0186213;SG-0186222;SG-0186238;SG-0186254;SG-0186275;SG-0186294;SG-0186307;SG-0186323;SG-0186341;SG-0186357,normal; within sigma from mean range,1.5,0.59,1.34,0.53,CU-010,2025-12-24,E-0161,20260106T061500Z-QE24M
CAP-25-0435,C-11173-39,2025-12-23 09:00:00,annual layout,25,SG-0186800,SG-0187395,SG-0186800;SG-0186821;SG-0186877;SG-0186891;SG-0186905;SG-0186921;SG-0186934;SG-0186966;SG-0186987;SG-0187004;SG-0187029;SG-0187055;SG-0187113;SG-0187126;SG-0187137;SG-0187147;SG-0187167;SG-0187198;SG-0187226;SG-0187252;SG-0187266;SG-0187294;SG-0187329;SG-0187372;SG-0187395,normal; within sigma from mean range,,1.22,,1.13,CU-009,2025-12-28,E-0159,20260106T061500Z-QE24M
CAP-25-0436,C-11265-35,2025-12-23 09:00:00,annual layout,25,SG-0187317,SG-0187537,SG-0187317;SG-0187332;SG-0187350;SG-0187356;SG-0187368;SG-0187377;SG-0187381;SG-0187385;SG-0187398;SG-0187405;SG-0187408;SG-0187417;SG-0187426;SG-0187432;SG-0187435;SG-0187442;SG-0187450;SG-0187451;SG-0187455;SG-0187474;SG-0187495;SG-0187502;SG-0187524;SG-0187528;SG-0187537,normal; within sigma from mean range,1.37,1.22,1.25,1.12,CU-009,2025-12-25,E-0159,20260106T061500Z-QE24M
CAP-25-0437,C-12988-24,2025-12-23 11:00:00,annual layout,25,SG-0146797,SG-0169171,SG-0146797;SG-0168891;SG-0168895;SG-0168901;SG-0168909;SG-0168920;SG-0168967;SG-0168971;SG-0168977;SG-0168982;SG-0168987;SG-0168992;SG-0168999;SG-0169004;SG-0169015;SG-0169034;SG-0169053;SG-0169068;SG-0169088;SG-0169106;SG-0169124;SG-0169154;SG-0169162;SG-0169168;SG-0169171,normal; within sigma from mean range,1.2,1.0,1.11,0.92,CU-007,2025-12-26,E-0161,20260106T061500Z-QE24M
CAP-25-0438,C-13317-22,2025-12-23 13:00:00,annual layout,25,SG-0181236,SG-0182153,SG-0181236;SG-0181249;SG-0181264;SG-0181279;SG-0181294;SG-0181306;SG-0181327;SG-0181368;SG-0181384;SG-0181393;SG-0181419;SG-0181429;SG-0181467;SG-0181514;SG-0181570;SG-0181619;SG-0181681;SG-0181771;SG-0181819;SG-0181870;SG-0181936;SG-0181983;SG-0182044;SG-0182092;SG-0182153,normal; within sigma from mean range,2.2,1.92,2.09,1.82,CU-012,2025-12-27,E-0158,20260106T061500Z-QE24M
CAP-25-0439,C-11909-06,2025-12-23 14:00:00,annual layout,25,SG-0194198,SG-0195040,SG-0194198;SG-0194233;SG-0194256;SG-0194310;SG-0194320;SG-0194372;SG-0194392;SG-0194427;SG-0194512;SG-0194537;SG-0194563;SG-0194625;SG-0194667;SG-0194738;SG-0194763;SG-0194788;SG-0194819;SG-0194846;SG-0194875;SG-0194906;SG-0194922;SG-0194962;SG-0194977;SG-0194998;SG-0195040,normal; within sigma from mean range,1.49,1.35,1.43,1.29,CU-015,2025-12-24,E-0159,20260106T061500Z-QE24M
CAP-25-0440,C-13458-09,2025-12-23 14:00:00,annual layout,25,SG-0174339,SG-0174476,SG-0174339;SG-0174342;SG-0174344;SG-0174347;SG-0174351;SG-0174424;SG-0174425;SG-0174426;SG-0174432;SG-0174435;SG-0174439;SG-0174442;SG-0174443;SG-0174446;SG-0174447;SG-0174448;SG-0174451;SG-0174452;SG-0174455;SG-0174456;SG-0174468;SG-0174469;SG-0174470;SG-0174473;SG-0174476,normal; within sigma from mean range,,2.27,,2.36,CU-012,2025-12-28,E-0159,20260106T061500Z-QE24M
CAP-25-0441,C-14140-18,2025-12-23 15:00:00,annual layout,25,SG-0180560,SG-0181158,SG-0180560;SG-0180566;SG-0180569;SG-0180570;SG-0180600;SG-0180688;SG-0180696;SG-0180699;SG-0180707;SG-0180721;SG-0180727;SG-0180728;SG-0180745;SG-0180874;SG-0180893;SG-0180904;SG-0180908;SG-0180918;SG-0180919;SG-0180920;SG-0180925;SG-0180930;SG-0181126;SG-0181157;SG-0181158,normal; within sigma from mean range,1.34,1.3,1.3,1.26,CU-001,2025-12-26,E-0160,20260106T061500Z-QE24M
CAP-25-0442,C-11923-33,2025-12-23 08:00:00,annual layout,25,SG-0184160,SG-0185756,SG-0184160;SG-0184287;SG-0184370;SG-0184551;SG-0184638;SG-0184730;SG-0184852;SG-0184934;SG-0185016;SG-0185104;SG-0185182;SG-0185339;SG-0185479;SG-0185501;SG-0185509;SG-0185536;SG-0185547;SG-0185589;SG-0185617;SG-0185645;SG-0185678;SG-0185699;SG-0185719;SG-0185739;SG-0185756,normal; within sigma from mean range,1.47,0.47,1.46,0.47,CU-015,2025-12-24,E-0161,20260106T061500Z-QE24M
CAP-25-0443,C-12947-34,2025-12-23 08:00:00,annual layout,25,SG-0187779,SG-0188363,SG-0187779;SG-0187812;SG-0187847;SG-0187881;SG-0187905;SG-0187931;SG-0187956;SG-0187983;SG-0188002;SG-0188033;SG-0188053;SG-0188080;SG-0188107;SG-0188139;SG-0188151;SG-0188173;SG-0188179;SG-0188196;SG-0188218;SG-0188234;SG-0188260;SG-0188286;SG-0188307;SG-0188341;SG-0188363,normal; within sigma from mean range,2.4,2.26,2.19,2.06,CU-007,2025-12-25,E-0161,20260106T061500Z-QE24M
CAP-25-0444,C-14196-39,2025-12-23 08:00:00,annual layout,25,SG-0178415,SG-0179333,SG-0178415;SG-0178445;SG-0178488;SG-0178520;SG-0178545;SG-0178584;SG-0178634;SG-0178676;SG-0178726;SG-0178765;SG-0178803;SG-0178822;SG-0178841;SG-0178857;SG-0178885;SG-0178901;SG-0178925;SG-0178994;SG-0179042;SG-0179072;SG-0179109;SG-0179162;SG-0179225;SG-0179290;SG-0179333,normal; within sigma from mean range,1.61,0.69,1.57,0.67,CU-001,2025-12-24,E-0160,20260106T061500Z-QE24M
CAP-25-0445,C-14212-28,2025-12-23 10:00:00,annual layout,25,SG-0186288,SG-0186535,SG-0186288;SG-0186304;SG-0186317;SG-0186335;SG-0186344;SG-0186360;SG-0186375;SG-0186390;SG-0186401;SG-0186404;SG-0186414;SG-0186424;SG-0186430;SG-0186440;SG-0186449;SG-0186457;SG-0186467;SG-0186475;SG-0186487;SG-0186496;SG-0186500;SG-0186511;SG-0186519;SG-0186526;SG-0186535,normal; within sigma from mean range,1.88,1.8,1.82,1.74,CU-002,2025-12-23,E-0158,20260106T061500Z-QE24M
CAP-25-0447,C-11226-12,2025-12-23 14:00:00,annual layout,25,SG-0194324,SG-0194773,SG-0194324;SG-0194328;SG-0194375;SG-0194378;SG-0194385;SG-0194404;SG-0194417;SG-0194435;SG-0194482;SG-0194509;SG-0194521;SG-0194533;SG-0194544;SG-0194554;SG-0194568;SG-0194600;SG-0194621;SG-0194641;SG-0194655;SG-0194675;SG-0194694;SG-0194740;SG-0194748;SG-0194760;SG-0194773,normal; within sigma from mean range,1.5,1.39,1.45,1.35,CU-009,2025-12-24,E-0161,20260106T061500Z-QE24M
CAP-25-0448,C-11984-21,2025-12-23 15:00:00,annual layout,25,SG-0145012,SG-0182750,SG-0145012;SG-0167628;SG-0167662;SG-0167693;SG-0167726;SG-0167756;SG-0167790;SG-0167817;SG-0167875;SG-0167905;SG-0167911;SG-0167918;SG-0167928;SG-0167929;SG-0167940;SG-0182294;SG-0182359;SG-0182440;SG-0182476;SG-0182504;SG-0182546;SG-0182613;SG-0182687;SG-0182725;SG-0182750,normal; within sigma from mean range,1.65,1.59,1.41,1.36,CU-015,2025-12-27,E-0159,20260106T061500Z-QE24M
CAP-25-0449,C-13369-20,2025-12-23 10:00:00,annual layout,25,SG-0179970,SG-0180443,SG-0179970;SG-0179983;SG-0180008;SG-0180019;SG-0180044;SG-0180061;SG-0180086;SG-0180139;SG-0180148;SG-0180174;SG-0180189;SG-0180219;SG-0180235;SG-0180260;SG-0180295;SG-0180312;SG-0180323;SG-0180342;SG-0180374;SG-0180391;SG-0180404;SG-0180415;SG-0180421;SG-0180435;SG-0180443,normal; within sigma from mean range,1.35,0.97,1.31,0.94,CU-011,2025-12-28,E-0160,20260106T061500Z-QE24M
CAP-25-0450,C-13431-32,2025-12-23 12:00:00,annual layout,25,SG-0166210,SG-0167085,SG-0166210;SG-0166220;SG-0166238;SG-0166264;SG-0166298;SG-0166332;SG-0166370;SG-0166399;SG-0166441;SG-0166484;SG-0166524;SG-0166559;SG-0166599;SG-0166649;SG-0166687;SG-0166769;SG-0166813;SG-0166855;SG-0166887;SG-0166921;SG-0166949;SG-0166987;SG-0167017;SG-0167054;SG-0167085,normal; within sigma from mean range,1.22,0.95,1.19,0.93,CU-012,2025-12-25,E-0161,20260106T061500Z-QE24M
CAP-25-0451,C-11930-22,2025-12-23 13:00:00,annual layout,25,SG-0164250,SG-0187040,SG-0164250;SG-0164260;SG-0164263;SG-0164266;SG-0164267;SG-0164277;SG-0164464;SG-0164479;SG-0164483;SG-0186689;SG-0186718;SG-0186738;SG-0186757;SG-0186771;SG-0186796;SG-0186876;SG-0186897;SG-0186911;SG-0186927;SG-0186940;SG-0186967;SG-0186986;SG-0187002;SG-0187022;SG-0187040,normal; within sigma from mean range,1.31,1.14,1.28,1.12,CU-016,2025-12-25,E-0158,20260106T061500Z-QE24M
