characteristic_id,part_id,revision,characteristic_name,characteristic_type,nominal,usl,lsl,unit,critical_flag,customer_designated_flag,gauge_id,subgroup_size,frequency,inspection_method,chart_centre,chart_ucl,chart_lcl,range_ucl,created_by,created_at,modified_at,export_batch_id
C-10116-07,P-10116-B,B,OD 53.730,diameter,53.73,53.745,53.715,mm,False,False,G-0001,,,CMM,,,,,E-0162,2021-03-15,,20260106T061500Z-QE24M
C-10116-09,P-10116-B,B,RUNOUT A-B,runout,0.0,0.08,0.0,mm,False,False,G-0246,5,66 pieces,in-process,0.01979,0.03164,0.00793,0.04345,E-0162,2021-03-15,,20260106T061500Z-QE24M
C-10116-18,P-10116-B,B,LENGTH 144.88,length,144.88,144.98,144.78,mm,False,False,G-0188,,,final,,,,,E-0162,2021-03-15,,20260106T061500Z-QE24M
C-10116-36,P-10116-B,B,LENGTH 114.96,length,114.96,115.035,114.885,mm,False,False,G-0189,5,66 pieces,in-process,114.958,114.97538,114.94062,0.06369,E-0162,2021-03-15,,20260106T061500Z-QE24M
C-10123-03,P-10123-A,A,OD 49.557,diameter,49.557,49.5695,49.5445,mm,False,False,G-0002,,,CMM,,,,,E-0162,2021-03-15,,20260106T061500Z-QE24M
C-10123-04,P-10123-A,A,LENGTH 156.63,length,156.63,156.705,156.555,mm,False,False,G-0194,,,final,,,,,E-0162,2021-03-15,,20260106T061500Z-QE24M
C-10123-13,P-10123-A,A,TRUE POSITION 4X,true position,0.0,0.05,,mm,False,False,G-0002,,,final,,,,,E-0162,2021-03-15,,20260106T061500Z-QE24M
C-10123-25,P-10123-A,A,TRUE POSITION 4X,true position,0.0,0.15,,mm,False,False,G-0001,,,CMM,,,,,E-0162,2021-03-15,,20260106T061500Z-QE24M
C-10147-07,P-10147-B,B,OD 56.122,diameter,56.122,56.137,56.107,mm,False,False,G-0002,,,CMM,,,,,E-0162,2021-03-15,,20260106T061500Z-QE24M
C-10147-20,P-10147-B,B,THREAD PD 17.978,thread,17.978,18.008,17.948,mm,False,False,G-0220,,,final,,,,,E-0162,2021-03-15,,20260106T061500Z-QE24M
C-10147-25,P-10147-B,B,LENGTH 112.53,length,112.53,112.58,112.48,mm,False,False,G-0195,,,final,,,,,E-0162,2021-03-15,,20260106T061500Z-QE24M
C-10147-32,P-10147-B,B,LENGTH 117.09,length,117.09,117.19,116.99,mm,False,False,G-0196,5,46 pieces,in-process,117.09171,117.13213,117.0513,0.14813,E-0162,2021-03-15,,20260106T061500Z-QE24M
C-10161-15,P-10161-A,A,OD 8.711,diameter,8.711,8.731,8.691,mm,False,False,G-0057,5,30 pieces,in-process,8.70926,8.71488,8.70365,0.02058,E-0162,2021-03-15,,20260106T061500Z-QE24M
C-10161-23,P-10161-A,A,FLATNESS,flatness,0.0,0.02,0.0,mm,False,False,G-0001,,,CMM,,,,,E-0162,2021-03-15,,20260106T061500Z-QE24M
C-10161-26,P-10161-A,A,LENGTH 84.81,length,84.81,84.86,84.76,mm,False,False,G-0195,5,30 pieces,in-process,84.80903,84.82251,84.79555,0.04939,E-0162,2021-03-15,,20260106T061500Z-QE24M
C-10161-30,P-10161-A,A,THREAD PD 13.370,thread,13.37,13.4,13.34,mm,False,False,G-0200,,,final,,,,,E-0162,2021-03-15,,20260106T061500Z-QE24M
C-10178-05,P-10178-D,D,OD 41.664,diameter,41.664,41.6765,41.6515,mm,False,False,G-0001,,,CMM,,,,,E-0162,2021-03-15,,20260106T061500Z-QE24M
C-10178-12,P-10178-D,D,OD 39.487,diameter,39.487,39.4995,39.4745,mm,False,False,G-0105,5,30 pieces,in-process,39.48588,39.49053,39.48122,0.01706,E-0162,2021-03-15,,20260106T061500Z-QE24M
C-10178-15,P-10178-D,D,FLATNESS,flatness,0.0,0.03,0.0,mm,False,False,G-0261,5,30 pieces,in-process,0.00747,0.01386,0.00108,0.02342,E-0162,2021-03-15,,20260106T061500Z-QE24M
C-10178-35,P-10178-D,D,SURFACE FINISH Ra,surface finish Ra,0.0,0.8,,um,False,False,G-0231,5,30 pieces,in-process,0.47234,0.57263,0.37205,0.36756,E-0162,2021-03-15,,20260106T061500Z-QE24M
C-10184-11,P-10184-A,A,OD 8.695,diameter,8.695,8.715,8.675,mm,False,False,G-0038,,,final,,,,,E-0162,2021-03-15,,20260106T061500Z-QE24M
C-10184-15,P-10184-A,A,OD 34.706,diameter,34.706,34.716,34.696,mm,False,False,G-0104,5,30 pieces,in-process,34.70595,34.70873,34.70316,0.0102,E-0162,2021-03-15,,20260106T061500Z-QE24M
C-10184-17,P-10184-A,A,OD 39.216,diameter,39.216,39.236,39.196,mm,False,False,G-0105,,,final,,,,,E-0162,2021-03-15,,20260106T061500Z-QE24M
C-10184-24,P-10184-A,A,SURFACE FINISH Ra,surface finish Ra,0.0,1.6,,um,False,False,G-0231,,,final,,,,,E-0162,2021-03-15,,20260106T061500Z-QE24M
C-10212-08,P-10212-A,A,OD 21.765,diameter,21.765,21.78,21.75,mm,False,False,G-0054,5,30 pieces,in-process,21.76577,21.76933,21.76222,0.01304,E-0162,2021-03-15,,20260106T061500Z-QE24M
C-10212-11,P-10212-A,A,THREAD PD 17.267,thread,17.267,17.297,17.237,mm,False,False,G-0225,,,final,,,,,E-0162,2021-03-15,,20260106T061500Z-QE24M
C-10212-23,P-10212-A,A,HARDNESS HRC,hardness,33.0,35.0,31.0,HRC,False,False,G-0232,,,final,,,,,E-0162,2021-03-15,,20260106T061500Z-QE24M
C-10212-24,P-10212-A,A,LENGTH 128.57,length,128.57,128.62,128.52,mm,False,False,G-0189,5,30 pieces,in-process,128.5735,128.59055,128.55645,0.06249,E-0162,2021-03-15,,20260106T061500Z-QE24M
C-10215-09,P-10215-A,A,OD 24.700,diameter,24.7,24.71,24.69,mm,True,True,G-0039,5,30 pieces,in-process,24.69837,24.70068,24.69606,0.00847,E-0162,2021-03-15,,20260106T061500Z-QE24M
C-10215-18,P-10215-A,A,FLATNESS,flatness,0.0,0.03,,mm,False,False,G-0249,,,final,,,,,E-0162,2021-03-15,,20260106T061500Z-QE24M
C-10215-23,P-10215-A,A,SURFACE FINISH Ra,surface finish Ra,0.0,0.8,,um,False,False,G-0231,,,final,,,,,E-0162,2021-03-15,,20260106T061500Z-QE24M
C-10215-29,P-10215-A,A,THREAD PD 10.919,thread,10.919,10.949,10.889,mm,False,False,G-0218,,,final,,,,,E-0162,2021-03-15,,20260106T061500Z-QE24M
C-10235-02,P-10235-A,A,OD 51.202,diameter,51.202,51.212,51.192,mm,False,False,G-0116,5,58 pieces,in-process,51.20202,51.20487,51.19918,0.01042,E-0162,2021-03-15,,20260106T061500Z-QE24M
C-10235-10,P-10235-A,A,RUNOUT A-B,runout,0.0,0.03,0.0,mm,False,False,G-0001,,,CMM,,,,,E-0162,2021-03-15,,20260106T061500Z-QE24M
C-10235-11,P-10235-A,A,LENGTH 43.05,length,43.05,43.15,42.95,mm,False,False,G-0133,5,58 pieces,in-process,43.05829,43.08189,43.03469,0.0865,E-0162,2021-03-15,,20260106T061500Z-QE24M
C-10235-36,P-10235-A,A,LENGTH 155.92,length,155.92,155.97,155.87,mm,False,False,G-0196,5,58 pieces,in-process,155.92122,155.93417,155.90827,0.04747,E-0162,2021-03-15,,20260106T061500Z-QE24M
C-10257-05,P-10257-C,C,OD 30.128,diameter,30.128,30.1405,30.1155,mm,False,False,G-0098,5,30 pieces,in-process,30.12816,30.13265,30.12366,0.01646,E-0162,2021-03-15,,20260106T061500Z-QE24M
C-10257-12,P-10257-C,C,LENGTH 43.21,length,43.21,43.285,43.135,mm,False,False,G-0166,,,final,,,,,E-0162,2021-03-15,,20260106T061500Z-QE24M
C-10257-26,P-10257-C,C,RUNOUT A-B,runout,0.0,0.08,0.0,mm,False,False,G-0244,,,final,,,,,E-0162,2021-03-15,,20260106T061500Z-QE24M
C-10257-32,P-10257-C,C,BORE 33.688,bore,33.688,33.713,33.663,mm,False,False,G-0020,5,30 pieces,in-process,33.69083,33.69892,33.68273,0.02967,E-0162,2021-03-15,,20260106T061500Z-QE24M
C-10284-12,P-10284-A,A,OD 11.777,diameter,11.777,11.7895,11.7645,mm,False,False,G-0054,,,final,,,,,E-0162,2021-03-15,,20260106T061500Z-QE24M
C-10284-18,P-10284-A,A,OD 31.123,diameter,31.123,31.148,31.098,mm,False,False,G-0002,,,CMM,,,,,E-0162,2021-03-15,,20260106T061500Z-QE24M
C-10284-20,P-10284-A,A,OD 36.758,diameter,36.758,36.768,36.748,mm,False,False,G-0074,5,30 pieces,in-process,36.75621,36.7591,36.75331,0.01061,E-0162,2021-03-15,,20260106T061500Z-QE24M
C-10284-30,P-10284-A,A,FLATNESS,flatness,0.0,0.05,,mm,False,False,G-0254,5,30 pieces,in-process,0.0091,0.01728,0.00091,0.03,E-0162,2021-03-15,,20260106T061500Z-QE24M
C-10304-04,P-10304-A,A,OD 43.291,diameter,43.291,43.306,43.276,mm,False,False,G-0083,5,30 pieces,in-process,43.29064,43.29499,43.28629,0.01594,E-0162,2021-03-15,,20260106T061500Z-QE24M
C-10304-08,P-10304-A,A,FLATNESS,flatness,0.0,0.02,0.0,mm,False,False,G-0242,5,30 pieces,in-process,0.00528,0.00912,0.00145,0.01405,E-0162,2021-03-15,,20260106T061500Z-QE24M
C-10304-09,P-10304-A,A,LENGTH 50.45,length,50.45,50.525,50.375,mm,False,False,G-0136,5,30 pieces,in-process,50.44853,50.48128,50.41578,0.12003,E-0162,2021-03-15,,20260106T061500Z-QE24M
C-10304-20,P-10304-A,A,LENGTH 54.21,length,54.21,54.26,54.16,mm,False,False,G-0137,5,30 pieces,in-process,54.19977,54.21498,54.18456,0.05573,E-0162,2021-03-15,,20260106T061500Z-QE24M
C-10313-06,P-10313-B,B,OD 24.004,diameter,24.004,24.019,23.989,mm,False,False,G-0002,,,CMM,,,,,E-0162,2021-03-15,,20260106T061500Z-QE24M
C-10313-20,P-10313-B,B,LENGTH 113.50,length,113.5,113.55,113.45,mm,False,False,G-0194,5,32 pieces,in-process,113.50313,113.51766,113.4886,0.05327,E-0162,2021-03-15,,20260106T061500Z-QE24M
C-10313-23,P-10313-B,B,BORE 25.673,bore,25.673,25.6855,25.6605,mm,False,False,G-0002,,,CMM,,,,,E-0162,2021-03-15,,20260106T061500Z-QE24M
C-10313-28,P-10313-B,B,LENGTH 74.29,length,74.29,74.34,74.24,mm,False,False,G-0140,,,final,,,,,E-0162,2021-03-15,,20260106T061500Z-QE24M
C-10327-02,P-10327-A,A,OD 16.116,diameter,16.116,16.1285,16.1035,mm,False,False,G-0002,,,CMM,,,,,E-0162,2021-03-15,,20260106T061500Z-QE24M
C-10327-11,P-10327-A,A,HARDNESS HRC,hardness,42.0,44.0,40.0,HRC,False,False,G-0232,,,final,,,,,E-0162,2021-03-15,,20260106T061500Z-QE24M
C-10327-25,P-10327-A,A,RUNOUT A-B,runout,0.0,0.03,,mm,False,False,G-0254,,,final,,,,,E-0162,2021-03-15,,20260106T061500Z-QE24M
C-10327-26,P-10327-A,A,BORE 21.782,bore,21.782,21.797,21.767,mm,False,False,G-0024,5,31 pieces,in-process,21.78028,21.78647,21.7741,0.02267,E-0162,2021-03-15,,20260106T061500Z-QE24M
C-10355-02,P-10355-D,D,OD 24.181,diameter,24.181,24.196,24.166,mm,False,False,G-0002,,,CMM,,,,,E-0162,2021-03-15,,20260106T061500Z-QE24M
C-10355-29,P-10355-D,D,OD 58.752,diameter,58.752,58.767,58.737,mm,False,False,G-0124,5,21 pieces,in-process,58.75455,58.75993,58.74916,0.01972,E-0162,2021-03-15,,20260106T061500Z-QE24M
C-10355-32,P-10355-D,D,RUNOUT A-B,runout,0.0,0.05,0.0,mm,False,False,G-0240,,,final,,,,,E-0162,2021-03-15,,20260106T061500Z-QE24M
C-10355-33,P-10355-D,D,TRUE POSITION 4X,true position,0.0,0.05,,mm,False,False,G-0001,,,CMM,,,,,E-0162,2021-03-15,,20260106T061500Z-QE24M
C-10365-01,P-10365-A,A,OD 38.619,diameter,38.619,38.6315,38.6065,mm,False,False,G-0002,,,CMM,,,,,E-0162,2021-03-15,,20260106T061500Z-QE24M
C-10365-03,P-10365-A,A,HARDNESS HRC,hardness,40.0,42.0,38.0,HRC,False,False,G-0232,,,final,,,,,E-0162,2021-03-15,,20260106T061500Z-QE24M
C-10365-21,P-10365-A,A,BORE 19.737,bore,19.737,19.762,19.712,mm,False,False,G-0025,5,57 pieces,in-process,19.73478,19.74376,19.72579,0.03294,E-0162,2021-03-15,,20260106T061500Z-QE24M
C-10365-30,P-10365-A,A,TRUE POSITION 4X,true position,0.0,0.1,,mm,False,False,G-0001,,,CMM,,,,,E-0162,2021-03-15,,20260106T061500Z-QE24M
C-10373-07,P-10373-C,C,LENGTH 85.13,length,85.13,85.18,85.08,mm,False,False,G-0193,,,final,,,,,E-0162,2021-03-15,,20260106T061500Z-QE24M
C-10373-11,P-10373-C,C,BORE 35.870,bore,35.87,35.89,35.85,mm,False,False,G-0026,5,72 pieces,in-process,35.87018,35.87748,35.86287,0.02678,E-0162,2021-03-15,,20260106T061500Z-QE24M
C-10373-13,P-10373-C,C,RUNOUT A-B,runout,0.0,0.03,0.0,mm,False,False,G-0246,5,72 pieces,in-process,0.0114,0.01819,0.00462,0.02486,E-0162,2021-03-15,,20260106T061500Z-QE24M
C-10373-27,P-10373-C,C,BORE 19.976,bore,19.976,19.9885,19.9635,mm,False,False,G-0001,,,CMM,,,,,E-0162,2021-03-15,,20260106T061500Z-QE24M
C-10378-20,P-10378-D,D,LENGTH 160.92,length,160.92,160.97,160.87,mm,False,False,G-0186,,,final,,,,,E-0162,2021-03-15,,20260106T061500Z-QE24M
C-10378-26,P-10378-D,D,BORE 6.702,bore,6.702,6.717,6.687,mm,False,False,G-0002,,,CMM,,,,,E-0162,2021-03-15,,20260106T061500Z-QE24M
C-10378-37,P-10378-D,D,TRUE POSITION 4X,true position,0.0,0.05,,mm,False,False,G-0001,,,CMM,,,,,E-0162,2021-03-15,,20260106T061500Z-QE24M
C-10378-39,P-10378-D,D,SURFACE FINISH Ra,surface finish Ra,0.0,1.6,,um,False,False,G-0231,,,final,,,,,E-0162,2021-03-15,,20260106T061500Z-QE24M
C-10385-11,P-10385-D,D,LENGTH 25.14,length,25.14,25.19,25.09,mm,False,False,G-0161,5,37 pieces,in-process,25.13552,25.14885,25.12219,0.04885,E-0162,2021-03-15,,20260106T061500Z-QE24M
C-10385-19,P-10385-D,D,OD 11.170,diameter,11.17,11.195,11.145,mm,False,False,G-0042,,,final,,,,,E-0162,2021-03-15,,20260106T061500Z-QE24M
C-10385-24,P-10385-D,D,HARDNESS HRC,hardness,39.0,41.0,37.0,HRC,False,False,G-0232,,,final,,,,,E-0162,2021-03-15,,20260106T061500Z-QE24M
C-10385-27,P-10385-D,D,BORE 13.581,bore,13.581,13.606,13.556,mm,False,False,G-0016,,,final,,,,,E-0162,2021-03-15,,20260106T061500Z-QE24M
C-10407-02,P-10407-A,A,LENGTH 152.13,length,152.13,152.18,152.08,mm,False,False,G-0193,,,final,,,,,E-0162,2021-03-15,,20260106T061500Z-QE24M
C-10407-03,P-10407-A,A,SURFACE FINISH Ra,surface finish Ra,0.0,3.2,,um,False,False,G-0230,,,final,,,,,E-0162,2021-03-15,,20260106T061500Z-QE24M
C-10407-23,P-10407-A,A,BORE 8.417,bore,8.417,8.442,8.392,mm,False,False,G-0010,5,30 pieces,in-process,8.41442,8.42041,8.40843,0.02196,E-0162,2021-03-15,,20260106T061500Z-QE24M
C-10407-37,P-10407-A,A,LENGTH 159.22,length,159.22,159.32,159.12,mm,False,False,G-0196,5,30 pieces,in-process,159.19191,159.22246,159.16136,0.11196,E-0162,2021-03-15,,20260106T061500Z-QE24M
C-10420-07,P-10420-B,B,LENGTH 66.96,length,66.96,67.01,66.91,mm,False,False,G-0166,,,final,,,,,E-0162,2021-03-15,,20260106T061500Z-QE24M
C-10420-10,P-10420-B,B,SURFACE FINISH Ra,surface finish Ra,0.0,0.8,,um,False,False,G-0231,,,final,,,,,E-0162,2021-03-15,,20260106T061500Z-QE24M
C-10420-14,P-10420-B,B,OD 47.020,diameter,47.02,47.0325,47.0075,mm,False,False,G-0080,5,28 pieces,in-process,47.01974,47.02265,47.01684,0.01066,E-0162,2021-03-15,,20260106T061500Z-QE24M
C-10420-16,P-10420-B,B,BORE 38.665,bore,38.665,38.685,38.645,mm,False,False,G-0002,,,CMM,,,,,E-0162,2021-03-15,,20260106T061500Z-QE24M
C-10444-04,P-10444-B,B,LENGTH 66.40,length,66.4,66.475,66.325,mm,False,False,G-0154,,,final,,,,,E-0162,2021-03-15,,20260106T061500Z-QE24M
C-10444-05,P-10444-B,B,TRUE POSITION 4X,true position,0.0,0.05,,mm,False,False,G-0002,,,CMM,,,,,E-0162,2021-03-15,,20260106T061500Z-QE24M
C-10444-26,P-10444-B,B,LENGTH 99.59,length,99.59,99.64,99.54,mm,True,True,G-0188,5,31 pieces,in-process,99.60866,99.63182,99.5855,0.08487,E-0162,2021-03-15,,20260106T061500Z-QE24M
C-10444-28,P-10444-B,B,OD 19.004,diameter,19.004,19.019,18.989,mm,False,False,G-0002,,,CMM,,,,,E-0162,2021-03-15,,20260106T061500Z-QE24M
C-10460-13,P-10460-A,A,LENGTH 114.58,length,114.58,114.63,114.53,mm,False,False,G-0186,,,final,,,,,E-0162,2021-03-15,,20260106T061500Z-QE24M
C-10460-14,P-10460-A,A,THREAD PD 16.532,thread,16.532,16.562,16.502,mm,False,False,G-0221,,,final,,,,,E-0162,2021-03-15,,20260106T061500Z-QE24M
C-10460-17,P-10460-A,A,LENGTH 170.10,length,170.1,170.2,170.0,mm,False,False,G-0188,5,58 pieces,in-process,170.09427,170.12439,170.06414,0.11041,E-0162,2021-03-15,,20260106T061500Z-QE24M
C-10460-21,P-10460-A,A,BORE 36.314,bore,36.314,36.339,36.289,mm,False,False,G-0002,,,CMM,,,,,E-0162,2021-03-15,,20260106T061500Z-QE24M
C-10463-03,P-10463-C,C,LENGTH 101.57,length,101.57,101.62,101.52,mm,False,False,G-0193,5,30 pieces,in-process,101.56433,101.57732,101.55133,0.04763,E-0162,2021-03-15,,20260106T061500Z-QE24M
C-10463-14,P-10463-C,C,SURFACE FINISH Ra,surface finish Ra,0.0,3.2,,um,True,True,G-0230,5,30 pieces,in-process,1.67489,2.09533,1.25445,1.54093,E-0162,2021-03-15,,20260106T061500Z-QE24M
C-10463-15,P-10463-C,C,SURFACE FINISH Ra,surface finish Ra,0.0,1.6,,um,False,False,G-0231,,,final,,,,,E-0162,2021-03-15,,20260106T061500Z-QE24M
C-10463-19,P-10463-C,C,FLATNESS,flatness,0.0,0.03,,mm,False,False,G-0001,,,CMM,,,,,E-0162,2021-03-15,,20260106T061500Z-QE24M
C-10469-10,P-10469-D,D,LENGTH 34.72,length,34.72,34.82,34.62,mm,False,False,G-0149,,,final,,,,,E-0162,2021-03-15,,20260106T061500Z-QE24M
C-10469-27,P-10469-D,D,LENGTH 70.08,length,70.08,70.13,70.03,mm,False,False,G-0150,5,31 pieces,in-process,70.0799,70.09798,70.06182,0.06626,E-0162,2021-03-15,,20260106T061500Z-QE24M
C-10469-28,P-10469-D,D,RUNOUT A-B,runout,0.0,0.03,,mm,False,False,G-0258,5,31 pieces,in-process,0.01243,0.0189,0.00595,0.02373,E-0162,2021-03-15,,20260106T061500Z-QE24M
C-10469-30,P-10469-D,D,TRUE POSITION 4X,true position,0.0,0.1,,mm,False,False,G-0001,,,CMM,,,,,E-0162,2021-03-15,,20260106T061500Z-QE24M
C-10497-10,P-10497-B,B,LENGTH 155.14,length,155.14,155.19,155.09,mm,False,False,G-0193,,,final,,,,,E-0162,2021-03-15,,20260106T061500Z-QE24M
C-10497-12,P-10497-B,B,THREAD PD 8.689,thread,8.689,8.719,8.659,mm,False,False,G-0210,,,final,,,,,E-0162,2021-03-15,,20260106T061500Z-QE24M
C-10497-25,P-10497-B,B,SURFACE FINISH Ra,surface finish Ra,0.0,3.2,,um,False,False,G-0231,5,63 pieces,in-process,1.51404,1.8868,1.14128,1.36618,E-0162,2021-03-15,,20260106T061500Z-QE24M
C-10497-39,P-10497-B,B,RUNOUT A-B,runout,0.0,0.03,,mm,False,False,G-0245,5,63 pieces,in-process,0.00713,0.01472,0.0,0.02784,E-0162,2021-03-15,,20260106T061500Z-QE24M
C-10518-03,P-10518-D,D,LENGTH 51.28,length,51.28,51.38,51.18,mm,False,False,G-0132,,,final,,,,,E-0162,2021-03-15,,20260106T061500Z-QE24M
C-10518-05,P-10518-D,D,SURFACE FINISH Ra,surface finish Ra,0.0,3.2,,um,False,False,G-0231,5,40 pieces,in-process,1.89302,2.2737,1.51233,1.39524,E-0162,2021-03-15,,20260106T061500Z-QE24M
C-10518-09,P-10518-D,D,TRUE POSITION 4X,true position,0.0,0.1,,mm,False,False,G-0001,,,final,,,,,E-0162,2021-03-15,,20260106T061500Z-QE24M
C-10518-19,P-10518-D,D,BORE 34.507,bore,34.507,34.522,34.492,mm,False,False,G-0002,,,CMM,,,,,E-0162,2021-03-15,,20260106T061500Z-QE24M
C-10536-02,P-10536-A,A,LENGTH 62.67,length,62.67,62.745,62.595,mm,False,False,G-0138,5,30 pieces,in-process,62.6734,62.69025,62.65654,0.06179,E-0162,2021-03-15,,20260106T061500Z-QE24M
C-10536-19,P-10536-A,A,BORE 6.998,bore,6.998,7.0105,6.9855,mm,False,False,G-0012,5,30 pieces,in-process,7.0007,7.00549,6.99591,0.01755,E-0162,2021-03-15,,20260106T061500Z-QE24M
C-10536-32,P-10536-A,A,OD 16.884,diameter,16.884,16.8965,16.8715,mm,False,False,G-0001,,,CMM,,,,,E-0162,2021-03-15,,20260106T061500Z-QE24M
C-10536-36,P-10536-A,A,OD 49.026,diameter,49.026,49.0385,49.0135,mm,False,False,G-0076,5,30 pieces,in-process,49.02756,49.03137,49.02375,0.01396,E-0162,2021-03-15,,20260106T061500Z-QE24M
C-10563-04,P-10563-D,D,LENGTH 179.89,length,179.89,179.94,179.84,mm,False,False,G-0193,,,final,,,,,E-0162,2021-03-15,,20260106T061500Z-QE24M
C-10563-20,P-10563-D,D,SURFACE FINISH Ra,surface finish Ra,0.0,3.2,,um,False,False,G-0230,,,final,,,,,E-0162,2021-03-15,,20260106T061500Z-QE24M
C-10563-23,P-10563-D,D,LENGTH 9.06,length,9.06,9.135,8.985,mm,False,False,G-0149,,,final,,,,,E-0162,2021-03-15,,20260106T061500Z-QE24M
C-10563-32,P-10563-D,D,FLATNESS,flatness,0.0,0.05,,mm,False,False,G-0001,,,CMM,,,,,E-0162,2021-03-15,,20260106T061500Z-QE24M
C-10567-03,P-10567-A,A,LENGTH 20.01,length,20.01,20.085,19.935,mm,False,False,G-0175,5,26 pieces,in-process,20.01387,20.03737,19.99038,0.08611,E-0162,2021-03-15,,20260106T061500Z-QE24M
C-10567-16,P-10567-A,A,TRUE POSITION 4X,true position,0.0,0.15,,mm,False,False,G-0001,,,final,,,,,E-0162,2021-03-15,,20260106T061500Z-QE24M
C-10567-25,P-10567-A,A,HARDNESS HRC,hardness,29.0,31.0,27.0,HRC,False,False,G-0232,,,final,,,,,E-0162,2021-03-15,,20260106T061500Z-QE24M
C-10567-31,P-10567-A,A,LENGTH 37.02,length,37.02,37.07,36.97,mm,False,False,G-0178,,,final,,,,,E-0162,2021-03-15,,20260106T061500Z-QE24M
C-10574-09,P-10574-A,A,LENGTH 59.04,length,59.04,59.115,58.965,mm,False,False,G-0164,,,final,,,,,E-0162,2021-03-15,,20260106T061500Z-QE24M
C-10574-25,P-10574-A,A,RUNOUT A-B,runout,0.0,0.05,,mm,False,False,G-0002,,,CMM,,,,,E-0162,2021-03-15,,20260106T061500Z-QE24M
C-10574-31,P-10574-A,A,LENGTH 102.05,length,102.05,102.1,102.0,mm,False,False,G-0188,,,final,,,,,E-0162,2021-03-15,,20260106T061500Z-QE24M
C-10574-34,P-10574-A,A,TRUE POSITION 4X,true position,0.0,0.15,,mm,False,False,G-0002,,,CMM,,,,,E-0162,2021-03-15,,20260106T061500Z-QE24M
C-10599-06,P-10599-C,C,LENGTH 115.64,length,115.64,115.69,115.59,mm,False,False,G-0193,,,final,,,,,E-0162,2021-03-15,,20260106T061500Z-QE24M
C-10599-07,P-10599-C,C,LENGTH 28.52,length,28.52,28.57,28.47,mm,False,False,G-0160,,,final,,,,,E-0162,2021-03-15,,20260106T061500Z-QE24M
C-10599-17,P-10599-C,C,TRUE POSITION 4X,true position,0.0,0.05,,mm,False,False,G-0002,,,CMM,,,,,E-0162,2021-03-15,,20260106T061500Z-QE24M
C-10599-19,P-10599-C,C,LENGTH 86.76,length,86.76,86.86,86.66,mm,False,False,G-0196,,,final,,,,,E-0162,2021-03-15,,20260106T061500Z-QE24M
C-10604-08,P-10604-A,A,OD 40.826,diameter,40.826,40.8385,40.8135,mm,True,True,G-0006,1,every piece,100%,40.82567,40.83336,40.81797,0.00945,E-0162,2021-03-15,,20260106T061500Z-QE24M
C-10604-16,P-10604-A,A,BORE 39.077,bore,39.077,39.102,39.052,mm,True,True,G-0027,5,16 pieces,in-process,39.08043,39.08723,39.07363,0.02492,E-0162,2021-03-15,,20260106T061500Z-QE24M
C-10604-32,P-10604-A,A,OD 58.455,diameter,58.455,58.48,58.43,mm,True,True,G-0117,5,16 pieces,in-process,58.46031,58.47017,58.45046,0.0361,E-0162,2021-03-15,,20260106T061500Z-QE24M
C-10604-38,P-10604-A,A,LENGTH 115.36,length,115.36,115.41,115.31,mm,True,True,G-0189,5,16 pieces,in-process,115.35821,115.37472,115.3417,0.06051,E-0162,2021-03-15,,20260106T061500Z-QE24M
C-10607-02,P-10607-C,C,OD 40.593,diameter,40.593,40.6055,40.5805,mm,True,True,G-0006,1,every piece,100%,40.59282,40.59973,40.5859,0.00849,E-0162,2021-03-15,,20260106T061500Z-QE24M
C-10607-07,P-10607-C,C,LENGTH 53.85,length,53.85,53.925,53.775,mm,True,False,G-0156,5,16 pieces,in-process,53.84582,53.86599,53.82565,0.07393,E-0162,2021-03-15,,20260106T061500Z-QE24M
C-10607-20,P-10607-C,C,OD 54.319,diameter,54.319,54.329,54.309,mm,True,True,G-0121,5,16 pieces,in-process,54.31929,54.32233,54.31625,0.01116,E-0162,2021-03-15,,20260106T061500Z-QE24M
C-10607-37,P-10607-C,C,TRUE POSITION 4X,true position,0.0,0.05,,mm,True,True,G-0001,5,16 pieces,in-process,0.00884,0.01353,0.00415,0.01718,E-0162,2021-03-15,,20260106T061500Z-QE24M
C-10632-11,P-10632-C,C,LENGTH 25.04,length,25.04,25.09,24.99,mm,False,False,G-0150,,,final,,,,,E-0162,2021-03-15,,20260106T061500Z-QE24M
C-10632-22,P-10632-C,C,TRUE POSITION 4X,true position,0.0,0.05,,mm,False,False,G-0002,,,CMM,,,,,E-0162,2021-03-15,,20260106T061500Z-QE24M
C-10632-27,P-10632-C,C,SURFACE FINISH Ra,surface finish Ra,0.0,3.2,,um,True,True,G-0230,5,37 pieces,in-process,1.7735,2.12704,1.41996,1.29574,E-0162,2021-03-15,,20260106T061500Z-QE24M
C-10632-30,P-10632-C,C,RUNOUT A-B,runout,0.0,0.08,0.0,mm,True,True,G-0260,5,37 pieces,in-process,0.02755,0.04072,0.01438,0.04826,E-0162,2021-03-15,,20260106T061500Z-QE24M
C-10653-14,P-10653-D,D,LENGTH 173.03,length,173.03,173.105,172.955,mm,False,False,G-0193,,,final,,,,,E-0162,2021-03-15,,20260106T061500Z-QE24M
C-10653-20,P-10653-D,D,SURFACE FINISH Ra,surface finish Ra,0.0,3.2,,um,True,True,G-0230,5,20 pieces,in-process,1.65354,2.00332,1.30376,1.28196,E-0162,2021-03-15,,20260106T061500Z-QE24M
C-10653-31,P-10653-D,D,LENGTH 43.74,length,43.74,43.79,43.69,mm,False,False,G-0179,,,final,,,,,E-0162,2021-03-15,,20260106T061500Z-QE24M
C-10653-33,P-10653-D,D,HARDNESS HRC,hardness,36.0,38.0,34.0,HRC,False,False,G-0232,,,final,,,,,E-0162,2021-03-15,,20260106T061500Z-QE24M
C-10680-05,P-10680-D,D,LENGTH 169.97,length,169.97,170.02,169.92,mm,False,False,G-0186,,,final,,,,,E-0162,2021-03-15,,20260106T061500Z-QE24M
C-10680-08,P-10680-D,D,FLATNESS,flatness,0.0,0.02,,mm,True,True,G-0234,5,32 pieces,in-process,0.00351,0.00707,0.0,0.01308,E-0162,2021-03-15,,20260106T061500Z-QE24M
C-10680-14,P-10680-D,D,RUNOUT A-B,runout,0.0,0.08,0.0,mm,False,False,G-0001,,,CMM,,,,,E-0162,2021-03-15,,20260106T061500Z-QE24M
C-10680-37,P-10680-D,D,SURFACE FINISH Ra,surface finish Ra,0.0,3.2,,um,False,False,G-0231,,,final,,,,,E-0162,2021-03-15,,20260106T061500Z-QE24M
C-10688-18,P-10688-A,A,LENGTH 175.44,length,175.44,175.49,175.39,mm,True,False,G-0186,5,30 pieces,in-process,175.4414,175.4585,175.42431,0.06265,E-0162,2021-03-15,,20260106T061500Z-QE24M
C-10688-20,P-10688-A,A,LENGTH 48.30,length,48.3,48.35,48.25,mm,False,False,G-0183,,,final,,,,,E-0162,2021-03-15,,20260106T061500Z-QE24M
C-10688-26,P-10688-A,A,SURFACE FINISH Ra,surface finish Ra,0.0,1.6,,um,True,True,G-0230,5,30 pieces,in-process,0.60394,0.7658,0.44207,0.59324,E-0162,2021-03-15,,20260106T061500Z-QE24M
C-10688-37,P-10688-A,A,BORE 28.930,bore,28.93,28.955,28.905,mm,True,True,G-0025,5,30 pieces,in-process,28.93134,28.93628,28.9264,0.0181,E-0162,2021-03-15,,20260106T061500Z-QE24M
C-10711-02,P-10711-C,C,LENGTH 82.65,length,82.65,82.75,82.55,mm,False,False,G-0193,,,final,,,,,E-0162,2021-03-15,,20260106T061500Z-QE24M
C-10711-09,P-10711-C,C,TRUE POSITION 4X,true position,0.0,0.05,,mm,False,False,G-0001,,,CMM,,,,,E-0162,2021-03-15,,20260106T061500Z-QE24M
C-10711-28,P-10711-C,C,TRUE POSITION 4X,true position,0.0,0.05,,mm,False,False,G-0002,,,CMM,,,,,E-0162,2021-03-15,,20260106T061500Z-QE24M
C-10711-38,P-10711-C,C,FLATNESS,flatness,0.0,0.05,,mm,False,False,G-0001,,,CMM,,,,,E-0162,2021-03-15,,20260106T061500Z-QE24M
C-10725-07,P-10725-B,B,LENGTH 81.90,length,81.9,81.975,81.825,mm,True,False,G-0193,5,65 pieces,in-process,81.89891,81.91736,81.88045,0.06763,E-0162,2021-03-15,,20260106T061500Z-QE24M
C-10725-13,P-10725-B,B,TRUE POSITION 4X,true position,0.0,0.05,,mm,False,False,G-0001,,,CMM,,,,,E-0162,2021-03-15,,20260106T061500Z-QE24M
C-10725-23,P-10725-B,B,TRUE POSITION 4X,true position,0.0,0.15,,mm,False,False,G-0002,,,CMM,,,,,E-0162,2021-03-15,,20260106T061500Z-QE24M
C-10725-31,P-10725-B,B,RUNOUT A-B,runout,0.0,0.03,0.0,mm,True,True,G-0251,5,65 pieces,in-process,0.00622,0.0124,4e-05,0.02266,E-0162,2021-03-15,,20260106T061500Z-QE24M
C-10729-04,P-10729-A,A,LENGTH 173.07,length,173.07,173.12,173.02,mm,False,False,G-0193,,,final,,,,,E-0162,2021-03-15,,20260106T061500Z-QE24M
C-10729-13,P-10729-A,A,BORE 8.496,bore,8.496,8.521,8.471,mm,False,False,G-0001,,,CMM,,,,,E-0162,2021-03-15,,20260106T061500Z-QE24M
C-10729-28,P-10729-A,A,BORE 32.312,bore,32.312,32.337,32.287,mm,True,True,G-0023,5,38 pieces,in-process,32.31032,32.31657,32.30406,0.02292,E-0162,2021-03-15,,20260106T061500Z-QE24M
C-10729-31,P-10729-A,A,SURFACE FINISH Ra,surface finish Ra,0.0,0.8,,um,True,True,G-0230,5,38 pieces,in-process,0.45121,0.54996,0.35246,0.36191,E-0162,2021-03-15,,20260106T061500Z-QE24M
C-10743-03,P-10743-D,D,LENGTH 88.66,length,88.66,88.76,88.56,mm,False,False,G-0193,,,final,,,,,E-0162,2021-03-15,,20260106T061500Z-QE24M
C-10743-23,P-10743-D,D,BORE 10.851,bore,10.851,10.866,10.836,mm,True,True,G-0018,5,18 pieces,in-process,10.85128,10.856,10.84657,0.01728,E-0162,2021-03-15,,20260106T061500Z-QE24M
C-10743-29,P-10743-D,D,THREAD PD 7.177,thread,7.177,7.207,7.147,mm,False,False,G-0223,,,final,,,,,E-0162,2021-03-15,,20260106T061500Z-QE24M
C-10743-37,P-10743-D,D,SURFACE FINISH Ra,surface finish Ra,0.0,0.8,,um,False,False,G-0230,,,final,,,,,E-0162,2021-03-15,,20260106T061500Z-QE24M
C-10749-10,P-10749-A,A,LENGTH 16.05,length,16.05,16.1,16.0,mm,True,True,G-0129,5,31 pieces,in-process,16.05197,16.072,16.03194,0.07342,E-0162,2021-03-15,,20260106T061500Z-QE24M
C-10749-16,P-10749-A,A,LENGTH 42.12,length,42.12,42.17,42.07,mm,True,True,G-0130,5,31 pieces,in-process,42.10994,42.12874,42.09114,0.0689,E-0162,2021-03-15,,20260106T061500Z-QE24M
C-10749-19,P-10749-A,A,FLATNESS,flatness,0.0,0.05,0.0,mm,False,False,G-0002,,,CMM,,,,,E-0162,2021-03-15,,20260106T061500Z-QE24M
C-10749-35,P-10749-A,A,FLATNESS,flatness,0.0,0.05,0.0,mm,True,True,G-0239,5,31 pieces,in-process,0.00935,0.01738,0.00133,0.02942,E-0162,2021-03-15,,20260106T061500Z-QE24M
C-10761-08,P-10761-A,A,LENGTH 10.51,length,10.51,10.56,10.46,mm,False,False,G-0153,,,final,,,,,E-0162,2021-03-15,,20260106T061500Z-QE24M
C-10761-12,P-10761-A,A,BORE 6.754,bore,6.754,6.7665,6.7415,mm,False,False,G-0001,,,CMM,,,,,E-0162,2021-03-15,,20260106T061500Z-QE24M
C-10761-13,P-10761-A,A,LENGTH 161.28,length,161.28,161.355,161.205,mm,True,True,G-0195,5,38 pieces,in-process,161.27737,161.30312,161.25162,0.09438,E-0162,2021-03-15,,20260106T061500Z-QE24M
C-10761-28,P-10761-A,A,OD 17.620,diameter,17.62,17.63,17.61,mm,True,False,G-0048,5,38 pieces,in-process,17.62004,17.62263,17.61745,0.00949,E-0162,2021-03-15,,20260106T061500Z-QE24M
C-10775-11,P-10775-A,A,LENGTH 105.49,length,105.49,105.565,105.415,mm,False,False,G-0193,,,final,,,,,E-0162,2021-03-15,,20260106T061500Z-QE24M
C-10775-14,P-10775-A,A,FLATNESS,flatness,0.0,0.03,0.0,mm,False,False,G-0001,,,CMM,,,,,E-0162,2021-03-15,,20260106T061500Z-QE24M
C-10775-16,P-10775-A,A,THREAD PD 6.157,thread,6.157,6.187,6.127,mm,False,False,G-0207,,,final,,,,,E-0162,2021-03-15,,20260106T061500Z-QE24M
C-10775-30,P-10775-A,A,OD 42.511,diameter,42.511,42.531,42.491,mm,True,True,G-0072,5,30 pieces,in-process,42.511,42.51623,42.50577,0.01915,E-0162,2021-03-15,,20260106T061500Z-QE24M
C-10798-01,P-10798-C,C,LENGTH 91.14,length,91.14,91.215,91.065,mm,True,True,G-0186,5,31 pieces,in-process,91.12385,91.15733,91.09037,0.12271,E-0162,2021-03-15,,20260106T061500Z-QE24M
C-10798-05,P-10798-C,C,TRUE POSITION 4X,true position,0.0,0.15,,mm,False,False,G-0002,,,final,,,,,E-0162,2021-03-15,,20260106T061500Z-QE24M
C-10798-31,P-10798-C,C,OD 16.281,diameter,16.281,16.2935,16.2685,mm,True,True,G-0054,5,31 pieces,in-process,16.28042,16.28457,16.27627,0.01522,E-0162,2021-03-15,,20260106T061500Z-QE24M
C-10798-35,P-10798-C,C,BORE 13.742,bore,13.742,13.7545,13.7295,mm,True,True,G-0015,5,31 pieces,in-process,13.74151,13.74678,13.73623,0.01933,E-0162,2021-03-15,,20260106T061500Z-QE24M
C-10824-05,P-10824-A,A,LENGTH 72.40,length,72.4,72.475,72.325,mm,True,True,G-0174,5,98 pieces,in-process,72.40104,72.42908,72.373,0.10276,E-0162,2021-03-15,,20260106T061500Z-QE24M
C-10824-20,P-10824-A,A,LENGTH 19.48,length,19.48,19.58,19.38,mm,False,False,G-0175,,,final,,,,,E-0162,2021-03-15,,20260106T061500Z-QE24M
C-10824-21,P-10824-A,A,BORE 28.142,bore,28.142,28.157,28.127,mm,True,True,G-0022,5,98 pieces,in-process,28.14338,28.14773,28.13903,0.01595,E-0162,2021-03-15,,20260106T061500Z-QE24M
C-10824-29,P-10824-A,A,HARDNESS HRC,hardness,32.0,34.0,30.0,HRC,False,False,G-0232,,,final,,,,,E-0162,2021-03-15,,20260106T061500Z-QE24M
C-10845-02,P-10845-A,A,LENGTH 95.61,length,95.61,95.685,95.535,mm,True,True,G-0193,5,30 pieces,in-process,95.60541,95.633,95.57781,0.10113,E-0162,2021-03-15,,20260106T061500Z-QE24M
C-10845-15,P-10845-A,A,BORE 34.044,bore,34.044,34.069,34.019,mm,False,False,G-0024,,,final,,,,,E-0162,2021-03-15,,20260106T061500Z-QE24M
C-10845-24,P-10845-A,A,BORE 28.488,bore,28.488,28.5005,28.4755,mm,True,True,G-0025,5,30 pieces,in-process,28.49015,28.494,28.4863,0.01412,E-0162,2021-03-15,,20260106T061500Z-QE24M
C-10845-26,P-10845-A,A,OD 53.938,diameter,53.938,53.9505,53.9255,mm,True,True,G-0122,5,30 pieces,in-process,53.93959,53.94268,53.93649,0.01135,E-0162,2021-03-15,,20260106T061500Z-QE24M
C-10857-01,P-10857-C,C,LENGTH 74.18,length,74.18,74.23,74.13,mm,True,True,G-0165,5,102 pieces,in-process,74.18319,74.19884,74.16754,0.05736,E-0162,2021-03-15,,20260106T061500Z-QE24M
C-10857-05,P-10857-C,C,LENGTH 78.73,length,78.73,78.83,78.63,mm,False,False,G-0194,,,final,,,,,E-0162,2021-03-15,,20260106T061500Z-QE24M
C-10857-17,P-10857-C,C,RUNOUT A-B,runout,0.0,0.03,,mm,False,False,G-0002,,,CMM,,,,,E-0162,2021-03-15,,20260106T061500Z-QE24M
C-10857-39,P-10857-C,C,SURFACE FINISH Ra,surface finish Ra,0.0,3.2,,um,True,True,G-0230,5,102 pieces,in-process,1.62128,1.89421,1.34836,1.00027,E-0162,2021-03-15,,20260106T061500Z-QE24M
C-10869-18,P-10869-D,D,LENGTH 68.40,length,68.4,68.5,68.3,mm,False,False,G-0129,5,67 pieces,in-process,68.40174,68.42216,68.38132,0.07484,E-0162,2021-03-15,,20260106T061500Z-QE24M
C-10869-25,P-10869-D,D,BORE 37.127,bore,37.127,37.1395,37.1145,mm,False,False,G-0026,5,67 pieces,in-process,37.12802,37.13211,37.12392,0.01502,E-0162,2021-03-15,,20260106T061500Z-QE24M
C-10869-33,P-10869-D,D,LENGTH 41.84,length,41.84,41.94,41.74,mm,False,False,G-0131,5,67 pieces,in-process,41.84316,41.87137,41.81495,0.10341,E-0162,2021-03-15,,20260106T061500Z-QE24M
C-10869-39,P-10869-D,D,LENGTH 135.67,length,135.67,135.77,135.57,mm,False,False,G-0196,5,67 pieces,in-process,135.66942,135.69215,135.64668,0.08333,E-0162,2021-03-15,,20260106T061500Z-QE24M
C-10887-09,P-10887-B,B,LENGTH 33.42,length,33.42,33.47,33.37,mm,False,False,G-0135,5,30 pieces,in-process,33.4266,33.4403,33.41291,0.0502,E-0162,2021-03-15,,20260106T061500Z-QE24M
C-10887-15,P-10887-B,B,BORE 30.482,bore,30.482,30.4945,30.4695,mm,False,False,G-0001,,,CMM,,,,,E-0162,2021-03-15,,20260106T061500Z-QE24M
C-10887-22,P-10887-B,B,LENGTH 89.18,length,89.18,89.28,89.08,mm,False,False,G-0195,,,final,,,,,E-0162,2021-03-15,,20260106T061500Z-QE24M
C-10887-39,P-10887-B,B,SURFACE FINISH Ra,surface finish Ra,0.0,1.6,,um,False,False,G-0230,,,final,,,,,E-0162,2021-03-15,,20260106T061500Z-QE24M
C-10900-01,P-10900-A,A,LENGTH 64.34,length,64.34,64.415,64.265,mm,False,False,G-0166,,,final,,,,,E-0162,2021-03-15,,20260106T061500Z-QE24M
C-10900-13,P-10900-A,A,OD 9.431,diameter,9.431,9.456,9.406,mm,False,False,G-0002,,,CMM,,,,,E-0162,2021-03-15,,20260106T061500Z-QE24M
C-10900-26,P-10900-A,A,THREAD PD 11.146,thread,11.146,11.176,11.116,mm,False,False,G-0212,,,final,,,,,E-0162,2021-03-15,,20260106T061500Z-QE24M
C-10900-35,P-10900-A,A,OD 24.273,diameter,24.273,24.283,24.263,mm,False,False,G-0049,,,final,,,,,E-0162,2021-03-15,,20260106T061500Z-QE24M
C-10923-12,P-10923-A,A,LENGTH 25.05,length,25.05,25.125,24.975,mm,False,False,G-0147,,,final,,,,,E-0162,2021-03-15,,20260106T061500Z-QE24M
C-10923-31,P-10923-A,A,TRUE POSITION 4X,true position,0.0,0.15,,mm,False,False,G-0001,,,CMM,,,,,E-0162,2021-03-15,,20260106T061500Z-QE24M
C-10923-38,P-10923-A,A,BORE 9.700,bore,9.7,9.72,9.68,mm,False,False,G-0012,5,110 pieces,in-process,9.69893,9.70386,9.694,0.01807,E-0162,2021-03-15,,20260106T061500Z-QE24M
C-10923-39,P-10923-A,A,HARDNESS HRC,hardness,41.0,43.0,39.0,HRC,False,False,G-0232,,,final,,,,,E-0162,2021-03-15,,20260106T061500Z-QE24M
C-10928-10,P-10928-A,A,LENGTH 35.42,length,35.42,35.47,35.37,mm,False,False,G-0182,,,final,,,,,E-0162,2021-03-15,,20260106T061500Z-QE24M
C-10928-16,P-10928-A,A,OD 57.443,diameter,57.443,57.468,57.418,mm,False,False,G-0002,,,CMM,,,,,E-0162,2021-03-15,,20260106T061500Z-QE24M
C-10928-23,P-10928-A,A,FLATNESS,flatness,0.0,0.03,0.0,mm,False,False,G-0001,,,CMM,,,,,E-0162,2021-03-15,,20260106T061500Z-QE24M
C-10928-33,P-10928-A,A,LENGTH 59.84,length,59.84,59.89,59.79,mm,False,False,G-0185,,,final,,,,,E-0162,2021-03-15,,20260106T061500Z-QE24M
C-10941-02,P-10941-C,C,LENGTH 91.95,length,91.95,92.0,91.9,mm,False,False,G-0193,,,final,,,,,E-0162,2021-03-15,,20260106T061500Z-QE24M
C-10941-11,P-10941-C,C,BORE 33.071,bore,33.071,33.096,33.046,mm,False,False,G-0001,,,CMM,,,,,E-0162,2021-03-15,,20260106T061500Z-QE24M
C-10941-13,P-10941-C,C,TRUE POSITION 4X,true position,0.0,0.1,,mm,False,False,G-0002,,,CMM,,,,,E-0162,2021-03-15,,20260106T061500Z-QE24M
C-10941-38,P-10941-C,C,BORE 13.895,bore,13.895,13.9075,13.8825,mm,False,False,G-0001,,,CMM,,,,,E-0162,2021-03-15,,20260106T061500Z-QE24M
C-10967-05,P-10967-A,A,LENGTH 169.24,length,169.24,169.34,169.14,mm,False,False,G-0193,5,43 pieces,in-process,169.25751,169.29143,169.22359,0.12433,E-0162,2021-03-15,,20260106T061500Z-QE24M
C-10967-11,P-10967-A,A,THREAD PD 16.904,thread,16.904,16.934,16.874,mm,False,False,G-0200,,,final,,,,,E-0162,2021-03-15,,20260106T061500Z-QE24M
C-10967-14,P-10967-A,A,OD 58.529,diameter,58.529,58.544,58.514,mm,False,False,G-0125,,,final,,,,,E-0162,2021-03-15,,20260106T061500Z-QE24M
C-10967-17,P-10967-A,A,LENGTH 146.13,length,146.13,146.205,146.055,mm,False,False,G-0196,,,final,,,,,E-0162,2021-03-15,,20260106T061500Z-QE24M
C-10989-04,P-10989-A,A,LENGTH 123.06,length,123.06,123.135,122.985,mm,False,False,G-0193,,,final,,,,,E-0162,2021-03-15,,20260106T061500Z-QE24M
C-10989-05,P-10989-A,A,SURFACE FINISH Ra,surface finish Ra,0.0,3.2,,um,False,False,G-0230,,,final,,,,,E-0162,2021-03-15,,20260106T061500Z-QE24M
C-10989-19,P-10989-A,A,RUNOUT A-B,runout,0.0,0.03,0.0,mm,False,False,G-0238,5,30 pieces,in-process,0.0083,0.01515,0.00146,0.0251,E-0162,2021-03-15,,20260106T061500Z-QE24M
C-10989-21,P-10989-A,A,OD 6.793,diameter,6.793,6.813,6.773,mm,False,False,G-0001,,,CMM,,,,,E-0162,2021-03-15,,20260106T061500Z-QE24M
C-10994-20,P-10994-A,A,LENGTH 14.15,length,14.15,14.225,14.075,mm,False,False,G-0164,,,final,,,,,E-0162,2021-03-15,,20260106T061500Z-QE24M
C-10994-30,P-10994-A,A,RUNOUT A-B,runout,0.0,0.08,0.0,mm,False,False,G-0242,5,30 pieces,in-process,0.02045,0.03598,0.00492,0.05692,E-0162,2021-03-15,,20260106T061500Z-QE24M
C-10994-31,P-10994-A,A,FLATNESS,flatness,0.0,0.02,0.0,mm,False,False,G-0243,5,30 pieces,in-process,0.00441,0.00838,0.00044,0.01456,E-0162,2021-03-15,,20260106T061500Z-QE24M
C-10994-37,P-10994-A,A,LENGTH 9.44,length,9.44,9.54,9.34,mm,False,False,G-0167,5,30 pieces,in-process,9.44584,9.47136,9.42033,0.09351,E-0162,2021-03-15,,20260106T061500Z-QE24M
C-11007-12,P-11007-C,C,LENGTH 159.76,length,159.76,159.835,159.685,mm,False,False,G-0193,,,final,,,,,E-0162,2021-03-15,,20260106T061500Z-QE24M
C-11007-19,P-11007-C,C,RUNOUT A-B,runout,0.0,0.05,,mm,False,False,G-0243,,,final,,,,,E-0162,2021-03-15,,20260106T061500Z-QE24M
C-11007-33,P-11007-C,C,THREAD PD 12.164,thread,12.164,12.194,12.134,mm,False,False,G-0211,,,final,,,,,E-0162,2021-03-15,,20260106T061500Z-QE24M
C-11007-37,P-11007-C,C,FLATNESS,flatness,0.0,0.05,0.0,mm,False,False,G-0001,,,CMM,,,,,E-0162,2021-03-15,,20260106T061500Z-QE24M
C-11033-01,P-11033-A,A,LENGTH 89.49,length,89.49,89.54,89.44,mm,False,False,G-0193,,,final,,,,,E-0162,2021-03-15,,20260106T061500Z-QE24M
C-11033-22,P-11033-A,A,TRUE POSITION 4X,true position,0.0,0.1,,mm,False,False,G-0001,,,CMM,,,,,E-0162,2021-03-15,,20260106T061500Z-QE24M
C-11033-33,P-11033-A,A,THREAD PD 16.562,thread,16.562,16.592,16.532,mm,False,False,G-0213,,,final,,,,,E-0162,2021-03-15,,20260106T061500Z-QE24M
C-11033-39,P-11033-A,A,LENGTH 170.82,length,170.82,170.92,170.72,mm,False,False,G-0196,5,13 pieces,in-process,170.8202,170.86353,170.77688,0.15879,E-0162,2021-03-15,,20260106T061500Z-QE24M
C-11045-04,P-11045-A,A,LENGTH 19.94,length,19.94,20.015,19.865,mm,False,False,G-0161,,,final,,,,,E-0162,2021-03-15,,20260106T061500Z-QE24M
C-11045-08,P-11045-A,A,TRUE POSITION 4X,true position,0.0,0.1,,mm,False,False,G-0001,,,final,,,,,E-0162,2021-03-15,,20260106T061500Z-QE24M
C-11045-11,P-11045-A,A,FLATNESS,flatness,0.0,0.02,,mm,False,False,G-0240,5,31 pieces,in-process,0.00457,0.00887,0.00027,0.01577,E-0162,2021-03-15,,20260106T061500Z-QE24M
C-11045-22,P-11045-A,A,HARDNESS HRC,hardness,36.0,38.0,34.0,HRC,False,False,G-0232,,,final,,,,,E-0162,2021-03-15,,20260106T061500Z-QE24M
C-11072-04,P-11072-B,B,LENGTH 11.65,length,11.65,11.725,11.575,mm,False,False,G-0170,,,final,,,,,E-0162,2021-03-15,,20260106T061500Z-QE24M
C-11072-05,P-11072-B,B,THREAD PD 17.637,thread,17.637,17.667,17.607,mm,False,False,G-0215,,,final,,,,,E-0162,2021-03-15,,20260106T061500Z-QE24M
C-11072-13,P-11072-B,B,FLATNESS,flatness,0.0,0.03,0.0,mm,False,False,G-0001,,,CMM,,,,,E-0162,2021-03-15,,20260106T061500Z-QE24M
C-11072-23,P-11072-B,B,THREAD PD 8.409,thread,8.409,8.439,8.379,mm,False,False,G-0217,,,final,,,,,E-0162,2021-03-15,,20260106T061500Z-QE24M
C-11099-19,P-11099-A,A,LENGTH 161.37,length,161.37,161.445,161.295,mm,False,False,G-0193,5,30 pieces,in-process,161.38169,161.4078,161.35558,0.09568,E-0162,2021-03-15,,20260106T061500Z-QE24M
C-11099-20,P-11099-A,A,HARDNESS HRC,hardness,34.0,36.0,32.0,HRC,False,False,G-0232,,,final,,,,,E-0162,2021-03-15,,20260106T061500Z-QE24M
C-11099-23,P-11099-A,A,HARDNESS HRC,hardness,42.0,44.0,40.0,HRC,False,False,G-0232,,,final,,,,,E-0162,2021-03-15,,20260106T061500Z-QE24M
C-11099-37,P-11099-A,A,RUNOUT A-B,runout,0.0,0.05,0.0,mm,False,False,G-0259,5,30 pieces,in-process,0.01956,0.03316,0.00597,0.04983,E-0162,2021-03-15,,20260106T061500Z-QE24M
C-11115-04,P-11115-B,B,LENGTH 108.14,length,108.14,108.19,108.09,mm,False,False,G-0193,,,final,,,,,E-0162,2021-03-15,,20260106T061500Z-QE24M
C-11115-16,P-11115-B,B,BORE 31.733,bore,31.733,31.758,31.708,mm,False,False,G-0001,,,CMM,,,,,E-0162,2021-03-15,,20260106T061500Z-QE24M
C-11115-28,P-11115-B,B,LENGTH 140.28,length,140.28,140.33,140.23,mm,False,False,G-0195,,,final,,,,,E-0162,2021-03-15,,20260106T061500Z-QE24M
C-11115-39,P-11115-B,B,FLATNESS,flatness,0.0,0.02,0.0,mm,False,False,G-0251,,,final,,,,,E-0162,2021-03-15,,20260106T061500Z-QE24M
C-11126-09,P-11126-A,A,LENGTH 67.16,length,67.16,67.235,67.085,mm,False,False,G-0128,,,final,,,,,E-0162,2021-03-15,,20260106T061500Z-QE24M
C-11126-23,P-11126-A,A,LENGTH 17.51,length,17.51,17.585,17.435,mm,False,False,G-0129,,,final,,,,,E-0162,2021-03-15,,20260106T061500Z-QE24M
C-11126-31,P-11126-A,A,THREAD PD 12.837,thread,12.837,12.867,12.807,mm,False,False,G-0204,,,final,,,,,E-0162,2021-03-15,,20260106T061500Z-QE24M
C-11126-37,P-11126-A,A,SURFACE FINISH Ra,surface finish Ra,0.0,0.8,,um,False,False,G-0231,5,30 pieces,in-process,0.46548,0.54929,0.38168,0.30714,E-0162,2021-03-15,,20260106T061500Z-QE24M
C-11142-07,P-11142-B,B,LENGTH 120.67,length,120.67,120.77,120.57,mm,False,False,G-0186,5,30 pieces,in-process,120.65142,120.6854,120.61744,0.12452,E-0162,2021-03-15,,20260106T061500Z-QE24M
C-11142-22,P-11142-B,B,THREAD PD 12.667,thread,12.667,12.697,12.637,mm,False,False,G-0225,,,final,,,,,E-0162,2021-03-15,,20260106T061500Z-QE24M
C-11142-26,P-11142-B,B,THREAD PD 12.862,thread,12.862,12.892,12.832,mm,False,False,G-0226,,,final,,,,,E-0162,2021-03-15,,20260106T061500Z-QE24M
C-11142-35,P-11142-B,B,THREAD PD 16.493,thread,16.493,16.523,16.463,mm,False,False,G-0227,,,final,,,,,E-0162,2021-03-15,,20260106T061500Z-QE24M
C-11163-06,P-11163-D,D,OD 9.525,diameter,9.525,9.54,9.51,mm,True,True,G-0051,5,70 pieces,in-process,9.52507,9.5292,9.52094,0.01512,E-0162,2021-03-15,,20260106T061500Z-QE24M
C-11163-23,P-11163-D,D,SURFACE FINISH Ra,surface finish Ra,0.0,0.8,,um,False,False,G-0230,,,final,,,,,E-0162,2021-03-15,,20260106T061500Z-QE24M
C-11163-26,P-11163-D,D,TRUE POSITION 4X,true position,0.0,0.1,,mm,False,False,G-0002,,,CMM,,,,,E-0162,2021-03-15,,20260106T061500Z-QE24M
C-11163-33,P-11163-D,D,LENGTH 115.77,length,115.77,115.82,115.72,mm,False,False,G-0196,5,73 pieces,in-process,115.77334,115.78724,115.75945,0.05093,E-0162,2021-03-15,,20260106T061500Z-QE24M
C-11167-04,P-11167-D,D,OD 8.846,diameter,8.846,8.861,8.831,mm,True,True,G-0043,5,70 pieces,in-process,8.84621,8.85065,8.84178,0.01624,E-0162,2021-03-15,,20260106T061500Z-QE24M
C-11167-06,P-11167-D,D,LENGTH 125.10,length,125.1,125.2,125.0,mm,False,False,G-0194,5,36 pieces,in-process,125.12283,125.159,125.08667,0.13255,E-0162,2021-03-15,,20260106T061500Z-QE24M
C-11167-24,P-11167-D,D,SURFACE FINISH Ra,surface finish Ra,0.0,0.8,,um,False,False,G-0231,5,36 pieces,in-process,0.47539,0.56061,0.39016,0.31237,E-0162,2021-03-15,,20260106T061500Z-QE24M
C-11167-38,P-11167-D,D,FLATNESS,flatness,0.0,0.02,0.0,mm,False,False,G-0255,5,36 pieces,in-process,0.00758,0.01211,0.00305,0.0166,E-0162,2021-03-15,,20260106T061500Z-QE24M
C-11173-11,P-11173-A,A,OD 5.167,diameter,5.167,5.182,5.152,mm,True,True,G-0049,5,110 pieces,in-process,5.16706,5.17112,5.16301,0.01486,E-0162,2021-03-15,,20260106T061500Z-QE24M
C-11173-16,P-11173-A,A,TRUE POSITION 4X,true position,0.0,0.15,,mm,False,False,G-0001,,,CMM,,,,,E-0162,2021-03-15,,20260106T061500Z-QE24M
C-11173-26,P-11173-A,A,TRUE POSITION 4X,true position,0.0,0.15,,mm,False,False,G-0002,,,final,,,,,E-0162,2021-03-15,,20260106T061500Z-QE24M
C-11173-39,P-11173-A,A,RUNOUT A-B,runout,0.0,0.08,,mm,False,False,G-0237,5,80 pieces,in-process,0.02729,0.05036,0.00423,0.08454,E-0162,2021-03-15,,20260106T061500Z-QE24M
C-11201-16,P-11201-A,A,OD 39.766,diameter,39.766,39.781,39.751,mm,True,True,G-0084,5,36 pieces,in-process,39.76519,39.77102,39.75936,0.02137,E-0162,2021-03-15,,20260106T061500Z-QE24M
C-11201-19,P-11201-A,A,OD 40.883,diameter,40.883,40.893,40.873,mm,False,False,G-0085,5,36 pieces,in-process,40.88227,40.88462,40.87993,0.00858,E-0162,2021-03-15,,20260106T061500Z-QE24M
C-11201-28,P-11201-A,A,BORE 26.745,bore,26.745,26.76,26.73,mm,False,False,G-0021,5,36 pieces,in-process,26.74381,26.74864,26.73898,0.0177,E-0162,2021-03-15,,20260106T061500Z-QE24M
C-11201-34,P-11201-A,A,TRUE POSITION 4X,true position,0.0,0.15,,mm,False,False,G-0001,,,CMM,,,,,E-0162,2021-03-15,,20260106T061500Z-QE24M
C-11226-03,P-11226-C,C,OD 30.659,diameter,30.659,30.679,30.639,mm,True,True,G-0087,5,51 pieces,in-process,30.65968,30.66717,30.6522,0.02744,E-0162,2021-03-15,,20260106T061500Z-QE24M
C-11226-05,P-11226-C,C,SURFACE FINISH Ra,surface finish Ra,0.0,3.2,,um,False,False,G-0231,5,51 pieces,in-process,1.67634,2.02527,1.32741,1.27884,E-0162,2021-03-15,,20260106T061500Z-QE24M
C-11226-12,P-11226-C,C,LENGTH 178.46,length,178.46,178.535,178.385,mm,False,False,G-0188,5,51 pieces,in-process,178.46138,178.48952,178.43323,0.10316,E-0162,2021-03-15,,20260106T061500Z-QE24M
C-11226-18,P-11226-C,C,TRUE POSITION 4X,true position,0.0,0.05,,mm,False,False,G-0002,,,CMM,,,,,E-0162,2021-03-15,,20260106T061500Z-QE24M
C-11253-11,P-11253-B,B,OD 23.832,diameter,23.832,23.8445,23.8195,mm,True,True,G-0033,5,76 pieces,in-process,23.83168,23.83519,23.82816,0.01289,E-0162,2021-03-15,,20260106T061500Z-QE24M
C-11253-25,P-11253-B,B,LENGTH 89.21,length,89.21,89.31,89.11,mm,False,False,G-0194,5,76 pieces,in-process,89.19669,89.22811,89.16526,0.11518,E-0162,2021-03-15,,20260106T061500Z-QE24M
C-11253-35,P-11253-B,B,LENGTH 36.17,length,36.17,36.27,36.07,mm,False,False,G-0179,,,final,,,,,E-0162,2021-03-15,,20260106T061500Z-QE24M
C-11253-37,P-11253-B,B,OD 10.997,diameter,10.997,11.022,10.972,mm,False,False,G-0036,5,76 pieces,in-process,10.99955,11.00783,10.99127,0.03035,E-0162,2021-03-15,,20260106T061500Z-QE24M
C-11265-10,P-11265-A,A,OD 47.262,diameter,47.262,47.277,47.247,mm,True,True,G-0102,5,36 pieces,in-process,47.26204,47.26656,47.25752,0.01656,E-0162,2021-03-15,,20260106T061500Z-QE24M
C-11265-19,P-11265-A,A,TRUE POSITION 4X,true position,0.0,0.1,,mm,False,False,G-0001,,,CMM,,,,,E-0162,2021-03-15,,20260106T061500Z-QE24M
C-11265-35,P-11265-A,A,LENGTH 130.29,length,130.29,130.34,130.24,mm,False,False,G-0195,5,36 pieces,in-process,130.29563,130.3129,130.27835,0.06331,E-0162,2021-03-15,,20260106T061500Z-QE24M
C-11265-39,P-11265-A,A,OD 12.992,diameter,12.992,13.007,12.977,mm,False,False,G-0048,5,36 pieces,in-process,12.99016,12.99455,12.98578,0.01606,E-0162,2021-03-15,,20260106T061500Z-QE24M
C-11282-06,P-11282-A,A,OD 55.684,diameter,55.684,55.709,55.659,mm,True,True,G-0118,5,36 pieces,in-process,55.68476,55.69072,55.6788,0.02186,E-0162,2021-03-15,,20260106T061500Z-QE24M
C-11282-13,P-11282-A,A,FLATNESS,flatness,0.0,0.05,0.0,mm,False,False,G-0002,,,CMM,,,,,E-0162,2021-03-15,,20260106T061500Z-QE24M
C-11282-26,P-11282-A,A,FLATNESS,flatness,0.0,0.03,,mm,False,False,G-0249,5,36 pieces,in-process,0.01375,0.02079,0.00672,0.02579,E-0162,2021-03-15,,20260106T061500Z-QE24M
C-11282-36,P-11282-A,A,OD 18.301,diameter,18.301,18.311,18.291,mm,False,False,G-0059,,,final,,,,,E-0162,2021-03-15,,20260106T061500Z-QE24M
C-11301-04,P-11301-A,A,OD 17.837,diameter,17.837,17.862,17.812,mm,True,True,G-0045,5,36 pieces,in-process,17.8372,17.84322,17.83119,0.02204,E-0162,2021-03-15,,20260106T061500Z-QE24M
C-11301-19,P-11301-A,A,HARDNESS HRC,hardness,36.0,38.0,34.0,HRC,False,False,G-0232,,,final,,,,,E-0162,2021-03-15,,20260106T061500Z-QE24M
C-11301-23,P-11301-A,A,RUNOUT A-B,runout,0.0,0.08,,mm,False,False,G-0262,5,36 pieces,in-process,0.02976,0.04451,0.015,0.05408,E-0162,2021-03-15,,20260106T061500Z-QE24M
C-11301-32,P-11301-A,A,LENGTH 75.30,length,75.3,75.375,75.225,mm,False,False,G-0196,5,36 pieces,in-process,75.31995,75.35508,75.28483,0.12873,E-0162,2021-03-15,,20260106T061500Z-QE24M
C-11320-01,P-11320-D,D,OD 30.135,diameter,30.135,30.155,30.115,mm,True,True,G-0100,5,36 pieces,in-process,30.13532,30.14079,30.12986,0.02003,E-0162,2021-03-15,,20260106T061500Z-QE24M
C-11320-04,P-11320-D,D,THREAD PD 7.968,thread,7.968,7.998,7.938,mm,False,False,G-0211,,,final,,,,,E-0162,2021-03-15,,20260106T061500Z-QE24M
C-11320-07,P-11320-D,D,SURFACE FINISH Ra,surface finish Ra,0.0,0.8,,um,False,False,G-0230,5,36 pieces,in-process,0.48487,0.60354,0.36619,0.43495,E-0162,2021-03-15,,20260106T061500Z-QE24M
C-11320-33,P-11320-D,D,SURFACE FINISH Ra,surface finish Ra,0.0,3.2,,um,False,False,G-0231,5,36 pieces,in-process,1.97354,2.30397,1.64312,1.21101,E-0162,2021-03-15,,20260106T061500Z-QE24M
C-11329-04,P-11329-A,A,OD 45.457,diameter,45.457,45.4695,45.4445,mm,True,True,G-0077,5,36 pieces,in-process,45.45738,45.46008,45.45468,0.0099,E-0162,2021-03-15,,20260106T061500Z-QE24M
C-11329-11,P-11329-A,A,RUNOUT A-B,runout,0.0,0.05,0.0,mm,False,False,G-0001,,,CMM,,,,,E-0162,2021-03-15,,20260106T061500Z-QE24M
C-11329-15,P-11329-A,A,THREAD PD 7.516,thread,7.516,7.546,7.486,mm,False,False,G-0215,,,final,,,,,E-0162,2021-03-15,,20260106T061500Z-QE24M
C-11329-29,P-11329-A,A,OD 7.073,diameter,7.073,7.093,7.053,mm,False,False,G-0064,5,36 pieces,in-process,7.07569,7.08466,7.06672,0.03286,E-0162,2021-03-15,,20260106T061500Z-QE24M
C-11347-08,P-11347-A,A,OD 51.438,diameter,51.438,51.463,51.413,mm,True,True,G-0114,5,36 pieces,in-process,51.43891,51.44424,51.43358,0.01953,E-0162,2021-03-15,,20260106T061500Z-QE24M
C-11347-16,P-11347-A,A,TRUE POSITION 4X,true position,0.0,0.1,,mm,False,False,G-0001,,,final,,,,,E-0162,2021-03-15,,20260106T061500Z-QE24M
C-11347-22,P-11347-A,A,BORE 31.271,bore,31.271,31.296,31.246,mm,False,False,G-0023,5,36 pieces,in-process,31.27281,31.2795,31.26613,0.02451,E-0162,2021-03-15,,20260106T061500Z-QE24M
C-11347-33,P-11347-A,A,LENGTH 58.46,length,58.46,58.56,58.36,mm,False,False,G-0178,5,36 pieces,in-process,58.4497,58.48562,58.41377,0.13166,E-0162,2021-03-15,,20260106T061500Z-QE24M
C-11354-05,P-11354-C,C,OD 48.159,diameter,48.159,48.1715,48.1465,mm,True,True,G-0007,1,every piece,100%,48.15832,48.16578,48.15086,0.00917,E-0162,2021-03-15,,20260106T061500Z-QE24M
C-11354-11,P-11354-C,C,LENGTH 108.87,length,108.87,108.945,108.795,mm,False,False,G-0187,5,16 pieces,in-process,108.87326,108.89316,108.85336,0.07294,E-0162,2021-03-15,,20260106T061500Z-QE24M
C-11354-20,P-11354-C,C,SURFACE FINISH Ra,surface finish Ra,0.0,3.2,,um,False,False,G-0230,5,16 pieces,in-process,1.75882,2.12519,1.39245,1.34276,E-0162,2021-03-15,,20260106T061500Z-QE24M
C-11354-39,P-11354-C,C,BORE 33.027,bore,33.027,33.0395,33.0145,mm,False,False,G-0025,,,final,,,,,E-0162,2021-03-15,,20260106T061500Z-QE24M
C-11373-17,P-11373-D,D,OD 55.680,diameter,55.68,55.6925,55.6675,mm,True,True,G-0007,1,every piece,100%,55.67964,55.68752,55.67175,0.00969,E-0162,2021-03-15,,20260106T061500Z-QE24M
C-11373-22,P-11373-D,D,FLATNESS,flatness,0.0,0.02,0.0,mm,False,False,G-0001,,,CMM,,,,,E-0162,2021-03-15,,20260106T061500Z-QE24M
C-11373-32,P-11373-D,D,SURFACE FINISH Ra,surface finish Ra,0.0,1.6,,um,False,False,G-0231,5,16 pieces,in-process,0.95857,1.13535,0.78178,0.64793,E-0162,2021-03-15,,20260106T061500Z-QE24M
C-11373-35,P-11373-D,D,RUNOUT A-B,runout,0.0,0.03,,mm,False,False,G-0257,5,16 pieces,in-process,0.00485,0.01003,0.0,0.01898,E-0162,2021-03-15,,20260106T061500Z-QE24M
C-11381-12,P-11381-A,A,LENGTH 38.76,length,38.76,38.86,38.66,mm,False,False,G-0173,,,final,,,,,E-0162,2021-03-15,,20260106T061500Z-QE24M
C-11381-13,P-11381-A,A,SURFACE FINISH Ra,surface finish Ra,0.0,3.2,,um,False,False,G-0230,,,final,,,,,E-0162,2021-03-15,,20260106T061500Z-QE24M
C-11381-17,P-11381-A,A,FLATNESS,flatness,0.0,0.03,0.0,mm,False,False,G-0002,,,CMM,,,,,E-0162,2021-03-15,,20260106T061500Z-QE24M
C-11381-27,P-11381-A,A,SURFACE FINISH Ra,surface finish Ra,0.0,1.6,,um,False,False,G-0230,5,31 pieces,in-process,0.92193,1.11265,0.73121,0.69899,E-0162,2021-03-15,,20260106T061500Z-QE24M
C-11406-30,P-11406-C,C,LENGTH 89.99,length,89.99,90.065,89.915,mm,False,False,G-0186,,,final,,,,,E-0162,2021-03-15,,20260106T061500Z-QE24M
C-11406-31,P-11406-C,C,TRUE POSITION 4X,true position,0.0,0.15,,mm,False,False,G-0002,,,final,,,,,E-0162,2021-03-15,,20260106T061500Z-QE24M
C-11406-32,P-11406-C,C,LENGTH 161.81,length,161.81,161.885,161.735,mm,False,False,G-0188,5,60 pieces,in-process,161.80978,161.8268,161.79275,0.06239,E-0162,2021-03-15,,20260106T061500Z-QE24M
C-11406-34,P-11406-C,C,LENGTH 177.84,length,177.84,177.94,177.74,mm,False,False,G-0189,,,final,,,,,E-0162,2021-03-15,,20260106T061500Z-QE24M
C-11413-11,P-11413-A,A,LENGTH 14.60,length,14.6,14.7,14.5,mm,False,False,G-0157,,,final,,,,,E-0162,2021-03-15,,20260106T061500Z-QE24M
C-11413-14,P-11413-A,A,OD 59.851,diameter,59.851,59.8635,59.8385,mm,False,False,G-0118,,,final,,,,,E-0162,2021-03-15,,20260106T061500Z-QE24M
C-11413-19,P-11413-A,A,SURFACE FINISH Ra,surface finish Ra,0.0,1.6,,um,False,False,G-0231,5,16 pieces,in-process,0.64496,0.7958,0.49413,0.55281,E-0162,2021-03-15,,20260106T061500Z-QE24M
C-11413-37,P-11413-A,A,SURFACE FINISH Ra,surface finish Ra,0.0,0.8,,um,False,False,G-0230,,,final,,,,,E-0162,2021-03-15,,20260106T061500Z-QE24M
C-11417-04,P-11417-A,A,LENGTH 132.90,length,132.9,132.975,132.825,mm,False,False,G-0193,5,66 pieces,in-process,132.89878,132.91453,132.88302,0.05775,E-0162,2021-03-15,,20260106T061500Z-QE24M
C-11417-18,P-11417-A,A,TRUE POSITION 4X,true position,0.0,0.15,,mm,False,False,G-0001,,,CMM,,,,,E-0162,2021-03-15,,20260106T061500Z-QE24M
C-11417-20,P-11417-A,A,LENGTH 110.72,length,110.72,110.82,110.62,mm,False,False,G-0195,5,66 pieces,in-process,110.72034,110.75063,110.69005,0.11102,E-0162,2021-03-15,,20260106T061500Z-QE24M
C-11417-34,P-11417-A,A,LENGTH 94.74,length,94.74,94.79,94.69,mm,False,False,G-0196,,,final,,,,,E-0162,2021-03-15,,20260106T061500Z-QE24M
C-11437-27,P-11437-B,B,LENGTH 172.18,length,172.18,172.28,172.08,mm,False,False,G-0193,5,23 pieces,in-process,172.18723,172.21113,172.16333,0.08759,E-0162,2021-03-15,,20260106T061500Z-QE24M
C-11437-32,P-11437-B,B,BORE 25.356,bore,25.356,25.371,25.341,mm,False,False,G-0022,5,23 pieces,in-process,25.35445,25.35834,25.35057,0.01422,E-0162,2021-03-15,,20260106T061500Z-QE24M
C-11437-38,P-11437-B,B,OD 51.150,diameter,51.15,51.175,51.125,mm,False,False,G-0117,5,23 pieces,in-process,51.15343,51.16144,51.14542,0.02937,E-0162,2021-03-15,,20260106T061500Z-QE24M
C-11437-39,P-11437-B,B,FLATNESS,flatness,0.0,0.03,,mm,False,False,G-0001,,,CMM,,,,,E-0162,2021-03-15,,20260106T061500Z-QE24M
C-11441-06,P-11441-A,A,LENGTH 164.27,length,164.27,164.32,164.22,mm,False,False,G-0193,,,final,,,,,E-0162,2021-03-15,,20260106T061500Z-QE24M
C-11441-11,P-11441-A,A,SURFACE FINISH Ra,surface finish Ra,0.0,3.2,,um,False,False,G-0230,5,35 pieces,in-process,2.1306,2.49874,1.76246,1.34926,E-0162,2021-03-15,,20260106T061500Z-QE24M
C-11441-23,P-11441-A,A,FLATNESS,flatness,0.0,0.02,0.0,mm,False,False,G-0002,,,CMM,,,,,E-0162,2021-03-15,,20260106T061500Z-QE24M
C-11441-25,P-11441-A,A,TRUE POSITION 4X,true position,0.0,0.1,,mm,False,False,G-0001,,,CMM,,,,,E-0162,2021-03-15,,20260106T061500Z-QE24M
C-11449-16,P-11449-A,A,LENGTH 100.80,length,100.8,100.875,100.725,mm,False,False,G-0193,,,final,,,,,E-0162,2021-03-15,,20260106T061500Z-QE24M
C-11449-29,P-11449-A,A,TRUE POSITION 4X,true position,0.0,0.1,,mm,False,False,G-0001,,,final,,,,,E-0162,2021-03-15,,20260106T061500Z-QE24M
C-11449-32,P-11449-A,A,SURFACE FINISH Ra,surface finish Ra,0.0,0.8,,um,False,False,G-0231,5,39 pieces,in-process,0.44631,0.53742,0.3552,0.33392,E-0162,2021-03-15,,20260106T061500Z-QE24M
C-11449-39,P-11449-A,A,BORE 7.630,bore,7.63,7.6425,7.6175,mm,False,False,G-0010,5,39 pieces,in-process,7.62916,7.63397,7.62434,0.01765,E-0162,2021-03-15,,20260106T061500Z-QE24M
C-11462-05,P-11462-A,A,LENGTH 99.78,length,99.78,99.855,99.705,mm,False,False,G-0186,,,final,,,,,E-0162,2021-03-15,,20260106T061500Z-QE24M
C-11462-13,P-11462-A,A,TRUE POSITION 4X,true position,0.0,0.15,,mm,False,False,G-0002,,,CMM,,,,,E-0162,2021-03-15,,20260106T061500Z-QE24M
C-11462-23,P-11462-A,A,HARDNESS HRC,hardness,42.0,44.0,40.0,HRC,False,False,G-0232,,,final,,,,,E-0162,2021-03-15,,20260106T061500Z-QE24M
C-11462-34,P-11462-A,A,OD 20.298,diameter,20.298,20.3105,20.2855,mm,False,False,G-0059,,,final,,,,,E-0162,2021-03-15,,20260106T061500Z-QE24M
C-11490-03,P-11490-A,A,LENGTH 168.50,length,168.5,168.55,168.45,mm,False,False,G-0186,5,13 pieces,in-process,168.49446,168.51357,168.47534,0.07006,E-0162,2021-03-15,,20260106T061500Z-QE24M
C-11490-22,P-11490-A,A,FLATNESS,flatness,0.0,0.03,0.0,mm,False,False,G-0234,5,13 pieces,in-process,0.00946,0.01701,0.0019,0.0277,E-0162,2021-03-15,,20260106T061500Z-QE24M
C-11490-26,P-11490-A,A,LENGTH 125.04,length,125.04,125.09,124.99,mm,False,False,G-0188,,,final,,,,,E-0162,2021-03-15,,20260106T061500Z-QE24M
C-11490-39,P-11490-A,A,BORE 31.544,bore,31.544,31.564,31.524,mm,False,False,G-0002,,,CMM,,,,,E-0162,2021-03-15,,20260106T061500Z-QE24M
C-11494-03,P-11494-C,C,LENGTH 9.63,length,9.63,9.68,9.58,mm,False,False,G-0184,,,final,,,,,E-0162,2021-03-15,,20260106T061500Z-QE24M
C-11494-07,P-11494-C,C,OD 18.881,diameter,18.881,18.906,18.856,mm,False,False,G-0002,,,CMM,,,,,E-0162,2021-03-15,,20260106T061500Z-QE24M
C-11494-11,P-11494-C,C,FLATNESS,flatness,0.0,0.02,0.0,mm,False,False,G-0233,,,final,,,,,E-0162,2021-03-15,,20260106T061500Z-QE24M
C-11494-18,P-11494-C,C,LENGTH 19.95,length,19.95,20.05,19.85,mm,False,False,G-0127,,,final,,,,,E-0162,2021-03-15,,20260106T061500Z-QE24M
C-11502-18,P-11502-A,A,LENGTH 14.85,length,14.85,14.95,14.75,mm,False,False,G-0180,5,114 pieces,in-process,14.86114,14.90517,14.81711,0.16137,E-0162,2021-03-15,,20260106T061500Z-QE24M
C-11502-31,P-11502-A,A,OD 6.627,diameter,6.627,6.637,6.617,mm,False,False,G-0002,,,CMM,,,,,E-0162,2021-03-15,,20260106T061500Z-QE24M
C-11502-35,P-11502-A,A,TRUE POSITION 4X,true position,0.0,0.15,,mm,False,False,G-0001,,,CMM,,,,,E-0162,2021-03-15,,20260106T061500Z-QE24M
C-11502-37,P-11502-A,A,RUNOUT A-B,runout,0.0,0.08,0.0,mm,False,False,G-0002,,,CMM,,,,,E-0162,2021-03-15,,20260106T061500Z-QE24M
C-11529-03,P-11529-B,B,LENGTH 67.80,length,67.8,67.85,67.75,mm,False,False,G-0129,5,100 pieces,in-process,67.8025,67.82242,67.78258,0.073,E-0162,2021-03-15,,20260106T061500Z-QE24M
C-11529-08,P-11529-B,B,RUNOUT A-B,runout,0.0,0.08,0.0,mm,False,False,G-0237,5,100 pieces,in-process,0.02865,0.04309,0.01421,0.05293,E-0162,2021-03-15,,20260106T061500Z-QE24M
C-11529-13,P-11529-B,B,SURFACE FINISH Ra,surface finish Ra,0.0,1.6,,um,False,False,G-0231,,,final,,,,,E-0162,2021-03-15,,20260106T061500Z-QE24M
C-11529-27,P-11529-B,B,TRUE POSITION 4X,true position,0.0,0.15,,mm,False,False,G-0001,,,CMM,,,,,E-0162,2021-03-15,,20260106T061500Z-QE24M
C-11557-02,P-11557-C,C,LENGTH 35.39,length,35.39,35.49,35.29,mm,False,False,G-0145,5,52 pieces,in-process,35.39718,35.42623,35.36812,0.10647,E-0162,2021-03-15,,20260106T061500Z-QE24M
C-11557-16,P-11557-C,C,RUNOUT A-B,runout,0.0,0.03,0.0,mm,False,False,G-0253,5,52 pieces,in-process,0.0088,0.01463,0.00297,0.02136,E-0162,2021-03-15,,20260106T061500Z-QE24M
C-11557-20,P-11557-C,C,BORE 27.211,bore,27.211,27.231,27.191,mm,False,False,G-0002,,,CMM,,,,,E-0162,2021-03-15,,20260106T061500Z-QE24M
C-11557-22,P-11557-C,C,LENGTH 117.92,length,117.92,117.97,117.87,mm,False,False,G-0196,,,final,,,,,E-0162,2021-03-15,,20260106T061500Z-QE24M
C-11584-16,P-11584-A,A,LENGTH 31.91,length,31.91,31.985,31.835,mm,False,False,G-0154,5,56 pieces,in-process,31.92906,31.96422,31.89389,0.12888,E-0162,2021-03-15,,20260106T061500Z-QE24M
C-11584-18,P-11584-A,A,HARDNESS HRC,hardness,35.0,37.0,33.0,HRC,False,False,G-0232,,,final,,,,,E-0162,2021-03-15,,20260106T061500Z-QE24M
C-11584-24,P-11584-A,A,RUNOUT A-B,runout,0.0,0.03,,mm,False,False,G-0001,,,CMM,,,,,E-0162,2021-03-15,,20260106T061500Z-QE24M
C-11584-31,P-11584-A,A,SURFACE FINISH Ra,surface finish Ra,0.0,0.8,,um,False,False,G-0231,5,56 pieces,in-process,0.40198,0.50829,0.29568,0.38961,E-0162,2021-03-15,,20260106T061500Z-QE24M
C-11598-12,P-11598-C,C,LENGTH 155.94,length,155.94,156.015,155.865,mm,False,False,G-0186,5,30 pieces,in-process,155.94902,155.97259,155.92545,0.08638,E-0162,2021-03-15,,20260106T061500Z-QE24M
C-11598-15,P-11598-C,C,OD 19.383,diameter,19.383,19.398,19.368,mm,False,False,G-0037,5,30 pieces,in-process,19.38367,19.38752,19.37982,0.0141,E-0162,2021-03-15,,20260106T061500Z-QE24M
C-11598-17,P-11598-C,C,OD 55.188,diameter,55.188,55.198,55.178,mm,False,False,G-0122,5,30 pieces,in-process,55.18669,55.19017,55.1832,0.01278,E-0162,2021-03-15,,20260106T061500Z-QE24M
C-11598-37,P-11598-C,C,THREAD PD 17.139,thread,17.139,17.169,17.109,mm,False,False,G-0209,,,final,,,,,E-0162,2021-03-15,,20260106T061500Z-QE24M
C-11625-01,P-11625-A,A,LENGTH 112.24,length,112.24,112.34,112.14,mm,False,False,G-0193,5,31 pieces,in-process,112.23326,112.25425,112.21226,0.07694,E-0162,2021-03-15,,20260106T061500Z-QE24M
C-11625-26,P-11625-A,A,BORE 39.353,bore,39.353,39.373,39.333,mm,False,False,G-0001,,,CMM,,,,,E-0162,2021-03-15,,20260106T061500Z-QE24M
C-11625-27,P-11625-A,A,OD 28.753,diameter,28.753,28.773,28.733,mm,False,False,G-0087,5,31 pieces,in-process,28.75232,28.75908,28.74556,0.02478,E-0162,2021-03-15,,20260106T061500Z-QE24M
C-11625-32,P-11625-A,A,HARDNESS HRC,hardness,30.0,32.0,28.0,HRC,False,False,G-0232,,,final,,,,,E-0162,2021-03-15,,20260106T061500Z-QE24M
C-11642-08,P-11642-D,D,LENGTH 122.97,length,122.97,123.07,122.87,mm,False,False,G-0186,,,final,,,,,E-0162,2021-03-15,,20260106T061500Z-QE24M
C-11642-15,P-11642-D,D,HARDNESS HRC,hardness,32.0,34.0,30.0,HRC,False,False,G-0232,,,final,,,,,E-0162,2021-03-15,,20260106T061500Z-QE24M
C-11642-28,P-11642-D,D,BORE 6.463,bore,6.463,6.4755,6.4505,mm,False,False,G-0010,5,30 pieces,in-process,6.46136,6.46719,6.45552,0.02138,E-0162,2021-03-15,,20260106T061500Z-QE24M
C-11642-34,P-11642-D,D,RUNOUT A-B,runout,0.0,0.05,0.0,mm,False,False,G-0002,,,CMM,,,,,E-0162,2021-03-15,,20260106T061500Z-QE24M
C-11663-03,P-11663-A,A,LENGTH 147.57,length,147.57,147.62,147.52,mm,False,False,G-0193,5,57 pieces,in-process,147.57291,147.5859,147.55991,0.04763,E-0162,2021-03-15,,20260106T061500Z-QE24M
C-11663-19,P-11663-A,A,FLATNESS,flatness,0.0,0.02,,mm,False,False,G-0001,,,CMM,,,,,E-0162,2021-03-15,,20260106T061500Z-QE24M
C-11663-22,P-11663-A,A,LENGTH 26.52,length,26.52,26.57,26.47,mm,False,False,G-0169,5,57 pieces,in-process,26.52082,26.53401,26.50763,0.04834,E-0162,2021-03-15,,20260106T061500Z-QE24M
C-11663-32,P-11663-A,A,BORE 28.444,bore,28.444,28.459,28.429,mm,False,False,G-0022,5,57 pieces,in-process,28.44394,28.44849,28.4394,0.01667,E-0162,2021-03-15,,20260106T061500Z-QE24M
C-11681-01,P-11681-A,A,LENGTH 172.94,length,172.94,173.015,172.865,mm,False,False,G-0193,,,final,,,,,E-0162,2021-03-15,,20260106T061500Z-QE24M
C-11681-20,P-11681-A,A,LENGTH 121.93,length,121.93,122.005,121.855,mm,False,False,G-0194,5,30 pieces,in-process,121.92258,121.94061,121.90455,0.06608,E-0162,2021-03-15,,20260106T061500Z-QE24M
C-11681-22,P-11681-A,A,FLATNESS,flatness,0.0,0.02,,mm,False,False,G-0252,5,30 pieces,in-process,0.00661,0.00981,0.00341,0.01174,E-0162,2021-03-15,,20260106T061500Z-QE24M
C-11681-38,P-11681-A,A,OD 56.738,diameter,56.738,56.763,56.713,mm,False,False,G-0109,5,30 pieces,in-process,56.73706,56.74419,56.72992,0.02615,E-0162,2021-03-15,,20260106T061500Z-QE24M
C-11700-05,P-11700-B,B,LENGTH 100.48,length,100.48,100.53,100.43,mm,False,False,G-0186,,,final,,,,,E-0162,2021-03-15,,20260106T061500Z-QE24M
C-11700-11,P-11700-B,B,THREAD PD 16.658,thread,16.658,16.688,16.628,mm,False,False,G-0201,,,final,,,,,E-0162,2021-03-15,,20260106T061500Z-QE24M
C-11700-37,P-11700-B,B,HARDNESS HRC,hardness,43.0,45.0,41.0,HRC,False,False,G-0232,,,final,,,,,E-0162,2021-03-15,,20260106T061500Z-QE24M
C-11700-39,P-11700-B,B,BORE 9.194,bore,9.194,9.2065,9.1815,mm,False,False,G-0002,,,CMM,,,,,E-0162,2021-03-15,,20260106T061500Z-QE24M
C-11724-01,P-11724-A,A,LENGTH 122.47,length,122.47,122.545,122.395,mm,False,False,G-0186,,,final,,,,,E-0162,2021-03-15,,20260106T061500Z-QE24M
C-11724-08,P-11724-A,A,LENGTH 23.04,length,23.04,23.14,22.94,mm,False,False,G-0175,,,final,,,,,E-0162,2021-03-15,,20260106T061500Z-QE24M
C-11724-17,P-11724-A,A,RUNOUT A-B,runout,0.0,0.05,0.0,mm,False,False,G-0001,,,CMM,,,,,E-0162,2021-03-15,,20260106T061500Z-QE24M
C-11724-34,P-11724-A,A,SURFACE FINISH Ra,surface finish Ra,0.0,3.2,,um,False,False,G-0231,,,final,,,,,E-0162,2021-03-15,,20260106T061500Z-QE24M
C-11745-23,P-11745-D,D,LENGTH 105.24,length,105.24,105.315,105.165,mm,False,False,G-0193,,,final,,,,,E-0162,2021-03-15,,20260106T061500Z-QE24M
C-11745-31,P-11745-D,D,THREAD PD 18.188,thread,18.188,18.218,18.158,mm,False,False,G-0216,,,final,,,,,E-0162,2021-03-15,,20260106T061500Z-QE24M
C-11745-32,P-11745-D,D,LENGTH 148.43,length,148.43,148.48,148.38,mm,False,False,G-0195,,,final,,,,,E-0162,2021-03-15,,20260106T061500Z-QE24M
C-11745-39,P-11745-D,D,TRUE POSITION 4X,true position,0.0,0.05,,mm,False,False,G-0001,,,CMM,,,,,E-0162,2021-03-15,,20260106T061500Z-QE24M
C-11768-08,P-11768-A,A,LENGTH 106.63,length,106.63,106.705,106.555,mm,False,False,G-0186,,,final,,,,,E-0162,2021-03-15,,20260106T061500Z-QE24M
C-11768-12,P-11768-A,A,HARDNESS HRC,hardness,38.0,40.0,36.0,HRC,False,False,G-0232,,,final,,,,,E-0162,2021-03-15,,20260106T061500Z-QE24M
C-11768-25,P-11768-A,A,LENGTH 99.62,length,99.62,99.72,99.52,mm,False,False,G-0188,,,final,,,,,E-0162,2021-03-15,,20260106T061500Z-QE24M
C-11768-37,P-11768-A,A,LENGTH 132.34,length,132.34,132.415,132.265,mm,False,False,G-0189,5,90 pieces,in-process,132.33698,132.35575,132.3182,0.06881,E-0162,2021-03-15,,20260106T061500Z-QE24M
C-11794-08,P-11794-A,A,LENGTH 57.27,length,57.27,57.32,57.22,mm,False,False,G-0184,5,45 pieces,in-process,57.2824,57.30178,57.26301,0.07105,E-0162,2021-03-15,,20260106T061500Z-QE24M
C-11794-12,P-11794-A,A,FLATNESS,flatness,0.0,0.02,,mm,False,False,G-0002,,,CMM,,,,,E-0162,2021-03-15,,20260106T061500Z-QE24M
C-11794-33,P-11794-A,A,BORE 30.572,bore,30.572,30.597,30.547,mm,False,False,G-0001,,,CMM,,,,,E-0162,2021-03-15,,20260106T061500Z-QE24M
C-11794-39,P-11794-A,A,SURFACE FINISH Ra,surface finish Ra,0.0,1.6,,um,False,False,G-0231,5,45 pieces,in-process,0.83837,1.02411,0.65263,0.68075,E-0162,2021-03-15,,20260106T061500Z-QE24M
C-11803-02,P-11803-A,A,LENGTH 105.10,length,105.1,105.15,105.05,mm,False,False,G-0193,5,30 pieces,in-process,105.09468,105.11513,105.07422,0.07497,E-0162,2021-03-15,,20260106T061500Z-QE24M
C-11803-25,P-11803-A,A,RUNOUT A-B,runout,0.0,0.05,,mm,False,False,G-0001,,,CMM,,,,,E-0162,2021-03-15,,20260106T061500Z-QE24M
C-11803-27,P-11803-A,A,HARDNESS HRC,hardness,36.0,38.0,34.0,HRC,False,False,G-0232,,,final,,,,,E-0162,2021-03-15,,20260106T061500Z-QE24M
C-11803-29,P-11803-A,A,LENGTH 10.56,length,10.56,10.66,10.46,mm,False,False,G-0130,,,final,,,,,E-0162,2021-03-15,,20260106T061500Z-QE24M
C-11828-08,P-11828-C,C,LENGTH 93.18,length,93.18,93.28,93.08,mm,False,False,G-0186,5,30 pieces,in-process,93.17761,93.20903,93.1462,0.11513,E-0162,2021-03-15,,20260106T061500Z-QE24M
C-11828-14,P-11828-C,C,SURFACE FINISH Ra,surface finish Ra,0.0,0.8,,um,False,False,G-0231,,,final,,,,,E-0162,2021-03-15,,20260106T061500Z-QE24M
C-11828-18,P-11828-C,C,LENGTH 119.31,length,119.31,119.385,119.235,mm,False,False,G-0188,,,final,,,,,E-0162,2021-03-15,,20260106T061500Z-QE24M
C-11828-37,P-11828-C,C,FLATNESS,flatness,0.0,0.05,,mm,False,False,G-0002,,,CMM,,,,,E-0162,2021-03-15,,20260106T061500Z-QE24M
C-11831-12,P-11831-D,D,LENGTH 123.49,length,123.49,123.565,123.415,mm,False,False,G-0193,5,30 pieces,in-process,123.49195,123.51887,123.46503,0.09866,E-0162,2021-03-15,,20260106T061500Z-QE24M
C-11831-21,P-11831-D,D,HARDNESS HRC,hardness,32.0,34.0,30.0,HRC,False,False,G-0232,,,final,,,,,E-0162,2021-03-15,,20260106T061500Z-QE24M
C-11831-23,P-11831-D,D,FLATNESS,flatness,0.0,0.05,0.0,mm,False,False,G-0002,,,CMM,,,,,E-0162,2021-03-15,,20260106T061500Z-QE24M
C-11831-24,P-11831-D,D,LENGTH 20.91,length,20.91,20.96,20.86,mm,False,False,G-0146,5,30 pieces,in-process,20.90999,20.92433,20.89565,0.05256,E-0162,2021-03-15,,20260106T061500Z-QE24M
C-11847-01,P-11847-D,D,LENGTH 147.90,length,147.9,148.0,147.8,mm,False,False,G-0193,5,87 pieces,in-process,147.89417,147.92757,147.86076,0.12243,E-0162,2021-03-15,,20260106T061500Z-QE24M
C-11847-05,P-11847-D,D,RUNOUT A-B,runout,0.0,0.03,,mm,False,False,G-0243,5,87 pieces,in-process,0.01136,0.01646,0.00626,0.0187,E-0162,2021-03-15,,20260106T061500Z-QE24M
C-11847-30,P-11847-D,D,TRUE POSITION 4X,true position,0.0,0.1,,mm,False,False,G-0002,,,CMM,,,,,E-0162,2021-03-15,,20260106T061500Z-QE24M
C-11847-33,P-11847-D,D,SURFACE FINISH Ra,surface finish Ra,0.0,0.8,,um,False,False,G-0230,,,final,,,,,E-0162,2021-03-15,,20260106T061500Z-QE24M
C-11856-02,P-11856-B,B,LENGTH 125.19,length,125.19,125.24,125.14,mm,False,False,G-0186,,,final,,,,,E-0162,2021-03-15,,20260106T061500Z-QE24M
C-11856-14,P-11856-B,B,SURFACE FINISH Ra,surface finish Ra,0.0,0.8,,um,False,False,G-0231,,,final,,,,,E-0162,2021-03-15,,20260106T061500Z-QE24M
C-11856-19,P-11856-B,B,SURFACE FINISH Ra,surface finish Ra,0.0,3.2,,um,False,False,G-0230,5,54 pieces,in-process,1.70259,2.00659,1.3986,1.11414,E-0162,2021-03-15,,20260106T061500Z-QE24M
C-11856-20,P-11856-B,B,HARDNESS HRC,hardness,39.0,41.0,37.0,HRC,False,False,G-0232,,,final,,,,,E-0162,2021-03-15,,20260106T061500Z-QE24M
C-11871-09,P-11871-A,A,LENGTH 177.89,length,177.89,177.99,177.79,mm,False,False,G-0193,5,30 pieces,in-process,177.88442,177.91663,177.85222,0.11804,E-0162,2021-03-15,,20260106T061500Z-QE24M
C-11871-11,P-11871-A,A,SURFACE FINISH Ra,surface finish Ra,0.0,3.2,,um,False,False,G-0230,,,final,,,,,E-0162,2021-03-15,,20260106T061500Z-QE24M
C-11871-18,P-11871-A,A,OD 36.352,diameter,36.352,36.372,36.332,mm,False,False,G-0089,5,30 pieces,in-process,36.35001,36.35682,36.3432,0.02496,E-0162,2021-03-15,,20260106T061500Z-QE24M
C-11871-21,P-11871-A,A,BORE 13.647,bore,13.647,13.662,13.632,mm,False,False,G-0014,5,30 pieces,in-process,13.65005,13.65608,13.64402,0.02209,E-0162,2021-03-15,,20260106T061500Z-QE24M
C-11884-06,P-11884-A,A,LENGTH 104.12,length,104.12,104.22,104.02,mm,False,False,G-0186,,,final,,,,,E-0162,2021-03-15,,20260106T061500Z-QE24M
C-11884-11,P-11884-A,A,BORE 17.598,bore,17.598,17.613,17.583,mm,False,False,G-0019,5,13 pieces,in-process,17.59905,17.60594,17.59217,0.02525,E-0162,2021-03-15,,20260106T061500Z-QE24M
C-11884-13,P-11884-A,A,RUNOUT A-B,runout,0.0,0.08,,mm,False,False,G-0001,,,CMM,,,,,E-0162,2021-03-15,,20260106T061500Z-QE24M
C-11884-27,P-11884-A,A,LENGTH 96.44,length,96.44,96.49,96.39,mm,False,False,G-0189,,,final,,,,,E-0162,2021-03-15,,20260106T061500Z-QE24M
C-11889-08,P-11889-B,B,LENGTH 66.06,length,66.06,66.135,65.985,mm,False,False,G-0129,5,30 pieces,in-process,66.07289,66.10143,66.04434,0.10461,E-0162,2021-03-15,,20260106T061500Z-QE24M
C-11889-16,P-11889-B,B,TRUE POSITION 4X,true position,0.0,0.15,,mm,False,False,G-0001,,,final,,,,,E-0162,2021-03-15,,20260106T061500Z-QE24M
C-11889-30,P-11889-B,B,FLATNESS,flatness,0.0,0.05,0.0,mm,False,False,G-0238,5,30 pieces,in-process,0.00862,0.0175,0.0,0.03257,E-0162,2021-03-15,,20260106T061500Z-QE24M
C-11889-37,P-11889-B,B,RUNOUT A-B,runout,0.0,0.03,0.0,mm,False,False,G-0001,,,CMM,,,,,E-0162,2021-03-15,,20260106T061500Z-QE24M
C-11909-01,P-11909-A,A,LENGTH 86.50,length,86.5,86.6,86.4,mm,True,True,G-0193,5,60 pieces,in-process,86.49875,86.54989,86.44762,0.1874,E-0162,2021-03-15,,20260106T061500Z-QE24M
C-11909-03,P-11909-A,A,BORE 22.515,bore,22.515,22.53,22.5,mm,False,False,G-0020,5,60 pieces,in-process,22.51204,22.5184,22.50568,0.02331,E-0162,2021-03-15,,20260106T061500Z-QE24M
C-11909-06,P-11909-A,A,BORE 21.813,bore,21.813,21.8255,21.8005,mm,False,False,G-0021,5,60 pieces,in-process,21.81013,21.81463,21.80563,0.01649,E-0162,2021-03-15,,20260106T061500Z-QE24M
C-11909-35,P-11909-A,A,BORE 7.140,bore,7.14,7.155,7.125,mm,False,False,G-0010,5,60 pieces,in-process,7.14161,7.14577,7.13745,0.01525,E-0162,2021-03-15,,20260106T061500Z-QE24M
C-11920-12,P-11920-C,C,LENGTH 74.86,length,74.86,74.935,74.785,mm,True,True,G-0166,5,166 pieces,in-process,74.86129,74.88866,74.83392,0.10032,E-0162,2021-03-15,,20260106T061500Z-QE24M
C-11920-15,P-11920-C,C,RUNOUT A-B,runout,0.0,0.03,0.0,mm,False,False,G-0244,5,166 pieces,in-process,0.00889,0.01685,0.00092,0.0292,E-0162,2021-03-15,,20260106T061500Z-QE24M
C-11920-20,P-11920-C,C,FLATNESS,flatness,0.0,0.03,0.0,mm,False,False,G-0245,5,166 pieces,in-process,0.00997,0.01557,0.00437,0.02052,E-0162,2021-03-15,,20260106T061500Z-QE24M
C-11920-27,P-11920-C,C,SURFACE FINISH Ra,surface finish Ra,0.0,1.6,,um,False,False,G-0231,,,final,,,,,E-0162,2021-03-15,,20260106T061500Z-QE24M
C-11923-04,P-11923-A,A,LENGTH 166.61,length,166.61,166.66,166.56,mm,True,True,G-0193,5,36 pieces,in-process,166.60696,166.6258,166.58811,0.06905,E-0162,2021-03-15,,20260106T061500Z-QE24M
C-11923-12,P-11923-A,A,THREAD PD 7.993,thread,7.993,8.023,7.963,mm,False,False,G-0202,,,final,,,,,E-0162,2021-03-15,,20260106T061500Z-QE24M
C-11923-25,P-11923-A,A,FLATNESS,flatness,0.0,0.05,0.0,mm,False,False,G-0236,5,36 pieces,in-process,0.00848,0.01577,0.00119,0.02673,E-0162,2021-03-15,,20260106T061500Z-QE24M
C-11923-33,P-11923-A,A,RUNOUT A-B,runout,0.0,0.03,0.0,mm,False,False,G-0237,5,36 pieces,in-process,0.00405,0.00874,0.0,0.01717,E-0162,2021-03-15,,20260106T061500Z-QE24M
C-11930-12,P-11930-A,A,LENGTH 152.05,length,152.05,152.1,152.0,mm,True,True,G-0186,5,30 pieces,in-process,152.04716,152.06588,152.02844,0.0686,E-0162,2021-03-15,,20260106T061500Z-QE24M
C-11930-22,P-11930-A,A,BORE 10.761,bore,10.761,10.7735,10.7485,mm,False,False,G-0017,5,30 pieces,in-process,10.75901,10.76378,10.75425,0.01747,E-0162,2021-03-15,,20260106T061500Z-QE24M
C-11930-28,P-11930-A,A,OD 49.376,diameter,49.376,49.386,49.366,mm,False,False,G-0072,5,30 pieces,in-process,49.37715,49.38031,49.37399,0.0116,E-0162,2021-03-15,,20260106T061500Z-QE24M
C-11930-35,P-11930-A,A,OD 39.694,diameter,39.694,39.7065,39.6815,mm,False,False,G-0002,,,CMM,,,,,E-0162,2021-03-15,,20260106T061500Z-QE24M
C-11950-01,P-11950-A,A,LENGTH 37.45,length,37.45,37.525,37.375,mm,True,True,G-0136,5,30 pieces,in-process,37.45046,37.47235,37.42856,0.08025,E-0162,2021-03-15,,20260106T061500Z-QE24M
C-11950-20,P-11950-A,A,BORE 24.401,bore,24.401,24.426,24.376,mm,False,False,G-0025,5,30 pieces,in-process,24.40247,24.40996,24.39497,0.02747,E-0162,2021-03-15,,20260106T061500Z-QE24M
C-11950-21,P-11950-A,A,RUNOUT A-B,runout,0.0,0.03,,mm,False,False,G-0245,5,30 pieces,in-process,0.01206,0.01899,0.00512,0.02542,E-0162,2021-03-15,,20260106T061500Z-QE24M
C-11950-34,P-11950-A,A,BORE 10.803,bore,10.803,10.818,10.788,mm,False,False,G-0015,5,30 pieces,in-process,10.80147,10.80618,10.79676,0.01726,E-0162,2021-03-15,,20260106T061500Z-QE24M
C-11962-08,P-11962-A,A,LENGTH 87.98,length,87.98,88.055,87.905,mm,True,True,G-0186,5,31 pieces,in-process,87.97893,88.00136,87.95651,0.08219,E-0162,2021-03-15,,20260106T061500Z-QE24M
C-11962-27,P-11962-A,A,BORE 32.242,bore,32.242,32.267,32.217,mm,False,False,G-0025,5,31 pieces,in-process,32.23736,32.24468,32.23004,0.02682,E-0162,2021-03-15,,20260106T061500Z-QE24M
C-11962-34,P-11962-A,A,TRUE POSITION 4X,true position,0.0,0.1,,mm,False,False,G-0001,,,CMM,,,,,E-0162,2021-03-15,,20260106T061500Z-QE24M
C-11962-38,P-11962-A,A,BORE 11.703,bore,11.703,11.723,11.683,mm,False,False,G-0015,5,31 pieces,in-process,11.70205,11.70945,11.69464,0.02713,E-0162,2021-03-15,,20260106T061500Z-QE24M
C-11984-02,P-11984-A,A,LENGTH 38.67,length,38.67,38.77,38.57,mm,True,True,G-0134,5,13 pieces,in-process,38.67228,38.69745,38.64712,0.09223,E-0162,2021-03-15,,20260106T061500Z-QE24M
C-11984-20,P-11984-A,A,RUNOUT A-B,runout,0.0,0.03,0.0,mm,False,False,G-0242,5,13 pieces,in-process,0.00686,0.01242,0.0013,0.02038,E-0162,2021-03-15,,20260106T061500Z-QE24M
C-11984-21,P-11984-A,A,BORE 19.042,bore,19.042,19.062,19.022,mm,False,False,G-0024,5,13 pieces,in-process,19.04162,19.04723,19.03602,0.02055,E-0162,2021-03-15,,20260106T061500Z-QE24M
C-11984-31,P-11984-A,A,SURFACE FINISH Ra,surface finish Ra,0.0,1.6,,um,False,False,G-0231,5,13 pieces,in-process,0.93273,1.11696,0.7485,0.6752,E-0162,2021-03-15,,20260106T061500Z-QE24M
C-12004-08,P-12004-A,A,LENGTH 158.36,length,158.36,158.41,158.31,mm,True,True,G-0186,5,30 pieces,in-process,158.3607,158.3721,158.34931,0.04176,E-0162,2021-03-15,,20260106T061500Z-QE24M
C-12004-11,P-12004-A,A,TRUE POSITION 4X,true position,0.0,0.05,,mm,False,False,G-0002,,,final,,,,,E-0162,2021-03-15,,20260106T061500Z-QE24M
C-12004-12,P-12004-A,A,OD 19.335,diameter,19.335,19.345,19.325,mm,False,False,G-0001,,,CMM,,,,,E-0162,2021-03-15,,20260106T061500Z-QE24M
C-12004-19,P-12004-A,A,RUNOUT A-B,runout,0.0,0.03,,mm,False,False,G-0002,,,CMM,,,,,E-0162,2021-03-15,,20260106T061500Z-QE24M
C-12016-08,P-12016-A,A,LENGTH 164.55,length,164.55,164.65,164.45,mm,True,True,G-0186,5,30 pieces,in-process,164.54996,164.5757,164.52422,0.09434,E-0162,2021-03-15,,20260106T061500Z-QE24M
C-12016-19,P-12016-A,A,BORE 32.427,bore,32.427,32.442,32.412,mm,False,False,G-0025,5,30 pieces,in-process,32.42507,32.42995,32.42018,0.0179,E-0162,2021-03-15,,20260106T061500Z-QE24M
C-12016-36,P-12016-A,A,LENGTH 167.81,length,167.81,167.86,167.76,mm,False,False,G-0188,,,final,,,,,E-0162,2021-03-15,,20260106T061500Z-QE24M
C-12016-39,P-12016-A,A,LENGTH 97.59,length,97.59,97.665,97.515,mm,False,False,G-0189,5,30 pieces,in-process,97.59297,97.61463,97.57132,0.07936,E-0162,2021-03-15,,20260106T061500Z-QE24M
C-12023-05,P-12023-C,C,LENGTH 56.48,length,56.48,56.58,56.38,mm,True,True,G-0167,5,94 pieces,in-process,56.4803,56.50275,56.45785,0.08229,E-0162,2021-03-15,,20260106T061500Z-QE24M
C-12023-09,P-12023-C,C,OD 54.837,diameter,54.837,54.8495,54.8245,mm,False,False,G-0121,5,94 pieces,in-process,54.83722,54.83997,54.83447,0.01009,E-0162,2021-03-15,,20260106T061500Z-QE24M
C-12023-24,P-12023-C,C,OD 49.690,diameter,49.69,49.7025,49.6775,mm,False,False,G-0078,5,94 pieces,in-process,49.69098,49.69357,49.6884,0.00948,E-0162,2021-03-15,,20260106T061500Z-QE24M
C-12023-31,P-12023-C,C,LENGTH 12.02,length,12.02,12.12,11.92,mm,False,False,G-0170,,,final,,,,,E-0162,2021-03-15,,20260106T061500Z-QE24M
C-12040-18,P-12040-C,C,OD 22.998,diameter,22.998,23.023,22.973,mm,False,False,G-0034,5,30 pieces,in-process,22.99613,23.00275,22.9895,0.02429,E-0162,2021-03-15,,20260106T061500Z-QE24M
C-12040-29,P-12040-C,C,LENGTH 97.57,length,97.57,97.645,97.495,mm,False,False,G-0187,5,30 pieces,in-process,97.56735,97.60018,97.53452,0.12032,E-0162,2021-03-15,,20260106T061500Z-QE24M
C-12040-33,P-12040-C,C,BORE 8.820,bore,8.82,8.835,8.805,mm,False,False,G-0011,5,30 pieces,in-process,8.8165,8.82245,8.81054,0.02183,E-0162,2021-03-15,,20260106T061500Z-QE24M
C-12040-39,P-12040-C,C,LENGTH 161.08,length,161.08,161.13,161.03,mm,False,False,G-0189,,,final,,,,,E-0162,2021-03-15,,20260106T061500Z-QE24M
C-12065-11,P-12065-A,A,OD 44.972,diameter,44.972,44.992,44.952,mm,False,False,G-0069,5,35 pieces,in-process,44.97358,44.98101,44.96615,0.02723,E-0162,2021-03-15,,20260106T061500Z-QE24M
C-12065-19,P-12065-A,A,OD 37.894,diameter,37.894,37.919,37.869,mm,False,False,G-0070,5,35 pieces,in-process,37.89469,37.89933,37.89005,0.017,E-0162,2021-03-15,,20260106T061500Z-QE24M
C-12065-33,P-12065-A,A,OD 27.374,diameter,27.374,27.384,27.364,mm,False,False,G-0071,5,35 pieces,in-process,27.37433,27.37767,27.37099,0.01225,E-0162,2021-03-15,,20260106T061500Z-QE24M
C-12065-39,P-12065-A,A,BORE 20.064,bore,20.064,20.079,20.049,mm,False,False,G-0022,5,35 pieces,in-process,20.06325,20.06709,20.05941,0.01406,E-0162,2021-03-15,,20260106T061500Z-QE24M
C-12075-05,P-12075-A,A,OD 27.567,diameter,27.567,27.5795,27.5545,mm,False,False,G-0096,5,142 pieces,in-process,27.56542,27.56974,27.5611,0.01583,E-0162,2021-03-15,,20260106T061500Z-QE24M
C-12075-10,P-12075-A,A,THREAD PD 16.682,thread,16.682,16.712,16.652,mm,False,False,G-0216,,,final,,,,,E-0162,2021-03-15,,20260106T061500Z-QE24M
C-12075-14,P-12075-A,A,RUNOUT A-B,runout,0.0,0.03,0.0,mm,False,False,G-0250,5,142 pieces,in-process,0.00787,0.01272,0.00303,0.01776,E-0162,2021-03-15,,20260106T061500Z-QE24M
C-12075-17,P-12075-A,A,SURFACE FINISH Ra,surface finish Ra,0.0,3.2,,um,False,False,G-0230,,,final,,,,,E-0162,2021-03-15,,20260106T061500Z-QE24M
C-12092-02,P-12092-A,A,OD 19.972,diameter,19.972,19.982,19.962,mm,False,False,G-0038,5,37 pieces,in-process,19.97151,19.97358,19.96944,0.0076,E-0162,2021-03-15,,20260106T061500Z-QE24M
C-12092-34,P-12092-A,A,SURFACE FINISH Ra,surface finish Ra,0.0,3.2,,um,False,False,G-0231,,,final,,,,,E-0162,2021-03-15,,20260106T061500Z-QE24M
C-12092-36,P-12092-A,A,HARDNESS HRC,hardness,40.0,42.0,38.0,HRC,False,False,G-0232,,,final,,,,,E-0162,2021-03-15,,20260106T061500Z-QE24M
C-12092-39,P-12092-A,A,LENGTH 141.86,length,141.86,141.96,141.76,mm,False,False,G-0189,5,37 pieces,in-process,141.86496,141.90148,141.82845,0.13382,E-0162,2021-03-15,,20260106T061500Z-QE24M
C-12114-19,P-12114-A,A,OD 32.473,diameter,32.473,32.483,32.463,mm,False,False,G-0068,5,31 pieces,in-process,32.47369,32.4764,32.47097,0.00994,E-0162,2021-03-15,,20260106T061500Z-QE24M
C-12114-29,P-12114-A,A,BORE 11.020,bore,11.02,11.0325,11.0075,mm,False,False,G-0015,5,31 pieces,in-process,11.02212,11.02761,11.01662,0.02013,E-0162,2021-03-15,,20260106T061500Z-QE24M
C-12114-31,P-12114-A,A,HARDNESS HRC,hardness,38.0,40.0,36.0,HRC,False,False,G-0232,,,final,,,,,E-0162,2021-03-15,,20260106T061500Z-QE24M
C-12114-35,P-12114-A,A,OD 18.208,diameter,18.208,18.233,18.183,mm,False,False,G-0002,,,CMM,,,,,E-0162,2021-03-15,,20260106T061500Z-QE24M
C-12141-10,P-12141-B,B,OD 20.281,diameter,20.281,20.301,20.261,mm,False,False,G-0057,5,43 pieces,in-process,20.28009,20.28497,20.27521,0.01788,E-0162,2021-03-15,,20260106T061500Z-QE24M
C-12141-12,P-12141-B,B,THREAD PD 13.970,thread,13.97,14.0,13.94,mm,False,False,G-0228,,,final,,,,,E-0162,2021-03-15,,20260106T061500Z-QE24M
C-12141-14,P-12141-B,B,OD 57.161,diameter,57.161,57.181,57.141,mm,False,False,G-0115,5,43 pieces,in-process,57.1621,57.17081,57.15339,0.03194,E-0162,2021-03-15,,20260106T061500Z-QE24M
C-12141-17,P-12141-B,B,TRUE POSITION 4X,true position,0.0,0.05,,mm,False,False,G-0001,5,43 pieces,in-process,0.00798,0.01279,0.00318,0.0176,E-0162,2021-03-15,,20260106T061500Z-QE24M
C-12144-09,P-12144-A,A,OD 43.442,diameter,43.442,43.462,43.422,mm,False,False,G-0106,5,30 pieces,in-process,43.44107,43.44671,43.43543,0.02068,E-0162,2021-03-15,,20260106T061500Z-QE24M
C-12144-12,P-12144-A,A,TRUE POSITION 4X,true position,0.0,0.15,,mm,False,False,G-0002,,,CMM,,,,,E-0162,2021-03-15,,20260106T061500Z-QE24M
C-12144-17,P-12144-A,A,LENGTH 179.37,length,179.37,179.42,179.32,mm,False,False,G-0188,5,30 pieces,in-process,179.37602,179.39354,179.3585,0.06421,E-0162,2021-03-15,,20260106T061500Z-QE24M
C-12144-30,P-12144-A,A,BORE 37.780,bore,37.78,37.805,37.755,mm,False,False,G-0029,5,30 pieces,in-process,37.77865,37.78948,37.76781,0.03971,E-0162,2021-03-15,,20260106T061500Z-QE24M
C-12164-07,P-12164-A,A,OD 18.152,diameter,18.152,18.177,18.127,mm,False,False,G-0001,,,CMM,,,,,E-0162,2021-03-15,,20260106T061500Z-QE24M
C-12164-09,P-12164-A,A,OD 26.364,diameter,26.364,26.389,26.339,mm,False,False,G-0075,5,20 pieces,in-process,26.3641,26.37003,26.35817,0.02174,E-0162,2021-03-15,,20260106T061500Z-QE24M
C-12164-10,P-12164-A,A,BORE 6.651,bore,6.651,6.666,6.636,mm,False,False,G-0001,,,CMM,,,,,E-0162,2021-03-15,,20260106T061500Z-QE24M
C-12164-33,P-12164-A,A,OD 14.136,diameter,14.136,14.1485,14.1235,mm,False,False,G-0041,5,20 pieces,in-process,14.13542,14.13953,14.13131,0.01507,E-0162,2021-03-15,,20260106T061500Z-QE24M
C-12188-02,P-12188-A,A,OD 18.589,diameter,18.589,18.6015,18.5765,mm,False,False,G-0001,,,CMM,,,,,E-0162,2021-03-15,,20260106T061500Z-QE24M
C-12188-06,P-12188-A,A,LENGTH 172.78,length,172.78,172.88,172.68,mm,False,False,G-0187,5,49 pieces,in-process,172.76918,172.80301,172.73534,0.124,E-0162,2021-03-15,,20260106T061500Z-QE24M
C-12188-21,P-12188-A,A,TRUE POSITION 4X,true position,0.0,0.15,,mm,False,False,G-0001,,,CMM,,,,,E-0162,2021-03-15,,20260106T061500Z-QE24M
C-12188-30,P-12188-A,A,BORE 29.446,bore,29.446,29.466,29.426,mm,False,False,G-0002,,,CMM,,,,,E-0162,2021-03-15,,20260106T061500Z-QE24M
C-12204-10,P-12204-A,A,OD 58.510,diameter,58.51,58.52,58.5,mm,False,False,G-0112,5,18 pieces,in-process,58.50909,58.51242,58.50577,0.01218,E-0162,2021-03-15,,20260106T061500Z-QE24M
C-12204-11,P-12204-A,A,THREAD PD 7.504,thread,7.504,7.534,7.474,mm,False,False,G-0219,,,final,,,,,E-0162,2021-03-15,,20260106T061500Z-QE24M
C-12204-22,P-12204-A,A,TRUE POSITION 4X,true position,0.0,0.05,,mm,False,False,G-0001,,,CMM,,,,,E-0162,2021-03-15,,20260106T061500Z-QE24M
C-12204-34,P-12204-A,A,THREAD PD 17.144,thread,17.144,17.174,17.114,mm,False,False,G-0221,,,final,,,,,E-0162,2021-03-15,,20260106T061500Z-QE24M
C-12208-03,P-12208-D,D,OD 51.261,diameter,51.261,51.271,51.251,mm,False,False,G-0123,5,30 pieces,in-process,51.26129,51.26443,51.25814,0.01154,E-0162,2021-03-15,,20260106T061500Z-QE24M
C-12208-04,P-12208-D,D,OD 37.544,diameter,37.544,37.564,37.524,mm,False,False,G-0002,,,CMM,,,,,E-0162,2021-03-15,,20260106T061500Z-QE24M
C-12208-18,P-12208-D,D,HARDNESS HRC,hardness,34.0,36.0,32.0,HRC,False,False,G-0232,,,final,,,,,E-0162,2021-03-15,,20260106T061500Z-QE24M
C-12208-22,P-12208-D,D,FLATNESS,flatness,0.0,0.05,0.0,mm,False,False,G-0252,,,final,,,,,E-0162,2021-03-15,,20260106T061500Z-QE24M
C-12213-17,P-12213-C,C,OD 4.937,diameter,4.937,4.957,4.917,mm,False,False,G-0002,,,CMM,,,,,E-0162,2021-03-15,,20260106T061500Z-QE24M
C-12213-19,P-12213-C,C,BORE 19.259,bore,19.259,19.284,19.234,mm,False,False,G-0024,5,30 pieces,in-process,19.25854,19.2649,19.25218,0.02332,E-0162,2021-03-15,,20260106T061500Z-QE24M
C-12213-26,P-12213-C,C,BORE 31.886,bore,31.886,31.8985,31.8735,mm,False,False,G-0025,5,30 pieces,in-process,31.88556,31.88944,31.88168,0.01422,E-0162,2021-03-15,,20260106T061500Z-QE24M
C-12213-31,P-12213-C,C,LENGTH 103.83,length,103.83,103.93,103.73,mm,False,False,G-0196,5,30 pieces,in-process,103.83232,103.86356,103.80109,0.11448,E-0162,2021-03-15,,20260106T061500Z-QE24M
C-12223-07,P-12223-A,A,OD 59.581,diameter,59.581,59.596,59.566,mm,False,False,G-0002,,,CMM,,,,,E-0162,2021-03-15,,20260106T061500Z-QE24M
C-12223-09,P-12223-A,A,SURFACE FINISH Ra,surface finish Ra,0.0,1.6,,um,False,False,G-0230,5,31 pieces,in-process,0.68381,0.86762,0.50001,0.67366,E-0162,2021-03-15,,20260106T061500Z-QE24M
C-12223-16,P-12223-A,A,HARDNESS HRC,hardness,30.0,32.0,28.0,HRC,False,False,G-0232,,,final,,,,,E-0162,2021-03-15,,20260106T061500Z-QE24M
C-12223-26,P-12223-A,A,RUNOUT A-B,runout,0.0,0.03,0.0,mm,False,False,G-0001,,,CMM,,,,,E-0162,2021-03-15,,20260106T061500Z-QE24M
C-12248-02,P-12248-D,D,OD 54.220,diameter,54.22,54.245,54.195,mm,False,False,G-0114,,,final,,,,,E-0162,2021-03-15,,20260106T061500Z-QE24M
C-12248-19,P-12248-D,D,OD 58.671,diameter,58.671,58.6835,58.6585,mm,False,False,G-0115,5,31 pieces,in-process,58.67028,58.67295,58.66762,0.00977,E-0162,2021-03-15,,20260106T061500Z-QE24M
C-12248-28,P-12248-D,D,SURFACE FINISH Ra,surface finish Ra,0.0,0.8,,um,False,False,G-0230,5,31 pieces,in-process,0.46413,0.55474,0.37353,0.33207,E-0162,2021-03-15,,20260106T061500Z-QE24M
C-12248-29,P-12248-D,D,THREAD PD 14.719,thread,14.719,14.749,14.689,mm,False,False,G-0229,,,final,,,,,E-0162,2021-03-15,,20260106T061500Z-QE24M
C-12257-05,P-12257-A,A,OD 26.193,diameter,26.193,26.218,26.168,mm,False,False,G-0080,5,30 pieces,in-process,26.19096,26.19785,26.18407,0.02525,E-0162,2021-03-15,,20260106T061500Z-QE24M
C-12257-28,P-12257-A,A,TRUE POSITION 4X,true position,0.0,0.15,,mm,False,False,G-0001,,,CMM,,,,,E-0162,2021-03-15,,20260106T061500Z-QE24M
C-12257-36,P-12257-A,A,BORE 18.605,bore,18.605,18.62,18.59,mm,False,False,G-0002,,,CMM,,,,,E-0162,2021-03-15,,20260106T061500Z-QE24M
C-12257-39,P-12257-A,A,THREAD PD 7.905,thread,7.905,7.935,7.875,mm,False,False,G-0202,,,final,,,,,E-0162,2021-03-15,,20260106T061500Z-QE24M
C-12284-12,P-12284-B,B,OD 30.939,diameter,30.939,30.9515,30.9265,mm,False,False,G-0001,,,CMM,,,,,E-0162,2021-03-15,,20260106T061500Z-QE24M
C-12284-20,P-12284-B,B,LENGTH 94.87,length,94.87,94.945,94.795,mm,False,False,G-0187,5,30 pieces,in-process,94.86272,94.89233,94.83311,0.10852,E-0162,2021-03-15,,20260106T061500Z-QE24M
C-12284-23,P-12284-B,B,LENGTH 136.72,length,136.72,136.77,136.67,mm,False,False,G-0188,,,final,,,,,E-0162,2021-03-15,,20260106T061500Z-QE24M
C-12284-26,P-12284-B,B,LENGTH 38.47,length,38.47,38.57,38.37,mm,False,False,G-0137,5,30 pieces,in-process,38.47269,38.50847,38.43692,0.13112,E-0162,2021-03-15,,20260106T061500Z-QE24M
C-12303-01,P-12303-D,D,OD 43.751,diameter,43.751,43.766,43.736,mm,False,False,G-0101,5,30 pieces,in-process,43.75095,43.75715,43.74476,0.0227,E-0162,2021-03-15,,20260106T061500Z-QE24M
C-12303-09,P-12303-D,D,RUNOUT A-B,runout,0.0,0.08,,mm,False,False,G-0255,5,30 pieces,in-process,0.02804,0.043,0.01308,0.05483,E-0162,2021-03-15,,20260106T061500Z-QE24M
C-12303-26,P-12303-D,D,RUNOUT A-B,runout,0.0,0.03,0.0,mm,False,False,G-0256,,,final,,,,,E-0162,2021-03-15,,20260106T061500Z-QE24M
C-12303-27,P-12303-D,D,RUNOUT A-B,runout,0.0,0.05,0.0,mm,False,False,G-0001,,,CMM,,,,,E-0162,2021-03-15,,20260106T061500Z-QE24M
C-12314-01,P-12314-A,A,OD 15.022,diameter,15.022,15.042,15.002,mm,False,False,G-0001,,,CMM,,,,,E-0162,2021-03-15,,20260106T061500Z-QE24M
C-12314-12,P-12314-A,A,LENGTH 98.17,length,98.17,98.27,98.07,mm,False,False,G-0187,5,94 pieces,in-process,98.16616,98.19278,98.13954,0.09756,E-0162,2021-03-15,,20260106T061500Z-QE24M
C-12314-19,P-12314-A,A,RUNOUT A-B,runout,0.0,0.05,0.0,mm,False,False,G-0243,5,94 pieces,in-process,0.01224,0.02237,0.00212,0.03711,E-0162,2021-03-15,,20260106T061500Z-QE24M
C-12314-35,P-12314-A,A,BORE 13.720,bore,13.72,13.745,13.695,mm,True,True,G-0019,5,94 pieces,in-process,13.72217,13.7292,13.71514,0.02577,E-0162,2021-03-15,,20260106T061500Z-QE24M
C-12328-07,P-12328-A,A,OD 22.087,diameter,22.087,22.102,22.072,mm,False,False,G-0034,5,76 pieces,in-process,22.08704,22.09179,22.0823,0.0174,E-0162,2021-03-15,,20260106T061500Z-QE24M
C-12328-09,P-12328-A,A,LENGTH 76.28,length,76.28,76.355,76.205,mm,False,False,G-0187,5,76 pieces,in-process,76.29257,76.31646,76.26868,0.08756,E-0162,2021-03-15,,20260106T061500Z-QE24M
C-12328-36,P-12328-A,A,OD 43.651,diameter,43.651,43.676,43.626,mm,False,False,G-0001,,,CMM,,,,,E-0162,2021-03-15,,20260106T061500Z-QE24M
C-12328-38,P-12328-A,A,LENGTH 97.01,length,97.01,97.11,96.91,mm,False,False,G-0189,5,76 pieces,in-process,97.00917,97.04955,96.9688,0.14798,E-0162,2021-03-15,,20260106T061500Z-QE24M
C-12338-05,P-12338-A,A,OD 41.561,diameter,41.561,41.581,41.541,mm,False,False,G-0088,,,final,,,,,E-0162,2021-03-15,,20260106T061500Z-QE24M
C-12338-17,P-12338-A,A,SURFACE FINISH Ra,surface finish Ra,0.0,0.8,,um,False,False,G-0231,,,final,,,,,E-0162,2021-03-15,,20260106T061500Z-QE24M
C-12338-38,P-12338-A,A,LENGTH 42.68,length,42.68,42.755,42.605,mm,False,False,G-0154,5,49 pieces,in-process,42.67585,42.69497,42.65673,0.07007,E-0162,2021-03-15,,20260106T061500Z-QE24M
C-12338-39,P-12338-A,A,OD 22.397,diameter,22.397,22.417,22.377,mm,False,False,G-0035,5,49 pieces,in-process,22.39646,22.40244,22.39047,0.02193,E-0162,2021-03-15,,20260106T061500Z-QE24M
C-12343-02,P-12343-A,A,OD 10.098,diameter,10.098,10.118,10.078,mm,False,False,G-0002,,,CMM,,,,,E-0162,2021-03-15,,20260106T061500Z-QE24M
C-12343-17,P-12343-A,A,TRUE POSITION 4X,true position,0.0,0.15,,mm,False,False,G-0001,,,CMM,,,,,E-0162,2021-03-15,,20260106T061500Z-QE24M
C-12343-22,P-12343-A,A,BORE 27.116,bore,27.116,27.131,27.101,mm,False,False,G-0002,,,CMM,,,,,E-0162,2021-03-15,,20260106T061500Z-QE24M
C-12343-26,P-12343-A,A,OD 7.850,diameter,7.85,7.86,7.84,mm,False,False,G-0034,5,30 pieces,in-process,7.84987,7.85473,7.845,0.01783,E-0162,2021-03-15,,20260106T061500Z-QE24M
C-12367-27,P-12367-A,A,OD 17.365,diameter,17.365,17.38,17.35,mm,False,False,G-0055,5,33 pieces,in-process,17.36527,17.37194,17.35861,0.02443,E-0162,2021-03-15,,20260106T061500Z-QE24M
C-12367-33,P-12367-A,A,BORE 9.366,bore,9.366,9.381,9.351,mm,True,True,G-0009,5,33 pieces,in-process,9.36691,9.37091,9.36291,0.01465,E-0162,2021-03-15,,20260106T061500Z-QE24M
C-12367-35,P-12367-A,A,LENGTH 24.00,length,24.0,24.05,23.95,mm,False,False,G-0177,5,33 pieces,in-process,24.00078,24.02089,23.98066,0.07372,E-0162,2021-03-15,,20260106T061500Z-QE24M
C-12367-36,P-12367-A,A,BORE 39.078,bore,39.078,39.103,39.053,mm,False,False,G-0026,5,33 pieces,in-process,39.07947,39.08831,39.07064,0.03238,E-0162,2021-03-15,,20260106T061500Z-QE24M
C-12370-06,P-12370-B,B,OD 49.386,diameter,49.386,49.396,49.376,mm,False,False,G-0001,,,CMM,,,,,E-0162,2021-03-15,,20260106T061500Z-QE24M
C-12370-07,P-12370-B,B,SURFACE FINISH Ra,surface finish Ra,0.0,1.6,,um,False,False,G-0231,5,30 pieces,in-process,0.83267,1.02066,0.64469,0.68897,E-0162,2021-03-15,,20260106T061500Z-QE24M
C-12370-11,P-12370-B,B,LENGTH 149.70,length,149.7,149.775,149.625,mm,False,False,G-0188,5,30 pieces,in-process,149.70421,149.72332,149.68511,0.07002,E-0162,2021-03-15,,20260106T061500Z-QE24M
C-12370-28,P-12370-B,B,RUNOUT A-B,runout,0.0,0.03,0.0,mm,False,False,G-0246,5,30 pieces,in-process,0.00462,0.00931,0.0,0.0172,E-0162,2021-03-15,,20260106T061500Z-QE24M
C-12384-05,P-12384-A,A,OD 48.824,diameter,48.824,48.834,48.814,mm,False,False,G-0066,5,31 pieces,in-process,48.82501,48.82789,48.82214,0.01053,E-0162,2021-03-15,,20260106T061500Z-QE24M
C-12384-08,P-12384-A,A,TRUE POSITION 4X,true position,0.0,0.15,,mm,False,False,G-0002,,,CMM,,,,,E-0162,2021-03-15,,20260106T061500Z-QE24M
C-12384-09,P-12384-A,A,RUNOUT A-B,runout,0.0,0.05,,mm,False,False,G-0253,5,31 pieces,in-process,0.01595,0.02704,0.00486,0.04065,E-0162,2021-03-15,,20260106T061500Z-QE24M
C-12384-28,P-12384-A,A,LENGTH 91.50,length,91.5,91.6,91.4,mm,False,False,G-0189,,,final,,,,,E-0162,2021-03-15,,20260106T061500Z-QE24M
C-12407-02,P-12407-A,A,OD 43.491,diameter,43.491,43.516,43.466,mm,False,False,G-0098,5,18 pieces,in-process,43.49004,43.49663,43.48344,0.02418,E-0162,2021-03-15,,20260106T061500Z-QE24M
C-12407-04,P-12407-A,A,OD 45.606,diameter,45.606,45.6185,45.5935,mm,False,False,G-0099,,,final,,,,,E-0162,2021-03-15,,20260106T061500Z-QE24M
C-12407-12,P-12407-A,A,OD 7.487,diameter,7.487,7.502,7.472,mm,False,False,G-0002,,,CMM,,,,,E-0162,2021-03-15,,20260106T061500Z-QE24M
C-12407-21,P-12407-A,A,TRUE POSITION 4X,true position,0.0,0.15,,mm,False,False,G-0001,,,final,,,,,E-0162,2021-03-15,,20260106T061500Z-QE24M
C-12435-04,P-12435-A,A,OD 39.035,diameter,39.035,39.045,39.025,mm,False,False,G-0002,,,CMM,,,,,E-0162,2021-03-15,,20260106T061500Z-QE24M
C-12435-10,P-12435-A,A,HARDNESS HRC,hardness,43.0,45.0,41.0,HRC,False,False,G-0232,,,final,,,,,E-0162,2021-03-15,,20260106T061500Z-QE24M
C-12435-20,P-12435-A,A,SURFACE FINISH Ra,surface finish Ra,0.0,1.6,,um,False,False,G-0231,5,13 pieces,in-process,0.62938,0.79508,0.46368,0.6073,E-0162,2021-03-15,,20260106T061500Z-QE24M
C-12435-32,P-12435-A,A,BORE 23.483,bore,23.483,23.4955,23.4705,mm,False,False,G-0020,,,final,,,,,E-0162,2021-03-15,,20260106T061500Z-QE24M
C-12458-04,P-12458-A,A,OD 46.681,diameter,46.681,46.696,46.666,mm,False,False,G-0001,,,CMM,,,,,E-0162,2021-03-15,,20260106T061500Z-QE24M
C-12458-05,P-12458-A,A,OD 44.422,diameter,44.422,44.437,44.407,mm,False,False,G-0002,,,CMM,,,,,E-0162,2021-03-15,,20260106T061500Z-QE24M
C-12458-17,P-12458-A,A,HARDNESS HRC,hardness,42.0,44.0,40.0,HRC,False,False,G-0232,,,final,,,,,E-0162,2021-03-15,,20260106T061500Z-QE24M
C-12458-34,P-12458-A,A,RUNOUT A-B,runout,0.0,0.03,,mm,False,False,G-0262,5,35 pieces,in-process,0.0049,0.01011,0.0,0.01908,E-0162,2021-03-15,,20260106T061500Z-QE24M
C-12479-09,P-12479-D,D,OD 40.197,diameter,40.197,40.212,40.182,mm,False,False,G-0086,5,45 pieces,in-process,40.19901,40.20386,40.19416,0.01776,E-0162,2021-03-15,,20260106T061500Z-QE24M
C-12479-21,P-12479-D,D,TRUE POSITION 4X,true position,0.0,0.05,,mm,False,False,G-0001,,,CMM,,,,,E-0162,2021-03-15,,20260106T061500Z-QE24M
C-12479-23,P-12479-D,D,LENGTH 137.15,length,137.15,137.225,137.075,mm,False,False,G-0195,5,45 pieces,in-process,137.14208,137.15933,137.12484,0.06319,E-0162,2021-03-15,,20260106T061500Z-QE24M
C-12479-30,P-12479-D,D,LENGTH 138.58,length,138.58,138.68,138.48,mm,True,True,G-0196,5,45 pieces,in-process,138.57983,138.60602,138.55365,0.09597,E-0162,2021-03-15,,20260106T061500Z-QE24M
C-12489-13,P-12489-A,A,OD 53.526,diameter,53.526,53.5385,53.5135,mm,False,False,G-0002,,,CMM,,,,,E-0162,2021-03-15,,20260106T061500Z-QE24M
C-12489-20,P-12489-A,A,RUNOUT A-B,runout,0.0,0.03,0.0,mm,False,False,G-0001,,,CMM,,,,,E-0162,2021-03-15,,20260106T061500Z-QE24M
C-12489-25,P-12489-A,A,OD 39.057,diameter,39.057,39.072,39.042,mm,False,False,G-0002,,,CMM,,,,,E-0162,2021-03-15,,20260106T061500Z-QE24M
C-12489-36,P-12489-A,A,OD 57.899,diameter,57.899,57.909,57.889,mm,False,False,G-0121,5,68 pieces,in-process,57.90085,57.90363,57.89807,0.01019,E-0162,2021-03-15,,20260106T061500Z-QE24M
C-12498-08,P-12498-B,B,OD 6.121,diameter,6.121,6.131,6.111,mm,False,False,G-0036,5,30 pieces,in-process,6.12102,6.12418,6.11786,0.01158,E-0162,2021-03-15,,20260106T061500Z-QE24M
C-12498-18,P-12498-B,B,HARDNESS HRC,hardness,42.0,44.0,40.0,HRC,False,False,G-0232,,,final,,,,,E-0162,2021-03-15,,20260106T061500Z-QE24M
C-12498-22,P-12498-B,B,OD 16.956,diameter,16.956,16.976,16.936,mm,False,False,G-0001,,,CMM,,,,,E-0162,2021-03-15,,20260106T061500Z-QE24M
C-12498-28,P-12498-B,B,LENGTH 173.13,length,173.13,173.205,173.055,mm,False,False,G-0189,,,final,,,,,E-0162,2021-03-15,,20260106T061500Z-QE24M
C-12515-33,P-12515-B,B,OD 4.781,diameter,4.781,4.806,4.756,mm,False,False,G-0047,5,42 pieces,in-process,4.77863,4.78737,4.76989,0.03204,E-0162,2021-03-15,,20260106T061500Z-QE24M
C-12515-34,P-12515-B,B,BORE 21.158,bore,21.158,21.183,21.133,mm,False,False,G-0020,5,42 pieces,in-process,21.1576,21.16726,21.14794,0.03541,E-0162,2021-03-15,,20260106T061500Z-QE24M
C-12515-35,P-12515-B,B,RUNOUT A-B,runout,0.0,0.08,,mm,False,False,G-0002,,,CMM,,,,,E-0162,2021-03-15,,20260106T061500Z-QE24M
C-12515-38,P-12515-B,B,OD 12.213,diameter,12.213,12.233,12.193,mm,False,False,G-0050,5,42 pieces,in-process,12.21284,12.21841,12.20728,0.02041,E-0162,2021-03-15,,20260106T061500Z-QE24M
C-12543-13,P-12543-C,C,OD 20.276,diameter,20.276,20.291,20.261,mm,False,False,G-0063,5,30 pieces,in-process,20.27881,20.28227,20.27535,0.01268,E-0162,2021-03-15,,20260106T061500Z-QE24M
C-12543-19,P-12543-C,C,RUNOUT A-B,runout,0.0,0.03,,mm,False,False,G-0255,,,final,,,,,E-0162,2021-03-15,,20260106T061500Z-QE24M
C-12543-22,P-12543-C,C,RUNOUT A-B,runout,0.0,0.08,,mm,False,False,G-0002,,,CMM,,,,,E-0162,2021-03-15,,20260106T061500Z-QE24M
C-12543-38,P-12543-C,C,SURFACE FINISH Ra,surface finish Ra,0.0,3.2,,um,False,False,G-0230,5,30 pieces,in-process,1.681,2.07131,1.29068,1.43052,E-0162,2021-03-15,,20260106T061500Z-QE24M
C-12558-13,P-12558-A,A,OD 35.853,diameter,35.853,35.8655,35.8405,mm,False,False,G-0001,,,CMM,,,,,E-0162,2021-03-15,,20260106T061500Z-QE24M
C-12558-19,P-12558-A,A,OD 49.390,diameter,49.39,49.41,49.37,mm,False,False,G-0081,5,28 pieces,in-process,49.3871,49.39303,49.38116,0.02176,E-0162,2021-03-15,,20260106T061500Z-QE24M
C-12558-21,P-12558-A,A,FLATNESS,flatness,0.0,0.02,0.0,mm,False,False,G-0241,5,28 pieces,in-process,0.0043,0.00755,0.00104,0.01193,E-0162,2021-03-15,,20260106T061500Z-QE24M
C-12558-39,P-12558-A,A,HARDNESS HRC,hardness,29.0,31.0,27.0,HRC,False,False,G-0232,,,final,,,,,E-0162,2021-03-15,,20260106T061500Z-QE24M
C-12565-06,P-12565-B,B,OD 38.332,diameter,38.332,38.357,38.307,mm,False,False,G-0002,,,CMM,,,,,E-0162,2021-03-15,,20260106T061500Z-QE24M
C-12565-08,P-12565-B,B,LENGTH 70.69,length,70.69,70.765,70.615,mm,False,False,G-0182,,,final,,,,,E-0162,2021-03-15,,20260106T061500Z-QE24M
C-12565-14,P-12565-B,B,THREAD PD 9.360,thread,9.36,9.39,9.33,mm,False,False,G-0227,,,final,,,,,E-0162,2021-03-15,,20260106T061500Z-QE24M
C-12565-32,P-12565-B,B,SURFACE FINISH Ra,surface finish Ra,0.0,3.2,,um,False,False,G-0230,,,final,,,,,E-0162,2021-03-15,,20260106T061500Z-QE24M
C-12589-02,P-12589-C,C,OD 20.948,diameter,20.948,20.958,20.938,mm,True,True,G-0061,5,30 pieces,in-process,20.94749,20.9506,20.94438,0.01139,E-0162,2021-03-15,,20260106T061500Z-QE24M
C-12589-30,P-12589-C,C,SURFACE FINISH Ra,surface finish Ra,0.0,3.2,,um,False,False,G-0230,,,final,,,,,E-0162,2021-03-15,,20260106T061500Z-QE24M
C-12589-34,P-12589-C,C,LENGTH 84.60,length,84.6,84.7,84.5,mm,False,False,G-0195,,,final,,,,,E-0162,2021-03-15,,20260106T061500Z-QE24M
C-12589-36,P-12589-C,C,BORE 20.001,bore,20.001,20.016,19.986,mm,True,True,G-0024,5,30 pieces,in-process,20.00588,20.01276,19.999,0.02521,E-0162,2021-03-15,,20260106T061500Z-QE24M
C-12594-11,P-12594-C,C,OD 50.906,diameter,50.906,50.9185,50.8935,mm,True,True,G-0122,5,31 pieces,in-process,50.90495,50.90814,50.90177,0.01168,E-0162,2021-03-15,,20260106T061500Z-QE24M
C-12594-34,P-12594-C,C,BORE 33.639,bore,33.639,33.6515,33.6265,mm,False,False,G-0002,,,CMM,,,,,E-0162,2021-03-15,,20260106T061500Z-QE24M
C-12594-35,P-12594-C,C,BORE 20.787,bore,20.787,20.7995,20.7745,mm,True,True,G-0022,5,31 pieces,in-process,20.78802,20.79284,20.7832,0.01767,E-0162,2021-03-15,,20260106T061500Z-QE24M
C-12594-38,P-12594-C,C,RUNOUT A-B,runout,0.0,0.05,0.0,mm,False,False,G-0002,,,CMM,,,,,E-0162,2021-03-15,,20260106T061500Z-QE24M
C-12614-09,P-12614-A,A,OD 21.677,diameter,21.677,21.692,21.662,mm,True,True,G-0056,5,30 pieces,in-process,21.67622,21.68094,21.6715,0.0173,E-0162,2021-03-15,,20260106T061500Z-QE24M
C-12614-36,P-12614-A,A,TRUE POSITION 4X,true position,0.0,0.05,,mm,False,False,G-0002,,,CMM,,,,,E-0162,2021-03-15,,20260106T061500Z-QE24M
C-12614-37,P-12614-A,A,OD 28.128,diameter,28.128,28.153,28.103,mm,False,False,G-0001,,,CMM,,,,,E-0162,2021-03-15,,20260106T061500Z-QE24M
C-12614-39,P-12614-A,A,BORE 27.061,bore,27.061,27.086,27.036,mm,False,False,G-0002,,,CMM,,,,,E-0162,2021-03-15,,20260106T061500Z-QE24M
C-12618-21,P-12618-A,A,OD 31.155,diameter,31.155,31.175,31.135,mm,False,False,G-0070,5,31 pieces,in-process,31.15415,31.16113,31.14717,0.02558,E-0162,2021-03-15,,20260106T061500Z-QE24M
C-12618-23,P-12618-A,A,BORE 22.589,bore,22.589,22.604,22.574,mm,False,False,G-0021,,,final,,,,,E-0162,2021-03-15,,20260106T061500Z-QE24M
C-12618-26,P-12618-A,A,BORE 17.595,bore,17.595,17.61,17.58,mm,False,False,G-0001,,,CMM,,,,,E-0162,2021-03-15,,20260106T061500Z-QE24M
C-12618-35,P-12618-A,A,SURFACE FINISH Ra,surface finish Ra,0.0,3.2,,um,False,False,G-0231,,,final,,,,,E-0162,2021-03-15,,20260106T061500Z-QE24M
C-12642-16,P-12642-D,D,OD 30.406,diameter,30.406,30.4185,30.3935,mm,False,False,G-0066,5,52 pieces,in-process,30.40583,30.40963,30.40203,0.01391,E-0162,2021-03-15,,20260106T061500Z-QE24M
C-12642-19,P-12642-D,D,BORE 11.690,bore,11.69,11.705,11.675,mm,False,False,G-0015,,,final,,,,,E-0162,2021-03-15,,20260106T061500Z-QE24M
C-12642-25,P-12642-D,D,LENGTH 132.94,length,132.94,132.99,132.89,mm,False,False,G-0188,5,52 pieces,in-process,132.94083,132.962,132.91966,0.07758,E-0162,2021-03-15,,20260106T061500Z-QE24M
C-12642-32,P-12642-D,D,SURFACE FINISH Ra,surface finish Ra,0.0,1.6,,um,False,False,G-0231,5,52 pieces,in-process,0.82844,1.02178,0.63511,0.70858,E-0162,2021-03-15,,20260106T061500Z-QE24M
C-12645-01,P-12645-A,A,OD 41.358,diameter,41.358,41.368,41.348,mm,False,False,G-0087,,,final,,,,,E-0162,2021-03-15,,20260106T061500Z-QE24M
C-12645-12,P-12645-A,A,SURFACE FINISH Ra,surface finish Ra,0.0,1.6,,um,False,False,G-0230,5,52 pieces,in-process,0.86185,1.05602,0.66768,0.71164,E-0162,2021-03-15,,20260106T061500Z-QE24M
C-12645-18,P-12645-A,A,TRUE POSITION 4X,true position,0.0,0.05,,mm,False,False,G-0002,,,CMM,,,,,E-0162,2021-03-15,,20260106T061500Z-QE24M
C-12645-33,P-12645-A,A,BORE 25.128,bore,25.128,25.143,25.113,mm,False,False,G-0020,5,52 pieces,in-process,25.12985,25.13433,25.12537,0.01641,E-0162,2021-03-15,,20260106T061500Z-QE24M
C-12671-02,P-12671-A,A,OD 49.700,diameter,49.7,49.715,49.685,mm,False,False,G-0097,5,30 pieces,in-process,49.70179,49.70546,49.69813,0.01343,E-0162,2021-03-15,,20260106T061500Z-QE24M
C-12671-18,P-12671-A,A,RUNOUT A-B,runout,0.0,0.05,0.0,mm,False,False,G-0251,5,30 pieces,in-process,0.02334,0.03534,0.01133,0.044,E-0162,2021-03-15,,20260106T061500Z-QE24M
C-12671-31,P-12671-A,A,SURFACE FINISH Ra,surface finish Ra,0.0,0.8,,um,False,False,G-0231,,,final,,,,,E-0162,2021-03-15,,20260106T061500Z-QE24M
C-12671-34,P-12671-A,A,OD 28.763,diameter,28.763,28.788,28.738,mm,False,False,G-0100,5,30 pieces,in-process,28.76113,28.76718,28.75507,0.02219,E-0162,2021-03-15,,20260106T061500Z-QE24M
C-12678-02,P-12678-A,A,OD 43.755,diameter,43.755,43.765,43.745,mm,False,False,G-0103,5,30 pieces,in-process,43.75552,43.75809,43.75296,0.0094,E-0162,2021-03-15,,20260106T061500Z-QE24M
C-12678-13,P-12678-A,A,RUNOUT A-B,runout,0.0,0.05,0.0,mm,False,False,G-0002,,,CMM,,,,,E-0162,2021-03-15,,20260106T061500Z-QE24M
C-12678-18,P-12678-A,A,LENGTH 160.38,length,160.38,160.43,160.33,mm,False,False,G-0188,5,30 pieces,in-process,160.37882,160.39359,160.36404,0.05416,E-0162,2021-03-15,,20260106T061500Z-QE24M
C-12678-26,P-12678-A,A,THREAD PD 6.881,thread,6.881,6.911,6.851,mm,False,False,G-0209,,,final,,,,,E-0162,2021-03-15,,20260106T061500Z-QE24M
C-12695-18,P-12695-A,A,OD 41.597,diameter,41.597,41.6095,41.5845,mm,False,False,G-0093,5,30 pieces,in-process,41.59731,41.60076,41.59386,0.01263,E-0162,2021-03-15,,20260106T061500Z-QE24M
C-12695-25,P-12695-A,A,THREAD PD 15.903,thread,15.903,15.933,15.873,mm,False,False,G-0206,,,final,,,,,E-0162,2021-03-15,,20260106T061500Z-QE24M
C-12695-29,P-12695-A,A,SURFACE FINISH Ra,surface finish Ra,0.0,0.8,,um,False,False,G-0231,,,final,,,,,E-0162,2021-03-15,,20260106T061500Z-QE24M
C-12695-31,P-12695-A,A,RUNOUT A-B,runout,0.0,0.08,0.0,mm,False,False,G-0241,5,30 pieces,in-process,0.02248,0.03365,0.01132,0.04092,E-0162,2021-03-15,,20260106T061500Z-QE24M
C-12701-03,P-12701-A,A,OD 5.931,diameter,5.931,5.9435,5.9185,mm,False,False,G-0053,5,33 pieces,in-process,5.93259,5.93571,5.92947,0.01143,E-0162,2021-03-15,,20260106T061500Z-QE24M
C-12701-27,P-12701-A,A,LENGTH 43.25,length,43.25,43.3,43.2,mm,False,False,G-0174,,,final,,,,,E-0162,2021-03-15,,20260106T061500Z-QE24M
C-12701-35,P-12701-A,A,LENGTH 171.57,length,171.57,171.645,171.495,mm,False,False,G-0195,5,33 pieces,in-process,171.57469,171.60174,171.54765,0.09911,E-0162,2021-03-15,,20260106T061500Z-QE24M
C-12701-37,P-12701-A,A,BORE 13.042,bore,13.042,13.062,13.022,mm,False,False,G-0016,5,33 pieces,in-process,13.04094,13.04668,13.0352,0.02104,E-0162,2021-03-15,,20260106T061500Z-QE24M
C-12722-31,P-12722-A,A,OD 20.654,diameter,20.654,20.674,20.634,mm,False,False,G-0001,,,CMM,,,,,E-0162,2021-03-15,,20260106T061500Z-QE24M
C-12722-33,P-12722-A,A,BORE 20.888,bore,20.888,20.903,20.873,mm,False,False,G-0023,5,30 pieces,in-process,20.88861,20.89262,20.8846,0.0147,E-0162,2021-03-15,,20260106T061500Z-QE24M
C-12722-34,P-12722-A,A,BORE 16.716,bore,16.716,16.7285,16.7035,mm,False,False,G-0018,5,30 pieces,in-process,16.7144,16.71891,16.7099,0.01651,E-0162,2021-03-15,,20260106T061500Z-QE24M
C-12722-37,P-12722-A,A,THREAD PD 15.463,thread,15.463,15.493,15.433,mm,False,False,G-0217,,,final,,,,,E-0162,2021-03-15,,20260106T061500Z-QE24M
C-12738-13,P-12738-A,A,OD 32.707,diameter,32.707,32.732,32.682,mm,False,False,G-0001,,,CMM,,,,,E-0162,2021-03-15,,20260106T061500Z-QE24M
C-12738-22,P-12738-A,A,LENGTH 165.82,length,165.82,165.87,165.77,mm,False,False,G-0187,5,25 pieces,in-process,165.81617,165.82977,165.80257,0.04985,E-0162,2021-03-15,,20260106T061500Z-QE24M
C-12738-28,P-12738-A,A,TRUE POSITION 4X,true position,0.0,0.05,,mm,False,False,G-0001,,,CMM,,,,,E-0162,2021-03-15,,20260106T061500Z-QE24M
C-12738-39,P-12738-A,A,FLATNESS,flatness,0.0,0.03,,mm,False,False,G-0002,,,CMM,,,,,E-0162,2021-03-15,,20260106T061500Z-QE24M
C-12750-10,P-12750-D,D,OD 29.473,diameter,29.473,29.493,29.453,mm,False,False,G-0091,5,75 pieces,in-process,29.47161,29.47819,29.46503,0.0241,E-0162,2021-03-15,,20260106T061500Z-QE24M
C-12750-26,P-12750-D,D,TRUE POSITION 4X,true position,0.0,0.15,,mm,False,False,G-0002,,,CMM,,,,,E-0162,2021-03-15,,20260106T061500Z-QE24M
C-12750-28,P-12750-D,D,THREAD PD 8.823,thread,8.823,8.853,8.793,mm,False,False,G-0202,,,final,,,,,E-0162,2021-03-15,,20260106T061500Z-QE24M
C-12750-36,P-12750-D,D,BORE 24.329,bore,24.329,24.344,24.314,mm,False,False,G-0002,,,CMM,,,,,E-0162,2021-03-15,,20260106T061500Z-QE24M
C-12756-03,P-12756-B,B,OD 46.322,diameter,46.322,46.342,46.302,mm,False,False,G-0001,,,CMM,,,,,E-0162,2021-03-15,,20260106T061500Z-QE24M
C-12756-04,P-12756-B,B,HARDNESS HRC,hardness,38.0,40.0,36.0,HRC,False,False,G-0232,,,final,,,,,E-0162,2021-03-15,,20260106T061500Z-QE24M
C-12756-12,P-12756-B,B,OD 43.579,diameter,43.579,43.589,43.569,mm,False,False,G-0092,5,58 pieces,in-process,43.57812,43.58172,43.57452,0.0132,E-0162,2021-03-15,,20260106T061500Z-QE24M
C-12756-33,P-12756-B,B,THREAD PD 12.860,thread,12.86,12.89,12.83,mm,False,False,G-0215,,,final,,,,,E-0162,2021-03-15,,20260106T061500Z-QE24M
C-12777-03,P-12777-A,A,OD 35.276,diameter,35.276,35.291,35.261,mm,False,False,G-0108,5,31 pieces,in-process,35.2789,35.2852,35.27261,0.02307,E-0162,2021-03-15,,20260106T061500Z-QE24M
C-12777-05,P-12777-A,A,RUNOUT A-B,runout,0.0,0.08,0.0,mm,False,False,G-0243,5,31 pieces,in-process,0.0336,0.05316,0.01404,0.07168,E-0162,2021-03-15,,20260106T061500Z-QE24M
C-12777-07,P-12777-A,A,LENGTH 164.43,length,164.43,164.48,164.38,mm,False,False,G-0195,,,final,,,,,E-0162,2021-03-15,,20260106T061500Z-QE24M
C-12777-15,P-12777-A,A,BORE 34.178,bore,34.178,34.198,34.158,mm,False,False,G-0020,5,31 pieces,in-process,34.17717,34.18182,34.17253,0.01702,E-0162,2021-03-15,,20260106T061500Z-QE24M
C-12802-03,P-12802-A,A,OD 37.822,diameter,37.822,37.847,37.797,mm,False,False,G-0068,5,46 pieces,in-process,37.81921,37.82592,37.81251,0.02457,E-0162,2021-03-15,,20260106T061500Z-QE24M
C-12802-08,P-12802-A,A,LENGTH 81.86,length,81.86,81.91,81.81,mm,False,False,G-0187,5,46 pieces,in-process,81.86726,81.88527,81.84926,0.066,E-0162,2021-03-15,,20260106T061500Z-QE24M
C-12802-36,P-12802-A,A,RUNOUT A-B,runout,0.0,0.08,,mm,False,False,G-0001,,,CMM,,,,,E-0162,2021-03-15,,20260106T061500Z-QE24M
C-12802-38,P-12802-A,A,RUNOUT A-B,runout,0.0,0.08,0.0,mm,False,False,G-0240,5,46 pieces,in-process,0.01689,0.03364,0.00014,0.06139,E-0162,2021-03-15,,20260106T061500Z-QE24M
C-12828-17,P-12828-B,B,TRUE POSITION 4X,true position,0.0,0.1,,mm,True,True,G-0003,5,50 pieces,in-process,0.02673,0.04445,0.00901,0.06494,E-0162,2021-03-15,,20260106T061500Z-QE24M
C-12828-28,P-12828-B,B,LENGTH 85.32,length,85.32,85.42,85.22,mm,False,False,G-0187,5,50 pieces,in-process,85.32473,85.35773,85.29172,0.12096,E-0162,2021-03-15,,20260106T061500Z-QE24M
C-12828-35,P-12828-B,B,BORE 25.719,bore,25.719,25.734,25.704,mm,False,False,G-0022,5,50 pieces,in-process,25.72042,25.7244,25.71643,0.01462,E-0162,2021-03-15,,20260106T061500Z-QE24M
C-12828-36,P-12828-B,B,SURFACE FINISH Ra,surface finish Ra,0.0,3.2,,um,False,False,G-0231,5,50 pieces,in-process,1.57905,1.93155,1.22655,1.29192,E-0162,2021-03-15,,20260106T061500Z-QE24M
C-12835-01,P-12835-A,A,OD 11.569,diameter,11.569,11.579,11.559,mm,True,True,G-0055,5,30 pieces,in-process,11.56866,11.57157,11.56574,0.01069,E-0162,2021-03-15,,20260106T061500Z-QE24M
C-12835-07,P-12835-A,A,TRUE POSITION 4X,true position,0.0,0.15,,mm,False,False,G-0001,,,CMM,,,,,E-0162,2021-03-15,,20260106T061500Z-QE24M
C-12835-13,P-12835-A,A,BORE 29.483,bore,29.483,29.508,29.458,mm,False,False,G-0023,5,30 pieces,in-process,29.48289,29.48934,29.47643,0.02366,E-0162,2021-03-15,,20260106T061500Z-QE24M
C-12835-25,P-12835-A,A,RUNOUT A-B,runout,0.0,0.08,0.0,mm,False,False,G-0261,5,30 pieces,in-process,0.01726,0.03382,0.00071,0.06067,E-0162,2021-03-15,,20260106T061500Z-QE24M
C-12861-09,P-12861-C,C,OD 26.289,diameter,26.289,26.309,26.269,mm,True,True,G-0094,5,53 pieces,in-process,26.28977,26.29551,26.28402,0.02107,E-0162,2021-03-15,,20260106T061500Z-QE24M
C-12861-20,P-12861-C,C,SURFACE FINISH Ra,surface finish Ra,0.0,0.8,,um,False,False,G-0230,5,53 pieces,in-process,0.27967,0.3535,0.20585,0.27058,E-0162,2021-03-15,,20260106T061500Z-QE24M
C-12861-27,P-12861-C,C,TRUE POSITION 4X,true position,0.0,0.05,,mm,False,False,G-0002,,,CMM,,,,,E-0162,2021-03-15,,20260106T061500Z-QE24M
C-12861-32,P-12861-C,C,HARDNESS HRC,hardness,37.0,39.0,35.0,HRC,False,False,G-0232,,,final,,,,,E-0162,2021-03-15,,20260106T061500Z-QE24M
C-12868-03,P-12868-D,D,OD 29.386,diameter,29.386,29.3985,29.3735,mm,True,True,G-0100,5,30 pieces,in-process,29.3858,29.38854,29.38306,0.01004,E-0162,2021-03-15,,20260106T061500Z-QE24M
C-12868-15,P-12868-D,D,BORE 13.915,bore,13.915,13.94,13.89,mm,False,False,G-0002,,,CMM,,,,,E-0162,2021-03-15,,20260106T061500Z-QE24M
C-12868-18,P-12868-D,D,SURFACE FINISH Ra,surface finish Ra,0.0,1.6,,um,False,False,G-0230,5,30 pieces,in-process,0.80521,0.99195,0.61847,0.68441,E-0162,2021-03-15,,20260106T061500Z-QE24M
C-12868-20,P-12868-D,D,SURFACE FINISH Ra,surface finish Ra,0.0,0.8,,um,False,False,G-0231,,,final,,,,,E-0162,2021-03-15,,20260106T061500Z-QE24M
C-12878-19,P-12878-C,C,OD 34.697,diameter,34.697,34.717,34.677,mm,True,True,G-0084,5,30 pieces,in-process,34.6969,34.70115,34.69266,0.01557,E-0162,2021-03-15,,20260106T061500Z-QE24M
C-12878-28,P-12878-C,C,RUNOUT A-B,runout,0.0,0.03,0.0,mm,False,False,G-0260,5,30 pieces,in-process,0.00603,0.01105,0.00102,0.01837,E-0162,2021-03-15,,20260106T061500Z-QE24M
C-12878-30,P-12878-C,C,FLATNESS,flatness,0.0,0.05,0.0,mm,False,False,G-0001,,,CMM,,,,,E-0162,2021-03-15,,20260106T061500Z-QE24M
C-12878-39,P-12878-C,C,THREAD PD 12.012,thread,12.012,12.042,11.982,mm,False,False,G-0229,,,final,,,,,E-0162,2021-03-15,,20260106T061500Z-QE24M
C-12884-18,P-12884-C,C,OD 9.732,diameter,9.732,9.747,9.717,mm,True,True,G-0038,5,30 pieces,in-process,9.73128,9.73465,9.7279,0.01237,E-0162,2021-03-15,,20260106T061500Z-QE24M
C-12884-20,P-12884-C,C,SURFACE FINISH Ra,surface finish Ra,0.0,0.8,,um,False,False,G-0231,,,final,,,,,E-0162,2021-03-15,,20260106T061500Z-QE24M
C-12884-23,P-12884-C,C,SURFACE FINISH Ra,surface finish Ra,0.0,3.2,,um,False,False,G-0230,,,final,,,,,E-0162,2021-03-15,,20260106T061500Z-QE24M
C-12884-24,P-12884-C,C,TRUE POSITION 4X,true position,0.0,0.05,,mm,False,False,G-0002,,,CMM,,,,,E-0162,2021-03-15,,20260106T061500Z-QE24M
C-12907-02,P-12907-D,D,OD 59.228,diameter,59.228,59.253,59.203,mm,True,True,G-0120,5,30 pieces,in-process,59.22784,59.23317,59.22251,0.01955,E-0162,2021-03-15,,20260106T061500Z-QE24M
C-12907-15,P-12907-D,D,BORE 26.350,bore,26.35,26.37,26.33,mm,False,False,G-0022,5,30 pieces,in-process,26.35105,26.35962,26.34248,0.03141,E-0162,2021-03-15,,20260106T061500Z-QE24M
C-12907-17,P-12907-D,D,FLATNESS,flatness,0.0,0.02,0.0,mm,False,False,G-0254,5,30 pieces,in-process,0.00533,0.00906,0.0016,0.01368,E-0162,2021-03-15,,20260106T061500Z-QE24M
C-12907-31,P-12907-D,D,FLATNESS,flatness,0.0,0.03,0.0,mm,False,False,G-0001,,,CMM,,,,,E-0162,2021-03-15,,20260106T061500Z-QE24M
C-12925-01,P-12925-A,A,OD 26.308,diameter,26.308,26.328,26.288,mm,True,True,G-0069,5,34 pieces,in-process,26.30749,26.31212,26.30285,0.01699,E-0162,2021-03-15,,20260106T061500Z-QE24M
C-12925-11,P-12925-A,A,RUNOUT A-B,runout,0.0,0.05,0.0,mm,False,False,G-0001,,,CMM,,,,,E-0162,2021-03-15,,20260106T061500Z-QE24M
C-12925-28,P-12925-A,A,BORE 25.418,bore,25.418,25.433,25.403,mm,False,False,G-0023,5,34 pieces,in-process,25.4182,25.42555,25.41086,0.02693,E-0162,2021-03-15,,20260106T061500Z-QE24M
C-12925-34,P-12925-A,A,LENGTH 56.77,length,56.77,56.845,56.695,mm,False,False,G-0184,,,final,,,,,E-0162,2021-03-15,,20260106T061500Z-QE24M
C-12947-12,P-12947-A,A,OD 50.772,diameter,50.772,50.7845,50.7595,mm,True,True,G-0111,5,37 pieces,in-process,50.77259,50.77559,50.76959,0.011,E-0162,2021-03-15,,20260106T061500Z-QE24M
C-12947-23,P-12947-A,A,BORE 11.116,bore,11.116,11.141,11.091,mm,False,False,G-0014,5,37 pieces,in-process,11.11612,11.12415,11.10809,0.02942,E-0162,2021-03-15,,20260106T061500Z-QE24M
C-12947-30,P-12947-A,A,HARDNESS HRC,hardness,40.0,42.0,38.0,HRC,False,False,G-0232,,,final,,,,,E-0162,2021-03-15,,20260106T061500Z-QE24M
C-12947-34,P-12947-A,A,OD 41.845,diameter,41.845,41.86,41.83,mm,False,False,G-0097,5,37 pieces,in-process,41.84612,41.84902,41.84323,0.01061,E-0162,2021-03-15,,20260106T061500Z-QE24M
C-12972-12,P-12972-A,A,OD 41.995,diameter,41.995,42.0075,41.9825,mm,False,False,G-0097,5,34 pieces,in-process,41.99468,41.99852,41.99084,0.01407,E-0162,2021-03-15,,20260106T061500Z-QE24M
C-12972-24,P-12972-A,A,BORE 20.933,bore,20.933,20.9455,20.9205,mm,False,False,G-0021,5,34 pieces,in-process,20.93283,20.93628,20.92939,0.01262,E-0162,2021-03-15,,20260106T061500Z-QE24M
C-12972-34,P-12972-A,A,TRUE POSITION 4X,true position,0.0,0.1,,mm,False,False,G-0001,,,CMM,,,,,E-0162,2021-03-15,,20260106T061500Z-QE24M
C-12972-38,P-12972-A,A,OD 44.344,diameter,44.344,44.369,44.319,mm,False,False,G-0002,,,CMM,,,,,E-0162,2021-03-15,,20260106T061500Z-QE24M
C-12988-14,P-12988-A,A,OD 50.364,diameter,50.364,50.379,50.349,mm,False,False,G-0001,,,CMM,,,,,E-0162,2021-03-15,,20260106T061500Z-QE24M
C-12988-16,P-12988-A,A,BORE 37.513,bore,37.513,37.533,37.493,mm,False,False,G-0027,5,30 pieces,in-process,37.51607,37.52438,37.50775,0.03047,E-0162,2021-03-15,,20260106T061500Z-QE24M
C-12988-24,P-12988-A,A,OD 46.254,diameter,46.254,46.269,46.239,mm,False,False,G-0082,5,30 pieces,in-process,46.25606,46.26227,46.24984,0.02279,E-0162,2021-03-15,,20260106T061500Z-QE24M
C-12988-32,P-12988-A,A,THREAD PD 9.811,thread,9.811,9.841,9.781,mm,False,False,G-0219,,,final,,,,,E-0162,2021-03-15,,20260106T061500Z-QE24M
C-13012-03,P-13012-A,A,OD 20.392,diameter,20.392,20.4045,20.3795,mm,False,False,G-0034,5,30 pieces,in-process,20.39152,20.39534,20.38771,0.01399,E-0162,2021-03-15,,20260106T061500Z-QE24M
C-13012-11,P-13012-A,A,FLATNESS,flatness,0.0,0.02,0.0,mm,False,False,G-0238,5,30 pieces,in-process,0.00439,0.00789,0.00089,0.01282,E-0162,2021-03-15,,20260106T061500Z-QE24M
C-13012-17,P-13012-A,A,RUNOUT A-B,runout,0.0,0.03,,mm,False,False,G-0239,5,30 pieces,in-process,0.00697,0.01265,0.0013,0.0208,E-0162,2021-03-15,,20260106T061500Z-QE24M
C-13012-25,P-13012-A,A,RUNOUT A-B,runout,0.0,0.03,0.0,mm,False,False,G-0240,5,30 pieces,in-process,0.01204,0.01795,0.00613,0.02166,E-0162,2021-03-15,,20260106T061500Z-QE24M
C-13017-09,P-13017-A,A,OD 8.193,diameter,8.193,8.203,8.183,mm,False,False,G-0002,,,CMM,,,,,E-0162,2021-03-15,,20260106T061500Z-QE24M
C-13017-13,P-13017-A,A,OD 48.097,diameter,48.097,48.112,48.082,mm,False,False,G-0069,5,140 pieces,in-process,48.09617,48.1003,48.09205,0.01511,E-0162,2021-03-15,,20260106T061500Z-QE24M
C-13017-14,P-13017-A,A,FLATNESS,flatness,0.0,0.03,0.0,mm,False,False,G-0244,,,final,,,,,E-0162,2021-03-15,,20260106T061500Z-QE24M
C-13017-34,P-13017-A,A,OD 41.266,diameter,41.266,41.281,41.251,mm,False,False,G-0071,5,140 pieces,in-process,41.26744,41.27142,41.26347,0.01458,E-0162,2021-03-15,,20260106T061500Z-QE24M
C-13045-01,P-13045-B,B,OD 57.173,diameter,57.173,57.193,57.153,mm,False,False,G-0117,5,32 pieces,in-process,57.1763,57.18372,57.16888,0.0272,E-0162,2021-03-15,,20260106T061500Z-QE24M
C-13045-02,P-13045-B,B,LENGTH 102.06,length,102.06,102.11,102.01,mm,False,False,G-0194,5,32 pieces,in-process,102.06326,102.08103,102.04548,0.06516,E-0162,2021-03-15,,20260106T061500Z-QE24M
C-13045-33,P-13045-B,B,LENGTH 144.85,length,144.85,144.925,144.775,mm,False,False,G-0195,5,32 pieces,in-process,144.84044,144.86722,144.81366,0.09816,E-0162,2021-03-15,,20260106T061500Z-QE24M
C-13045-35,P-13045-B,B,SURFACE FINISH Ra,surface finish Ra,0.0,3.2,,um,False,False,G-0230,,,final,,,,,E-0162,2021-03-15,,20260106T061500Z-QE24M
C-13067-16,P-13067-C,C,OD 20.802,diameter,20.802,20.812,20.792,mm,False,False,G-0059,5,30 pieces,in-process,20.80149,20.80408,20.79889,0.0095,E-0162,2021-03-15,,20260106T061500Z-QE24M
C-13067-32,P-13067-C,C,OD 10.432,diameter,10.432,10.442,10.422,mm,False,False,G-0060,5,30 pieces,in-process,10.4319,10.43567,10.42813,0.01382,E-0162,2021-03-15,,20260106T061500Z-QE24M
C-13067-33,P-13067-C,C,LENGTH 129.65,length,129.65,129.75,129.55,mm,False,False,G-0195,,,final,,,,,E-0162,2021-03-15,,20260106T061500Z-QE24M
C-13067-37,P-13067-C,C,BORE 9.700,bore,9.7,9.715,9.685,mm,False,False,G-0011,5,30 pieces,in-process,9.70083,9.7069,9.69476,0.02225,E-0162,2021-03-15,,20260106T061500Z-QE24M
C-13094-01,P-13094-D,D,OD 13.035,diameter,13.035,13.05,13.02,mm,False,False,G-0001,,,CMM,,,,,E-0162,2021-03-15,,20260106T061500Z-QE24M
C-13094-18,P-13094-D,D,SURFACE FINISH Ra,surface finish Ra,0.0,3.2,,um,False,False,G-0231,,,final,,,,,E-0162,2021-03-15,,20260106T061500Z-QE24M
C-13094-22,P-13094-D,D,LENGTH 59.08,length,59.08,59.13,59.03,mm,False,False,G-0166,5,30 pieces,in-process,59.07811,59.09987,59.05634,0.07977,E-0162,2021-03-15,,20260106T061500Z-QE24M
C-13094-38,P-13094-D,D,OD 57.931,diameter,57.931,57.946,57.916,mm,False,False,G-0123,5,30 pieces,in-process,57.92941,57.93444,57.92439,0.01841,E-0162,2021-03-15,,20260106T061500Z-QE24M
C-13122-08,P-13122-B,B,OD 17.236,diameter,17.236,17.251,17.221,mm,False,False,G-0048,5,47 pieces,in-process,17.23457,17.23924,17.22991,0.01709,E-0162,2021-03-15,,20260106T061500Z-QE24M
C-13122-17,P-13122-B,B,HARDNESS HRC,hardness,34.0,36.0,32.0,HRC,False,False,G-0232,,,final,,,,,E-0162,2021-03-15,,20260106T061500Z-QE24M
C-13122-22,P-13122-B,B,LENGTH 84.56,length,84.56,84.635,84.485,mm,False,False,G-0188,,,final,,,,,E-0162,2021-03-15,,20260106T061500Z-QE24M
C-13122-34,P-13122-B,B,TRUE POSITION 4X,true position,0.0,0.05,,mm,False,False,G-0002,,,CMM,,,,,E-0162,2021-03-15,,20260106T061500Z-QE24M
C-13138-12,P-13138-C,C,OD 23.309,diameter,23.309,23.334,23.284,mm,False,False,G-0052,5,30 pieces,in-process,23.30971,23.31778,23.30164,0.02958,E-0162,2021-03-15,,20260106T061500Z-QE24M
C-13138-21,P-13138-C,C,SURFACE FINISH Ra,surface finish Ra,0.0,3.2,,um,False,False,G-0231,5,30 pieces,in-process,1.61719,1.91216,1.32223,1.08106,E-0162,2021-03-15,,20260106T061500Z-QE24M
C-13138-22,P-13138-C,C,OD 29.531,diameter,29.531,29.556,29.506,mm,False,False,G-0100,5,30 pieces,in-process,29.53022,29.5413,29.51914,0.04061,E-0162,2021-03-15,,20260106T061500Z-QE24M
C-13138-34,P-13138-C,C,OD 5.942,diameter,5.942,5.957,5.927,mm,False,False,G-0002,,,CMM,,,,,E-0162,2021-03-15,,20260106T061500Z-QE24M
C-13145-06,P-13145-D,D,OD 41.056,diameter,41.056,41.071,41.041,mm,False,False,G-0104,5,34 pieces,in-process,41.05583,41.06005,41.0516,0.01549,E-0162,2021-03-15,,20260106T061500Z-QE24M
C-13145-25,P-13145-D,D,TRUE POSITION 4X,true position,0.0,0.05,,mm,False,False,G-0001,,,final,,,,,E-0162,2021-03-15,,20260106T061500Z-QE24M
C-13145-26,P-13145-D,D,LENGTH 41.46,length,41.46,41.56,41.36,mm,False,False,G-0163,5,34 pieces,in-process,41.47036,41.49839,41.44232,0.10275,E-0162,2021-03-15,,20260106T061500Z-QE24M
C-13145-37,P-13145-D,D,BORE 13.950,bore,13.95,13.9625,13.9375,mm,False,False,G-0001,,,CMM,,,,,E-0162,2021-03-15,,20260106T061500Z-QE24M
C-13149-10,P-13149-C,C,OD 12.397,diameter,12.397,12.412,12.382,mm,False,False,G-0057,5,105 pieces,in-process,12.39739,12.4029,12.39188,0.02019,E-0162,2021-03-15,,20260106T061500Z-QE24M
C-13149-20,P-13149-C,C,OD 47.873,diameter,47.873,47.898,47.848,mm,False,False,G-0090,5,105 pieces,in-process,47.87089,47.87723,47.86454,0.02326,E-0162,2021-03-15,,20260106T061500Z-QE24M
C-13149-25,P-13149-C,C,BORE 38.348,bore,38.348,38.363,38.333,mm,False,False,G-0002,,,CMM,,,,,E-0162,2021-03-15,,20260106T061500Z-QE24M
C-13149-36,P-13149-C,C,OD 21.458,diameter,21.458,21.4705,21.4455,mm,False,False,G-0001,,,CMM,,,,,E-0162,2021-03-15,,20260106T061500Z-QE24M
C-13158-08,P-13158-A,A,OD 22.520,diameter,22.52,22.54,22.5,mm,False,False,G-0001,,,CMM,,,,,E-0162,2021-03-15,,20260106T061500Z-QE24M
C-13158-12,P-13158-A,A,LENGTH 138.41,length,138.41,138.51,138.31,mm,False,False,G-0187,,,final,,,,,E-0162,2021-03-15,,20260106T061500Z-QE24M
C-13158-21,P-13158-A,A,RUNOUT A-B,runout,0.0,0.08,0.0,mm,False,False,G-0241,5,21 pieces,in-process,0.02202,0.0372,0.00684,0.05564,E-0162,2021-03-15,,20260106T061500Z-QE24M
C-13158-26,P-13158-A,A,LENGTH 177.10,length,177.1,177.15,177.05,mm,False,False,G-0189,5,21 pieces,in-process,177.10011,177.11423,177.08599,0.05175,E-0162,2021-03-15,,20260106T061500Z-QE24M
C-13174-06,P-13174-A,A,OD 7.216,diameter,7.216,7.2285,7.2035,mm,False,False,G-0052,,,final,,,,,E-0162,2021-03-15,,20260106T061500Z-QE24M
C-13174-15,P-13174-A,A,LENGTH 145.39,length,145.39,145.44,145.34,mm,False,False,G-0187,,,final,,,,,E-0162,2021-03-15,,20260106T061500Z-QE24M
C-13174-21,P-13174-A,A,TRUE POSITION 4X,true position,0.0,0.15,,mm,False,False,G-0001,,,CMM,,,,,E-0162,2021-03-15,,20260106T061500Z-QE24M
C-13174-37,P-13174-A,A,BORE 34.577,bore,34.577,34.602,34.552,mm,False,False,G-0021,5,30 pieces,in-process,34.57618,34.58437,34.56799,0.03001,E-0162,2021-03-15,,20260106T061500Z-QE24M
C-13193-10,P-13193-A,A,OD 51.322,diameter,51.322,51.342,51.302,mm,False,False,G-0116,5,20 pieces,in-process,51.32294,51.3313,51.31458,0.03064,E-0162,2021-03-15,,20260106T061500Z-QE24M
C-13193-17,P-13193-A,A,RUNOUT A-B,runout,0.0,0.03,,mm,False,False,G-0245,5,20 pieces,in-process,0.00552,0.01072,0.00033,0.01903,E-0162,2021-03-15,,20260106T061500Z-QE24M
C-13193-22,P-13193-A,A,OD 26.832,diameter,26.832,26.842,26.822,mm,False,False,G-0002,,,CMM,,,,,E-0162,2021-03-15,,20260106T061500Z-QE24M
C-13193-31,P-13193-A,A,THREAD PD 7.736,thread,7.736,7.766,7.706,mm,False,False,G-0214,,,final,,,,,E-0162,2021-03-15,,20260106T061500Z-QE24M
C-13214-06,P-13214-A,A,OD 22.872,diameter,22.872,22.897,22.847,mm,False,False,G-0044,,,final,,,,,E-0162,2021-03-15,,20260106T061500Z-QE24M
C-13214-26,P-13214-A,A,THREAD PD 7.097,thread,7.097,7.127,7.067,mm,False,False,G-0209,,,final,,,,,E-0162,2021-03-15,,20260106T061500Z-QE24M
C-13214-28,P-13214-A,A,OD 42.928,diameter,42.928,42.943,42.913,mm,False,False,G-0073,5,35 pieces,in-process,42.93009,42.93486,42.92532,0.01748,E-0162,2021-03-15,,20260106T061500Z-QE24M
C-13214-38,P-13214-A,A,BORE 23.432,bore,23.432,23.447,23.417,mm,False,False,G-0025,5,35 pieces,in-process,23.42966,23.43397,23.42534,0.01581,E-0162,2021-03-15,,20260106T061500Z-QE24M
C-13229-02,P-13229-B,B,OD 7.200,diameter,7.2,7.2125,7.1875,mm,False,False,G-0041,5,26 pieces,in-process,7.19965,7.20291,7.19639,0.01194,E-0162,2021-03-15,,20260106T061500Z-QE24M
C-13229-06,P-13229-B,B,SURFACE FINISH Ra,surface finish Ra,0.0,0.8,,um,False,False,G-0230,,,final,,,,,E-0162,2021-03-15,,20260106T061500Z-QE24M
C-13229-18,P-13229-B,B,RUNOUT A-B,runout,0.0,0.08,0.0,mm,False,False,G-0002,,,CMM,,,,,E-0162,2021-03-15,,20260106T061500Z-QE24M
C-13229-39,P-13229-B,B,LENGTH 157.31,length,157.31,157.36,157.26,mm,False,False,G-0196,,,final,,,,,E-0162,2021-03-15,,20260106T061500Z-QE24M
C-13248-06,P-13248-A,A,OD 49.332,diameter,49.332,49.342,49.322,mm,False,False,G-0094,,,final,,,,,E-0162,2021-03-15,,20260106T061500Z-QE24M
C-13248-13,P-13248-A,A,SURFACE FINISH Ra,surface finish Ra,0.0,3.2,,um,False,False,G-0231,5,78 pieces,in-process,1.73691,2.13192,1.3419,1.44771,E-0162,2021-03-15,,20260106T061500Z-QE24M
C-13248-19,P-13248-A,A,HARDNESS HRC,hardness,34.0,36.0,32.0,HRC,False,False,G-0232,,,final,,,,,E-0162,2021-03-15,,20260106T061500Z-QE24M
C-13248-30,P-13248-A,A,BORE 19.411,bore,19.411,19.4235,19.3985,mm,False,False,G-0002,,,CMM,,,,,E-0162,2021-03-15,,20260106T061500Z-QE24M
C-13267-20,P-13267-B,B,OD 27.764,diameter,27.764,27.789,27.739,mm,False,False,G-0098,5,30 pieces,in-process,27.76292,27.76977,27.75608,0.02508,E-0162,2021-03-15,,20260106T061500Z-QE24M
C-13267-26,P-13267-B,B,FLATNESS,flatness,0.0,0.03,0.0,mm,False,False,G-0001,,,CMM,,,,,E-0162,2021-03-15,,20260106T061500Z-QE24M
C-13267-28,P-13267-B,B,OD 52.616,diameter,52.616,52.626,52.606,mm,False,False,G-0109,5,30 pieces,in-process,52.61556,52.6188,52.61231,0.0119,E-0162,2021-03-15,,20260106T061500Z-QE24M
C-13267-38,P-13267-B,B,SURFACE FINISH Ra,surface finish Ra,0.0,3.2,,um,False,False,G-0230,,,final,,,,,E-0162,2021-03-15,,20260106T061500Z-QE24M
C-13285-02,P-13285-C,C,OD 56.539,diameter,56.539,56.5515,56.5265,mm,False,False,G-0114,,,final,,,,,E-0162,2021-03-15,,20260106T061500Z-QE24M
C-13285-07,P-13285-C,C,RUNOUT A-B,runout,0.0,0.05,0.0,mm,True,True,G-0259,5,70 pieces,in-process,0.01349,0.02715,0.0,0.05005,E-0162,2021-03-15,,20260106T061500Z-QE24M
C-13285-14,P-13285-C,C,TRUE POSITION 4X,true position,0.0,0.15,,mm,False,False,G-0002,,,CMM,,,,,E-0162,2021-03-15,,20260106T061500Z-QE24M
C-13285-30,P-13285-C,C,BORE 24.689,bore,24.689,24.709,24.669,mm,False,False,G-0001,,,CMM,,,,,E-0162,2021-03-15,,20260106T061500Z-QE24M
C-13307-06,P-13307-B,B,FLATNESS,flatness,0.0,0.05,,mm,True,True,G-0262,5,30 pieces,in-process,0.01332,0.02195,0.0047,0.03159,E-0162,2021-03-15,,20260106T061500Z-QE24M
C-13307-17,P-13307-B,B,TRUE POSITION 4X,true position,0.0,0.1,,mm,False,False,G-0001,,,final,,,,,E-0162,2021-03-15,,20260106T061500Z-QE24M
C-13307-25,P-13307-B,B,LENGTH 13.45,length,13.45,13.525,13.375,mm,False,False,G-0157,,,final,,,,,E-0162,2021-03-15,,20260106T061500Z-QE24M
C-13307-29,P-13307-B,B,SURFACE FINISH Ra,surface finish Ra,0.0,0.8,,um,False,False,G-0230,,,final,,,,,E-0162,2021-03-15,,20260106T061500Z-QE24M
C-13317-14,P-13317-A,A,OD 36.055,diameter,36.055,36.065,36.045,mm,True,True,G-0104,5,32 pieces,in-process,36.05536,36.05835,36.05236,0.01098,E-0162,2021-03-15,,20260106T061500Z-QE24M
C-13317-20,P-13317-A,A,RUNOUT A-B,runout,0.0,0.03,,mm,False,False,G-0243,5,32 pieces,in-process,0.00565,0.01123,6e-05,0.02048,E-0162,2021-03-15,,20260106T061500Z-QE24M
C-13317-22,P-13317-A,A,LENGTH 20.93,length,20.93,20.98,20.88,mm,False,False,G-0167,5,32 pieces,in-process,20.93469,20.94671,20.92268,0.04403,E-0162,2021-03-15,,20260106T061500Z-QE24M
C-13317-34,P-13317-A,A,FLATNESS,flatness,0.0,0.02,0.0,mm,False,False,G-0245,5,32 pieces,in-process,0.00389,0.0073,0.00049,0.01249,E-0162,2021-03-15,,20260106T061500Z-QE24M
C-13321-18,P-13321-A,A,OD 49.567,diameter,49.567,49.582,49.552,mm,True,True,G-0089,5,30 pieces,in-process,49.56617,49.57034,49.562,0.01529,E-0162,2021-03-15,,20260106T061500Z-QE24M
C-13321-19,P-13321-A,A,SURFACE FINISH Ra,surface finish Ra,0.0,0.8,,um,False,False,G-0230,,,final,,,,,E-0162,2021-03-15,,20260106T061500Z-QE24M
C-13321-25,P-13321-A,A,OD 44.140,diameter,44.14,44.155,44.125,mm,False,False,G-0091,5,30 pieces,in-process,44.13851,44.14534,44.13168,0.02504,E-0162,2021-03-15,,20260106T061500Z-QE24M
C-13321-39,P-13321-A,A,LENGTH 36.23,length,36.23,36.305,36.155,mm,False,False,G-0136,5,30 pieces,in-process,36.23019,36.25811,36.20227,0.10234,E-0162,2021-03-15,,20260106T061500Z-QE24M
C-13328-14,P-13328-A,A,OD 48.129,diameter,48.129,48.139,48.119,mm,True,True,G-0095,5,35 pieces,in-process,48.12902,48.13143,48.12662,0.00883,E-0162,2021-03-15,,20260106T061500Z-QE24M
C-13328-23,P-13328-A,A,LENGTH 51.42,length,51.42,51.495,51.345,mm,False,False,G-0183,,,final,,,,,E-0162,2021-03-15,,20260106T061500Z-QE24M
C-13328-35,P-13328-A,A,SURFACE FINISH Ra,surface finish Ra,0.0,3.2,,um,False,False,G-0230,5,35 pieces,in-process,1.88994,2.2562,1.52368,1.34235,E-0162,2021-03-15,,20260106T061500Z-QE24M
C-13328-37,P-13328-A,A,LENGTH 15.58,length,15.58,15.63,15.53,mm,False,False,G-0185,,,final,,,,,E-0162,2021-03-15,,20260106T061500Z-QE24M
C-13350-04,P-13350-A,A,OD 57.614,diameter,57.614,57.6265,57.6015,mm,True,True,G-0110,5,30 pieces,in-process,57.614,57.61702,57.61098,0.01107,E-0162,2021-03-15,,20260106T061500Z-QE24M
C-13350-20,P-13350-A,A,OD 13.142,diameter,13.142,13.152,13.132,mm,False,False,G-0061,5,30 pieces,in-process,13.14077,13.14326,13.13827,0.00913,E-0162,2021-03-15,,20260106T061500Z-QE24M
C-13350-28,P-13350-A,A,TRUE POSITION 4X,true position,0.0,0.05,,mm,False,False,G-0001,,,CMM,,,,,E-0162,2021-03-15,,20260106T061500Z-QE24M
C-13350-37,P-13350-A,A,LENGTH 148.56,length,148.56,148.635,148.485,mm,False,False,G-0189,,,final,,,,,E-0162,2021-03-15,,20260106T061500Z-QE24M
C-13357-02,P-13357-A,A,FLATNESS,flatness,0.0,0.05,,mm,True,True,G-0252,5,38 pieces,in-process,0.01355,0.02223,0.00488,0.03178,E-0162,2021-03-15,,20260106T061500Z-QE24M
C-13357-11,P-13357-A,A,TRUE POSITION 4X,true position,0.0,0.15,,mm,False,False,G-0001,,,CMM,,,,,E-0162,2021-03-15,,20260106T061500Z-QE24M
C-13357-17,P-13357-A,A,LENGTH 168.47,length,168.47,168.52,168.42,mm,False,False,G-0195,5,38 pieces,in-process,168.46909,168.48554,168.45265,0.06027,E-0162,2021-03-15,,20260106T061500Z-QE24M
C-13357-35,P-13357-A,A,LENGTH 139.49,length,139.49,139.59,139.39,mm,False,False,G-0196,5,38 pieces,in-process,139.49025,139.52285,139.45765,0.11949,E-0162,2021-03-15,,20260106T061500Z-QE24M
C-13369-01,P-13369-A,A,OD 7.033,diameter,7.033,7.0455,7.0205,mm,True,True,G-0049,5,30 pieces,in-process,7.03336,7.03671,7.03001,0.01227,E-0162,2021-03-15,,20260106T061500Z-QE24M
C-13369-20,P-13369-A,A,OD 39.432,diameter,39.432,39.447,39.417,mm,False,False,G-0082,5,30 pieces,in-process,39.43602,39.44161,39.43042,0.02051,E-0162,2021-03-15,,20260106T061500Z-QE24M
C-13369-23,P-13369-A,A,SURFACE FINISH Ra,surface finish Ra,0.0,0.8,,um,False,False,G-0231,5,30 pieces,in-process,0.49786,0.58518,0.41055,0.32002,E-0162,2021-03-15,,20260106T061500Z-QE24M
C-13369-32,P-13369-A,A,LENGTH 98.87,length,98.87,98.945,98.795,mm,False,False,G-0196,5,30 pieces,in-process,98.85876,98.88369,98.83382,0.09138,E-0162,2021-03-15,,20260106T061500Z-QE24M
C-13380-09,P-13380-B,B,OD 54.641,diameter,54.641,54.651,54.631,mm,True,True,G-0116,5,30 pieces,in-process,54.64081,54.64293,54.63869,0.00776,E-0162,2021-03-15,,20260106T061500Z-QE24M
C-13380-16,P-13380-B,B,OD 54.054,diameter,54.054,54.074,54.034,mm,False,False,G-0117,,,final,,,,,E-0162,2021-03-15,,20260106T061500Z-QE24M
C-13380-18,P-13380-B,B,BORE 18.374,bore,18.374,18.394,18.354,mm,False,False,G-0022,5,30 pieces,in-process,18.37541,18.38096,18.36985,0.02035,E-0162,2021-03-15,,20260106T061500Z-QE24M
C-13380-32,P-13380-B,B,TRUE POSITION 4X,true position,0.0,0.1,,mm,False,False,G-0002,,,CMM,,,,,E-0162,2021-03-15,,20260106T061500Z-QE24M
C-13403-09,P-13403-A,A,OD 13.324,diameter,13.324,13.339,13.309,mm,True,True,G-0035,5,30 pieces,in-process,13.32406,13.3278,13.32033,0.01368,E-0162,2021-03-15,,20260106T061500Z-QE24M
C-13403-24,P-13403-A,A,SURFACE FINISH Ra,surface finish Ra,0.0,0.8,,um,False,False,G-0230,5,30 pieces,in-process,0.44023,0.53053,0.34993,0.33094,E-0162,2021-03-15,,20260106T061500Z-QE24M
C-13403-33,P-13403-A,A,TRUE POSITION 4X,true position,0.0,0.05,,mm,False,False,G-0002,,,CMM,,,,,E-0162,2021-03-15,,20260106T061500Z-QE24M
C-13403-34,P-13403-A,A,BORE 26.588,bore,26.588,26.6005,26.5755,mm,False,False,G-0022,5,30 pieces,in-process,26.58636,26.5911,26.58161,0.01738,E-0162,2021-03-15,,20260106T061500Z-QE24M
C-13431-07,P-13431-A,A,OD 50.933,diameter,50.933,50.943,50.923,mm,False,False,G-0002,,,CMM,,,,,E-0162,2021-03-15,,20260106T061500Z-QE24M
C-13431-17,P-13431-A,A,BORE 11.589,bore,11.589,11.6015,11.5765,mm,False,False,G-0018,5,30 pieces,in-process,11.58868,11.59159,11.58577,0.01067,E-0162,2021-03-15,,20260106T061500Z-QE24M
C-13431-21,P-13431-A,A,THREAD PD 13.291,thread,13.291,13.321,13.261,mm,False,False,G-0229,,,final,,,,,E-0162,2021-03-15,,20260106T061500Z-QE24M
C-13431-32,P-13431-A,A,OD 40.711,diameter,40.711,40.721,40.701,mm,False,False,G-0088,5,30 pieces,in-process,40.71275,40.71652,40.70898,0.0138,E-0162,2021-03-15,,20260106T061500Z-QE24M
C-13447-02,P-13447-D,D,OD 54.208,diameter,54.208,54.228,54.188,mm,False,False,G-0109,5,38 pieces,in-process,54.21033,54.21622,54.20444,0.0216,E-0162,2021-03-15,,20260106T061500Z-QE24M
C-13447-09,P-13447-D,D,TRUE POSITION 4X,true position,0.0,0.1,,mm,False,False,G-0001,,,final,,,,,E-0162,2021-03-15,,20260106T061500Z-QE24M
C-13447-19,P-13447-D,D,LENGTH 111.29,length,111.29,111.365,111.215,mm,False,False,G-0195,,,final,,,,,E-0162,2021-03-15,,20260106T061500Z-QE24M
C-13447-37,P-13447-D,D,SURFACE FINISH Ra,surface finish Ra,0.0,0.8,,um,False,False,G-0230,5,38 pieces,in-process,0.49255,0.58368,0.40141,0.334,E-0162,2021-03-15,,20260106T061500Z-QE24M
C-13458-01,P-13458-B,B,OD 43.418,diameter,43.418,43.4305,43.4055,mm,False,False,G-0102,5,30 pieces,in-process,43.41813,43.42166,43.41461,0.01291,E-0162,2021-03-15,,20260106T061500Z-QE24M
C-13458-09,P-13458-B,B,SURFACE FINISH Ra,surface finish Ra,0.0,0.8,,um,False,False,G-0231,5,30 pieces,in-process,0.42166,0.49034,0.35299,0.25169,E-0162,2021-03-15,,20260106T061500Z-QE24M
C-13458-35,P-13458-B,B,THREAD PD 8.969,thread,8.969,8.999,8.939,mm,False,False,G-0208,,,final,,,,,E-0162,2021-03-15,,20260106T061500Z-QE24M
C-13458-36,P-13458-B,B,TRUE POSITION 4X,true position,0.0,0.1,,mm,False,False,G-0002,,,CMM,,,,,E-0162,2021-03-15,,20260106T061500Z-QE24M
C-13483-04,P-13483-A,A,OD 34.784,diameter,34.784,34.794,34.774,mm,False,False,G-0105,5,30 pieces,in-process,34.78388,34.78805,34.77972,0.01526,E-0162,2021-03-15,,20260106T061500Z-QE24M
C-13483-13,P-13483-A,A,BORE 31.728,bore,31.728,31.753,31.703,mm,False,False,G-0022,5,30 pieces,in-process,31.72626,31.73385,31.71868,0.0278,E-0162,2021-03-15,,20260106T061500Z-QE24M
C-13483-32,P-13483-A,A,LENGTH 176.18,length,176.18,176.28,176.08,mm,False,False,G-0195,5,30 pieces,in-process,176.16461,176.18865,176.14057,0.08811,E-0162,2021-03-15,,20260106T061500Z-QE24M
C-13483-35,P-13483-A,A,OD 46.118,diameter,46.118,46.1305,46.1055,mm,False,False,G-0108,5,30 pieces,in-process,46.11882,46.12336,46.11428,0.01663,E-0162,2021-03-15,,20260106T061500Z-QE24M
C-13502-09,P-13502-C,C,OD 45.149,diameter,45.149,45.159,45.139,mm,False,False,G-0066,5,30 pieces,in-process,45.14847,45.1532,45.14374,0.01733,E-0162,2021-03-15,,20260106T061500Z-QE24M
C-13502-13,P-13502-C,C,FLATNESS,flatness,0.0,0.02,0.0,mm,False,False,G-0248,5,30 pieces,in-process,0.0038,0.00696,0.00064,0.01157,E-0162,2021-03-15,,20260106T061500Z-QE24M
C-13502-16,P-13502-C,C,SURFACE FINISH Ra,surface finish Ra,0.0,0.8,,um,False,False,G-0230,,,final,,,,,E-0162,2021-03-15,,20260106T061500Z-QE24M
C-13502-32,P-13502-C,C,LENGTH 81.78,length,81.78,81.88,81.68,mm,False,False,G-0189,5,30 pieces,in-process,81.77505,81.81039,81.73971,0.12952,E-0162,2021-03-15,,20260106T061500Z-QE24M
C-13530-07,P-13530-B,B,OD 48.682,diameter,48.682,48.707,48.657,mm,False,False,G-0090,5,30 pieces,in-process,48.68295,48.68852,48.67738,0.02042,E-0162,2021-03-15,,20260106T061500Z-QE24M
C-13530-19,P-13530-B,B,RUNOUT A-B,runout,0.0,0.05,,mm,False,False,G-0002,,,CMM,,,,,E-0162,2021-03-15,,20260106T061500Z-QE24M
C-13530-24,P-13530-B,B,TRUE POSITION 4X,true position,0.0,0.15,,mm,False,False,G-0001,,,CMM,,,,,E-0162,2021-03-15,,20260106T061500Z-QE24M
C-13530-29,P-13530-B,B,RUNOUT A-B,runout,0.0,0.03,0.0,mm,False,False,G-0002,,,CMM,,,,,E-0162,2021-03-15,,20260106T061500Z-QE24M
C-13557-01,P-13557-A,A,OD 16.462,diameter,16.462,16.477,16.447,mm,False,False,G-0033,5,30 pieces,in-process,16.46548,16.46991,16.46104,0.01625,E-0162,2021-03-15,,20260106T061500Z-QE24M
C-13557-17,P-13557-A,A,LENGTH 32.04,length,32.04,32.14,31.94,mm,False,False,G-0166,,,final,,,,,E-0162,2021-03-15,,20260106T061500Z-QE24M
C-13557-30,P-13557-A,A,FLATNESS,flatness,0.0,0.02,0.0,mm,False,False,G-0002,,,CMM,,,,,E-0162,2021-03-15,,20260106T061500Z-QE24M
C-13557-35,P-13557-A,A,HARDNESS HRC,hardness,29.0,31.0,27.0,HRC,False,False,G-0232,,,final,,,,,E-0162,2021-03-15,,20260106T061500Z-QE24M
C-13563-23,P-13563-A,A,OD 36.152,diameter,36.152,36.162,36.142,mm,False,False,G-0002,,,CMM,,,,,E-0162,2021-03-15,,20260106T061500Z-QE24M
C-13563-28,P-13563-A,A,LENGTH 68.06,length,68.06,68.11,68.01,mm,False,False,G-0148,5,18 pieces,in-process,68.05494,68.07353,68.03635,0.06812,E-0162,2021-03-15,,20260106T061500Z-QE24M
C-13563-34,P-13563-A,A,BORE 34.531,bore,34.531,34.5435,34.5185,mm,False,False,G-0025,5,18 pieces,in-process,34.53074,34.53482,34.52665,0.01497,E-0162,2021-03-15,,20260106T061500Z-QE24M
C-13563-38,P-13563-A,A,OD 57.842,diameter,57.842,57.867,57.817,mm,False,False,G-0125,5,18 pieces,in-process,57.83985,57.84578,57.83392,0.02173,E-0162,2021-03-15,,20260106T061500Z-QE24M
C-13590-10,P-13590-A,A,OD 46.050,diameter,46.05,46.0625,46.0375,mm,False,False,G-0080,5,30 pieces,in-process,46.04889,46.05366,46.04412,0.01747,E-0162,2021-03-15,,20260106T061500Z-QE24M
C-13590-12,P-13590-A,A,OD 37.710,diameter,37.71,37.72,37.7,mm,False,False,G-0081,5,30 pieces,in-process,37.71025,37.71392,37.70658,0.01346,E-0162,2021-03-15,,20260106T061500Z-QE24M
C-13590-22,P-13590-A,A,LENGTH 110.32,length,110.32,110.37,110.27,mm,False,False,G-0188,5,30 pieces,in-process,110.31975,110.33182,110.30769,0.04422,E-0162,2021-03-15,,20260106T061500Z-QE24M
C-13590-33,P-13590-A,A,RUNOUT A-B,runout,0.0,0.05,0.0,mm,False,False,G-0236,5,30 pieces,in-process,0.01522,0.02609,0.00435,0.03985,E-0162,2021-03-15,,20260106T061500Z-QE24M
C-13608-04,P-13608-D,D,OD 20.269,diameter,20.269,20.294,20.244,mm,False,False,G-0030,5,40 pieces,in-process,20.26947,20.27758,20.26135,0.02973,E-0162,2021-03-15,,20260106T061500Z-QE24M
C-13608-16,P-13608-D,D,TRUE POSITION 4X,true position,0.0,0.05,,mm,False,False,G-0002,,,final,,,,,E-0162,2021-03-15,,20260106T061500Z-QE24M
C-13608-33,P-13608-D,D,FLATNESS,flatness,0.0,0.05,0.0,mm,False,False,G-0001,,,CMM,,,,,E-0162,2021-03-15,,20260106T061500Z-QE24M
C-13608-35,P-13608-D,D,RUNOUT A-B,runout,0.0,0.05,0.0,mm,False,False,G-0242,5,40 pieces,in-process,0.01091,0.02173,8e-05,0.03968,E-0162,2021-03-15,,20260106T061500Z-QE24M
C-13633-02,P-13633-A,A,OD 39.178,diameter,39.178,39.203,39.153,mm,False,False,G-0002,,,CMM,,,,,E-0162,2021-03-15,,20260106T061500Z-QE24M
C-13633-04,P-13633-A,A,BORE 14.201,bore,14.201,14.221,14.181,mm,False,False,G-0016,5,136 pieces,in-process,14.20046,14.20529,14.19563,0.01769,E-0162,2021-03-15,,20260106T061500Z-QE24M
C-13633-06,P-13633-A,A,RUNOUT A-B,runout,0.0,0.08,,mm,False,False,G-0236,5,136 pieces,in-process,0.02101,0.03641,0.00561,0.05643,E-0162,2021-03-15,,20260106T061500Z-QE24M
C-13633-14,P-13633-A,A,THREAD PD 17.683,thread,17.683,17.713,17.653,mm,False,False,G-0204,,,final,,,,,E-0162,2021-03-15,,20260106T061500Z-QE24M
C-13648-03,P-13648-A,A,OD 21.478,diameter,21.478,21.488,21.468,mm,False,False,G-0001,,,CMM,,,,,E-0162,2021-03-15,,20260106T061500Z-QE24M
C-13648-21,P-13648-A,A,RUNOUT A-B,runout,0.0,0.05,,mm,False,False,G-0002,,,CMM,,,,,E-0162,2021-03-15,,20260106T061500Z-QE24M
C-13648-24,P-13648-A,A,BORE 36.494,bore,36.494,36.5065,36.4815,mm,False,False,G-0028,5,80 pieces,in-process,36.49527,36.49892,36.49162,0.01338,E-0162,2021-03-15,,20260106T061500Z-QE24M
C-13648-27,P-13648-A,A,OD 39.777,diameter,39.777,39.802,39.752,mm,False,False,G-0002,,,CMM,,,,,E-0162,2021-03-15,,20260106T061500Z-QE24M
C-13669-10,P-13669-A,A,OD 4.574,diameter,4.574,4.594,4.554,mm,False,False,G-0002,,,CMM,,,,,E-0162,2021-03-15,,20260106T061500Z-QE24M
C-13669-11,P-13669-A,A,OD 48.585,diameter,48.585,48.6,48.57,mm,False,False,G-0075,5,28 pieces,in-process,48.58603,48.59027,48.58179,0.01555,E-0162,2021-03-15,,20260106T061500Z-QE24M
C-13669-20,P-13669-A,A,HARDNESS HRC,hardness,43.0,45.0,41.0,HRC,False,False,G-0232,,,final,,,,,E-0162,2021-03-15,,20260106T061500Z-QE24M
C-13669-28,P-13669-A,A,RUNOUT A-B,runout,0.0,0.08,0.0,mm,False,False,G-0001,,,CMM,,,,,E-0162,2021-03-15,,20260106T061500Z-QE24M
C-13675-11,P-13675-A,A,OD 55.418,diameter,55.418,55.433,55.403,mm,False,False,G-0124,5,58 pieces,in-process,55.42042,55.42448,55.41635,0.01491,E-0162,2021-03-15,,20260106T061500Z-QE24M
C-13675-22,P-13675-A,A,OD 6.024,diameter,6.024,6.044,6.004,mm,False,False,G-0001,,,CMM,,,,,E-0162,2021-03-15,,20260106T061500Z-QE24M
C-13675-26,P-13675-A,A,TRUE POSITION 4X,true position,0.0,0.05,,mm,False,False,G-0002,,,CMM,,,,,E-0162,2021-03-15,,20260106T061500Z-QE24M
C-13675-28,P-13675-A,A,BORE 39.152,bore,39.152,39.1645,39.1395,mm,False,False,G-0026,5,58 pieces,in-process,39.15096,39.15648,39.14544,0.02023,E-0162,2021-03-15,,20260106T061500Z-QE24M
C-13684-14,P-13684-B,B,OD 18.963,diameter,18.963,18.978,18.948,mm,False,False,G-0001,,,CMM,,,,,E-0162,2021-03-15,,20260106T061500Z-QE24M
C-13684-15,P-13684-B,B,THREAD PD 13.958,thread,13.958,13.988,13.928,mm,False,False,G-0229,,,final,,,,,E-0162,2021-03-15,,20260106T061500Z-QE24M
C-13684-23,P-13684-B,B,SURFACE FINISH Ra,surface finish Ra,0.0,0.8,,um,False,False,G-0230,5,30 pieces,in-process,0.42515,0.52546,0.32485,0.36762,E-0162,2021-03-15,,20260106T061500Z-QE24M
C-13684-38,P-13684-B,B,OD 22.582,diameter,22.582,22.597,22.567,mm,False,False,G-0002,,,CMM,,,,,E-0162,2021-03-15,,20260106T061500Z-QE24M
C-13711-04,P-13711-B,B,OD 56.541,diameter,56.541,56.5535,56.5285,mm,False,False,G-0121,5,31 pieces,in-process,56.54233,56.54657,56.53808,0.01557,E-0162,2021-03-15,,20260106T061500Z-QE24M
C-13711-19,P-13711-B,B,TRUE POSITION 4X,true position,0.0,0.15,,mm,False,False,G-0001,,,CMM,,,,,E-0162,2021-03-15,,20260106T061500Z-QE24M
C-13711-26,P-13711-B,B,RUNOUT A-B,runout,0.0,0.05,0.0,mm,False,False,G-0242,5,31 pieces,in-process,0.01644,0.02717,0.0057,0.03934,E-0162,2021-03-15,,20260106T061500Z-QE24M
C-13711-34,P-13711-B,B,TRUE POSITION 4X,true position,0.0,0.15,,mm,False,False,G-0001,,,CMM,,,,,E-0162,2021-03-15,,20260106T061500Z-QE24M
C-13739-04,P-13739-B,B,OD 30.932,diameter,30.932,30.952,30.912,mm,False,False,G-0091,5,31 pieces,in-process,30.93099,30.93573,30.92624,0.01739,E-0162,2021-03-15,,20260106T061500Z-QE24M
C-13739-10,P-13739-B,B,OD 31.668,diameter,31.668,31.693,31.643,mm,False,False,G-0001,,,CMM,,,,,E-0162,2021-03-15,,20260106T061500Z-QE24M
C-13739-13,P-13739-B,B,THREAD PD 13.004,thread,13.004,13.034,12.974,mm,False,False,G-0225,,,final,,,,,E-0162,2021-03-15,,20260106T061500Z-QE24M
C-13739-23,P-13739-B,B,BORE 8.547,bore,8.547,8.5595,8.5345,mm,False,False,G-0010,5,31 pieces,in-process,8.54553,8.54901,8.54204,0.01277,E-0162,2021-03-15,,20260106T061500Z-QE24M
C-13755-10,P-13755-A,A,OD 42.154,diameter,42.154,42.169,42.139,mm,False,False,G-0002,,,CMM,,,,,E-0162,2021-03-15,,20260106T061500Z-QE24M
C-13755-12,P-13755-A,A,LENGTH 145.12,length,145.12,145.17,145.07,mm,False,False,G-0194,,,final,,,,,E-0162,2021-03-15,,20260106T061500Z-QE24M
C-13755-26,P-13755-A,A,BORE 7.867,bore,7.867,7.8795,7.8545,mm,False,False,G-0011,5,20 pieces,in-process,7.8652,7.86947,7.86093,0.01565,E-0162,2021-03-15,,20260106T061500Z-QE24M
C-13755-28,P-13755-A,A,RUNOUT A-B,runout,0.0,0.03,,mm,False,False,G-0251,5,20 pieces,in-process,0.00939,0.01427,0.00451,0.01789,E-0162,2021-03-15,,20260106T061500Z-QE24M
C-13783-04,P-13783-A,A,OD 46.760,diameter,46.76,46.7725,46.7475,mm,False,False,G-0098,5,30 pieces,in-process,46.75953,46.76282,46.75624,0.01206,E-0162,2021-03-15,,20260106T061500Z-QE24M
C-13783-05,P-13783-A,A,FLATNESS,flatness,0.0,0.02,,mm,False,False,G-0001,,,CMM,,,,,E-0162,2021-03-15,,20260106T061500Z-QE24M
C-13783-23,P-13783-A,A,HARDNESS HRC,hardness,40.0,42.0,38.0,HRC,False,False,G-0232,,,final,,,,,E-0162,2021-03-15,,20260106T061500Z-QE24M
C-13783-30,P-13783-A,A,THREAD PD 17.158,thread,17.158,17.188,17.128,mm,False,False,G-0204,,,final,,,,,E-0162,2021-03-15,,20260106T061500Z-QE24M
C-13797-03,P-13797-A,A,OD 29.135,diameter,29.135,29.16,29.11,mm,False,False,G-0002,,,CMM,,,,,E-0162,2021-03-15,,20260106T061500Z-QE24M
C-13797-06,P-13797-A,A,FLATNESS,flatness,0.0,0.03,0.0,mm,False,False,G-0001,,,CMM,,,,,E-0162,2021-03-15,,20260106T061500Z-QE24M
C-13797-13,P-13797-A,A,LENGTH 19.36,length,19.36,19.435,19.285,mm,False,False,G-0167,5,20 pieces,in-process,19.35915,19.38947,19.32884,0.11111,E-0162,2021-03-15,,20260106T061500Z-QE24M
C-13797-16,P-13797-A,A,LENGTH 59.85,length,59.85,59.95,59.75,mm,False,False,G-0168,5,20 pieces,in-process,59.85104,59.88264,59.81944,0.11582,E-0162,2021-03-15,,20260106T061500Z-QE24M
C-13806-03,P-13806-A,A,OD 56.777,diameter,56.777,56.792,56.762,mm,False,False,G-0123,,,final,,,,,E-0162,2021-03-15,,20260106T061500Z-QE24M
C-13806-17,P-13806-A,A,BORE 24.808,bore,24.808,24.833,24.783,mm,False,False,G-0021,,,final,,,,,E-0162,2021-03-15,,20260106T061500Z-QE24M
C-13806-19,P-13806-A,A,TRUE POSITION 4X,true position,0.0,0.1,,mm,False,False,G-0001,,,CMM,,,,,E-0162,2021-03-15,,20260106T061500Z-QE24M
C-13806-37,P-13806-A,A,LENGTH 126.49,length,126.49,126.59,126.39,mm,False,False,G-0189,5,54 pieces,in-process,126.48983,126.52122,126.45843,0.11507,E-0162,2021-03-15,,20260106T061500Z-QE24M
C-13821-01,P-13821-A,A,OD 40.215,diameter,40.215,40.24,40.19,mm,False,False,G-0106,5,53 pieces,in-process,40.21838,40.2281,40.20867,0.03561,E-0162,2021-03-15,,20260106T061500Z-QE24M
C-13821-13,P-13821-A,A,LENGTH 45.26,length,45.26,45.335,45.185,mm,False,False,G-0154,,,final,,,,,E-0162,2021-03-15,,20260106T061500Z-QE24M
C-13821-19,P-13821-A,A,OD 23.511,diameter,23.511,23.521,23.501,mm,False,False,G-0047,5,53 pieces,in-process,23.51196,23.51493,23.50899,0.01088,E-0162,2021-03-15,,20260106T061500Z-QE24M
C-13821-22,P-13821-A,A,SURFACE FINISH Ra,surface finish Ra,0.0,3.2,,um,False,False,G-0230,5,53 pieces,in-process,1.61166,2.05544,1.16788,1.62647,E-0162,2021-03-15,,20260106T061500Z-QE24M
C-13842-20,P-13842-D,D,OD 13.292,diameter,13.292,13.307,13.277,mm,False,False,G-0048,5,30 pieces,in-process,13.29283,13.29851,13.28715,0.02083,E-0162,2021-03-15,,20260106T061500Z-QE24M
C-13842-28,P-13842-D,D,LENGTH 125.05,length,125.05,125.1,125.0,mm,False,False,G-0187,,,final,,,,,E-0162,2021-03-15,,20260106T061500Z-QE24M
C-13842-30,P-13842-D,D,HARDNESS HRC,hardness,29.0,31.0,27.0,HRC,False,False,G-0232,,,final,,,,,E-0162,2021-03-15,,20260106T061500Z-QE24M
C-13842-35,P-13842-D,D,SURFACE FINISH Ra,surface finish Ra,0.0,1.6,,um,False,False,G-0231,5,30 pieces,in-process,0.88694,1.06368,0.7102,0.64777,E-0162,2021-03-15,,20260106T061500Z-QE24M
C-13863-07,P-13863-B,B,OD 46.695,diameter,46.695,46.71,46.68,mm,False,False,G-0002,,,CMM,,,,,E-0162,2021-03-15,,20260106T061500Z-QE24M
C-13863-27,P-13863-B,B,OD 28.879,diameter,28.879,28.904,28.854,mm,False,False,G-0100,5,43 pieces,in-process,28.8801,28.8892,28.871,0.03335,E-0162,2021-03-15,,20260106T061500Z-QE24M
C-13863-36,P-13863-B,B,SURFACE FINISH Ra,surface finish Ra,0.0,0.8,,um,False,False,G-0231,,,final,,,,,E-0162,2021-03-15,,20260106T061500Z-QE24M
C-13863-37,P-13863-B,B,FLATNESS,flatness,0.0,0.05,0.0,mm,False,False,G-0001,,,CMM,,,,,E-0162,2021-03-15,,20260106T061500Z-QE24M
C-13888-02,P-13888-A,A,OD 47.121,diameter,47.121,47.141,47.101,mm,False,False,G-0102,,,final,,,,,E-0162,2021-03-15,,20260106T061500Z-QE24M
C-13888-05,P-13888-A,A,OD 18.265,diameter,18.265,18.29,18.24,mm,False,False,G-0047,5,30 pieces,in-process,18.26788,18.27867,18.25709,0.03955,E-0162,2021-03-15,,20260106T061500Z-QE24M
C-13888-06,P-13888-A,A,TRUE POSITION 4X,true position,0.0,0.15,,mm,False,False,G-0001,,,final,,,,,E-0162,2021-03-15,,20260106T061500Z-QE24M
C-13888-31,P-13888-A,A,THREAD PD 9.960,thread,9.96,9.99,9.93,mm,False,False,G-0219,,,final,,,,,E-0162,2021-03-15,,20260106T061500Z-QE24M
C-13901-04,P-13901-A,A,OD 6.957,diameter,6.957,6.972,6.942,mm,False,False,G-0065,5,50 pieces,in-process,6.9576,6.96123,6.95398,0.01327,E-0162,2021-03-15,,20260106T061500Z-QE24M
C-13901-05,P-13901-A,A,RUNOUT A-B,runout,0.0,0.03,,mm,False,False,G-0251,5,50 pieces,in-process,0.00453,0.00913,0.0,0.01686,E-0162,2021-03-15,,20260106T061500Z-QE24M
C-13901-06,P-13901-A,A,SURFACE FINISH Ra,surface finish Ra,0.0,0.8,,um,False,False,G-0231,5,50 pieces,in-process,0.39372,0.48218,0.30525,0.32422,E-0162,2021-03-15,,20260106T061500Z-QE24M
C-13901-27,P-13901-A,A,HARDNESS HRC,hardness,38.0,40.0,36.0,HRC,False,False,G-0232,,,final,,,,,E-0162,2021-03-15,,20260106T061500Z-QE24M
C-13923-13,P-13923-B,B,OD 31.572,diameter,31.572,31.597,31.547,mm,False,False,G-0089,5,32 pieces,in-process,31.57079,31.57667,31.56491,0.02154,E-0162,2021-03-15,,20260106T061500Z-QE24M
C-13923-18,P-13923-B,B,RUNOUT A-B,runout,0.0,0.05,,mm,False,False,G-0255,,,final,,,,,E-0162,2021-03-15,,20260106T061500Z-QE24M
C-13923-26,P-13923-B,B,OD 6.088,diameter,6.088,6.098,6.078,mm,False,False,G-0002,,,CMM,,,,,E-0162,2021-03-15,,20260106T061500Z-QE24M
C-13923-27,P-13923-B,B,BORE 11.825,bore,11.825,11.845,11.805,mm,False,False,G-0014,5,32 pieces,in-process,11.82706,11.8336,11.82052,0.02396,E-0162,2021-03-15,,20260106T061500Z-QE24M
C-13926-07,P-13926-A,A,OD 52.308,diameter,52.308,52.328,52.288,mm,False,False,G-0113,,,final,,,,,E-0162,2021-03-15,,20260106T061500Z-QE24M
C-13926-08,P-13926-A,A,THREAD PD 16.184,thread,16.184,16.214,16.154,mm,False,False,G-0213,,,final,,,,,E-0162,2021-03-15,,20260106T061500Z-QE24M
C-13926-19,P-13926-A,A,LENGTH 123.63,length,123.63,123.68,123.58,mm,False,False,G-0188,,,final,,,,,E-0162,2021-03-15,,20260106T061500Z-QE24M
C-13926-31,P-13926-A,A,RUNOUT A-B,runout,0.0,0.05,,mm,False,False,G-0248,5,166 pieces,in-process,0.01561,0.0247,0.00652,0.0333,E-0162,2021-03-15,,20260106T061500Z-QE24M
C-13941-01,P-13941-A,A,OD 55.471,diameter,55.471,55.481,55.461,mm,False,False,G-0116,5,30 pieces,in-process,55.46909,55.4726,55.46559,0.01285,E-0162,2021-03-15,,20260106T061500Z-QE24M
C-13941-07,P-13941-A,A,BORE 31.007,bore,31.007,31.027,30.987,mm,False,False,G-0024,5,30 pieces,in-process,31.00854,31.01427,31.00281,0.021,E-0162,2021-03-15,,20260106T061500Z-QE24M
C-13941-19,P-13941-A,A,LENGTH 127.73,length,127.73,127.78,127.68,mm,False,False,G-0195,,,final,,,,,E-0162,2021-03-15,,20260106T061500Z-QE24M
C-13941-28,P-13941-A,A,BORE 26.983,bore,26.983,26.9955,26.9705,mm,False,False,G-0020,5,30 pieces,in-process,26.9827,26.98564,26.97976,0.01077,E-0162,2021-03-15,,20260106T061500Z-QE24M
C-13948-04,P-13948-B,B,OD 44.067,diameter,44.067,44.087,44.047,mm,False,False,G-0092,,,final,,,,,E-0162,2021-03-15,,20260106T061500Z-QE24M
C-13948-10,P-13948-B,B,THREAD PD 10.358,thread,10.358,10.388,10.328,mm,False,False,G-0217,,,final,,,,,E-0162,2021-03-15,,20260106T061500Z-QE24M
C-13948-14,P-13948-B,B,LENGTH 80.90,length,80.9,81.0,80.8,mm,False,False,G-0188,,,final,,,,,E-0162,2021-03-15,,20260106T061500Z-QE24M
C-13948-22,P-13948-B,B,OD 19.955,diameter,19.955,19.9675,19.9425,mm,False,False,G-0037,5,13 pieces,in-process,19.95618,19.95921,19.95315,0.0111,E-0162,2021-03-15,,20260106T061500Z-QE24M
C-13971-05,P-13971-C,C,OD 16.891,diameter,16.891,16.916,16.866,mm,False,False,G-0051,5,30 pieces,in-process,16.88216,16.8927,16.87161,0.03865,E-0162,2021-03-15,,20260106T061500Z-QE24M
C-13971-19,P-13971-C,C,OD 26.027,diameter,26.027,26.052,26.002,mm,False,False,G-0082,5,30 pieces,in-process,26.02442,26.0312,26.01763,0.02488,E-0162,2021-03-15,,20260106T061500Z-QE24M
C-13971-31,P-13971-C,C,OD 33.161,diameter,33.161,33.181,33.141,mm,False,False,G-0083,5,30 pieces,in-process,33.1613,33.16803,33.15458,0.02465,E-0162,2021-03-15,,20260106T061500Z-QE24M
C-13971-34,P-13971-C,C,BORE 14.812,bore,14.812,14.827,14.797,mm,False,False,G-0014,5,30 pieces,in-process,14.81242,14.81663,14.80821,0.01544,E-0162,2021-03-15,,20260106T061500Z-QE24M
C-13976-10,P-13976-B,B,OD 7.059,diameter,7.059,7.069,7.049,mm,False,False,G-0050,5,30 pieces,in-process,7.05876,7.06144,7.05609,0.00981,E-0162,2021-03-15,,20260106T061500Z-QE24M
C-13976-14,P-13976-B,B,TRUE POSITION 4X,true position,0.0,0.1,,mm,False,False,G-0002,,,final,,,,,E-0162,2021-03-15,,20260106T061500Z-QE24M
C-13976-22,P-13976-B,B,LENGTH 148.51,length,148.51,148.61,148.41,mm,False,False,G-0188,,,final,,,,,E-0162,2021-03-15,,20260106T061500Z-QE24M
C-13976-28,P-13976-B,B,SURFACE FINISH Ra,surface finish Ra,0.0,0.8,,um,False,False,G-0231,5,30 pieces,in-process,0.33941,0.43166,0.24717,0.33808,E-0162,2021-03-15,,20260106T061500Z-QE24M
C-13994-11,P-13994-A,A,OD 24.700,diameter,24.7,24.71,24.69,mm,False,False,G-0032,5,25 pieces,in-process,24.70032,24.7032,24.69743,0.01057,E-0162,2021-03-15,,20260106T061500Z-QE24M
C-13994-21,P-13994-A,A,TRUE POSITION 4X,true position,0.0,0.05,,mm,False,False,G-0002,,,CMM,,,,,E-0162,2021-03-15,,20260106T061500Z-QE24M
C-13994-23,P-13994-A,A,OD 28.476,diameter,28.476,28.496,28.456,mm,False,False,G-0072,,,final,,,,,E-0162,2021-03-15,,20260106T061500Z-QE24M
C-13994-29,P-13994-A,A,BORE 13.467,bore,13.467,13.492,13.442,mm,False,False,G-0019,5,25 pieces,in-process,13.46829,13.47699,13.45959,0.03188,E-0162,2021-03-15,,20260106T061500Z-QE24M
C-14015-04,P-14015-A,A,OD 12.582,diameter,12.582,12.5945,12.5695,mm,False,False,G-0002,,,CMM,,,,,E-0162,2021-03-15,,20260106T061500Z-QE24M
C-14015-07,P-14015-A,A,LENGTH 144.84,length,144.84,144.94,144.74,mm,False,False,G-0194,5,34 pieces,in-process,144.8401,144.86338,144.81683,0.0853,E-0162,2021-03-15,,20260106T061500Z-QE24M
C-14015-12,P-14015-A,A,SURFACE FINISH Ra,surface finish Ra,0.0,3.2,,um,False,False,G-0231,5,34 pieces,in-process,1.21909,1.5161,0.92208,1.08854,E-0162,2021-03-15,,20260106T061500Z-QE24M
C-14015-39,P-14015-A,A,SURFACE FINISH Ra,surface finish Ra,0.0,0.8,,um,False,False,G-0230,,,final,,,,,E-0162,2021-03-15,,20260106T061500Z-QE24M
C-14042-07,P-14042-C,C,OD 17.218,diameter,17.218,17.243,17.193,mm,False,False,G-0044,5,30 pieces,in-process,17.21521,17.2224,17.20801,0.02637,E-0162,2021-03-15,,20260106T061500Z-QE24M
C-14042-22,P-14042-C,C,HARDNESS HRC,hardness,33.0,35.0,31.0,HRC,False,False,G-0232,,,final,,,,,E-0162,2021-03-15,,20260106T061500Z-QE24M
C-14042-29,P-14042-C,C,BORE 38.272,bore,38.272,38.287,38.257,mm,False,False,G-0026,5,30 pieces,in-process,38.27345,38.2773,38.2696,0.01412,E-0162,2021-03-15,,20260106T061500Z-QE24M
C-14042-30,P-14042-C,C,BORE 26.254,bore,26.254,26.279,26.229,mm,False,False,G-0002,,,CMM,,,,,E-0162,2021-03-15,,20260106T061500Z-QE24M
C-14048-01,P-14048-A,A,OD 55.442,diameter,55.442,55.457,55.427,mm,False,False,G-0117,5,30 pieces,in-process,55.44072,55.44554,55.4359,0.01767,E-0162,2021-03-15,,20260106T061500Z-QE24M
C-14048-09,P-14048-A,A,FLATNESS,flatness,0.0,0.03,0.0,mm,False,False,G-0002,,,CMM,,,,,E-0162,2021-03-15,,20260106T061500Z-QE24M
C-14048-25,P-14048-A,A,BORE 19.202,bore,19.202,19.2145,19.1895,mm,False,False,G-0024,5,30 pieces,in-process,19.20199,19.20594,19.19804,0.01448,E-0162,2021-03-15,,20260106T061500Z-QE24M
C-14048-30,P-14048-A,A,FLATNESS,flatness,0.0,0.02,0.0,mm,False,False,G-0002,,,CMM,,,,,E-0162,2021-03-15,,20260106T061500Z-QE24M
C-14063-05,P-14063-D,D,OD 24.700,diameter,24.7,24.715,24.685,mm,False,False,G-0047,5,37 pieces,in-process,24.70182,24.70739,24.69625,0.02042,E-0162,2021-03-15,,20260106T061500Z-QE24M
C-14063-20,P-14063-D,D,LENGTH 102.98,length,102.98,103.055,102.905,mm,False,False,G-0194,,,final,,,,,E-0162,2021-03-15,,20260106T061500Z-QE24M
C-14063-28,P-14063-D,D,HARDNESS HRC,hardness,42.0,44.0,40.0,HRC,False,False,G-0232,,,final,,,,,E-0162,2021-03-15,,20260106T061500Z-QE24M
C-14063-39,P-14063-D,D,HARDNESS HRC,hardness,33.0,35.0,31.0,HRC,False,False,G-0232,,,final,,,,,E-0162,2021-03-15,,20260106T061500Z-QE24M
C-14066-02,P-14066-C,C,OD 37.250,diameter,37.25,37.2625,37.2375,mm,False,False,G-0001,,,CMM,,,,,E-0162,2021-03-15,,20260106T061500Z-QE24M
C-14066-09,P-14066-C,C,TRUE POSITION 4X,true position,0.0,0.15,,mm,False,False,G-0002,5,31 pieces,in-process,0.04949,0.06976,0.02923,0.07428,E-0162,2021-03-15,,20260106T061500Z-QE24M
C-14066-19,P-14066-C,C,OD 4.211,diameter,4.211,4.221,4.201,mm,False,False,G-0001,,,CMM,,,,,E-0162,2021-03-15,,20260106T061500Z-QE24M
C-14066-36,P-14066-C,C,LENGTH 112.45,length,112.45,112.5,112.4,mm,False,False,G-0189,5,31 pieces,in-process,112.45633,112.47235,112.4403,0.05872,E-0162,2021-03-15,,20260106T061500Z-QE24M
C-14077-17,P-14077-B,B,OD 38.406,diameter,38.406,38.421,38.391,mm,False,False,G-0092,5,40 pieces,in-process,38.40598,38.41128,38.40068,0.01942,E-0162,2021-03-15,,20260106T061500Z-QE24M
C-14077-19,P-14077-B,B,OD 25.915,diameter,25.915,25.925,25.905,mm,False,False,G-0093,,,final,,,,,E-0162,2021-03-15,,20260106T061500Z-QE24M
C-14077-26,P-14077-B,B,OD 44.713,diameter,44.713,44.728,44.698,mm,False,False,G-0094,5,40 pieces,in-process,44.71279,44.71686,44.70873,0.01491,E-0162,2021-03-15,,20260106T061500Z-QE24M
C-14077-31,P-14077-B,B,TRUE POSITION 4X,true position,0.0,0.1,,mm,False,False,G-0001,,,CMM,,,,,E-0162,2021-03-15,,20260106T061500Z-QE24M
C-14103-05,P-14103-B,B,OD 24.000,diameter,24.0,24.02,23.98,mm,True,True,G-0035,5,81 pieces,in-process,24.00033,24.00655,23.99411,0.02279,E-0162,2021-03-15,,20260106T061500Z-QE24M
C-14103-15,P-14103-B,B,HARDNESS HRC,hardness,28.0,30.0,26.0,HRC,False,False,G-0232,,,final,,,,,E-0162,2021-03-15,,20260106T061500Z-QE24M
C-14103-17,P-14103-B,B,RUNOUT A-B,runout,0.0,0.08,0.0,mm,False,False,G-0256,5,81 pieces,in-process,0.02251,0.03899,0.00603,0.0604,E-0162,2021-03-15,,20260106T061500Z-QE24M
C-14103-27,P-14103-B,B,TRUE POSITION 4X,true position,0.0,0.1,,mm,False,False,G-0001,,,final,,,,,E-0162,2021-03-15,,20260106T061500Z-QE24M
C-14108-14,P-14108-A,A,RUNOUT A-B,runout,0.0,0.05,0.0,mm,True,True,G-0259,5,60 pieces,in-process,0.02005,0.03073,0.00937,0.03915,E-0162,2021-03-15,,20260106T061500Z-QE24M
C-14108-16,P-14108-A,A,FLATNESS,flatness,0.0,0.02,,mm,False,False,G-0002,,,CMM,,,,,E-0162,2021-03-15,,20260106T061500Z-QE24M
C-14108-29,P-14108-A,A,LENGTH 61.84,length,61.84,61.915,61.765,mm,False,False,G-0184,5,60 pieces,in-process,61.84078,61.86663,61.81493,0.09475,E-0162,2021-03-15,,20260106T061500Z-QE24M
C-14108-31,P-14108-A,A,HARDNESS HRC,hardness,41.0,43.0,39.0,HRC,False,False,G-0232,,,final,,,,,E-0162,2021-03-15,,20260106T061500Z-QE24M
C-14117-10,P-14117-A,A,RUNOUT A-B,runout,0.0,0.05,0.0,mm,True,True,G-0262,5,36 pieces,in-process,0.02026,0.02847,0.01205,0.0301,E-0162,2021-03-15,,20260106T061500Z-QE24M
C-14117-13,P-14117-A,A,TRUE POSITION 4X,true position,0.0,0.05,,mm,False,False,G-0001,,,CMM,,,,,E-0162,2021-03-15,,20260106T061500Z-QE24M
C-14117-27,P-14117-A,A,TRUE POSITION 4X,true position,0.0,0.05,,mm,False,False,G-0002,,,CMM,,,,,E-0162,2021-03-15,,20260106T061500Z-QE24M
C-14117-30,P-14117-A,A,THREAD PD 16.891,thread,16.891,16.921,16.861,mm,False,False,G-0202,,,final,,,,,E-0162,2021-03-15,,20260106T061500Z-QE24M
C-14134-23,P-14134-A,A,RUNOUT A-B,runout,0.0,0.05,0.0,mm,True,True,G-0261,5,50 pieces,in-process,0.02069,0.02926,0.01211,0.03142,E-0162,2021-03-15,,20260106T061500Z-QE24M
C-14134-26,P-14134-A,A,OD 23.922,diameter,23.922,23.942,23.902,mm,False,False,G-0041,5,50 pieces,in-process,23.92282,23.92767,23.91798,0.01777,E-0162,2021-03-15,,20260106T061500Z-QE24M
C-14134-28,P-14134-A,A,TRUE POSITION 4X,true position,0.0,0.1,,mm,False,False,G-0001,,,CMM,,,,,E-0162,2021-03-15,,20260106T061500Z-QE24M
C-14134-34,P-14134-A,A,LENGTH 86.09,length,86.09,86.165,86.015,mm,False,False,G-0189,5,50 pieces,in-process,86.0969,86.13017,86.06363,0.12194,E-0162,2021-03-15,,20260106T061500Z-QE24M
C-14140-03,P-14140-A,A,OD 15.355,diameter,15.355,15.3675,15.3425,mm,True,True,G-0046,5,31 pieces,in-process,15.35474,15.35835,15.35113,0.01323,E-0162,2021-03-15,,20260106T061500Z-QE24M
C-14140-18,P-14140-A,A,BORE 24.834,bore,24.834,24.854,24.814,mm,False,False,G-0025,5,31 pieces,in-process,24.83307,24.83939,24.82674,0.02318,E-0162,2021-03-15,,20260106T061500Z-QE24M
C-14140-21,P-14140-A,A,LENGTH 163.35,length,163.35,163.425,163.275,mm,False,False,G-0188,5,31 pieces,in-process,163.34822,163.36859,163.32785,0.07465,E-0162,2021-03-15,,20260106T061500Z-QE24M
C-14140-25,P-14140-A,A,BORE 13.428,bore,13.428,13.443,13.413,mm,False,False,G-0015,5,31 pieces,in-process,13.42738,13.43244,13.42232,0.01854,E-0162,2021-03-15,,20260106T061500Z-QE24M
C-14159-01,P-14159-A,A,OD 34.025,diameter,34.025,34.035,34.015,mm,True,True,G-0107,5,18 pieces,in-process,34.02496,34.02791,34.02202,0.0108,E-0162,2021-03-15,,20260106T061500Z-QE24M
C-14159-18,P-14159-A,A,SURFACE FINISH Ra,surface finish Ra,0.0,3.2,,um,False,False,G-0230,5,18 pieces,in-process,1.79322,2.19197,1.39448,1.46142,E-0162,2021-03-15,,20260106T061500Z-QE24M
C-14159-23,P-14159-A,A,TRUE POSITION 4X,true position,0.0,0.1,,mm,False,False,G-0002,,,final,,,,,E-0162,2021-03-15,,20260106T061500Z-QE24M
C-14159-35,P-14159-A,A,OD 47.828,diameter,47.828,47.843,47.813,mm,False,False,G-0001,,,CMM,,,,,E-0162,2021-03-15,,20260106T061500Z-QE24M
C-14168-10,P-14168-B,B,OD 29.198,diameter,29.198,29.223,29.173,mm,True,True,G-0084,5,31 pieces,in-process,29.19738,29.2037,29.19106,0.02316,E-0162,2021-03-15,,20260106T061500Z-QE24M
C-14168-19,P-14168-B,B,OD 34.428,diameter,34.428,34.443,34.413,mm,False,False,G-0085,5,31 pieces,in-process,34.4259,34.43269,34.41911,0.02489,E-0162,2021-03-15,,20260106T061500Z-QE24M
C-14168-24,P-14168-B,B,THREAD PD 19.378,thread,19.378,19.408,19.348,mm,False,False,G-0228,,,final,,,,,E-0162,2021-03-15,,20260106T061500Z-QE24M
C-14168-34,P-14168-B,B,LENGTH 114.70,length,114.7,114.75,114.65,mm,False,False,G-0189,5,31 pieces,in-process,114.70021,114.71325,114.68716,0.04781,E-0162,2021-03-15,,20260106T061500Z-QE24M
C-14175-03,P-14175-A,A,OD 38.323,diameter,38.323,38.343,38.303,mm,True,True,G-0090,5,30 pieces,in-process,38.32243,38.32633,38.31852,0.01432,E-0162,2021-03-15,,20260106T061500Z-QE24M
C-14175-04,P-14175-A,A,TRUE POSITION 4X,true position,0.0,0.1,,mm,False,False,G-0001,,,CMM,,,,,E-0162,2021-03-15,,20260106T061500Z-QE24M
C-14175-10,P-14175-A,A,SURFACE FINISH Ra,surface finish Ra,0.0,0.8,,um,False,False,G-0231,5,30 pieces,in-process,0.51016,0.59547,0.42484,0.31269,E-0162,2021-03-15,,20260106T061500Z-QE24M
C-14175-23,P-14175-A,A,RUNOUT A-B,runout,0.0,0.03,0.0,mm,False,False,G-0251,5,30 pieces,in-process,0.00882,0.01495,0.00269,0.02246,E-0162,2021-03-15,,20260106T061500Z-QE24M
C-14196-28,P-14196-A,A,OD 33.992,diameter,33.992,34.002,33.982,mm,True,True,G-0108,5,48 pieces,in-process,33.99156,33.99405,33.98906,0.00915,E-0162,2021-03-15,,20260106T061500Z-QE24M
C-14196-31,P-14196-A,A,LENGTH 161.99,length,161.99,162.09,161.89,mm,False,False,G-0187,,,final,,,,,E-0162,2021-03-15,,20260106T061500Z-QE24M
C-14196-32,P-14196-A,A,TRUE POSITION 4X,true position,0.0,0.15,,mm,False,False,G-0001,,,final,,,,,E-0162,2021-03-15,,20260106T061500Z-QE24M
C-14196-39,P-14196-A,A,RUNOUT A-B,runout,0.0,0.03,0.0,mm,False,False,G-0248,5,48 pieces,in-process,0.00686,0.01117,0.00254,0.01582,E-0162,2021-03-15,,20260106T061500Z-QE24M
C-14212-17,P-14212-C,C,OD 25.609,diameter,25.609,25.629,25.589,mm,True,True,G-0091,5,30 pieces,in-process,25.60864,25.61336,25.60393,0.01729,E-0162,2021-03-15,,20260106T061500Z-QE24M
C-14212-23,P-14212-C,C,BORE 18.300,bore,18.3,18.325,18.275,mm,False,False,G-0025,5,30 pieces,in-process,18.30199,18.31094,18.29304,0.03281,E-0162,2021-03-15,,20260106T061500Z-QE24M
C-14212-28,P-14212-C,C,OD 42.060,diameter,42.06,42.085,42.035,mm,False,False,G-0093,5,30 pieces,in-process,42.06095,42.06738,42.05453,0.02354,E-0162,2021-03-15,,20260106T061500Z-QE24M
C-14212-39,P-14212-C,C,RUNOUT A-B,runout,0.0,0.05,0.0,mm,False,False,G-0002,,,CMM,,,,,E-0162,2021-03-15,,20260106T061500Z-QE24M
C-14225-08,P-14225-A,A,OD 52.022,diameter,52.022,52.032,52.012,mm,False,False,G-0115,5,37 pieces,in-process,52.02149,52.02444,52.01854,0.0108,E-0162,2021-03-15,,20260106T061500Z-QE24M
C-14225-36,P-14225-A,A,BORE 12.992,bore,12.992,13.007,12.977,mm,False,False,G-0014,5,37 pieces,in-process,12.99388,12.99838,12.98937,0.01651,E-0162,2021-03-15,,20260106T061500Z-QE24M
C-14225-37,P-14225-A,A,TRUE POSITION 4X,true position,0.0,0.1,,mm,False,False,G-0002,,,CMM,,,,,E-0162,2021-03-15,,20260106T061500Z-QE24M
C-14225-39,P-14225-A,A,SURFACE FINISH Ra,surface finish Ra,0.0,0.8,,um,False,False,G-0230,,,final,,,,,E-0162,2021-03-15,,20260106T061500Z-QE24M
C-14253-12,P-14253-B,B,OD 10.057,diameter,10.057,10.072,10.042,mm,False,False,G-0002,,,CMM,,,,,E-0162,2021-03-15,,20260106T061500Z-QE24M
C-14253-31,P-14253-B,B,TRUE POSITION 4X,true position,0.0,0.1,,mm,False,False,G-0001,,,CMM,,,,,E-0162,2021-03-15,,20260106T061500Z-QE24M
C-14253-35,P-14253-B,B,TRUE POSITION 4X,true position,0.0,0.1,,mm,False,False,G-0002,,,final,,,,,E-0162,2021-03-15,,20260106T061500Z-QE24M
C-14253-36,P-14253-B,B,HARDNESS HRC,hardness,41.0,43.0,39.0,HRC,False,False,G-0232,,,final,,,,,E-0162,2021-03-15,,20260106T061500Z-QE24M
C-14257-01,P-14257-A,A,OD 36.057,diameter,36.057,36.077,36.037,mm,False,False,G-0105,5,61 pieces,in-process,36.05501,36.06342,36.0466,0.03082,E-0162,2021-03-15,,20260106T061500Z-QE24M
C-14257-16,P-14257-A,A,LENGTH 102.34,length,102.34,102.39,102.29,mm,False,False,G-0194,5,61 pieces,in-process,102.33129,102.34687,102.3157,0.05712,E-0162,2021-03-15,,20260106T061500Z-QE24M
C-14257-20,P-14257-A,A,LENGTH 82.87,length,82.87,82.97,82.77,mm,False,False,G-0195,5,61 pieces,in-process,82.87483,82.91089,82.83877,0.13216,E-0162,2021-03-15,,20260106T061500Z-QE24M
C-14257-29,P-14257-A,A,OD 31.885,diameter,31.885,31.8975,31.8725,mm,False,False,G-0108,5,61 pieces,in-process,31.88588,31.88876,31.883,0.01055,E-0162,2021-03-15,,20260106T061500Z-QE24M
C-14275-03,P-14275-A,A,OD 6.446,diameter,6.446,6.456,6.436,mm,False,False,G-0055,5,42 pieces,in-process,6.44556,6.44862,6.4425,0.01122,E-0162,2021-03-15,,20260106T061500Z-QE24M
C-14275-09,P-14275-A,A,BORE 23.242,bore,23.242,23.262,23.222,mm,False,False,G-0022,5,42 pieces,in-process,23.24074,23.24546,23.23603,0.01728,E-0162,2021-03-15,,20260106T061500Z-QE24M
C-14275-11,P-14275-A,A,BORE 36.143,bore,36.143,36.1555,36.1305,mm,False,False,G-0029,5,42 pieces,in-process,36.13983,36.14424,36.13541,0.01618,E-0162,2021-03-15,,20260106T061500Z-QE24M
C-14275-14,P-14275-A,A,OD 46.943,diameter,46.943,46.963,46.923,mm,False,False,G-0105,5,42 pieces,in-process,46.94362,46.95208,46.93515,0.03102,E-0162,2021-03-15,,20260106T061500Z-QE24M
C-14292-08,P-14292-A,A,OD 18.525,diameter,18.525,18.5375,18.5125,mm,False,False,G-0001,,,CMM,,,,,E-0162,2021-03-15,,20260106T061500Z-QE24M
C-14292-20,P-14292-A,A,OD 36.367,diameter,36.367,36.387,36.347,mm,False,False,G-0093,5,30 pieces,in-process,36.36815,36.37299,36.36331,0.01773,E-0162,2021-03-15,,20260106T061500Z-QE24M
C-14292-30,P-14292-A,A,BORE 11.603,bore,11.603,11.628,11.578,mm,False,False,G-0001,,,CMM,,,,,E-0162,2021-03-15,,20260106T061500Z-QE24M
C-14292-35,P-14292-A,A,OD 37.935,diameter,37.935,37.945,37.925,mm,False,False,G-0095,,,final,,,,,E-0162,2021-03-15,,20260106T061500Z-QE24M
C-14300-10,P-14300-D,D,OD 26.324,diameter,26.324,26.3365,26.3115,mm,False,False,G-0105,5,30 pieces,in-process,26.32545,26.33005,26.32086,0.01684,E-0162,2021-03-15,,20260106T061500Z-QE24M
C-14300-29,P-14300-D,D,LENGTH 8.19,length,8.19,8.29,8.09,mm,False,False,G-0147,5,30 pieces,in-process,8.19461,8.22917,8.16004,0.12667,E-0162,2021-03-15,,20260106T061500Z-QE24M
C-14300-34,P-14300-D,D,LENGTH 116.57,length,116.57,116.645,116.495,mm,False,False,G-0188,5,30 pieces,in-process,116.57327,116.60859,116.53794,0.12947,E-0162,2021-03-15,,20260106T061500Z-QE24M
C-14300-35,P-14300-D,D,OD 55.254,diameter,55.254,55.269,55.239,mm,False,False,G-0002,,,CMM,,,,,E-0162,2021-03-15,,20260106T061500Z-QE24M
C-14328-08,P-14328-A,A,OD 19.981,diameter,19.981,19.991,19.971,mm,False,False,G-0030,5,31 pieces,in-process,19.97972,19.98318,19.97627,0.01266,E-0162,2021-03-15,,20260106T061500Z-QE24M
C-14328-20,P-14328-A,A,RUNOUT A-B,runout,0.0,0.05,0.0,mm,False,False,G-0240,5,31 pieces,in-process,0.02497,0.03676,0.01318,0.04321,E-0162,2021-03-15,,20260106T061500Z-QE24M
C-14328-27,P-14328-A,A,BORE 25.968,bore,25.968,25.9805,25.9555,mm,False,False,G-0022,5,31 pieces,in-process,25.96702,25.97077,25.96327,0.01374,E-0162,2021-03-15,,20260106T061500Z-QE24M
C-14328-36,P-14328-A,A,OD 20.106,diameter,20.106,20.131,20.081,mm,False,False,G-0033,5,31 pieces,in-process,20.1055,20.11135,20.09965,0.02144,E-0162,2021-03-15,,20260106T061500Z-QE24M
C-14350-04,P-14350-D,D,OD 33.483,diameter,33.483,33.508,33.458,mm,False,False,G-0068,5,47 pieces,in-process,33.48866,33.49716,33.48016,0.03116,E-0162,2021-03-15,,20260106T061500Z-QE24M
C-14350-13,P-14350-D,D,THREAD PD 5.314,thread,5.314,5.344,5.284,mm,False,False,G-0211,,,final,,,,,E-0162,2021-03-15,,20260106T061500Z-QE24M
C-14350-28,P-14350-D,D,THREAD PD 9.311,thread,9.311,9.341,9.281,mm,False,False,G-0212,,,final,,,,,E-0162,2021-03-15,,20260106T061500Z-QE24M
C-14350-35,P-14350-D,D,TRUE POSITION 4X,true position,0.0,0.15,,mm,False,False,G-0002,,,final,,,,,E-0162,2021-03-15,,20260106T061500Z-QE24M
C-14363-02,P-14363-A,A,OD 28.569,diameter,28.569,28.589,28.549,mm,False,False,G-0073,5,13 pieces,in-process,28.5665,28.57308,28.55992,0.02411,E-0162,2021-03-15,,20260106T061500Z-QE24M
C-14363-05,P-14363-A,A,OD 10.319,diameter,10.319,10.344,10.294,mm,False,False,G-0060,5,13 pieces,in-process,10.31759,10.32321,10.31196,0.02063,E-0162,2021-03-15,,20260106T061500Z-QE24M
C-14363-14,P-14363-A,A,LENGTH 44.78,length,44.78,44.83,44.73,mm,False,False,G-0169,,,final,,,,,E-0162,2021-03-15,,20260106T061500Z-QE24M
C-14363-32,P-14363-A,A,LENGTH 63.11,length,63.11,63.16,63.06,mm,False,False,G-0170,,,final,,,,,E-0162,2021-03-15,,20260106T061500Z-QE24M
C-14371-09,P-14371-D,D,OD 32.815,diameter,32.815,32.8275,32.8025,mm,False,False,G-0086,5,52 pieces,in-process,32.8125,32.81664,32.80837,0.01515,E-0162,2021-03-15,,20260106T061500Z-QE24M
C-14371-22,P-14371-D,D,FLATNESS,flatness,0.0,0.05,0.0,mm,False,False,G-0241,5,52 pieces,in-process,0.01665,0.0268,0.0065,0.03721,E-0162,2021-03-15,,20260106T061500Z-QE24M
C-14371-24,P-14371-D,D,LENGTH 91.32,length,91.32,91.42,91.22,mm,False,False,G-0195,5,52 pieces,in-process,91.32504,91.34933,91.30076,0.089,E-0162,2021-03-15,,20260106T061500Z-QE24M
C-14371-26,P-14371-D,D,RUNOUT A-B,runout,0.0,0.05,,mm,False,False,G-0001,,,CMM,,,,,E-0162,2021-03-15,,20260106T061500Z-QE24M
C-14384-04,P-14384-D,D,OD 47.023,diameter,47.023,47.0355,47.0105,mm,False,False,G-0091,5,30 pieces,in-process,47.02228,47.02501,47.01956,0.00999,E-0162,2021-03-15,,20260106T061500Z-QE24M
C-14384-05,P-14384-D,D,LENGTH 140.21,length,140.21,140.26,140.16,mm,False,False,G-0187,5,30 pieces,in-process,140.21096,140.23097,140.19094,0.07336,E-0162,2021-03-15,,20260106T061500Z-QE24M
C-14384-10,P-14384-D,D,RUNOUT A-B,runout,0.0,0.03,0.0,mm,False,False,G-0001,,,CMM,,,,,E-0162,2021-03-15,,20260106T061500Z-QE24M
C-14384-38,P-14384-D,D,BORE 33.880,bore,33.88,33.905,33.855,mm,False,False,G-0025,5,30 pieces,in-process,33.87977,33.88742,33.87211,0.02805,E-0162,2021-03-15,,20260106T061500Z-QE24M
C-14391-17,P-14391-C,C,OD 29.798,diameter,29.798,29.808,29.788,mm,False,False,G-0097,5,30 pieces,in-process,29.79824,29.80031,29.79617,0.00758,E-0162,2021-03-15,,20260106T061500Z-QE24M
C-14391-18,P-14391-C,C,RUNOUT A-B,runout,0.0,0.03,0.0,mm,False,False,G-0261,5,30 pieces,in-process,0.01089,0.01624,0.00553,0.01963,E-0162,2021-03-15,,20260106T061500Z-QE24M
C-14391-21,P-14391-C,C,TRUE POSITION 4X,true position,0.0,0.05,,mm,False,False,G-0002,,,CMM,,,,,E-0162,2021-03-15,,20260106T061500Z-QE24M
C-14391-38,P-14391-C,C,BORE 13.447,bore,13.447,13.4595,13.4345,mm,False,False,G-0014,5,30 pieces,in-process,13.44763,13.45133,13.44393,0.01357,E-0162,2021-03-15,,20260106T061500Z-QE24M
C-14401-16,P-14401-A,A,OD 39.178,diameter,39.178,39.1905,39.1655,mm,False,False,G-0081,5,58 pieces,in-process,39.17728,39.18048,39.17407,0.01175,E-0162,2021-03-15,,20260106T061500Z-QE24M
C-14401-32,P-14401-A,A,SURFACE FINISH Ra,surface finish Ra,0.0,0.8,,um,False,False,G-0230,5,58 pieces,in-process,0.44006,0.53863,0.3415,0.36125,E-0162,2021-03-15,,20260106T061500Z-QE24M
C-14401-35,P-14401-A,A,BORE 33.117,bore,33.117,33.142,33.092,mm,False,False,G-0002,,,CMM,,,,,E-0162,2021-03-15,,20260106T061500Z-QE24M
C-14401-37,P-14401-A,A,LENGTH 25.73,length,25.73,25.805,25.655,mm,False,False,G-0136,,,final,,,,,E-0162,2021-03-15,,20260106T061500Z-QE24M
C-14421-07,P-14421-C,C,OD 57.810,diameter,57.81,57.825,57.795,mm,False,False,G-0110,,,final,,,,,E-0162,2021-03-15,,20260106T061500Z-QE24M
C-14421-10,P-14421-C,C,OD 44.534,diameter,44.534,44.544,44.524,mm,False,False,G-0093,5,30 pieces,in-process,44.53224,44.53469,44.52978,0.00899,E-0162,2021-03-15,,20260106T061500Z-QE24M
C-14421-16,P-14421-C,C,LENGTH 22.14,length,22.14,22.19,22.09,mm,False,False,G-0155,,,final,,,,,E-0162,2021-03-15,,20260106T061500Z-QE24M
C-14421-28,P-14421-C,C,THREAD PD 11.119,thread,11.119,11.149,11.089,mm,False,False,G-0200,,,final,,,,,E-0162,2021-03-15,,20260106T061500Z-QE24M
C-14438-03,P-14438-A,A,OD 59.405,diameter,59.405,59.4175,59.3925,mm,False,False,G-0110,5,34 pieces,in-process,59.40391,59.40699,59.40082,0.0113,E-0162,2021-03-15,,20260106T061500Z-QE24M
C-14438-17,P-14438-A,A,RUNOUT A-B,runout,0.0,0.08,0.0,mm,False,False,G-0002,,,CMM,,,,,E-0162,2021-03-15,,20260106T061500Z-QE24M
C-14438-20,P-14438-A,A,BORE 16.027,bore,16.027,16.047,16.007,mm,False,False,G-0001,,,CMM,,,,,E-0162,2021-03-15,,20260106T061500Z-QE24M
C-14438-37,P-14438-A,A,OD 45.020,diameter,45.02,45.035,45.005,mm,False,False,G-0002,,,CMM,,,,,E-0162,2021-03-15,,20260106T061500Z-QE24M
C-14457-01,P-14457-C,C,OD 19.710,diameter,19.71,19.73,19.69,mm,False,False,G-0002,,,CMM,,,,,E-0162,2021-03-15,,20260106T061500Z-QE24M
C-14457-09,P-14457-C,C,TRUE POSITION 4X,true position,0.0,0.05,,mm,False,False,G-0001,,,CMM,,,,,E-0162,2021-03-15,,20260106T061500Z-QE24M
C-14457-21,P-14457-C,C,BORE 8.469,bore,8.469,8.494,8.444,mm,False,False,G-0002,,,CMM,,,,,E-0162,2021-03-15,,20260106T061500Z-QE24M
C-14457-37,P-14457-C,C,RUNOUT A-B,runout,0.0,0.08,,mm,False,False,G-0245,5,40 pieces,in-process,0.03762,0.05761,0.01764,0.07325,E-0162,2021-03-15,,20260106T061500Z-QE24M
C-14462-07,P-14462-A,A,OD 56.853,diameter,56.853,56.868,56.838,mm,False,False,G-0125,5,30 pieces,in-process,56.85262,56.85692,56.84831,0.01578,E-0162,2021-03-15,,20260106T061500Z-QE24M
C-14462-08,P-14462-A,A,TRUE POSITION 4X,true position,0.0,0.05,,mm,False,False,G-0002,,,CMM,,,,,E-0162,2021-03-15,,20260106T061500Z-QE24M
C-14462-10,P-14462-A,A,SURFACE FINISH Ra,surface finish Ra,0.0,3.2,,um,False,False,G-0230,,,final,,,,,E-0162,2021-03-15,,20260106T061500Z-QE24M
C-14462-24,P-14462-A,A,HARDNESS HRC,hardness,32.0,34.0,30.0,HRC,False,False,G-0232,,,final,,,,,E-0162,2021-03-15,,20260106T061500Z-QE24M
C-14473-07,P-14473-A,A,OD 20.419,diameter,20.419,20.439,20.399,mm,False,False,G-0037,5,32 pieces,in-process,20.41565,20.42165,20.40965,0.02199,E-0162,2021-03-15,,20260106T061500Z-QE24M
C-14473-10,P-14473-A,A,TRUE POSITION 4X,true position,0.0,0.15,,mm,False,False,G-0001,,,CMM,,,,,E-0162,2021-03-15,,20260106T061500Z-QE24M
C-14473-11,P-14473-A,A,BORE 29.238,bore,29.238,29.253,29.223,mm,False,False,G-0023,5,32 pieces,in-process,29.23833,29.24248,29.23419,0.0152,E-0162,2021-03-15,,20260106T061500Z-QE24M
C-14473-26,P-14473-A,A,BORE 22.638,bore,22.638,22.653,22.623,mm,False,False,G-0024,5,32 pieces,in-process,22.63737,22.64216,22.63258,0.01756,E-0162,2021-03-15,,20260106T061500Z-QE24M
C-14485-21,P-14485-A,A,OD 8.909,diameter,8.909,8.919,8.899,mm,False,False,G-0002,,,CMM,,,,,E-0162,2021-03-15,,20260106T061500Z-QE24M
C-14485-25,P-14485-A,A,BORE 9.340,bore,9.34,9.3525,9.3275,mm,False,False,G-0010,5,38 pieces,in-process,9.3406,9.34497,9.33623,0.01602,E-0162,2021-03-15,,20260106T061500Z-QE24M
C-14485-35,P-14485-A,A,BORE 25.527,bore,25.527,25.547,25.507,mm,False,False,G-0023,5,38 pieces,in-process,25.52262,25.5302,25.51504,0.0278,E-0162,2021-03-15,,20260106T061500Z-QE24M
C-14485-39,P-14485-A,A,LENGTH 45.23,length,45.23,45.28,45.18,mm,False,False,G-0184,,,final,,,,,E-0162,2021-03-15,,20260106T061500Z-QE24M
C-14499-10,P-14499-A,A,OD 57.354,diameter,57.354,57.3665,57.3415,mm,False,False,G-0112,5,38 pieces,in-process,57.35341,57.35666,57.35016,0.0119,E-0162,2021-03-15,,20260106T061500Z-QE24M
C-14499-11,P-14499-A,A,TRUE POSITION 4X,true position,0.0,0.15,,mm,False,False,G-0001,,,CMM,,,,,E-0162,2021-03-15,,20260106T061500Z-QE24M
C-14499-28,P-14499-A,A,FLATNESS,flatness,0.0,0.03,,mm,False,False,G-0002,,,CMM,,,,,E-0162,2021-03-15,,20260106T061500Z-QE24M
C-14499-39,P-14499-A,A,OD 34.321,diameter,34.321,34.336,34.306,mm,False,False,G-0001,,,CMM,,,,,E-0162,2021-03-15,,20260106T061500Z-QE24M
C-14521-02,P-14521-C,C,OD 31.720,diameter,31.72,31.7325,31.7075,mm,False,False,G-0104,5,85 pieces,in-process,31.71873,31.72296,31.7145,0.01551,E-0162,2021-03-15,,20260106T061500Z-QE24M
C-14521-12,P-14521-C,C,OD 20.031,diameter,20.031,20.056,20.006,mm,False,False,G-0050,5,85 pieces,in-process,20.03194,20.03674,20.02714,0.01759,E-0162,2021-03-15,,20260106T061500Z-QE24M
C-14521-20,P-14521-C,C,BORE 16.350,bore,16.35,16.365,16.335,mm,False,False,G-0017,5,85 pieces,in-process,16.35046,16.35522,16.34571,0.01744,E-0162,2021-03-15,,20260106T061500Z-QE24M
C-14521-23,P-14521-C,C,RUNOUT A-B,runout,0.0,0.05,0.0,mm,False,False,G-0243,5,85 pieces,in-process,0.01608,0.02416,0.008,0.02961,E-0162,2021-03-15,,20260106T061500Z-QE24M
C-14524-01,P-14524-A,A,OD 15.833,diameter,15.833,15.848,15.818,mm,False,False,G-0034,5,87 pieces,in-process,15.83334,15.84031,15.82637,0.02556,E-0162,2021-03-15,,20260106T061500Z-QE24M
C-14524-09,P-14524-A,A,LENGTH 135.13,length,135.13,135.23,135.03,mm,False,False,G-0187,,,final,,,,,E-0162,2021-03-15,,20260106T061500Z-QE24M
C-14524-20,P-14524-A,A,FLATNESS,flatness,0.0,0.02,,mm,False,False,G-0001,,,CMM,,,,,E-0162,2021-03-15,,20260106T061500Z-QE24M
C-14524-24,P-14524-A,A,BORE 30.742,bore,30.742,30.762,30.722,mm,False,False,G-0021,5,87 pieces,in-process,30.74445,30.74996,30.73894,0.0202,E-0162,2021-03-15,,20260106T061500Z-QE24M
C-14530-05,P-14530-A,A,OD 54.801,diameter,54.801,54.821,54.781,mm,False,False,G-0001,,,CMM,,,,,E-0162,2021-03-15,,20260106T061500Z-QE24M
C-14530-15,P-14530-A,A,SURFACE FINISH Ra,surface finish Ra,0.0,3.2,,um,False,False,G-0231,,,final,,,,,E-0162,2021-03-15,,20260106T061500Z-QE24M
C-14530-19,P-14530-A,A,BORE 24.847,bore,24.847,24.862,24.832,mm,False,False,G-0020,5,39 pieces,in-process,24.84496,24.84861,24.8413,0.01339,E-0162,2021-03-15,,20260106T061500Z-QE24M
C-14530-20,P-14530-A,A,OD 21.855,diameter,21.855,21.87,21.84,mm,False,False,G-0043,5,39 pieces,in-process,21.85668,21.86091,21.85245,0.0155,E-0162,2021-03-15,,20260106T061500Z-QE24M
C-14548-13,P-14548-D,D,OD 44.511,diameter,44.511,44.526,44.496,mm,False,False,G-0078,5,130 pieces,in-process,44.51301,44.51944,44.50659,0.02355,E-0162,2021-03-15,,20260106T061500Z-QE24M
C-14548-20,P-14548-D,D,TRUE POSITION 4X,true position,0.0,0.15,,mm,False,False,G-0002,,,final,,,,,E-0162,2021-03-15,,20260106T061500Z-QE24M
C-14548-21,P-14548-D,D,SURFACE FINISH Ra,surface finish Ra,0.0,1.6,,um,False,False,G-0230,,,final,,,,,E-0162,2021-03-15,,20260106T061500Z-QE24M
C-14548-22,P-14548-D,D,BORE 33.357,bore,33.357,33.377,33.337,mm,False,False,G-0021,5,130 pieces,in-process,33.35408,33.36001,33.34816,0.02171,E-0162,2021-03-15,,20260106T061500Z-QE24M
C-14566-04,P-14566-D,D,OD 44.258,diameter,44.258,44.268,44.248,mm,False,False,G-0001,,,CMM,,,,,E-0162,2021-03-15,,20260106T061500Z-QE24M
C-14566-31,P-14566-D,D,BORE 8.034,bore,8.034,8.054,8.014,mm,False,False,G-0012,5,30 pieces,in-process,8.0351,8.04149,8.02871,0.02341,E-0162,2021-03-15,,20260106T061500Z-QE24M
C-14566-32,P-14566-D,D,FLATNESS,flatness,0.0,0.02,0.0,mm,False,False,G-0001,,,CMM,,,,,E-0162,2021-03-15,,20260106T061500Z-QE24M
C-14566-34,P-14566-D,D,SURFACE FINISH Ra,surface finish Ra,0.0,0.8,,um,False,False,G-0231,,,final,,,,,E-0162,2021-03-15,,20260106T061500Z-QE24M
C-14574-17,P-14574-C,C,OD 17.048,diameter,17.048,17.063,17.033,mm,False,False,G-0060,5,30 pieces,in-process,17.05076,17.0553,17.04623,0.01662,E-0162,2021-03-15,,20260106T061500Z-QE24M
C-14574-24,P-14574-C,C,LENGTH 152.49,length,152.49,152.54,152.44,mm,False,False,G-0187,,,final,,,,,E-0162,2021-03-15,,20260106T061500Z-QE24M
C-14574-33,P-14574-C,C,LENGTH 65.74,length,65.74,65.84,65.64,mm,False,False,G-0146,,,final,,,,,E-0162,2021-03-15,,20260106T061500Z-QE24M
C-14574-39,P-14574-C,C,BORE 13.295,bore,13.295,13.3075,13.2825,mm,False,False,G-0017,5,30 pieces,in-process,13.29493,13.29951,13.29035,0.01678,E-0162,2021-03-15,,20260106T061500Z-QE24M
C-14587-08,P-14587-C,C,OD 28.125,diameter,28.125,28.145,28.105,mm,False,False,G-0002,,,CMM,,,,,E-0162,2021-03-15,,20260106T061500Z-QE24M
C-14587-13,P-14587-C,C,RUNOUT A-B,runout,0.0,0.08,0.0,mm,False,False,G-0253,5,73 pieces,in-process,0.02728,0.03932,0.01524,0.04413,E-0162,2021-03-15,,20260106T061500Z-QE24M
C-14587-21,P-14587-C,C,LENGTH 126.54,length,126.54,126.615,126.465,mm,False,False,G-0195,5,73 pieces,in-process,126.54485,126.56835,126.52134,0.08615,E-0162,2021-03-15,,20260106T061500Z-QE24M
C-14587-38,P-14587-C,C,BORE 9.522,bore,9.522,9.542,9.502,mm,False,False,G-0001,,,CMM,,,,,E-0162,2021-03-15,,20260106T061500Z-QE24M
C-14612-02,P-14612-C,C,OD 34.343,diameter,34.343,34.358,34.328,mm,False,False,G-0096,5,25 pieces,in-process,34.34398,34.34887,34.33908,0.01793,E-0162,2021-03-15,,20260106T061500Z-QE24M
C-14612-05,P-14612-C,C,BORE 26.232,bore,26.232,26.257,26.207,mm,False,False,G-0023,5,25 pieces,in-process,26.23113,26.23827,26.22398,0.02618,E-0162,2021-03-15,,20260106T061500Z-QE24M
C-14612-18,P-14612-C,C,HARDNESS HRC,hardness,40.0,42.0,38.0,HRC,False,False,G-0232,,,final,,,,,E-0162,2021-03-15,,20260106T061500Z-QE24M
C-14612-25,P-14612-C,C,RUNOUT A-B,runout,0.0,0.03,0.0,mm,False,False,G-0250,5,25 pieces,in-process,0.00434,0.00899,0.0,0.01702,E-0162,2021-03-15,,20260106T061500Z-QE24M
C-14629-03,P-14629-A,A,OD 11.870,diameter,11.87,11.8825,11.8575,mm,False,False,G-0049,5,31 pieces,in-process,11.87166,11.87622,11.8671,0.01671,E-0162,2021-03-15,,20260106T061500Z-QE24M
C-14629-28,P-14629-A,A,FLATNESS,flatness,0.0,0.05,,mm,False,False,G-0247,5,31 pieces,in-process,0.013,0.01996,0.00604,0.02551,E-0162,2021-03-15,,20260106T061500Z-QE24M
C-14629-34,P-14629-A,A,BORE 21.053,bore,21.053,21.068,21.038,mm,False,False,G-0023,,,final,,,,,E-0162,2021-03-15,,20260106T061500Z-QE24M
C-14629-39,P-14629-A,A,OD 29.814,diameter,29.814,29.829,29.799,mm,False,False,G-0001,,,CMM,,,,,E-0162,2021-03-15,,20260106T061500Z-QE24M
C-14656-12,P-14656-A,A,OD 39.107,diameter,39.107,39.1195,39.0945,mm,False,False,G-0103,5,67 pieces,in-process,39.10727,39.11098,39.10356,0.01359,E-0162,2021-03-15,,20260106T061500Z-QE24M
C-14656-20,P-14656-A,A,RUNOUT A-B,runout,0.0,0.03,,mm,False,False,G-0256,5,67 pieces,in-process,0.00951,0.01488,0.00413,0.01969,E-0162,2021-03-15,,20260106T061500Z-QE24M
C-14656-26,P-14656-A,A,LENGTH 125.37,length,125.37,125.42,125.32,mm,False,False,G-0188,5,67 pieces,in-process,125.36767,125.38083,125.3545,0.04826,E-0162,2021-03-15,,20260106T061500Z-QE24M
C-14656-33,P-14656-A,A,TRUE POSITION 4X,true position,0.0,0.1,,mm,False,False,G-0002,,,CMM,,,,,E-0162,2021-03-15,,20260106T061500Z-QE24M
C-14681-04,P-14681-B,B,OD 53.761,diameter,53.761,53.786,53.736,mm,False,False,G-0111,5,31 pieces,in-process,53.76008,53.76882,53.75134,0.03202,E-0162,2021-03-15,,20260106T061500Z-QE24M
C-14681-11,P-14681-B,B,HARDNESS HRC,hardness,33.0,35.0,31.0,HRC,False,False,G-0232,,,final,,,,,E-0162,2021-03-15,,20260106T061500Z-QE24M
C-14681-21,P-14681-B,B,OD 34.375,diameter,34.375,34.39,34.36,mm,False,False,G-0108,5,31 pieces,in-process,34.37721,34.38241,34.372,0.01906,E-0162,2021-03-15,,20260106T061500Z-QE24M
C-14681-25,P-14681-B,B,LENGTH 147.94,length,147.94,148.04,147.84,mm,False,False,G-0196,5,31 pieces,in-process,147.93097,147.9612,147.90073,0.11082,E-0162,2021-03-15,,20260106T061500Z-QE24M
C-14693-14,P-14693-A,A,OD 21.764,diameter,21.764,21.774,21.754,mm,False,False,G-0065,5,52 pieces,in-process,21.76236,21.76614,21.75859,0.01383,E-0162,2021-03-15,,20260106T061500Z-QE24M
C-14693-30,P-14693-A,A,TRUE POSITION 4X,true position,0.0,0.05,,mm,False,False,G-0001,,,CMM,,,,,E-0162,2021-03-15,,20260106T061500Z-QE24M
C-14693-31,P-14693-A,A,TRUE POSITION 4X,true position,0.0,0.1,,mm,False,False,G-0002,,,CMM,,,,,E-0162,2021-03-15,,20260106T061500Z-QE24M
C-14693-34,P-14693-A,A,SURFACE FINISH Ra,surface finish Ra,0.0,1.6,,um,False,False,G-0230,,,final,,,,,E-0162,2021-03-15,,20260106T061500Z-QE24M
C-14707-16,P-14707-A,A,OD 38.218,diameter,38.218,38.2305,38.2055,mm,False,False,G-0073,5,30 pieces,in-process,38.21939,38.22229,38.21649,0.01064,E-0162,2021-03-15,,20260106T061500Z-QE24M
C-14707-17,P-14707-A,A,OD 41.269,diameter,41.269,41.2815,41.2565,mm,False,False,G-0074,5,30 pieces,in-process,41.27055,41.275,41.2661,0.01632,E-0162,2021-03-15,,20260106T061500Z-QE24M
C-14707-25,P-14707-A,A,BORE 33.352,bore,33.352,33.377,33.327,mm,False,False,G-0002,,,CMM,,,,,E-0162,2021-03-15,,20260106T061500Z-QE24M
C-14707-38,P-14707-A,A,TRUE POSITION 4X,true position,0.0,0.05,,mm,False,False,G-0001,,,CMM,,,,,E-0162,2021-03-15,,20260106T061500Z-QE24M
C-14715-09,P-14715-D,D,OD 18.569,diameter,18.569,18.589,18.549,mm,False,False,G-0002,,,CMM,,,,,E-0162,2021-03-15,,20260106T061500Z-QE24M
C-14715-12,P-14715-D,D,RUNOUT A-B,runout,0.0,0.05,0.0,mm,False,False,G-0249,5,28 pieces,in-process,0.011,0.01856,0.00344,0.02772,E-0162,2021-03-15,,20260106T061500Z-QE24M
C-14715-14,P-14715-D,D,LENGTH 85.21,length,85.21,85.31,85.11,mm,False,False,G-0195,5,28 pieces,in-process,85.2134,85.2418,85.185,0.1041,E-0162,2021-03-15,,20260106T061500Z-QE24M
C-14715-15,P-14715-D,D,LENGTH 87.73,length,87.73,87.805,87.655,mm,False,False,G-0196,,,final,,,,,E-0162,2021-03-15,,20260106T061500Z-QE24M
C-14719-01,P-14719-A,A,OD 5.078,diameter,5.078,5.098,5.058,mm,False,False,G-0031,5,43 pieces,in-process,5.07529,5.08316,5.06742,0.02885,E-0162,2021-03-15,,20260106T061500Z-QE24M
C-14719-28,P-14719-A,A,RUNOUT A-B,runout,0.0,0.05,0.0,mm,False,False,G-0247,5,43 pieces,in-process,0.01368,0.02139,0.00598,0.02825,E-0162,2021-03-15,,20260106T061500Z-QE24M
C-14719-29,P-14719-A,A,FLATNESS,flatness,0.0,0.03,,mm,False,False,G-0248,5,43 pieces,in-process,0.01482,0.02201,0.00764,0.02634,E-0162,2021-03-15,,20260106T061500Z-QE24M
C-14719-32,P-14719-A,A,SURFACE FINISH Ra,surface finish Ra,0.0,3.2,,um,False,False,G-0230,5,43 pieces,in-process,1.74588,2.1537,1.33807,1.49466,E-0162,2021-03-15,,20260106T061500Z-QE24M
C-14746-12,P-14746-D,D,OD 36.896,diameter,36.896,36.916,36.876,mm,False,False,G-0088,5,42 pieces,in-process,36.89569,36.90258,36.88881,0.02523,E-0162,2021-03-15,,20260106T061500Z-QE24M
C-14746-23,P-14746-D,D,HARDNESS HRC,hardness,35.0,37.0,33.0,HRC,False,False,G-0232,,,final,,,,,E-0162,2021-03-15,,20260106T061500Z-QE24M
C-14746-35,P-14746-D,D,BORE 25.046,bore,25.046,25.066,25.026,mm,False,False,G-0001,,,CMM,,,,,E-0162,2021-03-15,,20260106T061500Z-QE24M
C-14746-38,P-14746-D,D,FLATNESS,flatness,0.0,0.02,0.0,mm,False,False,G-0002,,,CMM,,,,,E-0162,2021-03-15,,20260106T061500Z-QE24M
C-14762-24,P-14762-C,C,OD 29.900,diameter,29.9,29.9125,29.8875,mm,False,False,G-0071,,,final,,,,,E-0162,2021-03-15,,20260106T061500Z-QE24M
C-14762-26,P-14762-C,C,SURFACE FINISH Ra,surface finish Ra,0.0,3.2,,um,False,False,G-0231,,,final,,,,,E-0162,2021-03-15,,20260106T061500Z-QE24M
C-14762-32,P-14762-C,C,FLATNESS,flatness,0.0,0.03,,mm,False,False,G-0249,5,30 pieces,in-process,0.00937,0.01454,0.0042,0.01894,E-0162,2021-03-15,,20260106T061500Z-QE24M
C-14762-33,P-14762-C,C,HARDNESS HRC,hardness,31.0,33.0,29.0,HRC,False,False,G-0232,,,final,,,,,E-0162,2021-03-15,,20260106T061500Z-QE24M
C-14773-19,P-14773-A,A,OD 14.458,diameter,14.458,14.483,14.433,mm,False,False,G-0002,,,CMM,,,,,E-0162,2021-03-15,,20260106T061500Z-QE24M
C-14773-22,P-14773-A,A,SURFACE FINISH Ra,surface finish Ra,0.0,1.6,,um,False,False,G-0230,,,final,,,,,E-0162,2021-03-15,,20260106T061500Z-QE24M
C-14773-32,P-14773-A,A,HARDNESS HRC,hardness,40.0,42.0,38.0,HRC,False,False,G-0232,,,final,,,,,E-0162,2021-03-15,,20260106T061500Z-QE24M
C-14773-37,P-14773-A,A,LENGTH 148.43,length,148.43,148.53,148.33,mm,False,False,G-0196,5,33 pieces,in-process,148.44234,148.47181,148.41287,0.10801,E-0162,2021-03-15,,20260106T061500Z-QE24M
C-14795-10,P-14795-A,A,OD 15.738,diameter,15.738,15.7505,15.7255,mm,False,False,G-0059,5,60 pieces,in-process,15.73815,15.74227,15.73403,0.0151,E-0162,2021-03-15,,20260106T061500Z-QE24M
C-14795-22,P-14795-A,A,BORE 24.046,bore,24.046,24.071,24.021,mm,False,False,G-0020,5,60 pieces,in-process,24.04833,24.0555,24.04115,0.02629,E-0162,2021-03-15,,20260106T061500Z-QE24M
C-14795-29,P-14795-A,A,BORE 12.649,bore,12.649,12.6615,12.6365,mm,False,False,G-0015,5,60 pieces,in-process,12.64827,12.65199,12.64455,0.01363,E-0162,2021-03-15,,20260106T061500Z-QE24M
C-14795-34,P-14795-A,A,SURFACE FINISH Ra,surface finish Ra,0.0,3.2,,um,False,False,G-0230,,,final,,,,,E-0162,2021-03-15,,20260106T061500Z-QE24M
C-14808-07,P-14808-C,C,OD 11.411,diameter,11.411,11.4235,11.3985,mm,False,False,G-0042,5,30 pieces,in-process,11.41083,11.41537,11.4063,0.01664,E-0162,2021-03-15,,20260106T061500Z-QE24M
C-14808-21,P-14808-C,C,SURFACE FINISH Ra,surface finish Ra,0.0,1.6,,um,False,False,G-0231,,,final,,,,,E-0162,2021-03-15,,20260106T061500Z-QE24M
C-14808-26,P-14808-C,C,LENGTH 121.00,length,121.0,121.075,120.925,mm,False,False,G-0188,,,final,,,,,E-0162,2021-03-15,,20260106T061500Z-QE24M
C-14808-29,P-14808-C,C,BORE 31.361,bore,31.361,31.376,31.346,mm,False,False,G-0023,5,30 pieces,in-process,31.35943,31.36421,31.35466,0.01749,E-0162,2021-03-15,,20260106T061500Z-QE24M
C-14811-13,P-14811-C,C,OD 49.359,diameter,49.359,49.369,49.349,mm,False,False,G-0002,,,CMM,,,,,E-0162,2021-03-15,,20260106T061500Z-QE24M
C-14811-14,P-14811-C,C,OD 53.920,diameter,53.92,53.94,53.9,mm,False,False,G-0121,5,30 pieces,in-process,53.91671,53.9245,53.90892,0.02856,E-0162,2021-03-15,,20260106T061500Z-QE24M
C-14811-25,P-14811-C,C,HARDNESS HRC,hardness,30.0,32.0,28.0,HRC,False,False,G-0232,,,final,,,,,E-0162,2021-03-15,,20260106T061500Z-QE24M
C-14811-33,P-14811-C,C,FLATNESS,flatness,0.0,0.02,,mm,False,False,G-0233,,,final,,,,,E-0162,2021-03-15,,20260106T061500Z-QE24M
C-14819-14,P-14819-A,A,OD 7.376,diameter,7.376,7.396,7.356,mm,False,False,G-0047,5,48 pieces,in-process,7.37746,7.38307,7.37184,0.02057,E-0162,2021-03-15,,20260106T061500Z-QE24M
C-14819-19,P-14819-A,A,OD 13.651,diameter,13.651,13.6635,13.6385,mm,False,False,G-0001,,,CMM,,,,,E-0162,2021-03-15,,20260106T061500Z-QE24M
C-14819-25,P-14819-A,A,FLATNESS,flatness,0.0,0.03,,mm,False,False,G-0002,,,CMM,,,,,E-0162,2021-03-15,,20260106T061500Z-QE24M
C-14819-38,P-14819-A,A,BORE 34.700,bore,34.7,34.7125,34.6875,mm,False,False,G-0022,5,48 pieces,in-process,34.70076,34.70624,34.69527,0.02012,E-0162,2021-03-15,,20260106T061500Z-QE24M
C-14827-04,P-14827-C,C,OD 34.458,diameter,34.458,34.4705,34.4455,mm,False,False,G-0096,5,26 pieces,in-process,34.45795,34.46052,34.45537,0.00944,E-0162,2021-03-15,,20260106T061500Z-QE24M
C-14827-09,P-14827-C,C,BORE 15.419,bore,15.419,15.444,15.394,mm,False,False,G-0016,,,final,,,,,E-0162,2021-03-15,,20260106T061500Z-QE24M
C-14827-24,P-14827-C,C,RUNOUT A-B,runout,0.0,0.08,0.0,mm,False,False,G-0254,5,26 pieces,in-process,0.02703,0.0431,0.01096,0.05891,E-0162,2021-03-15,,20260106T061500Z-QE24M
C-14827-38,P-14827-C,C,RUNOUT A-B,runout,0.0,0.08,0.0,mm,False,False,G-0255,5,26 pieces,in-process,0.0221,0.04301,0.00119,0.07663,E-0162,2021-03-15,,20260106T061500Z-QE24M
C-14843-05,P-14843-C,C,OD 15.225,diameter,15.225,15.2375,15.2125,mm,False,False,G-0035,,,final,,,,,E-0162,2021-03-15,,20260106T061500Z-QE24M
C-14843-14,P-14843-C,C,LENGTH 43.41,length,43.41,43.46,43.36,mm,False,False,G-0168,5,20 pieces,in-process,43.40804,43.4202,43.39588,0.04457,E-0162,2021-03-15,,20260106T061500Z-QE24M
C-14843-22,P-14843-C,C,BORE 25.598,bore,25.598,25.6105,25.5855,mm,False,False,G-0021,5,20 pieces,in-process,25.59993,25.60394,25.59592,0.0147,E-0162,2021-03-15,,20260106T061500Z-QE24M
C-14843-34,P-14843-C,C,LENGTH 50.85,length,50.85,50.925,50.775,mm,False,False,G-0170,5,20 pieces,in-process,50.85291,50.87841,50.82742,0.09343,E-0162,2021-03-15,,20260106T061500Z-QE24M
C-14855-05,P-14855-D,D,OD 10.451,diameter,10.451,10.4635,10.4385,mm,False,False,G-0047,5,42 pieces,in-process,10.45411,10.45886,10.44936,0.01741,E-0162,2021-03-15,,20260106T061500Z-QE24M
C-14855-13,P-14855-D,D,HARDNESS HRC,hardness,39.0,41.0,37.0,HRC,False,False,G-0232,,,final,,,,,E-0162,2021-03-15,,20260106T061500Z-QE24M
C-14855-14,P-14855-D,D,OD 20.440,diameter,20.44,20.465,20.415,mm,False,False,G-0002,,,CMM,,,,,E-0162,2021-03-15,,20260106T061500Z-QE24M
C-14855-21,P-14855-D,D,FLATNESS,flatness,0.0,0.02,0.0,mm,False,False,G-0001,,,CMM,,,,,E-0162,2021-03-15,,20260106T061500Z-QE24M
C-14859-18,P-14859-A,A,OD 36.188,diameter,36.188,36.198,36.178,mm,False,False,G-0105,5,30 pieces,in-process,36.18818,36.1913,36.18506,0.01144,E-0162,2021-03-15,,20260106T061500Z-QE24M
C-14859-19,P-14859-A,A,SURFACE FINISH Ra,surface finish Ra,0.0,0.8,,um,False,False,G-0230,,,final,,,,,E-0162,2021-03-15,,20260106T061500Z-QE24M
C-14859-20,P-14859-A,A,LENGTH 65.98,length,65.98,66.08,65.88,mm,False,False,G-0161,5,30 pieces,in-process,65.98385,66.00637,65.96132,0.08255,E-0162,2021-03-15,,20260106T061500Z-QE24M
C-14859-36,P-14859-A,A,SURFACE FINISH Ra,surface finish Ra,0.0,0.8,,um,False,False,G-0230,,,final,,,,,E-0162,2021-03-15,,20260106T061500Z-QE24M
C-14869-01,P-14869-A,A,OD 5.866,diameter,5.866,5.891,5.841,mm,False,False,G-0037,5,74 pieces,in-process,5.86787,5.87401,5.86174,0.02248,E-0162,2021-03-15,,20260106T061500Z-QE24M
C-14869-28,P-14869-A,A,RUNOUT A-B,runout,0.0,0.03,,mm,False,False,G-0247,5,74 pieces,in-process,0.00416,0.00859,0.0,0.01623,E-0162,2021-03-15,,20260106T061500Z-QE24M
C-14869-31,P-14869-A,A,RUNOUT A-B,runout,0.0,0.03,0.0,mm,False,False,G-0248,5,74 pieces,in-process,0.01067,0.01725,0.00409,0.02412,E-0162,2021-03-15,,20260106T061500Z-QE24M
C-14869-38,P-14869-A,A,SURFACE FINISH Ra,surface finish Ra,0.0,3.2,,um,False,False,G-0230,,,final,,,,,E-0162,2021-03-15,,20260106T061500Z-QE24M
C-14872-12,P-14872-A,A,OD 35.620,diameter,35.62,35.6325,35.6075,mm,False,False,G-0067,5,30 pieces,in-process,35.61972,35.62286,35.61657,0.01153,E-0162,2021-03-15,,20260106T061500Z-QE24M
C-14872-28,P-14872-A,A,LENGTH 81.91,length,81.91,82.01,81.81,mm,False,False,G-0187,,,final,,,,,E-0162,2021-03-15,,20260106T061500Z-QE24M
C-14872-32,P-14872-A,A,SURFACE FINISH Ra,surface finish Ra,0.0,1.6,,um,False,False,G-0230,5,30 pieces,in-process,0.72524,0.911,0.53948,0.68082,E-0162,2021-03-15,,20260106T061500Z-QE24M
C-14872-38,P-14872-A,A,LENGTH 131.42,length,131.42,131.495,131.345,mm,False,False,G-0189,,,final,,,,,E-0162,2021-03-15,,20260106T061500Z-QE24M
C-14885-10,P-14885-D,D,OD 57.432,diameter,57.432,57.452,57.412,mm,False,False,G-0111,5,26 pieces,in-process,57.43112,57.43713,57.4251,0.02205,E-0162,2021-03-15,,20260106T061500Z-QE24M
C-14885-17,P-14885-D,D,THREAD PD 8.138,thread,8.138,8.168,8.108,mm,False,False,G-0206,,,final,,,,,E-0162,2021-03-15,,20260106T061500Z-QE24M
C-14885-29,P-14885-D,D,LENGTH 66.71,length,66.71,66.785,66.635,mm,False,False,G-0163,5,26 pieces,in-process,66.71082,66.73186,66.68977,0.07713,E-0162,2021-03-15,,20260106T061500Z-QE24M
C-14885-33,P-14885-D,D,FLATNESS,flatness,0.0,0.03,0.0,mm,False,False,G-0001,,,CMM,,,,,E-0162,2021-03-15,,20260106T061500Z-QE24M
C-14909-05,P-14909-A,A,OD 24.700,diameter,24.7,24.725,24.675,mm,False,False,G-0065,5,36 pieces,in-process,24.69832,24.70565,24.69098,0.02689,E-0162,2021-03-15,,20260106T061500Z-QE24M
C-14909-09,P-14909-A,A,LENGTH 21.27,length,21.27,21.32,21.22,mm,False,False,G-0150,5,36 pieces,in-process,21.26877,21.28659,21.25095,0.06531,E-0162,2021-03-15,,20260106T061500Z-QE24M
C-14909-33,P-14909-A,A,FLATNESS,flatness,0.0,0.05,0.0,mm,False,False,G-0258,5,36 pieces,in-process,0.01485,0.0236,0.00611,0.03204,E-0162,2021-03-15,,20260106T061500Z-QE24M
C-14909-39,P-14909-A,A,RUNOUT A-B,runout,0.0,0.08,0.0,mm,False,False,G-0259,5,36 pieces,in-process,0.03029,0.04838,0.01221,0.06629,E-0162,2021-03-15,,20260106T061500Z-QE24M
C-14918-14,P-14918-A,A,BORE 19.050,bore,19.05,19.075,19.025,mm,True,True,G-0008,5,53 pieces,in-process,19.04999,19.05517,19.04481,0.01898,E-0162,2021-03-15,,20260106T061500Z-QE24M
C-14918-23,P-14918-A,A,FLATNESS,flatness,0.0,0.02,0.0,mm,False,False,G-0260,5,53 pieces,in-process,0.00484,0.00966,1e-05,0.01769,E-0162,2021-03-15,,20260106T061500Z-QE24M
C-14918-36,P-14918-A,A,FLATNESS,flatness,0.0,0.03,0.0,mm,False,False,G-0001,,,CMM,,,,,E-0162,2021-03-15,,20260106T061500Z-QE24M
C-14918-38,P-14918-A,A,LENGTH 154.39,length,154.39,154.49,154.29,mm,False,False,G-0189,,,final,,,,,E-0162,2021-03-15,,20260106T061500Z-QE24M
C-14928-12,P-14928-A,A,BORE 19.050,bore,19.05,19.075,19.025,mm,True,True,G-0008,5,50 pieces,in-process,19.05134,19.05613,19.04655,0.01756,E-0162,2021-03-15,,20260106T061500Z-QE24M
C-14928-19,P-14928-A,A,FLATNESS,flatness,0.0,0.05,0.0,mm,False,False,G-0240,5,50 pieces,in-process,0.00991,0.01834,0.00148,0.03089,E-0162,2021-03-15,,20260106T061500Z-QE24M
C-14928-31,P-14928-A,A,OD 7.996,diameter,7.996,8.016,7.976,mm,False,False,G-0056,5,50 pieces,in-process,7.99667,8.00223,7.99111,0.02038,E-0162,2021-03-15,,20260106T061500Z-QE24M
C-14928-35,P-14928-A,A,TRUE POSITION 4X,true position,0.0,0.15,,mm,False,False,G-0002,,,CMM,,,,,E-0162,2021-03-15,,20260106T061500Z-QE24M
C-14952-04,P-14952-A,A,BORE 19.050,bore,19.05,19.075,19.025,mm,True,True,G-0008,5,45 pieces,in-process,19.04785,19.05314,19.04256,0.01939,E-0162,2021-03-15,,20260106T061500Z-QE24M
C-14952-20,P-14952-A,A,HARDNESS HRC,hardness,38.0,40.0,36.0,HRC,False,False,G-0232,,,final,,,,,E-0162,2021-03-15,,20260106T061500Z-QE24M
C-14952-36,P-14952-A,A,OD 33.674,diameter,33.674,33.689,33.659,mm,False,False,G-0070,5,45 pieces,in-process,33.66985,33.67512,33.66458,0.01932,E-0162,2021-03-15,,20260106T061500Z-QE24M
C-14952-37,P-14952-A,A,OD 15.247,diameter,15.247,15.267,15.227,mm,False,False,G-0045,5,45 pieces,in-process,15.24673,15.25051,15.24295,0.01386,E-0162,2021-03-15,,20260106T061500Z-QE24M
C-14966-17,P-14966-D,D,BORE 19.050,bore,19.05,19.075,19.025,mm,True,True,G-0008,5,45 pieces,in-process,19.04943,19.05446,19.04439,0.01846,E-0162,2021-03-15,,20260106T061500Z-QE24M
C-14966-19,P-14966-D,D,RUNOUT A-B,runout,0.0,0.08,0.0,mm,False,False,G-0236,5,45 pieces,in-process,0.02261,0.04529,0.0,0.08313,E-0162,2021-03-15,,20260106T061500Z-QE24M
C-14966-36,P-14966-D,D,LENGTH 84.96,length,84.96,85.06,84.86,mm,False,False,G-0188,5,45 pieces,in-process,84.95447,84.98651,84.92244,0.1174,E-0162,2021-03-15,,20260106T061500Z-QE24M
C-14966-38,P-14966-D,D,TRUE POSITION 4X,true position,0.0,0.15,,mm,False,False,G-0002,,,final,,,,,E-0162,2021-03-15,,20260106T061500Z-QE24M
C-14989-04,P-14989-D,D,BORE 19.050,bore,19.05,19.075,19.025,mm,True,True,G-0008,5,45 pieces,in-process,19.04988,19.05473,19.04504,0.01776,E-0162,2021-03-15,,20260106T061500Z-QE24M
C-14989-06,P-14989-D,D,THREAD PD 6.078,thread,6.078,6.108,6.048,mm,False,False,G-0214,,,final,,,,,E-0162,2021-03-15,,20260106T061500Z-QE24M
C-14989-15,P-14989-D,D,THREAD PD 10.149,thread,10.149,10.179,10.119,mm,False,False,G-0215,,,final,,,,,E-0162,2021-03-15,,20260106T061500Z-QE24M
C-14989-20,P-14989-D,D,OD 7.269,diameter,7.269,7.284,7.254,mm,False,False,G-0052,5,45 pieces,in-process,7.26968,7.2734,7.26596,0.01364,E-0162,2021-03-15,,20260106T061500Z-QE24M
C-14992-08,P-14992-A,A,BORE 19.050,bore,19.05,19.075,19.025,mm,True,True,G-0008,5,54 pieces,in-process,19.05038,19.05558,19.04519,0.01903,E-0162,2021-03-15,,20260106T061500Z-QE24M
C-14992-09,P-14992-A,A,HARDNESS HRC,hardness,39.0,41.0,37.0,HRC,False,False,G-0232,,,final,,,,,E-0162,2021-03-15,,20260106T061500Z-QE24M
C-14992-12,P-14992-A,A,FLATNESS,flatness,0.0,0.02,0.0,mm,False,False,G-0239,5,54 pieces,in-process,0.00733,0.01139,0.00327,0.01488,E-0162,2021-03-15,,20260106T061500Z-QE24M
C-14992-21,P-14992-A,A,RUNOUT A-B,runout,0.0,0.08,,mm,False,False,G-0002,,,CMM,,,,,E-0162,2021-03-15,,20260106T061500Z-QE24M
C-15009-24,P-15009-A,A,OD 54.139,diameter,54.139,54.159,54.119,mm,False,False,G-0002,,,CMM,,,,,E-0162,2021-03-15,,20260106T061500Z-QE24M
C-15009-30,P-15009-A,A,LENGTH 136.12,length,136.12,136.22,136.02,mm,False,False,G-0194,,,final,,,,,E-0162,2021-03-15,,20260106T061500Z-QE24M
C-15009-38,P-15009-A,A,LENGTH 12.68,length,12.68,12.755,12.605,mm,False,False,G-0131,,,final,,,,,E-0162,2021-03-15,,20260106T061500Z-QE24M
C-15009-39,P-15009-A,A,OD 47.405,diameter,47.405,47.415,47.395,mm,False,False,G-0001,,,CMM,,,,,E-0162,2021-03-15,,20260106T061500Z-QE24M
C-15035-03,P-15035-A,A,OD 47.798,diameter,47.798,47.818,47.778,mm,False,False,G-0090,5,15 pieces,in-process,47.8002,47.80623,47.79417,0.02209,E-0162,2021-03-15,,20260106T061500Z-QE24M
C-15035-07,P-15035-A,A,OD 48.156,diameter,48.156,48.181,48.131,mm,False,False,G-0091,5,15 pieces,in-process,48.15304,48.16171,48.14436,0.0318,E-0162,2021-03-15,,20260106T061500Z-QE24M
C-15035-15,P-15035-A,A,BORE 21.335,bore,21.335,21.36,21.31,mm,False,False,G-0021,,,final,,,,,E-0162,2021-03-15,,20260106T061500Z-QE24M
C-15035-37,P-15035-A,A,RUNOUT A-B,runout,0.0,0.03,0.0,mm,False,False,G-0001,,,CMM,,,,,E-0162,2021-03-15,,20260106T061500Z-QE24M
C-15057-08,P-15057-A,A,OD 32.474,diameter,32.474,32.489,32.459,mm,False,False,G-0072,,,final,,,,,E-0162,2021-03-15,,20260106T061500Z-QE24M
C-15057-10,P-15057-A,A,LENGTH 107.36,length,107.36,107.41,107.31,mm,False,False,G-0194,5,50 pieces,in-process,107.36659,107.38599,107.3472,0.0711,E-0162,2021-03-15,,20260106T061500Z-QE24M
C-15057-31,P-15057-A,A,SURFACE FINISH Ra,surface finish Ra,0.0,3.2,,um,False,False,G-0231,5,50 pieces,in-process,1.69456,2.00672,1.3824,1.14409,E-0162,2021-03-15,,20260106T061500Z-QE24M
C-15057-34,P-15057-A,A,LENGTH 65.45,length,65.45,65.5,65.4,mm,False,False,G-0168,,,final,,,,,E-0162,2021-03-15,,20260106T061500Z-QE24M
C-15083-06,P-15083-A,A,OD 53.512,diameter,53.512,53.527,53.497,mm,False,False,G-0002,,,CMM,,,,,E-0162,2021-03-15,,20260106T061500Z-QE24M
C-15083-17,P-15083-A,A,SURFACE FINISH Ra,surface finish Ra,0.0,0.8,,um,False,False,G-0230,5,30 pieces,in-process,0.32848,0.4229,0.23405,0.34607,E-0162,2021-03-15,,20260106T061500Z-QE24M
C-15083-31,P-15083-A,A,BORE 37.504,bore,37.504,37.524,37.484,mm,False,False,G-0029,,,final,,,,,E-0162,2021-03-15,,20260106T061500Z-QE24M
C-15083-33,P-15083-A,A,SURFACE FINISH Ra,surface finish Ra,0.0,1.6,,um,False,False,G-0230,,,final,,,,,E-0162,2021-03-15,,20260106T061500Z-QE24M
C-15099-04,P-15099-A,A,OD 37.204,diameter,37.204,37.2165,37.1915,mm,False,False,G-0108,5,52 pieces,in-process,37.20394,37.20637,37.2015,0.00892,E-0162,2021-03-15,,20260106T061500Z-QE24M
C-15099-24,P-15099-A,A,RUNOUT A-B,runout,0.0,0.08,0.0,mm,False,False,G-0237,5,52 pieces,in-process,0.01875,0.03744,6e-05,0.0685,E-0162,2021-03-15,,20260106T061500Z-QE24M
C-15099-30,P-15099-A,A,RUNOUT A-B,runout,0.0,0.03,0.0,mm,False,False,G-0002,,,CMM,,,,,E-0162,2021-03-15,,20260106T061500Z-QE24M
C-15099-36,P-15099-A,A,BORE 26.954,bore,26.954,26.9665,26.9415,mm,False,False,G-0020,5,52 pieces,in-process,26.95502,26.95917,26.95088,0.01518,E-0162,2021-03-15,,20260106T061500Z-QE24M
C-15123-12,P-15123-A,A,OD 36.428,diameter,36.428,36.443,36.413,mm,False,False,G-0104,5,23 pieces,in-process,36.4288,36.43302,36.42457,0.01547,E-0162,2021-03-15,,20260106T061500Z-QE24M
C-15123-19,P-15123-A,A,TRUE POSITION 4X,true position,0.0,0.15,,mm,False,False,G-0001,,,CMM,,,,,E-0162,2021-03-15,,20260106T061500Z-QE24M
C-15123-31,P-15123-A,A,HARDNESS HRC,hardness,35.0,37.0,33.0,HRC,False,False,G-0232,,,final,,,,,E-0162,2021-03-15,,20260106T061500Z-QE24M
C-15123-35,P-15123-A,A,TRUE POSITION 4X,true position,0.0,0.15,,mm,False,False,G-0001,,,CMM,,,,,E-0162,2021-03-15,,20260106T061500Z-QE24M
C-15133-12,P-15133-B,B,OD 54.179,diameter,54.179,54.194,54.164,mm,False,False,G-0113,5,30 pieces,in-process,54.17843,54.18371,54.17316,0.01932,E-0162,2021-03-15,,20260106T061500Z-QE24M
C-15133-21,P-15133-B,B,TRUE POSITION 4X,true position,0.0,0.05,,mm,False,False,G-0001,,,CMM,,,,,E-0162,2021-03-15,,20260106T061500Z-QE24M
C-15133-32,P-15133-B,B,BORE 31.014,bore,31.014,31.0265,31.0015,mm,False,False,G-0023,5,30 pieces,in-process,31.01303,31.01803,31.00802,0.01835,E-0162,2021-03-15,,20260106T061500Z-QE24M
C-15133-35,P-15133-B,B,TRUE POSITION 4X,true position,0.0,0.1,,mm,False,False,G-0001,,,CMM,,,,,E-0162,2021-03-15,,20260106T061500Z-QE24M
C-15142-01,P-15142-A,A,OD 29.311,diameter,29.311,29.3235,29.2985,mm,False,False,G-0108,,,final,,,,,E-0162,2021-03-15,,20260106T061500Z-QE24M
C-15142-08,P-15142-A,A,BORE 36.745,bore,36.745,36.77,36.72,mm,False,False,G-0002,,,CMM,,,,,E-0162,2021-03-15,,20260106T061500Z-QE24M
C-15142-14,P-15142-A,A,RUNOUT A-B,runout,0.0,0.08,0.0,mm,False,False,G-0001,,,CMM,,,,,E-0162,2021-03-15,,20260106T061500Z-QE24M
C-15142-29,P-15142-A,A,OD 28.158,diameter,28.158,28.178,28.138,mm,False,False,G-0002,,,CMM,,,,,E-0162,2021-03-15,,20260106T061500Z-QE24M
C-15156-01,P-15156-A,A,OD 58.486,diameter,58.486,58.4985,58.4735,mm,False,False,G-0121,5,31 pieces,in-process,58.48578,58.48987,58.48169,0.01498,E-0162,2021-03-15,,20260106T061500Z-QE24M
C-15156-02,P-15156-A,A,THREAD PD 5.610,thread,5.61,5.64,5.58,mm,False,False,G-0213,,,final,,,,,E-0162,2021-03-15,,20260106T061500Z-QE24M
C-15156-14,P-15156-A,A,HARDNESS HRC,hardness,38.0,40.0,36.0,HRC,False,False,G-0232,,,final,,,,,E-0162,2021-03-15,,20260106T061500Z-QE24M
C-15156-29,P-15156-A,A,THREAD PD 14.902,thread,14.902,14.932,14.872,mm,False,False,G-0215,,,final,,,,,E-0162,2021-03-15,,20260106T061500Z-QE24M
C-15181-04,P-15181-A,A,OD 8.410,diameter,8.41,8.4225,8.3975,mm,False,False,G-0002,,,CMM,,,,,E-0162,2021-03-15,,20260106T061500Z-QE24M
C-15181-17,P-15181-A,A,SURFACE FINISH Ra,surface finish Ra,0.0,3.2,,um,False,False,G-0230,,,final,,,,,E-0162,2021-03-15,,20260106T061500Z-QE24M
C-15181-27,P-15181-A,A,RUNOUT A-B,runout,0.0,0.08,,mm,False,False,G-0242,5,58 pieces,in-process,0.03042,0.04811,0.01272,0.06486,E-0162,2021-03-15,,20260106T061500Z-QE24M
C-15181-36,P-15181-A,A,SURFACE FINISH Ra,surface finish Ra,0.0,0.8,,um,False,False,G-0230,5,58 pieces,in-process,0.45984,0.55663,0.36304,0.35476,E-0162,2021-03-15,,20260106T061500Z-QE24M
C-15200-01,P-15200-C,C,OD 24.700,diameter,24.7,24.72,24.68,mm,False,False,G-0050,5,46 pieces,in-process,24.69966,24.70778,24.69154,0.02975,E-0162,2021-03-15,,20260106T061500Z-QE24M
C-15200-11,P-15200-C,C,TRUE POSITION 4X,true position,0.0,0.1,,mm,False,False,G-0002,,,final,,,,,E-0162,2021-03-15,,20260106T061500Z-QE24M
C-15200-13,P-15200-C,C,BORE 31.571,bore,31.571,31.586,31.556,mm,False,False,G-0001,,,CMM,,,,,E-0162,2021-03-15,,20260106T061500Z-QE24M
C-15200-28,P-15200-C,C,LENGTH 139.42,length,139.42,139.495,139.345,mm,False,False,G-0189,5,46 pieces,in-process,139.42032,139.44221,139.39843,0.08022,E-0162,2021-03-15,,20260106T061500Z-QE24M
C-15206-03,P-15206-A,A,OD 43.678,diameter,43.678,43.693,43.663,mm,False,False,G-0083,,,final,,,,,E-0162,2021-03-15,,20260106T061500Z-QE24M
C-15206-08,P-15206-A,A,BORE 16.628,bore,16.628,16.653,16.603,mm,False,False,G-0017,,,final,,,,,E-0162,2021-03-15,,20260106T061500Z-QE24M
C-15206-13,P-15206-A,A,SURFACE FINISH Ra,surface finish Ra,0.0,1.6,,um,False,False,G-0230,5,13 pieces,in-process,0.83875,1.03908,0.63841,0.73424,E-0162,2021-03-15,,20260106T061500Z-QE24M
C-15206-15,P-15206-A,A,OD 23.912,diameter,23.912,23.927,23.897,mm,False,False,G-0002,,,CMM,,,,,E-0162,2021-03-15,,20260106T061500Z-QE24M
C-15211-03,P-15211-C,C,OD 13.611,diameter,13.611,13.621,13.601,mm,False,False,G-0055,5,50 pieces,in-process,13.61147,13.61407,13.60887,0.00953,E-0162,2021-03-15,,20260106T061500Z-QE24M
C-15211-14,P-15211-C,C,OD 19.131,diameter,19.131,19.156,19.106,mm,True,True,G-0056,5,50 pieces,in-process,19.1283,19.13718,19.11942,0.03254,E-0162,2021-03-15,,20260106T061500Z-QE24M
C-15211-21,P-15211-C,C,BORE 34.022,bore,34.022,34.037,34.007,mm,False,False,G-0002,,,CMM,,,,,E-0162,2021-03-15,,20260106T061500Z-QE24M
C-15211-25,P-15211-C,C,BORE 13.368,bore,13.368,13.3805,13.3555,mm,False,False,G-0018,5,50 pieces,in-process,13.36868,13.37451,13.36286,0.02135,E-0162,2021-03-15,,20260106T061500Z-QE24M
C-15234-17,P-15234-A,A,OD 57.073,diameter,57.073,57.098,57.048,mm,False,False,G-0001,,,CMM,,,,,E-0162,2021-03-15,,20260106T061500Z-QE24M
C-15234-21,P-15234-A,A,LENGTH 104.61,length,104.61,104.685,104.535,mm,False,False,G-0187,5,30 pieces,in-process,104.61074,104.63523,104.58626,0.08975,E-0162,2021-03-15,,20260106T061500Z-QE24M
C-15234-22,P-15234-A,A,TRUE POSITION 4X,true position,0.0,0.15,,mm,False,False,G-0001,,,CMM,,,,,E-0162,2021-03-15,,20260106T061500Z-QE24M
C-15234-38,P-15234-A,A,SURFACE FINISH Ra,surface finish Ra,0.0,3.2,,um,False,False,G-0231,5,30 pieces,in-process,1.66416,2.05588,1.27243,1.43569,E-0162,2021-03-15,,20260106T061500Z-QE24M
C-15261-25,P-15261-A,A,OD 43.006,diameter,43.006,43.016,42.996,mm,False,False,G-0002,,,CMM,,,,,E-0162,2021-03-15,,20260106T061500Z-QE24M
C-15261-26,P-15261-A,A,OD 17.983,diameter,17.983,18.008,17.958,mm,False,False,G-0001,,,CMM,,,,,E-0162,2021-03-15,,20260106T061500Z-QE24M
C-15261-31,P-15261-A,A,LENGTH 127.66,length,127.66,127.71,127.61,mm,True,True,G-0195,5,30 pieces,in-process,127.6502,127.66842,127.63198,0.06677,E-0162,2021-03-15,,20260106T061500Z-QE24M
C-15261-33,P-15261-A,A,OD 27.755,diameter,27.755,27.77,27.74,mm,False,False,G-0084,5,30 pieces,in-process,27.75603,27.76128,27.75078,0.01923,E-0162,2021-03-15,,20260106T061500Z-QE24M
C-15270-16,P-15270-A,A,OD 18.157,diameter,18.157,18.177,18.137,mm,False,False,G-0036,5,45 pieces,in-process,18.15731,18.16404,18.15058,0.02468,E-0162,2021-03-15,,20260106T061500Z-QE24M
C-15270-23,P-15270-A,A,LENGTH 51.51,length,51.51,51.56,51.46,mm,False,False,G-0157,,,final,,,,,E-0162,2021-03-15,,20260106T061500Z-QE24M
C-15270-25,P-15270-A,A,RUNOUT A-B,runout,0.0,0.05,0.0,mm,False,False,G-0001,,,CMM,,,,,E-0162,2021-03-15,,20260106T061500Z-QE24M
C-15270-33,P-15270-A,A,OD 56.999,diameter,56.999,57.014,56.984,mm,False,False,G-0123,,,final,,,,,E-0162,2021-03-15,,20260106T061500Z-QE24M
C-15298-01,P-15298-A,A,OD 57.013,diameter,57.013,57.033,56.993,mm,False,False,G-0112,,,final,,,,,E-0162,2021-03-15,,20260106T061500Z-QE24M
C-15298-06,P-15298-A,A,SURFACE FINISH Ra,surface finish Ra,0.0,3.2,,um,False,False,G-0231,5,30 pieces,in-process,1.81117,2.18492,1.43743,1.36979,E-0162,2021-03-15,,20260106T061500Z-QE24M
C-15298-17,P-15298-A,A,FLATNESS,flatness,0.0,0.02,0.0,mm,False,False,G-0251,,,final,,,,,E-0162,2021-03-15,,20260106T061500Z-QE24M
C-15298-32,P-15298-A,A,LENGTH 178.85,length,178.85,178.95,178.75,mm,False,False,G-0189,,,final,,,,,E-0162,2021-03-15,,20260106T061500Z-QE24M
C-15324-10,P-15324-C,C,OD 49.343,diameter,49.343,49.358,49.328,mm,False,False,G-0092,,,final,,,,,E-0162,2021-03-15,,20260106T061500Z-QE24M
C-15324-24,P-15324-C,C,LENGTH 129.20,length,129.2,129.275,129.125,mm,False,False,G-0187,,,final,,,,,E-0162,2021-03-15,,20260106T061500Z-QE24M
C-15324-28,P-15324-C,C,BORE 29.074,bore,29.074,29.0865,29.0615,mm,False,False,G-0001,,,CMM,,,,,E-0162,2021-03-15,,20260106T061500Z-QE24M
C-15324-37,P-15324-C,C,BORE 24.030,bore,24.03,24.055,24.005,mm,False,False,G-0023,5,13 pieces,in-process,24.02997,24.03578,24.02415,0.02131,E-0162,2021-03-15,,20260106T061500Z-QE24M
C-15347-09,P-15347-C,C,OD 40.733,diameter,40.733,40.743,40.723,mm,False,False,G-0081,,,final,,,,,E-0162,2021-03-15,,20260106T061500Z-QE24M
C-15347-12,P-15347-C,C,SURFACE FINISH Ra,surface finish Ra,0.0,1.6,,um,False,False,G-0230,5,79 pieces,in-process,0.98319,1.16246,0.80393,0.65702,E-0162,2021-03-15,,20260106T061500Z-QE24M
C-15347-31,P-15347-C,C,LENGTH 17.02,length,17.02,17.07,16.97,mm,False,False,G-0157,,,final,,,,,E-0162,2021-03-15,,20260106T061500Z-QE24M
C-15347-34,P-15347-C,C,BORE 6.311,bore,6.311,6.331,6.291,mm,False,False,G-0011,5,79 pieces,in-process,6.31528,6.32272,6.30783,0.02729,E-0162,2021-03-15,,20260106T061500Z-QE24M
C-15362-05,P-15362-C,C,OD 11.599,diameter,11.599,11.6115,11.5865,mm,False,False,G-0032,5,31 pieces,in-process,11.59738,11.60066,11.59409,0.01203,E-0162,2021-03-15,,20260106T061500Z-QE24M
C-15362-07,P-15362-C,C,RUNOUT A-B,runout,0.0,0.08,0.0,mm,False,False,G-0248,5,31 pieces,in-process,0.02339,0.03888,0.00789,0.0568,E-0162,2021-03-15,,20260106T061500Z-QE24M
C-15362-20,P-15362-C,C,TRUE POSITION 4X,true position,0.0,0.05,,mm,False,False,G-0001,,,CMM,,,,,E-0162,2021-03-15,,20260106T061500Z-QE24M
C-15362-27,P-15362-C,C,OD 15.051,diameter,15.051,15.076,15.026,mm,False,False,G-0035,5,31 pieces,in-process,15.0513,15.05778,15.04482,0.02375,E-0162,2021-03-15,,20260106T061500Z-QE24M
C-15367-16,P-15367-A,A,OD 25.908,diameter,25.908,25.918,25.898,mm,False,False,G-0092,5,31 pieces,in-process,25.90953,25.91278,25.90628,0.01191,E-0162,2021-03-15,,20260106T061500Z-QE24M
C-15367-23,P-15367-A,A,THREAD PD 14.509,thread,14.509,14.539,14.479,mm,False,False,G-0220,,,final,,,,,E-0162,2021-03-15,,20260106T061500Z-QE24M
C-15367-29,P-15367-A,A,THREAD PD 8.420,thread,8.42,8.45,8.39,mm,False,False,G-0221,,,final,,,,,E-0162,2021-03-15,,20260106T061500Z-QE24M
C-15367-33,P-15367-A,A,THREAD PD 12.991,thread,12.991,13.021,12.961,mm,False,False,G-0222,,,final,,,,,E-0162,2021-03-15,,20260106T061500Z-QE24M
C-15372-01,P-15372-B,B,OD 39.986,diameter,39.986,40.011,39.961,mm,False,False,G-0084,5,20 pieces,in-process,39.98331,39.98989,39.97673,0.02411,E-0162,2021-03-15,,20260106T061500Z-QE24M
C-15372-05,P-15372-B,B,HARDNESS HRC,hardness,40.0,42.0,38.0,HRC,False,False,G-0232,,,final,,,,,E-0162,2021-03-15,,20260106T061500Z-QE24M
C-15372-06,P-15372-B,B,BORE 32.090,bore,32.09,32.115,32.065,mm,False,False,G-0022,5,20 pieces,in-process,32.0924,32.10108,32.08371,0.03183,E-0162,2021-03-15,,20260106T061500Z-QE24M
C-15372-39,P-15372-B,B,TRUE POSITION 4X,true position,0.0,0.05,,mm,False,False,G-0002,,,CMM,,,,,E-0162,2021-03-15,,20260106T061500Z-QE24M
C-15376-10,P-15376-A,A,OD 8.175,diameter,8.175,8.1875,8.1625,mm,False,False,G-0001,,,CMM,,,,,E-0162,2021-03-15,,20260106T061500Z-QE24M
C-15376-16,P-15376-A,A,BORE 28.903,bore,28.903,28.923,28.883,mm,False,False,G-0025,5,30 pieces,in-process,28.90182,28.90773,28.89591,0.02166,E-0162,2021-03-15,,20260106T061500Z-QE24M
C-15376-22,P-15376-A,A,LENGTH 85.73,length,85.73,85.83,85.63,mm,False,False,G-0188,,,final,,,,,E-0162,2021-03-15,,20260106T061500Z-QE24M
C-15376-29,P-15376-A,A,OD 51.686,diameter,51.686,51.706,51.666,mm,False,False,G-0117,5,30 pieces,in-process,51.68146,51.68636,51.67657,0.01794,E-0162,2021-03-15,,20260106T061500Z-QE24M
C-15382-05,P-15382-A,A,OD 15.537,diameter,15.537,15.5495,15.5245,mm,False,False,G-0064,5,30 pieces,in-process,15.53677,15.53972,15.53381,0.01083,E-0162,2021-03-15,,20260106T061500Z-QE24M
C-15382-10,P-15382-A,A,HARDNESS HRC,hardness,32.0,34.0,30.0,HRC,False,False,G-0232,,,final,,,,,E-0162,2021-03-15,,20260106T061500Z-QE24M
C-15382-12,P-15382-A,A,SURFACE FINISH Ra,surface finish Ra,0.0,0.8,,um,False,False,G-0230,5,30 pieces,in-process,0.38033,0.47829,0.28237,0.35902,E-0162,2021-03-15,,20260106T061500Z-QE24M
C-15382-36,P-15382-A,A,HARDNESS HRC,hardness,29.0,31.0,27.0,HRC,False,False,G-0232,,,final,,,,,E-0162,2021-03-15,,20260106T061500Z-QE24M
C-15401-02,P-15401-A,A,OD 27.814,diameter,27.814,27.8265,27.8015,mm,False,False,G-0072,,,final,,,,,E-0162,2021-03-15,,20260106T061500Z-QE24M
C-15401-22,P-15401-A,A,HARDNESS HRC,hardness,33.0,35.0,31.0,HRC,False,False,G-0232,,,final,,,,,E-0162,2021-03-15,,20260106T061500Z-QE24M
C-15401-26,P-15401-A,A,LENGTH 26.41,length,26.41,26.46,26.36,mm,False,False,G-0175,,,final,,,,,E-0162,2021-03-15,,20260106T061500Z-QE24M
C-15401-30,P-15401-A,A,THREAD PD 19.427,thread,19.427,19.457,19.397,mm,False,False,G-0220,,,final,,,,,E-0162,2021-03-15,,20260106T061500Z-QE24M
C-15419-06,P-15419-B,B,OD 24.414,diameter,24.414,24.434,24.394,mm,False,False,G-0035,5,44 pieces,in-process,24.41826,24.42391,24.41261,0.0207,E-0162,2021-03-15,,20260106T061500Z-QE24M
C-15419-10,P-15419-B,B,TRUE POSITION 4X,true position,0.0,0.05,,mm,False,False,G-0001,,,final,,,,,E-0162,2021-03-15,,20260106T061500Z-QE24M
C-15419-25,P-15419-B,B,OD 5.550,diameter,5.55,5.56,5.54,mm,False,False,G-0037,,,final,,,,,E-0162,2021-03-15,,20260106T061500Z-QE24M
C-15419-28,P-15419-B,B,LENGTH 50.77,length,50.77,50.845,50.695,mm,False,False,G-0182,5,44 pieces,in-process,50.76279,50.78512,50.74047,0.08182,E-0162,2021-03-15,,20260106T061500Z-QE24M
C-15438-02,P-15438-D,D,OD 42.709,diameter,42.709,42.724,42.694,mm,False,False,G-0073,5,30 pieces,in-process,42.70951,42.71431,42.70471,0.01759,E-0162,2021-03-15,,20260106T061500Z-QE24M
C-15438-21,P-15438-D,D,TRUE POSITION 4X,true position,0.0,0.15,,mm,False,False,G-0002,,,CMM,,,,,E-0162,2021-03-15,,20260106T061500Z-QE24M
C-15438-31,P-15438-D,D,OD 5.392,diameter,5.392,5.402,5.382,mm,False,False,G-0001,,,CMM,,,,,E-0162,2021-03-15,,20260106T061500Z-QE24M
C-15438-37,P-15438-D,D,BORE 21.044,bore,21.044,21.0565,21.0315,mm,False,False,G-0023,5,30 pieces,in-process,21.04381,21.0493,21.03831,0.02014,E-0162,2021-03-15,,20260106T061500Z-QE24M
C-15450-08,P-15450-B,B,OD 38.697,diameter,38.697,38.7095,38.6845,mm,False,False,G-0071,5,68 pieces,in-process,38.69556,38.69863,38.69248,0.01128,E-0162,2021-03-15,,20260106T061500Z-QE24M
C-15450-12,P-15450-B,B,LENGTH 174.87,length,174.87,174.945,174.795,mm,False,False,G-0187,,,final,,,,,E-0162,2021-03-15,,20260106T061500Z-QE24M
C-15450-13,P-15450-B,B,HARDNESS HRC,hardness,40.0,42.0,38.0,HRC,False,False,G-0232,,,final,,,,,E-0162,2021-03-15,,20260106T061500Z-QE24M
C-15450-19,P-15450-B,B,OD 8.547,diameter,8.547,8.562,8.532,mm,False,False,G-0002,,,CMM,,,,,E-0162,2021-03-15,,20260106T061500Z-QE24M
C-15468-02,P-15468-C,C,OD 55.484,diameter,55.484,55.504,55.464,mm,False,False,G-0001,,,CMM,,,,,E-0162,2021-03-15,,20260106T061500Z-QE24M
C-15468-16,P-15468-C,C,OD 50.861,diameter,50.861,50.871,50.851,mm,False,False,G-0113,5,74 pieces,in-process,50.86074,50.86357,50.85791,0.01037,E-0162,2021-03-15,,20260106T061500Z-QE24M
C-15468-22,P-15468-C,C,TRUE POSITION 4X,true position,0.0,0.05,,mm,False,False,G-0001,,,CMM,,,,,E-0162,2021-03-15,,20260106T061500Z-QE24M
C-15468-37,P-15468-C,C,OD 47.175,diameter,47.175,47.185,47.165,mm,False,False,G-0002,,,CMM,,,,,E-0162,2021-03-15,,20260106T061500Z-QE24M
C-15489-15,P-15489-A,A,OD 5.968,diameter,5.968,5.993,5.943,mm,False,False,G-0057,5,39 pieces,in-process,5.96762,5.97479,5.96044,0.02628,E-0162,2021-03-15,,20260106T061500Z-QE24M
C-15489-17,P-15489-A,A,FLATNESS,flatness,0.0,0.02,,mm,False,False,G-0001,,,CMM,,,,,E-0162,2021-03-15,,20260106T061500Z-QE24M
C-15489-30,P-15489-A,A,SURFACE FINISH Ra,surface finish Ra,0.0,3.2,,um,False,False,G-0231,5,39 pieces,in-process,1.85674,2.30158,1.4119,1.63035,E-0162,2021-03-15,,20260106T061500Z-QE24M
C-15489-35,P-15489-A,A,OD 35.841,diameter,35.841,35.861,35.821,mm,False,False,G-0089,5,39 pieces,in-process,35.83958,35.84794,35.83122,0.03063,E-0162,2021-03-15,,20260106T061500Z-QE24M
C-15511-01,P-15511-A,A,OD 54.167,diameter,54.167,54.177,54.157,mm,False,False,G-0002,,,CMM,,,,,E-0162,2021-03-15,,20260106T061500Z-QE24M
C-15511-12,P-15511-A,A,TRUE POSITION 4X,true position,0.0,0.1,,mm,False,False,G-0001,,,CMM,,,,,E-0162,2021-03-15,,20260106T061500Z-QE24M
C-15511-34,P-15511-A,A,SURFACE FINISH Ra,surface finish Ra,0.0,1.6,,um,False,False,G-0231,5,30 pieces,in-process,0.61116,0.76925,0.45307,0.57941,E-0162,2021-03-15,,20260106T061500Z-QE24M
C-15511-35,P-15511-A,A,LENGTH 156.84,length,156.84,156.915,156.765,mm,False,False,G-0196,,,final,,,,,E-0162,2021-03-15,,20260106T061500Z-QE24M
C-15524-01,P-15524-A,A,OD 35.235,diameter,35.235,35.245,35.225,mm,False,False,G-0073,5,31 pieces,in-process,35.23501,35.23779,35.23222,0.01022,E-0162,2021-03-15,,20260106T061500Z-QE24M
C-15524-08,P-15524-A,A,LENGTH 82.43,length,82.43,82.53,82.33,mm,False,False,G-0187,,,final,,,,,E-0162,2021-03-15,,20260106T061500Z-QE24M
C-15524-15,P-15524-A,A,THREAD PD 6.236,thread,6.236,6.266,6.206,mm,False,False,G-0210,,,final,,,,,E-0162,2021-03-15,,20260106T061500Z-QE24M
C-15524-24,P-15524-A,A,LENGTH 32.34,length,32.34,32.39,32.29,mm,False,False,G-0137,5,31 pieces,in-process,32.34184,32.35919,32.32449,0.06359,E-0162,2021-03-15,,20260106T061500Z-QE24M
C-15532-02,P-15532-C,C,OD 27.207,diameter,27.207,27.232,27.182,mm,False,False,G-0086,5,81 pieces,in-process,27.20693,27.21417,27.19969,0.02652,E-0162,2021-03-15,,20260106T061500Z-QE24M
C-15532-17,P-15532-C,C,RUNOUT A-B,runout,0.0,0.05,,mm,False,False,G-0002,,,CMM,,,,,E-0162,2021-03-15,,20260106T061500Z-QE24M
C-15532-24,P-15532-C,C,BORE 37.315,bore,37.315,37.33,37.3,mm,False,False,G-0028,5,81 pieces,in-process,37.31529,37.32032,37.31027,0.01841,E-0162,2021-03-15,,20260106T061500Z-QE24M
C-15532-28,P-15532-C,C,BORE 38.405,bore,38.405,38.425,38.385,mm,False,False,G-0029,5,81 pieces,in-process,38.40204,38.4095,38.39459,0.02732,E-0162,2021-03-15,,20260106T061500Z-QE24M
C-15552-05,P-15552-A,A,OD 29.843,diameter,29.843,29.863,29.823,mm,False,False,G-0097,5,45 pieces,in-process,29.84124,29.84707,29.83542,0.02134,E-0162,2021-03-15,,20260106T061500Z-QE24M
C-15552-08,P-15552-A,A,FLATNESS,flatness,0.0,0.02,,mm,False,False,G-0258,,,final,,,,,E-0162,2021-03-15,,20260106T061500Z-QE24M
C-15552-18,P-15552-A,A,BORE 16.840,bore,16.84,16.8525,16.8275,mm,False,False,G-0016,5,45 pieces,in-process,16.84234,16.84597,16.83871,0.01331,E-0162,2021-03-15,,20260106T061500Z-QE24M
C-15552-31,P-15552-A,A,BORE 19.709,bore,19.709,19.724,19.694,mm,False,False,G-0023,5,45 pieces,in-process,19.71149,19.71646,19.70652,0.01821,E-0162,2021-03-15,,20260106T061500Z-QE24M
C-15564-01,P-15564-A,A,OD 38.828,diameter,38.828,38.848,38.808,mm,False,False,G-0095,,,final,,,,,E-0162,2021-03-15,,20260106T061500Z-QE24M
C-15564-09,P-15564-A,A,LENGTH 155.15,length,155.15,155.2,155.1,mm,False,False,G-0187,,,final,,,,,E-0162,2021-03-15,,20260106T061500Z-QE24M
C-15564-31,P-15564-A,A,SURFACE FINISH Ra,surface finish Ra,0.0,0.8,,um,False,False,G-0230,,,final,,,,,E-0162,2021-03-15,,20260106T061500Z-QE24M
C-15564-37,P-15564-A,A,THREAD PD 8.594,thread,8.594,8.624,8.564,mm,False,False,G-0221,,,final,,,,,E-0162,2021-03-15,,20260106T061500Z-QE24M
C-15577-12,P-15577-C,C,OD 10.082,diameter,10.082,10.0945,10.0695,mm,False,False,G-0061,5,31 pieces,in-process,10.08104,10.0839,10.07817,0.0105,E-0162,2021-03-15,,20260106T061500Z-QE24M
C-15577-22,P-15577-C,C,OD 32.658,diameter,32.658,32.6705,32.6455,mm,False,False,G-0001,,,CMM,,,,,E-0162,2021-03-15,,20260106T061500Z-QE24M
C-15577-26,P-15577-C,C,SURFACE FINISH Ra,surface finish Ra,0.0,0.8,,um,False,False,G-0231,,,final,,,,,E-0162,2021-03-15,,20260106T061500Z-QE24M
C-15577-39,P-15577-C,C,HARDNESS HRC,hardness,42.0,44.0,40.0,HRC,False,False,G-0232,,,final,,,,,E-0162,2021-03-15,,20260106T061500Z-QE24M
C-15589-04,P-15589-C,C,OD 32.983,diameter,32.983,32.993,32.973,mm,False,False,G-0098,5,31 pieces,in-process,32.98392,32.98707,32.98077,0.01155,E-0162,2021-03-15,,20260106T061500Z-QE24M
C-15589-09,P-15589-C,C,RUNOUT A-B,runout,0.0,0.08,0.0,mm,False,False,G-0001,,,CMM,,,,,E-0162,2021-03-15,,20260106T061500Z-QE24M
C-15589-11,P-15589-C,C,LENGTH 114.14,length,114.14,114.24,114.04,mm,False,False,G-0195,5,31 pieces,in-process,114.14346,114.16486,114.12206,0.07844,E-0162,2021-03-15,,20260106T061500Z-QE24M
C-15589-21,P-15589-C,C,HARDNESS HRC,hardness,32.0,34.0,30.0,HRC,False,False,G-0232,,,final,,,,,E-0162,2021-03-15,,20260106T061500Z-QE24M
C-15615-03,P-15615-C,C,OD 52.800,diameter,52.8,52.81,52.79,mm,False,False,G-0121,5,41 pieces,in-process,52.80011,52.80211,52.79811,0.00732,E-0162,2021-03-15,,20260106T061500Z-QE24M
C-15615-05,P-15615-C,C,RUNOUT A-B,runout,0.0,0.08,0.0,mm,False,False,G-0249,,,final,,,,,E-0162,2021-03-15,,20260106T061500Z-QE24M
C-15615-14,P-15615-C,C,TRUE POSITION 4X,true position,0.0,0.15,,mm,False,False,G-0002,,,CMM,,,,,E-0162,2021-03-15,,20260106T061500Z-QE24M
C-15615-17,P-15615-C,C,HARDNESS HRC,hardness,40.0,42.0,38.0,HRC,False,False,G-0232,,,final,,,,,E-0162,2021-03-15,,20260106T061500Z-QE24M
C-15642-07,P-15642-A,A,OD 37.833,diameter,37.833,37.843,37.823,mm,False,False,G-0001,,,CMM,,,,,E-0162,2021-03-15,,20260106T061500Z-QE24M
C-15642-18,P-15642-A,A,OD 40.605,diameter,40.605,40.6175,40.5925,mm,False,False,G-0083,5,30 pieces,in-process,40.60564,40.60835,40.60294,0.00992,E-0162,2021-03-15,,20260106T061500Z-QE24M
C-15642-19,P-15642-A,A,HARDNESS HRC,hardness,29.0,31.0,27.0,HRC,False,False,G-0232,,,final,,,,,E-0162,2021-03-15,,20260106T061500Z-QE24M
C-15642-38,P-15642-A,A,OD 20.883,diameter,20.883,20.898,20.868,mm,False,False,G-0002,,,CMM,,,,,E-0162,2021-03-15,,20260106T061500Z-QE24M
C-15662-14,P-15662-A,A,OD 53.245,diameter,53.245,53.27,53.22,mm,False,False,G-0110,5,25 pieces,in-process,53.24891,53.25829,53.23953,0.03438,E-0162,2021-03-15,,20260106T061500Z-QE24M
C-15662-15,P-15662-A,A,TRUE POSITION 4X,true position,0.0,0.1,,mm,False,False,G-0002,,,final,,,,,E-0162,2021-03-15,,20260106T061500Z-QE24M
C-15662-18,P-15662-A,A,LENGTH 106.91,length,106.91,106.985,106.835,mm,False,False,G-0188,5,25 pieces,in-process,106.90816,106.92989,106.88642,0.07965,E-0162,2021-03-15,,20260106T061500Z-QE24M
C-15662-29,P-15662-A,A,OD 30.357,diameter,30.357,30.382,30.332,mm,False,False,G-0096,5,25 pieces,in-process,30.36036,30.36929,30.35144,0.03273,E-0162,2021-03-15,,20260106T061500Z-QE24M
C-15667-09,P-15667-C,C,OD 45.859,diameter,45.859,45.869,45.849,mm,False,False,G-0085,5,30 pieces,in-process,45.85859,45.86185,45.85533,0.01195,E-0162,2021-03-15,,20260106T061500Z-QE24M
C-15667-22,P-15667-C,C,LENGTH 23.05,length,23.05,23.125,22.975,mm,False,False,G-0176,5,30 pieces,in-process,23.04525,23.06858,23.02193,0.08548,E-0162,2021-03-15,,20260106T061500Z-QE24M
C-15667-28,P-15667-C,C,RUNOUT A-B,runout,0.0,0.05,0.0,mm,False,False,G-0254,5,30 pieces,in-process,0.01404,0.02104,0.00704,0.02564,E-0162,2021-03-15,,20260106T061500Z-QE24M
C-15667-35,P-15667-C,C,LENGTH 76.93,length,76.93,77.005,76.855,mm,False,False,G-0196,5,30 pieces,in-process,76.92172,76.94594,76.8975,0.08877,E-0162,2021-03-15,,20260106T061500Z-QE24M
C-15681-10,P-15681-A,A,OD 51.713,diameter,51.713,51.738,51.688,mm,False,False,G-0124,5,26 pieces,in-process,51.71557,51.72335,51.70779,0.02852,E-0162,2021-03-15,,20260106T061500Z-QE24M
C-15681-22,P-15681-A,A,RUNOUT A-B,runout,0.0,0.08,,mm,False,False,G-0001,,,CMM,,,,,E-0162,2021-03-15,,20260106T061500Z-QE24M
C-15681-28,P-15681-A,A,BORE 25.962,bore,25.962,25.977,25.947,mm,False,False,G-0025,,,final,,,,,E-0162,2021-03-15,,20260106T061500Z-QE24M
C-15681-35,P-15681-A,A,LENGTH 155.50,length,155.5,155.6,155.4,mm,False,False,G-0196,,,final,,,,,E-0162,2021-03-15,,20260106T061500Z-QE24M
C-15697-03,P-15697-A,A,OD 18.931,diameter,18.931,18.951,18.911,mm,False,False,G-0037,5,30 pieces,in-process,18.92714,18.93438,18.91991,0.02652,E-0162,2021-03-15,,20260106T061500Z-QE24M
C-15697-19,P-15697-A,A,RUNOUT A-B,runout,0.0,0.03,,mm,False,False,G-0253,5,30 pieces,in-process,0.00819,0.0152,0.00117,0.0257,E-0162,2021-03-15,,20260106T061500Z-QE24M
C-15697-23,P-15697-A,A,SURFACE FINISH Ra,surface finish Ra,0.0,1.6,,um,False,False,G-0231,,,final,,,,,E-0162,2021-03-15,,20260106T061500Z-QE24M
C-15697-39,P-15697-A,A,THREAD PD 11.924,thread,11.924,11.954,11.894,mm,False,False,G-0222,,,final,,,,,E-0162,2021-03-15,,20260106T061500Z-QE24M
C-15701-01,P-15701-A,A,OD 43.227,diameter,43.227,43.237,43.217,mm,False,False,G-0002,,,CMM,,,,,E-0162,2021-03-15,,20260106T061500Z-QE24M
C-15701-03,P-15701-A,A,TRUE POSITION 4X,true position,0.0,0.1,,mm,False,False,G-0001,,,final,,,,,E-0162,2021-03-15,,20260106T061500Z-QE24M
C-15701-17,P-15701-A,A,HARDNESS HRC,hardness,33.0,35.0,31.0,HRC,False,False,G-0232,,,final,,,,,E-0162,2021-03-15,,20260106T061500Z-QE24M
C-15701-20,P-15701-A,A,OD 48.669,diameter,48.669,48.684,48.654,mm,False,False,G-0068,5,69 pieces,in-process,48.66879,48.67458,48.66299,0.02124,E-0162,2021-03-15,,20260106T061500Z-QE24M
C-15723-04,P-15723-A,A,OD 21.222,diameter,21.222,21.237,21.207,mm,False,False,G-0039,5,57 pieces,in-process,21.22127,21.22541,21.21713,0.01517,E-0162,2021-03-15,,20260106T061500Z-QE24M
C-15723-12,P-15723-A,A,OD 5.442,diameter,5.442,5.462,5.422,mm,False,False,G-0001,,,CMM,,,,,E-0162,2021-03-15,,20260106T061500Z-QE24M
C-15723-21,P-15723-A,A,LENGTH 16.48,length,16.48,16.555,16.405,mm,False,False,G-0149,5,57 pieces,in-process,16.48773,16.5074,16.46807,0.07207,E-0162,2021-03-15,,20260106T061500Z-QE24M
C-15723-35,P-15723-A,A,BORE 14.400,bore,14.4,14.4125,14.3875,mm,False,False,G-0014,,,final,,,,,E-0162,2021-03-15,,20260106T061500Z-QE24M
C-15742-02,P-15742-C,C,OD 38.377,diameter,38.377,38.387,38.367,mm,False,False,G-0094,5,13 pieces,in-process,38.37681,38.37926,38.37435,0.009,E-0162,2021-03-15,,20260106T061500Z-QE24M
C-15742-12,P-15742-C,C,FLATNESS,flatness,0.0,0.05,,mm,False,False,G-0238,5,13 pieces,in-process,0.01863,0.02763,0.00963,0.03299,E-0162,2021-03-15,,20260106T061500Z-QE24M
C-15742-25,P-15742-C,C,RUNOUT A-B,runout,0.0,0.03,0.0,mm,False,False,G-0239,,,final,,,,,E-0162,2021-03-15,,20260106T061500Z-QE24M
C-15742-35,P-15742-C,C,HARDNESS HRC,hardness,30.0,32.0,28.0,HRC,False,False,G-0232,,,final,,,,,E-0162,2021-03-15,,20260106T061500Z-QE24M
C-15763-04,P-15763-A,A,OD 52.362,diameter,52.362,52.382,52.342,mm,False,False,G-0120,5,53 pieces,in-process,52.3655,52.37097,52.36002,0.02008,E-0162,2021-03-15,,20260106T061500Z-QE24M
C-15763-20,P-15763-A,A,BORE 18.450,bore,18.45,18.465,18.435,mm,False,False,G-0022,5,53 pieces,in-process,18.45165,18.45616,18.44714,0.01655,E-0162,2021-03-15,,20260106T061500Z-QE24M
C-15763-26,P-15763-A,A,BORE 37.508,bore,37.508,37.533,37.483,mm,False,False,G-0029,5,53 pieces,in-process,37.50628,37.51438,37.49818,0.02968,E-0162,2021-03-15,,20260106T061500Z-QE24M
C-15763-39,P-15763-A,A,THREAD PD 19.399,thread,19.399,19.429,19.369,mm,False,False,G-0204,,,final,,,,,E-0162,2021-03-15,,20260106T061500Z-QE24M
C-15789-11,P-15789-B,B,OD 50.300,diameter,50.3,50.32,50.28,mm,False,False,G-0115,5,40 pieces,in-process,50.30166,50.30905,50.29427,0.02708,E-0162,2021-03-15,,20260106T061500Z-QE24M
C-15789-17,P-15789-B,B,SURFACE FINISH Ra,surface finish Ra,0.0,1.6,,um,False,False,G-0230,,,final,,,,,E-0162,2021-03-15,,20260106T061500Z-QE24M
C-15789-28,P-15789-B,B,RUNOUT A-B,runout,0.0,0.05,,mm,False,False,G-0238,,,final,,,,,E-0162,2021-03-15,,20260106T061500Z-QE24M
C-15789-29,P-15789-B,B,OD 17.284,diameter,17.284,17.309,17.259,mm,False,False,G-0036,,,final,,,,,E-0162,2021-03-15,,20260106T061500Z-QE24M
C-15814-10,P-15814-B,B,OD 11.236,diameter,11.236,11.2485,11.2235,mm,False,False,G-0064,,,final,,,,,E-0162,2021-03-15,,20260106T061500Z-QE24M
C-15814-13,P-15814-B,B,SURFACE FINISH Ra,surface finish Ra,0.0,0.8,,um,False,False,G-0231,,,final,,,,,E-0162,2021-03-15,,20260106T061500Z-QE24M
C-15814-21,P-15814-B,B,LENGTH 83.16,length,83.16,83.235,83.085,mm,False,False,G-0188,5,120 pieces,in-process,83.1617,83.18442,83.13899,0.08325,E-0162,2021-03-15,,20260106T061500Z-QE24M
C-15814-31,P-15814-B,B,LENGTH 124.53,length,124.53,124.605,124.455,mm,False,False,G-0189,,,final,,,,,E-0162,2021-03-15,,20260106T061500Z-QE24M
C-15839-08,P-15839-B,B,OD 18.631,diameter,18.631,18.6435,18.6185,mm,False,False,G-0059,5,31 pieces,in-process,18.63233,18.63585,18.62882,0.01287,E-0162,2021-03-15,,20260106T061500Z-QE24M
C-15839-10,P-15839-B,B,RUNOUT A-B,runout,0.0,0.03,,mm,False,False,G-0257,5,31 pieces,in-process,0.0101,0.0183,0.00191,0.03004,E-0162,2021-03-15,,20260106T061500Z-QE24M
C-15839-16,P-15839-B,B,LENGTH 117.57,length,117.57,117.67,117.47,mm,False,False,G-0195,5,31 pieces,in-process,117.55743,117.58494,117.52991,0.10084,E-0162,2021-03-15,,20260106T061500Z-QE24M
C-15839-18,P-15839-B,B,FLATNESS,flatness,0.0,0.05,,mm,False,False,G-0259,5,31 pieces,in-process,0.01645,0.02844,0.00445,0.04396,E-0162,2021-03-15,,20260106T061500Z-QE24M
C-15861-09,P-15861-B,B,LENGTH 164.97,length,164.97,165.045,164.895,mm,False,False,G-0193,5,118 pieces,in-process,164.96693,164.99132,164.94253,0.08941,E-0162,2021-03-15,,20260106T061500Z-QE24M
C-15861-10,P-15861-B,B,OD 25.449,diameter,25.449,25.4615,25.4365,mm,False,False,G-0068,5,118 pieces,in-process,25.44716,25.45242,25.4419,0.01928,E-0162,2021-03-15,,20260106T061500Z-QE24M
C-15861-35,P-15861-B,B,BORE 30.724,bore,30.724,30.749,30.699,mm,False,False,G-0002,,,CMM,,,,,E-0162,2021-03-15,,20260106T061500Z-QE24M
C-15861-37,P-15861-B,B,OD 28.905,diameter,28.905,28.92,28.89,mm,False,False,G-0070,5,118 pieces,in-process,28.90432,28.90864,28.9,0.01583,E-0162,2021-03-15,,20260106T061500Z-QE24M
C-15885-12,P-15885-A,A,LENGTH 64.70,length,64.7,64.8,64.6,mm,False,False,G-0141,,,final,,,,,E-0162,2021-03-15,,20260106T061500Z-QE24M
C-15885-21,P-15885-A,A,RUNOUT A-B,runout,0.0,0.05,0.0,mm,False,False,G-0001,,,CMM,,,,,E-0162,2021-03-15,,20260106T061500Z-QE24M
C-15885-23,P-15885-A,A,SURFACE FINISH Ra,surface finish Ra,0.0,3.2,,um,False,False,G-0231,,,final,,,,,E-0162,2021-03-15,,20260106T061500Z-QE24M
C-15885-26,P-15885-A,A,OD 22.844,diameter,22.844,22.854,22.834,mm,False,False,G-0060,5,30 pieces,in-process,22.84417,22.84698,22.84137,0.01029,E-0162,2021-03-15,,20260106T061500Z-QE24M
C-15905-09,P-15905-D,D,LENGTH 22.80,length,22.8,22.875,22.725,mm,False,False,G-0161,5,30 pieces,in-process,22.80109,22.83093,22.77125,0.10937,E-0162,2021-03-15,,20260106T061500Z-QE24M
C-15905-13,P-15905-D,D,THREAD PD 7.987,thread,7.987,8.017,7.957,mm,False,False,G-0206,,,final,,,,,E-0162,2021-03-15,,20260106T061500Z-QE24M
C-15905-25,P-15905-D,D,OD 54.300,diameter,54.3,54.31,54.29,mm,False,False,G-0113,5,30 pieces,in-process,54.3002,54.3025,54.2979,0.00843,E-0162,2021-03-15,,20260106T061500Z-QE24M
C-15905-29,P-15905-D,D,RUNOUT A-B,runout,0.0,0.08,,mm,False,False,G-0241,5,30 pieces,in-process,0.01894,0.03842,0.0,0.07139,E-0162,2021-03-15,,20260106T061500Z-QE24M
C-15926-23,P-15926-A,A,LENGTH 65.79,length,65.79,65.89,65.69,mm,False,False,G-0128,5,30 pieces,in-process,65.79304,65.83064,65.75544,0.13781,E-0162,2021-03-15,,20260106T061500Z-QE24M
C-15926-24,P-15926-A,A,THREAD PD 11.857,thread,11.857,11.887,11.827,mm,False,False,G-0203,,,final,,,,,E-0162,2021-03-15,,20260106T061500Z-QE24M
C-15926-38,P-15926-A,A,BORE 38.264,bore,38.264,38.289,38.239,mm,False,False,G-0026,5,30 pieces,in-process,38.26072,38.27166,38.24977,0.0401,E-0162,2021-03-15,,20260106T061500Z-QE24M
C-15926-39,P-15926-A,A,RUNOUT A-B,runout,0.0,0.05,0.0,mm,False,False,G-0238,5,30 pieces,in-process,0.01383,0.02545,0.00222,0.04256,E-0162,2021-03-15,,20260106T061500Z-QE24M
C-15949-05,P-15949-A,A,LENGTH 155.68,length,155.68,155.755,155.605,mm,False,False,G-0193,,,final,,,,,E-0162,2021-03-15,,20260106T061500Z-QE24M
C-15949-28,P-15949-A,A,SURFACE FINISH Ra,surface finish Ra,0.0,0.8,,um,False,False,G-0230,,,final,,,,,E-0162,2021-03-15,,20260106T061500Z-QE24M
C-15949-35,P-15949-A,A,FLATNESS,flatness,0.0,0.03,0.0,mm,False,False,G-0248,5,52 pieces,in-process,0.00803,0.01242,0.00363,0.01611,E-0162,2021-03-15,,20260106T061500Z-QE24M
C-15949-36,P-15949-A,A,FLATNESS,flatness,0.0,0.03,,mm,False,False,G-0249,5,52 pieces,in-process,0.00946,0.01499,0.00393,0.02027,E-0162,2021-03-15,,20260106T061500Z-QE24M
C-15977-03,P-15977-A,A,LENGTH 35.62,length,35.62,35.72,35.52,mm,False,False,G-0185,,,final,,,,,E-0162,2021-03-15,,20260106T061500Z-QE24M
C-15977-11,P-15977-A,A,BORE 37.206,bore,37.206,37.2185,37.1935,mm,False,False,G-0001,,,CMM,,,,,E-0162,2021-03-15,,20260106T061500Z-QE24M
C-15977-33,P-15977-A,A,LENGTH 75.92,length,75.92,75.97,75.87,mm,False,False,G-0195,,,final,,,,,E-0162,2021-03-15,,20260106T061500Z-QE24M
C-15977-34,P-15977-A,A,TRUE POSITION 4X,true position,0.0,0.05,,mm,False,False,G-0001,,,CMM,,,,,E-0162,2021-03-15,,20260106T061500Z-QE24M
C-15986-12,P-15986-A,A,LENGTH 102.45,length,102.45,102.5,102.4,mm,False,False,G-0186,,,final,,,,,E-0162,2021-03-15,,20260106T061500Z-QE24M
C-15986-15,P-15986-A,A,LENGTH 129.60,length,129.6,129.7,129.5,mm,False,False,G-0187,5,35 pieces,in-process,129.60067,129.62037,129.58097,0.0722,E-0162,2021-03-15,,20260106T061500Z-QE24M
C-15986-26,P-15986-A,A,RUNOUT A-B,runout,0.0,0.08,0.0,mm,False,False,G-0237,5,35 pieces,in-process,0.02384,0.03464,0.01304,0.03957,E-0162,2021-03-15,,20260106T061500Z-QE24M
C-15986-30,P-15986-A,A,TRUE POSITION 4X,true position,0.0,0.1,,mm,False,False,G-0002,,,CMM,,,,,E-0162,2021-03-15,,20260106T061500Z-QE24M
C-16001-22,P-16001-D,D,LENGTH 82.07,length,82.07,82.145,81.995,mm,False,False,G-0193,5,47 pieces,in-process,82.06193,82.09194,82.03192,0.10999,E-0162,2021-03-15,,20260106T061500Z-QE24M
C-16001-25,P-16001-D,D,OD 37.568,diameter,37.568,37.578,37.558,mm,False,False,G-0001,,,CMM,,,,,E-0162,2021-03-15,,20260106T061500Z-QE24M
C-16001-28,P-16001-D,D,TRUE POSITION 4X,true position,0.0,0.15,,mm,False,False,G-0002,,,CMM,,,,,E-0162,2021-03-15,,20260106T061500Z-QE24M
C-16001-31,P-16001-D,D,RUNOUT A-B,runout,0.0,0.05,0.0,mm,False,False,G-0253,5,47 pieces,in-process,0.01087,0.02252,0.0,0.04269,E-0162,2021-03-15,,20260106T061500Z-QE24M
C-16016-04,P-16016-A,A,LENGTH 111.93,length,111.93,112.005,111.855,mm,False,False,G-0186,,,final,,,,,E-0162,2021-03-15,,20260106T061500Z-QE24M
C-16016-20,P-16016-A,A,OD 29.927,diameter,29.927,29.9395,29.9145,mm,False,False,G-0002,,,CMM,,,,,E-0162,2021-03-15,,20260106T061500Z-QE24M
C-16016-27,P-16016-A,A,OD 14.282,diameter,14.282,14.2945,14.2695,mm,False,False,G-0040,,,final,,,,,E-0162,2021-03-15,,20260106T061500Z-QE24M
C-16016-29,P-16016-A,A,OD 22.830,diameter,22.83,22.8425,22.8175,mm,False,False,G-0002,,,CMM,,,,,E-0162,2021-03-15,,20260106T061500Z-QE24M
C-16034-13,P-16034-D,D,LENGTH 11.11,length,11.11,11.16,11.06,mm,False,False,G-0164,,,final,,,,,E-0162,2021-03-15,,20260106T061500Z-QE24M
C-16034-16,P-16034-D,D,BORE 23.745,bore,23.745,23.76,23.73,mm,False,False,G-0002,,,CMM,,,,,E-0162,2021-03-15,,20260106T061500Z-QE24M
C-16034-19,P-16034-D,D,BORE 25.207,bore,25.207,25.227,25.187,mm,False,False,G-0024,5,51 pieces,in-process,25.20962,25.21747,25.20177,0.02876,E-0162,2021-03-15,,20260106T061500Z-QE24M
C-16034-33,P-16034-D,D,THREAD PD 10.423,thread,10.423,10.453,10.393,mm,False,False,G-0211,,,final,,,,,E-0162,2021-03-15,,20260106T061500Z-QE24M
C-16056-20,P-16056-D,D,LENGTH 131.78,length,131.78,131.88,131.68,mm,False,False,G-0186,,,final,,,,,E-0162,2021-03-15,,20260106T061500Z-QE24M
C-16056-22,P-16056-D,D,OD 4.969,diameter,4.969,4.9815,4.9565,mm,False,False,G-0031,,,final,,,,,E-0162,2021-03-15,,20260106T061500Z-QE24M
C-16056-24,P-16056-D,D,LENGTH 68.87,length,68.87,68.945,68.795,mm,False,False,G-0140,,,final,,,,,E-0162,2021-03-15,,20260106T061500Z-QE24M
C-16056-31,P-16056-D,D,TRUE POSITION 4X,true position,0.0,0.05,,mm,False,False,G-0002,,,final,,,,,E-0162,2021-03-15,,20260106T061500Z-QE24M
C-16080-14,P-16080-A,A,LENGTH 36.65,length,36.65,36.75,36.55,mm,False,False,G-0126,,,final,,,,,E-0162,2021-03-15,,20260106T061500Z-QE24M
C-16080-29,P-16080-A,A,TRUE POSITION 4X,true position,0.0,0.05,,mm,False,False,G-0002,,,CMM,,,,,E-0162,2021-03-15,,20260106T061500Z-QE24M
C-16080-37,P-16080-A,A,OD 59.919,diameter,59.919,59.939,59.899,mm,False,False,G-0114,,,final,,,,,E-0162,2021-03-15,,20260106T061500Z-QE24M
C-16080-38,P-16080-A,A,SURFACE FINISH Ra,surface finish Ra,0.0,0.8,,um,False,False,G-0231,5,21 pieces,in-process,0.38712,0.48583,0.2884,0.36178,E-0162,2021-03-15,,20260106T061500Z-QE24M
C-16107-02,P-16107-A,A,LENGTH 15.76,length,15.76,15.86,15.66,mm,False,False,G-0135,5,46 pieces,in-process,15.75139,15.78249,15.7203,0.11398,E-0162,2021-03-15,,20260106T061500Z-QE24M
C-16107-06,P-16107-A,A,BORE 33.953,bore,33.953,33.9655,33.9405,mm,False,False,G-0001,,,CMM,,,,,E-0162,2021-03-15,,20260106T061500Z-QE24M
C-16107-34,P-16107-A,A,TRUE POSITION 4X,true position,0.0,0.1,,mm,False,False,G-0002,,,final,,,,,E-0162,2021-03-15,,20260106T061500Z-QE24M
C-16107-35,P-16107-A,A,HARDNESS HRC,hardness,30.0,32.0,28.0,HRC,False,False,G-0232,,,final,,,,,E-0162,2021-03-15,,20260106T061500Z-QE24M
C-16128-02,P-16128-A,A,LENGTH 32.48,length,32.48,32.58,32.38,mm,False,False,G-0162,5,30 pieces,in-process,32.50368,32.55105,32.4563,0.17364,E-0162,2021-03-15,,20260106T061500Z-QE24M
C-16128-03,P-16128-A,A,LENGTH 80.64,length,80.64,80.69,80.59,mm,False,False,G-0187,,,final,,,,,E-0162,2021-03-15,,20260106T061500Z-QE24M
C-16128-05,P-16128-A,A,OD 27.233,diameter,27.233,27.248,27.218,mm,False,False,G-0001,,,CMM,,,,,E-0162,2021-03-15,,20260106T061500Z-QE24M
C-16128-36,P-16128-A,A,LENGTH 91.63,length,91.63,91.68,91.58,mm,False,False,G-0189,,,final,,,,,E-0162,2021-03-15,,20260106T061500Z-QE24M
C-16147-09,P-16147-A,A,LENGTH 66.61,length,66.61,66.685,66.535,mm,False,False,G-0175,,,final,,,,,E-0162,2021-03-15,,20260106T061500Z-QE24M
C-16147-15,P-16147-A,A,TRUE POSITION 4X,true position,0.0,0.1,,mm,False,False,G-0001,,,CMM,,,,,E-0162,2021-03-15,,20260106T061500Z-QE24M
C-16147-18,P-16147-A,A,OD 14.404,diameter,14.404,14.4165,14.3915,mm,False,False,G-0057,5,30 pieces,in-process,14.40452,14.40748,14.40155,0.01087,E-0162,2021-03-15,,20260106T061500Z-QE24M
C-16147-35,P-16147-A,A,OD 9.909,diameter,9.909,9.919,9.899,mm,False,False,G-0058,5,30 pieces,in-process,9.90887,9.91099,9.90676,0.00776,E-0162,2021-03-15,,20260106T061500Z-QE24M
C-16150-09,P-16150-B,B,LENGTH 83.39,length,83.39,83.49,83.29,mm,False,False,G-0186,,,final,,,,,E-0162,2021-03-15,,20260106T061500Z-QE24M
C-16150-10,P-16150-B,B,LENGTH 57.65,length,57.65,57.725,57.575,mm,False,False,G-0137,5,30 pieces,in-process,57.64711,57.67091,57.6233,0.08725,E-0162,2021-03-15,,20260106T061500Z-QE24M
C-16150-18,P-16150-B,B,FLATNESS,flatness,0.0,0.03,0.0,mm,False,False,G-0245,5,30 pieces,in-process,0.00709,0.01295,0.00123,0.02146,E-0162,2021-03-15,,20260106T061500Z-QE24M
C-16150-36,P-16150-B,B,FLATNESS,flatness,0.0,0.03,0.0,mm,False,False,G-0002,,,CMM,,,,,E-0162,2021-03-15,,20260106T061500Z-QE24M
C-16156-14,P-16156-A,A,LENGTH 117.45,length,117.45,117.5,117.4,mm,False,False,G-0186,,,final,,,,,E-0162,2021-03-15,,20260106T061500Z-QE24M
C-16156-21,P-16156-A,A,LENGTH 66.19,length,66.19,66.24,66.14,mm,False,False,G-0179,5,37 pieces,in-process,66.17987,66.19869,66.16104,0.06898,E-0162,2021-03-15,,20260106T061500Z-QE24M
C-16156-33,P-16156-A,A,RUNOUT A-B,runout,0.0,0.08,,mm,False,False,G-0001,,,CMM,,,,,E-0162,2021-03-15,,20260106T061500Z-QE24M
C-16156-35,P-16156-A,A,LENGTH 89.90,length,89.9,89.975,89.825,mm,False,False,G-0189,,,final,,,,,E-0162,2021-03-15,,20260106T061500Z-QE24M
C-16180-02,P-16180-A,A,OD 43.233,diameter,43.233,43.258,43.208,mm,False,False,G-0001,,,CMM,,,,,E-0162,2021-03-15,,20260106T061500Z-QE24M
C-16180-28,P-16180-A,A,SURFACE FINISH Ra,surface finish Ra,0.0,1.6,,um,False,False,G-0231,5,30 pieces,in-process,1.42126,1.49851,1.344,0.28315,E-0162,2021-03-15,,20260106T061500Z-QE24M
C-16180-32,P-16180-A,A,FLATNESS,flatness,0.0,0.03,,mm,False,False,G-0001,,,CMM,,,,,E-0162,2021-03-15,,20260106T061500Z-QE24M
C-16180-35,P-16180-A,A,FLATNESS,flatness,0.0,0.02,0.0,mm,False,False,G-0246,5,30 pieces,in-process,0.00761,0.01174,0.00347,0.01514,E-0162,2021-03-15,,20260106T061500Z-QE24M
C-16183-04,P-16183-C,C,OD 26.180,diameter,26.18,26.19,26.17,mm,False,False,G-0085,5,40 pieces,in-process,26.17876,26.18169,26.17583,0.01074,E-0162,2021-03-15,,20260106T061500Z-QE24M
C-16183-08,P-16183-C,C,OD 25.963,diameter,25.963,25.973,25.953,mm,False,False,G-0086,5,40 pieces,in-process,25.96245,25.96479,25.96011,0.00858,E-0162,2021-03-15,,20260106T061500Z-QE24M
C-16183-18,P-16183-C,C,HARDNESS HRC,hardness,38.0,40.0,36.0,HRC,False,False,G-0232,,,final,,,,,E-0162,2021-03-15,,20260106T061500Z-QE24M
C-16183-29,P-16183-C,C,RUNOUT A-B,runout,0.0,0.08,0.0,mm,False,False,G-0237,5,40 pieces,in-process,0.01414,0.02841,0.0,0.05228,E-0162,2021-03-15,,20260106T061500Z-QE24M
C-16209-15,P-16209-A,A,OD 45.573,diameter,45.573,45.588,45.558,mm,False,False,G-0095,5,56 pieces,in-process,45.57422,45.58038,45.56805,0.02261,E-0162,2021-03-15,,20260106T061500Z-QE24M
C-16209-17,P-16209-A,A,LENGTH 152.39,length,152.39,152.44,152.34,mm,False,False,G-0194,5,56 pieces,in-process,152.38759,152.40425,152.37094,0.06103,E-0162,2021-03-15,,20260106T061500Z-QE24M
C-16209-32,P-16209-A,A,THREAD PD 18.817,thread,18.817,18.847,18.787,mm,False,False,G-0205,,,final,,,,,E-0162,2021-03-15,,20260106T061500Z-QE24M
C-16209-35,P-16209-A,A,SURFACE FINISH Ra,surface finish Ra,0.0,0.8,,um,False,False,G-0230,5,56 pieces,in-process,0.42469,0.50551,0.34387,0.29621,E-0162,2021-03-15,,20260106T061500Z-QE24M
C-16219-07,P-16219-B,B,OD 5.481,diameter,5.481,5.501,5.461,mm,False,False,G-0055,5,38 pieces,in-process,5.48571,5.49241,5.47902,0.02454,E-0162,2021-03-15,,20260106T061500Z-QE24M
C-16219-11,P-16219-B,B,BORE 36.755,bore,36.755,36.77,36.74,mm,False,False,G-0028,5,38 pieces,in-process,36.75371,36.75838,36.74904,0.01713,E-0162,2021-03-15,,20260106T061500Z-QE24M
C-16219-23,P-16219-B,B,OD 24.103,diameter,24.103,24.1155,24.0905,mm,False,False,G-0002,,,CMM,,,,,E-0162,2021-03-15,,20260106T061500Z-QE24M
C-16219-24,P-16219-B,B,OD 44.577,diameter,44.577,44.597,44.557,mm,False,False,G-0082,5,38 pieces,in-process,44.5775,44.58133,44.57366,0.01406,E-0162,2021-03-15,,20260106T061500Z-QE24M
C-16229-13,P-16229-A,A,OD 36.619,diameter,36.619,36.639,36.599,mm,False,False,G-0106,5,85 pieces,in-process,36.61931,36.62617,36.61245,0.02514,E-0162,2021-03-15,,20260106T061500Z-QE24M
C-16229-16,P-16229-A,A,OD 25.300,diameter,25.3,25.325,25.275,mm,False,False,G-0107,5,85 pieces,in-process,25.29064,25.30264,25.27864,0.04399,E-0162,2021-03-15,,20260106T061500Z-QE24M
C-16229-28,P-16229-A,A,LENGTH 80.86,length,80.86,80.91,80.81,mm,False,False,G-0195,,,final,,,,,E-0162,2021-03-15,,20260106T061500Z-QE24M
C-16229-32,P-16229-A,A,SURFACE FINISH Ra,surface finish Ra,0.0,0.8,,um,False,False,G-0230,,,final,,,,,E-0162,2021-03-15,,20260106T061500Z-QE24M
C-16234-08,P-16234-A,A,OD 22.868,diameter,22.868,22.8805,22.8555,mm,False,False,G-0052,5,32 pieces,in-process,22.86798,22.87148,22.86449,0.01282,E-0162,2021-03-15,,20260106T061500Z-QE24M
C-16234-21,P-16234-A,A,LENGTH 131.81,length,131.81,131.86,131.76,mm,False,False,G-0187,5,32 pieces,in-process,131.80773,131.82874,131.78671,0.07702,E-0162,2021-03-15,,20260106T061500Z-QE24M
C-16234-35,P-16234-A,A,FLATNESS,flatness,0.0,0.02,,mm,False,False,G-0233,5,32 pieces,in-process,0.00645,0.01142,0.00149,0.01819,E-0162,2021-03-15,,20260106T061500Z-QE24M
C-16234-36,P-16234-A,A,SURFACE FINISH Ra,surface finish Ra,0.0,0.8,,um,False,False,G-0231,5,32 pieces,in-process,0.44783,0.54897,0.34668,0.37069,E-0162,2021-03-15,,20260106T061500Z-QE24M
C-16237-07,P-16237-A,A,OD 27.515,diameter,27.515,27.525,27.505,mm,False,False,G-0076,5,75 pieces,in-process,27.51396,27.51761,27.5103,0.0134,E-0162,2021-03-15,,20260106T061500Z-QE24M
C-16237-08,P-16237-A,A,LENGTH 26.30,length,26.3,26.35,26.25,mm,False,False,G-0146,5,75 pieces,in-process,26.29642,26.31318,26.27966,0.06143,E-0162,2021-03-15,,20260106T061500Z-QE24M
C-16237-13,P-16237-A,A,BORE 25.852,bore,25.852,25.877,25.827,mm,False,False,G-0023,5,75 pieces,in-process,25.85582,25.86457,25.84706,0.03209,E-0162,2021-03-15,,20260106T061500Z-QE24M
C-16237-33,P-16237-A,A,RUNOUT A-B,runout,0.0,0.05,0.0,mm,False,False,G-0255,5,75 pieces,in-process,0.01762,0.03064,0.00459,0.04774,E-0162,2021-03-15,,20260106T061500Z-QE24M
C-16263-06,P-16263-A,A,OD 32.918,diameter,32.918,32.933,32.903,mm,False,False,G-0086,5,52 pieces,in-process,32.92204,32.92739,32.91669,0.01961,E-0162,2021-03-15,,20260106T061500Z-QE24M
C-16263-22,P-16263-A,A,TRUE POSITION 4X,true position,0.0,0.15,,mm,False,False,G-0001,,,CMM,,,,,E-0162,2021-03-15,,20260106T061500Z-QE24M
C-16263-24,P-16263-A,A,OD 33.368,diameter,33.368,33.378,33.358,mm,False,False,G-0088,5,52 pieces,in-process,33.36777,33.37107,33.36447,0.01209,E-0162,2021-03-15,,20260106T061500Z-QE24M
C-16263-28,P-16263-A,A,OD 27.229,diameter,27.229,27.249,27.209,mm,False,False,G-0089,5,52 pieces,in-process,27.23071,27.23621,27.22521,0.02015,E-0162,2021-03-15,,20260106T061500Z-QE24M
C-16272-01,P-16272-A,A,OD 44.649,diameter,44.649,44.6615,44.6365,mm,False,False,G-0106,,,final,,,,,E-0162,2021-03-15,,20260106T061500Z-QE24M
C-16272-13,P-16272-A,A,OD 19.398,diameter,19.398,19.418,19.378,mm,False,False,G-0002,,,CMM,,,,,E-0162,2021-03-15,,20260106T061500Z-QE24M
C-16272-27,P-16272-A,A,LENGTH 99.97,length,99.97,100.045,99.895,mm,False,False,G-0188,,,final,,,,,E-0162,2021-03-15,,20260106T061500Z-QE24M
C-16272-33,P-16272-A,A,THREAD PD 16.633,thread,16.633,16.663,16.603,mm,False,False,G-0227,,,final,,,,,E-0162,2021-03-15,,20260106T061500Z-QE24M
C-16282-08,P-16282-A,A,OD 5.574,diameter,5.574,5.589,5.559,mm,False,False,G-0064,5,34 pieces,in-process,5.57402,5.57688,5.57115,0.0105,E-0162,2021-03-15,,20260106T061500Z-QE24M
C-16282-26,P-16282-A,A,SURFACE FINISH Ra,surface finish Ra,0.0,1.6,,um,False,False,G-0231,5,34 pieces,in-process,0.7274,0.9167,0.53809,0.69381,E-0162,2021-03-15,,20260106T061500Z-QE24M
C-16282-30,P-16282-A,A,OD 45.697,diameter,45.697,45.717,45.677,mm,False,False,G-0001,,,CMM,,,,,E-0162,2021-03-15,,20260106T061500Z-QE24M
C-16282-33,P-16282-A,A,BORE 38.023,bore,38.023,38.0355,38.0105,mm,True,True,G-0027,5,34 pieces,in-process,38.02403,38.02842,38.01964,0.01608,E-0162,2021-03-15,,20260106T061500Z-QE24M
C-16289-05,P-16289-C,C,OD 11.411,diameter,11.411,11.4235,11.3985,mm,False,False,G-0041,,,final,,,,,E-0162,2021-03-15,,20260106T061500Z-QE24M
C-16289-07,P-16289-C,C,RUNOUT A-B,runout,0.0,0.08,0.0,mm,False,False,G-0257,5,55 pieces,in-process,0.03061,0.04675,0.01447,0.05915,E-0162,2021-03-15,,20260106T061500Z-QE24M
C-16289-22,P-16289-C,C,RUNOUT A-B,runout,0.0,0.08,0.0,mm,False,False,G-0258,5,55 pieces,in-process,0.02541,0.0434,0.00742,0.06593,E-0162,2021-03-15,,20260106T061500Z-QE24M
C-16289-29,P-16289-C,C,THREAD PD 13.776,thread,13.776,13.806,13.746,mm,False,False,G-0226,,,final,,,,,E-0162,2021-03-15,,20260106T061500Z-QE24M
C-16312-10,P-16312-A,A,OD 49.583,diameter,49.583,49.608,49.558,mm,False,False,G-0001,,,CMM,,,,,E-0162,2021-03-15,,20260106T061500Z-QE24M
C-16312-23,P-16312-A,A,FLATNESS,flatness,0.0,0.02,,mm,False,False,G-0238,5,80 pieces,in-process,0.00771,0.0121,0.00332,0.01609,E-0162,2021-03-15,,20260106T061500Z-QE24M
C-16312-25,P-16312-A,A,TRUE POSITION 4X,true position,0.0,0.1,,mm,False,False,G-0001,,,CMM,,,,,E-0162,2021-03-15,,20260106T061500Z-QE24M
C-16312-30,P-16312-A,A,SURFACE FINISH Ra,surface finish Ra,0.0,0.8,,um,False,False,G-0231,5,80 pieces,in-process,0.43691,0.51171,0.36211,0.27415,E-0162,2021-03-15,,20260106T061500Z-QE24M
C-16316-09,P-16316-C,C,OD 35.520,diameter,35.52,35.535,35.505,mm,False,False,G-0070,5,130 pieces,in-process,35.52188,35.52649,35.51728,0.01688,E-0162,2021-03-15,,20260106T061500Z-QE24M
C-16316-12,P-16316-C,C,BORE 25.180,bore,25.18,25.195,25.165,mm,False,False,G-0002,,,CMM,,,,,E-0162,2021-03-15,,20260106T061500Z-QE24M
C-16316-14,P-16316-C,C,LENGTH 68.51,length,68.51,68.585,68.435,mm,False,False,G-0160,,,final,,,,,E-0162,2021-03-15,,20260106T061500Z-QE24M
C-16316-20,P-16316-C,C,TRUE POSITION 4X,true position,0.0,0.05,,mm,False,False,G-0002,,,CMM,,,,,E-0162,2021-03-15,,20260106T061500Z-QE24M
C-16335-04,P-16335-A,A,OD 45.839,diameter,45.839,45.8515,45.8265,mm,False,False,G-0074,5,20 pieces,in-process,45.84041,45.84425,45.83657,0.01409,E-0162,2021-03-15,,20260106T061500Z-QE24M
C-16335-10,P-16335-A,A,RUNOUT A-B,runout,0.0,0.05,,mm,False,False,G-0249,5,20 pieces,in-process,0.00758,0.01449,0.00066,0.02534,E-0162,2021-03-15,,20260106T061500Z-QE24M
C-16335-13,P-16335-A,A,BORE 20.079,bore,20.079,20.104,20.054,mm,False,False,G-0025,5,20 pieces,in-process,20.079,20.08581,20.07218,0.02497,E-0162,2021-03-15,,20260106T061500Z-QE24M
C-16335-17,P-16335-A,A,BORE 8.521,bore,8.521,8.541,8.501,mm,False,False,G-0012,5,20 pieces,in-process,8.52023,8.52566,8.51479,0.01993,E-0162,2021-03-15,,20260106T061500Z-QE24M
C-16348-16,P-16348-A,A,OD 49.443,diameter,49.443,49.453,49.433,mm,False,False,G-0079,5,26 pieces,in-process,49.44362,49.44575,49.44149,0.00779,E-0162,2021-03-15,,20260106T061500Z-QE24M
C-16348-31,P-16348-A,A,LENGTH 84.58,length,84.58,84.655,84.505,mm,False,False,G-0187,5,26 pieces,in-process,84.57013,84.59351,84.54676,0.08567,E-0162,2021-03-15,,20260106T061500Z-QE24M
C-16348-36,P-16348-A,A,OD 33.915,diameter,33.915,33.9275,33.9025,mm,False,False,G-0081,5,26 pieces,in-process,33.91517,33.91803,33.91232,0.01046,E-0162,2021-03-15,,20260106T061500Z-QE24M
C-16348-39,P-16348-A,A,LENGTH 18.95,length,18.95,19.05,18.85,mm,False,False,G-0145,5,26 pieces,in-process,18.93957,18.97306,18.90608,0.12274,E-0162,2021-03-15,,20260106T061500Z-QE24M
C-16352-01,P-16352-D,D,OD 39.820,diameter,39.82,39.8325,39.8075,mm,False,False,G-0107,5,50 pieces,in-process,39.81841,39.8225,39.81433,0.01496,E-0162,2021-03-15,,20260106T061500Z-QE24M
C-16352-03,P-16352-D,D,SURFACE FINISH Ra,surface finish Ra,0.0,0.8,,um,False,False,G-0231,,,final,,,,,E-0162,2021-03-15,,20260106T061500Z-QE24M
C-16352-10,P-16352-D,D,OD 23.145,diameter,23.145,23.17,23.12,mm,False,False,G-0001,,,CMM,,,,,E-0162,2021-03-15,,20260106T061500Z-QE24M
C-16352-19,P-16352-D,D,BORE 21.900,bore,21.9,21.92,21.88,mm,False,False,G-0025,5,50 pieces,in-process,21.90099,21.90843,21.89355,0.02727,E-0162,2021-03-15,,20260106T061500Z-QE24M
C-16366-11,P-16366-D,D,OD 35.110,diameter,35.11,35.13,35.09,mm,False,False,G-0001,,,CMM,,,,,E-0162,2021-03-15,,20260106T061500Z-QE24M
C-16366-16,P-16366-D,D,RUNOUT A-B,runout,0.0,0.05,,mm,False,False,G-0256,5,30 pieces,in-process,0.01361,0.0208,0.00642,0.02635,E-0162,2021-03-15,,20260106T061500Z-QE24M
C-16366-20,P-16366-D,D,RUNOUT A-B,runout,0.0,0.08,0.0,mm,False,False,G-0001,,,CMM,,,,,E-0162,2021-03-15,,20260106T061500Z-QE24M
C-16366-25,P-16366-D,D,SURFACE FINISH Ra,surface finish Ra,0.0,3.2,,um,False,False,G-0231,,,final,,,,,E-0162,2021-03-15,,20260106T061500Z-QE24M
C-16385-06,P-16385-A,A,OD 56.222,diameter,56.222,56.242,56.202,mm,False,False,G-0002,,,CMM,,,,,E-0162,2021-03-15,,20260106T061500Z-QE24M
C-16385-17,P-16385-A,A,RUNOUT A-B,runout,0.0,0.03,,mm,False,False,G-0001,,,CMM,,,,,E-0162,2021-03-15,,20260106T061500Z-QE24M
C-16385-19,P-16385-A,A,OD 55.305,diameter,55.305,55.32,55.29,mm,False,False,G-0124,5,30 pieces,in-process,55.30517,55.31123,55.29911,0.0222,E-0162,2021-03-15,,20260106T061500Z-QE24M
C-16385-23,P-16385-A,A,LENGTH 70.95,length,70.95,71.05,70.85,mm,False,False,G-0164,,,final,,,,,E-0162,2021-03-15,,20260106T061500Z-QE24M
C-16403-08,P-16403-B,B,OD 42.725,diameter,42.725,42.745,42.705,mm,False,False,G-0077,5,30 pieces,in-process,42.72699,42.73495,42.71903,0.02917,E-0162,2021-03-15,,20260106T061500Z-QE24M
C-16403-12,P-16403-B,B,RUNOUT A-B,runout,0.0,0.05,,mm,False,False,G-0001,,,CMM,,,,,E-0162,2021-03-15,,20260106T061500Z-QE24M
C-16403-21,P-16403-B,B,OD 32.668,diameter,32.668,32.688,32.648,mm,False,False,G-0002,,,CMM,,,,,E-0162,2021-03-15,,20260106T061500Z-QE24M
C-16403-27,P-16403-B,B,FLATNESS,flatness,0.0,0.02,,mm,False,False,G-0001,,,CMM,,,,,E-0162,2021-03-15,,20260106T061500Z-QE24M
C-16423-03,P-16423-C,C,OD 44.113,diameter,44.113,44.123,44.103,mm,False,False,G-0002,,,CMM,,,,,E-0162,2021-03-15,,20260106T061500Z-QE24M
C-16423-08,P-16423-C,C,RUNOUT A-B,runout,0.0,0.03,0.0,mm,False,False,G-0235,5,30 pieces,in-process,0.0095,0.01418,0.00482,0.01715,E-0162,2021-03-15,,20260106T061500Z-QE24M
C-16423-20,P-16423-C,C,TRUE POSITION 4X,true position,0.0,0.05,,mm,False,False,G-0002,,,CMM,,,,,E-0162,2021-03-15,,20260106T061500Z-QE24M
C-16423-38,P-16423-C,C,SURFACE FINISH Ra,surface finish Ra,0.0,0.8,,um,False,False,G-0230,,,final,,,,,E-0162,2021-03-15,,20260106T061500Z-QE24M
C-16451-15,P-16451-A,A,OD 9.881,diameter,9.881,9.896,9.866,mm,False,False,G-0059,5,75 pieces,in-process,9.88195,9.8874,9.8765,0.01997,E-0162,2021-03-15,,20260106T061500Z-QE24M
C-16451-24,P-16451-A,A,BORE 38.783,bore,38.783,38.808,38.758,mm,False,False,G-0001,,,CMM,,,,,E-0162,2021-03-15,,20260106T061500Z-QE24M
C-16451-25,P-16451-A,A,OD 5.902,diameter,5.902,5.9145,5.8895,mm,False,False,G-0061,5,75 pieces,in-process,5.90027,5.90312,5.89742,0.01045,E-0162,2021-03-15,,20260106T061500Z-QE24M
C-16451-38,P-16451-A,A,TRUE POSITION 4X,true position,0.0,0.05,,mm,False,False,G-0001,,,CMM,,,,,E-0162,2021-03-15,,20260106T061500Z-QE24M
C-16464-08,P-16464-B,B,OD 37.954,diameter,37.954,37.979,37.929,mm,False,False,G-0074,5,31 pieces,in-process,37.95828,37.96583,37.95074,0.02765,E-0162,2021-03-15,,20260106T061500Z-QE24M
C-16464-10,P-16464-B,B,LENGTH 20.50,length,20.5,20.6,20.4,mm,False,False,G-0175,,,final,,,,,E-0162,2021-03-15,,20260106T061500Z-QE24M
C-16464-31,P-16464-B,B,OD 9.061,diameter,9.061,9.071,9.051,mm,False,False,G-0001,,,CMM,,,,,E-0162,2021-03-15,,20260106T061500Z-QE24M
C-16464-37,P-16464-B,B,TRUE POSITION 4X,true position,0.0,0.15,,mm,False,False,G-0002,,,CMM,,,,,E-0162,2021-03-15,,20260106T061500Z-QE24M
C-16473-11,P-16473-D,D,OD 52.131,diameter,52.131,52.151,52.111,mm,False,False,G-0109,,,final,,,,,E-0162,2021-03-15,,20260106T061500Z-QE24M
C-16473-13,P-16473-D,D,BORE 38.899,bore,38.899,38.9115,38.8865,mm,False,False,G-0026,5,30 pieces,in-process,38.89897,38.90256,38.89539,0.01314,E-0162,2021-03-15,,20260106T061500Z-QE24M
C-16473-19,P-16473-D,D,OD 19.388,diameter,19.388,19.413,19.363,mm,False,False,G-0035,5,30 pieces,in-process,19.38931,19.39694,19.38168,0.02797,E-0162,2021-03-15,,20260106T061500Z-QE24M
C-16473-22,P-16473-D,D,BORE 15.978,bore,15.978,15.9905,15.9655,mm,False,False,G-0014,5,30 pieces,in-process,15.97842,15.98282,15.97402,0.01612,E-0162,2021-03-15,,20260106T061500Z-QE24M
C-16499-03,P-16499-A,A,OD 10.604,diameter,10.604,10.6165,10.5915,mm,False,False,G-0035,5,44 pieces,in-process,10.60372,10.60626,10.60119,0.00929,E-0162,2021-03-15,,20260106T061500Z-QE24M
C-16499-04,P-16499-A,A,LENGTH 160.26,length,160.26,160.36,160.16,mm,False,False,G-0194,,,final,,,,,E-0162,2021-03-15,,20260106T061500Z-QE24M
C-16499-08,P-16499-A,A,FLATNESS,flatness,0.0,0.03,0.0,mm,False,False,G-0258,,,final,,,,,E-0162,2021-03-15,,20260106T061500Z-QE24M
C-16499-22,P-16499-A,A,LENGTH 78.34,length,78.34,78.39,78.29,mm,False,False,G-0196,5,44 pieces,in-process,78.33714,78.35289,78.32139,0.05773,E-0162,2021-03-15,,20260106T061500Z-QE24M
C-16524-05,P-16524-A,A,LENGTH 80.50,length,80.5,80.6,80.4,mm,False,False,G-0186,,,final,,,,,E-0162,2021-03-15,,20260106T061500Z-QE24M
C-16524-11,P-16524-A,A,OD 42.534,diameter,42.534,42.554,42.514,mm,False,False,G-0108,5,56 pieces,in-process,42.53415,42.54049,42.5278,0.02325,E-0162,2021-03-15,,20260106T061500Z-QE24M
C-16524-26,P-16524-A,A,OD 37.937,diameter,37.937,37.952,37.922,mm,False,False,G-0066,5,56 pieces,in-process,37.93751,37.94117,37.93385,0.0134,E-0162,2021-03-15,,20260106T061500Z-QE24M
C-16524-30,P-16524-A,A,LENGTH 146.08,length,146.08,146.13,146.03,mm,False,False,G-0189,,,final,,,,,E-0162,2021-03-15,,20260106T061500Z-QE24M
C-16548-13,P-16548-D,D,LENGTH 109.67,length,109.67,109.77,109.57,mm,False,False,G-0186,,,final,,,,,E-0162,2021-03-15,,20260106T061500Z-QE24M
C-16548-22,P-16548-D,D,RUNOUT A-B,runout,0.0,0.03,0.0,mm,True,True,G-0240,5,71 pieces,in-process,0.01018,0.01492,0.00544,0.01737,E-0162,2021-03-15,,20260106T061500Z-QE24M
C-16548-23,P-16548-D,D,LENGTH 115.67,length,115.67,115.745,115.595,mm,False,False,G-0188,5,71 pieces,in-process,115.67528,115.69277,115.65778,0.06412,E-0162,2021-03-15,,20260106T061500Z-QE24M
C-16548-26,P-16548-D,D,BORE 26.044,bore,26.044,26.069,26.019,mm,False,False,G-0023,5,71 pieces,in-process,26.04311,26.05317,26.03305,0.03686,E-0162,2021-03-15,,20260106T061500Z-QE24M
C-16567-05,P-16567-A,A,LENGTH 18.36,length,18.36,18.46,18.26,mm,False,False,G-0175,,,final,,,,,E-0162,2021-03-15,,20260106T061500Z-QE24M
C-16567-07,P-16567-A,A,RUNOUT A-B,runout,0.0,0.03,0.0,mm,False,False,G-0253,5,116 pieces,in-process,0.00691,0.01227,0.00155,0.01964,E-0162,2021-03-15,,20260106T061500Z-QE24M
C-16567-16,P-16567-A,A,TRUE POSITION 4X,true position,0.0,0.1,,mm,False,False,G-0002,,,CMM,,,,,E-0162,2021-03-15,,20260106T061500Z-QE24M
C-16567-20,P-16567-A,A,SURFACE FINISH Ra,surface finish Ra,0.0,0.8,,um,False,False,G-0230,,,final,,,,,E-0162,2021-03-15,,20260106T061500Z-QE24M
C-16571-03,P-16571-D,D,LENGTH 117.17,length,117.17,117.27,117.07,mm,False,False,G-0193,,,final,,,,,E-0162,2021-03-15,,20260106T061500Z-QE24M
C-16571-04,P-16571-D,D,LENGTH 178.13,length,178.13,178.205,178.055,mm,False,False,G-0194,5,33 pieces,in-process,178.13172,178.16432,178.09912,0.11948,E-0162,2021-03-15,,20260106T061500Z-QE24M
C-16571-15,P-16571-D,D,THREAD PD 19.624,thread,19.624,19.654,19.594,mm,False,False,G-0219,,,final,,,,,E-0162,2021-03-15,,20260106T061500Z-QE24M
C-16571-18,P-16571-D,D,TRUE POSITION 4X,true position,0.0,0.15,,mm,False,False,G-0001,,,CMM,,,,,E-0162,2021-03-15,,20260106T061500Z-QE24M
C-16596-01,P-16596-C,C,LENGTH 33.22,length,33.22,33.27,33.17,mm,False,False,G-0138,,,final,,,,,E-0162,2021-03-15,,20260106T061500Z-QE24M
C-16596-04,P-16596-C,C,SURFACE FINISH Ra,surface finish Ra,0.0,1.6,,um,False,False,G-0231,,,final,,,,,E-0162,2021-03-15,,20260106T061500Z-QE24M
C-16596-25,P-16596-C,C,THREAD PD 17.197,thread,17.197,17.227,17.167,mm,False,False,G-0214,,,final,,,,,E-0162,2021-03-15,,20260106T061500Z-QE24M
C-16596-31,P-16596-C,C,THREAD PD 16.688,thread,16.688,16.718,16.658,mm,False,False,G-0215,,,final,,,,,E-0162,2021-03-15,,20260106T061500Z-QE24M
C-16605-13,P-16605-A,A,LENGTH 29.33,length,29.33,29.43,29.23,mm,False,False,G-0141,,,final,,,,,E-0162,2021-03-15,,20260106T061500Z-QE24M
C-16605-18,P-16605-A,A,LENGTH 112.08,length,112.08,112.155,112.005,mm,False,False,G-0194,,,final,,,,,E-0162,2021-03-15,,20260106T061500Z-QE24M
C-16605-20,P-16605-A,A,LENGTH 80.97,length,80.97,81.07,80.87,mm,False,False,G-0195,5,146 pieces,in-process,80.95344,80.98985,80.91703,0.13345,E-0162,2021-03-15,,20260106T061500Z-QE24M
C-16605-37,P-16605-A,A,SURFACE FINISH Ra,surface finish Ra,0.0,3.2,,um,True,True,G-0230,5,146 pieces,in-process,1.77308,2.12893,1.41722,1.30422,E-0162,2021-03-15,,20260106T061500Z-QE24M
C-16616-09,P-16616-D,D,LENGTH 96.70,length,96.7,96.8,96.6,mm,False,False,G-0186,,,final,,,,,E-0162,2021-03-15,,20260106T061500Z-QE24M
C-16616-21,P-16616-D,D,OD 4.008,diameter,4.008,4.033,3.983,mm,False,False,G-0063,5,60 pieces,in-process,4.00891,4.01509,4.00274,0.02264,E-0162,2021-03-15,,20260106T061500Z-QE24M
C-16616-33,P-16616-D,D,LENGTH 158.34,length,158.34,158.44,158.24,mm,False,False,G-0188,5,60 pieces,in-process,158.35028,158.38216,158.31839,0.11685,E-0162,2021-03-15,,20260106T061500Z-QE24M
C-16616-38,P-16616-D,D,LENGTH 132.41,length,132.41,132.51,132.31,mm,False,False,G-0189,5,60 pieces,in-process,132.423,132.46135,132.38465,0.14056,E-0162,2021-03-15,,20260106T061500Z-QE24M
C-16637-11,P-16637-A,A,LENGTH 166.58,length,166.58,166.655,166.505,mm,False,False,G-0193,,,final,,,,,E-0162,2021-03-15,,20260106T061500Z-QE24M
C-16637-19,P-16637-A,A,LENGTH 134.48,length,134.48,134.53,134.43,mm,False,False,G-0194,,,final,,,,,E-0162,2021-03-15,,20260106T061500Z-QE24M
C-16637-30,P-16637-A,A,TRUE POSITION 4X,true position,0.0,0.05,,mm,False,False,G-0002,,,CMM,,,,,E-0162,2021-03-15,,20260106T061500Z-QE24M
C-16637-33,P-16637-A,A,HARDNESS HRC,hardness,38.0,40.0,36.0,HRC,False,False,G-0232,,,final,,,,,E-0162,2021-03-15,,20260106T061500Z-QE24M
C-16645-06,P-16645-A,A,LENGTH 155.50,length,155.5,155.55,155.45,mm,False,False,G-0193,5,30 pieces,in-process,155.49742,155.51308,155.48176,0.05739,E-0162,2021-03-15,,20260106T061500Z-QE24M
C-16645-17,P-16645-A,A,OD 17.497,diameter,17.497,17.517,17.477,mm,False,False,G-0001,,,CMM,,,,,E-0162,2021-03-15,,20260106T061500Z-QE24M
C-16645-20,P-16645-A,A,SURFACE FINISH Ra,surface finish Ra,0.0,0.8,,um,False,False,G-0231,5,30 pieces,in-process,0.43463,0.50684,0.36243,0.26463,E-0162,2021-03-15,,20260106T061500Z-QE24M
C-16645-35,P-16645-A,A,RUNOUT A-B,runout,0.0,0.05,0.0,mm,True,True,G-0261,5,30 pieces,in-process,0.01031,0.01858,0.00204,0.0303,E-0162,2021-03-15,,20260106T061500Z-QE24M
C-16652-03,P-16652-A,A,LENGTH 13.38,length,13.38,13.455,13.305,mm,False,False,G-0170,5,44 pieces,in-process,13.39602,13.42616,13.36589,0.11044,E-0162,2021-03-15,,20260106T061500Z-QE24M
C-16652-05,P-16652-A,A,LENGTH 146.88,length,146.88,146.955,146.805,mm,True,True,G-0187,5,44 pieces,in-process,146.88254,146.91667,146.84841,0.12508,E-0162,2021-03-15,,20260106T061500Z-QE24M
C-16652-10,P-16652-A,A,LENGTH 78.93,length,78.93,79.005,78.855,mm,False,False,G-0188,5,44 pieces,in-process,78.92923,78.95038,78.90807,0.07754,E-0162,2021-03-15,,20260106T061500Z-QE24M
C-16652-35,P-16652-A,A,LENGTH 168.30,length,168.3,168.375,168.225,mm,False,False,G-0189,,,final,,,,,E-0162,2021-03-15,,20260106T061500Z-QE24M
C-16665-06,P-16665-D,D,LENGTH 15.19,length,15.19,15.265,15.115,mm,False,False,G-0141,,,final,,,,,E-0162,2021-03-15,,20260106T061500Z-QE24M
C-16665-09,P-16665-D,D,OD 57.357,diameter,57.357,57.3695,57.3445,mm,True,True,G-0111,5,41 pieces,in-process,57.35752,57.3611,57.35394,0.01312,E-0162,2021-03-15,,20260106T061500Z-QE24M
C-16665-18,P-16665-D,D,OD 18.875,diameter,18.875,18.885,18.865,mm,False,False,G-0047,,,final,,,,,E-0162,2021-03-15,,20260106T061500Z-QE24M
C-16665-23,P-16665-D,D,OD 22.323,diameter,22.323,22.3355,22.3105,mm,False,False,G-0048,,,final,,,,,E-0162,2021-03-15,,20260106T061500Z-QE24M
C-16688-21,P-16688-C,C,LENGTH 84.62,length,84.62,84.695,84.545,mm,False,False,G-0186,,,final,,,,,E-0162,2021-03-15,,20260106T061500Z-QE24M
C-16688-29,P-16688-C,C,THREAD PD 5.245,thread,5.245,5.275,5.215,mm,False,False,G-0227,,,final,,,,,E-0162,2021-03-15,,20260106T061500Z-QE24M
C-16688-30,P-16688-C,C,RUNOUT A-B,runout,0.0,0.08,,mm,False,False,G-0261,,,final,,,,,E-0162,2021-03-15,,20260106T061500Z-QE24M
C-16688-36,P-16688-C,C,SURFACE FINISH Ra,surface finish Ra,0.0,3.2,,um,False,False,G-0231,5,42 pieces,in-process,1.65773,1.99906,1.31639,1.25101,E-0162,2021-03-15,,20260106T061500Z-QE24M
C-16715-07,P-16715-A,A,LENGTH 31.74,length,31.74,31.84,31.64,mm,False,False,G-0131,5,41 pieces,in-process,31.74659,31.77387,31.71931,0.09999,E-0162,2021-03-15,,20260106T061500Z-QE24M
C-16715-08,P-16715-A,A,OD 22.142,diameter,22.142,22.162,22.122,mm,False,False,G-0036,5,41 pieces,in-process,22.14296,22.14789,22.13802,0.01808,E-0162,2021-03-15,,20260106T061500Z-QE24M
C-16715-16,P-16715-A,A,BORE 22.021,bore,22.021,22.041,22.001,mm,False,False,G-0021,5,41 pieces,in-process,22.02183,22.02788,22.01579,0.02216,E-0162,2021-03-15,,20260106T061500Z-QE24M
C-16715-36,P-16715-A,A,LENGTH 163.88,length,163.88,163.955,163.805,mm,False,False,G-0196,,,final,,,,,E-0162,2021-03-15,,20260106T061500Z-QE24M
C-16721-06,P-16721-B,B,LENGTH 177.54,length,177.54,177.615,177.465,mm,False,False,G-0193,,,final,,,,,E-0162,2021-03-15,,20260106T061500Z-QE24M
C-16721-18,P-16721-B,B,OD 9.050,diameter,9.05,9.06,9.04,mm,False,False,G-0001,,,CMM,,,,,E-0162,2021-03-15,,20260106T061500Z-QE24M
C-16721-19,P-16721-B,B,OD 9.322,diameter,9.322,9.342,9.302,mm,False,False,G-0043,5,31 pieces,in-process,9.32233,9.33026,9.31439,0.02908,E-0162,2021-03-15,,20260106T061500Z-QE24M
C-16721-33,P-16721-B,B,SURFACE FINISH Ra,surface finish Ra,0.0,1.6,,um,False,False,G-0230,5,31 pieces,in-process,0.75321,0.93013,0.5763,0.64841,E-0162,2021-03-15,,20260106T061500Z-QE24M
C-16727-01,P-16727-A,A,LENGTH 88.18,length,88.18,88.255,88.105,mm,False,False,G-0193,5,40 pieces,in-process,88.17589,88.20533,88.14646,0.10788,E-0162,2021-03-15,,20260106T061500Z-QE24M
C-16727-02,P-16727-A,A,BORE 28.997,bore,28.997,29.012,28.982,mm,False,False,G-0020,5,40 pieces,in-process,28.99871,29.00315,28.99427,0.01629,E-0162,2021-03-15,,20260106T061500Z-QE24M
C-16727-16,P-16727-A,A,OD 53.048,diameter,53.048,53.073,53.023,mm,False,False,G-0121,,,final,,,,,E-0162,2021-03-15,,20260106T061500Z-QE24M
C-16727-38,P-16727-A,A,SURFACE FINISH Ra,surface finish Ra,0.0,3.2,,um,False,False,G-0230,,,final,,,,,E-0162,2021-03-15,,20260106T061500Z-QE24M
C-16751-09,P-16751-A,A,LENGTH 71.82,length,71.82,71.895,71.745,mm,False,False,G-0143,5,72 pieces,in-process,71.82963,71.86408,71.79518,0.12627,E-0162,2021-03-15,,20260106T061500Z-QE24M
C-16751-17,P-16751-A,A,SURFACE FINISH Ra,surface finish Ra,0.0,1.6,,um,False,False,G-0230,5,72 pieces,in-process,0.82088,1.00887,0.63288,0.68902,E-0162,2021-03-15,,20260106T061500Z-QE24M
C-16751-21,P-16751-A,A,LENGTH 151.42,length,151.42,151.52,151.32,mm,False,False,G-0195,,,final,,,,,E-0162,2021-03-15,,20260106T061500Z-QE24M
C-16751-22,P-16751-A,A,BORE 32.492,bore,32.492,32.512,32.472,mm,False,False,G-0001,,,CMM,,,,,E-0162,2021-03-15,,20260106T061500Z-QE24M
C-16760-04,P-16760-D,D,LENGTH 68.40,length,68.4,68.45,68.35,mm,False,False,G-0146,,,final,,,,,E-0162,2021-03-15,,20260106T061500Z-QE24M
C-16760-08,P-16760-D,D,SURFACE FINISH Ra,surface finish Ra,0.0,1.6,,um,False,False,G-0231,5,31 pieces,in-process,0.68281,0.83672,0.52889,0.56411,E-0162,2021-03-15,,20260106T061500Z-QE24M
C-16760-33,P-16760-D,D,LENGTH 90.06,length,90.06,90.16,89.96,mm,False,False,G-0188,,,final,,,,,E-0162,2021-03-15,,20260106T061500Z-QE24M
C-16760-36,P-16760-D,D,LENGTH 152.22,length,152.22,152.27,152.17,mm,False,False,G-0189,5,31 pieces,in-process,152.21775,152.23329,152.20222,0.05694,E-0162,2021-03-15,,20260106T061500Z-QE24M
C-16788-10,P-16788-A,A,LENGTH 153.35,length,153.35,153.45,153.25,mm,False,False,G-0186,,,final,,,,,E-0162,2021-03-15,,20260106T061500Z-QE24M
C-16788-19,P-16788-A,A,THREAD PD 6.115,thread,6.115,6.145,6.085,mm,False,False,G-0207,,,final,,,,,E-0162,2021-03-15,,20260106T061500Z-QE24M
C-16788-28,P-16788-A,A,THREAD PD 9.371,thread,9.371,9.401,9.341,mm,False,False,G-0208,,,final,,,,,E-0162,2021-03-15,,20260106T061500Z-QE24M
C-16788-36,P-16788-A,A,TRUE POSITION 4X,true position,0.0,0.05,,mm,False,False,G-0002,,,CMM,,,,,E-0162,2021-03-15,,20260106T061500Z-QE24M
C-16813-03,P-16813-B,B,LENGTH 59.99,length,59.99,60.09,59.89,mm,False,False,G-0157,,,final,,,,,E-0162,2021-03-15,,20260106T061500Z-QE24M
C-16813-14,P-16813-B,B,BORE 13.306,bore,13.306,13.326,13.286,mm,False,False,G-0016,5,30 pieces,in-process,13.30627,13.31207,13.30046,0.02128,E-0162,2021-03-15,,20260106T061500Z-QE24M
C-16813-29,P-16813-B,B,OD 11.124,diameter,11.124,11.134,11.114,mm,False,False,G-0039,5,30 pieces,in-process,11.12282,11.12551,11.12013,0.00986,E-0162,2021-03-15,,20260106T061500Z-QE24M
C-16813-32,P-16813-B,B,RUNOUT A-B,runout,0.0,0.03,,mm,False,False,G-0237,5,30 pieces,in-process,0.00504,0.01087,0.0,0.02138,E-0162,2021-03-15,,20260106T061500Z-QE24M
C-16831-21,P-16831-C,C,LENGTH 83.00,length,83.0,83.1,82.9,mm,False,False,G-0193,5,30 pieces,in-process,83.00615,83.03025,82.98204,0.08834,E-0162,2021-03-15,,20260106T061500Z-QE24M
C-16831-34,P-16831-C,C,RUNOUT A-B,runout,0.0,0.08,0.0,mm,False,False,G-0241,5,30 pieces,in-process,0.01206,0.02296,0.00117,0.03994,E-0162,2021-03-15,,20260106T061500Z-QE24M
C-16831-35,P-16831-C,C,RUNOUT A-B,runout,0.0,0.08,0.0,mm,False,False,G-0002,,,CMM,,,,,E-0162,2021-03-15,,20260106T061500Z-QE24M
C-16831-36,P-16831-C,C,LENGTH 148.24,length,148.24,148.34,148.14,mm,False,False,G-0196,,,final,,,,,E-0162,2021-03-15,,20260106T061500Z-QE24M
C-16839-11,P-16839-B,B,LENGTH 154.06,length,154.06,154.11,154.01,mm,False,False,G-0193,,,final,,,,,E-0162,2021-03-15,,20260106T061500Z-QE24M
C-16839-18,P-16839-B,B,OD 43.522,diameter,43.522,43.547,43.497,mm,False,False,G-0077,5,90 pieces,in-process,43.52014,43.52802,43.51225,0.02889,E-0162,2021-03-15,,20260106T061500Z-QE24M
C-16839-26,P-16839-B,B,LENGTH 21.87,length,21.87,21.945,21.795,mm,False,False,G-0161,,,final,,,,,E-0162,2021-03-15,,20260106T061500Z-QE24M
C-16839-34,P-16839-B,B,LENGTH 115.78,length,115.78,115.88,115.68,mm,False,False,G-0196,,,final,,,,,E-0162,2021-03-15,,20260106T061500Z-QE24M
C-16860-04,P-16860-C,C,LENGTH 109.91,length,109.91,109.96,109.86,mm,False,False,G-0186,5,83 pieces,in-process,109.91041,109.92514,109.89569,0.05397,E-0162,2021-03-15,,20260106T061500Z-QE24M
C-16860-23,P-16860-C,C,BORE 34.299,bore,34.299,34.324,34.274,mm,False,False,G-0002,,,CMM,,,,,E-0162,2021-03-15,,20260106T061500Z-QE24M
C-16860-36,P-16860-C,C,LENGTH 150.38,length,150.38,150.43,150.33,mm,False,False,G-0188,,,final,,,,,E-0162,2021-03-15,,20260106T061500Z-QE24M
C-16860-38,P-16860-C,C,HARDNESS HRC,hardness,43.0,45.0,41.0,HRC,False,False,G-0232,,,final,,,,,E-0162,2021-03-15,,20260106T061500Z-QE24M
C-16863-10,P-16863-B,B,LENGTH 176.09,length,176.09,176.14,176.04,mm,False,False,G-0193,,,final,,,,,E-0162,2021-03-15,,20260106T061500Z-QE24M
C-16863-22,P-16863-B,B,TRUE POSITION 4X,true position,0.0,0.1,,mm,False,False,G-0001,,,CMM,,,,,E-0162,2021-03-15,,20260106T061500Z-QE24M
C-16863-32,P-16863-B,B,RUNOUT A-B,runout,0.0,0.08,,mm,False,False,G-0002,,,CMM,,,,,E-0162,2021-03-15,,20260106T061500Z-QE24M
C-16863-38,P-16863-B,B,FLATNESS,flatness,0.0,0.05,0.0,mm,False,False,G-0001,,,CMM,,,,,E-0162,2021-03-15,,20260106T061500Z-QE24M
C-16870-05,P-16870-A,A,LENGTH 93.21,length,93.21,93.285,93.135,mm,False,False,G-0186,,,final,,,,,E-0162,2021-03-15,,20260106T061500Z-QE24M
C-16870-08,P-16870-A,A,LENGTH 11.59,length,11.59,11.665,11.515,mm,False,False,G-0137,,,final,,,,,E-0162,2021-03-15,,20260106T061500Z-QE24M
C-16870-12,P-16870-A,A,LENGTH 137.87,length,137.87,137.945,137.795,mm,False,False,G-0188,5,21 pieces,in-process,137.87,137.88734,137.85266,0.06355,E-0162,2021-03-15,,20260106T061500Z-QE24M
C-16870-25,P-16870-A,A,LENGTH 142.48,length,142.48,142.58,142.38,mm,False,False,G-0189,,,final,,,,,E-0162,2021-03-15,,20260106T061500Z-QE24M
C-16887-03,P-16887-A,A,LENGTH 166.34,length,166.34,166.415,166.265,mm,False,False,G-0193,5,30 pieces,in-process,166.33818,166.35645,166.31991,0.06696,E-0162,2021-03-15,,20260106T061500Z-QE24M
C-16887-17,P-16887-A,A,BORE 24.626,bore,24.626,24.651,24.601,mm,False,False,G-0024,5,30 pieces,in-process,24.62557,24.63312,24.61801,0.02769,E-0162,2021-03-15,,20260106T061500Z-QE24M
C-16887-18,P-16887-A,A,LENGTH 170.14,length,170.14,170.19,170.09,mm,False,False,G-0195,,,final,,,,,E-0162,2021-03-15,,20260106T061500Z-QE24M
C-16887-32,P-16887-A,A,OD 54.346,diameter,54.346,54.371,54.321,mm,False,False,G-0120,,,final,,,,,E-0162,2021-03-15,,20260106T061500Z-QE24M
C-16900-08,P-16900-D,D,LENGTH 166.55,length,166.55,166.625,166.475,mm,False,False,G-0186,5,66 pieces,in-process,166.5609,166.58419,166.53761,0.08536,E-0162,2021-03-15,,20260106T061500Z-QE24M
C-16900-23,P-16900-D,D,BORE 39.858,bore,39.858,39.878,39.838,mm,False,False,G-0027,5,66 pieces,in-process,39.85502,39.8626,39.84744,0.02778,E-0162,2021-03-15,,20260106T061500Z-QE24M
C-16900-32,P-16900-D,D,OD 37.958,diameter,37.958,37.983,37.933,mm,False,False,G-0075,5,66 pieces,in-process,37.96001,37.96685,37.95317,0.02505,E-0162,2021-03-15,,20260106T061500Z-QE24M
C-16900-35,P-16900-D,D,BORE 24.279,bore,24.279,24.2915,24.2665,mm,False,False,G-0002,,,CMM,,,,,E-0162,2021-03-15,,20260106T061500Z-QE24M
C-16903-16,P-16903-B,B,LENGTH 103.99,length,103.99,104.09,103.89,mm,False,False,G-0193,,,final,,,,,E-0162,2021-03-15,,20260106T061500Z-QE24M
C-16903-26,P-16903-B,B,HARDNESS HRC,hardness,33.0,35.0,31.0,HRC,False,False,G-0232,,,final,,,,,E-0162,2021-03-15,,20260106T061500Z-QE24M
C-16903-35,P-16903-B,B,SURFACE FINISH Ra,surface finish Ra,0.0,3.2,,um,False,False,G-0231,,,final,,,,,E-0162,2021-03-15,,20260106T061500Z-QE24M
C-16903-39,P-16903-B,B,RUNOUT A-B,runout,0.0,0.05,0.0,mm,False,False,G-0001,,,CMM,,,,,E-0162,2021-03-15,,20260106T061500Z-QE24M
C-16912-02,P-16912-A,A,LENGTH 126.07,length,126.07,126.145,125.995,mm,False,False,G-0186,5,30 pieces,in-process,126.07833,126.10776,126.0489,0.10786,E-0162,2021-03-15,,20260106T061500Z-QE24M
C-16912-22,P-16912-A,A,TRUE POSITION 4X,true position,0.0,0.05,,mm,False,False,G-0002,5,30 pieces,in-process,0.00897,0.01396,0.00398,0.0183,E-0162,2021-03-15,,20260106T061500Z-QE24M
C-16912-28,P-16912-A,A,SURFACE FINISH Ra,surface finish Ra,0.0,3.2,,um,False,False,G-0230,,,final,,,,,E-0162,2021-03-15,,20260106T061500Z-QE24M
C-16912-29,P-16912-A,A,LENGTH 141.03,length,141.03,141.08,140.98,mm,False,False,G-0189,5,30 pieces,in-process,141.03334,141.05811,141.00857,0.09078,E-0162,2021-03-15,,20260106T061500Z-QE24M
C-16933-08,P-16933-A,A,LENGTH 74.34,length,74.34,74.44,74.24,mm,False,False,G-0157,5,32 pieces,in-process,74.34877,74.39051,74.30704,0.15297,E-0162,2021-03-15,,20260106T061500Z-QE24M
C-16933-16,P-16933-A,A,OD 54.828,diameter,54.828,54.853,54.803,mm,False,False,G-0001,,,CMM,,,,,E-0162,2021-03-15,,20260106T061500Z-QE24M
C-16933-31,P-16933-A,A,FLATNESS,flatness,0.0,0.02,,mm,False,False,G-0002,,,CMM,,,,,E-0162,2021-03-15,,20260106T061500Z-QE24M
C-16933-39,P-16933-A,A,LENGTH 156.49,length,156.49,156.59,156.39,mm,False,False,G-0196,,,final,,,,,E-0162,2021-03-15,,20260106T061500Z-QE24M
C-16953-22,P-16953-D,D,LENGTH 112.92,length,112.92,112.97,112.87,mm,False,False,G-0193,5,30 pieces,in-process,112.92203,112.93676,112.90731,0.05398,E-0162,2021-03-15,,20260106T061500Z-QE24M
C-16953-25,P-16953-D,D,OD 18.539,diameter,18.539,18.559,18.519,mm,False,False,G-0046,,,final,,,,,E-0162,2021-03-15,,20260106T061500Z-QE24M
C-16953-31,P-16953-D,D,LENGTH 21.93,length,21.93,21.98,21.88,mm,False,False,G-0179,5,30 pieces,in-process,21.92979,21.94761,21.91196,0.06532,E-0162,2021-03-15,,20260106T061500Z-QE24M
C-16953-35,P-16953-D,D,OD 15.313,diameter,15.313,15.3255,15.3005,mm,False,False,G-0048,5,30 pieces,in-process,15.31348,15.31804,15.30892,0.0167,E-0162,2021-03-15,,20260106T061500Z-QE24M
C-16971-02,P-16971-B,B,LENGTH 70.56,length,70.56,70.61,70.51,mm,False,False,G-0183,,,final,,,,,E-0162,2021-03-15,,20260106T061500Z-QE24M
C-16971-09,P-16971-B,B,OD 44.430,diameter,44.43,44.455,44.405,mm,False,False,G-0001,,,CMM,,,,,E-0162,2021-03-15,,20260106T061500Z-QE24M
C-16971-10,P-16971-B,B,LENGTH 122.61,length,122.61,122.71,122.51,mm,False,False,G-0195,,,final,,,,,E-0162,2021-03-15,,20260106T061500Z-QE24M
C-16971-19,P-16971-B,B,OD 4.605,diameter,4.605,4.625,4.585,mm,False,False,G-0030,5,30 pieces,in-process,4.60889,4.61458,4.6032,0.02085,E-0162,2021-03-15,,20260106T061500Z-QE24M
C-16995-10,P-16995-D,D,LENGTH 67.70,length,67.7,67.8,67.6,mm,False,False,G-0171,5,54 pieces,in-process,67.70337,67.72915,67.6776,0.09445,E-0162,2021-03-15,,20260106T061500Z-QE24M
C-16995-34,P-16995-D,D,BORE 19.916,bore,19.916,19.941,19.891,mm,False,False,G-0024,5,54 pieces,in-process,19.91516,19.92407,19.90625,0.03266,E-0162,2021-03-15,,20260106T061500Z-QE24M
C-16995-35,P-16995-D,D,RUNOUT A-B,runout,0.0,0.03,0.0,mm,False,False,G-0250,5,54 pieces,in-process,0.00605,0.01187,0.00023,0.02134,E-0162,2021-03-15,,20260106T061500Z-QE24M
C-16995-37,P-16995-D,D,RUNOUT A-B,runout,0.0,0.08,,mm,False,False,G-0251,5,54 pieces,in-process,0.01216,0.02391,0.00042,0.04304,E-0162,2021-03-15,,20260106T061500Z-QE24M
C-17004-05,P-17004-D,D,BORE 6.350,bore,6.35,6.365,6.335,mm,True,True,G-0005,1,every piece,100%,6.35057,6.35929,6.34185,0.01071,E-0162,2021-03-15,,20260106T061500Z-QE24M
C-17004-11,P-17004-D,D,BORE 13.566,bore,13.566,13.586,13.546,mm,False,False,G-0015,5,33 pieces,in-process,13.56621,13.57314,13.55928,0.02539,E-0162,2021-03-15,,20260106T061500Z-QE24M
C-17004-12,P-17004-D,D,TRUE POSITION 4X,true position,0.0,0.15,,mm,False,False,G-0001,,,CMM,,,,,E-0162,2021-03-15,,20260106T061500Z-QE24M
C-17004-39,P-17004-D,D,SURFACE FINISH Ra,surface finish Ra,0.0,1.6,,um,False,False,G-0231,,,final,,,,,E-0162,2021-03-15,,20260106T061500Z-QE24M
C-17014-02,P-17014-A,A,BORE 6.350,bore,6.35,6.365,6.335,mm,True,True,G-0005,1,every piece,100%,6.35066,6.3587,6.34261,0.00988,E-0162,2021-03-15,,20260106T061500Z-QE24M
C-17014-04,P-17014-A,A,SURFACE FINISH Ra,surface finish Ra,0.0,0.8,,um,False,False,G-0231,5,33 pieces,in-process,0.39462,0.46953,0.31971,0.27454,E-0162,2021-03-15,,20260106T061500Z-QE24M
C-17014-12,P-17014-A,A,TRUE POSITION 4X,true position,0.0,0.1,,mm,False,False,G-0001,,,final,,,,,E-0162,2021-03-15,,20260106T061500Z-QE24M
C-17014-20,P-17014-A,A,RUNOUT A-B,runout,0.0,0.03,,mm,False,False,G-0234,5,33 pieces,in-process,0.01055,0.01667,0.00443,0.02243,E-0162,2021-03-15,,20260106T061500Z-QE24M
C-17038-10,P-17038-D,D,BORE 6.350,bore,6.35,6.365,6.335,mm,True,True,G-0005,1,every piece,100%,6.35028,6.35859,6.34196,0.01022,E-0162,2021-03-15,,20260106T061500Z-QE24M
C-17038-11,P-17038-D,D,OD 19.995,diameter,19.995,20.02,19.97,mm,False,False,G-0065,5,33 pieces,in-process,19.99673,20.0039,19.98955,0.0263,E-0162,2021-03-15,,20260106T061500Z-QE24M
C-17038-23,P-17038-D,D,LENGTH 157.70,length,157.7,157.775,157.625,mm,False,False,G-0188,5,33 pieces,in-process,157.70735,157.73291,157.68179,0.09369,E-0162,2021-03-15,,20260106T061500Z-QE24M
C-17038-34,P-17038-D,D,SURFACE FINISH Ra,surface finish Ra,0.0,3.2,,um,False,False,G-0231,5,33 pieces,in-process,1.82431,2.23856,1.41006,1.51823,E-0162,2021-03-15,,20260106T061500Z-QE24M
C-17046-02,P-17046-A,A,LENGTH 130.08,length,130.08,130.18,129.98,mm,False,False,G-0186,,,final,,,,,E-0162,2021-03-15,,20260106T061500Z-QE24M
C-17046-20,P-17046-A,A,TRUE POSITION 4X,true position,0.0,0.05,,mm,False,False,G-0002,,,final,,,,,E-0162,2021-03-15,,20260106T061500Z-QE24M
C-17046-30,P-17046-A,A,RUNOUT A-B,runout,0.0,0.05,,mm,False,False,G-0247,,,final,,,,,E-0162,2021-03-15,,20260106T061500Z-QE24M
C-17046-32,P-17046-A,A,OD 45.744,diameter,45.744,45.7565,45.7315,mm,False,False,G-0002,,,CMM,,,,,E-0162,2021-03-15,,20260106T061500Z-QE24M
C-17053-11,P-17053-A,A,LENGTH 135.67,length,135.67,135.77,135.57,mm,False,False,G-0193,5,33 pieces,in-process,135.67186,135.70083,135.6429,0.10616,E-0162,2021-03-15,,20260106T061500Z-QE24M
C-17053-15,P-17053-A,A,TRUE POSITION 4X,true position,0.0,0.05,,mm,False,False,G-0001,,,final,,,,,E-0162,2021-03-15,,20260106T061500Z-QE24M
C-17053-29,P-17053-A,A,HARDNESS HRC,hardness,36.0,38.0,34.0,HRC,False,False,G-0232,,,final,,,,,E-0162,2021-03-15,,20260106T061500Z-QE24M
C-17053-35,P-17053-A,A,SURFACE FINISH Ra,surface finish Ra,0.0,0.8,,um,False,False,G-0230,5,33 pieces,in-process,0.35664,0.44953,0.26375,0.34043,E-0162,2021-03-15,,20260106T061500Z-QE24M
C-17077-05,P-17077-A,A,LENGTH 133.89,length,133.89,133.965,133.815,mm,False,False,G-0193,5,30 pieces,in-process,133.89953,133.92613,133.87294,0.09748,E-0162,2021-03-15,,20260106T061500Z-QE24M
C-17077-18,P-17077-A,A,LENGTH 136.21,length,136.21,136.31,136.11,mm,False,False,G-0194,5,30 pieces,in-process,136.19448,136.22292,136.16604,0.10424,E-0162,2021-03-15,,20260106T061500Z-QE24M
C-17077-32,P-17077-A,A,SURFACE FINISH Ra,surface finish Ra,0.0,1.6,,um,False,False,G-0231,,,final,,,,,E-0162,2021-03-15,,20260106T061500Z-QE24M
C-17077-35,P-17077-A,A,BORE 31.357,bore,31.357,31.382,31.332,mm,False,False,G-0024,5,30 pieces,in-process,31.35457,31.36238,31.34675,0.02865,E-0162,2021-03-15,,20260106T061500Z-QE24M
C-17087-05,P-17087-A,A,LENGTH 14.99,length,14.99,15.065,14.915,mm,False,False,G-0155,5,20 pieces,in-process,14.99761,15.01732,14.97791,0.07221,E-0162,2021-03-15,,20260106T061500Z-QE24M
C-17087-22,P-17087-A,A,TRUE POSITION 4X,true position,0.0,0.1,,mm,False,False,G-0001,,,final,,,,,E-0162,2021-03-15,,20260106T061500Z-QE24M
C-17087-30,P-17087-A,A,TRUE POSITION 4X,true position,0.0,0.05,,mm,False,False,G-0002,,,final,,,,,E-0162,2021-03-15,,20260106T061500Z-QE24M
C-17087-35,P-17087-A,A,HARDNESS HRC,hardness,35.0,37.0,33.0,HRC,False,False,G-0232,,,final,,,,,E-0162,2021-03-15,,20260106T061500Z-QE24M
C-17096-09,P-17096-D,D,LENGTH 172.08,length,172.08,172.13,172.03,mm,False,False,G-0186,5,31 pieces,in-process,172.0771,172.09777,172.05644,0.07574,E-0162,2021-03-15,,20260106T061500Z-QE24M
C-17096-22,P-17096-D,D,BORE 36.523,bore,36.523,36.538,36.508,mm,False,False,G-0027,5,31 pieces,in-process,36.52439,36.53092,36.51787,0.02392,E-0162,2021-03-15,,20260106T061500Z-QE24M
C-17096-37,P-17096-D,D,SURFACE FINISH Ra,surface finish Ra,0.0,1.6,,um,False,False,G-0230,,,final,,,,,E-0162,2021-03-15,,20260106T061500Z-QE24M
C-17096-38,P-17096-D,D,TRUE POSITION 4X,true position,0.0,0.15,,mm,False,False,G-0002,,,final,,,,,E-0162,2021-03-15,,20260106T061500Z-QE24M
C-17100-09,P-17100-A,A,LENGTH 37.76,length,37.76,37.81,37.71,mm,False,False,G-0126,5,40 pieces,in-process,37.76053,37.77752,37.74355,0.06225,E-0162,2021-03-15,,20260106T061500Z-QE24M
C-17100-10,P-17100-A,A,THREAD PD 13.129,thread,13.129,13.159,13.099,mm,False,False,G-0201,,,final,,,,,E-0162,2021-03-15,,20260106T061500Z-QE24M
C-17100-31,P-17100-A,A,TRUE POSITION 4X,true position,0.0,0.1,,mm,False,False,G-0001,,,CMM,,,,,E-0162,2021-03-15,,20260106T061500Z-QE24M
C-17100-34,P-17100-A,A,BORE 10.879,bore,10.879,10.8915,10.8665,mm,False,False,G-0017,5,40 pieces,in-process,10.87882,10.88333,10.8743,0.01655,E-0162,2021-03-15,,20260106T061500Z-QE24M
C-17116-07,P-17116-A,A,LENGTH 33.55,length,33.55,33.625,33.475,mm,False,False,G-0178,,,final,,,,,E-0162,2021-03-15,,20260106T061500Z-QE24M
C-17116-13,P-17116-A,A,TRUE POSITION 4X,true position,0.0,0.1,,mm,False,False,G-0002,,,CMM,,,,,E-0162,2021-03-15,,20260106T061500Z-QE24M
C-17116-17,P-17116-A,A,BORE 25.371,bore,25.371,25.386,25.356,mm,False,False,G-0001,,,CMM,,,,,E-0162,2021-03-15,,20260106T061500Z-QE24M
C-17116-32,P-17116-A,A,LENGTH 100.18,length,100.18,100.28,100.08,mm,False,False,G-0189,,,final,,,,,E-0162,2021-03-15,,20260106T061500Z-QE24M
C-17127-02,P-17127-A,A,LENGTH 40.41,length,40.41,40.485,40.335,mm,False,False,G-0135,5,30 pieces,in-process,40.43237,40.46437,40.40036,0.11731,E-0162,2021-03-15,,20260106T061500Z-QE24M
C-17127-07,P-17127-A,A,THREAD PD 9.170,thread,9.17,9.2,9.14,mm,False,False,G-0210,,,final,,,,,E-0162,2021-03-15,,20260106T061500Z-QE24M
C-17127-12,P-17127-A,A,OD 40.061,diameter,40.061,40.071,40.051,mm,False,False,G-0073,5,30 pieces,in-process,40.06132,40.06391,40.05874,0.00948,E-0162,2021-03-15,,20260106T061500Z-QE24M
C-17127-32,P-17127-A,A,OD 38.562,diameter,38.562,38.587,38.537,mm,False,False,G-0074,5,30 pieces,in-process,38.56374,38.57377,38.55371,0.03677,E-0162,2021-03-15,,20260106T061500Z-QE24M
C-17131-05,P-17131-A,A,LENGTH 136.81,length,136.81,136.885,136.735,mm,False,False,G-0193,,,final,,,,,E-0162,2021-03-15,,20260106T061500Z-QE24M
C-17131-17,P-17131-A,A,RUNOUT A-B,runout,0.0,0.08,0.0,mm,False,False,G-0241,,,final,,,,,E-0162,2021-03-15,,20260106T061500Z-QE24M
C-17131-20,P-17131-A,A,FLATNESS,flatness,0.0,0.02,,mm,False,False,G-0242,5,32 pieces,in-process,0.00442,0.00839,0.00044,0.01457,E-0162,2021-03-15,,20260106T061500Z-QE24M
C-17131-28,P-17131-A,A,BORE 19.207,bore,19.207,19.232,19.182,mm,False,False,G-0024,,,final,,,,,E-0162,2021-03-15,,20260106T061500Z-QE24M
C-17147-27,P-17147-C,C,LENGTH 57.80,length,57.8,57.85,57.75,mm,False,False,G-0155,,,final,,,,,E-0162,2021-03-15,,20260106T061500Z-QE24M
C-17147-30,P-17147-C,C,TRUE POSITION 4X,true position,0.0,0.05,,mm,False,False,G-0001,,,CMM,,,,,E-0162,2021-03-15,,20260106T061500Z-QE24M
C-17147-31,P-17147-C,C,LENGTH 148.85,length,148.85,148.925,148.775,mm,False,False,G-0195,,,final,,,,,E-0162,2021-03-15,,20260106T061500Z-QE24M
C-17147-32,P-17147-C,C,LENGTH 103.89,length,103.89,103.94,103.84,mm,False,False,G-0196,5,35 pieces,in-process,103.89222,103.9044,103.88004,0.04463,E-0162,2021-03-15,,20260106T061500Z-QE24M
C-17153-02,P-17153-C,C,LENGTH 19.76,length,19.76,19.835,19.685,mm,False,False,G-0137,,,final,,,,,E-0162,2021-03-15,,20260106T061500Z-QE24M
C-17153-03,P-17153-C,C,RUNOUT A-B,runout,0.0,0.05,,mm,False,False,G-0001,,,CMM,,,,,E-0162,2021-03-15,,20260106T061500Z-QE24M
C-17153-16,P-17153-C,C,LENGTH 175.00,length,175.0,175.1,174.9,mm,False,False,G-0195,,,final,,,,,E-0162,2021-03-15,,20260106T061500Z-QE24M
C-17153-34,P-17153-C,C,LENGTH 56.88,length,56.88,56.93,56.83,mm,False,False,G-0140,5,30 pieces,in-process,56.8791,56.8922,56.866,0.04801,E-0162,2021-03-15,,20260106T061500Z-QE24M
C-17158-11,P-17158-A,A,LENGTH 109.43,length,109.43,109.53,109.33,mm,False,False,G-0186,,,final,,,,,E-0162,2021-03-15,,20260106T061500Z-QE24M
C-17158-17,P-17158-A,A,OD 34.897,diameter,34.897,34.922,34.872,mm,False,False,G-0074,5,30 pieces,in-process,34.89779,34.9067,34.88889,0.03264,E-0162,2021-03-15,,20260106T061500Z-QE24M
C-17158-30,P-17158-A,A,TRUE POSITION 4X,true position,0.0,0.1,,mm,False,False,G-0001,,,CMM,,,,,E-0162,2021-03-15,,20260106T061500Z-QE24M
C-17158-33,P-17158-A,A,BORE 33.865,bore,33.865,33.88,33.85,mm,False,False,G-0021,5,30 pieces,in-process,33.86575,33.86972,33.86178,0.01455,E-0162,2021-03-15,,20260106T061500Z-QE24M
C-17178-02,P-17178-A,A,LENGTH 16.03,length,16.03,16.105,15.955,mm,False,False,G-0132,5,30 pieces,in-process,16.02413,16.03955,16.00871,0.05653,E-0162,2021-03-15,,20260106T061500Z-QE24M
C-17178-03,P-17178-A,A,BORE 20.415,bore,20.415,20.43,20.4,mm,False,False,G-0021,5,30 pieces,in-process,20.41522,20.4199,20.41053,0.01717,E-0162,2021-03-15,,20260106T061500Z-QE24M
C-17178-13,P-17178-A,A,BORE 16.827,bore,16.827,16.842,16.812,mm,False,False,G-0001,,,CMM,,,,,E-0162,2021-03-15,,20260106T061500Z-QE24M
C-17178-28,P-17178-A,A,LENGTH 42.85,length,42.85,42.95,42.75,mm,False,False,G-0135,5,30 pieces,in-process,42.85684,42.88474,42.82894,0.10224,E-0162,2021-03-15,,20260106T061500Z-QE24M
C-17202-11,P-17202-A,A,LENGTH 37.44,length,37.44,37.515,37.365,mm,False,False,G-0180,,,final,,,,,E-0162,2021-03-15,,20260106T061500Z-QE24M
C-17202-18,P-17202-A,A,RUNOUT A-B,runout,0.0,0.08,0.0,mm,False,False,G-0002,,,CMM,,,,,E-0162,2021-03-15,,20260106T061500Z-QE24M
C-17202-19,P-17202-A,A,BORE 27.854,bore,27.854,27.869,27.839,mm,False,False,G-0022,5,41 pieces,in-process,27.85412,27.85939,27.84885,0.01932,E-0162,2021-03-15,,20260106T061500Z-QE24M
C-17202-35,P-17202-A,A,RUNOUT A-B,runout,0.0,0.05,,mm,False,False,G-0002,,,CMM,,,,,E-0162,2021-03-15,,20260106T061500Z-QE24M
C-17220-02,P-17220-A,A,LENGTH 32.40,length,32.4,32.475,32.325,mm,False,False,G-0126,5,30 pieces,in-process,32.40701,32.42965,32.38437,0.08297,E-0162,2021-03-15,,20260106T061500Z-QE24M
C-17220-10,P-17220-A,A,LENGTH 106.11,length,106.11,106.21,106.01,mm,False,False,G-0187,,,final,,,,,E-0162,2021-03-15,,20260106T061500Z-QE24M
C-17220-25,P-17220-A,A,TRUE POSITION 4X,true position,0.0,0.15,,mm,False,False,G-0001,,,CMM,,,,,E-0162,2021-03-15,,20260106T061500Z-QE24M
C-17220-34,P-17220-A,A,RUNOUT A-B,runout,0.0,0.03,,mm,False,False,G-0002,,,CMM,,,,,E-0162,2021-03-15,,20260106T061500Z-QE24M
C-17225-11,P-17225-C,C,LENGTH 163.10,length,163.1,163.15,163.05,mm,False,False,G-0193,,,final,,,,,E-0162,2021-03-15,,20260106T061500Z-QE24M
C-17225-15,P-17225-C,C,TRUE POSITION 4X,true position,0.0,0.1,,mm,False,False,G-0001,,,final,,,,,E-0162,2021-03-15,,20260106T061500Z-QE24M
C-17225-20,P-17225-C,C,HARDNESS HRC,hardness,38.0,40.0,36.0,HRC,False,False,G-0232,,,final,,,,,E-0162,2021-03-15,,20260106T061500Z-QE24M
C-17225-32,P-17225-C,C,BORE 29.682,bore,29.682,29.707,29.657,mm,False,False,G-0022,5,42 pieces,in-process,29.68857,29.6961,29.68103,0.0276,E-0162,2021-03-15,,20260106T061500Z-QE24M
C-17247-03,P-17247-D,D,OD 54.980,diameter,54.98,55.005,54.955,mm,False,False,G-0121,5,31 pieces,in-process,54.98167,54.98991,54.97342,0.03022,E-0162,2021-03-15,,20260106T061500Z-QE24M
C-17247-13,P-17247-D,D,BORE 7.681,bore,7.681,7.706,7.656,mm,False,False,G-0009,5,31 pieces,in-process,7.68421,7.69091,7.67752,0.02453,E-0162,2021-03-15,,20260106T061500Z-QE24M
C-17247-15,P-17247-D,D,SURFACE FINISH Ra,surface finish Ra,0.0,0.8,,um,False,False,G-0231,5,31 pieces,in-process,0.46752,0.56405,0.37099,0.35379,E-0162,2021-03-15,,20260106T061500Z-QE24M
C-17247-19,P-17247-D,D,TRUE POSITION 4X,true position,0.0,0.15,,mm,False,False,G-0001,,,final,,,,,E-0162,2021-03-15,,20260106T061500Z-QE24M
C-17255-02,P-17255-D,D,OD 7.784,diameter,7.784,7.799,7.769,mm,False,False,G-0035,5,45 pieces,in-process,7.78563,7.78944,7.78182,0.01396,E-0162,2021-03-15,,20260106T061500Z-QE24M
C-17255-13,P-17255-D,D,SURFACE FINISH Ra,surface finish Ra,0.0,1.6,,um,False,False,G-0230,,,final,,,,,E-0162,2021-03-15,,20260106T061500Z-QE24M
C-17255-16,P-17255-D,D,OD 37.806,diameter,37.806,37.821,37.791,mm,False,False,G-0066,,,final,,,,,E-0162,2021-03-15,,20260106T061500Z-QE24M
C-17255-37,P-17255-D,D,FLATNESS,flatness,0.0,0.05,0.0,mm,False,False,G-0241,5,45 pieces,in-process,0.01589,0.02328,0.0085,0.02709,E-0162,2021-03-15,,20260106T061500Z-QE24M
C-17282-17,P-17282-B,B,OD 38.974,diameter,38.974,38.994,38.954,mm,False,False,G-0081,5,30 pieces,in-process,38.97221,38.97805,38.96636,0.02142,E-0162,2021-03-15,,20260106T061500Z-QE24M
C-17282-20,P-17282-B,B,BORE 17.477,bore,17.477,17.497,17.457,mm,False,False,G-0017,5,30 pieces,in-process,17.47372,17.48104,17.4664,0.02684,E-0162,2021-03-15,,20260106T061500Z-QE24M
C-17282-22,P-17282-B,B,BORE 28.129,bore,28.129,28.149,28.109,mm,False,False,G-0024,5,30 pieces,in-process,28.12653,28.13399,28.11906,0.02736,E-0162,2021-03-15,,20260106T061500Z-QE24M
C-17282-38,P-17282-B,B,HARDNESS HRC,hardness,42.0,44.0,40.0,HRC,False,False,G-0232,,,final,,,,,E-0162,2021-03-15,,20260106T061500Z-QE24M
C-17287-01,P-17287-A,A,OD 35.002,diameter,35.002,35.017,34.987,mm,False,False,G-0002,,,CMM,,,,,E-0162,2021-03-15,,20260106T061500Z-QE24M
C-17287-10,P-17287-A,A,TRUE POSITION 4X,true position,0.0,0.1,,mm,False,False,G-0001,,,CMM,,,,,E-0162,2021-03-15,,20260106T061500Z-QE24M
C-17287-13,P-17287-A,A,OD 18.027,diameter,18.027,18.037,18.017,mm,False,False,G-0045,5,30 pieces,in-process,18.02773,18.03068,18.02479,0.0108,E-0162,2021-03-15,,20260106T061500Z-QE24M
C-17287-37,P-17287-A,A,RUNOUT A-B,runout,0.0,0.03,0.0,mm,False,False,G-0001,,,CMM,,,,,E-0162,2021-03-15,,20260106T061500Z-QE24M
C-17312-15,P-17312-B,B,OD 47.510,diameter,47.51,47.535,47.485,mm,False,False,G-0076,5,30 pieces,in-process,47.51075,47.52186,47.49964,0.04072,E-0162,2021-03-15,,20260106T061500Z-QE24M
C-17312-25,P-17312-B,B,TRUE POSITION 4X,true position,0.0,0.1,,mm,False,False,G-0002,,,CMM,,,,,E-0162,2021-03-15,,20260106T061500Z-QE24M
C-17312-32,P-17312-B,B,HARDNESS HRC,hardness,38.0,40.0,36.0,HRC,False,False,G-0232,,,final,,,,,E-0162,2021-03-15,,20260106T061500Z-QE24M
C-17312-36,P-17312-B,B,HARDNESS HRC,hardness,43.0,45.0,41.0,HRC,False,False,G-0232,,,final,,,,,E-0162,2021-03-15,,20260106T061500Z-QE24M
C-17319-01,P-17319-A,A,OD 45.262,diameter,45.262,45.282,45.242,mm,False,False,G-0082,5,18 pieces,in-process,45.2585,45.26623,45.25077,0.02833,E-0162,2021-03-15,,20260106T061500Z-QE24M
C-17319-26,P-17319-A,A,TRUE POSITION 4X,true position,0.0,0.15,,mm,False,False,G-0001,5,18 pieces,in-process,0.0311,0.04923,0.01296,0.06647,E-0162,2021-03-15,,20260106T061500Z-QE24M
C-17319-33,P-17319-A,A,RUNOUT A-B,runout,0.0,0.05,,mm,False,False,G-0238,5,18 pieces,in-process,0.01085,0.02236,0.0,0.04218,E-0162,2021-03-15,,20260106T061500Z-QE24M
C-17319-35,P-17319-A,A,TRUE POSITION 4X,true position,0.0,0.15,,mm,False,False,G-0001,,,final,,,,,E-0162,2021-03-15,,20260106T061500Z-QE24M
C-17326-09,P-17326-D,D,OD 12.477,diameter,12.477,12.487,12.467,mm,False,False,G-0064,5,40 pieces,in-process,12.47636,12.47857,12.47415,0.0081,E-0162,2021-03-15,,20260106T061500Z-QE24M
C-17326-16,P-17326-D,D,LENGTH 145.30,length,145.3,145.35,145.25,mm,False,False,G-0187,5,40 pieces,in-process,145.29883,145.31249,145.28517,0.05005,E-0162,2021-03-15,,20260106T061500Z-QE24M
C-17326-17,P-17326-D,D,OD 54.998,diameter,54.998,55.023,54.973,mm,False,False,G-0115,5,40 pieces,in-process,54.9958,55.00091,54.99069,0.01872,E-0162,2021-03-15,,20260106T061500Z-QE24M
C-17326-25,P-17326-D,D,LENGTH 80.21,length,80.21,80.26,80.16,mm,False,False,G-0189,,,final,,,,,E-0162,2021-03-15,,20260106T061500Z-QE24M
C-17329-01,P-17329-D,D,OD 14.454,diameter,14.454,14.469,14.439,mm,False,False,G-0002,,,CMM,,,,,E-0162,2021-03-15,,20260106T061500Z-QE24M
C-17329-04,P-17329-D,D,OD 33.956,diameter,33.956,33.966,33.946,mm,False,False,G-0001,,,CMM,,,,,E-0162,2021-03-15,,20260106T061500Z-QE24M
C-17329-22,P-17329-D,D,TRUE POSITION 4X,true position,0.0,0.15,,mm,False,False,G-0002,,,final,,,,,E-0162,2021-03-15,,20260106T061500Z-QE24M
C-17329-28,P-17329-D,D,TRUE POSITION 4X,true position,0.0,0.05,,mm,False,False,G-0001,,,CMM,,,,,E-0162,2021-03-15,,20260106T061500Z-QE24M
C-17335-01,P-17335-D,D,OD 46.706,diameter,46.706,46.7185,46.6935,mm,False,False,G-0108,5,20 pieces,in-process,46.70637,46.71075,46.70199,0.01605,E-0162,2021-03-15,,20260106T061500Z-QE24M
C-17335-09,P-17335-D,D,THREAD PD 8.990,thread,8.99,9.02,8.96,mm,False,False,G-0226,,,final,,,,,E-0162,2021-03-15,,20260106T061500Z-QE24M
C-17335-11,P-17335-D,D,THREAD PD 16.965,thread,16.965,16.995,16.935,mm,False,False,G-0227,,,final,,,,,E-0162,2021-03-15,,20260106T061500Z-QE24M
C-17335-22,P-17335-D,D,LENGTH 121.31,length,121.31,121.36,121.26,mm,False,False,G-0196,5,20 pieces,in-process,121.31873,121.33677,121.30068,0.06613,E-0162,2021-03-15,,20260106T061500Z-QE24M
C-17351-01,P-17351-A,A,OD 41.551,diameter,41.551,41.5635,41.5385,mm,False,False,G-0091,5,31 pieces,in-process,41.54881,41.55251,41.54511,0.01355,E-0162,2021-03-15,,20260106T061500Z-QE24M
C-17351-09,P-17351-A,A,FLATNESS,flatness,0.0,0.05,0.0,mm,False,False,G-0001,,,CMM,,,,,E-0162,2021-03-15,,20260106T061500Z-QE24M
C-17351-16,P-17351-A,A,BORE 36.447,bore,36.447,36.472,36.422,mm,False,False,G-0002,,,CMM,,,,,E-0162,2021-03-15,,20260106T061500Z-QE24M
C-17351-32,P-17351-A,A,SURFACE FINISH Ra,surface finish Ra,0.0,1.6,,um,False,False,G-0230,,,final,,,,,E-0162,2021-03-15,,20260106T061500Z-QE24M
C-17369-14,P-17369-A,A,OD 56.558,diameter,56.558,56.568,56.548,mm,False,False,G-0125,,,final,,,,,E-0162,2021-03-15,,20260106T061500Z-QE24M
C-17369-22,P-17369-A,A,TRUE POSITION 4X,true position,0.0,0.1,,mm,False,False,G-0001,,,CMM,,,,,E-0162,2021-03-15,,20260106T061500Z-QE24M
C-17369-32,P-17369-A,A,LENGTH 87.68,length,87.68,87.755,87.605,mm,False,False,G-0195,,,final,,,,,E-0162,2021-03-15,,20260106T061500Z-QE24M
C-17369-33,P-17369-A,A,OD 47.108,diameter,47.108,47.1205,47.0955,mm,False,False,G-0001,,,CMM,,,,,E-0162,2021-03-15,,20260106T061500Z-QE24M
C-17389-04,P-17389-B,B,OD 32.421,diameter,32.421,32.431,32.411,mm,False,False,G-0099,5,25 pieces,in-process,32.42036,32.42336,32.41736,0.01098,E-0162,2021-03-15,,20260106T061500Z-QE24M
C-17389-16,P-17389-B,B,OD 43.397,diameter,43.397,43.417,43.377,mm,False,False,G-0100,5,25 pieces,in-process,43.39726,43.40372,43.3908,0.02367,E-0162,2021-03-15,,20260106T061500Z-QE24M
C-17389-17,P-17389-B,B,BORE 30.332,bore,30.332,30.347,30.317,mm,False,False,G-0023,5,25 pieces,in-process,30.32954,30.33456,30.32451,0.01843,E-0162,2021-03-15,,20260106T061500Z-QE24M
C-17389-34,P-17389-B,B,LENGTH 54.10,length,54.1,54.15,54.05,mm,False,False,G-0172,,,final,,,,,E-0162,2021-03-15,,20260106T061500Z-QE24M
C-17416-06,P-17416-A,A,OD 24.534,diameter,24.534,24.5465,24.5215,mm,False,False,G-0046,5,30 pieces,in-process,24.53357,24.53789,24.52925,0.01584,E-0162,2021-03-15,,20260106T061500Z-QE24M
C-17416-17,P-17416-A,A,SURFACE FINISH Ra,surface finish Ra,0.0,3.2,,um,False,False,G-0231,5,30 pieces,in-process,1.69187,2.0079,1.37585,1.15824,E-0162,2021-03-15,,20260106T061500Z-QE24M
C-17416-19,P-17416-A,A,THREAD PD 7.473,thread,7.473,7.503,7.443,mm,False,False,G-0224,,,final,,,,,E-0162,2021-03-15,,20260106T061500Z-QE24M
C-17416-28,P-17416-A,A,LENGTH 166.58,length,166.58,166.655,166.505,mm,False,False,G-0189,5,30 pieces,in-process,166.58486,166.60223,166.56748,0.06369,E-0162,2021-03-15,,20260106T061500Z-QE24M
C-17441-01,P-17441-A,A,OD 30.868,diameter,30.868,30.878,30.858,mm,False,False,G-0002,,,CMM,,,,,E-0162,2021-03-15,,20260106T061500Z-QE24M
C-17441-31,P-17441-A,A,BORE 18.385,bore,18.385,18.405,18.365,mm,False,False,G-0020,5,30 pieces,in-process,18.38283,18.39103,18.37463,0.03005,E-0162,2021-03-15,,20260106T061500Z-QE24M
C-17441-33,P-17441-A,A,TRUE POSITION 4X,true position,0.0,0.15,,mm,False,False,G-0002,,,CMM,,,,,E-0162,2021-03-15,,20260106T061500Z-QE24M
C-17441-36,P-17441-A,A,OD 24.367,diameter,24.367,24.387,24.347,mm,False,False,G-0001,,,CMM,,,,,E-0162,2021-03-15,,20260106T061500Z-QE24M
C-17447-22,P-17447-A,A,OD 57.414,diameter,57.414,57.4265,57.4015,mm,False,False,G-0110,,,final,,,,,E-0162,2021-03-15,,20260106T061500Z-QE24M
C-17447-25,P-17447-A,A,THREAD PD 15.186,thread,15.186,15.216,15.156,mm,False,False,G-0200,,,final,,,,,E-0162,2021-03-15,,20260106T061500Z-QE24M
C-17447-29,P-17447-A,A,BORE 15.435,bore,15.435,15.455,15.415,mm,False,False,G-0002,,,CMM,,,,,E-0162,2021-03-15,,20260106T061500Z-QE24M
C-17447-36,P-17447-A,A,BORE 32.321,bore,32.321,32.336,32.306,mm,False,False,G-0022,,,final,,,,,E-0162,2021-03-15,,20260106T061500Z-QE24M
C-17469-08,P-17469-D,D,OD 12.079,diameter,12.079,12.099,12.059,mm,False,False,G-0057,5,46 pieces,in-process,12.08104,12.08841,12.07367,0.027,E-0162,2021-03-15,,20260106T061500Z-QE24M
C-17469-16,P-17469-D,D,SURFACE FINISH Ra,surface finish Ra,0.0,1.6,,um,False,False,G-0230,,,final,,,,,E-0162,2021-03-15,,20260106T061500Z-QE24M
C-17469-25,P-17469-D,D,LENGTH 168.78,length,168.78,168.88,168.68,mm,False,False,G-0195,5,46 pieces,in-process,168.79683,168.83193,168.76173,0.12865,E-0162,2021-03-15,,20260106T061500Z-QE24M
C-17469-30,P-17469-D,D,BORE 31.918,bore,31.918,31.933,31.903,mm,False,False,G-0020,5,46 pieces,in-process,31.91685,31.92092,31.91278,0.01492,E-0162,2021-03-15,,20260106T061500Z-QE24M
C-17474-12,P-17474-C,C,OD 58.020,diameter,58.02,58.035,58.005,mm,False,False,G-0112,,,final,,,,,E-0162,2021-03-15,,20260106T061500Z-QE24M
C-17474-18,P-17474-C,C,SURFACE FINISH Ra,surface finish Ra,0.0,1.6,,um,False,False,G-0231,,,final,,,,,E-0162,2021-03-15,,20260106T061500Z-QE24M
C-17474-20,P-17474-C,C,BORE 25.893,bore,25.893,25.918,25.868,mm,False,False,G-0024,5,31 pieces,in-process,25.89511,25.90148,25.88873,0.02337,E-0162,2021-03-15,,20260106T061500Z-QE24M
C-17474-26,P-17474-C,C,FLATNESS,flatness,0.0,0.02,,mm,False,False,G-0002,,,CMM,,,,,E-0162,2021-03-15,,20260106T061500Z-QE24M
C-17484-01,P-17484-A,A,OD 24.224,diameter,24.224,24.249,24.199,mm,False,False,G-0001,,,CMM,,,,,E-0162,2021-03-15,,20260106T061500Z-QE24M
C-17484-19,P-17484-A,A,SURFACE FINISH Ra,surface finish Ra,0.0,3.2,,um,False,False,G-0231,5,31 pieces,in-process,1.40566,1.7472,1.06413,1.25174,E-0162,2021-03-15,,20260106T061500Z-QE24M
C-17484-25,P-17484-A,A,SURFACE FINISH Ra,surface finish Ra,0.0,1.6,,um,False,False,G-0230,,,final,,,,,E-0162,2021-03-15,,20260106T061500Z-QE24M
C-17484-37,P-17484-A,A,HARDNESS HRC,hardness,42.0,44.0,40.0,HRC,False,False,G-0232,,,final,,,,,E-0162,2021-03-15,,20260106T061500Z-QE24M
C-17500-01,P-17500-A,A,OD 30.777,diameter,30.777,30.792,30.762,mm,False,False,G-0102,,,final,,,,,E-0162,2021-03-15,,20260106T061500Z-QE24M
C-17500-07,P-17500-A,A,FLATNESS,flatness,0.0,0.03,0.0,mm,False,False,G-0002,,,CMM,,,,,E-0162,2021-03-15,,20260106T061500Z-QE24M
C-17500-12,P-17500-A,A,TRUE POSITION 4X,true position,0.0,0.15,,mm,False,False,G-0001,,,CMM,,,,,E-0162,2021-03-15,,20260106T061500Z-QE24M
C-17500-32,P-17500-A,A,RUNOUT A-B,runout,0.0,0.03,0.0,mm,False,False,G-0246,5,42 pieces,in-process,0.01009,0.01666,0.00352,0.02409,E-0162,2021-03-15,,20260106T061500Z-QE24M
C-17509-27,P-17509-D,D,OD 11.359,diameter,11.359,11.384,11.334,mm,False,False,G-0049,5,30 pieces,in-process,11.36114,11.36831,11.35396,0.02629,E-0162,2021-03-15,,20260106T061500Z-QE24M
C-17509-30,P-17509-D,D,HARDNESS HRC,hardness,31.0,33.0,29.0,HRC,False,False,G-0232,,,final,,,,,E-0162,2021-03-15,,20260106T061500Z-QE24M
C-17509-31,P-17509-D,D,OD 42.131,diameter,42.131,42.141,42.121,mm,False,False,G-0081,5,30 pieces,in-process,42.13122,42.13429,42.12816,0.01123,E-0162,2021-03-15,,20260106T061500Z-QE24M
C-17509-37,P-17509-D,D,BORE 14.620,bore,14.62,14.645,14.595,mm,False,False,G-0018,5,30 pieces,in-process,14.62065,14.62912,14.61219,0.03102,E-0162,2021-03-15,,20260106T061500Z-QE24M
C-17532-11,P-17532-A,A,OD 15.471,diameter,15.471,15.496,15.446,mm,False,False,G-0030,5,30 pieces,in-process,15.46694,15.47366,15.46021,0.02464,E-0162,2021-03-15,,20260106T061500Z-QE24M
C-17532-15,P-17532-A,A,OD 44.055,diameter,44.055,44.0675,44.0425,mm,False,False,G-0069,5,30 pieces,in-process,44.05449,44.05923,44.04975,0.01737,E-0162,2021-03-15,,20260106T061500Z-QE24M
C-17532-26,P-17532-A,A,BORE 30.208,bore,30.208,30.228,30.188,mm,False,False,G-0022,5,30 pieces,in-process,30.21119,30.21709,30.20528,0.02165,E-0162,2021-03-15,,20260106T061500Z-QE24M
C-17532-32,P-17532-A,A,LENGTH 91.94,length,91.94,92.04,91.84,mm,False,False,G-0189,,,final,,,,,E-0162,2021-03-15,,20260106T061500Z-QE24M
C-17559-01,P-17559-B,B,OD 17.882,diameter,17.882,17.907,17.857,mm,False,False,G-0039,5,20 pieces,in-process,17.88087,17.88786,17.87388,0.02562,E-0162,2021-03-15,,20260106T061500Z-QE24M
C-17559-14,P-17559-B,B,LENGTH 43.42,length,43.42,43.52,43.32,mm,False,False,G-0160,,,final,,,,,E-0162,2021-03-15,,20260106T061500Z-QE24M
C-17559-25,P-17559-B,B,OD 39.664,diameter,39.664,39.674,39.654,mm,False,False,G-0087,5,20 pieces,in-process,39.66469,39.66809,39.66129,0.01246,E-0162,2021-03-15,,20260106T061500Z-QE24M
C-17559-27,P-17559-B,B,BORE 7.800,bore,7.8,7.8125,7.7875,mm,False,False,G-0010,5,20 pieces,in-process,7.80127,7.80516,7.79738,0.01427,E-0162,2021-03-15,,20260106T061500Z-QE24M
C-17582-19,P-17582-A,A,OD 10.595,diameter,10.595,10.6075,10.5825,mm,False,False,G-0001,,,CMM,,,,,E-0162,2021-03-15,,20260106T061500Z-QE24M
C-17582-24,P-17582-A,A,BORE 22.592,bore,22.592,22.612,22.572,mm,False,False,G-0002,,,CMM,,,,,E-0162,2021-03-15,,20260106T061500Z-QE24M
C-17582-28,P-17582-A,A,HARDNESS HRC,hardness,41.0,43.0,39.0,HRC,False,False,G-0232,,,final,,,,,E-0162,2021-03-15,,20260106T061500Z-QE24M
C-17582-32,P-17582-A,A,OD 21.680,diameter,21.68,21.6925,21.6675,mm,False,False,G-0059,,,final,,,,,E-0162,2021-03-15,,20260106T061500Z-QE24M
C-17609-11,P-17609-A,A,OD 45.686,diameter,45.686,45.706,45.666,mm,False,False,G-0091,5,31 pieces,in-process,45.68594,45.69005,45.68184,0.01503,E-0162,2021-03-15,,20260106T061500Z-QE24M
C-17609-17,P-17609-A,A,SURFACE FINISH Ra,surface finish Ra,0.0,3.2,,um,False,False,G-0230,5,31 pieces,in-process,1.95752,2.40562,1.50942,1.6423,E-0162,2021-03-15,,20260106T061500Z-QE24M
C-17609-33,P-17609-A,A,TRUE POSITION 4X,true position,0.0,0.05,,mm,False,False,G-0002,,,CMM,,,,,E-0162,2021-03-15,,20260106T061500Z-QE24M
C-17609-34,P-17609-A,A,LENGTH 128.92,length,128.92,128.97,128.87,mm,False,False,G-0196,5,31 pieces,in-process,128.91231,128.92922,128.89541,0.06197,E-0162,2021-03-15,,20260106T061500Z-QE24M
C-17627-12,P-17627-A,A,OD 11.241,diameter,11.241,11.251,11.231,mm,False,False,G-0002,,,CMM,,,,,E-0162,2021-03-15,,20260106T061500Z-QE24M
C-17627-16,P-17627-A,A,OD 56.573,diameter,56.573,56.598,56.548,mm,False,False,G-0113,5,30 pieces,in-process,56.57065,56.58246,56.55884,0.04329,E-0162,2021-03-15,,20260106T061500Z-QE24M
C-17627-22,P-17627-A,A,LENGTH 36.24,length,36.24,36.34,36.14,mm,False,False,G-0157,,,final,,,,,E-0162,2021-03-15,,20260106T061500Z-QE24M
C-17627-35,P-17627-A,A,SURFACE FINISH Ra,surface finish Ra,0.0,1.6,,um,False,False,G-0230,5,30 pieces,in-process,0.97276,1.15546,0.79005,0.66963,E-0162,2021-03-15,,20260106T061500Z-QE24M
C-17644-03,P-17644-A,A,OD 57.877,diameter,57.877,57.902,57.852,mm,False,False,G-0112,5,30 pieces,in-process,57.88088,57.88888,57.87288,0.02933,E-0162,2021-03-15,,20260106T061500Z-QE24M
C-17644-11,P-17644-A,A,FLATNESS,flatness,0.0,0.03,,mm,False,False,G-0002,,,CMM,,,,,E-0162,2021-03-15,,20260106T061500Z-QE24M
C-17644-21,P-17644-A,A,BORE 15.005,bore,15.005,15.02,14.99,mm,False,False,G-0001,,,CMM,,,,,E-0162,2021-03-15,,20260106T061500Z-QE24M
C-17644-29,P-17644-A,A,SURFACE FINISH Ra,surface finish Ra,0.0,3.2,,um,False,False,G-0231,,,final,,,,,E-0162,2021-03-15,,20260106T061500Z-QE24M
C-17672-08,P-17672-D,D,OD 54.281,diameter,54.281,54.306,54.256,mm,False,False,G-0121,5,54 pieces,in-process,54.28317,54.29152,54.27483,0.03059,E-0162,2021-03-15,,20260106T061500Z-QE24M
C-17672-27,P-17672-D,D,THREAD PD 13.463,thread,13.463,13.493,13.433,mm,False,False,G-0215,,,final,,,,,E-0162,2021-03-15,,20260106T061500Z-QE24M
C-17672-35,P-17672-D,D,SURFACE FINISH Ra,surface finish Ra,0.0,3.2,,um,False,False,G-0230,,,final,,,,,E-0162,2021-03-15,,20260106T061500Z-QE24M
C-17672-39,P-17672-D,D,LENGTH 168.35,length,168.35,168.4,168.3,mm,False,False,G-0189,,,final,,,,,E-0162,2021-03-15,,20260106T061500Z-QE24M
C-17684-10,P-17684-D,D,OD 8.229,diameter,8.229,8.244,8.214,mm,False,False,G-0001,,,CMM,,,,,E-0162,2021-03-15,,20260106T061500Z-QE24M
C-17684-21,P-17684-D,D,HARDNESS HRC,hardness,31.0,33.0,29.0,HRC,False,False,G-0232,,,final,,,,,E-0162,2021-03-15,,20260106T061500Z-QE24M
C-17684-23,P-17684-D,D,FLATNESS,flatness,0.0,0.05,,mm,False,False,G-0243,5,30 pieces,in-process,0.01473,0.02239,0.00707,0.02808,E-0162,2021-03-15,,20260106T061500Z-QE24M
C-17684-29,P-17684-D,D,RUNOUT A-B,runout,0.0,0.05,,mm,False,False,G-0244,5,30 pieces,in-process,0.00904,0.01916,0.0,0.0371,E-0162,2021-03-15,,20260106T061500Z-QE24M
C-17707-01,P-17707-D,D,OD 10.562,diameter,10.562,10.572,10.552,mm,False,False,G-0031,5,60 pieces,in-process,10.56075,10.56412,10.55738,0.01234,E-0162,2021-03-15,,20260106T061500Z-QE24M
C-17707-09,P-17707-D,D,HARDNESS HRC,hardness,40.0,42.0,38.0,HRC,False,False,G-0232,,,final,,,,,E-0162,2021-03-15,,20260106T061500Z-QE24M
C-17707-12,P-17707-D,D,THREAD PD 7.646,thread,7.646,7.676,7.616,mm,False,False,G-0221,,,final,,,,,E-0162,2021-03-15,,20260106T061500Z-QE24M
C-17707-28,P-17707-D,D,SURFACE FINISH Ra,surface finish Ra,0.0,0.8,,um,False,False,G-0230,5,60 pieces,in-process,0.44524,0.53347,0.35702,0.32335,E-0162,2021-03-15,,20260106T061500Z-QE24M
C-17732-06,P-17732-C,C,OD 50.592,diameter,50.592,50.602,50.582,mm,False,False,G-0001,,,CMM,,,,,E-0162,2021-03-15,,20260106T061500Z-QE24M
C-17732-20,P-17732-C,C,LENGTH 91.66,length,91.66,91.76,91.56,mm,False,False,G-0187,,,final,,,,,E-0162,2021-03-15,,20260106T061500Z-QE24M
C-17732-21,P-17732-C,C,RUNOUT A-B,runout,0.0,0.03,,mm,False,False,G-0249,,,final,,,,,E-0162,2021-03-15,,20260106T061500Z-QE24M
C-17732-39,P-17732-C,C,BORE 24.506,bore,24.506,24.526,24.486,mm,False,False,G-0025,,,final,,,,,E-0162,2021-03-15,,20260106T061500Z-QE24M
C-17741-25,P-17741-A,A,OD 50.300,diameter,50.3,50.325,50.275,mm,False,False,G-0111,5,31 pieces,in-process,50.30102,50.30745,50.2946,0.02355,E-0162,2021-03-15,,20260106T061500Z-QE24M
C-17741-28,P-17741-A,A,LENGTH 18.67,length,18.67,18.77,18.57,mm,False,False,G-0174,5,31 pieces,in-process,18.67354,18.70967,18.63741,0.13242,E-0162,2021-03-15,,20260106T061500Z-QE24M
C-17741-34,P-17741-A,A,TRUE POSITION 4X,true position,0.0,0.05,,mm,False,False,G-0002,,,CMM,,,,,E-0162,2021-03-15,,20260106T061500Z-QE24M
C-17741-35,P-17741-A,A,FLATNESS,flatness,0.0,0.05,0.0,mm,False,False,G-0001,,,CMM,,,,,E-0162,2021-03-15,,20260106T061500Z-QE24M
C-17751-01,P-17751-B,B,OD 34.145,diameter,34.145,34.16,34.13,mm,False,False,G-0096,5,36 pieces,in-process,34.14582,34.14917,34.14247,0.01228,E-0162,2021-03-15,,20260106T061500Z-QE24M
C-17751-05,P-17751-B,B,BORE 39.532,bore,39.532,39.5445,39.5195,mm,False,False,G-0028,5,36 pieces,in-process,39.53034,39.53583,39.52485,0.02013,E-0162,2021-03-15,,20260106T061500Z-QE24M
C-17751-10,P-17751-B,B,LENGTH 164.76,length,164.76,164.81,164.71,mm,False,False,G-0195,5,36 pieces,in-process,164.76379,164.78713,164.74045,0.08554,E-0162,2021-03-15,,20260106T061500Z-QE24M
C-17751-37,P-17751-B,B,TRUE POSITION 4X,true position,0.0,0.1,,mm,False,False,G-0001,,,CMM,,,,,E-0162,2021-03-15,,20260106T061500Z-QE24M
C-17764-25,P-17764-A,A,OD 20.636,diameter,20.636,20.646,20.626,mm,False,False,G-0034,5,30 pieces,in-process,20.63646,20.63953,20.63339,0.01125,E-0162,2021-03-15,,20260106T061500Z-QE24M
C-17764-28,P-17764-A,A,OD 13.738,diameter,13.738,13.748,13.728,mm,False,False,G-0035,5,30 pieces,in-process,13.73723,13.74069,13.73376,0.01269,E-0162,2021-03-15,,20260106T061500Z-QE24M
C-17764-34,P-17764-A,A,THREAD PD 18.105,thread,18.105,18.135,18.075,mm,False,False,G-0200,,,final,,,,,E-0162,2021-03-15,,20260106T061500Z-QE24M
C-17764-36,P-17764-A,A,THREAD PD 14.554,thread,14.554,14.584,14.524,mm,False,False,G-0201,,,final,,,,,E-0162,2021-03-15,,20260106T061500Z-QE24M
C-17784-07,P-17784-A,A,OD 12.171,diameter,12.171,12.196,12.146,mm,False,False,G-0001,,,CMM,,,,,E-0162,2021-03-15,,20260106T061500Z-QE24M
C-17784-09,P-17784-A,A,OD 13.006,diameter,13.006,13.021,12.991,mm,False,False,G-0031,5,21 pieces,in-process,13.00903,13.01426,13.0038,0.01916,E-0162,2021-03-15,,20260106T061500Z-QE24M
C-17784-11,P-17784-A,A,THREAD PD 11.836,thread,11.836,11.866,11.806,mm,False,False,G-0220,,,final,,,,,E-0162,2021-03-15,,20260106T061500Z-QE24M
C-17784-17,P-17784-A,A,BORE 37.620,bore,37.62,37.6325,37.6075,mm,False,False,G-0029,,,final,,,,,E-0162,2021-03-15,,20260106T061500Z-QE24M
C-17789-09,P-17789-B,B,OD 36.933,diameter,36.933,36.958,36.908,mm,False,False,G-0104,,,final,,,,,E-0162,2021-03-15,,20260106T061500Z-QE24M
C-17789-29,P-17789-B,B,OD 43.883,diameter,43.883,43.908,43.858,mm,False,False,G-0105,5,66 pieces,in-process,43.88103,43.88905,43.873,0.02941,E-0162,2021-03-15,,20260106T061500Z-QE24M
C-17789-34,P-17789-B,B,LENGTH 94.27,length,94.27,94.345,94.195,mm,False,False,G-0195,5,66 pieces,in-process,94.26919,94.29444,94.24394,0.09253,E-0162,2021-03-15,,20260106T061500Z-QE24M
C-17789-38,P-17789-B,B,BORE 15.979,bore,15.979,15.9915,15.9665,mm,False,False,G-0016,5,66 pieces,in-process,15.97913,15.98533,15.97293,0.02272,E-0162,2021-03-15,,20260106T061500Z-QE24M
C-17795-01,P-17795-A,A,OD 38.330,diameter,38.33,38.355,38.305,mm,False,False,G-0103,5,166 pieces,in-process,38.32598,38.33447,38.31749,0.0311,E-0162,2021-03-15,,20260106T061500Z-QE24M
C-17795-32,P-17795-A,A,LENGTH 165.67,length,165.67,165.72,165.62,mm,False,False,G-0194,,,final,,,,,E-0162,2021-03-15,,20260106T061500Z-QE24M
C-17795-35,P-17795-A,A,SURFACE FINISH Ra,surface finish Ra,0.0,0.8,,um,False,False,G-0231,,,final,,,,,E-0162,2021-03-15,,20260106T061500Z-QE24M
C-17795-38,P-17795-A,A,BORE 21.096,bore,21.096,21.116,21.076,mm,False,False,G-0022,5,166 pieces,in-process,21.09375,21.09866,21.08883,0.01801,E-0162,2021-03-15,,20260106T061500Z-QE24M
C-17814-16,P-17814-A,A,OD 42.068,diameter,42.068,42.0805,42.0555,mm,False,False,G-0107,5,25 pieces,in-process,42.06651,42.07139,42.06163,0.01788,E-0162,2021-03-15,,20260106T061500Z-QE24M
C-17814-24,P-17814-A,A,OD 12.227,diameter,12.227,12.2395,12.2145,mm,False,False,G-0061,5,25 pieces,in-process,12.22746,12.23167,12.22325,0.01543,E-0162,2021-03-15,,20260106T061500Z-QE24M
C-17814-26,P-17814-A,A,OD 31.857,diameter,31.857,31.8695,31.8445,mm,False,False,G-0066,,,final,,,,,E-0162,2021-03-15,,20260106T061500Z-QE24M
C-17814-34,P-17814-A,A,TRUE POSITION 4X,true position,0.0,0.05,,mm,False,False,G-0002,,,final,,,,,E-0162,2021-03-15,,20260106T061500Z-QE24M
C-17841-02,P-17841-B,B,OD 53.989,diameter,53.989,54.009,53.969,mm,False,False,G-0002,,,CMM,,,,,E-0162,2021-03-15,,20260106T061500Z-QE24M
C-17841-22,P-17841-B,B,LENGTH 24.82,length,24.82,24.87,24.77,mm,False,False,G-0154,5,30 pieces,in-process,24.81239,24.83072,24.79406,0.06718,E-0162,2021-03-15,,20260106T061500Z-QE24M
C-17841-28,P-17841-B,B,OD 46.347,diameter,46.347,46.372,46.322,mm,False,False,G-0083,,,final,,,,,E-0162,2021-03-15,,20260106T061500Z-QE24M
C-17841-33,P-17841-B,B,LENGTH 66.83,length,66.83,66.88,66.78,mm,False,False,G-0156,5,30 pieces,in-process,66.83772,66.85799,66.81744,0.0743,E-0162,2021-03-15,,20260106T061500Z-QE24M
C-17849-09,P-17849-A,A,OD 7.779,diameter,7.779,7.7915,7.7665,mm,False,False,G-0053,5,55 pieces,in-process,7.77946,7.78243,7.77649,0.01088,E-0162,2021-03-15,,20260106T061500Z-QE24M
C-17849-21,P-17849-A,A,OD 30.306,diameter,30.306,30.3185,30.2935,mm,False,False,G-0095,5,55 pieces,in-process,30.305,30.30865,30.30134,0.0134,E-0162,2021-03-15,,20260106T061500Z-QE24M
C-17849-34,P-17849-A,A,BORE 11.494,bore,11.494,11.514,11.474,mm,False,False,G-0015,,,final,,,,,E-0162,2021-03-15,,20260106T061500Z-QE24M
C-17849-39,P-17849-A,A,OD 34.293,diameter,34.293,34.303,34.283,mm,False,False,G-0001,,,CMM,,,,,E-0162,2021-03-15,,20260106T061500Z-QE24M
C-17854-12,P-17854-A,A,OD 49.528,diameter,49.528,49.5405,49.5155,mm,False,False,G-0086,5,31 pieces,in-process,49.52724,49.52993,49.52456,0.00984,E-0162,2021-03-15,,20260106T061500Z-QE24M
C-17854-24,P-17854-A,A,RUNOUT A-B,runout,0.0,0.05,0.0,mm,False,False,G-0262,5,31 pieces,in-process,0.0087,0.01697,0.00043,0.03032,E-0162,2021-03-15,,20260106T061500Z-QE24M
C-17854-29,P-17854-A,A,FLATNESS,flatness,0.0,0.05,0.0,mm,False,False,G-0233,5,31 pieces,in-process,0.00868,0.01726,9e-05,0.03146,E-0162,2021-03-15,,20260106T061500Z-QE24M
C-17854-31,P-17854-A,A,TRUE POSITION 4X,true position,0.0,0.05,,mm,False,False,G-0002,,,final,,,,,E-0162,2021-03-15,,20260106T061500Z-QE24M
C-17881-03,P-17881-C,C,OD 33.254,diameter,33.254,33.2665,33.2415,mm,False,False,G-0103,5,30 pieces,in-process,33.2545,33.25854,33.25047,0.01479,E-0162,2021-03-15,,20260106T061500Z-QE24M
C-17881-10,P-17881-C,C,TRUE POSITION 4X,true position,0.0,0.1,,mm,False,False,G-0001,,,CMM,,,,,E-0162,2021-03-15,,20260106T061500Z-QE24M
C-17881-27,P-17881-C,C,LENGTH 68.34,length,68.34,68.415,68.265,mm,False,False,G-0135,,,final,,,,,E-0162,2021-03-15,,20260106T061500Z-QE24M
C-17881-32,P-17881-C,C,THREAD PD 5.065,thread,5.065,5.095,5.035,mm,False,False,G-0210,,,final,,,,,E-0162,2021-03-15,,20260106T061500Z-QE24M
C-17901-07,P-17901-A,A,OD 12.181,diameter,12.181,12.206,12.156,mm,False,False,G-0057,5,36 pieces,in-process,12.17968,12.18768,12.17169,0.02931,E-0162,2021-03-15,,20260106T061500Z-QE24M
C-17901-09,P-17901-A,A,LENGTH 128.62,length,128.62,128.695,128.545,mm,False,False,G-0194,,,final,,,,,E-0162,2021-03-15,,20260106T061500Z-QE24M
C-17901-24,P-17901-A,A,TRUE POSITION 4X,true position,0.0,0.1,,mm,False,False,G-0002,,,CMM,,,,,E-0162,2021-03-15,,20260106T061500Z-QE24M
C-17901-32,P-17901-A,A,TRUE POSITION 4X,true position,0.0,0.05,,mm,False,False,G-0001,,,final,,,,,E-0162,2021-03-15,,20260106T061500Z-QE24M
C-17915-07,P-17915-C,C,OD 53.257,diameter,53.257,53.277,53.237,mm,False,False,G-0002,,,CMM,,,,,E-0162,2021-03-15,,20260106T061500Z-QE24M
C-17915-18,P-17915-C,C,SURFACE FINISH Ra,surface finish Ra,0.0,1.6,,um,False,False,G-0230,,,final,,,,,E-0162,2021-03-15,,20260106T061500Z-QE24M
C-17915-24,P-17915-C,C,LENGTH 116.46,length,116.46,116.56,116.36,mm,False,False,G-0195,,,final,,,,,E-0162,2021-03-15,,20260106T061500Z-QE24M
C-17915-37,P-17915-C,C,BORE 17.154,bore,17.154,17.174,17.134,mm,False,False,G-0001,,,CMM,,,,,E-0162,2021-03-15,,20260106T061500Z-QE24M
C-17934-08,P-17934-A,A,OD 32.217,diameter,32.217,32.242,32.192,mm,False,False,G-0001,,,CMM,,,,,E-0162,2021-03-15,,20260106T061500Z-QE24M
C-17934-13,P-17934-A,A,TRUE POSITION 4X,true position,0.0,0.05,,mm,False,False,G-0002,,,final,,,,,E-0162,2021-03-15,,20260106T061500Z-QE24M
C-17934-23,P-17934-A,A,TRUE POSITION 4X,true position,0.0,0.05,,mm,False,False,G-0001,5,30 pieces,in-process,0.0115,0.01867,0.00433,0.02627,E-0162,2021-03-15,,20260106T061500Z-QE24M
C-17934-31,P-17934-A,A,LENGTH 133.52,length,133.52,133.595,133.445,mm,False,False,G-0189,5,30 pieces,in-process,133.51614,133.5401,133.49218,0.08781,E-0162,2021-03-15,,20260106T061500Z-QE24M
C-17937-12,P-17937-B,B,OD 54.204,diameter,54.204,54.224,54.184,mm,False,False,G-0123,5,39 pieces,in-process,54.2021,54.20929,54.1949,0.02637,E-0162,2021-03-15,,20260106T061500Z-QE24M
C-17937-13,P-17937-B,B,LENGTH 172.87,length,172.87,172.97,172.77,mm,False,False,G-0194,5,39 pieces,in-process,172.86791,172.89664,172.83918,0.10531,E-0162,2021-03-15,,20260106T061500Z-QE24M
C-17937-17,P-17937-B,B,RUNOUT A-B,runout,0.0,0.08,,mm,False,False,G-0244,5,39 pieces,in-process,0.0161,0.02832,0.00388,0.04478,E-0162,2021-03-15,,20260106T061500Z-QE24M
C-17937-34,P-17937-B,B,LENGTH 83.86,length,83.86,83.91,83.81,mm,False,False,G-0196,5,39 pieces,in-process,83.86472,83.88621,83.84323,0.07876,E-0162,2021-03-15,,20260106T061500Z-QE24M
C-17956-05,P-17956-A,A,OD 18.298,diameter,18.298,18.3105,18.2855,mm,False,False,G-0001,,,CMM,,,,,E-0162,2021-03-15,,20260106T061500Z-QE24M
C-17956-10,P-17956-A,A,BORE 28.121,bore,28.121,28.141,28.101,mm,False,False,G-0025,5,30 pieces,in-process,28.12054,28.12636,28.11473,0.02131,E-0162,2021-03-15,,20260106T061500Z-QE24M
C-17956-27,P-17956-A,A,FLATNESS,flatness,0.0,0.02,,mm,False,False,G-0001,,,CMM,,,,,E-0162,2021-03-15,,20260106T061500Z-QE24M
C-17956-34,P-17956-A,A,LENGTH 128.89,length,128.89,128.94,128.84,mm,False,False,G-0189,5,30 pieces,in-process,128.88913,128.90325,128.87501,0.05175,E-0162,2021-03-15,,20260106T061500Z-QE24M
C-17974-06,P-17974-C,C,OD 50.300,diameter,50.3,50.32,50.28,mm,False,False,G-0001,,,CMM,,,,,E-0162,2021-03-15,,20260106T061500Z-QE24M
C-17974-16,P-17974-C,C,BORE 25.548,bore,25.548,25.568,25.528,mm,False,False,G-0002,,,CMM,,,,,E-0162,2021-03-15,,20260106T061500Z-QE24M
C-17974-34,P-17974-C,C,TRUE POSITION 4X,true position,0.0,0.1,,mm,False,False,G-0001,,,CMM,,,,,E-0162,2021-03-15,,20260106T061500Z-QE24M
C-17974-39,P-17974-C,C,LENGTH 30.05,length,30.05,30.1,30.0,mm,False,False,G-0127,,,final,,,,,E-0162,2021-03-15,,20260106T061500Z-QE24M
C-17995-15,P-17995-A,A,OD 40.947,diameter,40.947,40.9595,40.9345,mm,False,False,G-0084,5,30 pieces,in-process,40.94424,40.94947,40.93901,0.01916,E-0162,2021-03-15,,20260106T061500Z-QE24M
C-17995-17,P-17995-A,A,BORE 26.640,bore,26.64,26.655,26.625,mm,False,False,G-0022,5,30 pieces,in-process,26.63878,26.64347,26.6341,0.01717,E-0162,2021-03-15,,20260106T061500Z-QE24M
C-17995-29,P-17995-A,A,BORE 7.797,bore,7.797,7.812,7.782,mm,False,False,G-0011,5,30 pieces,in-process,7.80088,7.80662,7.79513,0.02106,E-0162,2021-03-15,,20260106T061500Z-QE24M
C-17995-30,P-17995-A,A,LENGTH 47.89,length,47.89,47.99,47.79,mm,False,False,G-0154,,,final,,,,,E-0162,2021-03-15,,20260106T061500Z-QE24M
C-18023-06,P-18023-B,B,OD 45.928,diameter,45.928,45.953,45.903,mm,False,False,G-0002,,,CMM,,,,,E-0162,2021-03-15,,20260106T061500Z-QE24M
C-18023-18,P-18023-B,B,SURFACE FINISH Ra,surface finish Ra,0.0,1.6,,um,False,False,G-0230,,,final,,,,,E-0162,2021-03-15,,20260106T061500Z-QE24M
C-18023-21,P-18023-B,B,RUNOUT A-B,runout,0.0,0.03,0.0,mm,False,False,G-0002,,,CMM,,,,,E-0162,2021-03-15,,20260106T061500Z-QE24M
C-18023-37,P-18023-B,B,FLATNESS,flatness,0.0,0.03,0.0,mm,False,False,G-0247,,,final,,,,,E-0162,2021-03-15,,20260106T061500Z-QE24M
C-18035-02,P-18035-B,B,OD 45.942,diameter,45.942,45.952,45.932,mm,False,False,G-0106,5,30 pieces,in-process,45.94175,45.94374,45.93976,0.00728,E-0162,2021-03-15,,20260106T061500Z-QE24M
C-18035-09,P-18035-B,B,SURFACE FINISH Ra,surface finish Ra,0.0,0.8,,um,False,False,G-0230,5,30 pieces,in-process,0.40708,0.49484,0.31931,0.32166,E-0162,2021-03-15,,20260106T061500Z-QE24M
C-18035-26,P-18035-B,B,LENGTH 137.11,length,137.11,137.185,137.035,mm,False,False,G-0195,,,final,,,,,E-0162,2021-03-15,,20260106T061500Z-QE24M
C-18035-39,P-18035-B,B,LENGTH 11.23,length,11.23,11.28,11.18,mm,False,False,G-0134,5,30 pieces,in-process,11.23035,11.24663,11.21406,0.05968,E-0162,2021-03-15,,20260106T061500Z-QE24M
C-18051-01,P-18051-D,D,OD 35.122,diameter,35.122,35.142,35.102,mm,False,False,G-0089,5,34 pieces,in-process,35.12243,35.12969,35.11517,0.02659,E-0162,2021-03-15,,20260106T061500Z-QE24M
C-18051-12,P-18051-D,D,HARDNESS HRC,hardness,35.0,37.0,33.0,HRC,False,False,G-0232,,,final,,,,,E-0162,2021-03-15,,20260106T061500Z-QE24M
C-18051-15,P-18051-D,D,THREAD PD 13.914,thread,13.914,13.944,13.884,mm,False,False,G-0229,,,final,,,,,E-0162,2021-03-15,,20260106T061500Z-QE24M
C-18051-18,P-18051-D,D,BORE 20.203,bore,20.203,20.223,20.183,mm,False,False,G-0001,,,CMM,,,,,E-0162,2021-03-15,,20260106T061500Z-QE24M
C-18065-08,P-18065-A,A,OD 12.981,diameter,12.981,13.001,12.961,mm,False,False,G-0053,5,39 pieces,in-process,12.98068,12.98635,12.97501,0.02078,E-0162,2021-03-15,,20260106T061500Z-QE24M
C-18065-23,P-18065-A,A,BORE 39.150,bore,39.15,39.1625,39.1375,mm,False,False,G-0026,5,39 pieces,in-process,39.15115,39.15477,39.14754,0.01325,E-0162,2021-03-15,,20260106T061500Z-QE24M
C-18065-31,P-18065-A,A,BORE 8.569,bore,8.569,8.584,8.554,mm,False,False,G-0002,,,CMM,,,,,E-0162,2021-03-15,,20260106T061500Z-QE24M
C-18065-32,P-18065-A,A,SURFACE FINISH Ra,surface finish Ra,0.0,1.6,,um,False,False,G-0230,,,final,,,,,E-0162,2021-03-15,,20260106T061500Z-QE24M
C-18079-06,P-18079-A,A,OD 54.067,diameter,54.067,54.0795,54.0545,mm,False,False,G-0114,5,46 pieces,in-process,54.06576,54.06969,54.06184,0.01438,E-0162,2021-03-15,,20260106T061500Z-QE24M
C-18079-12,P-18079-A,A,TRUE POSITION 4X,true position,0.0,0.15,,mm,False,False,G-0001,,,CMM,,,,,E-0162,2021-03-15,,20260106T061500Z-QE24M
C-18079-35,P-18079-A,A,OD 47.588,diameter,47.588,47.598,47.578,mm,False,False,G-0002,,,CMM,,,,,E-0162,2021-03-15,,20260106T061500Z-QE24M
C-18079-37,P-18079-A,A,TRUE POSITION 4X,true position,0.0,0.15,,mm,False,False,G-0001,,,CMM,,,,,E-0162,2021-03-15,,20260106T061500Z-QE24M
C-18084-05,P-18084-D,D,OD 21.516,diameter,21.516,21.541,21.491,mm,False,False,G-0042,5,31 pieces,in-process,21.51398,21.52021,21.50775,0.02283,E-0162,2021-03-15,,20260106T061500Z-QE24M
C-18084-13,P-18084-D,D,FLATNESS,flatness,0.0,0.02,0.0,mm,False,False,G-0002,,,CMM,,,,,E-0162,2021-03-15,,20260106T061500Z-QE24M
C-18084-25,P-18084-D,D,BORE 16.911,bore,16.911,16.926,16.896,mm,False,False,G-0016,5,31 pieces,in-process,16.90943,16.9142,16.90466,0.01749,E-0162,2021-03-15,,20260106T061500Z-QE24M
C-18084-37,P-18084-D,D,TRUE POSITION 4X,true position,0.0,0.15,,mm,False,False,G-0002,,,CMM,,,,,E-0162,2021-03-15,,20260106T061500Z-QE24M
C-18087-06,P-18087-D,D,OD 35.065,diameter,35.065,35.08,35.05,mm,False,False,G-0002,,,CMM,,,,,E-0162,2021-03-15,,20260106T061500Z-QE24M
C-18087-14,P-18087-D,D,LENGTH 119.22,length,119.22,119.295,119.145,mm,False,False,G-0194,5,36 pieces,in-process,119.22349,119.24608,119.20091,0.08278,E-0162,2021-03-15,,20260106T061500Z-QE24M
C-18087-23,P-18087-D,D,OD 55.378,diameter,55.378,55.3905,55.3655,mm,False,False,G-0121,5,36 pieces,in-process,55.37868,55.38266,55.3747,0.01459,E-0162,2021-03-15,,20260106T061500Z-QE24M
C-18087-35,P-18087-D,D,TRUE POSITION 4X,true position,0.0,0.15,,mm,False,False,G-0001,,,final,,,,,E-0162,2021-03-15,,20260106T061500Z-QE24M
C-18106-03,P-18106-D,D,OD 4.430,diameter,4.43,4.455,4.405,mm,False,False,G-0052,5,31 pieces,in-process,4.42694,4.43433,4.41955,0.0271,E-0162,2021-03-15,,20260106T061500Z-QE24M
C-18106-08,P-18106-D,D,LENGTH 17.81,length,17.81,17.91,17.71,mm,False,False,G-0149,5,31 pieces,in-process,17.81473,17.84142,17.78804,0.09781,E-0162,2021-03-15,,20260106T061500Z-QE24M
C-18106-15,P-18106-D,D,BORE 38.054,bore,38.054,38.069,38.039,mm,False,False,G-0026,5,31 pieces,in-process,38.05311,38.05803,38.04818,0.01805,E-0162,2021-03-15,,20260106T061500Z-QE24M
C-18106-24,P-18106-D,D,THREAD PD 17.106,thread,17.106,17.136,17.076,mm,False,False,G-0225,,,final,,,,,E-0162,2021-03-15,,20260106T061500Z-QE24M
C-18115-18,P-18115-C,C,OD 57.290,diameter,57.29,57.3,57.28,mm,False,False,G-0111,5,34 pieces,in-process,57.28995,57.2934,57.28649,0.01267,E-0162,2021-03-15,,20260106T061500Z-QE24M
C-18115-22,P-18115-C,C,LENGTH 141.27,length,141.27,141.32,141.22,mm,False,False,G-0194,5,34 pieces,in-process,141.27432,141.29017,141.25847,0.05809,E-0162,2021-03-15,,20260106T061500Z-QE24M
C-18115-33,P-18115-C,C,THREAD PD 14.241,thread,14.241,14.271,14.211,mm,False,False,G-0227,,,final,,,,,E-0162,2021-03-15,,20260106T061500Z-QE24M
C-18115-36,P-18115-C,C,SURFACE FINISH Ra,surface finish Ra,0.0,1.6,,um,False,False,G-0230,,,final,,,,,E-0162,2021-03-15,,20260106T061500Z-QE24M
C-18136-08,P-18136-D,D,OD 59.681,diameter,59.681,59.706,59.656,mm,False,False,G-0001,,,CMM,,,,,E-0162,2021-03-15,,20260106T061500Z-QE24M
C-18136-09,P-18136-D,D,LENGTH 138.02,length,138.02,138.095,137.945,mm,False,False,G-0187,,,final,,,,,E-0162,2021-03-15,,20260106T061500Z-QE24M
C-18136-13,P-18136-D,D,THREAD PD 9.531,thread,9.531,9.561,9.501,mm,False,False,G-0224,,,final,,,,,E-0162,2021-03-15,,20260106T061500Z-QE24M
C-18136-32,P-18136-D,D,BORE 24.463,bore,24.463,24.478,24.448,mm,False,False,G-0021,5,30 pieces,in-process,24.46307,24.46807,24.45807,0.01832,E-0162,2021-03-15,,20260106T061500Z-QE24M
C-18143-07,P-18143-B,B,OD 31.173,diameter,31.173,31.198,31.148,mm,False,False,G-0002,,,CMM,,,,,E-0162,2021-03-15,,20260106T061500Z-QE24M
C-18143-19,P-18143-B,B,RUNOUT A-B,runout,0.0,0.05,0.0,mm,False,False,G-0001,,,CMM,,,,,E-0162,2021-03-15,,20260106T061500Z-QE24M
C-18143-21,P-18143-B,B,FLATNESS,flatness,0.0,0.02,0.0,mm,False,False,G-0002,,,CMM,,,,,E-0162,2021-03-15,,20260106T061500Z-QE24M
C-18143-34,P-18143-B,B,RUNOUT A-B,runout,0.0,0.05,0.0,mm,False,False,G-0247,5,43 pieces,in-process,0.01213,0.02103,0.00322,0.03264,E-0162,2021-03-15,,20260106T061500Z-QE24M
C-18153-07,P-18153-B,B,OD 38.070,diameter,38.07,38.085,38.055,mm,False,False,G-0072,,,final,,,,,E-0162,2021-03-15,,20260106T061500Z-QE24M
C-18153-08,P-18153-B,B,SURFACE FINISH Ra,surface finish Ra,0.0,3.2,,um,False,False,G-0230,,,final,,,,,E-0162,2021-03-15,,20260106T061500Z-QE24M
C-18153-10,P-18153-B,B,OD 28.253,diameter,28.253,28.278,28.228,mm,False,False,G-0074,5,31 pieces,in-process,28.25207,28.25778,28.24635,0.02096,E-0162,2021-03-15,,20260106T061500Z-QE24M
C-18153-35,P-18153-B,B,BORE 10.300,bore,10.3,10.32,10.28,mm,False,False,G-0001,,,CMM,,,,,E-0162,2021-03-15,,20260106T061500Z-QE24M
C-18156-13,P-18156-A,A,OD 26.680,diameter,26.68,26.6925,26.6675,mm,False,False,G-0093,5,46 pieces,in-process,26.67999,26.68356,26.67641,0.01311,E-0162,2021-03-15,,20260106T061500Z-QE24M
C-18156-15,P-18156-A,A,BORE 32.021,bore,32.021,32.046,31.996,mm,False,False,G-0021,5,46 pieces,in-process,32.02243,32.03047,32.01439,0.02946,E-0162,2021-03-15,,20260106T061500Z-QE24M
C-18156-20,P-18156-A,A,LENGTH 70.79,length,70.79,70.84,70.74,mm,False,False,G-0140,5,46 pieces,in-process,70.78485,70.8001,70.7696,0.05588,E-0162,2021-03-15,,20260106T061500Z-QE24M
C-18156-37,P-18156-A,A,SURFACE FINISH Ra,surface finish Ra,0.0,1.6,,um,False,False,G-0231,5,46 pieces,in-process,1.01484,1.18101,0.84867,0.60903,E-0162,2021-03-15,,20260106T061500Z-QE24M
C-18159-05,P-18159-A,A,OD 59.461,diameter,59.461,59.486,59.436,mm,False,False,G-0002,,,CMM,,,,,E-0162,2021-03-15,,20260106T061500Z-QE24M
C-18159-18,P-18159-A,A,TRUE POSITION 4X,true position,0.0,0.05,,mm,False,False,G-0001,,,final,,,,,E-0162,2021-03-15,,20260106T061500Z-QE24M
C-18159-23,P-18159-A,A,RUNOUT A-B,runout,0.0,0.08,,mm,False,False,G-0002,,,CMM,,,,,E-0162,2021-03-15,,20260106T061500Z-QE24M
C-18159-25,P-18159-A,A,BORE 13.107,bore,13.107,13.1195,13.0945,mm,False,False,G-0001,,,CMM,,,,,E-0162,2021-03-15,,20260106T061500Z-QE24M
C-18165-09,P-18165-B,B,OD 4.388,diameter,4.388,4.398,4.378,mm,False,False,G-0033,5,30 pieces,in-process,4.38927,4.3928,4.38575,0.01292,E-0162,2021-03-15,,20260106T061500Z-QE24M
C-18165-19,P-18165-B,B,OD 29.278,diameter,29.278,29.293,29.263,mm,False,False,G-0001,,,CMM,,,,,E-0162,2021-03-15,,20260106T061500Z-QE24M
C-18165-22,P-18165-B,B,BORE 15.075,bore,15.075,15.095,15.055,mm,False,False,G-0019,5,30 pieces,in-process,15.06912,15.0758,15.06245,0.02446,E-0162,2021-03-15,,20260106T061500Z-QE24M
C-18165-37,P-18165-B,B,FLATNESS,flatness,0.0,0.02,0.0,mm,False,False,G-0001,,,CMM,,,,,E-0162,2021-03-15,,20260106T061500Z-QE24M
C-18180-04,P-18180-D,D,OD 8.235,diameter,8.235,8.26,8.21,mm,False,False,G-0030,5,31 pieces,in-process,8.23595,8.24203,8.22987,0.02228,E-0162,2021-03-15,,20260106T061500Z-QE24M
C-18180-10,P-18180-D,D,OD 35.100,diameter,35.1,35.11,35.09,mm,False,False,G-0090,5,31 pieces,in-process,35.10108,35.10422,35.09794,0.01151,E-0162,2021-03-15,,20260106T061500Z-QE24M
C-18180-27,P-18180-D,D,OD 16.273,diameter,16.273,16.293,16.253,mm,False,False,G-0032,5,31 pieces,in-process,16.27181,16.27714,16.26648,0.01953,E-0162,2021-03-15,,20260106T061500Z-QE24M
C-18180-29,P-18180-D,D,BORE 22.218,bore,22.218,22.238,22.198,mm,False,False,G-0023,5,31 pieces,in-process,22.21791,22.22451,22.2113,0.02421,E-0162,2021-03-15,,20260106T061500Z-QE24M
C-18202-08,P-18202-A,A,OD 20.456,diameter,20.456,20.476,20.436,mm,False,False,G-0001,,,CMM,,,,,E-0162,2021-03-15,,20260106T061500Z-QE24M
C-18202-20,P-18202-A,A,LENGTH 163.74,length,163.74,163.79,163.69,mm,False,False,G-0187,,,final,,,,,E-0162,2021-03-15,,20260106T061500Z-QE24M
C-18202-28,P-18202-A,A,HARDNESS HRC,hardness,39.0,41.0,37.0,HRC,False,False,G-0232,,,final,,,,,E-0162,2021-03-15,,20260106T061500Z-QE24M
C-18202-38,P-18202-A,A,BORE 35.300,bore,35.3,35.315,35.285,mm,False,False,G-0002,,,CMM,,,,,E-0162,2021-03-15,,20260106T061500Z-QE24M
C-18210-12,P-18210-D,D,OD 58.049,diameter,58.049,58.069,58.029,mm,False,False,G-0001,,,CMM,,,,,E-0162,2021-03-15,,20260106T061500Z-QE24M
C-18210-17,P-18210-D,D,BORE 24.152,bore,24.152,24.1645,24.1395,mm,False,False,G-0021,5,57 pieces,in-process,24.15046,24.15497,24.14595,0.01653,E-0162,2021-03-15,,20260106T061500Z-QE24M
C-18210-36,P-18210-D,D,OD 32.337,diameter,32.337,32.352,32.322,mm,False,False,G-0086,5,57 pieces,in-process,32.33903,32.34366,32.3344,0.01696,E-0162,2021-03-15,,20260106T061500Z-QE24M
C-18210-39,P-18210-D,D,OD 56.928,diameter,56.928,56.948,56.908,mm,False,False,G-0116,5,57 pieces,in-process,56.92871,56.93491,56.9225,0.02274,E-0162,2021-03-15,,20260106T061500Z-QE24M
C-18234-06,P-18234-B,B,OD 35.899,diameter,35.899,35.9115,35.8865,mm,False,False,G-0080,5,34 pieces,in-process,35.89832,35.9009,35.89574,0.00945,E-0162,2021-03-15,,20260106T061500Z-QE24M
C-18234-22,P-18234-B,B,LENGTH 135.79,length,135.79,135.865,135.715,mm,False,False,G-0187,5,34 pieces,in-process,135.80645,135.83208,135.78083,0.09393,E-0162,2021-03-15,,20260106T061500Z-QE24M
C-18234-26,P-18234-B,B,FLATNESS,flatness,0.0,0.03,0.0,mm,False,False,G-0001,,,CMM,,,,,E-0162,2021-03-15,,20260106T061500Z-QE24M
C-18234-29,P-18234-B,B,THREAD PD 12.870,thread,12.87,12.9,12.84,mm,False,False,G-0221,,,final,,,,,E-0162,2021-03-15,,20260106T061500Z-QE24M
C-18251-06,P-18251-A,A,OD 53.520,diameter,53.52,53.535,53.505,mm,False,False,G-0111,5,32 pieces,in-process,53.52021,53.52595,53.51446,0.02105,E-0162,2021-03-15,,20260106T061500Z-QE24M
C-18251-07,P-18251-A,A,BORE 18.633,bore,18.633,18.6455,18.6205,mm,False,False,G-0001,,,CMM,,,,,E-0162,2021-03-15,,20260106T061500Z-QE24M
C-18251-29,P-18251-A,A,FLATNESS,flatness,0.0,0.05,0.0,mm,False,False,G-0252,5,32 pieces,in-process,0.01389,0.0229,0.00489,0.03301,E-0162,2021-03-15,,20260106T061500Z-QE24M
C-18251-36,P-18251-A,A,LENGTH 24.96,length,24.96,25.06,24.86,mm,False,False,G-0146,,,final,,,,,E-0162,2021-03-15,,20260106T061500Z-QE24M
C-18269-11,P-18269-B,B,OD 36.486,diameter,36.486,36.496,36.476,mm,False,False,G-0067,5,32 pieces,in-process,36.48688,36.48981,36.48396,0.01073,E-0162,2021-03-15,,20260106T061500Z-QE24M
C-18269-12,P-18269-B,B,RUNOUT A-B,runout,0.0,0.03,0.0,mm,False,False,G-0257,5,32 pieces,in-process,0.00665,0.01158,0.00171,0.01809,E-0162,2021-03-15,,20260106T061500Z-QE24M
C-18269-13,P-18269-B,B,SURFACE FINISH Ra,surface finish Ra,0.0,1.6,,um,False,False,G-0231,5,32 pieces,in-process,0.98891,1.21099,0.76683,0.81393,E-0162,2021-03-15,,20260106T061500Z-QE24M
C-18269-36,P-18269-B,B,SURFACE FINISH Ra,surface finish Ra,0.0,0.8,,um,False,False,G-0230,,,final,,,,,E-0162,2021-03-15,,20260106T061500Z-QE24M
C-18293-16,P-18293-A,A,OD 8.146,diameter,8.146,8.156,8.136,mm,False,False,G-0065,5,28 pieces,in-process,8.14603,8.14801,8.14406,0.00723,E-0162,2021-03-15,,20260106T061500Z-QE24M
C-18293-18,P-18293-A,A,TRUE POSITION 4X,true position,0.0,0.15,,mm,False,False,G-0001,,,final,,,,,E-0162,2021-03-15,,20260106T061500Z-QE24M
C-18293-22,P-18293-A,A,THREAD PD 11.774,thread,11.774,11.804,11.744,mm,False,False,G-0213,,,final,,,,,E-0162,2021-03-15,,20260106T061500Z-QE24M
C-18293-24,P-18293-A,A,LENGTH 149.00,length,149.0,149.1,148.9,mm,False,False,G-0196,,,final,,,,,E-0162,2021-03-15,,20260106T061500Z-QE24M
C-18315-05,P-18315-A,A,OD 56.000,diameter,56.0,56.0125,55.9875,mm,False,False,G-0117,5,55 pieces,in-process,55.99979,56.00255,55.99703,0.01012,E-0162,2021-03-15,,20260106T061500Z-QE24M
C-18315-10,P-18315-A,A,RUNOUT A-B,runout,0.0,0.03,0.0,mm,False,False,G-0001,,,CMM,,,,,E-0162,2021-03-15,,20260106T061500Z-QE24M
C-18315-15,P-18315-A,A,LENGTH 125.33,length,125.33,125.38,125.28,mm,False,False,G-0195,,,final,,,,,E-0162,2021-03-15,,20260106T061500Z-QE24M
C-18315-34,P-18315-A,A,FLATNESS,flatness,0.0,0.03,0.0,mm,False,False,G-0251,,,final,,,,,E-0162,2021-03-15,,20260106T061500Z-QE24M
C-18327-01,P-18327-D,D,OD 32.768,diameter,32.768,32.793,32.743,mm,False,False,G-0086,5,51 pieces,in-process,32.76507,32.77193,32.7582,0.02516,E-0162,2021-03-15,,20260106T061500Z-QE24M
C-18327-02,P-18327-D,D,BORE 39.446,bore,39.446,39.461,39.431,mm,False,False,G-0028,5,51 pieces,in-process,39.4457,39.45095,39.44045,0.01925,E-0162,2021-03-15,,20260106T061500Z-QE24M
C-18327-03,P-18327-D,D,OD 32.447,diameter,32.447,32.457,32.437,mm,False,False,G-0002,,,CMM,,,,,E-0162,2021-03-15,,20260106T061500Z-QE24M
C-18327-24,P-18327-D,D,BORE 15.360,bore,15.36,15.3725,15.3475,mm,False,False,G-0014,5,51 pieces,in-process,15.36004,15.36352,15.35656,0.01275,E-0162,2021-03-15,,20260106T061500Z-QE24M
C-18338-11,P-18338-C,C,OD 17.986,diameter,17.986,17.9985,17.9735,mm,False,False,G-0001,,,CMM,,,,,E-0162,2021-03-15,,20260106T061500Z-QE24M
C-18338-28,P-18338-C,C,RUNOUT A-B,runout,0.0,0.03,0.0,mm,False,False,G-0260,5,32 pieces,in-process,0.00536,0.01082,0.0,0.02001,E-0162,2021-03-15,,20260106T061500Z-QE24M
C-18338-32,P-18338-C,C,TRUE POSITION 4X,true position,0.0,0.15,,mm,False,False,G-0001,5,32 pieces,in-process,0.03535,0.05014,0.02055,0.05423,E-0162,2021-03-15,,20260106T061500Z-QE24M
C-18338-35,P-18338-C,C,THREAD PD 15.951,thread,15.951,15.981,15.921,mm,False,False,G-0229,,,final,,,,,E-0162,2021-03-15,,20260106T061500Z-QE24M
C-18347-03,P-18347-A,A,OD 59.837,diameter,59.837,59.8495,59.8245,mm,False,False,G-0120,5,68 pieces,in-process,59.83595,59.83863,59.83328,0.00979,E-0162,2021-03-15,,20260106T061500Z-QE24M
C-18347-21,P-18347-A,A,LENGTH 20.09,length,20.09,20.19,19.99,mm,False,False,G-0156,5,68 pieces,in-process,20.09382,20.11581,20.07182,0.0806,E-0162,2021-03-15,,20260106T061500Z-QE24M
C-18347-28,P-18347-A,A,LENGTH 122.01,length,122.01,122.085,121.935,mm,False,False,G-0195,5,68 pieces,in-process,122.00074,122.03135,121.97012,0.11222,E-0162,2021-03-15,,20260106T061500Z-QE24M
C-18347-32,P-18347-A,A,LENGTH 179.82,length,179.82,179.895,179.745,mm,False,False,G-0196,,,final,,,,,E-0162,2021-03-15,,20260106T061500Z-QE24M
C-18353-03,P-18353-B,B,OD 20.457,diameter,20.457,20.482,20.432,mm,False,False,G-0053,5,31 pieces,in-process,20.45288,20.46204,20.44372,0.03356,E-0162,2021-03-15,,20260106T061500Z-QE24M
C-18353-08,P-18353-B,B,RUNOUT A-B,runout,0.0,0.08,0.0,mm,False,False,G-0001,,,CMM,,,,,E-0162,2021-03-15,,20260106T061500Z-QE24M
C-18353-20,P-18353-B,B,LENGTH 149.70,length,149.7,149.775,149.625,mm,False,False,G-0195,,,final,,,,,E-0162,2021-03-15,,20260106T061500Z-QE24M
C-18353-37,P-18353-B,B,SURFACE FINISH Ra,surface finish Ra,0.0,0.8,,um,False,False,G-0230,5,31 pieces,in-process,0.49034,0.59198,0.38871,0.37251,E-0162,2021-03-15,,20260106T061500Z-QE24M
C-18380-24,P-18380-A,A,OD 41.910,diameter,41.91,41.925,41.895,mm,False,False,G-0001,,,CMM,,,,,E-0162,2021-03-15,,20260106T061500Z-QE24M
C-18380-26,P-18380-A,A,THREAD PD 18.858,thread,18.858,18.888,18.828,mm,False,False,G-0221,,,final,,,,,E-0162,2021-03-15,,20260106T061500Z-QE24M
C-18380-28,P-18380-A,A,HARDNESS HRC,hardness,34.0,36.0,32.0,HRC,False,False,G-0232,,,final,,,,,E-0162,2021-03-15,,20260106T061500Z-QE24M
C-18380-34,P-18380-A,A,SURFACE FINISH Ra,surface finish Ra,0.0,0.8,,um,False,False,G-0231,,,final,,,,,E-0162,2021-03-15,,20260106T061500Z-QE24M
C-18384-05,P-18384-C,C,OD 13.388,diameter,13.388,13.398,13.378,mm,False,False,G-0001,,,CMM,,,,,E-0162,2021-03-15,,20260106T061500Z-QE24M
C-18384-14,P-18384-C,C,TRUE POSITION 4X,true position,0.0,0.05,,mm,False,False,G-0002,,,final,,,,,E-0162,2021-03-15,,20260106T061500Z-QE24M
C-18384-21,P-18384-C,C,TRUE POSITION 4X,true position,0.0,0.05,,mm,False,False,G-0001,,,final,,,,,E-0162,2021-03-15,,20260106T061500Z-QE24M
C-18384-29,P-18384-C,C,BORE 28.338,bore,28.338,28.353,28.323,mm,False,False,G-0023,5,35 pieces,in-process,28.33831,28.34208,28.33453,0.01384,E-0162,2021-03-15,,20260106T061500Z-QE24M
C-18406-02,P-18406-A,A,OD 31.452,diameter,31.452,31.472,31.432,mm,False,False,G-0080,5,44 pieces,in-process,31.45084,31.45624,31.44543,0.01981,E-0162,2021-03-15,,20260106T061500Z-QE24M
C-18406-13,P-18406-A,A,LENGTH 143.62,length,143.62,143.695,143.545,mm,False,False,G-0187,5,44 pieces,in-process,143.62729,143.65051,143.60406,0.08511,E-0162,2021-03-15,,20260106T061500Z-QE24M
C-18406-27,P-18406-A,A,LENGTH 47.20,length,47.2,47.3,47.1,mm,False,False,G-0150,5,44 pieces,in-process,47.20189,47.22846,47.17532,0.09738,E-0162,2021-03-15,,20260106T061500Z-QE24M
C-18406-39,P-18406-A,A,TRUE POSITION 4X,true position,0.0,0.05,,mm,False,False,G-0002,,,final,,,,,E-0162,2021-03-15,,20260106T061500Z-QE24M
C-18413-02,P-18413-C,C,OD 54.534,diameter,54.534,54.559,54.509,mm,False,False,G-0002,,,CMM,,,,,E-0162,2021-03-15,,20260106T061500Z-QE24M
C-18413-15,P-18413-C,C,FLATNESS,flatness,0.0,0.05,0.0,mm,False,False,G-0001,,,CMM,,,,,E-0162,2021-03-15,,20260106T061500Z-QE24M
C-18413-18,P-18413-C,C,BORE 18.300,bore,18.3,18.325,18.275,mm,False,False,G-0021,5,54 pieces,in-process,18.30196,18.31196,18.29197,0.03662,E-0162,2021-03-15,,20260106T061500Z-QE24M
C-18413-37,P-18413-C,C,THREAD PD 18.449,thread,18.449,18.479,18.419,mm,False,False,G-0214,,,final,,,,,E-0162,2021-03-15,,20260106T061500Z-QE24M
C-18420-12,P-18420-D,D,OD 13.480,diameter,13.48,13.4925,13.4675,mm,False,False,G-0054,5,33 pieces,in-process,13.47964,13.48407,13.47521,0.01624,E-0162,2021-03-15,,20260106T061500Z-QE24M
C-18420-24,P-18420-D,D,OD 35.898,diameter,35.898,35.923,35.873,mm,False,False,G-0002,,,CMM,,,,,E-0162,2021-03-15,,20260106T061500Z-QE24M
C-18420-26,P-18420-D,D,LENGTH 140.97,length,140.97,141.07,140.87,mm,False,False,G-0188,5,33 pieces,in-process,140.97767,141.00224,140.95311,0.09004,E-0162,2021-03-15,,20260106T061500Z-QE24M
C-18420-28,P-18420-D,D,BORE 38.169,bore,38.169,38.189,38.149,mm,False,False,G-0029,5,33 pieces,in-process,38.16689,38.17303,38.16076,0.02248,E-0162,2021-03-15,,20260106T061500Z-QE24M
C-18445-04,P-18445-A,A,OD 42.042,diameter,42.042,42.0545,42.0295,mm,False,False,G-0095,5,31 pieces,in-process,42.04096,42.0441,42.03783,0.01148,E-0162,2021-03-15,,20260106T061500Z-QE24M
C-18445-18,P-18445-A,A,LENGTH 105.68,length,105.68,105.78,105.58,mm,False,False,G-0194,5,31 pieces,in-process,105.67497,105.70283,105.6471,0.10212,E-0162,2021-03-15,,20260106T061500Z-QE24M
C-18445-36,P-18445-A,A,BORE 6.438,bore,6.438,6.4505,6.4255,mm,False,False,G-0011,5,31 pieces,in-process,6.43805,6.44139,6.4347,0.01226,E-0162,2021-03-15,,20260106T061500Z-QE24M
C-18445-38,P-18445-A,A,TRUE POSITION 4X,true position,0.0,0.15,,mm,False,False,G-0001,5,31 pieces,in-process,0.05729,0.0797,0.03488,0.08213,E-0162,2021-03-15,,20260106T061500Z-QE24M
C-18450-01,P-18450-A,A,OD 26.898,diameter,26.898,26.918,26.878,mm,False,False,G-0087,5,40 pieces,in-process,26.89706,26.9027,26.89142,0.02067,E-0162,2021-03-15,,20260106T061500Z-QE24M
C-18450-16,P-18450-A,A,HARDNESS HRC,hardness,33.0,35.0,31.0,HRC,False,False,G-0232,,,final,,,,,E-0162,2021-03-15,,20260106T061500Z-QE24M
C-18450-30,P-18450-A,A,TRUE POSITION 4X,true position,0.0,0.15,,mm,False,False,G-0001,,,CMM,,,,,E-0162,2021-03-15,,20260106T061500Z-QE24M
C-18450-31,P-18450-A,A,BORE 16.139,bore,16.139,16.154,16.124,mm,False,False,G-0017,5,40 pieces,in-process,16.13967,16.144,16.13533,0.01589,E-0162,2021-03-15,,20260106T061500Z-QE24M
C-18462-15,P-18462-A,A,OD 7.990,diameter,7.99,8.0,7.98,mm,False,False,G-0001,,,CMM,,,,,E-0162,2021-03-15,,20260106T061500Z-QE24M
C-18462-21,P-18462-A,A,LENGTH 17.86,length,17.86,17.96,17.76,mm,False,False,G-0181,5,166 pieces,in-process,17.86415,17.88882,17.83948,0.09041,E-0162,2021-03-15,,20260106T061500Z-QE24M
C-18462-33,P-18462-A,A,LENGTH 44.00,length,44.0,44.075,43.925,mm,False,False,G-0182,,,final,,,,,E-0162,2021-03-15,,20260106T061500Z-QE24M
C-18462-37,P-18462-A,A,TRUE POSITION 4X,true position,0.0,0.05,,mm,False,False,G-0002,,,CMM,,,,,E-0162,2021-03-15,,20260106T061500Z-QE24M
C-18471-07,P-18471-A,A,OD 13.307,diameter,13.307,13.322,13.292,mm,False,False,G-0051,5,31 pieces,in-process,13.30778,13.31192,13.30364,0.01516,E-0162,2021-03-15,,20260106T061500Z-QE24M
C-18471-10,P-18471-A,A,THREAD PD 16.224,thread,16.224,16.254,16.194,mm,False,False,G-0228,,,final,,,,,E-0162,2021-03-15,,20260106T061500Z-QE24M
C-18471-23,P-18471-A,A,LENGTH 166.51,length,166.51,166.61,166.41,mm,False,False,G-0195,,,final,,,,,E-0162,2021-03-15,,20260106T061500Z-QE24M
C-18471-27,P-18471-A,A,TRUE POSITION 4X,true position,0.0,0.1,,mm,False,False,G-0001,,,CMM,,,,,E-0162,2021-03-15,,20260106T061500Z-QE24M
C-18488-05,P-18488-C,C,OD 24.700,diameter,24.7,24.71,24.69,mm,False,False,G-0062,5,39 pieces,in-process,24.6994,24.70198,24.69681,0.00947,E-0162,2021-03-15,,20260106T061500Z-QE24M
C-18488-06,P-18488-C,C,OD 10.787,diameter,10.787,10.797,10.777,mm,False,False,G-0063,5,39 pieces,in-process,10.78679,10.791,10.78257,0.01545,E-0162,2021-03-15,,20260106T061500Z-QE24M
C-18488-10,P-18488-C,C,BORE 8.977,bore,8.977,8.9895,8.9645,mm,False,False,G-0012,5,39 pieces,in-process,8.97754,8.98217,8.97291,0.01697,E-0162,2021-03-15,,20260106T061500Z-QE24M
C-18488-21,P-18488-C,C,BORE 24.004,bore,24.004,24.029,23.979,mm,False,False,G-0025,5,39 pieces,in-process,24.00101,24.00944,23.99257,0.0309,E-0162,2021-03-15,,20260106T061500Z-QE24M
C-18503-13,P-18503-A,A,OD 8.251,diameter,8.251,8.276,8.226,mm,False,False,G-0059,5,65 pieces,in-process,8.24924,8.25637,8.24212,0.02611,E-0162,2021-03-15,,20260106T061500Z-QE24M
C-18503-17,P-18503-A,A,RUNOUT A-B,runout,0.0,0.03,,mm,False,False,G-0245,5,65 pieces,in-process,0.00509,0.00969,0.00049,0.01686,E-0162,2021-03-15,,20260106T061500Z-QE24M
C-18503-32,P-18503-A,A,FLATNESS,flatness,0.0,0.02,0.0,mm,False,False,G-0246,5,65 pieces,in-process,0.00529,0.0098,0.00078,0.01652,E-0162,2021-03-15,,20260106T061500Z-QE24M
C-18503-33,P-18503-A,A,LENGTH 36.45,length,36.45,36.5,36.4,mm,False,False,G-0170,5,65 pieces,in-process,36.44649,36.46346,36.42952,0.06218,E-0162,2021-03-15,,20260106T061500Z-QE24M
C-18508-11,P-18508-A,A,OD 17.118,diameter,17.118,17.1305,17.1055,mm,False,False,G-0058,5,30 pieces,in-process,17.11799,17.12047,17.1155,0.0091,E-0162,2021-03-15,,20260106T061500Z-QE24M
C-18508-14,P-18508-A,A,LENGTH 117.56,length,117.56,117.61,117.51,mm,False,False,G-0187,5,30 pieces,in-process,117.55697,117.58064,117.53331,0.08674,E-0162,2021-03-15,,20260106T061500Z-QE24M
C-18508-24,P-18508-A,A,RUNOUT A-B,runout,0.0,0.03,0.0,mm,False,False,G-0251,5,30 pieces,in-process,0.00519,0.01037,1e-05,0.01898,E-0162,2021-03-15,,20260106T061500Z-QE24M
C-18508-36,P-18508-A,A,BORE 37.360,bore,37.36,37.38,37.34,mm,False,False,G-0002,,,CMM,,,,,E-0162,2021-03-15,,20260106T061500Z-QE24M
C-18526-02,P-18526-A,A,OD 6.622,diameter,6.622,6.642,6.602,mm,False,False,G-0040,5,116 pieces,in-process,6.6191,6.62591,6.6123,0.02494,E-0162,2021-03-15,,20260106T061500Z-QE24M
C-18526-03,P-18526-A,A,OD 10.384,diameter,10.384,10.394,10.374,mm,False,False,G-0002,,,CMM,,,,,E-0162,2021-03-15,,20260106T061500Z-QE24M
C-18526-07,P-18526-A,A,RUNOUT A-B,runout,0.0,0.05,,mm,False,False,G-0257,,,final,,,,,E-0162,2021-03-15,,20260106T061500Z-QE24M
C-18526-27,P-18526-A,A,LENGTH 134.16,length,134.16,134.235,134.085,mm,False,False,G-0189,5,116 pieces,in-process,134.15969,134.17784,134.14154,0.06651,E-0162,2021-03-15,,20260106T061500Z-QE24M
C-18535-07,P-18535-A,A,OD 40.613,diameter,40.613,40.623,40.603,mm,False,False,G-0080,5,35 pieces,in-process,40.61389,40.61704,40.61074,0.01156,E-0162,2021-03-15,,20260106T061500Z-QE24M
C-18535-18,P-18535-A,A,SURFACE FINISH Ra,surface finish Ra,0.0,1.6,,um,False,False,G-0230,,,final,,,,,E-0162,2021-03-15,,20260106T061500Z-QE24M
C-18535-23,P-18535-A,A,OD 30.702,diameter,30.702,30.717,30.687,mm,False,False,G-0082,5,35 pieces,in-process,30.70358,30.70757,30.69959,0.01461,E-0162,2021-03-15,,20260106T061500Z-QE24M
C-18535-33,P-18535-A,A,OD 56.740,diameter,56.74,56.765,56.715,mm,False,False,G-0113,5,35 pieces,in-process,56.73973,56.74575,56.73372,0.02205,E-0162,2021-03-15,,20260106T061500Z-QE24M
C-18556-06,P-18556-B,B,OD 11.142,diameter,11.142,11.162,11.122,mm,False,False,G-0034,,,final,,,,,E-0162,2021-03-15,,20260106T061500Z-QE24M
C-18556-11,P-18556-B,B,SURFACE FINISH Ra,surface finish Ra,0.0,0.8,,um,False,False,G-0231,5,21 pieces,in-process,0.42635,0.50391,0.3488,0.28425,E-0162,2021-03-15,,20260106T061500Z-QE24M
C-18556-13,P-18556-B,B,FLATNESS,flatness,0.0,0.05,0.0,mm,False,False,G-0001,,,CMM,,,,,E-0162,2021-03-15,,20260106T061500Z-QE24M
C-18556-20,P-18556-B,B,OD 40.856,diameter,40.856,40.871,40.841,mm,False,False,G-0101,5,21 pieces,in-process,40.85687,40.86089,40.85286,0.01471,E-0162,2021-03-15,,20260106T061500Z-QE24M
C-18566-06,P-18566-A,A,OD 30.770,diameter,30.77,30.78,30.76,mm,False,False,G-0082,,,final,,,,,E-0162,2021-03-15,,20260106T061500Z-QE24M
C-18566-18,P-18566-A,A,FLATNESS,flatness,0.0,0.03,,mm,False,False,G-0002,,,CMM,,,,,E-0162,2021-03-15,,20260106T061500Z-QE24M
C-18566-36,P-18566-A,A,OD 46.906,diameter,46.906,46.931,46.881,mm,False,False,G-0001,,,CMM,,,,,E-0162,2021-03-15,,20260106T061500Z-QE24M
C-18566-38,P-18566-A,A,OD 28.271,diameter,28.271,28.2835,28.2585,mm,False,False,G-0085,5,30 pieces,in-process,28.27243,28.27676,28.26809,0.01589,E-0162,2021-03-15,,20260106T061500Z-QE24M
C-18589-06,P-18589-A,A,OD 55.466,diameter,55.466,55.481,55.451,mm,False,False,G-0114,5,166 pieces,in-process,55.4639,55.47055,55.45724,0.02439,E-0162,2021-03-15,,20260106T061500Z-QE24M
C-18589-08,P-18589-A,A,RUNOUT A-B,runout,0.0,0.05,0.0,mm,False,False,G-0247,,,final,,,,,E-0162,2021-03-15,,20260106T061500Z-QE24M
C-18589-26,P-18589-A,A,SURFACE FINISH Ra,surface finish Ra,0.0,3.2,,um,False,False,G-0231,,,final,,,,,E-0162,2021-03-15,,20260106T061500Z-QE24M
C-18589-29,P-18589-A,A,BORE 7.507,bore,7.507,7.5195,7.4945,mm,False,False,G-0010,,,final,,,,,E-0162,2021-03-15,,20260106T061500Z-QE24M
C-18604-03,P-18604-C,C,OD 16.776,diameter,16.776,16.796,16.756,mm,False,False,G-0046,5,52 pieces,in-process,16.77893,16.78493,16.77293,0.022,E-0162,2021-03-15,,20260106T061500Z-QE24M
C-18604-11,P-18604-C,C,HARDNESS HRC,hardness,33.0,35.0,31.0,HRC,False,False,G-0232,,,final,,,,,E-0162,2021-03-15,,20260106T061500Z-QE24M
C-18604-21,P-18604-C,C,BORE 37.244,bore,37.244,37.269,37.219,mm,False,False,G-0028,5,52 pieces,in-process,37.24573,37.25221,37.23925,0.02375,E-0162,2021-03-15,,20260106T061500Z-QE24M
C-18604-26,P-18604-C,C,BORE 34.635,bore,34.635,34.66,34.61,mm,False,False,G-0021,5,52 pieces,in-process,34.63166,34.64051,34.6228,0.03245,E-0162,2021-03-15,,20260106T061500Z-QE24M
C-18620-04,P-18620-A,A,OD 23.971,diameter,23.971,23.986,23.956,mm,False,False,G-0050,5,30 pieces,in-process,23.97102,23.97682,23.96523,0.02124,E-0162,2021-03-15,,20260106T061500Z-QE24M
C-18620-07,P-18620-A,A,OD 42.248,diameter,42.248,42.268,42.228,mm,False,False,G-0002,,,CMM,,,,,E-0162,2021-03-15,,20260106T061500Z-QE24M
C-18620-09,P-18620-A,A,RUNOUT A-B,runout,0.0,0.03,0.0,mm,False,False,G-0255,5,30 pieces,in-process,0.00598,0.01174,0.00022,0.02111,E-0162,2021-03-15,,20260106T061500Z-QE24M
C-18620-20,P-18620-A,A,OD 30.178,diameter,30.178,30.198,30.158,mm,False,False,G-0076,5,30 pieces,in-process,30.17786,30.18241,30.17331,0.01668,E-0162,2021-03-15,,20260106T061500Z-QE24M
C-18628-04,P-18628-B,B,OD 26.088,diameter,26.088,26.1005,26.0755,mm,False,False,G-0086,5,38 pieces,in-process,26.08914,26.09238,26.0859,0.01187,E-0162,2021-03-15,,20260106T061500Z-QE24M
C-18628-20,P-18628-B,B,HARDNESS HRC,hardness,41.0,43.0,39.0,HRC,False,False,G-0232,,,final,,,,,E-0162,2021-03-15,,20260106T061500Z-QE24M
C-18628-36,P-18628-B,B,OD 13.097,diameter,13.097,13.112,13.082,mm,False,False,G-0001,,,CMM,,,,,E-0162,2021-03-15,,20260106T061500Z-QE24M
C-18628-38,P-18628-B,B,RUNOUT A-B,runout,0.0,0.05,,mm,False,False,G-0252,5,38 pieces,in-process,0.01017,0.02129,0.0,0.04077,E-0162,2021-03-15,,20260106T061500Z-QE24M
C-18642-11,P-18642-D,D,OD 58.928,diameter,58.928,58.953,58.903,mm,False,False,G-0111,5,31 pieces,in-process,58.92921,58.93595,58.92247,0.0247,E-0162,2021-03-15,,20260106T061500Z-QE24M
C-18642-16,P-18642-D,D,OD 19.633,diameter,19.633,19.643,19.623,mm,False,False,G-0061,5,31 pieces,in-process,19.63429,19.6377,19.63089,0.01247,E-0162,2021-03-15,,20260106T061500Z-QE24M
C-18642-26,P-18642-D,D,TRUE POSITION 4X,true position,0.0,0.15,,mm,False,False,G-0001,,,final,,,,,E-0162,2021-03-15,,20260106T061500Z-QE24M
C-18642-39,P-18642-D,D,OD 46.047,diameter,46.047,46.072,46.022,mm,False,False,G-0101,5,31 pieces,in-process,46.04735,46.05262,46.04207,0.01933,E-0162,2021-03-15,,20260106T061500Z-QE24M
C-18650-04,P-18650-A,A,OD 36.897,diameter,36.897,36.917,36.877,mm,False,False,G-0068,5,25 pieces,in-process,36.89719,36.90197,36.89242,0.01749,E-0162,2021-03-15,,20260106T061500Z-QE24M
C-18650-05,P-18650-A,A,LENGTH 168.66,length,168.66,168.735,168.585,mm,False,False,G-0187,,,final,,,,,E-0162,2021-03-15,,20260106T061500Z-QE24M
C-18650-12,P-18650-A,A,OD 17.790,diameter,17.79,17.805,17.775,mm,False,False,G-0046,5,25 pieces,in-process,17.79008,17.79401,17.78616,0.01438,E-0162,2021-03-15,,20260106T061500Z-QE24M
C-18650-24,P-18650-A,A,THREAD PD 5.054,thread,5.054,5.084,5.024,mm,False,False,G-0223,,,final,,,,,E-0162,2021-03-15,,20260106T061500Z-QE24M
C-18677-05,P-18677-D,D,OD 34.701,diameter,34.701,34.716,34.686,mm,False,False,G-0085,5,37 pieces,in-process,34.70214,34.70548,34.6988,0.01223,E-0162,2021-03-15,,20260106T061500Z-QE24M
C-18677-24,P-18677-D,D,TRUE POSITION 4X,true position,0.0,0.05,,mm,False,False,G-0001,,,CMM,,,,,E-0162,2021-03-15,,20260106T061500Z-QE24M
C-18677-26,P-18677-D,D,LENGTH 29.79,length,29.79,29.865,29.715,mm,False,False,G-0127,5,37 pieces,in-process,29.79803,29.82297,29.77309,0.09141,E-0162,2021-03-15,,20260106T061500Z-QE24M
C-18677-37,P-18677-D,D,HARDNESS HRC,hardness,32.0,34.0,30.0,HRC,False,False,G-0232,,,final,,,,,E-0162,2021-03-15,,20260106T061500Z-QE24M
C-18703-14,P-18703-A,A,OD 45.496,diameter,45.496,45.5085,45.4835,mm,False,False,G-0095,5,30 pieces,in-process,45.49702,45.50068,45.49336,0.01341,E-0162,2021-03-15,,20260106T061500Z-QE24M
C-18703-25,P-18703-A,A,SURFACE FINISH Ra,surface finish Ra,0.0,3.2,,um,False,False,G-0230,,,final,,,,,E-0162,2021-03-15,,20260106T061500Z-QE24M
C-18703-31,P-18703-A,A,SURFACE FINISH Ra,surface finish Ra,0.0,1.6,,um,False,False,G-0231,,,final,,,,,E-0162,2021-03-15,,20260106T061500Z-QE24M
C-18703-38,P-18703-A,A,LENGTH 16.28,length,16.28,16.38,16.18,mm,False,False,G-0130,5,30 pieces,in-process,16.27047,16.29823,16.2427,0.10176,E-0162,2021-03-15,,20260106T061500Z-QE24M
C-18710-18,P-18710-A,A,OD 55.625,diameter,55.625,55.635,55.615,mm,False,False,G-0111,5,47 pieces,in-process,55.62502,55.62889,55.62114,0.01421,E-0162,2021-03-15,,20260106T061500Z-QE24M
C-18710-20,P-18710-A,A,HARDNESS HRC,hardness,32.0,34.0,30.0,HRC,False,False,G-0232,,,final,,,,,E-0162,2021-03-15,,20260106T061500Z-QE24M
C-18710-26,P-18710-A,A,LENGTH 136.63,length,136.63,136.73,136.53,mm,False,False,G-0188,5,47 pieces,in-process,136.60937,136.64876,136.56997,0.14439,E-0162,2021-03-15,,20260106T061500Z-QE24M
C-18710-32,P-18710-A,A,LENGTH 17.50,length,17.5,17.55,17.45,mm,False,False,G-0179,,,final,,,,,E-0162,2021-03-15,,20260106T061500Z-QE24M
C-18738-11,P-18738-A,A,OD 51.412,diameter,51.412,51.427,51.397,mm,False,False,G-0120,5,21 pieces,in-process,51.41286,51.41755,51.40818,0.01718,E-0162,2021-03-15,,20260106T061500Z-QE24M
C-18738-13,P-18738-A,A,FLATNESS,flatness,0.0,0.02,0.0,mm,False,False,G-0240,5,21 pieces,in-process,0.00753,0.01133,0.00373,0.01393,E-0162,2021-03-15,,20260106T061500Z-QE24M
C-18738-18,P-18738-A,A,FLATNESS,flatness,0.0,0.03,0.0,mm,False,False,G-0001,,,CMM,,,,,E-0162,2021-03-15,,20260106T061500Z-QE24M
C-18738-23,P-18738-A,A,SURFACE FINISH Ra,surface finish Ra,0.0,3.2,,um,False,False,G-0231,5,21 pieces,in-process,1.72912,2.11257,1.34568,1.40535,E-0162,2021-03-15,,20260106T061500Z-QE24M
C-18757-01,P-18757-A,A,OD 31.085,diameter,31.085,31.105,31.065,mm,False,False,G-0002,,,CMM,,,,,E-0162,2021-03-15,,20260106T061500Z-QE24M
C-18757-21,P-18757-A,A,LENGTH 25.28,length,25.28,25.38,25.18,mm,True,True,G-0146,5,30 pieces,in-process,25.27588,25.29856,25.25319,0.08315,E-0162,2021-03-15,,20260106T061500Z-QE24M
C-18757-27,P-18757-A,A,RUNOUT A-B,runout,0.0,0.05,0.0,mm,False,False,G-0002,,,CMM,,,,,E-0162,2021-03-15,,20260106T061500Z-QE24M
C-18757-31,P-18757-A,A,OD 52.245,diameter,52.245,52.2575,52.2325,mm,False,False,G-0120,5,30 pieces,in-process,52.24598,52.24892,52.24304,0.01078,E-0162,2021-03-15,,20260106T061500Z-QE24M
C-18778-08,P-18778-A,A,OD 11.897,diameter,11.897,11.917,11.877,mm,False,False,G-0040,5,16 pieces,in-process,11.89613,11.90146,11.89079,0.01955,E-0162,2021-03-15,,20260106T061500Z-QE24M
C-18778-14,P-18778-A,A,LENGTH 139.27,length,139.27,139.37,139.17,mm,False,False,G-0187,5,16 pieces,in-process,139.26541,139.29578,139.23504,0.1113,E-0162,2021-03-15,,20260106T061500Z-QE24M
C-18778-30,P-18778-A,A,BORE 8.947,bore,8.947,8.967,8.927,mm,False,False,G-0012,5,16 pieces,in-process,8.947,8.95625,8.93774,0.03393,E-0162,2021-03-15,,20260106T061500Z-QE24M
C-18778-39,P-18778-A,A,BORE 37.067,bore,37.067,37.087,37.047,mm,False,False,G-0027,5,16 pieces,in-process,37.0638,37.06887,37.05872,0.0186,E-0162,2021-03-15,,20260106T061500Z-QE24M
C-18795-01,P-18795-A,A,OD 16.562,diameter,16.562,16.587,16.537,mm,False,False,G-0051,5,31 pieces,in-process,16.55947,16.56759,16.55136,0.02974,E-0162,2021-03-15,,20260106T061500Z-QE24M
C-18795-02,P-18795-A,A,LENGTH 90.87,length,90.87,90.97,90.77,mm,False,False,G-0194,,,final,,,,,E-0162,2021-03-15,,20260106T061500Z-QE24M
C-18795-06,P-18795-A,A,LENGTH 56.86,length,56.86,56.935,56.785,mm,False,False,G-0173,5,31 pieces,in-process,56.86232,56.8865,56.83814,0.08862,E-0162,2021-03-15,,20260106T061500Z-QE24M
C-18795-18,P-18795-A,A,TRUE POSITION 4X,true position,0.0,0.15,,mm,False,False,G-0001,,,CMM,,,,,E-0162,2021-03-15,,20260106T061500Z-QE24M
C-18813-08,P-18813-A,A,OD 9.244,diameter,9.244,9.269,9.219,mm,False,False,G-0033,5,30 pieces,in-process,9.24095,9.24968,9.23223,0.03197,E-0162,2021-03-15,,20260106T061500Z-QE24M
C-18813-17,P-18813-A,A,LENGTH 153.41,length,153.41,153.51,153.31,mm,False,False,G-0194,,,final,,,,,E-0162,2021-03-15,,20260106T061500Z-QE24M
C-18813-28,P-18813-A,A,LENGTH 31.67,length,31.67,31.745,31.595,mm,False,False,G-0179,5,30 pieces,in-process,31.67599,31.69572,31.65626,0.07231,E-0162,2021-03-15,,20260106T061500Z-QE24M
C-18813-32,P-18813-A,A,BORE 12.006,bore,12.006,12.021,11.991,mm,False,False,G-0001,,,CMM,,,,,E-0162,2021-03-15,,20260106T061500Z-QE24M
C-18824-06,P-18824-A,A,OD 39.504,diameter,39.504,39.524,39.484,mm,False,False,G-0082,5,31 pieces,in-process,39.50435,39.51354,39.49516,0.03369,E-0162,2021-03-15,,20260106T061500Z-QE24M
C-18824-14,P-18824-A,A,TRUE POSITION 4X,true position,0.0,0.05,,mm,False,False,G-0002,,,CMM,,,,,E-0162,2021-03-15,,20260106T061500Z-QE24M
C-18824-33,P-18824-A,A,FLATNESS,flatness,0.0,0.02,0.0,mm,False,False,G-0243,5,31 pieces,in-process,0.0044,0.00851,0.00029,0.01506,E-0162,2021-03-15,,20260106T061500Z-QE24M
C-18824-37,P-18824-A,A,OD 4.362,diameter,4.362,4.3745,4.3495,mm,False,False,G-0041,5,31 pieces,in-process,4.36127,4.36504,4.35749,0.01383,E-0162,2021-03-15,,20260106T061500Z-QE24M
C-18841-16,P-18841-A,A,OD 25.628,diameter,25.628,25.6405,25.6155,mm,True,True,G-0072,5,59 pieces,in-process,25.62694,25.63007,25.62382,0.01144,E-0162,2021-03-15,,20260106T061500Z-QE24M
C-18841-22,P-18841-A,A,BORE 13.131,bore,13.131,13.156,13.106,mm,False,False,G-0001,,,CMM,,,,,E-0162,2021-03-15,,20260106T061500Z-QE24M
C-18841-25,P-18841-A,A,RUNOUT A-B,runout,0.0,0.03,,mm,False,False,G-0242,5,59 pieces,in-process,0.01335,0.01969,0.00701,0.02324,E-0162,2021-03-15,,20260106T061500Z-QE24M
C-18841-38,P-18841-A,A,SURFACE FINISH Ra,surface finish Ra,0.0,0.8,,um,False,False,G-0230,,,final,,,,,E-0162,2021-03-15,,20260106T061500Z-QE24M
C-18856-01,P-18856-A,A,OD 29.991,diameter,29.991,30.0035,29.9785,mm,False,False,G-0091,5,35 pieces,in-process,29.99224,29.99663,29.98785,0.01608,E-0162,2021-03-15,,20260106T061500Z-QE24M
C-18856-25,P-18856-A,A,FLATNESS,flatness,0.0,0.03,,mm,False,False,G-0002,,,CMM,,,,,E-0162,2021-03-15,,20260106T061500Z-QE24M
C-18856-29,P-18856-A,A,BORE 23.096,bore,23.096,23.1085,23.0835,mm,False,False,G-0020,5,35 pieces,in-process,23.09654,23.10098,23.09211,0.01624,E-0162,2021-03-15,,20260106T061500Z-QE24M
C-18856-30,P-18856-A,A,BORE 37.873,bore,37.873,37.893,37.853,mm,True,True,G-0029,5,35 pieces,in-process,37.87553,37.88125,37.86982,0.02095,E-0162,2021-03-15,,20260106T061500Z-QE24M
C-18883-04,P-18883-A,A,OD 40.051,diameter,40.051,40.061,40.041,mm,False,False,G-0108,5,30 pieces,in-process,40.05039,40.05286,40.04792,0.00906,E-0162,2021-03-15,,20260106T061500Z-QE24M
C-18883-10,P-18883-A,A,THREAD PD 10.516,thread,10.516,10.546,10.486,mm,False,False,G-0202,,,final,,,,,E-0162,2021-03-15,,20260106T061500Z-QE24M
C-18883-30,P-18883-A,A,OD 26.376,diameter,26.376,26.386,26.366,mm,False,False,G-0002,,,CMM,,,,,E-0162,2021-03-15,,20260106T061500Z-QE24M
C-18883-38,P-18883-A,A,HARDNESS HRC,hardness,29.0,31.0,27.0,HRC,False,False,G-0232,,,final,,,,,E-0162,2021-03-15,,20260106T061500Z-QE24M
C-18904-05,P-18904-D,D,OD 25.620,diameter,25.62,25.63,25.61,mm,False,False,G-0001,,,CMM,,,,,E-0162,2021-03-15,,20260106T061500Z-QE24M
C-18904-25,P-18904-D,D,BORE 8.353,bore,8.353,8.373,8.333,mm,False,False,G-0002,,,CMM,,,,,E-0162,2021-03-15,,20260106T061500Z-QE24M
C-18904-35,P-18904-D,D,TRUE POSITION 4X,true position,0.0,0.15,,mm,False,False,G-0001,,,final,,,,,E-0162,2021-03-15,,20260106T061500Z-QE24M
C-18904-38,P-18904-D,D,OD 39.873,diameter,39.873,39.883,39.863,mm,False,False,G-0086,5,30 pieces,in-process,39.87408,39.87809,39.87007,0.0147,E-0162,2021-03-15,,20260106T061500Z-QE24M
C-18914-04,P-18914-D,D,OD 30.436,diameter,30.436,30.451,30.421,mm,False,False,G-0067,5,35 pieces,in-process,30.43542,30.44011,30.43072,0.0172,E-0162,2021-03-15,,20260106T061500Z-QE24M
C-18914-07,P-18914-D,D,LENGTH 78.05,length,78.05,78.15,77.95,mm,False,False,G-0187,,,final,,,,,E-0162,2021-03-15,,20260106T061500Z-QE24M
C-18914-27,P-18914-D,D,TRUE POSITION 4X,true position,0.0,0.1,,mm,False,False,G-0001,,,CMM,,,,,E-0162,2021-03-15,,20260106T061500Z-QE24M
C-18914-38,P-18914-D,D,FLATNESS,flatness,0.0,0.02,0.0,mm,False,False,G-0002,,,CMM,,,,,E-0162,2021-03-15,,20260106T061500Z-QE24M
C-18940-18,P-18940-A,A,OD 45.679,diameter,45.679,45.699,45.659,mm,False,False,G-0077,,,final,,,,,E-0162,2021-03-15,,20260106T061500Z-QE24M
C-18940-20,P-18940-A,A,LENGTH 90.41,length,90.41,90.485,90.335,mm,False,False,G-0187,,,final,,,,,E-0162,2021-03-15,,20260106T061500Z-QE24M
C-18940-30,P-18940-A,A,FLATNESS,flatness,0.0,0.03,0.0,mm,False,False,G-0001,,,CMM,,,,,E-0162,2021-03-15,,20260106T061500Z-QE24M
C-18940-37,P-18940-A,A,FLATNESS,flatness,0.0,0.05,0.0,mm,False,False,G-0246,,,final,,,,,E-0162,2021-03-15,,20260106T061500Z-QE24M
C-18958-05,P-18958-C,C,OD 42.075,diameter,42.075,42.085,42.065,mm,False,False,G-0074,5,30 pieces,in-process,42.07575,42.07877,42.07273,0.01107,E-0162,2021-03-15,,20260106T061500Z-QE24M
C-18958-07,P-18958-C,C,LENGTH 34.49,length,34.49,34.59,34.39,mm,False,False,G-0173,,,final,,,,,E-0162,2021-03-15,,20260106T061500Z-QE24M
C-18958-14,P-18958-C,C,LENGTH 29.69,length,29.69,29.79,29.59,mm,False,False,G-0174,5,30 pieces,in-process,29.68784,29.71821,29.65746,0.11132,E-0162,2021-03-15,,20260106T061500Z-QE24M
C-18958-24,P-18958-C,C,LENGTH 127.58,length,127.58,127.655,127.505,mm,False,False,G-0189,,,final,,,,,E-0162,2021-03-15,,20260106T061500Z-QE24M
C-18968-06,P-18968-A,A,OD 58.515,diameter,58.515,58.535,58.495,mm,False,False,G-0115,,,final,,,,,E-0162,2021-03-15,,20260106T061500Z-QE24M
C-18968-17,P-18968-A,A,BORE 27.211,bore,27.211,27.2235,27.1985,mm,False,False,G-0002,,,CMM,,,,,E-0162,2021-03-15,,20260106T061500Z-QE24M
C-18968-20,P-18968-A,A,THREAD PD 7.306,thread,7.306,7.336,7.276,mm,False,False,G-0228,,,final,,,,,E-0162,2021-03-15,,20260106T061500Z-QE24M
C-18968-31,P-18968-A,A,RUNOUT A-B,runout,0.0,0.08,,mm,False,False,G-0262,,,final,,,,,E-0162,2021-03-15,,20260106T061500Z-QE24M
C-18978-08,P-18978-A,A,OD 53.252,diameter,53.252,53.2645,53.2395,mm,False,False,G-0001,,,CMM,,,,,E-0162,2021-03-15,,20260106T061500Z-QE24M
C-18978-19,P-18978-A,A,SURFACE FINISH Ra,surface finish Ra,0.0,1.6,,um,False,False,G-0231,5,31 pieces,in-process,0.76818,0.94469,0.59166,0.64694,E-0162,2021-03-15,,20260106T061500Z-QE24M
C-18978-31,P-18978-A,A,OD 45.026,diameter,45.026,45.036,45.016,mm,False,False,G-0087,,,final,,,,,E-0162,2021-03-15,,20260106T061500Z-QE24M
C-18978-32,P-18978-A,A,TRUE POSITION 4X,true position,0.0,0.05,,mm,False,False,G-0002,,,CMM,,,,,E-0162,2021-03-15,,20260106T061500Z-QE24M
C-18988-11,P-18988-B,B,OD 17.909,diameter,17.909,17.9215,17.8965,mm,False,False,G-0034,5,31 pieces,in-process,17.90728,17.9112,17.90335,0.01438,E-0162,2021-03-15,,20260106T061500Z-QE24M
C-18988-25,P-18988-B,B,LENGTH 117.37,length,117.37,117.42,117.32,mm,False,False,G-0187,,,final,,,,,E-0162,2021-03-15,,20260106T061500Z-QE24M
C-18988-31,P-18988-B,B,LENGTH 83.40,length,83.4,83.45,83.35,mm,False,False,G-0188,,,final,,,,,E-0162,2021-03-15,,20260106T061500Z-QE24M
C-18988-32,P-18988-B,B,OD 41.219,diameter,41.219,41.244,41.194,mm,False,False,G-0072,5,31 pieces,in-process,41.22016,41.22555,41.21476,0.01977,E-0162,2021-03-15,,20260106T061500Z-QE24M
C-19014-04,P-19014-A,A,OD 53.678,diameter,53.678,53.6905,53.6655,mm,False,False,G-0114,5,30 pieces,in-process,53.67718,53.68021,53.67416,0.01108,E-0162,2021-03-15,,20260106T061500Z-QE24M
C-19014-23,P-19014-A,A,FLATNESS,flatness,0.0,0.03,0.0,mm,False,False,G-0002,,,CMM,,,,,E-0162,2021-03-15,,20260106T061500Z-QE24M
C-19014-27,P-19014-A,A,SURFACE FINISH Ra,surface finish Ra,0.0,1.6,,um,False,False,G-0230,5,30 pieces,in-process,0.91283,1.12941,0.69624,0.79379,E-0162,2021-03-15,,20260106T061500Z-QE24M
C-19014-32,P-19014-A,A,RUNOUT A-B,runout,0.0,0.08,0.0,mm,False,False,G-0002,,,CMM,,,,,E-0162,2021-03-15,,20260106T061500Z-QE24M
C-19027-01,P-19027-C,C,OD 21.724,diameter,21.724,21.734,21.714,mm,False,False,G-0055,,,final,,,,,E-0162,2021-03-15,,20260106T061500Z-QE24M
C-19027-04,P-19027-C,C,BORE 26.419,bore,26.419,26.4315,26.4065,mm,False,False,G-0022,5,34 pieces,in-process,26.41937,26.42275,26.416,0.01237,E-0162,2021-03-15,,20260106T061500Z-QE24M
C-19027-28,P-19027-C,C,LENGTH 168.97,length,168.97,169.045,168.895,mm,False,False,G-0195,,,final,,,,,E-0162,2021-03-15,,20260106T061500Z-QE24M
C-19027-29,P-19027-C,C,RUNOUT A-B,runout,0.0,0.08,0.0,mm,False,False,G-0001,,,CMM,,,,,E-0162,2021-03-15,,20260106T061500Z-QE24M
C-19044-11,P-19044-A,A,OD 51.952,diameter,51.952,51.9645,51.9395,mm,False,False,G-0120,5,56 pieces,in-process,51.95243,51.95644,51.94842,0.0147,E-0162,2021-03-15,,20260106T061500Z-QE24M
C-19044-16,P-19044-A,A,TRUE POSITION 4X,true position,0.0,0.1,,mm,False,False,G-0002,,,CMM,,,,,E-0162,2021-03-15,,20260106T061500Z-QE24M
C-19044-17,P-19044-A,A,THREAD PD 16.994,thread,16.994,17.024,16.964,mm,False,False,G-0220,,,final,,,,,E-0162,2021-03-15,,20260106T061500Z-QE24M
C-19044-20,P-19044-A,A,TRUE POSITION 4X,true position,0.0,0.1,,mm,False,False,G-0002,,,CMM,,,,,E-0162,2021-03-15,,20260106T061500Z-QE24M
C-19059-10,P-19059-A,A,OD 14.274,diameter,14.274,14.289,14.259,mm,False,False,G-0063,5,31 pieces,in-process,14.27326,14.27746,14.26906,0.01538,E-0162,2021-03-15,,20260106T061500Z-QE24M
C-19059-13,P-19059-A,A,TRUE POSITION 4X,true position,0.0,0.15,,mm,False,False,G-0001,,,final,,,,,E-0162,2021-03-15,,20260106T061500Z-QE24M
C-19059-30,P-19059-A,A,RUNOUT A-B,runout,0.0,0.03,0.0,mm,False,False,G-0002,,,CMM,,,,,E-0162,2021-03-15,,20260106T061500Z-QE24M
C-19059-32,P-19059-A,A,TRUE POSITION 4X,true position,0.0,0.15,,mm,False,False,G-0001,,,CMM,,,,,E-0162,2021-03-15,,20260106T061500Z-QE24M
C-19072-02,P-19072-D,D,OD 9.367,diameter,9.367,9.387,9.347,mm,False,False,G-0046,5,59 pieces,in-process,9.36743,9.3733,9.36156,0.0215,E-0162,2021-03-15,,20260106T061500Z-QE24M
C-19072-22,P-19072-D,D,TRUE POSITION 4X,true position,0.0,0.15,,mm,False,False,G-0002,,,CMM,,,,,E-0162,2021-03-15,,20260106T061500Z-QE24M
C-19072-26,P-19072-D,D,OD 58.694,diameter,58.694,58.704,58.684,mm,False,False,G-0114,,,final,,,,,E-0162,2021-03-15,,20260106T061500Z-QE24M
C-19072-28,P-19072-D,D,OD 8.540,diameter,8.54,8.55,8.53,mm,False,False,G-0049,,,final,,,,,E-0162,2021-03-15,,20260106T061500Z-QE24M
C-19098-30,P-19098-A,A,OD 4.880,diameter,4.88,4.8925,4.8675,mm,False,False,G-0001,,,CMM,,,,,E-0162,2021-03-15,,20260106T061500Z-QE24M
C-19098-35,P-19098-A,A,LENGTH 61.10,length,61.1,61.15,61.05,mm,False,False,G-0133,5,21 pieces,in-process,61.11275,61.1315,61.094,0.06873,E-0162,2021-03-15,,20260106T061500Z-QE24M
C-19098-38,P-19098-A,A,HARDNESS HRC,hardness,40.0,42.0,38.0,HRC,False,False,G-0232,,,final,,,,,E-0162,2021-03-15,,20260106T061500Z-QE24M
C-19098-39,P-19098-A,A,BORE 34.350,bore,34.35,34.365,34.335,mm,False,False,G-0023,5,21 pieces,in-process,34.34965,34.35389,34.34541,0.01554,E-0162,2021-03-15,,20260106T061500Z-QE24M
C-19125-18,P-19125-B,B,OD 58.814,diameter,58.814,58.834,58.794,mm,False,False,G-0109,5,33 pieces,in-process,58.81351,58.81987,58.80714,0.02334,E-0162,2021-03-15,,20260106T061500Z-QE24M
C-19125-25,P-19125-B,B,HARDNESS HRC,hardness,29.0,31.0,27.0,HRC,False,False,G-0232,,,final,,,,,E-0162,2021-03-15,,20260106T061500Z-QE24M
C-19125-34,P-19125-B,B,OD 19.871,diameter,19.871,19.881,19.861,mm,False,False,G-0002,,,CMM,,,,,E-0162,2021-03-15,,20260106T061500Z-QE24M
C-19125-35,P-19125-B,B,THREAD PD 9.010,thread,9.01,9.04,8.98,mm,False,False,G-0218,,,final,,,,,E-0162,2021-03-15,,20260106T061500Z-QE24M
C-19137-11,P-19137-C,C,OD 58.731,diameter,58.731,58.741,58.721,mm,False,False,G-0125,5,61 pieces,in-process,58.73047,58.73363,58.72732,0.01157,E-0162,2021-03-15,,20260106T061500Z-QE24M
C-19137-12,P-19137-C,C,LENGTH 95.39,length,95.39,95.465,95.315,mm,False,False,G-0194,5,61 pieces,in-process,95.39722,95.42904,95.3654,0.11661,E-0162,2021-03-15,,20260106T061500Z-QE24M
C-19137-15,P-19137-C,C,RUNOUT A-B,runout,0.0,0.08,,mm,False,False,G-0244,,,final,,,,,E-0162,2021-03-15,,20260106T061500Z-QE24M
C-19137-31,P-19137-C,C,SURFACE FINISH Ra,surface finish Ra,0.0,0.8,,um,False,False,G-0230,,,final,,,,,E-0162,2021-03-15,,20260106T061500Z-QE24M
C-19165-04,P-19165-D,D,OD 43.733,diameter,43.733,43.748,43.718,mm,False,False,G-0104,5,30 pieces,in-process,43.73083,43.73595,43.72572,0.01876,E-0162,2021-03-15,,20260106T061500Z-QE24M
C-19165-28,P-19165-D,D,BORE 26.835,bore,26.835,26.855,26.815,mm,False,False,G-0022,5,30 pieces,in-process,26.83448,26.84048,26.82847,0.02201,E-0162,2021-03-15,,20260106T061500Z-QE24M
C-19165-29,P-19165-D,D,RUNOUT A-B,runout,0.0,0.05,0.0,mm,False,False,G-0260,5,30 pieces,in-process,0.01296,0.02148,0.00445,0.03121,E-0162,2021-03-15,,20260106T061500Z-QE24M
C-19165-38,P-19165-D,D,THREAD PD 10.366,thread,10.366,10.396,10.336,mm,False,False,G-0228,,,final,,,,,E-0162,2021-03-15,,20260106T061500Z-QE24M
C-19192-02,P-19192-D,D,OD 55.028,diameter,55.028,55.0405,55.0155,mm,False,False,G-0119,5,30 pieces,in-process,55.02806,55.03145,55.02467,0.01242,E-0162,2021-03-15,,20260106T061500Z-QE24M
C-19192-03,P-19192-D,D,SURFACE FINISH Ra,surface finish Ra,0.0,1.6,,um,False,False,G-0231,,,final,,,,,E-0162,2021-03-15,,20260106T061500Z-QE24M
C-19192-10,P-19192-D,D,LENGTH 28.19,length,28.19,28.265,28.115,mm,False,False,G-0132,5,30 pieces,in-process,28.18627,28.21105,28.16149,0.09081,E-0162,2021-03-15,,20260106T061500Z-QE24M
C-19192-21,P-19192-D,D,BORE 26.756,bore,26.756,26.776,26.736,mm,False,False,G-0021,,,final,,,,,E-0162,2021-03-15,,20260106T061500Z-QE24M
C-19209-09,P-19209-C,C,OD 34.531,diameter,34.531,34.551,34.511,mm,False,False,G-0068,5,21 pieces,in-process,34.52986,34.53711,34.52261,0.02656,E-0162,2021-03-15,,20260106T061500Z-QE24M
C-19209-10,P-19209-C,C,OD 37.550,diameter,37.55,37.56,37.54,mm,False,False,G-0069,,,final,,,,,E-0162,2021-03-15,,20260106T061500Z-QE24M
C-19209-15,P-19209-C,C,SURFACE FINISH Ra,surface finish Ra,0.0,3.2,,um,False,False,G-0231,,,final,,,,,E-0162,2021-03-15,,20260106T061500Z-QE24M
C-19209-20,P-19209-C,C,SURFACE FINISH Ra,surface finish Ra,0.0,0.8,,um,False,False,G-0230,5,21 pieces,in-process,0.40956,0.49189,0.32724,0.30172,E-0162,2021-03-15,,20260106T061500Z-QE24M
C-19228-03,P-19228-C,C,OD 59.068,diameter,59.068,59.093,59.043,mm,False,False,G-0116,5,53 pieces,in-process,59.06843,59.07719,59.05966,0.03213,E-0162,2021-03-15,,20260106T061500Z-QE24M
C-19228-25,P-19228-C,C,LENGTH 166.37,length,166.37,166.42,166.32,mm,False,False,G-0187,5,53 pieces,in-process,166.36244,166.37748,166.3474,0.05512,E-0162,2021-03-15,,20260106T061500Z-QE24M
C-19228-26,P-19228-C,C,RUNOUT A-B,runout,0.0,0.03,0.0,mm,False,False,G-0251,,,final,,,,,E-0162,2021-03-15,,20260106T061500Z-QE24M
C-19228-32,P-19228-C,C,SURFACE FINISH Ra,surface finish Ra,0.0,3.2,,um,False,False,G-0231,,,final,,,,,E-0162,2021-03-15,,20260106T061500Z-QE24M
C-19243-11,P-19243-A,A,OD 8.157,diameter,8.157,8.172,8.142,mm,False,False,G-0002,,,CMM,,,,,E-0162,2021-03-15,,20260106T061500Z-QE24M
C-19243-14,P-19243-A,A,BORE 27.227,bore,27.227,27.2395,27.2145,mm,False,False,G-0022,5,30 pieces,in-process,27.22546,27.22966,27.22127,0.01538,E-0162,2021-03-15,,20260106T061500Z-QE24M
C-19243-18,P-19243-A,A,SURFACE FINISH Ra,surface finish Ra,0.0,3.2,,um,False,False,G-0231,5,30 pieces,in-process,1.92935,2.27,1.58869,1.2485,E-0162,2021-03-15,,20260106T061500Z-QE24M
C-19243-21,P-19243-A,A,FLATNESS,flatness,0.0,0.03,,mm,False,False,G-0237,5,30 pieces,in-process,0.00662,0.01305,0.00018,0.02358,E-0162,2021-03-15,,20260106T061500Z-QE24M
C-19271-14,P-19271-A,A,OD 31.274,diameter,31.274,31.294,31.254,mm,False,False,G-0072,5,39 pieces,in-process,31.27484,31.28085,31.26884,0.02202,E-0162,2021-03-15,,20260106T061500Z-QE24M
C-19271-17,P-19271-A,A,TRUE POSITION 4X,true position,0.0,0.1,,mm,False,False,G-0001,,,final,,,,,E-0162,2021-03-15,,20260106T061500Z-QE24M
C-19271-30,P-19271-A,A,BORE 12.157,bore,12.157,12.172,12.142,mm,False,False,G-0015,5,39 pieces,in-process,12.15996,12.16553,12.15439,0.02041,E-0162,2021-03-15,,20260106T061500Z-QE24M
C-19271-38,P-19271-A,A,RUNOUT A-B,runout,0.0,0.05,,mm,False,False,G-0253,5,39 pieces,in-process,0.01019,0.01926,0.00112,0.03326,E-0162,2021-03-15,,20260106T061500Z-QE24M
C-19299-05,P-19299-A,A,OD 45.628,diameter,45.628,45.653,45.603,mm,False,False,G-0096,5,85 pieces,in-process,45.62767,45.63287,45.62247,0.01906,E-0162,2021-03-15,,20260106T061500Z-QE24M
C-19299-08,P-19299-A,A,BORE 29.663,bore,29.663,29.688,29.638,mm,False,False,G-0024,5,85 pieces,in-process,29.65431,29.66393,29.64469,0.03526,E-0162,2021-03-15,,20260106T061500Z-QE24M
C-19299-13,P-19299-A,A,BORE 31.360,bore,31.36,31.385,31.335,mm,False,False,G-0025,5,85 pieces,in-process,31.36114,31.36648,31.35579,0.01959,E-0162,2021-03-15,,20260106T061500Z-QE24M
C-19299-27,P-19299-A,A,BORE 39.891,bore,39.891,39.906,39.876,mm,False,False,G-0026,5,85 pieces,in-process,39.89342,39.89811,39.88872,0.0172,E-0162,2021-03-15,,20260106T061500Z-QE24M
C-19306-05,P-19306-A,A,OD 14.918,diameter,14.918,14.943,14.893,mm,False,False,G-0001,,,CMM,,,,,E-0162,2021-03-15,,20260106T061500Z-QE24M
C-19306-13,P-19306-A,A,FLATNESS,flatness,0.0,0.02,,mm,False,False,G-0002,,,CMM,,,,,E-0162,2021-03-15,,20260106T061500Z-QE24M
C-19306-26,P-19306-A,A,SURFACE FINISH Ra,surface finish Ra,0.0,3.2,,um,False,False,G-0230,5,30 pieces,in-process,1.54385,1.93251,1.15519,1.42446,E-0162,2021-03-15,,20260106T061500Z-QE24M
C-19306-32,P-19306-A,A,THREAD PD 7.985,thread,7.985,8.015,7.955,mm,False,False,G-0225,,,final,,,,,E-0162,2021-03-15,,20260106T061500Z-QE24M
C-19318-07,P-19318-A,A,OD 14.603,diameter,14.603,14.6155,14.5905,mm,False,False,G-0001,,,CMM,,,,,E-0162,2021-03-15,,20260106T061500Z-QE24M
C-19318-16,P-19318-A,A,BORE 20.872,bore,20.872,20.892,20.852,mm,False,False,G-0025,5,50 pieces,in-process,20.87194,20.87771,20.86616,0.02117,E-0162,2021-03-15,,20260106T061500Z-QE24M
C-19318-22,P-19318-A,A,LENGTH 175.76,length,175.76,175.81,175.71,mm,False,False,G-0188,,,final,,,,,E-0162,2021-03-15,,20260106T061500Z-QE24M
C-19318-29,P-19318-A,A,TRUE POSITION 4X,true position,0.0,0.05,,mm,False,False,G-0002,,,CMM,,,,,E-0162,2021-03-15,,20260106T061500Z-QE24M
C-19323-12,P-19323-B,B,OD 43.321,diameter,43.321,43.341,43.301,mm,False,False,G-0092,5,37 pieces,in-process,43.32045,43.32636,43.31454,0.02166,E-0162,2021-03-15,,20260106T061500Z-QE24M
C-19323-14,P-19323-B,B,THREAD PD 9.220,thread,9.22,9.25,9.19,mm,False,False,G-0222,,,final,,,,,E-0162,2021-03-15,,20260106T061500Z-QE24M
C-19323-19,P-19323-B,B,RUNOUT A-B,runout,0.0,0.08,0.0,mm,False,False,G-0256,5,37 pieces,in-process,0.02929,0.0433,0.01527,0.05137,E-0162,2021-03-15,,20260106T061500Z-QE24M
C-19323-33,P-19323-B,B,THREAD PD 19.955,thread,19.955,19.985,19.925,mm,False,False,G-0224,,,final,,,,,E-0162,2021-03-15,,20260106T061500Z-QE24M
C-19343-11,P-19343-A,A,OD 32.980,diameter,32.98,32.9925,32.9675,mm,False,False,G-0103,5,31 pieces,in-process,32.98216,32.9871,32.97722,0.01811,E-0162,2021-03-15,,20260106T061500Z-QE24M
C-19343-21,P-19343-A,A,OD 17.012,diameter,17.012,17.032,16.992,mm,False,False,G-0036,5,31 pieces,in-process,17.01214,17.02145,17.00284,0.03411,E-0162,2021-03-15,,20260106T061500Z-QE24M
C-19343-24,P-19343-A,A,FLATNESS,flatness,0.0,0.02,0.0,mm,False,False,G-0246,,,final,,,,,E-0162,2021-03-15,,20260106T061500Z-QE24M
C-19343-30,P-19343-A,A,HARDNESS HRC,hardness,44.0,46.0,42.0,HRC,False,False,G-0232,,,final,,,,,E-0162,2021-03-15,,20260106T061500Z-QE24M
C-19350-12,P-19350-A,A,OD 42.393,diameter,42.393,42.408,42.378,mm,False,False,G-0066,5,39 pieces,in-process,42.3923,42.3953,42.38931,0.01098,E-0162,2021-03-15,,20260106T061500Z-QE24M
C-19350-15,P-19350-A,A,THREAD PD 6.345,thread,6.345,6.375,6.315,mm,False,False,G-0201,,,final,,,,,E-0162,2021-03-15,,20260106T061500Z-QE24M
C-19350-17,P-19350-A,A,HARDNESS HRC,hardness,41.0,43.0,39.0,HRC,False,False,G-0232,,,final,,,,,E-0162,2021-03-15,,20260106T061500Z-QE24M
C-19350-21,P-19350-A,A,LENGTH 45.99,length,45.99,46.04,45.94,mm,False,False,G-0159,,,final,,,,,E-0162,2021-03-15,,20260106T061500Z-QE24M
C-19370-03,P-19370-B,B,OD 59.948,diameter,59.948,59.968,59.928,mm,False,False,G-0001,,,CMM,,,,,E-0162,2021-03-15,,20260106T061500Z-QE24M
C-19370-09,P-19370-B,B,OD 59.937,diameter,59.937,59.952,59.922,mm,False,False,G-0125,5,66 pieces,in-process,59.93759,59.94098,59.93419,0.01245,E-0162,2021-03-15,,20260106T061500Z-QE24M
C-19370-11,P-19370-B,B,RUNOUT A-B,runout,0.0,0.03,0.0,mm,False,False,G-0255,5,66 pieces,in-process,0.00927,0.01743,0.00111,0.0299,E-0162,2021-03-15,,20260106T061500Z-QE24M
C-19370-37,P-19370-B,B,BORE 7.238,bore,7.238,7.2505,7.2255,mm,False,False,G-0012,5,66 pieces,in-process,7.23727,7.24107,7.23347,0.01393,E-0162,2021-03-15,,20260106T061500Z-QE24M
C-19390-02,P-19390-A,A,OD 45.845,diameter,45.845,45.86,45.83,mm,False,False,G-0088,,,final,,,,,E-0162,2021-03-15,,20260106T061500Z-QE24M
C-19390-17,P-19390-A,A,BORE 38.918,bore,38.918,38.9305,38.9055,mm,False,False,G-0029,,,final,,,,,E-0162,2021-03-15,,20260106T061500Z-QE24M
C-19390-31,P-19390-A,A,BORE 30.775,bore,30.775,30.8,30.75,mm,False,False,G-0020,5,33 pieces,in-process,30.77504,30.7861,30.76397,0.04055,E-0162,2021-03-15,,20260106T061500Z-QE24M
C-19390-33,P-19390-A,A,OD 7.017,diameter,7.017,7.037,6.997,mm,False,False,G-0043,,,final,,,,,E-0162,2021-03-15,,20260106T061500Z-QE24M
C-19406-10,P-19406-B,B,OD 26.796,diameter,26.796,26.821,26.771,mm,False,False,G-0001,,,CMM,,,,,E-0162,2021-03-15,,20260106T061500Z-QE24M
C-19406-20,P-19406-B,B,LENGTH 139.67,length,139.67,139.77,139.57,mm,False,False,G-0187,5,30 pieces,in-process,139.68079,139.71589,139.6457,0.12861,E-0162,2021-03-15,,20260106T061500Z-QE24M
C-19406-35,P-19406-B,B,SURFACE FINISH Ra,surface finish Ra,0.0,1.6,,um,False,False,G-0230,5,30 pieces,in-process,0.69667,0.86011,0.53323,0.59902,E-0162,2021-03-15,,20260106T061500Z-QE24M
C-19406-39,P-19406-B,B,RUNOUT A-B,runout,0.0,0.05,0.0,mm,False,False,G-0238,5,30 pieces,in-process,0.00863,0.01707,0.00018,0.03095,E-0162,2021-03-15,,20260106T061500Z-QE24M
C-19426-01,P-19426-D,D,OD 53.826,diameter,53.826,53.836,53.816,mm,False,False,G-0125,5,34 pieces,in-process,53.82484,53.82764,53.82204,0.01027,E-0162,2021-03-15,,20260106T061500Z-QE24M
C-19426-02,P-19426-D,D,OD 6.461,diameter,6.461,6.471,6.451,mm,False,False,G-0041,5,34 pieces,in-process,6.46248,6.46581,6.45916,0.0122,E-0162,2021-03-15,,20260106T061500Z-QE24M
C-19426-13,P-19426-D,D,OD 35.613,diameter,35.613,35.633,35.593,mm,False,False,G-0084,5,34 pieces,in-process,35.61355,35.62169,35.60542,0.02982,E-0162,2021-03-15,,20260106T061500Z-QE24M
C-19426-34,P-19426-D,D,BORE 11.382,bore,11.382,11.397,11.367,mm,False,False,G-0015,5,34 pieces,in-process,11.38296,11.38714,11.37878,0.01532,E-0162,2021-03-15,,20260106T061500Z-QE24M
C-19433-24,P-19433-A,A,OD 12.413,diameter,12.413,12.423,12.403,mm,False,False,G-0002,,,CMM,,,,,E-0162,2021-03-15,,20260106T061500Z-QE24M
C-19433-25,P-19433-A,A,LENGTH 97.93,length,97.93,98.03,97.83,mm,False,False,G-0194,,,final,,,,,E-0162,2021-03-15,,20260106T061500Z-QE24M
C-19433-33,P-19433-A,A,BORE 38.457,bore,38.457,38.477,38.437,mm,False,False,G-0027,5,30 pieces,in-process,38.45951,38.46647,38.45256,0.02548,E-0162,2021-03-15,,20260106T061500Z-QE24M
C-19433-38,P-19433-A,A,BORE 8.524,bore,8.524,8.544,8.504,mm,False,False,G-0013,5,30 pieces,in-process,8.52335,8.52774,8.51897,0.01608,E-0162,2021-03-15,,20260106T061500Z-QE24M
C-19446-09,P-19446-A,A,OD 11.526,diameter,11.526,11.5385,11.5135,mm,False,False,G-0001,,,CMM,,,,,E-0162,2021-03-15,,20260106T061500Z-QE24M
C-19446-17,P-19446-A,A,OD 24.514,diameter,24.514,24.5265,24.5015,mm,False,False,G-0037,5,40 pieces,in-process,24.51395,24.51805,24.50984,0.01504,E-0162,2021-03-15,,20260106T061500Z-QE24M
C-19446-26,P-19446-A,A,LENGTH 173.61,length,173.61,173.685,173.535,mm,False,False,G-0188,,,final,,,,,E-0162,2021-03-15,,20260106T061500Z-QE24M
C-19446-39,P-19446-A,A,RUNOUT A-B,runout,0.0,0.05,,mm,False,False,G-0248,5,40 pieces,in-process,0.01493,0.02908,0.00078,0.05188,E-0162,2021-03-15,,20260106T061500Z-QE24M
C-19449-07,P-19449-A,A,OD 32.966,diameter,32.966,32.981,32.951,mm,False,False,G-0071,5,55 pieces,in-process,32.96657,32.97032,32.96282,0.01374,E-0162,2021-03-15,,20260106T061500Z-QE24M
C-19449-20,P-19449-A,A,HARDNESS HRC,hardness,32.0,34.0,30.0,HRC,False,False,G-0232,,,final,,,,,E-0162,2021-03-15,,20260106T061500Z-QE24M
C-19449-23,P-19449-A,A,THREAD PD 5.558,thread,5.558,5.588,5.528,mm,False,False,G-0205,,,final,,,,,E-0162,2021-03-15,,20260106T061500Z-QE24M
C-19449-35,P-19449-A,A,SURFACE FINISH Ra,surface finish Ra,0.0,0.8,,um,False,False,G-0230,,,final,,,,,E-0162,2021-03-15,,20260106T061500Z-QE24M
C-19461-17,P-19461-D,D,OD 11.978,diameter,11.978,11.993,11.963,mm,False,False,G-0033,,,final,,,,,E-0162,2021-03-15,,20260106T061500Z-QE24M
C-19461-32,P-19461-D,D,OD 20.111,diameter,20.111,20.126,20.096,mm,False,False,G-0001,,,CMM,,,,,E-0162,2021-03-15,,20260106T061500Z-QE24M
C-19461-33,P-19461-D,D,FLATNESS,flatness,0.0,0.05,,mm,False,False,G-0262,5,30 pieces,in-process,0.01387,0.02334,0.0044,0.0347,E-0162,2021-03-15,,20260106T061500Z-QE24M
C-19461-37,P-19461-D,D,OD 6.593,diameter,6.593,6.608,6.578,mm,False,False,G-0036,5,30 pieces,in-process,6.59384,6.60036,6.58732,0.02391,E-0162,2021-03-15,,20260106T061500Z-QE24M
