job_id,inspector,sampling_plan_code,sample_size,result,defect_codes,defects_found,inspected_at,export_batch_id
L23-1189,E-0154,Z1.4-II-1.0-J,62,accept,,0,2024-01-02 13:20:00,20260106T061500Z-QE24M
L23-1200,E-0157,Z1.4-II-1.0-J,80,accept,,0,2024-01-02 08:41:00,20260106T061500Z-QE24M
L23-1206,E-0154,Z1.4-II-1.0-K,125,accept,,0,2024-01-02 08:49:00,20260106T061500Z-QE24M
L23-1214,E-0152,Z1.4-II-1.0-J,80,accept,D10:1,1,2024-01-02 10:50:00,20260106T061500Z-QE24M
L23-1211,E-0152,Z1.4-II-1.0-J,80,accept,,0,2024-01-04 08:25:00,20260106T061500Z-QE24M
L23-1212,E-0152,Z1.4-II-1.0-J,80,accept,,0,2024-01-04 11:59:00,20260106T061500Z-QE24M
L23-1209,E-0157,Z1.4-II-1.0-J,80,accept,,0,2024-01-05 13:44:00,20260106T061500Z-QE24M
L23-1201,E-0157,Z1.4-II-1.0-J,80,accept,,0,2024-01-08 13:33:00,20260106T061500Z-QE24M
L23-1202,E-0154,Z1.4-II-1.0-K,125,accept,,0,2024-01-08 11:47:00,20260106T061500Z-QE24M
L23-1207,E-0157,Z1.4-II-1.0-K,125,reject,D01:5,5,2024-01-08 14:56:00,20260106T061500Z-QE24M
L23-1208,E-0154,Z1.4-II-1.0-K,125,accept,,0,2024-01-08 12:45:00,20260106T061500Z-QE24M
L23-1213,E-0157,Z1.4-II-1.0-J,80,accept,,0,2024-01-08 08:33:00,20260106T061500Z-QE24M
L23-1218,E-0157,Z1.4-II-1.0-H,50,accept,,0,2024-01-09 08:23:00,20260106T061500Z-QE24M
L23-1223,E-0153,Z1.4-II-1.0-K,85,accept,D10:1,1,2024-01-09 07:14:00,20260106T061500Z-QE24M
L23-1205,E-0154,Z1.4-II-1.0-H,50,accept,,0,2024-01-10 14:04:00,20260106T061500Z-QE24M
L23-1216,E-0152,Z1.4-II-1.0-J,80,accept,,0,2024-01-10 11:59:00,20260106T061500Z-QE24M
L23-1217,E-0154,Z1.4-II-1.0-H,50,accept,,0,2024-01-10 10:16:00,20260106T061500Z-QE24M
L23-1224,E-0154,Z1.4-II-1.0-G,50,accept,,0,2024-01-11 10:51:00,20260106T061500Z-QE24M
L23-1204,E-0153,Z1.4-II-1.0-L,98,accept,,0,2024-01-15 07:30:00,20260106T061500Z-QE24M
L23-1219,E-0154,Z1.4-II-1.0-K,125,accept,D10:3,3,2024-01-15 07:23:00,20260106T061500Z-QE24M
L23-1220,E-0157,Z1.4-II-1.0-J,80,accept,,0,2024-01-15 10:30:00,20260106T061500Z-QE24M
L23-1210,E-0154,Z1.4-II-1.0-L,200,accept,,0,2024-01-17 09:02:00,20260106T061500Z-QE24M
L23-1225,E-0157,Z1.4-II-1.0-H,50,reject,D03:3,3,2024-01-17 07:27:00,20260106T061500Z-QE24M
L23-1215,E-0157,Z1.4-II-1.0-J,80,accept,,0,2024-01-22 13:00:00,20260106T061500Z-QE24M
L24-0004,E-0152,Z1.4-II-1.0-K,125,accept,,0,2024-01-23 12:18:00,20260106T061500Z-QE24M
L24-0001,E-0153,Z1.4-II-1.0-J,80,accept,D10:2,2,2024-01-24 08:17:00,20260106T061500Z-QE24M
L24-0006,E-0153,Z1.4-II-1.0-J,80,accept,,0,2024-01-24 09:29:00,20260106T061500Z-QE24M
L24-0008,E-0154,Z1.4-II-1.0-J,80,accept,,0,2024-01-24 14:55:00,20260106T061500Z-QE24M
L23-1222,E-0153,Z1.4-II-1.0-K,125,accept,,0,2024-01-29 09:03:00,20260106T061500Z-QE24M
L23-1221,E-0152,Z1.4-II-1.0-K,125,accept,,0,2024-01-30 10:40:00,20260106T061500Z-QE24M
L24-0016,E-0154,Z1.4-II-1.0-J,80,accept,,0,2024-01-30 08:16:00,20260106T061500Z-QE24M
L24-0002,E-0154,Z1.4-II-1.0-K,125,accept,,0,2024-01-31 10:19:00,20260106T061500Z-QE24M
L24-0007,E-0154,Z1.4-II-1.0-K,125,accept,D11:1,1,2024-01-31 07:52:00,20260106T061500Z-QE24M
L24-0003,E-0152,Z1.4-II-1.0-K,125,accept,,0,2024-02-01 08:30:00,20260106T061500Z-QE24M
L24-0005,E-0154,Z1.4-II-1.0-K,125,accept,,0,2024-02-01 08:13:00,20260106T061500Z-QE24M
L24-0010,E-0157,Z1.4-II-1.0-J,80,accept,D13:1,1,2024-02-01 09:15:00,20260106T061500Z-QE24M
L24-0019,E-0157,Z1.4-II-1.0-J,80,accept,,0,2024-02-05 13:40:00,20260106T061500Z-QE24M
L24-0023,E-0152,Z1.4-II-1.0-K,125,accept,D13:2,2,2024-02-06 14:07:00,20260106T061500Z-QE24M
L24-0017,E-0157,Z1.4-II-1.0-H,50,accept,D13:1,1,2024-02-07 10:49:00,20260106T061500Z-QE24M
L24-0009,E-0153,Z1.4-II-1.0-J,80,accept,,0,2024-02-08 07:52:00,20260106T061500Z-QE24M
L24-0012,E-0154,Z1.4-II-1.0-J,80,accept,,0,2024-02-08 09:05:00,20260106T061500Z-QE24M
L24-0013,E-0153,Z1.4-II-1.0-K,125,accept,,0,2024-02-08 13:30:00,20260106T061500Z-QE24M
L24-0021,E-0153,Z1.4-II-1.0-J,80,accept,D13:1,1,2024-02-08 14:29:00,20260106T061500Z-QE24M
L24-0056,E-0152,Z1.4-II-1.0-J,80,accept,D10:1,1,2024-02-08 12:21:00,20260106T061500Z-QE24M
L24-0025,E-0153,Z1.4-II-1.0-J,80,accept,,0,2024-02-12 11:30:00,20260106T061500Z-QE24M
L24-0035,E-0152,Z1.4-II-1.0-J,80,accept,,0,2024-02-12 09:19:00,20260106T061500Z-QE24M
L24-0036,E-0154,Z1.4-II-1.0-H,50,reject,D01:2,2,2024-02-12 08:43:00,20260106T061500Z-QE24M
L24-0037,E-0157,Z1.4-II-1.0-J,80,accept,,0,2024-02-12 09:50:00,20260106T061500Z-QE24M
L24-0032,E-0157,Z1.4-II-1.0-J,80,accept,,0,2024-02-13 08:24:00,20260106T061500Z-QE24M
L24-0033,E-0153,Z1.4-II-1.0-J,80,accept,,0,2024-02-13 08:08:00,20260106T061500Z-QE24M
L24-0018,E-0152,Z1.4-II-1.0-K,125,accept,D13:2,2,2024-02-14 08:57:00,20260106T061500Z-QE24M
L24-0020,E-0154,Z1.4-II-1.0-K,125,accept,,0,2024-02-14 12:33:00,20260106T061500Z-QE24M
L24-0034,E-0152,Z1.4-II-1.0-K,125,accept,,0,2024-02-14 14:53:00,20260106T061500Z-QE24M
L24-0041,E-0152,Z1.4-II-1.0-J,80,accept,D10:2,2,2024-02-14 07:20:00,20260106T061500Z-QE24M
L24-0011,E-0154,Z1.4-II-1.0-L,200,accept,,0,2024-02-15 08:15:00,20260106T061500Z-QE24M
L24-0024,E-0153,Z1.4-II-1.0-J,58,accept,D13:1,1,2024-02-15 13:20:00,20260106T061500Z-QE24M
L24-0030,E-0152,Z1.4-II-1.0-J,80,accept,,0,2024-02-15 11:12:00,20260106T061500Z-QE24M
L24-0039,E-0152,Z1.4-II-1.0-J,80,accept,,0,2024-02-15 11:55:00,20260106T061500Z-QE24M
L24-0027,E-0157,Z1.4-II-1.0-J,80,accept,D11:1,1,2024-02-16 07:08:00,20260106T061500Z-QE24M
L24-0029,E-0154,Z1.4-II-1.0-K,125,accept,D11:1,1,2024-02-16 09:46:00,20260106T061500Z-QE24M
L24-0038,E-0157,Z1.4-II-1.0-J,80,accept,,0,2024-02-16 10:06:00,20260106T061500Z-QE24M
L24-0049,E-0152,Z1.4-II-1.0-J,80,accept,D10:1,1,2024-02-16 11:25:00,20260106T061500Z-QE24M
L24-0014,E-0152,Z1.4-II-1.0-K,125,accept,,0,2024-02-19 09:12:00,20260106T061500Z-QE24M
L24-0028,E-0153,Z1.4-II-1.0-K,125,reject,D02:6,6,2024-02-19 11:43:00,20260106T061500Z-QE24M
L24-0043,E-0157,Z1.4-II-1.0-J,80,accept,,0,2024-02-19 09:15:00,20260106T061500Z-QE24M
L24-0046,E-0157,Z1.4-II-1.0-J,80,accept,,0,2024-02-19 10:38:00,20260106T061500Z-QE24M
L24-0083,E-0154,Z1.4-II-1.0-K,125,accept,D11:1,1,2024-02-19 11:56:00,20260106T061500Z-QE24M
L24-0053,E-0154,Z1.4-II-1.0-J,80,accept,,0,2024-02-20 08:32:00,20260106T061500Z-QE24M
L24-0063,E-0154,Z1.4-II-1.0-J,80,accept,,0,2024-02-20 10:11:00,20260106T061500Z-QE24M
L24-0031,E-0157,Z1.4-II-1.0-J,80,accept,,0,2024-02-21 13:27:00,20260106T061500Z-QE24M
L24-0040,E-0157,Z1.4-II-1.0-J,80,accept,D10:1,1,2024-02-21 09:48:00,20260106T061500Z-QE24M
L24-0044,E-0152,Z1.4-II-1.0-J,80,accept,,0,2024-02-21 12:16:00,20260106T061500Z-QE24M
L24-0048,E-0157,Z1.4-II-1.0-J,80,accept,,0,2024-02-21 12:42:00,20260106T061500Z-QE24M
L24-0050,E-0154,Z1.4-II-1.0-J,80,accept,,0,2024-02-21 14:32:00,20260106T061500Z-QE24M
L24-0052,E-0154,Z1.4-II-1.0-J,80,accept,D10:1,1,2024-02-21 07:08:00,20260106T061500Z-QE24M
L24-0057,E-0152,Z1.4-II-1.0-G,50,accept,,0,2024-02-21 14:21:00,20260106T061500Z-QE24M
L24-0059,E-0152,Z1.4-II-1.0-J,80,accept,,0,2024-02-21 09:50:00,20260106T061500Z-QE24M
L24-0064,E-0152,Z1.4-II-1.0-J,80,accept,,0,2024-02-21 11:50:00,20260106T061500Z-QE24M
L24-0066,E-0154,Z1.4-II-1.0-J,80,accept,,0,2024-02-21 08:07:00,20260106T061500Z-QE24M
L24-0022,E-0154,Z1.4-II-1.0-J,80,accept,D13:1,1,2024-02-22 08:01:00,20260106T061500Z-QE24M
L24-0026,E-0152,Z1.4-II-1.0-K,125,accept,,0,2024-02-22 12:48:00,20260106T061500Z-QE24M
L24-0045,E-0153,Z1.4-II-1.0-J,80,accept,,0,2024-02-22 14:24:00,20260106T061500Z-QE24M
L24-0055,E-0157,Z1.4-II-1.0-K,125,accept,D13:1,1,2024-02-22 12:16:00,20260106T061500Z-QE24M
L24-0060,E-0152,Z1.4-II-1.0-K,125,accept,D11:2,2,2024-02-22 07:33:00,20260106T061500Z-QE24M
L24-0068,E-0154,Z1.4-II-1.0-H,50,accept,,0,2024-02-22 10:41:00,20260106T061500Z-QE24M
L24-0089,E-0152,Z1.4-II-1.0-K,125,accept,D11:1,1,2024-02-22 07:46:00,20260106T061500Z-QE24M
L24-0042,E-0154,Z1.4-II-1.0-K,125,accept,D11:2,2,2024-02-23 14:15:00,20260106T061500Z-QE24M
L24-0077,E-0154,Z1.4-II-1.0-J,80,accept,,0,2024-02-23 11:40:00,20260106T061500Z-QE24M
L24-0047,E-0153,Z1.4-II-1.0-G,50,accept,,0,2024-02-26 11:33:00,20260106T061500Z-QE24M
L24-0051,E-0152,Z1.4-II-1.0-J,80,accept,,0,2024-02-26 10:26:00,20260106T061500Z-QE24M
L24-0065,E-0153,Z1.4-II-1.0-J,80,accept,D11:1,1,2024-02-26 12:33:00,20260106T061500Z-QE24M
L24-0067,E-0157,Z1.4-II-1.0-J,80,accept,,0,2024-02-26 09:47:00,20260106T061500Z-QE24M
L24-0069,E-0154,Z1.4-II-1.0-K,125,accept,,0,2024-02-26 09:34:00,20260106T061500Z-QE24M
L24-0073,E-0153,Z1.4-II-1.0-J,80,accept,,0,2024-02-26 10:47:00,20260106T061500Z-QE24M
L24-0075,E-0157,Z1.4-II-1.0-K,125,reject,D01:4,4,2024-02-26 08:17:00,20260106T061500Z-QE24M
L24-0079,E-0153,Z1.4-II-1.0-J,80,accept,D10:1,1,2024-02-26 07:16:00,20260106T061500Z-QE24M
L24-0100,E-0152,Z1.4-II-1.0-J,80,accept,,0,2024-02-26 10:58:00,20260106T061500Z-QE24M
L24-0058,E-0157,Z1.4-II-1.0-J,80,accept,D13:1,1,2024-02-27 11:35:00,20260106T061500Z-QE24M
L24-0095,E-0153,Z1.4-II-1.0-J,80,accept,,0,2024-02-27 13:07:00,20260106T061500Z-QE24M
L24-0109,E-0152,Z1.4-II-1.0-J,80,accept,D13:1,1,2024-02-27 12:26:00,20260106T061500Z-QE24M
L24-0015,E-0154,Z1.4-II-1.0-K,125,accept,,0,2024-02-28 09:51:00,20260106T061500Z-QE24M
L24-0061,E-0152,Z1.4-II-1.0-J,80,accept,,0,2024-02-28 13:27:00,20260106T061500Z-QE24M
L24-0071,E-0157,Z1.4-II-1.0-J,80,reject,D03:3,3,2024-02-28 11:46:00,20260106T061500Z-QE24M
L24-0074,E-0152,Z1.4-II-1.0-J,80,reject,D11:5,5,2024-02-28 12:01:00,20260106T061500Z-QE24M
L24-0078,E-0154,Z1.4-II-1.0-H,50,accept,,0,2024-02-28 11:17:00,20260106T061500Z-QE24M
L24-0082,E-0157,Z1.4-II-1.0-K,125,reject,D02:5,5,2024-02-28 10:05:00,20260106T061500Z-QE24M
L24-0091,E-0152,Z1.4-II-1.0-J,80,accept,,0,2024-02-28 11:59:00,20260106T061500Z-QE24M
L24-0092,E-0157,Z1.4-II-1.0-K,125,accept,,0,2024-02-28 14:14:00,20260106T061500Z-QE24M
L24-0070,E-0157,Z1.4-II-1.0-J,80,accept,D13:2,2,2024-03-01 07:34:00,20260106T061500Z-QE24M
L24-0110,E-0153,Z1.4-II-1.0-J,80,reject,D10:4,4,2024-03-01 14:05:00,20260106T061500Z-QE24M
L24-0072,E-0157,Z1.4-II-1.0-K,125,accept,D13:1,1,2024-03-04 13:30:00,20260106T061500Z-QE24M
L24-0087,E-0153,Z1.4-II-1.0-J,80,accept,D10:1,1,2024-03-04 07:18:00,20260106T061500Z-QE24M
L24-0090,E-0152,Z1.4-II-1.0-J,80,accept,,0,2024-03-04 10:39:00,20260106T061500Z-QE24M
L24-0093,E-0153,Z1.4-II-1.0-K,125,accept,,0,2024-03-05 11:18:00,20260106T061500Z-QE24M
L24-0096,E-0153,Z1.4-II-1.0-K,125,accept,D10:1,1,2024-03-05 14:35:00,20260106T061500Z-QE24M
L24-0054,E-0157,Z1.4-II-1.0-J,80,accept,D10:1,1,2024-03-06 08:26:00,20260106T061500Z-QE24M
L24-0076,E-0157,Z1.4-II-1.0-G,50,accept,,0,2024-03-06 07:29:00,20260106T061500Z-QE24M
L24-0097,E-0157,Z1.4-II-1.0-J,80,accept,,0,2024-03-06 10:51:00,20260106T061500Z-QE24M
L24-0081,E-0152,Z1.4-II-1.0-K,125,accept,,0,2024-03-07 10:00:00,20260106T061500Z-QE24M
L24-0088,E-0157,Z1.4-II-1.0-J,58,accept,,0,2024-03-07 11:05:00,20260106T061500Z-QE24M
L24-0094,E-0152,Z1.4-II-1.0-K,125,accept,D11:1,1,2024-03-07 08:33:00,20260106T061500Z-QE24M
L24-0062,E-0154,Z1.4-II-1.0-J,80,accept,,0,2024-03-08 09:38:00,20260106T061500Z-QE24M
L24-0105,E-0154,Z1.4-II-1.0-K,125,accept,D13:1,1,2024-03-08 12:13:00,20260106T061500Z-QE24M
L24-0121,E-0153,Z1.4-II-1.0-G,50,accept,D10:1,1,2024-03-08 09:32:00,20260106T061500Z-QE24M
L24-0080,E-0153,Z1.4-II-1.0-J,80,accept,D11:2,2,2024-03-11 09:46:00,20260106T061500Z-QE24M
L24-0085,E-0154,Z1.4-II-1.0-K,125,reject,D10:4,4,2024-03-11 10:45:00,20260106T061500Z-QE24M
L24-0086,E-0152,Z1.4-II-1.0-J,80,accept,D13:1,1,2024-03-11 09:52:00,20260106T061500Z-QE24M
L24-0101,E-0157,Z1.4-II-1.0-J,80,reject,D01:4,4,2024-03-11 08:46:00,20260106T061500Z-QE24M
L24-0104,E-0154,Z1.4-II-1.0-J,80,accept,D11:1,1,2024-03-11 09:55:00,20260106T061500Z-QE24M
L24-0113,E-0152,Z1.4-II-1.0-K,125,accept,,0,2024-03-11 10:48:00,20260106T061500Z-QE24M
L24-0116,E-0154,Z1.4-II-1.0-G,50,accept,,0,2024-03-11 14:35:00,20260106T061500Z-QE24M
L24-0132,E-0152,Z1.4-II-1.0-K,67,accept,D10:1,1,2024-03-11 07:16:00,20260106T061500Z-QE24M
L24-0114,E-0154,Z1.4-II-1.0-K,125,accept,,0,2024-03-13 11:37:00,20260106T061500Z-QE24M
L24-0117,E-0157,Z1.4-II-1.0-J,80,accept,D11:1,1,2024-03-13 11:37:00,20260106T061500Z-QE24M
L24-0119,E-0152,Z1.4-II-1.0-G,50,reject,D07:3,3,2024-03-13 08:20:00,20260106T061500Z-QE24M
L24-0146,E-0152,Z1.4-II-1.0-J,80,accept,,0,2024-03-13 14:31:00,20260106T061500Z-QE24M
L24-0107,E-0154,Z1.4-II-1.0-J,37,reject,D01:4,4,2024-03-14 12:44:00,20260106T061500Z-QE24M
L24-0108,E-0153,Z1.4-II-1.0-K,125,accept,,0,2024-03-14 11:53:00,20260106T061500Z-QE24M
L24-0127,E-0152,Z1.4-II-1.0-J,39,accept,,0,2024-03-14 07:40:00,20260106T061500Z-QE24M
L24-0133,E-0154,Z1.4-II-1.0-J,80,accept,,0,2024-03-14 07:19:00,20260106T061500Z-QE24M
L24-0134,E-0152,Z1.4-II-1.0-J,80,accept,D13:1,1,2024-03-15 08:49:00,20260106T061500Z-QE24M
L24-0143,E-0153,Z1.4-II-1.0-J,52,accept,,0,2024-03-15 07:24:00,20260106T061500Z-QE24M
L24-0098,E-0157,Z1.4-II-1.0-J,80,accept,,0,2024-03-18 08:00:00,20260106T061500Z-QE24M
L24-0131,E-0154,Z1.4-II-1.0-K,125,accept,D13:1,1,2024-03-18 10:15:00,20260106T061500Z-QE24M
L24-0084,E-0153,Z1.4-II-1.0-K,125,accept,,0,2024-03-19 10:19:00,20260106T061500Z-QE24M
L24-0112,E-0152,Z1.4-II-1.0-J,80,accept,,0,2024-03-19 11:37:00,20260106T061500Z-QE24M
L24-0125,E-0152,Z1.4-II-1.0-K,125,accept,,0,2024-03-19 10:52:00,20260106T061500Z-QE24M
L24-0128,E-0157,Z1.4-II-1.0-J,80,reject,D05:4,4,2024-03-19 14:40:00,20260106T061500Z-QE24M
L24-0144,E-0153,Z1.4-II-1.0-J,35,accept,,0,2024-03-19 09:25:00,20260106T061500Z-QE24M
L24-0148,E-0153,Z1.4-II-1.0-J,80,accept,,0,2024-03-19 12:17:00,20260106T061500Z-QE24M
L24-0099,E-0153,Z1.4-II-1.0-J,80,reject,D01:4,4,2024-03-20 14:44:00,20260106T061500Z-QE24M
L24-0103,E-0157,Z1.4-II-1.0-K,125,accept,,0,2024-03-20 13:05:00,20260106T061500Z-QE24M
L24-0120,E-0153,Z1.4-II-1.0-K,89,reject,D11:6,6,2024-03-20 14:55:00,20260106T061500Z-QE24M
L24-0129,E-0154,Z1.4-II-1.0-J,80,accept,D10:2,2,2024-03-20 07:14:00,20260106T061500Z-QE24M
L24-0142,E-0154,Z1.4-II-1.0-J,80,accept,D13:1,1,2024-03-20 14:17:00,20260106T061500Z-QE24M
L24-0111,E-0154,Z1.4-II-1.0-J,80,accept,,0,2024-03-21 11:34:00,20260106T061500Z-QE24M
L24-0136,E-0157,Z1.4-II-1.0-J,80,accept,,0,2024-03-21 14:08:00,20260106T061500Z-QE24M
L24-0138,E-0152,Z1.4-II-1.0-H,35,accept,,0,2024-03-21 14:41:00,20260106T061500Z-QE24M
L24-0141,E-0153,Z1.4-II-1.0-J,80,accept,,0,2024-03-21 10:27:00,20260106T061500Z-QE24M
L24-0150,E-0153,Z1.4-II-1.0-G,50,accept,,0,2024-03-21 12:53:00,20260106T061500Z-QE24M
L24-0151,E-0154,Z1.4-II-1.0-J,80,accept,D11:1,1,2024-03-21 12:31:00,20260106T061500Z-QE24M
L24-0153,E-0157,Z1.4-II-1.0-J,80,accept,,0,2024-03-21 09:29:00,20260106T061500Z-QE24M
L24-0106,E-0153,Z1.4-II-1.0-K,125,accept,,0,2024-03-22 14:39:00,20260106T061500Z-QE24M
L24-0118,E-0157,Z1.4-II-1.0-K,125,accept,,0,2024-03-22 13:35:00,20260106T061500Z-QE24M
L24-0102,E-0154,Z1.4-II-1.0-K,125,accept,,0,2024-03-25 08:16:00,20260106T061500Z-QE24M
L24-0147,E-0153,Z1.4-II-1.0-J,80,accept,D13:1,1,2024-03-25 12:49:00,20260106T061500Z-QE24M
L24-0155,E-0157,Z1.4-II-1.0-J,80,accept,,0,2024-03-25 14:22:00,20260106T061500Z-QE24M
L24-0157,E-0157,Z1.4-II-1.0-H,50,accept,,0,2024-03-25 08:12:00,20260106T061500Z-QE24M
L24-0167,E-0157,Z1.4-II-1.0-J,80,reject,D01:4,4,2024-03-25 14:40:00,20260106T061500Z-QE24M
L24-0174,E-0152,Z1.4-II-1.0-K,125,reject,D13:5,5,2024-03-25 07:40:00,20260106T061500Z-QE24M
L24-0126,E-0153,Z1.4-II-1.0-J,80,accept,,0,2024-03-26 07:08:00,20260106T061500Z-QE24M
L24-0135,E-0157,Z1.4-II-1.0-J,47,accept,D11:1,1,2024-03-26 13:49:00,20260106T061500Z-QE24M
L24-0165,E-0152,Z1.4-II-1.0-J,80,accept,,0,2024-03-26 08:59:00,20260106T061500Z-QE24M
L24-0191,E-0153,Z1.4-II-1.0-K,125,accept,D11:1,1,2024-03-26 09:39:00,20260106T061500Z-QE24M
L24-0115,E-0152,Z1.4-II-1.0-K,125,accept,D13:1,1,2024-03-27 12:22:00,20260106T061500Z-QE24M
L24-0152,E-0154,Z1.4-II-1.0-K,94,accept,,0,2024-03-27 13:38:00,20260106T061500Z-QE24M
L24-0159,E-0154,Z1.4-II-1.0-K,125,accept,D13:1,1,2024-03-27 09:55:00,20260106T061500Z-QE24M
L24-0173,E-0157,Z1.4-II-1.0-K,125,accept,D10:1,1,2024-03-27 12:13:00,20260106T061500Z-QE24M
L24-0175,E-0154,Z1.4-II-1.0-J,80,accept,,0,2024-03-27 08:15:00,20260106T061500Z-QE24M
L24-0177,E-0153,Z1.4-II-1.0-H,50,accept,,0,2024-03-27 10:17:00,20260106T061500Z-QE24M
L24-0123,E-0153,Z1.4-II-1.0-J,80,accept,,0,2024-03-28 11:30:00,20260106T061500Z-QE24M
L24-0139,E-0152,Z1.4-II-1.0-K,125,accept,,0,2024-03-28 12:17:00,20260106T061500Z-QE24M
L24-0160,E-0154,Z1.4-II-1.0-J,80,accept,D11:1,1,2024-03-28 10:18:00,20260106T061500Z-QE24M
L24-0161,E-0154,Z1.4-II-1.0-L,200,reject,D10:6,6,2024-03-28 08:12:00,20260106T061500Z-QE24M
L24-0162,E-0153,Z1.4-II-1.0-H,50,accept,,0,2024-03-28 10:04:00,20260106T061500Z-QE24M
L24-0179,E-0157,Z1.4-II-1.0-J,80,accept,,0,2024-03-28 08:26:00,20260106T061500Z-QE24M
L24-0180,E-0153,Z1.4-II-1.0-K,125,accept,,0,2024-03-28 10:15:00,20260106T061500Z-QE24M
L24-0189,E-0153,Z1.4-II-1.0-J,61,accept,,0,2024-03-28 12:28:00,20260106T061500Z-QE24M
L24-0201,E-0157,Z1.4-II-1.0-J,80,accept,,0,2024-03-28 12:19:00,20260106T061500Z-QE24M
L24-0122,E-0157,Z1.4-II-1.0-K,125,accept,,0,2024-03-29 11:44:00,20260106T061500Z-QE24M
L24-0137,E-0152,Z1.4-II-1.0-J,80,accept,,0,2024-03-29 12:07:00,20260106T061500Z-QE24M
L24-0163,E-0154,Z1.4-II-1.0-K,125,accept,,0,2024-03-29 08:20:00,20260106T061500Z-QE24M
L24-0169,E-0157,Z1.4-II-1.0-J,80,accept,D10:1,1,2024-03-29 10:19:00,20260106T061500Z-QE24M
L24-0192,E-0153,Z1.4-II-1.0-H,50,accept,D10:1,1,2024-03-29 13:25:00,20260106T061500Z-QE24M
L24-0140,E-0153,Z1.4-II-1.0-J,80,accept,,0,2024-04-01 10:43:00,20260106T061500Z-QE24M
L24-0154,E-0157,Z1.4-II-1.0-H,50,accept,,0,2024-04-01 09:26:00,20260106T061500Z-QE24M
L24-0156,E-0154,Z1.4-II-1.0-L,200,accept,,0,2024-04-01 13:37:00,20260106T061500Z-QE24M
L24-0166,E-0157,Z1.4-II-1.0-G,50,accept,D13:1,1,2024-04-01 10:19:00,20260106T061500Z-QE24M
L24-0176,E-0152,Z1.4-II-1.0-K,125,accept,,0,2024-04-01 07:02:00,20260106T061500Z-QE24M
L24-0187,E-0157,Z1.4-II-1.0-K,125,reject,D02:4,4,2024-04-01 14:14:00,20260106T061500Z-QE24M
L24-0235,E-0157,Z1.4-II-1.0-J,45,accept,D11:1,1,2024-04-01 07:25:00,20260106T061500Z-QE24M
L24-0124,E-0152,Z1.4-II-1.0-J,80,accept,,0,2024-04-02 07:18:00,20260106T061500Z-QE24M
L24-0172,E-0152,Z1.4-II-1.0-K,125,accept,,0,2024-04-02 07:05:00,20260106T061500Z-QE24M
L24-0185,E-0154,Z1.4-II-1.0-K,125,accept,,0,2024-04-02 14:25:00,20260106T061500Z-QE24M
L24-0186,E-0153,Z1.4-II-1.0-K,125,accept,,0,2024-04-02 13:40:00,20260106T061500Z-QE24M
L24-0190,E-0153,Z1.4-II-1.0-K,125,reject,D11:4,4,2024-04-02 11:13:00,20260106T061500Z-QE24M
L24-0197,E-0153,Z1.4-II-1.0-H,26,accept,,0,2024-04-02 11:32:00,20260106T061500Z-QE24M
L24-0223,E-0154,Z1.4-II-1.0-J,32,accept,,0,2024-04-02 07:52:00,20260106T061500Z-QE24M
L24-0198,E-0153,Z1.4-II-1.0-J,80,accept,,0,2024-04-03 07:28:00,20260106T061500Z-QE24M
L24-0199,E-0154,Z1.4-II-1.0-K,125,accept,,0,2024-04-03 12:48:00,20260106T061500Z-QE24M
L24-0231,E-0157,Z1.4-II-1.0-J,80,accept,,0,2024-04-03 10:30:00,20260106T061500Z-QE24M
L24-0130,E-0154,Z1.4-II-1.0-J,80,accept,D13:1,1,2024-04-04 14:37:00,20260106T061500Z-QE24M
L24-0170,E-0153,Z1.4-II-1.0-G,36,accept,D10:1,1,2024-04-04 14:58:00,20260106T061500Z-QE24M
L24-0171,E-0152,Z1.4-II-1.0-H,27,accept,D13:1,1,2024-04-04 13:24:00,20260106T061500Z-QE24M
L24-0181,E-0152,Z1.4-II-1.0-J,80,accept,,0,2024-04-04 12:35:00,20260106T061500Z-QE24M
L24-0184,E-0153,Z1.4-II-1.0-J,40,accept,D11:1,1,2024-04-04 08:52:00,20260106T061500Z-QE24M
L24-0193,E-0154,Z1.4-II-1.0-J,80,accept,,0,2024-04-04 14:23:00,20260106T061500Z-QE24M
L24-0195,E-0154,Z1.4-II-1.0-K,125,accept,D13:1,1,2024-04-04 13:27:00,20260106T061500Z-QE24M
L24-0234,E-0153,Z1.4-II-1.0-J,80,accept,,0,2024-04-04 11:18:00,20260106T061500Z-QE24M
L24-0251,E-0152,Z1.4-II-1.0-J,80,accept,D10:2,2,2024-04-04 12:38:00,20260106T061500Z-QE24M
L24-0145,E-0157,Z1.4-II-1.0-J,80,accept,D13:1,1,2024-04-05 10:24:00,20260106T061500Z-QE24M
L24-0158,E-0157,Z1.4-II-1.0-J,80,accept,,0,2024-04-05 09:39:00,20260106T061500Z-QE24M
L24-0164,E-0154,Z1.4-II-1.0-J,60,accept,,0,2024-04-05 11:12:00,20260106T061500Z-QE24M
L24-0225,E-0153,Z1.4-II-1.0-J,80,accept,D10:1,1,2024-04-05 13:33:00,20260106T061500Z-QE24M
L24-0149,E-0152,Z1.4-II-1.0-K,125,reject,D01:4,4,2024-04-08 09:51:00,20260106T061500Z-QE24M
L24-0208,E-0152,Z1.4-II-1.0-K,81,accept,,0,2024-04-08 10:17:00,20260106T061500Z-QE24M
L24-0212,E-0154,Z1.4-II-1.0-K,125,accept,,0,2024-04-08 07:22:00,20260106T061500Z-QE24M
L24-0227,E-0152,Z1.4-II-1.0-J,80,accept,,0,2024-04-08 10:12:00,20260106T061500Z-QE24M
L24-0229,E-0152,Z1.4-II-1.0-J,80,accept,D11:1,1,2024-04-08 12:59:00,20260106T061500Z-QE24M
L24-0241,E-0152,Z1.4-II-1.0-J,80,accept,,0,2024-04-08 14:25:00,20260106T061500Z-QE24M
L24-0244,E-0154,Z1.4-II-1.0-J,80,accept,,0,2024-04-08 07:00:00,20260106T061500Z-QE24M
L24-0271,E-0154,Z1.4-II-1.0-H,50,accept,D11:1,1,2024-04-08 07:40:00,20260106T061500Z-QE24M
L24-0182,E-0157,Z1.4-II-1.0-K,125,accept,,0,2024-04-09 11:15:00,20260106T061500Z-QE24M
L24-0200,E-0154,Z1.4-II-1.0-K,125,accept,,0,2024-04-09 10:59:00,20260106T061500Z-QE24M
L24-0203,E-0153,Z1.4-II-1.0-J,80,accept,D10:1,1,2024-04-09 09:55:00,20260106T061500Z-QE24M
L24-0236,E-0153,Z1.4-II-1.0-K,125,accept,,0,2024-04-09 11:09:00,20260106T061500Z-QE24M
L24-0254,E-0154,Z1.4-II-1.0-J,80,accept,D13:1,1,2024-04-09 09:38:00,20260106T061500Z-QE24M
L24-0178,E-0153,Z1.4-II-1.0-J,80,accept,,0,2024-04-10 12:13:00,20260106T061500Z-QE24M
L24-0194,E-0157,Z1.4-II-1.0-J,36,accept,,0,2024-04-10 14:04:00,20260106T061500Z-QE24M
L24-0210,E-0154,Z1.4-II-1.0-L,200,accept,,0,2024-04-10 08:51:00,20260106T061500Z-QE24M
L24-0216,E-0152,Z1.4-II-1.0-K,125,accept,,0,2024-04-10 10:27:00,20260106T061500Z-QE24M
L24-0233,E-0154,Z1.4-II-1.0-K,125,accept,,0,2024-04-10 13:25:00,20260106T061500Z-QE24M
L24-0237,E-0152,Z1.4-II-1.0-J,80,accept,,0,2024-04-10 09:21:00,20260106T061500Z-QE24M
L24-0238,E-0153,Z1.4-II-1.0-J,80,accept,,0,2024-04-10 09:40:00,20260106T061500Z-QE24M
L24-0240,E-0157,Z1.4-II-1.0-H,50,accept,,0,2024-04-10 11:21:00,20260106T061500Z-QE24M
L24-0205,E-0154,Z1.4-II-1.0-J,80,accept,D10:1,1,2024-04-11 12:33:00,20260106T061500Z-QE24M
L24-0206,E-0153,Z1.4-II-1.0-J,80,accept,,0,2024-04-11 14:17:00,20260106T061500Z-QE24M
L24-0211,E-0152,Z1.4-II-1.0-K,125,reject,D01:5,5,2024-04-11 07:57:00,20260106T061500Z-QE24M
L24-0220,E-0154,Z1.4-II-1.0-K,125,accept,,0,2024-04-11 12:22:00,20260106T061500Z-QE24M
L24-0222,E-0152,Z1.4-II-1.0-J,80,accept,,0,2024-04-11 08:41:00,20260106T061500Z-QE24M
L24-0257,E-0154,Z1.4-II-1.0-H,50,accept,,0,2024-04-11 08:36:00,20260106T061500Z-QE24M
L24-0260,E-0154,Z1.4-II-1.0-J,80,accept,,0,2024-04-11 09:55:00,20260106T061500Z-QE24M
L24-0282,E-0153,Z1.4-II-1.0-J,80,accept,D11:1,1,2024-04-11 07:02:00,20260106T061500Z-QE24M
L24-0196,E-0152,Z1.4-II-1.0-L,200,reject,D02:6,6,2024-04-12 09:26:00,20260106T061500Z-QE24M
L24-0221,E-0154,Z1.4-II-1.0-K,125,accept,D10:1,1,2024-04-12 12:24:00,20260106T061500Z-QE24M
L24-0183,E-0154,Z1.4-II-1.0-K,125,accept,,0,2024-04-15 14:59:00,20260106T061500Z-QE24M
L24-0213,E-0153,Z1.4-II-1.0-K,125,accept,,0,2024-04-15 07:05:00,20260106T061500Z-QE24M
L24-0230,E-0152,Z1.4-II-1.0-K,125,accept,D11:1,1,2024-04-15 08:18:00,20260106T061500Z-QE24M
L24-0258,E-0153,Z1.4-II-1.0-J,80,accept,,0,2024-04-15 12:40:00,20260106T061500Z-QE24M
L24-0261,E-0152,Z1.4-II-1.0-J,80,accept,D13:1,1,2024-04-15 11:13:00,20260106T061500Z-QE24M
L24-0262,E-0153,Z1.4-II-1.0-J,80,accept,,0,2024-04-15 14:25:00,20260106T061500Z-QE24M
L24-0269,E-0153,Z1.4-II-1.0-J,80,reject,D02:4,4,2024-04-15 11:07:00,20260106T061500Z-QE24M
L24-0272,E-0154,Z1.4-II-1.0-J,80,reject,D11:4,4,2024-04-15 11:27:00,20260106T061500Z-QE24M
L24-0273,E-0152,Z1.4-II-1.0-H,50,accept,,0,2024-04-15 13:55:00,20260106T061500Z-QE24M
L24-0188,E-0154,Z1.4-II-1.0-L,200,accept,,0,2024-04-16 08:31:00,20260106T061500Z-QE24M
L24-0247,E-0157,Z1.4-II-1.0-J,54,accept,,0,2024-04-16 09:44:00,20260106T061500Z-QE24M
L24-0248,E-0153,Z1.4-II-1.0-J,80,accept,,0,2024-04-16 13:41:00,20260106T061500Z-QE24M
L24-0249,E-0153,Z1.4-II-1.0-J,80,accept,,0,2024-04-16 09:52:00,20260106T061500Z-QE24M
L24-0250,E-0153,Z1.4-II-1.0-H,50,accept,,0,2024-04-16 12:03:00,20260106T061500Z-QE24M
L24-0253,E-0157,Z1.4-II-1.0-J,80,accept,D10:1,1,2024-04-16 11:53:00,20260106T061500Z-QE24M
L24-0264,E-0152,Z1.4-II-1.0-H,50,reject,D10:3,3,2024-04-16 07:50:00,20260106T061500Z-QE24M
L24-0277,E-0152,Z1.4-II-1.0-J,39,accept,,0,2024-04-16 09:53:00,20260106T061500Z-QE24M
L24-0283,E-0152,Z1.4-II-1.0-J,80,reject,D02:3,3,2024-04-16 08:25:00,20260106T061500Z-QE24M
L24-0168,E-0157,Z1.4-II-1.0-K,125,accept,,0,2024-04-17 07:19:00,20260106T061500Z-QE24M
L24-0209,E-0153,Z1.4-II-1.0-K,125,accept,D10:1,1,2024-04-17 13:05:00,20260106T061500Z-QE24M
L24-0224,E-0154,Z1.4-II-1.0-J,80,accept,,0,2024-04-17 10:34:00,20260106T061500Z-QE24M
L24-0226,E-0157,Z1.4-II-1.0-J,80,accept,D13:1,1,2024-04-17 14:22:00,20260106T061500Z-QE24M
L24-0239,E-0152,Z1.4-II-1.0-J,80,accept,,0,2024-04-17 11:09:00,20260106T061500Z-QE24M
L24-0243,E-0157,Z1.4-II-1.0-G,50,accept,,0,2024-04-17 08:43:00,20260106T061500Z-QE24M
L24-0268,E-0154,Z1.4-II-1.0-J,80,accept,D10:1,1,2024-04-17 09:49:00,20260106T061500Z-QE24M
L24-0297,E-0152,Z1.4-II-1.0-K,125,accept,D11:1,1,2024-04-17 11:33:00,20260106T061500Z-QE24M
L24-0202,E-0157,Z1.4-II-1.0-K,50,accept,,0,2024-04-18 11:08:00,20260106T061500Z-QE24M
L24-0204,E-0152,Z1.4-II-1.0-J,34,accept,D11:1,1,2024-04-18 07:43:00,20260106T061500Z-QE24M
L24-0217,E-0153,Z1.4-II-1.0-G,50,accept,,0,2024-04-18 10:40:00,20260106T061500Z-QE24M
L24-0218,E-0153,Z1.4-II-1.0-J,80,accept,,0,2024-04-18 09:38:00,20260106T061500Z-QE24M
L24-0246,E-0153,Z1.4-II-1.0-H,50,accept,D11:1,1,2024-04-18 13:08:00,20260106T061500Z-QE24M
L24-0270,E-0154,Z1.4-II-1.0-K,125,accept,,0,2024-04-18 13:13:00,20260106T061500Z-QE24M
L24-0285,E-0152,Z1.4-II-1.0-K,125,reject,D11:7,7,2024-04-18 07:34:00,20260106T061500Z-QE24M
L24-0214,E-0153,Z1.4-II-1.0-J,80,accept,,0,2024-04-19 08:16:00,20260106T061500Z-QE24M
L24-0252,E-0154,Z1.4-II-1.0-K,125,accept,D11:1,1,2024-04-19 11:33:00,20260106T061500Z-QE24M
L24-0255,E-0157,Z1.4-II-1.0-J,32,accept,D10:1,1,2024-04-19 14:54:00,20260106T061500Z-QE24M
L24-0265,E-0154,Z1.4-II-1.0-K,125,accept,,0,2024-04-19 12:26:00,20260106T061500Z-QE24M
L24-0275,E-0152,Z1.4-II-1.0-J,80,accept,,0,2024-04-19 11:17:00,20260106T061500Z-QE24M
L24-0287,E-0154,Z1.4-II-1.0-J,80,accept,,0,2024-04-19 09:45:00,20260106T061500Z-QE24M
L24-0294,E-0152,Z1.4-II-1.0-J,38,accept,D11:1,1,2024-04-19 09:58:00,20260106T061500Z-QE24M
L24-0207,E-0153,Z1.4-II-1.0-K,125,accept,,0,2024-04-22 14:25:00,20260106T061500Z-QE24M
L24-0228,E-0153,Z1.4-II-1.0-J,35,accept,,0,2024-04-22 09:15:00,20260106T061500Z-QE24M
L24-0245,E-0152,Z1.4-II-1.0-K,125,accept,D11:1,1,2024-04-22 14:16:00,20260106T061500Z-QE24M
L24-0256,E-0157,Z1.4-II-1.0-H,50,accept,,0,2024-04-22 08:59:00,20260106T061500Z-QE24M
L24-0266,E-0154,Z1.4-II-1.0-J,80,accept,D11:1,1,2024-04-22 12:39:00,20260106T061500Z-QE24M
L24-0215,E-0154,Z1.4-II-1.0-H,50,accept,,0,2024-04-23 08:10:00,20260106T061500Z-QE24M
L24-0242,E-0152,Z1.4-II-1.0-K,125,reject,D05:4,4,2024-04-23 14:40:00,20260106T061500Z-QE24M
L24-0279,E-0157,Z1.4-II-1.0-K,125,accept,,0,2024-04-23 09:38:00,20260106T061500Z-QE24M
L24-0290,E-0154,Z1.4-II-1.0-J,80,accept,,0,2024-04-23 07:17:00,20260106T061500Z-QE24M
L24-0292,E-0154,Z1.4-II-1.0-G,50,accept,,0,2024-04-23 09:05:00,20260106T061500Z-QE24M
L24-0302,E-0154,Z1.4-II-1.0-J,80,accept,D10:1,1,2024-04-23 07:27:00,20260106T061500Z-QE24M
L24-0308,E-0154,Z1.4-II-1.0-J,80,reject,D07:4,4,2024-04-23 09:15:00,20260106T061500Z-QE24M
L24-0219,E-0157,Z1.4-II-1.0-K,125,accept,D13:1,1,2024-04-24 14:46:00,20260106T061500Z-QE24M
L24-0276,E-0152,Z1.4-II-1.0-J,80,accept,,0,2024-04-24 11:24:00,20260106T061500Z-QE24M
L24-0291,E-0153,Z1.4-II-1.0-J,80,accept,,0,2024-04-24 11:02:00,20260106T061500Z-QE24M
L24-0296,E-0157,Z1.4-II-1.0-J,80,reject,D11:3,3,2024-04-24 10:45:00,20260106T061500Z-QE24M
L24-0300,E-0154,Z1.4-II-1.0-K,125,accept,,0,2024-04-24 08:35:00,20260106T061500Z-QE24M
L24-0306,E-0153,Z1.4-II-1.0-K,125,accept,,0,2024-04-24 07:39:00,20260106T061500Z-QE24M
L24-0323,E-0152,Z1.4-II-1.0-J,80,accept,D13:1,1,2024-04-24 07:41:00,20260106T061500Z-QE24M
L24-0280,E-0153,Z1.4-II-1.0-J,56,accept,D10:1,1,2024-04-25 11:23:00,20260106T061500Z-QE24M
L24-0288,E-0154,Z1.4-II-1.0-H,50,accept,D11:1,1,2024-04-25 10:57:00,20260106T061500Z-QE24M
L24-0295,E-0157,Z1.4-II-1.0-K,125,accept,,0,2024-04-25 10:53:00,20260106T061500Z-QE24M
L24-0301,E-0157,Z1.4-II-1.0-H,50,accept,D11:1,1,2024-04-25 13:49:00,20260106T061500Z-QE24M
L24-0311,E-0153,Z1.4-II-1.0-K,125,accept,,0,2024-04-25 09:17:00,20260106T061500Z-QE24M
L24-0313,E-0157,Z1.4-II-1.0-J,80,accept,D10:1,1,2024-04-25 12:29:00,20260106T061500Z-QE24M
L24-0319,E-0153,Z1.4-II-1.0-J,80,accept,,0,2024-04-25 09:56:00,20260106T061500Z-QE24M
L24-0328,E-0153,Z1.4-II-1.0-J,80,accept,,0,2024-04-25 14:21:00,20260106T061500Z-QE24M
L24-0307,E-0152,Z1.4-II-1.0-J,80,accept,,0,2024-04-26 10:06:00,20260106T061500Z-QE24M
L24-0310,E-0152,Z1.4-II-1.0-K,125,accept,,0,2024-04-26 11:41:00,20260106T061500Z-QE24M
L24-0320,E-0157,Z1.4-II-1.0-J,80,accept,D11:1,1,2024-04-26 13:01:00,20260106T061500Z-QE24M
L24-0326,E-0157,Z1.4-II-1.0-H,50,accept,,0,2024-04-26 07:22:00,20260106T061500Z-QE24M
L24-0232,E-0153,Z1.4-II-1.0-K,125,accept,,0,2024-04-29 08:29:00,20260106T061500Z-QE24M
L24-0299,E-0153,Z1.4-II-1.0-J,80,reject,D10:3,3,2024-04-29 11:39:00,20260106T061500Z-QE24M
L24-0327,E-0153,Z1.4-II-1.0-J,80,accept,D10:1,1,2024-04-29 14:22:00,20260106T061500Z-QE24M
L24-0267,E-0154,Z1.4-II-1.0-J,80,reject,D02:3,3,2024-04-30 10:00:00,20260106T061500Z-QE24M
L24-0329,E-0154,Z1.4-II-1.0-K,125,accept,D11:1,1,2024-04-30 10:08:00,20260106T061500Z-QE24M
L24-0350,E-0153,Z1.4-II-1.0-J,37,accept,,0,2024-04-30 12:31:00,20260106T061500Z-QE24M
L24-0314,E-0154,Z1.4-II-1.0-K,125,accept,,0,2024-05-01 14:28:00,20260106T061500Z-QE24M
L24-0322,E-0157,Z1.4-II-1.0-G,50,accept,D13:1,1,2024-05-01 09:39:00,20260106T061500Z-QE24M
L24-0347,E-0157,Z1.4-II-1.0-G,26,accept,,0,2024-05-01 13:57:00,20260106T061500Z-QE24M
L24-0382,E-0153,Z1.4-II-1.0-J,60,reject,D01:5,5,2024-05-01 14:53:00,20260106T061500Z-QE24M
L24-0259,E-0153,Z1.4-II-1.0-L,200,reject,D11:6,6,2024-05-02 11:39:00,20260106T061500Z-QE24M
L24-0263,E-0152,Z1.4-II-1.0-K,125,accept,,0,2024-05-02 14:19:00,20260106T061500Z-QE24M
L24-0281,E-0153,Z1.4-II-1.0-J,80,accept,,0,2024-05-02 14:33:00,20260106T061500Z-QE24M
L24-0309,E-0157,Z1.4-II-1.0-J,80,accept,,0,2024-05-02 10:06:00,20260106T061500Z-QE24M
L24-0321,E-0157,Z1.4-II-1.0-H,50,accept,,0,2024-05-02 11:53:00,20260106T061500Z-QE24M
L24-0331,E-0157,Z1.4-II-1.0-H,50,accept,,0,2024-05-02 09:47:00,20260106T061500Z-QE24M
L24-0332,E-0154,Z1.4-II-1.0-K,125,accept,,0,2024-05-02 09:50:00,20260106T061500Z-QE24M
L24-0335,E-0154,Z1.4-II-1.0-G,50,accept,,0,2024-05-02 09:21:00,20260106T061500Z-QE24M
L24-0341,E-0157,Z1.4-II-1.0-J,80,accept,,0,2024-05-02 13:46:00,20260106T061500Z-QE24M
L24-0284,E-0153,Z1.4-II-1.0-J,80,accept,D13:1,1,2024-05-03 10:05:00,20260106T061500Z-QE24M
L24-0312,E-0154,Z1.4-II-1.0-H,50,reject,D11:2,2,2024-05-03 11:43:00,20260106T061500Z-QE24M
L24-0352,E-0154,Z1.4-II-1.0-J,80,accept,,0,2024-05-03 14:32:00,20260106T061500Z-QE24M
L24-0274,E-0154,Z1.4-II-1.0-L,200,accept,,0,2024-05-06 11:04:00,20260106T061500Z-QE24M
L24-0293,E-0154,Z1.4-II-1.0-K,125,accept,,0,2024-05-06 07:58:00,20260106T061500Z-QE24M
L24-0316,E-0152,Z1.4-II-1.0-J,80,accept,D11:1,1,2024-05-06 12:39:00,20260106T061500Z-QE24M
L24-0330,E-0154,Z1.4-II-1.0-J,63,accept,,0,2024-05-06 08:32:00,20260106T061500Z-QE24M
L24-0342,E-0152,Z1.4-II-1.0-H,50,accept,,0,2024-05-06 14:41:00,20260106T061500Z-QE24M
L24-0343,E-0153,Z1.4-II-1.0-H,50,accept,,0,2024-05-06 10:25:00,20260106T061500Z-QE24M
L24-0344,E-0153,Z1.4-II-1.0-J,80,accept,D13:1,1,2024-05-06 12:44:00,20260106T061500Z-QE24M
L24-0346,E-0153,Z1.4-II-1.0-G,50,accept,,0,2024-05-06 13:23:00,20260106T061500Z-QE24M
L24-0348,E-0154,Z1.4-II-1.0-J,80,accept,D10:1,1,2024-05-06 09:49:00,20260106T061500Z-QE24M
L24-0349,E-0154,Z1.4-II-1.0-H,50,accept,,0,2024-05-06 14:38:00,20260106T061500Z-QE24M
L24-0360,E-0152,Z1.4-II-1.0-J,80,accept,D11:1,1,2024-05-06 12:46:00,20260106T061500Z-QE24M
L24-0324,E-0154,Z1.4-II-1.0-K,125,accept,,0,2024-05-07 12:23:00,20260106T061500Z-QE24M
L24-0362,E-0154,Z1.4-II-1.0-H,27,accept,D10:1,1,2024-05-07 12:31:00,20260106T061500Z-QE24M
L24-0366,E-0153,Z1.4-II-1.0-H,50,accept,,0,2024-05-07 08:59:00,20260106T061500Z-QE24M
L24-0303,E-0157,Z1.4-II-1.0-L,200,accept,,0,2024-05-08 08:06:00,20260106T061500Z-QE24M
L24-0339,E-0153,Z1.4-II-1.0-H,50,accept,D10:1,1,2024-05-08 09:16:00,20260106T061500Z-QE24M
L24-0357,E-0154,Z1.4-II-1.0-J,80,accept,D13:1,1,2024-05-08 12:56:00,20260106T061500Z-QE24M
L24-0373,E-0157,Z1.4-II-1.0-J,80,accept,D11:1,1,2024-05-08 07:38:00,20260106T061500Z-QE24M
L24-0375,E-0154,Z1.4-II-1.0-K,125,accept,,0,2024-05-08 12:18:00,20260106T061500Z-QE24M
L24-0384,E-0157,Z1.4-II-1.0-K,125,accept,,0,2024-05-08 12:43:00,20260106T061500Z-QE24M
L24-0289,E-0153,Z1.4-II-1.0-J,80,reject,D01:4,4,2024-05-09 07:13:00,20260106T061500Z-QE24M
L24-0318,E-0152,Z1.4-II-1.0-K,125,accept,,0,2024-05-09 11:35:00,20260106T061500Z-QE24M
L24-0325,E-0152,Z1.4-II-1.0-K,125,accept,D10:1,1,2024-05-09 09:30:00,20260106T061500Z-QE24M
L24-0345,E-0157,Z1.4-II-1.0-J,80,accept,,0,2024-05-09 13:23:00,20260106T061500Z-QE24M
L24-0356,E-0154,Z1.4-II-1.0-J,80,accept,,0,2024-05-09 13:32:00,20260106T061500Z-QE24M
L24-0358,E-0154,Z1.4-II-1.0-K,125,accept,,0,2024-05-09 10:11:00,20260106T061500Z-QE24M
L24-0390,E-0154,Z1.4-II-1.0-H,50,accept,,0,2024-05-09 09:50:00,20260106T061500Z-QE24M
L24-0286,E-0157,Z1.4-II-1.0-K,125,accept,,0,2024-05-10 10:16:00,20260106T061500Z-QE24M
L24-0315,E-0157,Z1.4-II-1.0-J,80,accept,D13:1,1,2024-05-10 14:15:00,20260106T061500Z-QE24M
L24-0337,E-0152,Z1.4-II-1.0-J,80,accept,D10:1,1,2024-05-10 13:47:00,20260106T061500Z-QE24M
L24-0351,E-0152,Z1.4-II-1.0-K,125,accept,D13:1,1,2024-05-10 08:45:00,20260106T061500Z-QE24M
L24-0355,E-0154,Z1.4-II-1.0-K,125,reject,D01:6,6,2024-05-10 12:30:00,20260106T061500Z-QE24M
L24-0359,E-0153,Z1.4-II-1.0-J,80,accept,,0,2024-05-10 11:32:00,20260106T061500Z-QE24M
L24-0385,E-0153,Z1.4-II-1.0-K,125,accept,,0,2024-05-10 07:08:00,20260106T061500Z-QE24M
L24-0387,E-0153,Z1.4-II-1.0-K,125,accept,D10:1,1,2024-05-10 13:20:00,20260106T061500Z-QE24M
L24-0317,E-0157,Z1.4-II-1.0-J,80,accept,D13:1,1,2024-05-13 10:02:00,20260106T061500Z-QE24M
L24-0336,E-0154,Z1.4-II-1.0-H,50,accept,,0,2024-05-13 13:43:00,20260106T061500Z-QE24M
L24-0353,E-0157,Z1.4-II-1.0-J,80,accept,,0,2024-05-13 12:43:00,20260106T061500Z-QE24M
L24-0365,E-0154,Z1.4-II-1.0-J,80,reject,D11:3,3,2024-05-13 07:00:00,20260106T061500Z-QE24M
L24-0381,E-0153,Z1.4-II-1.0-J,80,accept,,0,2024-05-13 08:55:00,20260106T061500Z-QE24M
L24-0388,E-0154,Z1.4-II-1.0-J,55,accept,,0,2024-05-13 11:28:00,20260106T061500Z-QE24M
L24-0393,E-0152,Z1.4-II-1.0-J,80,accept,,0,2024-05-13 11:12:00,20260106T061500Z-QE24M
L24-0402,E-0157,Z1.4-II-1.0-K,125,accept,,0,2024-05-13 09:51:00,20260106T061500Z-QE24M
L24-0298,E-0157,Z1.4-II-1.0-K,125,accept,,0,2024-05-14 14:08:00,20260106T061500Z-QE24M
L24-0367,E-0154,Z1.4-II-1.0-J,80,accept,D10:1,1,2024-05-14 11:47:00,20260106T061500Z-QE24M
L24-0374,E-0157,Z1.4-II-1.0-J,80,accept,,0,2024-05-14 13:00:00,20260106T061500Z-QE24M
L24-0386,E-0157,Z1.4-II-1.0-J,80,accept,D10:1,1,2024-05-14 08:22:00,20260106T061500Z-QE24M
L24-0391,E-0157,Z1.4-II-1.0-K,125,reject,D01:4,4,2024-05-14 14:05:00,20260106T061500Z-QE24M
L24-0408,E-0152,Z1.4-II-1.0-J,80,accept,,0,2024-05-14 12:14:00,20260106T061500Z-QE24M
L24-0419,E-0157,Z1.4-II-1.0-H,20,accept,,0,2024-05-14 09:09:00,20260106T061500Z-QE24M
L24-0334,E-0154,Z1.4-II-1.0-J,80,accept,,0,2024-05-15 12:55:00,20260106T061500Z-QE24M
L24-0338,E-0154,Z1.4-II-1.0-J,80,accept,D13:1,1,2024-05-15 10:09:00,20260106T061500Z-QE24M
L24-0380,E-0154,Z1.4-II-1.0-J,80,accept,D13:1,1,2024-05-15 09:42:00,20260106T061500Z-QE24M
L24-0413,E-0154,Z1.4-II-1.0-G,50,accept,,0,2024-05-15 07:18:00,20260106T061500Z-QE24M
L24-0278,E-0157,Z1.4-II-1.0-L,200,accept,D10:1,1,2024-05-16 11:13:00,20260106T061500Z-QE24M
L24-0304,E-0154,Z1.4-II-1.0-K,125,accept,,0,2024-05-16 14:30:00,20260106T061500Z-QE24M
L24-0368,E-0157,Z1.4-II-1.0-K,125,reject,D04:4,4,2024-05-16 13:09:00,20260106T061500Z-QE24M
L24-0378,E-0154,Z1.4-II-1.0-J,36,accept,,0,2024-05-16 12:14:00,20260106T061500Z-QE24M
L24-0406,E-0157,Z1.4-II-1.0-J,80,accept,,0,2024-05-16 10:27:00,20260106T061500Z-QE24M
L24-0305,E-0153,Z1.4-II-1.0-J,80,accept,,0,2024-05-17 07:27:00,20260106T061500Z-QE24M
L24-0363,E-0153,Z1.4-II-1.0-K,125,accept,,0,2024-05-17 10:18:00,20260106T061500Z-QE24M
L24-0371,E-0154,Z1.4-II-1.0-J,80,accept,,0,2024-05-17 07:25:00,20260106T061500Z-QE24M
L24-0392,E-0157,Z1.4-II-1.0-J,80,accept,D11:1,1,2024-05-17 08:46:00,20260106T061500Z-QE24M
L24-0405,E-0152,Z1.4-II-1.0-H,37,accept,D13:1,1,2024-05-17 09:37:00,20260106T061500Z-QE24M
L24-0361,E-0154,Z1.4-II-1.0-J,80,accept,,0,2024-05-20 13:41:00,20260106T061500Z-QE24M
L24-0364,E-0157,Z1.4-II-1.0-G,50,reject,D08:3,3,2024-05-20 09:15:00,20260106T061500Z-QE24M
L24-0396,E-0153,Z1.4-II-1.0-L,200,accept,,0,2024-05-20 12:51:00,20260106T061500Z-QE24M
L24-0400,E-0154,Z1.4-II-1.0-J,80,accept,,0,2024-05-20 12:26:00,20260106T061500Z-QE24M
L24-0417,E-0153,Z1.4-II-1.0-J,38,accept,,0,2024-05-20 13:35:00,20260106T061500Z-QE24M
L24-0333,E-0154,Z1.4-II-1.0-J,80,accept,,0,2024-05-21 13:38:00,20260106T061500Z-QE24M
L24-0340,E-0152,Z1.4-II-1.0-K,125,accept,,0,2024-05-21 07:59:00,20260106T061500Z-QE24M
L24-0395,E-0154,Z1.4-II-1.0-J,80,accept,,0,2024-05-21 10:35:00,20260106T061500Z-QE24M
L24-0404,E-0154,Z1.4-II-1.0-K,125,accept,,0,2024-05-21 14:33:00,20260106T061500Z-QE24M
L24-0414,E-0152,Z1.4-II-1.0-J,80,reject,D08:5,5,2024-05-21 11:34:00,20260106T061500Z-QE24M
L24-0354,E-0153,Z1.4-II-1.0-L,200,accept,,0,2024-05-22 09:19:00,20260106T061500Z-QE24M
L24-0369,E-0154,Z1.4-II-1.0-G,50,accept,,0,2024-05-22 09:46:00,20260106T061500Z-QE24M
L24-0377,E-0152,Z1.4-II-1.0-K,125,accept,,0,2024-05-22 14:05:00,20260106T061500Z-QE24M
L24-0399,E-0152,Z1.4-II-1.0-J,80,accept,,0,2024-05-22 12:26:00,20260106T061500Z-QE24M
L24-0411,E-0152,Z1.4-II-1.0-J,46,accept,,0,2024-05-22 13:27:00,20260106T061500Z-QE24M
L24-0418,E-0154,Z1.4-II-1.0-J,80,accept,,0,2024-05-22 14:31:00,20260106T061500Z-QE24M
L24-0376,E-0154,Z1.4-II-1.0-J,80,accept,,0,2024-05-23 12:46:00,20260106T061500Z-QE24M
L24-0383,E-0152,Z1.4-II-1.0-J,80,accept,,0,2024-05-23 13:26:00,20260106T061500Z-QE24M
L24-0389,E-0153,Z1.4-II-1.0-J,80,accept,,0,2024-05-23 11:48:00,20260106T061500Z-QE24M
L24-0407,E-0154,Z1.4-II-1.0-J,80,accept,,0,2024-05-23 14:10:00,20260106T061500Z-QE24M
L24-0410,E-0157,Z1.4-II-1.0-J,80,accept,,0,2024-05-23 14:12:00,20260106T061500Z-QE24M
L24-0415,E-0157,Z1.4-II-1.0-K,125,accept,,0,2024-05-23 12:12:00,20260106T061500Z-QE24M
L24-0416,E-0154,Z1.4-II-1.0-J,63,accept,D11:2,2,2024-05-23 12:15:00,20260106T061500Z-QE24M
L24-0433,E-0154,Z1.4-II-1.0-H,50,accept,,0,2024-05-23 13:02:00,20260106T061500Z-QE24M
L24-0394,E-0157,Z1.4-II-1.0-K,125,accept,,0,2024-05-24 14:48:00,20260106T061500Z-QE24M
L24-0423,E-0157,Z1.4-II-1.0-J,42,accept,,0,2024-05-24 14:08:00,20260106T061500Z-QE24M
L24-0424,E-0157,Z1.4-II-1.0-H,50,accept,D11:1,1,2024-05-24 10:31:00,20260106T061500Z-QE24M
L24-0425,E-0152,Z1.4-II-1.0-J,80,accept,,0,2024-05-24 08:50:00,20260106T061500Z-QE24M
L24-0440,E-0157,Z1.4-II-1.0-J,80,accept,,0,2024-05-24 08:11:00,20260106T061500Z-QE24M
L24-0444,E-0157,Z1.4-II-1.0-J,80,accept,,0,2024-05-24 07:04:00,20260106T061500Z-QE24M
L24-0450,E-0154,Z1.4-II-1.0-G,27,accept,,0,2024-05-24 12:20:00,20260106T061500Z-QE24M
L24-0372,E-0157,Z1.4-II-1.0-K,125,accept,,0,2024-05-28 08:39:00,20260106T061500Z-QE24M
L24-0397,E-0154,Z1.4-II-1.0-J,44,reject,D01:3,3,2024-05-28 08:53:00,20260106T061500Z-QE24M
L24-0403,E-0153,Z1.4-II-1.0-K,125,accept,,0,2024-05-28 11:43:00,20260106T061500Z-QE24M
L24-0421,E-0153,Z1.4-II-1.0-K,64,accept,,0,2024-05-28 10:37:00,20260106T061500Z-QE24M
L24-0426,E-0153,Z1.4-II-1.0-J,80,accept,,0,2024-05-28 08:34:00,20260106T061500Z-QE24M
L24-0428,E-0157,Z1.4-II-1.0-K,125,accept,,0,2024-05-28 11:39:00,20260106T061500Z-QE24M
L24-0370,E-0157,Z1.4-II-1.0-K,125,reject,D02:4,4,2024-05-29 10:21:00,20260106T061500Z-QE24M
L24-0401,E-0152,Z1.4-II-1.0-K,125,accept,,0,2024-05-29 07:33:00,20260106T061500Z-QE24M
L24-0431,E-0153,Z1.4-II-1.0-K,125,accept,D11:2,2,2024-05-29 12:23:00,20260106T061500Z-QE24M
L24-0434,E-0153,Z1.4-II-1.0-J,80,accept,,0,2024-05-29 13:50:00,20260106T061500Z-QE24M
L24-0442,E-0154,Z1.4-II-1.0-J,80,accept,,0,2024-05-29 11:21:00,20260106T061500Z-QE24M
L24-0447,E-0152,Z1.4-II-1.0-J,80,accept,,0,2024-05-29 14:44:00,20260106T061500Z-QE24M
L24-0453,E-0157,Z1.4-II-1.0-J,80,accept,D10:1,1,2024-05-29 13:44:00,20260106T061500Z-QE24M
L24-0471,E-0157,Z1.4-II-1.0-H,50,reject,D02:3,3,2024-05-29 14:13:00,20260106T061500Z-QE24M
L24-0420,E-0153,Z1.4-II-1.0-K,80,accept,,0,2024-05-30 08:15:00,20260106T061500Z-QE24M
L24-0437,E-0152,Z1.4-II-1.0-J,80,accept,,0,2024-05-30 07:18:00,20260106T061500Z-QE24M
L24-0448,E-0154,Z1.4-II-1.0-H,50,reject,D03:2,2,2024-05-30 13:36:00,20260106T061500Z-QE24M
L24-0451,E-0154,Z1.4-II-1.0-J,80,accept,,0,2024-05-30 12:31:00,20260106T061500Z-QE24M
L24-0455,E-0157,Z1.4-II-1.0-H,50,accept,D10:1,1,2024-05-30 09:28:00,20260106T061500Z-QE24M
L24-0470,E-0153,Z1.4-II-1.0-J,80,accept,,0,2024-05-30 09:19:00,20260106T061500Z-QE24M
L24-0398,E-0154,Z1.4-II-1.0-K,125,accept,,0,2024-05-31 11:41:00,20260106T061500Z-QE24M
L24-0409,E-0153,Z1.4-II-1.0-H,50,accept,D10:1,1,2024-05-31 12:53:00,20260106T061500Z-QE24M
L24-0422,E-0157,Z1.4-II-1.0-J,80,accept,,0,2024-05-31 10:13:00,20260106T061500Z-QE24M
L24-0429,E-0154,Z1.4-II-1.0-J,80,accept,,0,2024-05-31 11:37:00,20260106T061500Z-QE24M
L24-0430,E-0157,Z1.4-II-1.0-J,80,accept,,0,2024-05-31 10:37:00,20260106T061500Z-QE24M
L24-0438,E-0152,Z1.4-II-1.0-J,80,accept,,0,2024-05-31 14:07:00,20260106T061500Z-QE24M
L24-0443,E-0153,Z1.4-II-1.0-J,80,accept,D10:1,1,2024-05-31 14:59:00,20260106T061500Z-QE24M
L24-0452,E-0152,Z1.4-II-1.0-K,125,accept,D13:1,1,2024-05-31 14:11:00,20260106T061500Z-QE24M
L24-0462,E-0153,Z1.4-II-1.0-J,80,accept,,0,2024-05-31 07:20:00,20260106T061500Z-QE24M
L24-0490,E-0157,Z1.4-II-1.0-J,80,accept,,0,2024-05-31 10:58:00,20260106T061500Z-QE24M
L24-0491,E-0153,Z1.4-II-1.0-H,50,accept,,0,2024-05-31 07:35:00,20260106T061500Z-QE24M
L24-0379,E-0157,Z1.4-II-1.0-K,125,accept,D10:1,1,2024-06-03 14:27:00,20260106T061500Z-QE24M
L24-0436,E-0157,Z1.4-II-1.0-G,50,accept,,0,2024-06-03 09:35:00,20260106T061500Z-QE24M
L24-0456,E-0153,Z1.4-II-1.0-J,80,accept,,0,2024-06-03 13:47:00,20260106T061500Z-QE24M
L24-0458,E-0153,Z1.4-II-1.0-K,125,accept,D11:1,1,2024-06-03 12:20:00,20260106T061500Z-QE24M
L24-0459,E-0157,Z1.4-II-1.0-H,50,accept,D11:1,1,2024-06-03 13:36:00,20260106T061500Z-QE24M
L24-0412,E-0152,Z1.4-II-1.0-J,80,accept,,0,2024-06-04 10:37:00,20260106T061500Z-QE24M
L24-0457,E-0157,Z1.4-II-1.0-J,80,accept,,0,2024-06-04 08:05:00,20260106T061500Z-QE24M
L24-0465,E-0154,Z1.4-II-1.0-J,80,reject,D03:4,4,2024-06-04 09:17:00,20260106T061500Z-QE24M
L24-0427,E-0157,Z1.4-II-1.0-J,80,accept,,0,2024-06-05 12:53:00,20260106T061500Z-QE24M
L24-0441,E-0154,Z1.4-II-1.0-L,200,accept,D13:1,1,2024-06-05 12:56:00,20260106T061500Z-QE24M
L24-0446,E-0154,Z1.4-II-1.0-J,80,accept,,0,2024-06-05 14:33:00,20260106T061500Z-QE24M
L24-0478,E-0157,Z1.4-II-1.0-J,80,accept,,0,2024-06-05 12:06:00,20260106T061500Z-QE24M
L24-0432,E-0152,Z1.4-II-1.0-H,50,accept,,0,2024-06-06 07:57:00,20260106T061500Z-QE24M
L24-0439,E-0154,Z1.4-II-1.0-K,125,accept,D10:1,1,2024-06-06 11:27:00,20260106T061500Z-QE24M
L24-0467,E-0154,Z1.4-II-1.0-K,125,accept,,0,2024-06-06 11:17:00,20260106T061500Z-QE24M
L24-0487,E-0152,Z1.4-II-1.0-J,80,accept,,0,2024-06-06 10:46:00,20260106T061500Z-QE24M
L24-0460,E-0154,Z1.4-II-1.0-K,125,reject,D03:4,4,2024-06-07 12:01:00,20260106T061500Z-QE24M
L24-0469,E-0153,Z1.4-II-1.0-J,80,accept,,0,2024-06-07 14:41:00,20260106T061500Z-QE24M
L24-0479,E-0153,Z1.4-II-1.0-J,80,accept,,0,2024-06-07 10:55:00,20260106T061500Z-QE24M
L24-0502,E-0154,Z1.4-II-1.0-H,50,accept,,0,2024-06-07 14:29:00,20260106T061500Z-QE24M
L24-0435,E-0157,Z1.4-II-1.0-L,200,reject,D13:8,8,2024-06-10 09:13:00,20260106T061500Z-QE24M
L24-0445,E-0154,Z1.4-II-1.0-K,125,accept,,0,2024-06-10 11:13:00,20260106T061500Z-QE24M
L24-0449,E-0152,Z1.4-II-1.0-J,63,accept,D13:2,2,2024-06-10 08:32:00,20260106T061500Z-QE24M
L24-0483,E-0157,Z1.4-II-1.0-J,80,accept,,0,2024-06-10 10:19:00,20260106T061500Z-QE24M
L24-0486,E-0154,Z1.4-II-1.0-J,80,accept,,0,2024-06-10 14:57:00,20260106T061500Z-QE24M
L24-0472,E-0154,Z1.4-II-1.0-J,80,accept,D13:2,2,2024-06-11 07:06:00,20260106T061500Z-QE24M
L24-0473,E-0154,Z1.4-II-1.0-J,80,accept,D11:1,1,2024-06-11 10:43:00,20260106T061500Z-QE24M
L24-0505,E-0152,Z1.4-II-1.0-J,80,accept,,0,2024-06-11 11:07:00,20260106T061500Z-QE24M
L24-0514,E-0152,Z1.4-II-1.0-G,50,reject,D01:2,2,2024-06-11 07:56:00,20260106T061500Z-QE24M
L24-0464,E-0153,Z1.4-II-1.0-G,50,accept,,0,2024-06-12 07:59:00,20260106T061500Z-QE24M
L24-0474,E-0157,Z1.4-II-1.0-H,50,accept,D10:1,1,2024-06-12 11:37:00,20260106T061500Z-QE24M
L24-0481,E-0154,Z1.4-II-1.0-J,80,accept,D10:1,1,2024-06-12 07:03:00,20260106T061500Z-QE24M
L24-0494,E-0153,Z1.4-II-1.0-J,80,accept,D13:1,1,2024-06-12 10:32:00,20260106T061500Z-QE24M
L24-0500,E-0157,Z1.4-II-1.0-K,125,accept,,0,2024-06-12 13:02:00,20260106T061500Z-QE24M
L24-0513,E-0154,Z1.4-II-1.0-J,80,accept,D11:1,1,2024-06-12 12:32:00,20260106T061500Z-QE24M
L24-0463,E-0154,Z1.4-II-1.0-K,125,accept,D10:1,1,2024-06-13 10:22:00,20260106T061500Z-QE24M
L24-0466,E-0152,Z1.4-II-1.0-J,80,accept,,0,2024-06-13 13:31:00,20260106T061500Z-QE24M
L24-0509,E-0153,Z1.4-II-1.0-J,80,accept,D11:1,1,2024-06-13 13:40:00,20260106T061500Z-QE24M
L24-0511,E-0153,Z1.4-II-1.0-H,50,accept,,0,2024-06-13 13:36:00,20260106T061500Z-QE24M
L24-0517,E-0154,Z1.4-II-1.0-K,125,accept,,0,2024-06-13 07:59:00,20260106T061500Z-QE24M
L24-0499,E-0153,Z1.4-II-1.0-J,80,accept,D11:1,1,2024-06-14 11:38:00,20260106T061500Z-QE24M
L24-0501,E-0152,Z1.4-II-1.0-J,80,accept,,0,2024-06-14 11:30:00,20260106T061500Z-QE24M
L24-0518,E-0153,Z1.4-II-1.0-K,125,accept,D13:1,1,2024-06-14 11:31:00,20260106T061500Z-QE24M
L24-0475,E-0152,Z1.4-II-1.0-L,200,accept,D11:1,1,2024-06-17 13:08:00,20260106T061500Z-QE24M
L24-0477,E-0154,Z1.4-II-1.0-K,125,accept,,0,2024-06-17 13:21:00,20260106T061500Z-QE24M
L24-0480,E-0152,Z1.4-II-1.0-K,125,accept,,0,2024-06-17 11:19:00,20260106T061500Z-QE24M
L24-0485,E-0157,Z1.4-II-1.0-K,125,accept,,0,2024-06-17 12:20:00,20260106T061500Z-QE24M
L24-0512,E-0152,Z1.4-II-1.0-J,80,accept,,0,2024-06-17 13:34:00,20260106T061500Z-QE24M
L24-0489,E-0152,Z1.4-II-1.0-K,125,accept,,0,2024-06-18 12:25:00,20260106T061500Z-QE24M
L24-0493,E-0157,Z1.4-II-1.0-J,80,reject,D03:5,5,2024-06-18 08:55:00,20260106T061500Z-QE24M
L24-0461,E-0154,Z1.4-II-1.0-K,125,accept,,0,2024-06-19 08:51:00,20260106T061500Z-QE24M
L24-0495,E-0153,Z1.4-II-1.0-K,125,accept,,0,2024-06-19 09:54:00,20260106T061500Z-QE24M
L24-0498,E-0152,Z1.4-II-1.0-J,80,accept,,0,2024-06-19 12:48:00,20260106T061500Z-QE24M
L24-0503,E-0152,Z1.4-II-1.0-J,80,accept,D11:2,2,2024-06-19 10:32:00,20260106T061500Z-QE24M
L24-0516,E-0154,Z1.4-II-1.0-J,80,accept,D10:2,2,2024-06-19 12:14:00,20260106T061500Z-QE24M
L24-0521,E-0152,Z1.4-II-1.0-J,80,reject,D01:5,5,2024-06-19 09:09:00,20260106T061500Z-QE24M
L24-0523,E-0157,Z1.4-II-1.0-J,80,accept,,0,2024-06-19 14:28:00,20260106T061500Z-QE24M
L24-0525,E-0154,Z1.4-II-1.0-J,53,accept,,0,2024-06-19 10:02:00,20260106T061500Z-QE24M
L24-0454,E-0153,Z1.4-II-1.0-K,125,accept,,0,2024-06-20 12:37:00,20260106T061500Z-QE24M
L24-0468,E-0154,Z1.4-II-1.0-K,125,accept,,0,2024-06-20 13:13:00,20260106T061500Z-QE24M
L24-0482,E-0157,Z1.4-II-1.0-K,125,accept,,0,2024-06-20 08:02:00,20260106T061500Z-QE24M
L24-0492,E-0152,Z1.4-II-1.0-J,80,accept,,0,2024-06-20 10:33:00,20260106T061500Z-QE24M
L24-0508,E-0154,Z1.4-II-1.0-J,80,accept,,0,2024-06-20 12:27:00,20260106T061500Z-QE24M
L24-0526,E-0152,Z1.4-II-1.0-J,80,accept,D13:1,1,2024-06-20 07:22:00,20260106T061500Z-QE24M
L24-0528,E-0157,Z1.4-II-1.0-J,59,accept,,0,2024-06-20 10:46:00,20260106T061500Z-QE24M
L24-0497,E-0153,Z1.4-II-1.0-K,125,accept,,0,2024-06-21 10:34:00,20260106T061500Z-QE24M
L24-0536,E-0157,Z1.4-II-1.0-G,50,accept,,0,2024-06-21 14:39:00,20260106T061500Z-QE24M
L24-0488,E-0154,Z1.4-II-1.0-J,80,accept,,0,2024-06-24 10:25:00,20260106T061500Z-QE24M
L24-0496,E-0153,Z1.4-II-1.0-L,200,accept,D11:2,2,2024-06-24 08:33:00,20260106T061500Z-QE24M
L24-0507,E-0152,Z1.4-II-1.0-J,80,accept,,0,2024-06-24 13:12:00,20260106T061500Z-QE24M
L24-0520,E-0157,Z1.4-II-1.0-K,125,accept,D13:1,1,2024-06-24 09:24:00,20260106T061500Z-QE24M
L24-0522,E-0157,Z1.4-II-1.0-J,80,accept,D11:1,1,2024-06-24 07:33:00,20260106T061500Z-QE24M
L24-0535,E-0157,Z1.4-II-1.0-J,80,accept,,0,2024-06-24 11:53:00,20260106T061500Z-QE24M
L24-0533,E-0157,Z1.4-II-1.0-G,50,accept,D13:1,1,2024-06-25 13:49:00,20260106T061500Z-QE24M
L24-0484,E-0153,Z1.4-II-1.0-K,125,accept,,0,2024-06-26 14:18:00,20260106T061500Z-QE24M
L24-0506,E-0154,Z1.4-II-1.0-J,80,reject,D01:4,4,2024-06-26 08:08:00,20260106T061500Z-QE24M
L24-0519,E-0154,Z1.4-II-1.0-K,125,accept,,0,2024-06-26 09:01:00,20260106T061500Z-QE24M
L24-0530,E-0154,Z1.4-II-1.0-J,80,accept,D11:1,1,2024-06-26 08:11:00,20260106T061500Z-QE24M
L24-0531,E-0157,Z1.4-II-1.0-J,80,accept,,0,2024-06-26 08:26:00,20260106T061500Z-QE24M
L24-0544,E-0153,Z1.4-II-1.0-J,80,accept,,0,2024-06-26 14:36:00,20260106T061500Z-QE24M
L24-0510,E-0157,Z1.4-II-1.0-J,80,accept,,0,2024-06-27 10:51:00,20260106T061500Z-QE24M
L24-0515,E-0153,Z1.4-II-1.0-K,57,accept,,0,2024-06-27 09:12:00,20260106T061500Z-QE24M
L24-0542,E-0154,Z1.4-II-1.0-J,33,accept,,0,2024-06-27 13:27:00,20260106T061500Z-QE24M
L24-0547,E-0157,Z1.4-II-1.0-K,125,reject,D11:4,4,2024-06-27 14:59:00,20260106T061500Z-QE24M
L24-0555,E-0154,Z1.4-II-1.0-J,80,accept,,0,2024-06-27 11:52:00,20260106T061500Z-QE24M
L24-0593,E-0152,Z1.4-II-1.0-J,80,accept,,0,2024-06-27 08:35:00,20260106T061500Z-QE24M
L24-0476,E-0153,Z1.4-II-1.0-L,120,accept,,0,2024-06-28 10:25:00,20260106T061500Z-QE24M
L24-0546,E-0157,Z1.4-II-1.0-J,80,accept,D10:1,1,2024-06-28 14:24:00,20260106T061500Z-QE24M
L24-0524,E-0153,Z1.4-II-1.0-L,200,accept,,0,2024-07-01 11:56:00,20260106T061500Z-QE24M
L24-0543,E-0152,Z1.4-II-1.0-J,80,accept,,0,2024-07-01 07:23:00,20260106T061500Z-QE24M
L24-0548,E-0154,Z1.4-II-1.0-J,51,accept,,0,2024-07-01 11:03:00,20260106T061500Z-QE24M
L24-0550,E-0154,Z1.4-II-1.0-J,80,accept,,0,2024-07-01 10:51:00,20260106T061500Z-QE24M
L24-0558,E-0153,Z1.4-II-1.0-J,80,accept,,0,2024-07-01 09:52:00,20260106T061500Z-QE24M
L24-0563,E-0153,Z1.4-II-1.0-H,50,accept,,0,2024-07-01 08:13:00,20260106T061500Z-QE24M
L24-0566,E-0153,Z1.4-II-1.0-J,80,accept,,0,2024-07-01 14:37:00,20260106T061500Z-QE24M
L24-0582,E-0152,Z1.4-II-1.0-K,125,accept,,0,2024-07-01 12:38:00,20260106T061500Z-QE24M
L24-0529,E-0154,Z1.4-II-1.0-J,80,accept,,0,2024-07-02 09:17:00,20260106T061500Z-QE24M
L24-0532,E-0153,Z1.4-II-1.0-J,80,accept,,0,2024-07-02 14:42:00,20260106T061500Z-QE24M
L24-0553,E-0154,Z1.4-II-1.0-J,80,accept,D10:1,1,2024-07-02 13:56:00,20260106T061500Z-QE24M
L24-0554,E-0153,Z1.4-II-1.0-K,125,accept,D13:1,1,2024-07-02 13:53:00,20260106T061500Z-QE24M
L24-0556,E-0157,Z1.4-II-1.0-J,80,accept,,0,2024-07-02 07:48:00,20260106T061500Z-QE24M
L24-0580,E-0153,Z1.4-II-1.0-J,80,accept,,0,2024-07-02 07:30:00,20260106T061500Z-QE24M
L24-0504,E-0152,Z1.4-II-1.0-K,125,accept,D13:1,1,2024-07-03 12:26:00,20260106T061500Z-QE24M
L24-0538,E-0152,Z1.4-II-1.0-K,125,accept,,0,2024-07-03 12:51:00,20260106T061500Z-QE24M
L24-0540,E-0153,Z1.4-II-1.0-K,58,accept,,0,2024-07-03 10:07:00,20260106T061500Z-QE24M
L24-0561,E-0153,Z1.4-II-1.0-K,125,accept,D10:1,1,2024-07-03 11:40:00,20260106T061500Z-QE24M
L24-0589,E-0152,Z1.4-II-1.0-K,125,accept,,0,2024-07-03 10:08:00,20260106T061500Z-QE24M
L24-0527,E-0152,Z1.4-II-1.0-J,80,accept,,0,2024-07-05 13:37:00,20260106T061500Z-QE24M
L24-0541,E-0157,Z1.4-II-1.0-K,125,accept,D13:1,1,2024-07-05 07:44:00,20260106T061500Z-QE24M
L24-0545,E-0157,Z1.4-II-1.0-K,125,accept,,0,2024-07-05 12:34:00,20260106T061500Z-QE24M
L24-0562,E-0154,Z1.4-II-1.0-J,51,accept,,0,2024-07-05 13:57:00,20260106T061500Z-QE24M
L24-0567,E-0153,Z1.4-II-1.0-J,80,accept,,0,2024-07-05 07:32:00,20260106T061500Z-QE24M
L24-0602,E-0153,Z1.4-II-1.0-K,125,accept,,0,2024-07-05 08:55:00,20260106T061500Z-QE24M
L24-0534,E-0154,Z1.4-II-1.0-J,80,accept,D13:1,1,2024-07-08 13:33:00,20260106T061500Z-QE24M
L24-0570,E-0154,Z1.4-II-1.0-J,80,accept,,0,2024-07-08 09:48:00,20260106T061500Z-QE24M
L24-0571,E-0157,Z1.4-II-1.0-K,125,accept,,0,2024-07-08 10:00:00,20260106T061500Z-QE24M
L24-0579,E-0154,Z1.4-II-1.0-K,78,accept,D13:1,1,2024-07-08 12:57:00,20260106T061500Z-QE24M
L24-0584,E-0152,Z1.4-II-1.0-J,80,accept,D13:2,2,2024-07-08 13:48:00,20260106T061500Z-QE24M
L24-0586,E-0152,Z1.4-II-1.0-K,87,accept,,0,2024-07-08 13:48:00,20260106T061500Z-QE24M
L24-0616,E-0153,Z1.4-II-1.0-J,80,accept,,0,2024-07-08 12:32:00,20260106T061500Z-QE24M
L24-0552,E-0152,Z1.4-II-1.0-K,125,reject,D03:4,4,2024-07-09 13:22:00,20260106T061500Z-QE24M
L24-0573,E-0154,Z1.4-II-1.0-K,125,accept,,0,2024-07-09 13:41:00,20260106T061500Z-QE24M
L24-0587,E-0153,Z1.4-II-1.0-J,80,accept,D11:1,1,2024-07-09 12:01:00,20260106T061500Z-QE24M
L24-0588,E-0152,Z1.4-II-1.0-J,80,accept,D13:1,1,2024-07-09 09:38:00,20260106T061500Z-QE24M
L24-0549,E-0153,Z1.4-II-1.0-H,50,accept,,0,2024-07-10 11:12:00,20260106T061500Z-QE24M
L24-0574,E-0154,Z1.4-II-1.0-K,125,accept,,0,2024-07-10 09:56:00,20260106T061500Z-QE24M
L24-0575,E-0152,Z1.4-II-1.0-K,125,accept,D10:1,1,2024-07-10 14:37:00,20260106T061500Z-QE24M
L24-0551,E-0153,Z1.4-II-1.0-J,80,accept,,0,2024-07-11 13:11:00,20260106T061500Z-QE24M
L24-0559,E-0153,Z1.4-II-1.0-J,80,accept,,0,2024-07-11 13:29:00,20260106T061500Z-QE24M
L24-0560,E-0153,Z1.4-II-1.0-J,61,accept,,0,2024-07-11 11:20:00,20260106T061500Z-QE24M
L24-0585,E-0157,Z1.4-II-1.0-H,50,accept,D11:1,1,2024-07-11 14:48:00,20260106T061500Z-QE24M
L24-0591,E-0153,Z1.4-II-1.0-J,80,accept,,0,2024-07-11 14:11:00,20260106T061500Z-QE24M
L24-0596,E-0152,Z1.4-II-1.0-J,80,reject,D01:3,3,2024-07-11 14:29:00,20260106T061500Z-QE24M
L24-0597,E-0157,Z1.4-II-1.0-K,50,reject,D02:7,7,2024-07-11 10:07:00,20260106T061500Z-QE24M
L24-0607,E-0157,Z1.4-II-1.0-J,54,accept,,0,2024-07-11 09:06:00,20260106T061500Z-QE24M
L24-0537,E-0154,Z1.4-II-1.0-J,80,accept,,0,2024-07-12 11:07:00,20260106T061500Z-QE24M
L24-0564,E-0154,Z1.4-II-1.0-K,125,reject,D05:4,4,2024-07-12 14:25:00,20260106T061500Z-QE24M
L24-0583,E-0153,Z1.4-II-1.0-K,125,accept,,0,2024-07-12 10:59:00,20260106T061500Z-QE24M
L24-0539,E-0152,Z1.4-II-1.0-K,125,accept,,0,2024-07-15 11:18:00,20260106T061500Z-QE24M
L24-0557,E-0152,Z1.4-II-1.0-K,125,accept,D13:1,1,2024-07-15 12:09:00,20260106T061500Z-QE24M
L24-0565,E-0157,Z1.4-II-1.0-J,80,accept,,0,2024-07-15 12:43:00,20260106T061500Z-QE24M
L24-0581,E-0152,Z1.4-II-1.0-J,80,accept,,0,2024-07-15 14:51:00,20260106T061500Z-QE24M
L24-0595,E-0157,Z1.4-II-1.0-J,80,accept,D13:1,1,2024-07-15 10:23:00,20260106T061500Z-QE24M
L24-0598,E-0152,Z1.4-II-1.0-J,80,accept,,0,2024-07-15 13:04:00,20260106T061500Z-QE24M
L24-0603,E-0153,Z1.4-II-1.0-K,125,reject,D05:5,5,2024-07-15 07:37:00,20260106T061500Z-QE24M
L24-0606,E-0154,Z1.4-II-1.0-K,125,accept,,0,2024-07-15 07:42:00,20260106T061500Z-QE24M
L24-0618,E-0153,Z1.4-II-1.0-H,50,accept,,0,2024-07-15 09:51:00,20260106T061500Z-QE24M
L24-0568,E-0153,Z1.4-II-1.0-J,80,accept,D13:1,1,2024-07-16 08:26:00,20260106T061500Z-QE24M
L24-0605,E-0157,Z1.4-II-1.0-H,27,accept,D10:1,1,2024-07-16 08:44:00,20260106T061500Z-QE24M
L24-0608,E-0153,Z1.4-II-1.0-K,125,accept,,0,2024-07-16 09:02:00,20260106T061500Z-QE24M
L24-0613,E-0152,Z1.4-II-1.0-J,80,accept,,0,2024-07-16 14:44:00,20260106T061500Z-QE24M
L24-0622,E-0157,Z1.4-II-1.0-J,80,accept,,0,2024-07-16 14:15:00,20260106T061500Z-QE24M
L24-0625,E-0152,Z1.4-II-1.0-G,22,accept,,0,2024-07-16 10:55:00,20260106T061500Z-QE24M
L24-0630,E-0153,Z1.4-II-1.0-H,50,accept,D13:1,1,2024-07-16 10:51:00,20260106T061500Z-QE24M
L24-0619,E-0157,Z1.4-II-1.0-J,58,reject,D02:5,5,2024-07-17 12:51:00,20260106T061500Z-QE24M
L24-0627,E-0152,Z1.4-II-1.0-G,50,accept,,0,2024-07-17 10:49:00,20260106T061500Z-QE24M
L24-0640,E-0157,Z1.4-II-1.0-J,80,accept,D10:1,1,2024-07-17 12:39:00,20260106T061500Z-QE24M
L24-0569,E-0157,Z1.4-II-1.0-K,125,accept,,0,2024-07-18 07:42:00,20260106T061500Z-QE24M
L24-0590,E-0153,Z1.4-II-1.0-K,125,accept,,0,2024-07-18 08:09:00,20260106T061500Z-QE24M
L24-0592,E-0157,Z1.4-II-1.0-J,80,reject,D03:4,4,2024-07-18 12:05:00,20260106T061500Z-QE24M
L24-0604,E-0154,Z1.4-II-1.0-J,80,accept,,0,2024-07-18 14:18:00,20260106T061500Z-QE24M
L24-0609,E-0153,Z1.4-II-1.0-K,125,accept,,0,2024-07-18 09:27:00,20260106T061500Z-QE24M
L24-0611,E-0153,Z1.4-II-1.0-K,125,accept,D10:2,2,2024-07-18 11:12:00,20260106T061500Z-QE24M
L24-0614,E-0152,Z1.4-II-1.0-J,80,accept,,0,2024-07-18 09:13:00,20260106T061500Z-QE24M
L24-0617,E-0152,Z1.4-II-1.0-J,55,reject,D01:3,3,2024-07-18 12:30:00,20260106T061500Z-QE24M
L24-0620,E-0157,Z1.4-II-1.0-K,125,reject,D10:4,4,2024-07-18 11:19:00,20260106T061500Z-QE24M
L24-0621,E-0153,Z1.4-II-1.0-J,80,accept,D13:1,1,2024-07-18 07:30:00,20260106T061500Z-QE24M
L24-0631,E-0157,Z1.4-II-1.0-J,80,accept,,0,2024-07-18 11:51:00,20260106T061500Z-QE24M
L24-0652,E-0152,Z1.4-II-1.0-H,50,accept,D11:1,1,2024-07-19 10:31:00,20260106T061500Z-QE24M
L24-0594,E-0152,Z1.4-II-1.0-K,125,accept,,0,2024-07-22 07:14:00,20260106T061500Z-QE24M
L24-0600,E-0154,Z1.4-II-1.0-J,80,accept,D13:1,1,2024-07-22 12:04:00,20260106T061500Z-QE24M
L24-0615,E-0157,Z1.4-II-1.0-K,125,accept,,0,2024-07-22 08:09:00,20260106T061500Z-QE24M
L24-0623,E-0152,Z1.4-II-1.0-J,80,accept,,0,2024-07-22 11:10:00,20260106T061500Z-QE24M
L24-0633,E-0157,Z1.4-II-1.0-K,125,accept,D10:1,1,2024-07-22 07:47:00,20260106T061500Z-QE24M
L24-0642,E-0153,Z1.4-II-1.0-J,80,accept,D10:1,1,2024-07-22 13:30:00,20260106T061500Z-QE24M
L24-0578,E-0154,Z1.4-II-1.0-J,80,accept,,0,2024-07-23 12:44:00,20260106T061500Z-QE24M
L24-0639,E-0157,Z1.4-II-1.0-K,125,accept,,0,2024-07-23 07:56:00,20260106T061500Z-QE24M
L24-0599,E-0157,Z1.4-II-1.0-J,80,accept,,0,2024-07-24 13:34:00,20260106T061500Z-QE24M
L24-0624,E-0157,Z1.4-II-1.0-K,125,accept,,0,2024-07-24 13:56:00,20260106T061500Z-QE24M
L24-0635,E-0154,Z1.4-II-1.0-J,80,accept,D13:2,2,2024-07-24 12:27:00,20260106T061500Z-QE24M
L24-0691,E-0154,Z1.4-II-1.0-J,80,accept,D10:1,1,2024-07-24 12:28:00,20260106T061500Z-QE24M
L24-0628,E-0152,Z1.4-II-1.0-J,80,accept,,0,2024-07-25 07:27:00,20260106T061500Z-QE24M
L24-0638,E-0154,Z1.4-II-1.0-J,41,accept,,0,2024-07-25 09:45:00,20260106T061500Z-QE24M
L24-0643,E-0152,Z1.4-II-1.0-J,44,accept,,0,2024-07-25 14:40:00,20260106T061500Z-QE24M
L24-0649,E-0157,Z1.4-II-1.0-J,80,accept,,0,2024-07-25 07:26:00,20260106T061500Z-QE24M
L24-0651,E-0153,Z1.4-II-1.0-J,80,accept,,0,2024-07-25 10:00:00,20260106T061500Z-QE24M
L24-0654,E-0152,Z1.4-II-1.0-G,50,accept,D10:1,1,2024-07-25 13:11:00,20260106T061500Z-QE24M
L24-0661,E-0153,Z1.4-II-1.0-H,50,accept,,0,2024-07-25 11:53:00,20260106T061500Z-QE24M
L24-0667,E-0157,Z1.4-II-1.0-K,79,accept,,0,2024-07-25 11:37:00,20260106T061500Z-QE24M
L24-0674,E-0157,Z1.4-II-1.0-H,50,accept,,0,2024-07-25 13:33:00,20260106T061500Z-QE24M
L24-0644,E-0152,Z1.4-II-1.0-J,80,accept,,0,2024-07-26 08:24:00,20260106T061500Z-QE24M
L24-0648,E-0157,Z1.4-II-1.0-H,50,accept,,0,2024-07-26 10:55:00,20260106T061500Z-QE24M
L24-0658,E-0157,Z1.4-II-1.0-H,37,accept,D11:1,1,2024-07-26 07:20:00,20260106T061500Z-QE24M
L24-0663,E-0154,Z1.4-II-1.0-J,80,accept,,0,2024-07-26 14:00:00,20260106T061500Z-QE24M
L24-0672,E-0153,Z1.4-II-1.0-J,80,accept,D13:1,1,2024-07-26 07:03:00,20260106T061500Z-QE24M
L24-0690,E-0154,Z1.4-II-1.0-J,80,accept,D10:1,1,2024-07-26 12:04:00,20260106T061500Z-QE24M
L24-0577,E-0154,Z1.4-II-1.0-K,125,reject,D08:6,6,2024-07-29 14:34:00,20260106T061500Z-QE24M
L24-0601,E-0157,Z1.4-II-1.0-K,125,accept,,0,2024-07-29 13:03:00,20260106T061500Z-QE24M
L24-0646,E-0153,Z1.4-II-1.0-J,80,accept,,0,2024-07-29 08:29:00,20260106T061500Z-QE24M
L24-0572,E-0154,Z1.4-II-1.0-K,68,reject,D03:7,7,2024-07-30 07:04:00,20260106T061500Z-QE24M
L24-0576,E-0152,Z1.4-II-1.0-K,125,accept,D10:1,1,2024-07-30 13:00:00,20260106T061500Z-QE24M
L24-0664,E-0153,Z1.4-II-1.0-J,80,accept,D13:1,1,2024-07-30 12:42:00,20260106T061500Z-QE24M
L24-0677,E-0152,Z1.4-II-1.0-K,125,accept,D10:1,1,2024-07-30 11:17:00,20260106T061500Z-QE24M
L24-0612,E-0154,Z1.4-II-1.0-J,80,accept,,0,2024-07-31 08:14:00,20260106T061500Z-QE24M
L24-0632,E-0152,Z1.4-II-1.0-J,80,accept,,0,2024-07-31 11:16:00,20260106T061500Z-QE24M
L24-0645,E-0154,Z1.4-II-1.0-J,80,accept,,0,2024-07-31 10:22:00,20260106T061500Z-QE24M
L24-0666,E-0157,Z1.4-II-1.0-K,125,accept,D13:1,1,2024-07-31 11:45:00,20260106T061500Z-QE24M
L24-0668,E-0157,Z1.4-II-1.0-J,80,accept,,0,2024-07-31 10:52:00,20260106T061500Z-QE24M
L24-0669,E-0154,Z1.4-II-1.0-J,80,accept,,0,2024-07-31 09:19:00,20260106T061500Z-QE24M
L24-0673,E-0157,Z1.4-II-1.0-K,75,accept,,0,2024-07-31 08:07:00,20260106T061500Z-QE24M
L24-0678,E-0153,Z1.4-II-1.0-J,80,accept,D10:1,1,2024-07-31 13:17:00,20260106T061500Z-QE24M
L24-0681,E-0153,Z1.4-II-1.0-J,80,accept,,0,2024-07-31 14:16:00,20260106T061500Z-QE24M
L24-0687,E-0153,Z1.4-II-1.0-J,80,accept,,0,2024-07-31 10:00:00,20260106T061500Z-QE24M
L24-0701,E-0152,Z1.4-II-1.0-J,80,accept,,0,2024-07-31 12:54:00,20260106T061500Z-QE24M
L24-0713,E-0153,Z1.4-II-1.0-J,80,accept,,0,2024-07-31 11:55:00,20260106T061500Z-QE24M
L24-0659,E-0153,Z1.4-II-1.0-J,80,accept,,0,2024-08-01 13:32:00,20260106T061500Z-QE24M
L24-0662,E-0152,Z1.4-II-1.0-K,125,accept,,0,2024-08-01 10:32:00,20260106T061500Z-QE24M
L24-0665,E-0153,Z1.4-II-1.0-J,50,accept,,0,2024-08-01 08:00:00,20260106T061500Z-QE24M
L24-0671,E-0154,Z1.4-II-1.0-K,125,accept,,0,2024-08-01 11:59:00,20260106T061500Z-QE24M
L24-0675,E-0153,Z1.4-II-1.0-L,200,accept,,0,2024-08-01 12:07:00,20260106T061500Z-QE24M
L24-0636,E-0152,Z1.4-II-1.0-J,80,accept,,0,2024-08-02 09:58:00,20260106T061500Z-QE24M
L24-0641,E-0152,Z1.4-II-1.0-H,50,accept,,0,2024-08-02 13:15:00,20260106T061500Z-QE24M
L24-0676,E-0152,Z1.4-II-1.0-K,88,accept,,0,2024-08-02 13:58:00,20260106T061500Z-QE24M
L24-0610,E-0152,Z1.4-II-1.0-J,80,accept,,0,2024-08-05 07:25:00,20260106T061500Z-QE24M
L24-0626,E-0153,Z1.4-II-1.0-K,125,accept,,0,2024-08-05 11:37:00,20260106T061500Z-QE24M
L24-0653,E-0152,Z1.4-II-1.0-G,50,accept,D13:1,1,2024-08-05 11:20:00,20260106T061500Z-QE24M
L24-0656,E-0154,Z1.4-II-1.0-K,125,accept,,0,2024-08-05 14:54:00,20260106T061500Z-QE24M
L24-0660,E-0157,Z1.4-II-1.0-J,80,accept,,0,2024-08-05 11:27:00,20260106T061500Z-QE24M
L24-0698,E-0153,Z1.4-II-1.0-J,80,accept,,0,2024-08-05 14:09:00,20260106T061500Z-QE24M
L24-0634,E-0152,Z1.4-II-1.0-K,125,accept,,0,2024-08-06 10:20:00,20260106T061500Z-QE24M
L24-0637,E-0153,Z1.4-II-1.0-J,80,accept,,0,2024-08-06 07:22:00,20260106T061500Z-QE24M
L24-0670,E-0153,Z1.4-II-1.0-H,50,accept,D13:1,1,2024-08-06 14:03:00,20260106T061500Z-QE24M
L24-0650,E-0152,Z1.4-II-1.0-K,125,accept,,0,2024-08-07 13:49:00,20260106T061500Z-QE24M
L24-0655,E-0153,Z1.4-II-1.0-K,82,reject,D03:4,4,2024-08-07 07:40:00,20260106T061500Z-QE24M
L24-0710,E-0157,Z1.4-II-1.0-J,54,accept,D13:1,1,2024-08-07 08:13:00,20260106T061500Z-QE24M
L24-0657,E-0157,Z1.4-II-1.0-K,125,accept,,0,2024-08-08 13:15:00,20260106T061500Z-QE24M
L24-0695,E-0152,Z1.4-II-1.0-J,80,accept,,0,2024-08-08 10:07:00,20260106T061500Z-QE24M
L24-0714,E-0157,Z1.4-II-1.0-H,37,accept,,0,2024-08-08 11:07:00,20260106T061500Z-QE24M
L24-0721,E-0153,Z1.4-II-1.0-J,80,accept,,0,2024-08-08 09:17:00,20260106T061500Z-QE24M
L24-0724,E-0152,Z1.4-II-1.0-H,50,accept,,0,2024-08-08 07:50:00,20260106T061500Z-QE24M
L24-0694,E-0157,Z1.4-II-1.0-K,125,accept,,0,2024-08-09 08:25:00,20260106T061500Z-QE24M
L24-0700,E-0152,Z1.4-II-1.0-J,80,accept,,0,2024-08-09 14:06:00,20260106T061500Z-QE24M
L24-0726,E-0152,Z1.4-II-1.0-J,80,accept,,0,2024-08-09 13:38:00,20260106T061500Z-QE24M
L24-0629,E-0154,Z1.4-II-1.0-L,200,accept,D13:1,1,2024-08-12 12:21:00,20260106T061500Z-QE24M
L24-0647,E-0157,Z1.4-II-1.0-L,200,accept,,0,2024-08-12 07:02:00,20260106T061500Z-QE24M
L24-0697,E-0153,Z1.4-II-1.0-J,80,accept,D11:2,2,2024-08-12 07:47:00,20260106T061500Z-QE24M
L24-0702,E-0154,Z1.4-II-1.0-K,96,accept,,0,2024-08-12 14:01:00,20260106T061500Z-QE24M
L24-0708,E-0153,Z1.4-II-1.0-J,80,accept,,0,2024-08-12 07:02:00,20260106T061500Z-QE24M
L24-0717,E-0154,Z1.4-II-1.0-G,50,accept,,0,2024-08-12 08:48:00,20260106T061500Z-QE24M
L24-0727,E-0153,Z1.4-II-1.0-J,80,reject,D11:3,3,2024-08-12 10:36:00,20260106T061500Z-QE24M
L24-0729,E-0154,Z1.4-II-1.0-J,80,reject,D07:4,4,2024-08-12 08:04:00,20260106T061500Z-QE24M
L24-0680,E-0153,Z1.4-II-1.0-J,57,accept,D11:2,2,2024-08-13 10:20:00,20260106T061500Z-QE24M
L24-0706,E-0154,Z1.4-II-1.0-J,80,reject,D01:5,5,2024-08-14 07:23:00,20260106T061500Z-QE24M
L24-0711,E-0157,Z1.4-II-1.0-K,125,accept,,0,2024-08-14 11:19:00,20260106T061500Z-QE24M
L24-0720,E-0157,Z1.4-II-1.0-K,125,accept,,0,2024-08-14 08:46:00,20260106T061500Z-QE24M
L24-0728,E-0152,Z1.4-II-1.0-J,80,accept,,0,2024-08-14 09:10:00,20260106T061500Z-QE24M
L24-0682,E-0152,Z1.4-II-1.0-J,80,accept,D13:2,2,2024-08-15 10:32:00,20260106T061500Z-QE24M
L24-0686,E-0152,Z1.4-II-1.0-K,125,accept,,0,2024-08-15 14:04:00,20260106T061500Z-QE24M
L24-0703,E-0154,Z1.4-II-1.0-K,125,accept,,0,2024-08-15 14:35:00,20260106T061500Z-QE24M
L24-0716,E-0152,Z1.4-II-1.0-H,50,accept,D11:1,1,2024-08-15 12:57:00,20260106T061500Z-QE24M
L24-0718,E-0153,Z1.4-II-1.0-J,80,accept,,0,2024-08-15 07:37:00,20260106T061500Z-QE24M
L24-0725,E-0153,Z1.4-II-1.0-K,125,accept,,0,2024-08-15 12:01:00,20260106T061500Z-QE24M
L24-0737,E-0153,Z1.4-II-1.0-H,50,accept,D10:1,1,2024-08-15 13:12:00,20260106T061500Z-QE24M
L24-0699,E-0157,Z1.4-II-1.0-J,80,accept,,0,2024-08-16 11:39:00,20260106T061500Z-QE24M
L24-0731,E-0152,Z1.4-II-1.0-K,125,accept,,0,2024-08-16 07:49:00,20260106T061500Z-QE24M
L24-0743,E-0153,Z1.4-II-1.0-J,80,accept,,0,2024-08-16 13:14:00,20260106T061500Z-QE24M
L24-0679,E-0152,Z1.4-II-1.0-K,125,accept,,0,2024-08-19 09:40:00,20260106T061500Z-QE24M
L24-0684,E-0152,Z1.4-II-1.0-J,80,accept,D13:1,1,2024-08-19 10:16:00,20260106T061500Z-QE24M
L24-0692,E-0157,Z1.4-II-1.0-K,125,accept,,0,2024-08-19 13:10:00,20260106T061500Z-QE24M
L24-0732,E-0154,Z1.4-II-1.0-J,80,accept,,0,2024-08-19 09:46:00,20260106T061500Z-QE24M
L24-0734,E-0153,Z1.4-II-1.0-J,80,accept,,0,2024-08-19 10:37:00,20260106T061500Z-QE24M
L24-0747,E-0154,Z1.4-II-1.0-J,80,accept,D13:1,1,2024-08-19 07:48:00,20260106T061500Z-QE24M
L24-0688,E-0152,Z1.4-II-1.0-K,125,accept,,0,2024-08-20 12:33:00,20260106T061500Z-QE24M
L24-0689,E-0152,Z1.4-II-1.0-L,200,accept,,0,2024-08-20 10:38:00,20260106T061500Z-QE24M
L24-0696,E-0157,Z1.4-II-1.0-K,75,accept,,0,2024-08-20 09:40:00,20260106T061500Z-QE24M
L24-0719,E-0153,Z1.4-II-1.0-K,125,reject,D02:6,6,2024-08-20 10:18:00,20260106T061500Z-QE24M
L24-0722,E-0153,Z1.4-II-1.0-K,92,accept,D13:1,1,2024-08-20 08:50:00,20260106T061500Z-QE24M
L24-0752,E-0157,Z1.4-II-1.0-J,80,reject,D01:4,4,2024-08-20 13:43:00,20260106T061500Z-QE24M
L24-0685,E-0154,Z1.4-II-1.0-J,80,accept,,0,2024-08-21 12:19:00,20260106T061500Z-QE24M
L24-0704,E-0157,Z1.4-II-1.0-H,50,accept,,0,2024-08-21 10:47:00,20260106T061500Z-QE24M
L24-0742,E-0153,Z1.4-II-1.0-J,80,accept,,0,2024-08-21 09:29:00,20260106T061500Z-QE24M
L24-0745,E-0153,Z1.4-II-1.0-K,125,accept,,0,2024-08-21 10:13:00,20260106T061500Z-QE24M
L24-0749,E-0154,Z1.4-II-1.0-J,80,accept,D13:2,2,2024-08-21 10:06:00,20260106T061500Z-QE24M
L24-0754,E-0154,Z1.4-II-1.0-J,80,reject,D07:3,3,2024-08-21 08:41:00,20260106T061500Z-QE24M
L24-0683,E-0157,Z1.4-II-1.0-J,80,accept,D13:1,1,2024-08-22 09:17:00,20260106T061500Z-QE24M
L24-0693,E-0154,Z1.4-II-1.0-H,50,accept,,0,2024-08-22 08:47:00,20260106T061500Z-QE24M
L24-0707,E-0153,Z1.4-II-1.0-L,200,accept,D13:1,1,2024-08-22 13:46:00,20260106T061500Z-QE24M
L24-0712,E-0152,Z1.4-II-1.0-J,80,accept,D10:1,1,2024-08-22 11:51:00,20260106T061500Z-QE24M
L24-0736,E-0152,Z1.4-II-1.0-J,80,accept,D13:1,1,2024-08-22 09:18:00,20260106T061500Z-QE24M
L24-0735,E-0153,Z1.4-II-1.0-J,80,accept,,0,2024-08-23 10:29:00,20260106T061500Z-QE24M
L24-0763,E-0152,Z1.4-II-1.0-H,50,accept,,0,2024-08-23 09:45:00,20260106T061500Z-QE24M
L24-0767,E-0154,Z1.4-II-1.0-J,80,accept,,0,2024-08-23 10:00:00,20260106T061500Z-QE24M
L24-0705,E-0153,Z1.4-II-1.0-K,125,accept,,0,2024-08-26 08:40:00,20260106T061500Z-QE24M
L24-0739,E-0152,Z1.4-II-1.0-J,80,accept,,0,2024-08-26 14:14:00,20260106T061500Z-QE24M
L24-0715,E-0157,Z1.4-II-1.0-H,50,accept,D13:1,1,2024-08-27 12:40:00,20260106T061500Z-QE24M
L24-0740,E-0154,Z1.4-II-1.0-J,80,reject,D04:3,3,2024-08-27 14:22:00,20260106T061500Z-QE24M
L24-0746,E-0152,Z1.4-II-1.0-J,80,accept,,0,2024-08-27 13:48:00,20260106T061500Z-QE24M
L24-0759,E-0153,Z1.4-II-1.0-J,80,accept,D10:1,1,2024-08-27 10:27:00,20260106T061500Z-QE24M
L24-0723,E-0152,Z1.4-II-1.0-J,52,accept,D11:2,2,2024-08-28 11:00:00,20260106T061500Z-QE24M
L24-0738,E-0157,Z1.4-II-1.0-K,125,accept,,0,2024-08-28 12:08:00,20260106T061500Z-QE24M
L24-0753,E-0152,Z1.4-II-1.0-K,125,accept,D13:2,2,2024-08-28 12:38:00,20260106T061500Z-QE24M
L24-0771,E-0153,Z1.4-II-1.0-J,80,accept,,0,2024-08-28 08:03:00,20260106T061500Z-QE24M
L24-0782,E-0157,Z1.4-II-1.0-H,50,accept,D10:1,1,2024-08-28 08:35:00,20260106T061500Z-QE24M
L24-0709,E-0152,Z1.4-II-1.0-G,50,accept,D11:1,1,2024-08-29 08:04:00,20260106T061500Z-QE24M
L24-0755,E-0154,Z1.4-II-1.0-K,125,accept,,0,2024-08-29 07:54:00,20260106T061500Z-QE24M
L24-0756,E-0152,Z1.4-II-1.0-J,80,reject,D01:4,4,2024-08-29 11:16:00,20260106T061500Z-QE24M
L24-0766,E-0152,Z1.4-II-1.0-K,125,accept,,0,2024-08-30 08:35:00,20260106T061500Z-QE24M
L24-0776,E-0153,Z1.4-II-1.0-H,24,accept,,0,2024-08-30 13:56:00,20260106T061500Z-QE24M
L24-0730,E-0152,Z1.4-II-1.0-K,125,reject,D04:6,6,2024-09-03 14:48:00,20260106T061500Z-QE24M
L24-0750,E-0153,Z1.4-II-1.0-J,80,accept,,0,2024-09-03 12:14:00,20260106T061500Z-QE24M
L24-0758,E-0153,Z1.4-II-1.0-K,125,accept,,0,2024-09-03 11:28:00,20260106T061500Z-QE24M
L24-0773,E-0152,Z1.4-II-1.0-J,37,accept,D11:1,1,2024-09-03 12:21:00,20260106T061500Z-QE24M
L24-0774,E-0152,Z1.4-II-1.0-G,50,accept,,0,2024-09-03 08:11:00,20260106T061500Z-QE24M
L24-0778,E-0157,Z1.4-II-1.0-J,80,accept,,0,2024-09-03 13:06:00,20260106T061500Z-QE24M
L24-0781,E-0153,Z1.4-II-1.0-J,57,accept,D11:1,1,2024-09-03 07:44:00,20260106T061500Z-QE24M
L24-0748,E-0154,Z1.4-II-1.0-J,80,accept,,0,2024-09-04 09:31:00,20260106T061500Z-QE24M
L24-0761,E-0157,Z1.4-II-1.0-K,125,accept,,0,2024-09-04 08:52:00,20260106T061500Z-QE24M
L24-0777,E-0157,Z1.4-II-1.0-J,63,accept,D10:1,1,2024-09-04 11:29:00,20260106T061500Z-QE24M
L24-0733,E-0152,Z1.4-II-1.0-K,125,accept,,0,2024-09-05 09:02:00,20260106T061500Z-QE24M
L24-0757,E-0152,Z1.4-II-1.0-K,85,accept,,0,2024-09-05 11:47:00,20260106T061500Z-QE24M
L24-0762,E-0154,Z1.4-II-1.0-K,125,accept,D11:1,1,2024-09-05 13:33:00,20260106T061500Z-QE24M
L24-0787,E-0154,Z1.4-II-1.0-J,80,reject,D13:3,3,2024-09-05 07:16:00,20260106T061500Z-QE24M
L24-0790,E-0154,Z1.4-II-1.0-J,80,accept,D10:1,1,2024-09-05 11:04:00,20260106T061500Z-QE24M
L24-0792,E-0157,Z1.4-II-1.0-J,62,accept,,0,2024-09-05 14:36:00,20260106T061500Z-QE24M
L24-0803,E-0152,Z1.4-II-1.0-K,125,accept,D13:1,1,2024-09-05 11:01:00,20260106T061500Z-QE24M
L24-0741,E-0153,Z1.4-II-1.0-J,80,accept,D11:1,1,2024-09-06 12:58:00,20260106T061500Z-QE24M
L24-0765,E-0154,Z1.4-II-1.0-J,36,accept,,0,2024-09-06 09:52:00,20260106T061500Z-QE24M
L24-0769,E-0152,Z1.4-II-1.0-H,50,accept,,0,2024-09-06 11:35:00,20260106T061500Z-QE24M
L24-0783,E-0157,Z1.4-II-1.0-H,50,reject,D01:5,5,2024-09-06 09:11:00,20260106T061500Z-QE24M
L24-0784,E-0153,Z1.4-II-1.0-J,80,accept,,0,2024-09-06 09:13:00,20260106T061500Z-QE24M
L24-0786,E-0152,Z1.4-II-1.0-J,80,accept,,0,2024-09-06 13:19:00,20260106T061500Z-QE24M
L24-0805,E-0153,Z1.4-II-1.0-H,50,accept,,0,2024-09-06 11:17:00,20260106T061500Z-QE24M
L24-0819,E-0153,Z1.4-II-1.0-J,80,accept,D13:2,2,2024-09-06 07:37:00,20260106T061500Z-QE24M
L24-0764,E-0152,Z1.4-II-1.0-K,125,accept,,0,2024-09-09 12:08:00,20260106T061500Z-QE24M
L24-0785,E-0154,Z1.4-II-1.0-K,125,accept,D11:1,1,2024-09-09 12:37:00,20260106T061500Z-QE24M
L24-0797,E-0153,Z1.4-II-1.0-J,80,accept,,0,2024-09-09 13:10:00,20260106T061500Z-QE24M
L24-0800,E-0157,Z1.4-II-1.0-J,80,accept,,0,2024-09-09 11:04:00,20260106T061500Z-QE24M
L24-0827,E-0152,Z1.4-II-1.0-H,50,accept,,0,2024-09-09 07:33:00,20260106T061500Z-QE24M
L24-0751,E-0152,Z1.4-II-1.0-L,200,accept,,0,2024-09-11 09:45:00,20260106T061500Z-QE24M
L24-0772,E-0153,Z1.4-II-1.0-K,125,accept,,0,2024-09-11 14:35:00,20260106T061500Z-QE24M
L24-0788,E-0152,Z1.4-II-1.0-J,80,accept,,0,2024-09-11 14:09:00,20260106T061500Z-QE24M
L24-0802,E-0153,Z1.4-II-1.0-K,91,accept,D13:2,2,2024-09-11 09:19:00,20260106T061500Z-QE24M
L24-0744,E-0154,Z1.4-II-1.0-J,62,accept,,0,2024-09-12 11:59:00,20260106T061500Z-QE24M
L24-0760,E-0154,Z1.4-II-1.0-L,200,accept,,0,2024-09-12 08:58:00,20260106T061500Z-QE24M
L24-0770,E-0152,Z1.4-II-1.0-J,80,accept,,0,2024-09-12 12:24:00,20260106T061500Z-QE24M
L24-0775,E-0157,Z1.4-II-1.0-J,80,accept,,0,2024-09-12 08:38:00,20260106T061500Z-QE24M
L24-0779,E-0157,Z1.4-II-1.0-K,125,accept,,0,2024-09-12 10:06:00,20260106T061500Z-QE24M
L24-0804,E-0153,Z1.4-II-1.0-J,80,accept,,0,2024-09-12 10:34:00,20260106T061500Z-QE24M
L24-0810,E-0154,Z1.4-II-1.0-H,50,accept,,0,2024-09-12 10:59:00,20260106T061500Z-QE24M
L24-0812,E-0153,Z1.4-II-1.0-J,80,accept,D11:1,1,2024-09-12 13:42:00,20260106T061500Z-QE24M
L24-0796,E-0153,Z1.4-II-1.0-K,125,accept,,0,2024-09-13 09:12:00,20260106T061500Z-QE24M
L24-0809,E-0153,Z1.4-II-1.0-H,23,accept,D10:1,1,2024-09-13 12:03:00,20260106T061500Z-QE24M
L24-0768,E-0157,Z1.4-II-1.0-J,80,accept,,0,2024-09-16 07:38:00,20260106T061500Z-QE24M
L24-0780,E-0152,Z1.4-II-1.0-J,80,accept,,0,2024-09-16 08:00:00,20260106T061500Z-QE24M
L24-0793,E-0157,Z1.4-II-1.0-J,80,accept,,0,2024-09-16 10:44:00,20260106T061500Z-QE24M
L24-0798,E-0153,Z1.4-II-1.0-J,80,reject,D01:4,4,2024-09-16 08:32:00,20260106T061500Z-QE24M
L24-0814,E-0153,Z1.4-II-1.0-J,80,reject,D02:4,4,2024-09-16 09:27:00,20260106T061500Z-QE24M
L24-0815,E-0157,Z1.4-II-1.0-J,80,accept,,0,2024-09-16 09:59:00,20260106T061500Z-QE24M
L24-0821,E-0157,Z1.4-II-1.0-H,50,accept,,0,2024-09-16 11:08:00,20260106T061500Z-QE24M
L24-0822,E-0153,Z1.4-II-1.0-J,80,accept,D11:2,2,2024-09-16 11:25:00,20260106T061500Z-QE24M
L24-0823,E-0152,Z1.4-II-1.0-J,80,accept,D10:1,1,2024-09-16 10:52:00,20260106T061500Z-QE24M
L24-0824,E-0152,Z1.4-II-1.0-K,125,accept,D10:1,1,2024-09-16 12:45:00,20260106T061500Z-QE24M
L24-0845,E-0157,Z1.4-II-1.0-J,80,accept,,0,2024-09-16 14:57:00,20260106T061500Z-QE24M
L24-0794,E-0153,Z1.4-II-1.0-J,80,accept,,0,2024-09-17 07:00:00,20260106T061500Z-QE24M
L24-0840,E-0157,Z1.4-II-1.0-K,125,accept,,0,2024-09-17 07:47:00,20260106T061500Z-QE24M
L24-0795,E-0154,Z1.4-II-1.0-K,125,accept,,0,2024-09-18 08:11:00,20260106T061500Z-QE24M
L24-0799,E-0153,Z1.4-II-1.0-J,80,accept,,0,2024-09-18 12:06:00,20260106T061500Z-QE24M
L24-0801,E-0152,Z1.4-II-1.0-L,200,accept,,0,2024-09-18 14:13:00,20260106T061500Z-QE24M
L24-0811,E-0157,Z1.4-II-1.0-J,80,accept,,0,2024-09-18 13:45:00,20260106T061500Z-QE24M
L24-0813,E-0153,Z1.4-II-1.0-H,50,accept,D13:1,1,2024-09-18 09:56:00,20260106T061500Z-QE24M
L24-0808,E-0157,Z1.4-II-1.0-K,125,accept,,0,2024-09-19 13:05:00,20260106T061500Z-QE24M
L24-0825,E-0153,Z1.4-II-1.0-K,125,accept,D13:1,1,2024-09-19 13:40:00,20260106T061500Z-QE24M
L24-0829,E-0157,Z1.4-II-1.0-J,80,accept,D11:1,1,2024-09-19 12:02:00,20260106T061500Z-QE24M
L24-0841,E-0154,Z1.4-II-1.0-J,80,accept,D11:1,1,2024-09-19 10:43:00,20260106T061500Z-QE24M
L24-0817,E-0154,Z1.4-II-1.0-H,50,accept,D10:1,1,2024-09-20 13:40:00,20260106T061500Z-QE24M
L24-0837,E-0153,Z1.4-II-1.0-J,80,accept,,0,2024-09-20 12:19:00,20260106T061500Z-QE24M
L24-0789,E-0154,Z1.4-II-1.0-K,125,accept,,0,2024-09-23 11:39:00,20260106T061500Z-QE24M
L24-0828,E-0153,Z1.4-II-1.0-J,43,reject,D13:3,3,2024-09-23 10:53:00,20260106T061500Z-QE24M
L24-0831,E-0154,Z1.4-II-1.0-K,125,accept,,0,2024-09-23 13:02:00,20260106T061500Z-QE24M
L24-0844,E-0154,Z1.4-II-1.0-J,36,accept,,0,2024-09-23 11:26:00,20260106T061500Z-QE24M
L24-0838,E-0153,Z1.4-II-1.0-K,125,reject,D07:4,4,2024-09-24 13:40:00,20260106T061500Z-QE24M
L24-0830,E-0152,Z1.4-II-1.0-J,80,accept,,0,2024-09-25 12:32:00,20260106T061500Z-QE24M
L24-0833,E-0157,Z1.4-II-1.0-K,125,accept,,0,2024-09-25 13:30:00,20260106T061500Z-QE24M
L24-0836,E-0153,Z1.4-II-1.0-J,80,accept,,0,2024-09-25 08:41:00,20260106T061500Z-QE24M
L24-0791,E-0153,Z1.4-II-1.0-K,125,reject,D11:5,5,2024-09-26 13:09:00,20260106T061500Z-QE24M
L24-0806,E-0154,Z1.4-II-1.0-J,80,accept,,0,2024-09-26 11:59:00,20260106T061500Z-QE24M
L24-0807,E-0152,Z1.4-II-1.0-J,80,accept,,0,2024-09-27 14:13:00,20260106T061500Z-QE24M
L24-0816,E-0152,Z1.4-II-1.0-K,125,accept,,0,2024-09-27 12:41:00,20260106T061500Z-QE24M
L24-0832,E-0154,Z1.4-II-1.0-K,125,accept,D10:1,1,2024-09-27 08:44:00,20260106T061500Z-QE24M
L24-0850,E-0157,Z1.4-II-1.0-H,50,accept,D13:1,1,2024-09-27 09:02:00,20260106T061500Z-QE24M
L24-0853,E-0157,Z1.4-II-1.0-K,55,accept,,0,2024-09-27 11:15:00,20260106T061500Z-QE24M
L24-0854,E-0157,Z1.4-II-1.0-K,125,accept,,0,2024-09-27 11:59:00,20260106T061500Z-QE24M
L24-0864,E-0157,Z1.4-II-1.0-J,80,accept,,0,2024-09-27 10:09:00,20260106T061500Z-QE24M
L24-0820,E-0157,Z1.4-II-1.0-K,59,accept,,0,2024-09-30 07:10:00,20260106T061500Z-QE24M
L24-0842,E-0157,Z1.4-II-1.0-K,125,accept,D13:1,1,2024-09-30 10:03:00,20260106T061500Z-QE24M
L24-0849,E-0153,Z1.4-II-1.0-J,80,accept,,0,2024-09-30 09:45:00,20260106T061500Z-QE24M
L24-0851,E-0157,Z1.4-II-1.0-J,80,accept,,0,2024-09-30 07:40:00,20260106T061500Z-QE24M
L24-0855,E-0157,Z1.4-II-1.0-G,50,accept,,0,2024-09-30 08:46:00,20260106T061500Z-QE24M
L24-0862,E-0152,Z1.4-II-1.0-J,80,accept,D10:1,1,2024-09-30 13:02:00,20260106T061500Z-QE24M
L24-0826,E-0152,Z1.4-II-1.0-K,125,accept,,0,2024-10-01 12:25:00,20260106T061500Z-QE24M
L24-0899,E-0157,Z1.4-II-1.0-J,80,reject,D09:4,4,2024-10-01 08:49:00,20260106T061500Z-QE24M
L24-0818,E-0157,Z1.4-II-1.0-J,80,accept,,0,2024-10-02 09:47:00,20260106T061500Z-QE24M
L24-0835,E-0152,Z1.4-II-1.0-K,125,accept,D11:1,1,2024-10-02 10:36:00,20260106T061500Z-QE24M
L24-0852,E-0154,Z1.4-II-1.0-H,50,accept,,0,2024-10-02 09:47:00,20260106T061500Z-QE24M
L24-0858,E-0154,Z1.4-II-1.0-K,125,accept,D13:1,1,2024-10-02 13:40:00,20260106T061500Z-QE24M
L24-0843,E-0157,Z1.4-II-1.0-L,146,reject,D01:7,7,2024-10-03 14:10:00,20260106T061500Z-QE24M
L24-0848,E-0157,Z1.4-II-1.0-G,50,accept,,0,2024-10-03 07:15:00,20260106T061500Z-QE24M
L24-0871,E-0154,Z1.4-II-1.0-J,80,accept,,0,2024-10-03 12:50:00,20260106T061500Z-QE24M
L24-0877,E-0157,Z1.4-II-1.0-J,80,accept,,0,2024-10-03 08:02:00,20260106T061500Z-QE24M
L24-0847,E-0152,Z1.4-II-1.0-K,79,accept,D13:2,2,2024-10-04 14:27:00,20260106T061500Z-QE24M
L24-0859,E-0152,Z1.4-II-1.0-J,80,accept,,0,2024-10-04 08:44:00,20260106T061500Z-QE24M
L24-0870,E-0154,Z1.4-II-1.0-K,125,accept,,0,2024-10-04 13:26:00,20260106T061500Z-QE24M
L24-0883,E-0152,Z1.4-II-1.0-J,80,accept,D10:1,1,2024-10-04 13:03:00,20260106T061500Z-QE24M
L24-0856,E-0152,Z1.4-II-1.0-J,80,reject,D03:3,3,2024-10-07 09:58:00,20260106T061500Z-QE24M
L24-0857,E-0152,Z1.4-II-1.0-J,36,accept,,0,2024-10-07 14:39:00,20260106T061500Z-QE24M
L24-0860,E-0157,Z1.4-II-1.0-J,80,accept,D11:2,2,2024-10-07 11:31:00,20260106T061500Z-QE24M
L24-0874,E-0157,Z1.4-II-1.0-K,125,accept,,0,2024-10-07 10:25:00,20260106T061500Z-QE24M
L24-0876,E-0154,Z1.4-II-1.0-J,80,accept,D13:1,1,2024-10-07 13:25:00,20260106T061500Z-QE24M
L24-0885,E-0152,Z1.4-II-1.0-K,125,accept,,0,2024-10-07 10:16:00,20260106T061500Z-QE24M
L24-0917,E-0157,Z1.4-II-1.0-H,50,accept,,0,2024-10-07 12:42:00,20260106T061500Z-QE24M
L24-0834,E-0157,Z1.4-II-1.0-K,125,accept,,0,2024-10-08 09:23:00,20260106T061500Z-QE24M
L24-0865,E-0152,Z1.4-II-1.0-K,125,accept,,0,2024-10-08 10:43:00,20260106T061500Z-QE24M
L24-0886,E-0152,Z1.4-II-1.0-K,125,accept,,0,2024-10-08 09:47:00,20260106T061500Z-QE24M
L24-0887,E-0152,Z1.4-II-1.0-J,80,accept,,0,2024-10-08 09:59:00,20260106T061500Z-QE24M
L24-0891,E-0152,Z1.4-II-1.0-J,80,accept,,0,2024-10-08 12:51:00,20260106T061500Z-QE24M
L24-0879,E-0157,Z1.4-II-1.0-K,125,accept,D10:1,1,2024-10-09 10:18:00,20260106T061500Z-QE24M
L24-0881,E-0153,Z1.4-II-1.0-G,24,accept,,0,2024-10-09 07:57:00,20260106T061500Z-QE24M
L24-0904,E-0152,Z1.4-II-1.0-J,80,reject,D01:8,8,2024-10-09 07:54:00,20260106T061500Z-QE24M
L24-0839,E-0157,Z1.4-II-1.0-K,125,accept,,0,2024-10-10 08:21:00,20260106T061500Z-QE24M
L24-0867,E-0153,Z1.4-II-1.0-J,80,accept,,0,2024-10-10 09:21:00,20260106T061500Z-QE24M
L24-0868,E-0154,Z1.4-II-1.0-J,80,accept,,0,2024-10-10 10:16:00,20260106T061500Z-QE24M
L24-0869,E-0157,Z1.4-II-1.0-K,125,accept,D11:1,1,2024-10-10 12:02:00,20260106T061500Z-QE24M
L24-0880,E-0157,Z1.4-II-1.0-J,80,accept,D10:1,1,2024-10-10 07:44:00,20260106T061500Z-QE24M
L24-0893,E-0157,Z1.4-II-1.0-H,50,accept,,0,2024-10-10 13:28:00,20260106T061500Z-QE24M
L24-0897,E-0157,Z1.4-II-1.0-J,80,accept,,0,2024-10-10 13:15:00,20260106T061500Z-QE24M
L24-0908,E-0154,Z1.4-II-1.0-J,80,accept,,0,2024-10-11 07:48:00,20260106T061500Z-QE24M
L24-0889,E-0153,Z1.4-II-1.0-K,125,accept,,0,2024-10-14 13:07:00,20260106T061500Z-QE24M
L24-0894,E-0152,Z1.4-II-1.0-J,80,accept,,0,2024-10-14 07:31:00,20260106T061500Z-QE24M
L24-0896,E-0153,Z1.4-II-1.0-K,125,accept,,0,2024-10-14 14:37:00,20260106T061500Z-QE24M
L24-0900,E-0153,Z1.4-II-1.0-K,75,accept,D11:2,2,2024-10-14 07:57:00,20260106T061500Z-QE24M
L24-0901,E-0154,Z1.4-II-1.0-H,50,accept,D11:1,1,2024-10-14 08:35:00,20260106T061500Z-QE24M
L24-0882,E-0154,Z1.4-II-1.0-K,125,reject,D07:5,5,2024-10-15 07:49:00,20260106T061500Z-QE24M
L24-0903,E-0152,Z1.4-II-1.0-K,125,reject,D01:4,4,2024-10-15 09:31:00,20260106T061500Z-QE24M
L24-0910,E-0157,Z1.4-II-1.0-J,80,accept,,0,2024-10-15 08:41:00,20260106T061500Z-QE24M
L24-0866,E-0157,Z1.4-II-1.0-K,125,accept,,0,2024-10-16 14:43:00,20260106T061500Z-QE24M
L24-0905,E-0153,Z1.4-II-1.0-J,80,accept,,0,2024-10-16 08:18:00,20260106T061500Z-QE24M
L24-0846,E-0152,Z1.4-II-1.0-L,200,reject,D10:6,6,2024-10-17 11:52:00,20260106T061500Z-QE24M
L24-0861,E-0154,Z1.4-II-1.0-J,80,accept,,0,2024-10-17 08:40:00,20260106T061500Z-QE24M
L24-0872,E-0157,Z1.4-II-1.0-K,125,reject,D13:5,5,2024-10-17 13:32:00,20260106T061500Z-QE24M
L24-0884,E-0153,Z1.4-II-1.0-K,125,accept,,0,2024-10-17 09:06:00,20260106T061500Z-QE24M
L24-0888,E-0154,Z1.4-II-1.0-J,80,reject,D08:4,4,2024-10-17 11:35:00,20260106T061500Z-QE24M
L24-0898,E-0153,Z1.4-II-1.0-J,80,accept,,0,2024-10-17 07:48:00,20260106T061500Z-QE24M
L24-0909,E-0153,Z1.4-II-1.0-K,66,accept,,0,2024-10-17 09:48:00,20260106T061500Z-QE24M
L24-0914,E-0157,Z1.4-II-1.0-J,57,accept,,0,2024-10-17 09:11:00,20260106T061500Z-QE24M
L24-0890,E-0157,Z1.4-II-1.0-K,125,accept,,0,2024-10-18 13:28:00,20260106T061500Z-QE24M
L24-0895,E-0152,Z1.4-II-1.0-H,50,accept,D13:1,1,2024-10-18 12:37:00,20260106T061500Z-QE24M
L24-0933,E-0153,Z1.4-II-1.0-J,80,accept,D13:1,1,2024-10-18 12:04:00,20260106T061500Z-QE24M
L24-0863,E-0152,Z1.4-II-1.0-K,125,accept,D11:1,1,2024-10-21 09:51:00,20260106T061500Z-QE24M
L24-0873,E-0152,Z1.4-II-1.0-K,125,accept,,0,2024-10-21 07:13:00,20260106T061500Z-QE24M
L24-0911,E-0154,Z1.4-II-1.0-J,38,accept,,0,2024-10-21 07:31:00,20260106T061500Z-QE24M
L24-0913,E-0152,Z1.4-II-1.0-H,50,accept,,0,2024-10-21 07:12:00,20260106T061500Z-QE24M
L24-0916,E-0157,Z1.4-II-1.0-J,80,accept,,0,2024-10-21 13:03:00,20260106T061500Z-QE24M
L24-0918,E-0153,Z1.4-II-1.0-H,50,accept,D11:1,1,2024-10-21 10:29:00,20260106T061500Z-QE24M
L24-0920,E-0157,Z1.4-II-1.0-J,80,accept,,0,2024-10-21 12:42:00,20260106T061500Z-QE24M
L24-0924,E-0152,Z1.4-II-1.0-J,80,accept,D11:1,1,2024-10-21 08:10:00,20260106T061500Z-QE24M
L24-0926,E-0153,Z1.4-II-1.0-J,80,accept,D13:2,2,2024-10-21 10:28:00,20260106T061500Z-QE24M
L24-0927,E-0157,Z1.4-II-1.0-J,80,accept,,0,2024-10-21 07:37:00,20260106T061500Z-QE24M
L24-0878,E-0154,Z1.4-II-1.0-L,200,accept,,0,2024-10-22 13:05:00,20260106T061500Z-QE24M
L24-0922,E-0152,Z1.4-II-1.0-J,80,accept,,0,2024-10-22 11:44:00,20260106T061500Z-QE24M
L24-0949,E-0157,Z1.4-II-1.0-H,50,accept,,0,2024-10-22 09:29:00,20260106T061500Z-QE24M
L24-0892,E-0152,Z1.4-II-1.0-K,125,accept,,0,2024-10-23 10:15:00,20260106T061500Z-QE24M
L24-0923,E-0157,Z1.4-II-1.0-J,80,accept,,0,2024-10-23 12:26:00,20260106T061500Z-QE24M
L24-0932,E-0157,Z1.4-II-1.0-J,80,accept,,0,2024-10-23 12:00:00,20260106T061500Z-QE24M
L24-0938,E-0153,Z1.4-II-1.0-J,80,accept,,0,2024-10-23 08:51:00,20260106T061500Z-QE24M
L24-0875,E-0157,Z1.4-II-1.0-K,125,accept,,0,2024-10-24 12:48:00,20260106T061500Z-QE24M
L24-0902,E-0154,Z1.4-II-1.0-K,125,accept,D13:2,2,2024-10-24 08:16:00,20260106T061500Z-QE24M
L24-0915,E-0153,Z1.4-II-1.0-J,56,accept,D11:1,1,2024-10-24 13:11:00,20260106T061500Z-QE24M
L24-0919,E-0153,Z1.4-II-1.0-J,80,accept,,0,2024-10-24 09:05:00,20260106T061500Z-QE24M
L24-0928,E-0154,Z1.4-II-1.0-J,80,reject,D11:4,4,2024-10-24 13:28:00,20260106T061500Z-QE24M
L24-0939,E-0154,Z1.4-II-1.0-J,80,accept,,0,2024-10-24 13:36:00,20260106T061500Z-QE24M
L24-0930,E-0154,Z1.4-II-1.0-J,80,accept,,0,2024-10-25 07:01:00,20260106T061500Z-QE24M
L24-0935,E-0152,Z1.4-II-1.0-J,80,accept,D13:2,2,2024-10-25 13:41:00,20260106T061500Z-QE24M
L24-0942,E-0152,Z1.4-II-1.0-J,80,accept,,0,2024-10-25 07:01:00,20260106T061500Z-QE24M
L24-0943,E-0152,Z1.4-II-1.0-G,50,accept,,0,2024-10-25 08:42:00,20260106T061500Z-QE24M
L24-0906,E-0157,Z1.4-II-1.0-K,125,accept,D11:1,1,2024-10-28 12:12:00,20260106T061500Z-QE24M
L24-0912,E-0157,Z1.4-II-1.0-J,80,accept,D10:1,1,2024-10-28 13:20:00,20260106T061500Z-QE24M
L24-0921,E-0152,Z1.4-II-1.0-K,125,accept,D13:2,2,2024-10-28 08:00:00,20260106T061500Z-QE24M
L24-0940,E-0157,Z1.4-II-1.0-J,80,accept,,0,2024-10-28 14:24:00,20260106T061500Z-QE24M
L24-0944,E-0153,Z1.4-II-1.0-H,50,accept,,0,2024-10-28 12:47:00,20260106T061500Z-QE24M
L24-0952,E-0154,Z1.4-II-1.0-H,50,accept,,0,2024-10-28 11:33:00,20260106T061500Z-QE24M
L24-0931,E-0154,Z1.4-II-1.0-J,80,accept,D13:1,1,2024-10-29 13:35:00,20260106T061500Z-QE24M
L24-0945,E-0152,Z1.4-II-1.0-K,125,accept,,0,2024-10-29 14:22:00,20260106T061500Z-QE24M
L24-0907,E-0157,Z1.4-II-1.0-K,125,accept,D11:1,1,2024-10-30 14:00:00,20260106T061500Z-QE24M
L24-0946,E-0154,Z1.4-II-1.0-H,39,accept,D13:1,1,2024-10-30 13:32:00,20260106T061500Z-QE24M
L24-0934,E-0157,Z1.4-II-1.0-J,80,accept,,0,2024-10-31 11:15:00,20260106T061500Z-QE24M
L24-0948,E-0154,Z1.4-II-1.0-J,80,accept,,0,2024-10-31 07:13:00,20260106T061500Z-QE24M
L24-0954,E-0154,Z1.4-II-1.0-J,80,accept,,0,2024-10-31 09:22:00,20260106T061500Z-QE24M
L24-0936,E-0153,Z1.4-II-1.0-K,125,accept,D13:1,1,2024-11-01 13:14:00,20260106T061500Z-QE24M
L24-0953,E-0154,Z1.4-II-1.0-H,50,accept,,0,2024-11-01 13:45:00,20260106T061500Z-QE24M
L24-0962,E-0157,Z1.4-II-1.0-H,50,accept,D10:1,1,2024-11-01 09:40:00,20260106T061500Z-QE24M
L24-0966,E-0154,Z1.4-II-1.0-J,80,accept,D13:2,2,2024-11-01 14:36:00,20260106T061500Z-QE24M
L24-0971,E-0154,Z1.4-II-1.0-J,80,accept,,0,2024-11-01 12:03:00,20260106T061500Z-QE24M
L24-0993,E-0153,Z1.4-II-1.0-H,50,accept,,0,2024-11-01 13:50:00,20260106T061500Z-QE24M
L24-0947,E-0153,Z1.4-II-1.0-K,125,accept,D10:1,1,2024-11-04 14:28:00,20260106T061500Z-QE24M
L24-0995,E-0153,Z1.4-II-1.0-K,125,accept,,0,2024-11-04 12:10:00,20260106T061500Z-QE24M
L24-0960,E-0154,Z1.4-II-1.0-J,80,accept,D11:1,1,2024-11-05 13:35:00,20260106T061500Z-QE24M
L24-0963,E-0154,Z1.4-II-1.0-J,80,accept,D11:1,1,2024-11-05 07:06:00,20260106T061500Z-QE24M
L24-0976,E-0154,Z1.4-II-1.0-K,125,accept,,0,2024-11-05 11:59:00,20260106T061500Z-QE24M
L24-0925,E-0152,Z1.4-II-1.0-L,200,accept,,0,2024-11-06 14:48:00,20260106T061500Z-QE24M
L24-0970,E-0152,Z1.4-II-1.0-J,80,accept,,0,2024-11-06 11:57:00,20260106T061500Z-QE24M
L24-0979,E-0152,Z1.4-II-1.0-J,80,accept,,0,2024-11-06 11:42:00,20260106T061500Z-QE24M
L24-0929,E-0154,Z1.4-II-1.0-L,200,accept,,0,2024-11-07 09:54:00,20260106T061500Z-QE24M
L24-0950,E-0154,Z1.4-II-1.0-J,80,accept,,0,2024-11-07 14:18:00,20260106T061500Z-QE24M
L24-0951,E-0154,Z1.4-II-1.0-G,50,accept,,0,2024-11-07 10:35:00,20260106T061500Z-QE24M
L24-0956,E-0153,Z1.4-II-1.0-K,125,reject,D03:6,6,2024-11-07 11:36:00,20260106T061500Z-QE24M
L24-0969,E-0157,Z1.4-II-1.0-H,50,accept,,0,2024-11-07 09:43:00,20260106T061500Z-QE24M
L24-0975,E-0152,Z1.4-II-1.0-J,80,accept,,0,2024-11-07 11:05:00,20260106T061500Z-QE24M
L24-0978,E-0157,Z1.4-II-1.0-J,80,accept,,0,2024-11-07 12:10:00,20260106T061500Z-QE24M
L24-0983,E-0152,Z1.4-II-1.0-J,80,accept,,0,2024-11-07 07:36:00,20260106T061500Z-QE24M
L24-1018,E-0154,Z1.4-II-1.0-H,50,accept,,0,2024-11-07 11:31:00,20260106T061500Z-QE24M
L24-0955,E-0154,Z1.4-II-1.0-K,125,reject,D01:5,5,2024-11-08 12:02:00,20260106T061500Z-QE24M
L24-0990,E-0154,Z1.4-II-1.0-J,80,accept,D10:2,2,2024-11-08 09:36:00,20260106T061500Z-QE24M
L24-0967,E-0154,Z1.4-II-1.0-K,125,accept,,0,2024-11-11 08:40:00,20260106T061500Z-QE24M
L24-0973,E-0157,Z1.4-II-1.0-K,125,accept,,0,2024-11-11 13:05:00,20260106T061500Z-QE24M
L24-0988,E-0154,Z1.4-II-1.0-K,125,accept,,0,2024-11-11 08:25:00,20260106T061500Z-QE24M
L24-0958,E-0153,Z1.4-II-1.0-J,80,accept,D10:1,1,2024-11-12 09:40:00,20260106T061500Z-QE24M
L24-0996,E-0154,Z1.4-II-1.0-J,80,accept,,0,2024-11-12 13:02:00,20260106T061500Z-QE24M
L24-1009,E-0157,Z1.4-II-1.0-H,50,accept,,0,2024-11-12 13:45:00,20260106T061500Z-QE24M
L24-0984,E-0153,Z1.4-II-1.0-J,80,accept,,0,2024-11-13 13:14:00,20260106T061500Z-QE24M
L24-1017,E-0157,Z1.4-II-1.0-H,50,accept,,0,2024-11-13 09:51:00,20260106T061500Z-QE24M
L24-0937,E-0153,Z1.4-II-1.0-K,125,accept,D11:1,1,2024-11-14 13:40:00,20260106T061500Z-QE24M
L24-0964,E-0153,Z1.4-II-1.0-J,57,accept,,0,2024-11-14 13:01:00,20260106T061500Z-QE24M
L24-0974,E-0152,Z1.4-II-1.0-K,125,accept,,0,2024-11-14 08:42:00,20260106T061500Z-QE24M
L24-0981,E-0153,Z1.4-II-1.0-K,125,accept,,0,2024-11-14 08:50:00,20260106T061500Z-QE24M
L24-0986,E-0153,Z1.4-II-1.0-H,50,reject,D01:3,3,2024-11-14 10:08:00,20260106T061500Z-QE24M
L24-0991,E-0154,Z1.4-II-1.0-J,80,accept,,0,2024-11-14 07:36:00,20260106T061500Z-QE24M
L24-1040,E-0154,Z1.4-II-1.0-J,80,accept,,0,2024-11-14 10:51:00,20260106T061500Z-QE24M
L24-0977,E-0157,Z1.4-II-1.0-J,80,accept,D13:2,2,2024-11-15 09:17:00,20260106T061500Z-QE24M
L24-0997,E-0154,Z1.4-II-1.0-J,80,accept,D10:1,1,2024-11-15 11:27:00,20260106T061500Z-QE24M
L24-1010,E-0154,Z1.4-II-1.0-H,32,accept,D11:1,1,2024-11-15 13:01:00,20260106T061500Z-QE24M
L24-1028,E-0157,Z1.4-II-1.0-K,125,accept,D13:1,1,2024-11-15 08:28:00,20260106T061500Z-QE24M
L24-1030,E-0154,Z1.4-II-1.0-J,80,accept,D13:2,2,2024-11-15 10:59:00,20260106T061500Z-QE24M
L24-0959,E-0157,Z1.4-II-1.0-K,125,accept,,0,2024-11-18 10:49:00,20260106T061500Z-QE24M
L24-0965,E-0153,Z1.4-II-1.0-H,50,accept,D10:1,1,2024-11-18 14:54:00,20260106T061500Z-QE24M
L24-0968,E-0157,Z1.4-II-1.0-K,125,accept,,0,2024-11-18 14:55:00,20260106T061500Z-QE24M
L24-0972,E-0157,Z1.4-II-1.0-K,125,reject,D09:5,5,2024-11-18 07:48:00,20260106T061500Z-QE24M
L24-0980,E-0154,Z1.4-II-1.0-G,36,accept,,0,2024-11-18 10:46:00,20260106T061500Z-QE24M
L24-1001,E-0152,Z1.4-II-1.0-J,80,reject,D10:5,5,2024-11-18 12:15:00,20260106T061500Z-QE24M
L24-1002,E-0154,Z1.4-II-1.0-K,125,accept,D10:1,1,2024-11-18 10:49:00,20260106T061500Z-QE24M
L24-1007,E-0152,Z1.4-II-1.0-J,80,accept,,0,2024-11-18 12:57:00,20260106T061500Z-QE24M
L24-1008,E-0154,Z1.4-II-1.0-J,80,accept,D10:1,1,2024-11-18 10:05:00,20260106T061500Z-QE24M
L24-1011,E-0157,Z1.4-II-1.0-G,50,accept,,0,2024-11-18 11:57:00,20260106T061500Z-QE24M
L24-1021,E-0157,Z1.4-II-1.0-K,125,accept,,0,2024-11-18 11:37:00,20260106T061500Z-QE24M
L24-1032,E-0153,Z1.4-II-1.0-J,80,accept,,0,2024-11-18 07:12:00,20260106T061500Z-QE24M
L24-0999,E-0153,Z1.4-II-1.0-K,125,accept,,0,2024-11-19 10:57:00,20260106T061500Z-QE24M
L24-1020,E-0152,Z1.4-II-1.0-J,80,accept,D13:1,1,2024-11-19 14:41:00,20260106T061500Z-QE24M
L24-1044,E-0154,Z1.4-II-1.0-J,80,accept,D10:1,1,2024-11-19 10:03:00,20260106T061500Z-QE24M
L24-1053,E-0153,Z1.4-II-1.0-K,63,accept,,0,2024-11-19 07:39:00,20260106T061500Z-QE24M
L24-0941,E-0153,Z1.4-II-1.0-L,200,accept,D10:2,2,2024-11-20 12:25:00,20260106T061500Z-QE24M
L24-0961,E-0152,Z1.4-II-1.0-H,50,accept,,0,2024-11-20 11:53:00,20260106T061500Z-QE24M
L24-0982,E-0152,Z1.4-II-1.0-K,125,accept,,0,2024-11-20 07:34:00,20260106T061500Z-QE24M
L24-1016,E-0157,Z1.4-II-1.0-L,200,accept,,0,2024-11-20 13:51:00,20260106T061500Z-QE24M
L24-1023,E-0154,Z1.4-II-1.0-J,80,accept,,0,2024-11-20 13:22:00,20260106T061500Z-QE24M
L24-1031,E-0153,Z1.4-II-1.0-J,80,accept,,0,2024-11-20 07:55:00,20260106T061500Z-QE24M
L24-0957,E-0153,Z1.4-II-1.0-J,80,accept,D11:1,1,2024-11-21 11:16:00,20260106T061500Z-QE24M
L24-0989,E-0154,Z1.4-II-1.0-K,125,accept,,0,2024-11-21 11:06:00,20260106T061500Z-QE24M
L24-1000,E-0152,Z1.4-II-1.0-K,125,accept,,0,2024-11-21 13:59:00,20260106T061500Z-QE24M
L24-1013,E-0152,Z1.4-II-1.0-K,125,accept,D11:1,1,2024-11-21 11:39:00,20260106T061500Z-QE24M
L24-1019,E-0152,Z1.4-II-1.0-J,57,reject,D01:4,4,2024-11-21 09:33:00,20260106T061500Z-QE24M
L24-1022,E-0153,Z1.4-II-1.0-G,50,accept,,0,2024-11-21 12:59:00,20260106T061500Z-QE24M
L24-1026,E-0154,Z1.4-II-1.0-K,125,accept,,0,2024-11-21 08:43:00,20260106T061500Z-QE24M
L24-1027,E-0153,Z1.4-II-1.0-K,125,reject,D02:6,6,2024-11-21 14:29:00,20260106T061500Z-QE24M
L24-1063,E-0153,Z1.4-II-1.0-K,125,accept,,0,2024-11-21 11:57:00,20260106T061500Z-QE24M
L24-1074,E-0153,Z1.4-II-1.0-J,80,accept,,0,2024-11-21 13:22:00,20260106T061500Z-QE24M
L24-1042,E-0152,Z1.4-II-1.0-J,80,accept,,0,2024-11-22 12:59:00,20260106T061500Z-QE24M
L24-0992,E-0157,Z1.4-II-1.0-J,80,reject,D10:4,4,2024-11-25 10:27:00,20260106T061500Z-QE24M
L24-0994,E-0153,Z1.4-II-1.0-J,80,accept,D11:2,2,2024-11-25 13:10:00,20260106T061500Z-QE24M
L24-1006,E-0153,Z1.4-II-1.0-L,200,accept,D13:1,1,2024-11-25 08:14:00,20260106T061500Z-QE24M
L24-1015,E-0154,Z1.4-II-1.0-J,80,accept,D11:1,1,2024-11-25 07:50:00,20260106T061500Z-QE24M
L24-1033,E-0153,Z1.4-II-1.0-K,125,accept,,0,2024-11-25 09:00:00,20260106T061500Z-QE24M
L24-1036,E-0152,Z1.4-II-1.0-J,80,accept,,0,2024-11-25 07:09:00,20260106T061500Z-QE24M
L24-1037,E-0154,Z1.4-II-1.0-J,80,accept,,0,2024-11-25 11:32:00,20260106T061500Z-QE24M
L24-1041,E-0152,Z1.4-II-1.0-J,80,accept,,0,2024-11-25 11:25:00,20260106T061500Z-QE24M
L24-1043,E-0152,Z1.4-II-1.0-J,80,accept,,0,2024-11-25 12:28:00,20260106T061500Z-QE24M
L24-1005,E-0154,Z1.4-II-1.0-J,80,accept,,0,2024-11-26 07:19:00,20260106T061500Z-QE24M
L24-1050,E-0154,Z1.4-II-1.0-K,125,accept,D13:1,1,2024-11-26 08:03:00,20260106T061500Z-QE24M
L24-1068,E-0153,Z1.4-II-1.0-J,80,reject,D07:3,3,2024-11-26 10:53:00,20260106T061500Z-QE24M
L24-1070,E-0153,Z1.4-II-1.0-H,50,accept,,0,2024-11-26 14:42:00,20260106T061500Z-QE24M
L24-0985,E-0152,Z1.4-II-1.0-J,80,accept,D13:1,1,2024-11-27 11:12:00,20260106T061500Z-QE24M
L24-1014,E-0152,Z1.4-II-1.0-K,88,accept,,0,2024-11-27 07:22:00,20260106T061500Z-QE24M
L24-1025,E-0154,Z1.4-II-1.0-K,125,accept,D10:1,1,2024-11-27 10:39:00,20260106T061500Z-QE24M
L24-1039,E-0157,Z1.4-II-1.0-J,80,accept,,0,2024-11-27 08:25:00,20260106T061500Z-QE24M
L24-1049,E-0154,Z1.4-II-1.0-G,50,accept,,0,2024-11-27 14:43:00,20260106T061500Z-QE24M
L24-1052,E-0152,Z1.4-II-1.0-J,80,accept,D11:1,1,2024-11-27 11:28:00,20260106T061500Z-QE24M
L24-1073,E-0153,Z1.4-II-1.0-K,125,accept,D11:3,3,2024-11-27 07:36:00,20260106T061500Z-QE24M
L24-0987,E-0154,Z1.4-II-1.0-J,80,accept,,0,2024-12-02 10:48:00,20260106T061500Z-QE24M
L24-0998,E-0157,Z1.4-II-1.0-H,50,reject,D04:2,2,2024-12-02 08:00:00,20260106T061500Z-QE24M
L24-1003,E-0153,Z1.4-II-1.0-K,125,reject,D01:7,7,2024-12-02 12:23:00,20260106T061500Z-QE24M
L24-1012,E-0152,Z1.4-II-1.0-L,200,accept,D11:1,1,2024-12-02 11:14:00,20260106T061500Z-QE24M
L24-1029,E-0153,Z1.4-II-1.0-L,200,accept,D11:1,1,2024-12-02 07:33:00,20260106T061500Z-QE24M
L24-1034,E-0154,Z1.4-II-1.0-K,125,accept,,0,2024-12-02 14:56:00,20260106T061500Z-QE24M
L24-1035,E-0154,Z1.4-II-1.0-J,80,accept,,0,2024-12-02 10:18:00,20260106T061500Z-QE24M
L24-1048,E-0157,Z1.4-II-1.0-J,80,accept,,0,2024-12-02 10:50:00,20260106T061500Z-QE24M
L24-1056,E-0154,Z1.4-II-1.0-J,80,accept,,0,2024-12-02 07:56:00,20260106T061500Z-QE24M
L24-1061,E-0153,Z1.4-II-1.0-K,125,accept,D13:1,1,2024-12-02 07:16:00,20260106T061500Z-QE24M
L24-1083,E-0153,Z1.4-II-1.0-K,125,accept,,0,2024-12-02 11:41:00,20260106T061500Z-QE24M
L24-1045,E-0154,Z1.4-II-1.0-K,125,accept,,0,2024-12-03 11:04:00,20260106T061500Z-QE24M
L24-1054,E-0153,Z1.4-II-1.0-J,80,accept,,0,2024-12-03 14:22:00,20260106T061500Z-QE24M
L24-1062,E-0157,Z1.4-II-1.0-K,125,accept,,0,2024-12-03 14:03:00,20260106T061500Z-QE24M
L24-1064,E-0154,Z1.4-II-1.0-J,80,accept,,0,2024-12-03 10:35:00,20260106T061500Z-QE24M
L24-1069,E-0153,Z1.4-II-1.0-J,63,accept,,0,2024-12-03 13:19:00,20260106T061500Z-QE24M
L24-1075,E-0152,Z1.4-II-1.0-J,80,reject,D05:4,4,2024-12-03 14:58:00,20260106T061500Z-QE24M
L24-1086,E-0157,Z1.4-II-1.0-G,50,accept,D10:1,1,2024-12-03 12:11:00,20260106T061500Z-QE24M
L24-1038,E-0154,Z1.4-II-1.0-H,50,accept,,0,2024-12-04 07:12:00,20260106T061500Z-QE24M
L24-1047,E-0157,Z1.4-II-1.0-K,125,accept,,0,2024-12-04 07:34:00,20260106T061500Z-QE24M
L24-1060,E-0154,Z1.4-II-1.0-J,80,reject,D03:4,4,2024-12-04 10:51:00,20260106T061500Z-QE24M
L24-1076,E-0152,Z1.4-II-1.0-J,80,accept,,0,2024-12-04 12:55:00,20260106T061500Z-QE24M
L24-1077,E-0157,Z1.4-II-1.0-J,80,accept,D13:1,1,2024-12-04 10:54:00,20260106T061500Z-QE24M
L24-1094,E-0153,Z1.4-II-1.0-J,80,accept,D10:1,1,2024-12-04 14:58:00,20260106T061500Z-QE24M
L24-1097,E-0154,Z1.4-II-1.0-J,80,accept,,0,2024-12-04 12:27:00,20260106T061500Z-QE24M
L24-1110,E-0153,Z1.4-II-1.0-K,125,accept,,0,2024-12-04 08:36:00,20260106T061500Z-QE24M
L24-1004,E-0154,Z1.4-II-1.0-K,125,accept,D10:1,1,2024-12-05 11:32:00,20260106T061500Z-QE24M
L24-1046,E-0153,Z1.4-II-1.0-K,125,accept,,0,2024-12-05 07:53:00,20260106T061500Z-QE24M
L24-1057,E-0154,Z1.4-II-1.0-J,80,accept,D13:1,1,2024-12-05 14:49:00,20260106T061500Z-QE24M
L24-1065,E-0154,Z1.4-II-1.0-H,50,accept,,0,2024-12-05 09:52:00,20260106T061500Z-QE24M
L24-1085,E-0153,Z1.4-II-1.0-J,80,accept,D11:2,2,2024-12-05 07:58:00,20260106T061500Z-QE24M
L24-1092,E-0157,Z1.4-II-1.0-H,50,accept,,0,2024-12-05 11:33:00,20260106T061500Z-QE24M
L24-1095,E-0154,Z1.4-II-1.0-J,80,accept,,0,2024-12-05 12:44:00,20260106T061500Z-QE24M
L24-1103,E-0154,Z1.4-II-1.0-G,50,accept,,0,2024-12-05 11:27:00,20260106T061500Z-QE24M
L24-1051,E-0152,Z1.4-II-1.0-J,39,accept,,0,2024-12-06 07:22:00,20260106T061500Z-QE24M
L24-1079,E-0153,Z1.4-II-1.0-K,125,accept,,0,2024-12-06 11:16:00,20260106T061500Z-QE24M
L24-1081,E-0157,Z1.4-II-1.0-J,80,accept,,0,2024-12-06 10:47:00,20260106T061500Z-QE24M
L24-1098,E-0154,Z1.4-II-1.0-J,36,accept,,0,2024-12-06 14:40:00,20260106T061500Z-QE24M
L24-1024,E-0154,Z1.4-II-1.0-K,125,accept,D13:2,2,2024-12-09 11:23:00,20260106T061500Z-QE24M
L24-1058,E-0154,Z1.4-II-1.0-J,80,reject,D02:3,3,2024-12-09 07:10:00,20260106T061500Z-QE24M
L24-1066,E-0152,Z1.4-II-1.0-J,54,accept,,0,2024-12-09 09:12:00,20260106T061500Z-QE24M
L24-1099,E-0154,Z1.4-II-1.0-K,125,accept,,0,2024-12-09 08:05:00,20260106T061500Z-QE24M
L24-1108,E-0154,Z1.4-II-1.0-H,50,accept,,0,2024-12-09 14:59:00,20260106T061500Z-QE24M
L24-1055,E-0157,Z1.4-II-1.0-G,50,accept,,0,2024-12-10 08:42:00,20260106T061500Z-QE24M
L24-1087,E-0157,Z1.4-II-1.0-J,80,accept,,0,2024-12-10 14:51:00,20260106T061500Z-QE24M
L24-1104,E-0154,Z1.4-II-1.0-J,80,reject,D03:4,4,2024-12-10 10:56:00,20260106T061500Z-QE24M
L24-1116,E-0154,Z1.4-II-1.0-K,125,accept,,0,2024-12-10 09:32:00,20260106T061500Z-QE24M
L24-1059,E-0157,Z1.4-II-1.0-L,200,accept,D13:2,2,2024-12-11 07:02:00,20260106T061500Z-QE24M
L24-1080,E-0157,Z1.4-II-1.0-K,125,accept,,0,2024-12-11 09:01:00,20260106T061500Z-QE24M
L24-1105,E-0153,Z1.4-II-1.0-J,80,accept,,0,2024-12-11 11:25:00,20260106T061500Z-QE24M
L24-1107,E-0153,Z1.4-II-1.0-J,80,accept,,0,2024-12-11 09:06:00,20260106T061500Z-QE24M
L24-1126,E-0152,Z1.4-II-1.0-J,80,reject,D02:4,4,2024-12-11 07:14:00,20260106T061500Z-QE24M
L24-1067,E-0153,Z1.4-II-1.0-K,125,accept,,0,2024-12-12 07:07:00,20260106T061500Z-QE24M
L24-1096,E-0153,Z1.4-II-1.0-J,80,accept,,0,2024-12-12 13:21:00,20260106T061500Z-QE24M
L24-1106,E-0154,Z1.4-II-1.0-K,125,accept,D11:1,1,2024-12-12 11:21:00,20260106T061500Z-QE24M
L24-1113,E-0154,Z1.4-II-1.0-J,80,accept,D13:1,1,2024-12-12 12:44:00,20260106T061500Z-QE24M
L24-1141,E-0157,Z1.4-II-1.0-J,80,accept,D10:1,1,2024-12-12 07:42:00,20260106T061500Z-QE24M
L24-1071,E-0152,Z1.4-II-1.0-J,80,accept,,0,2024-12-13 12:57:00,20260106T061500Z-QE24M
L24-1091,E-0153,Z1.4-II-1.0-K,125,accept,,0,2024-12-13 11:02:00,20260106T061500Z-QE24M
L24-1109,E-0154,Z1.4-II-1.0-K,59,accept,,0,2024-12-13 12:13:00,20260106T061500Z-QE24M
L24-1114,E-0152,Z1.4-II-1.0-J,80,accept,D11:1,1,2024-12-13 14:24:00,20260106T061500Z-QE24M
L24-1125,E-0153,Z1.4-II-1.0-J,80,accept,,0,2024-12-13 11:33:00,20260106T061500Z-QE24M
L24-1135,E-0154,Z1.4-II-1.0-J,80,accept,,0,2024-12-13 14:11:00,20260106T061500Z-QE24M
L24-1078,E-0153,Z1.4-II-1.0-J,80,accept,,0,2024-12-16 13:47:00,20260106T061500Z-QE24M
L24-1088,E-0157,Z1.4-II-1.0-J,80,accept,,0,2024-12-16 14:52:00,20260106T061500Z-QE24M
L24-1102,E-0154,Z1.4-II-1.0-K,125,accept,,0,2024-12-16 08:29:00,20260106T061500Z-QE24M
L24-1115,E-0157,Z1.4-II-1.0-K,125,accept,,0,2024-12-16 07:54:00,20260106T061500Z-QE24M
L24-1119,E-0157,Z1.4-II-1.0-J,80,accept,,0,2024-12-16 08:11:00,20260106T061500Z-QE24M
L24-1127,E-0157,Z1.4-II-1.0-K,125,accept,,0,2024-12-16 10:14:00,20260106T061500Z-QE24M
L24-1136,E-0157,Z1.4-II-1.0-H,50,accept,D10:1,1,2024-12-16 08:50:00,20260106T061500Z-QE24M
L24-1140,E-0153,Z1.4-II-1.0-H,50,accept,D13:1,1,2024-12-16 11:33:00,20260106T061500Z-QE24M
L24-1145,E-0152,Z1.4-II-1.0-G,50,accept,D13:1,1,2024-12-16 07:06:00,20260106T061500Z-QE24M
L24-1090,E-0154,Z1.4-II-1.0-K,125,accept,,0,2024-12-17 10:06:00,20260106T061500Z-QE24M
L24-1112,E-0152,Z1.4-II-1.0-K,125,accept,D11:1,1,2024-12-17 08:24:00,20260106T061500Z-QE24M
L24-1117,E-0154,Z1.4-II-1.0-K,125,accept,,0,2024-12-17 07:33:00,20260106T061500Z-QE24M
L24-1123,E-0152,Z1.4-II-1.0-J,80,accept,D10:1,1,2024-12-17 11:13:00,20260106T061500Z-QE24M
L24-1142,E-0152,Z1.4-II-1.0-J,80,accept,,0,2024-12-17 13:56:00,20260106T061500Z-QE24M
L24-1153,E-0153,Z1.4-II-1.0-J,80,reject,D02:3,3,2024-12-17 14:42:00,20260106T061500Z-QE24M
L24-1072,E-0157,Z1.4-II-1.0-L,200,accept,,0,2024-12-18 09:13:00,20260106T061500Z-QE24M
L24-1082,E-0154,Z1.4-II-1.0-J,33,accept,,0,2024-12-18 13:09:00,20260106T061500Z-QE24M
L24-1120,E-0153,Z1.4-II-1.0-H,50,accept,,0,2024-12-18 14:45:00,20260106T061500Z-QE24M
L24-1130,E-0153,Z1.4-II-1.0-K,125,reject,D04:4,4,2024-12-18 13:59:00,20260106T061500Z-QE24M
L24-1149,E-0154,Z1.4-II-1.0-K,54,accept,,0,2024-12-18 11:36:00,20260106T061500Z-QE24M
L24-1158,E-0157,Z1.4-II-1.0-J,80,accept,,0,2024-12-18 10:06:00,20260106T061500Z-QE24M
L24-1093,E-0152,Z1.4-II-1.0-J,80,accept,,0,2024-12-19 13:45:00,20260106T061500Z-QE24M
L24-1101,E-0154,Z1.4-II-1.0-K,125,accept,,0,2024-12-19 10:34:00,20260106T061500Z-QE24M
L24-1122,E-0152,Z1.4-II-1.0-H,50,accept,,0,2024-12-19 08:51:00,20260106T061500Z-QE24M
L24-1124,E-0152,Z1.4-II-1.0-J,80,accept,,0,2024-12-19 10:55:00,20260106T061500Z-QE24M
L24-1132,E-0154,Z1.4-II-1.0-J,80,accept,D13:1,1,2024-12-19 08:19:00,20260106T061500Z-QE24M
L24-1137,E-0157,Z1.4-II-1.0-G,50,accept,,0,2024-12-19 14:04:00,20260106T061500Z-QE24M
L24-1138,E-0157,Z1.4-II-1.0-K,125,accept,,0,2024-12-19 13:43:00,20260106T061500Z-QE24M
L24-1139,E-0154,Z1.4-II-1.0-K,125,accept,,0,2024-12-19 09:01:00,20260106T061500Z-QE24M
L24-1164,E-0157,Z1.4-II-1.0-J,80,accept,,0,2024-12-19 12:22:00,20260106T061500Z-QE24M
L24-1084,E-0154,Z1.4-II-1.0-K,125,accept,,0,2024-12-20 12:21:00,20260106T061500Z-QE24M
L24-1100,E-0157,Z1.4-II-1.0-J,80,accept,,0,2024-12-20 09:42:00,20260106T061500Z-QE24M
L24-1151,E-0157,Z1.4-II-1.0-J,62,accept,,0,2024-12-20 13:47:00,20260106T061500Z-QE24M
L24-1159,E-0152,Z1.4-II-1.0-K,125,accept,,0,2024-12-20 08:19:00,20260106T061500Z-QE24M
L24-1163,E-0152,Z1.4-II-1.0-J,80,accept,D11:1,1,2024-12-20 12:07:00,20260106T061500Z-QE24M
L24-1089,E-0157,Z1.4-II-1.0-K,125,accept,,0,2024-12-23 14:42:00,20260106T061500Z-QE24M
L24-1111,E-0154,Z1.4-II-1.0-L,200,accept,,0,2024-12-23 14:28:00,20260106T061500Z-QE24M
L24-1118,E-0153,Z1.4-II-1.0-J,80,accept,,0,2024-12-23 09:54:00,20260106T061500Z-QE24M
L24-1143,E-0154,Z1.4-II-1.0-J,80,accept,,0,2024-12-23 13:15:00,20260106T061500Z-QE24M
L24-1128,E-0157,Z1.4-II-1.0-K,125,reject,D03:4,4,2024-12-26 08:29:00,20260106T061500Z-QE24M
L24-1133,E-0152,Z1.4-II-1.0-J,32,accept,D13:1,1,2024-12-26 10:19:00,20260106T061500Z-QE24M
L24-1144,E-0154,Z1.4-II-1.0-J,80,accept,D11:1,1,2024-12-26 13:45:00,20260106T061500Z-QE24M
L24-1156,E-0157,Z1.4-II-1.0-J,80,accept,D11:1,1,2024-12-26 13:50:00,20260106T061500Z-QE24M
L24-1160,E-0154,Z1.4-II-1.0-K,125,accept,,0,2024-12-26 08:36:00,20260106T061500Z-QE24M
L24-1161,E-0154,Z1.4-II-1.0-H,50,accept,,0,2024-12-26 09:42:00,20260106T061500Z-QE24M
L24-1162,E-0152,Z1.4-II-1.0-J,80,accept,D10:1,1,2024-12-26 11:07:00,20260106T061500Z-QE24M
L24-1168,E-0152,Z1.4-II-1.0-J,80,accept,,0,2024-12-26 10:56:00,20260106T061500Z-QE24M
L24-1172,E-0152,Z1.4-II-1.0-J,80,accept,D13:1,1,2024-12-26 08:11:00,20260106T061500Z-QE24M
L24-1180,E-0157,Z1.4-II-1.0-J,80,accept,D11:1,1,2024-12-26 07:05:00,20260106T061500Z-QE24M
L24-1183,E-0157,Z1.4-II-1.0-J,80,accept,D10:1,1,2024-12-26 14:30:00,20260106T061500Z-QE24M
L24-1184,E-0152,Z1.4-II-1.0-J,80,accept,,0,2024-12-26 11:04:00,20260106T061500Z-QE24M
L24-1129,E-0157,Z1.4-II-1.0-J,80,accept,,0,2024-12-27 11:20:00,20260106T061500Z-QE24M
L24-1166,E-0153,Z1.4-II-1.0-J,80,accept,,0,2024-12-27 07:37:00,20260106T061500Z-QE24M
L24-1121,E-0152,Z1.4-II-1.0-K,125,accept,,0,2024-12-30 14:31:00,20260106T061500Z-QE24M
L24-1134,E-0154,Z1.4-II-1.0-J,80,accept,,0,2024-12-30 14:59:00,20260106T061500Z-QE24M
L24-1147,E-0157,Z1.4-II-1.0-K,125,accept,,0,2024-12-30 07:18:00,20260106T061500Z-QE24M
L24-1154,E-0157,Z1.4-II-1.0-J,80,accept,D11:1,1,2024-12-30 07:55:00,20260106T061500Z-QE24M
L24-1165,E-0157,Z1.4-II-1.0-J,80,accept,,0,2024-12-30 12:17:00,20260106T061500Z-QE24M
L24-1167,E-0154,Z1.4-II-1.0-J,80,accept,D10:1,1,2024-12-30 08:51:00,20260106T061500Z-QE24M
L24-1169,E-0152,Z1.4-II-1.0-G,30,accept,,0,2024-12-30 14:40:00,20260106T061500Z-QE24M
L24-1170,E-0152,Z1.4-II-1.0-K,125,accept,,0,2024-12-30 11:08:00,20260106T061500Z-QE24M
L24-1173,E-0152,Z1.4-II-1.0-K,85,accept,,0,2024-12-30 14:47:00,20260106T061500Z-QE24M
L24-1177,E-0152,Z1.4-II-1.0-J,80,accept,,0,2024-12-30 08:42:00,20260106T061500Z-QE24M
L24-1179,E-0154,Z1.4-II-1.0-J,80,accept,,0,2024-12-30 10:39:00,20260106T061500Z-QE24M
L24-1182,E-0153,Z1.4-II-1.0-J,80,accept,,0,2024-12-30 11:40:00,20260106T061500Z-QE24M
L24-1185,E-0154,Z1.4-II-1.0-J,80,accept,,0,2024-12-30 08:14:00,20260106T061500Z-QE24M
L24-1189,E-0152,Z1.4-II-1.0-K,125,accept,,0,2024-12-30 09:16:00,20260106T061500Z-QE24M
L24-1191,E-0154,Z1.4-II-1.0-K,125,accept,,0,2024-12-30 10:02:00,20260106T061500Z-QE24M
L24-1193,E-0152,Z1.4-II-1.0-J,80,accept,,0,2024-12-30 08:19:00,20260106T061500Z-QE24M
L24-1131,E-0152,Z1.4-II-1.0-K,125,accept,,0,2025-01-02 09:50:00,20260106T061500Z-QE24M
L24-1146,E-0157,Z1.4-II-1.0-J,80,accept,,0,2025-01-02 12:25:00,20260106T061500Z-QE24M
L24-1148,E-0152,Z1.4-II-1.0-K,125,accept,,0,2025-01-02 13:04:00,20260106T061500Z-QE24M
L24-1187,E-0153,Z1.4-II-1.0-J,80,accept,D10:2,2,2025-01-02 12:21:00,20260106T061500Z-QE24M
L24-1195,E-0157,Z1.4-II-1.0-J,80,accept,,0,2025-01-02 13:00:00,20260106T061500Z-QE24M
L24-1157,E-0152,Z1.4-II-1.0-K,125,accept,,0,2025-01-06 12:44:00,20260106T061500Z-QE24M
L24-1178,E-0154,Z1.4-II-1.0-J,80,accept,,0,2025-01-06 10:46:00,20260106T061500Z-QE24M
L24-1181,E-0152,Z1.4-II-1.0-K,125,accept,,0,2025-01-06 12:04:00,20260106T061500Z-QE24M
L24-1190,E-0152,Z1.4-II-1.0-K,125,accept,,0,2025-01-06 12:45:00,20260106T061500Z-QE24M
L24-1155,E-0153,Z1.4-II-1.0-J,80,accept,D10:1,1,2025-01-08 11:29:00,20260106T061500Z-QE24M
L24-1171,E-0157,Z1.4-II-1.0-J,80,accept,,0,2025-01-08 11:11:00,20260106T061500Z-QE24M
L24-1211,E-0153,Z1.4-II-1.0-K,95,accept,,0,2025-01-08 13:31:00,20260106T061500Z-QE24M
L24-1150,E-0157,Z1.4-II-1.0-K,125,accept,,0,2025-01-09 11:03:00,20260106T061500Z-QE24M
L24-1152,E-0157,Z1.4-II-1.0-J,80,accept,,0,2025-01-09 10:40:00,20260106T061500Z-QE24M
L24-1175,E-0157,Z1.4-II-1.0-K,125,accept,,0,2025-01-09 08:53:00,20260106T061500Z-QE24M
L24-1176,E-0153,Z1.4-II-1.0-K,125,accept,,0,2025-01-09 09:55:00,20260106T061500Z-QE24M
L24-1188,E-0152,Z1.4-II-1.0-J,80,accept,,0,2025-01-09 07:50:00,20260106T061500Z-QE24M
L24-1202,E-0152,Z1.4-II-1.0-J,80,accept,,0,2025-01-09 10:56:00,20260106T061500Z-QE24M
L25-0008,E-0157,Z1.4-II-1.0-J,80,accept,,0,2025-01-09 12:35:00,20260106T061500Z-QE24M
L24-1194,E-0152,Z1.4-II-1.0-K,125,accept,,0,2025-01-10 14:34:00,20260106T061500Z-QE24M
L24-1198,E-0154,Z1.4-II-1.0-K,125,reject,D11:4,4,2025-01-10 08:51:00,20260106T061500Z-QE24M
L24-1192,E-0152,Z1.4-II-1.0-K,125,reject,D13:4,4,2025-01-13 11:57:00,20260106T061500Z-QE24M
L24-1196,E-0153,Z1.4-II-1.0-J,80,accept,,0,2025-01-13 09:18:00,20260106T061500Z-QE24M
L24-1203,E-0152,Z1.4-II-1.0-J,80,accept,,0,2025-01-13 10:54:00,20260106T061500Z-QE24M
L24-1205,E-0154,Z1.4-II-1.0-J,80,accept,,0,2025-01-13 10:25:00,20260106T061500Z-QE24M
L24-1214,E-0153,Z1.4-II-1.0-K,125,accept,,0,2025-01-13 11:29:00,20260106T061500Z-QE24M
L25-0002,E-0157,Z1.4-II-1.0-H,50,accept,D11:1,1,2025-01-13 09:45:00,20260106T061500Z-QE24M
L25-0020,E-0154,Z1.4-II-1.0-K,125,accept,,0,2025-01-13 07:27:00,20260106T061500Z-QE24M
L24-1200,E-0152,Z1.4-II-1.0-K,125,accept,,0,2025-01-14 13:37:00,20260106T061500Z-QE24M
L25-0001,E-0152,Z1.4-II-1.0-H,50,accept,,0,2025-01-14 11:40:00,20260106T061500Z-QE24M
L24-1199,E-0157,Z1.4-II-1.0-J,80,accept,,0,2025-01-15 10:47:00,20260106T061500Z-QE24M
L24-1209,E-0153,Z1.4-II-1.0-K,125,accept,,0,2025-01-15 13:00:00,20260106T061500Z-QE24M
L25-0003,E-0153,Z1.4-II-1.0-J,80,accept,D11:1,1,2025-01-15 13:32:00,20260106T061500Z-QE24M
L25-0012,E-0152,Z1.4-II-1.0-K,125,accept,,0,2025-01-15 13:45:00,20260106T061500Z-QE24M
L24-1174,E-0157,Z1.4-II-1.0-K,99,accept,,0,2025-01-16 09:59:00,20260106T061500Z-QE24M
L24-1197,E-0152,Z1.4-II-1.0-J,80,reject,D01:3,3,2025-01-16 12:35:00,20260106T061500Z-QE24M
L24-1201,E-0157,Z1.4-II-1.0-J,80,accept,,0,2025-01-16 14:18:00,20260106T061500Z-QE24M
L24-1210,E-0157,Z1.4-II-1.0-K,125,accept,D11:1,1,2025-01-16 13:30:00,20260106T061500Z-QE24M
L25-0007,E-0157,Z1.4-II-1.0-J,80,accept,,0,2025-01-16 10:42:00,20260106T061500Z-QE24M
L25-0016,E-0157,Z1.4-II-1.0-J,80,accept,,0,2025-01-16 10:22:00,20260106T061500Z-QE24M
L25-0035,E-0157,Z1.4-II-1.0-J,61,accept,,0,2025-01-16 07:18:00,20260106T061500Z-QE24M
L25-0041,E-0152,Z1.4-II-1.0-J,80,reject,D03:4,4,2025-01-16 14:14:00,20260106T061500Z-QE24M
L25-0013,E-0152,Z1.4-II-1.0-J,80,accept,,0,2025-01-17 10:48:00,20260106T061500Z-QE24M
L25-0006,E-0152,Z1.4-II-1.0-J,80,accept,,0,2025-01-20 07:18:00,20260106T061500Z-QE24M
L25-0009,E-0152,Z1.4-II-1.0-J,80,accept,,0,2025-01-20 07:01:00,20260106T061500Z-QE24M
L25-0011,E-0152,Z1.4-II-1.0-J,80,reject,D13:3,3,2025-01-20 14:50:00,20260106T061500Z-QE24M
L25-0015,E-0152,Z1.4-II-1.0-J,80,accept,,0,2025-01-20 14:31:00,20260106T061500Z-QE24M
L25-0017,E-0157,Z1.4-II-1.0-H,50,accept,,0,2025-01-20 08:20:00,20260106T061500Z-QE24M
L25-0018,E-0157,Z1.4-II-1.0-J,39,accept,,0,2025-01-20 11:26:00,20260106T061500Z-QE24M
L24-1204,E-0153,Z1.4-II-1.0-K,69,accept,D11:2,2,2025-01-21 09:57:00,20260106T061500Z-QE24M
L24-1207,E-0154,Z1.4-II-1.0-K,125,accept,,0,2025-01-21 08:10:00,20260106T061500Z-QE24M
L24-1186,E-0153,Z1.4-II-1.0-L,200,accept,,0,2025-01-22 08:16:00,20260106T061500Z-QE24M
L25-0010,E-0152,Z1.4-II-1.0-K,71,reject,D11:6,6,2025-01-22 10:04:00,20260106T061500Z-QE24M
L25-0031,E-0153,Z1.4-II-1.0-K,125,reject,D02:6,6,2025-01-22 10:53:00,20260106T061500Z-QE24M
L24-1208,E-0153,Z1.4-II-1.0-J,80,accept,D10:1,1,2025-01-23 10:31:00,20260106T061500Z-QE24M
L25-0004,E-0157,Z1.4-II-1.0-H,50,accept,,0,2025-01-23 12:23:00,20260106T061500Z-QE24M
L25-0005,E-0157,Z1.4-II-1.0-J,80,accept,,0,2025-01-23 10:56:00,20260106T061500Z-QE24M
L25-0014,E-0152,Z1.4-II-1.0-J,33,accept,,0,2025-01-23 09:06:00,20260106T061500Z-QE24M
L25-0021,E-0152,Z1.4-II-1.0-J,80,accept,D11:2,2,2025-01-23 08:48:00,20260106T061500Z-QE24M
L24-1213,E-0157,Z1.4-II-1.0-J,80,accept,,0,2025-01-24 10:48:00,20260106T061500Z-QE24M
L25-0026,E-0157,Z1.4-II-1.0-K,125,accept,,0,2025-01-24 08:09:00,20260106T061500Z-QE24M
L24-1206,E-0157,Z1.4-II-1.0-J,80,accept,,0,2025-01-27 08:14:00,20260106T061500Z-QE24M
L24-1212,E-0152,Z1.4-II-1.0-K,125,accept,,0,2025-01-27 11:35:00,20260106T061500Z-QE24M
L25-0022,E-0154,Z1.4-II-1.0-K,125,accept,,0,2025-01-27 08:58:00,20260106T061500Z-QE24M
L25-0030,E-0157,Z1.4-II-1.0-J,80,accept,,0,2025-01-27 13:04:00,20260106T061500Z-QE24M
L25-0034,E-0153,Z1.4-II-1.0-K,125,accept,,0,2025-01-27 09:32:00,20260106T061500Z-QE24M
L25-0040,E-0153,Z1.4-II-1.0-J,80,accept,D10:1,1,2025-01-27 14:44:00,20260106T061500Z-QE24M
L25-0044,E-0154,Z1.4-II-1.0-K,125,accept,,0,2025-01-27 07:55:00,20260106T061500Z-QE24M
L25-0049,E-0154,Z1.4-II-1.0-H,50,accept,D11:1,1,2025-01-27 11:14:00,20260106T061500Z-QE24M
L25-0029,E-0152,Z1.4-II-1.0-K,125,accept,,0,2025-01-28 14:45:00,20260106T061500Z-QE24M
L25-0037,E-0152,Z1.4-II-1.0-J,80,accept,,0,2025-01-28 12:20:00,20260106T061500Z-QE24M
L25-0053,E-0152,Z1.4-II-1.0-K,125,accept,,0,2025-01-28 13:55:00,20260106T061500Z-QE24M
L25-0039,E-0154,Z1.4-II-1.0-J,80,accept,,0,2025-01-29 13:51:00,20260106T061500Z-QE24M
L25-0042,E-0154,Z1.4-II-1.0-H,50,accept,D10:1,1,2025-01-29 10:31:00,20260106T061500Z-QE24M
L25-0048,E-0153,Z1.4-II-1.0-J,80,accept,D10:1,1,2025-01-29 14:34:00,20260106T061500Z-QE24M
L25-0050,E-0153,Z1.4-II-1.0-H,50,reject,D07:2,2,2025-01-29 07:03:00,20260106T061500Z-QE24M
L25-0061,E-0154,Z1.4-II-1.0-J,80,accept,,0,2025-01-29 11:22:00,20260106T061500Z-QE24M
L25-0019,E-0153,Z1.4-II-1.0-J,80,accept,,0,2025-01-30 11:06:00,20260106T061500Z-QE24M
L25-0032,E-0154,Z1.4-II-1.0-K,125,accept,,0,2025-01-30 10:30:00,20260106T061500Z-QE24M
L25-0046,E-0157,Z1.4-II-1.0-K,125,accept,,0,2025-01-30 12:58:00,20260106T061500Z-QE24M
L25-0047,E-0153,Z1.4-II-1.0-K,94,accept,,0,2025-01-30 14:44:00,20260106T061500Z-QE24M
L25-0062,E-0157,Z1.4-II-1.0-J,80,accept,,0,2025-01-30 08:49:00,20260106T061500Z-QE24M
L25-0056,E-0157,Z1.4-II-1.0-J,80,accept,,0,2025-02-03 09:22:00,20260106T061500Z-QE24M
L25-0095,E-0154,Z1.4-II-1.0-J,80,accept,,0,2025-02-03 10:41:00,20260106T061500Z-QE24M
L25-0055,E-0153,Z1.4-II-1.0-J,80,accept,,0,2025-02-04 10:22:00,20260106T061500Z-QE24M
L25-0057,E-0152,Z1.4-II-1.0-J,80,accept,D11:1,1,2025-02-04 07:07:00,20260106T061500Z-QE24M
L25-0060,E-0157,Z1.4-II-1.0-J,80,accept,,0,2025-02-04 09:43:00,20260106T061500Z-QE24M
L25-0066,E-0157,Z1.4-II-1.0-J,51,accept,,0,2025-02-04 13:07:00,20260106T061500Z-QE24M
L25-0067,E-0157,Z1.4-II-1.0-J,80,accept,,0,2025-02-04 07:11:00,20260106T061500Z-QE24M
L25-0076,E-0154,Z1.4-II-1.0-G,50,accept,,0,2025-02-04 09:13:00,20260106T061500Z-QE24M
L25-0025,E-0157,Z1.4-II-1.0-K,125,accept,,0,2025-02-05 09:36:00,20260106T061500Z-QE24M
L25-0033,E-0152,Z1.4-II-1.0-L,200,accept,D13:1,1,2025-02-05 11:57:00,20260106T061500Z-QE24M
L25-0036,E-0152,Z1.4-II-1.0-J,80,accept,,0,2025-02-05 13:50:00,20260106T061500Z-QE24M
L25-0068,E-0152,Z1.4-II-1.0-J,80,accept,,0,2025-02-05 14:18:00,20260106T061500Z-QE24M
L25-0072,E-0153,Z1.4-II-1.0-J,80,accept,D10:1,1,2025-02-05 11:21:00,20260106T061500Z-QE24M
L25-0074,E-0153,Z1.4-II-1.0-J,80,accept,,0,2025-02-05 08:15:00,20260106T061500Z-QE24M
L25-0024,E-0154,Z1.4-II-1.0-K,125,accept,D11:1,1,2025-02-06 13:31:00,20260106T061500Z-QE24M
L25-0054,E-0153,Z1.4-II-1.0-J,80,accept,,0,2025-02-06 10:17:00,20260106T061500Z-QE24M
L25-0059,E-0154,Z1.4-II-1.0-J,80,reject,D10:5,5,2025-02-06 12:02:00,20260106T061500Z-QE24M
L25-0065,E-0154,Z1.4-II-1.0-K,125,accept,D10:2,2,2025-02-06 07:22:00,20260106T061500Z-QE24M
L25-0073,E-0152,Z1.4-II-1.0-K,125,accept,,0,2025-02-06 09:56:00,20260106T061500Z-QE24M
L25-0058,E-0157,Z1.4-II-1.0-J,80,accept,D13:2,2,2025-02-07 11:06:00,20260106T061500Z-QE24M
L25-0085,E-0157,Z1.4-II-1.0-J,80,accept,D11:2,2,2025-02-07 11:17:00,20260106T061500Z-QE24M
L25-0023,E-0152,Z1.4-II-1.0-J,80,accept,,0,2025-02-10 14:41:00,20260106T061500Z-QE24M
L25-0027,E-0153,Z1.4-II-1.0-J,80,accept,,0,2025-02-10 07:01:00,20260106T061500Z-QE24M
L25-0051,E-0157,Z1.4-II-1.0-H,50,accept,,0,2025-02-10 14:20:00,20260106T061500Z-QE24M
L25-0075,E-0157,Z1.4-II-1.0-H,50,accept,D11:1,1,2025-02-10 11:51:00,20260106T061500Z-QE24M
L25-0077,E-0153,Z1.4-II-1.0-K,125,accept,,0,2025-02-10 12:46:00,20260106T061500Z-QE24M
L25-0086,E-0153,Z1.4-II-1.0-K,125,reject,D01:5,5,2025-02-10 10:08:00,20260106T061500Z-QE24M
L25-0115,E-0154,Z1.4-II-1.0-J,80,accept,D11:1,1,2025-02-10 12:07:00,20260106T061500Z-QE24M
L25-0098,E-0154,Z1.4-II-1.0-J,80,reject,D02:3,3,2025-02-11 14:13:00,20260106T061500Z-QE24M
L25-0100,E-0154,Z1.4-II-1.0-G,50,accept,D13:1,1,2025-02-11 09:36:00,20260106T061500Z-QE24M
L25-0101,E-0157,Z1.4-II-1.0-K,125,accept,,0,2025-02-11 07:54:00,20260106T061500Z-QE24M
L25-0038,E-0154,Z1.4-II-1.0-J,80,accept,,0,2025-02-12 10:22:00,20260106T061500Z-QE24M
L25-0043,E-0157,Z1.4-II-1.0-J,80,accept,D10:1,1,2025-02-12 08:50:00,20260106T061500Z-QE24M
L25-0081,E-0152,Z1.4-II-1.0-J,80,reject,D03:4,4,2025-02-12 07:18:00,20260106T061500Z-QE24M
L25-0083,E-0153,Z1.4-II-1.0-G,50,accept,D11:1,1,2025-02-12 08:02:00,20260106T061500Z-QE24M
L25-0087,E-0152,Z1.4-II-1.0-J,80,accept,,0,2025-02-12 14:28:00,20260106T061500Z-QE24M
L25-0092,E-0157,Z1.4-II-1.0-J,80,accept,D11:1,1,2025-02-12 13:36:00,20260106T061500Z-QE24M
L25-0094,E-0152,Z1.4-II-1.0-K,125,accept,D11:1,1,2025-02-12 08:56:00,20260106T061500Z-QE24M
L25-0028,E-0157,Z1.4-II-1.0-L,200,accept,D10:1,1,2025-02-13 09:44:00,20260106T061500Z-QE24M
L25-0052,E-0153,Z1.4-II-1.0-J,80,accept,D10:2,2,2025-02-13 07:57:00,20260106T061500Z-QE24M
L25-0070,E-0154,Z1.4-II-1.0-J,80,accept,,0,2025-02-13 10:28:00,20260106T061500Z-QE24M
L25-0096,E-0154,Z1.4-II-1.0-G,50,accept,,0,2025-02-13 09:32:00,20260106T061500Z-QE24M
L25-0090,E-0153,Z1.4-II-1.0-K,125,accept,,0,2025-02-14 08:13:00,20260106T061500Z-QE24M
L25-0097,E-0157,Z1.4-II-1.0-J,60,accept,D10:2,2,2025-02-14 08:37:00,20260106T061500Z-QE24M
L25-0045,E-0152,Z1.4-II-1.0-K,125,accept,,0,2025-02-17 12:05:00,20260106T061500Z-QE24M
L25-0064,E-0154,Z1.4-II-1.0-J,80,accept,,0,2025-02-17 08:53:00,20260106T061500Z-QE24M
L25-0088,E-0154,Z1.4-II-1.0-J,80,accept,,0,2025-02-17 13:57:00,20260106T061500Z-QE24M
L25-0089,E-0157,Z1.4-II-1.0-K,125,accept,,0,2025-02-17 09:29:00,20260106T061500Z-QE24M
L25-0103,E-0152,Z1.4-II-1.0-K,88,accept,,0,2025-02-17 07:33:00,20260106T061500Z-QE24M
L25-0106,E-0157,Z1.4-II-1.0-J,80,accept,,0,2025-02-17 08:53:00,20260106T061500Z-QE24M
L25-0063,E-0157,Z1.4-II-1.0-J,80,accept,D11:1,1,2025-02-18 13:43:00,20260106T061500Z-QE24M
L25-0069,E-0153,Z1.4-II-1.0-K,52,accept,,0,2025-02-19 14:26:00,20260106T061500Z-QE24M
L25-0108,E-0152,Z1.4-II-1.0-J,39,accept,,0,2025-02-19 13:56:00,20260106T061500Z-QE24M
L25-0109,E-0154,Z1.4-II-1.0-J,80,accept,D11:1,1,2025-02-19 08:09:00,20260106T061500Z-QE24M
L25-0116,E-0157,Z1.4-II-1.0-J,80,accept,,0,2025-02-19 11:01:00,20260106T061500Z-QE24M
L25-0071,E-0157,Z1.4-II-1.0-K,125,accept,,0,2025-02-20 13:21:00,20260106T061500Z-QE24M
L25-0124,E-0157,Z1.4-II-1.0-J,80,accept,,0,2025-02-20 08:47:00,20260106T061500Z-QE24M
L25-0125,E-0152,Z1.4-II-1.0-J,80,accept,,0,2025-02-20 12:47:00,20260106T061500Z-QE24M
L25-0127,E-0154,Z1.4-II-1.0-J,80,accept,,0,2025-02-20 08:09:00,20260106T061500Z-QE24M
L25-0128,E-0154,Z1.4-II-1.0-J,80,accept,D10:1,1,2025-02-20 13:04:00,20260106T061500Z-QE24M
L25-0132,E-0153,Z1.4-II-1.0-K,125,reject,D01:4,4,2025-02-20 13:41:00,20260106T061500Z-QE24M
L25-0078,E-0153,Z1.4-II-1.0-K,125,accept,,0,2025-02-21 09:53:00,20260106T061500Z-QE24M
L25-0117,E-0157,Z1.4-II-1.0-J,80,accept,,0,2025-02-21 11:36:00,20260106T061500Z-QE24M
L25-0122,E-0154,Z1.4-II-1.0-K,125,accept,D13:1,1,2025-02-21 11:34:00,20260106T061500Z-QE24M
L25-0151,E-0152,Z1.4-II-1.0-J,80,accept,D11:2,2,2025-02-21 08:36:00,20260106T061500Z-QE24M
L25-0079,E-0154,Z1.4-II-1.0-J,80,accept,D13:1,1,2025-02-24 07:36:00,20260106T061500Z-QE24M
L25-0121,E-0152,Z1.4-II-1.0-K,125,accept,D13:1,1,2025-02-24 08:06:00,20260106T061500Z-QE24M
L25-0084,E-0153,Z1.4-II-1.0-K,125,accept,,0,2025-02-25 14:44:00,20260106T061500Z-QE24M
L25-0102,E-0154,Z1.4-II-1.0-J,80,accept,D10:1,1,2025-02-25 07:07:00,20260106T061500Z-QE24M
L25-0119,E-0157,Z1.4-II-1.0-K,125,accept,D10:2,2,2025-02-25 12:39:00,20260106T061500Z-QE24M
L25-0126,E-0152,Z1.4-II-1.0-K,125,accept,,0,2025-02-25 08:31:00,20260106T061500Z-QE24M
L25-0134,E-0154,Z1.4-II-1.0-K,125,reject,D02:4,4,2025-02-25 08:20:00,20260106T061500Z-QE24M
L25-0080,E-0153,Z1.4-II-1.0-H,50,accept,,0,2025-02-26 14:40:00,20260106T061500Z-QE24M
L25-0082,E-0153,Z1.4-II-1.0-K,125,reject,D02:4,4,2025-02-26 14:11:00,20260106T061500Z-QE24M
L25-0110,E-0157,Z1.4-II-1.0-J,35,accept,D11:1,1,2025-02-26 12:22:00,20260106T061500Z-QE24M
L25-0129,E-0152,Z1.4-II-1.0-K,70,accept,,0,2025-02-26 13:05:00,20260106T061500Z-QE24M
L25-0133,E-0154,Z1.4-II-1.0-H,50,accept,,0,2025-02-26 12:36:00,20260106T061500Z-QE24M
L25-0142,E-0154,Z1.4-II-1.0-J,80,accept,D11:1,1,2025-02-26 08:44:00,20260106T061500Z-QE24M
L25-0144,E-0157,Z1.4-II-1.0-J,80,accept,D10:1,1,2025-02-26 09:41:00,20260106T061500Z-QE24M
L25-0099,E-0154,Z1.4-II-1.0-J,80,accept,,0,2025-02-27 07:23:00,20260106T061500Z-QE24M
L25-0104,E-0152,Z1.4-II-1.0-K,125,accept,D13:1,1,2025-02-27 12:50:00,20260106T061500Z-QE24M
L25-0107,E-0153,Z1.4-II-1.0-J,80,accept,D11:1,1,2025-02-27 10:35:00,20260106T061500Z-QE24M
L25-0111,E-0154,Z1.4-II-1.0-K,125,accept,,0,2025-02-27 11:10:00,20260106T061500Z-QE24M
L25-0113,E-0152,Z1.4-II-1.0-G,50,accept,D10:1,1,2025-02-27 10:26:00,20260106T061500Z-QE24M
L25-0123,E-0153,Z1.4-II-1.0-J,80,accept,,0,2025-02-27 12:23:00,20260106T061500Z-QE24M
L25-0145,E-0154,Z1.4-II-1.0-J,80,accept,,0,2025-02-27 09:09:00,20260106T061500Z-QE24M
L25-0146,E-0157,Z1.4-II-1.0-J,80,accept,D11:1,1,2025-02-27 09:24:00,20260106T061500Z-QE24M
L25-0152,E-0153,Z1.4-II-1.0-J,80,accept,,0,2025-02-27 09:35:00,20260106T061500Z-QE24M
L25-0091,E-0152,Z1.4-II-1.0-K,125,accept,,0,2025-02-28 14:26:00,20260106T061500Z-QE24M
L25-0105,E-0157,Z1.4-II-1.0-J,80,accept,D11:1,1,2025-02-28 11:28:00,20260106T061500Z-QE24M
L25-0155,E-0154,Z1.4-II-1.0-J,80,accept,,0,2025-02-28 13:56:00,20260106T061500Z-QE24M
L25-0167,E-0157,Z1.4-II-1.0-J,80,accept,,0,2025-02-28 11:30:00,20260106T061500Z-QE24M
L25-0118,E-0154,Z1.4-II-1.0-K,125,accept,,0,2025-03-03 13:45:00,20260106T061500Z-QE24M
L25-0147,E-0154,Z1.4-II-1.0-H,50,accept,,0,2025-03-03 10:20:00,20260106T061500Z-QE24M
L25-0168,E-0154,Z1.4-II-1.0-K,98,reject,D03:4,4,2025-03-03 11:34:00,20260106T061500Z-QE24M
L25-0114,E-0152,Z1.4-II-1.0-K,125,accept,,0,2025-03-04 14:09:00,20260106T061500Z-QE24M
L25-0135,E-0154,Z1.4-II-1.0-L,200,accept,,0,2025-03-04 08:17:00,20260106T061500Z-QE24M
L25-0138,E-0152,Z1.4-II-1.0-L,200,accept,,0,2025-03-04 11:24:00,20260106T061500Z-QE24M
L25-0139,E-0152,Z1.4-II-1.0-G,50,accept,,0,2025-03-04 10:38:00,20260106T061500Z-QE24M
L25-0150,E-0152,Z1.4-II-1.0-K,125,accept,,0,2025-03-04 14:02:00,20260106T061500Z-QE24M
L25-0170,E-0157,Z1.4-II-1.0-J,80,accept,D11:2,2,2025-03-04 09:23:00,20260106T061500Z-QE24M
L25-0181,E-0153,Z1.4-II-1.0-J,80,accept,,0,2025-03-04 13:36:00,20260106T061500Z-QE24M
L25-0130,E-0152,Z1.4-II-1.0-J,80,accept,D10:1,1,2025-03-05 09:08:00,20260106T061500Z-QE24M
L25-0143,E-0153,Z1.4-II-1.0-L,200,accept,D11:1,1,2025-03-05 12:40:00,20260106T061500Z-QE24M
L25-0154,E-0154,Z1.4-II-1.0-J,34,accept,D13:1,1,2025-03-05 07:25:00,20260106T061500Z-QE24M
L25-0171,E-0154,Z1.4-II-1.0-J,80,accept,D10:2,2,2025-03-05 12:48:00,20260106T061500Z-QE24M
L25-0093,E-0152,Z1.4-II-1.0-L,98,accept,D13:1,1,2025-03-06 13:28:00,20260106T061500Z-QE24M
L25-0120,E-0153,Z1.4-II-1.0-J,80,accept,,0,2025-03-06 07:23:00,20260106T061500Z-QE24M
L25-0131,E-0154,Z1.4-II-1.0-K,125,accept,,0,2025-03-06 10:55:00,20260106T061500Z-QE24M
L25-0148,E-0152,Z1.4-II-1.0-K,125,accept,,0,2025-03-06 10:56:00,20260106T061500Z-QE24M
L25-0162,E-0154,Z1.4-II-1.0-J,80,accept,,0,2025-03-06 12:08:00,20260106T061500Z-QE24M
L25-0163,E-0153,Z1.4-II-1.0-K,125,accept,,0,2025-03-06 13:40:00,20260106T061500Z-QE24M
L25-0165,E-0157,Z1.4-II-1.0-J,80,accept,,0,2025-03-06 08:35:00,20260106T061500Z-QE24M
L25-0176,E-0154,Z1.4-II-1.0-J,80,accept,,0,2025-03-06 14:42:00,20260106T061500Z-QE24M
L25-0196,E-0157,Z1.4-II-1.0-K,125,accept,,0,2025-03-06 14:15:00,20260106T061500Z-QE24M
L25-0159,E-0153,Z1.4-II-1.0-J,80,accept,,0,2025-03-07 14:57:00,20260106T061500Z-QE24M
L25-0174,E-0157,Z1.4-II-1.0-K,52,accept,,0,2025-03-07 11:54:00,20260106T061500Z-QE24M
L25-0186,E-0154,Z1.4-II-1.0-H,50,accept,D13:1,1,2025-03-07 13:37:00,20260106T061500Z-QE24M
L25-0191,E-0153,Z1.4-II-1.0-H,50,accept,,0,2025-03-07 12:31:00,20260106T061500Z-QE24M
L25-0137,E-0152,Z1.4-II-1.0-K,125,accept,,0,2025-03-10 13:10:00,20260106T061500Z-QE24M
L25-0172,E-0152,Z1.4-II-1.0-J,80,accept,,0,2025-03-10 10:49:00,20260106T061500Z-QE24M
L25-0179,E-0152,Z1.4-II-1.0-J,80,accept,D11:1,1,2025-03-10 09:53:00,20260106T061500Z-QE24M
L25-0183,E-0154,Z1.4-II-1.0-K,125,accept,,0,2025-03-10 08:07:00,20260106T061500Z-QE24M
L25-0190,E-0157,Z1.4-II-1.0-J,80,accept,,0,2025-03-10 08:41:00,20260106T061500Z-QE24M
L25-0136,E-0152,Z1.4-II-1.0-K,125,accept,D10:1,1,2025-03-11 11:32:00,20260106T061500Z-QE24M
L25-0156,E-0153,Z1.4-II-1.0-J,80,accept,,0,2025-03-11 14:49:00,20260106T061500Z-QE24M
L25-0178,E-0157,Z1.4-II-1.0-K,125,accept,,0,2025-03-11 09:24:00,20260106T061500Z-QE24M
L25-0194,E-0153,Z1.4-II-1.0-H,50,accept,D13:1,1,2025-03-11 11:59:00,20260106T061500Z-QE24M
L25-0112,E-0152,Z1.4-II-1.0-J,80,accept,,0,2025-03-12 10:35:00,20260106T061500Z-QE24M
L25-0140,E-0153,Z1.4-II-1.0-K,125,accept,,0,2025-03-12 10:04:00,20260106T061500Z-QE24M
L25-0141,E-0152,Z1.4-II-1.0-K,125,accept,D11:1,1,2025-03-12 08:10:00,20260106T061500Z-QE24M
L25-0160,E-0157,Z1.4-II-1.0-J,80,accept,,0,2025-03-12 08:18:00,20260106T061500Z-QE24M
L25-0166,E-0153,Z1.4-II-1.0-H,35,accept,,0,2025-03-12 07:11:00,20260106T061500Z-QE24M
L25-0188,E-0154,Z1.4-II-1.0-J,80,reject,D01:3,3,2025-03-12 08:58:00,20260106T061500Z-QE24M
L25-0193,E-0152,Z1.4-II-1.0-J,80,accept,,0,2025-03-12 11:37:00,20260106T061500Z-QE24M
L25-0212,E-0153,Z1.4-II-1.0-J,80,accept,D10:2,2,2025-03-12 07:31:00,20260106T061500Z-QE24M
L25-0149,E-0154,Z1.4-II-1.0-J,80,accept,D10:1,1,2025-03-13 12:53:00,20260106T061500Z-QE24M
L25-0173,E-0154,Z1.4-II-1.0-K,125,reject,D02:6,6,2025-03-13 10:38:00,20260106T061500Z-QE24M
L25-0182,E-0154,Z1.4-II-1.0-K,125,accept,D13:1,1,2025-03-13 08:50:00,20260106T061500Z-QE24M
L25-0189,E-0157,Z1.4-II-1.0-J,80,accept,,0,2025-03-14 13:16:00,20260106T061500Z-QE24M
L25-0198,E-0153,Z1.4-II-1.0-K,125,accept,,0,2025-03-14 11:49:00,20260106T061500Z-QE24M
L25-0214,E-0153,Z1.4-II-1.0-H,50,accept,D10:1,1,2025-03-14 07:30:00,20260106T061500Z-QE24M
L25-0158,E-0157,Z1.4-II-1.0-J,50,accept,D10:1,1,2025-03-17 13:13:00,20260106T061500Z-QE24M
L25-0177,E-0152,Z1.4-II-1.0-J,80,accept,D10:1,1,2025-03-17 07:26:00,20260106T061500Z-QE24M
L25-0209,E-0157,Z1.4-II-1.0-J,80,accept,D13:2,2,2025-03-17 11:26:00,20260106T061500Z-QE24M
L25-0211,E-0152,Z1.4-II-1.0-J,80,accept,D10:1,1,2025-03-17 12:16:00,20260106T061500Z-QE24M
L25-0220,E-0154,Z1.4-II-1.0-J,80,accept,,0,2025-03-17 07:15:00,20260106T061500Z-QE24M
L25-0184,E-0154,Z1.4-II-1.0-J,52,accept,,0,2025-03-18 07:07:00,20260106T061500Z-QE24M
L25-0207,E-0153,Z1.4-II-1.0-K,125,accept,,0,2025-03-18 11:03:00,20260106T061500Z-QE24M
L25-0210,E-0157,Z1.4-II-1.0-J,80,accept,D10:1,1,2025-03-18 12:30:00,20260106T061500Z-QE24M
L25-0224,E-0153,Z1.4-II-1.0-J,80,accept,,0,2025-03-18 13:10:00,20260106T061500Z-QE24M
L25-0157,E-0154,Z1.4-II-1.0-J,80,accept,D13:1,1,2025-03-19 09:30:00,20260106T061500Z-QE24M
L25-0164,E-0157,Z1.4-II-1.0-K,125,accept,,0,2025-03-19 07:19:00,20260106T061500Z-QE24M
L25-0192,E-0153,Z1.4-II-1.0-J,80,accept,D13:1,1,2025-03-19 12:09:00,20260106T061500Z-QE24M
L25-0199,E-0153,Z1.4-II-1.0-J,80,accept,,0,2025-03-19 09:15:00,20260106T061500Z-QE24M
L25-0201,E-0153,Z1.4-II-1.0-J,80,accept,D11:1,1,2025-03-19 09:24:00,20260106T061500Z-QE24M
L25-0223,E-0153,Z1.4-II-1.0-J,80,accept,,0,2025-03-19 12:16:00,20260106T061500Z-QE24M
L25-0248,E-0157,Z1.4-II-1.0-H,50,accept,,0,2025-03-19 10:27:00,20260106T061500Z-QE24M
L25-0250,E-0153,Z1.4-II-1.0-J,80,accept,,0,2025-03-19 07:47:00,20260106T061500Z-QE24M
L25-0161,E-0152,Z1.4-II-1.0-L,200,accept,,0,2025-03-20 13:07:00,20260106T061500Z-QE24M
L25-0185,E-0153,Z1.4-II-1.0-J,80,accept,D13:1,1,2025-03-20 14:51:00,20260106T061500Z-QE24M
L25-0187,E-0157,Z1.4-II-1.0-J,80,accept,,0,2025-03-20 12:09:00,20260106T061500Z-QE24M
L25-0195,E-0152,Z1.4-II-1.0-J,80,accept,,0,2025-03-20 14:36:00,20260106T061500Z-QE24M
L25-0202,E-0157,Z1.4-II-1.0-J,80,accept,,0,2025-03-20 08:27:00,20260106T061500Z-QE24M
L25-0204,E-0153,Z1.4-II-1.0-J,80,accept,,0,2025-03-20 12:09:00,20260106T061500Z-QE24M
L25-0231,E-0157,Z1.4-II-1.0-J,45,accept,,0,2025-03-20 08:10:00,20260106T061500Z-QE24M
L25-0180,E-0154,Z1.4-II-1.0-K,125,accept,,0,2025-03-21 07:01:00,20260106T061500Z-QE24M
L25-0229,E-0157,Z1.4-II-1.0-J,80,accept,,0,2025-03-21 11:52:00,20260106T061500Z-QE24M
L25-0234,E-0152,Z1.4-II-1.0-H,50,accept,,0,2025-03-21 14:36:00,20260106T061500Z-QE24M
L25-0169,E-0152,Z1.4-II-1.0-K,125,accept,,0,2025-03-24 08:11:00,20260106T061500Z-QE24M
L25-0175,E-0154,Z1.4-II-1.0-K,125,accept,,0,2025-03-24 12:47:00,20260106T061500Z-QE24M
L25-0200,E-0152,Z1.4-II-1.0-J,80,accept,,0,2025-03-24 11:51:00,20260106T061500Z-QE24M
L25-0217,E-0153,Z1.4-II-1.0-H,50,accept,,0,2025-03-24 12:20:00,20260106T061500Z-QE24M
L25-0221,E-0154,Z1.4-II-1.0-J,80,reject,D07:3,3,2025-03-24 09:44:00,20260106T061500Z-QE24M
L25-0261,E-0152,Z1.4-II-1.0-H,50,accept,,0,2025-03-24 11:50:00,20260106T061500Z-QE24M
L25-0268,E-0153,Z1.4-II-1.0-J,80,accept,,0,2025-03-24 09:59:00,20260106T061500Z-QE24M
L25-0205,E-0152,Z1.4-II-1.0-J,80,accept,D10:1,1,2025-03-25 13:27:00,20260106T061500Z-QE24M
L25-0208,E-0154,Z1.4-II-1.0-K,125,accept,,0,2025-03-25 13:20:00,20260106T061500Z-QE24M
L25-0241,E-0154,Z1.4-II-1.0-J,80,accept,,0,2025-03-25 07:30:00,20260106T061500Z-QE24M
L25-0213,E-0154,Z1.4-II-1.0-K,125,accept,,0,2025-03-26 12:03:00,20260106T061500Z-QE24M
L25-0236,E-0152,Z1.4-II-1.0-H,50,accept,D10:1,1,2025-03-26 10:35:00,20260106T061500Z-QE24M
L25-0153,E-0154,Z1.4-II-1.0-K,125,accept,,0,2025-03-27 14:54:00,20260106T061500Z-QE24M
L25-0218,E-0157,Z1.4-II-1.0-K,125,accept,D10:1,1,2025-03-27 09:41:00,20260106T061500Z-QE24M
L25-0249,E-0157,Z1.4-II-1.0-J,80,accept,,0,2025-03-27 09:44:00,20260106T061500Z-QE24M
L25-0254,E-0157,Z1.4-II-1.0-H,50,accept,D10:1,1,2025-03-27 14:44:00,20260106T061500Z-QE24M
L25-0197,E-0152,Z1.4-II-1.0-K,92,accept,D13:1,1,2025-03-28 08:08:00,20260106T061500Z-QE24M
L25-0215,E-0153,Z1.4-II-1.0-K,125,accept,D10:1,1,2025-03-28 09:24:00,20260106T061500Z-QE24M
L25-0226,E-0153,Z1.4-II-1.0-K,125,accept,,0,2025-03-28 07:59:00,20260106T061500Z-QE24M
L25-0260,E-0157,Z1.4-II-1.0-G,50,accept,,0,2025-03-28 08:34:00,20260106T061500Z-QE24M
L25-0206,E-0153,Z1.4-II-1.0-J,80,accept,,0,2025-03-31 08:28:00,20260106T061500Z-QE24M
L25-0219,E-0154,Z1.4-II-1.0-K,89,accept,,0,2025-03-31 14:36:00,20260106T061500Z-QE24M
L25-0243,E-0153,Z1.4-II-1.0-K,125,accept,,0,2025-03-31 08:26:00,20260106T061500Z-QE24M
L25-0262,E-0154,Z1.4-II-1.0-H,37,accept,,0,2025-03-31 14:03:00,20260106T061500Z-QE24M
L25-0245,E-0152,Z1.4-II-1.0-K,125,accept,,0,2025-04-01 09:07:00,20260106T061500Z-QE24M
L25-0270,E-0153,Z1.4-II-1.0-J,80,accept,,0,2025-04-01 14:44:00,20260106T061500Z-QE24M
L25-0227,E-0154,Z1.4-II-1.0-K,90,accept,,0,2025-04-02 14:27:00,20260106T061500Z-QE24M
L25-0230,E-0157,Z1.4-II-1.0-L,200,accept,D10:1,1,2025-04-02 07:05:00,20260106T061500Z-QE24M
L25-0233,E-0152,Z1.4-II-1.0-K,125,reject,D03:4,4,2025-04-02 08:13:00,20260106T061500Z-QE24M
L25-0239,E-0157,Z1.4-II-1.0-J,80,reject,D01:5,5,2025-04-02 11:31:00,20260106T061500Z-QE24M
L25-0246,E-0154,Z1.4-II-1.0-G,50,accept,,0,2025-04-02 11:09:00,20260106T061500Z-QE24M
L25-0276,E-0154,Z1.4-II-1.0-J,80,accept,,0,2025-04-02 08:33:00,20260106T061500Z-QE24M
L25-0232,E-0153,Z1.4-II-1.0-J,80,accept,D11:1,1,2025-04-03 13:02:00,20260106T061500Z-QE24M
L25-0237,E-0153,Z1.4-II-1.0-J,80,accept,D11:1,1,2025-04-03 08:35:00,20260106T061500Z-QE24M
L25-0244,E-0157,Z1.4-II-1.0-J,80,accept,,0,2025-04-03 11:18:00,20260106T061500Z-QE24M
L25-0235,E-0154,Z1.4-II-1.0-J,80,accept,,0,2025-04-04 07:22:00,20260106T061500Z-QE24M
L25-0272,E-0153,Z1.4-II-1.0-K,125,accept,D11:1,1,2025-04-04 08:22:00,20260106T061500Z-QE24M
L25-0281,E-0153,Z1.4-II-1.0-J,80,accept,D10:1,1,2025-04-04 10:30:00,20260106T061500Z-QE24M
L25-0284,E-0152,Z1.4-II-1.0-H,50,accept,,0,2025-04-04 10:08:00,20260106T061500Z-QE24M
L25-0311,E-0154,Z1.4-II-1.0-J,80,accept,,0,2025-04-04 07:30:00,20260106T061500Z-QE24M
L25-0203,E-0152,Z1.4-II-1.0-L,200,accept,,0,2025-04-07 10:08:00,20260106T061500Z-QE24M
L25-0225,E-0154,Z1.4-II-1.0-K,125,accept,,0,2025-04-07 13:03:00,20260106T061500Z-QE24M
L25-0253,E-0152,Z1.4-II-1.0-H,50,accept,,0,2025-04-07 10:07:00,20260106T061500Z-QE24M
L25-0267,E-0154,Z1.4-II-1.0-J,80,accept,,0,2025-04-07 10:37:00,20260106T061500Z-QE24M
L25-0294,E-0152,Z1.4-II-1.0-H,50,accept,,0,2025-04-07 12:24:00,20260106T061500Z-QE24M
L25-0222,E-0154,Z1.4-II-1.0-L,200,accept,D13:2,2,2025-04-08 07:50:00,20260106T061500Z-QE24M
L25-0252,E-0154,Z1.4-II-1.0-K,97,accept,,0,2025-04-08 09:49:00,20260106T061500Z-QE24M
L25-0273,E-0152,Z1.4-II-1.0-K,125,accept,,0,2025-04-08 11:28:00,20260106T061500Z-QE24M
L25-0228,E-0157,Z1.4-II-1.0-K,125,accept,,0,2025-04-09 07:05:00,20260106T061500Z-QE24M
L25-0242,E-0152,Z1.4-II-1.0-K,125,accept,,0,2025-04-09 09:36:00,20260106T061500Z-QE24M
L25-0251,E-0153,Z1.4-II-1.0-G,50,accept,,0,2025-04-09 09:48:00,20260106T061500Z-QE24M
L25-0257,E-0157,Z1.4-II-1.0-J,80,accept,,0,2025-04-09 13:10:00,20260106T061500Z-QE24M
L25-0274,E-0152,Z1.4-II-1.0-J,80,accept,,0,2025-04-09 13:56:00,20260106T061500Z-QE24M
L25-0275,E-0152,Z1.4-II-1.0-J,34,accept,,0,2025-04-09 11:31:00,20260106T061500Z-QE24M
L25-0277,E-0152,Z1.4-II-1.0-K,125,accept,,0,2025-04-09 13:05:00,20260106T061500Z-QE24M
L25-0278,E-0152,Z1.4-II-1.0-K,125,accept,,0,2025-04-09 07:48:00,20260106T061500Z-QE24M
L25-0288,E-0157,Z1.4-II-1.0-K,125,accept,,0,2025-04-09 11:27:00,20260106T061500Z-QE24M
L25-0292,E-0157,Z1.4-II-1.0-H,50,reject,D10:2,2,2025-04-09 12:26:00,20260106T061500Z-QE24M
L25-0297,E-0153,Z1.4-II-1.0-J,80,accept,,0,2025-04-09 10:36:00,20260106T061500Z-QE24M
L25-0298,E-0157,Z1.4-II-1.0-J,80,accept,,0,2025-04-09 14:49:00,20260106T061500Z-QE24M
L25-0303,E-0153,Z1.4-II-1.0-J,80,accept,,0,2025-04-09 08:45:00,20260106T061500Z-QE24M
L25-0247,E-0154,Z1.4-II-1.0-J,80,accept,,0,2025-04-10 13:59:00,20260106T061500Z-QE24M
L25-0255,E-0154,Z1.4-II-1.0-K,125,accept,,0,2025-04-10 11:55:00,20260106T061500Z-QE24M
L25-0259,E-0154,Z1.4-II-1.0-K,76,accept,,0,2025-04-10 11:57:00,20260106T061500Z-QE24M
L25-0264,E-0152,Z1.4-II-1.0-K,125,accept,D11:2,2,2025-04-10 10:27:00,20260106T061500Z-QE24M
L25-0279,E-0154,Z1.4-II-1.0-G,50,accept,,0,2025-04-10 08:36:00,20260106T061500Z-QE24M
L25-0282,E-0153,Z1.4-II-1.0-J,80,accept,D13:1,1,2025-04-10 07:08:00,20260106T061500Z-QE24M
L25-0286,E-0154,Z1.4-II-1.0-K,64,accept,D10:1,1,2025-04-10 10:45:00,20260106T061500Z-QE24M
L25-0216,E-0152,Z1.4-II-1.0-L,150,accept,D11:1,1,2025-04-11 10:48:00,20260106T061500Z-QE24M
L25-0287,E-0157,Z1.4-II-1.0-J,80,accept,D11:1,1,2025-04-11 13:38:00,20260106T061500Z-QE24M
L25-0291,E-0154,Z1.4-II-1.0-J,80,accept,,0,2025-04-11 10:50:00,20260106T061500Z-QE24M
L25-0240,E-0152,Z1.4-II-1.0-K,125,accept,,0,2025-04-14 08:41:00,20260106T061500Z-QE24M
L25-0256,E-0157,Z1.4-II-1.0-H,50,accept,,0,2025-04-14 09:46:00,20260106T061500Z-QE24M
L25-0258,E-0152,Z1.4-II-1.0-K,125,accept,,0,2025-04-14 09:29:00,20260106T061500Z-QE24M
L25-0263,E-0154,Z1.4-II-1.0-G,50,accept,D11:1,1,2025-04-14 10:06:00,20260106T061500Z-QE24M
L25-0265,E-0154,Z1.4-II-1.0-J,49,accept,,0,2025-04-14 12:38:00,20260106T061500Z-QE24M
L25-0302,E-0152,Z1.4-II-1.0-H,50,accept,D13:1,1,2025-04-14 08:33:00,20260106T061500Z-QE24M
L25-0304,E-0152,Z1.4-II-1.0-K,125,accept,D13:2,2,2025-04-14 12:28:00,20260106T061500Z-QE24M
L25-0305,E-0153,Z1.4-II-1.0-K,125,reject,D04:4,4,2025-04-14 11:53:00,20260106T061500Z-QE24M
L25-0308,E-0152,Z1.4-II-1.0-K,125,accept,,0,2025-04-14 09:12:00,20260106T061500Z-QE24M
L25-0266,E-0157,Z1.4-II-1.0-J,80,accept,D10:2,2,2025-04-15 10:59:00,20260106T061500Z-QE24M
L25-0310,E-0157,Z1.4-II-1.0-J,80,accept,,0,2025-04-15 10:24:00,20260106T061500Z-QE24M
L25-0312,E-0153,Z1.4-II-1.0-J,80,accept,D13:1,1,2025-04-15 08:29:00,20260106T061500Z-QE24M
L25-0238,E-0154,Z1.4-II-1.0-J,80,accept,,0,2025-04-16 10:18:00,20260106T061500Z-QE24M
L25-0285,E-0152,Z1.4-II-1.0-K,125,accept,,0,2025-04-16 14:53:00,20260106T061500Z-QE24M
L25-0296,E-0152,Z1.4-II-1.0-J,80,accept,D10:2,2,2025-04-16 08:29:00,20260106T061500Z-QE24M
L25-0299,E-0154,Z1.4-II-1.0-J,80,accept,,0,2025-04-16 12:12:00,20260106T061500Z-QE24M
L25-0306,E-0153,Z1.4-II-1.0-J,80,accept,,0,2025-04-16 10:23:00,20260106T061500Z-QE24M
L25-0289,E-0153,Z1.4-II-1.0-K,125,accept,,0,2025-04-17 10:29:00,20260106T061500Z-QE24M
L25-0290,E-0153,Z1.4-II-1.0-L,200,accept,D10:2,2,2025-04-17 09:55:00,20260106T061500Z-QE24M
L25-0295,E-0154,Z1.4-II-1.0-J,80,accept,D11:1,1,2025-04-17 11:17:00,20260106T061500Z-QE24M
L25-0300,E-0154,Z1.4-II-1.0-J,80,accept,,0,2025-04-17 07:35:00,20260106T061500Z-QE24M
L25-0301,E-0152,Z1.4-II-1.0-J,80,reject,D02:5,5,2025-04-17 13:49:00,20260106T061500Z-QE24M
L25-0313,E-0154,Z1.4-II-1.0-J,80,accept,,0,2025-04-17 08:19:00,20260106T061500Z-QE24M
L25-0315,E-0152,Z1.4-II-1.0-J,80,accept,,0,2025-04-17 10:51:00,20260106T061500Z-QE24M
L25-0280,E-0154,Z1.4-II-1.0-J,80,accept,D10:1,1,2025-04-18 13:12:00,20260106T061500Z-QE24M
L25-0340,E-0152,Z1.4-II-1.0-J,80,accept,,0,2025-04-18 08:42:00,20260106T061500Z-QE24M
L25-0348,E-0152,Z1.4-II-1.0-J,80,accept,,0,2025-04-18 07:42:00,20260106T061500Z-QE24M
L25-0271,E-0152,Z1.4-II-1.0-H,50,accept,,0,2025-04-21 10:33:00,20260106T061500Z-QE24M
L25-0293,E-0157,Z1.4-II-1.0-K,125,accept,,0,2025-04-21 09:39:00,20260106T061500Z-QE24M
L25-0317,E-0153,Z1.4-II-1.0-J,80,accept,D11:1,1,2025-04-21 08:04:00,20260106T061500Z-QE24M
L25-0318,E-0152,Z1.4-II-1.0-H,50,accept,,0,2025-04-21 13:27:00,20260106T061500Z-QE24M
L25-0327,E-0157,Z1.4-II-1.0-H,50,accept,D11:1,1,2025-04-21 11:46:00,20260106T061500Z-QE24M
L25-0329,E-0157,Z1.4-II-1.0-K,125,accept,D11:1,1,2025-04-21 10:41:00,20260106T061500Z-QE24M
L25-0332,E-0152,Z1.4-II-1.0-J,80,accept,,0,2025-04-21 07:08:00,20260106T061500Z-QE24M
L25-0333,E-0152,Z1.4-II-1.0-K,125,accept,,0,2025-04-21 10:42:00,20260106T061500Z-QE24M
L25-0316,E-0152,Z1.4-II-1.0-H,50,accept,D11:1,1,2025-04-22 08:19:00,20260106T061500Z-QE24M
L25-0324,E-0152,Z1.4-II-1.0-J,80,accept,D10:1,1,2025-04-22 13:21:00,20260106T061500Z-QE24M
L25-0283,E-0157,Z1.4-II-1.0-K,125,accept,,0,2025-04-23 09:54:00,20260106T061500Z-QE24M
L25-0334,E-0154,Z1.4-II-1.0-H,50,accept,,0,2025-04-23 13:04:00,20260106T061500Z-QE24M
L25-0342,E-0157,Z1.4-II-1.0-K,125,accept,,0,2025-04-23 10:12:00,20260106T061500Z-QE24M
L25-0269,E-0157,Z1.4-II-1.0-J,80,accept,D10:2,2,2025-04-24 08:42:00,20260106T061500Z-QE24M
L25-0336,E-0157,Z1.4-II-1.0-J,80,accept,D10:1,1,2025-04-24 07:34:00,20260106T061500Z-QE24M
L25-0338,E-0153,Z1.4-II-1.0-H,50,accept,D11:1,1,2025-04-24 10:07:00,20260106T061500Z-QE24M
L25-0307,E-0153,Z1.4-II-1.0-K,125,accept,,0,2025-04-25 11:49:00,20260106T061500Z-QE24M
L25-0309,E-0153,Z1.4-II-1.0-J,37,accept,,0,2025-04-25 08:19:00,20260106T061500Z-QE24M
L25-0337,E-0152,Z1.4-II-1.0-J,80,accept,,0,2025-04-25 12:34:00,20260106T061500Z-QE24M
L25-0328,E-0157,Z1.4-II-1.0-J,80,accept,,0,2025-04-28 12:55:00,20260106T061500Z-QE24M
L25-0339,E-0152,Z1.4-II-1.0-K,125,accept,,0,2025-04-28 12:22:00,20260106T061500Z-QE24M
L25-0341,E-0152,Z1.4-II-1.0-J,80,accept,,0,2025-04-28 12:51:00,20260106T061500Z-QE24M
L25-0320,E-0152,Z1.4-II-1.0-J,80,accept,,0,2025-04-29 11:42:00,20260106T061500Z-QE24M
L25-0345,E-0152,Z1.4-II-1.0-J,80,accept,D10:1,1,2025-04-29 09:50:00,20260106T061500Z-QE24M
L25-0365,E-0154,Z1.4-II-1.0-J,80,accept,D13:1,1,2025-04-29 09:23:00,20260106T061500Z-QE24M
L25-0331,E-0153,Z1.4-II-1.0-J,80,accept,,0,2025-04-30 11:03:00,20260106T061500Z-QE24M
L25-0344,E-0153,Z1.4-II-1.0-J,80,accept,,0,2025-04-30 08:44:00,20260106T061500Z-QE24M
L25-0355,E-0154,Z1.4-II-1.0-K,125,accept,D11:1,1,2025-04-30 07:07:00,20260106T061500Z-QE24M
L25-0314,E-0152,Z1.4-II-1.0-J,80,accept,,0,2025-05-01 09:43:00,20260106T061500Z-QE24M
L25-0321,E-0153,Z1.4-II-1.0-J,80,accept,,0,2025-05-01 12:16:00,20260106T061500Z-QE24M
L25-0323,E-0157,Z1.4-II-1.0-J,80,accept,,0,2025-05-01 12:34:00,20260106T061500Z-QE24M
L25-0326,E-0153,Z1.4-II-1.0-J,80,accept,D10:1,1,2025-05-01 14:36:00,20260106T061500Z-QE24M
L25-0330,E-0157,Z1.4-II-1.0-K,125,accept,,0,2025-05-01 12:24:00,20260106T061500Z-QE24M
L25-0343,E-0153,Z1.4-II-1.0-J,80,accept,,0,2025-05-01 13:24:00,20260106T061500Z-QE24M
L25-0363,E-0152,Z1.4-II-1.0-J,80,reject,D02:6,6,2025-05-01 07:51:00,20260106T061500Z-QE24M
L25-0364,E-0154,Z1.4-II-1.0-H,35,accept,,0,2025-05-01 13:02:00,20260106T061500Z-QE24M
L25-0335,E-0157,Z1.4-II-1.0-J,80,accept,D10:1,1,2025-05-02 14:59:00,20260106T061500Z-QE24M
L25-0350,E-0152,Z1.4-II-1.0-K,61,accept,D10:1,1,2025-05-02 14:02:00,20260106T061500Z-QE24M
L25-0351,E-0157,Z1.4-II-1.0-K,125,accept,,0,2025-05-02 08:14:00,20260106T061500Z-QE24M
L25-0352,E-0153,Z1.4-II-1.0-J,50,accept,,0,2025-05-02 13:05:00,20260106T061500Z-QE24M
L25-0368,E-0152,Z1.4-II-1.0-J,80,accept,,0,2025-05-02 09:32:00,20260106T061500Z-QE24M
L25-0393,E-0157,Z1.4-II-1.0-J,80,accept,,0,2025-05-02 13:27:00,20260106T061500Z-QE24M
L25-0319,E-0152,Z1.4-II-1.0-K,125,accept,D11:1,1,2025-05-05 08:38:00,20260106T061500Z-QE24M
L25-0346,E-0154,Z1.4-II-1.0-K,125,accept,D10:1,1,2025-05-05 13:26:00,20260106T061500Z-QE24M
L25-0357,E-0152,Z1.4-II-1.0-G,50,reject,D07:2,2,2025-05-05 07:36:00,20260106T061500Z-QE24M
L25-0362,E-0157,Z1.4-II-1.0-K,125,accept,,0,2025-05-05 12:08:00,20260106T061500Z-QE24M
L25-0391,E-0152,Z1.4-II-1.0-K,125,reject,D01:5,5,2025-05-05 08:14:00,20260106T061500Z-QE24M
L25-0325,E-0157,Z1.4-II-1.0-K,125,accept,,0,2025-05-06 13:11:00,20260106T061500Z-QE24M
L25-0374,E-0152,Z1.4-II-1.0-H,50,accept,D10:1,1,2025-05-06 10:55:00,20260106T061500Z-QE24M
L25-0380,E-0157,Z1.4-II-1.0-J,54,accept,D13:1,1,2025-05-06 12:26:00,20260106T061500Z-QE24M
L25-0322,E-0153,Z1.4-II-1.0-K,125,accept,D11:2,2,2025-05-07 09:21:00,20260106T061500Z-QE24M
L25-0353,E-0154,Z1.4-II-1.0-K,125,accept,,0,2025-05-07 13:31:00,20260106T061500Z-QE24M
L25-0359,E-0154,Z1.4-II-1.0-K,125,reject,D13:5,5,2025-05-07 07:41:00,20260106T061500Z-QE24M
L25-0382,E-0154,Z1.4-II-1.0-J,80,accept,,0,2025-05-07 10:09:00,20260106T061500Z-QE24M
L25-0387,E-0153,Z1.4-II-1.0-G,50,accept,,0,2025-05-07 07:53:00,20260106T061500Z-QE24M
L25-0397,E-0152,Z1.4-II-1.0-G,30,accept,,0,2025-05-07 11:55:00,20260106T061500Z-QE24M
L25-0347,E-0154,Z1.4-II-1.0-J,80,accept,,0,2025-05-08 13:44:00,20260106T061500Z-QE24M
L25-0366,E-0153,Z1.4-II-1.0-K,125,accept,,0,2025-05-08 10:09:00,20260106T061500Z-QE24M
L25-0377,E-0152,Z1.4-II-1.0-J,80,accept,D11:1,1,2025-05-08 12:56:00,20260106T061500Z-QE24M
L25-0354,E-0153,Z1.4-II-1.0-L,200,accept,,0,2025-05-09 13:30:00,20260106T061500Z-QE24M
L25-0361,E-0154,Z1.4-II-1.0-J,80,accept,D10:1,1,2025-05-09 07:09:00,20260106T061500Z-QE24M
L25-0371,E-0154,Z1.4-II-1.0-J,36,accept,,0,2025-05-09 14:55:00,20260106T061500Z-QE24M
L25-0378,E-0154,Z1.4-II-1.0-K,125,accept,,0,2025-05-09 14:29:00,20260106T061500Z-QE24M
L25-0385,E-0157,Z1.4-II-1.0-J,33,reject,D02:4,4,2025-05-09 10:17:00,20260106T061500Z-QE24M
L25-0390,E-0153,Z1.4-II-1.0-J,80,accept,,0,2025-05-09 11:26:00,20260106T061500Z-QE24M
L25-0392,E-0157,Z1.4-II-1.0-H,50,accept,,0,2025-05-09 14:11:00,20260106T061500Z-QE24M
L25-0349,E-0153,Z1.4-II-1.0-K,88,accept,,0,2025-05-12 14:25:00,20260106T061500Z-QE24M
L25-0356,E-0154,Z1.4-II-1.0-K,125,accept,,0,2025-05-12 13:32:00,20260106T061500Z-QE24M
L25-0372,E-0152,Z1.4-II-1.0-K,125,accept,D11:1,1,2025-05-12 10:02:00,20260106T061500Z-QE24M
L25-0388,E-0154,Z1.4-II-1.0-H,50,accept,D11:1,1,2025-05-12 08:51:00,20260106T061500Z-QE24M
L25-0395,E-0154,Z1.4-II-1.0-J,80,accept,,0,2025-05-12 10:15:00,20260106T061500Z-QE24M
L25-0408,E-0154,Z1.4-II-1.0-J,54,reject,D02:3,3,2025-05-12 08:56:00,20260106T061500Z-QE24M
L25-0383,E-0153,Z1.4-II-1.0-J,80,accept,,0,2025-05-13 07:29:00,20260106T061500Z-QE24M
L25-0386,E-0152,Z1.4-II-1.0-J,80,accept,,0,2025-05-13 07:16:00,20260106T061500Z-QE24M
L25-0398,E-0153,Z1.4-II-1.0-J,38,accept,,0,2025-05-13 07:55:00,20260106T061500Z-QE24M
L25-0400,E-0153,Z1.4-II-1.0-J,80,reject,D02:3,3,2025-05-13 09:36:00,20260106T061500Z-QE24M
L25-0360,E-0153,Z1.4-II-1.0-J,58,accept,D13:1,1,2025-05-14 11:06:00,20260106T061500Z-QE24M
L25-0370,E-0153,Z1.4-II-1.0-J,80,accept,D13:1,1,2025-05-14 10:44:00,20260106T061500Z-QE24M
L25-0375,E-0152,Z1.4-II-1.0-J,80,accept,,0,2025-05-14 07:50:00,20260106T061500Z-QE24M
L25-0404,E-0154,Z1.4-II-1.0-J,80,accept,D13:2,2,2025-05-14 11:28:00,20260106T061500Z-QE24M
L25-0409,E-0153,Z1.4-II-1.0-J,80,accept,,0,2025-05-14 07:15:00,20260106T061500Z-QE24M
L25-0358,E-0154,Z1.4-II-1.0-J,80,accept,,0,2025-05-15 10:57:00,20260106T061500Z-QE24M
L25-0369,E-0153,Z1.4-II-1.0-J,80,accept,,0,2025-05-16 12:40:00,20260106T061500Z-QE24M
L25-0396,E-0152,Z1.4-II-1.0-J,80,accept,,0,2025-05-16 11:09:00,20260106T061500Z-QE24M
L25-0399,E-0154,Z1.4-II-1.0-H,21,accept,,0,2025-05-16 12:39:00,20260106T061500Z-QE24M
L25-0373,E-0152,Z1.4-II-1.0-K,125,accept,,0,2025-05-19 07:27:00,20260106T061500Z-QE24M
L25-0376,E-0152,Z1.4-II-1.0-J,80,accept,D10:2,2,2025-05-19 07:46:00,20260106T061500Z-QE24M
L25-0394,E-0153,Z1.4-II-1.0-L,107,accept,D11:1,1,2025-05-19 12:20:00,20260106T061500Z-QE24M
L25-0401,E-0152,Z1.4-II-1.0-J,80,accept,,0,2025-05-19 14:03:00,20260106T061500Z-QE24M
L25-0384,E-0152,Z1.4-II-1.0-K,125,accept,,0,2025-05-20 12:15:00,20260106T061500Z-QE24M
L25-0410,E-0153,Z1.4-II-1.0-G,34,accept,,0,2025-05-20 14:47:00,20260106T061500Z-QE24M
L25-0426,E-0152,Z1.4-II-1.0-J,80,accept,D13:1,1,2025-05-20 07:57:00,20260106T061500Z-QE24M
L25-0441,E-0157,Z1.4-II-1.0-K,125,accept,D11:1,1,2025-05-20 11:14:00,20260106T061500Z-QE24M
L25-0381,E-0154,Z1.4-II-1.0-J,80,accept,D13:1,1,2025-05-21 07:50:00,20260106T061500Z-QE24M
L25-0407,E-0153,Z1.4-II-1.0-J,80,accept,,0,2025-05-21 08:53:00,20260106T061500Z-QE24M
L25-0411,E-0154,Z1.4-II-1.0-J,80,accept,D11:1,1,2025-05-21 07:09:00,20260106T061500Z-QE24M
L25-0414,E-0154,Z1.4-II-1.0-J,80,accept,,0,2025-05-21 12:51:00,20260106T061500Z-QE24M
L25-0367,E-0152,Z1.4-II-1.0-J,80,accept,,0,2025-05-22 13:00:00,20260106T061500Z-QE24M
L25-0379,E-0154,Z1.4-II-1.0-K,125,accept,,0,2025-05-22 13:59:00,20260106T061500Z-QE24M
L25-0403,E-0153,Z1.4-II-1.0-J,80,accept,D11:1,1,2025-05-22 09:06:00,20260106T061500Z-QE24M
L25-0405,E-0157,Z1.4-II-1.0-J,80,accept,,0,2025-05-22 10:41:00,20260106T061500Z-QE24M
L25-0412,E-0154,Z1.4-II-1.0-H,50,accept,,0,2025-05-22 14:40:00,20260106T061500Z-QE24M
L25-0422,E-0154,Z1.4-II-1.0-J,80,accept,,0,2025-05-23 12:07:00,20260106T061500Z-QE24M
L25-0415,E-0157,Z1.4-II-1.0-K,125,accept,,0,2025-05-26 08:12:00,20260106T061500Z-QE24M
L25-0418,E-0152,Z1.4-II-1.0-K,125,accept,D13:1,1,2025-05-26 13:37:00,20260106T061500Z-QE24M
L25-0423,E-0157,Z1.4-II-1.0-H,50,accept,,0,2025-05-26 09:04:00,20260106T061500Z-QE24M
L25-0425,E-0154,Z1.4-II-1.0-J,80,accept,D13:1,1,2025-05-26 07:03:00,20260106T061500Z-QE24M
L25-0402,E-0157,Z1.4-II-1.0-G,50,accept,,0,2025-05-28 08:48:00,20260106T061500Z-QE24M
L25-0413,E-0154,Z1.4-II-1.0-K,125,accept,D13:1,1,2025-05-28 12:42:00,20260106T061500Z-QE24M
L25-0416,E-0152,Z1.4-II-1.0-J,80,accept,,0,2025-05-28 08:39:00,20260106T061500Z-QE24M
L25-0433,E-0154,Z1.4-II-1.0-J,80,accept,D10:2,2,2025-05-28 08:48:00,20260106T061500Z-QE24M
L25-0435,E-0154,Z1.4-II-1.0-J,38,accept,D10:1,1,2025-05-28 09:56:00,20260106T061500Z-QE24M
L25-0438,E-0153,Z1.4-II-1.0-J,40,accept,,0,2025-05-28 14:53:00,20260106T061500Z-QE24M
L25-0389,E-0152,Z1.4-II-1.0-J,80,accept,D13:1,1,2025-05-29 12:01:00,20260106T061500Z-QE24M
L25-0419,E-0157,Z1.4-II-1.0-K,125,reject,D01:5,5,2025-05-29 10:56:00,20260106T061500Z-QE24M
L25-0421,E-0157,Z1.4-II-1.0-K,125,accept,D11:1,1,2025-05-29 12:51:00,20260106T061500Z-QE24M
L25-0442,E-0152,Z1.4-II-1.0-G,20,accept,,0,2025-05-29 14:40:00,20260106T061500Z-QE24M
L25-0437,E-0153,Z1.4-II-1.0-J,80,accept,D13:1,1,2025-05-30 13:28:00,20260106T061500Z-QE24M
L25-0449,E-0157,Z1.4-II-1.0-J,80,accept,D13:1,1,2025-05-30 14:11:00,20260106T061500Z-QE24M
L25-0450,E-0154,Z1.4-II-1.0-K,80,accept,,0,2025-05-30 13:11:00,20260106T061500Z-QE24M
L25-0406,E-0153,Z1.4-II-1.0-L,200,accept,,0,2025-06-02 07:43:00,20260106T061500Z-QE24M
L25-0432,E-0152,Z1.4-II-1.0-J,52,accept,,0,2025-06-02 14:50:00,20260106T061500Z-QE24M
L25-0443,E-0154,Z1.4-II-1.0-J,80,accept,D11:1,1,2025-06-02 07:51:00,20260106T061500Z-QE24M
L25-0444,E-0154,Z1.4-II-1.0-K,125,accept,,0,2025-06-02 12:45:00,20260106T061500Z-QE24M
L25-0446,E-0157,Z1.4-II-1.0-J,80,accept,,0,2025-06-02 11:11:00,20260106T061500Z-QE24M
L25-0448,E-0157,Z1.4-II-1.0-K,125,reject,D01:4,4,2025-06-02 12:01:00,20260106T061500Z-QE24M
L25-0424,E-0152,Z1.4-II-1.0-K,125,accept,D13:2,2,2025-06-03 07:44:00,20260106T061500Z-QE24M
L25-0427,E-0153,Z1.4-II-1.0-K,125,accept,,0,2025-06-03 10:00:00,20260106T061500Z-QE24M
L25-0428,E-0154,Z1.4-II-1.0-J,80,accept,D10:1,1,2025-06-03 12:50:00,20260106T061500Z-QE24M
L25-0434,E-0154,Z1.4-II-1.0-K,125,accept,,0,2025-06-03 13:27:00,20260106T061500Z-QE24M
L25-0440,E-0152,Z1.4-II-1.0-J,80,reject,D10:4,4,2025-06-03 10:58:00,20260106T061500Z-QE24M
L25-0451,E-0157,Z1.4-II-1.0-J,80,reject,D05:5,5,2025-06-03 14:58:00,20260106T061500Z-QE24M
L25-0429,E-0157,Z1.4-II-1.0-J,80,accept,D10:1,1,2025-06-05 07:04:00,20260106T061500Z-QE24M
L25-0436,E-0154,Z1.4-II-1.0-K,125,accept,D10:1,1,2025-06-05 07:26:00,20260106T061500Z-QE24M
L25-0447,E-0153,Z1.4-II-1.0-J,80,accept,D13:2,2,2025-06-05 09:16:00,20260106T061500Z-QE24M
L25-0475,E-0153,Z1.4-II-1.0-K,125,accept,,0,2025-06-05 09:47:00,20260106T061500Z-QE24M
L25-0417,E-0157,Z1.4-II-1.0-K,125,accept,D11:1,1,2025-06-06 11:26:00,20260106T061500Z-QE24M
L25-0459,E-0154,Z1.4-II-1.0-J,80,accept,D13:1,1,2025-06-06 07:36:00,20260106T061500Z-QE24M
L25-0472,E-0153,Z1.4-II-1.0-H,50,accept,,0,2025-06-06 08:08:00,20260106T061500Z-QE24M
L25-0420,E-0152,Z1.4-II-1.0-J,80,accept,,0,2025-06-09 10:55:00,20260106T061500Z-QE24M
L25-0445,E-0157,Z1.4-II-1.0-K,125,accept,,0,2025-06-09 12:32:00,20260106T061500Z-QE24M
L25-0464,E-0157,Z1.4-II-1.0-J,80,accept,D13:1,1,2025-06-09 14:05:00,20260106T061500Z-QE24M
L25-0466,E-0153,Z1.4-II-1.0-J,80,accept,,0,2025-06-09 14:15:00,20260106T061500Z-QE24M
L25-0467,E-0153,Z1.4-II-1.0-H,50,accept,,0,2025-06-09 09:36:00,20260106T061500Z-QE24M
L25-0473,E-0153,Z1.4-II-1.0-J,80,accept,,0,2025-06-09 14:51:00,20260106T061500Z-QE24M
L25-0431,E-0152,Z1.4-II-1.0-J,80,accept,,0,2025-06-10 11:28:00,20260106T061500Z-QE24M
L25-0468,E-0152,Z1.4-II-1.0-K,125,accept,,0,2025-06-10 08:36:00,20260106T061500Z-QE24M
L25-0474,E-0153,Z1.4-II-1.0-J,80,accept,,0,2025-06-10 07:10:00,20260106T061500Z-QE24M
L25-0430,E-0152,Z1.4-II-1.0-J,62,accept,,0,2025-06-11 07:57:00,20260106T061500Z-QE24M
L25-0452,E-0153,Z1.4-II-1.0-K,125,accept,D10:1,1,2025-06-11 10:20:00,20260106T061500Z-QE24M
L25-0457,E-0157,Z1.4-II-1.0-K,125,accept,,0,2025-06-11 09:55:00,20260106T061500Z-QE24M
L25-0461,E-0153,Z1.4-II-1.0-H,50,accept,,0,2025-06-11 07:48:00,20260106T061500Z-QE24M
L25-0469,E-0154,Z1.4-II-1.0-K,125,accept,D13:3,3,2025-06-11 11:28:00,20260106T061500Z-QE24M
L25-0477,E-0152,Z1.4-II-1.0-K,94,accept,D11:1,1,2025-06-11 12:23:00,20260106T061500Z-QE24M
L25-0439,E-0153,Z1.4-II-1.0-K,125,accept,D11:1,1,2025-06-12 13:31:00,20260106T061500Z-QE24M
L25-0453,E-0152,Z1.4-II-1.0-J,80,accept,D13:1,1,2025-06-12 08:43:00,20260106T061500Z-QE24M
L25-0456,E-0157,Z1.4-II-1.0-J,80,accept,,0,2025-06-12 09:28:00,20260106T061500Z-QE24M
L25-0463,E-0153,Z1.4-II-1.0-J,80,accept,,0,2025-06-12 09:54:00,20260106T061500Z-QE24M
L25-0465,E-0152,Z1.4-II-1.0-G,35,accept,D13:1,1,2025-06-12 12:48:00,20260106T061500Z-QE24M
L25-0471,E-0153,Z1.4-II-1.0-J,80,reject,D01:5,5,2025-06-16 14:22:00,20260106T061500Z-QE24M
L25-0479,E-0152,Z1.4-II-1.0-H,50,accept,D10:1,1,2025-06-16 14:11:00,20260106T061500Z-QE24M
L25-0481,E-0153,Z1.4-II-1.0-J,80,accept,,0,2025-06-16 09:00:00,20260106T061500Z-QE24M
L25-0482,E-0157,Z1.4-II-1.0-J,80,accept,,0,2025-06-16 09:22:00,20260106T061500Z-QE24M
L25-0501,E-0152,Z1.4-II-1.0-J,80,accept,,0,2025-06-16 13:57:00,20260106T061500Z-QE24M
L25-0511,E-0153,Z1.4-II-1.0-J,80,accept,,0,2025-06-16 10:09:00,20260106T061500Z-QE24M
L25-0462,E-0152,Z1.4-II-1.0-L,200,accept,,0,2025-06-17 08:43:00,20260106T061500Z-QE24M
L25-0486,E-0153,Z1.4-II-1.0-J,80,accept,,0,2025-06-18 08:18:00,20260106T061500Z-QE24M
L25-0454,E-0154,Z1.4-II-1.0-K,125,accept,,0,2025-06-19 14:50:00,20260106T061500Z-QE24M
L25-0476,E-0157,Z1.4-II-1.0-J,80,accept,,0,2025-06-19 12:01:00,20260106T061500Z-QE24M
L25-0483,E-0153,Z1.4-II-1.0-K,125,accept,,0,2025-06-19 09:37:00,20260106T061500Z-QE24M
L25-0485,E-0154,Z1.4-II-1.0-K,125,reject,D03:8,8,2025-06-19 10:11:00,20260106T061500Z-QE24M
L25-0490,E-0152,Z1.4-II-1.0-K,54,accept,,0,2025-06-19 09:32:00,20260106T061500Z-QE24M
L25-0498,E-0154,Z1.4-II-1.0-H,50,accept,,0,2025-06-19 13:24:00,20260106T061500Z-QE24M
L25-0507,E-0154,Z1.4-II-1.0-J,80,accept,D10:1,1,2025-06-19 07:16:00,20260106T061500Z-QE24M
L25-0458,E-0153,Z1.4-II-1.0-K,125,accept,,0,2025-06-20 10:17:00,20260106T061500Z-QE24M
L25-0484,E-0157,Z1.4-II-1.0-K,125,accept,,0,2025-06-20 11:52:00,20260106T061500Z-QE24M
L25-0502,E-0152,Z1.4-II-1.0-J,80,accept,,0,2025-06-20 08:46:00,20260106T061500Z-QE24M
L25-0504,E-0154,Z1.4-II-1.0-K,125,accept,D11:1,1,2025-06-20 13:22:00,20260106T061500Z-QE24M
L25-0460,E-0153,Z1.4-II-1.0-J,80,accept,D11:1,1,2025-06-23 10:50:00,20260106T061500Z-QE24M
L25-0503,E-0152,Z1.4-II-1.0-J,80,accept,,0,2025-06-23 12:25:00,20260106T061500Z-QE24M
L25-0509,E-0153,Z1.4-II-1.0-H,50,accept,D10:1,1,2025-06-23 14:43:00,20260106T061500Z-QE24M
L25-0480,E-0154,Z1.4-II-1.0-J,80,accept,,0,2025-06-24 11:30:00,20260106T061500Z-QE24M
L25-0506,E-0154,Z1.4-II-1.0-J,80,accept,,0,2025-06-24 14:34:00,20260106T061500Z-QE24M
L25-0517,E-0152,Z1.4-II-1.0-J,80,accept,,0,2025-06-24 09:24:00,20260106T061500Z-QE24M
L25-0455,E-0157,Z1.4-II-1.0-K,125,accept,,0,2025-06-25 07:35:00,20260106T061500Z-QE24M
L25-0470,E-0152,Z1.4-II-1.0-J,80,accept,,0,2025-06-25 09:05:00,20260106T061500Z-QE24M
L25-0478,E-0153,Z1.4-II-1.0-H,50,accept,,0,2025-06-25 12:23:00,20260106T061500Z-QE24M
L25-0488,E-0157,Z1.4-II-1.0-J,80,accept,D10:1,1,2025-06-25 07:19:00,20260106T061500Z-QE24M
L25-0494,E-0154,Z1.4-II-1.0-K,125,accept,,0,2025-06-25 12:58:00,20260106T061500Z-QE24M
L25-0515,E-0157,Z1.4-II-1.0-J,80,accept,D10:1,1,2025-06-25 07:51:00,20260106T061500Z-QE24M
L25-0516,E-0153,Z1.4-II-1.0-J,47,accept,,0,2025-06-25 09:07:00,20260106T061500Z-QE24M
L25-0522,E-0157,Z1.4-II-1.0-J,80,accept,,0,2025-06-25 09:05:00,20260106T061500Z-QE24M
L25-0489,E-0153,Z1.4-II-1.0-K,125,accept,,0,2025-06-26 09:50:00,20260106T061500Z-QE24M
L25-0492,E-0153,Z1.4-II-1.0-J,80,accept,,0,2025-06-26 10:35:00,20260106T061500Z-QE24M
L25-0499,E-0152,Z1.4-II-1.0-L,81,accept,,0,2025-06-26 12:55:00,20260106T061500Z-QE24M
L25-0500,E-0157,Z1.4-II-1.0-J,80,accept,D10:1,1,2025-06-26 14:13:00,20260106T061500Z-QE24M
L25-0508,E-0153,Z1.4-II-1.0-K,64,reject,D11:8,8,2025-06-26 11:29:00,20260106T061500Z-QE24M
L25-0520,E-0153,Z1.4-II-1.0-J,80,accept,D11:1,1,2025-06-26 13:11:00,20260106T061500Z-QE24M
L25-0524,E-0153,Z1.4-II-1.0-H,50,accept,D11:1,1,2025-06-26 12:58:00,20260106T061500Z-QE24M
L25-0526,E-0152,Z1.4-II-1.0-J,80,accept,D13:1,1,2025-06-26 08:42:00,20260106T061500Z-QE24M
L25-0487,E-0154,Z1.4-II-1.0-J,80,accept,D13:2,2,2025-06-30 07:53:00,20260106T061500Z-QE24M
L25-0493,E-0152,Z1.4-II-1.0-K,125,accept,D10:1,1,2025-06-30 11:50:00,20260106T061500Z-QE24M
L25-0497,E-0157,Z1.4-II-1.0-H,50,accept,,0,2025-06-30 09:02:00,20260106T061500Z-QE24M
L25-0514,E-0154,Z1.4-II-1.0-J,36,accept,D11:2,2,2025-06-30 08:28:00,20260106T061500Z-QE24M
L25-0527,E-0157,Z1.4-II-1.0-H,50,accept,D13:1,1,2025-06-30 14:10:00,20260106T061500Z-QE24M
L25-0528,E-0153,Z1.4-II-1.0-J,80,reject,D01:4,4,2025-06-30 07:59:00,20260106T061500Z-QE24M
L25-0496,E-0153,Z1.4-II-1.0-K,68,accept,,0,2025-07-01 13:35:00,20260106T061500Z-QE24M
L25-0519,E-0153,Z1.4-II-1.0-K,125,accept,D13:1,1,2025-07-01 13:38:00,20260106T061500Z-QE24M
L25-0537,E-0152,Z1.4-II-1.0-J,49,accept,,0,2025-07-01 07:45:00,20260106T061500Z-QE24M
L25-0495,E-0157,Z1.4-II-1.0-K,125,accept,,0,2025-07-02 08:04:00,20260106T061500Z-QE24M
L25-0505,E-0153,Z1.4-II-1.0-J,80,accept,,0,2025-07-02 09:53:00,20260106T061500Z-QE24M
L25-0521,E-0153,Z1.4-II-1.0-K,125,accept,D13:2,2,2025-07-02 09:31:00,20260106T061500Z-QE24M
L25-0523,E-0157,Z1.4-II-1.0-J,80,accept,,0,2025-07-02 07:35:00,20260106T061500Z-QE24M
L25-0533,E-0154,Z1.4-II-1.0-K,65,accept,,0,2025-07-02 09:30:00,20260106T061500Z-QE24M
L25-0513,E-0152,Z1.4-II-1.0-K,125,accept,,0,2025-07-03 11:16:00,20260106T061500Z-QE24M
L25-0535,E-0157,Z1.4-II-1.0-J,80,accept,,0,2025-07-03 14:28:00,20260106T061500Z-QE24M
L25-0545,E-0152,Z1.4-II-1.0-J,80,accept,,0,2025-07-03 11:05:00,20260106T061500Z-QE24M
L25-0536,E-0157,Z1.4-II-1.0-J,80,accept,D10:1,1,2025-07-07 13:55:00,20260106T061500Z-QE24M
L25-0543,E-0157,Z1.4-II-1.0-J,80,accept,D10:1,1,2025-07-07 10:49:00,20260106T061500Z-QE24M
L25-0544,E-0154,Z1.4-II-1.0-K,125,accept,D11:1,1,2025-07-07 11:39:00,20260106T061500Z-QE24M
L25-0546,E-0152,Z1.4-II-1.0-J,80,accept,,0,2025-07-07 12:10:00,20260106T061500Z-QE24M
L25-0552,E-0152,Z1.4-II-1.0-J,80,reject,D06:4,4,2025-07-07 08:42:00,20260106T061500Z-QE24M
L25-0558,E-0153,Z1.4-II-1.0-K,125,accept,,0,2025-07-07 10:14:00,20260106T061500Z-QE24M
L25-0539,E-0153,Z1.4-II-1.0-J,80,accept,,0,2025-07-08 09:32:00,20260106T061500Z-QE24M
L25-0541,E-0153,Z1.4-II-1.0-J,80,accept,D11:1,1,2025-07-08 07:47:00,20260106T061500Z-QE24M
L25-0542,E-0157,Z1.4-II-1.0-J,52,accept,,0,2025-07-08 08:30:00,20260106T061500Z-QE24M
L25-0548,E-0152,Z1.4-II-1.0-J,80,reject,D10:4,4,2025-07-08 13:07:00,20260106T061500Z-QE24M
L25-0550,E-0154,Z1.4-II-1.0-K,125,accept,,0,2025-07-08 08:03:00,20260106T061500Z-QE24M
L25-0566,E-0153,Z1.4-II-1.0-K,125,accept,,0,2025-07-08 07:50:00,20260106T061500Z-QE24M
L25-0570,E-0154,Z1.4-II-1.0-G,50,accept,,0,2025-07-08 10:01:00,20260106T061500Z-QE24M
L25-0491,E-0154,Z1.4-II-1.0-K,125,accept,,0,2025-07-09 08:58:00,20260106T061500Z-QE24M
L25-0538,E-0153,Z1.4-II-1.0-K,125,accept,D11:2,2,2025-07-09 13:04:00,20260106T061500Z-QE24M
L25-0557,E-0157,Z1.4-II-1.0-J,80,accept,,0,2025-07-09 13:02:00,20260106T061500Z-QE24M
L25-0563,E-0152,Z1.4-II-1.0-J,80,accept,,0,2025-07-09 14:55:00,20260106T061500Z-QE24M
L25-0512,E-0157,Z1.4-II-1.0-J,80,accept,D11:1,1,2025-07-10 07:16:00,20260106T061500Z-QE24M
L25-0525,E-0152,Z1.4-II-1.0-J,80,accept,,0,2025-07-10 14:03:00,20260106T061500Z-QE24M
L25-0531,E-0154,Z1.4-II-1.0-J,80,accept,,0,2025-07-10 11:31:00,20260106T061500Z-QE24M
L25-0540,E-0152,Z1.4-II-1.0-J,80,accept,,0,2025-07-10 14:18:00,20260106T061500Z-QE24M
L25-0547,E-0153,Z1.4-II-1.0-G,50,accept,,0,2025-07-10 14:21:00,20260106T061500Z-QE24M
L25-0565,E-0157,Z1.4-II-1.0-J,80,accept,,0,2025-07-10 13:46:00,20260106T061500Z-QE24M
L25-0567,E-0152,Z1.4-II-1.0-J,80,accept,,0,2025-07-10 10:42:00,20260106T061500Z-QE24M
L25-0569,E-0153,Z1.4-II-1.0-H,37,accept,,0,2025-07-10 08:21:00,20260106T061500Z-QE24M
L25-0534,E-0153,Z1.4-II-1.0-K,125,accept,,0,2025-07-11 13:55:00,20260106T061500Z-QE24M
L25-0510,E-0153,Z1.4-II-1.0-K,125,accept,,0,2025-07-14 09:59:00,20260106T061500Z-QE24M
L25-0530,E-0157,Z1.4-II-1.0-J,52,accept,,0,2025-07-14 14:54:00,20260106T061500Z-QE24M
L25-0553,E-0153,Z1.4-II-1.0-K,125,accept,,0,2025-07-14 08:07:00,20260106T061500Z-QE24M
L25-0580,E-0152,Z1.4-II-1.0-H,50,reject,D01:2,2,2025-07-14 12:49:00,20260106T061500Z-QE24M
L25-0618,E-0153,Z1.4-II-1.0-H,50,accept,,0,2025-07-14 12:03:00,20260106T061500Z-QE24M
L25-0518,E-0154,Z1.4-II-1.0-J,80,accept,D11:1,1,2025-07-15 12:34:00,20260106T061500Z-QE24M
L25-0554,E-0157,Z1.4-II-1.0-J,80,reject,D02:4,4,2025-07-15 09:08:00,20260106T061500Z-QE24M
L25-0551,E-0153,Z1.4-II-1.0-J,80,accept,D10:2,2,2025-07-16 09:16:00,20260106T061500Z-QE24M
L25-0560,E-0152,Z1.4-II-1.0-K,125,accept,D10:1,1,2025-07-16 08:47:00,20260106T061500Z-QE24M
L25-0578,E-0157,Z1.4-II-1.0-J,80,accept,,0,2025-07-16 09:39:00,20260106T061500Z-QE24M
L25-0579,E-0157,Z1.4-II-1.0-J,80,reject,D07:3,3,2025-07-16 10:43:00,20260106T061500Z-QE24M
L25-0593,E-0153,Z1.4-II-1.0-J,80,accept,,0,2025-07-16 09:10:00,20260106T061500Z-QE24M
L25-0600,E-0157,Z1.4-II-1.0-J,80,accept,,0,2025-07-16 09:20:00,20260106T061500Z-QE24M
L25-0549,E-0154,Z1.4-II-1.0-J,52,accept,,0,2025-07-17 11:12:00,20260106T061500Z-QE24M
L25-0574,E-0157,Z1.4-II-1.0-J,80,accept,,0,2025-07-17 10:07:00,20260106T061500Z-QE24M
L25-0576,E-0152,Z1.4-II-1.0-J,80,accept,,0,2025-07-17 13:49:00,20260106T061500Z-QE24M
L25-0585,E-0154,Z1.4-II-1.0-G,50,accept,,0,2025-07-17 10:07:00,20260106T061500Z-QE24M
L25-0589,E-0154,Z1.4-II-1.0-K,77,accept,,0,2025-07-18 13:37:00,20260106T061500Z-QE24M
L25-0594,E-0157,Z1.4-II-1.0-K,125,accept,,0,2025-07-18 11:56:00,20260106T061500Z-QE24M
L25-0641,E-0154,Z1.4-II-1.0-J,80,accept,D11:1,1,2025-07-18 13:33:00,20260106T061500Z-QE24M
L25-0529,E-0152,Z1.4-II-1.0-K,125,accept,D13:1,1,2025-07-21 13:00:00,20260106T061500Z-QE24M
L25-0556,E-0153,Z1.4-II-1.0-J,80,accept,,0,2025-07-21 10:22:00,20260106T061500Z-QE24M
L25-0571,E-0152,Z1.4-II-1.0-K,69,accept,D10:1,1,2025-07-21 11:28:00,20260106T061500Z-QE24M
L25-0583,E-0153,Z1.4-II-1.0-K,125,accept,,0,2025-07-21 07:54:00,20260106T061500Z-QE24M
L25-0588,E-0157,Z1.4-II-1.0-J,80,accept,,0,2025-07-21 08:12:00,20260106T061500Z-QE24M
L25-0592,E-0157,Z1.4-II-1.0-J,80,accept,,0,2025-07-21 09:57:00,20260106T061500Z-QE24M
L25-0599,E-0157,Z1.4-II-1.0-J,80,accept,,0,2025-07-21 09:04:00,20260106T061500Z-QE24M
L25-0555,E-0153,Z1.4-II-1.0-K,125,accept,,0,2025-07-22 14:31:00,20260106T061500Z-QE24M
L25-0575,E-0152,Z1.4-II-1.0-K,125,accept,,0,2025-07-22 10:23:00,20260106T061500Z-QE24M
L25-0577,E-0152,Z1.4-II-1.0-K,125,accept,D11:1,1,2025-07-22 12:50:00,20260106T061500Z-QE24M
L25-0597,E-0157,Z1.4-II-1.0-J,80,accept,,0,2025-07-22 14:12:00,20260106T061500Z-QE24M
L25-0607,E-0154,Z1.4-II-1.0-J,80,accept,,0,2025-07-22 09:55:00,20260106T061500Z-QE24M
L25-0562,E-0152,Z1.4-II-1.0-J,80,accept,,0,2025-07-23 11:29:00,20260106T061500Z-QE24M
L25-0573,E-0152,Z1.4-II-1.0-K,125,accept,,0,2025-07-23 08:50:00,20260106T061500Z-QE24M
L25-0586,E-0157,Z1.4-II-1.0-K,125,accept,D11:1,1,2025-07-23 13:15:00,20260106T061500Z-QE24M
L25-0590,E-0152,Z1.4-II-1.0-J,80,accept,,0,2025-07-23 12:54:00,20260106T061500Z-QE24M
L25-0605,E-0153,Z1.4-II-1.0-J,80,accept,,0,2025-07-23 09:04:00,20260106T061500Z-QE24M
L25-0622,E-0154,Z1.4-II-1.0-J,80,accept,,0,2025-07-23 14:13:00,20260106T061500Z-QE24M
L25-0627,E-0152,Z1.4-II-1.0-J,80,accept,,0,2025-07-23 07:18:00,20260106T061500Z-QE24M
L25-0532,E-0152,Z1.4-II-1.0-L,200,accept,,0,2025-07-24 10:31:00,20260106T061500Z-QE24M
L25-0561,E-0152,Z1.4-II-1.0-J,80,accept,,0,2025-07-24 08:26:00,20260106T061500Z-QE24M
L25-0564,E-0157,Z1.4-II-1.0-K,125,accept,,0,2025-07-24 11:00:00,20260106T061500Z-QE24M
L25-0584,E-0157,Z1.4-II-1.0-J,80,accept,D13:1,1,2025-07-24 12:08:00,20260106T061500Z-QE24M
L25-0587,E-0153,Z1.4-II-1.0-K,125,accept,,0,2025-07-24 09:29:00,20260106T061500Z-QE24M
L25-0603,E-0154,Z1.4-II-1.0-H,50,reject,D03:3,3,2025-07-24 08:33:00,20260106T061500Z-QE24M
L25-0608,E-0154,Z1.4-II-1.0-J,80,accept,D11:1,1,2025-07-24 14:55:00,20260106T061500Z-QE24M
L25-0613,E-0157,Z1.4-II-1.0-G,50,accept,,0,2025-07-24 07:31:00,20260106T061500Z-QE24M
L25-0616,E-0154,Z1.4-II-1.0-J,80,accept,,0,2025-07-24 13:00:00,20260106T061500Z-QE24M
L25-0621,E-0157,Z1.4-II-1.0-J,80,accept,,0,2025-07-24 09:08:00,20260106T061500Z-QE24M
L25-0630,E-0154,Z1.4-II-1.0-K,125,accept,,0,2025-07-24 09:11:00,20260106T061500Z-QE24M
L25-0568,E-0152,Z1.4-II-1.0-K,125,accept,,0,2025-07-25 14:09:00,20260106T061500Z-QE24M
L25-0601,E-0157,Z1.4-II-1.0-K,125,accept,D10:1,1,2025-07-25 10:22:00,20260106T061500Z-QE24M
L25-0615,E-0153,Z1.4-II-1.0-J,80,accept,,0,2025-07-25 08:33:00,20260106T061500Z-QE24M
L25-0636,E-0152,Z1.4-II-1.0-J,80,accept,,0,2025-07-25 09:22:00,20260106T061500Z-QE24M
L25-0660,E-0152,Z1.4-II-1.0-J,80,accept,D11:1,1,2025-07-25 09:20:00,20260106T061500Z-QE24M
L25-0559,E-0152,Z1.4-II-1.0-K,55,accept,,0,2025-07-28 08:09:00,20260106T061500Z-QE24M
L25-0581,E-0153,Z1.4-II-1.0-H,27,accept,D11:1,1,2025-07-28 07:09:00,20260106T061500Z-QE24M
L25-0582,E-0157,Z1.4-II-1.0-H,50,accept,,0,2025-07-28 11:20:00,20260106T061500Z-QE24M
L25-0598,E-0152,Z1.4-II-1.0-J,80,accept,D10:1,1,2025-07-28 09:05:00,20260106T061500Z-QE24M
L25-0604,E-0152,Z1.4-II-1.0-J,80,accept,D13:1,1,2025-07-28 09:28:00,20260106T061500Z-QE24M
L25-0610,E-0157,Z1.4-II-1.0-H,50,accept,D13:1,1,2025-07-28 07:27:00,20260106T061500Z-QE24M
L25-0626,E-0157,Z1.4-II-1.0-J,80,accept,,0,2025-07-28 13:59:00,20260106T061500Z-QE24M
L25-0633,E-0153,Z1.4-II-1.0-J,80,accept,D13:1,1,2025-07-28 12:17:00,20260106T061500Z-QE24M
L25-0656,E-0157,Z1.4-II-1.0-K,125,accept,,0,2025-07-28 12:03:00,20260106T061500Z-QE24M
L25-0658,E-0154,Z1.4-II-1.0-J,80,accept,,0,2025-07-28 09:28:00,20260106T061500Z-QE24M
L25-0572,E-0157,Z1.4-II-1.0-K,125,reject,D11:6,6,2025-07-29 11:35:00,20260106T061500Z-QE24M
L25-0591,E-0152,Z1.4-II-1.0-K,125,reject,D11:4,4,2025-07-29 08:51:00,20260106T061500Z-QE24M
L25-0619,E-0153,Z1.4-II-1.0-J,80,accept,,0,2025-07-29 14:12:00,20260106T061500Z-QE24M
L25-0634,E-0153,Z1.4-II-1.0-K,125,accept,,0,2025-07-29 08:04:00,20260106T061500Z-QE24M
L25-0635,E-0157,Z1.4-II-1.0-J,58,accept,,0,2025-07-29 09:30:00,20260106T061500Z-QE24M
L25-0632,E-0154,Z1.4-II-1.0-J,80,reject,D13:4,4,2025-07-30 14:15:00,20260106T061500Z-QE24M
L25-0596,E-0152,Z1.4-II-1.0-K,125,accept,,0,2025-07-31 07:22:00,20260106T061500Z-QE24M
L25-0611,E-0154,Z1.4-II-1.0-K,125,accept,,0,2025-07-31 07:59:00,20260106T061500Z-QE24M
L25-0614,E-0152,Z1.4-II-1.0-J,80,accept,,0,2025-07-31 08:25:00,20260106T061500Z-QE24M
L25-0637,E-0154,Z1.4-II-1.0-J,80,accept,,0,2025-07-31 09:35:00,20260106T061500Z-QE24M
L25-0609,E-0153,Z1.4-II-1.0-J,80,accept,,0,2025-08-01 07:16:00,20260106T061500Z-QE24M
L25-0643,E-0153,Z1.4-II-1.0-J,80,accept,D11:1,1,2025-08-01 10:00:00,20260106T061500Z-QE24M
L25-0644,E-0153,Z1.4-II-1.0-J,80,accept,,0,2025-08-01 11:45:00,20260106T061500Z-QE24M
L25-0654,E-0157,Z1.4-II-1.0-J,80,accept,,0,2025-08-01 11:08:00,20260106T061500Z-QE24M
L25-0657,E-0152,Z1.4-II-1.0-J,80,accept,,0,2025-08-01 11:05:00,20260106T061500Z-QE24M
L25-0595,E-0152,Z1.4-II-1.0-G,50,accept,,0,2025-08-04 07:02:00,20260106T061500Z-QE24M
L25-0623,E-0152,Z1.4-II-1.0-K,125,accept,,0,2025-08-04 12:07:00,20260106T061500Z-QE24M
L25-0631,E-0152,Z1.4-II-1.0-K,125,accept,,0,2025-08-04 08:56:00,20260106T061500Z-QE24M
L25-0638,E-0152,Z1.4-II-1.0-K,125,accept,,0,2025-08-04 07:53:00,20260106T061500Z-QE24M
L25-0639,E-0157,Z1.4-II-1.0-J,80,accept,D10:1,1,2025-08-04 08:43:00,20260106T061500Z-QE24M
L25-0645,E-0154,Z1.4-II-1.0-J,80,accept,,0,2025-08-04 12:16:00,20260106T061500Z-QE24M
L25-0663,E-0152,Z1.4-II-1.0-J,80,accept,,0,2025-08-04 08:00:00,20260106T061500Z-QE24M
L25-0651,E-0153,Z1.4-II-1.0-J,80,reject,D04:4,4,2025-08-05 13:23:00,20260106T061500Z-QE24M
L25-0662,E-0153,Z1.4-II-1.0-J,80,accept,,0,2025-08-05 08:42:00,20260106T061500Z-QE24M
L25-0672,E-0153,Z1.4-II-1.0-J,80,accept,,0,2025-08-05 12:20:00,20260106T061500Z-QE24M
L25-0612,E-0154,Z1.4-II-1.0-L,200,accept,,0,2025-08-06 08:54:00,20260106T061500Z-QE24M
L25-0617,E-0154,Z1.4-II-1.0-K,99,accept,,0,2025-08-06 11:27:00,20260106T061500Z-QE24M
L25-0648,E-0152,Z1.4-II-1.0-H,50,accept,,0,2025-08-06 10:27:00,20260106T061500Z-QE24M
L25-0649,E-0153,Z1.4-II-1.0-J,80,accept,,0,2025-08-06 14:10:00,20260106T061500Z-QE24M
L25-0655,E-0157,Z1.4-II-1.0-J,80,accept,,0,2025-08-06 13:19:00,20260106T061500Z-QE24M
L25-0659,E-0154,Z1.4-II-1.0-K,125,accept,D11:1,1,2025-08-06 10:41:00,20260106T061500Z-QE24M
L25-0664,E-0153,Z1.4-II-1.0-J,80,accept,,0,2025-08-06 12:55:00,20260106T061500Z-QE24M
L25-0675,E-0152,Z1.4-II-1.0-H,21,accept,D13:1,1,2025-08-06 14:22:00,20260106T061500Z-QE24M
L25-0676,E-0157,Z1.4-II-1.0-H,50,accept,D10:1,1,2025-08-06 09:12:00,20260106T061500Z-QE24M
L25-0602,E-0154,Z1.4-II-1.0-K,125,reject,D13:5,5,2025-08-07 09:08:00,20260106T061500Z-QE24M
L25-0640,E-0152,Z1.4-II-1.0-J,49,accept,,0,2025-08-07 13:26:00,20260106T061500Z-QE24M
L25-0653,E-0153,Z1.4-II-1.0-J,80,reject,D01:3,3,2025-08-07 14:26:00,20260106T061500Z-QE24M
L25-0668,E-0157,Z1.4-II-1.0-J,80,accept,D13:1,1,2025-08-07 11:49:00,20260106T061500Z-QE24M
L25-0687,E-0152,Z1.4-II-1.0-J,40,accept,,0,2025-08-07 14:23:00,20260106T061500Z-QE24M
L25-0606,E-0152,Z1.4-II-1.0-K,125,accept,,0,2025-08-08 09:08:00,20260106T061500Z-QE24M
L25-0642,E-0157,Z1.4-II-1.0-J,80,accept,,0,2025-08-08 07:03:00,20260106T061500Z-QE24M
L25-0646,E-0152,Z1.4-II-1.0-K,125,accept,D10:2,2,2025-08-08 14:45:00,20260106T061500Z-QE24M
L25-0665,E-0154,Z1.4-II-1.0-H,50,accept,,0,2025-08-08 14:47:00,20260106T061500Z-QE24M
L25-0680,E-0152,Z1.4-II-1.0-H,50,accept,,0,2025-08-08 10:25:00,20260106T061500Z-QE24M
L25-0682,E-0157,Z1.4-II-1.0-J,80,accept,,0,2025-08-08 13:31:00,20260106T061500Z-QE24M
L25-0620,E-0152,Z1.4-II-1.0-J,80,accept,D13:1,1,2025-08-11 07:39:00,20260106T061500Z-QE24M
L25-0624,E-0154,Z1.4-II-1.0-L,200,accept,,0,2025-08-11 13:46:00,20260106T061500Z-QE24M
L25-0647,E-0154,Z1.4-II-1.0-J,80,accept,,0,2025-08-11 11:16:00,20260106T061500Z-QE24M
L25-0652,E-0157,Z1.4-II-1.0-K,125,accept,D11:2,2,2025-08-11 07:10:00,20260106T061500Z-QE24M
L25-0670,E-0154,Z1.4-II-1.0-K,125,accept,,0,2025-08-11 08:21:00,20260106T061500Z-QE24M
L25-0671,E-0152,Z1.4-II-1.0-H,24,accept,,0,2025-08-11 10:38:00,20260106T061500Z-QE24M
L25-0673,E-0152,Z1.4-II-1.0-J,80,accept,D13:2,2,2025-08-11 13:15:00,20260106T061500Z-QE24M
L25-0674,E-0152,Z1.4-II-1.0-J,80,accept,,0,2025-08-11 10:58:00,20260106T061500Z-QE24M
L25-0678,E-0153,Z1.4-II-1.0-H,50,accept,,0,2025-08-11 07:56:00,20260106T061500Z-QE24M
L25-0681,E-0154,Z1.4-II-1.0-J,80,accept,,0,2025-08-11 12:27:00,20260106T061500Z-QE24M
L25-0683,E-0157,Z1.4-II-1.0-H,50,reject,D10:2,2,2025-08-11 12:29:00,20260106T061500Z-QE24M
L25-0686,E-0152,Z1.4-II-1.0-J,80,accept,D10:1,1,2025-08-11 07:04:00,20260106T061500Z-QE24M
L25-0650,E-0154,Z1.4-II-1.0-K,72,accept,D11:2,2,2025-08-12 10:48:00,20260106T061500Z-QE24M
L25-0677,E-0154,Z1.4-II-1.0-J,80,reject,D11:4,4,2025-08-12 13:26:00,20260106T061500Z-QE24M
L25-0679,E-0152,Z1.4-II-1.0-K,125,accept,,0,2025-08-12 09:06:00,20260106T061500Z-QE24M
L25-0689,E-0152,Z1.4-II-1.0-K,94,accept,D10:1,1,2025-08-12 13:14:00,20260106T061500Z-QE24M
L25-0704,E-0153,Z1.4-II-1.0-J,80,accept,,0,2025-08-12 09:02:00,20260106T061500Z-QE24M
L25-0705,E-0152,Z1.4-II-1.0-G,50,accept,,0,2025-08-12 10:54:00,20260106T061500Z-QE24M
L25-0692,E-0152,Z1.4-II-1.0-J,80,reject,D01:4,4,2025-08-13 08:53:00,20260106T061500Z-QE24M
L25-0693,E-0152,Z1.4-II-1.0-J,80,accept,D13:1,1,2025-08-13 14:21:00,20260106T061500Z-QE24M
L25-0628,E-0152,Z1.4-II-1.0-K,125,accept,,0,2025-08-14 14:30:00,20260106T061500Z-QE24M
L25-0629,E-0157,Z1.4-II-1.0-J,80,accept,,0,2025-08-14 13:28:00,20260106T061500Z-QE24M
L25-0669,E-0152,Z1.4-II-1.0-J,80,accept,,0,2025-08-14 14:35:00,20260106T061500Z-QE24M
L25-0688,E-0153,Z1.4-II-1.0-J,80,accept,,0,2025-08-14 12:46:00,20260106T061500Z-QE24M
L25-0698,E-0154,Z1.4-II-1.0-J,80,accept,,0,2025-08-14 12:57:00,20260106T061500Z-QE24M
L25-0720,E-0157,Z1.4-II-1.0-J,80,accept,D13:1,1,2025-08-14 07:10:00,20260106T061500Z-QE24M
L25-0685,E-0153,Z1.4-II-1.0-H,50,accept,,0,2025-08-15 14:07:00,20260106T061500Z-QE24M
L25-0710,E-0154,Z1.4-II-1.0-J,80,accept,,0,2025-08-15 11:56:00,20260106T061500Z-QE24M
L25-0625,E-0157,Z1.4-II-1.0-L,200,reject,D02:7,7,2025-08-18 10:45:00,20260106T061500Z-QE24M
L25-0684,E-0152,Z1.4-II-1.0-J,80,reject,D10:3,3,2025-08-18 08:19:00,20260106T061500Z-QE24M
L25-0695,E-0157,Z1.4-II-1.0-J,80,accept,,0,2025-08-18 13:47:00,20260106T061500Z-QE24M
L25-0697,E-0157,Z1.4-II-1.0-J,80,accept,,0,2025-08-18 14:14:00,20260106T061500Z-QE24M
L25-0702,E-0152,Z1.4-II-1.0-K,125,accept,,0,2025-08-18 13:21:00,20260106T061500Z-QE24M
L25-0708,E-0152,Z1.4-II-1.0-J,80,accept,,0,2025-08-18 11:53:00,20260106T061500Z-QE24M
L25-0709,E-0154,Z1.4-II-1.0-H,50,accept,,0,2025-08-18 07:27:00,20260106T061500Z-QE24M
L25-0713,E-0154,Z1.4-II-1.0-J,50,accept,D10:1,1,2025-08-18 14:25:00,20260106T061500Z-QE24M
L25-0714,E-0154,Z1.4-II-1.0-J,80,reject,D13:4,4,2025-08-18 09:02:00,20260106T061500Z-QE24M
L25-0722,E-0153,Z1.4-II-1.0-J,80,accept,D13:2,2,2025-08-18 08:51:00,20260106T061500Z-QE24M
L25-0690,E-0157,Z1.4-II-1.0-K,125,accept,,0,2025-08-19 07:00:00,20260106T061500Z-QE24M
L25-0703,E-0154,Z1.4-II-1.0-K,125,accept,,0,2025-08-19 14:09:00,20260106T061500Z-QE24M
L25-0716,E-0153,Z1.4-II-1.0-H,50,accept,D13:1,1,2025-08-19 14:12:00,20260106T061500Z-QE24M
L25-0726,E-0157,Z1.4-II-1.0-H,50,accept,,0,2025-08-19 09:37:00,20260106T061500Z-QE24M
L25-0661,E-0152,Z1.4-II-1.0-K,125,accept,D10:2,2,2025-08-20 13:36:00,20260106T061500Z-QE24M
L25-0691,E-0154,Z1.4-II-1.0-J,80,accept,,0,2025-08-20 07:26:00,20260106T061500Z-QE24M
L25-0694,E-0154,Z1.4-II-1.0-H,50,accept,,0,2025-08-20 08:30:00,20260106T061500Z-QE24M
L25-0712,E-0154,Z1.4-II-1.0-K,125,accept,,0,2025-08-20 11:24:00,20260106T061500Z-QE24M
L25-0730,E-0154,Z1.4-II-1.0-J,80,accept,,0,2025-08-20 12:06:00,20260106T061500Z-QE24M
L25-0667,E-0152,Z1.4-II-1.0-K,125,accept,,0,2025-08-21 07:46:00,20260106T061500Z-QE24M
L25-0717,E-0153,Z1.4-II-1.0-K,57,accept,D10:1,1,2025-08-21 12:15:00,20260106T061500Z-QE24M
L25-0738,E-0153,Z1.4-II-1.0-J,80,accept,D10:1,1,2025-08-21 08:41:00,20260106T061500Z-QE24M
L25-0743,E-0154,Z1.4-II-1.0-J,80,accept,D10:1,1,2025-08-21 13:30:00,20260106T061500Z-QE24M
L25-0745,E-0153,Z1.4-II-1.0-K,125,accept,,0,2025-08-21 14:57:00,20260106T061500Z-QE24M
L25-0666,E-0157,Z1.4-II-1.0-J,80,accept,,0,2025-08-22 13:22:00,20260106T061500Z-QE24M
L25-0715,E-0152,Z1.4-II-1.0-K,125,accept,,0,2025-08-22 14:44:00,20260106T061500Z-QE24M
L25-0724,E-0152,Z1.4-II-1.0-J,80,accept,,0,2025-08-22 09:27:00,20260106T061500Z-QE24M
L25-0735,E-0152,Z1.4-II-1.0-J,80,accept,,0,2025-08-22 12:12:00,20260106T061500Z-QE24M
L25-0737,E-0153,Z1.4-II-1.0-K,125,accept,D11:2,2,2025-08-22 11:55:00,20260106T061500Z-QE24M
L25-0701,E-0153,Z1.4-II-1.0-G,50,accept,,0,2025-08-25 14:41:00,20260106T061500Z-QE24M
L25-0707,E-0157,Z1.4-II-1.0-J,80,accept,,0,2025-08-25 11:28:00,20260106T061500Z-QE24M
L25-0729,E-0153,Z1.4-II-1.0-J,80,reject,D02:5,5,2025-08-25 08:57:00,20260106T061500Z-QE24M
L25-0736,E-0152,Z1.4-II-1.0-J,80,accept,,0,2025-08-25 09:12:00,20260106T061500Z-QE24M
L25-0740,E-0157,Z1.4-II-1.0-H,50,accept,,0,2025-08-25 11:44:00,20260106T061500Z-QE24M
L25-0744,E-0154,Z1.4-II-1.0-K,125,accept,D13:3,3,2025-08-25 10:08:00,20260106T061500Z-QE24M
L25-0751,E-0154,Z1.4-II-1.0-J,80,accept,,0,2025-08-25 08:58:00,20260106T061500Z-QE24M
L25-0700,E-0152,Z1.4-II-1.0-L,200,accept,,0,2025-08-26 14:56:00,20260106T061500Z-QE24M
L25-0725,E-0154,Z1.4-II-1.0-J,80,accept,,0,2025-08-26 14:20:00,20260106T061500Z-QE24M
L25-0746,E-0157,Z1.4-II-1.0-G,50,accept,,0,2025-08-26 09:34:00,20260106T061500Z-QE24M
L25-0699,E-0157,Z1.4-II-1.0-K,80,accept,,0,2025-08-27 12:36:00,20260106T061500Z-QE24M
L25-0711,E-0157,Z1.4-II-1.0-J,37,accept,D13:1,1,2025-08-27 14:40:00,20260106T061500Z-QE24M
L25-0718,E-0157,Z1.4-II-1.0-L,200,accept,,0,2025-08-27 09:11:00,20260106T061500Z-QE24M
L25-0719,E-0153,Z1.4-II-1.0-J,80,accept,D10:1,1,2025-08-27 08:26:00,20260106T061500Z-QE24M
L25-0741,E-0157,Z1.4-II-1.0-H,50,accept,D10:1,1,2025-08-27 09:29:00,20260106T061500Z-QE24M
L25-0759,E-0157,Z1.4-II-1.0-J,80,accept,,0,2025-08-27 10:44:00,20260106T061500Z-QE24M
L25-0696,E-0154,Z1.4-II-1.0-K,125,accept,,0,2025-08-28 12:18:00,20260106T061500Z-QE24M
L25-0754,E-0152,Z1.4-II-1.0-K,125,accept,D11:2,2,2025-08-28 12:28:00,20260106T061500Z-QE24M
L25-0771,E-0157,Z1.4-II-1.0-J,80,reject,D10:5,5,2025-08-28 07:42:00,20260106T061500Z-QE24M
L25-0756,E-0153,Z1.4-II-1.0-J,80,accept,,0,2025-08-29 08:12:00,20260106T061500Z-QE24M
L25-0727,E-0152,Z1.4-II-1.0-G,50,accept,D13:1,1,2025-09-01 13:35:00,20260106T061500Z-QE24M
L25-0728,E-0153,Z1.4-II-1.0-K,125,accept,,0,2025-09-01 08:40:00,20260106T061500Z-QE24M
L25-0731,E-0157,Z1.4-II-1.0-J,80,accept,,0,2025-09-01 09:11:00,20260106T061500Z-QE24M
L25-0749,E-0154,Z1.4-II-1.0-J,80,reject,D02:4,4,2025-09-01 14:41:00,20260106T061500Z-QE24M
L25-0750,E-0152,Z1.4-II-1.0-J,80,accept,,0,2025-09-01 07:35:00,20260106T061500Z-QE24M
L25-0752,E-0153,Z1.4-II-1.0-J,80,accept,,0,2025-09-01 09:49:00,20260106T061500Z-QE24M
L25-0763,E-0152,Z1.4-II-1.0-K,80,accept,,0,2025-09-01 14:02:00,20260106T061500Z-QE24M
L25-0706,E-0154,Z1.4-II-1.0-G,50,accept,,0,2025-09-03 14:24:00,20260106T061500Z-QE24M
L25-0721,E-0152,Z1.4-II-1.0-K,125,accept,,0,2025-09-03 14:15:00,20260106T061500Z-QE24M
L25-0723,E-0157,Z1.4-II-1.0-K,125,accept,,0,2025-09-03 11:59:00,20260106T061500Z-QE24M
L25-0732,E-0152,Z1.4-II-1.0-J,80,accept,,0,2025-09-03 12:29:00,20260106T061500Z-QE24M
L25-0733,E-0153,Z1.4-II-1.0-K,62,accept,D13:1,1,2025-09-03 07:48:00,20260106T061500Z-QE24M
L25-0747,E-0154,Z1.4-II-1.0-J,80,accept,,0,2025-09-03 09:59:00,20260106T061500Z-QE24M
L25-0748,E-0157,Z1.4-II-1.0-K,125,accept,,0,2025-09-03 13:07:00,20260106T061500Z-QE24M
L25-0762,E-0153,Z1.4-II-1.0-K,125,accept,,0,2025-09-03 11:21:00,20260106T061500Z-QE24M
L25-0769,E-0152,Z1.4-II-1.0-J,47,accept,,0,2025-09-03 08:32:00,20260106T061500Z-QE24M
L25-0774,E-0157,Z1.4-II-1.0-J,80,accept,,0,2025-09-03 09:09:00,20260106T061500Z-QE24M
L25-0739,E-0153,Z1.4-II-1.0-J,80,accept,D10:1,1,2025-09-04 13:05:00,20260106T061500Z-QE24M
L25-0742,E-0153,Z1.4-II-1.0-K,125,accept,,0,2025-09-04 12:22:00,20260106T061500Z-QE24M
L25-0766,E-0153,Z1.4-II-1.0-J,80,reject,D07:4,4,2025-09-04 12:17:00,20260106T061500Z-QE24M
L25-0767,E-0154,Z1.4-II-1.0-J,80,accept,,0,2025-09-04 14:21:00,20260106T061500Z-QE24M
L25-0775,E-0154,Z1.4-II-1.0-K,125,accept,,0,2025-09-04 07:06:00,20260106T061500Z-QE24M
L25-0787,E-0157,Z1.4-II-1.0-J,80,accept,,0,2025-09-04 07:05:00,20260106T061500Z-QE24M
L25-0792,E-0153,Z1.4-II-1.0-J,80,accept,D10:1,1,2025-09-04 12:37:00,20260106T061500Z-QE24M
L25-0753,E-0157,Z1.4-II-1.0-J,80,accept,D13:1,1,2025-09-05 12:11:00,20260106T061500Z-QE24M
L25-0786,E-0152,Z1.4-II-1.0-J,80,accept,,0,2025-09-05 10:43:00,20260106T061500Z-QE24M
L25-0807,E-0154,Z1.4-II-1.0-J,48,accept,,0,2025-09-05 08:37:00,20260106T061500Z-QE24M
L25-0757,E-0152,Z1.4-II-1.0-K,125,accept,,0,2025-09-08 07:47:00,20260106T061500Z-QE24M
L25-0764,E-0153,Z1.4-II-1.0-K,125,accept,,0,2025-09-08 11:53:00,20260106T061500Z-QE24M
L25-0776,E-0152,Z1.4-II-1.0-K,125,accept,D13:1,1,2025-09-08 09:11:00,20260106T061500Z-QE24M
L25-0782,E-0153,Z1.4-II-1.0-H,50,accept,,0,2025-09-08 09:23:00,20260106T061500Z-QE24M
L25-0784,E-0153,Z1.4-II-1.0-K,125,accept,,0,2025-09-08 11:35:00,20260106T061500Z-QE24M
L25-0788,E-0154,Z1.4-II-1.0-J,80,accept,,0,2025-09-08 07:51:00,20260106T061500Z-QE24M
L25-0791,E-0157,Z1.4-II-1.0-J,80,accept,,0,2025-09-08 07:27:00,20260106T061500Z-QE24M
L25-0795,E-0152,Z1.4-II-1.0-J,50,accept,,0,2025-09-08 07:51:00,20260106T061500Z-QE24M
L25-0796,E-0153,Z1.4-II-1.0-G,50,accept,,0,2025-09-08 12:17:00,20260106T061500Z-QE24M
L25-0811,E-0153,Z1.4-II-1.0-K,125,accept,,0,2025-09-08 11:16:00,20260106T061500Z-QE24M
L25-0835,E-0152,Z1.4-II-1.0-J,80,accept,,0,2025-09-08 10:54:00,20260106T061500Z-QE24M
L25-0760,E-0157,Z1.4-II-1.0-K,125,accept,,0,2025-09-09 13:22:00,20260106T061500Z-QE24M
L25-0765,E-0152,Z1.4-II-1.0-J,80,accept,,0,2025-09-09 07:38:00,20260106T061500Z-QE24M
L25-0790,E-0154,Z1.4-II-1.0-J,80,accept,,0,2025-09-09 11:54:00,20260106T061500Z-QE24M
L25-0734,E-0157,Z1.4-II-1.0-K,125,accept,,0,2025-09-10 08:49:00,20260106T061500Z-QE24M
L25-0755,E-0152,Z1.4-II-1.0-J,80,accept,,0,2025-09-10 09:14:00,20260106T061500Z-QE24M
L25-0770,E-0154,Z1.4-II-1.0-H,50,accept,,0,2025-09-10 07:03:00,20260106T061500Z-QE24M
L25-0794,E-0152,Z1.4-II-1.0-J,80,accept,D11:1,1,2025-09-10 13:59:00,20260106T061500Z-QE24M
L25-0797,E-0154,Z1.4-II-1.0-K,125,accept,,0,2025-09-10 09:54:00,20260106T061500Z-QE24M
L25-0758,E-0157,Z1.4-II-1.0-H,50,accept,,0,2025-09-11 14:26:00,20260106T061500Z-QE24M
L25-0768,E-0152,Z1.4-II-1.0-J,80,accept,,0,2025-09-11 12:18:00,20260106T061500Z-QE24M
L25-0772,E-0157,Z1.4-II-1.0-K,125,reject,D13:6,6,2025-09-11 13:06:00,20260106T061500Z-QE24M
L25-0785,E-0157,Z1.4-II-1.0-J,58,accept,D13:1,1,2025-09-11 10:17:00,20260106T061500Z-QE24M
L25-0801,E-0157,Z1.4-II-1.0-H,50,accept,D13:1,1,2025-09-11 11:15:00,20260106T061500Z-QE24M
L25-0806,E-0154,Z1.4-II-1.0-H,50,accept,,0,2025-09-11 13:32:00,20260106T061500Z-QE24M
L25-0813,E-0152,Z1.4-II-1.0-J,80,accept,,0,2025-09-11 13:26:00,20260106T061500Z-QE24M
L25-0798,E-0153,Z1.4-II-1.0-K,125,accept,D13:1,1,2025-09-12 11:03:00,20260106T061500Z-QE24M
L25-0818,E-0153,Z1.4-II-1.0-J,80,accept,D10:1,1,2025-09-12 14:29:00,20260106T061500Z-QE24M
L25-0857,E-0152,Z1.4-II-1.0-K,125,accept,,0,2025-09-12 07:06:00,20260106T061500Z-QE24M
L25-0777,E-0152,Z1.4-II-1.0-L,200,accept,,0,2025-09-15 10:45:00,20260106T061500Z-QE24M
L25-0779,E-0154,Z1.4-II-1.0-K,125,reject,D01:6,6,2025-09-15 07:04:00,20260106T061500Z-QE24M
L25-0802,E-0154,Z1.4-II-1.0-J,80,reject,D01:3,3,2025-09-15 11:21:00,20260106T061500Z-QE24M
L25-0810,E-0153,Z1.4-II-1.0-J,80,accept,,0,2025-09-15 10:11:00,20260106T061500Z-QE24M
L25-0812,E-0152,Z1.4-II-1.0-H,36,accept,D10:1,1,2025-09-15 09:33:00,20260106T061500Z-QE24M
L25-0822,E-0154,Z1.4-II-1.0-J,80,reject,D01:4,4,2025-09-15 08:32:00,20260106T061500Z-QE24M
L25-0824,E-0154,Z1.4-II-1.0-J,80,reject,D11:3,3,2025-09-15 10:07:00,20260106T061500Z-QE24M
L25-0866,E-0157,Z1.4-II-1.0-J,80,reject,D09:3,3,2025-09-15 12:04:00,20260106T061500Z-QE24M
L25-0761,E-0153,Z1.4-II-1.0-K,125,accept,,0,2025-09-16 08:52:00,20260106T061500Z-QE24M
L25-0783,E-0157,Z1.4-II-1.0-J,80,accept,,0,2025-09-16 11:13:00,20260106T061500Z-QE24M
L25-0859,E-0157,Z1.4-II-1.0-K,125,reject,D11:4,4,2025-09-16 10:36:00,20260106T061500Z-QE24M
L25-0773,E-0154,Z1.4-II-1.0-K,125,accept,D13:1,1,2025-09-17 08:20:00,20260106T061500Z-QE24M
L25-0804,E-0152,Z1.4-II-1.0-J,80,accept,,0,2025-09-17 11:24:00,20260106T061500Z-QE24M
L25-0809,E-0152,Z1.4-II-1.0-K,125,accept,,0,2025-09-17 09:22:00,20260106T061500Z-QE24M
L25-0837,E-0153,Z1.4-II-1.0-J,80,accept,,0,2025-09-17 13:53:00,20260106T061500Z-QE24M
L25-0778,E-0152,Z1.4-II-1.0-K,125,accept,,0,2025-09-18 08:53:00,20260106T061500Z-QE24M
L25-0830,E-0153,Z1.4-II-1.0-J,80,accept,,0,2025-09-18 07:35:00,20260106T061500Z-QE24M
L25-0843,E-0154,Z1.4-II-1.0-H,50,accept,,0,2025-09-18 10:34:00,20260106T061500Z-QE24M
L25-0868,E-0153,Z1.4-II-1.0-J,80,accept,D10:1,1,2025-09-18 10:02:00,20260106T061500Z-QE24M
L25-0800,E-0154,Z1.4-II-1.0-J,80,accept,,0,2025-09-19 07:54:00,20260106T061500Z-QE24M
L25-0819,E-0157,Z1.4-II-1.0-J,80,accept,D13:1,1,2025-09-19 11:49:00,20260106T061500Z-QE24M
L25-0829,E-0157,Z1.4-II-1.0-K,70,accept,D10:1,1,2025-09-19 10:13:00,20260106T061500Z-QE24M
L25-0840,E-0154,Z1.4-II-1.0-J,55,reject,D10:3,3,2025-09-19 11:27:00,20260106T061500Z-QE24M
L25-0884,E-0154,Z1.4-II-1.0-H,50,accept,,0,2025-09-19 14:13:00,20260106T061500Z-QE24M
L25-0793,E-0154,Z1.4-II-1.0-K,125,accept,D10:1,1,2025-09-22 07:30:00,20260106T061500Z-QE24M
L25-0799,E-0152,Z1.4-II-1.0-K,125,reject,D02:5,5,2025-09-22 08:42:00,20260106T061500Z-QE24M
L25-0816,E-0154,Z1.4-II-1.0-K,59,accept,,0,2025-09-22 07:44:00,20260106T061500Z-QE24M
L25-0817,E-0157,Z1.4-II-1.0-K,125,accept,,0,2025-09-22 09:02:00,20260106T061500Z-QE24M
L25-0839,E-0157,Z1.4-II-1.0-H,50,accept,,0,2025-09-22 13:13:00,20260106T061500Z-QE24M
L25-0847,E-0154,Z1.4-II-1.0-G,50,accept,,0,2025-09-22 09:36:00,20260106T061500Z-QE24M
L25-0849,E-0153,Z1.4-II-1.0-K,125,accept,,0,2025-09-22 08:27:00,20260106T061500Z-QE24M
L25-0853,E-0153,Z1.4-II-1.0-J,80,accept,,0,2025-09-22 11:51:00,20260106T061500Z-QE24M
L25-0855,E-0157,Z1.4-II-1.0-G,50,accept,D10:1,1,2025-09-22 09:57:00,20260106T061500Z-QE24M
L25-0781,E-0153,Z1.4-II-1.0-L,200,reject,D04:6,6,2025-09-23 09:02:00,20260106T061500Z-QE24M
L25-0805,E-0153,Z1.4-II-1.0-J,80,reject,D01:4,4,2025-09-23 10:58:00,20260106T061500Z-QE24M
L25-0831,E-0152,Z1.4-II-1.0-K,125,accept,,0,2025-09-23 07:11:00,20260106T061500Z-QE24M
L25-0834,E-0153,Z1.4-II-1.0-J,80,accept,D13:2,2,2025-09-23 08:09:00,20260106T061500Z-QE24M
L25-0846,E-0157,Z1.4-II-1.0-J,80,accept,,0,2025-09-23 07:53:00,20260106T061500Z-QE24M
L25-0870,E-0154,Z1.4-II-1.0-J,33,reject,D11:3,3,2025-09-23 12:56:00,20260106T061500Z-QE24M
L25-0876,E-0154,Z1.4-II-1.0-J,80,accept,D11:2,2,2025-09-23 14:29:00,20260106T061500Z-QE24M
L25-0780,E-0153,Z1.4-II-1.0-K,64,accept,,0,2025-09-24 12:35:00,20260106T061500Z-QE24M
L25-0823,E-0153,Z1.4-II-1.0-K,125,accept,D10:1,1,2025-09-24 09:36:00,20260106T061500Z-QE24M
L25-0842,E-0153,Z1.4-II-1.0-J,38,accept,D10:2,2,2025-09-24 09:55:00,20260106T061500Z-QE24M
L25-0848,E-0154,Z1.4-II-1.0-J,80,accept,D13:1,1,2025-09-24 14:38:00,20260106T061500Z-QE24M
L25-0862,E-0157,Z1.4-II-1.0-H,50,accept,,0,2025-09-24 07:20:00,20260106T061500Z-QE24M
L25-0871,E-0157,Z1.4-II-1.0-H,50,accept,,0,2025-09-24 14:10:00,20260106T061500Z-QE24M
L25-0789,E-0152,Z1.4-II-1.0-K,125,reject,D02:4,4,2025-09-25 10:43:00,20260106T061500Z-QE24M
L25-0808,E-0154,Z1.4-II-1.0-J,80,accept,,0,2025-09-25 12:22:00,20260106T061500Z-QE24M
L25-0820,E-0157,Z1.4-II-1.0-K,125,accept,,0,2025-09-25 14:36:00,20260106T061500Z-QE24M
L25-0828,E-0152,Z1.4-II-1.0-K,125,accept,,0,2025-09-25 12:29:00,20260106T061500Z-QE24M
L25-0832,E-0157,Z1.4-II-1.0-J,80,accept,,0,2025-09-25 10:20:00,20260106T061500Z-QE24M
L25-0844,E-0157,Z1.4-II-1.0-J,80,accept,,0,2025-09-25 14:38:00,20260106T061500Z-QE24M
L25-0856,E-0153,Z1.4-II-1.0-H,50,accept,,0,2025-09-25 11:15:00,20260106T061500Z-QE24M
L25-0858,E-0154,Z1.4-II-1.0-H,50,accept,,0,2025-09-25 14:59:00,20260106T061500Z-QE24M
L25-0860,E-0157,Z1.4-II-1.0-J,80,accept,D11:2,2,2025-09-25 11:34:00,20260106T061500Z-QE24M
L25-0877,E-0152,Z1.4-II-1.0-H,50,accept,D13:1,1,2025-09-25 09:22:00,20260106T061500Z-QE24M
L25-0826,E-0154,Z1.4-II-1.0-K,125,accept,,0,2025-09-26 11:14:00,20260106T061500Z-QE24M
L25-0880,E-0157,Z1.4-II-1.0-K,125,reject,D02:4,4,2025-09-26 07:29:00,20260106T061500Z-QE24M
L25-0894,E-0157,Z1.4-II-1.0-J,80,accept,D13:2,2,2025-09-26 07:32:00,20260106T061500Z-QE24M
L25-0815,E-0152,Z1.4-II-1.0-J,80,accept,,0,2025-09-29 13:46:00,20260106T061500Z-QE24M
L25-0821,E-0152,Z1.4-II-1.0-J,80,accept,,0,2025-09-29 07:36:00,20260106T061500Z-QE24M
L25-0825,E-0153,Z1.4-II-1.0-H,50,accept,,0,2025-09-29 08:58:00,20260106T061500Z-QE24M
L25-0827,E-0157,Z1.4-II-1.0-L,200,accept,,0,2025-09-29 14:35:00,20260106T061500Z-QE24M
L25-0851,E-0153,Z1.4-II-1.0-K,125,accept,D10:2,2,2025-09-29 12:46:00,20260106T061500Z-QE24M
L25-0863,E-0153,Z1.4-II-1.0-K,125,accept,D11:1,1,2025-09-29 10:20:00,20260106T061500Z-QE24M
L25-0872,E-0157,Z1.4-II-1.0-J,80,accept,D10:1,1,2025-09-29 12:23:00,20260106T061500Z-QE24M
L25-0875,E-0157,Z1.4-II-1.0-J,80,reject,D02:3,3,2025-09-29 10:01:00,20260106T061500Z-QE24M
L25-0881,E-0153,Z1.4-II-1.0-J,80,accept,,0,2025-09-29 11:08:00,20260106T061500Z-QE24M
L25-0902,E-0153,Z1.4-II-1.0-J,80,accept,D13:1,1,2025-09-29 14:23:00,20260106T061500Z-QE24M
L25-0814,E-0153,Z1.4-II-1.0-J,80,accept,,0,2025-09-30 14:28:00,20260106T061500Z-QE24M
L25-0845,E-0153,Z1.4-II-1.0-J,51,accept,,0,2025-09-30 14:27:00,20260106T061500Z-QE24M
L25-0850,E-0153,Z1.4-II-1.0-L,200,accept,D11:1,1,2025-09-30 08:01:00,20260106T061500Z-QE24M
L25-0864,E-0152,Z1.4-II-1.0-J,80,accept,D10:1,1,2025-09-30 13:13:00,20260106T061500Z-QE24M
L25-0890,E-0152,Z1.4-II-1.0-J,80,accept,,0,2025-09-30 09:28:00,20260106T061500Z-QE24M
L25-0893,E-0154,Z1.4-II-1.0-J,80,accept,,0,2025-09-30 07:28:00,20260106T061500Z-QE24M
L25-0852,E-0154,Z1.4-II-1.0-K,78,accept,D10:1,1,2025-10-01 12:00:00,20260106T061500Z-QE24M
L25-0861,E-0157,Z1.4-II-1.0-J,80,accept,,0,2025-10-01 11:35:00,20260106T061500Z-QE24M
L25-0869,E-0154,Z1.4-II-1.0-J,80,accept,,0,2025-10-01 12:17:00,20260106T061500Z-QE24M
L25-0873,E-0153,Z1.4-II-1.0-J,80,accept,,0,2025-10-01 12:12:00,20260106T061500Z-QE24M
L25-0874,E-0154,Z1.4-II-1.0-J,80,accept,,0,2025-10-01 11:22:00,20260106T061500Z-QE24M
L25-0879,E-0152,Z1.4-II-1.0-H,50,accept,,0,2025-10-01 09:00:00,20260106T061500Z-QE24M
L25-0882,E-0153,Z1.4-II-1.0-G,50,accept,D10:1,1,2025-10-01 10:21:00,20260106T061500Z-QE24M
L25-0883,E-0154,Z1.4-II-1.0-J,80,reject,D01:3,3,2025-10-01 14:56:00,20260106T061500Z-QE24M
L25-0887,E-0157,Z1.4-II-1.0-J,80,reject,D03:3,3,2025-10-01 08:30:00,20260106T061500Z-QE24M
L25-0892,E-0154,Z1.4-II-1.0-H,50,accept,D10:1,1,2025-10-01 14:40:00,20260106T061500Z-QE24M
L25-0898,E-0153,Z1.4-II-1.0-G,50,accept,,0,2025-10-01 09:34:00,20260106T061500Z-QE24M
L25-0803,E-0153,Z1.4-II-1.0-L,200,accept,,0,2025-10-02 12:32:00,20260106T061500Z-QE24M
L25-0838,E-0153,Z1.4-II-1.0-J,80,accept,,0,2025-10-02 08:30:00,20260106T061500Z-QE24M
L25-0854,E-0153,Z1.4-II-1.0-K,125,accept,D13:1,1,2025-10-02 10:42:00,20260106T061500Z-QE24M
L25-0865,E-0154,Z1.4-II-1.0-K,125,accept,,0,2025-10-02 11:28:00,20260106T061500Z-QE24M
L25-0867,E-0152,Z1.4-II-1.0-J,80,accept,,0,2025-10-02 10:59:00,20260106T061500Z-QE24M
L25-0841,E-0152,Z1.4-II-1.0-K,125,accept,D10:3,3,2025-10-03 13:11:00,20260106T061500Z-QE24M
L25-0885,E-0152,Z1.4-II-1.0-J,80,accept,,0,2025-10-03 13:30:00,20260106T061500Z-QE24M
L25-0901,E-0152,Z1.4-II-1.0-J,80,accept,,0,2025-10-03 07:53:00,20260106T061500Z-QE24M
L25-0836,E-0154,Z1.4-II-1.0-J,80,accept,,0,2025-10-06 09:20:00,20260106T061500Z-QE24M
L25-0891,E-0154,Z1.4-II-1.0-J,37,accept,,0,2025-10-06 11:00:00,20260106T061500Z-QE24M
L25-0907,E-0154,Z1.4-II-1.0-J,80,accept,,0,2025-10-06 07:06:00,20260106T061500Z-QE24M
L25-0912,E-0154,Z1.4-II-1.0-G,50,accept,,0,2025-10-07 07:28:00,20260106T061500Z-QE24M
L25-0889,E-0154,Z1.4-II-1.0-J,80,accept,D10:2,2,2025-10-08 07:21:00,20260106T061500Z-QE24M
L25-0911,E-0153,Z1.4-II-1.0-H,50,accept,,0,2025-10-08 07:55:00,20260106T061500Z-QE24M
L25-0920,E-0153,Z1.4-II-1.0-J,80,accept,,0,2025-10-08 12:40:00,20260106T061500Z-QE24M
L25-0924,E-0152,Z1.4-II-1.0-J,44,accept,,0,2025-10-08 10:21:00,20260106T061500Z-QE24M
L25-0833,E-0154,Z1.4-II-1.0-J,80,reject,D10:3,3,2025-10-09 13:47:00,20260106T061500Z-QE24M
L25-0897,E-0157,Z1.4-II-1.0-K,125,accept,D11:1,1,2025-10-09 13:18:00,20260106T061500Z-QE24M
L25-0899,E-0152,Z1.4-II-1.0-J,80,accept,,0,2025-10-09 07:56:00,20260106T061500Z-QE24M
L25-0900,E-0153,Z1.4-II-1.0-J,80,accept,,0,2025-10-09 13:52:00,20260106T061500Z-QE24M
L25-0910,E-0157,Z1.4-II-1.0-K,125,accept,,0,2025-10-09 14:08:00,20260106T061500Z-QE24M
L25-0922,E-0157,Z1.4-II-1.0-J,80,accept,D13:2,2,2025-10-09 12:13:00,20260106T061500Z-QE24M
L25-0934,E-0157,Z1.4-II-1.0-J,80,accept,,0,2025-10-09 11:22:00,20260106T061500Z-QE24M
L25-0878,E-0152,Z1.4-II-1.0-J,80,accept,,0,2025-10-10 14:27:00,20260106T061500Z-QE24M
L25-0886,E-0153,Z1.4-II-1.0-H,50,accept,D13:1,1,2025-10-10 12:07:00,20260106T061500Z-QE24M
L25-0914,E-0153,Z1.4-II-1.0-K,125,accept,D11:1,1,2025-10-10 09:19:00,20260106T061500Z-QE24M
L25-0905,E-0154,Z1.4-II-1.0-J,80,accept,,0,2025-10-13 08:04:00,20260106T061500Z-QE24M
L25-0906,E-0153,Z1.4-II-1.0-K,125,accept,,0,2025-10-13 09:58:00,20260106T061500Z-QE24M
L25-0932,E-0152,Z1.4-II-1.0-J,80,accept,D13:1,1,2025-10-13 10:32:00,20260106T061500Z-QE24M
L25-0918,E-0157,Z1.4-II-1.0-J,52,accept,,0,2025-10-14 09:18:00,20260106T061500Z-QE24M
L25-0927,E-0157,Z1.4-II-1.0-K,125,accept,,0,2025-10-14 12:50:00,20260106T061500Z-QE24M
L25-0931,E-0154,Z1.4-II-1.0-K,125,accept,D13:2,2,2025-10-14 12:13:00,20260106T061500Z-QE24M
L25-0933,E-0152,Z1.4-II-1.0-G,50,reject,D01:3,3,2025-10-14 09:40:00,20260106T061500Z-QE24M
L25-0916,E-0153,Z1.4-II-1.0-J,80,accept,,0,2025-10-15 12:00:00,20260106T061500Z-QE24M
L25-0938,E-0154,Z1.4-II-1.0-K,125,accept,,0,2025-10-15 08:43:00,20260106T061500Z-QE24M
L25-0903,E-0153,Z1.4-II-1.0-J,80,accept,D13:1,1,2025-10-16 08:08:00,20260106T061500Z-QE24M
L25-0908,E-0154,Z1.4-II-1.0-K,125,accept,,0,2025-10-16 14:16:00,20260106T061500Z-QE24M
L25-0925,E-0157,Z1.4-II-1.0-J,80,accept,,0,2025-10-16 12:18:00,20260106T061500Z-QE24M
L25-0944,E-0154,Z1.4-II-1.0-J,80,accept,D13:2,2,2025-10-16 11:27:00,20260106T061500Z-QE24M
L25-0896,E-0153,Z1.4-II-1.0-G,50,accept,D10:1,1,2025-10-17 12:15:00,20260106T061500Z-QE24M
L25-0921,E-0154,Z1.4-II-1.0-J,80,accept,D11:1,1,2025-10-17 11:58:00,20260106T061500Z-QE24M
L25-0888,E-0152,Z1.4-II-1.0-K,125,accept,,0,2025-10-20 12:08:00,20260106T061500Z-QE24M
L25-0904,E-0154,Z1.4-II-1.0-K,125,accept,D11:1,1,2025-10-20 13:49:00,20260106T061500Z-QE24M
L25-0936,E-0157,Z1.4-II-1.0-J,80,accept,,0,2025-10-20 07:08:00,20260106T061500Z-QE24M
L25-0939,E-0152,Z1.4-II-1.0-J,80,accept,,0,2025-10-20 11:57:00,20260106T061500Z-QE24M
L25-0941,E-0154,Z1.4-II-1.0-G,50,accept,,0,2025-10-20 07:32:00,20260106T061500Z-QE24M
L25-0948,E-0152,Z1.4-II-1.0-J,80,reject,D01:3,3,2025-10-20 12:42:00,20260106T061500Z-QE24M
L25-0949,E-0153,Z1.4-II-1.0-K,125,accept,D10:1,1,2025-10-20 12:35:00,20260106T061500Z-QE24M
L25-0956,E-0152,Z1.4-II-1.0-J,80,accept,,0,2025-10-20 11:45:00,20260106T061500Z-QE24M
L25-0975,E-0154,Z1.4-II-1.0-J,80,accept,D10:1,1,2025-10-21 13:15:00,20260106T061500Z-QE24M
L25-0917,E-0154,Z1.4-II-1.0-G,50,accept,,0,2025-10-22 12:41:00,20260106T061500Z-QE24M
L25-0928,E-0153,Z1.4-II-1.0-H,50,accept,,0,2025-10-22 14:10:00,20260106T061500Z-QE24M
L25-0930,E-0154,Z1.4-II-1.0-K,125,accept,,0,2025-10-22 13:57:00,20260106T061500Z-QE24M
L25-0935,E-0154,Z1.4-II-1.0-K,125,accept,,0,2025-10-22 10:42:00,20260106T061500Z-QE24M
L25-0943,E-0153,Z1.4-II-1.0-K,74,accept,,0,2025-10-22 10:59:00,20260106T061500Z-QE24M
L25-0947,E-0152,Z1.4-II-1.0-K,125,accept,,0,2025-10-22 09:13:00,20260106T061500Z-QE24M
L25-0951,E-0153,Z1.4-II-1.0-J,80,accept,,0,2025-10-22 08:45:00,20260106T061500Z-QE24M
L25-0955,E-0154,Z1.4-II-1.0-H,50,accept,,0,2025-10-22 13:54:00,20260106T061500Z-QE24M
L25-0923,E-0154,Z1.4-II-1.0-J,80,accept,D11:1,1,2025-10-23 14:48:00,20260106T061500Z-QE24M
L25-0958,E-0153,Z1.4-II-1.0-K,125,accept,D10:1,1,2025-10-23 14:43:00,20260106T061500Z-QE24M
L25-0964,E-0157,Z1.4-II-1.0-K,125,accept,,0,2025-10-23 10:06:00,20260106T061500Z-QE24M
L25-0972,E-0154,Z1.4-II-1.0-J,80,accept,,0,2025-10-23 12:22:00,20260106T061500Z-QE24M
L25-0976,E-0154,Z1.4-II-1.0-J,80,accept,,0,2025-10-23 14:27:00,20260106T061500Z-QE24M
L25-0909,E-0153,Z1.4-II-1.0-K,125,accept,D13:1,1,2025-10-24 10:21:00,20260106T061500Z-QE24M
L25-0919,E-0152,Z1.4-II-1.0-K,95,accept,,0,2025-10-24 14:12:00,20260106T061500Z-QE24M
L25-0963,E-0154,Z1.4-II-1.0-H,50,accept,D11:1,1,2025-10-24 08:18:00,20260106T061500Z-QE24M
L25-0895,E-0154,Z1.4-II-1.0-K,99,accept,D10:2,2,2025-10-27 09:43:00,20260106T061500Z-QE24M
L25-0915,E-0152,Z1.4-II-1.0-J,80,accept,,0,2025-10-27 12:43:00,20260106T061500Z-QE24M
L25-0929,E-0153,Z1.4-II-1.0-K,125,accept,,0,2025-10-27 12:28:00,20260106T061500Z-QE24M
L25-0940,E-0153,Z1.4-II-1.0-J,60,accept,D11:1,1,2025-10-27 12:06:00,20260106T061500Z-QE24M
L25-0946,E-0153,Z1.4-II-1.0-K,125,accept,,0,2025-10-27 14:35:00,20260106T061500Z-QE24M
L25-0953,E-0152,Z1.4-II-1.0-G,50,accept,,0,2025-10-27 09:15:00,20260106T061500Z-QE24M
L25-0959,E-0152,Z1.4-II-1.0-L,122,reject,D11:7,7,2025-10-27 14:21:00,20260106T061500Z-QE24M
L25-0968,E-0153,Z1.4-II-1.0-J,80,accept,,0,2025-10-27 10:28:00,20260106T061500Z-QE24M
L25-0973,E-0154,Z1.4-II-1.0-J,80,accept,,0,2025-10-27 10:36:00,20260106T061500Z-QE24M
L25-0983,E-0152,Z1.4-II-1.0-J,80,accept,,0,2025-10-27 10:01:00,20260106T061500Z-QE24M
L25-0992,E-0154,Z1.4-II-1.0-H,24,accept,,0,2025-10-27 08:20:00,20260106T061500Z-QE24M
L25-0926,E-0154,Z1.4-II-1.0-K,77,accept,D10:1,1,2025-10-28 09:48:00,20260106T061500Z-QE24M
L25-0961,E-0152,Z1.4-II-1.0-K,125,accept,,0,2025-10-28 12:30:00,20260106T061500Z-QE24M
L25-0970,E-0153,Z1.4-II-1.0-J,80,accept,,0,2025-10-28 12:15:00,20260106T061500Z-QE24M
L25-0995,E-0152,Z1.4-II-1.0-J,80,accept,D13:1,1,2025-10-28 09:07:00,20260106T061500Z-QE24M
L25-0913,E-0153,Z1.4-II-1.0-J,80,reject,D02:5,5,2025-10-29 14:19:00,20260106T061500Z-QE24M
L25-0942,E-0157,Z1.4-II-1.0-J,80,accept,,0,2025-10-29 07:25:00,20260106T061500Z-QE24M
L25-0966,E-0153,Z1.4-II-1.0-J,80,accept,D10:1,1,2025-10-29 11:52:00,20260106T061500Z-QE24M
L25-0980,E-0152,Z1.4-II-1.0-J,80,accept,,0,2025-10-29 12:05:00,20260106T061500Z-QE24M
L25-0991,E-0152,Z1.4-II-1.0-J,80,accept,,0,2025-10-29 12:29:00,20260106T061500Z-QE24M
L25-1017,E-0152,Z1.4-II-1.0-H,50,accept,,0,2025-10-29 14:28:00,20260106T061500Z-QE24M
L25-0952,E-0154,Z1.4-II-1.0-K,125,accept,,0,2025-10-30 11:33:00,20260106T061500Z-QE24M
L25-0965,E-0157,Z1.4-II-1.0-J,80,accept,D11:1,1,2025-10-30 13:52:00,20260106T061500Z-QE24M
L25-0978,E-0157,Z1.4-II-1.0-K,125,accept,,0,2025-10-30 09:47:00,20260106T061500Z-QE24M
L25-0989,E-0154,Z1.4-II-1.0-J,80,accept,D11:1,1,2025-10-30 07:57:00,20260106T061500Z-QE24M
L25-1002,E-0157,Z1.4-II-1.0-K,125,accept,,0,2025-10-30 10:11:00,20260106T061500Z-QE24M
L25-1003,E-0153,Z1.4-II-1.0-J,80,accept,D10:2,2,2025-10-30 09:22:00,20260106T061500Z-QE24M
L25-1007,E-0154,Z1.4-II-1.0-K,125,accept,D13:3,3,2025-10-30 08:01:00,20260106T061500Z-QE24M
L25-1011,E-0152,Z1.4-II-1.0-K,125,accept,,0,2025-10-30 13:16:00,20260106T061500Z-QE24M
L25-1040,E-0153,Z1.4-II-1.0-H,50,accept,,0,2025-10-30 14:28:00,20260106T061500Z-QE24M
L25-0957,E-0154,Z1.4-II-1.0-J,80,accept,,0,2025-10-31 08:25:00,20260106T061500Z-QE24M
L25-0962,E-0153,Z1.4-II-1.0-K,125,accept,,0,2025-10-31 12:50:00,20260106T061500Z-QE24M
L25-0967,E-0152,Z1.4-II-1.0-J,80,accept,,0,2025-10-31 07:52:00,20260106T061500Z-QE24M
L25-0977,E-0154,Z1.4-II-1.0-J,80,accept,D10:1,1,2025-10-31 10:45:00,20260106T061500Z-QE24M
L25-0979,E-0154,Z1.4-II-1.0-K,125,accept,,0,2025-10-31 14:13:00,20260106T061500Z-QE24M
L25-0986,E-0154,Z1.4-II-1.0-J,80,accept,,0,2025-10-31 13:07:00,20260106T061500Z-QE24M
L25-0999,E-0154,Z1.4-II-1.0-H,50,accept,,0,2025-10-31 13:23:00,20260106T061500Z-QE24M
L25-1004,E-0153,Z1.4-II-1.0-H,50,accept,,0,2025-10-31 09:40:00,20260106T061500Z-QE24M
L25-1009,E-0157,Z1.4-II-1.0-H,50,accept,,0,2025-10-31 11:33:00,20260106T061500Z-QE24M
L25-1015,E-0157,Z1.4-II-1.0-J,80,accept,D10:1,1,2025-10-31 14:20:00,20260106T061500Z-QE24M
L25-1020,E-0152,Z1.4-II-1.0-J,80,accept,,0,2025-10-31 07:23:00,20260106T061500Z-QE24M
L25-0974,E-0154,Z1.4-II-1.0-K,125,accept,,0,2025-11-03 07:22:00,20260106T061500Z-QE24M
L25-0982,E-0153,Z1.4-II-1.0-K,79,accept,,0,2025-11-03 12:33:00,20260106T061500Z-QE24M
L25-1016,E-0154,Z1.4-II-1.0-H,50,accept,,0,2025-11-03 09:36:00,20260106T061500Z-QE24M
L25-1047,E-0153,Z1.4-II-1.0-K,125,accept,D13:1,1,2025-11-03 14:24:00,20260106T061500Z-QE24M
L25-0937,E-0157,Z1.4-II-1.0-H,50,reject,D02:3,3,2025-11-04 14:57:00,20260106T061500Z-QE24M
L25-0987,E-0152,Z1.4-II-1.0-K,125,accept,,0,2025-11-04 09:44:00,20260106T061500Z-QE24M
L25-1012,E-0157,Z1.4-II-1.0-H,50,accept,,0,2025-11-04 14:10:00,20260106T061500Z-QE24M
L25-1030,E-0152,Z1.4-II-1.0-K,125,accept,,0,2025-11-04 14:01:00,20260106T061500Z-QE24M
L25-1046,E-0157,Z1.4-II-1.0-H,50,accept,,0,2025-11-04 13:11:00,20260106T061500Z-QE24M
L25-0993,E-0152,Z1.4-II-1.0-J,80,accept,,0,2025-11-05 13:47:00,20260106T061500Z-QE24M
L25-0998,E-0157,Z1.4-II-1.0-K,125,accept,D10:1,1,2025-11-05 07:11:00,20260106T061500Z-QE24M
L25-1014,E-0152,Z1.4-II-1.0-H,50,accept,,0,2025-11-05 10:06:00,20260106T061500Z-QE24M
L25-1018,E-0154,Z1.4-II-1.0-J,80,reject,D01:5,5,2025-11-05 11:47:00,20260106T061500Z-QE24M
L25-1029,E-0154,Z1.4-II-1.0-J,80,accept,D11:1,1,2025-11-05 07:02:00,20260106T061500Z-QE24M
L25-0954,E-0153,Z1.4-II-1.0-K,125,accept,,0,2025-11-06 14:48:00,20260106T061500Z-QE24M
L25-0960,E-0157,Z1.4-II-1.0-J,80,accept,,0,2025-11-06 08:29:00,20260106T061500Z-QE24M
L25-0969,E-0153,Z1.4-II-1.0-J,80,reject,D11:3,3,2025-11-06 09:23:00,20260106T061500Z-QE24M
L25-0981,E-0154,Z1.4-II-1.0-J,55,accept,D11:2,2,2025-11-06 13:10:00,20260106T061500Z-QE24M
L25-1000,E-0157,Z1.4-II-1.0-L,200,accept,,0,2025-11-06 10:16:00,20260106T061500Z-QE24M
L25-1005,E-0154,Z1.4-II-1.0-G,50,accept,,0,2025-11-06 08:20:00,20260106T061500Z-QE24M
L25-1023,E-0154,Z1.4-II-1.0-J,80,accept,,0,2025-11-06 07:07:00,20260106T061500Z-QE24M
L25-1033,E-0157,Z1.4-II-1.0-J,80,accept,,0,2025-11-06 09:37:00,20260106T061500Z-QE24M
L25-1043,E-0154,Z1.4-II-1.0-J,80,accept,D13:1,1,2025-11-06 08:32:00,20260106T061500Z-QE24M
L25-1049,E-0153,Z1.4-II-1.0-K,125,accept,D10:1,1,2025-11-06 11:06:00,20260106T061500Z-QE24M
L25-0971,E-0152,Z1.4-II-1.0-J,80,accept,D13:1,1,2025-11-07 13:27:00,20260106T061500Z-QE24M
L25-1006,E-0154,Z1.4-II-1.0-K,125,accept,D13:1,1,2025-11-07 11:17:00,20260106T061500Z-QE24M
L25-1019,E-0154,Z1.4-II-1.0-K,125,accept,D13:1,1,2025-11-07 08:39:00,20260106T061500Z-QE24M
L25-1022,E-0153,Z1.4-II-1.0-L,200,accept,D11:1,1,2025-11-07 14:18:00,20260106T061500Z-QE24M
L25-1035,E-0157,Z1.4-II-1.0-J,80,accept,,0,2025-11-07 11:33:00,20260106T061500Z-QE24M
L25-0950,E-0153,Z1.4-II-1.0-K,125,accept,D11:1,1,2025-11-10 12:05:00,20260106T061500Z-QE24M
L25-0984,E-0152,Z1.4-II-1.0-J,80,accept,,0,2025-11-10 09:43:00,20260106T061500Z-QE24M
L25-0988,E-0152,Z1.4-II-1.0-J,80,accept,,0,2025-11-10 08:33:00,20260106T061500Z-QE24M
L25-0990,E-0154,Z1.4-II-1.0-K,125,accept,,0,2025-11-10 13:07:00,20260106T061500Z-QE24M
L25-1008,E-0157,Z1.4-II-1.0-J,80,reject,D03:3,3,2025-11-10 14:25:00,20260106T061500Z-QE24M
L25-1041,E-0157,Z1.4-II-1.0-K,125,accept,,0,2025-11-10 12:08:00,20260106T061500Z-QE24M
L25-1042,E-0154,Z1.4-II-1.0-J,39,accept,,0,2025-11-10 10:59:00,20260106T061500Z-QE24M
L25-1044,E-0154,Z1.4-II-1.0-J,80,accept,,0,2025-11-10 14:33:00,20260106T061500Z-QE24M
L25-1057,E-0157,Z1.4-II-1.0-J,80,accept,D10:1,1,2025-11-10 10:19:00,20260106T061500Z-QE24M
L25-1013,E-0157,Z1.4-II-1.0-K,125,accept,,0,2025-11-11 08:50:00,20260106T061500Z-QE24M
L25-1024,E-0152,Z1.4-II-1.0-L,200,accept,,0,2025-11-11 12:26:00,20260106T061500Z-QE24M
L25-1039,E-0154,Z1.4-II-1.0-J,80,reject,D01:3,3,2025-11-11 10:36:00,20260106T061500Z-QE24M
L25-1054,E-0153,Z1.4-II-1.0-J,80,accept,D10:1,1,2025-11-11 14:19:00,20260106T061500Z-QE24M
L25-0985,E-0152,Z1.4-II-1.0-H,50,accept,D11:1,1,2025-11-12 12:38:00,20260106T061500Z-QE24M
L25-1031,E-0157,Z1.4-II-1.0-J,80,accept,,0,2025-11-12 09:29:00,20260106T061500Z-QE24M
L25-1073,E-0153,Z1.4-II-1.0-K,125,accept,,0,2025-11-12 14:14:00,20260106T061500Z-QE24M
L25-0945,E-0154,Z1.4-II-1.0-L,200,accept,,0,2025-11-13 07:44:00,20260106T061500Z-QE24M
L25-0994,E-0157,Z1.4-II-1.0-L,200,accept,,0,2025-11-13 13:04:00,20260106T061500Z-QE24M
L25-1028,E-0153,Z1.4-II-1.0-K,125,accept,,0,2025-11-13 07:01:00,20260106T061500Z-QE24M
L25-1034,E-0153,Z1.4-II-1.0-K,125,accept,D10:1,1,2025-11-13 08:46:00,20260106T061500Z-QE24M
L25-1051,E-0157,Z1.4-II-1.0-J,80,accept,,0,2025-11-13 14:14:00,20260106T061500Z-QE24M
L25-1056,E-0153,Z1.4-II-1.0-J,80,accept,D10:1,1,2025-11-13 07:02:00,20260106T061500Z-QE24M
L25-1062,E-0157,Z1.4-II-1.0-H,50,accept,,0,2025-11-13 11:23:00,20260106T061500Z-QE24M
L25-1084,E-0153,Z1.4-II-1.0-J,80,accept,,0,2025-11-13 07:36:00,20260106T061500Z-QE24M
L25-1095,E-0153,Z1.4-II-1.0-J,61,reject,D07:4,4,2025-11-13 11:40:00,20260106T061500Z-QE24M
L25-1053,E-0157,Z1.4-II-1.0-J,52,accept,,0,2025-11-14 10:23:00,20260106T061500Z-QE24M
L25-1058,E-0153,Z1.4-II-1.0-J,80,accept,,0,2025-11-14 07:12:00,20260106T061500Z-QE24M
L25-1072,E-0154,Z1.4-II-1.0-J,80,accept,D11:1,1,2025-11-14 13:45:00,20260106T061500Z-QE24M
L25-1081,E-0152,Z1.4-II-1.0-K,59,accept,D10:1,1,2025-11-14 10:47:00,20260106T061500Z-QE24M
L25-1097,E-0152,Z1.4-II-1.0-G,50,accept,,0,2025-11-14 10:40:00,20260106T061500Z-QE24M
L25-0996,E-0153,Z1.4-II-1.0-K,125,accept,D11:1,1,2025-11-17 12:44:00,20260106T061500Z-QE24M
L25-0997,E-0157,Z1.4-II-1.0-J,80,accept,,0,2025-11-17 09:44:00,20260106T061500Z-QE24M
L25-1052,E-0154,Z1.4-II-1.0-K,125,reject,D13:4,4,2025-11-17 08:27:00,20260106T061500Z-QE24M
L25-1063,E-0154,Z1.4-II-1.0-J,80,accept,,0,2025-11-17 12:20:00,20260106T061500Z-QE24M
L25-1070,E-0153,Z1.4-II-1.0-J,80,accept,,0,2025-11-17 14:13:00,20260106T061500Z-QE24M
L25-1116,E-0157,Z1.4-II-1.0-K,125,accept,,0,2025-11-17 13:06:00,20260106T061500Z-QE24M
L25-1001,E-0153,Z1.4-II-1.0-K,125,accept,D13:1,1,2025-11-18 08:48:00,20260106T061500Z-QE24M
L25-1025,E-0157,Z1.4-II-1.0-J,80,accept,D13:2,2,2025-11-18 11:00:00,20260106T061500Z-QE24M
L25-1027,E-0153,Z1.4-II-1.0-J,80,accept,D10:1,1,2025-11-18 12:16:00,20260106T061500Z-QE24M
L25-1055,E-0157,Z1.4-II-1.0-K,125,accept,,0,2025-11-18 10:36:00,20260106T061500Z-QE24M
L25-1075,E-0152,Z1.4-II-1.0-J,80,accept,,0,2025-11-18 08:54:00,20260106T061500Z-QE24M
L25-1083,E-0152,Z1.4-II-1.0-K,125,accept,D13:1,1,2025-11-18 13:02:00,20260106T061500Z-QE24M
L25-1032,E-0152,Z1.4-II-1.0-J,80,accept,D13:1,1,2025-11-19 13:53:00,20260106T061500Z-QE24M
L25-1037,E-0152,Z1.4-II-1.0-K,125,accept,,0,2025-11-19 09:35:00,20260106T061500Z-QE24M
L25-1066,E-0152,Z1.4-II-1.0-J,80,accept,,0,2025-11-19 09:29:00,20260106T061500Z-QE24M
L25-1096,E-0152,Z1.4-II-1.0-J,80,accept,,0,2025-11-19 13:25:00,20260106T061500Z-QE24M
L25-1098,E-0154,Z1.4-II-1.0-H,50,accept,D11:1,1,2025-11-19 11:38:00,20260106T061500Z-QE24M
L25-1111,E-0152,Z1.4-II-1.0-H,50,accept,,0,2025-11-19 09:51:00,20260106T061500Z-QE24M
L25-1010,E-0153,Z1.4-II-1.0-K,125,accept,D13:3,3,2025-11-20 09:35:00,20260106T061500Z-QE24M
L25-1021,E-0157,Z1.4-II-1.0-K,125,accept,,0,2025-11-20 11:20:00,20260106T061500Z-QE24M
L25-1050,E-0154,Z1.4-II-1.0-K,125,reject,D13:5,5,2025-11-20 13:43:00,20260106T061500Z-QE24M
L25-1067,E-0152,Z1.4-II-1.0-J,80,accept,,0,2025-11-20 11:02:00,20260106T061500Z-QE24M
L25-1077,E-0154,Z1.4-II-1.0-J,80,accept,D11:2,2,2025-11-20 11:55:00,20260106T061500Z-QE24M
L25-1079,E-0154,Z1.4-II-1.0-J,80,accept,D11:1,1,2025-11-20 10:50:00,20260106T061500Z-QE24M
L25-1080,E-0157,Z1.4-II-1.0-K,125,accept,,0,2025-11-20 10:05:00,20260106T061500Z-QE24M
L25-1088,E-0154,Z1.4-II-1.0-K,125,accept,,0,2025-11-20 13:26:00,20260106T061500Z-QE24M
L25-1091,E-0152,Z1.4-II-1.0-J,80,accept,,0,2025-11-20 08:59:00,20260106T061500Z-QE24M
L25-1100,E-0154,Z1.4-II-1.0-H,50,accept,,0,2025-11-20 09:45:00,20260106T061500Z-QE24M
L25-1101,E-0154,Z1.4-II-1.0-G,50,accept,,0,2025-11-20 11:04:00,20260106T061500Z-QE24M
L25-1103,E-0157,Z1.4-II-1.0-J,80,accept,,0,2025-11-20 13:09:00,20260106T061500Z-QE24M
L25-1109,E-0154,Z1.4-II-1.0-J,80,accept,D10:1,1,2025-11-20 07:03:00,20260106T061500Z-QE24M
L25-1110,E-0157,Z1.4-II-1.0-J,80,accept,D13:1,1,2025-11-20 12:33:00,20260106T061500Z-QE24M
L25-1118,E-0157,Z1.4-II-1.0-K,125,accept,,0,2025-11-20 09:37:00,20260106T061500Z-QE24M
L25-1045,E-0153,Z1.4-II-1.0-G,50,accept,,0,2025-11-21 08:29:00,20260106T061500Z-QE24M
L25-1036,E-0153,Z1.4-II-1.0-J,80,accept,,0,2025-11-24 13:33:00,20260106T061500Z-QE24M
L25-1048,E-0153,Z1.4-II-1.0-K,125,accept,,0,2025-11-24 13:34:00,20260106T061500Z-QE24M
L25-1060,E-0153,Z1.4-II-1.0-J,80,accept,D13:1,1,2025-11-24 11:25:00,20260106T061500Z-QE24M
L25-1064,E-0157,Z1.4-II-1.0-G,50,reject,D13:3,3,2025-11-24 13:11:00,20260106T061500Z-QE24M
L25-1076,E-0153,Z1.4-II-1.0-H,50,accept,,0,2025-11-24 12:29:00,20260106T061500Z-QE24M
L25-1078,E-0153,Z1.4-II-1.0-K,125,accept,,0,2025-11-24 08:57:00,20260106T061500Z-QE24M
L25-1092,E-0157,Z1.4-II-1.0-K,125,reject,D02:6,6,2025-11-24 09:16:00,20260106T061500Z-QE24M
L25-1094,E-0153,Z1.4-II-1.0-J,80,accept,,0,2025-11-24 07:09:00,20260106T061500Z-QE24M
L25-1102,E-0157,Z1.4-II-1.0-J,80,accept,,0,2025-11-24 10:53:00,20260106T061500Z-QE24M
L25-1104,E-0152,Z1.4-II-1.0-J,80,accept,,0,2025-11-24 10:38:00,20260106T061500Z-QE24M
L25-1115,E-0157,Z1.4-II-1.0-H,50,accept,,0,2025-11-24 11:46:00,20260106T061500Z-QE24M
L25-1137,E-0157,Z1.4-II-1.0-J,80,accept,D13:1,1,2025-11-24 10:45:00,20260106T061500Z-QE24M
L25-1026,E-0153,Z1.4-II-1.0-K,125,reject,D05:5,5,2025-11-25 13:58:00,20260106T061500Z-QE24M
L25-1113,E-0154,Z1.4-II-1.0-H,50,accept,,0,2025-11-25 14:44:00,20260106T061500Z-QE24M
L25-1124,E-0153,Z1.4-II-1.0-J,80,accept,D11:1,1,2025-11-25 10:09:00,20260106T061500Z-QE24M
L25-1069,E-0157,Z1.4-II-1.0-J,80,accept,,0,2025-11-26 14:39:00,20260106T061500Z-QE24M
L25-1071,E-0153,Z1.4-II-1.0-L,110,accept,,0,2025-11-26 09:57:00,20260106T061500Z-QE24M
L25-1090,E-0154,Z1.4-II-1.0-K,125,accept,,0,2025-11-26 13:08:00,20260106T061500Z-QE24M
L25-1107,E-0152,Z1.4-II-1.0-H,50,reject,D02:3,3,2025-11-26 08:13:00,20260106T061500Z-QE24M
L25-1108,E-0153,Z1.4-II-1.0-J,80,accept,,0,2025-11-26 10:38:00,20260106T061500Z-QE24M
L25-1133,E-0157,Z1.4-II-1.0-H,50,accept,,0,2025-11-26 07:01:00,20260106T061500Z-QE24M
L25-1065,E-0157,Z1.4-II-1.0-J,80,accept,,0,2025-11-27 12:16:00,20260106T061500Z-QE24M
L25-1068,E-0152,Z1.4-II-1.0-J,80,reject,D09:5,5,2025-11-27 07:33:00,20260106T061500Z-QE24M
L25-1074,E-0157,Z1.4-II-1.0-J,80,accept,D13:1,1,2025-11-27 11:21:00,20260106T061500Z-QE24M
L25-1085,E-0154,Z1.4-II-1.0-K,125,accept,,0,2025-11-27 13:48:00,20260106T061500Z-QE24M
L25-1086,E-0153,Z1.4-II-1.0-J,80,accept,,0,2025-11-27 10:27:00,20260106T061500Z-QE24M
L25-1117,E-0152,Z1.4-II-1.0-K,125,accept,,0,2025-11-27 07:16:00,20260106T061500Z-QE24M
L25-1129,E-0157,Z1.4-II-1.0-J,80,accept,,0,2025-11-27 10:25:00,20260106T061500Z-QE24M
L25-1160,E-0154,Z1.4-II-1.0-J,80,reject,D04:4,4,2025-11-27 08:49:00,20260106T061500Z-QE24M
L25-1162,E-0154,Z1.4-II-1.0-H,26,reject,D01:2,2,2025-11-27 14:11:00,20260106T061500Z-QE24M
L25-1038,E-0157,Z1.4-II-1.0-K,125,accept,,0,2025-12-01 13:46:00,20260106T061500Z-QE24M
L25-1059,E-0153,Z1.4-II-1.0-J,80,accept,D10:1,1,2025-12-01 12:45:00,20260106T061500Z-QE24M
L25-1061,E-0154,Z1.4-II-1.0-K,125,accept,D10:1,1,2025-12-01 08:19:00,20260106T061500Z-QE24M
L25-1087,E-0152,Z1.4-II-1.0-J,80,accept,,0,2025-12-01 08:11:00,20260106T061500Z-QE24M
L25-1093,E-0152,Z1.4-II-1.0-K,125,accept,,0,2025-12-01 08:40:00,20260106T061500Z-QE24M
L25-1125,E-0157,Z1.4-II-1.0-K,125,accept,,0,2025-12-01 14:35:00,20260106T061500Z-QE24M
L25-1132,E-0154,Z1.4-II-1.0-J,80,reject,D03:3,3,2025-12-01 11:00:00,20260106T061500Z-QE24M
L25-1120,E-0154,Z1.4-II-1.0-J,80,accept,,0,2025-12-02 11:22:00,20260106T061500Z-QE24M
L25-1143,E-0154,Z1.4-II-1.0-G,36,accept,D13:1,1,2025-12-02 13:49:00,20260106T061500Z-QE24M
L25-1082,E-0153,Z1.4-II-1.0-J,56,accept,,0,2025-12-03 14:42:00,20260106T061500Z-QE24M
L25-1089,E-0152,Z1.4-II-1.0-J,80,accept,,0,2025-12-03 12:35:00,20260106T061500Z-QE24M
L25-1119,E-0152,Z1.4-II-1.0-K,125,accept,D10:1,1,2025-12-03 07:35:00,20260106T061500Z-QE24M
L25-1122,E-0154,Z1.4-II-1.0-J,80,reject,D11:4,4,2025-12-03 12:18:00,20260106T061500Z-QE24M
L25-1126,E-0152,Z1.4-II-1.0-J,48,accept,,0,2025-12-03 07:13:00,20260106T061500Z-QE24M
L25-1127,E-0153,Z1.4-II-1.0-J,80,accept,D10:1,1,2025-12-03 14:25:00,20260106T061500Z-QE24M
L25-1099,E-0157,Z1.4-II-1.0-L,200,accept,,0,2025-12-04 11:19:00,20260106T061500Z-QE24M
L25-1106,E-0157,Z1.4-II-1.0-J,80,accept,,0,2025-12-04 07:52:00,20260106T061500Z-QE24M
L25-1112,E-0157,Z1.4-II-1.0-J,80,reject,D03:3,3,2025-12-04 09:20:00,20260106T061500Z-QE24M
L25-1114,E-0153,Z1.4-II-1.0-J,80,accept,,0,2025-12-04 08:55:00,20260106T061500Z-QE24M
L25-1121,E-0152,Z1.4-II-1.0-J,80,accept,,0,2025-12-04 09:50:00,20260106T061500Z-QE24M
L25-1128,E-0153,Z1.4-II-1.0-K,125,accept,,0,2025-12-04 10:35:00,20260106T061500Z-QE24M
L25-1139,E-0157,Z1.4-II-1.0-J,80,accept,,0,2025-12-04 14:08:00,20260106T061500Z-QE24M
L25-1141,E-0153,Z1.4-II-1.0-H,50,accept,,0,2025-12-04 13:52:00,20260106T061500Z-QE24M
L25-1145,E-0153,Z1.4-II-1.0-J,80,accept,,0,2025-12-04 10:29:00,20260106T061500Z-QE24M
L25-1153,E-0157,Z1.4-II-1.0-J,80,accept,D13:1,1,2025-12-04 14:31:00,20260106T061500Z-QE24M
L25-1156,E-0154,Z1.4-II-1.0-K,125,accept,,0,2025-12-04 07:32:00,20260106T061500Z-QE24M
L25-1105,E-0153,Z1.4-II-1.0-J,80,accept,D13:1,1,2025-12-05 12:00:00,20260106T061500Z-QE24M
L25-1134,E-0152,Z1.4-II-1.0-K,78,accept,,0,2025-12-05 08:57:00,20260106T061500Z-QE24M
L25-1136,E-0154,Z1.4-II-1.0-K,125,accept,,0,2025-12-05 11:57:00,20260106T061500Z-QE24M
L25-1146,E-0153,Z1.4-II-1.0-K,125,accept,D10:1,1,2025-12-08 07:15:00,20260106T061500Z-QE24M
L25-1147,E-0154,Z1.4-II-1.0-J,80,accept,,0,2025-12-08 07:54:00,20260106T061500Z-QE24M
L25-1150,E-0157,Z1.4-II-1.0-K,125,accept,,0,2025-12-08 07:54:00,20260106T061500Z-QE24M
L25-1151,E-0153,Z1.4-II-1.0-J,80,accept,D10:1,1,2025-12-08 11:17:00,20260106T061500Z-QE24M
L25-1166,E-0152,Z1.4-II-1.0-J,80,accept,D13:1,1,2025-12-08 09:35:00,20260106T061500Z-QE24M
L25-1152,E-0154,Z1.4-II-1.0-J,59,accept,D13:1,1,2025-12-09 09:05:00,20260106T061500Z-QE24M
L25-1163,E-0152,Z1.4-II-1.0-J,80,accept,,0,2025-12-09 12:04:00,20260106T061500Z-QE24M
L25-1178,E-0157,Z1.4-II-1.0-K,125,accept,,0,2025-12-09 08:08:00,20260106T061500Z-QE24M
L25-1149,E-0157,Z1.4-II-1.0-K,125,reject,D01:4,4,2025-12-10 14:10:00,20260106T061500Z-QE24M
L25-1168,E-0153,Z1.4-II-1.0-J,80,reject,D02:4,4,2025-12-10 12:26:00,20260106T061500Z-QE24M
L25-1169,E-0152,Z1.4-II-1.0-J,80,reject,D13:4,4,2025-12-10 11:23:00,20260106T061500Z-QE24M
L25-1123,E-0153,Z1.4-II-1.0-K,125,accept,D13:1,1,2025-12-11 07:10:00,20260106T061500Z-QE24M
L25-1130,E-0152,Z1.4-II-1.0-J,48,accept,,0,2025-12-11 09:18:00,20260106T061500Z-QE24M
L25-1140,E-0153,Z1.4-II-1.0-L,200,reject,D02:6,6,2025-12-11 09:51:00,20260106T061500Z-QE24M
L25-1144,E-0152,Z1.4-II-1.0-K,125,accept,,0,2025-12-11 12:53:00,20260106T061500Z-QE24M
L25-1164,E-0157,Z1.4-II-1.0-J,80,accept,,0,2025-12-11 13:09:00,20260106T061500Z-QE24M
L25-1170,E-0157,Z1.4-II-1.0-J,80,accept,,0,2025-12-11 08:21:00,20260106T061500Z-QE24M
L25-1148,E-0154,Z1.4-II-1.0-J,80,accept,D13:1,1,2025-12-12 10:02:00,20260106T061500Z-QE24M
L25-1175,E-0154,Z1.4-II-1.0-J,80,accept,,0,2025-12-12 07:17:00,20260106T061500Z-QE24M
L25-1131,E-0153,Z1.4-II-1.0-K,125,accept,D10:1,1,2025-12-15 07:38:00,20260106T061500Z-QE24M
L25-1142,E-0153,Z1.4-II-1.0-J,80,accept,D13:1,1,2025-12-15 08:30:00,20260106T061500Z-QE24M
L25-1154,E-0154,Z1.4-II-1.0-J,80,accept,,0,2025-12-15 09:50:00,20260106T061500Z-QE24M
L25-1159,E-0152,Z1.4-II-1.0-J,80,reject,D10:4,4,2025-12-15 12:34:00,20260106T061500Z-QE24M
L25-1165,E-0152,Z1.4-II-1.0-J,80,accept,,0,2025-12-15 08:32:00,20260106T061500Z-QE24M
L25-1171,E-0157,Z1.4-II-1.0-J,80,accept,,0,2025-12-15 11:55:00,20260106T061500Z-QE24M
L25-1172,E-0153,Z1.4-II-1.0-J,80,reject,D02:3,3,2025-12-15 10:29:00,20260106T061500Z-QE24M
L25-1174,E-0157,Z1.4-II-1.0-J,55,accept,D10:1,1,2025-12-15 08:08:00,20260106T061500Z-QE24M
L25-1176,E-0153,Z1.4-II-1.0-J,80,accept,,0,2025-12-15 12:44:00,20260106T061500Z-QE24M
L25-1157,E-0154,Z1.4-II-1.0-K,125,accept,,0,2025-12-16 08:13:00,20260106T061500Z-QE24M
L25-1155,E-0152,Z1.4-II-1.0-J,80,accept,D11:2,2,2025-12-17 09:21:00,20260106T061500Z-QE24M
L25-1161,E-0152,Z1.4-II-1.0-J,80,accept,D10:1,1,2025-12-17 11:22:00,20260106T061500Z-QE24M
L25-1138,E-0153,Z1.4-II-1.0-J,80,accept,D10:2,2,2025-12-18 14:33:00,20260106T061500Z-QE24M
L25-1173,E-0152,Z1.4-II-1.0-K,125,accept,,0,2025-12-18 08:21:00,20260106T061500Z-QE24M
L25-1180,E-0157,Z1.4-II-1.0-J,80,accept,,0,2025-12-18 07:40:00,20260106T061500Z-QE24M
L25-1135,E-0152,Z1.4-II-1.0-K,125,accept,,0,2025-12-19 07:37:00,20260106T061500Z-QE24M
L25-1179,E-0157,Z1.4-II-1.0-J,80,accept,,0,2025-12-19 09:29:00,20260106T061500Z-QE24M
L25-1186,E-0154,Z1.4-II-1.0-K,125,accept,D13:1,1,2025-12-19 09:24:00,20260106T061500Z-QE24M
L25-1177,E-0154,Z1.4-II-1.0-J,35,accept,,0,2025-12-22 09:20:00,20260106T061500Z-QE24M
L25-1181,E-0152,Z1.4-II-1.0-K,125,accept,D11:1,1,2025-12-22 07:52:00,20260106T061500Z-QE24M
L25-1183,E-0157,Z1.4-II-1.0-K,125,accept,D13:1,1,2025-12-22 13:48:00,20260106T061500Z-QE24M
L25-1188,E-0153,Z1.4-II-1.0-G,27,accept,,0,2025-12-22 11:08:00,20260106T061500Z-QE24M
L25-1158,E-0157,Z1.4-II-1.0-K,62,accept,,0,2025-12-23 07:14:00,20260106T061500Z-QE24M
L25-1185,E-0152,Z1.4-II-1.0-K,125,accept,D11:1,1,2025-12-23 07:23:00,20260106T061500Z-QE24M
