ncr_id,job_id,receiving_id,characteristic_id,defect_code,quantity_affected,detected_at,cause_code,cause_text,disposition,concession_no,rework_hours_booked,sorting_hours,reinspection_hours,mrb_date,opened,closed,capa_id,opened_by,status,export_batch_id
NCR-23-0881,L23-1253,,,D02,364,in-process,machine,length out of tol,use as is,CD-34731,,,8.3,2023-12-14,2023-12-06,2024-01-12,,E-0111,closed,20260106T061500Z-QE24M
NCR-23-0882,L23-1264,,C-12565-06,D01,228,in-process,operator,OD undersize,scrap,,,,,2023-12-20,2023-12-14,2024-01-13,,E-0103,closed,20260106T061500Z-QE24M
NCR-23-0883,L23-1270,,C-14168-19,D01,354,in-process,machine,OD out of tol,rework,,120.0,,5.5,2023-12-17,2023-12-16,2024-01-14,,E-0119,closed,20260106T061500Z-QE24M
NCR-23-0884,L23-1209,,C-18353-03,D01,173,in-process,machine,diameter out,rework,,,,4.0,2023-12-25,2023-12-19,2024-01-17,,E-0124,closed,20260106T061500Z-QE24M
NCR-23-0885,L23-1250,,,D13,274,final,operator,damaged in handling,rework,,20.4,,6.1,2023-12-26,2023-12-19,2024-01-10,,E-0152,closed,20260106T061500Z-QE24M
NCR-23-0886,L23-1191,,,D10,154,final,,burr on edge,scrap,,,,,2023-12-25,2023-12-21,2024-01-23,,E-0151,closed,20260106T061500Z-QE24M
NCR-23-0887,L23-1134,,,D10,90,customer,program,burrs,scrap,,,,,2023-12-31,2023-12-25,2024-01-05,,E-0151,closed,20260106T061500Z-QE24M
NCR-24-0001,L23-1266,,,D02,504,in-process,tooling,length long,use as is,,,,4.4,2024-01-07,2024-01-01,2024-01-27,,E-0137,closed,20260106T061500Z-QE24M
NCR-24-0002,L23-1217,,C-14042-07,D01,76,in-process,other,OD oversize,scrap,,,,,2024-01-11,2024-01-02,2024-01-16,,E-0142,closed,20260106T061500Z-QE24M
NCR-24-0003,L23-1224,,,D02,68,in-process,operator,length short,rework,,339.7,,8.2,2024-01-03,2024-01-02,2024-01-15,,E-0101,closed,20260106T061500Z-QE24M
NCR-24-0004,L23-1295,,,D14,117,CMM,machine,parts out of tolerance,rework,,,,2.1,2024-01-04,2024-01-02,2024-01-08,,E-0157,closed,20260106T061500Z-QE24M
NCR-24-0005,L23-1220,,C-13045-01,D01,161,in-process,tooling,OD out of tol,scrap,,,,,2024-01-07,2024-01-03,2024-02-02,,E-0111,closed,20260106T061500Z-QE24M
NCR-24-0006,,RI-24-00008,,REC,114,receiving,,defects in sample,sort,,,20.9,9.6,2024-01-09,2024-01-03,2024-01-22,,E-0151,closed,20260106T061500Z-QE24M
NCR-24-0007,L23-1209,RI-24-00030,,REC,600,receiving,material,supplier lot rejected,return to supplier,,,,,2024-01-11,2024-01-04,2024-02-01,,E-0150,closed,20260106T061500Z-QE24M
NCR-24-0008,L23-1225,,,D02,101,in-process,operator,length short,scrap,,,,,2024-01-06,2024-01-04,2024-01-15,,E-0140,closed,20260106T061500Z-QE24M
NCR-24-0009,L23-1272,RI-24-00025,,REC,491,receiving,supplier,defects in sample,return to supplier,,,,,2024-01-07,2024-01-04,2024-01-22,,E-0156,closed,20260106T061500Z-QE24M
NCR-24-0010,L23-1265,,C-15532-28,D03,393,final,operator,bore tight,rework,,105.5,,11.7,2024-01-08,2024-01-04,2024-01-29,,E-0153,closed,20260106T061500Z-QE24M
NCR-24-0011,L23-1302,,,D07,69,in-process,operator,finish rough,scrap,,,,,2024-01-06,2024-01-04,2024-01-28,,E-0101,closed,20260106T061500Z-QE24M
NCR-24-0012,L23-1304,,,D07,38,in-process,,finish rough,rework,,57.5,,8.0,2024-01-13,2024-01-04,2024-01-16,,E-0131,closed,20260106T061500Z-QE24M
NCR-24-0013,L23-1307,,,D01,78,in-process,gauge,diameter out,scrap,,,,,2024-01-14,2024-01-07,2024-01-17,,E-0103,closed,20260106T061500Z-QE24M
NCR-24-0014,L23-1316,,,D03,51,in-process,operator,bore tight,scrap,,,,,2024-01-18,2024-01-10,2024-02-15,,E-0144,closed,20260106T061500Z-QE24M
NCR-24-0015,L23-1268,,C-14350-28,D08,301,final,machine,thread tight,rework,,73.7,,8.8,2024-01-12,2024-01-10,2024-02-02,,E-0149,closed,20260106T061500Z-QE24M
NCR-24-0016,L23-1247,,C-11584-16,D02,300,final,machine,length short,use as is,,,,3.2,2024-01-21,2024-01-11,2024-02-07,,E-0153,closed,20260106T061500Z-QE24M
NCR-24-0017,L23-1322,,C-16150-09,D02,50,CMM,machine,length short,use as is,,,,3.8,2024-01-18,2024-01-12,2024-01-27,,E-0150,closed,20260106T061500Z-QE24M
NCR-24-0018,L23-1321,,C-11529-03,D02,1305,in-process,operator,length short,rework,,,,5.0,2024-01-21,2024-01-15,2024-02-17,,E-0138,closed,20260106T061500Z-QE24M
NCR-24-0019,L23-1330,,,D03,134,in-process,operator,bore oversize,use as is,CD-28165,,,1.7,2024-01-25,2024-01-15,2024-02-14,,E-0131,closed,20260106T061500Z-QE24M
NCR-24-0020,L23-1207,,C-12756-12,D01,381,final,operator,OD out of tol,sort,,,71.2,5.7,2024-01-25,2024-01-15,2024-02-10,,E-0156,closed,20260106T061500Z-QE24M
NCR-24-0021,L24-0006,,C-11301-32,D02,460,in-process,gauge,length out of tol,rework,,,,5.3,2024-01-21,2024-01-16,2024-01-26,,E-0115,closed,20260106T061500Z-QE24M
NCR-24-0022,,RI-24-00104,,REC,68,receiving,other,defects in sample,return to supplier,,,,,2024-01-20,2024-01-16,2024-01-23,,E-0151,closed,20260106T061500Z-QE24M
NCR-24-0023,L23-1272,,C-11072-05,D08,45,final,tooling,thread tight,scrap,,,,,2024-01-27,2024-01-17,2024-02-11,,E-0150,closed,20260106T061500Z-QE24M
NCR-24-0024,L24-0008,,C-13321-18,D01,119,in-process,operator,diameter out,scrap,,,,,2024-01-24,2024-01-17,2024-02-19,,E-0122,closed,20260106T061500Z-QE24M
NCR-24-0025,L23-1343,,C-11033-39,D02,34,in-process,material,length short,scrap,,,,,2024-01-23,2024-01-17,2024-01-28,,E-0131,closed,20260106T061500Z-QE24M
NCR-24-0026,L23-1343,,C-11033-39,D02,15,in-process,machine,length short,rework,,94.4,,6.6,2024-01-26,2024-01-17,2024-02-13,,E-0131,closed,20260106T061500Z-QE24M
NCR-24-0027,L23-1299,,,D11,35,final,material,scratches,rework,,,,2.6,2024-01-19,2024-01-18,2024-02-15,,E-0149,closed,20260106T061500Z-QE24M
NCR-24-0028,L23-1354,,C-19072-02,D01,270,in-process,operator,OD out of tol,scrap,,,,,2024-01-24,2024-01-20,2024-02-10,,E-0110,closed,20260106T061500Z-QE24M
NCR-24-0029,L24-0018,,C-14952-36,D01,131,in-process,operator,OD oversize,scrap,,,,,2024-02-01,2024-01-23,2024-03-02,,E-0121,closed,20260106T061500Z-QE24M
NCR-24-0030,L23-1352,,,D02,294,in-process,operator,length short,sort,,,47.2,5.8,2024-01-25,2024-01-23,2024-02-05,,E-0138,closed,20260106T061500Z-QE24M
NCR-24-0031,L23-1353,,C-16352-10,D01,486,CMM,machine,OD out of tol,rework,,,,6.3,2024-02-01,2024-01-24,2024-02-29,,E-0153,closed,20260106T061500Z-QE24M
NCR-24-0032,L23-1225,,C-10798-35,D03,22,final,program,bore tight,scrap,,,,,2024-02-03,2024-01-24,2024-02-09,,E-0156,closed,20260106T061500Z-QE24M
NCR-24-0033,L23-1292,,C-14212-23,D03,119,final,machine,bore oversize,rework,,,,2.5,2024-02-04,2024-01-25,2024-02-19,,E-0153,closed,20260106T061500Z-QE24M
NCR-24-0034,L23-1365,,C-12589-36,D03,293,in-process,,bore tight,use as is,,,,9.8,2024-01-28,2024-01-25,2024-02-13,,E-0106,closed,20260106T061500Z-QE24M
NCR-24-0035,,RI-24-00187,,REC,56,receiving,material,defects in sample,sort,,,17.5,9.9,2024-01-31,2024-01-25,2024-02-17,,E-0151,closed,20260106T061500Z-QE24M
NCR-24-0036,L23-1331,RI-24-00185,,REC,1166,receiving,supplier,supplier lot rejected,return to supplier,,,,,2024-01-31,2024-01-26,2024-02-10,,E-0154,closed,20260106T061500Z-QE24M
NCR-24-0037,L23-1366,,,D14,16,CMM,tooling,bad parts,scrap,,,,,2024-02-04,2024-01-26,2024-02-18,,E-0153,closed,20260106T061500Z-QE24M
NCR-24-0038,L23-1343,RI-24-00190,,REC,198,receiving,,supplier lot rejected,return to supplier,,,,,2024-02-06,2024-01-27,2024-02-21,,E-0152,closed,20260106T061500Z-QE24M
NCR-24-0039,L23-1344,,,D03,144,in-process,machine,bore oversize,scrap,,,,,2024-01-30,2024-01-27,2024-02-11,,E-0144,closed,20260106T061500Z-QE24M
NCR-24-0040,L24-0015,,C-11007-33,D08,367,in-process,operator,thread tight,scrap,,,,,2024-02-06,2024-01-28,2024-02-15,,E-0135,closed,20260106T061500Z-QE24M
NCR-24-0041,L23-1252,,,D11,29,customer,machine,cosmetic,rework,,69.2,,4.0,2024-02-05,2024-01-29,2024-02-15,,E-0149,closed,20260106T061500Z-QE24M
NCR-24-0042,L24-0016,RI-24-00218,,REC,1141,receiving,supplier,supplier lot rejected,sort,,,101.5,2.1,2024-01-31,2024-01-30,2024-02-16,,E-0156,closed,20260106T061500Z-QE24M
NCR-24-0043,L23-1324,RI-24-00214,,REC,719,receiving,supplier,supplier lot rejected,return to supplier,,,,,2024-02-05,2024-01-30,2024-03-06,,E-0156,closed,20260106T061500Z-QE24M
NCR-24-0044,,RI-24-00200,,REC,47,receiving,,failed receiving,return to supplier,,,,,2024-02-08,2024-01-30,2024-03-01,,E-0157,closed,20260106T061500Z-QE24M
NCR-24-0045,L23-1370,,C-16903-39,D04,344,in-process,operator,runout high,sort,,,74.8,2.7,2024-02-10,2024-01-31,2024-03-11,,E-0131,closed,20260106T061500Z-QE24M
NCR-24-0046,L24-0040,,,D01,269,in-process,operator,diameter out,rework,,122.5,,5.0,2024-02-04,2024-01-31,2024-02-23,,E-0109,closed,20260106T061500Z-QE24M
NCR-24-0047,L23-1375,,,D01,296,in-process,operator,OD undersize,rework,,242.4,,4.3,2024-02-04,2024-02-01,2024-02-22,,E-0103,closed,20260106T061500Z-QE24M
NCR-24-0048,,RI-24-00255,,REC,290,receiving,supplier,supplier lot rejected,return to supplier,,,,,2024-02-08,2024-02-01,2024-03-01,,E-0155,closed,20260106T061500Z-QE24M
NCR-24-0049,L23-1353,,C-16352-01,D01,476,final,material,OD oversize,sort,,,46.7,5.3,2024-02-11,2024-02-02,2024-02-16,,E-0149,closed,20260106T061500Z-QE24M
NCR-24-0050,L23-1312,,C-12489-36,D01,325,final,program,OD oversize,sort,,,40.2,14.6,2024-02-05,2024-02-02,2024-02-26,,E-0149,closed,20260106T061500Z-QE24M
NCR-24-0051,L24-0051,,C-13317-14,D07,57,in-process,operator,chatter on finish,scrap,,,,,2024-02-10,2024-02-04,2024-02-18,,E-0124,closed,20260106T061500Z-QE24M
NCR-24-0052,L23-1350,,C-18065-32,D07,173,final,tooling,Ra high,sort,,,56.2,7.7,2024-02-15,2024-02-05,2024-02-29,,E-0153,closed,20260106T061500Z-QE24M
NCR-24-0053,L24-0049,,,D14,306,CMM,machine,CMM reject,rework,,68.6,,11.2,2024-02-09,2024-02-05,2024-02-21,CAPA-24-001,E-0151,closed,20260106T061500Z-QE24M
NCR-24-0054,L24-0058,,C-12589-36,D03,169,in-process,operator,bore tight,use as is,CD-41474,,,6.2,2024-02-14,2024-02-06,2024-03-10,,E-0105,closed,20260106T061500Z-QE24M
NCR-24-0055,L23-1349,,C-15697-03,D01,50,final,machine,OD undersize,sort,,,125.2,5.3,2024-02-07,2024-02-06,2024-02-21,,E-0153,closed,20260106T061500Z-QE24M
NCR-24-0056,L23-1321,,,D13,105,final,operator,dings,scrap,,,,,2024-02-13,2024-02-08,2024-03-03,,E-0154,closed,20260106T061500Z-QE24M
NCR-24-0057,L24-0035,RI-24-00304,,REC,1081,receiving,supplier,defects in sample,sort,,,33.1,5.5,2024-02-17,2024-02-10,2024-03-15,,E-0156,closed,20260106T061500Z-QE24M
NCR-24-0058,,RI-24-00312,,REC,150,receiving,supplier,failed receiving,return to supplier,,,,,2024-02-13,2024-02-12,2024-03-06,,E-0151,closed,20260106T061500Z-QE24M
NCR-24-0059,L24-0036,,C-18642-16,D01,52,final,program,OD undersize,rework,,54.5,,9.3,2024-02-16,2024-02-12,2024-02-18,,E-0150,closed,20260106T061500Z-QE24M
NCR-24-0060,L24-0074,,,D06,189,in-process,operator,flatness out,scrap,,,,,2024-02-20,2024-02-12,2024-02-23,,E-0103,closed,20260106T061500Z-QE24M
NCR-24-0061,L23-1365,,C-12589-36,D03,72,final,machine,bore tight,use as is,CD-20815,,,7.3,2024-02-20,2024-02-15,2024-03-08,,E-0151,closed,20260106T061500Z-QE24M
NCR-24-0062,L23-1364,,C-18824-06,D01,134,final,material,diameter out,rework,,53.3,,3.3,2024-02-19,2024-02-15,2024-03-19,,E-0156,closed,20260106T061500Z-QE24M
NCR-24-0063,L24-0073,,,D14,40,CMM,material,bad parts,rework,,,,3.6,2024-02-24,2024-02-16,2024-03-12,,E-0149,closed,20260106T061500Z-QE24M
NCR-24-0064,L24-0085,,C-12861-09,D01,31,in-process,operator,OD oversize,scrap,,,,,2024-02-21,2024-02-16,2024-02-28,,E-0126,closed,20260106T061500Z-QE24M
NCR-24-0065,L24-0028,,C-11909-01,D02,279,final,other,length out of tol,rework,,50.7,,3.4,2024-02-21,2024-02-19,2024-03-22,,E-0153,closed,20260106T061500Z-QE24M
NCR-24-0066,L24-0089,,,D14,276,CMM,machine,bad parts,sort,,,30.6,31.3,2024-02-23,2024-02-19,2024-03-01,,E-0155,closed,20260106T061500Z-QE24M
NCR-24-0067,L24-0045,RI-24-00377,,REC,526,receiving,,defects in sample,return to supplier,,,,,2024-02-23,2024-02-20,2024-03-19,,E-0149,closed,20260106T061500Z-QE24M
NCR-24-0068,L23-1370,,C-16903-26,D09,48,final,machine,hardness low,rework,,82.1,,3.7,2024-03-03,2024-02-22,2024-03-21,,E-0157,closed,20260106T061500Z-QE24M
NCR-24-0069,L24-0088,,C-18180-29,D03,163,in-process,,bore oversize,rework,,186.7,,5.3,2024-02-25,2024-02-22,2024-03-12,,E-0144,closed,20260106T061500Z-QE24M
NCR-24-0070,L24-0069,RI-24-00408,,REC,1875,receiving,supplier,failed receiving,return to supplier,,,,,2024-02-29,2024-02-24,2024-03-10,,E-0156,closed,20260106T061500Z-QE24M
NCR-24-0071,L23-1316,,,D13,10,customer,other,dings,sort,,,103.5,6.9,2024-02-28,2024-02-26,2024-03-25,,E-0156,closed,20260106T061500Z-QE24M
NCR-24-0072,L24-0075,,C-14693-14,D01,430,final,machine,OD undersize,rework,,77.7,,3.4,2024-03-05,2024-02-26,2024-03-06,,E-0154,closed,20260106T061500Z-QE24M
NCR-24-0073,L24-0101,,C-13971-05,D01,51,CMM,program,OD undersize,use as is,CD-86929,,,4.9,2024-03-07,2024-02-26,2024-04-05,,E-0149,closed,20260106T061500Z-QE24M
NCR-24-0074,L24-0082,,C-14134-34,D02,461,final,operator,length short,rework,,,,3.2,2024-03-09,2024-02-28,2024-03-31,,E-0154,closed,20260106T061500Z-QE24M
NCR-24-0075,L24-0071,,C-10845-15,D03,15,final,operator,bore tight,use as is,CD-15279,,,7.8,2024-03-09,2024-02-28,2024-03-14,,E-0155,closed,20260106T061500Z-QE24M
NCR-24-0076,L24-0074,,,D11,75,final,operator,scratches,rework,,50.9,,4.4,2024-03-08,2024-02-28,2024-03-10,,E-0150,closed,20260106T061500Z-QE24M
NCR-24-0077,L23-1387,,C-11502-18,D02,717,in-process,operator,length short,scrap,,,,,2024-03-06,2024-02-29,2024-04-01,,E-0139,closed,20260106T061500Z-QE24M
NCR-24-0078,L24-0110,,,D10,52,final,machine,burr on edge,sort,,,31.6,4.3,2024-03-02,2024-03-01,2024-03-31,CAPA-24-002,E-0153,closed,20260106T061500Z-QE24M
NCR-24-0079,L24-0114,,,D02,405,in-process,gauge,length out of tol,scrap,,,,,2024-03-08,2024-03-03,2024-03-12,,E-0107,closed,20260106T061500Z-QE24M
NCR-24-0080,L24-0123,,C-13328-14,D01,120,in-process,machine,OD undersize,scrap,,,,,2024-03-08,2024-03-03,2024-03-10,,E-0123,closed,20260106T061500Z-QE24M
NCR-24-0081,L24-0138,,,D01,146,in-process,machine,OD oversize,rework,,123.8,,4.4,2024-03-14,2024-03-05,2024-04-02,,E-0105,closed,20260106T061500Z-QE24M
NCR-24-0082,L24-0135,,C-12925-01,D07,21,in-process,machine,chatter on finish,scrap,,,,,2024-03-07,2024-03-05,2024-03-10,,E-0119,closed,20260106T061500Z-QE24M
NCR-24-0083,L24-0142,,C-14574-39,D03,131,in-process,operator,bore tight,rework,,81.7,,13.7,2024-03-14,2024-03-06,2024-03-16,,E-0105,closed,20260106T061500Z-QE24M
NCR-24-0084,L24-0144,,C-13458-01,D01,40,in-process,machine,OD oversize,scrap,,,,,2024-03-16,2024-03-06,2024-03-21,,E-0122,closed,20260106T061500Z-QE24M
NCR-24-0085,,RI-24-00506,,REC,97,receiving,material,failed receiving,return to supplier,,,,,2024-03-08,2024-03-07,2024-04-03,,E-0156,closed,20260106T061500Z-QE24M
NCR-24-0086,L24-0029,,,D09,102,customer,operator,hardness low,scrap,,,,,2024-03-11,2024-03-09,2024-03-23,,E-0156,closed,20260106T061500Z-QE24M
NCR-24-0087,L24-0085,,,D10,201,final,tooling,burr on edge,rework,,,,6.0,2024-03-13,2024-03-11,2024-04-03,,E-0156,closed,20260106T061500Z-QE24M
NCR-24-0088,L24-0162,,,D01,32,in-process,operator,OD undersize,scrap,,,,,2024-03-17,2024-03-11,2024-04-14,,E-0141,closed,20260106T061500Z-QE24M
NCR-24-0089,L24-0170,,,D07,19,in-process,operator,Ra high,scrap,,,,,2024-03-14,2024-03-11,2024-03-20,,E-0114,closed,20260106T061500Z-QE24M
NCR-24-0090,L24-0018,,,D01,188,customer,operator,OD oversize,sort,,,46.6,4.0,2024-03-18,2024-03-12,2024-03-19,,E-0155,closed,20260106T061500Z-QE24M
NCR-24-0091,L24-0161,,C-17582-24,D03,590,in-process,tooling,bore tight,scrap,,,,,2024-03-15,2024-03-13,2024-04-05,,E-0107,closed,20260106T061500Z-QE24M
NCR-24-0092,L24-0161,,C-17582-32,D01,578,in-process,machine,OD undersize,rework,,131.9,,7.2,2024-03-20,2024-03-13,2024-04-15,,E-0107,closed,20260106T061500Z-QE24M
NCR-24-0093,L24-0119,,C-14159-18,D07,66,final,operator,finish rough,sort,,,72.5,3.9,2024-03-17,2024-03-13,2024-04-11,,E-0155,closed,20260106T061500Z-QE24M
NCR-24-0094,L24-0101,,C-13971-05,D01,93,final,machine,OD oversize,rework,,128.6,,4.4,2024-03-23,2024-03-13,2024-04-17,,E-0154,closed,20260106T061500Z-QE24M
NCR-24-0095,L24-0161,,C-17582-32,D01,698,CMM,operator,diameter out,rework,,,,8.6,2024-03-18,2024-03-13,2024-03-26,,E-0155,closed,20260106T061500Z-QE24M
NCR-24-0096,L24-0107,,C-14473-07,D01,280,final,other,OD oversize,sort,,,58.9,7.7,2024-03-20,2024-03-14,2024-04-19,,E-0149,closed,20260106T061500Z-QE24M
NCR-24-0097,L23-1264,,,D10,32,customer,operator,burrs,sort,,,67.5,5.7,2024-03-23,2024-03-15,2024-04-19,,E-0154,closed,20260106T061500Z-QE24M
NCR-24-0098,L24-0053,,,D13,212,customer,operator,damaged in handling,scrap,,,,,2024-03-26,2024-03-16,2024-04-18,,E-0155,closed,20260106T061500Z-QE24M
NCR-24-0099,L24-0180,,C-19370-11,D04,362,in-process,operator,runout over limit,scrap,,,,,2024-03-19,2024-03-16,2024-03-26,,E-0125,closed,20260106T061500Z-QE24M
NCR-24-0100,L24-0166,RI-24-00571,,REC,233,receiving,other,supplier lot rejected,return to supplier,,,,,2024-03-30,2024-03-20,2024-04-23,,E-0150,closed,20260106T061500Z-QE24M
NCR-24-0101,L24-0099,,C-13502-09,D01,151,final,machine,OD oversize,rework,,29.8,,3.0,2024-03-24,2024-03-20,2024-04-05,,E-0156,closed,20260106T061500Z-QE24M
NCR-24-0102,L24-0120,,,D11,58,final,machine,cosmetic,rework,,47.6,,8.6,2024-03-23,2024-03-20,2024-04-10,,E-0155,closed,20260106T061500Z-QE24M
NCR-24-0103,L23-1346,,,D11,160,customer,gauge,scratches,scrap,,,,,2024-03-29,2024-03-25,2024-04-11,,E-0157,closed,20260106T061500Z-QE24M
NCR-24-0104,L24-0174,,,D13,290,final,gauge,damaged in handling,sort,,,36.1,7.3,2024-04-02,2024-03-25,2024-04-15,,E-0150,closed,20260106T061500Z-QE24M
NCR-24-0105,L24-0233,,C-15181-36,D07,257,in-process,machine,Ra high,scrap,,,,,2024-04-02,2024-03-26,2024-04-23,,E-0101,closed,20260106T061500Z-QE24M
NCR-24-0106,L24-0128,,C-11889-16,D05,69,final,machine,position out,use as is,,,,4.5,2024-03-29,2024-03-26,2024-04-20,,E-0150,closed,20260106T061500Z-QE24M
NCR-24-0107,L24-0231,,C-17038-34,D07,114,in-process,operator,finish rough,scrap,,,,,2024-04-04,2024-03-26,2024-04-29,,E-0103,closed,20260106T061500Z-QE24M
NCR-24-0108,L24-0187,,C-11745-31,D08,659,in-process,machine,thread gauge no go,rework,,,,2.3,2024-03-30,2024-03-27,2024-04-04,,E-0140,closed,20260106T061500Z-QE24M
NCR-24-0109,L24-0216,,C-16688-36,D07,262,in-process,machine,Ra high,sort,,,88.9,4.5,2024-03-28,2024-03-27,2024-04-11,,E-0136,closed,20260106T061500Z-QE24M
NCR-24-0110,L24-0237,,C-16180-28,D07,72,in-process,material,Ra high,scrap,,,,,2024-04-03,2024-03-27,2024-04-13,,E-0119,closed,20260106T061500Z-QE24M
NCR-24-0111,L24-0161,,,D10,612,final,machine,burrs,use as is,CD-51997,,,13.0,2024-03-29,2024-03-28,2024-03-31,,E-0153,closed,20260106T061500Z-QE24M
NCR-24-0112,L24-0246,,,D07,38,in-process,,Ra high,scrap,,,,,2024-03-30,2024-03-28,2024-03-31,,E-0105,closed,20260106T061500Z-QE24M
NCR-24-0113,L23-1379,,,D09,309,customer,operator,hardness low,rework,,,,12.5,2024-04-08,2024-03-29,2024-04-19,,E-0149,closed,20260106T061500Z-QE24M
NCR-24-0114,L24-0240,,,D01,36,in-process,machine,OD oversize,rework,,,,2.7,2024-04-02,2024-03-29,2024-04-12,,E-0144,closed,20260106T061500Z-QE24M
NCR-24-0115,L24-0242,,,D01,644,in-process,,diameter out,use as is,,,,4.8,2024-04-03,2024-03-30,2024-04-16,,E-0141,closed,20260106T061500Z-QE24M
NCR-24-0116,L24-0251,,,D09,370,in-process,tooling,hardness low,use as is,CD-92800,,,5.2,2024-04-02,2024-04-01,2024-04-10,,E-0113,closed,20260106T061500Z-QE24M
NCR-24-0117,L23-1387,,C-11502-18,D02,492,final,operator,length short,use as is,,,,4.7,2024-04-10,2024-04-01,2024-04-27,,E-0149,closed,20260106T061500Z-QE24M
NCR-24-0118,L24-0167,,C-11598-17,D01,135,final,machine,OD oversize,use as is,,,,4.2,2024-04-08,2024-04-01,2024-04-10,,E-0157,closed,20260106T061500Z-QE24M
NCR-24-0119,L24-0190,,,D11,617,final,machine,handling marks,rework,,85.6,,9.3,2024-04-04,2024-04-02,2024-04-26,,E-0155,closed,20260106T061500Z-QE24M
NCR-24-0120,L24-0270,,,D04,891,in-process,operator,runout high,rework,,,,3.9,2024-04-11,2024-04-03,2024-04-18,,E-0102,closed,20260106T061500Z-QE24M
NCR-24-0121,L24-0208,RI-24-00709,,REC,1359,receiving,supplier,failed receiving,return to supplier,,,,,2024-04-10,2024-04-04,2024-05-04,,E-0153,closed,20260106T061500Z-QE24M
NCR-24-0122,L24-0284,,C-18234-22,D02,87,in-process,program,length short,scrap,,,,,2024-04-10,2024-04-05,2024-04-23,,E-0126,closed,20260106T061500Z-QE24M
NCR-24-0123,L24-0149,,C-14952-36,D01,278,final,machine,OD out of tol,rework,,55.9,,14.6,2024-04-12,2024-04-08,2024-05-01,,E-0151,closed,20260106T061500Z-QE24M
NCR-24-0124,L24-0187,,C-11745-23,D02,245,final,operator,length out of tol,use as is,CD-94049,,,4.4,2024-04-15,2024-04-08,2024-05-02,,E-0157,closed,20260106T061500Z-QE24M
NCR-24-0125,L24-0288,,C-16016-20,D01,128,in-process,operator,OD out of tol,use as is,CD-87339,,,6.5,2024-04-09,2024-04-08,2024-04-21,,E-0135,closed,20260106T061500Z-QE24M
NCR-24-0126,L24-0293,,,D04,432,in-process,tooling,runout over limit,scrap,,,,,2024-04-15,2024-04-09,2024-05-05,,E-0119,closed,20260106T061500Z-QE24M
NCR-24-0127,L24-0211,,C-16451-15,D01,331,final,program,OD out of tol,sort,,,84.7,5.1,2024-04-12,2024-04-11,2024-05-10,,E-0153,closed,20260106T061500Z-QE24M
NCR-24-0128,L24-0196,,C-10900-01,D02,308,final,gauge,length out of tol,sort,,,22.7,2.0,2024-04-13,2024-04-12,2024-04-24,,E-0157,closed,20260106T061500Z-QE24M
NCR-24-0129,L24-0298,,C-12828-17,D07,56,in-process,material,chatter on finish,scrap,,,,,2024-04-23,2024-04-14,2024-05-06,,E-0124,closed,20260106T061500Z-QE24M
NCR-24-0130,L24-0280,,C-11871-21,D03,183,in-process,machine,bore tight,scrap,,,,,2024-04-23,2024-04-15,2024-04-27,,E-0139,closed,20260106T061500Z-QE24M
NCR-24-0131,L24-0269,,C-18813-17,D02,142,final,tooling,length short,rework,,192.2,,7.7,2024-04-21,2024-04-15,2024-05-12,,E-0156,closed,20260106T061500Z-QE24M
NCR-24-0132,L24-0272,,,D11,79,final,operator,handling marks,scrap,,,,,2024-04-20,2024-04-15,2024-05-02,,E-0157,closed,20260106T061500Z-QE24M
NCR-24-0133,L24-0209,RI-24-00800,,REC,1438,receiving,material,failed receiving,return to supplier,,,,,2024-04-19,2024-04-15,2024-05-11,,E-0157,closed,20260106T061500Z-QE24M
NCR-24-0134,L24-0188,RI-24-00814,,REC,3353,receiving,supplier,defects in sample,return to supplier,,,,,2024-04-16,2024-04-15,2024-04-19,,E-0157,closed,20260106T061500Z-QE24M
NCR-24-0135,L24-0283,,C-10729-04,D02,138,final,machine,length out of tol,sort,,,52.6,4.8,2024-04-17,2024-04-16,2024-05-09,,E-0157,closed,20260106T061500Z-QE24M
NCR-24-0136,L24-0079,,,D11,49,customer,tooling,scratches,rework,,,,9.6,2024-04-22,2024-04-17,2024-05-15,,E-0154,closed,20260106T061500Z-QE24M
NCR-24-0137,L24-0285,,,D11,270,final,,cosmetic,rework,,75.3,,6.9,2024-04-27,2024-04-18,2024-05-08,,E-0150,closed,20260106T061500Z-QE24M
NCR-24-0138,L24-0339,,C-13193-10,D01,98,in-process,operator,diameter out,rework,,61.5,,6.7,2024-04-26,2024-04-22,2024-05-09,,E-0102,closed,20260106T061500Z-QE24M
NCR-24-0139,L24-0264,,,D10,45,final,operator,burr on edge,rework,,,,3.5,2024-05-03,2024-04-23,2024-05-16,,E-0154,closed,20260106T061500Z-QE24M
NCR-24-0140,L24-0308,,C-16180-28,D07,38,final,machine,finish rough,scrap,,,,,2024-04-29,2024-04-23,2024-05-08,,E-0157,closed,20260106T061500Z-QE24M
NCR-24-0141,L24-0297,,,D14,317,CMM,machine,parts out of tolerance,use as is,,,,2.5,2024-04-24,2024-04-23,2024-05-04,,E-0154,closed,20260106T061500Z-QE24M
NCR-24-0142,L24-0242,,C-18159-18,D05,350,final,machine,position out,sort,,,21.9,3.1,2024-04-25,2024-04-23,2024-05-23,,E-0151,closed,20260106T061500Z-QE24M
NCR-24-0143,L24-0344,,,D14,172,CMM,machine,parts out of tolerance,rework,,84.0,,7.2,2024-04-26,2024-04-23,2024-04-29,,E-0153,closed,20260106T061500Z-QE24M
NCR-24-0144,L24-0296,,,D11,29,final,operator,handling marks,rework,,52.1,,9.5,2024-04-25,2024-04-24,2024-05-19,,E-0151,closed,20260106T061500Z-QE24M
NCR-24-0145,L24-0360,,C-16180-28,D07,59,in-process,program,chatter on finish,scrap,,,,,2024-04-27,2024-04-25,2024-05-25,,E-0119,closed,20260106T061500Z-QE24M
NCR-24-0146,L24-0353,,C-14063-05,D01,106,in-process,operator,OD oversize,sort,,,46.9,4.1,2024-05-03,2024-04-25,2024-05-26,,E-0141,closed,20260106T061500Z-QE24M
NCR-24-0147,L24-0299,RI-24-00890,,REC,853,receiving,material,supplier lot rejected,return to supplier,,,,,2024-05-03,2024-04-26,2024-05-28,,E-0156,closed,20260106T061500Z-QE24M
NCR-24-0148,L24-0375,,,D01,640,in-process,machine,diameter out,rework,,23.9,,9.0,2024-05-05,2024-04-28,2024-05-27,,E-0105,closed,20260106T061500Z-QE24M
NCR-24-0149,L24-0299,,,D10,208,final,operator,burr on edge,rework,,,,4.7,2024-05-09,2024-04-29,2024-06-01,,E-0154,closed,20260106T061500Z-QE24M
NCR-24-0150,L23-1393,,C-18269-13,D07,41,final,operator,Ra high,rework,,,,3.5,2024-05-02,2024-04-29,2024-05-21,,E-0152,closed,20260106T061500Z-QE24M
NCR-24-0151,L24-0267,,C-16933-08,D02,38,final,tooling,length out of tol,sort,,,23.1,3.8,2024-05-03,2024-04-30,2024-05-26,,E-0150,closed,20260106T061500Z-QE24M
NCR-24-0152,L24-0388,,,D01,221,in-process,operator,OD out of tol,scrap,,,,,2024-05-10,2024-05-01,2024-05-12,,E-0122,closed,20260106T061500Z-QE24M
NCR-24-0153,L24-0389,,,D04,156,in-process,,runout high,scrap,,,,,2024-05-07,2024-05-01,2024-05-22,,E-0128,closed,20260106T061500Z-QE24M
NCR-24-0154,L24-0393,,,D01,237,in-process,,OD oversize,sort,,,41.6,6.6,2024-05-07,2024-05-01,2024-05-12,,E-0116,closed,20260106T061500Z-QE24M
NCR-24-0155,L24-0397,,C-18824-06,D01,172,in-process,machine,OD oversize,rework,,36.1,,5.9,2024-05-03,2024-05-01,2024-05-30,,E-0123,closed,20260106T061500Z-QE24M
NCR-24-0156,L24-0259,,,D11,695,final,operator,handling marks,rework,,147.9,,4.9,2024-05-08,2024-05-02,2024-05-29,CAPA-24-003,E-0155,closed,20260106T061500Z-QE24M
NCR-24-0157,L24-0312,,,D11,98,final,operator,handling marks,sort,,,25.6,6.9,2024-05-08,2024-05-03,2024-05-13,,E-0150,closed,20260106T061500Z-QE24M
NCR-24-0158,L24-0400,,,D01,175,in-process,tooling,OD oversize,use as is,CD-63818,,,9.2,2024-05-14,2024-05-05,2024-05-19,,E-0114,closed,20260106T061500Z-QE24M
NCR-24-0159,L24-0401,,C-14257-01,D01,383,in-process,machine,OD out of tol,rework,,74.8,,12.4,2024-05-12,2024-05-05,2024-05-13,,E-0141,closed,20260106T061500Z-QE24M
NCR-24-0160,L24-0285,,,D06,16,customer,operator,flatness out,scrap,,,,,2024-05-14,2024-05-06,2024-06-02,,E-0152,closed,20260106T061500Z-QE24M
NCR-24-0161,L24-0377,,C-13806-03,D01,34,CMM,machine,OD oversize,scrap,,,,,2024-05-13,2024-05-06,2024-05-17,CAPA-24-004,E-0151,closed,20260106T061500Z-QE24M
NCR-24-0162,L24-0402,,C-11253-37,D01,619,in-process,operator,diameter out,sort,,,57.9,3.8,2024-05-14,2024-05-07,2024-06-13,,E-0103,closed,20260106T061500Z-QE24M
NCR-24-0163,L24-0382,,C-11930-28,D01,28,final,machine,OD oversize,sort,,,111.4,9.7,2024-05-11,2024-05-07,2024-05-28,,E-0157,closed,20260106T061500Z-QE24M
NCR-24-0164,L24-0315,RI-24-00986,,REC,908,receiving,,failed receiving,sort,,,67.0,9.0,2024-05-17,2024-05-07,2024-06-14,,E-0150,closed,20260106T061500Z-QE24M
NCR-24-0165,L24-0365,RI-24-00999,,REC,863,receiving,material,defects in sample,return to supplier,,,,,2024-05-18,2024-05-09,2024-06-17,,E-0152,closed,20260106T061500Z-QE24M
NCR-24-0166,L24-0289,,C-13138-22,D01,21,final,machine,OD undersize,scrap,,,,,2024-05-10,2024-05-09,2024-05-14,,E-0155,closed,20260106T061500Z-QE24M
NCR-24-0167,L24-0430,,C-13321-18,D01,52,in-process,machine,OD undersize,scrap,,,,,2024-05-11,2024-05-09,2024-05-13,,E-0121,closed,20260106T061500Z-QE24M
NCR-24-0168,L24-0355,,C-16665-18,D01,303,final,,OD out of tol,rework,,,,2.6,2024-05-14,2024-05-10,2024-05-20,,E-0149,closed,20260106T061500Z-QE24M
NCR-24-0169,L23-1390,,,D01,12,customer,operator,OD oversize,sort,,,37.7,10.9,2024-05-19,2024-05-11,2024-06-01,,E-0150,closed,20260106T061500Z-QE24M
NCR-24-0170,L24-0365,,,D11,62,final,machine,cosmetic,scrap,,,,,2024-05-23,2024-05-13,2024-06-21,,E-0150,closed,20260106T061500Z-QE24M
NCR-24-0171,L24-0391,,C-15789-11,D01,68,final,operator,OD oversize,scrap,,,,,2024-05-20,2024-05-14,2024-06-17,,E-0153,closed,20260106T061500Z-QE24M
NCR-24-0172,L24-0438,,C-13350-04,D01,68,in-process,material,OD out of tol,scrap,,,,,2024-05-20,2024-05-14,2024-06-06,,E-0123,closed,20260106T061500Z-QE24M
NCR-24-0173,L24-0368,,C-14966-19,D04,351,final,program,runout over limit,use as is,,,,3.1,2024-05-21,2024-05-16,2024-06-17,,E-0149,closed,20260106T061500Z-QE24M
NCR-24-0174,L24-0450,,,D01,107,in-process,operator,diameter out,rework,,256.9,,8.3,2024-05-24,2024-05-16,2024-05-25,,E-0145,closed,20260106T061500Z-QE24M
NCR-24-0175,L24-0294,,,D01,15,customer,machine,OD undersize,sort,,,178.1,10.7,2024-05-23,2024-05-20,2024-05-24,,E-0155,closed,20260106T061500Z-QE24M
NCR-24-0176,,RI-24-01073,,REC,630,receiving,supplier,defects in sample,return to supplier,,,,,2024-05-30,2024-05-20,2024-06-02,,E-0153,closed,20260106T061500Z-QE24M
NCR-24-0177,L24-0364,,C-11033-33,D08,45,final,operator,thread tight,rework,,74.5,,5.9,2024-05-27,2024-05-20,2024-06-09,,E-0156,closed,20260106T061500Z-QE24M
NCR-24-0178,L24-0451,,C-10599-19,D02,414,in-process,operator,length long,rework,,69.4,,5.6,2024-05-23,2024-05-21,2024-06-02,,E-0134,closed,20260106T061500Z-QE24M
NCR-24-0179,L24-0414,,C-15905-13,D08,191,final,operator,thread tight,use as is,,,,6.7,2024-05-23,2024-05-21,2024-06-03,,E-0152,closed,20260106T061500Z-QE24M
NCR-24-0180,L24-0354,RI-24-01091,,REC,4047,receiving,supplier,defects in sample,return to supplier,,,,,2024-05-24,2024-05-22,2024-06-04,,E-0154,closed,20260106T061500Z-QE24M
NCR-24-0181,L24-0472,,,D03,268,in-process,operator,bore oversize,rework,,78.0,,3.8,2024-05-30,2024-05-22,2024-06-04,,E-0109,closed,20260106T061500Z-QE24M
NCR-24-0182,L24-0469,,C-17532-15,D01,69,in-process,tooling,diameter out,scrap,,,,,2024-05-28,2024-05-22,2024-05-30,,E-0111,closed,20260106T061500Z-QE24M
NCR-24-0183,,RI-24-01112,,REC,61,receiving,material,failed receiving,return to supplier,,,,,2024-05-28,2024-05-23,2024-06-23,,E-0151,closed,20260106T061500Z-QE24M
NCR-24-0184,L24-0313,,,D06,27,customer,,not flat,sort,,,101.1,3.8,2024-05-29,2024-05-26,2024-06-24,,E-0156,closed,20260106T061500Z-QE24M
NCR-24-0185,L24-0384,,,D01,8,customer,operator,OD undersize,scrap,,,,,2024-06-02,2024-05-27,2024-06-06,,E-0153,closed,20260106T061500Z-QE24M
NCR-24-0186,L24-0482,,C-14952-36,D01,271,in-process,machine,diameter out,scrap,,,,,2024-06-01,2024-05-27,2024-06-30,,E-0117,closed,20260106T061500Z-QE24M
NCR-24-0187,L24-0397,,C-18824-06,D01,43,final,,diameter out,sort,,,35.7,2.5,2024-06-06,2024-05-28,2024-06-20,,E-0151,closed,20260106T061500Z-QE24M
NCR-24-0188,L24-0428,RI-24-01150,,REC,2014,receiving,supplier,failed receiving,return to supplier,,,,,2024-06-05,2024-05-29,2024-06-22,,E-0157,closed,20260106T061500Z-QE24M
NCR-24-0189,L24-0471,,C-16596-01,D02,76,final,other,length out of tol,rework,,48.4,,7.7,2024-06-02,2024-05-29,2024-06-23,,E-0150,closed,20260106T061500Z-QE24M
NCR-24-0190,L24-0303,,,D13,28,customer,program,damaged in handling,sort,,,72.9,5.6,2024-06-08,2024-06-01,2024-06-24,,E-0149,closed,20260106T061500Z-QE24M
NCR-24-0191,L24-0476,,C-11502-18,D02,251,in-process,operator,length out of tol,scrap,,,,,2024-06-12,2024-06-02,2024-06-16,,E-0145,closed,20260106T061500Z-QE24M
NCR-24-0192,L24-0503,,C-13863-27,D01,72,in-process,operator,OD oversize,scrap,,,,,2024-06-12,2024-06-02,2024-06-13,,E-0141,closed,20260106T061500Z-QE24M
NCR-24-0193,L24-0448,,C-17096-22,D03,32,final,machine,bore oversize,sort,,,55.9,8.4,2024-06-05,2024-06-03,2024-06-29,,E-0157,closed,20260106T061500Z-QE24M
NCR-24-0194,L24-0510,,C-10304-09,D02,41,in-process,tooling,length long,use as is,CD-23032,,,7.6,2024-06-10,2024-06-04,2024-06-13,,E-0143,closed,20260106T061500Z-QE24M
NCR-24-0195,L24-0465,,C-14485-35,D03,171,final,machine,bore oversize,rework,,,,3.8,2024-06-12,2024-06-04,2024-07-12,CAPA-24-006,E-0149,closed,20260106T061500Z-QE24M
NCR-24-0196,L24-0370,,C-11584-16,D02,403,final,operator,length long,rework,,149.5,,4.7,2024-06-08,2024-06-04,2024-06-23,,E-0150,closed,20260106T061500Z-QE24M
NCR-24-0197,L24-0442,RI-24-01195,,REC,972,receiving,,supplier lot rejected,return to supplier,,,,,2024-06-06,2024-06-04,2024-06-17,,E-0150,closed,20260106T061500Z-QE24M
NCR-24-0198,L24-0300,,,D13,810,customer,machine,damaged in handling,sort,,,33.8,9.0,2024-06-14,2024-06-05,2024-06-27,,E-0156,closed,20260106T061500Z-QE24M
NCR-24-0199,L24-0504,,C-10869-25,D03,190,in-process,machine,bore oversize,scrap,,,,,2024-06-10,2024-06-05,2024-06-27,,E-0148,closed,20260106T061500Z-QE24M
NCR-24-0200,L24-0524,,C-16567-05,D02,652,CMM,operator,length out of tol,rework,,57.1,,4.3,2024-06-09,2024-06-05,2024-06-15,,E-0152,closed,20260106T061500Z-QE24M
NCR-24-0201,L24-0130,,,D12,14,customer,gauge,stained after plating,rework,,59.2,,5.1,2024-06-10,2024-06-07,2024-07-10,,E-0151,closed,20260106T061500Z-QE24M
NCR-24-0202,L24-0460,,C-13675-28,D03,307,final,machine,bore oversize,sort,,,52.1,4.3,2024-06-10,2024-06-07,2024-06-27,,E-0156,closed,20260106T061500Z-QE24M
NCR-24-0203,L24-0435,,,D13,368,final,material,damaged in handling,rework,,61.1,,8.3,2024-06-19,2024-06-10,2024-07-07,,E-0152,closed,20260106T061500Z-QE24M
NCR-24-0204,L24-0338,,,D12,7,customer,other,plating thin,rework,,,,4.5,2024-06-15,2024-06-11,2024-07-13,,E-0152,closed,20260106T061500Z-QE24M
NCR-24-0205,L24-0514,,C-17319-01,D01,76,final,program,OD oversize,rework,,,,6.6,2024-06-16,2024-06-11,2024-07-09,,E-0157,closed,20260106T061500Z-QE24M
NCR-24-0206,L24-0327,,,D02,47,customer,operator,length short,sort,,,42.5,2.7,2024-06-18,2024-06-13,2024-06-19,,E-0157,closed,20260106T061500Z-QE24M
NCR-24-0207,L24-0548,,C-17247-15,D07,98,in-process,other,chatter on finish,rework,,183.9,,4.7,2024-06-15,2024-06-14,2024-06-25,CAPA-24-007,E-0108,closed,20260106T061500Z-QE24M
NCR-24-0208,L24-0541,,,D02,396,in-process,operator,length long,scrap,,,,,2024-06-17,2024-06-16,2024-07-14,,E-0131,closed,20260106T061500Z-QE24M
NCR-24-0209,L24-0547,,C-11163-06,D01,202,in-process,operator,diameter out,scrap,,,,,2024-06-25,2024-06-17,2024-07-22,,E-0106,closed,20260106T061500Z-QE24M
NCR-24-0210,L24-0555,,,D01,67,in-process,machine,OD oversize,scrap,,,,,2024-06-19,2024-06-17,2024-06-22,,E-0111,closed,20260106T061500Z-QE24M
NCR-24-0211,L24-0493,,C-12925-28,D03,114,final,operator,bore oversize,rework,,,,12.9,2024-06-22,2024-06-18,2024-07-08,,E-0151,closed,20260106T061500Z-QE24M
NCR-24-0212,L24-0482,RI-24-01292,,REC,1349,receiving,supplier,failed receiving,return to supplier,,,,,2024-06-26,2024-06-18,2024-07-22,,E-0157,closed,20260106T061500Z-QE24M
NCR-24-0213,L24-0521,,C-13888-05,D01,160,final,operator,OD out of tol,rework,,98.7,,9.7,2024-06-29,2024-06-19,2024-07-11,,E-0152,closed,20260106T061500Z-QE24M
NCR-24-0214,L24-0559,,C-10257-32,D03,97,in-process,material,bore tight,use as is,CD-53438,,,3.7,2024-06-27,2024-06-19,2024-07-04,,E-0143,closed,20260106T061500Z-QE24M
NCR-24-0215,L24-0574,,C-17255-02,D01,112,in-process,machine,diameter out,scrap,,,,,2024-06-25,2024-06-23,2024-07-02,,E-0107,closed,20260106T061500Z-QE24M
NCR-24-0216,L24-0582,,,D02,292,in-process,gauge,length out of tol,rework,,,,3.3,2024-07-03,2024-06-23,2024-07-09,,E-0131,closed,20260106T061500Z-QE24M
NCR-24-0217,L24-0587,,,D01,152,in-process,operator,OD oversize,scrap,,,,,2024-06-26,2024-06-24,2024-07-26,,E-0111,closed,20260106T061500Z-QE24M
NCR-24-0218,L24-0587,,C-17627-16,D01,330,in-process,operator,OD undersize,sort,,,19.7,4.5,2024-06-28,2024-06-24,2024-07-16,,E-0111,closed,20260106T061500Z-QE24M
NCR-24-0219,L24-0415,,,D07,212,customer,operator,chatter on finish,rework,,,,5.7,2024-06-28,2024-06-25,2024-07-05,,E-0156,closed,20260106T061500Z-QE24M
NCR-24-0220,L24-0451,,,D02,280,customer,machine,length long,sort,,,38.2,8.8,2024-07-06,2024-06-26,2024-07-29,,E-0155,closed,20260106T061500Z-QE24M
NCR-24-0221,L24-0506,,C-17937-12,D01,159,final,machine,OD oversize,use as is,,,,6.0,2024-06-27,2024-06-26,2024-07-06,,E-0154,closed,20260106T061500Z-QE24M
NCR-24-0222,L24-0599,,C-18023-06,D01,250,in-process,operator,OD oversize,rework,,,,2.9,2024-06-29,2024-06-27,2024-07-01,,E-0143,closed,20260106T061500Z-QE24M
NCR-24-0223,L24-0594,,C-12756-12,D01,780,in-process,machine,OD oversize,use as is,,,,2.1,2024-07-01,2024-06-27,2024-07-28,CAPA-24-009,E-0109,closed,20260106T061500Z-QE24M
NCR-24-0224,L24-0547,,,D11,71,final,program,scratches,rework,,138.1,,6.9,2024-07-07,2024-06-27,2024-08-04,,E-0152,closed,20260106T061500Z-QE24M
NCR-24-0225,L24-0604,,C-11320-07,D07,229,in-process,tooling,finish rough,sort,,,56.4,4.0,2024-07-01,2024-06-27,2024-07-07,,E-0109,closed,20260106T061500Z-QE24M
NCR-24-0226,,RI-24-01362,,REC,38,receiving,material,supplier lot rejected,return to supplier,,,,,2024-06-30,2024-06-28,2024-07-06,,E-0149,closed,20260106T061500Z-QE24M
NCR-24-0227,L24-0602,,C-16652-05,D02,290,CMM,operator,length long,use as is,,,,9.9,2024-07-11,2024-07-01,2024-07-28,,E-0151,closed,20260106T061500Z-QE24M
NCR-24-0228,L24-0615,,,D01,94,in-process,operator,OD out of tol,scrap,,,,,2024-07-04,2024-07-03,2024-07-17,,E-0115,closed,20260106T061500Z-QE24M
NCR-24-0229,L24-0568,RI-24-01407,,REC,891,receiving,material,defects in sample,return to supplier,,,,,2024-07-11,2024-07-04,2024-07-26,,E-0150,closed,20260106T061500Z-QE24M
NCR-24-0230,L24-0610,,C-13328-14,D01,38,in-process,machine,diameter out,scrap,,,,,2024-07-10,2024-07-04,2024-07-19,,E-0123,closed,20260106T061500Z-QE24M
NCR-24-0231,L24-0632,,C-13307-06,D06,65,in-process,machine,not flat,scrap,,,,,2024-07-14,2024-07-08,2024-07-21,,E-0125,closed,20260106T061500Z-QE24M
NCR-24-0232,L24-0552,,C-11909-03,D03,141,final,operator,bore oversize,rework,,66.7,,5.2,2024-07-12,2024-07-09,2024-08-05,,E-0152,closed,20260106T061500Z-QE24M
NCR-24-0233,L24-0642,,,D02,75,in-process,tooling,length long,scrap,,,,,2024-07-14,2024-07-10,2024-08-13,,E-0139,closed,20260106T061500Z-QE24M
NCR-24-0234,L24-0597,,C-11226-12,D02,91,final,machine,length long,scrap,,,,,2024-07-21,2024-07-11,2024-08-14,,E-0151,closed,20260106T061500Z-QE24M
NCR-24-0235,L24-0596,,C-18904-38,D01,139,final,machine,OD oversize,sort,,,28.5,5.5,2024-07-17,2024-07-11,2024-07-26,,E-0151,closed,20260106T061500Z-QE24M
NCR-24-0236,L24-0564,,C-12828-17,D05,340,final,operator,holes off location,rework,,247.1,,9.4,2024-07-20,2024-07-12,2024-08-14,,E-0156,closed,20260106T061500Z-QE24M
NCR-24-0237,L24-0315,,,D13,145,customer,machine,dings,sort,,,16.5,18.0,2024-07-19,2024-07-13,2024-08-10,,E-0149,closed,20260106T061500Z-QE24M
NCR-24-0238,L24-0603,,C-17329-22,D05,210,final,material,holes off location,rework,,77.2,,2.5,2024-07-23,2024-07-15,2024-08-03,,E-0153,closed,20260106T061500Z-QE24M
NCR-24-0239,L24-0665,,C-18420-12,D01,57,in-process,machine,diameter out,scrap,,,,,2024-07-17,2024-07-16,2024-08-07,,E-0117,closed,20260106T061500Z-QE24M
NCR-24-0240,L24-0619,,C-10444-26,D02,55,final,tooling,length long,use as is,,,,5.9,2024-07-22,2024-07-17,2024-08-10,,E-0149,closed,20260106T061500Z-QE24M
NCR-24-0241,L24-0620,,,D10,132,final,program,burrs,scrap,,,,,2024-07-20,2024-07-18,2024-07-28,,E-0154,closed,20260106T061500Z-QE24M
NCR-24-0242,L24-0592,,C-12907-15,D03,123,final,operator,bore tight,rework,,78.5,,5.2,2024-07-28,2024-07-18,2024-07-31,,E-0152,closed,20260106T061500Z-QE24M
NCR-24-0243,L24-0617,,C-11329-29,D01,208,final,operator,diameter out,sort,,,132.8,3.0,2024-07-26,2024-07-18,2024-08-11,,E-0157,closed,20260106T061500Z-QE24M
NCR-24-0244,L24-0679,,C-15099-24,D04,260,in-process,operator,runout over limit,scrap,,,,,2024-07-19,2024-07-18,2024-08-01,,E-0113,closed,20260106T061500Z-QE24M
NCR-24-0245,L24-0642,RI-24-01519,,REC,570,receiving,supplier,failed receiving,rework,,53.6,,3.2,2024-07-26,2024-07-20,2024-08-03,,E-0155,closed,20260106T061500Z-QE24M
NCR-24-0246,L24-0686,,,D01,213,in-process,tooling,diameter out,scrap,,,,,2024-07-24,2024-07-20,2024-08-11,,E-0121,closed,20260106T061500Z-QE24M
NCR-24-0247,L24-0689,,,D14,537,CMM,,parts out of tolerance,rework,,33.0,,3.0,2024-08-01,2024-07-22,2024-08-16,,E-0151,closed,20260106T061500Z-QE24M
NCR-24-0248,L24-0694,,C-11909-01,D02,245,in-process,,length out of tol,scrap,,,,,2024-07-25,2024-07-23,2024-08-18,,E-0137,closed,20260106T061500Z-QE24M
NCR-24-0249,L24-0399,,,D01,25,customer,operator,OD out of tol,use as is,,,,3.5,2024-07-31,2024-07-26,2024-08-04,,E-0155,closed,20260106T061500Z-QE24M
NCR-24-0250,L24-0696,,C-11584-16,D02,285,in-process,program,length out of tol,rework,,,,7.3,2024-08-03,2024-07-26,2024-08-04,,E-0139,closed,20260106T061500Z-QE24M
NCR-24-0251,L24-0707,,C-13149-10,D01,1124,in-process,program,OD oversize,use as is,CD-52317,,,12.5,2024-07-28,2024-07-27,2024-08-05,,E-0109,closed,20260106T061500Z-QE24M
NCR-24-0252,L24-0709,,C-11033-39,D02,37,in-process,operator,length short,scrap,,,,,2024-08-06,2024-07-29,2024-08-18,,E-0133,closed,20260106T061500Z-QE24M
NCR-24-0253,L24-0577,,C-11007-33,D08,535,final,operator,thread gauge no go,use as is,CD-14035,,,1.6,2024-07-31,2024-07-29,2024-08-02,CAPA-24-010,E-0154,closed,20260106T061500Z-QE24M
NCR-24-0254,L24-0572,,C-16900-23,D03,51,final,,bore tight,use as is,,,,2.6,2024-08-03,2024-07-30,2024-08-25,,E-0150,closed,20260106T061500Z-QE24M
NCR-24-0255,L24-0721,,C-19433-33,D03,54,in-process,,bore oversize,scrap,,,,,2024-08-03,2024-07-31,2024-08-24,,E-0126,closed,20260106T061500Z-QE24M
NCR-24-0256,L24-0665,RI-24-01596,,REC,1042,receiving,supplier,failed receiving,use as is,,,,7.0,2024-08-09,2024-07-31,2024-09-04,,E-0150,closed,20260106T061500Z-QE24M
NCR-24-0257,L24-0684,RI-24-01621,,REC,542,receiving,supplier,defects in sample,sort,,,28.3,16.6,2024-08-07,2024-08-03,2024-09-02,,E-0155,closed,20260106T061500Z-QE24M
NCR-24-0258,L24-0719,,C-16548-26,D03,248,in-process,operator,bore oversize,scrap,,,,,2024-08-09,2024-08-04,2024-09-04,,E-0134,closed,20260106T061500Z-QE24M
NCR-24-0259,L24-0719,,C-16548-26,D03,766,in-process,operator,bore tight,rework,,79.1,,10.0,2024-08-14,2024-08-04,2024-08-31,,E-0134,closed,20260106T061500Z-QE24M
NCR-24-0260,L24-0650,RI-24-01640,,REC,2986,receiving,supplier,failed receiving,return to supplier,,,,,2024-08-11,2024-08-05,2024-09-04,,E-0153,closed,20260106T061500Z-QE24M
NCR-24-0261,L24-0737,,,D04,50,in-process,program,runout over limit,rework,,,,3.4,2024-08-14,2024-08-05,2024-09-13,,E-0101,closed,20260106T061500Z-QE24M
NCR-24-0262,L24-0526,,,D07,6,customer,,chatter on finish,scrap,,,,,2024-08-11,2024-08-06,2024-09-08,,E-0152,closed,20260106T061500Z-QE24M
NCR-24-0263,L24-0657,RI-24-01631,,REC,1379,receiving,material,defects in sample,use as is,,,,6.2,2024-08-08,2024-08-06,2024-08-21,,E-0150,closed,20260106T061500Z-QE24M
NCR-24-0264,L24-0738,,,D14,276,CMM,machine,bad parts,use as is,CD-97957,,,10.8,2024-08-08,2024-08-06,2024-08-29,,E-0150,closed,20260106T061500Z-QE24M
NCR-24-0265,L24-0655,,C-18210-17,D03,397,final,tooling,bore tight,rework,,,,6.4,2024-08-09,2024-08-07,2024-08-13,,E-0157,closed,20260106T061500Z-QE24M
NCR-24-0266,L24-0750,,C-13502-09,D01,86,in-process,machine,OD oversize,scrap,,,,,2024-08-18,2024-08-08,2024-08-19,,E-0119,closed,20260106T061500Z-QE24M
NCR-24-0267,L24-0608,,,D06,85,customer,machine,not flat,rework,,54.3,,3.5,2024-08-11,2024-08-10,2024-08-17,,E-0152,closed,20260106T061500Z-QE24M
NCR-24-0268,L24-0729,,C-16180-28,D07,68,final,machine,Ra high,scrap,,,,,2024-08-18,2024-08-12,2024-08-27,,E-0151,closed,20260106T061500Z-QE24M
NCR-24-0269,L24-0727,,,D11,44,final,machine,scratches,rework,,,,7.3,2024-08-20,2024-08-12,2024-09-07,,E-0150,closed,20260106T061500Z-QE24M
NCR-24-0270,L24-0756,,C-13321-18,D01,105,in-process,machine,OD out of tol,scrap,,,,,2024-08-17,2024-08-12,2024-08-28,,E-0123,closed,20260106T061500Z-QE24M
NCR-24-0271,L24-0680,RI-24-01676,,REC,665,receiving,material,supplier lot rejected,use as is,CD-16133,,,2.8,2024-08-23,2024-08-13,2024-08-31,,E-0157,closed,20260106T061500Z-QE24M
NCR-24-0272,L24-0530,,,D11,495,customer,machine,handling marks,rework,,55.0,,3.6,2024-08-20,2024-08-14,2024-09-18,,E-0154,closed,20260106T061500Z-QE24M
NCR-24-0273,L24-0706,,C-16403-08,D01,112,final,machine,OD oversize,use as is,,,,5.4,2024-08-22,2024-08-14,2024-09-20,,E-0151,closed,20260106T061500Z-QE24M
NCR-24-0274,L24-0763,,C-15372-06,D03,117,in-process,program,bore tight,rework,,108.3,,2.9,2024-08-16,2024-08-14,2024-09-01,,E-0115,closed,20260106T061500Z-QE24M
NCR-24-0275,L24-0719,,C-16548-13,D02,568,final,,length out of tol,sort,,,77.4,7.2,2024-08-27,2024-08-20,2024-09-06,,E-0154,closed,20260106T061500Z-QE24M
NCR-24-0276,L24-0752,,C-16272-01,D01,147,final,machine,diameter out,rework,,175.7,,5.1,2024-08-23,2024-08-20,2024-08-25,,E-0154,closed,20260106T061500Z-QE24M
NCR-24-0277,L24-0784,,,D14,40,CMM,machine,bad parts,scrap,,,,,2024-08-28,2024-08-20,2024-09-27,,E-0155,closed,20260106T061500Z-QE24M
NCR-24-0278,L24-0754,,C-10463-14,D07,121,final,operator,finish rough,rework,,50.1,,5.3,2024-08-29,2024-08-21,2024-09-03,,E-0154,closed,20260106T061500Z-QE24M
NCR-24-0279,L24-0785,,,D14,32,CMM,machine,parts out of tolerance,scrap,,,,,2024-08-23,2024-08-21,2024-09-14,,E-0154,closed,20260106T061500Z-QE24M
NCR-24-0280,L24-0790,,C-11282-26,D06,519,in-process,machine,not flat,rework,,,,8.1,2024-08-28,2024-08-22,2024-09-04,,E-0103,closed,20260106T061500Z-QE24M
NCR-24-0281,L24-0575,,,D12,138,customer,material,plating blisters,sort,,,67.9,7.1,2024-08-27,2024-08-26,2024-09-04,,E-0150,closed,20260106T061500Z-QE24M
NCR-24-0282,L24-0779,,,D03,325,in-process,machine,bore tight,scrap,,,,,2024-09-03,2024-08-26,2024-09-25,,E-0134,closed,20260106T061500Z-QE24M
NCR-24-0283,L24-0740,,C-14457-37,D04,184,final,operator,runout high,sort,,,49.0,3.6,2024-09-01,2024-08-27,2024-09-02,,E-0157,closed,20260106T061500Z-QE24M
NCR-24-0284,L24-0756,,C-13321-25,D01,45,final,operator,OD oversize,rework,,115.0,,6.3,2024-09-06,2024-08-29,2024-09-09,,E-0156,closed,20260106T061500Z-QE24M
NCR-24-0285,L24-0648,,,D09,176,customer,,hardness low,sort,,,31.9,3.9,2024-09-09,2024-08-30,2024-09-25,,E-0152,closed,20260106T061500Z-QE24M
NCR-24-0286,L24-0806,,C-11462-13,D05,69,in-process,machine,holes off location,scrap,,,,,2024-09-03,2024-08-31,2024-09-22,,E-0137,closed,20260106T061500Z-QE24M
NCR-24-0287,L24-0815,,,D14,241,CMM,operator,parts out of tolerance,use as is,CD-30730,,,6.1,2024-09-07,2024-09-03,2024-10-05,,E-0157,closed,20260106T061500Z-QE24M
NCR-24-0288,L24-0730,,C-18841-25,D04,138,final,program,runout over limit,scrap,,,,,2024-09-09,2024-09-03,2024-10-05,CAPA-24-011,E-0152,closed,20260106T061500Z-QE24M
NCR-24-0289,L24-0821,,C-14872-32,D07,203,in-process,machine,Ra high,rework,,84.7,,5.2,2024-09-13,2024-09-03,2024-10-02,,E-0111,closed,20260106T061500Z-QE24M
NCR-24-0290,L24-0827,,C-12777-03,D01,116,in-process,operator,OD out of tol,scrap,,,,,2024-09-15,2024-09-05,2024-10-06,,E-0109,closed,20260106T061500Z-QE24M
NCR-24-0291,L24-0787,,,D13,76,final,gauge,damaged in handling,scrap,,,,,2024-09-11,2024-09-05,2024-10-08,,E-0151,closed,20260106T061500Z-QE24M
NCR-24-0292,L24-0783,,C-13711-04,D01,31,final,other,OD undersize,sort,,,10.7,3.9,2024-09-07,2024-09-06,2024-09-19,,E-0153,closed,20260106T061500Z-QE24M
NCR-24-0293,L24-0832,,,D02,191,in-process,operator,length long,scrap,,,,,2024-09-08,2024-09-07,2024-09-10,,E-0105,closed,20260106T061500Z-QE24M
NCR-24-0294,L24-0834,,,D03,222,in-process,operator,bore oversize,scrap,,,,,2024-09-15,2024-09-10,2024-10-14,,E-0120,closed,20260106T061500Z-QE24M
NCR-24-0295,L24-0788,RI-24-01856,,REC,842,receiving,supplier,defects in sample,rework,,37.7,,7.9,2024-09-18,2024-09-11,2024-09-24,,E-0156,closed,20260106T061500Z-QE24M
NCR-24-0296,L24-0847,,C-12861-27,D05,440,CMM,machine,holes off location,rework,,,,1.4,2024-09-13,2024-09-11,2024-09-15,,E-0152,closed,20260106T061500Z-QE24M
NCR-24-0297,L24-0620,,,D02,84,customer,operator,length out of tol,sort,,,37.3,13.4,2024-09-13,2024-09-12,2024-10-04,,E-0154,closed,20260106T061500Z-QE24M
NCR-24-0298,,RI-24-01863,,REC,58,receiving,,defects in sample,return to supplier,,,,,2024-09-17,2024-09-12,2024-10-03,,E-0149,closed,20260106T061500Z-QE24M
NCR-24-0299,L24-0853,,,D03,379,in-process,machine,bore oversize,sort,,,40.7,3.9,2024-09-18,2024-09-14,2024-09-27,,E-0126,closed,20260106T061500Z-QE24M
NCR-24-0300,L24-0846,,,D02,1673,in-process,operator,length short,rework,,,,5.8,2024-09-21,2024-09-15,2024-09-28,,E-0138,closed,20260106T061500Z-QE24M
NCR-24-0301,L24-0637,,,D09,27,customer,gauge,hardness low,use as is,CD-31531,,,6.4,2024-09-21,2024-09-16,2024-09-25,,E-0152,closed,20260106T061500Z-QE24M
NCR-24-0302,L24-0798,,C-14168-19,D01,246,final,operator,diameter out,rework,,44.8,,5.8,2024-09-20,2024-09-16,2024-10-19,,E-0155,closed,20260106T061500Z-QE24M
NCR-24-0303,L24-0814,,C-16571-04,D02,196,final,operator,length out of tol,use as is,,,,6.8,2024-09-19,2024-09-16,2024-09-21,,E-0155,closed,20260106T061500Z-QE24M
NCR-24-0304,L24-0855,,C-10653-20,D07,61,in-process,machine,chatter on finish,scrap,,,,,2024-09-20,2024-09-16,2024-09-27,,E-0129,closed,20260106T061500Z-QE24M
NCR-24-0305,L24-0747,,,D02,249,customer,gauge,length short,sort,,,129.3,2.8,2024-09-24,2024-09-18,2024-10-18,,E-0153,closed,20260106T061500Z-QE24M
NCR-24-0306,L24-0871,,C-11301-32,D02,315,in-process,,length short,rework,,40.2,,3.2,2024-09-29,2024-09-19,2024-10-17,,E-0115,closed,20260106T061500Z-QE24M
NCR-24-0307,L24-0843,,C-15861-10,D01,484,in-process,operator,OD undersize,scrap,,,,,2024-10-01,2024-09-22,2024-10-08,,E-0133,closed,20260106T061500Z-QE24M
NCR-24-0308,L24-0828,,,D13,216,final,machine,damaged in handling,sort,,,19.5,4.8,2024-10-02,2024-09-23,2024-10-26,,E-0150,closed,20260106T061500Z-QE24M
NCR-24-0309,L24-0834,RI-24-01923,,REC,1647,receiving,,defects in sample,sort,,,62.2,5.5,2024-09-29,2024-09-24,2024-10-09,,E-0152,closed,20260106T061500Z-QE24M
NCR-24-0310,L24-0838,,C-18065-32,D07,291,final,operator,Ra high,rework,,104.6,,5.9,2024-09-26,2024-09-24,2024-10-05,,E-0152,closed,20260106T061500Z-QE24M
NCR-24-0311,L24-0879,,,D07,602,in-process,operator,Ra high,rework,,,,4.8,2024-10-03,2024-09-24,2024-10-13,,E-0123,closed,20260106T061500Z-QE24M
NCR-24-0312,L24-0857,RI-24-01921,,REC,842,receiving,material,failed receiving,sort,,,82.6,5.2,2024-09-26,2024-09-25,2024-10-16,,E-0157,closed,20260106T061500Z-QE24M
NCR-24-0313,L24-0893,,C-12558-19,D01,46,in-process,tooling,OD oversize,scrap,,,,,2024-09-28,2024-09-26,2024-10-10,,E-0128,closed,20260106T061500Z-QE24M
NCR-24-0314,L24-0791,,,D11,67,final,operator,handling marks,scrap,,,,,2024-10-06,2024-09-26,2024-10-17,,E-0157,closed,20260106T061500Z-QE24M
NCR-24-0315,L24-0899,,,D09,411,in-process,gauge,hardness low,use as is,CD-30420,,,8.1,2024-10-05,2024-09-29,2024-10-27,,E-0104,closed,20260106T061500Z-QE24M
NCR-24-0316,,RI-24-01956,,REC,103,receiving,supplier,failed receiving,return to supplier,,,,,2024-10-03,2024-10-01,2024-10-05,,E-0152,closed,20260106T061500Z-QE24M
NCR-24-0317,L24-0899,,C-15401-22,D09,24,final,operator,hardness low,use as is,CD-67336,,,12.2,2024-10-03,2024-10-01,2024-10-29,,E-0153,closed,20260106T061500Z-QE24M
NCR-24-0318,L24-0900,,,D04,127,in-process,program,runout high,scrap,,,,,2024-10-02,2024-10-01,2024-10-12,,E-0137,closed,20260106T061500Z-QE24M
NCR-24-0319,L24-0915,,C-13307-06,D06,104,in-process,operator,not flat,scrap,,,,,2024-10-07,2024-10-02,2024-10-25,,E-0123,closed,20260106T061500Z-QE24M
NCR-24-0320,L24-0917,,C-11437-38,D01,80,in-process,machine,OD out of tol,scrap,,,,,2024-10-12,2024-10-03,2024-10-16,,E-0138,closed,20260106T061500Z-QE24M
NCR-24-0321,L24-0843,,C-15861-10,D01,979,final,material,diameter out,use as is,CD-11912,,,5.2,2024-10-05,2024-10-03,2024-10-26,,E-0157,closed,20260106T061500Z-QE24M
NCR-24-0322,L24-0919,,C-15298-32,D02,155,CMM,operator,length long,rework,,213.3,,11.0,2024-10-14,2024-10-04,2024-11-04,,E-0156,closed,20260106T061500Z-QE24M
NCR-24-0323,,RI-24-01996,,REC,590,receiving,supplier,defects in sample,return to supplier,,,,,2024-10-07,2024-10-06,2024-10-18,,E-0151,closed,20260106T061500Z-QE24M
NCR-24-0324,L24-0856,,C-12589-36,D03,78,final,machine,bore tight,rework,,101.0,,4.5,2024-10-16,2024-10-07,2024-11-07,,E-0154,closed,20260106T061500Z-QE24M
NCR-24-0325,L24-0922,,C-13350-04,D07,106,in-process,operator,finish rough,scrap,,,,,2024-10-16,2024-10-07,2024-11-06,,E-0128,closed,20260106T061500Z-QE24M
NCR-24-0326,L24-0924,,C-16219-07,D01,455,in-process,,OD undersize,rework,,,,5.1,2024-10-14,2024-10-08,2024-11-01,CAPA-24-014,E-0117,closed,20260106T061500Z-QE24M
NCR-24-0327,L24-0904,,C-18488-06,D01,49,final,tooling,OD out of tol,rework,,,,2.4,2024-10-11,2024-10-09,2024-10-12,,E-0156,closed,20260106T061500Z-QE24M
NCR-24-0328,L24-0933,,C-18566-38,D01,80,in-process,machine,OD out of tol,rework,,164.3,,4.7,2024-10-12,2024-10-09,2024-11-07,,E-0121,closed,20260106T061500Z-QE24M
NCR-24-0329,L24-0745,,,D12,11,customer,operator,plating blisters,scrap,,,,,2024-10-13,2024-10-10,2024-10-16,,E-0157,closed,20260106T061500Z-QE24M
NCR-24-0330,L24-0755,,,D12,14,customer,machine,stained after plating,rework,,,,5.4,2024-10-13,2024-10-12,2024-10-19,,E-0153,closed,20260106T061500Z-QE24M
NCR-24-0331,L24-0882,,C-12565-32,D07,61,final,machine,chatter on finish,rework,,37.4,,6.3,2024-10-22,2024-10-15,2024-11-14,,E-0154,closed,20260106T061500Z-QE24M
NCR-24-0332,L24-0903,,C-11173-11,D01,250,final,machine,OD oversize,rework,,101.1,,4.3,2024-10-20,2024-10-15,2024-11-19,,E-0157,closed,20260106T061500Z-QE24M
NCR-24-0333,L24-0888,RI-24-02069,,REC,501,receiving,supplier,defects in sample,return to supplier,,,,,2024-10-23,2024-10-15,2024-11-15,,E-0149,closed,20260106T061500Z-QE24M
NCR-24-0334,L24-0947,,,D01,531,in-process,operator,OD undersize,scrap,,,,,2024-10-21,2024-10-17,2024-11-10,,E-0105,closed,20260106T061500Z-QE24M
NCR-24-0335,L24-0888,,C-11072-05,D08,113,final,machine,thread gauge no go,rework,,26.7,,5.9,2024-10-25,2024-10-17,2024-11-07,,E-0157,closed,20260106T061500Z-QE24M
NCR-24-0336,L24-0846,,,D10,329,final,gauge,burr on edge,use as is,,,,4.6,2024-10-21,2024-10-17,2024-11-04,,E-0155,closed,20260106T061500Z-QE24M
NCR-24-0337,L24-0929,,,D14,140,CMM,operator,CMM reject,scrap,,,,,2024-10-25,2024-10-17,2024-11-11,,E-0154,closed,20260106T061500Z-QE24M
NCR-24-0338,L24-0872,,,D13,241,final,operator,dings,sort,,,145.1,3.3,2024-10-22,2024-10-17,2024-11-11,,E-0156,closed,20260106T061500Z-QE24M
NCR-24-0339,L24-0954,,,D04,118,in-process,operator,runout over limit,scrap,,,,,2024-10-21,2024-10-17,2024-10-26,,E-0103,closed,20260106T061500Z-QE24M
NCR-24-0340,L24-0959,,C-14952-36,D01,444,in-process,machine,OD out of tol,use as is,,,,4.9,2024-10-27,2024-10-19,2024-11-07,,E-0118,closed,20260106T061500Z-QE24M
NCR-24-0341,L24-0965,,C-11099-37,D04,147,in-process,operator,runout high,rework,,,,3.6,2024-10-31,2024-10-22,2024-11-23,,E-0132,closed,20260106T061500Z-QE24M
NCR-24-0342,,RI-24-02105,,REC,683,receiving,supplier,failed receiving,return to supplier,,,,,2024-10-27,2024-10-22,2024-11-07,,E-0154,closed,20260106T061500Z-QE24M
NCR-24-0343,L24-0958,,C-10327-26,D03,57,in-process,machine,bore oversize,scrap,,,,,2024-10-26,2024-10-23,2024-11-17,,E-0144,closed,20260106T061500Z-QE24M
NCR-24-0344,L24-0969,,,D04,77,in-process,operator,runout over limit,scrap,,,,,2024-11-02,2024-10-23,2024-11-26,,E-0142,closed,20260106T061500Z-QE24M
NCR-24-0345,L24-0928,,,D11,15,final,machine,scratches,rework,,96.3,,5.8,2024-11-02,2024-10-24,2024-11-17,,E-0153,closed,20260106T061500Z-QE24M
NCR-24-0346,L24-0874,,,D01,246,customer,operator,OD out of tol,rework,,157.3,,7.2,2024-10-28,2024-10-26,2024-11-11,,E-0151,closed,20260106T061500Z-QE24M
NCR-24-0347,L24-0955,,C-12141-14,D01,361,in-process,tooling,OD out of tol,use as is,,,,5.1,2024-10-27,2024-10-26,2024-11-17,,E-0143,closed,20260106T061500Z-QE24M
NCR-24-0348,L24-0990,,C-13971-05,D01,98,CMM,program,OD oversize,use as is,CD-77035,,,6.5,2024-11-09,2024-10-30,2024-11-17,,E-0149,closed,20260106T061500Z-QE24M
NCR-24-0349,L24-0937,RI-24-02161,,REC,1934,receiving,,supplier lot rejected,return to supplier,,,,,2024-11-12,2024-11-02,2024-11-24,,E-0154,closed,20260106T061500Z-QE24M
NCR-24-0350,L24-1002,,,D03,307,in-process,,bore oversize,rework,,116.1,,1.8,2024-11-13,2024-11-03,2024-12-08,,E-0101,closed,20260106T061500Z-QE24M
NCR-24-0351,L24-1022,,,D01,108,in-process,operator,OD oversize,rework,,,,12.1,2024-11-08,2024-11-04,2024-11-18,,E-0143,closed,20260106T061500Z-QE24M
NCR-24-0352,L24-1028,,C-16237-07,D01,424,in-process,machine,diameter out,scrap,,,,,2024-11-16,2024-11-06,2024-12-12,,E-0126,closed,20260106T061500Z-QE24M
NCR-24-0353,L24-1026,,,D01,521,in-process,operator,OD out of tol,rework,,,,4.2,2024-11-13,2024-11-06,2024-11-19,CAPA-24-015,E-0102,closed,20260106T061500Z-QE24M
NCR-24-0354,L24-0956,,C-11909-03,D03,368,final,material,bore oversize,sort,,,46.2,14.2,2024-11-08,2024-11-07,2024-12-08,,E-0150,closed,20260106T061500Z-QE24M
NCR-24-0355,L24-0955,,C-12141-14,D01,343,final,,OD oversize,use as is,,,,7.0,2024-11-10,2024-11-08,2024-11-14,,E-0150,closed,20260106T061500Z-QE24M
NCR-24-0356,L24-0967,RI-24-02216,,REC,1404,receiving,supplier,failed receiving,return to supplier,,,,,2024-11-19,2024-11-09,2024-11-20,,E-0152,closed,20260106T061500Z-QE24M
NCR-24-0357,,RI-24-02215,,REC,61,receiving,,supplier lot rejected,return to supplier,,,,,2024-11-19,2024-11-10,2024-12-05,,E-0157,closed,20260106T061500Z-QE24M
NCR-24-0358,L24-0926,,,D12,126,customer,program,plating blisters,rework,,65.6,,10.1,2024-11-15,2024-11-12,2024-11-30,CAPA-24-016,E-0155,closed,20260106T061500Z-QE24M
NCR-24-0359,L24-1054,,,D03,264,in-process,operator,bore oversize,rework,,167.9,,5.5,2024-11-14,2024-11-13,2024-11-17,,E-0118,closed,20260106T061500Z-QE24M
NCR-24-0360,L24-0986,,C-12164-33,D01,15,final,operator,OD oversize,scrap,,,,,2024-11-17,2024-11-14,2024-12-02,,E-0152,closed,20260106T061500Z-QE24M
NCR-24-0361,L24-0959,RI-24-02259,,REC,1463,receiving,other,failed receiving,rework,,64.4,,6.8,2024-11-18,2024-11-14,2024-12-12,,E-0153,closed,20260106T061500Z-QE24M
NCR-24-0362,,RI-24-02269,,REC,570,receiving,,defects in sample,return to supplier,,,,,2024-11-18,2024-11-16,2024-12-09,,E-0156,closed,20260106T061500Z-QE24M
NCR-24-0363,L24-0965,RI-24-02271,,REC,446,receiving,supplier,defects in sample,sort,,,47.9,3.7,2024-11-18,2024-11-17,2024-11-22,,E-0150,closed,20260106T061500Z-QE24M
NCR-24-0364,L24-0972,,C-14108-31,D09,153,final,gauge,hardness low,scrap,,,,,2024-11-24,2024-11-18,2024-12-03,,E-0156,closed,20260106T061500Z-QE24M
NCR-24-0365,L24-1001,,,D10,21,final,operator,burrs,rework,,163.5,,8.0,2024-11-22,2024-11-18,2024-11-30,,E-0151,closed,20260106T061500Z-QE24M
NCR-24-0366,L24-1022,RI-24-02284,,REC,263,receiving,supplier,defects in sample,return to supplier,,,,,2024-11-26,2024-11-20,2024-12-04,,E-0157,closed,20260106T061500Z-QE24M
NCR-24-0367,L24-1019,,C-11167-04,D01,234,final,operator,OD out of tol,use as is,,,,9.2,2024-11-30,2024-11-21,2024-12-23,,E-0149,closed,20260106T061500Z-QE24M
NCR-24-0368,L24-1006,RI-24-02311,,REC,5198,receiving,supplier,failed receiving,return to supplier,,,,,2024-11-24,2024-11-21,2024-12-19,,E-0155,closed,20260106T061500Z-QE24M
NCR-24-0369,L24-1027,,C-11794-08,D02,409,final,machine,length out of tol,rework,,,,8.8,2024-11-23,2024-11-21,2024-12-16,,E-0157,closed,20260106T061500Z-QE24M
NCR-24-0370,L24-1088,,C-18795-01,D01,395,in-process,operator,OD out of tol,rework,,,,4.7,2024-11-30,2024-11-21,2024-12-22,,E-0122,closed,20260106T061500Z-QE24M
NCR-24-0371,L24-1015,RI-24-02302,,REC,880,receiving,material,supplier lot rejected,return to supplier,,,,,2024-12-02,2024-11-22,2024-12-13,,E-0156,closed,20260106T061500Z-QE24M
NCR-24-0372,L24-1096,,C-15261-33,D01,215,in-process,machine,diameter out,use as is,,,,6.8,2024-11-29,2024-11-22,2024-12-08,,E-0112,closed,20260106T061500Z-QE24M
NCR-24-0373,L24-1098,,C-19406-20,D02,59,in-process,tooling,length long,scrap,,,,,2024-12-02,2024-11-24,2024-12-15,,E-0123,closed,20260106T061500Z-QE24M
NCR-24-0374,L24-0992,,,D10,73,final,operator,burrs,scrap,,,,,2024-12-01,2024-11-25,2024-12-16,,E-0149,closed,20260106T061500Z-QE24M
NCR-24-0375,L24-0917,,,D01,52,customer,machine,diameter out,sort,,,29.3,4.0,2024-12-05,2024-11-26,2024-12-12,,E-0156,closed,20260106T061500Z-QE24M
NCR-24-0376,L24-1068,,C-16180-28,D07,171,final,operator,finish rough,sort,,,48.7,4.1,2024-11-30,2024-11-26,2024-12-16,,E-0154,closed,20260106T061500Z-QE24M
NCR-24-0377,L24-1107,,C-11889-08,D02,34,in-process,operator,length long,scrap,,,,,2024-12-01,2024-11-27,2024-12-06,,E-0139,closed,20260106T061500Z-QE24M
NCR-24-0378,L24-0998,,C-12384-09,D04,30,final,,runout over limit,scrap,,,,,2024-12-05,2024-12-02,2024-12-06,,E-0149,closed,20260106T061500Z-QE24M
NCR-24-0379,L24-1003,,C-13821-01,D01,184,final,gauge,OD undersize,use as is,CD-73425,,,3.5,2024-12-08,2024-12-02,2024-12-14,,E-0155,closed,20260106T061500Z-QE24M
NCR-24-0380,L24-1133,,C-12907-02,D07,12,in-process,,finish rough,scrap,,,,,2024-12-05,2024-12-03,2024-12-28,,E-0126,closed,20260106T061500Z-QE24M
NCR-24-0381,L24-1075,,C-17046-20,D05,47,final,operator,holes off location,use as is,CD-74643,,,6.7,2024-12-12,2024-12-03,2024-12-18,,E-0150,closed,20260106T061500Z-QE24M
NCR-24-0382,L24-1127,,C-14134-34,D02,361,CMM,operator,length long,rework,,95.0,,2.8,2024-12-05,2024-12-03,2024-12-17,,E-0155,closed,20260106T061500Z-QE24M
NCR-24-0383,L24-1141,,,D07,111,in-process,operator,chatter on finish,scrap,,,,,2024-12-07,2024-12-04,2025-01-01,,E-0120,closed,20260106T061500Z-QE24M
NCR-24-0384,L24-1060,,C-12988-16,D03,46,final,operator,bore tight,rework,,109.4,,3.2,2024-12-08,2024-12-04,2024-12-17,,E-0154,closed,20260106T061500Z-QE24M
NCR-24-0385,L24-1058,,C-18940-20,D02,31,final,operator,length short,rework,,,,13.9,2024-12-18,2024-12-09,2024-12-24,,E-0154,closed,20260106T061500Z-QE24M
NCR-24-0386,L24-1164,,C-17220-02,D02,89,in-process,operator,length short,scrap,,,,,2024-12-12,2024-12-10,2025-01-03,,E-0137,closed,20260106T061500Z-QE24M
NCR-24-0387,L24-1104,,C-11962-38,D03,89,final,operator,bore tight,use as is,,,,4.7,2024-12-17,2024-12-10,2025-01-10,CAPA-24-017,E-0152,closed,20260106T061500Z-QE24M
NCR-24-0388,L24-1168,,C-15977-11,D03,169,in-process,machine,bore tight,use as is,,,,2.4,2024-12-20,2024-12-10,2025-01-06,,E-0131,closed,20260106T061500Z-QE24M
NCR-24-0389,L24-1167,,C-14168-19,D01,201,in-process,machine,OD oversize,scrap,,,,,2024-12-21,2024-12-11,2025-01-01,,E-0120,closed,20260106T061500Z-QE24M
NCR-24-0390,L24-1167,,C-14168-19,D01,79,in-process,machine,diameter out,rework,,,,2.7,2024-12-13,2024-12-11,2024-12-19,,E-0120,closed,20260106T061500Z-QE24M
NCR-24-0391,L24-1126,,C-17038-23,D02,168,final,,length short,rework,,87.0,,4.3,2024-12-21,2024-12-11,2024-12-30,,E-0153,closed,20260106T061500Z-QE24M
NCR-24-0392,L24-1171,,C-14117-10,D04,253,in-process,operator,runout high,scrap,,,,,2024-12-17,2024-12-11,2025-01-02,,E-0128,closed,20260106T061500Z-QE24M
NCR-24-0393,L24-1172,,,D14,37,CMM,material,CMM reject,scrap,,,,,2024-12-20,2024-12-12,2024-12-21,,E-0150,closed,20260106T061500Z-QE24M
NCR-24-0394,L24-1181,,C-11909-01,D02,287,in-process,other,length short,rework,,,,4.2,2024-12-24,2024-12-16,2024-12-28,,E-0136,closed,20260106T061500Z-QE24M
NCR-24-0395,L24-1153,,C-11301-32,D02,221,final,operator,length short,rework,,100.1,,3.7,2024-12-25,2024-12-17,2025-01-13,CAPA-24-018,E-0151,closed,20260106T061500Z-QE24M
NCR-24-0396,L24-1189,,,D14,759,CMM,machine,parts out of tolerance,use as is,CD-41277,,,5.0,2024-12-20,2024-12-17,2025-01-13,,E-0157,closed,20260106T061500Z-QE24M
NCR-24-0397,L24-1193,,C-11329-29,D01,231,in-process,machine,OD oversize,rework,,,,8.5,2024-12-26,2024-12-18,2025-01-04,,E-0109,closed,20260106T061500Z-QE24M
NCR-24-0398,L24-1130,,C-19446-39,D04,230,final,machine,runout high,sort,,,38.6,4.1,2024-12-25,2024-12-18,2025-01-09,,E-0157,closed,20260106T061500Z-QE24M
NCR-24-0399,L24-0902,,,D12,223,customer,machine,plating blisters,sort,,,35.4,6.0,2024-12-26,2024-12-19,2025-01-14,,E-0151,closed,20260106T061500Z-QE24M
NCR-25-0001,L24-1128,,C-18413-18,D03,459,final,machine,bore oversize,rework,,67.2,,6.5,2025-01-12,2025-01-02,2025-01-19,,E-0150,closed,20260106T061500Z-QE24M
NCR-25-0002,L24-1206,,,D02,93,in-process,machine,length out of tol,sort,,,39.1,2.0,2025-01-08,2025-01-03,2025-02-03,,E-0111,closed,20260106T061500Z-QE24M
NCR-25-0003,L24-1114,,,D13,29,customer,machine,dings,scrap,,,,,2025-01-14,2025-01-04,2025-02-02,CAPA-25-002,E-0152,closed,20260106T061500Z-QE24M
NCR-25-0004,L25-0011,,,D02,82,in-process,tooling,length out of tol,rework,,160.0,,7.1,2025-01-15,2025-01-05,2025-02-14,,E-0138,closed,20260106T061500Z-QE24M
NCR-25-0005,L25-0004,,C-10798-01,D02,103,in-process,machine,length short,scrap,,,,,2025-01-07,2025-01-06,2025-01-15,,E-0139,closed,20260106T061500Z-QE24M
NCR-25-0006,L25-0004,,C-10798-01,D02,63,in-process,tooling,length out of tol,use as is,CD-81959,,,7.4,2025-01-10,2025-01-06,2025-02-01,,E-0139,closed,20260106T061500Z-QE24M
NCR-25-0007,,RI-25-00065,,REC,480,receiving,supplier,failed receiving,sort,,,25.2,3.6,2025-01-17,2025-01-07,2025-02-11,,E-0151,closed,20260106T061500Z-QE24M
NCR-25-0008,L25-0015,,,D01,160,in-process,other,OD out of tol,scrap,,,,,2025-01-08,2025-01-07,2025-01-23,,E-0107,closed,20260106T061500Z-QE24M
NCR-25-0009,L25-0014,,C-11642-28,D03,75,in-process,,bore tight,rework,,33.8,,3.1,2025-01-09,2025-01-08,2025-01-22,,E-0139,closed,20260106T061500Z-QE24M
NCR-25-0010,L25-0008,,C-19125-18,D01,246,in-process,machine,OD undersize,scrap,,,,,2025-01-17,2025-01-10,2025-01-20,,E-0109,closed,20260106T061500Z-QE24M
NCR-25-0011,L25-0023,,C-13447-02,D07,265,in-process,operator,finish rough,scrap,,,,,2025-01-17,2025-01-11,2025-02-03,CAPA-25-003,E-0145,closed,20260106T061500Z-QE24M
NCR-25-0012,,RI-25-00092,,REC,105,receiving,,failed receiving,return to supplier,,,,,2025-01-15,2025-01-11,2025-02-11,,E-0156,closed,20260106T061500Z-QE24M
NCR-25-0013,,RI-25-00093,,REC,56,receiving,supplier,failed receiving,return to supplier,,,,,2025-01-21,2025-01-12,2025-01-25,,E-0156,closed,20260106T061500Z-QE24M
NCR-25-0014,L24-1192,,,D13,409,final,operator,dings,rework,,207.7,,15.4,2025-01-23,2025-01-13,2025-01-27,,E-0157,closed,20260106T061500Z-QE24M
NCR-25-0015,L24-1198,,,D11,312,final,material,cosmetic,use as is,CD-88864,,,4.1,2025-01-23,2025-01-15,2025-02-15,,E-0156,closed,20260106T061500Z-QE24M
NCR-25-0016,L25-0033,,,D14,1460,CMM,program,CMM reject,use as is,,,,4.7,2025-01-19,2025-01-15,2025-01-26,,E-0151,closed,20260106T061500Z-QE24M
NCR-25-0017,L25-0050,,C-19209-09,D01,47,in-process,operator,diameter out,sort,,,63.0,2.9,2025-01-23,2025-01-16,2025-02-19,,E-0114,closed,20260106T061500Z-QE24M
NCR-25-0018,L25-0041,,C-17751-05,D03,267,final,operator,bore tight,rework,,,,7.9,2025-01-20,2025-01-16,2025-02-17,CAPA-25-004,E-0156,closed,20260106T061500Z-QE24M
NCR-25-0019,L25-0051,,C-17814-24,D01,112,in-process,tooling,diameter out,use as is,CD-12110,,,5.7,2025-01-17,2025-01-16,2025-01-25,,E-0115,closed,20260106T061500Z-QE24M
NCR-25-0020,L25-0055,,C-13350-04,D07,56,in-process,machine,chatter on finish,scrap,,,,,2025-01-24,2025-01-17,2025-01-25,,E-0123,closed,20260106T061500Z-QE24M
NCR-25-0021,L25-0047,,,D14,682,CMM,material,bad parts,sort,,,58.4,2.8,2025-01-23,2025-01-17,2025-01-30,,E-0152,closed,20260106T061500Z-QE24M
NCR-25-0022,L25-0011,,,D13,199,final,,dings,rework,,61.1,,5.0,2025-01-25,2025-01-20,2025-02-06,,E-0155,closed,20260106T061500Z-QE24M
NCR-25-0023,L25-0061,,C-12947-12,D07,28,in-process,machine,Ra high,scrap,,,,,2025-01-23,2025-01-21,2025-01-28,,E-0127,closed,20260106T061500Z-QE24M
NCR-25-0024,L25-0010,,,D11,583,final,,handling marks,use as is,CD-31362,,,7.8,2025-02-01,2025-01-22,2025-02-02,,E-0153,closed,20260106T061500Z-QE24M
NCR-25-0025,L25-0031,,C-18347-28,D02,44,final,operator,length out of tol,sort,,,81.1,4.2,2025-01-23,2025-01-22,2025-02-04,,E-0151,closed,20260106T061500Z-QE24M
NCR-25-0026,,RI-25-00165,,REC,87,receiving,,defects in sample,return to supplier,,,,,2025-01-28,2025-01-22,2025-01-31,,E-0153,closed,20260106T061500Z-QE24M
NCR-25-0027,L25-0073,,C-17500-32,D04,409,in-process,tooling,runout high,rework,,88.3,,11.5,2025-01-26,2025-01-23,2025-02-12,,E-0112,closed,20260106T061500Z-QE24M
NCR-25-0028,L24-1197,,C-13369-20,D01,137,final,operator,OD out of tol,use as is,,,,6.3,2025-01-29,2025-01-23,2025-02-03,CAPA-25-006,E-0153,closed,20260106T061500Z-QE24M
NCR-25-0029,L25-0028,,C-12075-05,D01,387,in-process,operator,OD oversize,scrap,,,,,2025-02-05,2025-01-26,2025-02-25,,E-0142,closed,20260106T061500Z-QE24M
NCR-25-0030,L25-0049,RI-25-00179,,REC,303,receiving,,failed receiving,return to supplier,,,,,2025-01-29,2025-01-26,2025-02-11,,E-0149,closed,20260106T061500Z-QE24M
NCR-25-0031,,RI-25-00185,,REC,380,receiving,,defects in sample,sort,,,82.9,3.1,2025-01-29,2025-01-26,2025-02-25,,E-0152,closed,20260106T061500Z-QE24M
NCR-25-0032,L25-0029,RI-25-00190,,REC,1468,receiving,material,supplier lot rejected,rework,,97.8,,3.7,2025-01-30,2025-01-28,2025-02-15,,E-0153,closed,20260106T061500Z-QE24M
NCR-25-0033,L25-0050,RI-25-00199,,REC,327,receiving,,defects in sample,sort,,,78.2,2.0,2025-02-03,2025-01-28,2025-03-01,,E-0154,closed,20260106T061500Z-QE24M
NCR-25-0034,L25-0081,,C-12016-19,D03,192,in-process,operator,bore tight,scrap,,,,,2025-01-31,2025-01-29,2025-02-03,,E-0131,closed,20260106T061500Z-QE24M
NCR-25-0035,L25-0050,,C-19209-15,D07,79,final,program,finish rough,rework,,,,5.5,2025-02-07,2025-01-29,2025-02-28,,E-0153,closed,20260106T061500Z-QE24M
NCR-25-0036,L25-0095,,C-15401-22,D09,63,in-process,operator,hardness low,rework,,,,3.8,2025-02-09,2025-01-30,2025-02-12,,E-0114,closed,20260106T061500Z-QE24M
NCR-25-0037,L25-0107,,,D03,352,in-process,operator,bore tight,use as is,CD-78373,,,4.8,2025-02-11,2025-02-03,2025-02-12,,E-0117,closed,20260106T061500Z-QE24M
NCR-25-0038,L25-0064,RI-25-00230,,REC,625,receiving,,supplier lot rejected,return to supplier,,,,,2025-02-07,2025-02-04,2025-02-20,,E-0152,closed,20260106T061500Z-QE24M
NCR-25-0039,L25-0103,,,D04,128,in-process,material,runout high,use as is,CD-18964,,,8.8,2025-02-10,2025-02-05,2025-02-12,,E-0125,closed,20260106T061500Z-QE24M
NCR-25-0040,L25-0059,,,D10,42,final,operator,burrs,scrap,,,,,2025-02-11,2025-02-06,2025-02-27,,E-0152,closed,20260106T061500Z-QE24M
NCR-25-0041,L24-1155,,,D07,210,customer,operator,chatter on finish,rework,,,,8.1,2025-02-11,2025-02-08,2025-02-13,CAPA-25-007,E-0152,closed,20260106T061500Z-QE24M
NCR-25-0042,L24-1195,,,D08,203,customer,operator,thread tight,scrap,,,,,2025-02-13,2025-02-09,2025-02-23,,E-0157,closed,20260106T061500Z-QE24M
NCR-25-0043,L25-0086,,C-16263-06,D01,61,final,operator,diameter out,rework,,,,2.9,2025-02-15,2025-02-10,2025-02-21,,E-0156,closed,20260106T061500Z-QE24M
NCR-25-0044,L25-0132,,C-14524-09,D02,648,CMM,operator,length long,sort,,,42.0,1.6,2025-02-12,2025-02-11,2025-03-14,,E-0156,closed,20260106T061500Z-QE24M
NCR-25-0045,L25-0098,,C-16128-02,D02,168,final,machine,length short,use as is,CD-69306,,,8.0,2025-02-14,2025-02-11,2025-03-06,,E-0152,closed,20260106T061500Z-QE24M
NCR-25-0046,L25-0081,,C-12016-19,D03,255,final,tooling,bore tight,sort,,,27.9,2.7,2025-02-15,2025-02-12,2025-03-06,CAPA-25-008,E-0151,closed,20260106T061500Z-QE24M
NCR-25-0047,L25-0142,,C-10407-37,D02,41,in-process,operator,length short,rework,,,,4.6,2025-02-16,2025-02-13,2025-02-28,,E-0146,closed,20260106T061500Z-QE24M
NCR-25-0048,L25-0149,,C-16863-22,D05,155,in-process,machine,holes off location,scrap,,,,,2025-02-16,2025-02-13,2025-03-15,,E-0140,closed,20260106T061500Z-QE24M
NCR-25-0049,L25-0093,,,D14,726,CMM,operator,CMM reject,use as is,,,,3.7,2025-02-22,2025-02-14,2025-03-19,,E-0154,closed,20260106T061500Z-QE24M
NCR-25-0050,L25-0093,,C-13926-31,D04,676,in-process,tooling,runout high,scrap,,,,,2025-02-17,2025-02-15,2025-02-28,,E-0144,closed,20260106T061500Z-QE24M
NCR-25-0051,L25-0152,,C-16180-28,D07,170,in-process,machine,Ra high,use as is,CD-50906,,,4.4,2025-02-26,2025-02-16,2025-03-16,,E-0120,closed,20260106T061500Z-QE24M
NCR-25-0052,L25-0158,,C-17841-33,D02,168,in-process,operator,length out of tol,scrap,,,,,2025-02-25,2025-02-17,2025-03-14,,E-0113,closed,20260106T061500Z-QE24M
NCR-25-0053,L25-0159,,C-13403-09,D01,148,in-process,operator,OD undersize,scrap,,,,,2025-02-26,2025-02-18,2025-03-02,,E-0119,closed,20260106T061500Z-QE24M
NCR-25-0054,L25-0128,RI-25-00342,,REC,749,receiving,supplier,failed receiving,rework,,61.7,,1.7,2025-02-22,2025-02-19,2025-03-09,,E-0150,closed,20260106T061500Z-QE24M
NCR-25-0055,L25-0132,,C-14524-01,D01,299,final,operator,OD out of tol,use as is,,,,4.8,2025-02-26,2025-02-20,2025-03-28,,E-0155,closed,20260106T061500Z-QE24M
NCR-25-0056,L25-0138,,C-10900-01,D02,352,in-process,,length out of tol,rework,,83.5,,11.1,2025-02-28,2025-02-20,2025-03-28,,E-0134,closed,20260106T061500Z-QE24M
NCR-25-0057,L25-0180,,,D01,838,in-process,operator,OD out of tol,use as is,CD-18039,,,4.5,2025-03-02,2025-02-24,2025-04-01,,E-0141,closed,20260106T061500Z-QE24M
NCR-25-0058,L25-0134,,C-14134-34,D02,409,final,operator,length short,use as is,,,,10.3,2025-02-28,2025-02-25,2025-03-25,,E-0153,closed,20260106T061500Z-QE24M
NCR-25-0059,,RI-25-00388,,REC,878,receiving,material,defects in sample,return to supplier,,,,,2025-03-03,2025-02-25,2025-03-07,,E-0152,closed,20260106T061500Z-QE24M
NCR-25-0060,L25-0192,,C-12925-01,D01,25,in-process,tooling,OD out of tol,scrap,,,,,2025-03-07,2025-02-25,2025-03-10,,E-0126,closed,20260106T061500Z-QE24M
NCR-25-0061,L25-0102,RI-25-00381,,REC,813,receiving,supplier,failed receiving,return to supplier,,,,,2025-03-05,2025-02-25,2025-03-20,,E-0155,closed,20260106T061500Z-QE24M
NCR-25-0062,L25-0175,,,D08,986,in-process,operator,thread tight,rework,,179.0,,2.3,2025-03-03,2025-02-25,2025-03-21,,E-0135,closed,20260106T061500Z-QE24M
NCR-25-0063,L25-0082,,C-11584-16,D02,160,final,material,length long,sort,,,41.0,3.5,2025-03-05,2025-02-26,2025-03-18,,E-0154,closed,20260106T061500Z-QE24M
NCR-25-0064,L25-0200,,C-13307-06,D06,149,in-process,,not flat,scrap,,,,,2025-03-01,2025-02-28,2025-03-02,,E-0123,closed,20260106T061500Z-QE24M
NCR-25-0065,L25-0196,,,D01,409,in-process,operator,OD undersize,scrap,,,,,2025-03-10,2025-03-02,2025-03-26,,E-0103,closed,20260106T061500Z-QE24M
NCR-25-0066,L25-0196,,,D01,894,in-process,machine,OD out of tol,rework,,,,6.4,2025-03-08,2025-03-02,2025-03-19,,E-0103,closed,20260106T061500Z-QE24M
NCR-25-0067,L25-0168,,C-18604-26,D03,115,final,tooling,bore tight,sort,,,55.0,7.0,2025-03-04,2025-03-03,2025-03-08,,E-0152,closed,20260106T061500Z-QE24M
NCR-25-0068,L25-0170,RI-25-00431,,REC,1161,receiving,supplier,defects in sample,return to supplier,,,,,2025-03-08,2025-03-04,2025-03-14,,E-0156,closed,20260106T061500Z-QE24M
NCR-25-0069,L25-0209,,,D14,168,CMM,operator,parts out of tolerance,rework,,,,8.4,2025-03-11,2025-03-04,2025-04-05,CAPA-25-009,E-0153,closed,20260106T061500Z-QE24M
NCR-25-0070,,RI-25-00462,,REC,440,receiving,material,failed receiving,return to supplier,,,,,2025-03-12,2025-03-08,2025-03-13,,E-0156,closed,20260106T061500Z-QE24M
NCR-25-0071,L25-0236,,C-15681-10,D01,99,in-process,tooling,OD oversize,scrap,,,,,2025-03-19,2025-03-12,2025-03-28,,E-0145,closed,20260106T061500Z-QE24M
NCR-25-0072,L25-0188,,C-13458-01,D01,131,final,machine,OD undersize,sort,,,64.4,10.5,2025-03-21,2025-03-12,2025-03-22,,E-0153,closed,20260106T061500Z-QE24M
NCR-25-0073,L25-0208,RI-25-00486,,REC,1404,receiving,other,failed receiving,return to supplier,,,,,2025-03-19,2025-03-13,2025-04-16,,E-0154,closed,20260106T061500Z-QE24M
NCR-25-0074,L25-0173,,C-11909-01,D02,246,final,operator,length out of tol,rework,,,,3.2,2025-03-19,2025-03-13,2025-04-15,,E-0157,closed,20260106T061500Z-QE24M
NCR-25-0075,L25-0177,RI-25-00495,,REC,799,receiving,material,supplier lot rejected,return to supplier,,,,,2025-03-17,2025-03-14,2025-03-28,,E-0154,closed,20260106T061500Z-QE24M
NCR-25-0076,L25-0099,,,D06,76,customer,program,flatness out,rework,,,,5.0,2025-03-22,2025-03-16,2025-04-02,,E-0150,closed,20260106T061500Z-QE24M
NCR-25-0077,L25-0239,,C-14063-05,D01,279,in-process,material,diameter out,scrap,,,,,2025-03-20,2025-03-16,2025-03-25,,E-0142,closed,20260106T061500Z-QE24M
NCR-25-0078,L25-0086,,,D11,27,customer,program,scratches,sort,,,57.5,7.4,2025-03-20,2025-03-17,2025-04-19,,E-0150,closed,20260106T061500Z-QE24M
NCR-25-0079,L25-0205,RI-25-00516,,REC,789,receiving,supplier,failed receiving,return to supplier,,,,,2025-03-27,2025-03-18,2025-04-20,,E-0151,closed,20260106T061500Z-QE24M
NCR-25-0080,L25-0256,,C-13755-26,D03,73,in-process,operator,bore oversize,rework,,126.7,,2.1,2025-03-29,2025-03-19,2025-04-03,,E-0143,closed,20260106T061500Z-QE24M
NCR-25-0081,L25-0204,RI-25-00538,,REC,546,receiving,,supplier lot rejected,return to supplier,,,,,2025-03-26,2025-03-20,2025-04-21,,E-0153,closed,20260106T061500Z-QE24M
NCR-25-0082,L25-0258,,C-18210-17,D03,297,in-process,,bore tight,scrap,,,,,2025-03-24,2025-03-21,2025-04-07,,E-0123,closed,20260106T061500Z-QE24M
NCR-25-0083,L25-0232,RI-25-00554,,REC,734,receiving,material,defects in sample,use as is,CD-68079,,,6.2,2025-03-27,2025-03-22,2025-04-12,,E-0155,closed,20260106T061500Z-QE24M
NCR-25-0084,L25-0221,,C-16180-28,D07,34,final,operator,Ra high,scrap,,,,,2025-04-03,2025-03-24,2025-04-29,,E-0149,closed,20260106T061500Z-QE24M
NCR-25-0085,L25-0264,,C-16665-18,D01,415,CMM,machine,OD out of tol,sort,,,34.5,19.3,2025-03-29,2025-03-24,2025-04-25,,E-0157,closed,20260106T061500Z-QE24M
NCR-25-0086,L25-0278,,,D02,150,in-process,machine,length out of tol,rework,,,,4.1,2025-03-31,2025-03-25,2025-04-23,,E-0103,closed,20260106T061500Z-QE24M
NCR-25-0087,L25-0282,,C-13321-18,D07,182,in-process,tooling,finish rough,scrap,,,,,2025-03-26,2025-03-25,2025-03-27,CAPA-25-010,E-0123,closed,20260106T061500Z-QE24M
NCR-25-0088,L25-0288,,,D02,160,in-process,machine,length long,scrap,,,,,2025-03-31,2025-03-27,2025-04-27,,E-0124,closed,20260106T061500Z-QE24M
NCR-25-0089,L25-0296,,,D04,308,in-process,operator,runout high,rework,,81.1,,5.2,2025-04-04,2025-03-27,2025-05-04,,E-0110,closed,20260106T061500Z-QE24M
NCR-25-0090,L25-0301,,C-12701-35,D02,164,in-process,operator,length out of tol,scrap,,,,,2025-04-03,2025-03-29,2025-04-25,,E-0103,closed,20260106T061500Z-QE24M
NCR-25-0091,L25-0233,,C-17789-38,D03,148,final,operator,bore tight,rework,,,,6.7,2025-04-09,2025-04-02,2025-04-30,,E-0154,closed,20260106T061500Z-QE24M
NCR-25-0092,L25-0239,,C-14063-05,D01,248,final,operator,OD undersize,rework,,,,5.1,2025-04-11,2025-04-02,2025-04-18,,E-0156,closed,20260106T061500Z-QE24M
NCR-25-0093,,RI-25-00616,,REC,105,receiving,,supplier lot rejected,return to supplier,,,,,2025-04-09,2025-04-03,2025-04-29,,E-0155,closed,20260106T061500Z-QE24M
NCR-25-0094,L25-0316,,C-15123-12,D01,25,in-process,operator,OD undersize,sort,,,50.3,2.5,2025-04-12,2025-04-04,2025-04-24,,E-0110,closed,20260106T061500Z-QE24M
NCR-25-0095,L25-0314,,C-12907-02,D07,14,in-process,operator,finish rough,scrap,,,,,2025-04-05,2025-04-04,2025-04-23,,E-0119,closed,20260106T061500Z-QE24M
NCR-25-0096,L25-0313,,C-17038-34,D07,396,in-process,machine,Ra high,rework,,99.1,,5.6,2025-04-10,2025-04-04,2025-05-07,CAPA-25-012,E-0112,closed,20260106T061500Z-QE24M
NCR-25-0097,L25-0317,,C-13431-07,D01,25,in-process,machine,diameter out,scrap,,,,,2025-04-13,2025-04-04,2025-05-03,,E-0128,closed,20260106T061500Z-QE24M
NCR-25-0098,L25-0317,,C-13431-32,D01,99,CMM,operator,OD out of tol,rework,,282.3,,3.7,2025-04-09,2025-04-04,2025-05-05,CAPA-25-011,E-0155,closed,20260106T061500Z-QE24M
NCR-25-0099,L25-0320,,C-13369-01,D07,107,in-process,machine,chatter on finish,scrap,,,,,2025-04-10,2025-04-05,2025-05-09,,E-0119,closed,20260106T061500Z-QE24M
NCR-25-0100,,RI-25-00641,,REC,20,receiving,material,defects in sample,return to supplier,,,,,2025-04-15,2025-04-06,2025-05-08,,E-0155,closed,20260106T061500Z-QE24M
NCR-25-0101,L25-0282,RI-25-00650,,REC,608,receiving,supplier,supplier lot rejected,return to supplier,,,,,2025-04-14,2025-04-07,2025-04-28,,E-0149,closed,20260106T061500Z-QE24M
NCR-25-0102,L25-0264,RI-25-00665,,REC,1329,receiving,,defects in sample,return to supplier,,,,,2025-04-13,2025-04-08,2025-05-06,,E-0152,closed,20260106T061500Z-QE24M
NCR-25-0103,L25-0292,,,D10,67,final,tooling,burr on edge,sort,,,63.6,5.7,2025-04-16,2025-04-09,2025-05-12,,E-0152,closed,20260106T061500Z-QE24M
NCR-25-0104,L25-0341,,,D01,93,in-process,material,OD oversize,scrap,,,,,2025-04-17,2025-04-10,2025-04-18,,E-0108,closed,20260106T061500Z-QE24M
NCR-25-0105,L25-0340,,,D01,171,in-process,machine,diameter out,sort,,,27.3,4.5,2025-04-15,2025-04-10,2025-04-17,,E-0120,closed,20260106T061500Z-QE24M
NCR-25-0106,L25-0322,,C-10123-13,D05,133,in-process,machine,position out,scrap,,,,,2025-04-17,2025-04-10,2025-05-16,CAPA-25-013,E-0143,closed,20260106T061500Z-QE24M
NCR-25-0107,L25-0305,,C-14966-19,D04,426,final,operator,runout high,sort,,,14.6,4.4,2025-04-18,2025-04-14,2025-04-27,,E-0149,closed,20260106T061500Z-QE24M
NCR-25-0108,L25-0285,RI-25-00698,,REC,1349,receiving,material,defects in sample,use as is,,,,7.5,2025-04-22,2025-04-15,2025-05-17,,E-0149,closed,20260106T061500Z-QE24M
NCR-25-0109,L25-0301,,C-12701-27,D02,267,final,material,length short,sort,,,75.1,8.2,2025-04-19,2025-04-17,2025-04-26,,E-0151,closed,20260106T061500Z-QE24M
NCR-25-0110,L25-0325,,C-11584-16,D02,304,in-process,machine,length out of tol,sort,,,60.1,1.5,2025-04-26,2025-04-17,2025-05-13,,E-0139,closed,20260106T061500Z-QE24M
NCR-25-0111,L25-0349,,,D03,176,in-process,machine,bore oversize,scrap,,,,,2025-04-28,2025-04-19,2025-05-28,,E-0129,closed,20260106T061500Z-QE24M
NCR-25-0112,L25-0364,,C-18738-23,D07,119,in-process,machine,chatter on finish,use as is,,,,8.2,2025-04-23,2025-04-21,2025-05-22,,E-0127,closed,20260106T061500Z-QE24M
NCR-25-0113,L25-0361,,,D02,265,in-process,,length out of tol,rework,,42.8,,7.8,2025-04-23,2025-04-21,2025-05-12,,E-0138,closed,20260106T061500Z-QE24M
NCR-25-0114,L25-0376,,,D02,125,in-process,operator,length short,sort,,,60.9,3.9,2025-04-29,2025-04-23,2025-05-15,,E-0127,closed,20260106T061500Z-QE24M
NCR-25-0115,L25-0366,,,D04,231,in-process,operator,runout high,scrap,,,,,2025-05-01,2025-04-24,2025-05-17,,E-0107,closed,20260106T061500Z-QE24M
NCR-25-0116,L25-0338,RI-25-00764,,REC,422,receiving,supplier,failed receiving,sort,,,30.9,3.3,2025-04-29,2025-04-24,2025-05-17,,E-0149,closed,20260106T061500Z-QE24M
NCR-25-0117,L25-0373,,C-14952-36,D01,281,in-process,tooling,diameter out,scrap,,,,,2025-05-02,2025-04-24,2025-05-27,CAPA-25-014,E-0122,closed,20260106T061500Z-QE24M
NCR-25-0118,L25-0379,,,D14,84,CMM,operator,bad parts,rework,,156.6,,6.7,2025-04-28,2025-04-25,2025-04-30,,E-0157,closed,20260106T061500Z-QE24M
NCR-25-0119,,RI-25-00783,,REC,22,receiving,supplier,failed receiving,return to supplier,,,,,2025-05-05,2025-04-28,2025-05-20,,E-0151,closed,20260106T061500Z-QE24M
NCR-25-0120,L25-0390,,C-16385-19,D01,116,in-process,operator,diameter out,scrap,,,,,2025-05-05,2025-04-29,2025-05-27,,E-0121,closed,20260106T061500Z-QE24M
NCR-25-0121,L25-0395,,C-19461-37,D01,65,in-process,tooling,OD oversize,use as is,,,,7.9,2025-05-09,2025-04-29,2025-05-12,,E-0123,closed,20260106T061500Z-QE24M
NCR-25-0122,L25-0391,,,D01,613,in-process,operator,OD undersize,rework,,112.6,,6.1,2025-05-05,2025-04-30,2025-05-14,,E-0103,closed,20260106T061500Z-QE24M
NCR-25-0123,L25-0322,RI-25-00795,,REC,1309,receiving,,supplier lot rejected,use as is,CD-22262,,,21.0,2025-05-03,2025-04-30,2025-05-09,,E-0151,closed,20260106T061500Z-QE24M
NCR-25-0124,L25-0363,,C-18508-14,D02,54,final,machine,length out of tol,rework,,67.3,,8.7,2025-05-06,2025-05-01,2025-05-14,,E-0155,closed,20260106T061500Z-QE24M
NCR-25-0125,L25-0400,,,D14,179,CMM,operator,CMM reject,rework,,48.8,,3.4,2025-05-08,2025-05-01,2025-06-06,,E-0151,closed,20260106T061500Z-QE24M
NCR-25-0126,L25-0185,,,D12,6,customer,machine,plating thin,rework,,32.4,,3.3,2025-05-05,2025-05-03,2025-05-16,,E-0149,closed,20260106T061500Z-QE24M
NCR-25-0127,L25-0357,,C-11354-20,D07,28,final,material,finish rough,rework,,45.7,,5.3,2025-05-07,2025-05-05,2025-05-18,,E-0151,closed,20260106T061500Z-QE24M
NCR-25-0128,L25-0391,,C-11253-37,D01,377,final,operator,OD undersize,rework,,39.7,,16.5,2025-05-12,2025-05-05,2025-05-25,,E-0152,closed,20260106T061500Z-QE24M
NCR-25-0129,L25-0227,,,D01,12,customer,gauge,OD oversize,sort,,,69.9,2.3,2025-05-15,2025-05-06,2025-06-03,,E-0149,closed,20260106T061500Z-QE24M
NCR-25-0130,L25-0412,,,D02,212,in-process,operator,length long,sort,,,29.7,3.6,2025-05-14,2025-05-06,2025-05-25,CAPA-25-016,E-0139,closed,20260106T061500Z-QE24M
NCR-25-0131,L25-0359,,,D13,63,final,operator,damaged in handling,rework,,47.4,,4.2,2025-05-14,2025-05-07,2025-06-10,,E-0149,closed,20260106T061500Z-QE24M
NCR-25-0132,L25-0385,,C-11301-32,D02,261,final,machine,length long,sort,,,96.3,6.2,2025-05-17,2025-05-09,2025-06-08,,E-0151,closed,20260106T061500Z-QE24M
NCR-25-0133,L25-0291,,,D13,80,customer,machine,dings,scrap,,,,,2025-05-13,2025-05-11,2025-06-12,,E-0151,closed,20260106T061500Z-QE24M
NCR-25-0134,L25-0408,,C-11449-16,D02,213,final,operator,length out of tol,sort,,,32.2,1.2,2025-05-21,2025-05-12,2025-06-07,,E-0155,closed,20260106T061500Z-QE24M
NCR-25-0135,L25-0245,,,D13,94,customer,operator,dings,rework,,133.9,,14.9,2025-05-14,2025-05-13,2025-05-22,,E-0153,closed,20260106T061500Z-QE24M
NCR-25-0136,L25-0400,,C-11265-35,D02,104,final,machine,length short,scrap,,,,,2025-05-23,2025-05-13,2025-06-10,,E-0151,closed,20260106T061500Z-QE24M
NCR-25-0137,L25-0428,,C-13214-28,D01,185,in-process,other,diameter out,use as is,,,,4.2,2025-05-15,2025-05-13,2025-05-26,,E-0106,closed,20260106T061500Z-QE24M
NCR-25-0138,L25-0427,,,D03,157,in-process,,bore tight,scrap,,,,,2025-05-25,2025-05-17,2025-05-29,,E-0141,closed,20260106T061500Z-QE24M
NCR-25-0139,L25-0203,,,D11,22,customer,tooling,cosmetic,sort,,,114.4,8.7,2025-05-19,2025-05-18,2025-05-29,,E-0152,closed,20260106T061500Z-QE24M
NCR-25-0140,L25-0247,,,D01,258,customer,material,OD undersize,rework,,118.5,,12.7,2025-05-21,2025-05-20,2025-05-29,,E-0150,closed,20260106T061500Z-QE24M
NCR-25-0141,L25-0410,RI-25-00922,,REC,248,receiving,,failed receiving,use as is,CD-44862,,,6.5,2025-05-21,2025-05-20,2025-06-11,,E-0156,closed,20260106T061500Z-QE24M
NCR-25-0142,L25-0452,,C-10373-11,D03,261,in-process,tooling,bore tight,use as is,CD-79484,,,5.0,2025-06-01,2025-05-23,2025-06-06,,E-0139,closed,20260106T061500Z-QE24M
NCR-25-0143,L25-0458,,,D01,287,in-process,operator,OD undersize,rework,,66.2,,3.7,2025-05-30,2025-05-26,2025-06-09,,E-0147,closed,20260106T061500Z-QE24M
NCR-25-0144,L25-0454,,C-12828-17,D05,29,in-process,machine,holes off location,scrap,,,,,2025-05-31,2025-05-26,2025-06-11,,E-0117,closed,20260106T061500Z-QE24M
NCR-25-0145,L25-0455,,C-14992-12,D06,191,in-process,tooling,not flat,scrap,,,,,2025-06-04,2025-05-27,2025-06-14,,E-0119,closed,20260106T061500Z-QE24M
NCR-25-0146,L25-0477,,C-17500-32,D04,185,in-process,machine,runout high,scrap,,,,,2025-06-07,2025-05-29,2025-06-12,,E-0101,closed,20260106T061500Z-QE24M
NCR-25-0147,L25-0468,,C-16352-10,D01,414,CMM,material,OD oversize,rework,,106.5,,4.8,2025-06-05,2025-05-30,2025-06-09,,E-0154,closed,20260106T061500Z-QE24M
NCR-25-0148,L25-0479,,C-10749-10,D02,115,in-process,operator,length out of tol,scrap,,,,,2025-05-31,2025-05-30,2025-06-15,,E-0129,closed,20260106T061500Z-QE24M
NCR-25-0149,L25-0419,,C-18503-13,D01,456,final,other,OD oversize,sort,,,90.1,8.5,2025-06-03,2025-05-30,2025-06-26,,E-0150,closed,20260106T061500Z-QE24M
NCR-25-0150,L25-0485,,,D03,392,in-process,operator,bore oversize,scrap,,,,,2025-06-10,2025-06-01,2025-06-25,,E-0120,closed,20260106T061500Z-QE24M
NCR-25-0151,L25-0448,,C-16229-16,D01,295,final,machine,OD out of tol,rework,,46.7,,4.4,2025-06-05,2025-06-02,2025-06-22,CAPA-25-018,E-0157,closed,20260106T061500Z-QE24M
NCR-25-0152,L25-0486,,,D14,131,CMM,machine,CMM reject,rework,,170.9,,3.4,2025-06-05,2025-06-02,2025-07-02,,E-0150,closed,20260106T061500Z-QE24M
NCR-25-0153,L25-0440,,,D10,200,final,,burr on edge,rework,,141.5,,7.4,2025-06-04,2025-06-03,2025-07-03,,E-0152,closed,20260106T061500Z-QE24M
NCR-25-0154,L25-0451,,C-18445-38,D05,75,final,operator,holes off location,use as is,,,,8.4,2025-06-06,2025-06-03,2025-06-09,,E-0154,closed,20260106T061500Z-QE24M
NCR-25-0155,L25-0285,,,D12,50,customer,machine,stained after plating,sort,,,107.6,3.8,2025-06-13,2025-06-04,2025-06-21,,E-0155,closed,20260106T061500Z-QE24M
NCR-25-0156,L25-0464,RI-25-01014,,REC,967,receiving,,defects in sample,return to supplier,,,,,2025-06-15,2025-06-06,2025-06-26,,E-0154,closed,20260106T061500Z-QE24M
NCR-25-0157,L25-0420,RI-25-01018,,REC,853,receiving,supplier,supplier lot rejected,return to supplier,,,,,2025-06-07,2025-06-06,2025-06-08,,E-0153,closed,20260106T061500Z-QE24M
NCR-25-0158,L25-0495,,C-11847-01,D02,565,in-process,operator,length long,rework,,60.6,,7.5,2025-06-15,2025-06-07,2025-06-26,,E-0137,closed,20260106T061500Z-QE24M
NCR-25-0159,L25-0499,,C-17582-24,D03,964,in-process,machine,bore tight,sort,,,44.0,6.9,2025-06-14,2025-06-09,2025-07-05,,E-0110,closed,20260106T061500Z-QE24M
NCR-25-0160,L25-0463,RI-25-01034,,REC,726,receiving,supplier,defects in sample,return to supplier,,,,,2025-06-13,2025-06-09,2025-06-24,,E-0157,closed,20260106T061500Z-QE24M
NCR-25-0161,L25-0400,,,D12,27,customer,tooling,plating blisters,rework,,,,7.6,2025-06-21,2025-06-12,2025-07-07,,E-0154,closed,20260106T061500Z-QE24M
NCR-25-0162,L25-0471,,C-13502-09,D01,171,final,machine,OD out of tol,sort,,,122.6,6.4,2025-06-25,2025-06-16,2025-07-09,,E-0153,closed,20260106T061500Z-QE24M
NCR-25-0163,L25-0537,,,D01,156,in-process,machine,OD oversize,rework,,72.3,,5.6,2025-06-26,2025-06-18,2025-07-21,,E-0119,closed,20260106T061500Z-QE24M
NCR-25-0164,L25-0485,,C-12314-35,D03,168,final,operator,bore oversize,sort,,,35.1,3.0,2025-06-23,2025-06-19,2025-07-18,,E-0153,closed,20260106T061500Z-QE24M
NCR-25-0165,L25-0544,,,D02,82,in-process,machine,length out of tol,scrap,,,,,2025-06-23,2025-06-20,2025-06-30,,E-0135,closed,20260106T061500Z-QE24M
NCR-25-0166,L25-0544,,,D14,482,CMM,operator,CMM reject,sort,,,55.0,2.8,2025-06-24,2025-06-20,2025-07-07,CAPA-25-021,E-0151,closed,20260106T061500Z-QE24M
NCR-25-0167,,RI-25-01096,,REC,77,receiving,,failed receiving,return to supplier,,,,,2025-07-01,2025-06-21,2025-07-12,,E-0155,closed,20260106T061500Z-QE24M
NCR-25-0168,L25-0408,,,D02,2,customer,machine,length long,sort,,,37.5,3.4,2025-06-24,2025-06-23,2025-07-24,,E-0153,closed,20260106T061500Z-QE24M
NCR-25-0169,L25-0517,RI-25-01119,,REC,789,receiving,other,defects in sample,use as is,,,,8.5,2025-07-01,2025-06-23,2025-07-23,,E-0152,closed,20260106T061500Z-QE24M
NCR-25-0170,L25-0557,,,D06,238,in-process,operator,not flat,scrap,,,,,2025-07-02,2025-06-23,2025-07-26,,E-0137,closed,20260106T061500Z-QE24M
NCR-25-0171,L25-0307,,,D09,490,customer,material,hardness low,sort,,,36.9,3.2,2025-06-30,2025-06-25,2025-07-18,,E-0154,closed,20260106T061500Z-QE24M
NCR-25-0172,L25-0508,,,D11,515,final,machine,handling marks,sort,,,20.7,6.8,2025-06-27,2025-06-26,2025-07-21,,E-0149,closed,20260106T061500Z-QE24M
NCR-25-0173,L25-0464,,,D13,11,customer,operator,damaged in handling,rework,,,,2.4,2025-07-02,2025-06-29,2025-07-10,,E-0155,closed,20260106T061500Z-QE24M
NCR-25-0174,L25-0559,,C-13821-01,D01,796,in-process,operator,OD out of tol,rework,,142.9,,2.5,2025-07-05,2025-06-30,2025-08-01,CAPA-25-023,E-0142,closed,20260106T061500Z-QE24M
NCR-25-0175,L25-0528,,C-14719-01,D01,341,final,operator,OD undersize,sort,,,26.7,11.7,2025-07-09,2025-06-30,2025-07-28,CAPA-25-024,E-0156,closed,20260106T061500Z-QE24M
NCR-25-0176,L25-0540,RI-25-01163,,REC,511,receiving,material,defects in sample,use as is,CD-95822,,,3.0,2025-07-07,2025-07-01,2025-08-04,,E-0150,closed,20260106T061500Z-QE24M
NCR-25-0177,L25-0552,,C-11282-26,D06,226,final,operator,not flat,rework,,62.2,,5.4,2025-07-08,2025-07-07,2025-08-02,,E-0156,closed,20260106T061500Z-QE24M
NCR-25-0178,L25-0548,,,D10,85,final,material,burrs,rework,,,,11.6,2025-07-18,2025-07-08,2025-07-24,,E-0156,closed,20260106T061500Z-QE24M
NCR-25-0179,L25-0589,,C-17116-32,D02,249,in-process,operator,length long,scrap,,,,,2025-07-13,2025-07-08,2025-08-06,,E-0137,closed,20260106T061500Z-QE24M
NCR-25-0180,L25-0555,RI-25-01234,,REC,1686,receiving,supplier,failed receiving,return to supplier,,,,,2025-07-16,2025-07-10,2025-08-10,,E-0150,closed,20260106T061500Z-QE24M
NCR-25-0181,L25-0607,,,D14,318,CMM,machine,bad parts,use as is,CD-88769,,,5.6,2025-07-20,2025-07-10,2025-08-18,,E-0153,closed,20260106T061500Z-QE24M
NCR-25-0182,,RI-25-01236,,REC,290,receiving,supplier,failed receiving,use as is,,,,5.3,2025-07-19,2025-07-10,2025-07-23,,E-0157,closed,20260106T061500Z-QE24M
NCR-25-0183,L25-0580,,C-13193-10,D01,65,final,,diameter out,sort,,,47.7,6.0,2025-07-22,2025-07-14,2025-07-26,,E-0151,closed,20260106T061500Z-QE24M
NCR-25-0184,L25-0591,,C-11909-03,D03,107,in-process,machine,bore tight,sort,,,50.5,13.2,2025-07-22,2025-07-14,2025-07-26,,E-0135,closed,20260106T061500Z-QE24M
NCR-25-0185,L25-0564,RI-25-01250,,REC,2559,receiving,material,defects in sample,return to supplier,,,,,2025-07-25,2025-07-15,2025-07-28,,E-0155,closed,20260106T061500Z-QE24M
NCR-25-0186,L25-0554,,C-14384-05,D02,150,final,operator,length short,use as is,CD-16552,,,2.2,2025-07-20,2025-07-15,2025-08-09,,E-0154,closed,20260106T061500Z-QE24M
NCR-25-0187,L25-0582,RI-25-01265,,REC,486,receiving,,failed receiving,return to supplier,,,,,2025-07-22,2025-07-15,2025-08-06,,E-0151,closed,20260106T061500Z-QE24M
NCR-25-0188,L25-0579,,C-16180-28,D07,86,final,machine,Ra high,rework,,,,4.4,2025-07-23,2025-07-16,2025-08-04,,E-0155,closed,20260106T061500Z-QE24M
NCR-25-0189,L25-0640,,,D02,82,in-process,machine,length long,scrap,,,,,2025-07-25,2025-07-17,2025-08-14,,E-0107,closed,20260106T061500Z-QE24M
NCR-25-0190,L25-0638,,,D01,179,in-process,,OD undersize,scrap,,,,,2025-07-23,2025-07-20,2025-07-27,,E-0106,closed,20260106T061500Z-QE24M
NCR-25-0191,,RI-25-01282,,REC,99,receiving,,failed receiving,return to supplier,,,,,2025-07-28,2025-07-20,2025-08-18,,E-0151,closed,20260106T061500Z-QE24M
NCR-25-0192,L25-0655,,C-10212-24,D02,38,in-process,machine,length short,sort,,,76.4,9.4,2025-07-27,2025-07-22,2025-08-18,,E-0143,closed,20260106T061500Z-QE24M
NCR-25-0193,L25-0646,,C-12750-10,D01,291,in-process,machine,OD undersize,scrap,,,,,2025-07-23,2025-07-22,2025-08-03,,E-0107,closed,20260106T061500Z-QE24M
NCR-25-0194,L25-0652,,,D04,453,in-process,operator,runout over limit,sort,,,53.0,4.6,2025-07-27,2025-07-23,2025-08-02,,E-0103,closed,20260106T061500Z-QE24M
NCR-25-0195,L25-0490,,,D02,85,customer,program,length out of tol,sort,,,79.8,10.9,2025-07-26,2025-07-24,2025-07-31,,E-0150,closed,20260106T061500Z-QE24M
NCR-25-0196,L25-0603,,C-15438-37,D03,13,final,tooling,bore oversize,scrap,,,,,2025-07-25,2025-07-24,2025-07-29,,E-0150,closed,20260106T061500Z-QE24M
NCR-25-0197,L25-0628,,C-12023-24,D01,284,in-process,operator,OD oversize,scrap,,,,,2025-08-02,2025-07-24,2025-08-23,,E-0131,closed,20260106T061500Z-QE24M
NCR-25-0198,,RI-25-01334,,REC,105,receiving,other,defects in sample,sort,,,44.8,7.5,2025-07-27,2025-07-26,2025-08-14,,E-0151,closed,20260106T061500Z-QE24M
NCR-25-0199,L25-0624,,,D14,883,CMM,machine,bad parts,sort,,,65.2,6.6,2025-07-30,2025-07-28,2025-07-31,,E-0157,closed,20260106T061500Z-QE24M
NCR-25-0200,L25-0679,,C-16219-07,D01,251,in-process,machine,OD out of tol,sort,,,136.6,7.6,2025-08-07,2025-07-29,2025-09-02,,E-0117,closed,20260106T061500Z-QE24M
NCR-25-0201,L25-0591,,,D11,534,final,operator,scratches,sort,,,94.2,4.1,2025-08-07,2025-07-29,2025-08-16,CAPA-25-028,E-0153,closed,20260106T061500Z-QE24M
NCR-25-0202,L25-0670,,C-19370-11,D04,492,CMM,operator,runout high,rework,,41.0,,3.4,2025-08-03,2025-07-29,2025-08-13,,E-0157,closed,20260106T061500Z-QE24M
NCR-25-0203,L25-0572,,,D11,129,final,material,cosmetic,rework,,110.3,,9.1,2025-08-06,2025-07-29,2025-08-23,,E-0153,closed,20260106T061500Z-QE24M
NCR-25-0204,L25-0632,,,D13,147,final,machine,dings,use as is,,,,8.9,2025-08-08,2025-07-30,2025-08-17,,E-0149,closed,20260106T061500Z-QE24M
NCR-25-0205,L25-0692,,C-12065-11,D01,190,in-process,,OD out of tol,rework,,,,10.3,2025-08-04,2025-08-02,2025-08-25,CAPA-25-026,E-0142,closed,20260106T061500Z-QE24M
NCR-25-0206,,RI-25-01380,,REC,560,receiving,material,failed receiving,return to supplier,,,,,2025-08-09,2025-08-02,2025-08-27,,E-0155,closed,20260106T061500Z-QE24M
NCR-25-0207,L25-0602,RI-25-01398,,REC,1800,receiving,supplier,supplier lot rejected,return to supplier,,,,,2025-08-06,2025-08-04,2025-08-25,,E-0152,closed,20260106T061500Z-QE24M
NCR-25-0208,L25-0712,,C-16229-16,D01,303,CMM,operator,OD out of tol,rework,,,,5.8,2025-08-06,2025-08-04,2025-08-26,CAPA-25-027,E-0155,closed,20260106T061500Z-QE24M
NCR-25-0209,L25-0712,,,D01,449,in-process,machine,OD oversize,rework,,,,4.6,2025-08-07,2025-08-05,2025-08-16,,E-0121,closed,20260106T061500Z-QE24M
NCR-25-0210,L25-0651,,C-12671-18,D04,171,final,material,runout high,rework,,154.7,,4.0,2025-08-14,2025-08-05,2025-08-15,,E-0157,closed,20260106T061500Z-QE24M
NCR-25-0211,L25-0602,,,D13,320,final,operator,dings,rework,,46.1,,10.2,2025-08-11,2025-08-07,2025-09-08,,E-0152,closed,20260106T061500Z-QE24M
NCR-25-0212,L25-0653,,C-11329-29,D01,97,final,machine,OD undersize,rework,,,,11.2,2025-08-17,2025-08-07,2025-09-09,,E-0154,closed,20260106T061500Z-QE24M
NCR-25-0213,L25-0683,RI-25-01449,,REC,476,receiving,supplier,failed receiving,sort,,,104.2,4.6,2025-08-09,2025-08-08,2025-08-14,,E-0151,closed,20260106T061500Z-QE24M
NCR-25-0214,L25-0671,RI-25-01446,,REC,486,receiving,,defects in sample,return to supplier,,,,,2025-08-15,2025-08-09,2025-08-24,,E-0156,closed,20260106T061500Z-QE24M
NCR-25-0215,L25-0683,,,D10,119,final,tooling,burrs,rework,,70.2,,4.9,2025-08-21,2025-08-11,2025-08-25,,E-0152,closed,20260106T061500Z-QE24M
NCR-25-0216,L25-0746,,C-14159-18,D07,26,in-process,operator,Ra high,scrap,,,,,2025-08-19,2025-08-12,2025-09-08,,E-0121,closed,20260106T061500Z-QE24M
NCR-25-0217,L25-0677,,,D11,187,final,machine,scratches,use as is,,,,7.7,2025-08-13,2025-08-12,2025-09-01,,E-0152,closed,20260106T061500Z-QE24M
NCR-25-0218,L25-0539,,,D13,49,customer,machine,damaged in handling,sort,,,25.0,3.1,2025-08-19,2025-08-13,2025-09-11,,E-0152,closed,20260106T061500Z-QE24M
NCR-25-0219,L25-0692,,C-12065-11,D01,65,final,operator,diameter out,scrap,,,,,2025-08-18,2025-08-13,2025-08-28,,E-0155,closed,20260106T061500Z-QE24M
NCR-25-0220,L25-0743,,,D04,286,in-process,tooling,runout high,scrap,,,,,2025-08-21,2025-08-13,2025-09-13,,E-0127,closed,20260106T061500Z-QE24M
NCR-25-0221,L25-0709,RI-25-01493,,REC,312,receiving,supplier,supplier lot rejected,return to supplier,,,,,2025-08-22,2025-08-14,2025-09-01,,E-0155,closed,20260106T061500Z-QE24M
NCR-25-0222,L25-0548,,,D12,39,customer,machine,plating thin,sort,,,23.7,3.1,2025-08-20,2025-08-18,2025-09-14,,E-0156,closed,20260106T061500Z-QE24M
NCR-25-0223,L25-0684,,,D10,85,final,material,burr on edge,sort,,,62.1,5.6,2025-08-22,2025-08-18,2025-09-12,,E-0149,closed,20260106T061500Z-QE24M
NCR-25-0224,L25-0714,,,D13,221,final,machine,damaged in handling,use as is,CD-99474,,,6.0,2025-08-26,2025-08-18,2025-09-18,,E-0149,closed,20260106T061500Z-QE24M
NCR-25-0225,L25-0625,,C-17974-39,D02,834,final,machine,length short,sort,,,45.7,5.8,2025-08-25,2025-08-18,2025-09-13,,E-0149,closed,20260106T061500Z-QE24M
NCR-25-0226,L25-0782,,C-17335-01,D01,18,in-process,operator,OD out of tol,rework,,127.9,,3.3,2025-08-30,2025-08-21,2025-08-31,,E-0116,closed,20260106T061500Z-QE24M
NCR-25-0227,L25-0610,,,D01,266,customer,operator,diameter out,use as is,CD-49781,,,3.6,2025-08-24,2025-08-22,2025-08-31,,E-0151,closed,20260106T061500Z-QE24M
NCR-25-0228,L25-0772,,C-15763-26,D03,257,in-process,tooling,bore tight,scrap,,,,,2025-08-30,2025-08-22,2025-09-29,,E-0144,closed,20260106T061500Z-QE24M
NCR-25-0229,L25-0729,,C-17741-28,D02,154,final,operator,length out of tol,rework,,63.9,,4.3,2025-09-01,2025-08-25,2025-09-28,,E-0149,closed,20260106T061500Z-QE24M
NCR-25-0230,,RI-25-01563,,REC,24,receiving,supplier,supplier lot rejected,sort,,,87.2,5.3,2025-08-29,2025-08-25,2025-09-22,,E-0154,closed,20260106T061500Z-QE24M
NCR-25-0231,L25-0795,,C-11167-06,D02,239,in-process,operator,length long,scrap,,,,,2025-09-04,2025-08-25,2025-09-30,,E-0113,closed,20260106T061500Z-QE24M
NCR-25-0232,L25-0792,,,D04,78,in-process,machine,runout high,rework,,,,4.3,2025-09-01,2025-08-25,2025-09-26,,E-0107,closed,20260106T061500Z-QE24M
NCR-25-0233,L25-0771,,,D10,211,final,operator,burrs,sort,,,68.5,10.5,2025-08-30,2025-08-28,2025-09-17,,E-0151,closed,20260106T061500Z-QE24M
NCR-25-0234,L25-0798,,C-14918-23,D06,782,in-process,machine,flatness out,sort,,,118.6,10.6,2025-09-03,2025-08-28,2025-09-23,,E-0117,closed,20260106T061500Z-QE24M
NCR-25-0235,L25-0749,,C-10304-09,D02,141,final,tooling,length short,rework,,72.7,,1.8,2025-09-12,2025-09-02,2025-10-04,,E-0156,closed,20260106T061500Z-QE24M
NCR-25-0236,L25-0784,RI-25-01638,,REC,1205,receiving,material,supplier lot rejected,return to supplier,,,,,2025-09-10,2025-09-03,2025-09-21,,E-0157,closed,20260106T061500Z-QE24M
NCR-25-0237,L25-0766,,C-17004-39,D07,30,final,,chatter on finish,use as is,,,,15.8,2025-09-10,2025-09-05,2025-09-25,CAPA-25-030,E-0150,closed,20260106T061500Z-QE24M
NCR-25-0238,L25-0828,,C-14350-04,D01,320,in-process,machine,OD oversize,scrap,,,,,2025-09-14,2025-09-05,2025-09-19,,E-0145,closed,20260106T061500Z-QE24M
NCR-25-0239,L25-0839,,,D14,55,CMM,,parts out of tolerance,sort,,,33.4,7.1,2025-09-15,2025-09-05,2025-09-24,,E-0156,closed,20260106T061500Z-QE24M
NCR-25-0240,L25-0781,,C-11920-15,D04,1062,in-process,operator,runout over limit,scrap,,,,,2025-09-08,2025-09-07,2025-09-29,,E-0130,closed,20260106T061500Z-QE24M
NCR-25-0241,L25-0831,,C-17225-32,D03,146,in-process,machine,bore tight,scrap,,,,,2025-09-18,2025-09-08,2025-10-02,,E-0138,closed,20260106T061500Z-QE24M
NCR-25-0242,L25-0843,,C-10567-03,D02,41,in-process,program,length long,scrap,,,,,2025-09-11,2025-09-08,2025-09-29,,E-0129,closed,20260106T061500Z-QE24M
NCR-25-0243,L25-0772,,,D13,330,final,operator,damaged in handling,sort,,,53.7,2.4,2025-09-20,2025-09-11,2025-10-18,,E-0152,closed,20260106T061500Z-QE24M
NCR-25-0244,L25-0862,,C-16870-12,D02,52,in-process,material,length long,sort,,,39.5,5.4,2025-09-13,2025-09-11,2025-09-29,CAPA-25-029,E-0129,closed,20260106T061500Z-QE24M
NCR-25-0245,,RI-25-01702,,REC,88,receiving,material,supplier lot rejected,use as is,CD-16703,,,6.5,2025-09-20,2025-09-11,2025-10-02,,E-0152,closed,20260106T061500Z-QE24M
NCR-25-0246,L25-0818,RI-25-01697,,REC,709,receiving,,defects in sample,return to supplier,,,,,2025-09-22,2025-09-12,2025-10-02,,E-0150,closed,20260106T061500Z-QE24M
NCR-25-0247,L25-0779,,C-14952-36,D01,79,final,operator,OD undersize,use as is,,,,6.3,2025-09-24,2025-09-15,2025-09-27,,E-0154,closed,20260106T061500Z-QE24M
NCR-25-0248,L25-0822,,C-15489-35,D01,279,final,machine,OD out of tol,rework,,92.0,,5.4,2025-09-25,2025-09-15,2025-10-23,,E-0157,closed,20260106T061500Z-QE24M
NCR-25-0249,L25-0824,,,D11,83,final,machine,handling marks,use as is,CD-90330,,,3.6,2025-09-20,2025-09-15,2025-10-01,CAPA-25-032,E-0154,closed,20260106T061500Z-QE24M
NCR-25-0250,L25-0802,,C-11201-16,D01,313,final,operator,diameter out,use as is,CD-83233,,,2.8,2025-09-17,2025-09-15,2025-10-10,,E-0152,closed,20260106T061500Z-QE24M
NCR-25-0251,L25-0866,,C-15401-22,D09,111,final,material,hardness low,rework,,119.4,,3.9,2025-09-20,2025-09-15,2025-10-06,,E-0149,closed,20260106T061500Z-QE24M
NCR-25-0252,L25-0859,,,D11,192,final,,cosmetic,rework,,105.7,,4.6,2025-09-26,2025-09-16,2025-10-20,,E-0149,closed,20260106T061500Z-QE24M
NCR-25-0253,L25-0879,,C-16016-20,D01,24,in-process,operator,OD oversize,scrap,,,,,2025-09-18,2025-09-16,2025-10-06,,E-0145,closed,20260106T061500Z-QE24M
NCR-25-0254,L25-0840,,,D10,148,final,operator,burrs,rework,,,,8.0,2025-09-22,2025-09-19,2025-10-10,CAPA-25-031,E-0149,closed,20260106T061500Z-QE24M
NCR-25-0255,L25-0799,,C-10967-05,D02,330,final,,length out of tol,use as is,CD-68904,,,4.7,2025-10-01,2025-09-22,2025-10-23,,E-0156,closed,20260106T061500Z-QE24M
NCR-25-0256,L25-0900,,C-11889-08,D02,89,in-process,machine,length short,scrap,,,,,2025-10-03,2025-09-23,2025-10-26,,E-0139,closed,20260106T061500Z-QE24M
NCR-25-0257,L25-0781,,C-11920-15,D04,538,final,machine,runout high,rework,,,,11.9,2025-09-29,2025-09-23,2025-09-30,,E-0155,closed,20260106T061500Z-QE24M
NCR-25-0258,L25-0805,,C-14168-19,D01,194,final,operator,OD oversize,rework,,117.1,,7.3,2025-10-01,2025-09-23,2025-10-25,,E-0155,closed,20260106T061500Z-QE24M
NCR-25-0259,L25-0870,,,D11,241,final,program,handling marks,rework,,,,9.6,2025-09-27,2025-09-23,2025-10-01,,E-0157,closed,20260106T061500Z-QE24M
NCR-25-0260,L25-0858,RI-25-01801,,REC,481,receiving,supplier,failed receiving,rework,,86.6,,3.9,2025-09-26,2025-09-24,2025-10-04,,E-0150,closed,20260106T061500Z-QE24M
NCR-25-0261,L25-0789,,C-11584-16,D02,57,final,machine,length out of tol,scrap,,,,,2025-09-30,2025-09-25,2025-10-19,CAPA-25-034,E-0156,closed,20260106T061500Z-QE24M
NCR-25-0262,L25-0880,,C-16001-22,D02,68,final,material,length out of tol,rework,,51.6,,6.1,2025-09-28,2025-09-26,2025-10-22,,E-0152,closed,20260106T061500Z-QE24M
NCR-25-0263,L25-0920,,,D02,85,in-process,program,length short,scrap,,,,,2025-10-02,2025-09-26,2025-10-15,,E-0118,closed,20260106T061500Z-QE24M
NCR-25-0264,L25-0916,,,D14,381,CMM,gauge,parts out of tolerance,use as is,,,,4.9,2025-10-05,2025-09-26,2025-10-28,,E-0152,closed,20260106T061500Z-QE24M
NCR-25-0265,L25-0916,,,D07,223,in-process,machine,Ra high,scrap,,,,,2025-10-04,2025-09-27,2025-10-28,,E-0109,closed,20260106T061500Z-QE24M
NCR-25-0266,L25-0916,,C-17038-34,D07,231,in-process,machine,chatter on finish,rework,,90.5,,6.4,2025-10-06,2025-09-27,2025-10-28,,E-0109,closed,20260106T061500Z-QE24M
NCR-25-0267,L25-0619,,,D05,19,customer,machine,position out,scrap,,,,,2025-10-03,2025-09-29,2025-10-04,,E-0155,closed,20260106T061500Z-QE24M
NCR-25-0268,L25-0875,,C-11301-32,D02,323,final,operator,length short,use as is,,,,6.8,2025-10-09,2025-09-29,2025-10-22,,E-0151,closed,20260106T061500Z-QE24M
NCR-25-0269,L25-0933,,C-10604-32,D01,7,CMM,machine,OD out of tol,use as is,,,,8.9,2025-10-07,2025-09-30,2025-11-02,,E-0155,closed,20260106T061500Z-QE24M
NCR-25-0270,L25-0887,,C-11871-21,D03,59,final,machine,bore tight,scrap,,,,,2025-10-04,2025-10-01,2025-10-13,,E-0149,closed,20260106T061500Z-QE24M
NCR-25-0271,L25-0883,,C-14859-18,D01,256,final,operator,OD oversize,use as is,,,,6.5,2025-10-10,2025-10-01,2025-11-08,CAPA-25-035,E-0157,closed,20260106T061500Z-QE24M
NCR-25-0272,L25-0938,,C-16263-06,D01,50,CMM,machine,diameter out,scrap,,,,,2025-10-08,2025-10-02,2025-11-01,,E-0149,closed,20260106T061500Z-QE24M
NCR-25-0273,L25-0679,,,D10,293,customer,operator,burrs,rework,,63.6,,6.3,2025-10-08,2025-10-07,2025-10-11,,E-0149,closed,20260106T061500Z-QE24M
NCR-25-0274,L25-0900,RI-25-01899,,REC,719,receiving,supplier,defects in sample,use as is,,,,2.6,2025-10-12,2025-10-07,2025-11-04,,E-0153,closed,20260106T061500Z-QE24M
NCR-25-0275,L25-0886,RI-25-01908,,REC,432,receiving,supplier,defects in sample,return to supplier,,,,,2025-10-12,2025-10-07,2025-10-23,,E-0149,closed,20260106T061500Z-QE24M
NCR-25-0276,L25-0947,,C-14918-23,D06,706,in-process,operator,flatness out,sort,,,245.7,3.5,2025-10-16,2025-10-08,2025-10-23,,E-0121,closed,20260106T061500Z-QE24M
NCR-25-0277,L25-0949,,,D01,181,in-process,operator,OD oversize,scrap,,,,,2025-10-13,2025-10-09,2025-11-07,,E-0101,closed,20260106T061500Z-QE24M
NCR-25-0278,L25-0921,RI-25-01915,,REC,734,receiving,material,failed receiving,return to supplier,,,,,2025-10-16,2025-10-09,2025-10-20,,E-0152,closed,20260106T061500Z-QE24M
NCR-25-0279,L25-0833,,,D10,26,final,machine,burrs,rework,,44.3,,11.4,2025-10-18,2025-10-09,2025-11-14,,E-0156,closed,20260106T061500Z-QE24M
NCR-25-0280,L25-0933,RI-25-01948,,REC,233,receiving,,defects in sample,return to supplier,,,,,2025-10-18,2025-10-13,2025-11-07,,E-0150,closed,20260106T061500Z-QE24M
NCR-25-0281,,RI-25-01935,,REC,30,receiving,,failed receiving,return to supplier,,,,,2025-10-15,2025-10-13,2025-10-22,,E-0154,closed,20260106T061500Z-QE24M
NCR-25-0282,L25-0933,,C-10604-32,D01,43,final,machine,OD undersize,sort,,,51.3,2.9,2025-10-16,2025-10-14,2025-11-05,,E-0155,closed,20260106T061500Z-QE24M
NCR-25-0283,L25-0989,,C-15298-06,D07,127,in-process,operator,Ra high,scrap,,,,,2025-10-19,2025-10-15,2025-10-27,,E-0110,closed,20260106T061500Z-QE24M
NCR-25-0284,L25-0941,RI-25-01974,,REC,268,receiving,material,defects in sample,return to supplier,,,,,2025-10-19,2025-10-16,2025-11-18,,E-0150,closed,20260106T061500Z-QE24M
NCR-25-0285,L25-1004,,C-14843-34,D02,26,in-process,program,length out of tol,scrap,,,,,2025-10-18,2025-10-17,2025-11-15,,E-0102,closed,20260106T061500Z-QE24M
NCR-25-0286,L25-1009,,,D02,29,in-process,machine,length short,sort,,,43.6,6.6,2025-10-21,2025-10-20,2025-10-31,,E-0101,closed,20260106T061500Z-QE24M
NCR-25-0287,L25-0948,,C-18566-38,D01,32,final,operator,OD oversize,sort,,,49.5,7.5,2025-10-25,2025-10-20,2025-11-23,,E-0150,closed,20260106T061500Z-QE24M
NCR-25-0288,L25-1198,,C-14253-12,D01,99,in-process,operator,diameter out,scrap,,,,,2025-10-24,2025-10-20,2025-10-31,,E-0143,closed,20260106T061500Z-QE24M
NCR-25-0289,L25-1198,,,D01,267,in-process,machine,OD out of tol,rework,,56.5,,6.8,2025-10-27,2025-10-20,2025-11-19,,E-0143,closed,20260106T061500Z-QE24M
NCR-25-0290,L25-1008,,C-12589-36,D03,225,in-process,machine,bore tight,rework,,,,5.9,2025-10-30,2025-10-20,2025-11-27,,E-0105,closed,20260106T061500Z-QE24M
NCR-25-0291,L25-1001,,C-14952-36,D01,193,in-process,tooling,OD out of tol,use as is,CD-57528,,,4.9,2025-10-27,2025-10-21,2025-11-25,CAPA-25-039,E-0125,closed,20260106T061500Z-QE24M
NCR-25-0292,L25-0860,,,D07,388,customer,material,finish rough,rework,,28.7,,3.2,2025-10-27,2025-10-22,2025-11-03,,E-0149,closed,20260106T061500Z-QE24M
NCR-25-0293,L25-1015,,,D01,320,in-process,operator,OD out of tol,use as is,,,,4.6,2025-10-24,2025-10-22,2025-11-11,,E-0116,closed,20260106T061500Z-QE24M
NCR-25-0294,L25-1022,,C-16316-09,D01,243,in-process,operator,diameter out,scrap,,,,,2025-11-03,2025-10-26,2025-12-01,,E-0120,closed,20260106T061500Z-QE24M
NCR-25-0295,L25-1026,,,D01,295,in-process,tooling,OD out of tol,scrap,,,,,2025-11-03,2025-10-26,2025-11-19,,E-0127,closed,20260106T061500Z-QE24M
NCR-25-0296,L25-0959,,,D11,468,final,machine,scratches,rework,,,,3.5,2025-10-29,2025-10-27,2025-11-16,,E-0152,closed,20260106T061500Z-QE24M
NCR-25-0297,L25-1044,,,D01,177,in-process,machine,diameter out,rework,,89.4,,6.2,2025-10-31,2025-10-27,2025-11-02,,E-0144,closed,20260106T061500Z-QE24M
NCR-25-0298,L25-1039,,,D01,78,in-process,material,OD out of tol,scrap,,,,,2025-11-01,2025-10-28,2025-11-16,,E-0141,closed,20260106T061500Z-QE24M
NCR-25-0299,L25-1039,,C-13971-05,D01,116,in-process,tooling,OD oversize,sort,,,92.5,6.1,2025-10-29,2025-10-28,2025-11-09,CAPA-25-037,E-0141,closed,20260106T061500Z-QE24M
NCR-25-0300,L25-1041,,C-16499-22,D02,257,in-process,machine,length short,scrap,,,,,2025-10-29,2025-10-28,2025-11-19,CAPA-25-038,E-0125,closed,20260106T061500Z-QE24M
NCR-25-0301,L25-0913,,C-10928-33,D02,65,final,operator,length long,scrap,,,,,2025-11-06,2025-10-29,2025-12-03,,E-0150,closed,20260106T061500Z-QE24M
NCR-25-0302,L25-1061,,C-16860-23,D03,812,CMM,machine,bore tight,rework,,,,2.6,2025-10-31,2025-10-30,2025-11-02,,E-0151,closed,20260106T061500Z-QE24M
NCR-25-0303,L25-1047,,C-11700-05,D02,137,in-process,machine,length long,scrap,,,,,2025-11-01,2025-10-30,2025-11-07,,E-0140,closed,20260106T061500Z-QE24M
NCR-25-0304,L25-1062,,,D01,55,in-process,machine,diameter out,scrap,,,,,2025-11-07,2025-10-30,2025-12-02,,E-0141,closed,20260106T061500Z-QE24M
NCR-25-0305,L25-0967,RI-25-02101,,REC,551,receiving,material,defects in sample,return to supplier,,,,,2025-11-02,2025-10-31,2025-11-13,,E-0153,closed,20260106T061500Z-QE24M
NCR-25-0306,L25-1062,,C-15662-14,D01,51,CMM,program,diameter out,rework,,,,9.3,2025-11-09,2025-10-31,2025-12-03,,E-0149,closed,20260106T061500Z-QE24M
NCR-25-0307,L25-0937,,C-13755-12,D02,66,final,machine,length short,sort,,,40.1,5.7,2025-11-10,2025-11-04,2025-11-14,,E-0154,closed,20260106T061500Z-QE24M
NCR-25-0308,L25-1018,,C-17158-17,D01,57,final,program,diameter out,scrap,,,,,2025-11-11,2025-11-05,2025-11-24,,E-0151,closed,20260106T061500Z-QE24M
NCR-25-0309,L25-0969,,,D11,130,final,machine,handling marks,rework,,80.0,,3.3,2025-11-14,2025-11-06,2025-12-06,,E-0149,closed,20260106T061500Z-QE24M
NCR-25-0310,L25-1089,,,D02,239,in-process,,length short,use as is,,,,4.0,2025-11-10,2025-11-06,2025-12-02,,E-0134,closed,20260106T061500Z-QE24M
NCR-25-0311,L25-1083,,,D14,152,CMM,material,bad parts,scrap,,,,,2025-11-16,2025-11-06,2025-12-03,,E-0149,closed,20260106T061500Z-QE24M
NCR-25-0312,L25-1100,,,D01,223,in-process,operator,OD out of tol,use as is,CD-42577,,,6.2,2025-11-16,2025-11-06,2025-11-17,CAPA-25-040,E-0127,closed,20260106T061500Z-QE24M
NCR-25-0313,L25-0969,RI-25-02151,,REC,858,receiving,,defects in sample,return to supplier,,,,,2025-11-14,2025-11-06,2025-11-27,,E-0153,closed,20260106T061500Z-QE24M
NCR-25-0314,L25-1092,,,D03,219,in-process,machine,bore oversize,scrap,,,,,2025-11-14,2025-11-08,2025-12-02,,E-0137,closed,20260106T061500Z-QE24M
NCR-25-0315,L25-1092,,C-11909-01,D02,590,in-process,material,length long,use as is,CD-80754,,,4.1,2025-11-09,2025-11-08,2025-11-22,,E-0137,closed,20260106T061500Z-QE24M
NCR-25-0316,L25-1008,,C-12589-36,D03,164,final,operator,bore oversize,rework,,115.2,,1.9,2025-11-16,2025-11-10,2025-12-05,,E-0153,closed,20260106T061500Z-QE24M
NCR-25-0317,L25-1111,,C-14715-14,D02,43,in-process,material,length out of tol,scrap,,,,,2025-11-12,2025-11-10,2025-11-20,,E-0105,closed,20260106T061500Z-QE24M
NCR-25-0318,L25-1045,RI-25-02183,,REC,218,receiving,,failed receiving,return to supplier,,,,,2025-11-14,2025-11-11,2025-11-23,,E-0153,closed,20260106T061500Z-QE24M
NCR-25-0319,L25-1039,,C-13971-05,D01,122,final,,diameter out,sort,,,65.9,4.2,2025-11-18,2025-11-11,2025-11-22,,E-0149,closed,20260106T061500Z-QE24M
NCR-25-0320,L25-1056,RI-25-02194,,REC,704,receiving,supplier,failed receiving,return to supplier,,,,,2025-11-13,2025-11-11,2025-11-26,,E-0154,closed,20260106T061500Z-QE24M
NCR-25-0321,L25-0985,RI-25-02181,,REC,422,receiving,,failed receiving,sort,,,54.1,2.2,2025-11-12,2025-11-11,2025-11-24,,E-0152,closed,20260106T061500Z-QE24M
NCR-25-0322,L25-1067,RI-25-02204,,REC,1071,receiving,,supplier lot rejected,return to supplier,,,,,2025-11-19,2025-11-13,2025-12-19,,E-0156,closed,20260106T061500Z-QE24M
NCR-25-0323,L25-1095,,C-11320-07,D07,73,final,operator,finish rough,rework,,,,4.0,2025-11-16,2025-11-13,2025-11-19,CAPA-25-041,E-0157,closed,20260106T061500Z-QE24M
NCR-25-0324,L25-1071,,,D14,661,CMM,operator,bad parts,use as is,,,,5.3,2025-11-15,2025-11-13,2025-11-28,,E-0150,closed,20260106T061500Z-QE24M
NCR-25-0325,L25-1123,,C-14928-31,D01,209,in-process,program,OD oversize,scrap,,,,,2025-11-22,2025-11-14,2025-11-25,,E-0117,closed,20260106T061500Z-QE24M
NCR-25-0326,L25-0834,,,D12,10,customer,tooling,plating blisters,scrap,,,,,2025-11-24,2025-11-16,2025-12-24,,E-0155,closed,20260106T061500Z-QE24M
NCR-25-0327,L25-1052,,,D13,413,final,,damaged in handling,sort,,,43.2,5.0,2025-11-22,2025-11-17,2025-12-11,,E-0151,closed,20260106T061500Z-QE24M
NCR-25-0328,L25-1205,,C-14328-08,D01,31,in-process,operator,OD out of tol,scrap,,,,,2025-11-19,2025-11-17,2025-12-02,,E-0141,closed,20260106T061500Z-QE24M
NCR-25-0329,L25-1109,RI-25-02268,,REC,992,receiving,material,failed receiving,sort,,,70.8,5.1,2025-11-21,2025-11-19,2025-12-15,,E-0149,closed,20260106T061500Z-QE24M
NCR-25-0330,L25-1204,,,D14,122,CMM,program,bad parts,sort,,,87.1,8.5,2025-11-28,2025-11-19,2025-12-13,,E-0154,closed,20260106T061500Z-QE24M
NCR-25-0331,L25-1208,,,D01,197,in-process,machine,diameter out,rework,,158.2,,4.7,2025-11-26,2025-11-20,2025-11-28,,E-0120,closed,20260106T061500Z-QE24M
NCR-25-0332,L25-1050,,,D13,183,final,machine,dings,rework,,73.7,,2.7,2025-11-21,2025-11-20,2025-12-07,,E-0150,closed,20260106T061500Z-QE24M
NCR-25-0333,L25-1110,RI-25-02280,,REC,1136,receiving,,defects in sample,return to supplier,,,,,2025-11-30,2025-11-20,2025-12-04,,E-0155,closed,20260106T061500Z-QE24M
NCR-25-0334,L25-1147,,,D01,113,in-process,operator,OD out of tol,use as is,,,,4.9,2025-11-26,2025-11-23,2025-12-21,,E-0144,closed,20260106T061500Z-QE24M
NCR-25-0335,L25-1149,,,D04,199,in-process,machine,runout high,scrap,,,,,2025-12-01,2025-11-24,2025-12-15,,E-0145,closed,20260106T061500Z-QE24M
NCR-25-0336,L25-1092,,C-11909-01,D02,367,final,machine,length short,rework,,80.2,,7.1,2025-11-28,2025-11-24,2025-12-21,,E-0156,closed,20260106T061500Z-QE24M
NCR-25-0337,L25-1064,,,D13,66,final,operator,damaged in handling,use as is,CD-54694,,,8.1,2025-11-25,2025-11-24,2025-12-07,,E-0154,closed,20260106T061500Z-QE24M
NCR-25-0338,L25-1139,,,D14,339,CMM,gauge,parts out of tolerance,rework,,92.4,,10.4,2025-11-26,2025-11-24,2025-12-04,,E-0157,closed,20260106T061500Z-QE24M
NCR-25-0339,L25-1134,,C-10147-32,D02,404,in-process,machine,length long,rework,,,,6.0,2025-11-30,2025-11-25,2025-12-01,,E-0141,closed,20260106T061500Z-QE24M
NCR-25-0340,L25-1214,,C-18347-28,D02,970,in-process,operator,length short,rework,,88.4,,4.1,2025-12-03,2025-11-25,2025-12-28,,E-0121,closed,20260106T061500Z-QE24M
NCR-25-0341,L25-1026,,C-14196-32,D05,294,final,gauge,position out,sort,,,86.2,5.7,2025-11-26,2025-11-25,2025-12-21,,E-0150,closed,20260106T061500Z-QE24M
NCR-25-0342,L25-1107,,C-15977-33,D02,10,final,operator,length long,scrap,,,,,2025-12-04,2025-11-26,2025-12-23,,E-0153,closed,20260106T061500Z-QE24M
NCR-25-0343,L25-1217,,C-16289-22,D04,185,in-process,machine,runout high,scrap,,,,,2025-12-02,2025-11-26,2025-12-15,,E-0117,closed,20260106T061500Z-QE24M
NCR-25-0344,L25-1149,,C-13285-30,D03,850,CMM,material,bore tight,use as is,,,,9.8,2025-12-02,2025-11-26,2025-12-27,,E-0150,closed,20260106T061500Z-QE24M
NCR-25-0345,L25-0899,,,D10,94,customer,machine,burrs,rework,,299.7,,2.9,2025-12-09,2025-11-29,2025-12-13,,E-0152,closed,20260106T061500Z-QE24M
NCR-25-0346,L25-1160,,,D04,264,in-process,operator,runout over limit,scrap,,,,,2025-12-05,2025-12-01,,,E-0101,open,20260106T061500Z-QE24M
NCR-25-0347,L25-1068,,C-16903-26,D09,39,final,machine,hardness low,scrap,,,,,2025-12-09,2025-12-01,2025-12-23,,E-0156,closed,20260106T061500Z-QE24M
NCR-25-0348,L25-1167,,C-13149-10,D01,180,in-process,gauge,diameter out,scrap,,,,,2025-12-04,2025-12-01,2025-12-12,,E-0115,closed,20260106T061500Z-QE24M
NCR-25-0349,L25-1162,,C-12777-03,D01,32,final,machine,OD undersize,rework,,,,3.0,2025-12-10,2025-12-01,2025-12-17,,E-0156,closed,20260106T061500Z-QE24M
NCR-25-0350,L25-1160,,C-14909-39,D04,264,final,operator,runout high,sort,,,60.0,11.8,2025-12-06,2025-12-02,2025-12-29,,E-0152,closed,20260106T061500Z-QE24M
NCR-25-0351,L25-1140,,C-10900-01,D02,873,in-process,tooling,length short,scrap,,,,,2025-12-09,2025-12-02,,,E-0130,open,20260106T061500Z-QE24M
NCR-25-0352,L25-1122,,,D11,140,final,machine,cosmetic,rework,,49.8,,7.1,2025-12-06,2025-12-03,2025-12-15,,E-0153,closed,20260106T061500Z-QE24M
NCR-25-0353,L25-1178,,,D14,746,CMM,machine,bad parts,rework,,140.0,,5.7,2025-12-08,2025-12-03,2025-12-14,,E-0151,closed,20260106T061500Z-QE24M
NCR-25-0354,L25-1179,,C-12884-18,D01,13,in-process,operator,OD out of tol,scrap,,,,,2025-12-13,2025-12-04,2025-12-20,,E-0125,closed,20260106T061500Z-QE24M
NCR-25-0355,L25-1112,,C-13403-34,D03,25,final,machine,bore tight,sort,,,155.1,2.4,2025-12-11,2025-12-04,,,E-0157,open,20260106T061500Z-QE24M
NCR-25-0356,L25-1132,,C-17077-35,D03,138,final,gauge,bore tight,sort,,,73.8,2.2,2025-12-11,2025-12-05,,,E-0157,open,20260106T061500Z-QE24M
NCR-25-0357,L25-1238,,C-17934-31,D02,202,in-process,machine,length short,scrap,,,,,2025-12-12,2025-12-07,2025-12-15,,E-0101,closed,20260106T061500Z-QE24M
NCR-25-0358,L25-1130,RI-25-02394,,REC,833,receiving,,failed receiving,return to supplier,,,,,2025-12-15,2025-12-09,,,E-0152,open,20260106T061500Z-QE24M
NCR-25-0359,L25-1169,,,D13,154,final,material,dings,rework,,,,7.0,2025-12-19,2025-12-11,2025-12-30,,E-0156,closed,20260106T061500Z-QE24M
NCR-25-0360,L25-1168,,C-11167-06,D02,37,final,machine,length long,sort,,,98.0,5.5,2025-12-21,2025-12-11,,,E-0151,open,20260106T061500Z-QE24M
NCR-25-0361,L25-1213,,C-10378-39,D07,23,final,tooling,finish rough,use as is,CD-24520,,,3.5,2025-12-14,2025-12-11,2025-12-30,,E-0151,closed,20260106T061500Z-QE24M
NCR-25-0362,L25-1149,,C-13285-02,D01,395,final,operator,OD undersize,sort,,,44.3,10.1,2025-12-12,2025-12-11,,,E-0157,open,20260106T061500Z-QE24M
NCR-25-0363,L25-1140,RI-25-02421,,REC,4563,receiving,material,defects in sample,return to supplier,,,,,2025-12-19,2025-12-12,2025-12-29,,E-0151,closed,20260106T061500Z-QE24M
NCR-25-0364,L25-1140,,C-10900-01,D02,839,final,gauge,length out of tol,use as is,CD-19832,,,1.9,2025-12-22,2025-12-12,,,E-0150,open,20260106T061500Z-QE24M
NCR-25-0365,L25-1248,,,D03,110,in-process,operator,bore oversize,sort,,,32.1,5.0,2025-12-24,2025-12-15,,,E-0139,open,20260106T061500Z-QE24M
NCR-25-0366,,RI-25-02437,,REC,270,receiving,,supplier lot rejected,return to supplier,,,,,2025-12-17,2025-12-15,2025-12-26,,E-0149,closed,20260106T061500Z-QE24M
NCR-25-0367,L25-1172,,C-11803-02,D02,49,final,tooling,length out of tol,use as is,CD-72719,,,4.2,2025-12-20,2025-12-15,,,E-0153,open,20260106T061500Z-QE24M
NCR-25-0368,L25-1209,,,D13,24,final,machine,dings,sort,,,24.5,4.5,2025-12-17,2025-12-16,,,E-0151,open,20260106T061500Z-QE24M
NCR-25-0369,L25-1209,RI-25-02444,,REC,605,receiving,material,supplier lot rejected,sort,,,62.1,3.0,2025-12-17,2025-12-16,2025-12-27,,E-0152,closed,20260106T061500Z-QE24M
NCR-25-0370,L25-1159,,,D10,81,final,machine,burr on edge,rework,,71.4,,5.4,2025-12-27,2025-12-17,,,E-0153,open,20260106T061500Z-QE24M
NCR-25-0371,L25-1249,RI-25-02487,,REC,675,receiving,supplier,supplier lot rejected,return to supplier,,,,,2025-12-29,2025-12-22,,,E-0157,open,20260106T061500Z-QE24M
NCR-25-0372,L25-1088,,,D11,49,customer,operator,handling marks,,,76.8,,6.1,,2025-12-28,,,E-0151,open,20260106T061500Z-QE24M
NCR-25-0373,L25-1274,,C-18589-06,D01,1255,in-process,,OD undersize,,,,,,,2025-12-30,,,E-0119,open,20260106T061500Z-QE24M
