receiving_id,supplier_id,item_type,part_or_material,job_id,material_cert_id,lot_quantity,po_number,po_due_date,sampling_plan,code_letter,aql,inspection_level,sample_size,defects_found,defect_codes,disposition,received_at,inspected_at,inspector,export_batch_id
RI-24-00001,S-002,bar,1045 bar 31.75 mm,,MC-00045,115,PO-406913,2023-12-23,"Z1.4 single, normal",F,1.0,II,13,0,,accept,2024-01-02 07:22:00,2024-01-02 09:03:00,E-0156,20260106T061500Z-QE24M
RI-24-00002,S-002,bar,1045 bar 25.4 mm,,MC-01306,119,PO-423829,2024-01-04,"Z1.4 single, normal",F,1.0,II,13,0,,accept,2024-01-02 09:56:00,2024-01-04 08:33:00,E-0155,20260106T061500Z-QE24M
RI-24-00003,S-002,bar,1045 bar 38.1 mm,,MC-01307,105,PO-488818,2024-01-05,"Z1.4 single, normal",F,1.0,II,13,0,,accept,2024-01-02 09:39:00,2024-01-02 15:50:00,E-0156,20260106T061500Z-QE24M
RI-24-00004,S-004,bar,4140 bar 63.5 mm,,MC-00047,61,PO-412015,2024-01-06,"Z1.4 single, normal",E,1.0,II,13,0,,accept,2024-01-02 09:44:00,2024-01-03 15:34:00,E-0156,20260106T061500Z-QE24M
RI-24-00005,S-008,bar,304 bar 25.4 mm,,MC-01308,116,PO-481753,2024-01-05,"Z1.4 single, normal",F,1.0,II,13,0,,accept,2024-01-02 11:30:00,2024-01-03 19:54:00,E-0155,20260106T061500Z-QE24M
RI-24-00006,S-008,bar,304 bar 38.1 mm,,MC-01309,113,PO-426671,2024-01-06,"Z1.4 single, normal",F,1.0,II,13,0,,accept,2024-01-02 13:19:00,2024-01-02 17:07:00,E-0156,20260106T061500Z-QE24M
RI-24-00007,S-010,bar,316 bar 25.4 mm,,MC-00046,88,PO-455082,2024-01-04,"Z1.4 single, normal",E,1.0,II,6,0,,accept,2024-01-02 08:49:00,2024-01-03 06:01:00,E-0155,20260106T061500Z-QE24M
RI-24-00008,S-010,bar,316 bar 25.4 mm,,MC-01310,114,PO-426061,2024-01-02,"Z1.4 single, normal",F,1.0,II,13,1,straightness,reject,2024-01-02 11:56:00,2024-01-03 15:08:00,E-0156,20260106T061500Z-QE24M
RI-24-00009,S-012,bar,6061 bar 19.05 mm,,MC-01311,66,PO-447759,2024-01-06,"Z1.4 single, normal",E,1.0,II,13,0,,accept,2024-01-02 08:55:00,2024-01-04 05:29:00,E-0155,20260106T061500Z-QE24M
RI-24-00010,S-013,bar,7075 bar 19.05 mm,,MC-01312,69,PO-456330,2024-01-02,"Z1.4 single, normal",E,1.0,II,13,0,,accept,2024-01-02 14:50:00,2024-01-04 10:07:00,E-0155,20260106T061500Z-QE24M
RI-24-00011,S-014,bar,Ti-6Al-4V bar 50.8 mm,,MC-01313,38,PO-487337,2024-01-02,"Z1.4 single, normal",D,1.0,II,13,0,,accept,2024-01-02 13:00:00,2024-01-02 15:30:00,E-0155,20260106T061500Z-QE24M
RI-24-00012,S-015,plated parts,P-18143-B,L23-1248,,1379,PO-447650,2024-01-04,"Z1.4 single, normal",K,1.0,II,125,0,,accept,2024-01-02 10:36:00,2024-01-03 14:41:00,E-0156,20260106T061500Z-QE24M
RI-24-00013,S-015,plated parts,P-18589-A,L23-1258,,5089,PO-434503,2024-01-01,"Z1.4 single, normal",L,1.0,II,200,1,adhesion,accept,2024-01-02 11:05:00,2024-01-03 19:57:00,E-0156,20260106T061500Z-QE24M
RI-24-00014,S-018,plated parts,P-10567-A,L23-1279,,382,PO-401180,2024-01-03,"Z1.4 single, normal",H,1.0,II,50,1,blisters,accept,2024-01-02 09:50:00,2024-01-03 10:01:00,E-0156,20260106T061500Z-QE24M
RI-24-00015,S-019,plated parts,P-10313-B,L23-1200,,937,PO-429585,2024-01-04,"Z1.4 single, normal",J,1.0,II,80,0,,accept,2024-01-02 10:09:00,2024-01-02 11:02:00,E-0155,20260106T061500Z-QE24M
RI-24-00016,S-023,plated parts,P-18795-A,L23-1256,,913,PO-455042,2024-01-02,"Z1.4 single, normal",J,1.0,II,80,1,plating thickness,accept,2024-01-02 12:31:00,2024-01-02 14:01:00,E-0155,20260106T061500Z-QE24M
RI-24-00017,S-025,plated parts,P-10257-C,L23-1184,,645,PO-447122,2024-01-02,"Z1.4 single, normal",J,1.0,II,80,0,,accept,2024-01-02 14:26:00,2024-01-04 08:34:00,E-0156,20260106T061500Z-QE24M
RI-24-00018,S-025,plated parts,P-12458-A,L23-1189,,1101,PO-498212,2024-01-05,"Z1.4 single, normal",J,1.0,II,80,0,,accept,2024-01-02 10:15:00,2024-01-02 17:07:00,E-0156,20260106T061500Z-QE24M
RI-24-00019,S-025,plated parts,P-18841-A,L23-1246,,1885,PO-445461,2023-12-27,"Z1.4 single, normal",K,1.0,II,125,0,,accept,2024-01-02 13:39:00,2024-01-03 06:08:00,E-0155,20260106T061500Z-QE24M
RI-24-00020,S-027,heat-treated parts,P-17915-C,L23-1205,,476,PO-498823,2023-12-28,"Z1.4 single, normal",H,1.0,II,50,1,distortion,accept,2024-01-02 07:02:00,2024-01-03 12:10:00,E-0156,20260106T061500Z-QE24M
RI-24-00021,S-027,heat-treated parts,P-11584-A,L23-1247,,1766,PO-490677,2024-01-03,"Z1.4 single, normal",K,1.0,II,125,0,,accept,2024-01-02 14:57:00,2024-01-02 23:28:00,E-0156,20260106T061500Z-QE24M
RI-24-00022,S-029,heat-treated parts,P-12565-B,L23-1264,,1513,PO-462945,2024-01-06,"Z1.4 single, normal",K,1.0,II,125,3,distortion,accept,2024-01-02 09:12:00,2024-01-02 12:42:00,E-0156,20260106T061500Z-QE24M
RI-24-00023,S-030,heat-treated parts,P-10994-A,L23-1201,,580,PO-403771,2024-01-04,"Z1.4 single, normal",J,1.0,II,80,1,hardness high,accept,2024-01-02 07:35:00,2024-01-03 12:13:00,E-0156,20260106T061500Z-QE24M
RI-24-00024,S-030,heat-treated parts,P-10235-A,L23-1269,,1662,PO-407154,2024-01-03,"Z1.4 single, normal",K,1.0,II,125,0,,accept,2024-01-02 14:29:00,2024-01-03 15:28:00,E-0155,20260106T061500Z-QE24M
RI-24-00025,S-030,heat-treated parts,P-11072-B,L23-1272,,491,PO-481221,2024-01-05,"Z1.4 single, normal",H,1.0,II,50,4,hardness low,reject,2024-01-02 13:55:00,2024-01-04 09:38:00,E-0155,20260106T061500Z-QE24M
RI-24-00026,S-031,heat-treated parts,P-12328-A,L23-1263,,2267,PO-474756,2023-12-30,"Z1.4 single, normal",K,1.0,II,125,2,distortion,accept,2024-01-02 10:11:00,2024-01-03 09:44:00,E-0155,20260106T061500Z-QE24M
RI-24-00027,S-033,heat-treated parts,P-18159-A,L23-1257,,1562,PO-423120,2024-01-02,"Z1.4 single, normal",K,1.0,II,125,1,hardness low,accept,2024-01-02 13:00:00,2024-01-03 07:35:00,E-0156,20260106T061500Z-QE24M
RI-24-00028,S-033,heat-treated parts,P-16933-A,L23-1274,,913,PO-425875,2024-01-02,"Z1.4 single, normal",J,1.0,II,80,0,,accept,2024-01-02 14:16:00,2024-01-04 06:31:00,E-0155,20260106T061500Z-QE24M
RI-24-00029,S-034,heat-treated parts,P-12756-B,L23-1207,,1820,PO-427486,2024-01-02,"Z1.4 single, normal",K,1.0,II,125,0,,accept,2024-01-02 10:25:00,2024-01-03 22:38:00,E-0155,20260106T061500Z-QE24M
RI-24-00030,S-034,heat-treated parts,P-18353-B,L23-1209,,600,PO-448474,2024-01-02,"Z1.4 single, normal",J,1.0,II,80,3,distortion,reject,2024-01-02 11:58:00,2024-01-04 01:12:00,E-0156,20260106T061500Z-QE24M
RI-24-00031,S-034,heat-treated parts,P-12645-A,L23-1267,,1533,PO-429382,2024-01-04,"Z1.4 single, normal",K,1.0,II,125,5,hardness low,accept,2024-01-02 07:24:00,2024-01-03 08:06:00,E-0155,20260106T061500Z-QE24M
RI-24-00032,S-035,heat-treated parts,P-11406-C,L23-1255,,1920,PO-424948,2024-01-03,"Z1.4 single, normal",K,1.0,II,125,0,,accept,2024-01-02 10:03:00,2024-01-03 11:38:00,E-0155,20260106T061500Z-QE24M
RI-24-00033,S-036,heat-treated parts,P-14168-B,L23-1270,,972,PO-423843,2024-01-02,"Z1.4 single, normal",J,1.0,II,80,1,distortion,accept,2024-01-02 14:44:00,2024-01-03 23:12:00,E-0155,20260106T061500Z-QE24M
RI-24-00034,S-036,heat-treated parts,P-17841-B,L23-1275,,893,PO-420108,2023-12-24,"Z1.4 single, normal",J,1.0,II,80,1,hardness high,accept,2024-01-02 07:59:00,2024-01-03 21:33:00,E-0156,20260106T061500Z-QE24M
RI-24-00035,S-036,heat-treated parts,P-12435-A,L23-1287,,198,PO-400049,2024-01-03,"Z1.4 single, normal",G,1.0,II,50,0,,accept,2024-01-02 10:51:00,2024-01-02 16:43:00,E-0156,20260106T061500Z-QE24M
RI-24-00036,S-037,passivated parts,P-15814-B,L23-1187,,3680,PO-452676,2024-01-02,"Z1.4 single, normal",L,1.0,II,140,2,staining,accept,2024-01-02 13:34:00,2024-01-03 08:03:00,E-0156,20260106T061500Z-QE24M
RI-24-00037,S-038,passivated parts,P-19426-D,L23-1214,,1022,PO-443537,2024-01-06,"Z1.4 single, normal",J,1.0,II,80,2,free iron,accept,2024-01-02 09:30:00,2024-01-03 02:33:00,E-0156,20260106T061500Z-QE24M
RI-24-00038,S-038,passivated parts,P-15532-C,L23-1265,,2341,PO-415690,2024-01-06,"Z1.4 single, normal",K,1.0,II,125,2,free iron,accept,2024-01-02 14:29:00,2024-01-02 20:46:00,E-0155,20260106T061500Z-QE24M
RI-24-00039,S-039,passivated parts,P-17937-B,L23-1253,,1250,PO-448439,2024-01-04,"Z1.4 single, normal",K,1.0,II,125,0,,accept,2024-01-02 12:21:00,2024-01-03 20:20:00,E-0155,20260106T061500Z-QE24M
RI-24-00040,S-039,passivated parts,P-17500-A,L23-1260,,1220,PO-425523,2024-01-03,"Z1.4 single, normal",K,1.0,II,125,0,,accept,2024-01-02 12:15:00,2024-01-04 09:58:00,E-0155,20260106T061500Z-QE24M
RI-24-00041,S-039,passivated parts,P-11347-A,L23-1276,,1076,PO-431943,2024-01-03,"Z1.4 single, normal",J,1.0,II,80,1,free iron,accept,2024-01-02 08:33:00,2024-01-04 03:13:00,E-0155,20260106T061500Z-QE24M
RI-24-00042,S-040,passivated parts,P-19370-B,L23-1277,,2113,PO-415402,2024-01-06,"Z1.4 single, normal",K,1.0,II,125,3,free iron,accept,2024-01-02 12:48:00,2024-01-04 04:47:00,E-0156,20260106T061500Z-QE24M
RI-24-00043,S-040,passivated parts,P-11265-A,L23-1282,,1141,PO-428144,2024-01-05,"Z1.4 single, normal",J,1.0,II,80,0,,accept,2024-01-02 13:25:00,2024-01-04 13:19:00,E-0156,20260106T061500Z-QE24M
RI-24-00044,S-042,passivated parts,P-14693-A,L23-1206,,1488,PO-460291,2024-01-02,"Z1.4 single, normal",K,1.0,II,125,0,,accept,2024-01-02 12:04:00,2024-01-03 12:17:00,E-0156,20260106T061500Z-QE24M
RI-24-00045,S-043,passivated parts,P-17881-C,L23-1245,,570,PO-456862,2024-01-05,"Z1.4 single, normal",J,1.0,II,80,0,,accept,2024-01-02 13:44:00,2024-01-04 07:45:00,E-0156,20260106T061500Z-QE24M
RI-24-00046,S-044,passivated parts,P-12065-A,L23-1271,,1071,PO-475660,2024-01-02,"Z1.4 single, normal",J,1.0,II,80,0,,accept,2024-01-02 08:42:00,2024-01-02 11:23:00,E-0155,20260106T061500Z-QE24M
RI-24-00047,S-045,anodized parts,P-12023-C,L23-1251,,2619,PO-459231,2024-01-03,"Z1.4 single, normal",K,1.0,II,91,0,,accept,2024-01-02 07:23:00,2024-01-03 13:31:00,E-0155,20260106T061500Z-QE24M
RI-24-00048,S-048,anodized parts,P-12016-A,L23-1273,,913,PO-499210,2024-01-05,"Z1.4 single, normal",J,1.0,II,80,0,,accept,2024-01-02 14:39:00,2024-01-03 15:33:00,E-0156,20260106T061500Z-QE24M
RI-24-00049,S-001,bar,1018 bar 19.05 mm,,MC-01314,73,PO-425821,2024-01-05,"Z1.4 single, normal",E,1.0,II,13,0,,accept,2024-01-03 11:50:00,2024-01-04 00:58:00,E-0155,20260106T061500Z-QE24M
RI-24-00050,S-002,bar,1045 bar 38.1 mm,,MC-01315,99,PO-416302,2023-12-29,"Z1.4 single, normal",F,1.0,II,13,0,,accept,2024-01-03 14:52:00,2024-01-03 21:53:00,E-0155,20260106T061500Z-QE24M
RI-24-00051,S-009,bar,316 bar 38.1 mm,,MC-01316,61,PO-420047,2024-01-04,"Z1.4 single, normal",E,1.0,II,13,0,,accept,2024-01-03 10:40:00,2024-01-03 14:04:00,E-0155,20260106T061500Z-QE24M
RI-24-00052,S-018,plated parts,P-15200-C,L23-1202,,1344,PO-493500,2024-01-03,"Z1.4 single, normal",K,1.0,II,125,0,,accept,2024-01-03 07:30:00,2024-01-03 18:53:00,E-0156,20260106T061500Z-QE24M
RI-24-00053,S-051,casting,P-10845-A,,,310,PO-465303,2024-01-03,"Z1.4 single, normal",H,1.0,II,50,1,flash,accept,2024-01-03 07:30:00,2024-01-03 15:59:00,E-0155,20260106T061500Z-QE24M
RI-24-00054,S-004,bar,4140 bar 38.1 mm,,MC-01318,82,PO-439850,2024-01-08,"Z1.4 single, normal",E,1.0,II,13,0,,accept,2024-01-04 11:12:00,2024-01-05 15:39:00,E-0155,20260106T061500Z-QE24M
RI-24-00055,S-010,bar,316 bar 38.1 mm,,MC-01317,31,PO-452832,2024-01-05,"Z1.4 single, normal",D,1.0,II,13,0,,accept,2024-01-04 09:46:00,2024-01-05 03:22:00,E-0155,20260106T061500Z-QE24M
RI-24-00056,S-057,purchased components,retaining rings,,,1100,PO-478591,2024-01-05,"Z1.4 single, normal",J,1.0,II,80,1,damage,accept,2024-01-04 09:40:00,2024-01-04 10:20:00,E-0156,20260106T061500Z-QE24M
RI-24-00057,S-057,purchased components,threaded inserts,,,2000,PO-445666,2024-01-08,"Z1.4 single, normal",K,1.0,II,125,1,thread,accept,2024-01-04 08:00:00,2024-01-05 00:42:00,E-0155,20260106T061500Z-QE24M
RI-24-00058,S-014,bar,Ti-6Al-4V bar 19.05 mm,,MC-01319,56,PO-427480,2024-01-08,"Z1.4 single, normal",E,1.0,II,13,0,,accept,2024-01-05 14:15:00,2024-01-05 18:20:00,E-0155,20260106T061500Z-QE24M
RI-24-00059,S-051,casting,P-11828-C,,,1090,PO-498881,2024-01-05,"Z1.4 single, normal",J,1.0,II,80,0,,accept,2024-01-05 13:48:00,2024-01-07 11:48:00,E-0155,20260106T061500Z-QE24M
RI-24-00060,S-051,casting,P-16571-D,,,640,PO-432763,2024-01-09,"Z1.4 single, normal",J,1.0,II,80,0,,accept,2024-01-06 13:07:00,2024-01-07 02:09:00,E-0155,20260106T061500Z-QE24M
RI-24-00061,S-053,casting,P-11794-A,,,600,PO-428626,2024-01-10,"Z1.4 single, normal",J,1.0,II,80,2,dimension,accept,2024-01-06 08:59:00,2024-01-07 16:19:00,E-0156,20260106T061500Z-QE24M
RI-24-00062,S-051,casting,P-17100-A,,,1230,PO-423119,2024-01-08,"Z1.4 single, normal",K,1.0,II,125,2,dimension,accept,2024-01-07 07:50:00,2024-01-07 16:40:00,E-0156,20260106T061500Z-QE24M
RI-24-00063,S-004,bar,4140 bar 25.4 mm,,MC-01321,106,PO-428516,2024-01-12,"Z1.4 single, normal",F,1.0,II,13,0,,accept,2024-01-08 14:18:00,2024-01-09 14:57:00,E-0155,20260106T061500Z-QE24M
RI-24-00064,S-008,bar,304 bar 38.1 mm,,MC-01320,113,PO-409206,2024-01-12,"Z1.4 single, normal",F,1.0,II,13,0,,accept,2024-01-08 10:16:00,2024-01-08 11:57:00,E-0155,20260106T061500Z-QE24M
RI-24-00065,S-014,bar,Ti-6Al-4V bar 38.1 mm,,MC-00048,35,PO-420962,2024-01-10,"Z1.4 single, normal",D,1.0,II,13,0,,accept,2024-01-08 13:10:00,2024-01-10 07:32:00,E-0156,20260106T061500Z-QE24M
RI-24-00066,S-014,bar,Ti-6Al-4V bar 19.05 mm,,MC-01322,29,PO-480716,2024-01-10,"Z1.4 single, normal",D,1.0,II,5,0,,accept,2024-01-08 12:09:00,2024-01-10 09:14:00,E-0156,20260106T061500Z-QE24M
RI-24-00067,S-023,plated parts,P-14350-D,L23-1268,,1384,PO-417049,2024-01-12,"Z1.4 single, normal",K,1.0,II,125,0,,accept,2024-01-08 07:43:00,2024-01-09 15:17:00,E-0156,20260106T061500Z-QE24M
RI-24-00068,S-026,plated parts,P-16933-A,L23-1274,,913,PO-426857,2024-01-10,"Z1.4 single, normal",J,1.0,II,80,2,staining,accept,2024-01-08 09:33:00,2024-01-09 21:30:00,E-0156,20260106T061500Z-QE24M
RI-24-00069,S-035,heat-treated parts,P-13783-A,L23-1211,,620,PO-445837,2024-01-12,"Z1.4 single, normal",J,1.0,II,44,0,,accept,2024-01-08 12:11:00,2024-01-09 09:17:00,E-0155,20260106T061500Z-QE24M
RI-24-00070,S-039,passivated parts,P-16645-A,L23-1283,,808,PO-495250,2024-01-10,"Z1.4 single, normal",J,1.0,II,80,0,,accept,2024-01-08 13:47:00,2024-01-10 07:41:00,E-0156,20260106T061500Z-QE24M
RI-24-00071,S-051,casting,P-11126-A,,,220,PO-496300,2024-01-10,"Z1.4 single, normal",G,1.0,II,50,1,flash,accept,2024-01-08 08:42:00,2024-01-08 15:11:00,E-0156,20260106T061500Z-QE24M
RI-24-00072,S-055,casting,P-11828-C,,,470,PO-411445,2024-01-10,"Z1.4 single, normal",H,1.0,II,50,1,porosity,accept,2024-01-08 08:42:00,2024-01-09 03:11:00,E-0156,20260106T061500Z-QE24M
RI-24-00073,S-004,bar,4140 bar 63.5 mm,,MC-00050,45,PO-449899,2024-01-13,"Z1.4 single, normal",D,1.0,II,13,0,,accept,2024-01-09 13:46:00,2024-01-10 00:05:00,E-0155,20260106T061500Z-QE24M
RI-24-00074,S-006,bar,303 bar 50.8 mm,,MC-00049,116,PO-485203,2024-01-04,"Z1.4 single, normal",F,1.0,II,13,0,,accept,2024-01-09 08:25:00,2024-01-10 13:08:00,E-0156,20260106T061500Z-QE24M
RI-24-00075,S-022,plated parts,P-11584-A,L23-1247,,1766,PO-411789,2024-01-09,"Z1.4 single, normal",K,1.0,II,94,0,,accept,2024-01-09 10:07:00,2024-01-10 19:30:00,E-0156,20260106T061500Z-QE24M
RI-24-00076,S-022,plated parts,P-12435-A,L23-1287,,198,PO-455956,2024-01-12,"Z1.4 single, normal",G,1.0,II,50,0,,accept,2024-01-09 08:08:00,2024-01-11 01:58:00,E-0155,20260106T061500Z-QE24M
RI-24-00077,S-037,passivated parts,P-17841-B,L23-1275,,893,PO-455344,2024-01-11,"Z1.4 single, normal",J,1.0,II,80,0,,accept,2024-01-09 12:17:00,2024-01-11 10:01:00,E-0155,20260106T061500Z-QE24M
RI-24-00078,S-042,passivated parts,P-17915-C,L23-1205,,476,PO-404366,2024-01-10,"Z1.4 single, normal",H,1.0,II,39,0,,accept,2024-01-09 09:32:00,2024-01-10 08:05:00,E-0156,20260106T061500Z-QE24M
RI-24-00079,S-002,bar,1045 bar 25.4 mm,,MC-00051,65,PO-485411,2023-12-31,"Z1.4 single, normal",E,1.0,II,13,0,,accept,2024-01-10 13:42:00,2024-01-12 00:06:00,E-0156,20260106T061500Z-QE24M
RI-24-00080,S-006,bar,303 bar 50.8 mm,,MC-00052,84,PO-408899,2024-01-11,"Z1.4 single, normal",E,1.0,II,13,0,,accept,2024-01-10 14:24:00,2024-01-11 08:00:00,E-0156,20260106T061500Z-QE24M
RI-24-00081,S-015,plated parts,P-18353-B,L23-1209,,600,PO-432939,2024-01-10,"Z1.4 single, normal",J,1.0,II,80,0,,accept,2024-01-10 07:51:00,2024-01-10 13:41:00,E-0155,20260106T061500Z-QE24M
RI-24-00082,S-029,heat-treated parts,P-18778-A,L23-1299,,263,PO-471701,2024-01-12,"Z1.4 single, normal",G,1.0,II,50,0,,accept,2024-01-10 08:09:00,2024-01-11 19:30:00,E-0155,20260106T061500Z-QE24M
RI-24-00083,S-033,heat-treated parts,P-15211-C,L23-1280,,1602,PO-405681,2024-01-14,"Z1.4 single, normal",K,1.0,II,125,0,,accept,2024-01-10 14:07:00,2024-01-11 01:17:00,E-0155,20260106T061500Z-QE24M
RI-24-00084,S-039,passivated parts,P-12645-A,L23-1267,,1533,PO-427427,2024-01-10,"Z1.4 single, normal",K,1.0,II,65,0,,accept,2024-01-10 08:51:00,2024-01-10 15:25:00,E-0156,20260106T061500Z-QE24M
RI-24-00085,S-042,passivated parts,P-16234-A,L23-1295,,947,PO-417427,2024-01-13,"Z1.4 single, normal",J,1.0,II,80,0,,accept,2024-01-10 13:34:00,2024-01-12 02:33:00,E-0156,20260106T061500Z-QE24M
RI-24-00086,S-048,anodized parts,P-11950-A,L23-1293,,833,PO-418652,2024-01-13,"Z1.4 single, normal",J,1.0,II,80,1,color,accept,2024-01-10 10:20:00,2024-01-11 17:24:00,E-0155,20260106T061500Z-QE24M
RI-24-00087,S-055,casting,P-10563-D,,,100,PO-410381,2024-01-12,"Z1.4 single, normal",F,1.0,II,13,0,,accept,2024-01-10 09:52:00,2024-01-12 03:58:00,E-0156,20260106T061500Z-QE24M
RI-24-00088,S-012,bar,6061 bar 50.8 mm,,MC-00053,73,PO-458720,2024-01-14,"Z1.4 single, normal",E,1.0,II,13,0,,accept,2024-01-11 13:35:00,2024-01-12 10:36:00,E-0156,20260106T061500Z-QE24M
RI-24-00089,S-014,bar,Ti-6Al-4V bar 50.8 mm,,MC-01323,60,PO-450221,2024-01-12,"Z1.4 single, normal",E,1.0,II,13,0,,accept,2024-01-11 12:36:00,2024-01-12 11:40:00,E-0156,20260106T061500Z-QE24M
RI-24-00090,S-026,plated parts,P-13285-C,L23-1278,,2123,PO-488770,2024-01-03,"Z1.4 single, normal",K,1.0,II,59,1,adhesion,accept,2024-01-11 14:33:00,2024-01-13 04:03:00,E-0155,20260106T061500Z-QE24M
RI-24-00091,S-028,heat-treated parts,P-18210-D,L23-1286,,1622,PO-453613,2024-01-14,"Z1.4 single, normal",K,1.0,II,125,1,distortion,accept,2024-01-11 10:58:00,2024-01-11 19:44:00,E-0155,20260106T061500Z-QE24M
RI-24-00092,S-033,heat-treated parts,P-13045-B,L23-1220,,1027,PO-463767,2024-01-11,"Z1.4 single, normal",J,1.0,II,80,0,,accept,2024-01-11 10:35:00,2024-01-12 20:29:00,E-0156,20260106T061500Z-QE24M
RI-24-00093,S-039,passivated parts,P-18978-A,L23-1302,,640,PO-414819,2024-01-03,"Z1.4 single, normal",J,1.0,II,80,0,,accept,2024-01-11 12:51:00,2024-01-11 16:24:00,E-0155,20260106T061500Z-QE24M
RI-24-00094,S-043,passivated parts,P-12756-B,L23-1207,,1820,PO-433572,2024-01-14,"Z1.4 single, normal",K,1.0,II,125,2,staining,accept,2024-01-11 13:21:00,2024-01-11 22:20:00,E-0156,20260106T061500Z-QE24M
RI-24-00095,S-043,passivated parts,P-17559-B,L23-1297,,283,PO-419896,2024-01-02,"Z1.4 single, normal",H,1.0,II,50,0,,accept,2024-01-11 09:15:00,2024-01-11 11:37:00,E-0156,20260106T061500Z-QE24M
RI-24-00096,S-015,plated parts,P-10235-A,L23-1269,,1662,PO-408087,2024-01-16,"Z1.4 single, normal",K,1.0,II,125,0,,accept,2024-01-12 09:47:00,2024-01-13 08:51:00,E-0155,20260106T061500Z-QE24M
RI-24-00097,S-023,plated parts,P-10994-A,L23-1201,,580,PO-416606,2024-01-12,"Z1.4 single, normal",J,1.0,II,80,0,,accept,2024-01-12 07:03:00,2024-01-13 18:58:00,E-0156,20260106T061500Z-QE24M
RI-24-00098,S-032,heat-treated parts,P-12802-A,L23-1284,,1488,PO-470983,2024-01-13,"Z1.4 single, normal",K,1.0,II,125,0,,accept,2024-01-12 07:37:00,2024-01-13 21:07:00,E-0156,20260106T061500Z-QE24M
RI-24-00099,S-039,passivated parts,P-19461-D,L23-1288,,734,PO-407343,2024-01-15,"Z1.4 single, normal",J,1.0,II,53,0,,accept,2024-01-12 12:13:00,2024-01-13 05:00:00,E-0155,20260106T061500Z-QE24M
RI-24-00100,S-039,passivated parts,P-15372-B,L23-1290,,278,PO-416949,2024-01-12,"Z1.4 single, normal",G,1.0,II,31,0,,accept,2024-01-12 08:09:00,2024-01-13 19:31:00,E-0155,20260106T061500Z-QE24M
RI-24-00101,S-043,passivated parts,P-11625-A,L23-1296,,461,PO-477697,2024-01-09,"Z1.4 single, normal",H,1.0,II,50,0,,accept,2024-01-12 11:44:00,2024-01-13 04:51:00,E-0155,20260106T061500Z-QE24M
RI-24-00102,S-047,anodized parts,P-17053-A,L23-1285,,967,PO-403218,2024-01-14,"Z1.4 single, normal",J,1.0,II,80,0,,accept,2024-01-12 07:41:00,2024-01-13 12:18:00,E-0155,20260106T061500Z-QE24M
RI-24-00103,S-051,casting,P-10967-A,,,390,PO-402655,2024-01-05,"Z1.4 single, normal",H,1.0,II,50,1,dimension,accept,2024-01-13 09:41:00,2024-01-14 18:20:00,E-0156,20260106T061500Z-QE24M
RI-24-00104,S-008,bar,304 bar 38.1 mm,,MC-00054,68,PO-411352,2024-01-18,"Z1.4 single, normal",E,1.0,II,13,1,surface seams,reject,2024-01-15 12:27:00,2024-01-16 15:18:00,E-0156,20260106T061500Z-QE24M
RI-24-00105,S-009,bar,316 bar 38.1 mm,,MC-00055,60,PO-467512,2024-01-17,"Z1.4 single, normal",E,1.0,II,13,0,,accept,2024-01-15 09:31:00,2024-01-16 15:19:00,E-0156,20260106T061500Z-QE24M
RI-24-00106,S-012,bar,6061 bar 19.05 mm,,MC-00056,37,PO-475140,2024-01-16,"Z1.4 single, normal",D,1.0,II,13,0,,accept,2024-01-15 10:41:00,2024-01-16 15:15:00,E-0156,20260106T061500Z-QE24M
RI-24-00107,S-018,plated parts,P-12328-A,L23-1263,,2267,PO-447977,2024-01-18,"Z1.4 single, normal",K,1.0,II,125,0,,accept,2024-01-15 10:00:00,2024-01-15 12:47:00,E-0155,20260106T061500Z-QE24M
RI-24-00108,S-020,plated parts,P-11406-C,L23-1255,,1920,PO-404305,2024-01-16,"Z1.4 single, normal",K,1.0,II,125,5,adhesion,accept,2024-01-15 11:44:00,2024-01-16 10:57:00,E-0156,20260106T061500Z-QE24M
RI-24-00109,S-022,plated parts,P-14168-B,L23-1270,,972,PO-460657,2024-01-15,"Z1.4 single, normal",J,1.0,II,80,0,,accept,2024-01-15 12:04:00,2024-01-16 16:16:00,E-0155,20260106T061500Z-QE24M
RI-24-00110,S-023,plated parts,P-18159-A,L23-1257,,1562,PO-484000,2024-01-16,"Z1.4 single, normal",K,1.0,II,125,0,,accept,2024-01-15 12:47:00,2024-01-15 21:16:00,E-0155,20260106T061500Z-QE24M
RI-24-00111,S-025,plated parts,P-11072-B,L23-1272,,491,PO-433396,2024-01-18,"Z1.4 single, normal",H,1.0,II,50,0,,accept,2024-01-15 14:00:00,2024-01-17 00:32:00,E-0156,20260106T061500Z-QE24M
RI-24-00112,S-025,plated parts,P-14225-A,L23-1281,,1200,PO-426811,2024-01-07,"Z1.4 single, normal",J,1.0,II,80,0,,accept,2024-01-15 10:58:00,2024-01-17 07:09:00,E-0155,20260106T061500Z-QE24M
RI-24-00113,S-027,heat-treated parts,P-18051-D,L23-1215,,1066,PO-441928,2024-01-15,"Z1.4 single, normal",J,1.0,II,80,1,hardness low,accept,2024-01-15 08:04:00,2024-01-15 15:01:00,E-0155,20260106T061500Z-QE24M
RI-24-00114,S-027,heat-treated parts,P-18914-D,L23-1294,,1002,PO-418881,2024-01-17,"Z1.4 single, normal",J,1.0,II,80,0,,accept,2024-01-15 12:40:00,2024-01-16 08:09:00,E-0156,20260106T061500Z-QE24M
RI-24-00115,S-033,heat-treated parts,P-14212-C,L23-1292,,903,PO-452411,2024-01-19,"Z1.4 single, normal",J,1.0,II,80,0,,accept,2024-01-15 12:51:00,2024-01-15 14:22:00,E-0155,20260106T061500Z-QE24M
RI-24-00116,S-038,passivated parts,P-12092-A,L23-1212,,1126,PO-458755,2024-01-15,"Z1.4 single, normal",J,1.0,II,80,2,free iron,accept,2024-01-15 13:36:00,2024-01-17 02:02:00,E-0155,20260106T061500Z-QE24M
RI-24-00117,S-040,passivated parts,P-11320-D,L23-1289,,1042,PO-485232,2024-01-16,"Z1.4 single, normal",J,1.0,II,80,1,free iron,accept,2024-01-15 08:06:00,2024-01-16 20:41:00,E-0156,20260106T061500Z-QE24M
RI-24-00118,S-043,passivated parts,P-17559-B,L23-1218,,303,PO-429814,2024-01-15,"Z1.4 single, normal",H,1.0,II,50,0,,accept,2024-01-15 09:20:00,2024-01-16 13:55:00,E-0155,20260106T061500Z-QE24M
RI-24-00119,S-043,passivated parts,P-14843-C,L23-1224,,278,PO-435096,2024-01-17,"Z1.4 single, normal",G,1.0,II,50,0,,accept,2024-01-15 12:27:00,2024-01-15 17:27:00,E-0155,20260106T061500Z-QE24M
RI-24-00120,S-043,passivated parts,P-12565-B,L23-1264,,1513,PO-487469,2024-01-17,"Z1.4 single, normal",K,1.0,II,125,0,,accept,2024-01-15 08:23:00,2024-01-16 00:00:00,E-0156,20260106T061500Z-QE24M
RI-24-00121,S-047,anodized parts,P-14042-C,L23-1217,,471,PO-413720,2024-01-18,"Z1.4 single, normal",H,1.0,II,50,0,,accept,2024-01-15 08:41:00,2024-01-16 12:17:00,E-0156,20260106T061500Z-QE24M
RI-24-00122,S-048,anodized parts,P-11984-A,L23-1304,,193,PO-463311,2024-01-15,"Z1.4 single, normal",G,1.0,II,50,0,,accept,2024-01-15 09:10:00,2024-01-16 12:30:00,E-0156,20260106T061500Z-QE24M
RI-24-00123,S-018,plated parts,P-10469-D,L23-1216,,918,PO-499057,2024-01-12,"Z1.4 single, normal",J,1.0,II,80,0,,accept,2024-01-16 13:50:00,2024-01-17 07:41:00,E-0156,20260106T061500Z-QE24M
RI-24-00124,S-024,plated parts,P-18778-A,L23-1299,,263,PO-465230,2024-01-18,"Z1.4 single, normal",G,1.0,II,50,1,blisters,accept,2024-01-16 13:30:00,2024-01-18 07:53:00,E-0155,20260106T061500Z-QE24M
RI-24-00125,S-039,passivated parts,P-16001-D,L23-1223,,1493,PO-434956,2024-01-16,"Z1.4 single, normal",K,1.0,II,125,0,,accept,2024-01-16 09:23:00,2024-01-17 13:11:00,E-0156,20260106T061500Z-QE24M
RI-24-00126,S-041,passivated parts,P-10680-D,L23-1213,,957,PO-406085,2024-01-19,"Z1.4 single, normal",J,1.0,II,80,0,,accept,2024-01-16 09:35:00,2024-01-17 05:44:00,E-0155,20260106T061500Z-QE24M
RI-24-00127,S-042,passivated parts,P-11329-A,L23-1307,,1066,PO-481258,2024-01-17,"Z1.4 single, normal",J,1.0,II,32,0,,accept,2024-01-16 10:21:00,2024-01-17 16:28:00,E-0155,20260106T061500Z-QE24M
RI-24-00128,S-002,bar,1045 bar 38.1 mm,,MC-00057,52,PO-457939,2024-01-18,"Z1.4 single, normal",E,1.0,II,13,0,,accept,2024-01-17 09:59:00,2024-01-17 17:29:00,E-0156,20260106T061500Z-QE24M
RI-24-00129,S-015,plated parts,P-13045-B,L23-1220,,1027,PO-460736,2024-01-20,"Z1.4 single, normal",J,1.0,II,50,1,staining,accept,2024-01-17 12:09:00,2024-01-18 04:28:00,E-0156,20260106T061500Z-QE24M
RI-24-00130,S-021,plated parts,P-12314-A,L23-1219,,2644,PO-409993,2024-01-21,"Z1.4 single, normal",K,1.0,II,125,0,,accept,2024-01-17 13:02:00,2024-01-18 07:39:00,E-0156,20260106T061500Z-QE24M
RI-24-00131,S-030,heat-treated parts,P-10900-A,L23-1204,,5258,PO-448684,2024-01-20,"Z1.4 single, normal",L,1.0,II,200,2,distortion,accept,2024-01-17 12:14:00,2024-01-18 18:38:00,E-0156,20260106T061500Z-QE24M
RI-24-00132,S-036,heat-treated parts,P-13149-C,L23-1210,,3209,PO-485191,2024-01-17,"Z1.4 single, normal",L,1.0,II,200,0,,accept,2024-01-17 09:38:00,2024-01-18 18:54:00,E-0155,20260106T061500Z-QE24M
RI-24-00133,S-036,heat-treated parts,P-11413-A,L23-1308,,243,PO-475779,2024-01-21,"Z1.4 single, normal",G,1.0,II,50,0,,accept,2024-01-17 10:15:00,2024-01-18 00:29:00,E-0156,20260106T061500Z-QE24M
RI-24-00134,S-037,passivated parts,P-15723-A,L23-1208,,1800,PO-498506,2024-01-18,"Z1.4 single, normal",K,1.0,II,125,0,,accept,2024-01-17 08:07:00,2024-01-17 10:17:00,E-0155,20260106T061500Z-QE24M
RI-24-00135,S-053,casting,P-10729-A,,,280,PO-469113,2024-01-19,"Z1.4 single, normal",G,1.0,II,50,1,flash,accept,2024-01-17 11:15:00,2024-01-18 04:08:00,E-0156,20260106T061500Z-QE24M
RI-24-00136,S-010,bar,316 bar 38.1 mm,,MC-00058,41,PO-498474,2024-01-20,"Z1.4 single, normal",D,1.0,II,13,0,,accept,2024-01-18 09:25:00,2024-01-19 13:20:00,E-0155,20260106T061500Z-QE24M
RI-24-00137,S-018,plated parts,P-14159-A,L23-1318,,268,PO-440479,2024-01-21,"Z1.4 single, normal",G,1.0,II,50,0,,accept,2024-01-18 13:29:00,2024-01-19 20:02:00,E-0155,20260106T061500Z-QE24M
RI-24-00138,S-031,heat-treated parts,P-16831-C,L23-1305,,526,PO-464360,2024-01-20,"Z1.4 single, normal",J,1.0,II,80,0,,accept,2024-01-18 10:26:00,2024-01-19 19:07:00,E-0155,20260106T061500Z-QE24M
RI-24-00139,S-033,heat-treated parts,P-14989-D,L24-0003,,1443,PO-401054,2024-01-21,"Z1.4 single, normal",K,1.0,II,125,0,,accept,2024-01-18 12:38:00,2024-01-18 22:49:00,E-0156,20260106T061500Z-QE24M
RI-24-00140,S-040,passivated parts,P-12738-A,L23-1327,,387,PO-416149,2024-01-22,"Z1.4 single, normal",H,1.0,II,50,0,,accept,2024-01-18 12:52:00,2024-01-20 04:44:00,E-0156,20260106T061500Z-QE24M
RI-24-00141,S-051,casting,P-16524-A,,,530,PO-441928,2024-01-19,"Z1.4 single, normal",J,1.0,II,80,0,,accept,2024-01-18 08:54:00,2024-01-20 04:01:00,E-0156,20260106T061500Z-QE24M
RI-24-00142,S-006,bar,303 bar 50.8 mm,,MC-00059,90,PO-400627,2024-01-09,"Z1.4 single, normal",E,1.0,II,13,0,,accept,2024-01-19 12:57:00,2024-01-19 20:05:00,E-0155,20260106T061500Z-QE24M
RI-24-00143,S-030,heat-treated parts,P-11007-C,L23-1222,,2083,PO-496317,2024-01-11,"Z1.4 single, normal",K,1.0,II,125,3,hardness high,accept,2024-01-19 12:29:00,2024-01-20 17:22:00,E-0155,20260106T061500Z-QE24M
RI-24-00144,S-033,heat-treated parts,P-14175-A,L23-1298,,774,PO-415534,2024-01-21,"Z1.4 single, normal",J,1.0,II,80,0,,accept,2024-01-19 09:37:00,2024-01-20 22:34:00,E-0155,20260106T061500Z-QE24M
RI-24-00145,S-034,heat-treated parts,P-15142-A,L23-1314,,1285,PO-402476,2024-01-21,"Z1.4 single, normal",K,1.0,II,81,0,,accept,2024-01-19 09:59:00,2024-01-19 17:07:00,E-0156,20260106T061500Z-QE24M
RI-24-00146,S-043,passivated parts,P-16316-C,L23-1291,,3819,PO-482101,2024-01-11,"Z1.4 single, normal",L,1.0,II,200,2,free iron,accept,2024-01-19 12:38:00,2024-01-20 04:50:00,E-0155,20260106T061500Z-QE24M
RI-24-00147,S-002,bar,1045 bar 25.4 mm,,MC-00060,108,PO-486487,2024-01-25,"Z1.4 single, normal",F,1.0,II,5,0,,accept,2024-01-22 12:03:00,2024-01-23 21:43:00,E-0155,20260106T061500Z-QE24M
RI-24-00148,S-003,bar,4140 bar 31.75 mm,,MC-00062,70,PO-434938,2024-01-18,"Z1.4 single, normal",E,1.0,II,13,0,,accept,2024-01-22 08:35:00,2024-01-22 18:24:00,E-0156,20260106T061500Z-QE24M
RI-24-00149,S-004,bar,4140 bar 38.1 mm,,MC-01324,24,PO-462152,2024-01-25,"Z1.4 single, normal",C,1.0,II,13,0,,accept,2024-01-22 07:19:00,2024-01-23 03:37:00,E-0156,20260106T061500Z-QE24M
RI-24-00150,S-011,bar,17-4 bar 38.1 mm,,MC-00061,94,PO-424697,2024-01-23,"Z1.4 single, normal",F,1.0,II,13,0,,accept,2024-01-22 12:41:00,2024-01-23 16:50:00,E-0155,20260106T061500Z-QE24M
RI-24-00151,S-015,plated parts,P-18210-D,L23-1286,,1622,PO-481655,2024-01-22,"Z1.4 single, normal",K,1.0,II,125,0,,accept,2024-01-22 08:08:00,2024-01-24 00:09:00,E-0155,20260106T061500Z-QE24M
RI-24-00152,S-015,plated parts,P-18914-D,L23-1294,,1002,PO-408814,2024-01-26,"Z1.4 single, normal",J,1.0,II,80,1,staining,accept,2024-01-22 14:28:00,2024-01-24 06:58:00,E-0155,20260106T061500Z-QE24M
RI-24-00153,S-017,plated parts,P-14966-D,L24-0004,,1389,PO-480846,2024-01-26,"Z1.4 single, normal",K,1.0,II,125,0,,accept,2024-01-22 10:19:00,2024-01-23 07:27:00,E-0156,20260106T061500Z-QE24M
RI-24-00154,S-023,plated parts,P-14212-C,L23-1292,,903,PO-408444,2024-01-23,"Z1.4 single, normal",J,1.0,II,80,0,,accept,2024-01-22 10:51:00,2024-01-23 21:55:00,E-0156,20260106T061500Z-QE24M
RI-24-00155,S-026,plated parts,P-15211-C,L23-1280,,1602,PO-496717,2024-01-22,"Z1.4 single, normal",K,1.0,II,125,0,,accept,2024-01-22 11:49:00,2024-01-22 17:23:00,E-0155,20260106T061500Z-QE24M
RI-24-00156,S-030,heat-treated parts,P-10116-B,L23-1300,,1989,PO-408229,2024-01-25,"Z1.4 single, normal",K,1.0,II,125,1,hardness low,accept,2024-01-22 10:32:00,2024-01-23 05:27:00,E-0155,20260106T061500Z-QE24M
RI-24-00157,S-030,heat-treated parts,P-10989-A,L23-1306,,620,PO-452794,2024-01-24,"Z1.4 single, normal",J,1.0,II,80,2,hardness high,accept,2024-01-22 13:19:00,2024-01-23 21:07:00,E-0156,20260106T061500Z-QE24M
RI-24-00158,S-031,heat-treated parts,P-12722-A,L23-1303,,471,PO-427639,2024-01-26,"Z1.4 single, normal",H,1.0,II,50,0,,accept,2024-01-22 13:37:00,2024-01-23 04:32:00,E-0155,20260106T061500Z-QE24M
RI-24-00159,S-031,heat-treated parts,P-18413-C,L23-1311,,1736,PO-416331,2024-01-26,"Z1.4 single, normal",K,1.0,II,125,0,,accept,2024-01-22 07:44:00,2024-01-23 18:53:00,E-0155,20260106T061500Z-QE24M
RI-24-00160,S-036,heat-treated parts,P-18883-A,L23-1319,,853,PO-498060,2024-01-25,"Z1.4 single, normal",J,1.0,II,80,0,,accept,2024-01-22 09:34:00,2024-01-22 14:09:00,E-0155,20260106T061500Z-QE24M
RI-24-00161,S-038,passivated parts,P-12802-A,L23-1284,,1488,PO-478639,2024-01-22,"Z1.4 single, normal",K,1.0,II,125,0,,accept,2024-01-22 09:36:00,2024-01-23 18:42:00,E-0156,20260106T061500Z-QE24M
RI-24-00162,S-038,passivated parts,P-16571-D,L23-1317,,923,PO-436302,2024-01-26,"Z1.4 single, normal",J,1.0,II,80,0,,accept,2024-01-22 09:53:00,2024-01-23 07:15:00,E-0156,20260106T061500Z-QE24M
RI-24-00163,S-040,passivated parts,P-16312-A,L23-1326,,2331,PO-494980,2024-01-23,"Z1.4 single, normal",K,1.0,II,125,0,,accept,2024-01-22 07:03:00,2024-01-24 00:07:00,E-0156,20260106T061500Z-QE24M
RI-24-00164,S-041,passivated parts,P-10798-C,L23-1225,,481,PO-438435,2024-01-24,"Z1.4 single, normal",H,1.0,II,50,1,staining,accept,2024-01-22 11:20:00,2024-01-23 09:01:00,E-0156,20260106T061500Z-QE24M
RI-24-00165,S-041,passivated parts,P-11642-D,L23-1309,,942,PO-426064,2024-01-23,"Z1.4 single, normal",J,1.0,II,80,1,staining,accept,2024-01-22 09:17:00,2024-01-22 21:24:00,E-0155,20260106T061500Z-QE24M
RI-24-00166,S-042,passivated parts,P-12164-A,L23-1328,,317,PO-456335,2024-01-22,"Z1.4 single, normal",H,1.0,II,50,0,,accept,2024-01-22 09:25:00,2024-01-23 20:45:00,E-0155,20260106T061500Z-QE24M
RI-24-00167,S-044,passivated parts,P-16180-A,L24-0001,,789,PO-425344,2024-01-22,"Z1.4 single, normal",J,1.0,II,80,0,,accept,2024-01-22 12:41:00,2024-01-23 04:41:00,E-0156,20260106T061500Z-QE24M
RI-24-00168,S-047,anodized parts,P-14042-C,L23-1334,,427,PO-425506,2024-01-24,"Z1.4 single, normal",H,1.0,II,50,1,coating thickness,accept,2024-01-22 07:40:00,2024-01-23 09:37:00,E-0156,20260106T061500Z-QE24M
RI-24-00169,S-050,anodized parts,P-17329-D,L23-1310,,1210,PO-426912,2024-01-24,"Z1.4 single, normal",K,1.0,II,125,0,,accept,2024-01-22 10:44:00,2024-01-22 17:06:00,E-0156,20260106T061500Z-QE24M
RI-24-00170,S-002,bar,1045 bar 25.4 mm,,MC-00063,46,PO-496217,2024-01-26,"Z1.4 single, normal",D,1.0,II,13,0,,accept,2024-01-23 10:03:00,2024-01-24 11:55:00,E-0155,20260106T061500Z-QE24M
RI-24-00171,S-006,bar,303 bar 38.1 mm,,MC-00065,90,PO-426520,2024-01-27,"Z1.4 single, normal",E,1.0,II,13,0,,accept,2024-01-23 11:31:00,2024-01-23 16:46:00,E-0155,20260106T061500Z-QE24M
RI-24-00172,S-009,bar,316 bar 31.75 mm,,MC-00066,41,PO-464268,2024-01-23,"Z1.4 single, normal",D,1.0,II,13,0,,accept,2024-01-23 11:01:00,2024-01-25 06:33:00,E-0156,20260106T061500Z-QE24M
RI-24-00173,S-011,bar,17-4 bar 38.1 mm,,MC-00064,108,PO-499328,2024-01-26,"Z1.4 single, normal",F,1.0,II,13,0,,accept,2024-01-23 07:30:00,2024-01-25 04:42:00,E-0155,20260106T061500Z-QE24M
RI-24-00174,S-016,plated parts,P-13149-C,L23-1210,,3209,PO-482168,2024-01-23,"Z1.4 single, normal",L,1.0,II,200,0,,accept,2024-01-23 09:19:00,2024-01-24 04:47:00,E-0155,20260106T061500Z-QE24M
RI-24-00175,S-017,plated parts,P-13321-A,L24-0008,,726,PO-419510,2024-01-26,"Z1.4 single, normal",J,1.0,II,80,0,,accept,2024-01-23 07:37:00,2024-01-23 09:48:00,E-0155,20260106T061500Z-QE24M
RI-24-00176,S-020,plated parts,P-18471-A,L23-1320,,486,PO-444448,2024-01-25,"Z1.4 single, normal",H,1.0,II,50,1,adhesion,accept,2024-01-23 14:02:00,2024-01-23 15:59:00,E-0156,20260106T061500Z-QE24M
RI-24-00177,S-026,plated parts,P-18450-A,L23-1332,,1171,PO-428961,2024-01-23,"Z1.4 single, normal",J,1.0,II,80,0,,accept,2024-01-23 14:18:00,2024-01-25 10:55:00,E-0155,20260106T061500Z-QE24M
RI-24-00178,S-033,heat-treated parts,P-14108-A,L24-0005,,1855,PO-465223,2024-01-24,"Z1.4 single, normal",K,1.0,II,125,0,,accept,2024-01-23 09:46:00,2024-01-24 04:54:00,E-0155,20260106T061500Z-QE24M
RI-24-00179,S-042,passivated parts,P-12040-C,L23-1316,,823,PO-468802,2024-01-24,"Z1.4 single, normal",J,1.0,II,80,0,,accept,2024-01-23 13:15:00,2024-01-24 20:46:00,E-0156,20260106T061500Z-QE24M
RI-24-00180,S-044,passivated parts,P-11301-A,L24-0006,,1012,PO-423733,2024-01-25,"Z1.4 single, normal",J,1.0,II,80,2,free iron,accept,2024-01-23 10:11:00,2024-01-24 20:52:00,E-0155,20260106T061500Z-QE24M
RI-24-00181,S-058,purchased components,dowel pins,,,2150,PO-458960,2024-01-27,"Z1.4 single, normal",K,1.0,II,125,1,thread,accept,2024-01-23 13:49:00,2024-01-25 03:02:00,E-0156,20260106T061500Z-QE24M
RI-24-00182,S-009,bar,316 bar 31.75 mm,,MC-00067,34,PO-414250,2024-01-28,"Z1.4 single, normal",D,1.0,II,13,0,,accept,2024-01-24 11:11:00,2024-01-25 12:16:00,E-0155,20260106T061500Z-QE24M
RI-24-00183,S-035,heat-treated parts,P-12489-A,L23-1312,,2048,PO-448483,2024-01-18,"Z1.4 single, normal",K,1.0,II,57,0,,accept,2024-01-24 08:35:00,2024-01-25 01:38:00,E-0156,20260106T061500Z-QE24M
RI-24-00184,S-036,heat-treated parts,P-12835-A,L24-0009,,600,PO-432908,2024-01-27,"Z1.4 single, normal",J,1.0,II,80,1,hardness low,accept,2024-01-24 10:42:00,2024-01-24 16:47:00,E-0156,20260106T061500Z-QE24M
RI-24-00185,S-041,passivated parts,P-10729-A,L23-1331,,1166,PO-481505,2024-01-26,"Z1.4 single, normal",J,1.0,II,80,4,free iron,reject,2024-01-24 14:04:00,2024-01-26 00:54:00,E-0155,20260106T061500Z-QE24M
RI-24-00186,S-043,passivated parts,P-16229-A,L23-1325,,2455,PO-465202,2024-01-22,"Z1.4 single, normal",K,1.0,II,125,0,,accept,2024-01-24 10:40:00,2024-01-25 10:12:00,E-0155,20260106T061500Z-QE24M
RI-24-00187,S-008,bar,304 bar 31.75 mm,,MC-00069,56,PO-446177,2024-01-27,"Z1.4 single, normal",E,1.0,II,13,1,hardness,reject,2024-01-25 13:54:00,2024-01-25 17:05:00,E-0156,20260106T061500Z-QE24M
RI-24-00188,S-011,bar,17-4 bar 31.75 mm,,MC-00068,46,PO-413647,2024-01-27,"Z1.4 single, normal",D,1.0,II,13,0,,accept,2024-01-25 13:25:00,2024-01-27 07:13:00,E-0156,20260106T061500Z-QE24M
RI-24-00189,S-023,plated parts,P-18051-D,L23-1215,,1066,PO-496811,2024-01-26,"Z1.4 single, normal",J,1.0,II,80,0,,accept,2024-01-25 11:59:00,2024-01-26 14:24:00,E-0155,20260106T061500Z-QE24M
RI-24-00190,S-030,heat-treated parts,P-11033-A,L23-1343,,198,PO-452396,2024-01-17,"Z1.4 single, normal",G,1.0,II,50,6,distortion,reject,2024-01-25 10:13:00,2024-01-27 08:15:00,E-0155,20260106T061500Z-QE24M
RI-24-00191,S-031,heat-treated parts,P-11529-B,L23-1321,,3110,PO-455780,2024-01-27,"Z1.4 single, normal",K,1.0,II,125,1,hardness low,accept,2024-01-25 14:07:00,2024-01-25 19:33:00,E-0155,20260106T061500Z-QE24M
RI-24-00192,S-033,heat-treated parts,P-14140-A,L23-1338,,982,PO-403396,2024-01-26,"Z1.4 single, normal",J,1.0,II,80,0,,accept,2024-01-25 14:57:00,2024-01-25 21:05:00,E-0156,20260106T061500Z-QE24M
RI-24-00193,S-002,bar,1045 bar 38.1 mm,,MC-00070,59,PO-433934,2024-01-27,"Z1.4 single, normal",E,1.0,II,13,1,hardness,accept,2024-01-26 09:58:00,2024-01-27 16:39:00,E-0155,20260106T061500Z-QE24M
RI-24-00194,S-016,plated parts,P-16831-C,L23-1305,,526,PO-432329,2024-01-16,"Z1.4 single, normal",J,1.0,II,80,0,,accept,2024-01-26 07:52:00,2024-01-26 11:08:00,E-0155,20260106T061500Z-QE24M
RI-24-00195,S-021,plated parts,P-11413-A,L23-1308,,243,PO-459621,2024-01-27,"Z1.4 single, normal",G,1.0,II,50,1,adhesion,accept,2024-01-26 14:13:00,2024-01-28 04:20:00,E-0156,20260106T061500Z-QE24M
RI-24-00196,S-032,heat-treated parts,P-15181-A,L23-1323,,1676,PO-490351,2024-01-30,"Z1.4 single, normal",K,1.0,II,125,1,distortion,accept,2024-01-26 11:27:00,2024-01-26 19:10:00,E-0156,20260106T061500Z-QE24M
RI-24-00197,S-039,passivated parts,P-16150-B,L23-1322,,645,PO-464082,2024-01-24,"Z1.4 single, normal",J,1.0,II,80,1,staining,accept,2024-01-26 10:46:00,2024-01-28 02:51:00,E-0155,20260106T061500Z-QE24M
RI-24-00198,S-044,passivated parts,P-15977-A,L23-1330,,486,PO-462404,2024-01-26,"Z1.4 single, normal",H,1.0,II,50,0,,accept,2024-01-26 11:40:00,2024-01-26 17:56:00,E-0156,20260106T061500Z-QE24M
RI-24-00199,S-054,casting,P-16933-A,,,170,PO-412451,2024-01-30,"Z1.4 single, normal",G,1.0,II,34,0,,accept,2024-01-28 09:30:00,2024-01-28 12:02:00,E-0156,20260106T061500Z-QE24M
RI-24-00200,S-001,bar,1018 bar 25.4 mm,,MC-00071,47,PO-419619,2024-01-30,"Z1.4 single, normal",D,1.0,II,8,1,straightness,reject,2024-01-29 12:45:00,2024-01-30 21:25:00,E-0156,20260106T061500Z-QE24M
RI-24-00201,S-003,bar,4140 bar 25.4 mm,,MC-00074,46,PO-487860,2024-01-31,"Z1.4 single, normal",D,1.0,II,13,0,,accept,2024-01-29 13:20:00,2024-01-31 01:01:00,E-0155,20260106T061500Z-QE24M
RI-24-00202,S-003,bar,4140 bar 44.45 mm,,MC-00075,27,PO-447510,2024-01-31,"Z1.4 single, normal",D,1.0,II,13,0,,accept,2024-01-29 09:53:00,2024-01-30 07:47:00,E-0156,20260106T061500Z-QE24M
RI-24-00203,S-004,bar,4140 bar 63.5 mm,,MC-00076,40,PO-432692,2024-01-29,"Z1.4 single, normal",D,1.0,II,9,0,,accept,2024-01-29 07:16:00,2024-01-30 07:55:00,E-0155,20260106T061500Z-QE24M
RI-24-00204,S-005,bar,8620 bar 19.05 mm,,MC-00077,62,PO-445626,2024-02-01,"Z1.4 single, normal",E,1.0,II,13,0,,accept,2024-01-29 07:34:00,2024-01-30 23:37:00,E-0155,20260106T061500Z-QE24M
RI-24-00205,S-005,bar,8620 bar 31.75 mm,,MC-00078,86,PO-408677,2024-01-29,"Z1.4 single, normal",E,1.0,II,9,0,,accept,2024-01-29 12:16:00,2024-01-31 07:40:00,E-0156,20260106T061500Z-QE24M
RI-24-00206,S-007,bar,303 bar 50.8 mm,,MC-00072,67,PO-402592,2024-01-31,"Z1.4 single, normal",E,1.0,II,13,0,,accept,2024-01-29 11:47:00,2024-01-29 23:02:00,E-0156,20260106T061500Z-QE24M
RI-24-00207,S-008,bar,304 bar 25.4 mm,,MC-00073,113,PO-421325,2024-01-31,"Z1.4 single, normal",F,1.0,II,13,0,,accept,2024-01-29 11:10:00,2024-01-30 09:39:00,E-0155,20260106T061500Z-QE24M
RI-24-00208,S-016,plated parts,P-18883-A,L23-1319,,853,PO-444996,2024-01-30,"Z1.4 single, normal",J,1.0,II,80,0,,accept,2024-01-29 12:34:00,2024-01-30 07:50:00,E-0155,20260106T061500Z-QE24M
RI-24-00209,S-017,plated parts,P-14989-D,L24-0003,,1443,PO-424460,2024-01-21,"Z1.4 single, normal",K,1.0,II,125,2,staining,accept,2024-01-29 08:57:00,2024-01-29 11:52:00,E-0156,20260106T061500Z-QE24M
RI-24-00210,S-017,plated parts,P-14918-A,L24-0007,,1711,PO-435501,2024-02-01,"Z1.4 single, normal",K,1.0,II,125,0,,accept,2024-01-29 07:16:00,2024-01-30 04:15:00,E-0155,20260106T061500Z-QE24M
RI-24-00211,S-018,plated parts,P-14103-B,L24-0002,,2277,PO-416824,2024-02-01,"Z1.4 single, normal",K,1.0,II,62,1,adhesion,accept,2024-01-29 14:11:00,2024-01-31 12:08:00,E-0155,20260106T061500Z-QE24M
RI-24-00212,S-021,plated parts,P-15142-A,L23-1314,,1285,PO-468650,2024-01-30,"Z1.4 single, normal",K,1.0,II,125,0,,accept,2024-01-29 11:00:00,2024-01-29 15:05:00,E-0156,20260106T061500Z-QE24M
RI-24-00213,S-026,plated parts,P-14175-A,L23-1298,,774,PO-404111,2024-01-30,"Z1.4 single, normal",J,1.0,II,80,0,,accept,2024-01-29 08:56:00,2024-01-29 18:23:00,E-0155,20260106T061500Z-QE24M
RI-24-00214,S-030,heat-treated parts,P-10257-C,L23-1324,,719,PO-428063,2024-02-02,"Z1.4 single, normal",J,1.0,II,80,3,distortion,reject,2024-01-29 12:41:00,2024-01-30 18:27:00,E-0156,20260106T061500Z-QE24M
RI-24-00215,S-033,heat-treated parts,P-13821-A,L23-1221,,1691,PO-443889,2024-01-29,"Z1.4 single, normal",K,1.0,II,125,1,hardness low,accept,2024-01-29 09:55:00,2024-01-31 06:52:00,E-0156,20260106T061500Z-QE24M
RI-24-00216,S-038,passivated parts,P-19426-D,L23-1347,,957,PO-464589,2024-01-31,"Z1.4 single, normal",J,1.0,II,80,0,,accept,2024-01-29 14:23:00,2024-01-31 08:50:00,E-0155,20260106T061500Z-QE24M
RI-24-00217,S-039,passivated parts,P-11856-B,L23-1315,,1667,PO-496736,2024-02-02,"Z1.4 single, normal",K,1.0,II,125,0,,accept,2024-01-29 07:47:00,2024-01-31 02:42:00,E-0156,20260106T061500Z-QE24M
RI-24-00218,S-039,passivated parts,P-11201-A,L24-0016,,1141,PO-432820,2024-01-24,"Z1.4 single, normal",J,1.0,II,80,3,staining,reject,2024-01-29 08:27:00,2024-01-30 11:15:00,E-0155,20260106T061500Z-QE24M
RI-24-00219,S-040,passivated parts,P-17732-C,L23-1336,,1141,PO-403182,2024-01-30,"Z1.4 single, normal",J,1.0,II,80,0,,accept,2024-01-29 14:20:00,2024-01-30 19:54:00,E-0155,20260106T061500Z-QE24M
RI-24-00220,S-040,passivated parts,P-19299-A,L23-1339,,2678,PO-462637,2024-01-30,"Z1.4 single, normal",K,1.0,II,125,1,staining,accept,2024-01-29 12:29:00,2024-01-30 00:11:00,E-0155,20260106T061500Z-QE24M
RI-24-00221,S-040,passivated parts,P-12223-A,L23-1340,,451,PO-473575,2024-01-31,"Z1.4 single, normal",H,1.0,II,50,0,,accept,2024-01-29 07:41:00,2024-01-30 00:16:00,E-0156,20260106T061500Z-QE24M
RI-24-00222,S-040,passivated parts,P-17038-D,L24-0010,,992,PO-416622,2024-01-20,"Z1.4 single, normal",J,1.0,II,80,0,,accept,2024-01-29 07:47:00,2024-01-30 15:38:00,E-0155,20260106T061500Z-QE24M
RI-24-00223,S-041,passivated parts,P-10798-C,L23-1333,,491,PO-467688,2024-02-01,"Z1.4 single, normal",H,1.0,II,50,0,,accept,2024-01-29 13:36:00,2024-01-30 06:26:00,E-0156,20260106T061500Z-QE24M
RI-24-00224,S-042,passivated parts,P-14885-D,L23-1345,,417,PO-487411,2024-01-29,"Z1.4 single, normal",H,1.0,II,26,0,,accept,2024-01-29 09:44:00,2024-01-29 21:36:00,E-0156,20260106T061500Z-QE24M
RI-24-00225,S-044,passivated parts,P-19209-C,L23-1346,,322,PO-424477,2024-01-31,"Z1.4 single, normal",H,1.0,II,50,1,free iron,accept,2024-01-29 07:52:00,2024-01-29 22:59:00,E-0155,20260106T061500Z-QE24M
RI-24-00226,S-045,anodized parts,P-13976-B,L23-1341,,853,PO-423131,2024-02-02,"Z1.4 single, normal",J,1.0,II,80,0,,accept,2024-01-29 13:00:00,2024-01-29 18:58:00,E-0155,20260106T061500Z-QE24M
RI-24-00227,S-003,bar,4140 bar 25.4 mm,,MC-00080,20,PO-458049,2024-01-31,"Z1.4 single, normal",C,1.0,II,13,0,,accept,2024-01-30 12:15:00,2024-02-01 01:27:00,E-0156,20260106T061500Z-QE24M
RI-24-00228,S-003,bar,4140 bar 63.5 mm,,MC-00082,73,PO-408446,2024-02-03,"Z1.4 single, normal",E,1.0,II,13,0,,accept,2024-01-30 14:22:00,2024-01-31 21:49:00,E-0155,20260106T061500Z-QE24M
RI-24-00229,S-004,bar,4140 bar 44.45 mm,,MC-00081,72,PO-447538,2024-02-02,"Z1.4 single, normal",E,1.0,II,13,0,,accept,2024-01-30 08:06:00,2024-01-30 19:31:00,E-0155,20260106T061500Z-QE24M
RI-24-00230,S-005,bar,8620 bar 31.75 mm,,MC-00084,29,PO-404541,2024-02-02,"Z1.4 single, normal",D,1.0,II,13,0,,accept,2024-01-30 11:58:00,2024-01-31 20:36:00,E-0155,20260106T061500Z-QE24M
RI-24-00231,S-008,bar,304 bar 38.1 mm,,MC-00079,45,PO-479853,2024-02-03,"Z1.4 single, normal",D,1.0,II,13,0,,accept,2024-01-30 12:13:00,2024-01-31 05:24:00,E-0156,20260106T061500Z-QE24M
RI-24-00232,S-013,bar,7075 bar 50.8 mm,,MC-00083,40,PO-429929,2024-02-01,"Z1.4 single, normal",D,1.0,II,8,0,,accept,2024-01-30 11:45:00,2024-02-01 00:05:00,E-0156,20260106T061500Z-QE24M
RI-24-00233,S-013,bar,7075 bar 25.4 mm,,MC-01325,99,PO-406597,2024-02-03,"Z1.4 single, normal",F,1.0,II,13,0,,accept,2024-01-30 09:44:00,2024-02-01 00:39:00,E-0155,20260106T061500Z-QE24M
RI-24-00234,S-025,plated parts,P-10989-A,L23-1306,,620,PO-467423,2024-02-03,"Z1.4 single, normal",J,1.0,II,80,0,,accept,2024-01-30 14:17:00,2024-02-01 10:58:00,E-0156,20260106T061500Z-QE24M
RI-24-00235,S-042,passivated parts,P-16352-D,L23-1353,,1577,PO-480482,2024-02-01,"Z1.4 single, normal",K,1.0,II,125,0,,accept,2024-01-30 13:26:00,2024-01-30 22:13:00,E-0156,20260106T061500Z-QE24M
RI-24-00236,S-046,anodized parts,P-14063-D,L23-1335,,1101,PO-437921,2024-01-30,"Z1.4 single, normal",J,1.0,II,80,0,,accept,2024-01-30 13:58:00,2024-01-31 12:33:00,E-0155,20260106T061500Z-QE24M
RI-24-00237,S-003,bar,4140 bar 63.5 mm,,MC-00087,81,PO-477627,2024-02-04,"Z1.4 single, normal",E,1.0,II,9,0,,accept,2024-01-31 13:13:00,2024-02-02 08:18:00,E-0156,20260106T061500Z-QE24M
RI-24-00238,S-004,bar,4140 bar 25.4 mm,,MC-00085,37,PO-454591,2024-02-04,"Z1.4 single, normal",D,1.0,II,13,0,,accept,2024-01-31 14:01:00,2024-02-01 12:02:00,E-0155,20260106T061500Z-QE24M
RI-24-00239,S-004,bar,4140 bar 44.45 mm,,MC-00086,34,PO-406092,2024-01-24,"Z1.4 single, normal",D,1.0,II,13,0,,accept,2024-01-31 08:48:00,2024-02-02 02:12:00,E-0155,20260106T061500Z-QE24M
RI-24-00240,S-004,bar,4140 bar 25.4 mm,,MC-01326,111,PO-403610,2024-02-03,"Z1.4 single, normal",F,1.0,II,6,0,,accept,2024-01-31 14:36:00,2024-02-01 02:06:00,E-0155,20260106T061500Z-QE24M
RI-24-00241,S-023,plated parts,P-14108-A,L24-0005,,1855,PO-407526,2024-01-31,"Z1.4 single, normal",K,1.0,II,125,0,,accept,2024-01-31 10:43:00,2024-01-31 11:35:00,E-0155,20260106T061500Z-QE24M
RI-24-00242,S-027,heat-treated parts,P-13012-A,L24-0021,,594,PO-416425,2024-02-02,"Z1.4 single, normal",J,1.0,II,34,0,,accept,2024-01-31 12:08:00,2024-02-01 10:47:00,E-0156,20260106T061500Z-QE24M
RI-24-00243,S-033,heat-treated parts,P-14952-A,L24-0018,,1339,PO-464967,2024-02-01,"Z1.4 single, normal",K,1.0,II,52,0,,accept,2024-01-31 10:33:00,2024-02-02 04:40:00,E-0156,20260106T061500Z-QE24M
RI-24-00244,S-036,heat-treated parts,P-14371-D,L23-1329,,1602,PO-499944,2024-02-02,"Z1.4 single, normal",K,1.0,II,51,0,,accept,2024-01-31 07:14:00,2024-02-01 01:27:00,E-0156,20260106T061500Z-QE24M
RI-24-00245,S-040,passivated parts,P-19343-A,L23-1342,,590,PO-407443,2024-01-31,"Z1.4 single, normal",J,1.0,II,43,0,,accept,2024-01-31 14:01:00,2024-02-02 13:27:00,E-0156,20260106T061500Z-QE24M
RI-24-00246,S-044,passivated parts,P-16180-A,L24-0019,,843,PO-495092,2024-02-02,"Z1.4 single, normal",J,1.0,II,80,0,,accept,2024-01-31 11:48:00,2024-02-02 04:30:00,E-0155,20260106T061500Z-QE24M
RI-24-00247,S-003,bar,4140 bar 38.1 mm,,MC-00089,61,PO-489799,2024-02-04,"Z1.4 single, normal",E,1.0,II,13,0,,accept,2024-02-01 14:08:00,2024-02-01 20:13:00,E-0155,20260106T061500Z-QE24M
RI-24-00248,S-004,bar,4140 bar 25.4 mm,,MC-00088,95,PO-412338,2024-02-04,"Z1.4 single, normal",F,1.0,II,13,0,,accept,2024-02-01 11:59:00,2024-02-03 06:51:00,E-0155,20260106T061500Z-QE24M
RI-24-00249,S-004,bar,4140 bar 44.45 mm,,MC-00090,58,PO-427964,2024-02-01,"Z1.4 single, normal",E,1.0,II,13,0,,accept,2024-02-01 11:05:00,2024-02-02 05:26:00,E-0155,20260106T061500Z-QE24M
RI-24-00250,S-018,plated parts,P-11007-C,L23-1222,,2083,PO-444160,2024-02-04,"Z1.4 single, normal",K,1.0,II,125,0,,accept,2024-02-01 07:32:00,2024-02-02 23:16:00,E-0155,20260106T061500Z-QE24M
RI-24-00251,S-018,plated parts,P-18650-A,L23-1362,,352,PO-417287,2024-02-01,"Z1.4 single, normal",H,1.0,II,50,1,staining,accept,2024-02-01 12:10:00,2024-02-01 15:49:00,E-0155,20260106T061500Z-QE24M
RI-24-00252,S-023,plated parts,P-10378-D,L23-1356,,754,PO-433382,2024-02-01,"Z1.4 single, normal",J,1.0,II,80,1,adhesion,accept,2024-02-01 08:37:00,2024-02-02 02:25:00,E-0155,20260106T061500Z-QE24M
RI-24-00253,S-024,plated parts,P-12489-A,L23-1312,,2048,PO-449929,2024-02-04,"Z1.4 single, normal",K,1.0,II,125,0,,accept,2024-02-01 08:59:00,2024-02-02 01:03:00,E-0156,20260106T061500Z-QE24M
RI-24-00254,S-026,plated parts,P-11033-A,L23-1343,,198,PO-457961,2024-02-01,"Z1.4 single, normal",G,1.0,II,50,0,,accept,2024-02-01 09:41:00,2024-02-03 03:46:00,E-0155,20260106T061500Z-QE24M
RI-24-00255,S-051,casting,P-11007-C,,,290,PO-409305,2024-02-03,"Z1.4 single, normal",H,1.0,II,50,2,flash,reject,2024-02-01 09:40:00,2024-02-01 21:30:00,E-0155,20260106T061500Z-QE24M
RI-24-00256,S-007,bar,303 bar 19.05 mm,,MC-00091,32,PO-428166,2024-02-02,"Z1.4 single, normal",D,1.0,II,13,0,,accept,2024-02-02 13:17:00,2024-02-03 23:56:00,E-0155,20260106T061500Z-QE24M
RI-24-00257,S-025,plated parts,P-18413-C,L23-1311,,1736,PO-455158,2024-02-06,"Z1.4 single, normal",K,1.0,II,125,0,,accept,2024-02-02 13:47:00,2024-02-03 16:12:00,E-0155,20260106T061500Z-QE24M
RI-24-00258,S-031,heat-treated parts,P-18065-A,L23-1350,,1071,PO-415237,2024-02-06,"Z1.4 single, normal",J,1.0,II,80,1,distortion,accept,2024-02-02 09:35:00,2024-02-02 13:03:00,E-0155,20260106T061500Z-QE24M
RI-24-00259,S-036,heat-treated parts,P-12589-C,L23-1365,,675,PO-438113,2024-01-24,"Z1.4 single, normal",J,1.0,II,80,0,,accept,2024-02-02 10:15:00,2024-02-03 23:45:00,E-0156,20260106T061500Z-QE24M
RI-24-00260,S-041,passivated parts,P-10749-A,L23-1348,,496,PO-467287,2024-02-05,"Z1.4 single, normal",H,1.0,II,50,0,,accept,2024-02-02 09:55:00,2024-02-03 04:53:00,E-0155,20260106T061500Z-QE24M
RI-24-00261,S-048,anodized parts,P-17255-D,L23-1358,,1443,PO-415233,2024-02-03,"Z1.4 single, normal",K,1.0,II,125,0,,accept,2024-02-02 12:23:00,2024-02-03 14:46:00,E-0155,20260106T061500Z-QE24M
RI-24-00262,S-055,casting,P-11449-A,,,460,PO-476012,2024-02-07,"Z1.4 single, normal",H,1.0,II,50,0,,accept,2024-02-03 07:36:00,2024-02-04 19:21:00,E-0155,20260106T061500Z-QE24M
RI-24-00263,S-051,casting,P-15977-A,,,550,PO-472697,2024-02-04,"Z1.4 single, normal",J,1.0,II,80,0,,accept,2024-02-04 07:20:00,2024-02-05 23:27:00,E-0156,20260106T061500Z-QE24M
RI-24-00264,S-054,casting,P-17202-A,,,870,PO-457688,2024-02-02,"Z1.4 single, normal",J,1.0,II,80,0,,accept,2024-02-04 08:59:00,2024-02-05 04:15:00,E-0155,20260106T061500Z-QE24M
RI-24-00265,S-055,casting,P-16080-A,,,760,PO-418903,2024-02-04,"Z1.4 single, normal",J,1.0,II,80,0,,accept,2024-02-04 09:49:00,2024-02-05 07:21:00,E-0155,20260106T061500Z-QE24M
RI-24-00266,S-057,purchased components,O-rings,,,1500,PO-428958,2024-02-05,"Z1.4 single, normal",K,1.0,II,125,0,,accept,2024-02-04 10:01:00,2024-02-05 12:12:00,E-0155,20260106T061500Z-QE24M
RI-24-00267,S-001,bar,1018 bar 50.8 mm,,MC-00092,82,PO-430266,2024-02-08,"Z1.4 single, normal",E,1.0,II,13,0,,accept,2024-02-05 12:54:00,2024-02-07 07:12:00,E-0155,20260106T061500Z-QE24M
RI-24-00268,S-005,bar,8620 bar 25.4 mm,,MC-00094,28,PO-457164,2024-01-27,"Z1.4 single, normal",D,1.0,II,13,0,,accept,2024-02-05 12:14:00,2024-02-07 02:11:00,E-0156,20260106T061500Z-QE24M
RI-24-00269,S-007,bar,303 bar 19.05 mm,,MC-00093,20,PO-459561,2024-02-06,"Z1.4 single, normal",C,1.0,II,13,0,,accept,2024-02-05 08:12:00,2024-02-06 11:14:00,E-0155,20260106T061500Z-QE24M
RI-24-00270,S-008,bar,304 bar 31.75 mm,,MC-01327,40,PO-407202,2024-02-07,"Z1.4 single, normal",D,1.0,II,13,0,,accept,2024-02-05 08:32:00,2024-02-06 22:15:00,E-0156,20260106T061500Z-QE24M
RI-24-00271,S-018,plated parts,P-11529-B,L23-1321,,3110,PO-459707,2024-02-08,"Z1.4 single, normal",K,1.0,II,125,1,plating thickness,accept,2024-02-05 10:16:00,2024-02-05 17:05:00,E-0155,20260106T061500Z-QE24M
RI-24-00272,S-020,plated parts,P-18153-B,L23-1361,,660,PO-476225,2024-02-09,"Z1.4 single, normal",J,1.0,II,80,0,,accept,2024-02-05 12:40:00,2024-02-05 15:12:00,E-0155,20260106T061500Z-QE24M
RI-24-00273,S-025,plated parts,P-12835-A,L24-0009,,600,PO-476496,2024-02-06,"Z1.4 single, normal",J,1.0,II,80,0,,accept,2024-02-05 08:31:00,2024-02-06 09:05:00,E-0156,20260106T061500Z-QE24M
RI-24-00274,S-034,heat-treated parts,P-12384-A,L23-1359,,486,PO-445803,2024-02-09,"Z1.4 single, normal",H,1.0,II,50,0,,accept,2024-02-05 09:08:00,2024-02-07 04:09:00,E-0156,20260106T061500Z-QE24M
RI-24-00275,S-035,heat-treated parts,P-18824-A,L23-1364,,605,PO-457679,2024-02-06,"Z1.4 single, normal",J,1.0,II,80,0,,accept,2024-02-05 08:41:00,2024-02-07 02:03:00,E-0156,20260106T061500Z-QE24M
RI-24-00276,S-040,passivated parts,P-11163-D,L24-0013,,2182,PO-480065,2024-02-09,"Z1.4 single, normal",K,1.0,II,125,0,,accept,2024-02-05 11:06:00,2024-02-06 15:02:00,E-0156,20260106T061500Z-QE24M
RI-24-00277,S-042,passivated parts,P-12722-A,L23-1303,,471,PO-435810,2024-02-09,"Z1.4 single, normal",H,1.0,II,50,0,,accept,2024-02-05 11:45:00,2024-02-07 06:07:00,E-0156,20260106T061500Z-QE24M
RI-24-00278,S-042,passivated parts,P-11681-A,L23-1351,,665,PO-462141,2024-02-05,"Z1.4 single, normal",J,1.0,II,80,0,,accept,2024-02-05 11:35:00,2024-02-05 14:32:00,E-0155,20260106T061500Z-QE24M
RI-24-00279,S-042,passivated parts,P-14715-D,L23-1363,,427,PO-476595,2024-02-08,"Z1.4 single, normal",H,1.0,II,50,0,,accept,2024-02-05 12:30:00,2024-02-07 02:37:00,E-0156,20260106T061500Z-QE24M
RI-24-00280,S-043,passivated parts,P-15697-A,L23-1349,,630,PO-410968,2024-01-27,"Z1.4 single, normal",J,1.0,II,80,0,,accept,2024-02-05 13:53:00,2024-02-05 18:41:00,E-0155,20260106T061500Z-QE24M
RI-24-00281,S-044,passivated parts,P-11226-C,L24-0023,,1508,PO-413697,2024-02-07,"Z1.4 single, normal",K,1.0,II,66,0,,accept,2024-02-05 10:13:00,2024-02-05 21:40:00,E-0156,20260106T061500Z-QE24M
RI-24-00282,S-046,anodized parts,P-17326-D,L23-1355,,1220,PO-434441,2024-02-05,"Z1.4 single, normal",K,1.0,II,125,0,,accept,2024-02-05 09:54:00,2024-02-06 11:56:00,E-0155,20260106T061500Z-QE24M
RI-24-00283,S-051,casting,P-10567-A,,,260,PO-405990,2024-02-09,"Z1.4 single, normal",G,1.0,II,36,0,,accept,2024-02-05 13:57:00,2024-02-07 00:07:00,E-0156,20260106T061500Z-QE24M
RI-24-00284,S-051,casting,P-16001-D,,,640,PO-496135,2024-02-05,"Z1.4 single, normal",J,1.0,II,80,0,,accept,2024-02-05 12:46:00,2024-02-06 23:36:00,E-0156,20260106T061500Z-QE24M
RI-24-00285,S-006,bar,303 bar 38.1 mm,,MC-00095,51,PO-424969,2024-02-06,"Z1.4 single, normal",E,1.0,II,13,0,,accept,2024-02-06 09:37:00,2024-02-07 06:13:00,E-0155,20260106T061500Z-QE24M
RI-24-00286,S-013,bar,7075 bar 19.05 mm,,MC-00096,95,PO-490457,2024-02-09,"Z1.4 single, normal",F,1.0,II,13,0,,accept,2024-02-06 08:04:00,2024-02-08 01:45:00,E-0156,20260106T061500Z-QE24M
RI-24-00287,S-015,plated parts,P-15181-A,L23-1323,,1676,PO-466317,2024-02-06,"Z1.4 single, normal",K,1.0,II,125,1,staining,accept,2024-02-06 07:07:00,2024-02-06 15:28:00,E-0155,20260106T061500Z-QE24M
RI-24-00288,S-031,heat-treated parts,P-14421-C,L23-1367,,684,PO-446087,2024-02-07,"Z1.4 single, normal",J,1.0,II,80,0,,accept,2024-02-06 12:57:00,2024-02-08 10:01:00,E-0156,20260106T061500Z-QE24M
RI-24-00289,S-036,heat-treated parts,P-14196-A,L24-0014,,1354,PO-491766,2024-02-10,"Z1.4 single, normal",K,1.0,II,125,1,hardness high,accept,2024-02-06 12:33:00,2024-02-07 06:42:00,E-0155,20260106T061500Z-QE24M
RI-24-00290,S-036,heat-treated parts,P-14117-A,L24-0022,,1012,PO-474691,2024-02-03,"Z1.4 single, normal",J,1.0,II,80,0,,accept,2024-02-06 08:29:00,2024-02-07 18:37:00,E-0155,20260106T061500Z-QE24M
RI-24-00291,S-040,passivated parts,P-19433-A,L23-1366,,526,PO-417137,2024-02-02,"Z1.4 single, normal",J,1.0,II,80,0,,accept,2024-02-06 10:50:00,2024-02-07 11:34:00,E-0155,20260106T061500Z-QE24M
RI-24-00292,S-045,anodized parts,P-11923-A,L24-0012,,1042,PO-441298,2024-02-09,"Z1.4 single, normal",J,1.0,II,80,1,color,accept,2024-02-06 14:02:00,2024-02-07 19:53:00,E-0155,20260106T061500Z-QE24M
RI-24-00293,S-051,casting,P-11142-B,,,930,PO-476358,2024-02-07,"Z1.4 single, normal",J,1.0,II,80,0,,accept,2024-02-06 11:59:00,2024-02-07 16:25:00,E-0156,20260106T061500Z-QE24M
RI-24-00294,S-051,casting,P-16788-A,,,390,PO-494106,2024-02-06,"Z1.4 single, normal",H,1.0,II,50,0,,accept,2024-02-06 10:22:00,2024-02-07 09:57:00,E-0155,20260106T061500Z-QE24M
RI-24-00295,S-015,plated parts,P-14371-D,L23-1329,,1602,PO-408699,2024-02-11,"Z1.4 single, normal",K,1.0,II,125,1,staining,accept,2024-02-07 08:59:00,2024-02-07 11:14:00,E-0156,20260106T061500Z-QE24M
RI-24-00296,S-022,plated parts,P-18642-D,L24-0036,,461,PO-499272,2024-02-09,"Z1.4 single, normal",H,1.0,II,50,0,,accept,2024-02-07 13:08:00,2024-02-07 15:59:00,E-0156,20260106T061500Z-QE24M
RI-24-00297,S-025,plated parts,P-13012-A,L24-0021,,594,PO-444570,2024-02-08,"Z1.4 single, normal",J,1.0,II,40,0,,accept,2024-02-07 07:07:00,2024-02-08 03:32:00,E-0155,20260106T061500Z-QE24M
RI-24-00298,S-033,heat-treated parts,P-15099-A,L23-1374,,1607,PO-402585,2024-02-09,"Z1.4 single, normal",K,1.0,II,125,0,,accept,2024-02-07 10:07:00,2024-02-09 06:01:00,E-0155,20260106T061500Z-QE24M
RI-24-00299,S-033,heat-treated parts,P-12828-B,L24-0026,,1487,PO-470030,2024-02-10,"Z1.4 single, normal",K,1.0,II,125,0,,accept,2024-02-07 11:38:00,2024-02-09 07:33:00,E-0155,20260106T061500Z-QE24M
RI-24-00300,S-036,heat-treated parts,P-14992-A,L24-0029,,1716,PO-433063,2024-02-07,"Z1.4 single, normal",K,1.0,II,125,0,,accept,2024-02-07 14:15:00,2024-02-08 09:42:00,E-0156,20260106T061500Z-QE24M
RI-24-00301,S-038,passivated parts,P-12678-A,L23-1371,,799,PO-477947,2024-02-07,"Z1.4 single, normal",J,1.0,II,80,0,,accept,2024-02-07 11:03:00,2024-02-07 15:34:00,E-0155,20260106T061500Z-QE24M
RI-24-00302,S-046,anodized parts,P-17178-A,L23-1368,,932,PO-458787,2024-02-07,"Z1.4 single, normal",J,1.0,II,80,0,,accept,2024-02-07 08:31:00,2024-02-08 13:14:00,E-0156,20260106T061500Z-QE24M
RI-24-00303,S-033,heat-treated parts,P-13357-A,L24-0027,,1107,PO-411008,2024-02-12,"Z1.4 single, normal",J,1.0,II,80,0,,accept,2024-02-08 11:24:00,2024-02-10 02:12:00,E-0155,20260106T061500Z-QE24M
RI-24-00304,S-040,passivated parts,P-11320-D,L24-0035,,1081,PO-465975,2024-02-08,"Z1.4 single, normal",J,1.0,II,80,3,staining,reject,2024-02-08 11:57:00,2024-02-10 02:35:00,E-0155,20260106T061500Z-QE24M
RI-24-00305,S-045,anodized parts,P-11962-A,L24-0017,,466,PO-404272,2024-02-12,"Z1.4 single, normal",H,1.0,II,50,0,,accept,2024-02-08 08:34:00,2024-02-10 00:43:00,E-0156,20260106T061500Z-QE24M
RI-24-00306,S-001,bar,1018 bar 19.05 mm,,MC-00097,78,PO-449590,2024-02-09,"Z1.4 single, normal",E,1.0,II,13,0,,accept,2024-02-09 14:36:00,2024-02-10 18:34:00,E-0155,20260106T061500Z-QE24M
RI-24-00307,S-020,plated parts,P-13711-B,L23-1369,,451,PO-456341,2024-02-10,"Z1.4 single, normal",H,1.0,II,50,1,plating thickness,accept,2024-02-09 11:25:00,2024-02-10 12:00:00,E-0156,20260106T061500Z-QE24M
RI-24-00308,S-022,plated parts,P-13821-A,L23-1221,,1691,PO-482831,2024-02-12,"Z1.4 single, normal",K,1.0,II,125,0,,accept,2024-02-09 08:46:00,2024-02-10 18:54:00,E-0156,20260106T061500Z-QE24M
RI-24-00309,S-025,plated parts,P-10257-C,L23-1324,,719,PO-468797,2024-02-12,"Z1.4 single, normal",J,1.0,II,80,0,,accept,2024-02-09 13:37:00,2024-02-11 08:04:00,E-0156,20260106T061500Z-QE24M
RI-24-00310,S-033,heat-treated parts,P-14140-A,L24-0037,,962,PO-494151,2024-02-13,"Z1.4 single, normal",J,1.0,II,80,0,,accept,2024-02-09 08:19:00,2024-02-09 13:41:00,E-0156,20260106T061500Z-QE24M
RI-24-00311,S-039,passivated parts,P-11347-A,L24-0025,,1146,PO-477555,2024-02-13,"Z1.4 single, normal",J,1.0,II,80,0,,accept,2024-02-09 10:34:00,2024-02-10 23:45:00,E-0155,20260106T061500Z-QE24M
RI-24-00312,S-053,casting,P-11889-B,,,150,PO-443619,2024-02-10,"Z1.4 single, normal",F,1.0,II,13,1,dimension,reject,2024-02-10 09:43:00,2024-02-12 00:29:00,E-0155,20260106T061500Z-QE24M
RI-24-00313,S-013,bar,7075 bar 50.8 mm,,MC-00098,36,PO-400126,2024-02-14,"Z1.4 single, normal",D,1.0,II,13,0,,accept,2024-02-12 11:43:00,2024-02-13 20:27:00,E-0155,20260106T061500Z-QE24M
RI-24-00314,S-017,plated parts,P-14952-A,L24-0018,,1339,PO-472677,2024-02-15,"Z1.4 single, normal",K,1.0,II,125,3,plating thickness,accept,2024-02-12 13:02:00,2024-02-14 09:34:00,E-0156,20260106T061500Z-QE24M
RI-24-00315,S-029,heat-treated parts,P-13648-A,L23-1344,,2535,PO-492322,2024-02-16,"Z1.4 single, normal",K,1.0,II,125,0,,accept,2024-02-12 10:47:00,2024-02-13 17:16:00,E-0156,20260106T061500Z-QE24M
RI-24-00316,S-033,heat-treated parts,P-13214-A,L24-0040,,1032,PO-441250,2024-02-13,"Z1.4 single, normal",J,1.0,II,80,0,,accept,2024-02-12 11:18:00,2024-02-13 13:11:00,E-0155,20260106T061500Z-QE24M
RI-24-00317,S-034,heat-treated parts,P-18795-A,L24-0031,,1007,PO-419922,2024-02-13,"Z1.4 single, normal",J,1.0,II,80,0,,accept,2024-02-12 13:25:00,2024-02-14 01:47:00,E-0155,20260106T061500Z-QE24M
RI-24-00318,S-036,heat-treated parts,P-13317-A,L24-0051,,897,PO-483675,2024-02-16,"Z1.4 single, normal",J,1.0,II,80,0,,accept,2024-02-12 09:06:00,2024-02-12 11:53:00,E-0156,20260106T061500Z-QE24M
RI-24-00319,S-037,passivated parts,P-16272-A,L24-0041,,635,PO-424673,2024-02-12,"Z1.4 single, normal",J,1.0,II,80,0,,accept,2024-02-12 13:11:00,2024-02-13 13:39:00,E-0156,20260106T061500Z-QE24M
RI-24-00320,S-039,passivated parts,P-17484-A,L23-1378,,580,PO-484559,2024-02-13,"Z1.4 single, normal",J,1.0,II,58,0,,accept,2024-02-12 09:28:00,2024-02-13 12:02:00,E-0156,20260106T061500Z-QE24M
RI-24-00321,S-040,passivated parts,P-16034-D,L24-0020,,1548,PO-408799,2024-02-16,"Z1.4 single, normal",K,1.0,II,50,0,,accept,2024-02-12 07:03:00,2024-02-13 12:39:00,E-0156,20260106T061500Z-QE24M
RI-24-00322,S-040,passivated parts,P-17004-D,L24-0030,,992,PO-449987,2024-02-16,"Z1.4 single, normal",J,1.0,II,80,0,,accept,2024-02-12 14:00:00,2024-02-13 07:39:00,E-0156,20260106T061500Z-QE24M
RI-24-00323,S-042,passivated parts,P-11329-A,L24-0033,,1121,PO-494155,2024-02-16,"Z1.4 single, normal",J,1.0,II,80,1,free iron,accept,2024-02-12 13:18:00,2024-02-13 21:34:00,E-0156,20260106T061500Z-QE24M
RI-24-00324,S-048,anodized parts,P-12016-A,L24-0024,,848,PO-486924,2024-02-05,"Z1.4 single, normal",J,1.0,II,80,1,color,accept,2024-02-12 08:59:00,2024-02-13 14:13:00,E-0156,20260106T061500Z-QE24M
RI-24-00325,S-002,bar,1045 bar 38.1 mm,,MC-00099,84,PO-493752,2024-02-14,"Z1.4 single, normal",E,1.0,II,13,0,,accept,2024-02-13 14:04:00,2024-02-14 03:10:00,E-0156,20260106T061500Z-QE24M
RI-24-00326,S-004,bar,4140 bar 44.45 mm,,MC-00102,45,PO-439163,2024-02-15,"Z1.4 single, normal",D,1.0,II,13,0,,accept,2024-02-13 09:02:00,2024-02-15 07:52:00,E-0155,20260106T061500Z-QE24M
RI-24-00327,S-008,bar,304 bar 25.4 mm,,MC-00101,21,PO-457235,2024-02-16,"Z1.4 single, normal",C,1.0,II,5,0,,accept,2024-02-13 11:14:00,2024-02-14 17:26:00,E-0155,20260106T061500Z-QE24M
RI-24-00328,S-011,bar,17-4 bar 25.4 mm,,MC-00100,37,PO-400819,2024-02-17,"Z1.4 single, normal",D,1.0,II,8,0,,accept,2024-02-13 10:38:00,2024-02-15 10:32:00,E-0155,20260106T061500Z-QE24M
RI-24-00329,S-013,bar,7075 bar 50.8 mm,,MC-00103,110,PO-415281,2024-02-14,"Z1.4 single, normal",F,1.0,II,13,0,,accept,2024-02-13 10:06:00,2024-02-14 02:59:00,E-0156,20260106T061500Z-QE24M
RI-24-00330,S-014,bar,Ti-6Al-4V bar 38.1 mm,,MC-00104,52,PO-491623,2024-02-13,"Z1.4 single, normal",E,1.0,II,13,0,,accept,2024-02-13 12:40:00,2024-02-15 11:37:00,E-0156,20260106T061500Z-QE24M
RI-24-00331,S-030,heat-treated parts,P-11007-C,L24-0015,,2098,PO-492109,2024-02-16,"Z1.4 single, normal",K,1.0,II,125,2,distortion,accept,2024-02-13 13:08:00,2024-02-14 06:25:00,E-0156,20260106T061500Z-QE24M
RI-24-00332,S-039,passivated parts,P-17014-A,L24-0038,,992,PO-445417,2024-02-08,"Z1.4 single, normal",J,1.0,II,80,0,,accept,2024-02-13 07:46:00,2024-02-13 15:07:00,E-0155,20260106T061500Z-QE24M
RI-24-00333,S-042,passivated parts,P-16107-A,L24-0034,,1394,PO-455958,2024-02-13,"Z1.4 single, normal",K,1.0,II,125,0,,accept,2024-02-13 14:03:00,2024-02-14 06:37:00,E-0156,20260106T061500Z-QE24M
RI-24-00334,S-045,anodized parts,P-12004-A,L24-0039,,972,PO-461561,2024-02-15,"Z1.4 single, normal",J,1.0,II,80,1,coating thickness,accept,2024-02-13 09:42:00,2024-02-14 02:09:00,E-0155,20260106T061500Z-QE24M
RI-24-00335,S-011,bar,17-4 bar 31.75 mm,,MC-00105,67,PO-499515,2024-02-18,"Z1.4 single, normal",E,1.0,II,13,0,,accept,2024-02-14 10:50:00,2024-02-15 07:15:00,E-0156,20260106T061500Z-QE24M
RI-24-00336,S-013,bar,7075 bar 25.4 mm,,MC-00106,120,PO-435417,2024-02-14,"Z1.4 single, normal",F,1.0,II,13,0,,accept,2024-02-14 07:08:00,2024-02-14 19:04:00,E-0156,20260106T061500Z-QE24M
RI-24-00337,S-013,bar,7075 bar 19.05 mm,,MC-01328,22,PO-485273,2024-02-11,"Z1.4 single, normal",C,1.0,II,13,0,,accept,2024-02-14 12:23:00,2024-02-14 17:54:00,E-0155,20260106T061500Z-QE24M
RI-24-00338,S-017,plated parts,P-13357-A,L24-0027,,1107,PO-495534,2024-02-18,"Z1.4 single, normal",J,1.0,II,80,2,staining,accept,2024-02-14 11:25:00,2024-02-14 22:54:00,E-0155,20260106T061500Z-QE24M
RI-24-00339,S-025,plated parts,P-18824-A,L23-1364,,605,PO-412809,2024-02-17,"Z1.4 single, normal",J,1.0,II,45,0,,accept,2024-02-14 11:57:00,2024-02-14 13:49:00,E-0156,20260106T061500Z-QE24M
RI-24-00340,S-036,heat-treated parts,P-16903-B,L23-1370,,972,PO-428204,2024-02-18,"Z1.4 single, normal",J,1.0,II,37,0,,accept,2024-02-14 14:42:00,2024-02-14 23:59:00,E-0156,20260106T061500Z-QE24M
RI-24-00341,S-042,passivated parts,P-12589-C,L23-1365,,675,PO-429645,2024-02-18,"Z1.4 single, normal",J,1.0,II,80,1,free iron,accept,2024-02-14 12:06:00,2024-02-14 13:30:00,E-0156,20260106T061500Z-QE24M
RI-24-00342,S-048,anodized parts,P-11920-C,L24-0011,,5134,PO-421330,2024-02-18,"Z1.4 single, normal",L,1.0,II,200,1,color,accept,2024-02-14 07:42:00,2024-02-15 06:19:00,E-0155,20260106T061500Z-QE24M
RI-24-00343,S-051,casting,P-10653-D,,,320,PO-429111,2024-02-16,"Z1.4 single, normal",H,1.0,II,50,0,,accept,2024-02-14 13:14:00,2024-02-14 23:15:00,E-0155,20260106T061500Z-QE24M
RI-24-00344,S-003,bar,4140 bar 38.1 mm,,MC-00108,113,PO-480818,2024-02-16,"Z1.4 single, normal",F,1.0,II,13,0,,accept,2024-02-15 10:42:00,2024-02-15 21:05:00,E-0155,20260106T061500Z-QE24M
RI-24-00345,S-010,bar,316 bar 31.75 mm,,MC-00107,100,PO-445680,2024-02-15,"Z1.4 single, normal",F,1.0,II,13,0,,accept,2024-02-15 09:35:00,2024-02-15 18:15:00,E-0156,20260106T061500Z-QE24M
RI-24-00346,S-017,plated parts,P-14992-A,L24-0029,,1716,PO-417479,2024-02-19,"Z1.4 single, normal",K,1.0,II,125,0,,accept,2024-02-15 07:04:00,2024-02-15 08:09:00,E-0155,20260106T061500Z-QE24M
RI-24-00347,S-020,plated parts,P-14196-A,L24-0014,,1354,PO-464793,2024-02-15,"Z1.4 single, normal",K,1.0,II,125,4,adhesion,accept,2024-02-15 13:37:00,2024-02-16 23:53:00,E-0155,20260106T061500Z-QE24M
RI-24-00348,S-039,passivated parts,P-11167-D,L24-0046,,1091,PO-445489,2024-02-17,"Z1.4 single, normal",J,1.0,II,80,0,,accept,2024-02-15 09:42:00,2024-02-15 19:23:00,E-0155,20260106T061500Z-QE24M
RI-24-00349,S-042,passivated parts,P-19449-A,L23-1379,,1642,PO-473127,2024-02-19,"Z1.4 single, normal",K,1.0,II,125,2,staining,accept,2024-02-15 09:08:00,2024-02-17 08:54:00,E-0156,20260106T061500Z-QE24M
RI-24-00350,S-044,passivated parts,P-14859-A,L24-0049,,928,PO-483386,2024-02-16,"Z1.4 single, normal",J,1.0,II,80,1,free iron,accept,2024-02-15 13:15:00,2024-02-15 22:27:00,E-0155,20260106T061500Z-QE24M
RI-24-00351,S-048,anodized parts,P-11950-A,L24-0032,,937,PO-486336,2024-02-08,"Z1.4 single, normal",J,1.0,II,80,0,,accept,2024-02-15 09:01:00,2024-02-16 06:57:00,E-0156,20260106T061500Z-QE24M
RI-24-00352,S-003,bar,4140 bar 38.1 mm,,MC-00109,51,PO-468627,2024-02-19,"Z1.4 single, normal",E,1.0,II,13,0,,accept,2024-02-16 10:12:00,2024-02-17 00:32:00,E-0155,20260106T061500Z-QE24M
RI-24-00353,S-020,plated parts,P-14421-C,L23-1367,,684,PO-428955,2024-02-18,"Z1.4 single, normal",J,1.0,II,80,0,,accept,2024-02-16 10:25:00,2024-02-18 04:33:00,E-0155,20260106T061500Z-QE24M
RI-24-00354,S-029,heat-treated parts,P-13138-C,L23-1375,,680,PO-451971,2024-02-19,"Z1.4 single, normal",J,1.0,II,80,0,,accept,2024-02-16 13:52:00,2024-02-17 22:43:00,E-0155,20260106T061500Z-QE24M
RI-24-00355,S-039,passivated parts,P-15362-C,L24-0043,,511,PO-423257,2024-02-20,"Z1.4 single, normal",J,1.0,II,80,0,,accept,2024-02-16 11:59:00,2024-02-18 01:40:00,E-0155,20260106T061500Z-QE24M
RI-24-00356,S-048,anodized parts,P-11909-A,L24-0028,,1880,PO-413369,2024-02-16,"Z1.4 single, normal",K,1.0,II,125,0,,accept,2024-02-16 08:37:00,2024-02-16 21:13:00,E-0155,20260106T061500Z-QE24M
RI-24-00357,S-004,bar,4140 bar 38.1 mm,,MC-00111,26,PO-490800,2024-02-20,"Z1.4 single, normal",D,1.0,II,13,0,,accept,2024-02-19 13:13:00,2024-02-21 09:53:00,E-0156,20260106T061500Z-QE24M
RI-24-00358,S-010,bar,316 bar 31.75 mm,,MC-00110,28,PO-474915,2024-02-21,"Z1.4 single, normal",D,1.0,II,13,0,,accept,2024-02-19 12:28:00,2024-02-20 13:01:00,E-0155,20260106T061500Z-QE24M
RI-24-00359,S-014,bar,Ti-6Al-4V bar 19.05 mm,,MC-00112,91,PO-489298,2024-02-17,"Z1.4 single, normal",F,1.0,II,13,0,,accept,2024-02-19 10:24:00,2024-02-20 23:54:00,E-0155,20260106T061500Z-QE24M
RI-24-00360,S-017,plated parts,P-13350-A,L24-0063,,784,PO-450332,2024-02-13,"Z1.4 single, normal",J,1.0,II,80,0,,accept,2024-02-19 09:31:00,2024-02-20 11:39:00,E-0156,20260106T061500Z-QE24M
RI-24-00361,S-018,plated parts,P-18384-C,L24-0053,,1071,PO-450573,2024-02-11,"Z1.4 single, normal",J,1.0,II,80,0,,accept,2024-02-19 08:16:00,2024-02-19 14:48:00,E-0155,20260106T061500Z-QE24M
RI-24-00362,S-023,plated parts,P-14275-A,L23-1372,,1334,PO-438203,2024-02-19,"Z1.4 single, normal",K,1.0,II,81,0,,accept,2024-02-19 07:45:00,2024-02-20 11:26:00,E-0155,20260106T061500Z-QE24M
RI-24-00363,S-023,plated parts,P-15099-A,L23-1374,,1607,PO-468580,2024-02-20,"Z1.4 single, normal",K,1.0,II,125,1,staining,accept,2024-02-19 13:55:00,2024-02-20 19:54:00,E-0155,20260106T061500Z-QE24M
RI-24-00364,S-023,plated parts,P-14117-A,L24-0022,,1012,PO-444122,2024-02-22,"Z1.4 single, normal",J,1.0,II,41,0,,accept,2024-02-19 12:12:00,2024-02-20 12:45:00,E-0155,20260106T061500Z-QE24M
RI-24-00365,S-025,plated parts,P-13267-B,L24-0048,,848,PO-436323,2024-02-22,"Z1.4 single, normal",J,1.0,II,80,0,,accept,2024-02-19 12:08:00,2024-02-19 13:38:00,E-0155,20260106T061500Z-QE24M
RI-24-00366,S-025,plated parts,P-11354-C,L24-0057,,263,PO-479795,2024-02-21,"Z1.4 single, normal",G,1.0,II,50,0,,accept,2024-02-19 13:22:00,2024-02-20 05:01:00,E-0156,20260106T061500Z-QE24M
RI-24-00367,S-026,plated parts,P-12384-A,L23-1359,,486,PO-480786,2024-02-21,"Z1.4 single, normal",H,1.0,II,50,1,adhesion,accept,2024-02-19 07:57:00,2024-02-20 15:28:00,E-0156,20260106T061500Z-QE24M
RI-24-00368,S-026,plated parts,P-13214-A,L24-0040,,1032,PO-464543,2024-02-21,"Z1.4 single, normal",J,1.0,II,80,0,,accept,2024-02-19 09:10:00,2024-02-21 04:00:00,E-0155,20260106T061500Z-QE24M
RI-24-00369,S-033,heat-treated parts,P-14175-A,L24-0054,,784,PO-468234,2024-02-19,"Z1.4 single, normal",J,1.0,II,34,0,,accept,2024-02-19 09:54:00,2024-02-20 19:32:00,E-0156,20260106T061500Z-QE24M
RI-24-00370,S-034,heat-treated parts,P-12338-A,L23-1376,,1562,PO-402541,2024-02-12,"Z1.4 single, normal",K,1.0,II,70,2,distortion,accept,2024-02-19 12:36:00,2024-02-19 15:43:00,E-0155,20260106T061500Z-QE24M
RI-24-00371,S-036,heat-treated parts,P-12589-C,L24-0058,,694,PO-496346,2024-02-22,"Z1.4 single, normal",J,1.0,II,80,1,hardness high,accept,2024-02-19 10:58:00,2024-02-20 13:29:00,E-0155,20260106T061500Z-QE24M
RI-24-00372,S-036,heat-treated parts,P-12435-A,L24-0076,,208,PO-404781,2024-02-22,"Z1.4 single, normal",G,1.0,II,50,0,,accept,2024-02-19 09:45:00,2024-02-20 17:55:00,E-0155,20260106T061500Z-QE24M
RI-24-00373,S-039,passivated parts,P-12075-A,L23-1360,,3933,PO-411957,2024-02-20,"Z1.4 single, normal",L,1.0,II,200,1,free iron,accept,2024-02-19 07:20:00,2024-02-19 21:23:00,E-0156,20260106T061500Z-QE24M
RI-24-00374,S-039,passivated parts,P-16263-A,L24-0055,,1473,PO-484053,2024-02-10,"Z1.4 single, normal",K,1.0,II,81,1,free iron,accept,2024-02-19 09:05:00,2024-02-19 10:09:00,E-0155,20260106T061500Z-QE24M
RI-24-00375,S-040,passivated parts,P-15763-A,L23-1373,,1473,PO-450928,2024-02-19,"Z1.4 single, normal",K,1.0,II,125,1,staining,accept,2024-02-19 13:03:00,2024-02-19 17:31:00,E-0156,20260106T061500Z-QE24M
RI-24-00376,S-040,passivated parts,P-15986-A,L24-0050,,1017,PO-465467,2024-02-22,"Z1.4 single, normal",J,1.0,II,80,2,free iron,accept,2024-02-19 07:21:00,2024-02-20 14:06:00,E-0156,20260106T061500Z-QE24M
RI-24-00377,S-041,passivated parts,P-10749-A,L24-0045,,526,PO-414060,2024-02-19,"Z1.4 single, normal",J,1.0,II,80,4,staining,reject,2024-02-19 07:14:00,2024-02-20 06:26:00,E-0156,20260106T061500Z-QE24M
RI-24-00378,S-042,passivated parts,P-16451-A,L23-1377,,2113,PO-483904,2024-02-21,"Z1.4 single, normal",K,1.0,II,65,0,,accept,2024-02-19 13:47:00,2024-02-20 03:01:00,E-0155,20260106T061500Z-QE24M
RI-24-00379,S-044,passivated parts,P-17644-A,L23-1382,,506,PO-452639,2024-02-22,"Z1.4 single, normal",J,1.0,II,54,0,,accept,2024-02-19 10:28:00,2024-02-20 05:28:00,E-0155,20260106T061500Z-QE24M
RI-24-00380,S-044,passivated parts,P-16180-A,L24-0066,,734,PO-409172,2024-02-19,"Z1.4 single, normal",J,1.0,II,80,0,,accept,2024-02-19 14:55:00,2024-02-21 11:13:00,E-0156,20260106T061500Z-QE24M
RI-24-00381,S-047,anodized parts,P-13926-A,L23-1357,,4975,PO-405013,2024-02-17,"Z1.4 single, normal",L,1.0,II,200,4,color,accept,2024-02-19 09:47:00,2024-02-20 20:37:00,E-0156,20260106T061500Z-QE24M
RI-24-00382,S-050,anodized parts,P-17077-A,L23-1381,,526,PO-499684,2024-02-21,"Z1.4 single, normal",J,1.0,II,80,1,coating thickness,accept,2024-02-19 13:36:00,2024-02-20 19:25:00,E-0155,20260106T061500Z-QE24M
RI-24-00383,S-003,bar,4140 bar 31.75 mm,,MC-00114,98,PO-430448,2024-02-23,"Z1.4 single, normal",F,1.0,II,13,0,,accept,2024-02-20 08:10:00,2024-02-21 03:36:00,E-0156,20260106T061500Z-QE24M
RI-24-00384,S-009,bar,316 bar 31.75 mm,,MC-00113,118,PO-455439,2024-02-21,"Z1.4 single, normal",F,1.0,II,13,0,,accept,2024-02-20 10:27:00,2024-02-21 07:43:00,E-0155,20260106T061500Z-QE24M
RI-24-00385,S-014,bar,Ti-6Al-4V bar 19.05 mm,,MC-00115,47,PO-407014,2024-02-21,"Z1.4 single, normal",D,1.0,II,13,0,,accept,2024-02-20 10:55:00,2024-02-20 16:11:00,E-0156,20260106T061500Z-QE24M
RI-24-00386,S-020,plated parts,P-12828-B,L24-0026,,1487,PO-455641,2024-02-21,"Z1.4 single, normal",K,1.0,II,58,1,adhesion,accept,2024-02-20 07:08:00,2024-02-21 05:39:00,E-0156,20260106T061500Z-QE24M
RI-24-00387,S-020,plated parts,P-12947-A,L24-0077,,1148,PO-418368,2024-02-20,"Z1.4 single, normal",J,1.0,II,80,1,adhesion,accept,2024-02-20 14:20:00,2024-02-20 19:36:00,E-0155,20260106T061500Z-QE24M
RI-24-00388,S-023,plated parts,P-18795-A,L24-0031,,1007,PO-409445,2024-02-22,"Z1.4 single, normal",J,1.0,II,80,0,,accept,2024-02-20 11:25:00,2024-02-21 10:38:00,E-0155,20260106T061500Z-QE24M
RI-24-00389,S-025,plated parts,P-18488-C,L24-0064,,1156,PO-498952,2024-02-12,"Z1.4 single, normal",J,1.0,II,80,0,,accept,2024-02-20 11:46:00,2024-02-22 09:29:00,E-0155,20260106T061500Z-QE24M
RI-24-00390,S-033,heat-treated parts,P-11462-A,L24-0061,,923,PO-452340,2024-02-23,"Z1.4 single, normal",J,1.0,II,80,1,hardness high,accept,2024-02-20 08:17:00,2024-02-20 21:33:00,E-0156,20260106T061500Z-QE24M
RI-24-00391,S-033,heat-treated parts,P-14928-A,L24-0072,,1577,PO-441194,2024-02-22,"Z1.4 single, normal",K,1.0,II,125,1,hardness low,accept,2024-02-20 14:14:00,2024-02-20 20:48:00,E-0155,20260106T061500Z-QE24M
RI-24-00392,S-054,casting,P-16616-D,,,300,PO-419274,2024-02-20,"Z1.4 single, normal",H,1.0,II,50,0,,accept,2024-02-20 13:28:00,2024-02-20 21:00:00,E-0155,20260106T061500Z-QE24M
RI-24-00393,S-009,bar,316 bar 31.75 mm,,MC-00116,34,PO-492511,2024-02-25,"Z1.4 single, normal",D,1.0,II,13,0,,accept,2024-02-21 12:24:00,2024-02-23 03:00:00,E-0156,20260106T061500Z-QE24M
RI-24-00394,S-014,bar,Ti-6Al-4V bar 19.05 mm,,MC-00117,22,PO-487479,2024-02-21,"Z1.4 single, normal",C,1.0,II,13,0,,accept,2024-02-21 11:25:00,2024-02-22 16:28:00,E-0155,20260106T061500Z-QE24M
RI-24-00395,S-016,plated parts,P-16903-B,L23-1370,,972,PO-473077,2024-02-11,"Z1.4 single, normal",J,1.0,II,80,0,,accept,2024-02-21 12:52:00,2024-02-23 01:29:00,E-0156,20260106T061500Z-QE24M
RI-24-00396,S-034,heat-treated parts,P-13797-A,L24-0047,,278,PO-443289,2024-02-15,"Z1.4 single, normal",G,1.0,II,50,1,hardness high,accept,2024-02-21 13:14:00,2024-02-22 04:50:00,E-0156,20260106T061500Z-QE24M
RI-24-00397,S-036,heat-treated parts,P-13447-D,L24-0070,,1181,PO-412808,2024-02-16,"Z1.4 single, normal",J,1.0,II,80,0,,accept,2024-02-21 10:32:00,2024-02-23 00:24:00,E-0156,20260106T061500Z-QE24M
RI-24-00398,S-044,passivated parts,P-11173-A,L24-0060,,2406,PO-408658,2024-02-25,"Z1.4 single, normal",K,1.0,II,125,1,free iron,accept,2024-02-21 12:04:00,2024-02-21 23:48:00,E-0155,20260106T061500Z-QE24M
RI-24-00399,S-050,anodized parts,P-17087-A,L24-0068,,317,PO-423202,2024-02-22,"Z1.4 single, normal",H,1.0,II,50,0,,accept,2024-02-21 08:31:00,2024-02-21 14:29:00,E-0156,20260106T061500Z-QE24M
RI-24-00400,S-055,casting,P-11406-C,,,440,PO-479648,2024-02-19,"Z1.4 single, normal",H,1.0,II,50,0,,accept,2024-02-21 14:15:00,2024-02-22 12:48:00,E-0156,20260106T061500Z-QE24M
RI-24-00401,S-007,bar,303 bar 50.8 mm,,MC-00118,92,PO-465036,2024-02-26,"Z1.4 single, normal",F,1.0,II,13,0,,accept,2024-02-22 08:53:00,2024-02-23 02:29:00,E-0156,20260106T061500Z-QE24M
RI-24-00402,S-047,anodized parts,P-17202-A,L23-1383,,1270,PO-447340,2024-02-24,"Z1.4 single, normal",K,1.0,II,125,0,,accept,2024-02-22 13:54:00,2024-02-23 01:04:00,E-0156,20260106T061500Z-QE24M
RI-24-00403,S-050,anodized parts,P-13842-D,L24-0052,,615,PO-443047,2024-02-22,"Z1.4 single, normal",J,1.0,II,56,0,,accept,2024-02-22 11:55:00,2024-02-23 18:35:00,E-0155,20260106T061500Z-QE24M
RI-24-00404,S-003,bar,4140 bar 44.45 mm,,MC-00121,96,PO-484229,2024-02-23,"Z1.4 single, normal",F,1.0,II,13,0,,accept,2024-02-23 09:51:00,2024-02-23 13:01:00,E-0155,20260106T061500Z-QE24M
RI-24-00405,S-004,bar,4140 bar 25.4 mm,,MC-00120,119,PO-413723,2024-02-26,"Z1.4 single, normal",F,1.0,II,13,0,,accept,2024-02-23 13:17:00,2024-02-24 12:29:00,E-0156,20260106T061500Z-QE24M
RI-24-00406,S-005,bar,8620 bar 31.75 mm,,MC-00122,23,PO-461703,2024-02-27,"Z1.4 single, normal",C,1.0,II,13,0,,accept,2024-02-23 07:55:00,2024-02-24 22:39:00,E-0156,20260106T061500Z-QE24M
RI-24-00407,S-007,bar,303 bar 50.8 mm,,MC-00119,59,PO-459028,2024-02-26,"Z1.4 single, normal",E,1.0,II,13,0,,accept,2024-02-23 10:51:00,2024-02-24 22:16:00,E-0156,20260106T061500Z-QE24M
RI-24-00408,S-016,plated parts,P-18503-A,L24-0069,,1875,PO-448219,2024-02-24,"Z1.4 single, normal",K,1.0,II,125,4,blisters,reject,2024-02-23 08:01:00,2024-02-24 05:46:00,E-0155,20260106T061500Z-QE24M
RI-24-00409,S-017,plated parts,P-13317-A,L24-0051,,897,PO-421017,2024-02-23,"Z1.4 single, normal",J,1.0,II,80,1,staining,accept,2024-02-23 13:38:00,2024-02-24 16:19:00,E-0155,20260106T061500Z-QE24M
RI-24-00410,S-020,plated parts,P-12868-D,L24-0079,,715,PO-419379,2024-02-27,"Z1.4 single, normal",J,1.0,II,80,0,,accept,2024-02-23 14:37:00,2024-02-24 21:34:00,E-0155,20260106T061500Z-QE24M
RI-24-00411,S-039,passivated parts,P-19461-D,L24-0067,,650,PO-432362,2024-02-25,"Z1.4 single, normal",J,1.0,II,80,0,,accept,2024-02-23 10:00:00,2024-02-24 18:09:00,E-0156,20260106T061500Z-QE24M
RI-24-00412,S-040,passivated parts,P-15763-A,L24-0042,,1637,PO-439403,2024-02-16,"Z1.4 single, normal",K,1.0,II,125,3,staining,accept,2024-02-23 07:54:00,2024-02-25 03:25:00,E-0156,20260106T061500Z-QE24M
RI-24-00413,S-042,passivated parts,P-14693-A,L24-0075,,1577,PO-402734,2024-02-20,"Z1.4 single, normal",K,1.0,II,125,0,,accept,2024-02-23 13:49:00,2024-02-25 13:11:00,E-0156,20260106T061500Z-QE24M
RI-24-00414,S-051,casting,P-17158-A,,,1500,PO-455391,2024-02-27,"Z1.4 single, normal",K,1.0,II,125,2,porosity,accept,2024-02-24 14:53:00,2024-02-26 05:11:00,E-0156,20260106T061500Z-QE24M
RI-24-00415,S-058,purchased components,retaining rings,,,3800,PO-481426,2024-02-29,"Z1.4 single, normal",L,1.0,II,200,1,dimension,accept,2024-02-25 14:40:00,2024-02-27 11:15:00,E-0156,20260106T061500Z-QE24M
RI-24-00416,S-002,bar,1045 bar 25.4 mm,,MC-00123,72,PO-497108,2024-03-01,"Z1.4 single, normal",E,1.0,II,13,0,,accept,2024-02-26 13:43:00,2024-02-27 17:04:00,E-0156,20260106T061500Z-QE24M
RI-24-00417,S-004,bar,4140 bar 25.4 mm,,MC-00128,22,PO-488887,2024-02-28,"Z1.4 single, normal",C,1.0,II,9,0,,accept,2024-02-26 13:40:00,2024-02-27 21:55:00,E-0156,20260106T061500Z-QE24M
RI-24-00418,S-005,bar,8620 bar 31.75 mm,,MC-00130,93,PO-475360,2024-02-21,"Z1.4 single, normal",F,1.0,II,13,0,,accept,2024-02-26 10:03:00,2024-02-27 16:24:00,E-0155,20260106T061500Z-QE24M
RI-24-00419,S-007,bar,303 bar 19.05 mm,,MC-00124,97,PO-407840,2024-02-28,"Z1.4 single, normal",F,1.0,II,13,0,,accept,2024-02-26 13:44:00,2024-02-27 03:24:00,E-0156,20260106T061500Z-QE24M
RI-24-00420,S-008,bar,304 bar 25.4 mm,,MC-00125,84,PO-496169,2024-03-01,"Z1.4 single, normal",E,1.0,II,6,0,,accept,2024-02-26 07:02:00,2024-02-26 14:48:00,E-0155,20260106T061500Z-QE24M
RI-24-00421,S-008,bar,304 bar 38.1 mm,,MC-00126,100,PO-478752,2024-02-28,"Z1.4 single, normal",F,1.0,II,13,0,,accept,2024-02-26 14:33:00,2024-02-26 16:42:00,E-0156,20260106T061500Z-QE24M
RI-24-00422,S-010,bar,316 bar 25.4 mm,,MC-00127,63,PO-481938,2024-02-26,"Z1.4 single, normal",E,1.0,II,13,0,,accept,2024-02-26 14:30:00,2024-02-28 06:04:00,E-0156,20260106T061500Z-QE24M
RI-24-00423,S-012,bar,6061 bar 19.05 mm,,MC-00129,64,PO-459252,2024-03-01,"Z1.4 single, normal",E,1.0,II,13,0,,accept,2024-02-26 09:47:00,2024-02-26 17:23:00,E-0155,20260106T061500Z-QE24M
RI-24-00424,S-016,plated parts,P-11462-A,L24-0061,,923,PO-438801,2024-02-26,"Z1.4 single, normal",J,1.0,II,80,2,plating thickness,accept,2024-02-26 13:08:00,2024-02-27 06:24:00,E-0155,20260106T061500Z-QE24M
RI-24-00425,S-018,plated parts,P-11007-C,L24-0015,,2098,PO-463158,2024-02-28,"Z1.4 single, normal",K,1.0,II,125,0,,accept,2024-02-26 08:04:00,2024-02-28 04:22:00,E-0156,20260106T061500Z-QE24M
RI-24-00426,S-020,plated parts,P-10373-C,L23-1380,,2048,PO-474441,2024-03-01,"Z1.4 single, normal",K,1.0,II,125,0,,accept,2024-02-26 10:59:00,2024-02-28 03:53:00,E-0156,20260106T061500Z-QE24M
RI-24-00427,S-022,plated parts,P-13648-A,L23-1344,,2535,PO-451612,2024-02-27,"Z1.4 single, normal",K,1.0,II,125,0,,accept,2024-02-26 07:32:00,2024-02-26 22:02:00,E-0156,20260106T061500Z-QE24M
RI-24-00428,S-025,plated parts,P-14134-A,L24-0082,,1577,PO-420773,2024-02-21,"Z1.4 single, normal",K,1.0,II,125,1,blisters,accept,2024-02-26 11:45:00,2024-02-27 17:19:00,E-0156,20260106T061500Z-QE24M
RI-24-00429,S-026,plated parts,P-12338-A,L23-1376,,1562,PO-490166,2024-03-01,"Z1.4 single, normal",K,1.0,II,125,1,adhesion,accept,2024-02-26 13:01:00,2024-02-28 00:54:00,E-0155,20260106T061500Z-QE24M
RI-24-00430,S-027,heat-treated parts,P-13403-A,L24-0080,,782,PO-478741,2024-02-29,"Z1.4 single, normal",J,1.0,II,80,2,hardness low,accept,2024-02-26 11:15:00,2024-02-27 14:22:00,E-0155,20260106T061500Z-QE24M
RI-24-00431,S-039,passivated parts,P-12144-A,L24-0044,,833,PO-474752,2024-02-22,"Z1.4 single, normal",J,1.0,II,80,0,,accept,2024-02-26 10:44:00,2024-02-26 15:02:00,E-0156,20260106T061500Z-QE24M
RI-24-00432,S-039,passivated parts,P-12303-D,L24-0059,,808,PO-423945,2024-02-28,"Z1.4 single, normal",J,1.0,II,80,0,,accept,2024-02-26 11:04:00,2024-02-27 10:06:00,E-0156,20260106T061500Z-QE24M
RI-24-00433,S-039,passivated parts,P-11282-A,L24-0074,,1066,PO-431706,2024-02-20,"Z1.4 single, normal",J,1.0,II,80,1,free iron,accept,2024-02-26 11:13:00,2024-02-27 21:37:00,E-0156,20260106T061500Z-QE24M
RI-24-00434,S-042,passivated parts,P-12589-C,L24-0058,,694,PO-490275,2024-02-28,"Z1.4 single, normal",J,1.0,II,80,0,,accept,2024-02-26 08:45:00,2024-02-27 12:11:00,E-0155,20260106T061500Z-QE24M
RI-24-00435,S-044,passivated parts,P-16180-A,L24-0095,,784,PO-441018,2024-03-01,"Z1.4 single, normal",J,1.0,II,80,0,,accept,2024-02-26 12:32:00,2024-02-27 09:26:00,E-0156,20260106T061500Z-QE24M
RI-24-00436,S-051,casting,P-10567-A,,,890,PO-476439,2024-02-27,"Z1.4 single, normal",J,1.0,II,80,1,dimension,accept,2024-02-26 14:03:00,2024-02-28 11:29:00,E-0156,20260106T061500Z-QE24M
RI-24-00437,S-051,casting,P-11142-B,,,500,PO-450825,2024-02-18,"Z1.4 single, normal",H,1.0,II,50,0,,accept,2024-02-26 09:03:00,2024-02-26 20:15:00,E-0155,20260106T061500Z-QE24M
RI-24-00438,S-002,bar,1045 bar 25.4 mm,,MC-00131,102,PO-429976,2024-03-01,"Z1.4 single, normal",F,1.0,II,13,0,,accept,2024-02-27 14:14:00,2024-02-29 01:07:00,E-0156,20260106T061500Z-QE24M
RI-24-00439,S-003,bar,4140 bar 25.4 mm,,MC-00133,67,PO-464902,2024-03-01,"Z1.4 single, normal",E,1.0,II,13,0,,accept,2024-02-27 09:41:00,2024-02-28 11:51:00,E-0155,20260106T061500Z-QE24M
RI-24-00440,S-005,bar,8620 bar 31.75 mm,,MC-00134,41,PO-441539,2024-03-01,"Z1.4 single, normal",D,1.0,II,13,0,,accept,2024-02-27 08:09:00,2024-02-29 01:27:00,E-0155,20260106T061500Z-QE24M
RI-24-00441,S-008,bar,304 bar 38.1 mm,,MC-00132,77,PO-401905,2024-03-01,"Z1.4 single, normal",E,1.0,II,13,0,,accept,2024-02-27 12:56:00,2024-02-28 05:30:00,E-0156,20260106T061500Z-QE24M
RI-24-00442,S-014,bar,Ti-6Al-4V bar 50.8 mm,,MC-00135,98,PO-469499,2024-03-01,"Z1.4 single, normal",F,1.0,II,13,0,,accept,2024-02-27 09:35:00,2024-02-27 23:53:00,E-0155,20260106T061500Z-QE24M
RI-24-00443,S-017,plated parts,P-13447-D,L24-0070,,1181,PO-485182,2024-02-22,"Z1.4 single, normal",J,1.0,II,80,1,plating thickness,accept,2024-02-27 14:53:00,2024-02-28 20:41:00,E-0155,20260106T061500Z-QE24M
RI-24-00444,S-029,heat-treated parts,P-14300-D,L24-0062,,838,PO-486066,2024-02-28,"Z1.4 single, normal",J,1.0,II,80,2,hardness low,accept,2024-02-27 12:15:00,2024-02-29 02:00:00,E-0155,20260106T061500Z-QE24M
RI-24-00445,S-033,heat-treated parts,P-14212-C,L24-0086,,808,PO-478901,2024-02-28,"Z1.4 single, normal",J,1.0,II,80,0,,accept,2024-02-27 07:06:00,2024-02-28 18:18:00,E-0156,20260106T061500Z-QE24M
RI-24-00446,S-039,passivated parts,P-17014-A,L24-0091,,992,PO-479660,2024-02-25,"Z1.4 single, normal",J,1.0,II,80,0,,accept,2024-02-27 07:54:00,2024-02-29 06:49:00,E-0156,20260106T061500Z-QE24M
RI-24-00447,S-041,passivated parts,P-10680-D,L23-1384,,1042,PO-493293,2024-03-01,"Z1.4 single, normal",J,1.0,II,55,1,staining,accept,2024-02-27 07:26:00,2024-02-28 11:02:00,E-0156,20260106T061500Z-QE24M
RI-24-00448,S-041,passivated parts,P-10845-A,L24-0071,,759,PO-489348,2024-02-27,"Z1.4 single, normal",J,1.0,II,80,4,staining,accept,2024-02-27 10:42:00,2024-02-29 00:49:00,E-0156,20260106T061500Z-QE24M
RI-24-00449,S-044,passivated parts,P-14746-D,L24-0092,,1290,PO-426117,2024-03-02,"Z1.4 single, normal",K,1.0,II,125,2,staining,accept,2024-02-27 09:25:00,2024-02-28 00:09:00,E-0155,20260106T061500Z-QE24M
RI-24-00450,S-051,casting,P-16652-A,,,420,PO-484920,2024-02-29,"Z1.4 single, normal",H,1.0,II,50,1,dimension,accept,2024-02-27 10:49:00,2024-02-27 15:30:00,E-0156,20260106T061500Z-QE24M
RI-24-00451,S-053,casting,P-11768-A,,,590,PO-409952,2024-02-27,"Z1.4 single, normal",J,1.0,II,80,1,flash,accept,2024-02-27 11:42:00,2024-02-27 22:52:00,E-0155,20260106T061500Z-QE24M
RI-24-00452,S-006,bar,303 bar 19.05 mm,,MC-00136,45,PO-439725,2024-02-29,"Z1.4 single, normal",D,1.0,II,13,0,,accept,2024-02-28 12:40:00,2024-02-29 23:16:00,E-0155,20260106T061500Z-QE24M
RI-24-00453,S-010,bar,316 bar 25.4 mm,,MC-00137,22,PO-470400,2024-02-28,"Z1.4 single, normal",C,1.0,II,13,0,,accept,2024-02-28 07:23:00,2024-02-29 09:08:00,E-0156,20260106T061500Z-QE24M
RI-24-00454,S-033,heat-treated parts,P-13821-A,L24-0081,,1681,PO-497099,2024-03-02,"Z1.4 single, normal",K,1.0,II,125,0,,accept,2024-02-28 11:38:00,2024-03-01 10:27:00,E-0156,20260106T061500Z-QE24M
RI-24-00455,S-033,heat-treated parts,P-12861-C,L24-0085,,1505,PO-494338,2024-03-02,"Z1.4 single, normal",K,1.0,II,125,0,,accept,2024-02-28 11:52:00,2024-02-29 03:02:00,E-0156,20260106T061500Z-QE24M
RI-24-00456,S-045,anodized parts,P-14066-C,L23-1385,,461,PO-416542,2024-02-18,"Z1.4 single, normal",H,1.0,II,50,0,,accept,2024-02-28 08:51:00,2024-02-29 10:08:00,E-0156,20260106T061500Z-QE24M
RI-24-00457,S-050,anodized parts,P-17077-A,L24-0073,,521,PO-498487,2024-03-03,"Z1.4 single, normal",J,1.0,II,80,0,,accept,2024-02-28 09:58:00,2024-02-29 05:33:00,E-0155,20260106T061500Z-QE24M
RI-24-00458,S-017,plated parts,P-14928-A,L24-0072,,1577,PO-454258,2024-03-01,"Z1.4 single, normal",K,1.0,II,125,3,blisters,accept,2024-02-29 12:12:00,2024-03-01 15:19:00,E-0156,20260106T061500Z-QE24M
RI-24-00459,S-003,bar,4140 bar 44.45 mm,,MC-00138,20,PO-465814,2024-03-03,"Z1.4 single, normal",C,1.0,II,13,0,,accept,2024-03-01 12:56:00,2024-03-02 18:27:00,E-0155,20260106T061500Z-QE24M
RI-24-00460,S-013,bar,7075 bar 25.4 mm,,MC-00139,62,PO-437078,2024-03-05,"Z1.4 single, normal",E,1.0,II,13,0,,accept,2024-03-01 10:59:00,2024-03-03 07:31:00,E-0156,20260106T061500Z-QE24M
RI-24-00461,S-025,plated parts,P-13797-A,L24-0047,,278,PO-486778,2024-03-02,"Z1.4 single, normal",G,1.0,II,50,0,,accept,2024-03-01 14:14:00,2024-03-01 22:41:00,E-0156,20260106T061500Z-QE24M
RI-24-00462,S-036,heat-treated parts,P-14168-B,L24-0098,,1012,PO-458052,2024-03-02,"Z1.4 single, normal",J,1.0,II,80,0,,accept,2024-03-01 11:40:00,2024-03-02 20:22:00,E-0155,20260106T061500Z-QE24M
RI-24-00463,S-040,passivated parts,P-12114-A,L23-1388,,486,PO-444476,2024-03-05,"Z1.4 single, normal",H,1.0,II,50,0,,accept,2024-03-01 14:14:00,2024-03-02 15:28:00,E-0156,20260106T061500Z-QE24M
RI-24-00464,S-040,passivated parts,P-18988-B,L24-0087,,967,PO-473332,2024-03-02,"Z1.4 single, normal",J,1.0,II,80,1,free iron,accept,2024-03-01 12:10:00,2024-03-02 23:31:00,E-0155,20260106T061500Z-QE24M
RI-24-00465,S-040,passivated parts,P-17038-D,L24-0090,,992,PO-406622,2024-03-01,"Z1.4 single, normal",J,1.0,II,80,0,,accept,2024-03-01 07:15:00,2024-03-03 04:21:00,E-0156,20260106T061500Z-QE24M
RI-24-00466,S-042,passivated parts,P-12040-C,L24-0065,,818,PO-442667,2024-03-01,"Z1.4 single, normal",J,1.0,II,80,0,,accept,2024-03-01 13:12:00,2024-03-03 00:44:00,E-0156,20260106T061500Z-QE24M
RI-24-00467,S-051,casting,P-11462-A,,,320,PO-482330,2024-03-04,"Z1.4 single, normal",H,1.0,II,50,0,,accept,2024-03-01 14:11:00,2024-03-02 05:34:00,E-0156,20260106T061500Z-QE24M
RI-24-00468,S-051,casting,P-16860-C,,,470,PO-456860,2024-03-03,"Z1.4 single, normal",H,1.0,II,50,0,,accept,2024-03-01 07:51:00,2024-03-02 22:18:00,E-0155,20260106T061500Z-QE24M
RI-24-00469,S-051,casting,P-17147-C,,,1070,PO-406583,2024-03-05,"Z1.4 single, normal",J,1.0,II,80,1,flash,accept,2024-03-01 09:07:00,2024-03-01 16:11:00,E-0155,20260106T061500Z-QE24M
RI-24-00470,S-051,casting,P-10373-C,,,540,PO-485916,2024-03-04,"Z1.4 single, normal",J,1.0,II,80,2,porosity,accept,2024-03-02 11:25:00,2024-03-02 17:17:00,E-0155,20260106T061500Z-QE24M
RI-24-00471,S-053,casting,P-10373-C,,,790,PO-461867,2024-03-06,"Z1.4 single, normal",J,1.0,II,80,2,flash,accept,2024-03-02 13:52:00,2024-03-03 19:18:00,E-0156,20260106T061500Z-QE24M
RI-24-00472,S-003,bar,4140 bar 44.45 mm,,MC-00143,73,PO-454764,2024-03-06,"Z1.4 single, normal",E,1.0,II,13,0,,accept,2024-03-04 14:37:00,2024-03-05 00:52:00,E-0156,20260106T061500Z-QE24M
RI-24-00473,S-005,bar,8620 bar 19.05 mm,,MC-00146,115,PO-441772,2024-03-05,"Z1.4 single, normal",F,1.0,II,13,0,,accept,2024-03-04 14:32:00,2024-03-05 00:53:00,E-0156,20260106T061500Z-QE24M
RI-24-00474,S-005,bar,8620 bar 25.4 mm,,MC-00147,88,PO-469307,2024-03-04,"Z1.4 single, normal",E,1.0,II,13,0,,accept,2024-03-04 13:37:00,2024-03-05 19:21:00,E-0156,20260106T061500Z-QE24M
RI-24-00475,S-005,bar,8620 bar 19.05 mm,,MC-01329,120,PO-472752,2024-03-04,"Z1.4 single, normal",F,1.0,II,13,0,,accept,2024-03-04 14:59:00,2024-03-06 03:08:00,E-0156,20260106T061500Z-QE24M
RI-24-00476,S-008,bar,304 bar 25.4 mm,,MC-00140,68,PO-445267,2024-03-06,"Z1.4 single, normal",E,1.0,II,13,0,,accept,2024-03-04 14:05:00,2024-03-05 09:14:00,E-0156,20260106T061500Z-QE24M
RI-24-00477,S-009,bar,316 bar 31.75 mm,,MC-00141,86,PO-450517,2024-03-04,"Z1.4 single, normal",E,1.0,II,13,0,,accept,2024-03-04 09:12:00,2024-03-05 05:53:00,E-0156,20260106T061500Z-QE24M
RI-24-00478,S-010,bar,316 bar 38.1 mm,,MC-00142,59,PO-455078,2024-03-05,"Z1.4 single, normal",E,1.0,II,13,0,,accept,2024-03-04 14:44:00,2024-03-05 18:16:00,E-0156,20260106T061500Z-QE24M
RI-24-00479,S-012,bar,6061 bar 38.1 mm,,MC-00144,118,PO-491117,2024-03-08,"Z1.4 single, normal",F,1.0,II,13,0,,accept,2024-03-04 14:28:00,2024-03-06 13:27:00,E-0156,20260106T061500Z-QE24M
RI-24-00480,S-013,bar,7075 bar 19.05 mm,,MC-00145,34,PO-428216,2024-03-05,"Z1.4 single, normal",D,1.0,II,13,0,,accept,2024-03-04 10:09:00,2024-03-05 05:39:00,E-0156,20260106T061500Z-QE24M
RI-24-00481,S-018,plated parts,P-14103-B,L24-0093,,2331,PO-414231,2024-03-05,"Z1.4 single, normal",K,1.0,II,125,0,,accept,2024-03-04 12:01:00,2024-03-05 08:46:00,E-0155,20260106T061500Z-QE24M
RI-24-00482,S-019,plated parts,P-13138-C,L23-1375,,680,PO-473344,2024-02-26,"Z1.4 single, normal",J,1.0,II,59,1,plating thickness,accept,2024-03-04 09:33:00,2024-03-04 14:24:00,E-0156,20260106T061500Z-QE24M
RI-24-00483,S-022,plated parts,P-12435-A,L24-0076,,208,PO-434004,2024-03-07,"Z1.4 single, normal",G,1.0,II,50,0,,accept,2024-03-04 14:16:00,2024-03-06 13:39:00,E-0155,20260106T061500Z-QE24M
RI-24-00484,S-026,plated parts,P-14175-A,L24-0054,,784,PO-469489,2024-03-06,"Z1.4 single, normal",J,1.0,II,80,1,staining,accept,2024-03-04 10:58:00,2024-03-05 19:06:00,E-0155,20260106T061500Z-QE24M
RI-24-00485,S-026,plated parts,P-18450-A,L24-0096,,1290,PO-498603,2024-03-08,"Z1.4 single, normal",K,1.0,II,125,2,plating thickness,accept,2024-03-04 11:37:00,2024-03-05 08:18:00,E-0155,20260106T061500Z-QE24M
RI-24-00486,S-032,heat-treated parts,P-18180-D,L24-0088,,605,PO-486678,2024-03-06,"Z1.4 single, normal",J,1.0,II,80,0,,accept,2024-03-04 13:28:00,2024-03-06 08:45:00,E-0156,20260106T061500Z-QE24M
RI-24-00487,S-033,heat-treated parts,P-13502-C,L24-0099,,881,PO-485525,2024-03-06,"Z1.4 single, normal",J,1.0,II,80,0,,accept,2024-03-04 12:42:00,2024-03-05 17:58:00,E-0155,20260106T061500Z-QE24M
RI-24-00488,S-039,passivated parts,P-15298-A,L24-0097,,580,PO-450686,2024-03-06,"Z1.4 single, normal",J,1.0,II,80,0,,accept,2024-03-04 11:06:00,2024-03-05 14:59:00,E-0155,20260106T061500Z-QE24M
RI-24-00489,S-040,passivated parts,P-11163-D,L24-0094,,2182,PO-413779,2024-03-06,"Z1.4 single, normal",K,1.0,II,125,0,,accept,2024-03-04 11:29:00,2024-03-06 03:47:00,E-0156,20260106T061500Z-QE24M
RI-24-00490,S-049,anodized parts,P-17469-D,L23-1389,,1453,PO-491455,2024-03-06,"Z1.4 single, normal",K,1.0,II,125,0,,accept,2024-03-04 07:04:00,2024-03-04 13:55:00,E-0155,20260106T061500Z-QE24M
RI-24-00491,S-005,bar,8620 bar 19.05 mm,,MC-00149,24,PO-471556,2024-03-08,"Z1.4 single, normal",C,1.0,II,13,0,,accept,2024-03-05 08:46:00,2024-03-05 15:04:00,E-0155,20260106T061500Z-QE24M
RI-24-00492,S-008,bar,304 bar 25.4 mm,,MC-00148,79,PO-404055,2024-03-06,"Z1.4 single, normal",E,1.0,II,13,0,,accept,2024-03-05 13:21:00,2024-03-07 00:11:00,E-0156,20260106T061500Z-QE24M
RI-24-00493,S-038,passivated parts,P-14855-D,L23-1390,,1359,PO-446220,2024-03-08,"Z1.4 single, normal",K,1.0,II,60,1,free iron,accept,2024-03-05 10:32:00,2024-03-07 02:52:00,E-0156,20260106T061500Z-QE24M
RI-24-00494,S-040,passivated parts,P-12223-A,L24-0078,,476,PO-428000,2024-03-09,"Z1.4 single, normal",H,1.0,II,50,0,,accept,2024-03-05 13:51:00,2024-03-06 15:40:00,E-0156,20260106T061500Z-QE24M
RI-24-00495,S-051,casting,P-15905-D,,,690,PO-471455,2024-03-06,"Z1.4 single, normal",J,1.0,II,80,1,porosity,accept,2024-03-05 13:02:00,2024-03-06 00:00:00,E-0156,20260106T061500Z-QE24M
RI-24-00496,S-051,casting,P-16933-A,,,230,PO-458348,2024-03-08,"Z1.4 single, normal",G,1.0,II,50,0,,accept,2024-03-05 12:50:00,2024-03-05 19:12:00,E-0156,20260106T061500Z-QE24M
RI-24-00497,S-008,bar,304 bar 25.4 mm,,MC-00150,102,PO-415491,2024-03-10,"Z1.4 single, normal",F,1.0,II,13,0,,accept,2024-03-06 14:58:00,2024-03-07 20:52:00,E-0155,20260106T061500Z-QE24M
RI-24-00498,S-008,bar,304 bar 31.75 mm,,MC-00151,77,PO-416011,2024-03-09,"Z1.4 single, normal",E,1.0,II,13,0,,accept,2024-03-06 11:35:00,2024-03-07 04:58:00,E-0156,20260106T061500Z-QE24M
RI-24-00499,S-009,bar,316 bar 25.4 mm,,MC-00152,72,PO-482513,2024-03-08,"Z1.4 single, normal",E,1.0,II,13,0,,accept,2024-03-06 09:36:00,2024-03-07 08:08:00,E-0155,20260106T061500Z-QE24M
RI-24-00500,S-033,heat-treated parts,P-14257-A,L23-1386,,1726,PO-496048,2024-03-09,"Z1.4 single, normal",K,1.0,II,125,1,distortion,accept,2024-03-06 09:10:00,2024-03-07 14:36:00,E-0156,20260106T061500Z-QE24M
RI-24-00501,S-044,passivated parts,P-14719-A,L24-0113,,1384,PO-426551,2024-03-08,"Z1.4 single, normal",K,1.0,II,57,1,free iron,accept,2024-03-06 12:10:00,2024-03-06 16:45:00,E-0155,20260106T061500Z-QE24M
RI-24-00502,S-044,passivated parts,P-15742-C,L24-0121,,198,PO-496357,2024-03-04,"Z1.4 single, normal",G,1.0,II,50,0,,accept,2024-03-06 10:09:00,2024-03-07 20:10:00,E-0155,20260106T061500Z-QE24M
RI-24-00503,S-002,bar,1045 bar 38.1 mm,,MC-00153,31,PO-460957,2024-03-10,"Z1.4 single, normal",D,1.0,II,13,0,,accept,2024-03-07 07:06:00,2024-03-08 17:26:00,E-0156,20260106T061500Z-QE24M
RI-24-00504,S-003,bar,4140 bar 25.4 mm,,MC-00156,46,PO-440157,2024-03-08,"Z1.4 single, normal",D,1.0,II,13,0,,accept,2024-03-07 08:28:00,2024-03-09 05:45:00,E-0155,20260106T061500Z-QE24M
RI-24-00505,S-008,bar,304 bar 25.4 mm,,MC-00154,99,PO-401426,2024-03-08,"Z1.4 single, normal",F,1.0,II,13,0,,accept,2024-03-07 14:55:00,2024-03-09 08:12:00,E-0156,20260106T061500Z-QE24M
RI-24-00506,S-008,bar,304 bar 31.75 mm,,MC-00155,97,PO-409311,2024-03-08,"Z1.4 single, normal",F,1.0,II,13,1,hardness,reject,2024-03-07 14:33:00,2024-03-07 20:34:00,E-0156,20260106T061500Z-QE24M
RI-24-00507,S-018,plated parts,P-12861-C,L24-0085,,1505,PO-496758,2024-03-08,"Z1.4 single, normal",K,1.0,II,125,0,,accept,2024-03-07 13:21:00,2024-03-08 20:36:00,E-0155,20260106T061500Z-QE24M
RI-24-00508,S-022,plated parts,P-13821-A,L24-0081,,1681,PO-452929,2024-03-09,"Z1.4 single, normal",K,1.0,II,125,0,,accept,2024-03-07 11:08:00,2024-03-08 10:22:00,E-0156,20260106T061500Z-QE24M
RI-24-00509,S-023,plated parts,P-14212-C,L24-0086,,808,PO-489757,2024-03-11,"Z1.4 single, normal",J,1.0,II,80,0,,accept,2024-03-07 12:09:00,2024-03-08 07:36:00,E-0156,20260106T061500Z-QE24M
RI-24-00510,S-040,passivated parts,P-11265-A,L24-0104,,1052,PO-428546,2024-03-09,"Z1.4 single, normal",J,1.0,II,80,0,,accept,2024-03-07 10:39:00,2024-03-07 16:34:00,E-0156,20260106T061500Z-QE24M
RI-24-00511,S-043,passivated parts,P-16715-A,L24-0105,,1235,PO-428065,2024-03-09,"Z1.4 single, normal",K,1.0,II,125,0,,accept,2024-03-07 09:59:00,2024-03-08 13:53:00,E-0155,20260106T061500Z-QE24M
RI-24-00512,S-051,casting,P-15977-A,,,730,PO-439084,2024-03-10,"Z1.4 single, normal",J,1.0,II,80,0,,accept,2024-03-07 07:23:00,2024-03-08 11:13:00,E-0156,20260106T061500Z-QE24M
RI-24-00513,S-002,bar,1045 bar 38.1 mm,,MC-00157,28,PO-487421,2024-03-08,"Z1.4 single, normal",D,1.0,II,5,0,,accept,2024-03-08 08:19:00,2024-03-08 17:30:00,E-0155,20260106T061500Z-QE24M
RI-24-00514,S-003,bar,4140 bar 25.4 mm,,MC-00158,20,PO-474946,2024-03-08,"Z1.4 single, normal",C,1.0,II,13,0,,accept,2024-03-08 10:31:00,2024-03-09 08:14:00,E-0155,20260106T061500Z-QE24M
RI-24-00515,S-017,plated parts,P-13403-A,L24-0080,,782,PO-416436,2024-03-09,"Z1.4 single, normal",J,1.0,II,80,3,plating thickness,accept,2024-03-08 13:36:00,2024-03-09 18:37:00,E-0156,20260106T061500Z-QE24M
RI-24-00516,S-023,plated parts,P-14300-D,L24-0062,,838,PO-463491,2024-03-09,"Z1.4 single, normal",J,1.0,II,41,0,,accept,2024-03-08 13:26:00,2024-03-09 04:54:00,E-0156,20260106T061500Z-QE24M
RI-24-00517,S-033,heat-treated parts,P-12972-A,L24-0111,,975,PO-496159,2024-03-09,"Z1.4 single, normal",J,1.0,II,80,0,,accept,2024-03-08 09:39:00,2024-03-09 04:01:00,E-0155,20260106T061500Z-QE24M
RI-24-00518,S-048,anodized parts,P-11984-A,L24-0116,,198,PO-459838,2024-03-12,"Z1.4 single, normal",G,1.0,II,50,0,,accept,2024-03-08 07:42:00,2024-03-09 15:54:00,E-0155,20260106T061500Z-QE24M
RI-24-00519,S-051,casting,P-17087-A,,,480,PO-415101,2024-03-11,"Z1.4 single, normal",H,1.0,II,50,0,,accept,2024-03-08 09:57:00,2024-03-09 21:48:00,E-0156,20260106T061500Z-QE24M
RI-24-00520,S-057,purchased components,dowel pins,,,2000,PO-437725,2024-03-08,"Z1.4 single, normal",K,1.0,II,125,1,damage,accept,2024-03-08 13:53:00,2024-03-10 05:33:00,E-0155,20260106T061500Z-QE24M
RI-24-00521,S-051,casting,P-11126-A,,,1210,PO-422795,2024-03-12,"Z1.4 single, normal",K,1.0,II,125,2,flash,accept,2024-03-10 09:00:00,2024-03-11 03:33:00,E-0155,20260106T061500Z-QE24M
RI-24-00522,S-008,bar,304 bar 38.1 mm,,MC-00159,113,PO-481052,2024-03-11,"Z1.4 single, normal",F,1.0,II,13,0,,accept,2024-03-11 08:01:00,2024-03-12 01:05:00,E-0156,20260106T061500Z-QE24M
RI-24-00523,S-017,plated parts,P-13431-A,L24-0133,,880,PO-427550,2024-03-14,"Z1.4 single, normal",J,1.0,II,42,1,staining,accept,2024-03-11 12:10:00,2024-03-12 15:05:00,E-0156,20260106T061500Z-QE24M
RI-24-00524,S-018,plated parts,P-14159-A,L24-0119,,258,PO-428197,2024-03-12,"Z1.4 single, normal",G,1.0,II,50,0,,accept,2024-03-11 12:49:00,2024-03-12 03:09:00,E-0155,20260106T061500Z-QE24M
RI-24-00525,S-021,plated parts,P-18180-D,L24-0088,,605,PO-487541,2024-03-12,"Z1.4 single, normal",J,1.0,II,80,0,,accept,2024-03-11 12:23:00,2024-03-12 22:22:00,E-0156,20260106T061500Z-QE24M
RI-24-00526,S-033,heat-treated parts,P-14108-A,L24-0103,,1706,PO-467572,2024-03-11,"Z1.4 single, normal",K,1.0,II,125,0,,accept,2024-03-11 12:24:00,2024-03-13 02:07:00,E-0155,20260106T061500Z-QE24M
RI-24-00527,S-034,heat-treated parts,P-15142-A,L24-0106,,1210,PO-493719,2024-03-14,"Z1.4 single, normal",K,1.0,II,125,0,,accept,2024-03-11 12:24:00,2024-03-12 01:34:00,E-0155,20260106T061500Z-QE24M
RI-24-00528,S-039,passivated parts,P-14473-A,L24-0107,,982,PO-420167,2024-03-15,"Z1.4 single, normal",J,1.0,II,80,2,free iron,accept,2024-03-11 12:07:00,2024-03-12 06:56:00,E-0155,20260106T061500Z-QE24M
RI-24-00529,S-042,passivated parts,P-19137-C,L24-0114,,1756,PO-436348,2024-03-15,"Z1.4 single, normal",K,1.0,II,125,0,,accept,2024-03-11 10:39:00,2024-03-12 14:27:00,E-0156,20260106T061500Z-QE24M
RI-24-00530,S-045,anodized parts,P-17287-A,L24-0117,,615,PO-442385,2024-03-06,"Z1.4 single, normal",J,1.0,II,80,0,,accept,2024-03-11 10:21:00,2024-03-12 17:58:00,E-0155,20260106T061500Z-QE24M
RI-24-00531,S-046,anodized parts,P-13971-C,L24-0101,,565,PO-461667,2024-03-02,"Z1.4 single, normal",J,1.0,II,80,0,,accept,2024-03-11 10:05:00,2024-03-11 19:01:00,E-0156,20260106T061500Z-QE24M
RI-24-00532,S-048,anodized parts,P-11909-A,L24-0108,,1771,PO-461912,2024-03-13,"Z1.4 single, normal",K,1.0,II,125,0,,accept,2024-03-11 13:18:00,2024-03-12 21:58:00,E-0155,20260106T061500Z-QE24M
RI-24-00533,S-029,heat-treated parts,P-13530-B,L24-0126,,610,PO-401827,2024-03-16,"Z1.4 single, normal",J,1.0,II,80,0,,accept,2024-03-12 08:01:00,2024-03-14 04:58:00,E-0156,20260106T061500Z-QE24M
RI-24-00534,S-030,heat-treated parts,P-10235-A,L24-0118,,1761,PO-443350,2024-03-08,"Z1.4 single, normal",K,1.0,II,125,2,hardness low,accept,2024-03-12 10:59:00,2024-03-13 17:19:00,E-0155,20260106T061500Z-QE24M
RI-24-00535,S-033,heat-treated parts,P-13328-A,L24-0123,,934,PO-423936,2024-03-14,"Z1.4 single, normal",J,1.0,II,80,3,hardness high,accept,2024-03-12 10:17:00,2024-03-13 22:58:00,E-0155,20260106T061500Z-QE24M
RI-24-00536,S-033,heat-treated parts,P-13458-B,L24-0144,,740,PO-486401,2024-03-12,"Z1.4 single, normal",J,1.0,II,80,0,,accept,2024-03-12 07:25:00,2024-03-13 22:06:00,E-0156,20260106T061500Z-QE24M
RI-24-00537,S-051,casting,P-16056-D,,,360,PO-448596,2024-03-07,"Z1.4 single, normal",H,1.0,II,50,0,,accept,2024-03-12 11:41:00,2024-03-12 19:41:00,E-0156,20260106T061500Z-QE24M
RI-24-00538,S-053,casting,P-17147-C,,,590,PO-496302,2024-03-13,"Z1.4 single, normal",J,1.0,II,80,1,porosity,accept,2024-03-12 13:30:00,2024-03-13 17:21:00,E-0156,20260106T061500Z-QE24M
RI-24-00539,S-058,purchased components,threaded inserts,,,2400,PO-498463,2024-03-03,"Z1.4 single, normal",K,1.0,II,125,1,thread,accept,2024-03-12 11:06:00,2024-03-13 20:16:00,E-0156,20260106T061500Z-QE24M
RI-24-00540,S-005,bar,8620 bar 25.4 mm,,MC-00160,60,PO-416442,2024-03-14,"Z1.4 single, normal",E,1.0,II,13,0,,accept,2024-03-13 10:49:00,2024-03-13 19:27:00,E-0156,20260106T061500Z-QE24M
RI-24-00541,S-022,plated parts,P-14168-B,L24-0098,,1012,PO-461065,2024-03-15,"Z1.4 single, normal",J,1.0,II,80,1,staining,accept,2024-03-13 08:16:00,2024-03-15 02:48:00,E-0155,20260106T061500Z-QE24M
RI-24-00542,S-031,heat-treated parts,P-18413-C,L24-0115,,1627,PO-451447,2024-03-17,"Z1.4 single, normal",K,1.0,II,125,0,,accept,2024-03-13 11:54:00,2024-03-14 11:40:00,E-0155,20260106T061500Z-QE24M
RI-24-00543,S-040,passivated parts,P-17004-D,L24-0127,,992,PO-485934,2024-03-17,"Z1.4 single, normal",J,1.0,II,80,1,free iron,accept,2024-03-13 13:44:00,2024-03-14 14:51:00,E-0155,20260106T061500Z-QE24M
RI-24-00544,S-040,passivated parts,P-17732-C,L24-0131,,1270,PO-435398,2024-03-07,"Z1.4 single, normal",K,1.0,II,79,0,,accept,2024-03-13 09:26:00,2024-03-14 15:58:00,E-0156,20260106T061500Z-QE24M
RI-24-00545,S-044,passivated parts,P-15667-C,L24-0134,,640,PO-478025,2024-03-17,"Z1.4 single, normal",J,1.0,II,80,0,,accept,2024-03-13 13:44:00,2024-03-13 15:26:00,E-0156,20260106T061500Z-QE24M
RI-24-00546,S-053,casting,P-10967-A,,,310,PO-460574,2024-03-16,"Z1.4 single, normal",H,1.0,II,50,0,,accept,2024-03-13 10:49:00,2024-03-15 09:30:00,E-0156,20260106T061500Z-QE24M
RI-24-00547,S-002,bar,1045 bar 31.75 mm,,MC-00161,86,PO-434682,2024-03-18,"Z1.4 single, normal",E,1.0,II,13,0,,accept,2024-03-14 09:37:00,2024-03-15 16:31:00,E-0155,20260106T061500Z-QE24M
RI-24-00548,S-009,bar,316 bar 31.75 mm,,MC-00162,103,PO-492767,2024-03-18,"Z1.4 single, normal",F,1.0,II,6,0,,accept,2024-03-14 12:22:00,2024-03-16 05:09:00,E-0155,20260106T061500Z-QE24M
RI-24-00549,S-022,plated parts,P-14257-A,L23-1386,,1726,PO-451437,2024-03-15,"Z1.4 single, normal",K,1.0,II,125,3,blisters,accept,2024-03-14 11:41:00,2024-03-16 07:40:00,E-0156,20260106T061500Z-QE24M
RI-24-00550,S-036,heat-treated parts,P-12925-A,L24-0135,,998,PO-477430,2024-03-18,"Z1.4 single, normal",J,1.0,II,80,1,distortion,accept,2024-03-14 12:09:00,2024-03-15 02:17:00,E-0156,20260106T061500Z-QE24M
RI-24-00551,S-036,heat-treated parts,P-13307-B,L24-0147,,856,PO-409997,2024-03-10,"Z1.4 single, normal",J,1.0,II,80,3,distortion,accept,2024-03-14 08:03:00,2024-03-15 14:24:00,E-0155,20260106T061500Z-QE24M
RI-24-00552,S-044,passivated parts,P-16180-A,L24-0143,,789,PO-455739,2024-03-16,"Z1.4 single, normal",J,1.0,II,80,0,,accept,2024-03-14 11:42:00,2024-03-16 01:33:00,E-0155,20260106T061500Z-QE24M
RI-24-00553,S-051,casting,P-16721-B,,,1250,PO-497424,2024-03-15,"Z1.4 single, normal",K,1.0,II,125,2,flash,accept,2024-03-14 08:54:00,2024-03-15 05:04:00,E-0156,20260106T061500Z-QE24M
RI-24-00554,S-003,bar,4140 bar 25.4 mm,,MC-00163,59,PO-471154,2024-03-18,"Z1.4 single, normal",E,1.0,II,13,0,,accept,2024-03-15 10:10:00,2024-03-17 03:01:00,E-0155,20260106T061500Z-QE24M
RI-24-00555,S-027,heat-treated parts,P-11502-A,L23-1387,,3150,PO-407613,2024-03-17,"Z1.4 single, normal",K,1.0,II,80,0,,accept,2024-03-15 10:02:00,2024-03-16 23:10:00,E-0156,20260106T061500Z-QE24M
RI-24-00556,S-051,casting,P-10941-C,,,470,PO-494104,2024-03-19,"Z1.4 single, normal",H,1.0,II,50,0,,accept,2024-03-16 13:21:00,2024-03-18 09:57:00,E-0156,20260106T061500Z-QE24M
RI-24-00557,S-051,casting,P-17046-A,,,340,PO-432604,2024-03-20,"Z1.4 single, normal",H,1.0,II,50,0,,accept,2024-03-17 10:34:00,2024-03-19 09:59:00,E-0156,20260106T061500Z-QE24M
RI-24-00558,S-004,bar,4140 bar 25.4 mm,,MC-00166,80,PO-401820,2024-03-21,"Z1.4 single, normal",E,1.0,II,13,0,,accept,2024-03-18 12:55:00,2024-03-18 15:27:00,E-0155,20260106T061500Z-QE24M
RI-24-00559,S-005,bar,8620 bar 19.05 mm,,MC-00169,113,PO-463676,2024-03-19,"Z1.4 single, normal",F,1.0,II,13,0,,accept,2024-03-18 10:24:00,2024-03-18 23:28:00,E-0156,20260106T061500Z-QE24M
RI-24-00560,S-009,bar,316 bar 25.4 mm,,MC-00164,44,PO-403839,2024-03-20,"Z1.4 single, normal",D,1.0,II,7,0,,accept,2024-03-18 07:07:00,2024-03-20 02:02:00,E-0156,20260106T061500Z-QE24M
RI-24-00561,S-010,bar,316 bar 38.1 mm,,MC-00165,33,PO-467339,2024-03-21,"Z1.4 single, normal",D,1.0,II,7,0,,accept,2024-03-18 14:19:00,2024-03-19 06:33:00,E-0156,20260106T061500Z-QE24M
RI-24-00562,S-013,bar,7075 bar 19.05 mm,,MC-00167,25,PO-410996,2024-03-18,"Z1.4 single, normal",C,1.0,II,13,0,,accept,2024-03-18 12:22:00,2024-03-20 06:44:00,E-0155,20260106T061500Z-QE24M
RI-24-00563,S-013,bar,7075 bar 50.8 mm,,MC-00168,26,PO-459159,2024-03-21,"Z1.4 single, normal",D,1.0,II,8,0,,accept,2024-03-18 07:48:00,2024-03-18 09:44:00,E-0155,20260106T061500Z-QE24M
RI-24-00564,S-017,plated parts,P-13502-C,L24-0099,,881,PO-425386,2024-03-21,"Z1.4 single, normal",J,1.0,II,80,1,plating thickness,accept,2024-03-18 08:44:00,2024-03-19 23:19:00,E-0155,20260106T061500Z-QE24M
RI-24-00565,S-017,plated parts,P-13458-B,L24-0144,,740,PO-400831,2024-03-22,"Z1.4 single, normal",J,1.0,II,48,0,,accept,2024-03-18 11:31:00,2024-03-19 09:42:00,E-0155,20260106T061500Z-QE24M
RI-24-00566,S-020,plated parts,P-10385-D,L24-0141,,1047,PO-435689,2024-03-21,"Z1.4 single, normal",J,1.0,II,55,0,,accept,2024-03-18 10:14:00,2024-03-19 10:44:00,E-0155,20260106T061500Z-QE24M
RI-24-00567,S-023,plated parts,P-14108-A,L24-0103,,1706,PO-449844,2024-03-19,"Z1.4 single, normal",K,1.0,II,125,0,,accept,2024-03-18 07:48:00,2024-03-20 01:38:00,E-0156,20260106T061500Z-QE24M
RI-24-00568,S-024,plated parts,P-16953-D,L24-0148,,729,PO-446870,2024-03-18,"Z1.4 single, normal",J,1.0,II,80,0,,accept,2024-03-18 12:46:00,2024-03-20 05:45:00,E-0155,20260106T061500Z-QE24M
RI-24-00569,S-026,plated parts,P-12972-A,L24-0111,,975,PO-408997,2024-03-17,"Z1.4 single, normal",J,1.0,II,80,0,,accept,2024-03-18 12:15:00,2024-03-20 06:29:00,E-0156,20260106T061500Z-QE24M
RI-24-00570,S-026,plated parts,P-10518-D,L24-0125,,1295,PO-419950,2024-03-18,"Z1.4 single, normal",K,1.0,II,125,1,staining,accept,2024-03-18 14:06:00,2024-03-18 23:10:00,E-0155,20260106T061500Z-QE24M
RI-24-00571,S-027,heat-treated parts,P-15035-A,L24-0166,,233,PO-456660,2024-03-08,"Z1.4 single, normal",G,1.0,II,50,2,hardness low,reject,2024-03-18 12:29:00,2024-03-20 00:55:00,E-0156,20260106T061500Z-QE24M
RI-24-00572,S-029,heat-treated parts,P-12458-A,L24-0137,,1037,PO-411195,2024-03-20,"Z1.4 single, normal",J,1.0,II,80,0,,accept,2024-03-18 12:42:00,2024-03-18 18:18:00,E-0156,20260106T061500Z-QE24M
RI-24-00573,S-030,heat-treated parts,P-10215-A,L24-0124,,987,PO-482481,2024-03-17,"Z1.4 single, normal",J,1.0,II,80,3,hardness low,accept,2024-03-18 14:30:00,2024-03-19 21:30:00,E-0156,20260106T061500Z-QE24M
RI-24-00574,S-031,heat-treated parts,P-16831-C,L24-0140,,541,PO-476067,2024-03-18,"Z1.4 single, normal",J,1.0,II,80,0,,accept,2024-03-18 07:02:00,2024-03-19 11:57:00,E-0156,20260106T061500Z-QE24M
RI-24-00575,S-033,heat-treated parts,P-13369-A,L24-0130,,956,PO-400828,2024-03-20,"Z1.4 single, normal",J,1.0,II,56,0,,accept,2024-03-18 12:22:00,2024-03-19 01:44:00,E-0155,20260106T061500Z-QE24M
RI-24-00576,S-033,heat-treated parts,P-15057-A,L24-0139,,1538,PO-497953,2024-03-21,"Z1.4 single, normal",K,1.0,II,125,0,,accept,2024-03-18 13:10:00,2024-03-19 09:29:00,E-0155,20260106T061500Z-QE24M
RI-24-00577,S-041,passivated parts,P-10604-A,L24-0150,,248,PO-482720,2024-03-22,"Z1.4 single, normal",G,1.0,II,50,0,,accept,2024-03-18 11:50:00,2024-03-20 01:40:00,E-0155,20260106T061500Z-QE24M
RI-24-00578,S-042,passivated parts,P-14885-D,L24-0138,,412,PO-468083,2024-03-21,"Z1.4 single, normal",H,1.0,II,50,1,staining,accept,2024-03-18 10:01:00,2024-03-19 04:25:00,E-0156,20260106T061500Z-QE24M
RI-24-00579,S-042,passivated parts,P-14574-C,L24-0142,,590,PO-442218,2024-03-21,"Z1.4 single, normal",J,1.0,II,80,1,staining,accept,2024-03-18 08:29:00,2024-03-19 18:15:00,E-0155,20260106T061500Z-QE24M
RI-24-00580,S-043,passivated parts,P-16229-A,L24-0120,,2673,PO-410758,2024-03-14,"Z1.4 single, normal",K,1.0,II,125,0,,accept,2024-03-18 10:43:00,2024-03-18 14:51:00,E-0156,20260106T061500Z-QE24M
RI-24-00581,S-044,passivated parts,P-17741-A,L24-0129,,932,PO-484568,2024-03-21,"Z1.4 single, normal",J,1.0,II,80,0,,accept,2024-03-18 13:28:00,2024-03-20 06:53:00,E-0155,20260106T061500Z-QE24M
RI-24-00582,S-044,passivated parts,P-14462-A,L24-0136,,625,PO-407680,2024-03-20,"Z1.4 single, normal",J,1.0,II,80,0,,accept,2024-03-18 12:54:00,2024-03-19 21:02:00,E-0155,20260106T061500Z-QE24M
RI-24-00583,S-045,anodized parts,P-12023-C,L24-0084,,2986,PO-421567,2024-03-20,"Z1.4 single, normal",K,1.0,II,125,0,,accept,2024-03-18 11:13:00,2024-03-18 15:16:00,E-0155,20260106T061500Z-QE24M
RI-24-00584,S-009,bar,316 bar 25.4 mm,,MC-00171,79,PO-479326,2024-03-20,"Z1.4 single, normal",E,1.0,II,13,0,,accept,2024-03-19 10:15:00,2024-03-21 01:44:00,E-0155,20260106T061500Z-QE24M
RI-24-00585,S-011,bar,17-4 bar 31.75 mm,,MC-00170,42,PO-487888,2024-03-21,"Z1.4 single, normal",D,1.0,II,9,0,,accept,2024-03-19 11:02:00,2024-03-19 14:07:00,E-0156,20260106T061500Z-QE24M
RI-24-00586,S-013,bar,7075 bar 19.05 mm,,MC-00172,58,PO-422068,2024-03-22,"Z1.4 single, normal",E,1.0,II,13,0,,accept,2024-03-19 08:24:00,2024-03-20 23:56:00,E-0156,20260106T061500Z-QE24M
RI-24-00587,S-015,plated parts,P-10235-A,L24-0118,,1761,PO-439052,2024-03-10,"Z1.4 single, normal",K,1.0,II,125,2,staining,accept,2024-03-19 08:44:00,2024-03-21 03:45:00,E-0156,20260106T061500Z-QE24M
RI-24-00588,S-021,plated parts,P-15142-A,L24-0106,,1210,PO-423559,2024-03-20,"Z1.4 single, normal",K,1.0,II,125,0,,accept,2024-03-19 07:41:00,2024-03-20 03:26:00,E-0155,20260106T061500Z-QE24M
RI-24-00589,S-030,heat-treated parts,P-10967-A,L24-0122,,1359,PO-481241,2024-03-23,"Z1.4 single, normal",K,1.0,II,125,2,hardness high,accept,2024-03-19 13:42:00,2024-03-20 05:04:00,E-0156,20260106T061500Z-QE24M
RI-24-00590,S-030,heat-treated parts,P-10284-A,L24-0162,,412,PO-422547,2024-03-23,"Z1.4 single, normal",H,1.0,II,50,2,distortion,accept,2024-03-19 10:54:00,2024-03-19 12:30:00,E-0156,20260106T061500Z-QE24M
RI-24-00591,S-036,heat-treated parts,P-18841-A,L24-0159,,1800,PO-413308,2024-03-20,"Z1.4 single, normal",K,1.0,II,125,1,distortion,accept,2024-03-19 13:57:00,2024-03-20 00:08:00,E-0156,20260106T061500Z-QE24M
RI-24-00592,S-002,bar,1045 bar 38.1 mm,,MC-00173,54,PO-457015,2024-03-14,"Z1.4 single, normal",E,1.0,II,13,0,,accept,2024-03-20 08:08:00,2024-03-20 20:18:00,E-0155,20260106T061500Z-QE24M
RI-24-00593,S-018,plated parts,P-18106-D,L24-0153,,1002,PO-479892,2024-03-20,"Z1.4 single, normal",J,1.0,II,80,0,,accept,2024-03-20 13:37:00,2024-03-21 10:47:00,E-0155,20260106T061500Z-QE24M
RI-24-00594,S-030,heat-treated parts,P-10941-C,L24-0155,,1056,PO-480049,2024-03-23,"Z1.4 single, normal",J,1.0,II,80,3,distortion,accept,2024-03-20 14:11:00,2024-03-21 16:39:00,E-0156,20260106T061500Z-QE24M
RI-24-00595,S-036,heat-treated parts,P-13380-B,L24-0169,,796,PO-478722,2024-03-22,"Z1.4 single, normal",J,1.0,II,80,0,,accept,2024-03-20 13:32:00,2024-03-22 05:13:00,E-0155,20260106T061500Z-QE24M
RI-24-00596,S-039,passivated parts,P-16645-A,L24-0151,,739,PO-432978,2024-03-23,"Z1.4 single, normal",J,1.0,II,80,1,staining,accept,2024-03-20 13:29:00,2024-03-21 09:14:00,E-0155,20260106T061500Z-QE24M
RI-24-00597,S-044,passivated parts,P-11847-D,L24-0102,,2495,PO-410418,2024-03-21,"Z1.4 single, normal",K,1.0,II,125,0,,accept,2024-03-20 09:01:00,2024-03-22 04:49:00,E-0156,20260106T061500Z-QE24M
RI-24-00598,S-058,purchased components,O-rings,,,3950,PO-404227,2024-03-22,"Z1.4 single, normal",L,1.0,II,200,0,,accept,2024-03-20 13:59:00,2024-03-22 09:52:00,E-0156,20260106T061500Z-QE24M
RI-24-00599,S-001,bar,1018 bar 25.4 mm,,MC-00174,56,PO-477347,2024-03-21,"Z1.4 single, normal",E,1.0,II,13,0,,accept,2024-03-21 12:03:00,2024-03-21 19:56:00,E-0155,20260106T061500Z-QE24M
RI-24-00600,S-002,bar,1045 bar 38.1 mm,,MC-00175,23,PO-476984,2024-03-21,"Z1.4 single, normal",C,1.0,II,13,0,,accept,2024-03-21 14:31:00,2024-03-21 17:43:00,E-0156,20260106T061500Z-QE24M
RI-24-00601,S-004,bar,4140 bar 38.1 mm,,MC-00176,119,PO-434386,2024-03-22,"Z1.4 single, normal",F,1.0,II,13,0,,accept,2024-03-21 11:54:00,2024-03-21 16:13:00,E-0156,20260106T061500Z-QE24M
RI-24-00602,S-014,bar,Ti-6Al-4V bar 50.8 mm,,MC-00177,40,PO-477478,2024-03-25,"Z1.4 single, normal",D,1.0,II,13,0,,accept,2024-03-21 14:32:00,2024-03-23 12:56:00,E-0156,20260106T061500Z-QE24M
RI-24-00603,S-017,plated parts,P-13307-B,L24-0147,,856,PO-429187,2024-03-22,"Z1.4 single, normal",J,1.0,II,80,2,adhesion,accept,2024-03-21 12:53:00,2024-03-21 16:14:00,E-0156,20260106T061500Z-QE24M
RI-24-00604,S-018,plated parts,P-10567-A,L24-0157,,382,PO-414538,2024-03-23,"Z1.4 single, normal",H,1.0,II,50,0,,accept,2024-03-21 14:18:00,2024-03-22 21:32:00,E-0155,20260106T061500Z-QE24M
RI-24-00605,S-030,heat-treated parts,P-11072-B,L24-0154,,486,PO-435838,2024-03-22,"Z1.4 single, normal",H,1.0,II,50,0,,accept,2024-03-21 14:56:00,2024-03-23 01:34:00,E-0156,20260106T061500Z-QE24M
RI-24-00606,S-031,heat-treated parts,P-12722-A,L24-0171,,466,PO-417862,2024-03-25,"Z1.4 single, normal",H,1.0,II,50,0,,accept,2024-03-21 14:55:00,2024-03-23 03:12:00,E-0155,20260106T061500Z-QE24M
RI-24-00607,S-001,bar,1018 bar 25.4 mm,,MC-00178,39,PO-496671,2024-03-23,"Z1.4 single, normal",D,1.0,II,13,0,,accept,2024-03-22 07:18:00,2024-03-22 18:48:00,E-0155,20260106T061500Z-QE24M
RI-24-00608,S-005,bar,8620 bar 25.4 mm,,MC-00180,24,PO-483350,2024-03-24,"Z1.4 single, normal",C,1.0,II,7,0,,accept,2024-03-22 13:49:00,2024-03-22 14:37:00,E-0155,20260106T061500Z-QE24M
RI-24-00609,S-007,bar,303 bar 50.8 mm,,MC-00179,34,PO-411041,2024-03-23,"Z1.4 single, normal",D,1.0,II,13,0,,accept,2024-03-22 07:48:00,2024-03-23 09:30:00,E-0155,20260106T061500Z-QE24M
RI-24-00610,S-030,heat-treated parts,P-10178-D,L24-0164,,843,PO-418007,2024-03-25,"Z1.4 single, normal",J,1.0,II,80,2,hardness high,accept,2024-03-22 07:55:00,2024-03-23 14:11:00,E-0155,20260106T061500Z-QE24M
RI-24-00611,S-033,heat-treated parts,P-18380-A,L24-0174,,1220,PO-436530,2024-03-26,"Z1.4 single, normal",K,1.0,II,125,0,,accept,2024-03-22 12:43:00,2024-03-23 22:51:00,E-0156,20260106T061500Z-QE24M
RI-24-00612,S-034,heat-treated parts,P-15083-A,L24-0158,,838,PO-471141,2024-03-15,"Z1.4 single, normal",J,1.0,II,80,1,hardness low,accept,2024-03-22 07:51:00,2024-03-23 09:49:00,E-0155,20260106T061500Z-QE24M
RI-24-00613,S-006,bar,303 bar 38.1 mm,,MC-00181,76,PO-443840,2024-03-26,"Z1.4 single, normal",E,1.0,II,13,0,,accept,2024-03-25 11:10:00,2024-03-25 18:06:00,E-0155,20260106T061500Z-QE24M
RI-24-00614,S-016,plated parts,P-13530-B,L24-0126,,610,PO-415817,2024-03-24,"Z1.4 single, normal",J,1.0,II,80,0,,accept,2024-03-25 09:01:00,2024-03-25 18:51:00,E-0155,20260106T061500Z-QE24M
RI-24-00615,S-016,plated parts,P-10284-A,L24-0162,,412,PO-422709,2024-03-21,"Z1.4 single, normal",H,1.0,II,50,0,,accept,2024-03-25 10:26:00,2024-03-26 01:52:00,E-0155,20260106T061500Z-QE24M
RI-24-00616,S-017,plated parts,P-13328-A,L24-0123,,934,PO-434732,2024-03-26,"Z1.4 single, normal",J,1.0,II,40,0,,accept,2024-03-25 14:33:00,2024-03-27 14:30:00,E-0156,20260106T061500Z-QE24M
RI-24-00617,S-020,plated parts,P-18347-A,L24-0191,,2068,PO-425791,2024-03-28,"Z1.4 single, normal",K,1.0,II,125,0,,accept,2024-03-25 12:41:00,2024-03-26 03:26:00,E-0156,20260106T061500Z-QE24M
RI-24-00618,S-022,plated parts,P-12925-A,L24-0135,,998,PO-415657,2024-03-27,"Z1.4 single, normal",J,1.0,II,80,0,,accept,2024-03-25 13:36:00,2024-03-26 04:38:00,E-0155,20260106T061500Z-QE24M
RI-24-00619,S-025,plated parts,P-18413-C,L24-0115,,1627,PO-474566,2024-03-27,"Z1.4 single, normal",K,1.0,II,125,0,,accept,2024-03-25 13:42:00,2024-03-26 23:36:00,E-0156,20260106T061500Z-QE24M
RI-24-00620,S-025,plated parts,P-18841-A,L24-0159,,1800,PO-409038,2024-03-25,"Z1.4 single, normal",K,1.0,II,125,0,,accept,2024-03-25 09:14:00,2024-03-26 14:51:00,E-0155,20260106T061500Z-QE24M
RI-24-00621,S-031,heat-treated parts,P-18115-C,L24-0145,,1061,PO-445978,2024-03-18,"Z1.4 single, normal",J,1.0,II,80,2,hardness high,accept,2024-03-25 12:16:00,2024-03-26 09:50:00,E-0155,20260106T061500Z-QE24M
RI-24-00622,S-033,heat-treated parts,P-14952-A,L24-0149,,1344,PO-492149,2024-03-25,"Z1.4 single, normal",K,1.0,II,125,1,distortion,accept,2024-03-25 12:55:00,2024-03-25 17:44:00,E-0155,20260106T061500Z-QE24M
RI-24-00623,S-036,heat-treated parts,P-15206-A,L24-0170,,193,PO-454770,2024-03-27,"Z1.4 single, normal",G,1.0,II,50,1,hardness low,accept,2024-03-25 14:05:00,2024-03-25 21:04:00,E-0155,20260106T061500Z-QE24M
RI-24-00624,S-036,heat-treated parts,P-13483-A,L24-0181,,780,PO-425936,2024-03-25,"Z1.4 single, normal",J,1.0,II,80,0,,accept,2024-03-25 11:45:00,2024-03-27 05:51:00,E-0155,20260106T061500Z-QE24M
RI-24-00625,S-036,heat-treated parts,P-12835-A,L24-0184,,574,PO-410419,2024-03-27,"Z1.4 single, normal",J,1.0,II,80,0,,accept,2024-03-25 12:13:00,2024-03-27 05:03:00,E-0156,20260106T061500Z-QE24M
RI-24-00626,S-037,passivated parts,P-17627-A,L23-1391,,724,PO-401896,2024-03-29,"Z1.4 single, normal",J,1.0,II,80,0,,accept,2024-03-25 12:18:00,2024-03-27 06:32:00,E-0156,20260106T061500Z-QE24M
RI-24-00627,S-040,passivated parts,P-11663-A,L24-0152,,1672,PO-487575,2024-03-17,"Z1.4 single, normal",K,1.0,II,93,0,,accept,2024-03-25 12:31:00,2024-03-25 14:57:00,E-0156,20260106T061500Z-QE24M
RI-24-00628,S-040,passivated parts,P-16282-A,L24-0160,,1047,PO-447675,2024-03-29,"Z1.4 single, normal",J,1.0,II,80,0,,accept,2024-03-25 09:05:00,2024-03-26 02:11:00,E-0156,20260106T061500Z-QE24M
RI-24-00629,S-042,passivated parts,P-17582-A,L24-0161,,3179,PO-409111,2024-03-19,"Z1.4 single, normal",K,1.0,II,125,0,,accept,2024-03-25 10:45:00,2024-03-27 02:45:00,E-0156,20260106T061500Z-QE24M
RI-24-00630,S-042,passivated parts,P-15589-C,L24-0165,,511,PO-446569,2024-03-26,"Z1.4 single, normal",J,1.0,II,80,0,,accept,2024-03-25 07:24:00,2024-03-25 20:43:00,E-0156,20260106T061500Z-QE24M
RI-24-00631,S-042,passivated parts,P-15642-A,L24-0175,,689,PO-460550,2024-03-28,"Z1.4 single, normal",J,1.0,II,80,0,,accept,2024-03-25 12:54:00,2024-03-26 14:53:00,E-0156,20260106T061500Z-QE24M
RI-24-00632,S-043,passivated parts,P-11889-B,L24-0128,,670,PO-414663,2024-03-23,"Z1.4 single, normal",J,1.0,II,80,1,staining,accept,2024-03-25 13:41:00,2024-03-26 02:06:00,E-0155,20260106T061500Z-QE24M
RI-24-00633,S-044,passivated parts,P-16180-A,L24-0189,,843,PO-442294,2024-03-28,"Z1.4 single, normal",J,1.0,II,80,1,staining,accept,2024-03-25 14:20:00,2024-03-26 13:09:00,E-0155,20260106T061500Z-QE24M
RI-24-00634,S-047,anodized parts,P-14042-C,L24-0177,,427,PO-482550,2024-03-26,"Z1.4 single, normal",H,1.0,II,50,1,coating thickness,accept,2024-03-25 13:03:00,2024-03-26 14:53:00,E-0155,20260106T061500Z-QE24M
RI-24-00635,S-048,anodized parts,P-17147-C,L24-0112,,1027,PO-402172,2024-03-29,"Z1.4 single, normal",J,1.0,II,40,0,,accept,2024-03-25 13:02:00,2024-03-27 08:05:00,E-0156,20260106T061500Z-QE24M
RI-24-00636,S-053,casting,P-16912-A,,,240,PO-464428,2024-03-29,"Z1.4 single, normal",G,1.0,II,50,0,,accept,2024-03-25 10:11:00,2024-03-26 02:41:00,E-0156,20260106T061500Z-QE24M
RI-24-00637,S-003,bar,4140 bar 44.45 mm,,MC-00182,29,PO-476127,2024-03-26,"Z1.4 single, normal",D,1.0,II,13,0,,accept,2024-03-26 13:18:00,2024-03-27 22:50:00,E-0156,20260106T061500Z-QE24M
RI-24-00638,S-005,bar,8620 bar 31.75 mm,,MC-00183,118,PO-448216,2024-03-28,"Z1.4 single, normal",F,1.0,II,13,0,,accept,2024-03-26 12:40:00,2024-03-27 03:22:00,E-0155,20260106T061500Z-QE24M
RI-24-00639,S-017,plated parts,P-13380-B,L24-0169,,796,PO-451924,2024-03-29,"Z1.4 single, normal",J,1.0,II,80,0,,accept,2024-03-26 10:35:00,2024-03-27 03:12:00,E-0156,20260106T061500Z-QE24M
RI-24-00640,S-018,plated parts,P-10967-A,L24-0122,,1359,PO-444328,2024-03-27,"Z1.4 single, normal",K,1.0,II,125,0,,accept,2024-03-26 14:57:00,2024-03-26 22:13:00,E-0155,20260106T061500Z-QE24M
RI-24-00641,S-038,passivated parts,P-16289-C,L24-0173,,1602,PO-498889,2024-03-20,"Z1.4 single, normal",K,1.0,II,125,3,staining,accept,2024-03-26 11:50:00,2024-03-27 13:35:00,E-0156,20260106T061500Z-QE24M
RI-24-00642,S-042,passivated parts,P-16366-D,L24-0201,,799,PO-403821,2024-03-26,"Z1.4 single, normal",J,1.0,II,80,0,,accept,2024-03-26 13:30:00,2024-03-27 01:21:00,E-0156,20260106T061500Z-QE24M
RI-24-00643,S-004,bar,4140 bar 44.45 mm,,MC-00185,60,PO-406554,2024-03-31,"Z1.4 single, normal",E,1.0,II,13,0,,accept,2024-03-27 07:46:00,2024-03-29 00:46:00,E-0155,20260106T061500Z-QE24M
RI-24-00644,S-010,bar,316 bar 31.75 mm,,MC-00184,54,PO-499349,2024-03-24,"Z1.4 single, normal",E,1.0,II,6,0,,accept,2024-03-27 08:30:00,2024-03-28 23:59:00,E-0156,20260106T061500Z-QE24M
RI-24-00645,S-018,plated parts,P-15057-A,L24-0139,,1538,PO-446426,2024-03-28,"Z1.4 single, normal",K,1.0,II,125,1,plating thickness,accept,2024-03-27 09:53:00,2024-03-27 21:16:00,E-0155,20260106T061500Z-QE24M
RI-24-00646,S-025,plated parts,P-12458-A,L24-0137,,1037,PO-478206,2024-03-29,"Z1.4 single, normal",J,1.0,II,80,1,adhesion,accept,2024-03-27 09:12:00,2024-03-27 18:49:00,E-0156,20260106T061500Z-QE24M
RI-24-00647,S-039,passivated parts,P-17795-A,L24-0156,,5148,PO-451399,2024-03-29,"Z1.4 single, normal",L,1.0,II,200,2,free iron,accept,2024-03-27 09:15:00,2024-03-29 06:35:00,E-0156,20260106T061500Z-QE24M
RI-24-00648,S-040,passivated parts,P-11163-D,L24-0163,,2182,PO-463483,2024-03-28,"Z1.4 single, normal",K,1.0,II,125,0,,accept,2024-03-27 13:43:00,2024-03-27 14:51:00,E-0156,20260106T061500Z-QE24M
RI-24-00649,S-040,passivated parts,P-19370-B,L24-0180,,2088,PO-473360,2024-03-29,"Z1.4 single, normal",K,1.0,II,125,1,free iron,accept,2024-03-27 12:49:00,2024-03-28 07:17:00,E-0155,20260106T061500Z-QE24M
RI-24-00650,S-008,bar,304 bar 25.4 mm,,MC-00186,116,PO-405220,2024-03-29,"Z1.4 single, normal",F,1.0,II,13,0,,accept,2024-03-28 11:05:00,2024-03-29 15:48:00,E-0156,20260106T061500Z-QE24M
RI-24-00651,S-012,bar,6061 bar 19.05 mm,,MC-00187,21,PO-443604,2024-03-29,"Z1.4 single, normal",C,1.0,II,10,0,,accept,2024-03-28 12:12:00,2024-03-29 14:22:00,E-0155,20260106T061500Z-QE24M
RI-24-00652,S-013,bar,7075 bar 25.4 mm,,MC-00188,36,PO-439887,2024-03-30,"Z1.4 single, normal",D,1.0,II,13,0,,accept,2024-03-28 13:24:00,2024-03-28 18:43:00,E-0155,20260106T061500Z-QE24M
RI-24-00653,S-020,plated parts,P-11598-C,L24-0167,,744,PO-476272,2024-03-30,"Z1.4 single, normal",J,1.0,II,80,0,,accept,2024-03-28 10:33:00,2024-03-28 20:16:00,E-0156,20260106T061500Z-QE24M
RI-24-00654,S-023,plated parts,P-11502-A,L23-1387,,3150,PO-423194,2024-03-29,"Z1.4 single, normal",K,1.0,II,125,0,,accept,2024-03-28 11:48:00,2024-03-29 05:01:00,E-0155,20260106T061500Z-QE24M
RI-24-00655,S-025,plated parts,P-11072-B,L24-0154,,486,PO-417961,2024-03-30,"Z1.4 single, normal",H,1.0,II,50,2,plating thickness,accept,2024-03-28 10:17:00,2024-03-29 18:26:00,E-0155,20260106T061500Z-QE24M
RI-24-00656,S-033,heat-treated parts,P-12861-C,L24-0182,,1504,PO-499897,2024-04-01,"Z1.4 single, normal",K,1.0,II,125,0,,accept,2024-03-28 08:35:00,2024-03-28 21:07:00,E-0155,20260106T061500Z-QE24M
RI-24-00657,S-040,passivated parts,P-14869-A,L24-0176,,2172,PO-456227,2024-04-01,"Z1.4 single, normal",K,1.0,II,125,2,staining,accept,2024-03-28 13:28:00,2024-03-29 17:18:00,E-0155,20260106T061500Z-QE24M
RI-24-00658,S-042,passivated parts,P-12164-A,L24-0192,,283,PO-445003,2024-04-01,"Z1.4 single, normal",H,1.0,II,50,0,,accept,2024-03-28 11:41:00,2024-03-28 19:57:00,E-0156,20260106T061500Z-QE24M
RI-24-00659,S-006,bar,303 bar 50.8 mm,,MC-00189,83,PO-482769,2024-03-29,"Z1.4 single, normal",E,1.0,II,13,0,,accept,2024-03-29 08:21:00,2024-03-30 02:29:00,E-0155,20260106T061500Z-QE24M
RI-24-00660,S-010,bar,316 bar 31.75 mm,,MC-00190,114,PO-498071,2024-03-31,"Z1.4 single, normal",F,1.0,II,13,0,,accept,2024-03-29 09:09:00,2024-03-31 03:15:00,E-0156,20260106T061500Z-QE24M
RI-24-00661,S-013,bar,7075 bar 25.4 mm,,MC-00191,47,PO-429938,2024-03-31,"Z1.4 single, normal",D,1.0,II,13,0,,accept,2024-03-29 07:17:00,2024-03-29 15:49:00,E-0156,20260106T061500Z-QE24M
RI-24-00662,S-016,plated parts,P-16831-C,L24-0140,,541,PO-481523,2024-04-01,"Z1.4 single, normal",J,1.0,II,80,0,,accept,2024-03-29 07:16:00,2024-03-30 15:33:00,E-0155,20260106T061500Z-QE24M
RI-24-00663,S-020,plated parts,P-15035-A,L24-0166,,233,PO-467396,2024-03-31,"Z1.4 single, normal",G,1.0,II,50,0,,accept,2024-03-29 11:59:00,2024-03-31 01:11:00,E-0156,20260106T061500Z-QE24M
RI-24-00664,S-027,heat-treated parts,P-12878-C,L24-0204,,733,PO-462452,2024-03-31,"Z1.4 single, normal",J,1.0,II,80,0,,accept,2024-03-29 07:46:00,2024-03-29 13:22:00,E-0156,20260106T061500Z-QE24M
RI-24-00665,S-053,casting,P-11449-A,,,560,PO-471649,2024-04-01,"Z1.4 single, normal",J,1.0,II,80,1,porosity,accept,2024-03-29 07:12:00,2024-03-30 14:33:00,E-0155,20260106T061500Z-QE24M
RI-24-00666,S-051,casting,P-16887-A,,,1000,PO-498752,2024-04-04,"Z1.4 single, normal",J,1.0,II,80,0,,accept,2024-03-31 12:39:00,2024-04-01 15:12:00,E-0156,20260106T061500Z-QE24M
RI-24-00667,S-058,purchased components,O-rings,,,4250,PO-494164,2024-04-03,"Z1.4 single, normal",L,1.0,II,200,0,,accept,2024-03-31 13:33:00,2024-04-02 07:31:00,E-0155,20260106T061500Z-QE24M
RI-24-00668,S-005,bar,8620 bar 25.4 mm,,MC-00192,119,PO-427229,2024-04-01,"Z1.4 single, normal",F,1.0,II,13,0,,accept,2024-04-01 14:16:00,2024-04-02 05:35:00,E-0156,20260106T061500Z-QE24M
RI-24-00669,S-014,bar,Ti-6Al-4V bar 19.05 mm,,MC-00193,54,PO-441891,2024-04-04,"Z1.4 single, normal",E,1.0,II,13,0,,accept,2024-04-01 07:04:00,2024-04-02 00:48:00,E-0155,20260106T061500Z-QE24M
RI-24-00670,S-017,plated parts,P-13369-A,L24-0130,,956,PO-442168,2024-04-03,"Z1.4 single, normal",J,1.0,II,80,0,,accept,2024-04-01 10:04:00,2024-04-02 16:47:00,E-0156,20260106T061500Z-QE24M
RI-24-00671,S-017,plated parts,P-13483-A,L24-0181,,780,PO-487834,2024-04-02,"Z1.4 single, normal",J,1.0,II,80,0,,accept,2024-04-01 13:48:00,2024-04-03 08:48:00,E-0156,20260106T061500Z-QE24M
RI-24-00672,S-022,plated parts,P-10215-A,L24-0124,,987,PO-489586,2024-04-02,"Z1.4 single, normal",J,1.0,II,80,1,staining,accept,2024-04-01 07:09:00,2024-04-02 13:59:00,E-0156,20260106T061500Z-QE24M
RI-24-00673,S-023,plated parts,P-12988-A,L24-0193,,686,PO-440885,2024-04-01,"Z1.4 single, normal",J,1.0,II,80,0,,accept,2024-04-01 13:28:00,2024-04-01 14:09:00,E-0155,20260106T061500Z-QE24M
RI-24-00674,S-025,plated parts,P-12835-A,L24-0184,,574,PO-411808,2024-04-02,"Z1.4 single, normal",J,1.0,II,80,1,staining,accept,2024-04-01 08:15:00,2024-04-02 06:01:00,E-0156,20260106T061500Z-QE24M
RI-24-00675,S-027,heat-treated parts,P-14384-D,L24-0178,,556,PO-435935,2024-04-05,"Z1.4 single, normal",J,1.0,II,80,0,,accept,2024-04-01 13:23:00,2024-04-01 22:41:00,E-0155,20260106T061500Z-QE24M
RI-24-00676,S-030,heat-treated parts,P-10212-A,L24-0194,,650,PO-449823,2024-04-02,"Z1.4 single, normal",J,1.0,II,80,0,,accept,2024-04-01 07:41:00,2024-04-02 16:44:00,E-0156,20260106T061500Z-QE24M
RI-24-00677,S-030,heat-treated parts,P-11142-B,L24-0203,,675,PO-492916,2024-04-04,"Z1.4 single, normal",J,1.0,II,80,0,,accept,2024-04-01 10:35:00,2024-04-03 07:25:00,E-0156,20260106T061500Z-QE24M
RI-24-00678,S-032,heat-treated parts,P-18406-A,L24-0202,,1374,PO-428188,2024-04-03,"Z1.4 single, normal",K,1.0,II,125,0,,accept,2024-04-01 14:40:00,2024-04-02 14:40:00,E-0156,20260106T061500Z-QE24M
RI-24-00679,S-033,heat-treated parts,P-14989-D,L24-0200,,1419,PO-431274,2024-04-04,"Z1.4 single, normal",K,1.0,II,125,1,hardness high,accept,2024-04-01 07:57:00,2024-04-02 13:33:00,E-0155,20260106T061500Z-QE24M
RI-24-00680,S-037,passivated parts,P-19446-A,L24-0199,,1245,PO-431732,2024-04-02,"Z1.4 single, normal",K,1.0,II,125,0,,accept,2024-04-01 14:08:00,2024-04-02 17:48:00,E-0156,20260106T061500Z-QE24M
RI-24-00681,S-039,passivated parts,P-11856-B,L24-0186,,1562,PO-447906,2024-03-27,"Z1.4 single, normal",K,1.0,II,125,1,staining,accept,2024-04-01 09:13:00,2024-04-02 23:25:00,E-0155,20260106T061500Z-QE24M
RI-24-00682,S-040,passivated parts,P-19299-A,L24-0190,,2416,PO-488660,2024-04-05,"Z1.4 single, normal",K,1.0,II,125,2,staining,accept,2024-04-01 08:02:00,2024-04-01 20:47:00,E-0155,20260106T061500Z-QE24M
RI-24-00683,S-040,passivated parts,P-17038-D,L24-0231,,992,PO-446664,2024-04-02,"Z1.4 single, normal",J,1.0,II,80,1,free iron,accept,2024-04-01 08:27:00,2024-04-02 12:37:00,E-0155,20260106T061500Z-QE24M
RI-24-00684,S-042,passivated parts,P-14715-D,L24-0197,,422,PO-486115,2024-04-04,"Z1.4 single, normal",H,1.0,II,50,0,,accept,2024-04-01 14:45:00,2024-04-03 06:32:00,E-0155,20260106T061500Z-QE24M
RI-24-00685,S-042,passivated parts,P-15438-D,L24-0223,,541,PO-403741,2024-04-02,"Z1.4 single, normal",J,1.0,II,80,0,,accept,2024-04-01 08:05:00,2024-04-01 11:34:00,E-0155,20260106T061500Z-QE24M
RI-24-00686,S-044,passivated parts,P-16237-A,L24-0185,,2381,PO-459844,2024-04-04,"Z1.4 single, normal",K,1.0,II,125,1,staining,accept,2024-04-01 10:55:00,2024-04-02 04:07:00,E-0156,20260106T061500Z-QE24M
RI-24-00687,S-047,anodized parts,P-17351-A,L24-0198,,536,PO-499548,2024-04-03,"Z1.4 single, normal",J,1.0,II,80,0,,accept,2024-04-01 08:10:00,2024-04-02 09:57:00,E-0155,20260106T061500Z-QE24M
RI-24-00688,S-048,anodized parts,P-11909-A,L24-0172,,1939,PO-463392,2024-04-05,"Z1.4 single, normal",K,1.0,II,125,0,,accept,2024-04-01 09:10:00,2024-04-02 00:53:00,E-0155,20260106T061500Z-QE24M
RI-24-00689,S-003,bar,4140 bar 31.75 mm,,MC-00195,43,PO-460285,2024-04-02,"Z1.4 single, normal",D,1.0,II,13,0,,accept,2024-04-02 14:24:00,2024-04-03 14:07:00,E-0155,20260106T061500Z-QE24M
RI-24-00690,S-004,bar,4140 bar 25.4 mm,,MC-00194,105,PO-490446,2024-04-03,"Z1.4 single, normal",F,1.0,II,13,0,,accept,2024-04-02 07:38:00,2024-04-04 02:49:00,E-0156,20260106T061500Z-QE24M
RI-24-00691,S-005,bar,8620 bar 25.4 mm,,MC-00196,34,PO-484527,2024-04-02,"Z1.4 single, normal",D,1.0,II,13,0,,accept,2024-04-02 14:04:00,2024-04-03 11:27:00,E-0155,20260106T061500Z-QE24M
RI-24-00692,S-016,plated parts,P-10178-D,L24-0164,,843,PO-442277,2024-03-30,"Z1.4 single, normal",J,1.0,II,80,1,adhesion,accept,2024-04-02 09:18:00,2024-04-03 15:39:00,E-0156,20260106T061500Z-QE24M
RI-24-00693,S-025,plated parts,P-15206-A,L24-0170,,193,PO-496371,2024-04-05,"Z1.4 single, normal",G,1.0,II,50,1,blisters,accept,2024-04-02 10:33:00,2024-04-04 08:31:00,E-0156,20260106T061500Z-QE24M
RI-24-00694,S-026,plated parts,P-18115-C,L24-0145,,1061,PO-447375,2024-03-23,"Z1.4 single, normal",J,1.0,II,80,0,,accept,2024-04-02 13:31:00,2024-04-02 17:42:00,E-0156,20260106T061500Z-QE24M
RI-24-00695,S-030,heat-treated parts,P-10123-A,L24-0183,,1260,PO-499220,2024-04-06,"Z1.4 single, normal",K,1.0,II,125,1,distortion,accept,2024-04-02 10:20:00,2024-04-02 11:06:00,E-0155,20260106T061500Z-QE24M
RI-24-00696,S-033,heat-treated parts,P-14928-A,L24-0209,,1438,PO-432936,2024-04-06,"Z1.4 single, normal",K,1.0,II,125,0,,accept,2024-04-02 08:45:00,2024-04-03 13:14:00,E-0156,20260106T061500Z-QE24M
RI-24-00697,S-034,heat-treated parts,P-16900-D,L24-0168,,1880,PO-480344,2024-04-02,"Z1.4 single, normal",K,1.0,II,125,2,hardness low,accept,2024-04-02 08:56:00,2024-04-03 11:50:00,E-0156,20260106T061500Z-QE24M
RI-24-00698,S-038,passivated parts,P-15382-A,L24-0225,,918,PO-420818,2024-04-02,"Z1.4 single, normal",J,1.0,II,80,1,free iron,accept,2024-04-02 12:23:00,2024-04-03 21:13:00,E-0156,20260106T061500Z-QE24M
RI-24-00699,S-039,passivated parts,P-17500-A,L24-0195,,1270,PO-465608,2024-03-31,"Z1.4 single, normal",K,1.0,II,87,0,,accept,2024-04-02 12:13:00,2024-04-02 18:47:00,E-0155,20260106T061500Z-QE24M
RI-24-00700,S-051,casting,P-10941-C,,,880,PO-408458,2024-04-04,"Z1.4 single, normal",J,1.0,II,80,0,,accept,2024-04-02 09:14:00,2024-04-03 12:36:00,E-0156,20260106T061500Z-QE24M
RI-24-00701,S-003,bar,4140 bar 63.5 mm,,MC-00198,93,PO-453781,2024-04-03,"Z1.4 single, normal",F,1.0,II,13,0,,accept,2024-04-03 08:21:00,2024-04-03 08:53:00,E-0155,20260106T061500Z-QE24M
RI-24-00702,S-004,bar,4140 bar 31.75 mm,,MC-00197,86,PO-468124,2024-04-03,"Z1.4 single, normal",E,1.0,II,13,0,,accept,2024-04-03 10:33:00,2024-04-04 07:48:00,E-0155,20260106T061500Z-QE24M
RI-24-00703,S-032,heat-treated parts,P-15181-A,L24-0233,,1756,PO-480566,2024-04-03,"Z1.4 single, normal",K,1.0,II,125,1,distortion,accept,2024-04-03 11:21:00,2024-04-04 01:14:00,E-0155,20260106T061500Z-QE24M
RI-24-00704,S-036,heat-treated parts,P-17841-B,L24-0239,,888,PO-446082,2024-04-06,"Z1.4 single, normal",J,1.0,II,80,0,,accept,2024-04-03 09:07:00,2024-04-05 05:55:00,E-0155,20260106T061500Z-QE24M
RI-24-00705,S-042,passivated parts,P-12722-A,L24-0171,,466,PO-466475,2024-04-03,"Z1.4 single, normal",H,1.0,II,50,0,,accept,2024-04-03 08:47:00,2024-04-05 02:35:00,E-0156,20260106T061500Z-QE24M
RI-24-00706,S-046,anodized parts,P-17441-A,L24-0234,,843,PO-447895,2024-04-03,"Z1.4 single, normal",J,1.0,II,80,0,,accept,2024-04-03 14:19:00,2024-04-05 07:31:00,E-0155,20260106T061500Z-QE24M
RI-24-00707,S-003,bar,4140 bar 38.1 mm,,MC-00200,92,PO-460765,2024-04-07,"Z1.4 single, normal",F,1.0,II,13,0,,accept,2024-04-04 10:58:00,2024-04-06 09:56:00,E-0156,20260106T061500Z-QE24M
RI-24-00708,S-004,bar,4140 bar 31.75 mm,,MC-00199,104,PO-456383,2024-04-06,"Z1.4 single, normal",F,1.0,II,5,0,,accept,2024-04-04 08:17:00,2024-04-04 09:12:00,E-0155,20260106T061500Z-QE24M
RI-24-00709,S-017,plated parts,P-14966-D,L24-0208,,1359,PO-485159,2024-04-04,"Z1.4 single, normal",K,1.0,II,52,4,blisters,reject,2024-04-04 08:16:00,2024-04-04 11:02:00,E-0155,20260106T061500Z-QE24M
RI-24-00710,S-026,plated parts,P-15083-A,L24-0158,,838,PO-490668,2024-04-01,"Z1.4 single, normal",J,1.0,II,80,1,staining,accept,2024-04-04 12:57:00,2024-04-05 22:15:00,E-0155,20260106T061500Z-QE24M
RI-24-00711,S-034,heat-treated parts,P-12645-A,L24-0213,,1617,PO-431316,2024-04-08,"Z1.4 single, normal",K,1.0,II,125,2,hardness low,accept,2024-04-04 09:40:00,2024-04-05 22:26:00,E-0155,20260106T061500Z-QE24M
RI-24-00712,S-034,heat-treated parts,P-12907-D,L24-0214,,605,PO-452585,2024-04-05,"Z1.4 single, normal",J,1.0,II,80,0,,accept,2024-04-04 11:12:00,2024-04-05 09:52:00,E-0156,20260106T061500Z-QE24M
RI-24-00713,S-034,heat-treated parts,P-18420-D,L24-0224,,1056,PO-483519,2024-04-07,"Z1.4 single, normal",J,1.0,II,80,0,,accept,2024-04-04 14:36:00,2024-04-05 17:06:00,E-0155,20260106T061500Z-QE24M
RI-24-00714,S-036,heat-treated parts,P-11490-A,L24-0217,,193,PO-462681,2024-04-05,"Z1.4 single, normal",G,1.0,II,50,0,,accept,2024-04-04 12:03:00,2024-04-06 04:11:00,E-0156,20260106T061500Z-QE24M
RI-24-00715,S-040,passivated parts,P-14681-B,L24-0241,,744,PO-420127,2024-04-06,"Z1.4 single, normal",J,1.0,II,80,2,staining,accept,2024-04-04 09:04:00,2024-04-04 20:44:00,E-0156,20260106T061500Z-QE24M
RI-24-00716,S-044,passivated parts,P-15450-B,L24-0212,,1905,PO-483389,2024-04-07,"Z1.4 single, normal",K,1.0,II,125,1,free iron,accept,2024-04-04 12:51:00,2024-04-04 14:43:00,E-0156,20260106T061500Z-QE24M
RI-24-00717,S-044,passivated parts,P-16385-A,L24-0244,,605,PO-461356,2024-04-05,"Z1.4 single, normal",J,1.0,II,80,0,,accept,2024-04-04 12:33:00,2024-04-04 18:16:00,E-0156,20260106T061500Z-QE24M
RI-24-00718,S-050,anodized parts,P-17220-A,L24-0179,,779,PO-465552,2024-04-07,"Z1.4 single, normal",J,1.0,II,61,0,,accept,2024-04-04 11:39:00,2024-04-05 03:10:00,E-0155,20260106T061500Z-QE24M
RI-24-00719,S-003,bar,4140 bar 38.1 mm,,MC-00201,95,PO-494837,2024-04-06,"Z1.4 single, normal",F,1.0,II,13,0,,accept,2024-04-05 14:31:00,2024-04-05 19:32:00,E-0155,20260106T061500Z-QE24M
RI-24-00720,S-017,plated parts,P-14952-A,L24-0149,,1344,PO-427773,2024-04-08,"Z1.4 single, normal",K,1.0,II,125,2,adhesion,accept,2024-04-05 09:49:00,2024-04-06 18:51:00,E-0155,20260106T061500Z-QE24M
RI-24-00721,S-036,heat-treated parts,P-17974-C,L24-0188,,3353,PO-431425,2024-03-31,"Z1.4 single, normal",L,1.0,II,200,0,,accept,2024-04-05 14:53:00,2024-04-05 19:47:00,E-0155,20260106T061500Z-QE24M
RI-24-00722,S-043,passivated parts,P-11745-D,L24-0187,,1567,PO-434250,2024-04-06,"Z1.4 single, normal",K,1.0,II,65,0,,accept,2024-04-05 09:10:00,2024-04-06 17:18:00,E-0156,20260106T061500Z-QE24M
RI-24-00723,S-044,passivated parts,P-15885-A,L24-0227,,804,PO-454470,2024-04-08,"Z1.4 single, normal",J,1.0,II,80,0,,accept,2024-04-05 11:07:00,2024-04-06 00:49:00,E-0156,20260106T061500Z-QE24M
RI-24-00724,S-045,anodized parts,P-14077-B,L23-1392,,1210,PO-446343,2024-04-08,"Z1.4 single, normal",K,1.0,II,125,0,,accept,2024-04-05 07:28:00,2024-04-06 17:21:00,E-0155,20260106T061500Z-QE24M
RI-24-00725,S-051,casting,P-10463-C,,,300,PO-417219,2024-04-05,"Z1.4 single, normal",H,1.0,II,50,1,porosity,accept,2024-04-05 13:25:00,2024-04-06 18:44:00,E-0155,20260106T061500Z-QE24M
RI-24-00726,S-051,casting,P-16637-A,,,620,PO-483580,2024-04-09,"Z1.4 single, normal",J,1.0,II,80,2,porosity,accept,2024-04-06 10:37:00,2024-04-08 08:43:00,E-0155,20260106T061500Z-QE24M
RI-24-00727,S-051,casting,P-16652-A,,,630,PO-427988,2024-04-09,"Z1.4 single, normal",J,1.0,II,80,0,,accept,2024-04-06 13:01:00,2024-04-07 23:12:00,E-0156,20260106T061500Z-QE24M
RI-24-00728,S-057,purchased components,threaded inserts,,,4450,PO-436599,2024-04-06,"Z1.4 single, normal",L,1.0,II,200,0,,accept,2024-04-06 14:58:00,2024-04-07 06:22:00,E-0156,20260106T061500Z-QE24M
RI-24-00729,S-053,casting,P-16870-A,,,420,PO-487481,2024-04-09,"Z1.4 single, normal",H,1.0,II,50,0,,accept,2024-04-07 07:46:00,2024-04-08 18:07:00,E-0155,20260106T061500Z-QE24M
RI-24-00730,S-002,bar,1045 bar 25.4 mm,,MC-00202,41,PO-489430,2024-04-07,"Z1.4 single, normal",D,1.0,II,13,0,,accept,2024-04-08 14:42:00,2024-04-08 15:17:00,E-0156,20260106T061500Z-QE24M
RI-24-00731,S-003,bar,4140 bar 38.1 mm,,MC-00206,45,PO-497030,2024-03-30,"Z1.4 single, normal",D,1.0,II,13,0,,accept,2024-04-08 07:38:00,2024-04-08 08:54:00,E-0155,20260106T061500Z-QE24M
RI-24-00732,S-004,bar,4140 bar 44.45 mm,,MC-00207,83,PO-437413,2024-04-10,"Z1.4 single, normal",E,1.0,II,13,0,,accept,2024-04-08 13:27:00,2024-04-08 19:40:00,E-0156,20260106T061500Z-QE24M
RI-24-00733,S-008,bar,304 bar 25.4 mm,,MC-00203,60,PO-436571,2024-04-08,"Z1.4 single, normal",E,1.0,II,13,0,,accept,2024-04-08 07:44:00,2024-04-09 08:06:00,E-0156,20260106T061500Z-QE24M
RI-24-00734,S-008,bar,304 bar 38.1 mm,,MC-00204,46,PO-492349,2024-04-11,"Z1.4 single, normal",D,1.0,II,7,0,,accept,2024-04-08 12:14:00,2024-04-08 19:23:00,E-0156,20260106T061500Z-QE24M
RI-24-00735,S-010,bar,316 bar 38.1 mm,,MC-00205,38,PO-425962,2024-04-11,"Z1.4 single, normal",D,1.0,II,13,0,,accept,2024-04-08 13:01:00,2024-04-08 19:30:00,E-0155,20260106T061500Z-QE24M
RI-24-00736,S-015,plated parts,P-11142-B,L24-0203,,675,PO-452592,2024-04-11,"Z1.4 single, normal",J,1.0,II,80,0,,accept,2024-04-08 12:25:00,2024-04-08 23:50:00,E-0155,20260106T061500Z-QE24M
RI-24-00737,S-017,plated parts,P-14989-D,L24-0200,,1419,PO-486157,2024-04-11,"Z1.4 single, normal",K,1.0,II,125,6,adhesion,accept,2024-04-08 11:07:00,2024-04-09 12:21:00,E-0156,20260106T061500Z-QE24M
RI-24-00738,S-018,plated parts,P-12861-C,L24-0182,,1504,PO-457038,2024-04-02,"Z1.4 single, normal",K,1.0,II,87,3,blisters,accept,2024-04-08 13:37:00,2024-04-09 21:11:00,E-0155,20260106T061500Z-QE24M
RI-24-00739,S-021,plated parts,P-14384-D,L24-0178,,556,PO-430463,2024-04-09,"Z1.4 single, normal",J,1.0,II,80,0,,accept,2024-04-08 10:00:00,2024-04-08 23:42:00,E-0156,20260106T061500Z-QE24M
RI-24-00740,S-023,plated parts,P-10212-A,L24-0194,,650,PO-441405,2024-04-08,"Z1.4 single, normal",J,1.0,II,48,0,,accept,2024-04-08 09:35:00,2024-04-10 06:10:00,E-0155,20260106T061500Z-QE24M
RI-24-00741,S-023,plated parts,P-10378-D,L24-0206,,759,PO-482505,2024-04-12,"Z1.4 single, normal",J,1.0,II,80,0,,accept,2024-04-08 07:41:00,2024-04-09 01:59:00,E-0156,20260106T061500Z-QE24M
RI-24-00742,S-025,plated parts,P-12884-C,L24-0238,,581,PO-492752,2024-04-09,"Z1.4 single, normal",J,1.0,II,80,0,,accept,2024-04-08 09:59:00,2024-04-08 14:47:00,E-0155,20260106T061500Z-QE24M
RI-24-00743,S-029,heat-treated parts,P-17901-A,L24-0218,,1022,PO-459849,2024-04-11,"Z1.4 single, normal",J,1.0,II,80,0,,accept,2024-04-08 12:00:00,2024-04-09 15:12:00,E-0156,20260106T061500Z-QE24M
RI-24-00744,S-033,heat-treated parts,P-14108-A,L24-0245,,1647,PO-497366,2024-04-10,"Z1.4 single, normal",K,1.0,II,125,0,,accept,2024-04-08 08:56:00,2024-04-10 06:04:00,E-0156,20260106T061500Z-QE24M
RI-24-00745,S-033,heat-treated parts,P-14212-C,L24-0247,,818,PO-422794,2024-04-10,"Z1.4 single, normal",J,1.0,II,48,0,,accept,2024-04-08 11:08:00,2024-04-09 06:16:00,E-0156,20260106T061500Z-QE24M
RI-24-00746,S-034,heat-treated parts,P-13158-A,L24-0215,,332,PO-452294,2024-04-10,"Z1.4 single, normal",H,1.0,II,28,0,,accept,2024-04-08 11:37:00,2024-04-08 14:09:00,E-0155,20260106T061500Z-QE24M
RI-24-00747,S-036,heat-treated parts,P-14292-A,L24-0228,,699,PO-432679,2024-04-09,"Z1.4 single, normal",J,1.0,II,80,0,,accept,2024-04-08 13:54:00,2024-04-09 16:10:00,E-0156,20260106T061500Z-QE24M
RI-24-00748,S-036,heat-treated parts,P-11413-A,L24-0243,,268,PO-426275,2024-04-10,"Z1.4 single, normal",G,1.0,II,50,0,,accept,2024-04-08 08:18:00,2024-04-09 18:47:00,E-0156,20260106T061500Z-QE24M
RI-24-00749,S-039,passivated parts,P-16001-D,L24-0220,,1419,PO-431561,2024-03-30,"Z1.4 single, normal",K,1.0,II,125,1,free iron,accept,2024-04-08 14:17:00,2024-04-09 15:35:00,E-0155,20260106T061500Z-QE24M
RI-24-00750,S-039,passivated parts,P-11282-A,L24-0260,,1022,PO-448155,2024-04-12,"Z1.4 single, normal",J,1.0,II,80,0,,accept,2024-04-08 13:15:00,2024-04-10 05:13:00,E-0155,20260106T061500Z-QE24M
RI-24-00751,S-042,passivated parts,P-16451-A,L24-0211,,2346,PO-405205,2024-04-10,"Z1.4 single, normal",K,1.0,II,125,0,,accept,2024-04-08 14:30:00,2024-04-08 17:30:00,E-0156,20260106T061500Z-QE24M
RI-24-00752,S-042,passivated parts,P-16688-C,L24-0216,,1200,PO-499725,2024-04-09,"Z1.4 single, normal",J,1.0,II,80,0,,accept,2024-04-08 10:10:00,2024-04-08 15:40:00,E-0155,20260106T061500Z-QE24M
RI-24-00753,S-042,passivated parts,P-16352-D,L24-0236,,1552,PO-443288,2024-04-10,"Z1.4 single, normal",K,1.0,II,125,1,free iron,accept,2024-04-08 10:02:00,2024-04-08 19:58:00,E-0156,20260106T061500Z-QE24M
RI-24-00754,S-043,passivated parts,P-15697-A,L24-0205,,560,PO-475675,2024-04-11,"Z1.4 single, normal",J,1.0,II,80,2,staining,accept,2024-04-08 14:29:00,2024-04-09 22:43:00,E-0156,20260106T061500Z-QE24M
RI-24-00755,S-044,passivated parts,P-12065-A,L24-0229,,1047,PO-408376,2024-04-06,"Z1.4 single, normal",J,1.0,II,80,0,,accept,2024-04-08 09:54:00,2024-04-09 16:36:00,E-0155,20260106T061500Z-QE24M
RI-24-00756,S-044,passivated parts,P-16180-A,L24-0237,,828,PO-460324,2024-04-09,"Z1.4 single, normal",J,1.0,II,80,1,staining,accept,2024-04-08 09:56:00,2024-04-08 13:02:00,E-0156,20260106T061500Z-QE24M
RI-24-00757,S-049,anodized parts,P-17153-C,L24-0222,,724,PO-477943,2024-04-12,"Z1.4 single, normal",J,1.0,II,80,0,,accept,2024-04-08 10:55:00,2024-04-10 08:10:00,E-0156,20260106T061500Z-QE24M
RI-24-00758,S-057,purchased components,O-rings,,,4900,PO-474194,2024-04-12,"Z1.4 single, normal",L,1.0,II,200,1,damage,accept,2024-04-08 11:06:00,2024-04-08 22:25:00,E-0155,20260106T061500Z-QE24M
RI-24-00759,S-057,purchased components,threaded inserts,,,4100,PO-438902,2024-04-11,"Z1.4 single, normal",L,1.0,II,200,0,,accept,2024-04-08 08:12:00,2024-04-08 16:44:00,E-0156,20260106T061500Z-QE24M
RI-24-00760,S-003,bar,4140 bar 44.45 mm,,MC-00208,116,PO-421991,2024-04-10,"Z1.4 single, normal",F,1.0,II,13,0,,accept,2024-04-09 10:03:00,2024-04-09 13:51:00,E-0156,20260106T061500Z-QE24M
RI-24-00761,S-015,plated parts,P-15181-A,L24-0233,,1756,PO-426648,2024-04-09,"Z1.4 single, normal",K,1.0,II,125,3,staining,accept,2024-04-09 07:28:00,2024-04-10 01:09:00,E-0155,20260106T061500Z-QE24M
RI-24-00762,S-018,plated parts,P-14103-B,L24-0221,,2336,PO-410909,2024-04-10,"Z1.4 single, normal",K,1.0,II,125,0,,accept,2024-04-09 08:05:00,2024-04-10 13:17:00,E-0155,20260106T061500Z-QE24M
RI-24-00763,S-023,plated parts,P-18526-A,L24-0210,,3254,PO-452654,2024-04-11,"Z1.4 single, normal",L,1.0,II,200,1,adhesion,accept,2024-04-09 07:09:00,2024-04-09 13:35:00,E-0156,20260106T061500Z-QE24M
RI-24-00764,S-030,heat-treated parts,P-10900-A,L24-0196,,4905,PO-461980,2024-04-10,"Z1.4 single, normal",L,1.0,II,200,1,hardness high,accept,2024-04-09 13:59:00,2024-04-11 13:07:00,E-0155,20260106T061500Z-QE24M
RI-24-00765,S-033,heat-treated parts,P-12543-C,L24-0226,,878,PO-403233,2024-04-11,"Z1.4 single, normal",J,1.0,II,80,1,hardness high,accept,2024-04-09 08:53:00,2024-04-10 04:27:00,E-0156,20260106T061500Z-QE24M
RI-24-00766,S-036,heat-treated parts,P-17881-C,L24-0255,,575,PO-486328,2024-04-11,"Z1.4 single, normal",J,1.0,II,80,0,,accept,2024-04-09 11:56:00,2024-04-10 08:59:00,E-0155,20260106T061500Z-QE24M
RI-24-00767,S-039,passivated parts,P-15681-A,L24-0240,,367,PO-485096,2024-04-13,"Z1.4 single, normal",H,1.0,II,50,1,free iron,accept,2024-04-09 07:52:00,2024-04-10 15:54:00,E-0156,20260106T061500Z-QE24M
RI-24-00768,S-045,anodized parts,P-11962-A,L24-0257,,456,PO-401912,2024-04-13,"Z1.4 single, normal",H,1.0,II,50,0,,accept,2024-04-09 11:18:00,2024-04-11 06:10:00,E-0156,20260106T061500Z-QE24M
RI-24-00769,S-003,bar,4140 bar 31.75 mm,,MC-00209,67,PO-477606,2024-04-11,"Z1.4 single, normal",E,1.0,II,13,0,,accept,2024-04-10 10:25:00,2024-04-11 12:45:00,E-0156,20260106T061500Z-QE24M
RI-24-00770,S-044,passivated parts,P-11301-A,L24-0272,,1071,PO-488826,2024-04-14,"Z1.4 single, normal",J,1.0,II,80,0,,accept,2024-04-10 12:19:00,2024-04-11 00:42:00,E-0156,20260106T061500Z-QE24M
RI-24-00771,S-051,casting,P-16870-A,,,700,PO-416141,2024-04-04,"Z1.4 single, normal",J,1.0,II,80,0,,accept,2024-04-10 09:50:00,2024-04-11 09:34:00,E-0155,20260106T061500Z-QE24M
RI-24-00772,S-053,casting,P-15926-A,,,360,PO-485838,2024-04-14,"Z1.4 single, normal",H,1.0,II,50,4,flash,accept,2024-04-10 14:06:00,2024-04-11 10:09:00,E-0155,20260106T061500Z-QE24M
RI-24-00773,S-057,purchased components,O-rings,,,4650,PO-479351,2024-04-11,"Z1.4 single, normal",L,1.0,II,200,0,,accept,2024-04-10 12:47:00,2024-04-12 10:04:00,E-0155,20260106T061500Z-QE24M
RI-24-00774,S-007,bar,303 bar 38.1 mm,,MC-00210,117,PO-427502,2024-04-14,"Z1.4 single, normal",F,1.0,II,8,0,,accept,2024-04-11 10:25:00,2024-04-13 04:19:00,E-0156,20260106T061500Z-QE24M
RI-24-00775,S-012,bar,6061 bar 19.05 mm,,MC-00211,24,PO-487038,2024-04-11,"Z1.4 single, normal",C,1.0,II,13,0,,accept,2024-04-11 10:16:00,2024-04-12 03:38:00,E-0155,20260106T061500Z-QE24M
RI-24-00776,S-015,plated parts,P-18813-A,L24-0269,,680,PO-463685,2024-04-11,"Z1.4 single, normal",J,1.0,II,80,0,,accept,2024-04-11 13:50:00,2024-04-13 02:09:00,E-0155,20260106T061500Z-QE24M
RI-24-00777,S-020,plated parts,P-10123-A,L24-0183,,1260,PO-419540,2024-04-13,"Z1.4 single, normal",K,1.0,II,125,0,,accept,2024-04-11 13:24:00,2024-04-13 04:37:00,E-0156,20260106T061500Z-QE24M
RI-24-00778,S-020,plated parts,P-12868-D,L24-0261,,728,PO-436472,2024-04-11,"Z1.4 single, normal",J,1.0,II,80,0,,accept,2024-04-11 10:30:00,2024-04-13 07:17:00,E-0155,20260106T061500Z-QE24M
RI-24-00779,S-035,heat-treated parts,P-18293-A,L24-0256,,441,PO-446507,2024-04-13,"Z1.4 single, normal",H,1.0,II,50,0,,accept,2024-04-11 10:34:00,2024-04-12 07:31:00,E-0156,20260106T061500Z-QE24M
RI-24-00780,S-037,passivated parts,P-16056-D,L24-0258,,878,PO-442491,2024-04-14,"Z1.4 single, normal",J,1.0,II,80,1,staining,accept,2024-04-11 12:45:00,2024-04-11 19:07:00,E-0156,20260106T061500Z-QE24M
RI-24-00781,S-048,anodized parts,P-13863-B,L24-0230,,1290,PO-408106,2024-04-12,"Z1.4 single, normal",K,1.0,II,125,0,,accept,2024-04-11 14:00:00,2024-04-12 13:37:00,E-0156,20260106T061500Z-QE24M
RI-24-00782,S-051,casting,P-11449-A,,,240,PO-409549,2024-04-13,"Z1.4 single, normal",G,1.0,II,50,1,dimension,accept,2024-04-11 08:23:00,2024-04-11 15:06:00,E-0155,20260106T061500Z-QE24M
RI-24-00783,S-051,casting,P-11494-C,,,700,PO-421901,2024-04-10,"Z1.4 single, normal",J,1.0,II,80,0,,accept,2024-04-11 09:43:00,2024-04-11 18:11:00,E-0156,20260106T061500Z-QE24M
RI-24-00784,S-002,bar,1045 bar 38.1 mm,,MC-00212,67,PO-468288,2024-04-13,"Z1.4 single, normal",E,1.0,II,13,0,,accept,2024-04-12 12:16:00,2024-04-13 04:26:00,E-0156,20260106T061500Z-QE24M
RI-24-00785,S-003,bar,4140 bar 25.4 mm,,MC-00215,39,PO-406748,2024-04-12,"Z1.4 single, normal",D,1.0,II,13,0,,accept,2024-04-12 12:16:00,2024-04-12 22:20:00,E-0155,20260106T061500Z-QE24M
RI-24-00786,S-003,bar,4140 bar 63.5 mm,,MC-00216,74,PO-482237,2024-04-12,"Z1.4 single, normal",E,1.0,II,13,0,,accept,2024-04-12 12:34:00,2024-04-12 18:45:00,E-0156,20260106T061500Z-QE24M
RI-24-00787,S-006,bar,303 bar 19.05 mm,,MC-00213,73,PO-480730,2024-04-15,"Z1.4 single, normal",E,1.0,II,5,0,,accept,2024-04-12 12:57:00,2024-04-13 16:46:00,E-0155,20260106T061500Z-QE24M
RI-24-00788,S-008,bar,304 bar 31.75 mm,,MC-00214,51,PO-415216,2024-04-13,"Z1.4 single, normal",E,1.0,II,13,0,,accept,2024-04-12 14:47:00,2024-04-13 23:34:00,E-0155,20260106T061500Z-QE24M
RI-24-00789,S-030,heat-treated parts,P-10365-A,L24-0232,,1800,PO-413936,2024-04-13,"Z1.4 single, normal",K,1.0,II,125,0,,accept,2024-04-12 11:36:00,2024-04-13 12:36:00,E-0156,20260106T061500Z-QE24M
RI-24-00790,S-039,passivated parts,P-12645-A,L24-0213,,1617,PO-491144,2024-04-09,"Z1.4 single, normal",K,1.0,II,58,0,,accept,2024-04-12 09:20:00,2024-04-12 11:01:00,E-0156,20260106T061500Z-QE24M
RI-24-00791,S-040,passivated parts,P-17004-D,L24-0262,,992,PO-418411,2024-04-15,"Z1.4 single, normal",J,1.0,II,80,0,,accept,2024-04-12 10:46:00,2024-04-14 06:21:00,E-0156,20260106T061500Z-QE24M
RI-24-00792,S-051,casting,P-10680-D,,,140,PO-474573,2024-04-18,"Z1.4 single, normal",F,1.0,II,13,0,,accept,2024-04-14 13:00:00,2024-04-14 15:22:00,E-0155,20260106T061500Z-QE24M
RI-24-00793,S-051,casting,P-16080-A,,,450,PO-468384,2024-04-14,"Z1.4 single, normal",H,1.0,II,50,0,,accept,2024-04-14 10:47:00,2024-04-14 11:41:00,E-0155,20260106T061500Z-QE24M
RI-24-00794,S-001,bar,1018 bar 25.4 mm,,MC-00217,114,PO-447172,2024-04-18,"Z1.4 single, normal",F,1.0,II,13,0,,accept,2024-04-15 07:13:00,2024-04-15 09:39:00,E-0155,20260106T061500Z-QE24M
RI-24-00795,S-003,bar,4140 bar 25.4 mm,,MC-00219,83,PO-460809,2024-04-17,"Z1.4 single, normal",E,1.0,II,13,0,,accept,2024-04-15 13:12:00,2024-04-15 21:32:00,E-0156,20260106T061500Z-QE24M
RI-24-00796,S-003,bar,4140 bar 63.5 mm,,MC-00220,65,PO-459937,2024-04-19,"Z1.4 single, normal",E,1.0,II,13,0,,accept,2024-04-15 12:00:00,2024-04-16 23:06:00,E-0155,20260106T061500Z-QE24M
RI-24-00797,S-005,bar,8620 bar 19.05 mm,,MC-00221,60,PO-466207,2024-04-09,"Z1.4 single, normal",E,1.0,II,13,0,,accept,2024-04-15 07:53:00,2024-04-15 15:03:00,E-0156,20260106T061500Z-QE24M
RI-24-00798,S-005,bar,8620 bar 25.4 mm,,MC-00222,108,PO-496887,2024-04-09,"Z1.4 single, normal",F,1.0,II,13,0,,accept,2024-04-15 07:29:00,2024-04-15 13:21:00,E-0155,20260106T061500Z-QE24M
RI-24-00799,S-006,bar,303 bar 19.05 mm,,MC-00218,80,PO-403868,2024-04-18,"Z1.4 single, normal",E,1.0,II,13,0,,accept,2024-04-15 07:40:00,2024-04-17 03:35:00,E-0156,20260106T061500Z-QE24M
RI-24-00800,S-017,plated parts,P-14928-A,L24-0209,,1438,PO-478955,2024-04-14,"Z1.4 single, normal",K,1.0,II,125,5,plating thickness,reject,2024-04-15 09:40:00,2024-04-15 15:03:00,E-0155,20260106T061500Z-QE24M
RI-24-00801,S-019,plated parts,P-18338-C,L24-0277,,1002,PO-432078,2024-04-18,"Z1.4 single, normal",J,1.0,II,80,0,,accept,2024-04-15 13:03:00,2024-04-15 16:31:00,E-0156,20260106T061500Z-QE24M
RI-24-00802,S-020,plated parts,P-16900-D,L24-0168,,1880,PO-474374,2024-04-17,"Z1.4 single, normal",K,1.0,II,125,1,blisters,accept,2024-04-15 13:37:00,2024-04-17 06:59:00,E-0155,20260106T061500Z-QE24M
RI-24-00803,S-021,plated parts,P-11413-A,L24-0243,,268,PO-424918,2024-04-09,"Z1.4 single, normal",G,1.0,II,50,0,,accept,2024-04-15 07:11:00,2024-04-15 15:03:00,E-0155,20260106T061500Z-QE24M
RI-24-00804,S-022,plated parts,P-18406-A,L24-0202,,1374,PO-469686,2024-04-17,"Z1.4 single, normal",K,1.0,II,125,0,,accept,2024-04-15 12:28:00,2024-04-17 09:34:00,E-0156,20260106T061500Z-QE24M
RI-24-00805,S-022,plated parts,P-11490-A,L24-0217,,193,PO-480307,2024-04-16,"Z1.4 single, normal",G,1.0,II,28,0,,accept,2024-04-15 12:08:00,2024-04-17 05:23:00,E-0156,20260106T061500Z-QE24M
RI-24-00806,S-022,plated parts,P-16870-A,L24-0250,,342,PO-411691,2024-04-15,"Z1.4 single, normal",H,1.0,II,38,0,,accept,2024-04-15 12:52:00,2024-04-17 05:11:00,E-0156,20260106T061500Z-QE24M
RI-24-00807,S-023,plated parts,P-14212-C,L24-0247,,818,PO-476953,2024-04-17,"Z1.4 single, normal",J,1.0,II,80,1,adhesion,accept,2024-04-15 13:49:00,2024-04-16 16:10:00,E-0155,20260106T061500Z-QE24M
RI-24-00808,S-026,plated parts,P-12878-C,L24-0204,,733,PO-494220,2024-04-16,"Z1.4 single, normal",J,1.0,II,80,0,,accept,2024-04-15 10:57:00,2024-04-16 06:15:00,E-0155,20260106T061500Z-QE24M
RI-24-00809,S-026,plated parts,P-13669-A,L24-0273,,412,PO-455897,2024-04-19,"Z1.4 single, normal",H,1.0,II,50,0,,accept,2024-04-15 14:55:00,2024-04-17 00:09:00,E-0155,20260106T061500Z-QE24M
RI-24-00810,S-033,heat-treated parts,P-18159-A,L24-0242,,1552,PO-401793,2024-04-18,"Z1.4 single, normal",K,1.0,II,125,2,hardness high,accept,2024-04-15 12:31:00,2024-04-16 12:25:00,E-0156,20260106T061500Z-QE24M
RI-24-00811,S-034,heat-treated parts,P-18269-B,L23-1393,,977,PO-440680,2024-04-15,"Z1.4 single, normal",J,1.0,II,80,0,,accept,2024-04-15 12:47:00,2024-04-16 20:41:00,E-0156,20260106T061500Z-QE24M
RI-24-00812,S-036,heat-treated parts,P-13149-C,L24-0219,,3011,PO-476965,2024-04-18,"Z1.4 single, normal",K,1.0,II,52,0,,accept,2024-04-15 09:09:00,2024-04-17 02:25:00,E-0155,20260106T061500Z-QE24M
RI-24-00813,S-037,passivated parts,P-17841-B,L24-0239,,888,PO-454726,2024-04-16,"Z1.4 single, normal",J,1.0,II,80,0,,accept,2024-04-15 09:58:00,2024-04-16 15:24:00,E-0156,20260106T061500Z-QE24M
RI-24-00814,S-040,passivated parts,P-17974-C,L24-0188,,3353,PO-469196,2024-04-19,"Z1.4 single, normal",L,1.0,II,200,6,staining,reject,2024-04-15 09:52:00,2024-04-15 23:17:00,E-0156,20260106T061500Z-QE24M
RI-24-00815,S-040,passivated parts,P-11265-A,L24-0248,,1106,PO-465262,2024-04-19,"Z1.4 single, normal",J,1.0,II,80,1,free iron,accept,2024-04-15 09:57:00,2024-04-16 07:13:00,E-0156,20260106T061500Z-QE24M
RI-24-00816,S-041,passivated parts,P-10729-A,L24-0283,,1081,PO-421544,2024-04-17,"Z1.4 single, normal",J,1.0,II,80,4,free iron,accept,2024-04-15 09:24:00,2024-04-17 03:17:00,E-0155,20260106T061500Z-QE24M
RI-24-00817,S-042,passivated parts,P-17609-A,L24-0246,,451,PO-442381,2024-04-16,"Z1.4 single, normal",H,1.0,II,50,0,,accept,2024-04-15 10:02:00,2024-04-15 19:41:00,E-0156,20260106T061500Z-QE24M
RI-24-00818,S-042,passivated parts,P-11681-A,L24-0249,,744,PO-414603,2024-04-18,"Z1.4 single, normal",J,1.0,II,80,0,,accept,2024-04-15 07:31:00,2024-04-15 15:08:00,E-0155,20260106T061500Z-QE24M
RI-24-00819,S-042,passivated parts,P-11831-D,L24-0254,,565,PO-481306,2024-04-18,"Z1.4 single, normal",J,1.0,II,80,1,staining,accept,2024-04-15 09:44:00,2024-04-17 07:43:00,E-0156,20260106T061500Z-QE24M
RI-24-00820,S-044,passivated parts,P-11173-A,L24-0270,,2406,PO-494879,2024-04-18,"Z1.4 single, normal",K,1.0,II,125,2,free iron,accept,2024-04-15 10:16:00,2024-04-15 13:12:00,E-0156,20260106T061500Z-QE24M
RI-24-00821,S-048,anodized parts,P-11950-A,L24-0253,,903,PO-400650,2024-04-18,"Z1.4 single, normal",J,1.0,II,61,0,,accept,2024-04-15 12:28:00,2024-04-16 19:01:00,E-0155,20260106T061500Z-QE24M
RI-24-00822,S-051,casting,P-17158-A,,,590,PO-479717,2024-04-15,"Z1.4 single, normal",J,1.0,II,80,0,,accept,2024-04-15 14:10:00,2024-04-15 14:46:00,E-0156,20260106T061500Z-QE24M
RI-24-00823,S-053,casting,P-15861-B,,,540,PO-470404,2024-04-19,"Z1.4 single, normal",J,1.0,II,80,2,flash,accept,2024-04-15 14:38:00,2024-04-16 00:16:00,E-0155,20260106T061500Z-QE24M
RI-24-00824,S-001,bar,1018 bar 25.4 mm,,MC-00223,101,PO-415769,2024-04-16,"Z1.4 single, normal",F,1.0,II,6,0,,accept,2024-04-16 07:32:00,2024-04-17 05:11:00,E-0155,20260106T061500Z-QE24M
RI-24-00825,S-005,bar,8620 bar 19.05 mm,,MC-00225,79,PO-468027,2024-04-17,"Z1.4 single, normal",E,1.0,II,13,0,,accept,2024-04-16 11:13:00,2024-04-17 11:27:00,E-0156,20260106T061500Z-QE24M
RI-24-00826,S-006,bar,303 bar 19.05 mm,,MC-00224,47,PO-491057,2024-04-17,"Z1.4 single, normal",D,1.0,II,13,0,,accept,2024-04-16 07:56:00,2024-04-17 02:41:00,E-0156,20260106T061500Z-QE24M
RI-24-00827,S-016,plated parts,P-18420-D,L24-0224,,1056,PO-488957,2024-04-18,"Z1.4 single, normal",J,1.0,II,80,0,,accept,2024-04-16 09:51:00,2024-04-18 02:52:00,E-0155,20260106T061500Z-QE24M
RI-24-00828,S-018,plated parts,P-12907-D,L24-0214,,605,PO-427793,2024-04-19,"Z1.4 single, normal",J,1.0,II,80,0,,accept,2024-04-16 11:44:00,2024-04-17 00:01:00,E-0155,20260106T061500Z-QE24M
RI-24-00829,S-020,plated parts,P-12543-C,L24-0226,,878,PO-445551,2024-04-20,"Z1.4 single, normal",J,1.0,II,80,0,,accept,2024-04-16 12:04:00,2024-04-17 07:45:00,E-0156,20260106T061500Z-QE24M
RI-24-00830,S-031,heat-treated parts,P-11529-B,L24-0207,,2991,PO-450576,2024-04-17,"Z1.4 single, normal",K,1.0,II,125,1,hardness high,accept,2024-04-16 13:25:00,2024-04-18 11:20:00,E-0156,20260106T061500Z-QE24M
RI-24-00831,S-033,heat-treated parts,P-13045-B,L24-0291,,918,PO-430951,2024-04-19,"Z1.4 single, normal",J,1.0,II,80,0,,accept,2024-04-16 14:23:00,2024-04-18 09:21:00,E-0155,20260106T061500Z-QE24M
RI-24-00832,S-042,passivated parts,P-17901-A,L24-0218,,1022,PO-415125,2024-04-17,"Z1.4 single, normal",J,1.0,II,80,0,,accept,2024-04-16 09:08:00,2024-04-17 11:23:00,E-0155,20260106T061500Z-QE24M
RI-24-00833,S-044,passivated parts,P-19323-B,L24-0268,,1156,PO-445140,2024-04-20,"Z1.4 single, normal",J,1.0,II,80,0,,accept,2024-04-16 09:01:00,2024-04-17 21:09:00,E-0156,20260106T061500Z-QE24M
RI-24-00834,S-003,bar,4140 bar 31.75 mm,,MC-00227,58,PO-424044,2024-04-18,"Z1.4 single, normal",E,1.0,II,13,0,,accept,2024-04-17 07:11:00,2024-04-18 13:10:00,E-0156,20260106T061500Z-QE24M
RI-24-00835,S-011,bar,17-4 bar 38.1 mm,,MC-00226,43,PO-477098,2024-04-18,"Z1.4 single, normal",D,1.0,II,13,0,,accept,2024-04-17 07:50:00,2024-04-17 20:53:00,E-0155,20260106T061500Z-QE24M
RI-24-00836,S-017,plated parts,P-14918-A,L24-0285,,1667,PO-422936,2024-04-07,"Z1.4 single, normal",K,1.0,II,125,1,staining,accept,2024-04-17 11:05:00,2024-04-18 12:36:00,E-0155,20260106T061500Z-QE24M
RI-24-00837,S-036,heat-treated parts,P-14992-A,L24-0263,,1557,PO-433175,2024-04-15,"Z1.4 single, normal",K,1.0,II,125,0,,accept,2024-04-17 14:15:00,2024-04-19 06:16:00,E-0156,20260106T061500Z-QE24M
RI-24-00838,S-016,plated parts,P-18293-A,L24-0256,,441,PO-436769,2024-04-19,"Z1.4 single, normal",H,1.0,II,50,0,,accept,2024-04-18 07:37:00,2024-04-18 17:50:00,E-0156,20260106T061500Z-QE24M
RI-24-00839,S-023,plated parts,P-14350-D,L24-0252,,1463,PO-448764,2024-04-22,"Z1.4 single, normal",K,1.0,II,78,0,,accept,2024-04-18 13:38:00,2024-04-19 01:21:00,E-0156,20260106T061500Z-QE24M
RI-24-00840,S-039,passivated parts,P-16147-A,L24-0275,,818,PO-472527,2024-04-18,"Z1.4 single, normal",J,1.0,II,36,1,free iron,accept,2024-04-18 11:40:00,2024-04-20 11:02:00,E-0156,20260106T061500Z-QE24M
RI-24-00841,S-039,passivated parts,P-17014-A,L24-0287,,992,PO-468058,2024-04-13,"Z1.4 single, normal",J,1.0,II,80,1,staining,accept,2024-04-18 14:50:00,2024-04-18 17:20:00,E-0155,20260106T061500Z-QE24M
RI-24-00842,S-043,passivated parts,P-17881-C,L24-0255,,575,PO-428272,2024-04-18,"Z1.4 single, normal",J,1.0,II,80,0,,accept,2024-04-18 14:47:00,2024-04-20 07:09:00,E-0155,20260106T061500Z-QE24M
RI-24-00843,S-044,passivated parts,P-11724-A,L24-0265,,1513,PO-448102,2024-04-20,"Z1.4 single, normal",K,1.0,II,64,1,staining,accept,2024-04-18 12:17:00,2024-04-20 01:57:00,E-0155,20260106T061500Z-QE24M
RI-24-00844,S-051,casting,P-10775-A,,,460,PO-410758,2024-04-20,"Z1.4 single, normal",H,1.0,II,50,1,porosity,accept,2024-04-18 09:13:00,2024-04-19 18:46:00,E-0156,20260106T061500Z-QE24M
RI-24-00845,S-001,bar,1018 bar 19.05 mm,,MC-00228,113,PO-433510,2024-04-23,"Z1.4 single, normal",F,1.0,II,13,0,,accept,2024-04-19 14:25:00,2024-04-20 01:17:00,E-0156,20260106T061500Z-QE24M
RI-24-00846,S-011,bar,17-4 bar 25.4 mm,,MC-00229,73,PO-453848,2024-04-21,"Z1.4 single, normal",E,1.0,II,13,0,,accept,2024-04-19 07:20:00,2024-04-20 03:11:00,E-0155,20260106T061500Z-QE24M
RI-24-00847,S-023,plated parts,P-14108-A,L24-0245,,1647,PO-434523,2024-04-19,"Z1.4 single, normal",K,1.0,II,125,0,,accept,2024-04-19 13:22:00,2024-04-20 08:31:00,E-0156,20260106T061500Z-QE24M
RI-24-00848,S-024,plated parts,P-14292-A,L24-0228,,699,PO-449690,2024-04-20,"Z1.4 single, normal",J,1.0,II,80,0,,accept,2024-04-19 14:46:00,2024-04-21 03:21:00,E-0155,20260106T061500Z-QE24M
RI-24-00849,S-027,heat-treated parts,P-18234-B,L24-0284,,992,PO-435839,2024-04-23,"Z1.4 single, normal",J,1.0,II,46,0,,accept,2024-04-19 12:48:00,2024-04-21 07:30:00,E-0155,20260106T061500Z-QE24M
RI-24-00850,S-031,heat-treated parts,P-15009-A,L24-0259,,3224,PO-464536,2024-04-22,"Z1.4 single, normal",L,1.0,II,200,0,,accept,2024-04-19 10:41:00,2024-04-20 04:23:00,E-0155,20260106T061500Z-QE24M
RI-24-00851,S-033,heat-treated parts,P-16933-A,L24-0267,,1017,PO-410202,2024-04-23,"Z1.4 single, normal",J,1.0,II,80,0,,accept,2024-04-19 07:31:00,2024-04-19 14:58:00,E-0156,20260106T061500Z-QE24M
RI-24-00852,S-048,anodized parts,P-12016-A,L24-0266,,932,PO-472435,2024-04-22,"Z1.4 single, normal",J,1.0,II,80,0,,accept,2024-04-19 12:00:00,2024-04-20 23:50:00,E-0156,20260106T061500Z-QE24M
RI-24-00853,S-057,purchased components,threaded inserts,,,1850,PO-423208,2024-04-18,"Z1.4 single, normal",K,1.0,II,125,0,,accept,2024-04-21 13:50:00,2024-04-21 19:17:00,E-0155,20260106T061500Z-QE24M
RI-24-00854,S-001,bar,1018 bar 19.05 mm,,MC-00230,66,PO-403259,2024-04-25,"Z1.4 single, normal",E,1.0,II,13,0,,accept,2024-04-22 12:59:00,2024-04-22 14:56:00,E-0155,20260106T061500Z-QE24M
RI-24-00855,S-003,bar,4140 bar 44.45 mm,,MC-00232,86,PO-475711,2024-04-24,"Z1.4 single, normal",E,1.0,II,13,0,,accept,2024-04-22 08:00:00,2024-04-24 05:49:00,E-0156,20260106T061500Z-QE24M
RI-24-00856,S-003,bar,4140 bar 63.5 mm,,MC-00233,29,PO-449942,2024-04-24,"Z1.4 single, normal",D,1.0,II,13,0,,accept,2024-04-22 14:21:00,2024-04-22 23:57:00,E-0156,20260106T061500Z-QE24M
RI-24-00857,S-007,bar,303 bar 19.05 mm,,MC-00231,66,PO-428636,2024-04-22,"Z1.4 single, normal",E,1.0,II,13,0,,accept,2024-04-22 14:42:00,2024-04-23 14:44:00,E-0155,20260106T061500Z-QE24M
RI-24-00858,S-015,plated parts,P-13045-B,L24-0291,,918,PO-499176,2024-04-17,"Z1.4 single, normal",J,1.0,II,80,0,,accept,2024-04-22 13:19:00,2024-04-23 03:56:00,E-0156,20260106T061500Z-QE24M
RI-24-00859,S-018,plated parts,P-18556-B,L24-0301,,312,PO-424399,2024-04-22,"Z1.4 single, normal",H,1.0,II,36,0,,accept,2024-04-22 07:54:00,2024-04-22 20:55:00,E-0156,20260106T061500Z-QE24M
RI-24-00860,S-020,plated parts,P-13158-A,L24-0215,,332,PO-419439,2024-04-25,"Z1.4 single, normal",H,1.0,II,50,0,,accept,2024-04-22 10:07:00,2024-04-23 14:39:00,E-0155,20260106T061500Z-QE24M
RI-24-00861,S-020,plated parts,P-18604-C,L24-0279,,1592,PO-405491,2024-04-22,"Z1.4 single, normal",K,1.0,II,125,1,staining,accept,2024-04-22 12:24:00,2024-04-23 23:20:00,E-0156,20260106T061500Z-QE24M
RI-24-00862,S-023,plated parts,P-18159-A,L24-0242,,1552,PO-492141,2024-04-25,"Z1.4 single, normal",K,1.0,II,125,0,,accept,2024-04-22 09:42:00,2024-04-23 04:58:00,E-0155,20260106T061500Z-QE24M
RI-24-00863,S-029,heat-treated parts,P-13138-C,L24-0289,,704,PO-422938,2024-04-23,"Z1.4 single, normal",J,1.0,II,80,0,,accept,2024-04-22 11:02:00,2024-04-24 01:24:00,E-0155,20260106T061500Z-QE24M
RI-24-00864,S-029,heat-treated parts,P-18202-A,L24-0312,,476,PO-453333,2024-04-22,"Z1.4 single, normal",H,1.0,II,38,0,,accept,2024-04-22 09:36:00,2024-04-23 09:21:00,E-0155,20260106T061500Z-QE24M
RI-24-00865,S-031,heat-treated parts,P-14421-C,L24-0281,,714,PO-404712,2024-04-25,"Z1.4 single, normal",J,1.0,II,53,0,,accept,2024-04-22 14:22:00,2024-04-24 11:24:00,E-0155,20260106T061500Z-QE24M
RI-24-00866,S-033,heat-treated parts,P-14108-A,L24-0293,,1756,PO-485757,2024-04-26,"Z1.4 single, normal",K,1.0,II,125,0,,accept,2024-04-22 13:28:00,2024-04-23 03:09:00,E-0155,20260106T061500Z-QE24M
RI-24-00867,S-039,passivated parts,P-11167-D,L24-0276,,1091,PO-437053,2024-04-26,"Z1.4 single, normal",J,1.0,II,80,1,free iron,accept,2024-04-22 10:37:00,2024-04-22 18:26:00,E-0156,20260106T061500Z-QE24M
RI-24-00868,S-042,passivated parts,P-11803-A,L24-0290,,521,PO-416821,2024-04-23,"Z1.4 single, normal",J,1.0,II,80,0,,accept,2024-04-22 07:34:00,2024-04-22 12:34:00,E-0156,20260106T061500Z-QE24M
RI-24-00869,S-042,passivated parts,P-16234-A,L24-0302,,972,PO-435060,2024-04-25,"Z1.4 single, normal",J,1.0,II,80,0,,accept,2024-04-22 12:12:00,2024-04-23 06:37:00,E-0155,20260106T061500Z-QE24M
RI-24-00870,S-043,passivated parts,P-11625-A,L24-0264,,481,PO-414357,2024-04-13,"Z1.4 single, normal",H,1.0,II,50,0,,accept,2024-04-22 08:39:00,2024-04-24 02:53:00,E-0155,20260106T061500Z-QE24M
RI-24-00871,S-044,passivated parts,P-16016-A,L24-0288,,312,PO-427867,2024-04-26,"Z1.4 single, normal",H,1.0,II,50,0,,accept,2024-04-22 12:10:00,2024-04-23 16:12:00,E-0155,20260106T061500Z-QE24M
RI-24-00872,S-044,passivated parts,P-16180-A,L24-0308,,744,PO-433346,2024-04-25,"Z1.4 single, normal",J,1.0,II,80,0,,accept,2024-04-22 12:24:00,2024-04-23 03:21:00,E-0155,20260106T061500Z-QE24M
RI-24-00873,S-044,passivated parts,P-17644-A,L24-0313,,565,PO-400211,2024-04-22,"Z1.4 single, normal",J,1.0,II,80,1,free iron,accept,2024-04-22 12:37:00,2024-04-23 20:59:00,E-0155,20260106T061500Z-QE24M
RI-24-00874,S-048,anodized parts,P-13948-B,L24-0292,,184,PO-416637,2024-04-24,"Z1.4 single, normal",G,1.0,II,33,0,,accept,2024-04-22 11:39:00,2024-04-23 13:31:00,E-0156,20260106T061500Z-QE24M
RI-24-00875,S-048,anodized parts,P-17255-D,L24-0295,,1438,PO-403136,2024-04-25,"Z1.4 single, normal",K,1.0,II,125,0,,accept,2024-04-22 14:27:00,2024-04-22 18:33:00,E-0155,20260106T061500Z-QE24M
RI-24-00876,S-048,anodized parts,P-17127-A,L24-0296,,913,PO-466938,2024-04-23,"Z1.4 single, normal",J,1.0,II,80,0,,accept,2024-04-22 14:43:00,2024-04-24 10:39:00,E-0156,20260106T061500Z-QE24M
RI-24-00877,S-004,bar,4140 bar 63.5 mm,,MC-00236,65,PO-459372,2024-04-26,"Z1.4 single, normal",E,1.0,II,13,0,,accept,2024-04-23 11:46:00,2024-04-23 16:48:00,E-0156,20260106T061500Z-QE24M
RI-24-00878,S-007,bar,303 bar 38.1 mm,,MC-00234,85,PO-412160,2024-04-26,"Z1.4 single, normal",E,1.0,II,13,1,diameter,accept,2024-04-23 08:25:00,2024-04-25 04:37:00,E-0156,20260106T061500Z-QE24M
RI-24-00879,S-009,bar,316 bar 25.4 mm,,MC-00235,54,PO-474200,2024-04-24,"Z1.4 single, normal",E,1.0,II,13,0,,accept,2024-04-23 08:28:00,2024-04-23 12:30:00,E-0156,20260106T061500Z-QE24M
RI-24-00880,S-016,plated parts,P-13149-C,L24-0219,,3011,PO-407421,2024-04-23,"Z1.4 single, normal",K,1.0,II,125,2,plating thickness,accept,2024-04-23 08:53:00,2024-04-23 20:59:00,E-0156,20260106T061500Z-QE24M
RI-24-00881,S-037,passivated parts,P-14499-A,L24-0319,,1096,PO-486473,2024-04-19,"Z1.4 single, normal",J,1.0,II,80,1,staining,accept,2024-04-23 11:34:00,2024-04-24 22:47:00,E-0155,20260106T061500Z-QE24M
RI-24-00882,S-038,passivated parts,P-15532-C,L24-0306,,2361,PO-475156,2024-04-26,"Z1.4 single, normal",K,1.0,II,125,1,free iron,accept,2024-04-23 09:25:00,2024-04-23 18:39:00,E-0155,20260106T061500Z-QE24M
RI-24-00883,S-039,passivated parts,P-17672-D,L24-0311,,1676,PO-468644,2024-04-27,"Z1.4 single, normal",K,1.0,II,125,1,free iron,accept,2024-04-23 10:06:00,2024-04-24 06:45:00,E-0155,20260106T061500Z-QE24M
RI-24-00884,S-040,passivated parts,P-11320-D,L24-0323,,1012,PO-496052,2024-04-23,"Z1.4 single, normal",J,1.0,II,80,0,,accept,2024-04-23 14:09:00,2024-04-23 20:00:00,E-0156,20260106T061500Z-QE24M
RI-24-00885,S-044,passivated parts,P-14524-A,L24-0300,,2743,PO-419090,2024-04-17,"Z1.4 single, normal",K,1.0,II,57,0,,accept,2024-04-23 14:48:00,2024-04-25 01:24:00,E-0155,20260106T061500Z-QE24M
RI-24-00886,S-045,anodized parts,P-12004-A,L24-0307,,853,PO-480655,2024-04-26,"Z1.4 single, normal",J,1.0,II,80,0,,accept,2024-04-23 10:54:00,2024-04-24 17:25:00,E-0155,20260106T061500Z-QE24M
RI-24-00887,S-046,anodized parts,P-17326-D,L24-0310,,1240,PO-436625,2024-04-26,"Z1.4 single, normal",K,1.0,II,125,1,color,accept,2024-04-23 11:23:00,2024-04-23 13:36:00,E-0156,20260106T061500Z-QE24M
RI-24-00888,S-006,bar,303 bar 50.8 mm,,MC-00237,46,PO-492538,2024-04-27,"Z1.4 single, normal",D,1.0,II,8,0,,accept,2024-04-24 12:39:00,2024-04-25 02:00:00,E-0155,20260106T061500Z-QE24M
RI-24-00889,S-010,bar,316 bar 25.4 mm,,MC-00238,96,PO-450730,2024-04-27,"Z1.4 single, normal",F,1.0,II,13,0,,accept,2024-04-24 07:14:00,2024-04-26 00:23:00,E-0156,20260106T061500Z-QE24M
RI-24-00890,S-017,plated parts,P-13431-A,L24-0299,,853,PO-493419,2024-04-26,"Z1.4 single, normal",J,1.0,II,80,4,staining,reject,2024-04-24 10:12:00,2024-04-26 05:13:00,E-0155,20260106T061500Z-QE24M
RI-24-00891,S-018,plated parts,P-14159-A,L24-0326,,283,PO-452832,2024-04-27,"Z1.4 single, normal",H,1.0,II,28,0,,accept,2024-04-24 07:02:00,2024-04-25 14:16:00,E-0155,20260106T061500Z-QE24M
RI-24-00892,S-032,heat-treated parts,P-18251-A,L24-0316,,932,PO-481932,2024-04-26,"Z1.4 single, normal",J,1.0,II,80,0,,accept,2024-04-24 11:56:00,2024-04-25 23:00:00,E-0156,20260106T061500Z-QE24M
RI-24-00893,S-038,passivated parts,P-15949-A,L23-1394,,1632,PO-478500,2024-04-25,"Z1.4 single, normal",K,1.0,II,125,0,,accept,2024-04-24 12:16:00,2024-04-24 22:33:00,E-0156,20260106T061500Z-QE24M
RI-24-00894,S-048,anodized parts,P-17046-A,L24-0294,,570,PO-481424,2024-04-25,"Z1.4 single, normal",J,1.0,II,80,0,,accept,2024-04-24 11:01:00,2024-04-24 21:08:00,E-0155,20260106T061500Z-QE24M
RI-24-00895,S-022,plated parts,P-18508-A,L24-0327,,739,PO-435930,2024-04-25,"Z1.4 single, normal",J,1.0,II,80,0,,accept,2024-04-25 11:43:00,2024-04-26 18:14:00,E-0156,20260106T061500Z-QE24M
RI-24-00896,S-029,heat-treated parts,P-18940-A,L24-0317,,655,PO-438748,2024-04-25,"Z1.4 single, normal",J,1.0,II,80,0,,accept,2024-04-25 07:45:00,2024-04-27 07:43:00,E-0156,20260106T061500Z-QE24M
RI-24-00897,S-037,passivated parts,P-19059-A,L24-0320,,947,PO-403657,2024-04-29,"Z1.4 single, normal",J,1.0,II,80,0,,accept,2024-04-25 07:20:00,2024-04-25 11:24:00,E-0156,20260106T061500Z-QE24M
RI-24-00898,S-051,casting,P-17202-A,,,140,PO-486682,2024-04-26,"Z1.4 single, normal",F,1.0,II,13,0,,accept,2024-04-25 07:37:00,2024-04-25 17:25:00,E-0156,20260106T061500Z-QE24M
RI-24-00899,S-003,bar,4140 bar 25.4 mm,,MC-00240,32,PO-434099,2024-04-26,"Z1.4 single, normal",D,1.0,II,13,0,,accept,2024-04-26 07:56:00,2024-04-27 11:17:00,E-0155,20260106T061500Z-QE24M
RI-24-00900,S-008,bar,304 bar 31.75 mm,,MC-00239,88,PO-408723,2024-04-27,"Z1.4 single, normal",E,1.0,II,13,0,,accept,2024-04-26 14:12:00,2024-04-26 17:03:00,E-0156,20260106T061500Z-QE24M
RI-24-00901,S-013,bar,7075 bar 25.4 mm,,MC-00241,71,PO-412533,2024-04-30,"Z1.4 single, normal",E,1.0,II,13,0,,accept,2024-04-26 14:31:00,2024-04-27 17:51:00,E-0155,20260106T061500Z-QE24M
RI-24-00902,S-018,plated parts,P-11529-B,L24-0207,,2991,PO-442290,2024-04-27,"Z1.4 single, normal",K,1.0,II,125,1,blisters,accept,2024-04-26 08:17:00,2024-04-27 05:00:00,E-0156,20260106T061500Z-QE24M
RI-24-00903,S-020,plated parts,P-10365-A,L24-0232,,1800,PO-443175,2024-04-27,"Z1.4 single, normal",K,1.0,II,70,0,,accept,2024-04-26 14:26:00,2024-04-27 04:11:00,E-0156,20260106T061500Z-QE24M
RI-24-00904,S-026,plated parts,P-18269-B,L23-1393,,977,PO-480251,2024-04-28,"Z1.4 single, normal",J,1.0,II,80,1,plating thickness,accept,2024-04-26 13:58:00,2024-04-27 02:55:00,E-0156,20260106T061500Z-QE24M
RI-24-00905,S-051,casting,P-16813-B,,,160,PO-442892,2024-04-27,"Z1.4 single, normal",G,1.0,II,50,1,dimension,accept,2024-04-27 08:06:00,2024-04-28 21:33:00,E-0155,20260106T061500Z-QE24M
RI-24-00906,S-053,casting,P-11923-A,,,460,PO-428219,2024-04-28,"Z1.4 single, normal",H,1.0,II,50,1,dimension,accept,2024-04-28 08:51:00,2024-04-30 06:18:00,E-0156,20260106T061500Z-QE24M
RI-24-00907,S-055,casting,P-15977-A,,,290,PO-459039,2024-05-02,"Z1.4 single, normal",H,1.0,II,50,1,flash,accept,2024-04-28 09:10:00,2024-04-28 13:10:00,E-0156,20260106T061500Z-QE24M
RI-24-00908,S-005,bar,8620 bar 19.05 mm,,MC-00245,67,PO-436101,2024-05-02,"Z1.4 single, normal",E,1.0,II,13,0,,accept,2024-04-29 10:05:00,2024-04-30 09:47:00,E-0156,20260106T061500Z-QE24M
RI-24-00909,S-008,bar,304 bar 25.4 mm,,MC-00242,26,PO-485485,2024-05-02,"Z1.4 single, normal",D,1.0,II,13,0,,accept,2024-04-29 10:27:00,2024-04-30 17:39:00,E-0156,20260106T061500Z-QE24M
RI-24-00910,S-008,bar,304 bar 31.75 mm,,MC-00243,86,PO-400399,2024-05-03,"Z1.4 single, normal",E,1.0,II,13,0,,accept,2024-04-29 09:11:00,2024-04-30 16:01:00,E-0155,20260106T061500Z-QE24M
RI-24-00911,S-013,bar,7075 bar 25.4 mm,,MC-00244,112,PO-430500,2024-05-01,"Z1.4 single, normal",F,1.0,II,13,0,,accept,2024-04-29 12:14:00,2024-05-01 12:05:00,E-0155,20260106T061500Z-QE24M
RI-24-00912,S-014,bar,Ti-6Al-4V bar 50.8 mm,,MC-00246,40,PO-445329,2024-05-03,"Z1.4 single, normal",D,1.0,II,13,0,,accept,2024-04-29 11:50:00,2024-05-01 05:37:00,E-0156,20260106T061500Z-QE24M
RI-24-00913,S-017,plated parts,P-14992-A,L24-0263,,1557,PO-479276,2024-05-01,"Z1.4 single, normal",K,1.0,II,125,0,,accept,2024-04-29 09:33:00,2024-04-30 07:47:00,E-0155,20260106T061500Z-QE24M
RI-24-00914,S-018,plated parts,P-15009-A,L24-0259,,3224,PO-421642,2024-04-29,"Z1.4 single, normal",L,1.0,II,132,0,,accept,2024-04-29 09:02:00,2024-04-29 19:14:00,E-0155,20260106T061500Z-QE24M
RI-24-00915,S-018,plated parts,P-18738-A,L24-0331,,308,PO-460314,2024-04-30,"Z1.4 single, normal",H,1.0,II,39,0,,accept,2024-04-29 08:19:00,2024-05-01 00:03:00,E-0155,20260106T061500Z-QE24M
RI-24-00916,S-023,plated parts,P-18628-B,L24-0341,,1086,PO-404546,2024-05-01,"Z1.4 single, normal",J,1.0,II,80,0,,accept,2024-04-29 14:27:00,2024-04-30 14:25:00,E-0156,20260106T061500Z-QE24M
RI-24-00917,S-026,plated parts,P-16933-A,L24-0267,,1017,PO-435805,2024-05-03,"Z1.4 single, normal",J,1.0,II,62,1,staining,accept,2024-04-29 11:18:00,2024-04-30 17:17:00,E-0155,20260106T061500Z-QE24M
RI-24-00918,S-030,heat-treated parts,P-10355-D,L24-0336,,303,PO-456568,2024-05-03,"Z1.4 single, normal",H,1.0,II,50,1,distortion,accept,2024-04-29 08:54:00,2024-04-29 21:46:00,E-0156,20260106T061500Z-QE24M
RI-24-00919,S-033,heat-treated parts,P-12828-B,L24-0298,,1321,PO-466101,2024-05-02,"Z1.4 single, normal",K,1.0,II,125,0,,accept,2024-04-29 10:40:00,2024-04-30 01:21:00,E-0155,20260106T061500Z-QE24M
RI-24-00920,S-034,heat-treated parts,P-13017-A,L24-0278,,4092,PO-413936,2024-04-30,"Z1.4 single, normal",L,1.0,II,200,1,distortion,accept,2024-04-29 07:40:00,2024-04-29 19:13:00,E-0155,20260106T061500Z-QE24M
RI-24-00921,S-036,heat-treated parts,P-13317-A,L24-0315,,908,PO-497402,2024-05-02,"Z1.4 single, normal",J,1.0,II,80,1,hardness low,accept,2024-04-29 14:58:00,2024-04-30 20:03:00,E-0155,20260106T061500Z-QE24M
RI-24-00922,S-037,passivated parts,P-17707-D,L24-0314,,1845,PO-431550,2024-05-02,"Z1.4 single, normal",K,1.0,II,125,1,staining,accept,2024-04-29 12:56:00,2024-04-30 20:16:00,E-0155,20260106T061500Z-QE24M
RI-24-00923,S-040,passivated parts,P-11871-A,L24-0280,,868,PO-402807,2024-04-30,"Z1.4 single, normal",J,1.0,II,80,2,free iron,accept,2024-04-29 13:04:00,2024-04-29 23:53:00,E-0155,20260106T061500Z-QE24M
RI-24-00924,S-040,passivated parts,P-16209-A,L24-0329,,1776,PO-447588,2024-05-02,"Z1.4 single, normal",K,1.0,II,125,1,staining,accept,2024-04-29 07:25:00,2024-04-29 19:06:00,E-0155,20260106T061500Z-QE24M
RI-24-00925,S-041,passivated parts,P-11642-D,L24-0309,,873,PO-485522,2024-04-29,"Z1.4 single, normal",J,1.0,II,80,0,,accept,2024-04-29 11:11:00,2024-04-29 15:37:00,E-0156,20260106T061500Z-QE24M
RI-24-00926,S-041,passivated parts,P-10607-C,L24-0335,,258,PO-441022,2024-04-24,"Z1.4 single, normal",G,1.0,II,50,1,free iron,accept,2024-04-29 12:47:00,2024-04-29 19:05:00,E-0155,20260106T061500Z-QE24M
RI-24-00927,S-042,passivated parts,P-19192-D,L24-0350,,541,PO-447397,2024-05-03,"Z1.4 single, normal",J,1.0,II,80,0,,accept,2024-04-29 11:48:00,2024-04-29 15:56:00,E-0155,20260106T061500Z-QE24M
RI-24-00928,S-045,anodized parts,P-17335-D,L24-0321,,293,PO-488064,2024-05-02,"Z1.4 single, normal",H,1.0,II,50,0,,accept,2024-04-29 10:41:00,2024-04-30 22:58:00,E-0156,20260106T061500Z-QE24M
RI-24-00929,S-051,casting,P-16839-B,,,240,PO-436376,2024-05-02,"Z1.4 single, normal",G,1.0,II,50,0,,accept,2024-04-29 13:52:00,2024-04-29 20:43:00,E-0155,20260106T061500Z-QE24M
RI-24-00930,S-008,bar,304 bar 25.4 mm,,MC-00247,37,PO-450766,2024-05-02,"Z1.4 single, normal",D,1.0,II,13,0,,accept,2024-04-30 07:51:00,2024-05-01 23:01:00,E-0155,20260106T061500Z-QE24M
RI-24-00931,S-013,bar,7075 bar 25.4 mm,,MC-00248,50,PO-415187,2024-05-03,"Z1.4 single, normal",D,1.0,II,13,0,,accept,2024-04-30 13:34:00,2024-05-01 22:34:00,E-0155,20260106T061500Z-QE24M
RI-24-00932,S-029,heat-treated parts,P-13648-A,L24-0286,,2346,PO-429364,2024-04-30,"Z1.4 single, normal",K,1.0,II,125,0,,accept,2024-04-30 14:12:00,2024-05-02 02:31:00,E-0156,20260106T061500Z-QE24M
RI-24-00933,S-041,passivated parts,P-10743-D,L24-0347,,268,PO-460706,2024-05-02,"Z1.4 single, normal",G,1.0,II,50,0,,accept,2024-04-30 10:45:00,2024-05-01 12:25:00,E-0155,20260106T061500Z-QE24M
RI-24-00934,S-005,bar,8620 bar 31.75 mm,,MC-00249,98,PO-434571,2024-05-01,"Z1.4 single, normal",F,1.0,II,8,0,,accept,2024-05-01 12:53:00,2024-05-01 23:16:00,E-0156,20260106T061500Z-QE24M
RI-24-00935,S-018,plated parts,P-18234-B,L24-0284,,992,PO-472675,2024-05-02,"Z1.4 single, normal",J,1.0,II,80,0,,accept,2024-05-01 13:28:00,2024-05-03 03:02:00,E-0156,20260106T061500Z-QE24M
RI-24-00936,S-020,plated parts,P-14421-C,L24-0281,,714,PO-455062,2024-05-02,"Z1.4 single, normal",J,1.0,II,80,0,,accept,2024-05-01 12:13:00,2024-05-01 23:59:00,E-0156,20260106T061500Z-QE24M
RI-24-00937,S-030,heat-treated parts,P-10928-A,L24-0305,,1056,PO-440608,2024-05-01,"Z1.4 single, normal",J,1.0,II,57,1,hardness high,accept,2024-05-01 08:33:00,2024-05-02 19:01:00,E-0156,20260106T061500Z-QE24M
RI-24-00938,S-032,heat-treated parts,P-18757-A,L24-0356,,501,PO-490567,2024-05-03,"Z1.4 single, normal",J,1.0,II,80,0,,accept,2024-05-01 10:13:00,2024-05-01 18:32:00,E-0156,20260106T061500Z-QE24M
RI-24-00939,S-036,heat-treated parts,P-13447-D,L24-0338,,1075,PO-465963,2024-05-03,"Z1.4 single, normal",J,1.0,II,80,0,,accept,2024-05-01 07:05:00,2024-05-01 12:06:00,E-0155,20260106T061500Z-QE24M
RI-24-00940,S-039,passivated parts,P-16150-B,L24-0352,,675,PO-489819,2024-05-01,"Z1.4 single, normal",J,1.0,II,80,0,,accept,2024-05-01 14:03:00,2024-05-02 13:20:00,E-0156,20260106T061500Z-QE24M
RI-24-00941,S-050,anodized parts,P-17282-B,L24-0330,,501,PO-407370,2024-05-03,"Z1.4 single, normal",J,1.0,II,80,0,,accept,2024-05-01 13:15:00,2024-05-02 03:54:00,E-0156,20260106T061500Z-QE24M
RI-24-00942,S-023,plated parts,P-14108-A,L24-0293,,1756,PO-484788,2024-05-02,"Z1.4 single, normal",K,1.0,II,125,0,,accept,2024-05-02 14:20:00,2024-05-03 09:04:00,E-0155,20260106T061500Z-QE24M
RI-24-00943,S-024,plated parts,P-18202-A,L24-0312,,476,PO-499637,2024-05-05,"Z1.4 single, normal",H,1.0,II,50,0,,accept,2024-05-02 10:13:00,2024-05-03 16:54:00,E-0156,20260106T061500Z-QE24M
RI-24-00944,S-036,heat-treated parts,P-13307-B,L24-0337,,814,PO-468837,2024-05-05,"Z1.4 single, normal",J,1.0,II,80,0,,accept,2024-05-02 14:14:00,2024-05-02 22:08:00,E-0155,20260106T061500Z-QE24M
RI-24-00945,S-040,passivated parts,P-12204-A,L24-0346,,258,PO-425286,2024-05-05,"Z1.4 single, normal",G,1.0,II,50,0,,accept,2024-05-02 08:13:00,2024-05-02 20:26:00,E-0156,20260106T061500Z-QE24M
RI-24-00946,S-042,passivated parts,P-11329-A,L24-0344,,1012,PO-422226,2024-05-06,"Z1.4 single, normal",J,1.0,II,80,0,,accept,2024-05-02 13:23:00,2024-05-02 22:46:00,E-0155,20260106T061500Z-QE24M
RI-24-00947,S-043,passivated parts,P-14843-C,L24-0343,,308,PO-413273,2024-05-03,"Z1.4 single, normal",H,1.0,II,50,0,,accept,2024-05-02 11:57:00,2024-05-03 00:01:00,E-0155,20260106T061500Z-QE24M
RI-24-00948,S-044,passivated parts,P-19209-C,L24-0349,,303,PO-448421,2024-05-06,"Z1.4 single, normal",H,1.0,II,30,0,,accept,2024-05-02 07:20:00,2024-05-03 00:48:00,E-0156,20260106T061500Z-QE24M
RI-24-00949,S-051,casting,P-10994-A,,,330,PO-416237,2024-04-25,"Z1.4 single, normal",H,1.0,II,50,1,flash,accept,2024-05-02 09:27:00,2024-05-04 03:24:00,E-0156,20260106T061500Z-QE24M
RI-24-00950,S-055,casting,P-11923-A,,,900,PO-430725,2024-05-03,"Z1.4 single, normal",J,1.0,II,80,0,,accept,2024-05-02 07:32:00,2024-05-04 00:21:00,E-0156,20260106T061500Z-QE24M
RI-24-00951,S-003,bar,4140 bar 38.1 mm,,MC-00250,47,PO-452427,2024-05-05,"Z1.4 single, normal",D,1.0,II,7,0,,accept,2024-05-03 10:15:00,2024-05-04 05:48:00,E-0155,20260106T061500Z-QE24M
RI-24-00952,S-025,plated parts,P-18251-A,L24-0316,,932,PO-482262,2024-05-06,"Z1.4 single, normal",J,1.0,II,80,0,,accept,2024-05-03 14:00:00,2024-05-04 09:28:00,E-0156,20260106T061500Z-QE24M
RI-24-00953,S-027,heat-treated parts,P-18051-D,L24-0333,,977,PO-463490,2024-05-07,"Z1.4 single, normal",J,1.0,II,80,1,distortion,accept,2024-05-03 11:40:00,2024-05-04 16:10:00,E-0155,20260106T061500Z-QE24M
RI-24-00954,S-029,heat-treated parts,P-16839-B,L24-0304,,2549,PO-415418,2024-05-03,"Z1.4 single, normal",K,1.0,II,125,0,,accept,2024-05-03 13:44:00,2024-05-04 20:55:00,E-0155,20260106T061500Z-QE24M
RI-24-00955,S-030,heat-treated parts,P-11033-A,L24-0364,,203,PO-404503,2024-05-05,"Z1.4 single, normal",G,1.0,II,50,3,hardness low,accept,2024-05-03 12:58:00,2024-05-04 14:11:00,E-0155,20260106T061500Z-QE24M
RI-24-00956,S-031,heat-treated parts,P-17764-A,L24-0361,,724,PO-404041,2024-05-07,"Z1.4 single, normal",J,1.0,II,80,0,,accept,2024-05-03 14:22:00,2024-05-04 16:06:00,E-0155,20260106T061500Z-QE24M
RI-24-00957,S-038,passivated parts,P-16219-B,L24-0348,,1052,PO-422389,2024-05-05,"Z1.4 single, normal",J,1.0,II,80,0,,accept,2024-05-03 10:38:00,2024-05-04 01:52:00,E-0156,20260106T061500Z-QE24M
RI-24-00958,S-040,passivated parts,P-16637-A,L24-0342,,466,PO-484464,2024-04-29,"Z1.4 single, normal",H,1.0,II,50,0,,accept,2024-05-03 10:53:00,2024-05-05 06:04:00,E-0156,20260106T061500Z-QE24M
RI-24-00959,S-044,passivated parts,P-16180-A,L24-0360,,759,PO-472434,2024-05-06,"Z1.4 single, normal",J,1.0,II,80,1,free iron,accept,2024-05-03 11:15:00,2024-05-04 19:37:00,E-0155,20260106T061500Z-QE24M
RI-24-00960,S-047,anodized parts,P-13926-A,L24-0274,,4990,PO-422636,2024-04-27,"Z1.4 single, normal",L,1.0,II,200,3,color,accept,2024-05-03 10:38:00,2024-05-04 23:41:00,E-0156,20260106T061500Z-QE24M
RI-24-00961,S-057,purchased components,O-rings,,,500,PO-408475,2024-05-05,"Z1.4 single, normal",H,1.0,II,30,1,damage,accept,2024-05-03 12:41:00,2024-05-04 02:33:00,E-0155,20260106T061500Z-QE24M
RI-24-00962,S-051,casting,P-16813-B,,,530,PO-426096,2024-05-06,"Z1.4 single, normal",J,1.0,II,80,1,porosity,accept,2024-05-04 08:35:00,2024-05-05 02:14:00,E-0155,20260106T061500Z-QE24M
RI-24-00963,S-051,casting,P-10711-C,,,370,PO-495019,2024-05-05,"Z1.4 single, normal",H,1.0,II,27,0,,accept,2024-05-05 14:31:00,2024-05-06 12:15:00,E-0156,20260106T061500Z-QE24M
RI-24-00964,S-010,bar,316 bar 31.75 mm,,MC-00251,65,PO-408782,2024-05-10,"Z1.4 single, normal",E,1.0,II,13,0,,accept,2024-05-06 09:10:00,2024-05-06 22:30:00,E-0155,20260106T061500Z-QE24M
RI-24-00965,S-014,bar,Ti-6Al-4V bar 19.05 mm,,MC-00252,36,PO-465904,2024-05-08,"Z1.4 single, normal",D,1.0,II,13,0,,accept,2024-05-06 07:47:00,2024-05-07 04:15:00,E-0156,20260106T061500Z-QE24M
RI-24-00966,S-018,plated parts,P-14103-B,L24-0358,,2614,PO-446398,2024-05-08,"Z1.4 single, normal",K,1.0,II,125,0,,accept,2024-05-06 12:27:00,2024-05-07 13:25:00,E-0155,20260106T061500Z-QE24M
RI-24-00967,S-019,plated parts,P-13138-C,L24-0289,,704,PO-435889,2024-05-10,"Z1.4 single, normal",J,1.0,II,80,0,,accept,2024-05-06 11:43:00,2024-05-07 18:50:00,E-0155,20260106T061500Z-QE24M
RI-24-00968,S-020,plated parts,P-18471-A,L24-0390,,466,PO-440541,2024-05-09,"Z1.4 single, normal",H,1.0,II,50,0,,accept,2024-05-06 08:35:00,2024-05-06 22:25:00,E-0156,20260106T061500Z-QE24M
RI-24-00969,S-021,plated parts,P-13193-A,L24-0339,,288,PO-477833,2024-05-10,"Z1.4 single, normal",H,1.0,II,50,0,,accept,2024-05-06 12:15:00,2024-05-07 09:06:00,E-0156,20260106T061500Z-QE24M
RI-24-00970,S-026,plated parts,P-13285-C,L24-0324,,2267,PO-405181,2024-05-10,"Z1.4 single, normal",K,1.0,II,125,1,plating thickness,accept,2024-05-06 11:29:00,2024-05-07 05:02:00,E-0155,20260106T061500Z-QE24M
RI-24-00971,S-031,heat-treated parts,P-12614-A,L24-0376,,585,PO-430704,2024-05-09,"Z1.4 single, normal",J,1.0,II,80,1,distortion,accept,2024-05-06 10:06:00,2024-05-08 04:41:00,E-0155,20260106T061500Z-QE24M
RI-24-00972,S-033,heat-treated parts,P-18703-A,L24-0334,,704,PO-437847,2024-05-08,"Z1.4 single, normal",J,1.0,II,80,0,,accept,2024-05-06 08:09:00,2024-05-08 02:19:00,E-0155,20260106T061500Z-QE24M
RI-24-00973,S-035,heat-treated parts,P-13783-A,L24-0345,,670,PO-472929,2024-05-09,"Z1.4 single, normal",J,1.0,II,45,0,,accept,2024-05-06 12:04:00,2024-05-06 20:59:00,E-0155,20260106T061500Z-QE24M
RI-24-00974,S-037,passivated parts,P-11768-A,L24-0318,,2867,PO-451099,2024-05-07,"Z1.4 single, normal",K,1.0,II,72,0,,accept,2024-05-06 12:17:00,2024-05-07 10:04:00,E-0155,20260106T061500Z-QE24M
RI-24-00975,S-037,passivated parts,P-16183-C,L24-0373,,1131,PO-445057,2024-05-06,"Z1.4 single, normal",J,1.0,II,80,1,staining,accept,2024-05-06 12:17:00,2024-05-07 11:03:00,E-0155,20260106T061500Z-QE24M
RI-24-00976,S-039,passivated parts,P-15615-C,L24-0357,,1151,PO-440648,2024-05-09,"Z1.4 single, normal",J,1.0,II,80,0,,accept,2024-05-06 12:03:00,2024-05-08 10:22:00,E-0156,20260106T061500Z-QE24M
RI-24-00977,S-040,passivated parts,P-12738-A,L24-0366,,347,PO-422719,2024-05-08,"Z1.4 single, normal",H,1.0,II,50,0,,accept,2024-05-06 11:24:00,2024-05-07 07:15:00,E-0156,20260106T061500Z-QE24M
RI-24-00978,S-041,passivated parts,P-10653-D,L24-0322,,273,PO-418753,2024-05-06,"Z1.4 single, normal",G,1.0,II,50,1,staining,accept,2024-05-06 10:50:00,2024-05-07 15:19:00,E-0155,20260106T061500Z-QE24M
RI-24-00979,S-045,anodized parts,P-17312-B,L24-0362,,481,PO-414738,2024-05-06,"Z1.4 single, normal",H,1.0,II,50,0,,accept,2024-05-06 10:43:00,2024-05-07 23:27:00,E-0156,20260106T061500Z-QE24M
RI-24-00980,S-048,anodized parts,P-11909-A,L24-0325,,1954,PO-450836,2024-05-08,"Z1.4 single, normal",K,1.0,II,125,0,,accept,2024-05-06 14:11:00,2024-05-07 01:01:00,E-0156,20260106T061500Z-QE24M
RI-24-00981,S-050,anodized parts,P-17100-A,L24-0332,,1265,PO-441358,2024-05-09,"Z1.4 single, normal",K,1.0,II,125,1,coating thickness,accept,2024-05-06 11:11:00,2024-05-06 18:23:00,E-0155,20260106T061500Z-QE24M
RI-24-00982,S-051,casting,P-10680-D,,,530,PO-445732,2024-05-01,"Z1.4 single, normal",J,1.0,II,80,0,,accept,2024-05-06 08:43:00,2024-05-07 15:32:00,E-0155,20260106T061500Z-QE24M
RI-24-00983,S-051,casting,P-17116-A,,,200,PO-485866,2024-05-07,"Z1.4 single, normal",G,1.0,II,50,1,porosity,accept,2024-05-06 08:26:00,2024-05-06 18:26:00,E-0156,20260106T061500Z-QE24M
RI-24-00984,S-002,bar,1045 bar 31.75 mm,,MC-00253,56,PO-423312,2024-05-09,"Z1.4 single, normal",E,1.0,II,13,0,,accept,2024-05-07 12:15:00,2024-05-09 10:54:00,E-0156,20260106T061500Z-QE24M
RI-24-00985,S-005,bar,8620 bar 25.4 mm,,MC-00254,119,PO-430736,2024-05-09,"Z1.4 single, normal",F,1.0,II,8,0,,accept,2024-05-07 07:13:00,2024-05-08 11:33:00,E-0155,20260106T061500Z-QE24M
RI-24-00986,S-017,plated parts,P-13317-A,L24-0315,,908,PO-466147,2024-05-09,"Z1.4 single, normal",J,1.0,II,80,3,staining,reject,2024-05-07 14:14:00,2024-05-07 18:00:00,E-0155,20260106T061500Z-QE24M
RI-24-00987,S-023,plated parts,P-18757-A,L24-0356,,501,PO-480321,2024-05-09,"Z1.4 single, normal",J,1.0,II,34,0,,accept,2024-05-07 07:12:00,2024-05-08 16:29:00,E-0155,20260106T061500Z-QE24M
RI-24-00988,S-025,plated parts,P-15270-A,L24-0385,,1364,PO-447088,2024-05-06,"Z1.4 single, normal",K,1.0,II,125,0,,accept,2024-05-07 14:21:00,2024-05-07 21:24:00,E-0156,20260106T061500Z-QE24M
RI-24-00989,S-033,heat-treated parts,P-14175-A,L24-0371,,739,PO-422309,2024-05-07,"Z1.4 single, normal",J,1.0,II,80,0,,accept,2024-05-07 12:29:00,2024-05-07 19:36:00,E-0156,20260106T061500Z-QE24M
RI-24-00990,S-040,passivated parts,P-16665-D,L24-0355,,1235,PO-435516,2024-05-11,"Z1.4 single, normal",K,1.0,II,125,2,staining,accept,2024-05-07 10:19:00,2024-05-09 04:42:00,E-0155,20260106T061500Z-QE24M
RI-24-00991,S-040,passivated parts,P-11163-D,L24-0375,,2182,PO-488573,2024-04-28,"Z1.4 single, normal",K,1.0,II,125,0,,accept,2024-05-07 14:09:00,2024-05-08 04:35:00,E-0156,20260106T061500Z-QE24M
RI-24-00992,S-044,passivated parts,P-11226-C,L24-0384,,1642,PO-464437,2024-05-11,"Z1.4 single, normal",K,1.0,II,51,0,,accept,2024-05-07 10:07:00,2024-05-08 09:15:00,E-0156,20260106T061500Z-QE24M
RI-24-00993,S-055,casting,P-10460-A,,,310,PO-456746,2024-05-10,"Z1.4 single, normal",H,1.0,II,50,0,,accept,2024-05-07 14:24:00,2024-05-08 13:19:00,E-0155,20260106T061500Z-QE24M
RI-24-00994,S-002,bar,1045 bar 31.75 mm,,MC-00255,32,PO-430005,2024-05-10,"Z1.4 single, normal",D,1.0,II,13,0,,accept,2024-05-08 13:12:00,2024-05-09 22:35:00,E-0155,20260106T061500Z-QE24M
RI-24-00995,S-004,bar,4140 bar 38.1 mm,,MC-00257,83,PO-426965,2024-05-09,"Z1.4 single, normal",E,1.0,II,9,0,,accept,2024-05-08 11:05:00,2024-05-08 12:52:00,E-0156,20260106T061500Z-QE24M
RI-24-00996,S-009,bar,316 bar 38.1 mm,,MC-00256,104,PO-432256,2024-05-10,"Z1.4 single, normal",F,1.0,II,13,0,,accept,2024-05-08 07:19:00,2024-05-09 21:28:00,E-0156,20260106T061500Z-QE24M
RI-24-00997,S-022,plated parts,P-13648-A,L24-0286,,2346,PO-492503,2024-05-10,"Z1.4 single, normal",K,1.0,II,125,0,,accept,2024-05-08 13:59:00,2024-05-09 10:58:00,E-0155,20260106T061500Z-QE24M
RI-24-00998,S-026,plated parts,P-18940-A,L24-0317,,655,PO-472159,2024-04-29,"Z1.4 single, normal",J,1.0,II,80,1,plating thickness,accept,2024-05-08 11:00:00,2024-05-10 02:49:00,E-0156,20260106T061500Z-QE24M
RI-24-00999,S-027,heat-treated parts,P-15261-A,L24-0365,,863,PO-434107,2024-05-11,"Z1.4 single, normal",J,1.0,II,80,3,hardness high,reject,2024-05-08 07:44:00,2024-05-09 02:27:00,E-0155,20260106T061500Z-QE24M
RI-24-01000,S-043,passivated parts,P-14629-A,L24-0393,,605,PO-460419,2024-05-08,"Z1.4 single, normal",J,1.0,II,80,1,staining,accept,2024-05-08 12:49:00,2024-05-08 23:57:00,E-0155,20260106T061500Z-QE24M
RI-24-01001,S-054,casting,P-15861-B,,,310,PO-425473,2024-05-02,"Z1.4 single, normal",H,1.0,II,50,0,,accept,2024-05-08 11:06:00,2024-05-08 22:46:00,E-0155,20260106T061500Z-QE24M
RI-24-01002,S-004,bar,4140 bar 38.1 mm,,MC-00258,91,PO-488937,2024-05-10,"Z1.4 single, normal",F,1.0,II,13,0,,accept,2024-05-09 10:14:00,2024-05-09 16:32:00,E-0155,20260106T061500Z-QE24M
RI-24-01003,S-013,bar,7075 bar 19.05 mm,,MC-00259,29,PO-434109,2024-05-10,"Z1.4 single, normal",D,1.0,II,9,0,,accept,2024-05-09 14:02:00,2024-05-11 01:02:00,E-0155,20260106T061500Z-QE24M
RI-24-01004,S-017,plated parts,P-13307-B,L24-0337,,814,PO-474108,2024-05-13,"Z1.4 single, normal",J,1.0,II,80,2,plating thickness,accept,2024-05-09 12:46:00,2024-05-11 07:24:00,E-0155,20260106T061500Z-QE24M
RI-24-01005,S-019,plated parts,P-10355-D,L24-0336,,303,PO-462662,2024-05-11,"Z1.4 single, normal",H,1.0,II,50,1,blisters,accept,2024-05-09 09:36:00,2024-05-09 23:08:00,E-0155,20260106T061500Z-QE24M
RI-24-01006,S-025,plated parts,P-14134-A,L24-0387,,1523,PO-488042,2024-05-09,"Z1.4 single, normal",K,1.0,II,125,1,plating thickness,accept,2024-05-09 11:28:00,2024-05-11 07:12:00,E-0156,20260106T061500Z-QE24M
RI-24-01007,S-042,passivated parts,P-15861-B,L24-0303,,3750,PO-459054,2024-05-13,"Z1.4 single, normal",L,1.0,II,200,1,free iron,accept,2024-05-09 10:10:00,2024-05-09 18:54:00,E-0156,20260106T061500Z-QE24M
RI-24-01008,S-044,passivated parts,P-12257-A,L24-0381,,655,PO-476590,2024-05-12,"Z1.4 single, normal",J,1.0,II,80,0,,accept,2024-05-09 08:33:00,2024-05-10 07:37:00,E-0155,20260106T061500Z-QE24M
RI-24-01009,S-045,anodized parts,P-14066-C,L24-0359,,516,PO-424397,2024-05-11,"Z1.4 single, normal",J,1.0,II,80,0,,accept,2024-05-09 10:34:00,2024-05-09 15:45:00,E-0156,20260106T061500Z-QE24M
RI-24-01010,S-048,anodized parts,P-17447-A,L24-0351,,2614,PO-456145,2024-05-10,"Z1.4 single, normal",K,1.0,II,125,1,coating thickness,accept,2024-05-09 09:50:00,2024-05-09 20:03:00,E-0155,20260106T061500Z-QE24M
RI-24-01011,S-057,purchased components,retaining rings,,,4800,PO-462663,2024-05-09,"Z1.4 single, normal",L,1.0,II,156,0,,accept,2024-05-09 07:44:00,2024-05-10 13:28:00,E-0155,20260106T061500Z-QE24M
RI-24-01012,S-004,bar,4140 bar 38.1 mm,,MC-00260,120,PO-475589,2024-05-14,"Z1.4 single, normal",F,1.0,II,13,0,,accept,2024-05-10 10:25:00,2024-05-11 06:32:00,E-0155,20260106T061500Z-QE24M
RI-24-01013,S-021,plated parts,P-18620-A,L24-0388,,903,PO-402039,2024-05-11,"Z1.4 single, normal",J,1.0,II,80,2,blisters,accept,2024-05-10 11:30:00,2024-05-12 02:45:00,E-0156,20260106T061500Z-QE24M
RI-24-01014,S-033,heat-treated parts,P-11373-D,L24-0369,,258,PO-419105,2024-05-11,"Z1.4 single, normal",G,1.0,II,50,0,,accept,2024-05-10 07:59:00,2024-05-12 07:56:00,E-0156,20260106T061500Z-QE24M
RI-24-01015,S-033,heat-treated parts,P-15211-C,L24-0372,,1508,PO-447942,2024-05-14,"Z1.4 single, normal",K,1.0,II,125,0,,accept,2024-05-10 10:54:00,2024-05-11 09:26:00,E-0155,20260106T061500Z-QE24M
RI-24-01016,S-035,heat-treated parts,P-18824-A,L24-0397,,640,PO-428895,2024-05-14,"Z1.4 single, normal",J,1.0,II,80,0,,accept,2024-05-10 09:03:00,2024-05-10 10:18:00,E-0155,20260106T061500Z-QE24M
RI-24-01017,S-041,passivated parts,P-10761-A,L23-1395,,1171,PO-466401,2024-05-13,"Z1.4 single, normal",J,1.0,II,80,2,staining,accept,2024-05-10 12:37:00,2024-05-11 18:05:00,E-0156,20260106T061500Z-QE24M
RI-24-01018,S-046,anodized parts,P-14063-D,L24-0353,,1047,PO-430310,2024-05-13,"Z1.4 single, normal",J,1.0,II,80,0,,accept,2024-05-10 13:21:00,2024-05-11 08:11:00,E-0155,20260106T061500Z-QE24M
RI-24-01019,S-058,purchased components,O-rings,,,1350,PO-428315,2024-05-12,"Z1.4 single, normal",K,1.0,II,125,0,,accept,2024-05-10 10:04:00,2024-05-11 02:35:00,E-0156,20260106T061500Z-QE24M
RI-24-01020,S-051,casting,P-10887-B,,,740,PO-491957,2024-05-14,"Z1.4 single, normal",J,1.0,II,80,2,porosity,accept,2024-05-12 11:16:00,2024-05-12 15:38:00,E-0156,20260106T061500Z-QE24M
RI-24-01021,S-058,purchased components,O-rings,,,2300,PO-453970,2024-05-14,"Z1.4 single, normal",K,1.0,II,125,0,,accept,2024-05-12 12:00:00,2024-05-14 08:44:00,E-0156,20260106T061500Z-QE24M
RI-24-01022,S-058,purchased components,dowel pins,,,400,PO-471102,2024-05-12,"Z1.4 single, normal",H,1.0,II,50,1,thread,accept,2024-05-12 13:51:00,2024-05-14 00:52:00,E-0155,20260106T061500Z-QE24M
RI-24-01023,S-010,bar,316 bar 31.75 mm,,MC-00261,71,PO-439290,2024-05-16,"Z1.4 single, normal",E,1.0,II,13,0,,accept,2024-05-13 08:13:00,2024-05-13 20:39:00,E-0155,20260106T061500Z-QE24M
RI-24-01024,S-017,plated parts,P-13447-D,L24-0338,,1075,PO-435423,2024-05-13,"Z1.4 single, normal",J,1.0,II,80,0,,accept,2024-05-13 13:34:00,2024-05-15 08:08:00,E-0156,20260106T061500Z-QE24M
RI-24-01025,S-017,plated parts,P-14966-D,L24-0368,,1473,PO-457868,2024-05-16,"Z1.4 single, normal",K,1.0,II,125,1,staining,accept,2024-05-13 09:19:00,2024-05-13 23:52:00,E-0156,20260106T061500Z-QE24M
RI-24-01026,S-018,plated parts,P-13017-A,L24-0278,,4092,PO-451318,2024-05-05,"Z1.4 single, normal",L,1.0,II,200,0,,accept,2024-05-13 14:56:00,2024-05-13 19:45:00,E-0156,20260106T061500Z-QE24M
RI-24-01027,S-020,plated parts,P-12828-B,L24-0298,,1321,PO-464284,2024-05-14,"Z1.4 single, normal",K,1.0,II,125,0,,accept,2024-05-13 07:57:00,2024-05-13 18:12:00,E-0156,20260106T061500Z-QE24M
RI-24-01028,S-023,plated parts,P-18703-A,L24-0334,,704,PO-462219,2024-05-17,"Z1.4 single, normal",J,1.0,II,80,0,,accept,2024-05-13 12:05:00,2024-05-15 05:10:00,E-0155,20260106T061500Z-QE24M
RI-24-01029,S-027,heat-treated parts,P-13806-A,L24-0377,,1543,PO-471728,2024-05-16,"Z1.4 single, normal",K,1.0,II,125,0,,accept,2024-05-13 12:34:00,2024-05-15 10:43:00,E-0155,20260106T061500Z-QE24M
RI-24-01030,S-027,heat-treated parts,P-15200-C,L24-0403,,1424,PO-422001,2024-05-17,"Z1.4 single, normal",K,1.0,II,125,0,,accept,2024-05-13 10:34:00,2024-05-14 14:17:00,E-0155,20260106T061500Z-QE24M
RI-24-01031,S-030,heat-treated parts,P-10887-B,L24-0408,,541,PO-466446,2024-05-14,"Z1.4 single, normal",J,1.0,II,55,1,hardness high,accept,2024-05-13 10:26:00,2024-05-14 15:51:00,E-0155,20260106T061500Z-QE24M
RI-24-01032,S-031,heat-treated parts,P-18065-A,L24-0367,,1146,PO-491034,2024-05-17,"Z1.4 single, normal",J,1.0,II,80,1,hardness low,accept,2024-05-13 11:39:00,2024-05-13 22:51:00,E-0156,20260106T061500Z-QE24M
RI-24-01033,S-034,heat-treated parts,P-12338-A,L24-0415,,1404,PO-440828,2024-05-13,"Z1.4 single, normal",K,1.0,II,125,0,,accept,2024-05-13 14:36:00,2024-05-14 11:58:00,E-0156,20260106T061500Z-QE24M
RI-24-01034,S-035,heat-treated parts,P-16863-B,L24-0383,,769,PO-486509,2024-05-14,"Z1.4 single, normal",J,1.0,II,55,0,,accept,2024-05-13 13:35:00,2024-05-15 10:47:00,E-0156,20260106T061500Z-QE24M
RI-24-01035,S-036,heat-treated parts,P-14117-A,L24-0389,,1032,PO-476291,2024-05-03,"Z1.4 single, normal",J,1.0,II,80,0,,accept,2024-05-13 11:22:00,2024-05-14 02:29:00,E-0156,20260106T061500Z-QE24M
RI-24-01036,S-036,heat-treated parts,P-14168-B,L24-0399,,952,PO-453038,2024-05-15,"Z1.4 single, normal",J,1.0,II,80,0,,accept,2024-05-13 11:05:00,2024-05-13 14:43:00,E-0156,20260106T061500Z-QE24M
RI-24-01037,S-039,passivated parts,P-11347-A,L24-0374,,1131,PO-490437,2024-05-16,"Z1.4 single, normal",J,1.0,II,48,0,,accept,2024-05-13 13:19:00,2024-05-15 11:28:00,E-0155,20260106T061500Z-QE24M
RI-24-01038,S-040,passivated parts,P-14773-A,L24-0386,,1007,PO-467614,2024-05-15,"Z1.4 single, normal",J,1.0,II,32,1,free iron,accept,2024-05-13 08:42:00,2024-05-14 17:17:00,E-0156,20260106T061500Z-QE24M
RI-24-01039,S-043,passivated parts,P-15789-B,L24-0391,,1270,PO-489964,2024-05-07,"Z1.4 single, normal",K,1.0,II,125,0,,accept,2024-05-13 08:41:00,2024-05-15 01:27:00,E-0155,20260106T061500Z-QE24M
RI-24-01040,S-046,anodized parts,P-17178-A,L24-0378,,918,PO-443348,2024-05-17,"Z1.4 single, normal",J,1.0,II,37,0,,accept,2024-05-13 11:45:00,2024-05-15 09:51:00,E-0155,20260106T061500Z-QE24M
RI-24-01041,S-048,anodized parts,P-17389-B,L24-0419,,392,PO-485000,2024-05-14,"Z1.4 single, normal",H,1.0,II,50,0,,accept,2024-05-13 10:34:00,2024-05-14 14:26:00,E-0155,20260106T061500Z-QE24M
RI-24-01042,S-009,bar,316 bar 31.75 mm,,MC-00262,75,PO-472411,2024-05-05,"Z1.4 single, normal",E,1.0,II,13,0,,accept,2024-05-14 13:35:00,2024-05-15 22:43:00,E-0155,20260106T061500Z-QE24M
RI-24-01043,S-023,plated parts,P-10928-A,L24-0305,,1056,PO-487220,2024-05-17,"Z1.4 single, normal",J,1.0,II,80,0,,accept,2024-05-14 08:53:00,2024-05-15 02:08:00,E-0156,20260106T061500Z-QE24M
RI-24-01044,S-035,heat-treated parts,P-11406-C,L24-0340,,1726,PO-412991,2024-05-14,"Z1.4 single, normal",K,1.0,II,125,0,,accept,2024-05-14 12:08:00,2024-05-15 07:21:00,E-0155,20260106T061500Z-QE24M
RI-24-01045,S-038,passivated parts,P-19426-D,L24-0392,,1061,PO-402054,2024-05-14,"Z1.4 single, normal",J,1.0,II,63,0,,accept,2024-05-14 13:03:00,2024-05-15 15:18:00,E-0155,20260106T061500Z-QE24M
RI-24-01046,S-038,passivated parts,P-16335-A,L24-0405,,288,PO-446620,2024-05-16,"Z1.4 single, normal",H,1.0,II,50,4,free iron,accept,2024-05-14 14:12:00,2024-05-14 15:26:00,E-0155,20260106T061500Z-QE24M
RI-24-01047,S-041,passivated parts,P-10775-A,L24-0380,,744,PO-469943,2024-05-16,"Z1.4 single, normal",J,1.0,II,80,0,,accept,2024-05-14 11:02:00,2024-05-15 00:36:00,E-0155,20260106T061500Z-QE24M
RI-24-01048,S-046,anodized parts,P-17225-C,L23-1396,,1314,PO-432599,2024-05-08,"Z1.4 single, normal",K,1.0,II,125,1,color,accept,2024-05-14 13:40:00,2024-05-14 23:43:00,E-0156,20260106T061500Z-QE24M
RI-24-01049,S-051,casting,P-15949-A,,,750,PO-417735,2024-05-18,"Z1.4 single, normal",J,1.0,II,80,0,,accept,2024-05-14 08:10:00,2024-05-14 18:40:00,E-0155,20260106T061500Z-QE24M
RI-24-01050,S-013,bar,7075 bar 50.8 mm,,MC-00263,55,PO-431932,2024-05-19,"Z1.4 single, normal",E,1.0,II,13,0,,accept,2024-05-15 09:50:00,2024-05-16 05:34:00,E-0155,20260106T061500Z-QE24M
RI-24-01051,S-022,plated parts,P-16839-B,L24-0304,,2549,PO-463983,2024-05-19,"Z1.4 single, normal",K,1.0,II,125,0,,accept,2024-05-15 14:48:00,2024-05-16 15:51:00,E-0156,20260106T061500Z-QE24M
RI-24-01052,S-026,plated parts,P-14175-A,L24-0371,,739,PO-401978,2024-05-16,"Z1.4 single, normal",J,1.0,II,80,0,,accept,2024-05-15 12:10:00,2024-05-16 07:00:00,E-0155,20260106T061500Z-QE24M
RI-24-01053,S-027,heat-treated parts,P-16971-B,L24-0395,,546,PO-413662,2024-05-16,"Z1.4 single, normal",J,1.0,II,80,0,,accept,2024-05-15 13:40:00,2024-05-16 17:57:00,E-0156,20260106T061500Z-QE24M
RI-24-01054,S-033,heat-treated parts,P-14257-A,L24-0401,,1711,PO-463236,2024-05-17,"Z1.4 single, normal",K,1.0,II,88,0,,accept,2024-05-15 11:34:00,2024-05-15 18:19:00,E-0155,20260106T061500Z-QE24M
RI-24-01055,S-033,heat-treated parts,P-13369-A,L24-0426,,902,PO-484550,2024-05-17,"Z1.4 single, normal",J,1.0,II,80,0,,accept,2024-05-15 09:14:00,2024-05-16 17:43:00,E-0156,20260106T061500Z-QE24M
RI-24-01056,S-036,heat-treated parts,P-14196-A,L24-0398,,1424,PO-428179,2024-05-15,"Z1.4 single, normal",K,1.0,II,125,0,,accept,2024-05-15 10:01:00,2024-05-15 15:37:00,E-0156,20260106T061500Z-QE24M
RI-24-01057,S-039,passivated parts,P-17484-A,L24-0417,,595,PO-445381,2024-05-18,"Z1.4 single, normal",J,1.0,II,80,0,,accept,2024-05-15 12:58:00,2024-05-16 17:15:00,E-0155,20260106T061500Z-QE24M
RI-24-01058,S-051,casting,P-11856-B,,,420,PO-446147,2024-05-18,"Z1.4 single, normal",H,1.0,II,50,0,,accept,2024-05-15 10:12:00,2024-05-15 23:18:00,E-0156,20260106T061500Z-QE24M
RI-24-01059,S-003,bar,4140 bar 25.4 mm,,MC-00266,32,PO-408703,2024-05-18,"Z1.4 single, normal",D,1.0,II,13,0,,accept,2024-05-16 12:13:00,2024-05-17 06:34:00,E-0155,20260106T061500Z-QE24M
RI-24-01060,S-008,bar,304 bar 38.1 mm,,MC-00264,83,PO-440350,2024-05-18,"Z1.4 single, normal",E,1.0,II,13,0,,accept,2024-05-16 07:27:00,2024-05-17 21:57:00,E-0155,20260106T061500Z-QE24M
RI-24-01061,S-009,bar,316 bar 38.1 mm,,MC-00265,57,PO-453625,2024-05-18,"Z1.4 single, normal",E,1.0,II,13,0,,accept,2024-05-16 12:17:00,2024-05-17 23:19:00,E-0155,20260106T061500Z-QE24M
RI-24-01062,S-013,bar,7075 bar 25.4 mm,,MC-00267,96,PO-461621,2024-05-20,"Z1.4 single, normal",F,1.0,II,13,0,,accept,2024-05-16 14:55:00,2024-05-18 00:35:00,E-0156,20260106T061500Z-QE24M
RI-24-01063,S-015,plated parts,P-18589-A,L24-0396,,5129,PO-487035,2024-05-12,"Z1.4 single, normal",L,1.0,II,140,1,blisters,accept,2024-05-16 12:59:00,2024-05-17 21:50:00,E-0155,20260106T061500Z-QE24M
RI-24-01064,S-037,passivated parts,P-12188-A,L24-0363,,1543,PO-477803,2024-05-18,"Z1.4 single, normal",K,1.0,II,125,1,free iron,accept,2024-05-16 14:21:00,2024-05-18 09:12:00,E-0155,20260106T061500Z-QE24M
RI-24-01065,S-040,passivated parts,P-17764-A,L24-0361,,724,PO-407192,2024-05-16,"Z1.4 single, normal",J,1.0,II,80,0,,accept,2024-05-16 08:48:00,2024-05-17 03:34:00,E-0156,20260106T061500Z-QE24M
RI-24-01066,S-051,casting,P-15926-A,,,560,PO-483787,2024-05-18,"Z1.4 single, normal",J,1.0,II,80,1,dimension,accept,2024-05-16 11:22:00,2024-05-17 22:10:00,E-0155,20260106T061500Z-QE24M
RI-24-01067,S-004,bar,4140 bar 25.4 mm,,MC-00268,80,PO-409247,2024-05-17,"Z1.4 single, normal",E,1.0,II,13,0,,accept,2024-05-17 10:24:00,2024-05-19 09:54:00,E-0156,20260106T061500Z-QE24M
RI-24-01068,S-014,bar,Ti-6Al-4V bar 38.1 mm,,MC-00269,64,PO-489141,2024-05-21,"Z1.4 single, normal",E,1.0,II,13,0,,accept,2024-05-17 11:50:00,2024-05-18 22:20:00,E-0155,20260106T061500Z-QE24M
RI-24-01069,S-026,plated parts,P-11033-A,L24-0364,,203,PO-494118,2024-05-20,"Z1.4 single, normal",G,1.0,II,50,0,,accept,2024-05-17 11:38:00,2024-05-18 20:22:00,E-0156,20260106T061500Z-QE24M
RI-24-01070,S-048,anodized parts,P-17369-A,L24-0400,,660,PO-430497,2024-05-20,"Z1.4 single, normal",J,1.0,II,80,0,,accept,2024-05-17 09:20:00,2024-05-18 15:21:00,E-0156,20260106T061500Z-QE24M
RI-24-01071,S-048,anodized parts,P-11984-A,L24-0413,,188,PO-413035,2024-05-18,"Z1.4 single, normal",G,1.0,II,50,0,,accept,2024-05-17 10:23:00,2024-05-18 17:01:00,E-0155,20260106T061500Z-QE24M
RI-24-01072,S-051,casting,P-10574-A,,,580,PO-419748,2024-05-20,"Z1.4 single, normal",J,1.0,II,61,0,,accept,2024-05-18 09:52:00,2024-05-19 18:36:00,E-0155,20260106T061500Z-QE24M
RI-24-01073,S-053,casting,P-10653-D,,,630,PO-484392,2024-05-19,"Z1.4 single, normal",J,1.0,II,80,3,flash,reject,2024-05-18 12:54:00,2024-05-20 06:37:00,E-0156,20260106T061500Z-QE24M
RI-24-01074,S-053,casting,P-16788-A,,,300,PO-439110,2024-05-21,"Z1.4 single, normal",H,1.0,II,38,1,flash,accept,2024-05-18 12:50:00,2024-05-18 14:43:00,E-0156,20260106T061500Z-QE24M
RI-24-01075,S-004,bar,4140 bar 25.4 mm,,MC-00271,103,PO-433329,2024-05-22,"Z1.4 single, normal",F,1.0,II,13,0,,accept,2024-05-20 09:59:00,2024-05-21 02:35:00,E-0155,20260106T061500Z-QE24M
RI-24-01076,S-004,bar,4140 bar 38.1 mm,,MC-00272,55,PO-419990,2024-05-22,"Z1.4 single, normal",E,1.0,II,13,0,,accept,2024-05-20 07:23:00,2024-05-20 08:36:00,E-0156,20260106T061500Z-QE24M
RI-24-01077,S-007,bar,303 bar 50.8 mm,,MC-00270,34,PO-448286,2024-05-24,"Z1.4 single, normal",D,1.0,II,13,0,,accept,2024-05-20 10:21:00,2024-05-22 07:55:00,E-0156,20260106T061500Z-QE24M
RI-24-01078,S-016,plated parts,P-11373-D,L24-0369,,258,PO-482114,2024-05-20,"Z1.4 single, normal",G,1.0,II,50,0,,accept,2024-05-20 11:31:00,2024-05-21 18:05:00,E-0156,20260106T061500Z-QE24M
RI-24-01079,S-016,plated parts,P-13806-A,L24-0377,,1543,PO-458152,2024-05-23,"Z1.4 single, normal",K,1.0,II,125,0,,accept,2024-05-20 08:47:00,2024-05-22 02:46:00,E-0156,20260106T061500Z-QE24M
RI-24-01080,S-023,plated parts,P-18051-D,L24-0333,,977,PO-400849,2024-05-24,"Z1.4 single, normal",J,1.0,II,80,0,,accept,2024-05-20 11:13:00,2024-05-21 06:37:00,E-0155,20260106T061500Z-QE24M
RI-24-01081,S-023,plated parts,P-14117-A,L24-0389,,1032,PO-403322,2024-05-22,"Z1.4 single, normal",J,1.0,II,80,0,,accept,2024-05-20 14:02:00,2024-05-22 07:17:00,E-0156,20260106T061500Z-QE24M
RI-24-01082,S-027,heat-treated parts,P-14363-A,L24-0436,,188,PO-413972,2024-05-20,"Z1.4 single, normal",G,1.0,II,27,1,distortion,accept,2024-05-20 13:15:00,2024-05-20 15:24:00,E-0155,20260106T061500Z-QE24M
RI-24-01083,S-033,heat-treated parts,P-14140-A,L24-0410,,1012,PO-422708,2024-05-22,"Z1.4 single, normal",J,1.0,II,44,2,distortion,accept,2024-05-20 13:29:00,2024-05-21 19:12:00,E-0155,20260106T061500Z-QE24M
RI-24-01084,S-033,heat-treated parts,P-13458-B,L24-0422,,833,PO-453058,2024-05-22,"Z1.4 single, normal",J,1.0,II,80,0,,accept,2024-05-20 14:36:00,2024-05-21 20:14:00,E-0156,20260106T061500Z-QE24M
RI-24-01085,S-035,heat-treated parts,P-12489-A,L24-0379,,2158,PO-463437,2024-05-21,"Z1.4 single, normal",K,1.0,II,94,0,,accept,2024-05-20 08:18:00,2024-05-20 19:19:00,E-0156,20260106T061500Z-QE24M
RI-24-01086,S-035,heat-treated parts,P-17956-A,L24-0409,,422,PO-417959,2024-05-21,"Z1.4 single, normal",H,1.0,II,50,0,,accept,2024-05-20 12:18:00,2024-05-20 22:19:00,E-0155,20260106T061500Z-QE24M
RI-24-01087,S-038,passivated parts,P-14587-C,L24-0404,,2088,PO-486743,2024-05-22,"Z1.4 single, normal",K,1.0,II,125,0,,accept,2024-05-20 11:06:00,2024-05-20 17:01:00,E-0156,20260106T061500Z-QE24M
RI-24-01088,S-042,passivated parts,P-12614-A,L24-0376,,585,PO-415479,2024-05-21,"Z1.4 single, normal",J,1.0,II,39,1,staining,accept,2024-05-20 09:39:00,2024-05-20 22:11:00,E-0155,20260106T061500Z-QE24M
RI-24-01089,S-042,passivated parts,P-15905-D,L24-0414,,794,PO-402435,2024-05-23,"Z1.4 single, normal",J,1.0,II,80,0,,accept,2024-05-20 07:38:00,2024-05-20 20:05:00,E-0155,20260106T061500Z-QE24M
RI-24-01090,S-042,passivated parts,P-12208-D,L24-0416,,689,PO-478140,2024-05-24,"Z1.4 single, normal",J,1.0,II,61,0,,accept,2024-05-20 12:13:00,2024-05-21 03:25:00,E-0156,20260106T061500Z-QE24M
RI-24-01091,S-043,passivated parts,P-14548-D,L24-0354,,4047,PO-488155,2024-05-22,"Z1.4 single, normal",L,1.0,II,200,6,staining,reject,2024-05-20 13:45:00,2024-05-22 00:30:00,E-0156,20260106T061500Z-QE24M
RI-24-01092,S-044,passivated parts,P-16473-D,L24-0407,,704,PO-411230,2024-05-20,"Z1.4 single, normal",J,1.0,II,80,0,,accept,2024-05-20 13:52:00,2024-05-22 13:08:00,E-0155,20260106T061500Z-QE24M
RI-24-01093,S-045,anodized parts,P-11923-A,L24-0406,,1012,PO-489301,2024-05-23,"Z1.4 single, normal",J,1.0,II,80,1,color,accept,2024-05-20 11:03:00,2024-05-22 10:03:00,E-0155,20260106T061500Z-QE24M
RI-24-01094,S-057,purchased components,threaded inserts,,,2050,PO-450897,2024-05-20,"Z1.4 single, normal",K,1.0,II,125,0,,accept,2024-05-20 11:33:00,2024-05-21 19:38:00,E-0155,20260106T061500Z-QE24M
RI-24-01095,S-022,plated parts,P-16971-B,L24-0395,,546,PO-465906,2024-05-22,"Z1.4 single, normal",J,1.0,II,80,2,blisters,accept,2024-05-21 14:05:00,2024-05-22 03:09:00,E-0156,20260106T061500Z-QE24M
RI-24-01096,S-022,plated parts,P-14168-B,L24-0399,,952,PO-435167,2024-05-21,"Z1.4 single, normal",J,1.0,II,80,0,,accept,2024-05-21 09:02:00,2024-05-22 08:10:00,E-0156,20260106T061500Z-QE24M
RI-24-01097,S-023,plated parts,P-16863-B,L24-0383,,769,PO-426725,2024-05-23,"Z1.4 single, normal",J,1.0,II,80,2,adhesion,accept,2024-05-21 11:09:00,2024-05-22 14:07:00,E-0155,20260106T061500Z-QE24M
RI-24-01098,S-037,passivated parts,P-15577-C,L24-0411,,1007,PO-472321,2024-05-23,"Z1.4 single, normal",J,1.0,II,60,0,,accept,2024-05-21 08:50:00,2024-05-21 23:33:00,E-0156,20260106T061500Z-QE24M
RI-24-01099,S-039,passivated parts,P-11201-A,L24-0425,,1146,PO-431665,2024-05-24,"Z1.4 single, normal",J,1.0,II,80,0,,accept,2024-05-21 09:52:00,2024-05-22 12:45:00,E-0155,20260106T061500Z-QE24M
RI-24-01100,S-002,bar,1045 bar 38.1 mm,,MC-00273,91,PO-439273,2024-05-23,"Z1.4 single, normal",F,1.0,II,13,0,,accept,2024-05-22 13:03:00,2024-05-23 10:27:00,E-0156,20260106T061500Z-QE24M
RI-24-01101,S-004,bar,4140 bar 63.5 mm,,MC-00275,47,PO-421798,2024-05-24,"Z1.4 single, normal",D,1.0,II,8,0,,accept,2024-05-22 12:30:00,2024-05-24 02:28:00,E-0155,20260106T061500Z-QE24M
RI-24-01102,S-005,bar,8620 bar 31.75 mm,,MC-00277,112,PO-444748,2024-05-23,"Z1.4 single, normal",F,1.0,II,13,0,,accept,2024-05-22 08:11:00,2024-05-23 01:10:00,E-0156,20260106T061500Z-QE24M
RI-24-01103,S-011,bar,17-4 bar 31.75 mm,,MC-00274,48,PO-409729,2024-05-22,"Z1.4 single, normal",D,1.0,II,13,0,,accept,2024-05-22 09:30:00,2024-05-23 11:19:00,E-0156,20260106T061500Z-QE24M
RI-24-01104,S-012,bar,6061 bar 38.1 mm,,MC-00276,98,PO-480954,2024-05-16,"Z1.4 single, normal",F,1.0,II,13,0,,accept,2024-05-22 08:03:00,2024-05-23 23:28:00,E-0156,20260106T061500Z-QE24M
RI-24-01105,S-021,plated parts,P-10407-A,L24-0418,,719,PO-413128,2024-05-23,"Z1.4 single, normal",J,1.0,II,80,0,,accept,2024-05-22 08:00:00,2024-05-23 17:58:00,E-0155,20260106T061500Z-QE24M
RI-24-01106,S-021,plated parts,P-18535-A,L24-0423,,1081,PO-435947,2024-05-25,"Z1.4 single, normal",J,1.0,II,80,2,plating thickness,accept,2024-05-22 10:52:00,2024-05-24 08:56:00,E-0156,20260106T061500Z-QE24M
RI-24-01107,S-025,plated parts,P-18824-A,L24-0397,,640,PO-455907,2024-05-26,"Z1.4 single, normal",J,1.0,II,80,0,,accept,2024-05-22 10:50:00,2024-05-22 16:54:00,E-0155,20260106T061500Z-QE24M
RI-24-01108,S-026,plated parts,P-12338-A,L24-0415,,1404,PO-457700,2024-05-22,"Z1.4 single, normal",K,1.0,II,125,0,,accept,2024-05-22 10:25:00,2024-05-23 08:59:00,E-0156,20260106T061500Z-QE24M
RI-24-01109,S-031,heat-treated parts,P-18165-B,L24-0427,,665,PO-424401,2024-05-23,"Z1.4 single, normal",J,1.0,II,80,0,,accept,2024-05-22 07:55:00,2024-05-24 01:58:00,E-0156,20260106T061500Z-QE24M
RI-24-01110,S-033,heat-treated parts,P-13328-A,L24-0412,,1104,PO-413681,2024-05-26,"Z1.4 single, normal",J,1.0,II,80,0,,accept,2024-05-22 08:04:00,2024-05-23 19:23:00,E-0156,20260106T061500Z-QE24M
RI-24-01111,S-045,anodized parts,P-12023-C,L24-0394,,2718,PO-474563,2024-05-26,"Z1.4 single, normal",K,1.0,II,125,0,,accept,2024-05-22 08:15:00,2024-05-23 09:27:00,E-0155,20260106T061500Z-QE24M
RI-24-01112,S-002,bar,1045 bar 38.1 mm,,MC-00278,61,PO-471543,2024-05-26,"Z1.4 single, normal",E,1.0,II,13,1,surface seams,reject,2024-05-23 08:29:00,2024-05-23 15:29:00,E-0156,20260106T061500Z-QE24M
RI-24-01113,S-005,bar,8620 bar 19.05 mm,,MC-00279,30,PO-410892,2024-05-27,"Z1.4 single, normal",D,1.0,II,7,0,,accept,2024-05-23 13:10:00,2024-05-25 04:23:00,E-0155,20260106T061500Z-QE24M
RI-24-01114,S-016,plated parts,P-16760-D,L24-0440,,570,PO-485924,2024-05-26,"Z1.4 single, normal",J,1.0,II,80,2,blisters,accept,2024-05-23 09:05:00,2024-05-24 13:44:00,E-0155,20260106T061500Z-QE24M
RI-24-01115,S-026,plated parts,P-15211-C,L24-0372,,1508,PO-416681,2024-05-24,"Z1.4 single, normal",K,1.0,II,125,0,,accept,2024-05-23 10:02:00,2024-05-24 00:04:00,E-0155,20260106T061500Z-QE24M
RI-24-01116,S-033,heat-treated parts,P-12861-C,L24-0439,,1462,PO-402100,2024-05-24,"Z1.4 single, normal",K,1.0,II,125,0,,accept,2024-05-23 11:10:00,2024-05-25 01:32:00,E-0156,20260106T061500Z-QE24M
RI-24-01117,S-037,passivated parts,P-14811-C,L24-0444,,615,PO-438842,2024-05-27,"Z1.4 single, normal",J,1.0,II,80,0,,accept,2024-05-23 12:20:00,2024-05-24 16:21:00,E-0156,20260106T061500Z-QE24M
RI-24-01118,S-040,passivated parts,P-14521-C,L24-0421,,2549,PO-418145,2024-05-27,"Z1.4 single, normal",K,1.0,II,125,4,staining,accept,2024-05-23 11:14:00,2024-05-24 05:45:00,E-0156,20260106T061500Z-QE24M
RI-24-01119,S-043,passivated parts,P-17559-B,L24-0450,,278,PO-471302,2024-05-26,"Z1.4 single, normal",G,1.0,II,50,0,,accept,2024-05-23 13:13:00,2024-05-23 19:40:00,E-0155,20260106T061500Z-QE24M
RI-24-01120,S-057,purchased components,threaded inserts,,,1150,PO-436161,2024-05-26,"Z1.4 single, normal",J,1.0,II,80,0,,accept,2024-05-23 09:08:00,2024-05-24 23:56:00,E-0155,20260106T061500Z-QE24M
RI-24-01121,S-002,bar,1045 bar 38.1 mm,,MC-00280,93,PO-485062,2024-05-21,"Z1.4 single, normal",F,1.0,II,13,0,,accept,2024-05-24 11:58:00,2024-05-25 01:00:00,E-0156,20260106T061500Z-QE24M
RI-24-01122,S-005,bar,8620 bar 19.05 mm,,MC-00282,99,PO-412738,2024-05-15,"Z1.4 single, normal",F,1.0,II,13,0,,accept,2024-05-24 07:51:00,2024-05-26 05:27:00,E-0155,20260106T061500Z-QE24M
RI-24-01123,S-007,bar,303 bar 19.05 mm,,MC-00281,88,PO-489942,2024-05-24,"Z1.4 single, normal",E,1.0,II,13,0,,accept,2024-05-24 09:21:00,2024-05-25 15:32:00,E-0155,20260106T061500Z-QE24M
RI-24-01124,S-017,plated parts,P-13369-A,L24-0426,,902,PO-487036,2024-05-18,"Z1.4 single, normal",J,1.0,II,80,2,adhesion,accept,2024-05-24 09:18:00,2024-05-24 17:54:00,E-0155,20260106T061500Z-QE24M
RI-24-01125,S-018,plated parts,P-15200-C,L24-0403,,1424,PO-446750,2024-05-25,"Z1.4 single, normal",K,1.0,II,125,1,blisters,accept,2024-05-24 07:20:00,2024-05-25 18:05:00,E-0156,20260106T061500Z-QE24M
RI-24-01126,S-027,heat-treated parts,P-11584-A,L24-0370,,1716,PO-439199,2024-05-25,"Z1.4 single, normal",K,1.0,II,125,0,,accept,2024-05-24 13:46:00,2024-05-25 04:23:00,E-0155,20260106T061500Z-QE24M
RI-24-01127,S-041,passivated parts,P-10711-C,L24-0433,,372,PO-445317,2024-05-27,"Z1.4 single, normal",H,1.0,II,50,0,,accept,2024-05-24 09:15:00,2024-05-25 03:01:00,E-0156,20260106T061500Z-QE24M
RI-24-01128,S-051,casting,P-11502-A,,,440,PO-495776,2024-05-26,"Z1.4 single, normal",H,1.0,II,50,0,,accept,2024-05-26 08:10:00,2024-05-26 22:30:00,E-0156,20260106T061500Z-QE24M
RI-24-01129,S-055,casting,P-11724-A,,,740,PO-415003,2024-05-16,"Z1.4 single, normal",J,1.0,II,80,0,,accept,2024-05-26 14:39:00,2024-05-26 16:16:00,E-0155,20260106T061500Z-QE24M
RI-24-01130,S-002,bar,1045 bar 25.4 mm,,MC-00283,70,PO-465758,2024-05-20,"Z1.4 single, normal",E,1.0,II,13,0,,accept,2024-05-28 09:00:00,2024-05-30 01:14:00,E-0155,20260106T061500Z-QE24M
RI-24-01131,S-002,bar,1045 bar 38.1 mm,,MC-00284,80,PO-499044,2024-05-31,"Z1.4 single, normal",E,1.0,II,13,0,,accept,2024-05-28 11:14:00,2024-05-29 04:25:00,E-0156,20260106T061500Z-QE24M
RI-24-01132,S-003,bar,4140 bar 31.75 mm,,MC-00285,83,PO-444715,2024-05-29,"Z1.4 single, normal",E,1.0,II,13,0,,accept,2024-05-28 08:40:00,2024-05-29 09:34:00,E-0155,20260106T061500Z-QE24M
RI-24-01133,S-012,bar,6061 bar 50.8 mm,,MC-00286,35,PO-460364,2024-06-01,"Z1.4 single, normal",D,1.0,II,13,0,,accept,2024-05-28 07:10:00,2024-05-28 20:20:00,E-0155,20260106T061500Z-QE24M
RI-24-01134,S-015,plated parts,P-14401-A,L24-0431,,1726,PO-484624,2024-05-30,"Z1.4 single, normal",K,1.0,II,125,1,blisters,accept,2024-05-28 07:48:00,2024-05-29 21:14:00,E-0155,20260106T061500Z-QE24M
RI-24-01135,S-017,plated parts,P-13458-B,L24-0422,,833,PO-425827,2024-06-01,"Z1.4 single, normal",J,1.0,II,80,2,staining,accept,2024-05-28 09:12:00,2024-05-29 04:47:00,E-0156,20260106T061500Z-QE24M
RI-24-01136,S-017,plated parts,P-13321-A,L24-0430,,758,PO-416110,2024-05-29,"Z1.4 single, normal",J,1.0,II,80,0,,accept,2024-05-28 10:45:00,2024-05-29 08:10:00,E-0156,20260106T061500Z-QE24M
RI-24-01137,S-017,plated parts,P-13350-A,L24-0438,,772,PO-483795,2024-05-28,"Z1.4 single, normal",J,1.0,II,80,1,blisters,accept,2024-05-28 08:55:00,2024-05-30 04:18:00,E-0155,20260106T061500Z-QE24M
RI-24-01138,S-020,plated parts,P-11406-C,L24-0340,,1726,PO-435356,2024-05-30,"Z1.4 single, normal",K,1.0,II,95,1,staining,accept,2024-05-28 14:22:00,2024-05-30 12:50:00,E-0155,20260106T061500Z-QE24M
RI-24-01139,S-020,plated parts,P-14196-A,L24-0398,,1424,PO-420934,2024-05-28,"Z1.4 single, normal",K,1.0,II,125,0,,accept,2024-05-28 13:13:00,2024-05-29 07:46:00,E-0155,20260106T061500Z-QE24M
RI-24-01140,S-022,plated parts,P-14257-A,L24-0401,,1711,PO-453905,2024-05-30,"Z1.4 single, normal",K,1.0,II,125,0,,accept,2024-05-28 10:19:00,2024-05-30 04:36:00,E-0155,20260106T061500Z-QE24M
RI-24-01141,S-026,plated parts,P-18566-A,L24-0443,,863,PO-440877,2024-05-29,"Z1.4 single, normal",J,1.0,II,80,0,,accept,2024-05-28 11:26:00,2024-05-28 18:34:00,E-0156,20260106T061500Z-QE24M
RI-24-01142,S-027,heat-treated parts,P-12701-A,L24-0449,,1037,PO-447098,2024-05-28,"Z1.4 single, normal",J,1.0,II,80,2,hardness high,accept,2024-05-28 10:48:00,2024-05-28 12:20:00,E-0155,20260106T061500Z-QE24M
RI-24-01143,S-036,heat-treated parts,P-12435-A,L24-0464,,213,PO-471014,2024-05-28,"Z1.4 single, normal",G,1.0,II,50,0,,accept,2024-05-28 14:53:00,2024-05-29 22:52:00,E-0155,20260106T061500Z-QE24M
RI-24-01144,S-037,passivated parts,P-17956-A,L24-0409,,422,PO-481767,2024-05-28,"Z1.4 single, normal",H,1.0,II,50,1,free iron,accept,2024-05-28 08:37:00,2024-05-29 23:48:00,E-0155,20260106T061500Z-QE24M
RI-24-01145,S-037,passivated parts,P-12141-B,L24-0420,,1354,PO-459645,2024-05-30,"Z1.4 single, normal",K,1.0,II,125,0,,accept,2024-05-28 11:05:00,2024-05-29 01:34:00,E-0156,20260106T061500Z-QE24M
RI-24-01146,S-037,passivated parts,P-14808-C,L24-0434,,808,PO-469600,2024-06-01,"Z1.4 single, normal",J,1.0,II,80,0,,accept,2024-05-28 14:57:00,2024-05-29 18:33:00,E-0155,20260106T061500Z-QE24M
RI-24-01147,S-037,passivated parts,P-16596-C,L24-0471,,367,PO-428571,2024-06-01,"Z1.4 single, normal",H,1.0,II,50,1,staining,accept,2024-05-28 13:33:00,2024-05-28 16:21:00,E-0156,20260106T061500Z-QE24M
RI-24-01148,S-040,passivated parts,P-17038-D,L24-0437,,992,PO-472701,2024-05-29,"Z1.4 single, normal",J,1.0,II,80,0,,accept,2024-05-28 09:28:00,2024-05-28 19:48:00,E-0155,20260106T061500Z-QE24M
RI-24-01149,S-040,passivated parts,P-17004-D,L24-0447,,992,PO-404990,2024-05-28,"Z1.4 single, normal",J,1.0,II,46,1,free iron,accept,2024-05-28 14:18:00,2024-05-30 11:59:00,E-0155,20260106T061500Z-QE24M
RI-24-01150,S-041,passivated parts,P-10725-B,L24-0428,,2014,PO-469649,2024-06-01,"Z1.4 single, normal",K,1.0,II,125,5,staining,reject,2024-05-28 11:11:00,2024-05-29 10:07:00,E-0155,20260106T061500Z-QE24M
RI-24-01151,S-043,passivated parts,P-16080-A,L24-0424,,347,PO-424124,2024-05-30,"Z1.4 single, normal",H,1.0,II,37,0,,accept,2024-05-28 11:44:00,2024-05-29 16:05:00,E-0156,20260106T061500Z-QE24M
RI-24-01152,S-043,passivated parts,P-19098-A,L24-0455,,303,PO-408378,2024-05-22,"Z1.4 single, normal",H,1.0,II,50,0,,accept,2024-05-28 14:29:00,2024-05-29 07:48:00,E-0156,20260106T061500Z-QE24M
RI-24-01153,S-044,passivated parts,P-16180-A,L24-0429,,848,PO-482724,2024-05-28,"Z1.4 single, normal",J,1.0,II,80,0,,accept,2024-05-28 09:41:00,2024-05-30 08:02:00,E-0156,20260106T061500Z-QE24M
RI-24-01154,S-044,passivated parts,P-15977-A,L24-0462,,511,PO-484169,2024-05-25,"Z1.4 single, normal",J,1.0,II,80,0,,accept,2024-05-28 08:12:00,2024-05-28 10:42:00,E-0155,20260106T061500Z-QE24M
RI-24-01155,S-049,anodized parts,P-17158-A,L24-0453,,551,PO-409881,2024-05-30,"Z1.4 single, normal",J,1.0,II,80,0,,accept,2024-05-28 08:11:00,2024-05-28 15:19:00,E-0156,20260106T061500Z-QE24M
RI-24-01156,S-051,casting,P-11847-D,,,450,PO-463419,2024-05-28,"Z1.4 single, normal",H,1.0,II,31,1,flash,accept,2024-05-28 12:18:00,2024-05-30 00:45:00,E-0155,20260106T061500Z-QE24M
RI-24-01157,S-051,casting,P-16760-D,,,490,PO-472306,2024-05-29,"Z1.4 single, normal",H,1.0,II,50,0,,accept,2024-05-28 11:25:00,2024-05-28 11:55:00,E-0155,20260106T061500Z-QE24M
RI-24-01158,S-002,bar,1045 bar 25.4 mm,,MC-00287,97,PO-453475,2024-05-30,"Z1.4 single, normal",F,1.0,II,13,0,,accept,2024-05-29 12:07:00,2024-05-29 18:15:00,E-0155,20260106T061500Z-QE24M
RI-24-01159,S-003,bar,4140 bar 31.75 mm,,MC-00288,110,PO-473391,2024-06-01,"Z1.4 single, normal",F,1.0,II,13,0,,accept,2024-05-29 12:30:00,2024-05-29 23:33:00,E-0156,20260106T061500Z-QE24M
RI-24-01160,S-022,plated parts,P-13067-C,L24-0456,,689,PO-497108,2024-05-31,"Z1.4 single, normal",J,1.0,II,80,1,staining,accept,2024-05-29 08:01:00,2024-05-29 21:48:00,E-0156,20260106T061500Z-QE24M
RI-24-01161,S-022,plated parts,P-11126-A,L24-0470,,526,PO-438802,2024-05-19,"Z1.4 single, normal",J,1.0,II,80,0,,accept,2024-05-29 08:44:00,2024-05-30 15:19:00,E-0156,20260106T061500Z-QE24M
RI-24-01162,S-024,plated parts,P-10599-C,L24-0451,,883,PO-415738,2024-06-01,"Z1.4 single, normal",J,1.0,II,80,0,,accept,2024-05-29 10:05:00,2024-05-31 02:42:00,E-0155,20260106T061500Z-QE24M
RI-24-01163,S-025,plated parts,P-14363-A,L24-0436,,188,PO-461593,2024-06-01,"Z1.4 single, normal",G,1.0,II,50,0,,accept,2024-05-29 07:46:00,2024-05-29 22:09:00,E-0155,20260106T061500Z-QE24M
RI-24-01164,S-031,heat-treated parts,P-13755-A,L24-0474,,293,PO-452428,2024-05-31,"Z1.4 single, normal",H,1.0,II,50,0,,accept,2024-05-29 14:45:00,2024-05-29 17:42:00,E-0156,20260106T061500Z-QE24M
RI-24-01165,S-032,heat-treated parts,P-12802-A,L24-0445,,1280,PO-460385,2024-06-01,"Z1.4 single, normal",K,1.0,II,125,0,,accept,2024-05-29 13:27:00,2024-05-31 04:24:00,E-0156,20260106T061500Z-QE24M
RI-24-01166,S-036,heat-treated parts,P-13380-B,L24-0446,,849,PO-482021,2024-05-29,"Z1.4 single, normal",J,1.0,II,80,0,,accept,2024-05-29 10:24:00,2024-05-29 16:30:00,E-0156,20260106T061500Z-QE24M
RI-24-01167,S-040,passivated parts,P-11163-D,L24-0452,,2182,PO-486033,2024-06-01,"Z1.4 single, normal",K,1.0,II,125,0,,accept,2024-05-29 10:10:00,2024-05-30 00:14:00,E-0155,20260106T061500Z-QE24M
RI-24-01168,S-051,casting,P-10463-C,,,270,PO-498424,2024-05-30,"Z1.4 single, normal",G,1.0,II,50,0,,accept,2024-05-29 11:30:00,2024-05-29 17:11:00,E-0155,20260106T061500Z-QE24M
RI-24-01169,S-057,purchased components,threaded inserts,,,1400,PO-478999,2024-05-30,"Z1.4 single, normal",K,1.0,II,80,0,,accept,2024-05-29 12:22:00,2024-05-31 01:19:00,E-0156,20260106T061500Z-QE24M
RI-24-01170,S-004,bar,4140 bar 25.4 mm,,MC-00291,95,PO-491879,2024-06-02,"Z1.4 single, normal",F,1.0,II,13,0,,accept,2024-05-30 12:24:00,2024-06-01 10:53:00,E-0156,20260106T061500Z-QE24M
RI-24-01171,S-008,bar,304 bar 25.4 mm,,MC-00289,85,PO-404091,2024-05-31,"Z1.4 single, normal",E,1.0,II,13,0,,accept,2024-05-30 12:28:00,2024-05-31 15:17:00,E-0156,20260106T061500Z-QE24M
RI-24-01172,S-010,bar,316 bar 25.4 mm,,MC-00290,22,PO-425565,2024-06-03,"Z1.4 single, normal",C,1.0,II,13,0,,accept,2024-05-30 14:23:00,2024-06-01 11:47:00,E-0156,20260106T061500Z-QE24M
RI-24-01173,S-018,plated parts,P-14103-B,L24-0458,,2520,PO-426533,2024-06-02,"Z1.4 single, normal",K,1.0,II,125,0,,accept,2024-05-30 14:42:00,2024-06-01 12:23:00,E-0156,20260106T061500Z-QE24M
RI-24-01174,S-020,plated parts,P-13711-B,L24-0459,,451,PO-417175,2024-06-03,"Z1.4 single, normal",H,1.0,II,50,0,,accept,2024-05-30 10:42:00,2024-05-31 17:58:00,E-0156,20260106T061500Z-QE24M
RI-24-01175,S-036,heat-treated parts,P-13675-A,L24-0460,,1662,PO-432306,2024-05-31,"Z1.4 single, normal",K,1.0,II,125,0,,accept,2024-05-30 14:15:00,2024-05-31 11:51:00,E-0155,20260106T061500Z-QE24M
RI-24-01176,S-003,bar,4140 bar 44.45 mm,,MC-00292,30,PO-457797,2024-05-31,"Z1.4 single, normal",D,1.0,II,13,0,,accept,2024-05-31 11:57:00,2024-06-01 16:53:00,E-0155,20260106T061500Z-QE24M
RI-24-01177,S-024,plated parts,P-12489-A,L24-0379,,2158,PO-417066,2024-06-04,"Z1.4 single, normal",K,1.0,II,125,0,,accept,2024-05-31 11:52:00,2024-06-01 02:31:00,E-0155,20260106T061500Z-QE24M
RI-24-01178,S-030,heat-treated parts,P-11072-B,L24-0432,,471,PO-452009,2024-06-04,"Z1.4 single, normal",H,1.0,II,35,0,,accept,2024-05-31 14:32:00,2024-06-01 15:43:00,E-0156,20260106T061500Z-QE24M
RI-24-01179,S-046,anodized parts,P-17096-D,L24-0448,,446,PO-437151,2024-06-03,"Z1.4 single, normal",H,1.0,II,50,0,,accept,2024-05-31 09:36:00,2024-06-01 19:16:00,E-0155,20260106T061500Z-QE24M
RI-24-01180,S-051,casting,P-10775-A,,,270,PO-468307,2024-05-23,"Z1.4 single, normal",G,1.0,II,50,0,,accept,2024-06-02 10:09:00,2024-06-02 14:06:00,E-0155,20260106T061500Z-QE24M
RI-24-01181,S-002,bar,1045 bar 38.1 mm,,MC-00293,114,PO-436209,2024-06-05,"Z1.4 single, normal",F,1.0,II,13,0,,accept,2024-06-03 13:09:00,2024-06-04 15:34:00,E-0156,20260106T061500Z-QE24M
RI-24-01182,S-003,bar,4140 bar 44.45 mm,,MC-00296,39,PO-437727,2024-06-04,"Z1.4 single, normal",D,1.0,II,13,0,,accept,2024-06-03 09:56:00,2024-06-03 23:44:00,E-0155,20260106T061500Z-QE24M
RI-24-01183,S-007,bar,303 bar 19.05 mm,,MC-00295,115,PO-485761,2024-06-06,"Z1.4 single, normal",F,1.0,II,7,0,,accept,2024-06-03 08:45:00,2024-06-03 22:32:00,E-0155,20260106T061500Z-QE24M
RI-24-01184,S-011,bar,17-4 bar 31.75 mm,,MC-00294,73,PO-438204,2024-05-26,"Z1.4 single, normal",E,1.0,II,13,0,,accept,2024-06-03 08:17:00,2024-06-03 19:27:00,E-0156,20260106T061500Z-QE24M
RI-24-01185,S-016,plated parts,P-13633-A,L24-0441,,4082,PO-459697,2024-06-04,"Z1.4 single, normal",L,1.0,II,200,5,adhesion,accept,2024-06-03 11:53:00,2024-06-05 05:34:00,E-0156,20260106T061500Z-QE24M
RI-24-01186,S-017,plated parts,P-13328-A,L24-0412,,1104,PO-469159,2024-06-05,"Z1.4 single, normal",J,1.0,II,80,2,blisters,accept,2024-06-03 13:51:00,2024-06-05 03:01:00,E-0155,20260106T061500Z-QE24M
RI-24-01187,S-018,plated parts,P-18165-B,L24-0427,,665,PO-404171,2024-06-05,"Z1.4 single, normal",J,1.0,II,80,0,,accept,2024-06-03 09:41:00,2024-06-04 07:24:00,E-0156,20260106T061500Z-QE24M
RI-24-01188,S-022,plated parts,P-11584-A,L24-0370,,1716,PO-492800,2024-06-03,"Z1.4 single, normal",K,1.0,II,125,1,staining,accept,2024-06-03 11:57:00,2024-06-03 22:15:00,E-0156,20260106T061500Z-QE24M
RI-24-01189,S-031,heat-treated parts,P-12594-C,L24-0472,,779,PO-470028,2024-06-04,"Z1.4 single, normal",J,1.0,II,80,0,,accept,2024-06-03 12:32:00,2024-06-03 13:48:00,E-0155,20260106T061500Z-QE24M
RI-24-01190,S-033,heat-treated parts,P-14108-A,L24-0463,,1716,PO-454351,2024-06-03,"Z1.4 single, normal",K,1.0,II,125,0,,accept,2024-06-03 10:57:00,2024-06-04 15:02:00,E-0156,20260106T061500Z-QE24M
RI-24-01191,S-033,heat-treated parts,P-14928-A,L24-0468,,1513,PO-481149,2024-06-04,"Z1.4 single, normal",K,1.0,II,96,1,distortion,accept,2024-06-03 11:56:00,2024-06-03 15:42:00,E-0155,20260106T061500Z-QE24M
RI-24-01192,S-034,heat-treated parts,P-18795-A,L24-0466,,893,PO-449951,2024-06-06,"Z1.4 single, normal",J,1.0,II,80,2,distortion,accept,2024-06-03 14:53:00,2024-06-04 16:02:00,E-0155,20260106T061500Z-QE24M
RI-24-01193,S-036,heat-treated parts,P-12498-B,L24-0473,,585,PO-437425,2024-06-05,"Z1.4 single, normal",J,1.0,II,80,0,,accept,2024-06-03 10:28:00,2024-06-03 13:44:00,E-0155,20260106T061500Z-QE24M
RI-24-01194,S-036,heat-treated parts,P-18710-A,L24-0477,,1513,PO-497369,2024-06-07,"Z1.4 single, normal",K,1.0,II,125,0,,accept,2024-06-03 12:38:00,2024-06-04 22:53:00,E-0156,20260106T061500Z-QE24M
RI-24-01195,S-038,passivated parts,P-16571-D,L24-0442,,972,PO-427519,2024-06-05,"Z1.4 single, normal",J,1.0,II,80,3,free iron,reject,2024-06-03 07:44:00,2024-06-04 23:56:00,E-0155,20260106T061500Z-QE24M
RI-24-01196,S-039,passivated parts,P-17014-A,L24-0457,,992,PO-450071,2024-06-04,"Z1.4 single, normal",J,1.0,II,80,1,staining,accept,2024-06-03 07:28:00,2024-06-03 13:21:00,E-0155,20260106T061500Z-QE24M
RI-24-01197,S-039,passivated parts,P-18978-A,L24-0478,,585,PO-485163,2024-06-05,"Z1.4 single, normal",J,1.0,II,80,0,,accept,2024-06-03 14:27:00,2024-06-04 20:26:00,E-0156,20260106T061500Z-QE24M
RI-24-01198,S-040,passivated parts,P-14485-A,L24-0465,,1126,PO-425875,2024-06-04,"Z1.4 single, normal",J,1.0,II,80,1,free iron,accept,2024-06-03 13:54:00,2024-06-04 18:00:00,E-0156,20260106T061500Z-QE24M
RI-24-01199,S-004,bar,4140 bar 25.4 mm,,MC-00299,90,PO-474449,2024-06-07,"Z1.4 single, normal",E,1.0,II,13,0,,accept,2024-06-04 14:43:00,2024-06-05 10:42:00,E-0155,20260106T061500Z-QE24M
RI-24-01200,S-005,bar,8620 bar 25.4 mm,,MC-00300,42,PO-440249,2024-06-01,"Z1.4 single, normal",D,1.0,II,13,0,,accept,2024-06-04 07:16:00,2024-06-04 19:27:00,E-0155,20260106T061500Z-QE24M
RI-24-01201,S-007,bar,303 bar 38.1 mm,,MC-00298,96,PO-432999,2024-06-06,"Z1.4 single, normal",F,1.0,II,13,0,,accept,2024-06-04 07:04:00,2024-06-05 21:03:00,E-0156,20260106T061500Z-QE24M
RI-24-01202,S-011,bar,17-4 bar 31.75 mm,,MC-00297,72,PO-429753,2024-06-04,"Z1.4 single, normal",E,1.0,II,13,0,,accept,2024-06-04 12:09:00,2024-06-06 11:40:00,E-0155,20260106T061500Z-QE24M
RI-24-01203,S-017,plated parts,P-13380-B,L24-0446,,849,PO-496450,2024-06-06,"Z1.4 single, normal",J,1.0,II,80,1,blisters,accept,2024-06-04 13:28:00,2024-06-06 08:23:00,E-0155,20260106T061500Z-QE24M
RI-24-01204,S-017,plated parts,P-14918-A,L24-0467,,1602,PO-485636,2024-06-07,"Z1.4 single, normal",K,1.0,II,125,5,plating thickness,accept,2024-06-04 13:36:00,2024-06-05 22:04:00,E-0155,20260106T061500Z-QE24M
RI-24-01205,S-018,plated parts,P-12861-C,L24-0439,,1462,PO-423870,2024-06-06,"Z1.4 single, normal",K,1.0,II,125,0,,accept,2024-06-04 07:19:00,2024-06-06 02:19:00,E-0155,20260106T061500Z-QE24M
RI-24-01206,S-036,heat-treated parts,P-14992-A,L24-0454,,1557,PO-437642,2024-06-05,"Z1.4 single, normal",K,1.0,II,125,0,,accept,2024-06-04 09:24:00,2024-06-05 13:35:00,E-0155,20260106T061500Z-QE24M
RI-24-01207,S-058,purchased components,dowel pins,,,2450,PO-498857,2024-06-05,"Z1.4 single, normal",K,1.0,II,125,0,,accept,2024-06-04 10:51:00,2024-06-05 06:20:00,E-0156,20260106T061500Z-QE24M
RI-24-01208,S-003,bar,4140 bar 25.4 mm,,MC-00301,72,PO-495980,2024-06-06,"Z1.4 single, normal",E,1.0,II,13,0,,accept,2024-06-05 13:28:00,2024-06-07 02:51:00,E-0156,20260106T061500Z-QE24M
RI-24-01209,S-005,bar,8620 bar 25.4 mm,,MC-00303,60,PO-483436,2024-06-05,"Z1.4 single, normal",E,1.0,II,13,0,,accept,2024-06-05 14:27:00,2024-06-07 01:06:00,E-0156,20260106T061500Z-QE24M
RI-24-01210,S-012,bar,6061 bar 19.05 mm,,MC-00302,120,PO-457668,2024-06-05,"Z1.4 single, normal",F,1.0,II,13,0,,accept,2024-06-05 10:29:00,2024-06-06 22:52:00,E-0155,20260106T061500Z-QE24M
RI-24-01211,S-020,plated parts,P-12868-D,L24-0479,,657,PO-436789,2024-06-07,"Z1.4 single, normal",J,1.0,II,38,0,,accept,2024-06-05 08:43:00,2024-06-06 21:01:00,E-0156,20260106T061500Z-QE24M
RI-24-01212,S-039,passivated parts,P-19406-B,L24-0487,,893,PO-404373,2024-06-06,"Z1.4 single, normal",J,1.0,II,80,0,,accept,2024-06-05 11:18:00,2024-06-07 08:32:00,E-0155,20260106T061500Z-QE24M
RI-24-01213,S-043,passivated parts,P-17532-A,L24-0469,,739,PO-405701,2024-06-09,"Z1.4 single, normal",J,1.0,II,80,1,free iron,accept,2024-06-05 12:50:00,2024-06-05 16:01:00,E-0155,20260106T061500Z-QE24M
RI-24-01214,S-048,anodized parts,P-11920-C,L24-0435,,4791,PO-456197,2024-06-05,"Z1.4 single, normal",L,1.0,II,200,0,,accept,2024-06-05 10:24:00,2024-06-06 14:48:00,E-0155,20260106T061500Z-QE24M
RI-24-01215,S-003,bar,4140 bar 25.4 mm,,MC-00304,80,PO-460908,2024-06-08,"Z1.4 single, normal",E,1.0,II,13,0,,accept,2024-06-06 12:12:00,2024-06-07 05:00:00,E-0156,20260106T061500Z-QE24M
RI-24-01216,S-005,bar,8620 bar 25.4 mm,,MC-00305,110,PO-433525,2024-06-09,"Z1.4 single, normal",F,1.0,II,6,0,,accept,2024-06-06 08:56:00,2024-06-08 00:35:00,E-0156,20260106T061500Z-QE24M
RI-24-01217,S-023,plated parts,P-13675-A,L24-0460,,1662,PO-426386,2024-06-07,"Z1.4 single, normal",K,1.0,II,125,1,adhesion,accept,2024-06-06 07:45:00,2024-06-06 10:06:00,E-0155,20260106T061500Z-QE24M
RI-24-01218,S-023,plated parts,P-12343-A,L24-0502,,466,PO-485456,2024-06-08,"Z1.4 single, normal",H,1.0,II,50,0,,accept,2024-06-06 08:50:00,2024-06-06 11:34:00,E-0155,20260106T061500Z-QE24M
RI-24-01219,S-031,heat-treated parts,P-12695-A,L24-0492,,560,PO-468228,2024-06-09,"Z1.4 single, normal",J,1.0,II,80,0,,accept,2024-06-06 13:28:00,2024-06-07 08:16:00,E-0156,20260106T061500Z-QE24M
RI-24-01220,S-038,passivated parts,P-12802-A,L24-0445,,1280,PO-452719,2024-06-10,"Z1.4 single, normal",K,1.0,II,80,0,,accept,2024-06-06 12:49:00,2024-06-07 21:57:00,E-0156,20260106T061500Z-QE24M
RI-24-01221,S-038,passivated parts,P-12092-A,L24-0483,,1086,PO-404500,2024-06-06,"Z1.4 single, normal",J,1.0,II,80,0,,accept,2024-06-06 14:47:00,2024-06-08 05:08:00,E-0156,20260106T061500Z-QE24M
RI-24-01222,S-051,casting,P-11142-B,,,280,PO-499306,2024-06-07,"Z1.4 single, normal",G,1.0,II,50,0,,accept,2024-06-06 11:12:00,2024-06-07 00:25:00,E-0155,20260106T061500Z-QE24M
RI-24-01223,S-051,casting,P-11831-D,,,420,PO-451022,2024-05-31,"Z1.4 single, normal",H,1.0,II,50,0,,accept,2024-06-06 08:21:00,2024-06-06 19:14:00,E-0155,20260106T061500Z-QE24M
RI-24-01224,S-001,bar,1018 bar 50.8 mm,,MC-00306,52,PO-453215,2024-06-09,"Z1.4 single, normal",E,1.0,II,13,0,,accept,2024-06-07 14:31:00,2024-06-09 02:43:00,E-0155,20260106T061500Z-QE24M
RI-24-01225,S-004,bar,4140 bar 25.4 mm,,MC-00307,37,PO-411009,2024-06-09,"Z1.4 single, normal",D,1.0,II,13,0,,accept,2024-06-07 11:18:00,2024-06-07 21:15:00,E-0155,20260106T061500Z-QE24M
RI-24-01226,S-013,bar,7075 bar 50.8 mm,,MC-00308,95,PO-499247,2024-06-10,"Z1.4 single, normal",F,1.0,II,13,0,,accept,2024-06-07 11:11:00,2024-06-07 22:44:00,E-0156,20260106T061500Z-QE24M
RI-24-01227,S-029,heat-treated parts,P-12565-B,L24-0497,,1543,PO-429576,2024-06-09,"Z1.4 single, normal",K,1.0,II,125,0,,accept,2024-06-07 07:05:00,2024-06-09 03:16:00,E-0156,20260106T061500Z-QE24M
RI-24-01228,S-030,heat-treated parts,P-10184-A,L24-0488,,565,PO-406626,2024-06-09,"Z1.4 single, normal",J,1.0,II,36,1,distortion,accept,2024-06-07 12:21:00,2024-06-09 06:10:00,E-0155,20260106T061500Z-QE24M
RI-24-01229,S-033,heat-treated parts,P-14952-A,L24-0482,,1349,PO-426074,2024-06-04,"Z1.4 single, normal",K,1.0,II,125,0,,accept,2024-06-07 14:21:00,2024-06-09 02:13:00,E-0156,20260106T061500Z-QE24M
RI-24-01230,S-034,heat-treated parts,P-18143-B,L24-0484,,1220,PO-444575,2024-06-07,"Z1.4 single, normal",K,1.0,II,125,0,,accept,2024-06-07 14:15:00,2024-06-09 11:24:00,E-0155,20260106T061500Z-QE24M
RI-24-01231,S-037,passivated parts,P-12701-A,L24-0449,,1037,PO-437902,2024-06-07,"Z1.4 single, normal",J,1.0,II,36,0,,accept,2024-06-07 07:35:00,2024-06-09 03:45:00,E-0156,20260106T061500Z-QE24M
RI-24-01232,S-044,passivated parts,P-16180-A,L24-0486,,769,PO-423990,2024-06-07,"Z1.4 single, normal",J,1.0,II,80,0,,accept,2024-06-07 07:34:00,2024-06-08 18:28:00,E-0155,20260106T061500Z-QE24M
RI-24-01233,S-053,casting,P-16034-D,,,1140,PO-496608,2024-06-08,"Z1.4 single, normal",J,1.0,II,80,6,porosity,accept,2024-06-08 14:46:00,2024-06-09 17:17:00,E-0155,20260106T061500Z-QE24M
RI-24-01234,S-051,casting,P-10711-C,,,350,PO-473510,2024-06-13,"Z1.4 single, normal",H,1.0,II,50,0,,accept,2024-06-09 14:28:00,2024-06-10 22:58:00,E-0155,20260106T061500Z-QE24M
RI-24-01235,S-002,bar,1045 bar 38.1 mm,,MC-00309,50,PO-448692,2024-06-13,"Z1.4 single, normal",D,1.0,II,13,0,,accept,2024-06-10 11:52:00,2024-06-11 23:50:00,E-0156,20260106T061500Z-QE24M
RI-24-01236,S-004,bar,4140 bar 31.75 mm,,MC-00314,59,PO-485792,2024-06-13,"Z1.4 single, normal",E,1.0,II,13,0,,accept,2024-06-10 08:36:00,2024-06-10 18:17:00,E-0155,20260106T061500Z-QE24M
RI-24-01237,S-008,bar,304 bar 38.1 mm,,MC-00313,50,PO-412284,2024-06-11,"Z1.4 single, normal",D,1.0,II,13,0,,accept,2024-06-10 11:49:00,2024-06-11 04:04:00,E-0155,20260106T061500Z-QE24M
RI-24-01238,S-011,bar,17-4 bar 25.4 mm,,MC-00310,49,PO-420080,2024-06-13,"Z1.4 single, normal",D,1.0,II,13,0,,accept,2024-06-10 07:41:00,2024-06-10 20:52:00,E-0155,20260106T061500Z-QE24M
RI-24-01239,S-011,bar,17-4 bar 31.75 mm,,MC-00311,25,PO-468485,2024-06-13,"Z1.4 single, normal",C,1.0,II,13,0,,accept,2024-06-10 07:05:00,2024-06-11 07:43:00,E-0156,20260106T061500Z-QE24M
RI-24-01240,S-011,bar,17-4 bar 38.1 mm,,MC-00312,75,PO-444364,2024-06-01,"Z1.4 single, normal",E,1.0,II,8,0,,accept,2024-06-10 12:47:00,2024-06-12 05:10:00,E-0156,20260106T061500Z-QE24M
RI-24-01241,S-013,bar,7075 bar 19.05 mm,,MC-00315,113,PO-483414,2024-06-10,"Z1.4 single, normal",F,1.0,II,13,0,,accept,2024-06-10 07:43:00,2024-06-10 14:45:00,E-0155,20260106T061500Z-QE24M
RI-24-01242,S-014,bar,Ti-6Al-4V bar 19.05 mm,,MC-00316,92,PO-435185,2024-06-13,"Z1.4 single, normal",F,1.0,II,13,0,,accept,2024-06-10 07:00:00,2024-06-11 10:41:00,E-0155,20260106T061500Z-QE24M
RI-24-01243,S-015,plated parts,P-12498-B,L24-0473,,585,PO-438570,2024-06-13,"Z1.4 single, normal",J,1.0,II,80,0,,accept,2024-06-10 10:36:00,2024-06-11 03:03:00,E-0155,20260106T061500Z-QE24M
RI-24-01244,S-020,plated parts,P-12947-A,L24-0509,,1146,PO-488600,2024-06-11,"Z1.4 single, normal",J,1.0,II,40,1,adhesion,accept,2024-06-10 08:09:00,2024-06-11 19:17:00,E-0155,20260106T061500Z-QE24M
RI-24-01245,S-022,plated parts,P-12435-A,L24-0464,,213,PO-413189,2024-06-14,"Z1.4 single, normal",G,1.0,II,50,2,adhesion,accept,2024-06-10 12:37:00,2024-06-11 16:57:00,E-0155,20260106T061500Z-QE24M
RI-24-01246,S-025,plated parts,P-11072-B,L24-0432,,471,PO-478530,2024-06-14,"Z1.4 single, normal",H,1.0,II,50,0,,accept,2024-06-10 09:46:00,2024-06-10 17:27:00,E-0156,20260106T061500Z-QE24M
RI-24-01247,S-026,plated parts,P-13755-A,L24-0474,,293,PO-464458,2024-06-13,"Z1.4 single, normal",H,1.0,II,50,0,,accept,2024-06-10 13:57:00,2024-06-11 21:53:00,E-0155,20260106T061500Z-QE24M
RI-24-01248,S-033,heat-treated parts,P-14989-D,L24-0489,,1404,PO-425340,2024-06-14,"Z1.4 single, normal",K,1.0,II,125,0,,accept,2024-06-10 10:05:00,2024-06-12 02:14:00,E-0156,20260106T061500Z-QE24M
RI-24-01249,S-036,heat-treated parts,P-14371-D,L24-0461,,1597,PO-429318,2024-06-11,"Z1.4 single, normal",K,1.0,II,125,0,,accept,2024-06-10 14:06:00,2024-06-12 13:53:00,E-0155,20260106T061500Z-QE24M
RI-24-01250,S-042,passivated parts,P-19449-A,L24-0500,,1627,PO-455162,2024-06-14,"Z1.4 single, normal",K,1.0,II,125,1,free iron,accept,2024-06-10 08:31:00,2024-06-10 10:15:00,E-0155,20260106T061500Z-QE24M
RI-24-01251,S-044,passivated parts,P-12594-C,L24-0472,,779,PO-419025,2024-06-13,"Z1.4 single, normal",J,1.0,II,80,0,,accept,2024-06-10 12:15:00,2024-06-12 09:14:00,E-0156,20260106T061500Z-QE24M
RI-24-01252,S-044,passivated parts,P-19390-A,L24-0494,,1052,PO-489282,2024-06-10,"Z1.4 single, normal",J,1.0,II,80,0,,accept,2024-06-10 07:47:00,2024-06-10 23:21:00,E-0156,20260106T061500Z-QE24M
RI-24-01253,S-046,anodized parts,P-17319-A,L24-0514,,268,PO-480470,2024-06-12,"Z1.4 single, normal",G,1.0,II,50,1,coating thickness,accept,2024-06-10 08:35:00,2024-06-10 12:06:00,E-0156,20260106T061500Z-QE24M
RI-24-01254,S-049,anodized parts,P-17416-A,L24-0505,,789,PO-432378,2024-06-13,"Z1.4 single, normal",J,1.0,II,80,0,,accept,2024-06-10 11:13:00,2024-06-10 16:09:00,E-0155,20260106T061500Z-QE24M
RI-24-01255,S-053,casting,P-10680-D,,,320,PO-429114,2024-06-13,"Z1.4 single, normal",H,1.0,II,50,0,,accept,2024-06-10 09:44:00,2024-06-11 18:35:00,E-0155,20260106T061500Z-QE24M
RI-24-01256,S-002,bar,1045 bar 38.1 mm,,MC-00317,25,PO-492834,2024-06-11,"Z1.4 single, normal",C,1.0,II,13,0,,accept,2024-06-11 07:14:00,2024-06-11 16:41:00,E-0156,20260106T061500Z-QE24M
RI-24-01257,S-013,bar,7075 bar 19.05 mm,,MC-00318,87,PO-444113,2024-06-12,"Z1.4 single, normal",E,1.0,II,13,0,,accept,2024-06-11 07:46:00,2024-06-11 22:24:00,E-0156,20260106T061500Z-QE24M
RI-24-01258,S-023,plated parts,P-18795-A,L24-0466,,893,PO-437262,2024-06-14,"Z1.4 single, normal",J,1.0,II,43,0,,accept,2024-06-11 09:44:00,2024-06-13 07:23:00,E-0156,20260106T061500Z-QE24M
RI-24-01259,S-036,heat-treated parts,P-12925-A,L24-0493,,1061,PO-446785,2024-06-15,"Z1.4 single, normal",J,1.0,II,80,2,distortion,accept,2024-06-11 08:14:00,2024-06-12 12:37:00,E-0156,20260106T061500Z-QE24M
RI-24-01260,S-037,passivated parts,P-17509-D,L24-0513,,516,PO-428367,2024-06-14,"Z1.4 single, normal",J,1.0,II,80,0,,accept,2024-06-11 10:01:00,2024-06-12 05:17:00,E-0155,20260106T061500Z-QE24M
RI-24-01261,S-041,passivated parts,P-10688-A,L24-0481,,838,PO-470736,2024-06-14,"Z1.4 single, normal",J,1.0,II,80,0,,accept,2024-06-11 14:29:00,2024-06-11 21:06:00,E-0156,20260106T061500Z-QE24M
RI-24-01262,S-041,passivated parts,P-10632-C,L24-0499,,1166,PO-449271,2024-06-14,"Z1.4 single, normal",J,1.0,II,41,1,free iron,accept,2024-06-11 12:20:00,2024-06-12 14:46:00,E-0155,20260106T061500Z-QE24M
RI-24-01263,S-044,passivated parts,P-15347-C,L24-0518,,2232,PO-486047,2024-06-01,"Z1.4 single, normal",K,1.0,II,125,2,free iron,accept,2024-06-11 12:38:00,2024-06-11 21:09:00,E-0155,20260106T061500Z-QE24M
RI-24-01264,S-051,casting,P-16016-A,,,140,PO-463133,2024-06-15,"Z1.4 single, normal",F,1.0,II,13,0,,accept,2024-06-11 11:15:00,2024-06-13 03:56:00,E-0155,20260106T061500Z-QE24M
RI-24-01265,S-055,casting,P-11437-B,,,720,PO-430174,2024-06-15,"Z1.4 single, normal",J,1.0,II,80,1,dimension,accept,2024-06-11 12:13:00,2024-06-11 13:56:00,E-0156,20260106T061500Z-QE24M
RI-24-01266,S-055,casting,P-15949-A,,,510,PO-453464,2024-06-06,"Z1.4 single, normal",J,1.0,II,80,0,,accept,2024-06-11 09:16:00,2024-06-12 02:18:00,E-0156,20260106T061500Z-QE24M
RI-24-01267,S-058,purchased components,O-rings,,,600,PO-494021,2024-06-11,"Z1.4 single, normal",J,1.0,II,80,0,,accept,2024-06-11 07:30:00,2024-06-12 06:01:00,E-0156,20260106T061500Z-QE24M
RI-24-01268,S-018,plated parts,P-13739-B,L24-0511,,461,PO-415649,2024-06-14,"Z1.4 single, normal",H,1.0,II,50,1,plating thickness,accept,2024-06-12 12:54:00,2024-06-13 21:37:00,E-0156,20260106T061500Z-QE24M
RI-24-01269,S-018,plated parts,P-13122-B,L24-0517,,1309,PO-427945,2024-06-13,"Z1.4 single, normal",K,1.0,II,63,0,,accept,2024-06-12 09:29:00,2024-06-13 01:33:00,E-0156,20260106T061500Z-QE24M
RI-24-01270,S-023,plated parts,P-14108-A,L24-0463,,1716,PO-491686,2024-06-15,"Z1.4 single, normal",K,1.0,II,125,0,,accept,2024-06-12 07:45:00,2024-06-12 17:47:00,E-0155,20260106T061500Z-QE24M
RI-24-01271,S-024,plated parts,P-18710-A,L24-0477,,1513,PO-474029,2024-06-11,"Z1.4 single, normal",K,1.0,II,125,0,,accept,2024-06-12 12:17:00,2024-06-14 02:09:00,E-0156,20260106T061500Z-QE24M
RI-24-01272,S-036,heat-treated parts,P-12835-A,L24-0507,,586,PO-458909,2024-06-13,"Z1.4 single, normal",J,1.0,II,80,0,,accept,2024-06-12 07:06:00,2024-06-12 18:21:00,E-0155,20260106T061500Z-QE24M
RI-24-01273,S-040,passivated parts,P-19370-B,L24-0485,,1994,PO-466871,2024-06-16,"Z1.4 single, normal",K,1.0,II,125,3,staining,accept,2024-06-12 09:52:00,2024-06-14 04:03:00,E-0156,20260106T061500Z-QE24M
RI-24-01274,S-030,heat-treated parts,P-10304-A,L24-0510,,699,PO-469173,2024-06-16,"Z1.4 single, normal",J,1.0,II,80,2,distortion,accept,2024-06-13 07:21:00,2024-06-13 15:03:00,E-0155,20260106T061500Z-QE24M
RI-24-01275,S-032,heat-treated parts,P-17937-B,L24-0506,,1131,PO-480382,2024-06-16,"Z1.4 single, normal",J,1.0,II,80,0,,accept,2024-06-13 12:14:00,2024-06-14 13:16:00,E-0155,20260106T061500Z-QE24M
RI-24-01276,S-045,anodized parts,P-13976-B,L24-0501,,888,PO-437649,2024-06-14,"Z1.4 single, normal",J,1.0,II,80,0,,accept,2024-06-13 09:12:00,2024-06-14 16:29:00,E-0156,20260106T061500Z-QE24M
RI-24-01277,S-051,casting,P-16524-A,,,950,PO-471999,2024-06-16,"Z1.4 single, normal",J,1.0,II,80,0,,accept,2024-06-13 12:10:00,2024-06-14 12:20:00,E-0155,20260106T061500Z-QE24M
RI-24-01278,S-055,casting,P-16616-D,,,190,PO-450680,2024-06-14,"Z1.4 single, normal",G,1.0,II,50,0,,accept,2024-06-13 11:57:00,2024-06-13 22:07:00,E-0156,20260106T061500Z-QE24M
RI-24-01279,S-004,bar,4140 bar 44.45 mm,,MC-00321,97,PO-442668,2024-06-15,"Z1.4 single, normal",F,1.0,II,13,0,,accept,2024-06-14 10:05:00,2024-06-14 23:06:00,E-0155,20260106T061500Z-QE24M
RI-24-01280,S-009,bar,316 bar 31.75 mm,,MC-00319,82,PO-487180,2024-06-18,"Z1.4 single, normal",E,1.0,II,13,0,,accept,2024-06-14 14:08:00,2024-06-14 15:25:00,E-0155,20260106T061500Z-QE24M
RI-24-01281,S-010,bar,316 bar 38.1 mm,,MC-00320,115,PO-495300,2024-06-17,"Z1.4 single, normal",F,1.0,II,13,0,,accept,2024-06-14 12:48:00,2024-06-15 05:56:00,E-0156,20260106T061500Z-QE24M
RI-24-01282,S-021,plated parts,P-18462-A,L24-0475,,5287,PO-448838,2024-06-14,"Z1.4 single, normal",L,1.0,II,200,0,,accept,2024-06-14 08:24:00,2024-06-14 12:50:00,E-0155,20260106T061500Z-QE24M
RI-24-01283,S-044,passivated parts,P-14462-A,L24-0512,,655,PO-443098,2024-06-16,"Z1.4 single, normal",J,1.0,II,80,0,,accept,2024-06-14 14:59:00,2024-06-14 18:05:00,E-0156,20260106T061500Z-QE24M
RI-24-01284,S-048,anodized parts,P-11909-A,L24-0480,,1766,PO-432938,2024-06-16,"Z1.4 single, normal",K,1.0,II,125,0,,accept,2024-06-14 09:32:00,2024-06-14 23:44:00,E-0156,20260106T061500Z-QE24M
RI-24-01285,S-051,casting,P-10923-A,,,470,PO-496571,2024-06-16,"Z1.4 single, normal",H,1.0,II,50,3,porosity,accept,2024-06-16 09:41:00,2024-06-16 23:15:00,E-0156,20260106T061500Z-QE24M
RI-24-01286,S-051,casting,P-16839-B,,,1490,PO-438059,2024-06-17,"Z1.4 single, normal",K,1.0,II,125,2,porosity,accept,2024-06-16 11:57:00,2024-06-17 19:32:00,E-0156,20260106T061500Z-QE24M
RI-24-01287,S-003,bar,4140 bar 38.1 mm,,MC-00323,117,PO-456305,2024-06-21,"Z1.4 single, normal",F,1.0,II,7,0,,accept,2024-06-17 13:57:00,2024-06-18 06:38:00,E-0155,20260106T061500Z-QE24M
RI-24-01288,S-010,bar,316 bar 38.1 mm,,MC-00322,69,PO-414143,2024-06-19,"Z1.4 single, normal",E,1.0,II,13,0,,accept,2024-06-17 08:27:00,2024-06-18 03:23:00,E-0156,20260106T061500Z-QE24M
RI-24-01289,S-015,plated parts,P-14371-D,L24-0461,,1597,PO-409686,2024-06-18,"Z1.4 single, normal",K,1.0,II,125,0,,accept,2024-06-17 12:36:00,2024-06-17 17:28:00,E-0155,20260106T061500Z-QE24M
RI-24-01290,S-017,plated parts,P-14992-A,L24-0454,,1557,PO-451824,2024-06-18,"Z1.4 single, normal",K,1.0,II,125,2,adhesion,accept,2024-06-17 12:28:00,2024-06-17 22:30:00,E-0156,20260106T061500Z-QE24M
RI-24-01291,S-017,plated parts,P-14928-A,L24-0468,,1513,PO-455221,2024-06-18,"Z1.4 single, normal",K,1.0,II,125,1,plating thickness,accept,2024-06-17 14:27:00,2024-06-18 17:39:00,E-0155,20260106T061500Z-QE24M
RI-24-01292,S-017,plated parts,P-14952-A,L24-0482,,1349,PO-477225,2024-06-19,"Z1.4 single, normal",K,1.0,II,125,4,blisters,reject,2024-06-17 09:03:00,2024-06-18 11:37:00,E-0156,20260106T061500Z-QE24M
RI-24-01293,S-017,plated parts,P-14989-D,L24-0489,,1404,PO-483278,2024-06-21,"Z1.4 single, normal",K,1.0,II,125,0,,accept,2024-06-17 08:45:00,2024-06-17 17:29:00,E-0156,20260106T061500Z-QE24M
RI-24-01294,S-020,plated parts,P-18153-B,L24-0498,,645,PO-453183,2024-06-21,"Z1.4 single, normal",J,1.0,II,80,0,,accept,2024-06-17 10:14:00,2024-06-18 03:42:00,E-0156,20260106T061500Z-QE24M
RI-24-01295,S-022,plated parts,P-12925-A,L24-0493,,1061,PO-487627,2024-06-18,"Z1.4 single, normal",J,1.0,II,80,0,,accept,2024-06-17 08:13:00,2024-06-18 04:26:00,E-0155,20260106T061500Z-QE24M
RI-24-01296,S-025,plated parts,P-12884-C,L24-0525,,596,PO-418290,2024-06-19,"Z1.4 single, normal",J,1.0,II,80,0,,accept,2024-06-17 13:35:00,2024-06-17 19:53:00,E-0155,20260106T061500Z-QE24M
RI-24-01297,S-027,heat-treated parts,P-11502-A,L24-0476,,3457,PO-475337,2024-06-21,"Z1.4 single, normal",L,1.0,II,200,3,hardness high,accept,2024-06-17 07:55:00,2024-06-18 18:47:00,E-0156,20260106T061500Z-QE24M
RI-24-01298,S-033,heat-treated parts,P-14212-C,L24-0527,,928,PO-466624,2024-06-18,"Z1.4 single, normal",J,1.0,II,80,0,,accept,2024-06-17 13:00:00,2024-06-17 16:49:00,E-0155,20260106T061500Z-QE24M
RI-24-01299,S-036,heat-treated parts,P-18883-A,L24-0531,,808,PO-411690,2024-06-10,"Z1.4 single, normal",J,1.0,II,80,1,hardness low,accept,2024-06-17 12:09:00,2024-06-18 19:01:00,E-0155,20260106T061500Z-QE24M
RI-24-01300,S-037,passivated parts,P-12695-A,L24-0492,,560,PO-467613,2024-06-18,"Z1.4 single, normal",J,1.0,II,63,0,,accept,2024-06-17 12:35:00,2024-06-18 02:40:00,E-0156,20260106T061500Z-QE24M
RI-24-01301,S-040,passivated parts,P-17038-D,L24-0516,,992,PO-430365,2024-06-19,"Z1.4 single, normal",J,1.0,II,80,0,,accept,2024-06-17 14:27:00,2024-06-19 00:18:00,E-0156,20260106T061500Z-QE24M
RI-24-01302,S-040,passivated parts,P-17004-D,L24-0523,,992,PO-426226,2024-06-19,"Z1.4 single, normal",J,1.0,II,80,1,free iron,accept,2024-06-17 08:27:00,2024-06-17 10:20:00,E-0155,20260106T061500Z-QE24M
RI-24-01303,S-041,passivated parts,P-10845-A,L24-0508,,759,PO-481706,2024-06-19,"Z1.4 single, normal",J,1.0,II,80,0,,accept,2024-06-17 11:10:00,2024-06-18 22:39:00,E-0156,20260106T061500Z-QE24M
RI-24-01304,S-044,passivated parts,P-16180-A,L24-0526,,848,PO-481391,2024-06-19,"Z1.4 single, normal",J,1.0,II,80,2,free iron,accept,2024-06-17 10:15:00,2024-06-19 02:30:00,E-0156,20260106T061500Z-QE24M
RI-24-01305,S-047,anodized parts,P-13901-A,L24-0495,,1513,PO-449436,2024-06-17,"Z1.4 single, normal",K,1.0,II,125,1,coating thickness,accept,2024-06-17 10:26:00,2024-06-18 19:17:00,E-0156,20260106T061500Z-QE24M
RI-24-01306,S-048,anodized parts,P-13863-B,L24-0503,,1190,PO-466610,2024-06-18,"Z1.4 single, normal",J,1.0,II,80,0,,accept,2024-06-17 13:29:00,2024-06-18 02:38:00,E-0155,20260106T061500Z-QE24M
RI-24-01307,S-003,bar,4140 bar 38.1 mm,,MC-00324,34,PO-418199,2024-06-21,"Z1.4 single, normal",D,1.0,II,7,0,,accept,2024-06-18 09:40:00,2024-06-18 13:08:00,E-0155,20260106T061500Z-QE24M
RI-24-01308,S-030,heat-treated parts,P-10869-D,L24-0504,,2048,PO-416093,2024-06-22,"Z1.4 single, normal",K,1.0,II,60,1,distortion,accept,2024-06-18 09:35:00,2024-06-19 10:45:00,E-0155,20260106T061500Z-QE24M
RI-24-01309,S-039,passivated parts,P-12213-C,L24-0528,,937,PO-438894,2024-06-20,"Z1.4 single, normal",J,1.0,II,80,0,,accept,2024-06-18 10:49:00,2024-06-20 09:25:00,E-0155,20260106T061500Z-QE24M
RI-24-01310,S-044,passivated parts,P-15742-C,L24-0536,,198,PO-498009,2024-06-22,"Z1.4 single, normal",G,1.0,II,50,0,,accept,2024-06-18 13:00:00,2024-06-20 04:45:00,E-0156,20260106T061500Z-QE24M
RI-24-01311,S-045,anodized parts,P-13888-A,L24-0521,,560,PO-489379,2024-06-20,"Z1.4 single, normal",J,1.0,II,80,1,coating thickness,accept,2024-06-18 11:55:00,2024-06-19 06:41:00,E-0156,20260106T061500Z-QE24M
RI-24-01312,S-004,bar,4140 bar 38.1 mm,,MC-00326,72,PO-410671,2024-06-21,"Z1.4 single, normal",E,1.0,II,13,0,,accept,2024-06-19 14:24:00,2024-06-19 20:11:00,E-0155,20260106T061500Z-QE24M
RI-24-01313,S-005,bar,8620 bar 31.75 mm,,MC-00327,61,PO-483760,2024-06-17,"Z1.4 single, normal",E,1.0,II,13,0,,accept,2024-06-19 14:51:00,2024-06-21 07:51:00,E-0156,20260106T061500Z-QE24M
RI-24-01314,S-007,bar,303 bar 38.1 mm,,MC-00325,53,PO-473431,2024-06-21,"Z1.4 single, normal",E,1.0,II,13,0,,accept,2024-06-19 07:30:00,2024-06-20 10:05:00,E-0155,20260106T061500Z-QE24M
RI-24-01315,S-030,heat-treated parts,P-10900-A,L24-0496,,5099,PO-485226,2024-06-21,"Z1.4 single, normal",L,1.0,II,200,2,hardness low,accept,2024-06-19 11:31:00,2024-06-21 07:45:00,E-0155,20260106T061500Z-QE24M
RI-24-01316,S-004,bar,4140 bar 38.1 mm,,MC-00328,54,PO-450789,2024-06-20,"Z1.4 single, normal",E,1.0,II,13,0,,accept,2024-06-20 08:20:00,2024-06-21 19:05:00,E-0156,20260106T061500Z-QE24M
RI-24-01317,S-012,bar,6061 bar 19.05 mm,,MC-00329,98,PO-486474,2024-06-22,"Z1.4 single, normal",F,1.0,II,13,0,,accept,2024-06-20 12:54:00,2024-06-21 06:34:00,E-0155,20260106T061500Z-QE24M
RI-24-01318,S-025,plated parts,P-12835-A,L24-0507,,586,PO-407567,2024-06-23,"Z1.4 single, normal",J,1.0,II,80,0,,accept,2024-06-20 14:41:00,2024-06-22 06:02:00,E-0155,20260106T061500Z-QE24M
RI-24-01319,S-043,passivated parts,P-12565-B,L24-0497,,1543,PO-439587,2024-06-21,"Z1.4 single, normal",K,1.0,II,125,1,staining,accept,2024-06-20 12:52:00,2024-06-21 14:33:00,E-0156,20260106T061500Z-QE24M
RI-24-01320,S-047,anodized parts,P-17053-A,L24-0535,,947,PO-400768,2024-06-23,"Z1.4 single, normal",J,1.0,II,80,0,,accept,2024-06-20 11:58:00,2024-06-21 02:25:00,E-0156,20260106T061500Z-QE24M
RI-24-01321,S-004,bar,4140 bar 38.1 mm,,MC-00332,50,PO-476107,2024-06-25,"Z1.4 single, normal",D,1.0,II,13,0,,accept,2024-06-21 10:31:00,2024-06-23 10:29:00,E-0156,20260106T061500Z-QE24M
RI-24-01322,S-004,bar,4140 bar 63.5 mm,,MC-00333,117,PO-431224,2024-06-20,"Z1.4 single, normal",F,1.0,II,13,0,,accept,2024-06-21 10:45:00,2024-06-21 16:40:00,E-0156,20260106T061500Z-QE24M
RI-24-01323,S-007,bar,303 bar 50.8 mm,,MC-00330,32,PO-471565,2024-06-25,"Z1.4 single, normal",D,1.0,II,13,0,,accept,2024-06-21 10:14:00,2024-06-22 07:49:00,E-0156,20260106T061500Z-QE24M
RI-24-01324,S-008,bar,304 bar 38.1 mm,,MC-00331,100,PO-420370,2024-06-23,"Z1.4 single, normal",F,1.0,II,13,0,,accept,2024-06-21 14:14:00,2024-06-23 11:58:00,E-0155,20260106T061500Z-QE24M
RI-24-01325,S-021,plated parts,P-12314-A,L24-0520,,2956,PO-413024,2024-06-23,"Z1.4 single, normal",K,1.0,II,125,0,,accept,2024-06-21 11:09:00,2024-06-22 23:51:00,E-0155,20260106T061500Z-QE24M
RI-24-01326,S-021,plated parts,P-18087-D,L24-0522,,1066,PO-455226,2024-06-21,"Z1.4 single, normal",J,1.0,II,80,3,plating thickness,accept,2024-06-21 13:57:00,2024-06-21 22:42:00,E-0156,20260106T061500Z-QE24M
RI-24-01327,S-022,plated parts,P-10184-A,L24-0488,,565,PO-469069,2024-06-25,"Z1.4 single, normal",J,1.0,II,50,0,,accept,2024-06-21 14:30:00,2024-06-22 21:26:00,E-0155,20260106T061500Z-QE24M
RI-24-01328,S-030,heat-treated parts,P-10989-A,L24-0534,,655,PO-410007,2024-06-22,"Z1.4 single, normal",J,1.0,II,80,2,distortion,accept,2024-06-21 08:24:00,2024-06-23 05:33:00,E-0156,20260106T061500Z-QE24M
RI-24-01329,S-031,heat-treated parts,P-14438-A,L24-0529,,967,PO-434944,2024-06-25,"Z1.4 single, normal",J,1.0,II,80,0,,accept,2024-06-21 09:48:00,2024-06-22 09:20:00,E-0155,20260106T061500Z-QE24M
RI-24-01330,S-057,purchased components,threaded inserts,,,2250,PO-490223,2024-06-25,"Z1.4 single, normal",K,1.0,II,125,0,,accept,2024-06-21 09:38:00,2024-06-22 21:21:00,E-0155,20260106T061500Z-QE24M
RI-24-01331,S-054,casting,P-11930-A,,,910,PO-467224,2024-06-24,"Z1.4 single, normal",J,1.0,II,80,0,,accept,2024-06-22 12:36:00,2024-06-23 15:31:00,E-0155,20260106T061500Z-QE24M
RI-24-01332,S-002,bar,1045 bar 31.75 mm,,MC-00334,100,PO-473447,2024-06-28,"Z1.4 single, normal",F,1.0,II,13,0,,accept,2024-06-24 14:57:00,2024-06-25 06:20:00,E-0156,20260106T061500Z-QE24M
RI-24-01333,S-004,bar,4140 bar 25.4 mm,,MC-00338,63,PO-412697,2024-06-26,"Z1.4 single, normal",E,1.0,II,13,0,,accept,2024-06-24 13:06:00,2024-06-24 19:55:00,E-0155,20260106T061500Z-QE24M
RI-24-01334,S-004,bar,4140 bar 63.5 mm,,MC-00339,76,PO-412552,2024-06-25,"Z1.4 single, normal",E,1.0,II,13,0,,accept,2024-06-24 10:39:00,2024-06-25 02:57:00,E-0156,20260106T061500Z-QE24M
RI-24-01335,S-005,bar,8620 bar 31.75 mm,,MC-00340,45,PO-431380,2024-06-24,"Z1.4 single, normal",D,1.0,II,13,0,,accept,2024-06-24 14:19:00,2024-06-26 08:25:00,E-0156,20260106T061500Z-QE24M
RI-24-01336,S-007,bar,303 bar 50.8 mm,,MC-00335,74,PO-409353,2024-06-27,"Z1.4 single, normal",E,1.0,II,13,0,,accept,2024-06-24 12:35:00,2024-06-25 08:20:00,E-0155,20260106T061500Z-QE24M
RI-24-01337,S-008,bar,304 bar 25.4 mm,,MC-00336,110,PO-483840,2024-06-24,"Z1.4 single, normal",F,1.0,II,7,0,,accept,2024-06-24 10:18:00,2024-06-25 00:50:00,E-0155,20260106T061500Z-QE24M
RI-24-01338,S-010,bar,316 bar 31.75 mm,,MC-00337,109,PO-401476,2024-06-28,"Z1.4 single, normal",F,1.0,II,13,0,,accept,2024-06-24 13:59:00,2024-06-24 20:25:00,E-0156,20260106T061500Z-QE24M
RI-24-01339,S-015,plated parts,P-18143-B,L24-0484,,1220,PO-419963,2024-06-27,"Z1.4 single, normal",K,1.0,II,125,2,adhesion,accept,2024-06-24 08:32:00,2024-06-26 07:03:00,E-0156,20260106T061500Z-QE24M
RI-24-01340,S-016,plated parts,P-18883-A,L24-0531,,808,PO-479080,2024-06-28,"Z1.4 single, normal",J,1.0,II,80,0,,accept,2024-06-24 14:26:00,2024-06-26 03:16:00,E-0156,20260106T061500Z-QE24M
RI-24-01341,S-026,plated parts,P-18677-D,L24-0544,,1185,PO-403226,2024-06-28,"Z1.4 single, normal",J,1.0,II,80,0,,accept,2024-06-24 12:15:00,2024-06-25 07:35:00,E-0155,20260106T061500Z-QE24M
RI-24-01342,S-028,heat-treated parts,P-12642-D,L24-0538,,1662,PO-453799,2024-06-26,"Z1.4 single, normal",K,1.0,II,125,0,,accept,2024-06-24 09:46:00,2024-06-25 10:29:00,E-0155,20260106T061500Z-QE24M
RI-24-01343,S-033,heat-treated parts,P-13357-A,L24-0540,,1208,PO-417025,2024-06-26,"Z1.4 single, normal",K,1.0,II,54,0,,accept,2024-06-24 07:32:00,2024-06-24 09:16:00,E-0156,20260106T061500Z-QE24M
RI-24-01344,S-033,heat-treated parts,P-14928-A,L24-0545,,1577,PO-416364,2024-06-27,"Z1.4 single, normal",K,1.0,II,125,0,,accept,2024-06-24 12:06:00,2024-06-25 00:10:00,E-0155,20260106T061500Z-QE24M
RI-24-01345,S-036,heat-treated parts,P-14328-A,L24-0532,,521,PO-427395,2024-06-24,"Z1.4 single, normal",J,1.0,II,80,2,hardness high,accept,2024-06-24 12:00:00,2024-06-25 18:36:00,E-0156,20260106T061500Z-QE24M
RI-24-01346,S-037,passivated parts,P-15723-A,L24-0519,,1815,PO-479311,2024-06-26,"Z1.4 single, normal",K,1.0,II,125,0,,accept,2024-06-24 14:04:00,2024-06-25 07:06:00,E-0155,20260106T061500Z-QE24M
RI-24-01347,S-039,passivated parts,P-17937-B,L24-0506,,1131,PO-430982,2024-06-24,"Z1.4 single, normal",J,1.0,II,80,1,staining,accept,2024-06-24 13:39:00,2024-06-25 06:19:00,E-0156,20260106T061500Z-QE24M
RI-24-01348,S-039,passivated parts,P-15489-A,L24-0530,,1091,PO-409374,2024-06-27,"Z1.4 single, normal",J,1.0,II,80,2,free iron,accept,2024-06-24 13:07:00,2024-06-24 18:56:00,E-0155,20260106T061500Z-QE24M
RI-24-01349,S-041,passivated parts,P-10857-C,L24-0515,,3006,PO-430328,2024-06-27,"Z1.4 single, normal",K,1.0,II,125,0,,accept,2024-06-24 14:58:00,2024-06-24 18:43:00,E-0156,20260106T061500Z-QE24M
RI-24-01350,S-043,passivated parts,P-11884-A,L24-0533,,184,PO-484387,2024-06-18,"Z1.4 single, normal",G,1.0,II,28,0,,accept,2024-06-24 13:24:00,2024-06-24 16:27:00,E-0155,20260106T061500Z-QE24M
RI-24-01351,S-043,passivated parts,P-19014-A,L24-0542,,878,PO-496783,2024-06-28,"Z1.4 single, normal",J,1.0,II,80,1,staining,accept,2024-06-24 07:51:00,2024-06-26 00:14:00,E-0155,20260106T061500Z-QE24M
RI-24-01352,S-057,purchased components,threaded inserts,,,3500,PO-415722,2024-06-25,"Z1.4 single, normal",L,1.0,II,200,2,thread,accept,2024-06-24 07:46:00,2024-06-24 21:44:00,E-0155,20260106T061500Z-QE24M
RI-24-01353,S-007,bar,303 bar 50.8 mm,,MC-00341,65,PO-479674,2024-06-28,"Z1.4 single, normal",E,1.0,II,13,0,,accept,2024-06-25 11:43:00,2024-06-27 05:43:00,E-0156,20260106T061500Z-QE24M
RI-24-01354,S-008,bar,304 bar 25.4 mm,,MC-00342,64,PO-427703,2024-06-29,"Z1.4 single, normal",E,1.0,II,13,0,,accept,2024-06-25 10:45:00,2024-06-26 07:01:00,E-0155,20260106T061500Z-QE24M
RI-24-01355,S-023,plated parts,P-11502-A,L24-0476,,3457,PO-481254,2024-06-27,"Z1.4 single, normal",L,1.0,II,200,0,,accept,2024-06-25 10:59:00,2024-06-27 00:08:00,E-0156,20260106T061500Z-QE24M
RI-24-01356,S-026,plated parts,P-10304-A,L24-0510,,699,PO-477204,2024-06-27,"Z1.4 single, normal",J,1.0,II,80,1,staining,accept,2024-06-25 14:17:00,2024-06-26 19:58:00,E-0156,20260106T061500Z-QE24M
RI-24-01357,S-033,heat-treated parts,P-13229-B,L24-0549,,377,PO-483065,2024-06-28,"Z1.4 single, normal",H,1.0,II,37,0,,accept,2024-06-25 12:34:00,2024-06-27 10:01:00,E-0156,20260106T061500Z-QE24M
RI-24-01358,S-036,heat-treated parts,P-14168-B,L24-0553,,903,PO-427020,2024-06-25,"Z1.4 single, normal",J,1.0,II,80,2,hardness low,accept,2024-06-25 07:37:00,2024-06-26 05:59:00,E-0155,20260106T061500Z-QE24M
RI-24-01359,S-038,passivated parts,P-19165-D,L24-0555,,640,PO-404610,2024-06-27,"Z1.4 single, normal",J,1.0,II,80,0,,accept,2024-06-25 11:29:00,2024-06-26 16:03:00,E-0156,20260106T061500Z-QE24M
RI-24-01360,S-040,passivated parts,P-11163-D,L24-0547,,2182,PO-429250,2024-06-27,"Z1.4 single, normal",K,1.0,II,125,0,,accept,2024-06-25 08:53:00,2024-06-26 19:02:00,E-0156,20260106T061500Z-QE24M
RI-24-01361,S-044,passivated parts,P-16180-A,L24-0546,,823,PO-497705,2024-06-25,"Z1.4 single, normal",J,1.0,II,80,0,,accept,2024-06-25 07:49:00,2024-06-26 03:45:00,E-0155,20260106T061500Z-QE24M
RI-24-01362,S-006,bar,303 bar 50.8 mm,,MC-00343,38,PO-475875,2024-06-29,"Z1.4 single, normal",D,1.0,II,9,1,surface seams,reject,2024-06-26 11:52:00,2024-06-28 01:41:00,E-0156,20260106T061500Z-QE24M
RI-24-01363,S-001,bar,1018 bar 25.4 mm,,MC-00344,117,PO-463782,2024-06-28,"Z1.4 single, normal",F,1.0,II,13,0,,accept,2024-06-27 12:59:00,2024-06-27 22:30:00,E-0156,20260106T061500Z-QE24M
RI-24-01364,S-013,bar,7075 bar 50.8 mm,,MC-00345,118,PO-447435,2024-06-26,"Z1.4 single, normal",F,1.0,II,13,0,,accept,2024-06-27 12:52:00,2024-06-29 11:13:00,E-0155,20260106T061500Z-QE24M
RI-24-01365,S-031,heat-treated parts,P-16831-C,L24-0567,,551,PO-404710,2024-06-29,"Z1.4 single, normal",J,1.0,II,43,0,,accept,2024-06-27 14:49:00,2024-06-27 20:06:00,E-0155,20260106T061500Z-QE24M
RI-24-01366,S-039,passivated parts,P-17014-A,L24-0566,,992,PO-420851,2024-06-20,"Z1.4 single, normal",J,1.0,II,80,2,staining,accept,2024-06-27 10:23:00,2024-06-29 06:11:00,E-0156,20260106T061500Z-QE24M
RI-24-01367,S-047,anodized parts,P-17247-D,L24-0548,,501,PO-490064,2024-06-30,"Z1.4 single, normal",J,1.0,II,80,0,,accept,2024-06-27 07:13:00,2024-06-27 12:04:00,E-0156,20260106T061500Z-QE24M
RI-24-01368,S-038,passivated parts,P-16567-A,L24-0524,,3323,PO-444602,2024-07-01,"Z1.4 single, normal",L,1.0,II,200,2,staining,accept,2024-06-28 08:29:00,2024-06-28 17:01:00,E-0155,20260106T061500Z-QE24M
RI-24-01369,S-040,passivated parts,P-11265-A,L24-0550,,1056,PO-412366,2024-06-28,"Z1.4 single, normal",J,1.0,II,80,0,,accept,2024-06-28 08:48:00,2024-06-28 15:55:00,E-0156,20260106T061500Z-QE24M
RI-24-01370,S-042,passivated parts,P-14885-D,L24-0563,,382,PO-431632,2024-07-01,"Z1.4 single, normal",H,1.0,II,50,0,,accept,2024-06-28 12:33:00,2024-06-29 05:53:00,E-0155,20260106T061500Z-QE24M
RI-24-01371,S-045,anodized parts,P-17131-A,L24-0543,,928,PO-489658,2024-07-01,"Z1.4 single, normal",J,1.0,II,34,0,,accept,2024-06-28 10:52:00,2024-06-29 01:14:00,E-0155,20260106T061500Z-QE24M
RI-24-01372,S-045,anodized parts,P-11923-A,L24-0558,,1176,PO-427904,2024-06-28,"Z1.4 single, normal",J,1.0,II,80,2,color,accept,2024-06-28 09:25:00,2024-06-29 15:57:00,E-0156,20260106T061500Z-QE24M
RI-24-01373,S-051,casting,P-11494-C,,,700,PO-482202,2024-07-01,"Z1.4 single, normal",J,1.0,II,80,2,flash,accept,2024-06-29 12:14:00,2024-06-30 10:14:00,E-0156,20260106T061500Z-QE24M
RI-24-01374,S-051,casting,P-16548-D,,,910,PO-436653,2024-07-02,"Z1.4 single, normal",J,1.0,II,80,0,,accept,2024-06-29 13:11:00,2024-06-30 23:10:00,E-0155,20260106T061500Z-QE24M
RI-24-01375,S-008,bar,304 bar 25.4 mm,,MC-00346,92,PO-448694,2024-07-05,"Z1.4 single, normal",F,1.0,II,13,0,,accept,2024-07-01 08:37:00,2024-07-02 17:46:00,E-0156,20260106T061500Z-QE24M
RI-24-01376,S-015,plated parts,P-10869-D,L24-0504,,2048,PO-442925,2024-07-05,"Z1.4 single, normal",K,1.0,II,125,0,,accept,2024-07-01 07:09:00,2024-07-02 07:46:00,E-0156,20260106T061500Z-QE24M
RI-24-01377,S-017,plated parts,P-13357-A,L24-0540,,1208,PO-438578,2024-06-21,"Z1.4 single, normal",K,1.0,II,125,0,,accept,2024-07-01 10:01:00,2024-07-01 14:06:00,E-0155,20260106T061500Z-QE24M
RI-24-01378,S-017,plated parts,P-14928-A,L24-0545,,1577,PO-432986,2024-07-04,"Z1.4 single, normal",K,1.0,II,125,1,blisters,accept,2024-07-01 10:32:00,2024-07-02 23:44:00,E-0156,20260106T061500Z-QE24M
RI-24-01379,S-018,plated parts,P-10469-D,L24-0556,,908,PO-460106,2024-07-04,"Z1.4 single, normal",J,1.0,II,80,0,,accept,2024-07-01 09:15:00,2024-07-03 03:33:00,E-0155,20260106T061500Z-QE24M
RI-24-01380,S-018,plated parts,P-14103-B,L24-0561,,2535,PO-453955,2024-07-03,"Z1.4 single, normal",K,1.0,II,125,0,,accept,2024-07-01 09:29:00,2024-07-03 02:07:00,E-0156,20260106T061500Z-QE24M
RI-24-01381,S-020,plated parts,P-14328-A,L24-0532,,521,PO-432493,2024-07-05,"Z1.4 single, normal",J,1.0,II,49,0,,accept,2024-07-01 08:12:00,2024-07-02 16:41:00,E-0155,20260106T061500Z-QE24M
RI-24-01382,S-022,plated parts,P-14438-A,L24-0529,,967,PO-456028,2024-07-04,"Z1.4 single, normal",J,1.0,II,80,0,,accept,2024-07-01 11:58:00,2024-07-01 17:20:00,E-0156,20260106T061500Z-QE24M
RI-24-01383,S-022,plated parts,P-14168-B,L24-0553,,903,PO-448339,2024-07-01,"Z1.4 single, normal",J,1.0,II,80,0,,accept,2024-07-01 09:30:00,2024-07-02 05:18:00,E-0156,20260106T061500Z-QE24M
RI-24-01384,S-023,plated parts,P-14212-C,L24-0527,,928,PO-423292,2024-07-03,"Z1.4 single, normal",J,1.0,II,80,0,,accept,2024-07-01 14:35:00,2024-07-03 02:30:00,E-0155,20260106T061500Z-QE24M
RI-24-01385,S-025,plated parts,P-14134-A,L24-0554,,1602,PO-469472,2024-07-02,"Z1.4 single, normal",K,1.0,II,125,0,,accept,2024-07-01 09:50:00,2024-07-02 00:05:00,E-0155,20260106T061500Z-QE24M
RI-24-01386,S-028,heat-treated parts,P-17934-A,L24-0551,,823,PO-463059,2024-06-30,"Z1.4 single, normal",J,1.0,II,80,0,,accept,2024-07-01 12:18:00,2024-07-02 19:06:00,E-0156,20260106T061500Z-QE24M
RI-24-01387,S-029,heat-treated parts,P-15156-A,L24-0565,,972,PO-448454,2024-07-02,"Z1.4 single, normal",J,1.0,II,80,0,,accept,2024-07-01 07:15:00,2024-07-02 10:19:00,E-0155,20260106T061500Z-QE24M
RI-24-01388,S-031,heat-treated parts,P-18115-C,L24-0537,,1061,PO-494391,2024-07-05,"Z1.4 single, normal",J,1.0,II,80,0,,accept,2024-07-01 09:18:00,2024-07-03 08:42:00,E-0156,20260106T061500Z-QE24M
RI-24-01389,S-032,heat-treated parts,P-13608-D,L24-0539,,1200,PO-407554,2024-07-01,"Z1.4 single, normal",J,1.0,II,80,0,,accept,2024-07-01 07:29:00,2024-07-01 08:21:00,E-0156,20260106T061500Z-QE24M
RI-24-01390,S-033,heat-treated parts,P-12828-B,L24-0564,,1565,PO-432829,2024-07-03,"Z1.4 single, normal",K,1.0,II,125,0,,accept,2024-07-01 08:31:00,2024-07-03 01:38:00,E-0155,20260106T061500Z-QE24M
RI-24-01391,S-036,heat-treated parts,P-14117-A,L24-0560,,1106,PO-477213,2024-07-01,"Z1.4 single, normal",J,1.0,II,80,1,distortion,accept,2024-07-01 12:00:00,2024-07-02 17:50:00,E-0155,20260106T061500Z-QE24M
RI-24-01392,S-038,passivated parts,P-16751-A,L24-0541,,2009,PO-402971,2024-07-04,"Z1.4 single, normal",K,1.0,II,125,0,,accept,2024-07-01 13:53:00,2024-07-01 19:15:00,E-0155,20260106T061500Z-QE24M
RI-24-01393,S-044,passivated parts,P-11301-A,L24-0580,,1056,PO-441825,2024-07-02,"Z1.4 single, normal",J,1.0,II,49,0,,accept,2024-07-01 07:55:00,2024-07-03 00:14:00,E-0156,20260106T061500Z-QE24M
RI-24-01394,S-051,casting,P-16150-B,,,290,PO-429170,2024-06-29,"Z1.4 single, normal",H,1.0,II,50,1,porosity,accept,2024-07-01 14:22:00,2024-07-03 07:31:00,E-0156,20260106T061500Z-QE24M
RI-24-01395,S-051,casting,P-16571-D,,,250,PO-443762,2024-07-02,"Z1.4 single, normal",G,1.0,II,50,0,,accept,2024-07-01 07:43:00,2024-07-02 22:07:00,E-0156,20260106T061500Z-QE24M
RI-24-01396,S-005,bar,8620 bar 19.05 mm,,MC-00347,80,PO-432361,2024-06-29,"Z1.4 single, normal",E,1.0,II,13,0,,accept,2024-07-02 12:49:00,2024-07-03 13:14:00,E-0155,20260106T061500Z-QE24M
RI-24-01397,S-030,heat-treated parts,P-10257-C,L24-0559,,734,PO-493255,2024-07-02,"Z1.4 single, normal",J,1.0,II,80,1,hardness high,accept,2024-07-02 07:03:00,2024-07-04 03:18:00,E-0156,20260106T061500Z-QE24M
RI-24-01398,S-033,heat-treated parts,P-14952-A,L24-0575,,1414,PO-461744,2024-07-06,"Z1.4 single, normal",K,1.0,II,125,0,,accept,2024-07-02 07:26:00,2024-07-04 03:03:00,E-0155,20260106T061500Z-QE24M
RI-24-01399,S-039,passivated parts,P-12642-D,L24-0538,,1662,PO-416739,2024-06-29,"Z1.4 single, normal",K,1.0,II,125,0,,accept,2024-07-02 14:27:00,2024-07-03 14:41:00,E-0156,20260106T061500Z-QE24M
RI-24-01400,S-046,anodized parts,P-17326-D,L24-0589,,1285,PO-443147,2024-06-29,"Z1.4 single, normal",K,1.0,II,125,0,,accept,2024-07-02 11:58:00,2024-07-03 09:01:00,E-0156,20260106T061500Z-QE24M
RI-24-01401,S-051,casting,P-10749-A,,,630,PO-418231,2024-07-03,"Z1.4 single, normal",J,1.0,II,80,1,dimension,accept,2024-07-02 12:59:00,2024-07-03 09:01:00,E-0155,20260106T061500Z-QE24M
RI-24-01402,S-005,bar,8620 bar 19.05 mm,,MC-00349,80,PO-456508,2024-07-05,"Z1.4 single, normal",E,1.0,II,13,0,,accept,2024-07-03 11:05:00,2024-07-04 00:31:00,E-0156,20260106T061500Z-QE24M
RI-24-01403,S-010,bar,316 bar 31.75 mm,,MC-00348,78,PO-423355,2024-07-04,"Z1.4 single, normal",E,1.0,II,13,0,,accept,2024-07-03 08:21:00,2024-07-03 12:00:00,E-0156,20260106T061500Z-QE24M
RI-24-01404,S-016,plated parts,P-16831-C,L24-0567,,551,PO-483993,2024-07-07,"Z1.4 single, normal",J,1.0,II,80,1,plating thickness,accept,2024-07-03 12:04:00,2024-07-05 03:09:00,E-0156,20260106T061500Z-QE24M
RI-24-01405,S-022,plated parts,P-18315-A,L24-0586,,1746,PO-496949,2024-07-04,"Z1.4 single, normal",K,1.0,II,125,0,,accept,2024-07-03 09:12:00,2024-07-04 10:49:00,E-0156,20260106T061500Z-QE24M
RI-24-01406,S-035,heat-treated parts,P-16995-D,L24-0557,,1513,PO-483020,2024-07-07,"Z1.4 single, normal",K,1.0,II,125,0,,accept,2024-07-03 12:24:00,2024-07-04 21:02:00,E-0155,20260106T061500Z-QE24M
RI-24-01407,S-036,heat-treated parts,P-13483-A,L24-0568,,891,PO-477978,2024-07-05,"Z1.4 single, normal",J,1.0,II,80,3,hardness low,reject,2024-07-03 08:17:00,2024-07-04 03:45:00,E-0155,20260106T061500Z-QE24M
RI-24-01408,S-036,heat-treated parts,P-17854-A,L24-0581,,719,PO-452898,2024-07-03,"Z1.4 single, normal",J,1.0,II,80,1,hardness high,accept,2024-07-03 12:03:00,2024-07-05 07:03:00,E-0156,20260106T061500Z-QE24M
RI-24-01409,S-048,anodized parts,P-12016-A,L24-0562,,957,PO-438341,2024-07-04,"Z1.4 single, normal",J,1.0,II,60,0,,accept,2024-07-03 12:29:00,2024-07-05 04:46:00,E-0155,20260106T061500Z-QE24M
RI-24-01410,S-005,bar,8620 bar 19.05 mm,,MC-00352,28,PO-461308,2024-06-30,"Z1.4 single, normal",D,1.0,II,13,0,,accept,2024-07-05 08:32:00,2024-07-05 18:20:00,E-0155,20260106T061500Z-QE24M
RI-24-01411,S-007,bar,303 bar 19.05 mm,,MC-00350,25,PO-495845,2024-07-06,"Z1.4 single, normal",C,1.0,II,13,0,,accept,2024-07-05 10:43:00,2024-07-06 08:25:00,E-0156,20260106T061500Z-QE24M
RI-24-01412,S-009,bar,316 bar 25.4 mm,,MC-00351,47,PO-411876,2024-07-06,"Z1.4 single, normal",D,1.0,II,13,0,,accept,2024-07-05 07:04:00,2024-07-05 22:21:00,E-0155,20260106T061500Z-QE24M
RI-24-01413,S-025,plated parts,P-10989-A,L24-0534,,655,PO-424557,2024-07-08,"Z1.4 single, normal",J,1.0,II,80,0,,accept,2024-07-05 11:08:00,2024-07-05 14:49:00,E-0155,20260106T061500Z-QE24M
RI-24-01414,S-030,heat-treated parts,P-10116-B,L24-0571,,1835,PO-412350,2024-07-05,"Z1.4 single, normal",K,1.0,II,125,1,hardness low,accept,2024-07-05 13:38:00,2024-07-06 20:38:00,E-0156,20260106T061500Z-QE24M
RI-24-01415,S-039,passivated parts,P-12303-D,L24-0584,,799,PO-440916,2024-07-08,"Z1.4 single, normal",J,1.0,II,80,0,,accept,2024-07-05 11:48:00,2024-07-06 03:26:00,E-0156,20260106T061500Z-QE24M
RI-24-01416,S-040,passivated parts,P-19299-A,L24-0579,,2440,PO-432472,2024-07-07,"Z1.4 single, normal",K,1.0,II,125,1,staining,accept,2024-07-05 09:14:00,2024-07-06 12:29:00,E-0156,20260106T061500Z-QE24M
RI-24-01417,S-048,anodized parts,P-11950-A,L24-0570,,873,PO-405458,2024-07-09,"Z1.4 single, normal",J,1.0,II,80,0,,accept,2024-07-05 13:11:00,2024-07-07 07:45:00,E-0156,20260106T061500Z-QE24M
RI-24-01418,S-053,casting,P-10725-B,,,210,PO-406149,2024-07-08,"Z1.4 single, normal",G,1.0,II,50,1,dimension,accept,2024-07-06 11:46:00,2024-07-07 00:26:00,E-0156,20260106T061500Z-QE24M
RI-24-01419,S-058,purchased components,threaded inserts,,,2850,PO-420093,2024-07-09,"Z1.4 single, normal",K,1.0,II,125,2,damage,accept,2024-07-06 14:51:00,2024-07-08 06:49:00,E-0156,20260106T061500Z-QE24M
RI-24-01420,S-004,bar,4140 bar 44.45 mm,,MC-00354,104,PO-486424,2024-07-09,"Z1.4 single, normal",F,1.0,II,13,0,,accept,2024-07-08 12:49:00,2024-07-08 23:54:00,E-0155,20260106T061500Z-QE24M
RI-24-01421,S-007,bar,303 bar 19.05 mm,,MC-00353,39,PO-402508,2024-07-08,"Z1.4 single, normal",D,1.0,II,7,0,,accept,2024-07-08 08:19:00,2024-07-09 14:45:00,E-0156,20260106T061500Z-QE24M
RI-24-01422,S-013,bar,7075 bar 25.4 mm,,MC-00355,85,PO-464589,2024-07-08,"Z1.4 single, normal",E,1.0,II,13,0,,accept,2024-07-08 12:04:00,2024-07-08 17:41:00,E-0156,20260106T061500Z-QE24M
RI-24-01423,S-016,plated parts,P-18904-D,L24-0596,,556,PO-467072,2024-06-30,"Z1.4 single, normal",J,1.0,II,80,0,,accept,2024-07-08 11:19:00,2024-07-10 03:28:00,E-0156,20260106T061500Z-QE24M
RI-24-01424,S-023,plated parts,P-10536-A,L24-0607,,630,PO-473965,2024-07-08,"Z1.4 single, normal",J,1.0,II,34,0,,accept,2024-07-08 12:08:00,2024-07-09 22:36:00,E-0155,20260106T061500Z-QE24M
RI-24-01425,S-025,plated parts,P-13229-B,L24-0549,,377,PO-480198,2024-07-12,"Z1.4 single, normal",H,1.0,II,50,1,staining,accept,2024-07-08 08:26:00,2024-07-08 15:05:00,E-0155,20260106T061500Z-QE24M
RI-24-01426,S-025,plated parts,P-10257-C,L24-0559,,734,PO-450996,2024-07-10,"Z1.4 single, normal",J,1.0,II,80,0,,accept,2024-07-08 12:49:00,2024-07-09 00:59:00,E-0155,20260106T061500Z-QE24M
RI-24-01427,S-027,heat-treated parts,P-18023-B,L24-0599,,615,PO-454519,2024-07-08,"Z1.4 single, normal",J,1.0,II,80,0,,accept,2024-07-08 12:58:00,2024-07-08 23:18:00,E-0155,20260106T061500Z-QE24M
RI-24-01428,S-031,heat-treated parts,P-18035-B,L24-0578,,531,PO-402954,2024-07-10,"Z1.4 single, normal",J,1.0,II,80,2,hardness high,accept,2024-07-08 14:05:00,2024-07-09 02:28:00,E-0156,20260106T061500Z-QE24M
RI-24-01429,S-033,heat-treated parts,P-14140-A,L24-0588,,878,PO-421800,2024-07-09,"Z1.4 single, normal",J,1.0,II,80,2,hardness high,accept,2024-07-08 13:07:00,2024-07-09 04:23:00,E-0156,20260106T061500Z-QE24M
RI-24-01430,S-033,heat-treated parts,P-14108-A,L24-0590,,1796,PO-422492,2024-07-09,"Z1.4 single, normal",K,1.0,II,125,0,,accept,2024-07-08 08:50:00,2024-07-10 03:43:00,E-0156,20260106T061500Z-QE24M
RI-24-01431,S-033,heat-treated parts,P-14175-A,L24-0600,,714,PO-423802,2024-07-10,"Z1.4 single, normal",J,1.0,II,36,0,,accept,2024-07-08 12:04:00,2024-07-09 19:48:00,E-0156,20260106T061500Z-QE24M
RI-24-01432,S-034,heat-treated parts,P-12750-D,L24-0569,,2257,PO-461533,2024-07-11,"Z1.4 single, normal",K,1.0,II,125,0,,accept,2024-07-08 07:07:00,2024-07-09 03:38:00,E-0155,20260106T061500Z-QE24M
RI-24-01433,S-034,heat-treated parts,P-12907-D,L24-0592,,544,PO-417361,2024-07-12,"Z1.4 single, normal",J,1.0,II,80,1,hardness low,accept,2024-07-08 13:28:00,2024-07-09 01:04:00,E-0156,20260106T061500Z-QE24M
RI-24-01434,S-034,heat-treated parts,P-12756-B,L24-0594,,1731,PO-493973,2024-07-09,"Z1.4 single, normal",K,1.0,II,125,2,hardness low,accept,2024-07-08 09:05:00,2024-07-08 12:04:00,E-0156,20260106T061500Z-QE24M
RI-24-01435,S-037,passivated parts,P-17627-A,L24-0587,,784,PO-447156,2024-07-09,"Z1.4 single, normal",J,1.0,II,80,1,staining,accept,2024-07-08 07:26:00,2024-07-08 19:33:00,E-0156,20260106T061500Z-QE24M
RI-24-01436,S-038,passivated parts,P-15839-B,L24-0585,,476,PO-431672,2024-07-10,"Z1.4 single, normal",H,1.0,II,50,0,,accept,2024-07-08 07:01:00,2024-07-09 23:21:00,E-0156,20260106T061500Z-QE24M
RI-24-01437,S-039,passivated parts,P-15615-C,L24-0573,,1205,PO-442622,2024-07-11,"Z1.4 single, normal",K,1.0,II,125,0,,accept,2024-07-08 12:15:00,2024-07-09 22:32:00,E-0156,20260106T061500Z-QE24M
RI-24-01438,S-039,passivated parts,P-14762-C,L24-0591,,526,PO-412352,2024-07-05,"Z1.4 single, normal",J,1.0,II,63,0,,accept,2024-07-08 08:59:00,2024-07-09 11:02:00,E-0155,20260106T061500Z-QE24M
RI-24-01439,S-044,passivated parts,P-17934-A,L24-0551,,823,PO-446988,2024-06-28,"Z1.4 single, normal",J,1.0,II,80,0,,accept,2024-07-08 11:07:00,2024-07-08 23:52:00,E-0155,20260106T061500Z-QE24M
RI-24-01440,S-048,anodized parts,P-11909-A,L24-0552,,1954,PO-463889,2024-07-08,"Z1.4 single, normal",K,1.0,II,125,0,,accept,2024-07-08 14:03:00,2024-07-10 00:04:00,E-0155,20260106T061500Z-QE24M
RI-24-01441,S-048,anodized parts,P-17255-D,L24-0574,,1364,PO-443506,2024-07-09,"Z1.4 single, normal",K,1.0,II,125,0,,accept,2024-07-08 07:23:00,2024-07-08 11:15:00,E-0155,20260106T061500Z-QE24M
RI-24-01442,S-051,casting,P-10743-D,,,370,PO-413417,2024-07-08,"Z1.4 single, normal",H,1.0,II,25,0,,accept,2024-07-08 14:49:00,2024-07-09 18:01:00,E-0156,20260106T061500Z-QE24M
RI-24-01443,S-051,casting,P-16001-D,,,910,PO-410009,2024-07-12,"Z1.4 single, normal",J,1.0,II,80,1,dimension,accept,2024-07-08 13:52:00,2024-07-09 15:04:00,E-0156,20260106T061500Z-QE24M
RI-24-01444,S-009,bar,316 bar 25.4 mm,,MC-00356,63,PO-425741,2024-07-09,"Z1.4 single, normal",E,1.0,II,13,0,,accept,2024-07-09 14:13:00,2024-07-10 07:16:00,E-0155,20260106T061500Z-QE24M
RI-24-01445,S-017,plated parts,P-14952-A,L24-0575,,1414,PO-416126,2024-07-11,"Z1.4 single, normal",K,1.0,II,125,6,blisters,accept,2024-07-09 14:52:00,2024-07-11 09:10:00,E-0155,20260106T061500Z-QE24M
RI-24-01446,S-018,plated parts,P-10574-A,L24-0583,,1443,PO-449194,2024-07-13,"Z1.4 single, normal",K,1.0,II,125,0,,accept,2024-07-09 10:09:00,2024-07-10 03:14:00,E-0156,20260106T061500Z-QE24M
RI-24-01447,S-026,plated parts,P-18115-C,L24-0537,,1061,PO-454657,2024-07-09,"Z1.4 single, normal",J,1.0,II,80,1,plating thickness,accept,2024-07-09 10:51:00,2024-07-09 17:19:00,E-0155,20260106T061500Z-QE24M
RI-24-01448,S-055,casting,P-11625-A,,,440,PO-406520,2024-07-13,"Z1.4 single, normal",H,1.0,II,26,0,,accept,2024-07-09 10:21:00,2024-07-09 20:52:00,E-0155,20260106T061500Z-QE24M
RI-24-01449,S-057,purchased components,threaded inserts,,,950,PO-442344,2024-07-11,"Z1.4 single, normal",J,1.0,II,80,0,,accept,2024-07-09 14:43:00,2024-07-10 04:16:00,E-0156,20260106T061500Z-QE24M
RI-24-01450,S-002,bar,1045 bar 25.4 mm,,MC-00357,26,PO-470793,2024-07-12,"Z1.4 single, normal",D,1.0,II,13,0,,accept,2024-07-10 07:55:00,2024-07-10 12:16:00,E-0155,20260106T061500Z-QE24M
RI-24-01451,S-004,bar,4140 bar 25.4 mm,,MC-00359,111,PO-430201,2024-07-14,"Z1.4 single, normal",F,1.0,II,5,0,,accept,2024-07-10 10:48:00,2024-07-10 15:45:00,E-0155,20260106T061500Z-QE24M
RI-24-01452,S-006,bar,303 bar 50.8 mm,,MC-00358,51,PO-464794,2024-07-13,"Z1.4 single, normal",E,1.0,II,5,0,,accept,2024-07-10 11:21:00,2024-07-11 10:24:00,E-0156,20260106T061500Z-QE24M
RI-24-01453,S-017,plated parts,P-14966-D,L24-0606,,1424,PO-405218,2024-07-11,"Z1.4 single, normal",K,1.0,II,125,1,adhesion,accept,2024-07-10 10:47:00,2024-07-11 07:15:00,E-0155,20260106T061500Z-QE24M
RI-24-01454,S-020,plated parts,P-12828-B,L24-0564,,1565,PO-494367,2024-07-12,"Z1.4 single, normal",K,1.0,II,125,0,,accept,2024-07-10 13:31:00,2024-07-10 18:44:00,E-0156,20260106T061500Z-QE24M
RI-24-01455,S-023,plated parts,P-14117-A,L24-0560,,1106,PO-461271,2024-07-10,"Z1.4 single, normal",J,1.0,II,80,0,,accept,2024-07-10 09:07:00,2024-07-10 11:23:00,E-0155,20260106T061500Z-QE24M
RI-24-01456,S-029,heat-treated parts,P-18778-A,L24-0627,,238,PO-400472,2024-07-10,"Z1.4 single, normal",G,1.0,II,50,1,hardness low,accept,2024-07-10 08:26:00,2024-07-10 23:41:00,E-0156,20260106T061500Z-QE24M
RI-24-01457,S-044,passivated parts,P-11226-C,L24-0597,,1652,PO-426401,2024-07-03,"Z1.4 single, normal",K,1.0,II,125,2,staining,accept,2024-07-10 12:46:00,2024-07-11 16:30:00,E-0155,20260106T061500Z-QE24M
RI-24-01458,S-051,casting,P-15986-A,,,610,PO-411962,2024-07-12,"Z1.4 single, normal",J,1.0,II,80,0,,accept,2024-07-10 13:08:00,2024-07-11 22:49:00,E-0155,20260106T061500Z-QE24M
RI-24-01459,S-053,casting,P-15949-A,,,710,PO-478081,2024-07-11,"Z1.4 single, normal",J,1.0,II,80,1,porosity,accept,2024-07-10 10:17:00,2024-07-11 22:21:00,E-0155,20260106T061500Z-QE24M
RI-24-01460,S-010,bar,316 bar 31.75 mm,,MC-00360,34,PO-435011,2024-07-12,"Z1.4 single, normal",D,1.0,II,13,0,,accept,2024-07-11 12:14:00,2024-07-13 11:42:00,E-0156,20260106T061500Z-QE24M
RI-24-01461,S-020,plated parts,P-16995-D,L24-0557,,1513,PO-477211,2024-07-13,"Z1.4 single, normal",K,1.0,II,125,0,,accept,2024-07-11 12:45:00,2024-07-11 18:52:00,E-0155,20260106T061500Z-QE24M
RI-24-01462,S-025,plated parts,P-14225-A,L24-0595,,1042,PO-441123,2024-07-13,"Z1.4 single, normal",J,1.0,II,80,0,,accept,2024-07-11 09:29:00,2024-07-12 09:16:00,E-0155,20260106T061500Z-QE24M
RI-24-01463,S-041,passivated parts,P-10798-C,L24-0618,,471,PO-445070,2024-07-13,"Z1.4 single, normal",H,1.0,II,31,0,,accept,2024-07-11 10:02:00,2024-07-12 23:31:00,E-0156,20260106T061500Z-QE24M
RI-24-01464,S-003,bar,4140 bar 63.5 mm,,MC-00361,53,PO-400459,2024-07-15,"Z1.4 single, normal",E,1.0,II,13,0,,accept,2024-07-12 07:08:00,2024-07-12 17:12:00,E-0155,20260106T061500Z-QE24M
RI-24-01465,S-022,plated parts,P-13608-D,L24-0539,,1200,PO-446102,2024-07-12,"Z1.4 single, normal",J,1.0,II,80,0,,accept,2024-07-12 10:37:00,2024-07-13 09:04:00,E-0156,20260106T061500Z-QE24M
RI-24-01466,S-024,plated parts,P-15156-A,L24-0565,,972,PO-483524,2024-07-15,"Z1.4 single, normal",J,1.0,II,80,0,,accept,2024-07-12 13:09:00,2024-07-14 05:16:00,E-0155,20260106T061500Z-QE24M
RI-24-01467,S-027,heat-treated parts,P-18051-D,L24-0612,,1061,PO-443309,2024-07-14,"Z1.4 single, normal",J,1.0,II,80,0,,accept,2024-07-12 07:09:00,2024-07-14 05:21:00,E-0155,20260106T061500Z-QE24M
RI-24-01468,S-029,heat-treated parts,P-16860-C,L24-0576,,2331,PO-476931,2024-07-16,"Z1.4 single, normal",K,1.0,II,125,0,,accept,2024-07-12 14:03:00,2024-07-14 11:04:00,E-0156,20260106T061500Z-QE24M
RI-24-01469,S-040,passivated parts,P-17854-A,L24-0581,,719,PO-408909,2024-07-12,"Z1.4 single, normal",J,1.0,II,80,0,,accept,2024-07-12 11:41:00,2024-07-12 15:11:00,E-0156,20260106T061500Z-QE24M
RI-24-01470,S-046,anodized parts,P-13923-B,L24-0598,,923,PO-407852,2024-07-15,"Z1.4 single, normal",J,1.0,II,63,0,,accept,2024-07-12 14:01:00,2024-07-14 01:50:00,E-0156,20260106T061500Z-QE24M
RI-24-01471,S-050,anodized parts,P-17329-D,L24-0603,,1295,PO-471161,2024-07-15,"Z1.4 single, normal",K,1.0,II,125,2,color,accept,2024-07-12 14:31:00,2024-07-13 15:41:00,E-0155,20260106T061500Z-QE24M
RI-24-01472,S-051,casting,P-11663-A,,,320,PO-416907,2024-07-17,"Z1.4 single, normal",H,1.0,II,50,0,,accept,2024-07-14 11:07:00,2024-07-15 07:30:00,E-0155,20260106T061500Z-QE24M
RI-24-01473,S-005,bar,8620 bar 19.05 mm,,MC-00364,116,PO-403454,2024-07-17,"Z1.4 single, normal",F,1.0,II,13,0,,accept,2024-07-15 12:02:00,2024-07-15 21:32:00,E-0155,20260106T061500Z-QE24M
RI-24-01474,S-005,bar,8620 bar 25.4 mm,,MC-00365,56,PO-471491,2024-07-13,"Z1.4 single, normal",E,1.0,II,13,0,,accept,2024-07-15 11:45:00,2024-07-16 02:34:00,E-0155,20260106T061500Z-QE24M
RI-24-01475,S-009,bar,316 bar 25.4 mm,,MC-00363,35,PO-402661,2024-07-19,"Z1.4 single, normal",D,1.0,II,13,0,,accept,2024-07-15 08:11:00,2024-07-15 13:02:00,E-0156,20260106T061500Z-QE24M
RI-24-01476,S-011,bar,17-4 bar 25.4 mm,,MC-00362,61,PO-430642,2024-07-17,"Z1.4 single, normal",E,1.0,II,13,0,,accept,2024-07-15 10:15:00,2024-07-16 18:29:00,E-0155,20260106T061500Z-QE24M
RI-24-01477,S-014,bar,Ti-6Al-4V bar 50.8 mm,,MC-00366,80,PO-460559,2024-07-15,"Z1.4 single, normal",E,1.0,II,13,0,,accept,2024-07-15 07:45:00,2024-07-16 01:31:00,E-0155,20260106T061500Z-QE24M
RI-24-01478,S-017,plated parts,P-13483-A,L24-0568,,891,PO-467812,2024-07-18,"Z1.4 single, normal",J,1.0,II,80,0,,accept,2024-07-15 09:56:00,2024-07-16 06:26:00,E-0155,20260106T061500Z-QE24M
RI-24-01479,S-017,plated parts,P-14918-A,L24-0608,,1602,PO-424318,2024-07-18,"Z1.4 single, normal",K,1.0,II,125,1,adhesion,accept,2024-07-15 09:45:00,2024-07-17 07:37:00,E-0155,20260106T061500Z-QE24M
RI-24-01480,S-018,plated parts,P-13590-A,L24-0614,,719,PO-478006,2024-07-19,"Z1.4 single, normal",J,1.0,II,80,1,staining,accept,2024-07-15 13:23:00,2024-07-15 15:47:00,E-0156,20260106T061500Z-QE24M
RI-24-01481,S-018,plated parts,P-14159-A,L24-0625,,253,PO-414450,2024-07-06,"Z1.4 single, normal",G,1.0,II,50,0,,accept,2024-07-15 14:44:00,2024-07-16 10:05:00,E-0155,20260106T061500Z-QE24M
RI-24-01482,S-020,plated parts,P-10420-B,L24-0630,,441,PO-455135,2024-07-17,"Z1.4 single, normal",H,1.0,II,50,0,,accept,2024-07-15 13:43:00,2024-07-17 06:34:00,E-0155,20260106T061500Z-QE24M
RI-24-01483,S-030,heat-treated parts,P-11007-C,L24-0577,,2093,PO-487643,2024-07-17,"Z1.4 single, normal",K,1.0,II,92,1,distortion,accept,2024-07-15 09:48:00,2024-07-16 05:28:00,E-0156,20260106T061500Z-QE24M
RI-24-01484,S-031,heat-treated parts,P-12328-A,L24-0601,,2376,PO-478944,2024-07-15,"Z1.4 single, normal",K,1.0,II,125,1,hardness low,accept,2024-07-15 12:21:00,2024-07-16 17:33:00,E-0156,20260106T061500Z-QE24M
RI-24-01485,S-034,heat-treated parts,P-16900-D,L24-0572,,2063,PO-428475,2024-07-06,"Z1.4 single, normal",K,1.0,II,125,0,,accept,2024-07-15 10:02:00,2024-07-15 16:59:00,E-0155,20260106T061500Z-QE24M
RI-24-01486,S-038,passivated parts,P-19350-A,L24-0622,,1076,PO-429728,2024-07-07,"Z1.4 single, normal",J,1.0,II,80,1,staining,accept,2024-07-15 10:13:00,2024-07-15 22:23:00,E-0155,20260106T061500Z-QE24M
RI-24-01487,S-039,passivated parts,P-11347-A,L24-0631,,1037,PO-496925,2024-07-10,"Z1.4 single, normal",J,1.0,II,80,0,,accept,2024-07-15 08:16:00,2024-07-16 04:36:00,E-0155,20260106T061500Z-QE24M
RI-24-01488,S-040,passivated parts,P-11320-D,L24-0604,,1061,PO-419517,2024-07-18,"Z1.4 single, normal",J,1.0,II,80,0,,accept,2024-07-15 10:39:00,2024-07-15 23:08:00,E-0156,20260106T061500Z-QE24M
RI-24-01489,S-040,passivated parts,P-15662-A,L24-0605,,352,PO-422242,2024-07-15,"Z1.4 single, normal",H,1.0,II,50,0,,accept,2024-07-15 08:11:00,2024-07-15 21:16:00,E-0155,20260106T061500Z-QE24M
RI-24-01490,S-041,passivated parts,P-10824-A,L24-0611,,3001,PO-481301,2024-07-17,"Z1.4 single, normal",K,1.0,II,125,2,staining,accept,2024-07-15 11:11:00,2024-07-16 07:31:00,E-0156,20260106T061500Z-QE24M
RI-24-01491,S-042,passivated parts,P-11329-A,L24-0617,,1022,PO-440007,2024-07-18,"Z1.4 single, normal",J,1.0,II,80,0,,accept,2024-07-15 10:24:00,2024-07-16 09:47:00,E-0155,20260106T061500Z-QE24M
RI-24-01492,S-043,passivated parts,P-15524-A,L24-0640,,516,PO-413354,2024-07-12,"Z1.4 single, normal",J,1.0,II,80,0,,accept,2024-07-15 12:29:00,2024-07-15 22:08:00,E-0156,20260106T061500Z-QE24M
RI-24-01493,S-044,passivated parts,P-12750-D,L24-0569,,2257,PO-436816,2024-07-15,"Z1.4 single, normal",K,1.0,II,125,0,,accept,2024-07-15 10:44:00,2024-07-16 07:37:00,E-0155,20260106T061500Z-QE24M
RI-24-01494,S-044,passivated parts,P-16180-A,L24-0613,,734,PO-412619,2024-07-17,"Z1.4 single, normal",J,1.0,II,80,0,,accept,2024-07-15 14:21:00,2024-07-16 12:22:00,E-0156,20260106T061500Z-QE24M
RI-24-01495,S-021,plated parts,P-10444-B,L24-0619,,605,PO-452582,2024-07-20,"Z1.4 single, normal",J,1.0,II,80,0,,accept,2024-07-16 08:40:00,2024-07-16 14:18:00,E-0156,20260106T061500Z-QE24M
RI-24-01496,S-024,plated parts,P-18778-A,L24-0627,,238,PO-441836,2024-07-16,"Z1.4 single, normal",G,1.0,II,34,0,,accept,2024-07-16 12:06:00,2024-07-18 04:08:00,E-0156,20260106T061500Z-QE24M
RI-24-01497,S-027,heat-treated parts,P-18914-D,L24-0644,,962,PO-450504,2024-07-18,"Z1.4 single, normal",J,1.0,II,80,0,,accept,2024-07-16 10:15:00,2024-07-17 14:59:00,E-0156,20260106T061500Z-QE24M
RI-24-01498,S-046,anodized parts,P-17116-A,L24-0620,,1533,PO-486548,2024-07-19,"Z1.4 single, normal",K,1.0,II,125,0,,accept,2024-07-16 11:32:00,2024-07-17 18:41:00,E-0155,20260106T061500Z-QE24M
RI-24-01499,S-051,casting,P-11700-B,,,860,PO-425710,2024-07-06,"Z1.4 single, normal",J,1.0,II,42,0,,accept,2024-07-16 14:37:00,2024-07-17 22:23:00,E-0155,20260106T061500Z-QE24M
RI-24-01500,S-005,bar,8620 bar 31.75 mm,,MC-00367,28,PO-417490,2024-07-13,"Z1.4 single, normal",D,1.0,II,13,0,,accept,2024-07-17 07:43:00,2024-07-19 02:56:00,E-0156,20260106T061500Z-QE24M
RI-24-01501,S-018,plated parts,P-12907-D,L24-0592,,544,PO-462492,2024-07-19,"Z1.4 single, normal",J,1.0,II,80,0,,accept,2024-07-17 09:00:00,2024-07-18 23:44:00,E-0156,20260106T061500Z-QE24M
RI-24-01502,S-023,plated parts,P-14108-A,L24-0590,,1796,PO-414627,2024-07-17,"Z1.4 single, normal",K,1.0,II,125,0,,accept,2024-07-17 08:23:00,2024-07-18 13:38:00,E-0155,20260106T061500Z-QE24M
RI-24-01503,S-025,plated parts,P-10147-B,L24-0633,,1349,PO-491283,2024-07-21,"Z1.4 single, normal",K,1.0,II,125,0,,accept,2024-07-17 08:31:00,2024-07-18 16:56:00,E-0155,20260106T061500Z-QE24M
RI-24-01504,S-030,heat-treated parts,P-11099-A,L24-0648,,446,PO-423099,2024-07-18,"Z1.4 single, normal",H,1.0,II,50,1,distortion,accept,2024-07-17 10:14:00,2024-07-19 09:08:00,E-0155,20260106T061500Z-QE24M
RI-24-01505,S-031,heat-treated parts,P-12614-A,L24-0643,,526,PO-452570,2024-07-18,"Z1.4 single, normal",J,1.0,II,80,0,,accept,2024-07-17 14:02:00,2024-07-17 21:50:00,E-0155,20260106T061500Z-QE24M
RI-24-01506,S-036,heat-treated parts,P-13307-B,L24-0632,,760,PO-465591,2024-07-19,"Z1.4 single, normal",J,1.0,II,80,0,,accept,2024-07-17 09:39:00,2024-07-17 20:34:00,E-0156,20260106T061500Z-QE24M
RI-24-01507,S-036,heat-treated parts,P-16903-B,L24-0636,,1017,PO-473414,2024-07-18,"Z1.4 single, normal",J,1.0,II,80,0,,accept,2024-07-17 07:50:00,2024-07-18 14:16:00,E-0156,20260106T061500Z-QE24M
RI-24-01508,S-038,passivated parts,P-12678-A,L24-0621,,799,PO-450566,2024-07-17,"Z1.4 single, normal",J,1.0,II,80,0,,accept,2024-07-17 13:05:00,2024-07-18 16:23:00,E-0156,20260106T061500Z-QE24M
RI-24-01509,S-043,passivated parts,P-12756-B,L24-0594,,1731,PO-408770,2024-07-21,"Z1.4 single, normal",K,1.0,II,125,0,,accept,2024-07-17 09:21:00,2024-07-18 09:57:00,E-0155,20260106T061500Z-QE24M
RI-24-01510,S-043,passivated parts,P-15701-A,L24-0609,,2019,PO-492197,2024-07-20,"Z1.4 single, normal",K,1.0,II,125,0,,accept,2024-07-17 08:46:00,2024-07-17 12:56:00,E-0155,20260106T061500Z-QE24M
RI-24-01511,S-045,anodized parts,P-11962-A,L24-0652,,476,PO-448459,2024-07-17,"Z1.4 single, normal",H,1.0,II,34,0,,accept,2024-07-17 07:08:00,2024-07-18 16:49:00,E-0155,20260106T061500Z-QE24M
RI-24-01512,S-051,casting,P-11724-A,,,960,PO-444898,2024-07-10,"Z1.4 single, normal",J,1.0,II,49,0,,accept,2024-07-17 12:01:00,2024-07-17 20:55:00,E-0156,20260106T061500Z-QE24M
RI-24-01513,S-051,casting,P-11884-A,,,150,PO-402643,2024-07-19,"Z1.4 single, normal",F,1.0,II,13,0,,accept,2024-07-17 10:23:00,2024-07-17 16:02:00,E-0155,20260106T061500Z-QE24M
RI-24-01514,S-051,casting,P-12023-C,,,800,PO-488324,2024-07-19,"Z1.4 single, normal",J,1.0,II,80,1,flash,accept,2024-07-17 13:32:00,2024-07-18 21:24:00,E-0156,20260106T061500Z-QE24M
RI-24-01515,S-053,casting,P-16933-A,,,210,PO-488251,2024-07-20,"Z1.4 single, normal",G,1.0,II,50,2,porosity,accept,2024-07-17 10:30:00,2024-07-17 22:30:00,E-0155,20260106T061500Z-QE24M
RI-24-01516,S-005,bar,8620 bar 31.75 mm,,MC-00368,54,PO-434533,2024-07-21,"Z1.4 single, normal",E,1.0,II,13,0,,accept,2024-07-18 13:19:00,2024-07-19 08:28:00,E-0155,20260106T061500Z-QE24M
RI-24-01517,S-027,heat-treated parts,P-12618-A,L24-0641,,476,PO-475502,2024-07-20,"Z1.4 single, normal",H,1.0,II,50,1,hardness high,accept,2024-07-18 07:48:00,2024-07-19 21:55:00,E-0155,20260106T061500Z-QE24M
RI-24-01518,S-040,passivated parts,P-17732-C,L24-0615,,1225,PO-443046,2024-07-20,"Z1.4 single, normal",K,1.0,II,125,0,,accept,2024-07-18 13:42:00,2024-07-19 12:10:00,E-0155,20260106T061500Z-QE24M
RI-24-01519,S-042,passivated parts,P-11803-A,L24-0642,,570,PO-438370,2024-07-19,"Z1.4 single, normal",J,1.0,II,80,3,free iron,reject,2024-07-18 13:48:00,2024-07-20 09:57:00,E-0155,20260106T061500Z-QE24M
RI-24-01520,S-045,anodized parts,P-12004-A,L24-0623,,957,PO-479540,2024-07-18,"Z1.4 single, normal",J,1.0,II,80,0,,accept,2024-07-18 12:23:00,2024-07-18 23:55:00,E-0155,20260106T061500Z-QE24M
RI-24-01521,S-051,casting,P-11962-A,,,380,PO-409249,2024-07-20,"Z1.4 single, normal",H,1.0,II,50,0,,accept,2024-07-18 07:02:00,2024-07-19 07:04:00,E-0155,20260106T061500Z-QE24M
RI-24-01522,S-002,bar,1045 bar 38.1 mm,,MC-00369,59,PO-440433,2024-07-23,"Z1.4 single, normal",E,1.0,II,13,0,,accept,2024-07-19 08:42:00,2024-07-21 01:59:00,E-0156,20260106T061500Z-QE24M
RI-24-01523,S-026,plated parts,P-14175-A,L24-0600,,714,PO-488983,2024-07-20,"Z1.4 single, normal",J,1.0,II,80,0,,accept,2024-07-19 10:01:00,2024-07-21 01:28:00,E-0156,20260106T061500Z-QE24M
RI-24-01524,S-033,heat-treated parts,P-13328-A,L24-0610,,1110,PO-451699,2024-07-20,"Z1.4 single, normal",J,1.0,II,80,0,,accept,2024-07-19 13:47:00,2024-07-20 09:01:00,E-0156,20260106T061500Z-QE24M
RI-24-01525,S-055,casting,P-16870-A,,,350,PO-487291,2024-07-23,"Z1.4 single, normal",H,1.0,II,50,1,flash,accept,2024-07-20 09:32:00,2024-07-20 19:26:00,E-0155,20260106T061500Z-QE24M
RI-24-01526,S-003,bar,4140 bar 63.5 mm,,MC-00370,80,PO-470430,2024-07-15,"Z1.4 single, normal",E,1.0,II,13,0,,accept,2024-07-22 09:49:00,2024-07-23 02:40:00,E-0155,20260106T061500Z-QE24M
RI-24-01527,S-018,plated parts,P-18384-C,L24-0638,,1012,PO-483686,2024-07-17,"Z1.4 single, normal",J,1.0,II,80,0,,accept,2024-07-22 13:21:00,2024-07-22 15:12:00,E-0155,20260106T061500Z-QE24M
RI-24-01528,S-019,plated parts,P-18023-B,L24-0599,,615,PO-494949,2024-07-24,"Z1.4 single, normal",J,1.0,II,47,0,,accept,2024-07-22 12:55:00,2024-07-24 07:14:00,E-0155,20260106T061500Z-QE24M
RI-24-01529,S-020,plated parts,P-18035-B,L24-0578,,531,PO-415156,2024-07-25,"Z1.4 single, normal",J,1.0,II,80,1,plating thickness,accept,2024-07-22 12:11:00,2024-07-23 14:08:00,E-0156,20260106T061500Z-QE24M
RI-24-01530,S-027,heat-treated parts,P-13012-A,L24-0645,,633,PO-429510,2024-07-19,"Z1.4 single, normal",J,1.0,II,80,0,,accept,2024-07-22 12:18:00,2024-07-23 18:04:00,E-0155,20260106T061500Z-QE24M
RI-24-01531,S-027,heat-treated parts,P-15035-A,L24-0653,,213,PO-498935,2024-07-25,"Z1.4 single, normal",G,1.0,II,50,0,,accept,2024-07-22 07:57:00,2024-07-24 06:06:00,E-0156,20260106T061500Z-QE24M
RI-24-01532,S-030,heat-treated parts,P-10327-A,L24-0637,,744,PO-463735,2024-07-22,"Z1.4 single, normal",J,1.0,II,80,4,hardness high,accept,2024-07-22 13:07:00,2024-07-23 15:37:00,E-0155,20260106T061500Z-QE24M
RI-24-01533,S-033,heat-treated parts,P-13821-A,L24-0626,,1691,PO-475391,2024-07-24,"Z1.4 single, normal",K,1.0,II,125,0,,accept,2024-07-22 11:42:00,2024-07-22 21:57:00,E-0155,20260106T061500Z-QE24M
RI-24-01534,S-034,heat-treated parts,P-18420-D,L24-0665,,1042,PO-422573,2024-07-25,"Z1.4 single, normal",J,1.0,II,80,0,,accept,2024-07-22 07:36:00,2024-07-23 02:33:00,E-0155,20260106T061500Z-QE24M
RI-24-01535,S-039,passivated parts,P-17500-A,L24-0639,,1339,PO-448260,2024-07-16,"Z1.4 single, normal",K,1.0,II,125,0,,accept,2024-07-22 14:07:00,2024-07-22 20:09:00,E-0156,20260106T061500Z-QE24M
RI-24-01536,S-039,passivated parts,P-11282-A,L24-0649,,1071,PO-483338,2024-07-21,"Z1.4 single, normal",J,1.0,II,62,0,,accept,2024-07-22 08:27:00,2024-07-23 05:36:00,E-0155,20260106T061500Z-QE24M
RI-24-01537,S-039,passivated parts,P-11201-A,L24-0651,,1176,PO-443989,2024-07-22,"Z1.4 single, normal",J,1.0,II,80,0,,accept,2024-07-22 08:45:00,2024-07-23 21:55:00,E-0155,20260106T061500Z-QE24M
RI-24-01538,S-040,passivated parts,P-16034-D,L24-0624,,1562,PO-406215,2024-07-24,"Z1.4 single, normal",K,1.0,II,65,2,staining,accept,2024-07-22 14:05:00,2024-07-22 23:03:00,E-0155,20260106T061500Z-QE24M
RI-24-01539,S-041,passivated parts,P-10680-D,L24-0628,,913,PO-444369,2024-07-23,"Z1.4 single, normal",J,1.0,II,80,2,free iron,accept,2024-07-22 11:16:00,2024-07-24 09:40:00,E-0155,20260106T061500Z-QE24M
RI-24-01540,S-043,passivated parts,P-15367-A,L24-0635,,808,PO-400729,2024-07-25,"Z1.4 single, normal",J,1.0,II,39,1,free iron,accept,2024-07-22 14:56:00,2024-07-23 09:12:00,E-0155,20260106T061500Z-QE24M
RI-24-01541,S-044,passivated parts,P-14612-C,L24-0661,,362,PO-458112,2024-07-26,"Z1.4 single, normal",H,1.0,II,50,0,,accept,2024-07-22 08:29:00,2024-07-22 09:05:00,E-0155,20260106T061500Z-QE24M
RI-24-01542,S-048,anodized parts,P-11984-A,L24-0654,,184,PO-488776,2024-07-25,"Z1.4 single, normal",G,1.0,II,50,0,,accept,2024-07-22 10:49:00,2024-07-24 07:27:00,E-0155,20260106T061500Z-QE24M
RI-24-01543,S-006,bar,303 bar 38.1 mm,,MC-00371,88,PO-437244,2024-07-16,"Z1.4 single, normal",E,1.0,II,13,0,,accept,2024-07-23 14:09:00,2024-07-25 08:59:00,E-0156,20260106T061500Z-QE24M
RI-24-01544,S-010,bar,316 bar 38.1 mm,,MC-00372,86,PO-493245,2024-07-27,"Z1.4 single, normal",E,1.0,II,6,0,,accept,2024-07-23 12:16:00,2024-07-25 00:49:00,E-0156,20260106T061500Z-QE24M
RI-24-01545,S-013,bar,7075 bar 25.4 mm,,MC-00373,77,PO-489840,2024-07-27,"Z1.4 single, normal",E,1.0,II,13,0,,accept,2024-07-23 11:58:00,2024-07-24 17:22:00,E-0156,20260106T061500Z-QE24M
RI-24-01546,S-028,heat-treated parts,P-18210-D,L24-0655,,1726,PO-416136,2024-07-13,"Z1.4 single, normal",K,1.0,II,125,0,,accept,2024-07-23 12:58:00,2024-07-25 01:13:00,E-0155,20260106T061500Z-QE24M
RI-24-01547,S-036,heat-treated parts,P-13447-D,L24-0634,,1198,PO-447485,2024-07-26,"Z1.4 single, normal",J,1.0,II,80,0,,accept,2024-07-23 13:48:00,2024-07-23 15:55:00,E-0156,20260106T061500Z-QE24M
RI-24-01548,S-004,bar,4140 bar 38.1 mm,,MC-00376,24,PO-451640,2024-07-25,"Z1.4 single, normal",C,1.0,II,13,0,,accept,2024-07-24 09:47:00,2024-07-26 03:45:00,E-0156,20260106T061500Z-QE24M
RI-24-01549,S-010,bar,316 bar 38.1 mm,,MC-00375,89,PO-484978,2024-07-25,"Z1.4 single, normal",E,1.0,II,13,0,,accept,2024-07-24 07:00:00,2024-07-24 20:27:00,E-0156,20260106T061500Z-QE24M
RI-24-01550,S-011,bar,17-4 bar 25.4 mm,,MC-00374,33,PO-479351,2024-07-17,"Z1.4 single, normal",D,1.0,II,13,0,,accept,2024-07-24 11:04:00,2024-07-25 18:31:00,E-0155,20260106T061500Z-QE24M
RI-24-01551,S-015,plated parts,P-18914-D,L24-0644,,962,PO-496946,2024-07-25,"Z1.4 single, normal",J,1.0,II,80,0,,accept,2024-07-24 07:44:00,2024-07-25 23:55:00,E-0156,20260106T061500Z-QE24M
RI-24-01552,S-016,plated parts,P-11099-A,L24-0648,,446,PO-469425,2024-07-25,"Z1.4 single, normal",H,1.0,II,50,0,,accept,2024-07-24 08:08:00,2024-07-24 17:14:00,E-0156,20260106T061500Z-QE24M
RI-24-01553,S-018,plated parts,P-11007-C,L24-0577,,2093,PO-452508,2024-07-26,"Z1.4 single, normal",K,1.0,II,125,0,,accept,2024-07-24 11:27:00,2024-07-25 02:38:00,E-0156,20260106T061500Z-QE24M
RI-24-01554,S-033,heat-treated parts,P-12861-C,L24-0671,,1637,PO-469645,2024-07-27,"Z1.4 single, normal",K,1.0,II,125,0,,accept,2024-07-24 12:50:00,2024-07-26 01:15:00,E-0156,20260106T061500Z-QE24M
RI-24-01555,S-039,passivated parts,P-16645-A,L24-0646,,853,PO-489078,2024-07-22,"Z1.4 single, normal",J,1.0,II,80,0,,accept,2024-07-24 14:51:00,2024-07-25 13:09:00,E-0156,20260106T061500Z-QE24M
RI-24-01556,S-041,passivated parts,P-10749-A,L24-0674,,491,PO-426730,2024-07-27,"Z1.4 single, normal",H,1.0,II,50,3,staining,accept,2024-07-24 11:31:00,2024-07-25 00:45:00,E-0155,20260106T061500Z-QE24M
RI-24-01557,S-042,passivated parts,P-12614-A,L24-0643,,526,PO-408206,2024-07-17,"Z1.4 single, normal",J,1.0,II,80,0,,accept,2024-07-24 14:22:00,2024-07-25 13:28:00,E-0156,20260106T061500Z-QE24M
RI-24-01558,S-018,plated parts,P-12328-A,L24-0601,,2376,PO-411436,2024-07-25,"Z1.4 single, normal",K,1.0,II,125,0,,accept,2024-07-25 11:32:00,2024-07-27 04:27:00,E-0156,20260106T061500Z-QE24M
RI-24-01559,S-020,plated parts,P-12868-D,L24-0663,,692,PO-411256,2024-07-28,"Z1.4 single, normal",J,1.0,II,80,0,,accept,2024-07-25 09:37:00,2024-07-26 11:19:00,E-0156,20260106T061500Z-QE24M
RI-24-01560,S-033,heat-treated parts,P-14989-D,L24-0657,,1379,PO-467987,2024-07-25,"Z1.4 single, normal",K,1.0,II,125,0,,accept,2024-07-25 13:51:00,2024-07-26 23:22:00,E-0155,20260106T061500Z-QE24M
RI-24-01561,S-035,heat-treated parts,P-16887-A,L24-0660,,769,PO-478788,2024-07-25,"Z1.4 single, normal",J,1.0,II,80,0,,accept,2024-07-25 08:30:00,2024-07-26 11:41:00,E-0156,20260106T061500Z-QE24M
RI-24-01562,S-036,heat-treated parts,P-14992-A,L24-0656,,1528,PO-450665,2024-07-29,"Z1.4 single, normal",K,1.0,II,125,1,distortion,accept,2024-07-25 10:13:00,2024-07-25 17:45:00,E-0155,20260106T061500Z-QE24M
RI-24-01563,S-043,passivated parts,P-19271-A,L24-0672,,1141,PO-468183,2024-07-20,"Z1.4 single, normal",J,1.0,II,39,0,,accept,2024-07-25 13:44:00,2024-07-26 10:28:00,E-0156,20260106T061500Z-QE24M
RI-24-01564,S-050,anodized parts,P-13941-A,L24-0658,,436,PO-486079,2024-07-27,"Z1.4 single, normal",H,1.0,II,50,0,,accept,2024-07-25 11:28:00,2024-07-27 05:21:00,E-0155,20260106T061500Z-QE24M
RI-24-01565,S-058,purchased components,O-rings,,,450,PO-471372,2024-07-29,"Z1.4 single, normal",H,1.0,II,35,0,,accept,2024-07-25 11:12:00,2024-07-26 08:13:00,E-0156,20260106T061500Z-QE24M
RI-24-01566,S-010,bar,316 bar 31.75 mm,,MC-00377,46,PO-418244,2024-07-29,"Z1.4 single, normal",D,1.0,II,13,0,,accept,2024-07-26 10:38:00,2024-07-28 03:52:00,E-0155,20260106T061500Z-QE24M
RI-24-01567,S-051,casting,P-16080-A,,,280,PO-414364,2024-07-25,"Z1.4 single, normal",G,1.0,II,39,0,,accept,2024-07-28 08:40:00,2024-07-28 09:23:00,E-0155,20260106T061500Z-QE24M
RI-24-01568,S-003,bar,4140 bar 38.1 mm,,MC-00382,109,PO-490681,2024-07-30,"Z1.4 single, normal",F,1.0,II,13,0,,accept,2024-07-29 12:31:00,2024-07-29 22:45:00,E-0155,20260106T061500Z-QE24M
RI-24-01569,S-004,bar,4140 bar 44.45 mm,,MC-00383,85,PO-487530,2024-07-30,"Z1.4 single, normal",E,1.0,II,13,0,,accept,2024-07-29 11:39:00,2024-07-30 14:32:00,E-0156,20260106T061500Z-QE24M
RI-24-01570,S-008,bar,304 bar 25.4 mm,,MC-00378,37,PO-446690,2024-07-26,"Z1.4 single, normal",D,1.0,II,13,0,,accept,2024-07-29 13:27:00,2024-07-30 22:36:00,E-0155,20260106T061500Z-QE24M
RI-24-01571,S-008,bar,304 bar 38.1 mm,,MC-00379,115,PO-428644,2024-08-01,"Z1.4 single, normal",F,1.0,II,13,0,,accept,2024-07-29 14:15:00,2024-07-29 18:51:00,E-0156,20260106T061500Z-QE24M
RI-24-01572,S-009,bar,316 bar 31.75 mm,,MC-00380,71,PO-412462,2024-07-23,"Z1.4 single, normal",E,1.0,II,13,0,,accept,2024-07-29 12:07:00,2024-07-30 19:08:00,E-0155,20260106T061500Z-QE24M
RI-24-01573,S-009,bar,316 bar 38.1 mm,,MC-00381,120,PO-477308,2024-08-01,"Z1.4 single, normal",F,1.0,II,13,1,diameter,accept,2024-07-29 13:01:00,2024-07-29 22:03:00,E-0156,20260106T061500Z-QE24M
RI-24-01574,S-017,plated parts,P-13307-B,L24-0632,,760,PO-401714,2024-08-01,"Z1.4 single, normal",J,1.0,II,45,0,,accept,2024-07-29 10:13:00,2024-07-30 04:26:00,E-0156,20260106T061500Z-QE24M
RI-24-01575,S-017,plated parts,P-13350-A,L24-0659,,897,PO-449936,2024-08-01,"Z1.4 single, normal",J,1.0,II,80,0,,accept,2024-07-29 11:31:00,2024-07-30 20:14:00,E-0155,20260106T061500Z-QE24M
RI-24-01576,S-020,plated parts,P-16900-D,L24-0572,,2063,PO-408366,2024-07-31,"Z1.4 single, normal",K,1.0,II,125,2,staining,accept,2024-07-29 12:28:00,2024-07-30 13:08:00,E-0155,20260106T061500Z-QE24M
RI-24-01577,S-023,plated parts,P-18051-D,L24-0612,,1061,PO-423322,2024-07-31,"Z1.4 single, normal",J,1.0,II,80,0,,accept,2024-07-29 08:22:00,2024-07-31 02:26:00,E-0155,20260106T061500Z-QE24M
RI-24-01578,S-025,plated parts,P-13012-A,L24-0645,,633,PO-475030,2024-07-29,"Z1.4 single, normal",J,1.0,II,80,0,,accept,2024-07-29 10:46:00,2024-07-30 00:54:00,E-0156,20260106T061500Z-QE24M
RI-24-01579,S-026,plated parts,P-16860-C,L24-0576,,2331,PO-400879,2024-07-29,"Z1.4 single, normal",K,1.0,II,125,2,blisters,accept,2024-07-29 11:45:00,2024-07-31 04:32:00,E-0155,20260106T061500Z-QE24M
RI-24-01580,S-026,plated parts,P-13285-C,L24-0673,,2237,PO-414346,2024-07-31,"Z1.4 single, normal",K,1.0,II,125,1,adhesion,accept,2024-07-29 07:59:00,2024-07-31 05:05:00,E-0156,20260106T061500Z-QE24M
RI-24-01581,S-032,heat-treated parts,P-12479-D,L24-0686,,1260,PO-488096,2024-08-01,"Z1.4 single, normal",K,1.0,II,125,0,,accept,2024-07-29 14:26:00,2024-07-30 03:53:00,E-0156,20260106T061500Z-QE24M
RI-24-01582,S-034,heat-treated parts,P-13017-A,L24-0629,,4241,PO-428576,2024-07-30,"Z1.4 single, normal",L,1.0,II,200,2,hardness low,accept,2024-07-29 11:44:00,2024-07-29 14:14:00,E-0155,20260106T061500Z-QE24M
RI-24-01583,S-034,heat-treated parts,P-12384-A,L24-0670,,461,PO-475305,2024-07-30,"Z1.4 single, normal",H,1.0,II,50,0,,accept,2024-07-29 13:29:00,2024-07-30 15:12:00,E-0155,20260106T061500Z-QE24M
RI-24-01584,S-034,heat-treated parts,P-18136-D,L24-0680,,665,PO-409253,2024-07-25,"Z1.4 single, normal",J,1.0,II,80,0,,accept,2024-07-29 11:28:00,2024-07-30 15:40:00,E-0156,20260106T061500Z-QE24M
RI-24-01585,S-039,passivated parts,P-11167-D,L24-0664,,1091,PO-467267,2024-07-27,"Z1.4 single, normal",J,1.0,II,80,0,,accept,2024-07-29 11:18:00,2024-07-29 17:57:00,E-0155,20260106T061500Z-QE24M
RI-24-01586,S-040,passivated parts,P-11163-D,L24-0662,,2182,PO-416010,2024-07-31,"Z1.4 single, normal",K,1.0,II,125,0,,accept,2024-07-29 12:37:00,2024-07-29 20:22:00,E-0156,20260106T061500Z-QE24M
RI-24-01587,S-040,passivated parts,P-17038-D,L24-0669,,992,PO-437788,2024-08-02,"Z1.4 single, normal",J,1.0,II,80,0,,accept,2024-07-29 08:57:00,2024-07-30 17:09:00,E-0156,20260106T061500Z-QE24M
RI-24-01588,S-040,passivated parts,P-14819-A,L24-0677,,1548,PO-405837,2024-07-31,"Z1.4 single, normal",K,1.0,II,76,0,,accept,2024-07-29 14:44:00,2024-07-30 03:40:00,E-0155,20260106T061500Z-QE24M
RI-24-01589,S-040,passivated parts,P-16128-A,L24-0681,,858,PO-443189,2024-08-01,"Z1.4 single, normal",J,1.0,II,80,0,,accept,2024-07-29 10:30:00,2024-07-30 13:50:00,E-0155,20260106T061500Z-QE24M
RI-24-01590,S-044,passivated parts,P-11173-A,L24-0666,,2406,PO-402122,2024-08-02,"Z1.4 single, normal",K,1.0,II,125,0,,accept,2024-07-29 14:26:00,2024-07-30 09:27:00,E-0155,20260106T061500Z-QE24M
RI-24-01591,S-044,passivated parts,P-16180-A,L24-0668,,739,PO-490722,2024-07-31,"Z1.4 single, normal",J,1.0,II,80,0,,accept,2024-07-29 10:21:00,2024-07-30 23:17:00,E-0155,20260106T061500Z-QE24M
RI-24-01592,S-004,bar,4140 bar 44.45 mm,,MC-00386,79,PO-415349,2024-07-31,"Z1.4 single, normal",E,1.0,II,13,0,,accept,2024-07-30 14:47:00,2024-07-31 11:33:00,E-0156,20260106T061500Z-QE24M
RI-24-01593,S-008,bar,304 bar 38.1 mm,,MC-00384,62,PO-489701,2024-08-02,"Z1.4 single, normal",E,1.0,II,13,0,,accept,2024-07-30 07:14:00,2024-07-31 18:04:00,E-0155,20260106T061500Z-QE24M
RI-24-01594,S-009,bar,316 bar 38.1 mm,,MC-00385,56,PO-492990,2024-08-01,"Z1.4 single, normal",E,1.0,II,13,0,,accept,2024-07-30 12:10:00,2024-07-30 12:54:00,E-0156,20260106T061500Z-QE24M
RI-24-01595,S-016,plated parts,P-16903-B,L24-0636,,1017,PO-430875,2024-07-30,"Z1.4 single, normal",J,1.0,II,80,0,,accept,2024-07-30 14:07:00,2024-08-01 01:55:00,E-0155,20260106T061500Z-QE24M
RI-24-01596,S-016,plated parts,P-18420-D,L24-0665,,1042,PO-498330,2024-08-01,"Z1.4 single, normal",J,1.0,II,80,4,blisters,reject,2024-07-30 08:13:00,2024-07-31 09:55:00,E-0156,20260106T061500Z-QE24M
RI-24-01597,S-018,plated parts,P-12861-C,L24-0671,,1637,PO-437407,2024-07-20,"Z1.4 single, normal",K,1.0,II,53,0,,accept,2024-07-30 12:11:00,2024-07-31 08:53:00,E-0155,20260106T061500Z-QE24M
RI-24-01598,S-037,passivated parts,P-15376-A,L24-0701,,972,PO-453713,2024-07-30,"Z1.4 single, normal",J,1.0,II,38,0,,accept,2024-07-30 14:25:00,2024-08-01 03:36:00,E-0155,20260106T061500Z-QE24M
RI-24-01599,S-039,passivated parts,P-16499-A,L24-0676,,1250,PO-446512,2024-08-01,"Z1.4 single, normal",K,1.0,II,125,1,free iron,accept,2024-07-30 12:46:00,2024-07-31 18:08:00,E-0156,20260106T061500Z-QE24M
RI-24-01600,S-039,passivated parts,P-17014-A,L24-0687,,992,PO-494505,2024-08-01,"Z1.4 single, normal",J,1.0,II,55,0,,accept,2024-07-30 11:30:00,2024-07-31 12:47:00,E-0155,20260106T061500Z-QE24M
RI-24-01601,S-040,passivated parts,P-14681-B,L24-0678,,754,PO-404130,2024-08-01,"Z1.4 single, normal",J,1.0,II,80,1,free iron,accept,2024-07-30 11:35:00,2024-07-30 13:04:00,E-0156,20260106T061500Z-QE24M
RI-24-01602,S-043,passivated parts,P-12618-A,L24-0641,,476,PO-434036,2024-07-31,"Z1.4 single, normal",H,1.0,II,50,0,,accept,2024-07-30 07:58:00,2024-07-30 16:11:00,E-0156,20260106T061500Z-QE24M
RI-24-01603,S-043,passivated parts,P-16316-C,L24-0675,,4042,PO-498729,2024-08-01,"Z1.4 single, normal",L,1.0,II,200,3,staining,accept,2024-07-30 13:40:00,2024-08-01 06:57:00,E-0156,20260106T061500Z-QE24M
RI-24-01604,S-051,casting,P-16605-A,,,490,PO-460998,2024-08-01,"Z1.4 single, normal",H,1.0,II,50,1,porosity,accept,2024-07-30 13:42:00,2024-07-31 13:35:00,E-0155,20260106T061500Z-QE24M
RI-24-01605,S-003,bar,4140 bar 44.45 mm,,MC-00388,43,PO-434563,2024-08-03,"Z1.4 single, normal",D,1.0,II,13,0,,accept,2024-07-31 10:57:00,2024-08-02 00:28:00,E-0156,20260106T061500Z-QE24M
RI-24-01606,S-008,bar,304 bar 31.75 mm,,MC-00387,50,PO-495012,2024-08-02,"Z1.4 single, normal",D,1.0,II,5,0,,accept,2024-07-31 07:00:00,2024-08-01 18:22:00,E-0155,20260106T061500Z-QE24M
RI-24-01607,S-012,bar,6061 bar 19.05 mm,,MC-00389,40,PO-480853,2024-08-01,"Z1.4 single, normal",D,1.0,II,13,0,,accept,2024-07-31 12:08:00,2024-08-02 06:09:00,E-0155,20260106T061500Z-QE24M
RI-24-01608,S-051,casting,P-10923-A,,,430,PO-442392,2024-07-29,"Z1.4 single, normal",H,1.0,II,50,0,,accept,2024-07-31 11:30:00,2024-07-31 18:32:00,E-0155,20260106T061500Z-QE24M
RI-24-01609,S-003,bar,4140 bar 44.45 mm,,MC-00392,62,PO-453795,2024-08-05,"Z1.4 single, normal",E,1.0,II,13,0,,accept,2024-08-01 09:00:00,2024-08-02 09:39:00,E-0156,20260106T061500Z-QE24M
RI-24-01610,S-004,bar,4140 bar 25.4 mm,,MC-00390,65,PO-412551,2024-08-05,"Z1.4 single, normal",E,1.0,II,13,0,,accept,2024-08-01 11:08:00,2024-08-01 22:14:00,E-0155,20260106T061500Z-QE24M
RI-24-01611,S-004,bar,4140 bar 31.75 mm,,MC-00391,113,PO-459646,2024-08-02,"Z1.4 single, normal",F,1.0,II,7,0,,accept,2024-08-01 12:44:00,2024-08-01 17:44:00,E-0156,20260106T061500Z-QE24M
RI-24-01612,S-012,bar,6061 bar 19.05 mm,,MC-00393,58,PO-499231,2024-08-04,"Z1.4 single, normal",E,1.0,II,13,0,,accept,2024-08-01 09:07:00,2024-08-02 19:12:00,E-0155,20260106T061500Z-QE24M
RI-24-01613,S-017,plated parts,P-13328-A,L24-0610,,1110,PO-463521,2024-08-02,"Z1.4 single, normal",J,1.0,II,80,0,,accept,2024-08-01 12:32:00,2024-08-03 02:11:00,E-0155,20260106T061500Z-QE24M
RI-24-01614,S-017,plated parts,P-14992-A,L24-0656,,1528,PO-435402,2024-08-03,"Z1.4 single, normal",K,1.0,II,125,1,blisters,accept,2024-08-01 13:30:00,2024-08-01 14:58:00,E-0155,20260106T061500Z-QE24M
RI-24-01615,S-020,plated parts,P-15035-A,L24-0653,,213,PO-434331,2024-08-04,"Z1.4 single, normal",G,1.0,II,50,0,,accept,2024-08-01 09:36:00,2024-08-02 23:54:00,E-0155,20260106T061500Z-QE24M
RI-24-01616,S-025,plated parts,P-16887-A,L24-0660,,769,PO-435118,2024-08-02,"Z1.4 single, normal",J,1.0,II,80,1,plating thickness,accept,2024-08-01 07:01:00,2024-08-01 19:20:00,E-0156,20260106T061500Z-QE24M
RI-24-01617,S-002,bar,1045 bar 38.1 mm,,MC-00394,43,PO-407346,2024-07-30,"Z1.4 single, normal",D,1.0,II,13,0,,accept,2024-08-02 09:25:00,2024-08-02 18:08:00,E-0155,20260106T061500Z-QE24M
RI-24-01618,S-022,plated parts,P-13821-A,L24-0626,,1691,PO-465230,2024-08-05,"Z1.4 single, normal",K,1.0,II,125,0,,accept,2024-08-02 09:50:00,2024-08-03 11:51:00,E-0156,20260106T061500Z-QE24M
RI-24-01619,S-027,heat-treated parts,P-18856-A,L24-0699,,987,PO-440363,2024-08-02,"Z1.4 single, normal",J,1.0,II,80,0,,accept,2024-08-02 11:36:00,2024-08-02 12:49:00,E-0155,20260106T061500Z-QE24M
RI-24-01620,S-033,heat-treated parts,P-15099-A,L24-0679,,1662,PO-439971,2024-08-06,"Z1.4 single, normal",K,1.0,II,125,1,distortion,accept,2024-08-02 14:17:00,2024-08-02 21:37:00,E-0155,20260106T061500Z-QE24M
RI-24-01621,S-036,heat-treated parts,P-12835-A,L24-0684,,542,PO-432031,2024-08-03,"Z1.4 single, normal",J,1.0,II,80,3,distortion,reject,2024-08-02 12:34:00,2024-08-03 03:48:00,E-0155,20260106T061500Z-QE24M
RI-24-01622,S-040,passivated parts,P-17004-D,L24-0698,,992,PO-407636,2024-08-02,"Z1.4 single, normal",J,1.0,II,80,0,,accept,2024-08-02 11:02:00,2024-08-02 22:31:00,E-0155,20260106T061500Z-QE24M
RI-24-01623,S-051,casting,P-17053-A,,,410,PO-470228,2024-08-05,"Z1.4 single, normal",H,1.0,II,50,1,flash,accept,2024-08-02 10:04:00,2024-08-03 10:31:00,E-0155,20260106T061500Z-QE24M
RI-24-01624,S-057,purchased components,retaining rings,,,3250,PO-431344,2024-08-02,"Z1.4 single, normal",L,1.0,II,200,0,,accept,2024-08-02 09:32:00,2024-08-03 14:49:00,E-0156,20260106T061500Z-QE24M
RI-24-01625,S-002,bar,1045 bar 31.75 mm,,MC-00395,43,PO-497034,2024-08-06,"Z1.4 single, normal",D,1.0,II,13,0,,accept,2024-08-05 11:16:00,2024-08-07 06:23:00,E-0155,20260106T061500Z-QE24M
RI-24-01626,S-007,bar,303 bar 19.05 mm,,MC-00396,32,PO-449700,2024-08-05,"Z1.4 single, normal",D,1.0,II,8,0,,accept,2024-08-05 12:46:00,2024-08-06 13:10:00,E-0156,20260106T061500Z-QE24M
RI-24-01627,S-009,bar,316 bar 25.4 mm,,MC-00397,76,PO-462700,2024-08-05,"Z1.4 single, normal",E,1.0,II,5,0,,accept,2024-08-05 10:31:00,2024-08-07 02:10:00,E-0156,20260106T061500Z-QE24M
RI-24-01628,S-013,bar,7075 bar 25.4 mm,,MC-00398,101,PO-423360,2024-08-08,"Z1.4 single, normal",F,1.0,II,13,0,,accept,2024-08-05 08:11:00,2024-08-07 00:40:00,E-0155,20260106T061500Z-QE24M
RI-24-01629,S-015,plated parts,P-18210-D,L24-0655,,1726,PO-404907,2024-07-27,"Z1.4 single, normal",K,1.0,II,86,0,,accept,2024-08-05 09:02:00,2024-08-07 04:57:00,E-0156,20260106T061500Z-QE24M
RI-24-01630,S-017,plated parts,P-13447-D,L24-0634,,1198,PO-459969,2024-08-06,"Z1.4 single, normal",J,1.0,II,80,0,,accept,2024-08-05 11:25:00,2024-08-07 03:00:00,E-0155,20260106T061500Z-QE24M
RI-24-01631,S-017,plated parts,P-14989-D,L24-0657,,1379,PO-480665,2024-07-29,"Z1.4 single, normal",K,1.0,II,125,5,plating thickness,reject,2024-08-05 10:59:00,2024-08-06 04:33:00,E-0156,20260106T061500Z-QE24M
RI-24-01632,S-022,plated parts,P-10327-A,L24-0637,,744,PO-492566,2024-08-05,"Z1.4 single, normal",J,1.0,II,80,1,blisters,accept,2024-08-05 14:29:00,2024-08-06 09:36:00,E-0155,20260106T061500Z-QE24M
RI-24-01633,S-026,plated parts,P-12384-A,L24-0670,,461,PO-448517,2024-08-05,"Z1.4 single, normal",H,1.0,II,50,1,blisters,accept,2024-08-05 07:59:00,2024-08-06 04:40:00,E-0155,20260106T061500Z-QE24M
RI-24-01634,S-027,heat-treated parts,P-17915-C,L24-0704,,441,PO-424477,2024-08-06,"Z1.4 single, normal",H,1.0,II,50,1,hardness high,accept,2024-08-05 14:57:00,2024-08-06 02:30:00,E-0155,20260106T061500Z-QE24M
RI-24-01635,S-033,heat-treated parts,P-12972-A,L24-0682,,979,PO-420908,2024-08-09,"Z1.4 single, normal",J,1.0,II,80,1,hardness low,accept,2024-08-05 10:47:00,2024-08-06 22:02:00,E-0155,20260106T061500Z-QE24M
RI-24-01636,S-033,heat-treated parts,P-12367-A,L24-0685,,1066,PO-486358,2024-08-08,"Z1.4 single, normal",J,1.0,II,33,0,,accept,2024-08-05 12:22:00,2024-08-07 07:05:00,E-0155,20260106T061500Z-QE24M
RI-24-01637,S-033,heat-treated parts,P-17849-A,L24-0692,,1622,PO-403004,2024-08-07,"Z1.4 single, normal",K,1.0,II,89,0,,accept,2024-08-05 12:42:00,2024-08-06 10:09:00,E-0155,20260106T061500Z-QE24M
RI-24-01638,S-034,heat-treated parts,P-13158-A,L24-0693,,312,PO-401426,2024-08-06,"Z1.4 single, normal",H,1.0,II,50,0,,accept,2024-08-05 14:13:00,2024-08-06 04:36:00,E-0155,20260106T061500Z-QE24M
RI-24-01639,S-040,passivated parts,P-14773-A,L24-0710,,1052,PO-468252,2024-08-08,"Z1.4 single, normal",J,1.0,II,52,2,staining,accept,2024-08-05 11:58:00,2024-08-06 04:05:00,E-0155,20260106T061500Z-QE24M
RI-24-01640,S-045,anodized parts,P-12023-C,L24-0650,,2986,PO-494231,2024-08-09,"Z1.4 single, normal",K,1.0,II,125,4,color,reject,2024-08-05 08:18:00,2024-08-05 10:58:00,E-0156,20260106T061500Z-QE24M
RI-24-01641,S-045,anodized parts,P-14015-A,L24-0695,,977,PO-431987,2024-08-07,"Z1.4 single, normal",J,1.0,II,80,0,,accept,2024-08-05 09:18:00,2024-08-06 06:21:00,E-0156,20260106T061500Z-QE24M
RI-24-01642,S-006,bar,303 bar 19.05 mm,,MC-00399,83,PO-482606,2024-08-10,"Z1.4 single, normal",E,1.0,II,13,0,,accept,2024-08-06 12:15:00,2024-08-08 07:20:00,E-0155,20260106T061500Z-QE24M
RI-24-01643,S-033,heat-treated parts,P-16933-A,L24-0683,,1027,PO-473390,2024-08-07,"Z1.4 single, normal",J,1.0,II,80,0,,accept,2024-08-06 11:11:00,2024-08-08 07:25:00,E-0155,20260106T061500Z-QE24M
RI-24-01644,S-040,passivated parts,P-19433-A,L24-0721,,511,PO-426280,2024-08-08,"Z1.4 single, normal",J,1.0,II,80,0,,accept,2024-08-06 07:21:00,2024-08-06 22:23:00,E-0155,20260106T061500Z-QE24M
RI-24-01645,S-041,passivated parts,P-10743-D,L24-0724,,288,PO-457040,2024-08-09,"Z1.4 single, normal",H,1.0,II,50,1,staining,accept,2024-08-06 13:10:00,2024-08-06 14:51:00,E-0156,20260106T061500Z-QE24M
RI-24-01646,S-050,anodized parts,P-14048-A,L24-0700,,764,PO-464567,2024-08-06,"Z1.4 single, normal",J,1.0,II,80,1,coating thickness,accept,2024-08-06 08:40:00,2024-08-06 16:11:00,E-0155,20260106T061500Z-QE24M
RI-24-01647,S-018,plated parts,P-13017-A,L24-0629,,4241,PO-444758,2024-08-11,"Z1.4 single, normal",L,1.0,II,200,1,plating thickness,accept,2024-08-07 14:35:00,2024-08-08 20:21:00,E-0155,20260106T061500Z-QE24M
RI-24-01648,S-019,plated parts,P-18445-A,L24-0708,,779,PO-465823,2024-08-10,"Z1.4 single, normal",J,1.0,II,80,0,,accept,2024-08-07 07:01:00,2024-08-07 19:20:00,E-0156,20260106T061500Z-QE24M
RI-24-01649,S-033,heat-treated parts,P-14108-A,L24-0703,,1860,PO-405230,2024-08-03,"Z1.4 single, normal",K,1.0,II,125,1,hardness low,accept,2024-08-07 12:24:00,2024-08-09 07:23:00,E-0155,20260106T061500Z-QE24M
RI-24-01650,S-034,heat-treated parts,P-17789-B,L24-0688,,1900,PO-482879,2024-08-11,"Z1.4 single, normal",K,1.0,II,125,0,,accept,2024-08-07 11:05:00,2024-08-09 10:39:00,E-0156,20260106T061500Z-QE24M
RI-24-01651,S-039,passivated parts,P-12075-A,L24-0647,,4310,PO-420653,2024-08-08,"Z1.4 single, normal",L,1.0,II,90,2,staining,accept,2024-08-07 10:14:00,2024-08-08 01:38:00,E-0156,20260106T061500Z-QE24M
RI-24-01652,S-044,passivated parts,P-19209-C,L24-0714,,327,PO-435886,2024-08-08,"Z1.4 single, normal",H,1.0,II,50,0,,accept,2024-08-07 14:28:00,2024-08-09 03:03:00,E-0156,20260106T061500Z-QE24M
RI-24-01653,S-044,passivated parts,P-16180-A,L24-0729,,838,PO-479916,2024-08-08,"Z1.4 single, normal",J,1.0,II,80,0,,accept,2024-08-07 09:31:00,2024-08-07 19:36:00,E-0156,20260106T061500Z-QE24M
RI-24-01654,S-055,casting,P-17158-A,,,470,PO-484991,2024-08-07,"Z1.4 single, normal",H,1.0,II,50,1,porosity,accept,2024-08-07 13:55:00,2024-08-08 14:48:00,E-0156,20260106T061500Z-QE24M
RI-24-01655,S-027,heat-treated parts,P-13403-A,L24-0712,,806,PO-495715,2024-08-10,"Z1.4 single, normal",J,1.0,II,80,1,distortion,accept,2024-08-08 12:53:00,2024-08-10 05:38:00,E-0155,20260106T061500Z-QE24M
RI-24-01656,S-039,passivated parts,P-19461-D,L24-0727,,689,PO-425039,2024-08-03,"Z1.4 single, normal",J,1.0,II,80,1,free iron,accept,2024-08-08 11:52:00,2024-08-10 05:29:00,E-0156,20260106T061500Z-QE24M
RI-24-01657,S-041,passivated parts,P-10761-A,L24-0697,,1185,PO-403983,2024-08-08,"Z1.4 single, normal",J,1.0,II,80,0,,accept,2024-08-08 12:06:00,2024-08-08 13:41:00,E-0156,20260106T061500Z-QE24M
RI-24-01658,S-041,passivated parts,P-10607-C,L24-0717,,233,PO-498189,2024-08-12,"Z1.4 single, normal",G,1.0,II,50,1,staining,accept,2024-08-08 09:51:00,2024-08-09 07:34:00,E-0156,20260106T061500Z-QE24M
RI-24-01659,S-044,passivated parts,P-16385-A,L24-0726,,645,PO-486442,2024-08-03,"Z1.4 single, normal",J,1.0,II,80,1,free iron,accept,2024-08-08 12:04:00,2024-08-08 15:25:00,E-0156,20260106T061500Z-QE24M
RI-24-01660,S-048,anodized parts,P-11909-A,L24-0694,,1870,PO-474726,2024-08-10,"Z1.4 single, normal",K,1.0,II,125,0,,accept,2024-08-08 14:45:00,2024-08-09 19:18:00,E-0156,20260106T061500Z-QE24M
RI-24-01661,S-051,casting,P-11923-A,,,620,PO-463586,2024-08-11,"Z1.4 single, normal",J,1.0,II,80,1,porosity,accept,2024-08-08 08:29:00,2024-08-08 16:23:00,E-0156,20260106T061500Z-QE24M
RI-24-01662,S-018,plated parts,P-14103-B,L24-0702,,2425,PO-462919,2024-08-09,"Z1.4 single, normal",K,1.0,II,125,0,,accept,2024-08-09 08:55:00,2024-08-10 18:37:00,E-0155,20260106T061500Z-QE24M
RI-24-01663,S-027,heat-treated parts,P-11584-A,L24-0696,,1657,PO-425748,2024-08-04,"Z1.4 single, normal",K,1.0,II,125,1,hardness low,accept,2024-08-09 10:31:00,2024-08-11 09:12:00,E-0155,20260106T061500Z-QE24M
RI-24-01664,S-027,heat-treated parts,P-18234-B,L24-0723,,1052,PO-439726,2024-08-11,"Z1.4 single, normal",J,1.0,II,80,0,,accept,2024-08-09 12:49:00,2024-08-10 20:53:00,E-0155,20260106T061500Z-QE24M
RI-24-01665,S-036,heat-treated parts,P-14196-A,L24-0705,,1503,PO-439034,2024-08-13,"Z1.4 single, normal",K,1.0,II,125,0,,accept,2024-08-09 12:30:00,2024-08-09 14:44:00,E-0156,20260106T061500Z-QE24M
RI-24-01666,S-051,casting,P-16665-D,,,460,PO-416201,2024-08-05,"Z1.4 single, normal",H,1.0,II,50,0,,accept,2024-08-10 13:41:00,2024-08-12 02:04:00,E-0156,20260106T061500Z-QE24M
RI-24-01667,S-057,purchased components,O-rings,,,2200,PO-423598,2024-08-10,"Z1.4 single, normal",K,1.0,II,125,1,damage,accept,2024-08-10 09:05:00,2024-08-11 05:42:00,E-0156,20260106T061500Z-QE24M
RI-24-01668,S-058,purchased components,threaded inserts,,,2000,PO-426267,2024-08-12,"Z1.4 single, normal",K,1.0,II,125,0,,accept,2024-08-11 13:17:00,2024-08-11 22:19:00,E-0155,20260106T061500Z-QE24M
RI-24-01669,S-002,bar,1045 bar 38.1 mm,,MC-00400,40,PO-428605,2024-08-15,"Z1.4 single, normal",D,1.0,II,13,0,,accept,2024-08-12 08:27:00,2024-08-13 16:16:00,E-0155,20260106T061500Z-QE24M
RI-24-01670,S-003,bar,4140 bar 25.4 mm,,MC-00403,65,PO-412067,2024-08-14,"Z1.4 single, normal",E,1.0,II,13,0,,accept,2024-08-12 08:08:00,2024-08-12 15:47:00,E-0156,20260106T061500Z-QE24M
RI-24-01671,S-004,bar,4140 bar 44.45 mm,,MC-00404,58,PO-466871,2024-08-13,"Z1.4 single, normal",E,1.0,II,13,0,,accept,2024-08-12 07:30:00,2024-08-13 09:01:00,E-0156,20260106T061500Z-QE24M
RI-24-01672,S-005,bar,8620 bar 25.4 mm,,MC-00405,66,PO-422793,2024-08-12,"Z1.4 single, normal",E,1.0,II,13,0,,accept,2024-08-12 12:24:00,2024-08-12 18:06:00,E-0156,20260106T061500Z-QE24M
RI-24-01673,S-006,bar,303 bar 50.8 mm,,MC-00401,90,PO-475951,2024-08-13,"Z1.4 single, normal",E,1.0,II,7,0,,accept,2024-08-12 08:38:00,2024-08-14 05:05:00,E-0156,20260106T061500Z-QE24M
RI-24-01674,S-009,bar,316 bar 31.75 mm,,MC-00402,21,PO-480471,2024-08-12,"Z1.4 single, normal",C,1.0,II,13,0,,accept,2024-08-12 10:46:00,2024-08-13 05:07:00,E-0156,20260106T061500Z-QE24M
RI-24-01675,S-023,plated parts,P-12479-D,L24-0686,,1260,PO-460536,2024-08-12,"Z1.4 single, normal",K,1.0,II,125,0,,accept,2024-08-12 07:03:00,2024-08-12 14:09:00,E-0156,20260106T061500Z-QE24M
RI-24-01676,S-026,plated parts,P-18136-D,L24-0680,,665,PO-496001,2024-08-16,"Z1.4 single, normal",J,1.0,II,80,3,plating thickness,reject,2024-08-12 07:56:00,2024-08-13 13:14:00,E-0156,20260106T061500Z-QE24M
RI-24-01677,S-026,plated parts,P-12972-A,L24-0682,,979,PO-409325,2024-08-15,"Z1.4 single, normal",J,1.0,II,80,0,,accept,2024-08-12 11:10:00,2024-08-13 21:22:00,E-0155,20260106T061500Z-QE24M
RI-24-01678,S-027,heat-treated parts,P-12878-C,L24-0735,,732,PO-436145,2024-08-03,"Z1.4 single, normal",J,1.0,II,80,3,hardness low,accept,2024-08-12 07:32:00,2024-08-13 08:29:00,E-0155,20260106T061500Z-QE24M
RI-24-01679,S-030,heat-treated parts,P-11033-A,L24-0709,,193,PO-420611,2024-08-14,"Z1.4 single, normal",G,1.0,II,50,0,,accept,2024-08-12 12:21:00,2024-08-13 00:58:00,E-0155,20260106T061500Z-QE24M
RI-24-01680,S-032,heat-treated parts,P-15123-A,L24-0715,,342,PO-478196,2024-08-12,"Z1.4 single, normal",H,1.0,II,50,0,,accept,2024-08-12 10:54:00,2024-08-13 05:20:00,E-0156,20260106T061500Z-QE24M
RI-24-01681,S-033,heat-treated parts,P-13214-A,L24-0739,,1116,PO-423205,2024-08-15,"Z1.4 single, normal",J,1.0,II,80,1,hardness high,accept,2024-08-12 12:44:00,2024-08-13 21:06:00,E-0156,20260106T061500Z-QE24M
RI-24-01682,S-042,passivated parts,P-12164-A,L24-0716,,303,PO-433086,2024-08-13,"Z1.4 single, normal",H,1.0,II,50,0,,accept,2024-08-12 13:53:00,2024-08-12 15:00:00,E-0156,20260106T061500Z-QE24M
RI-24-01683,S-042,passivated parts,P-14693-A,L24-0720,,1562,PO-484415,2024-08-14,"Z1.4 single, normal",K,1.0,II,125,0,,accept,2024-08-12 08:47:00,2024-08-13 21:47:00,E-0156,20260106T061500Z-QE24M
RI-24-01684,S-043,passivated parts,P-14629-A,L24-0718,,585,PO-426678,2024-08-14,"Z1.4 single, normal",J,1.0,II,80,1,free iron,accept,2024-08-12 14:17:00,2024-08-13 11:42:00,E-0155,20260106T061500Z-QE24M
RI-24-01685,S-044,passivated parts,P-16403-B,L24-0706,,804,PO-467731,2024-08-16,"Z1.4 single, normal",J,1.0,II,80,0,,accept,2024-08-12 12:57:00,2024-08-13 12:41:00,E-0156,20260106T061500Z-QE24M
RI-24-01686,S-044,passivated parts,P-14524-A,L24-0711,,2624,PO-460581,2024-08-12,"Z1.4 single, normal",K,1.0,II,125,1,staining,accept,2024-08-12 08:07:00,2024-08-13 14:01:00,E-0155,20260106T061500Z-QE24M
RI-24-01687,S-050,anodized parts,P-17220-A,L24-0728,,858,PO-415204,2024-08-15,"Z1.4 single, normal",J,1.0,II,80,1,color,accept,2024-08-12 11:51:00,2024-08-12 21:41:00,E-0156,20260106T061500Z-QE24M
RI-24-01688,S-003,bar,4140 bar 25.4 mm,,MC-00407,119,PO-450235,2024-08-03,"Z1.4 single, normal",F,1.0,II,13,0,,accept,2024-08-13 07:28:00,2024-08-13 22:39:00,E-0155,20260106T061500Z-QE24M
RI-24-01689,S-005,bar,8620 bar 25.4 mm,,MC-00408,59,PO-430904,2024-08-17,"Z1.4 single, normal",E,1.0,II,13,0,,accept,2024-08-13 08:46:00,2024-08-14 21:42:00,E-0156,20260106T061500Z-QE24M
RI-24-01690,S-009,bar,316 bar 31.75 mm,,MC-00406,84,PO-443102,2024-08-16,"Z1.4 single, normal",E,1.0,II,13,0,,accept,2024-08-13 11:55:00,2024-08-13 14:37:00,E-0155,20260106T061500Z-QE24M
RI-24-01691,S-036,heat-treated parts,P-13149-C,L24-0707,,3204,PO-470179,2024-08-16,"Z1.4 single, normal",L,1.0,II,200,0,,accept,2024-08-13 12:15:00,2024-08-15 09:28:00,E-0156,20260106T061500Z-QE24M
RI-24-01692,S-037,passivated parts,P-14827-C,L24-0737,,392,PO-436968,2024-08-16,"Z1.4 single, normal",H,1.0,II,50,0,,accept,2024-08-13 14:05:00,2024-08-14 21:20:00,E-0156,20260106T061500Z-QE24M
RI-24-01693,S-051,casting,P-11494-C,,,590,PO-486787,2024-08-15,"Z1.4 single, normal",J,1.0,II,80,0,,accept,2024-08-13 11:45:00,2024-08-14 05:17:00,E-0155,20260106T061500Z-QE24M
RI-24-01694,S-006,bar,303 bar 38.1 mm,,MC-00409,74,PO-419041,2024-08-16,"Z1.4 single, normal",E,1.0,II,13,0,,accept,2024-08-14 14:18:00,2024-08-16 06:27:00,E-0156,20260106T061500Z-QE24M
RI-24-01695,S-023,plated parts,P-14108-A,L24-0703,,1860,PO-436694,2024-08-15,"Z1.4 single, normal",K,1.0,II,125,0,,accept,2024-08-14 08:45:00,2024-08-14 17:46:00,E-0156,20260106T061500Z-QE24M
RI-24-01696,S-025,plated parts,P-18856-A,L24-0699,,987,PO-423323,2024-08-14,"Z1.4 single, normal",J,1.0,II,80,0,,accept,2024-08-14 11:04:00,2024-08-15 18:48:00,E-0155,20260106T061500Z-QE24M
RI-24-01697,S-039,passivated parts,P-19044-A,L24-0731,,1776,PO-498861,2024-08-16,"Z1.4 single, normal",K,1.0,II,125,3,staining,accept,2024-08-14 08:16:00,2024-08-15 20:49:00,E-0155,20260106T061500Z-QE24M
RI-24-01698,S-044,passivated parts,P-16180-A,L24-0743,,799,PO-496641,2024-08-14,"Z1.4 single, normal",J,1.0,II,32,0,,accept,2024-08-14 08:59:00,2024-08-16 01:15:00,E-0156,20260106T061500Z-QE24M
RI-24-01699,S-049,anodized parts,P-17469-D,L24-0725,,1324,PO-409477,2024-08-17,"Z1.4 single, normal",K,1.0,II,125,0,,accept,2024-08-14 08:28:00,2024-08-16 08:21:00,E-0155,20260106T061500Z-QE24M
RI-24-01700,S-007,bar,303 bar 38.1 mm,,MC-00410,48,PO-434556,2024-08-16,"Z1.4 single, normal",D,1.0,II,13,0,,accept,2024-08-15 08:56:00,2024-08-17 05:51:00,E-0156,20260106T061500Z-QE24M
RI-24-01701,S-014,bar,Ti-6Al-4V bar 19.05 mm,,MC-00411,70,PO-496253,2024-08-16,"Z1.4 single, normal",E,1.0,II,13,0,,accept,2024-08-15 12:07:00,2024-08-16 02:43:00,E-0156,20260106T061500Z-QE24M
RI-24-01702,S-023,plated parts,P-15099-A,L24-0679,,1662,PO-466867,2024-08-17,"Z1.4 single, normal",K,1.0,II,89,0,,accept,2024-08-15 08:26:00,2024-08-17 04:55:00,E-0155,20260106T061500Z-QE24M
RI-24-01703,S-036,heat-treated parts,P-18841-A,L24-0730,,1761,PO-419969,2024-08-18,"Z1.4 single, normal",K,1.0,II,95,1,hardness high,accept,2024-08-15 13:09:00,2024-08-16 19:05:00,E-0156,20260106T061500Z-QE24M
RI-24-01704,S-038,passivated parts,P-17849-A,L24-0692,,1622,PO-406622,2024-08-16,"Z1.4 single, normal",K,1.0,II,56,0,,accept,2024-08-15 08:36:00,2024-08-16 04:14:00,E-0156,20260106T061500Z-QE24M
RI-24-01705,S-052,casting,P-11871-A,,,520,PO-486723,2024-08-17,"Z1.4 single, normal",J,1.0,II,63,0,,accept,2024-08-15 07:35:00,2024-08-16 14:41:00,E-0156,20260106T061500Z-QE24M
RI-24-01706,S-025,plated parts,P-12835-A,L24-0684,,542,PO-403368,2024-08-20,"Z1.4 single, normal",J,1.0,II,80,0,,accept,2024-08-16 07:24:00,2024-08-18 03:39:00,E-0155,20260106T061500Z-QE24M
RI-24-01707,S-039,passivated parts,P-15298-A,L24-0747,,536,PO-409879,2024-08-20,"Z1.4 single, normal",J,1.0,II,80,1,free iron,accept,2024-08-16 14:15:00,2024-08-17 12:42:00,E-0156,20260106T061500Z-QE24M
RI-24-01708,S-041,passivated parts,P-10729-A,L24-0732,,1171,PO-497993,2024-08-19,"Z1.4 single, normal",J,1.0,II,80,0,,accept,2024-08-16 07:22:00,2024-08-17 10:53:00,E-0155,20260106T061500Z-QE24M
RI-24-01709,S-046,anodized parts,P-17178-A,L24-0734,,923,PO-400027,2024-08-16,"Z1.4 single, normal",J,1.0,II,62,0,,accept,2024-08-16 13:39:00,2024-08-17 09:31:00,E-0156,20260106T061500Z-QE24M
RI-24-01710,S-001,bar,1018 bar 25.4 mm,,MC-00412,84,PO-458345,2024-08-13,"Z1.4 single, normal",E,1.0,II,7,0,,accept,2024-08-19 14:59:00,2024-08-20 02:18:00,E-0155,20260106T061500Z-QE24M
RI-24-01711,S-005,bar,8620 bar 31.75 mm,,MC-00415,111,PO-471348,2024-08-14,"Z1.4 single, normal",F,1.0,II,13,0,,accept,2024-08-19 14:06:00,2024-08-20 00:55:00,E-0155,20260106T061500Z-QE24M
RI-24-01712,S-006,bar,303 bar 19.05 mm,,MC-00413,64,PO-408182,2024-08-21,"Z1.4 single, normal",E,1.0,II,13,0,,accept,2024-08-19 09:16:00,2024-08-21 05:11:00,E-0155,20260106T061500Z-QE24M
RI-24-01713,S-008,bar,304 bar 25.4 mm,,MC-00414,107,PO-498701,2024-08-22,"Z1.4 single, normal",F,1.0,II,13,0,,accept,2024-08-19 11:29:00,2024-08-19 12:56:00,E-0155,20260106T061500Z-QE24M
RI-24-01714,S-017,plated parts,P-14966-D,L24-0745,,1468,PO-494485,2024-08-23,"Z1.4 single, normal",K,1.0,II,125,2,adhesion,accept,2024-08-19 08:23:00,2024-08-19 12:39:00,E-0155,20260106T061500Z-QE24M
RI-24-01715,S-017,plated parts,P-13431-A,L24-0749,,806,PO-432651,2024-08-21,"Z1.4 single, normal",J,1.0,II,80,1,staining,accept,2024-08-19 13:38:00,2024-08-20 08:28:00,E-0156,20260106T061500Z-QE24M
RI-24-01716,S-020,plated parts,P-13158-A,L24-0693,,312,PO-471733,2024-08-23,"Z1.4 single, normal",H,1.0,II,50,0,,accept,2024-08-19 14:31:00,2024-08-21 10:53:00,E-0155,20260106T061500Z-QE24M
RI-24-01717,S-022,plated parts,P-11584-A,L24-0696,,1657,PO-471074,2024-08-21,"Z1.4 single, normal",K,1.0,II,125,0,,accept,2024-08-19 14:13:00,2024-08-19 19:39:00,E-0156,20260106T061500Z-QE24M
RI-24-01718,S-023,plated parts,P-12988-A,L24-0742,,710,PO-425319,2024-08-20,"Z1.4 single, normal",J,1.0,II,80,0,,accept,2024-08-19 12:25:00,2024-08-20 04:35:00,E-0156,20260106T061500Z-QE24M
RI-24-01719,S-024,plated parts,P-12367-A,L24-0685,,1066,PO-451021,2024-08-23,"Z1.4 single, normal",J,1.0,II,80,0,,accept,2024-08-19 10:07:00,2024-08-21 02:40:00,E-0155,20260106T061500Z-QE24M
RI-24-01720,S-026,plated parts,P-16933-A,L24-0683,,1027,PO-450010,2024-08-12,"Z1.4 single, normal",J,1.0,II,80,1,staining,accept,2024-08-19 07:00:00,2024-08-19 10:39:00,E-0155,20260106T061500Z-QE24M
RI-24-01721,S-028,heat-treated parts,P-11557-C,L24-0733,,1488,PO-495893,2024-08-19,"Z1.4 single, normal",K,1.0,II,125,0,,accept,2024-08-19 09:18:00,2024-08-20 19:32:00,E-0156,20260106T061500Z-QE24M
RI-24-01722,S-033,heat-treated parts,P-13502-C,L24-0750,,739,PO-435511,2024-08-22,"Z1.4 single, normal",J,1.0,II,80,0,,accept,2024-08-19 08:52:00,2024-08-20 11:11:00,E-0155,20260106T061500Z-QE24M
RI-24-01723,S-034,heat-treated parts,P-14457-C,L24-0740,,1106,PO-433750,2024-08-20,"Z1.4 single, normal",J,1.0,II,80,2,hardness low,accept,2024-08-19 09:30:00,2024-08-21 04:10:00,E-0156,20260106T061500Z-QE24M
RI-24-01724,S-036,heat-treated parts,P-13317-A,L24-0741,,907,PO-452090,2024-08-19,"Z1.4 single, normal",J,1.0,II,80,1,distortion,accept,2024-08-19 13:19:00,2024-08-20 17:04:00,E-0156,20260106T061500Z-QE24M
RI-24-01725,S-037,passivated parts,P-16272-A,L24-0752,,610,PO-483316,2024-08-19,"Z1.4 single, normal",J,1.0,II,80,0,,accept,2024-08-19 12:31:00,2024-08-20 18:32:00,E-0155,20260106T061500Z-QE24M
RI-24-01726,S-042,passivated parts,P-17915-C,L24-0704,,441,PO-415319,2024-08-19,"Z1.4 single, normal",H,1.0,II,50,0,,accept,2024-08-19 12:04:00,2024-08-19 13:36:00,E-0156,20260106T061500Z-QE24M
RI-24-01727,S-043,passivated parts,P-17789-B,L24-0688,,1900,PO-456441,2024-08-11,"Z1.4 single, normal",K,1.0,II,60,0,,accept,2024-08-19 11:58:00,2024-08-21 08:50:00,E-0156,20260106T061500Z-QE24M
RI-24-01728,S-043,passivated parts,P-15789-B,L24-0722,,1300,PO-430439,2024-08-20,"Z1.4 single, normal",K,1.0,II,61,0,,accept,2024-08-19 08:25:00,2024-08-21 07:24:00,E-0156,20260106T061500Z-QE24M
RI-24-01729,S-044,passivated parts,P-16548-D,L24-0719,,2257,PO-419923,2024-08-13,"Z1.4 single, normal",K,1.0,II,125,0,,accept,2024-08-19 07:01:00,2024-08-19 19:21:00,E-0155,20260106T061500Z-QE24M
RI-24-01730,S-044,passivated parts,P-19323-B,L24-0736,,1141,PO-471679,2024-08-22,"Z1.4 single, normal",J,1.0,II,43,0,,accept,2024-08-19 14:00:00,2024-08-21 13:02:00,E-0156,20260106T061500Z-QE24M
RI-24-01731,S-048,anodized parts,P-11920-C,L24-0689,,4910,PO-402597,2024-08-20,"Z1.4 single, normal",L,1.0,II,131,0,,accept,2024-08-19 13:02:00,2024-08-20 03:10:00,E-0156,20260106T061500Z-QE24M
RI-24-01732,S-051,casting,P-16616-D,,,500,PO-458969,2024-08-23,"Z1.4 single, normal",H,1.0,II,50,1,dimension,accept,2024-08-19 08:08:00,2024-08-20 01:49:00,E-0155,20260106T061500Z-QE24M
RI-24-01733,S-002,bar,1045 bar 25.4 mm,,MC-00416,93,PO-489103,2024-08-23,"Z1.4 single, normal",F,1.0,II,13,0,,accept,2024-08-20 14:23:00,2024-08-21 19:12:00,E-0156,20260106T061500Z-QE24M
RI-24-01734,S-005,bar,8620 bar 19.05 mm,,MC-00418,67,PO-479573,2024-08-21,"Z1.4 single, normal",E,1.0,II,13,0,,accept,2024-08-20 11:04:00,2024-08-21 12:53:00,E-0155,20260106T061500Z-QE24M
RI-24-01735,S-012,bar,6061 bar 38.1 mm,,MC-00417,64,PO-487042,2024-08-21,"Z1.4 single, normal",E,1.0,II,13,0,,accept,2024-08-20 07:11:00,2024-08-21 18:43:00,E-0156,20260106T061500Z-QE24M
RI-24-01736,S-016,plated parts,P-13149-C,L24-0707,,3204,PO-485212,2024-08-17,"Z1.4 single, normal",L,1.0,II,200,5,adhesion,accept,2024-08-20 08:55:00,2024-08-20 09:34:00,E-0156,20260106T061500Z-QE24M
RI-24-01737,S-017,plated parts,P-13403-A,L24-0712,,806,PO-458633,2024-08-21,"Z1.4 single, normal",J,1.0,II,56,0,,accept,2024-08-20 10:33:00,2024-08-21 15:54:00,E-0156,20260106T061500Z-QE24M
RI-24-01738,S-018,plated parts,P-10463-C,L24-0754,,521,PO-437213,2024-08-21,"Z1.4 single, normal",J,1.0,II,33,0,,accept,2024-08-20 12:36:00,2024-08-21 19:23:00,E-0156,20260106T061500Z-QE24M
RI-24-01739,S-011,bar,17-4 bar 38.1 mm,,MC-00419,114,PO-473025,2024-08-24,"Z1.4 single, normal",F,1.0,II,13,0,,accept,2024-08-21 10:20:00,2024-08-22 21:28:00,E-0156,20260106T061500Z-QE24M
RI-24-01740,S-026,plated parts,P-13214-A,L24-0739,,1116,PO-481375,2024-08-23,"Z1.4 single, normal",J,1.0,II,80,0,,accept,2024-08-21 10:19:00,2024-08-21 13:04:00,E-0155,20260106T061500Z-QE24M
RI-24-01741,S-052,casting,P-10798-C,,,260,PO-405353,2024-08-23,"Z1.4 single, normal",G,1.0,II,50,0,,accept,2024-08-21 12:49:00,2024-08-21 22:44:00,E-0155,20260106T061500Z-QE24M
RI-24-01742,S-058,purchased components,threaded inserts,,,2400,PO-474122,2024-08-21,"Z1.4 single, normal",K,1.0,II,125,0,,accept,2024-08-21 12:13:00,2024-08-22 12:37:00,E-0156,20260106T061500Z-QE24M
RI-24-01743,S-003,bar,4140 bar 38.1 mm,,MC-00421,63,PO-405404,2024-08-26,"Z1.4 single, normal",E,1.0,II,13,0,,accept,2024-08-22 13:13:00,2024-08-23 10:02:00,E-0156,20260106T061500Z-QE24M
RI-24-01744,S-010,bar,316 bar 25.4 mm,,MC-00420,26,PO-489920,2024-08-25,"Z1.4 single, normal",D,1.0,II,13,0,,accept,2024-08-22 12:15:00,2024-08-23 09:50:00,E-0155,20260106T061500Z-QE24M
RI-24-01745,S-026,plated parts,P-12878-C,L24-0735,,732,PO-464950,2024-08-23,"Z1.4 single, normal",J,1.0,II,80,1,adhesion,accept,2024-08-22 10:14:00,2024-08-22 16:28:00,E-0156,20260106T061500Z-QE24M
RI-24-01746,S-039,passivated parts,P-15372-B,L24-0763,,293,PO-461850,2024-08-25,"Z1.4 single, normal",H,1.0,II,50,0,,accept,2024-08-22 12:00:00,2024-08-23 09:55:00,E-0155,20260106T061500Z-QE24M
RI-24-01747,S-045,anodized parts,P-17287-A,L24-0767,,699,PO-457617,2024-08-19,"Z1.4 single, normal",J,1.0,II,80,0,,accept,2024-08-22 10:54:00,2024-08-23 12:35:00,E-0155,20260106T061500Z-QE24M
RI-24-01748,S-006,bar,303 bar 50.8 mm,,MC-00422,88,PO-431630,2024-08-24,"Z1.4 single, normal",E,1.0,II,9,0,,accept,2024-08-23 13:42:00,2024-08-23 20:27:00,E-0156,20260106T061500Z-QE24M
RI-24-01749,S-020,plated parts,P-14196-A,L24-0705,,1503,PO-463423,2024-08-23,"Z1.4 single, normal",K,1.0,II,125,1,adhesion,accept,2024-08-23 14:52:00,2024-08-24 02:37:00,E-0156,20260106T061500Z-QE24M
RI-24-01750,S-053,casting,P-16056-D,,,260,PO-452556,2024-08-25,"Z1.4 single, normal",G,1.0,II,50,1,flash,accept,2024-08-23 10:11:00,2024-08-25 06:44:00,E-0155,20260106T061500Z-QE24M
RI-24-01751,S-055,casting,P-11033-A,,,620,PO-477533,2024-08-26,"Z1.4 single, normal",J,1.0,II,80,0,,accept,2024-08-23 12:38:00,2024-08-25 11:38:00,E-0156,20260106T061500Z-QE24M
RI-24-01752,S-051,casting,P-17096-D,,,560,PO-490968,2024-08-26,"Z1.4 single, normal",J,1.0,II,80,0,,accept,2024-08-24 14:31:00,2024-08-26 05:02:00,E-0156,20260106T061500Z-QE24M
RI-24-01753,S-057,purchased components,retaining rings,,,4900,PO-461279,2024-08-28,"Z1.4 single, normal",L,1.0,II,200,0,,accept,2024-08-24 10:05:00,2024-08-24 12:05:00,E-0155,20260106T061500Z-QE24M
RI-24-01754,S-002,bar,1045 bar 38.1 mm,,MC-00423,27,PO-405054,2024-08-29,"Z1.4 single, normal",D,1.0,II,13,0,,accept,2024-08-26 09:45:00,2024-08-27 21:22:00,E-0155,20260106T061500Z-QE24M
RI-24-01755,S-004,bar,4140 bar 31.75 mm,,MC-00426,29,PO-469590,2024-08-26,"Z1.4 single, normal",D,1.0,II,13,0,,accept,2024-08-26 10:13:00,2024-08-26 19:56:00,E-0156,20260106T061500Z-QE24M
RI-24-01756,S-004,bar,4140 bar 63.5 mm,,MC-00427,70,PO-450331,2024-08-29,"Z1.4 single, normal",E,1.0,II,13,0,,accept,2024-08-26 09:30:00,2024-08-28 01:22:00,E-0156,20260106T061500Z-QE24M
RI-24-01757,S-007,bar,303 bar 50.8 mm,,MC-00424,97,PO-416428,2024-08-26,"Z1.4 single, normal",F,1.0,II,13,0,,accept,2024-08-26 11:08:00,2024-08-26 13:36:00,E-0155,20260106T061500Z-QE24M
RI-24-01758,S-009,bar,316 bar 31.75 mm,,MC-00425,103,PO-484545,2024-08-30,"Z1.4 single, normal",F,1.0,II,13,0,,accept,2024-08-26 14:39:00,2024-08-26 15:31:00,E-0156,20260106T061500Z-QE24M
RI-24-01759,S-012,bar,6061 bar 19.05 mm,,MC-00428,115,PO-443020,2024-08-29,"Z1.4 single, normal",F,1.0,II,13,0,,accept,2024-08-26 13:56:00,2024-08-28 11:57:00,E-0156,20260106T061500Z-QE24M
RI-24-01760,S-017,plated parts,P-14918-A,L24-0755,,1548,PO-496931,2024-08-27,"Z1.4 single, normal",K,1.0,II,125,0,,accept,2024-08-26 12:32:00,2024-08-26 13:05:00,E-0155,20260106T061500Z-QE24M
RI-24-01761,S-017,plated parts,P-13321-A,L24-0756,,765,PO-414499,2024-08-27,"Z1.4 single, normal",J,1.0,II,80,0,,accept,2024-08-26 09:11:00,2024-08-27 16:51:00,E-0156,20260106T061500Z-QE24M
RI-24-01762,S-018,plated parts,P-18234-B,L24-0723,,1052,PO-401960,2024-08-27,"Z1.4 single, normal",J,1.0,II,80,0,,accept,2024-08-26 11:39:00,2024-08-27 23:14:00,E-0155,20260106T061500Z-QE24M
RI-24-01763,S-019,plated parts,P-14457-C,L24-0740,,1106,PO-433667,2024-08-28,"Z1.4 single, normal",J,1.0,II,80,0,,accept,2024-08-26 10:41:00,2024-08-26 15:10:00,E-0156,20260106T061500Z-QE24M
RI-24-01764,S-020,plated parts,P-15123-A,L24-0715,,342,PO-412956,2024-08-29,"Z1.4 single, normal",H,1.0,II,50,0,,accept,2024-08-26 08:56:00,2024-08-26 17:34:00,E-0156,20260106T061500Z-QE24M
RI-24-01765,S-020,plated parts,P-10385-D,L24-0746,,1061,PO-487061,2024-08-27,"Z1.4 single, normal",J,1.0,II,80,0,,accept,2024-08-26 07:59:00,2024-08-26 23:25:00,E-0155,20260106T061500Z-QE24M
RI-24-01766,S-026,plated parts,P-11033-A,L24-0709,,193,PO-448249,2024-08-26,"Z1.4 single, normal",G,1.0,II,50,0,,accept,2024-08-26 11:51:00,2024-08-28 00:26:00,E-0156,20260106T061500Z-QE24M
RI-24-01767,S-030,heat-treated parts,P-10123-A,L24-0744,,1166,PO-410387,2024-08-22,"Z1.4 single, normal",J,1.0,II,53,1,hardness low,accept,2024-08-26 10:57:00,2024-08-27 08:52:00,E-0156,20260106T061500Z-QE24M
RI-24-01768,S-030,heat-treated parts,P-10304-A,L24-0748,,660,PO-416489,2024-08-27,"Z1.4 single, normal",J,1.0,II,80,1,hardness low,accept,2024-08-26 14:44:00,2024-08-27 11:41:00,E-0156,20260106T061500Z-QE24M
RI-24-01769,S-033,heat-treated parts,P-14108-A,L24-0757,,1781,PO-470185,2024-08-29,"Z1.4 single, normal",K,1.0,II,56,0,,accept,2024-08-26 09:18:00,2024-08-27 00:16:00,E-0155,20260106T061500Z-QE24M
RI-24-01770,S-033,heat-treated parts,P-12828-B,L24-0761,,1566,PO-403491,2024-08-30,"Z1.4 single, normal",K,1.0,II,125,0,,accept,2024-08-26 12:55:00,2024-08-27 19:20:00,E-0156,20260106T061500Z-QE24M
RI-24-01771,S-040,passivated parts,P-17038-D,L24-0771,,992,PO-443656,2024-08-27,"Z1.4 single, normal",J,1.0,II,80,3,free iron,accept,2024-08-26 14:31:00,2024-08-28 06:23:00,E-0155,20260106T061500Z-QE24M
RI-24-01772,S-042,passivated parts,P-16107-A,L24-0738,,1443,PO-470392,2024-08-30,"Z1.4 single, normal",K,1.0,II,125,0,,accept,2024-08-26 11:08:00,2024-08-26 20:20:00,E-0156,20260106T061500Z-QE24M
RI-24-01773,S-047,anodized parts,P-17202-A,L24-0753,,1300,PO-429382,2024-08-27,"Z1.4 single, normal",K,1.0,II,125,0,,accept,2024-08-26 14:07:00,2024-08-28 03:57:00,E-0156,20260106T061500Z-QE24M
RI-24-01774,S-050,anodized parts,P-17077-A,L24-0759,,560,PO-440475,2024-08-29,"Z1.4 single, normal",J,1.0,II,80,0,,accept,2024-08-26 07:10:00,2024-08-27 07:57:00,E-0155,20260106T061500Z-QE24M
RI-24-01775,S-051,casting,P-16080-A,,,220,PO-467191,2024-08-29,"Z1.4 single, normal",G,1.0,II,50,0,,accept,2024-08-26 13:33:00,2024-08-28 00:46:00,E-0155,20260106T061500Z-QE24M
RI-24-01776,S-058,purchased components,O-rings,,,4450,PO-444397,2024-08-27,"Z1.4 single, normal",L,1.0,II,200,0,,accept,2024-08-26 07:08:00,2024-08-28 06:18:00,E-0156,20260106T061500Z-QE24M
RI-24-01777,S-003,bar,4140 bar 38.1 mm,,MC-00430,26,PO-438010,2024-08-31,"Z1.4 single, normal",D,1.0,II,13,0,,accept,2024-08-27 10:32:00,2024-08-29 01:28:00,E-0156,20260106T061500Z-QE24M
RI-24-01778,S-004,bar,4140 bar 63.5 mm,,MC-00431,119,PO-482430,2024-08-31,"Z1.4 single, normal",F,1.0,II,13,0,,accept,2024-08-27 11:23:00,2024-08-29 00:06:00,E-0156,20260106T061500Z-QE24M
RI-24-01779,S-010,bar,316 bar 31.75 mm,,MC-00429,68,PO-424373,2024-08-17,"Z1.4 single, normal",E,1.0,II,13,0,,accept,2024-08-27 11:59:00,2024-08-29 05:04:00,E-0156,20260106T061500Z-QE24M
RI-24-01780,S-014,bar,Ti-6Al-4V bar 50.8 mm,,MC-00432,117,PO-404996,2024-08-29,"Z1.4 single, normal",F,1.0,II,13,0,,accept,2024-08-27 13:29:00,2024-08-29 04:45:00,E-0155,20260106T061500Z-QE24M
RI-24-01781,S-033,heat-treated parts,P-14928-A,L24-0764,,1369,PO-451618,2024-08-27,"Z1.4 single, normal",K,1.0,II,125,2,hardness high,accept,2024-08-27 07:10:00,2024-08-28 19:33:00,E-0156,20260106T061500Z-QE24M
RI-24-01782,S-041,passivated parts,P-10711-C,L24-0782,,387,PO-472695,2024-08-27,"Z1.4 single, normal",H,1.0,II,50,0,,accept,2024-08-27 13:54:00,2024-08-29 04:33:00,E-0156,20260106T061500Z-QE24M
RI-24-01783,S-055,casting,P-10497-B,,,820,PO-428367,2024-08-27,"Z1.4 single, normal",J,1.0,II,80,1,flash,accept,2024-08-27 11:35:00,2024-08-28 19:44:00,E-0156,20260106T061500Z-QE24M
RI-24-01784,S-025,plated parts,P-18841-A,L24-0730,,1761,PO-467194,2024-08-31,"Z1.4 single, normal",K,1.0,II,96,0,,accept,2024-08-28 09:50:00,2024-08-29 00:01:00,E-0156,20260106T061500Z-QE24M
RI-24-01785,S-036,heat-treated parts,P-13380-B,L24-0770,,881,PO-461862,2024-09-01,"Z1.4 single, normal",J,1.0,II,80,0,,accept,2024-08-28 08:39:00,2024-08-29 13:17:00,E-0155,20260106T061500Z-QE24M
RI-24-01786,S-048,anodized parts,P-17389-B,L24-0776,,397,PO-475078,2024-08-31,"Z1.4 single, normal",H,1.0,II,50,1,coating thickness,accept,2024-08-28 08:16:00,2024-08-29 05:51:00,E-0155,20260106T061500Z-QE24M
RI-24-01787,S-001,bar,1018 bar 25.4 mm,,MC-00433,72,PO-406372,2024-09-01,"Z1.4 single, normal",E,1.0,II,13,0,,accept,2024-08-29 14:13:00,2024-08-29 15:45:00,E-0156,20260106T061500Z-QE24M
RI-24-01788,S-010,bar,316 bar 25.4 mm,,MC-00434,29,PO-471399,2024-08-31,"Z1.4 single, normal",D,1.0,II,13,0,,accept,2024-08-29 09:14:00,2024-08-31 06:29:00,E-0155,20260106T061500Z-QE24M
RI-24-01789,S-017,plated parts,P-13502-C,L24-0750,,739,PO-481063,2024-08-31,"Z1.4 single, normal",J,1.0,II,80,0,,accept,2024-08-29 13:59:00,2024-08-30 00:20:00,E-0156,20260106T061500Z-QE24M
RI-24-01790,S-018,plated parts,P-14103-B,L24-0766,,2406,PO-444423,2024-08-24,"Z1.4 single, normal",K,1.0,II,125,0,,accept,2024-08-29 13:30:00,2024-08-30 22:18:00,E-0156,20260106T061500Z-QE24M
RI-24-01791,S-033,heat-treated parts,P-14989-D,L24-0785,,1379,PO-495155,2024-09-02,"Z1.4 single, normal",K,1.0,II,55,0,,accept,2024-08-29 07:43:00,2024-08-30 10:00:00,E-0155,20260106T061500Z-QE24M
RI-24-01792,S-051,casting,P-10743-D,,,320,PO-463481,2024-09-02,"Z1.4 single, normal",H,1.0,II,50,0,,accept,2024-08-29 09:28:00,2024-08-30 02:29:00,E-0155,20260106T061500Z-QE24M
RI-24-01793,S-004,bar,4140 bar 31.75 mm,,MC-00435,31,PO-409849,2024-08-30,"Z1.4 single, normal",D,1.0,II,13,0,,accept,2024-08-30 09:32:00,2024-09-01 05:42:00,E-0155,20260106T061500Z-QE24M
RI-24-01794,S-033,heat-treated parts,P-13369-A,L24-0788,,842,PO-476836,2024-08-30,"Z1.4 single, normal",J,1.0,II,80,1,hardness low,accept,2024-08-30 13:23:00,2024-08-30 15:33:00,E-0156,20260106T061500Z-QE24M
RI-24-01795,S-037,passivated parts,P-12188-A,L24-0758,,1503,PO-404703,2024-09-01,"Z1.4 single, normal",K,1.0,II,125,2,free iron,accept,2024-08-30 09:26:00,2024-08-31 09:02:00,E-0155,20260106T061500Z-QE24M
RI-24-01796,S-037,passivated parts,P-16183-C,L24-0778,,1131,PO-445366,2024-09-01,"Z1.4 single, normal",J,1.0,II,80,0,,accept,2024-08-30 13:39:00,2024-08-31 23:07:00,E-0155,20260106T061500Z-QE24M
RI-24-01797,S-039,passivated parts,P-11167-D,L24-0773,,1091,PO-426259,2024-08-27,"Z1.4 single, normal",J,1.0,II,80,0,,accept,2024-08-30 10:39:00,2024-08-31 05:28:00,E-0155,20260106T061500Z-QE24M
RI-24-01798,S-044,passivated parts,P-16180-A,L24-0781,,759,PO-435706,2024-08-31,"Z1.4 single, normal",J,1.0,II,80,0,,accept,2024-08-30 12:53:00,2024-08-30 23:50:00,E-0156,20260106T061500Z-QE24M
RI-24-01799,S-048,anodized parts,P-11984-A,L24-0774,,203,PO-476242,2024-09-01,"Z1.4 single, normal",G,1.0,II,50,1,coating thickness,accept,2024-08-30 12:24:00,2024-08-31 18:24:00,E-0155,20260106T061500Z-QE24M
RI-24-01800,S-057,purchased components,threaded inserts,,,3550,PO-497484,2024-09-01,"Z1.4 single, normal",L,1.0,II,200,0,,accept,2024-08-30 14:29:00,2024-09-01 07:38:00,E-0155,20260106T061500Z-QE24M
RI-24-01801,S-051,casting,P-17158-A,,,600,PO-470960,2024-08-24,"Z1.4 single, normal",J,1.0,II,80,0,,accept,2024-08-31 11:35:00,2024-09-01 03:36:00,E-0156,20260106T061500Z-QE24M
RI-24-01802,S-001,bar,1018 bar 19.05 mm,,MC-00436,101,PO-439368,2024-08-24,"Z1.4 single, normal",F,1.0,II,13,0,,accept,2024-09-03 13:27:00,2024-09-04 15:19:00,E-0156,20260106T061500Z-QE24M
RI-24-01803,S-004,bar,4140 bar 63.5 mm,,MC-00438,110,PO-433763,2024-09-07,"Z1.4 single, normal",F,1.0,II,8,0,,accept,2024-09-03 08:02:00,2024-09-03 09:39:00,E-0156,20260106T061500Z-QE24M
RI-24-01804,S-008,bar,304 bar 25.4 mm,,MC-00437,47,PO-435242,2024-09-07,"Z1.4 single, normal",D,1.0,II,13,0,,accept,2024-09-03 12:46:00,2024-09-05 05:00:00,E-0156,20260106T061500Z-QE24M
RI-24-01805,S-016,plated parts,P-11557-C,L24-0733,,1488,PO-472809,2024-09-04,"Z1.4 single, normal",K,1.0,II,125,0,,accept,2024-09-03 12:58:00,2024-09-05 11:37:00,E-0155,20260106T061500Z-QE24M
RI-24-01806,S-016,plated parts,P-16760-D,L24-0777,,580,PO-456924,2024-09-05,"Z1.4 single, normal",J,1.0,II,80,0,,accept,2024-09-03 12:10:00,2024-09-05 07:29:00,E-0155,20260106T061500Z-QE24M
RI-24-01807,S-017,plated parts,P-13317-A,L24-0741,,907,PO-440621,2024-09-03,"Z1.4 single, normal",J,1.0,II,42,0,,accept,2024-09-03 14:10:00,2024-09-04 14:41:00,E-0156,20260106T061500Z-QE24M
RI-24-01808,S-020,plated parts,P-12828-B,L24-0761,,1566,PO-408534,2024-09-03,"Z1.4 single, normal",K,1.0,II,55,1,blisters,accept,2024-09-03 09:00:00,2024-09-03 11:45:00,E-0155,20260106T061500Z-QE24M
RI-24-01809,S-020,plated parts,P-13711-B,L24-0783,,496,PO-432143,2024-09-05,"Z1.4 single, normal",H,1.0,II,50,0,,accept,2024-09-03 07:29:00,2024-09-03 14:20:00,E-0156,20260106T061500Z-QE24M
RI-24-01810,S-023,plated parts,P-14108-A,L24-0757,,1781,PO-406197,2024-09-05,"Z1.4 single, normal",K,1.0,II,125,0,,accept,2024-09-03 10:56:00,2024-09-04 15:39:00,E-0156,20260106T061500Z-QE24M
RI-24-01811,S-024,plated parts,P-11045-A,L24-0769,,456,PO-427871,2024-09-04,"Z1.4 single, normal",H,1.0,II,50,0,,accept,2024-09-03 10:41:00,2024-09-04 15:18:00,E-0156,20260106T061500Z-QE24M
RI-24-01812,S-026,plated parts,P-10304-A,L24-0748,,660,PO-419927,2024-09-05,"Z1.4 single, normal",J,1.0,II,80,0,,accept,2024-09-03 07:45:00,2024-09-03 16:49:00,E-0155,20260106T061500Z-QE24M
RI-24-01813,S-031,heat-treated parts,P-12594-C,L24-0780,,719,PO-461916,2024-09-04,"Z1.4 single, normal",J,1.0,II,80,0,,accept,2024-09-03 13:09:00,2024-09-04 14:22:00,E-0155,20260106T061500Z-QE24M
RI-24-01814,S-033,heat-treated parts,P-14212-C,L24-0775,,868,PO-464269,2024-09-04,"Z1.4 single, normal",J,1.0,II,80,0,,accept,2024-09-03 07:32:00,2024-09-04 07:22:00,E-0156,20260106T061500Z-QE24M
RI-24-01815,S-034,heat-treated parts,P-18353-B,L24-0793,,640,PO-466631,2024-09-05,"Z1.4 single, normal",J,1.0,II,80,0,,accept,2024-09-03 10:52:00,2024-09-05 08:22:00,E-0155,20260106T061500Z-QE24M
RI-24-01816,S-036,heat-treated parts,P-17881-C,L24-0768,,541,PO-490492,2024-09-07,"Z1.4 single, normal",J,1.0,II,80,0,,accept,2024-09-03 14:31:00,2024-09-04 00:44:00,E-0156,20260106T061500Z-QE24M
RI-24-01817,S-036,heat-treated parts,P-14992-A,L24-0772,,1562,PO-452968,2024-09-05,"Z1.4 single, normal",K,1.0,II,125,0,,accept,2024-09-03 07:49:00,2024-09-04 06:01:00,E-0156,20260106T061500Z-QE24M
RI-24-01818,S-036,heat-treated parts,P-14117-A,L24-0799,,1121,PO-496191,2024-08-30,"Z1.4 single, normal",J,1.0,II,80,0,,accept,2024-09-03 09:47:00,2024-09-04 14:36:00,E-0156,20260106T061500Z-QE24M
RI-24-01819,S-039,passivated parts,P-11282-A,L24-0790,,1086,PO-417896,2024-08-24,"Z1.4 single, normal",J,1.0,II,51,0,,accept,2024-09-03 13:57:00,2024-09-05 01:10:00,E-0156,20260106T061500Z-QE24M
RI-24-01820,S-040,passivated parts,P-11163-D,L24-0762,,2182,PO-402896,2024-09-03,"Z1.4 single, normal",K,1.0,II,125,1,free iron,accept,2024-09-03 09:37:00,2024-09-03 11:39:00,E-0155,20260106T061500Z-QE24M
RI-24-01821,S-040,passivated parts,P-15564-A,L24-0765,,511,PO-471010,2024-08-30,"Z1.4 single, normal",J,1.0,II,80,0,,accept,2024-09-03 10:34:00,2024-09-05 05:22:00,E-0156,20260106T061500Z-QE24M
RI-24-01822,S-040,passivated parts,P-11320-D,L24-0787,,1052,PO-435507,2024-09-06,"Z1.4 single, normal",J,1.0,II,40,0,,accept,2024-09-03 10:36:00,2024-09-05 08:53:00,E-0155,20260106T061500Z-QE24M
RI-24-01823,S-043,passivated parts,P-17532-A,L24-0784,,799,PO-405032,2024-09-04,"Z1.4 single, normal",J,1.0,II,80,0,,accept,2024-09-03 12:05:00,2024-09-04 11:34:00,E-0155,20260106T061500Z-QE24M
RI-24-01824,S-048,anodized parts,P-12016-A,L24-0792,,863,PO-438526,2024-09-03,"Z1.4 single, normal",J,1.0,II,80,0,,accept,2024-09-03 09:14:00,2024-09-04 08:07:00,E-0156,20260106T061500Z-QE24M
RI-24-01825,S-051,casting,P-10775-A,,,380,PO-400606,2024-08-30,"Z1.4 single, normal",H,1.0,II,50,0,,accept,2024-09-03 13:48:00,2024-09-04 11:00:00,E-0155,20260106T061500Z-QE24M
RI-24-01826,S-005,bar,8620 bar 19.05 mm,,MC-00440,25,PO-401507,2024-09-04,"Z1.4 single, normal",C,1.0,II,7,0,,accept,2024-09-04 07:14:00,2024-09-06 03:43:00,E-0155,20260106T061500Z-QE24M
RI-24-01827,S-008,bar,304 bar 25.4 mm,,MC-00439,20,PO-441687,2024-09-05,"Z1.4 single, normal",C,1.0,II,13,0,,accept,2024-09-04 10:36:00,2024-09-04 17:19:00,E-0155,20260106T061500Z-QE24M
RI-24-01828,S-018,plated parts,P-14159-A,L24-0805,,283,PO-433100,2024-09-07,"Z1.4 single, normal",H,1.0,II,24,0,,accept,2024-09-04 07:41:00,2024-09-05 22:31:00,E-0156,20260106T061500Z-QE24M
RI-24-01829,S-027,heat-treated parts,P-15261-A,L24-0786,,873,PO-454964,2024-09-05,"Z1.4 single, normal",J,1.0,II,80,1,hardness low,accept,2024-09-04 11:51:00,2024-09-06 07:43:00,E-0155,20260106T061500Z-QE24M
RI-24-01830,S-039,passivated parts,P-17014-A,L24-0800,,992,PO-419838,2024-09-07,"Z1.4 single, normal",J,1.0,II,80,0,,accept,2024-09-04 13:17:00,2024-09-04 15:26:00,E-0155,20260106T061500Z-QE24M
RI-24-01831,S-044,passivated parts,P-11226-C,L24-0803,,1607,PO-476920,2024-09-04,"Z1.4 single, normal",K,1.0,II,125,0,,accept,2024-09-04 08:17:00,2024-09-06 00:13:00,E-0155,20260106T061500Z-QE24M
RI-24-01832,S-051,casting,P-16567-A,,,720,PO-489511,2024-08-28,"Z1.4 single, normal",J,1.0,II,80,0,,accept,2024-09-04 13:05:00,2024-09-05 00:03:00,E-0155,20260106T061500Z-QE24M
RI-24-01833,S-017,plated parts,P-14989-D,L24-0785,,1379,PO-463015,2024-09-06,"Z1.4 single, normal",K,1.0,II,125,2,staining,accept,2024-09-05 11:48:00,2024-09-05 13:30:00,E-0156,20260106T061500Z-QE24M
RI-24-01834,S-036,heat-treated parts,P-13483-A,L24-0794,,881,PO-419272,2024-09-04,"Z1.4 single, normal",J,1.0,II,80,1,hardness low,accept,2024-09-05 10:02:00,2024-09-07 02:02:00,E-0156,20260106T061500Z-QE24M
RI-24-01835,S-036,heat-treated parts,P-14168-B,L24-0798,,918,PO-466775,2024-09-08,"Z1.4 single, normal",J,1.0,II,80,1,hardness high,accept,2024-09-05 13:51:00,2024-09-06 01:55:00,E-0156,20260106T061500Z-QE24M
RI-24-01836,S-037,passivated parts,P-16464-B,L24-0797,,769,PO-475129,2024-09-05,"Z1.4 single, normal",J,1.0,II,80,0,,accept,2024-09-05 11:05:00,2024-09-07 05:17:00,E-0155,20260106T061500Z-QE24M
RI-24-01837,S-051,casting,P-11381-A,,,380,PO-481908,2024-09-05,"Z1.4 single, normal",H,1.0,II,50,0,,accept,2024-09-05 07:33:00,2024-09-06 01:00:00,E-0155,20260106T061500Z-QE24M
RI-24-01838,S-055,casting,P-16080-A,,,430,PO-406689,2024-09-09,"Z1.4 single, normal",H,1.0,II,50,0,,accept,2024-09-05 10:06:00,2024-09-06 22:45:00,E-0156,20260106T061500Z-QE24M
RI-24-01839,S-004,bar,4140 bar 44.45 mm,,MC-00441,70,PO-416636,2024-09-08,"Z1.4 single, normal",E,1.0,II,13,0,,accept,2024-09-06 09:24:00,2024-09-07 13:24:00,E-0155,20260106T061500Z-QE24M
RI-24-01840,S-005,bar,8620 bar 25.4 mm,,MC-00442,46,PO-412082,2024-09-01,"Z1.4 single, normal",D,1.0,II,13,0,,accept,2024-09-06 09:51:00,2024-09-06 19:45:00,E-0156,20260106T061500Z-QE24M
RI-24-01841,S-017,plated parts,P-14928-A,L24-0764,,1369,PO-478514,2024-09-06,"Z1.4 single, normal",K,1.0,II,125,2,blisters,accept,2024-09-06 11:14:00,2024-09-07 01:26:00,E-0156,20260106T061500Z-QE24M
RI-24-01842,S-051,casting,P-10653-D,,,420,PO-444825,2024-09-12,"Z1.4 single, normal",H,1.0,II,50,0,,accept,2024-09-08 13:37:00,2024-09-09 02:33:00,E-0155,20260106T061500Z-QE24M
RI-24-01843,S-004,bar,4140 bar 44.45 mm,,MC-00444,66,PO-405136,2024-09-11,"Z1.4 single, normal",E,1.0,II,13,0,,accept,2024-09-09 09:01:00,2024-09-10 12:29:00,E-0155,20260106T061500Z-QE24M
RI-24-01844,S-008,bar,304 bar 38.1 mm,,MC-00443,41,PO-495824,2024-09-10,"Z1.4 single, normal",D,1.0,II,13,0,,accept,2024-09-09 10:34:00,2024-09-10 06:19:00,E-0155,20260106T061500Z-QE24M
RI-24-01845,S-016,plated parts,P-13633-A,L24-0760,,3839,PO-437072,2024-09-08,"Z1.4 single, normal",L,1.0,II,200,1,adhesion,accept,2024-09-09 14:18:00,2024-09-11 02:15:00,E-0155,20260106T061500Z-QE24M
RI-24-01846,S-017,plated parts,P-13380-B,L24-0770,,881,PO-452801,2024-09-10,"Z1.4 single, normal",J,1.0,II,40,0,,accept,2024-09-09 08:29:00,2024-09-10 13:17:00,E-0155,20260106T061500Z-QE24M
RI-24-01847,S-017,plated parts,P-14992-A,L24-0772,,1562,PO-465753,2024-09-13,"Z1.4 single, normal",K,1.0,II,125,0,,accept,2024-09-09 09:35:00,2024-09-10 22:37:00,E-0156,20260106T061500Z-QE24M
RI-24-01848,S-020,plated parts,P-10123-A,L24-0744,,1166,PO-498168,2024-09-11,"Z1.4 single, normal",J,1.0,II,80,0,,accept,2024-09-09 11:22:00,2024-09-10 19:57:00,E-0155,20260106T061500Z-QE24M
RI-24-01849,S-033,heat-treated parts,P-14257-A,L24-0791,,1910,PO-480293,2024-09-11,"Z1.4 single, normal",K,1.0,II,125,0,,accept,2024-09-09 12:26:00,2024-09-09 23:30:00,E-0156,20260106T061500Z-QE24M
RI-24-01850,S-036,heat-treated parts,P-13675-A,L24-0795,,1865,PO-414501,2024-09-13,"Z1.4 single, normal",K,1.0,II,125,1,distortion,accept,2024-09-09 14:46:00,2024-09-10 09:44:00,E-0156,20260106T061500Z-QE24M
RI-24-01851,S-037,passivated parts,P-15814-B,L24-0751,,3606,PO-485257,2024-09-13,"Z1.4 single, normal",L,1.0,II,200,5,free iron,accept,2024-09-09 13:18:00,2024-09-10 01:39:00,E-0155,20260106T061500Z-QE24M
RI-24-01852,S-044,passivated parts,P-16180-A,L24-0812,,744,PO-419149,2024-09-09,"Z1.4 single, normal",J,1.0,II,80,0,,accept,2024-09-09 12:35:00,2024-09-09 19:55:00,E-0155,20260106T061500Z-QE24M
RI-24-01853,S-048,anodized parts,P-11909-A,L24-0779,,1954,PO-484543,2024-09-11,"Z1.4 single, normal",K,1.0,II,125,0,,accept,2024-09-09 10:24:00,2024-09-10 13:47:00,E-0156,20260106T061500Z-QE24M
RI-24-01854,S-051,casting,P-11072-B,,,320,PO-468400,2024-09-13,"Z1.4 single, normal",H,1.0,II,26,0,,accept,2024-09-09 12:53:00,2024-09-09 21:01:00,E-0155,20260106T061500Z-QE24M
RI-24-01855,S-008,bar,304 bar 25.4 mm,,MC-00445,82,PO-412158,2024-09-11,"Z1.4 single, normal",E,1.0,II,13,0,,accept,2024-09-10 14:23:00,2024-09-11 18:43:00,E-0155,20260106T061500Z-QE24M
RI-24-01856,S-017,plated parts,P-13369-A,L24-0788,,842,PO-426537,2024-09-11,"Z1.4 single, normal",J,1.0,II,80,3,blisters,reject,2024-09-10 12:46:00,2024-09-11 07:15:00,E-0155,20260106T061500Z-QE24M
RI-24-01857,S-020,plated parts,P-18153-B,L24-0804,,665,PO-424967,2024-09-13,"Z1.4 single, normal",J,1.0,II,80,2,blisters,accept,2024-09-10 09:38:00,2024-09-11 03:51:00,E-0155,20260106T061500Z-QE24M
RI-24-01858,S-022,plated parts,P-16870-A,L24-0810,,317,PO-478941,2024-09-10,"Z1.4 single, normal",H,1.0,II,50,0,,accept,2024-09-10 13:54:00,2024-09-11 02:01:00,E-0155,20260106T061500Z-QE24M
RI-24-01859,S-023,plated parts,P-14212-C,L24-0775,,868,PO-431929,2024-09-13,"Z1.4 single, normal",J,1.0,II,80,0,,accept,2024-09-10 14:22:00,2024-09-11 18:56:00,E-0156,20260106T061500Z-QE24M
RI-24-01860,S-037,passivated parts,P-19228-C,L24-0802,,1567,PO-413112,2024-09-14,"Z1.4 single, normal",K,1.0,II,125,1,staining,accept,2024-09-10 08:03:00,2024-09-10 09:57:00,E-0156,20260106T061500Z-QE24M
RI-24-01861,S-040,passivated parts,P-17732-C,L24-0796,,1260,PO-460224,2024-09-14,"Z1.4 single, normal",K,1.0,II,125,0,,accept,2024-09-10 08:49:00,2024-09-11 23:42:00,E-0155,20260106T061500Z-QE24M
RI-24-01862,S-051,casting,P-17100-A,,,380,PO-438145,2024-09-04,"Z1.4 single, normal",H,1.0,II,50,1,porosity,accept,2024-09-10 13:53:00,2024-09-11 21:11:00,E-0156,20260106T061500Z-QE24M
RI-24-01863,S-002,bar,1045 bar 38.1 mm,,MC-00446,58,PO-489640,2024-09-06,"Z1.4 single, normal",E,1.0,II,13,1,diameter,reject,2024-09-11 14:31:00,2024-09-12 01:59:00,E-0156,20260106T061500Z-QE24M
RI-24-01864,S-005,bar,8620 bar 19.05 mm,,MC-00448,99,PO-439599,2024-09-13,"Z1.4 single, normal",F,1.0,II,13,0,,accept,2024-09-11 10:53:00,2024-09-12 18:05:00,E-0156,20260106T061500Z-QE24M
RI-24-01865,S-007,bar,303 bar 38.1 mm,,MC-00447,93,PO-433937,2024-09-11,"Z1.4 single, normal",F,1.0,II,13,0,,accept,2024-09-11 13:54:00,2024-09-12 15:39:00,E-0156,20260106T061500Z-QE24M
RI-24-01866,S-027,heat-treated parts,P-13806-A,L24-0789,,1652,PO-429695,2024-09-14,"Z1.4 single, normal",K,1.0,II,125,0,,accept,2024-09-11 11:04:00,2024-09-11 14:52:00,E-0155,20260106T061500Z-QE24M
RI-24-01867,S-042,passivated parts,P-17609-A,L24-0809,,451,PO-445724,2024-09-15,"Z1.4 single, normal",H,1.0,II,50,0,,accept,2024-09-11 14:45:00,2024-09-12 08:57:00,E-0155,20260106T061500Z-QE24M
RI-24-01868,S-003,bar,4140 bar 38.1 mm,,MC-00449,115,PO-473328,2024-09-13,"Z1.4 single, normal",F,1.0,II,13,0,,accept,2024-09-12 07:39:00,2024-09-13 09:29:00,E-0156,20260106T061500Z-QE24M
RI-24-01869,S-022,plated parts,P-14168-B,L24-0798,,918,PO-466136,2024-09-12,"Z1.4 single, normal",J,1.0,II,80,0,,accept,2024-09-12 10:13:00,2024-09-13 21:23:00,E-0155,20260106T061500Z-QE24M
RI-24-01870,S-025,plated parts,P-14134-A,L24-0824,,1478,PO-416282,2024-09-13,"Z1.4 single, normal",K,1.0,II,65,0,,accept,2024-09-12 10:14:00,2024-09-13 19:57:00,E-0155,20260106T061500Z-QE24M
RI-24-01871,S-033,heat-treated parts,P-11462-A,L24-0806,,813,PO-460847,2024-09-14,"Z1.4 single, normal",J,1.0,II,80,0,,accept,2024-09-12 10:59:00,2024-09-12 17:31:00,E-0156,20260106T061500Z-QE24M
RI-24-01872,S-042,passivated parts,P-14872-A,L24-0821,,491,PO-453338,2024-09-05,"Z1.4 single, normal",H,1.0,II,50,0,,accept,2024-09-12 10:30:00,2024-09-13 22:37:00,E-0155,20260106T061500Z-QE24M
RI-24-01873,S-042,passivated parts,P-11329-A,L24-0823,,1156,PO-437107,2024-09-16,"Z1.4 single, normal",J,1.0,II,80,1,staining,accept,2024-09-12 10:18:00,2024-09-12 19:24:00,E-0156,20260106T061500Z-QE24M
RI-24-01874,S-044,passivated parts,P-12594-C,L24-0780,,719,PO-415112,2024-09-16,"Z1.4 single, normal",J,1.0,II,80,0,,accept,2024-09-12 14:17:00,2024-09-12 20:32:00,E-0156,20260106T061500Z-QE24M
RI-24-01875,S-010,bar,316 bar 31.75 mm,,MC-00450,104,PO-440922,2024-09-06,"Z1.4 single, normal",F,1.0,II,13,0,,accept,2024-09-13 10:01:00,2024-09-13 13:35:00,E-0156,20260106T061500Z-QE24M
RI-24-01876,S-015,plated parts,P-18353-B,L24-0793,,640,PO-423307,2024-09-17,"Z1.4 single, normal",J,1.0,II,80,0,,accept,2024-09-13 13:39:00,2024-09-13 15:11:00,E-0156,20260106T061500Z-QE24M
RI-24-01877,S-038,passivated parts,P-16571-D,L24-0814,,918,PO-487604,2024-09-15,"Z1.4 single, normal",J,1.0,II,80,0,,accept,2024-09-13 09:12:00,2024-09-14 04:36:00,E-0156,20260106T061500Z-QE24M
RI-24-01878,S-040,passivated parts,P-11265-A,L24-0822,,1056,PO-414862,2024-09-13,"Z1.4 single, normal",J,1.0,II,80,0,,accept,2024-09-13 08:50:00,2024-09-14 23:25:00,E-0156,20260106T061500Z-QE24M
RI-24-01879,S-043,passivated parts,P-17881-C,L24-0768,,541,PO-494816,2024-09-15,"Z1.4 single, normal",J,1.0,II,80,1,free iron,accept,2024-09-13 14:34:00,2024-09-15 04:02:00,E-0155,20260106T061500Z-QE24M
RI-24-01880,S-044,passivated parts,P-12065-A,L24-0815,,987,PO-428418,2024-09-03,"Z1.4 single, normal",J,1.0,II,80,1,free iron,accept,2024-09-13 11:17:00,2024-09-13 12:44:00,E-0155,20260106T061500Z-QE24M
RI-24-01881,S-057,purchased components,retaining rings,,,3250,PO-441637,2024-09-16,"Z1.4 single, normal",L,1.0,II,200,0,,accept,2024-09-14 14:01:00,2024-09-15 07:48:00,E-0156,20260106T061500Z-QE24M
RI-24-01882,S-003,bar,4140 bar 25.4 mm,,MC-00451,72,PO-458877,2024-09-18,"Z1.4 single, normal",E,1.0,II,7,0,,accept,2024-09-16 09:45:00,2024-09-17 16:10:00,E-0156,20260106T061500Z-QE24M
RI-24-01883,S-004,bar,4140 bar 44.45 mm,,MC-00452,52,PO-410879,2024-09-17,"Z1.4 single, normal",E,1.0,II,13,0,,accept,2024-09-16 08:35:00,2024-09-17 15:04:00,E-0155,20260106T061500Z-QE24M
RI-24-01884,S-005,bar,8620 bar 31.75 mm,,MC-00453,75,PO-412373,2024-09-19,"Z1.4 single, normal",E,1.0,II,13,0,,accept,2024-09-16 09:36:00,2024-09-16 13:18:00,E-0156,20260106T061500Z-QE24M
RI-24-01885,S-015,plated parts,P-18589-A,L24-0801,,5010,PO-422218,2024-09-13,"Z1.4 single, normal",L,1.0,II,200,3,blisters,accept,2024-09-16 07:56:00,2024-09-17 18:12:00,E-0155,20260106T061500Z-QE24M
RI-24-01886,S-017,plated parts,P-13483-A,L24-0794,,881,PO-485744,2024-09-19,"Z1.4 single, normal",J,1.0,II,80,3,blisters,accept,2024-09-16 08:55:00,2024-09-18 08:48:00,E-0155,20260106T061500Z-QE24M
RI-24-01887,S-023,plated parts,P-13675-A,L24-0795,,1865,PO-493582,2024-09-19,"Z1.4 single, normal",K,1.0,II,125,0,,accept,2024-09-16 09:56:00,2024-09-16 16:31:00,E-0156,20260106T061500Z-QE24M
RI-24-01888,S-023,plated parts,P-14117-A,L24-0799,,1121,PO-456573,2024-09-20,"Z1.4 single, normal",J,1.0,II,80,0,,accept,2024-09-16 14:48:00,2024-09-17 19:56:00,E-0156,20260106T061500Z-QE24M
RI-24-01889,S-029,heat-treated parts,P-14300-D,L24-0807,,898,PO-402306,2024-09-18,"Z1.4 single, normal",J,1.0,II,48,0,,accept,2024-09-16 07:29:00,2024-09-17 04:47:00,E-0156,20260106T061500Z-QE24M
RI-24-01890,S-033,heat-treated parts,P-14952-A,L24-0816,,1404,PO-454703,2024-09-19,"Z1.4 single, normal",K,1.0,II,93,1,hardness high,accept,2024-09-16 07:06:00,2024-09-16 15:33:00,E-0156,20260106T061500Z-QE24M
RI-24-01891,S-035,heat-treated parts,P-13174-A,L24-0818,,947,PO-454189,2024-09-18,"Z1.4 single, normal",J,1.0,II,80,0,,accept,2024-09-16 12:40:00,2024-09-18 00:24:00,E-0155,20260106T061500Z-QE24M
RI-24-01892,S-039,passivated parts,P-16150-B,L24-0811,,665,PO-488352,2024-09-17,"Z1.4 single, normal",J,1.0,II,80,1,free iron,accept,2024-09-16 09:32:00,2024-09-17 10:38:00,E-0156,20260106T061500Z-QE24M
RI-24-01893,S-040,passivated parts,P-15763-A,L24-0808,,1463,PO-486012,2024-09-16,"Z1.4 single, normal",K,1.0,II,125,0,,accept,2024-09-16 12:10:00,2024-09-17 07:58:00,E-0156,20260106T061500Z-QE24M
RI-24-01894,S-044,passivated parts,P-18968-A,L24-0825,,1255,PO-493994,2024-09-16,"Z1.4 single, normal",K,1.0,II,74,2,free iron,accept,2024-09-16 10:27:00,2024-09-16 13:43:00,E-0155,20260106T061500Z-QE24M
RI-24-01895,S-045,anodized parts,P-11962-A,L24-0813,,496,PO-455275,2024-09-16,"Z1.4 single, normal",H,1.0,II,50,0,,accept,2024-09-16 10:31:00,2024-09-17 04:15:00,E-0155,20260106T061500Z-QE24M
RI-24-01896,S-003,bar,4140 bar 25.4 mm,,MC-00456,51,PO-427199,2024-09-19,"Z1.4 single, normal",E,1.0,II,13,0,,accept,2024-09-17 07:17:00,2024-09-18 15:47:00,E-0155,20260106T061500Z-QE24M
RI-24-01897,S-003,bar,4140 bar 44.45 mm,,MC-00457,68,PO-440238,2024-09-19,"Z1.4 single, normal",E,1.0,II,13,0,,accept,2024-09-17 09:24:00,2024-09-17 21:03:00,E-0155,20260106T061500Z-QE24M
RI-24-01898,S-005,bar,8620 bar 31.75 mm,,MC-00458,51,PO-482121,2024-09-17,"Z1.4 single, normal",E,1.0,II,5,0,,accept,2024-09-17 11:01:00,2024-09-18 12:40:00,E-0156,20260106T061500Z-QE24M
RI-24-01899,S-007,bar,303 bar 50.8 mm,,MC-00454,50,PO-451171,2024-09-19,"Z1.4 single, normal",D,1.0,II,7,0,,accept,2024-09-17 08:46:00,2024-09-18 13:25:00,E-0156,20260106T061500Z-QE24M
RI-24-01900,S-008,bar,304 bar 31.75 mm,,MC-00455,116,PO-483717,2024-09-10,"Z1.4 single, normal",F,1.0,II,13,0,,accept,2024-09-17 07:29:00,2024-09-17 13:02:00,E-0156,20260106T061500Z-QE24M
RI-24-01901,S-033,heat-treated parts,P-15211-C,L24-0820,,1414,PO-464130,2024-09-19,"Z1.4 single, normal",K,1.0,II,125,2,hardness high,accept,2024-09-17 08:49:00,2024-09-17 23:38:00,E-0155,20260106T061500Z-QE24M
RI-24-01902,S-040,passivated parts,P-17004-D,L24-0829,,992,PO-470253,2024-09-19,"Z1.4 single, normal",J,1.0,II,80,2,staining,accept,2024-09-17 09:10:00,2024-09-17 10:46:00,E-0156,20260106T061500Z-QE24M
RI-24-01903,S-042,passivated parts,P-11681-A,L24-0837,,709,PO-496988,2024-09-20,"Z1.4 single, normal",J,1.0,II,32,0,,accept,2024-09-17 11:35:00,2024-09-18 17:24:00,E-0155,20260106T061500Z-QE24M
RI-24-01904,S-004,bar,4140 bar 25.4 mm,,MC-00459,50,PO-476256,2024-09-22,"Z1.4 single, normal",D,1.0,II,6,0,,accept,2024-09-18 11:18:00,2024-09-19 05:19:00,E-0155,20260106T061500Z-QE24M
RI-24-01905,S-016,plated parts,P-13806-A,L24-0789,,1652,PO-404903,2024-09-18,"Z1.4 single, normal",K,1.0,II,125,2,plating thickness,accept,2024-09-18 09:41:00,2024-09-19 06:16:00,E-0155,20260106T061500Z-QE24M
RI-24-01906,S-025,plated parts,P-13267-B,L24-0828,,962,PO-420919,2024-09-20,"Z1.4 single, normal",J,1.0,II,80,0,,accept,2024-09-18 10:30:00,2024-09-20 04:57:00,E-0156,20260106T061500Z-QE24M
RI-24-01907,S-033,heat-treated parts,P-14108-A,L24-0835,,1840,PO-477288,2024-09-22,"Z1.4 single, normal",K,1.0,II,125,0,,accept,2024-09-18 13:48:00,2024-09-20 06:40:00,E-0156,20260106T061500Z-QE24M
RI-24-01908,S-039,passivated parts,P-15552-A,L24-0831,,1255,PO-400126,2024-09-10,"Z1.4 single, normal",K,1.0,II,125,0,,accept,2024-09-18 07:06:00,2024-09-19 07:21:00,E-0156,20260106T061500Z-QE24M
RI-24-01909,S-039,passivated parts,P-11201-A,L24-0841,,1017,PO-491438,2024-09-17,"Z1.4 single, normal",J,1.0,II,80,1,free iron,accept,2024-09-18 11:10:00,2024-09-20 01:50:00,E-0155,20260106T061500Z-QE24M
RI-24-01910,S-050,anodized parts,P-13994-A,L24-0817,,352,PO-405806,2024-09-18,"Z1.4 single, normal",H,1.0,II,50,1,coating thickness,accept,2024-09-18 10:55:00,2024-09-19 21:21:00,E-0156,20260106T061500Z-QE24M
RI-24-01911,S-004,bar,4140 bar 25.4 mm,,MC-00460,51,PO-486961,2024-09-23,"Z1.4 single, normal",E,1.0,II,13,0,,accept,2024-09-19 07:17:00,2024-09-19 11:59:00,E-0156,20260106T061500Z-QE24M
RI-24-01912,S-033,heat-treated parts,P-15057-A,L24-0842,,1473,PO-445350,2024-09-23,"Z1.4 single, normal",K,1.0,II,125,0,,accept,2024-09-19 11:26:00,2024-09-19 18:46:00,E-0156,20260106T061500Z-QE24M
RI-24-01913,S-045,anodized parts,P-12004-A,L24-0844,,903,PO-460893,2024-09-23,"Z1.4 single, normal",J,1.0,II,80,0,,accept,2024-09-19 14:43:00,2024-09-20 22:56:00,E-0155,20260106T061500Z-QE24M
RI-24-01914,S-051,casting,P-11072-B,,,1500,PO-440609,2024-09-21,"Z1.4 single, normal",K,1.0,II,125,3,porosity,accept,2024-09-20 08:27:00,2024-09-21 11:13:00,E-0156,20260106T061500Z-QE24M
RI-24-01915,S-053,casting,P-12023-C,,,770,PO-418196,2024-09-21,"Z1.4 single, normal",J,1.0,II,80,0,,accept,2024-09-21 08:49:00,2024-09-22 10:16:00,E-0155,20260106T061500Z-QE24M
RI-24-01916,S-005,bar,8620 bar 19.05 mm,,MC-00463,69,PO-462801,2024-09-24,"Z1.4 single, normal",E,1.0,II,13,0,,accept,2024-09-23 09:17:00,2024-09-23 14:46:00,E-0156,20260106T061500Z-QE24M
RI-24-01917,S-009,bar,316 bar 38.1 mm,,MC-00462,45,PO-423322,2024-09-27,"Z1.4 single, normal",D,1.0,II,13,0,,accept,2024-09-23 10:00:00,2024-09-24 21:41:00,E-0156,20260106T061500Z-QE24M
RI-24-01918,S-010,bar,316 bar 25.4 mm,,MC-00461,43,PO-400201,2024-09-25,"Z1.4 single, normal",D,1.0,II,13,0,,accept,2024-09-23 10:27:00,2024-09-24 14:29:00,E-0156,20260106T061500Z-QE24M
RI-24-01919,S-016,plated parts,P-11462-A,L24-0806,,813,PO-439747,2024-09-19,"Z1.4 single, normal",J,1.0,II,80,1,plating thickness,accept,2024-09-23 11:41:00,2024-09-25 05:01:00,E-0155,20260106T061500Z-QE24M
RI-24-01920,S-022,plated parts,P-14257-A,L24-0791,,1910,PO-424058,2024-09-23,"Z1.4 single, normal",K,1.0,II,125,0,,accept,2024-09-23 07:48:00,2024-09-24 18:47:00,E-0155,20260106T061500Z-QE24M
RI-24-01921,S-027,heat-treated parts,P-13403-A,L24-0857,,842,PO-475828,2024-09-25,"Z1.4 single, normal",J,1.0,II,80,3,hardness low,reject,2024-09-23 09:35:00,2024-09-25 06:15:00,E-0156,20260106T061500Z-QE24M
RI-24-01922,S-029,heat-treated parts,P-13648-A,L24-0826,,2544,PO-440991,2024-09-26,"Z1.4 single, normal",K,1.0,II,125,0,,accept,2024-09-23 13:23:00,2024-09-24 09:20:00,E-0155,20260106T061500Z-QE24M
RI-24-01923,S-031,heat-treated parts,P-18327-D,L24-0834,,1647,PO-406628,2024-09-18,"Z1.4 single, normal",K,1.0,II,125,4,hardness high,reject,2024-09-23 13:05:00,2024-09-24 09:23:00,E-0155,20260106T061500Z-QE24M
RI-24-01924,S-031,heat-treated parts,P-18065-A,L24-0838,,1195,PO-456644,2024-09-26,"Z1.4 single, normal",J,1.0,II,80,0,,accept,2024-09-23 13:58:00,2024-09-25 12:09:00,E-0156,20260106T061500Z-QE24M
RI-24-01925,S-033,heat-treated parts,P-12861-C,L24-0847,,1628,PO-428370,2024-09-24,"Z1.4 single, normal",K,1.0,II,125,3,hardness high,accept,2024-09-23 13:18:00,2024-09-23 21:45:00,E-0156,20260106T061500Z-QE24M
RI-24-01926,S-033,heat-treated parts,P-11373-D,L24-0848,,258,PO-491964,2024-09-24,"Z1.4 single, normal",G,1.0,II,50,0,,accept,2024-09-23 14:38:00,2024-09-24 10:57:00,E-0156,20260106T061500Z-QE24M
RI-24-01927,S-039,passivated parts,P-16423-C,L24-0836,,868,PO-441989,2024-09-27,"Z1.4 single, normal",J,1.0,II,80,1,free iron,accept,2024-09-23 08:10:00,2024-09-25 05:48:00,E-0155,20260106T061500Z-QE24M
RI-24-01928,S-043,passivated parts,P-16524-A,L24-0833,,1577,PO-459545,2024-09-23,"Z1.4 single, normal",K,1.0,II,125,2,free iron,accept,2024-09-23 10:59:00,2024-09-24 22:34:00,E-0155,20260106T061500Z-QE24M
RI-24-01929,S-045,anodized parts,P-13976-B,L24-0830,,863,PO-496083,2024-09-23,"Z1.4 single, normal",J,1.0,II,80,0,,accept,2024-09-23 08:57:00,2024-09-24 02:26:00,E-0156,20260106T061500Z-QE24M
RI-24-01930,S-057,purchased components,O-rings,,,1350,PO-495615,2024-09-24,"Z1.4 single, normal",K,1.0,II,125,0,,accept,2024-09-23 08:30:00,2024-09-23 21:16:00,E-0156,20260106T061500Z-QE24M
RI-24-01931,S-010,bar,316 bar 25.4 mm,,MC-00464,99,PO-498322,2024-09-25,"Z1.4 single, normal",F,1.0,II,6,0,,accept,2024-09-24 11:37:00,2024-09-25 04:22:00,E-0156,20260106T061500Z-QE24M
RI-24-01932,S-017,plated parts,P-14952-A,L24-0816,,1404,PO-400335,2024-09-24,"Z1.4 single, normal",K,1.0,II,125,0,,accept,2024-09-24 07:05:00,2024-09-26 00:04:00,E-0156,20260106T061500Z-QE24M
RI-24-01933,S-028,heat-treated parts,P-14391-C,L24-0860,,585,PO-412093,2024-09-24,"Z1.4 single, normal",J,1.0,II,80,1,distortion,accept,2024-09-24 10:31:00,2024-09-26 08:21:00,E-0155,20260106T061500Z-QE24M
RI-24-01934,S-042,passivated parts,P-19137-C,L24-0832,,1815,PO-471265,2024-09-25,"Z1.4 single, normal",K,1.0,II,125,0,,accept,2024-09-24 12:00:00,2024-09-26 10:25:00,E-0155,20260106T061500Z-QE24M
RI-24-01935,S-051,casting,P-16788-A,,,410,PO-424737,2024-09-27,"Z1.4 single, normal",H,1.0,II,50,0,,accept,2024-09-24 07:57:00,2024-09-26 01:54:00,E-0155,20260106T061500Z-QE24M
RI-24-01936,S-018,plated parts,P-10567-A,L24-0850,,407,PO-421783,2024-09-25,"Z1.4 single, normal",H,1.0,II,37,0,,accept,2024-09-25 12:59:00,2024-09-26 09:26:00,E-0155,20260106T061500Z-QE24M
RI-24-01937,S-019,plated parts,P-11441-A,L24-0851,,997,PO-499052,2024-09-29,"Z1.4 single, normal",J,1.0,II,80,0,,accept,2024-09-25 10:20:00,2024-09-26 08:46:00,E-0155,20260106T061500Z-QE24M
RI-24-01938,S-036,heat-treated parts,P-12589-C,L24-0856,,744,PO-417849,2024-09-25,"Z1.4 single, normal",J,1.0,II,80,0,,accept,2024-09-25 10:59:00,2024-09-26 08:16:00,E-0156,20260106T061500Z-QE24M
RI-24-01939,S-036,heat-treated parts,P-13317-A,L24-0867,,944,PO-445886,2024-09-28,"Z1.4 single, normal",J,1.0,II,80,1,distortion,accept,2024-09-25 10:36:00,2024-09-27 07:56:00,E-0156,20260106T061500Z-QE24M
RI-24-01940,S-051,casting,P-11768-A,,,170,PO-488996,2024-09-20,"Z1.4 single, normal",G,1.0,II,33,1,porosity,accept,2024-09-25 08:35:00,2024-09-26 20:02:00,E-0155,20260106T061500Z-QE24M
RI-24-01941,S-051,casting,P-15986-A,,,240,PO-492570,2024-09-29,"Z1.4 single, normal",G,1.0,II,50,0,,accept,2024-09-25 11:44:00,2024-09-25 14:40:00,E-0155,20260106T061500Z-QE24M
RI-24-01942,S-005,bar,8620 bar 19.05 mm,,MC-00467,67,PO-438278,2024-09-26,"Z1.4 single, normal",E,1.0,II,13,0,,accept,2024-09-26 09:20:00,2024-09-27 22:39:00,E-0155,20260106T061500Z-QE24M
RI-24-01943,S-006,bar,303 bar 50.8 mm,,MC-00465,110,PO-495867,2024-09-30,"Z1.4 single, normal",F,1.0,II,13,0,,accept,2024-09-26 09:19:00,2024-09-26 21:20:00,E-0156,20260106T061500Z-QE24M
RI-24-01944,S-009,bar,316 bar 25.4 mm,,MC-00466,113,PO-455320,2024-09-26,"Z1.4 single, normal",F,1.0,II,13,1,surface seams,accept,2024-09-26 09:24:00,2024-09-26 20:26:00,E-0155,20260106T061500Z-QE24M
RI-24-01945,S-020,plated parts,P-18604-C,L24-0853,,1582,PO-403052,2024-09-28,"Z1.4 single, normal",K,1.0,II,125,0,,accept,2024-09-26 07:32:00,2024-09-27 01:53:00,E-0156,20260106T061500Z-QE24M
RI-24-01946,S-023,plated parts,P-14300-D,L24-0807,,898,PO-451555,2024-09-27,"Z1.4 single, normal",J,1.0,II,80,0,,accept,2024-09-26 12:49:00,2024-09-27 00:14:00,E-0156,20260106T061500Z-QE24M
RI-24-01947,S-039,passivated parts,P-17014-A,L24-0864,,992,PO-419101,2024-09-28,"Z1.4 single, normal",J,1.0,II,80,0,,accept,2024-09-26 12:20:00,2024-09-27 22:40:00,E-0156,20260106T061500Z-QE24M
RI-24-01948,S-044,passivated parts,P-14719-A,L24-0854,,1225,PO-479888,2024-09-21,"Z1.4 single, normal",K,1.0,II,125,1,free iron,accept,2024-09-26 08:47:00,2024-09-27 04:44:00,E-0155,20260106T061500Z-QE24M
RI-24-01949,S-018,plated parts,P-15057-A,L24-0842,,1473,PO-476809,2024-09-30,"Z1.4 single, normal",K,1.0,II,125,0,,accept,2024-09-27 08:32:00,2024-09-27 10:12:00,E-0156,20260106T061500Z-QE24M
RI-24-01950,S-026,plated parts,P-15211-C,L24-0820,,1414,PO-498719,2024-09-29,"Z1.4 single, normal",K,1.0,II,125,0,,accept,2024-09-27 13:54:00,2024-09-28 02:44:00,E-0156,20260106T061500Z-QE24M
RI-24-01951,S-039,passivated parts,P-16147-A,L24-0862,,828,PO-448411,2024-09-27,"Z1.4 single, normal",J,1.0,II,80,2,free iron,accept,2024-09-27 11:37:00,2024-09-28 16:21:00,E-0155,20260106T061500Z-QE24M
RI-24-01952,S-041,passivated parts,P-10653-D,L24-0855,,278,PO-472613,2024-09-27,"Z1.4 single, normal",G,1.0,II,22,1,staining,accept,2024-09-27 09:52:00,2024-09-28 18:24:00,E-0156,20260106T061500Z-QE24M
RI-24-01953,S-044,passivated parts,P-16180-A,L24-0849,,853,PO-460111,2024-09-27,"Z1.4 single, normal",J,1.0,II,60,0,,accept,2024-09-27 10:45:00,2024-09-27 15:53:00,E-0156,20260106T061500Z-QE24M
RI-24-01954,S-051,casting,P-10869-D,,,260,PO-401179,2024-09-28,"Z1.4 single, normal",G,1.0,II,50,0,,accept,2024-09-28 14:15:00,2024-09-28 16:39:00,E-0155,20260106T061500Z-QE24M
RI-24-01955,S-055,casting,P-10607-C,,,440,PO-400157,2024-09-23,"Z1.4 single, normal",H,1.0,II,50,0,,accept,2024-09-29 14:27:00,2024-10-01 02:50:00,E-0155,20260106T061500Z-QE24M
RI-24-01956,S-003,bar,4140 bar 25.4 mm,,MC-00469,103,PO-495319,2024-10-04,"Z1.4 single, normal",F,1.0,II,13,1,straightness,reject,2024-09-30 13:12:00,2024-10-01 06:47:00,E-0156,20260106T061500Z-QE24M
RI-24-01957,S-003,bar,4140 bar 31.75 mm,,MC-00470,78,PO-439582,2024-10-02,"Z1.4 single, normal",E,1.0,II,13,0,,accept,2024-09-30 13:37:00,2024-10-02 09:30:00,E-0156,20260106T061500Z-QE24M
RI-24-01958,S-003,bar,4140 bar 44.45 mm,,MC-00471,108,PO-422332,2024-10-02,"Z1.4 single, normal",F,1.0,II,13,0,,accept,2024-09-30 07:15:00,2024-09-30 20:41:00,E-0156,20260106T061500Z-QE24M
RI-24-01959,S-006,bar,303 bar 19.05 mm,,MC-00468,104,PO-480968,2024-10-04,"Z1.4 single, normal",F,1.0,II,13,0,,accept,2024-09-30 09:20:00,2024-10-01 22:14:00,E-0156,20260106T061500Z-QE24M
RI-24-01960,S-013,bar,7075 bar 25.4 mm,,MC-00472,84,PO-460006,2024-10-01,"Z1.4 single, normal",E,1.0,II,13,0,,accept,2024-09-30 07:24:00,2024-10-02 03:34:00,E-0155,20260106T061500Z-QE24M
RI-24-01961,S-020,plated parts,P-13174-A,L24-0818,,947,PO-414457,2024-09-30,"Z1.4 single, normal",J,1.0,II,80,0,,accept,2024-09-30 09:49:00,2024-09-30 20:46:00,E-0155,20260106T061500Z-QE24M
RI-24-01962,S-022,plated parts,P-13648-A,L24-0826,,2544,PO-484036,2024-10-04,"Z1.4 single, normal",K,1.0,II,125,0,,accept,2024-09-30 09:57:00,2024-10-01 01:11:00,E-0155,20260106T061500Z-QE24M
RI-24-01963,S-023,plated parts,P-14108-A,L24-0835,,1840,PO-462673,2024-10-04,"Z1.4 single, normal",K,1.0,II,125,2,adhesion,accept,2024-09-30 09:41:00,2024-09-30 23:26:00,E-0156,20260106T061500Z-QE24M
RI-24-01964,S-023,plated parts,P-14275-A,L24-0858,,1200,PO-401232,2024-10-02,"Z1.4 single, normal",J,1.0,II,80,1,adhesion,accept,2024-09-30 13:33:00,2024-10-01 21:36:00,E-0155,20260106T061500Z-QE24M
RI-24-01965,S-031,heat-treated parts,P-14421-C,L24-0861,,699,PO-418189,2024-09-23,"Z1.4 single, normal",J,1.0,II,80,1,hardness high,accept,2024-09-30 08:03:00,2024-10-01 10:56:00,E-0156,20260106T061500Z-QE24M
RI-24-01966,S-036,heat-treated parts,P-15206-A,L24-0881,,203,PO-427077,2024-10-02,"Z1.4 single, normal",G,1.0,II,50,0,,accept,2024-09-30 11:09:00,2024-09-30 16:37:00,E-0155,20260106T061500Z-QE24M
RI-24-01967,S-040,passivated parts,P-16637-A,L24-0852,,486,PO-433134,2024-10-03,"Z1.4 single, normal",H,1.0,II,50,1,free iron,accept,2024-09-30 10:03:00,2024-10-01 11:46:00,E-0155,20260106T061500Z-QE24M
RI-24-01968,S-042,passivated parts,P-15861-B,L24-0843,,3730,PO-424237,2024-10-03,"Z1.4 single, normal",L,1.0,II,200,0,,accept,2024-09-30 07:33:00,2024-10-01 10:57:00,E-0155,20260106T061500Z-QE24M
RI-24-01969,S-044,passivated parts,P-11301-A,L24-0871,,1022,PO-481180,2024-10-01,"Z1.4 single, normal",J,1.0,II,37,1,staining,accept,2024-09-30 13:52:00,2024-10-01 14:03:00,E-0156,20260106T061500Z-QE24M
RI-24-01970,S-048,anodized parts,P-11950-A,L24-0877,,918,PO-421804,2024-10-01,"Z1.4 single, normal",J,1.0,II,80,0,,accept,2024-09-30 11:09:00,2024-09-30 22:38:00,E-0156,20260106T061500Z-QE24M
RI-24-01971,S-006,bar,303 bar 19.05 mm,,MC-00473,104,PO-471897,2024-10-01,"Z1.4 single, normal",F,1.0,II,13,0,,accept,2024-10-01 09:32:00,2024-10-01 21:18:00,E-0155,20260106T061500Z-QE24M
RI-24-01972,S-009,bar,316 bar 31.75 mm,,MC-00474,54,PO-462999,2024-10-03,"Z1.4 single, normal",E,1.0,II,13,0,,accept,2024-10-01 11:18:00,2024-10-01 23:26:00,E-0156,20260106T061500Z-QE24M
RI-24-01973,S-014,bar,Ti-6Al-4V bar 19.05 mm,,MC-00475,44,PO-483047,2024-10-03,"Z1.4 single, normal",D,1.0,II,13,0,,accept,2024-10-01 09:03:00,2024-10-02 18:33:00,E-0156,20260106T061500Z-QE24M
RI-24-01974,S-022,plated parts,P-18642-D,L24-0883,,536,PO-449840,2024-10-04,"Z1.4 single, normal",J,1.0,II,80,0,,accept,2024-10-01 12:43:00,2024-10-02 04:43:00,E-0155,20260106T061500Z-QE24M
RI-24-01975,S-027,heat-treated parts,P-11502-A,L24-0846,,3437,PO-462393,2024-10-02,"Z1.4 single, normal",L,1.0,II,200,1,hardness low,accept,2024-10-01 10:01:00,2024-10-01 13:25:00,E-0156,20260106T061500Z-QE24M
RI-24-01976,S-042,passivated parts,P-15642-A,L24-0859,,699,PO-414360,2024-10-03,"Z1.4 single, normal",J,1.0,II,80,1,staining,accept,2024-10-01 13:43:00,2024-10-03 08:35:00,E-0156,20260106T061500Z-QE24M
RI-24-01977,S-016,plated parts,P-11373-D,L24-0848,,258,PO-419297,2024-10-06,"Z1.4 single, normal",G,1.0,II,37,0,,accept,2024-10-02 08:42:00,2024-10-04 01:24:00,E-0155,20260106T061500Z-QE24M
RI-24-01978,S-030,heat-treated parts,P-11072-B,L24-0888,,501,PO-488455,2024-10-04,"Z1.4 single, normal",J,1.0,II,80,0,,accept,2024-10-02 14:34:00,2024-10-03 19:58:00,E-0156,20260106T061500Z-QE24M
RI-24-01979,S-011,bar,17-4 bar 25.4 mm,,MC-00476,73,PO-487241,2024-09-26,"Z1.4 single, normal",E,1.0,II,13,0,,accept,2024-10-03 08:37:00,2024-10-04 18:29:00,E-0156,20260106T061500Z-QE24M
RI-24-01980,S-016,plated parts,P-14391-C,L24-0860,,585,PO-403511,2024-10-05,"Z1.4 single, normal",J,1.0,II,80,0,,accept,2024-10-03 11:36:00,2024-10-03 13:21:00,E-0156,20260106T061500Z-QE24M
RI-24-01981,S-017,plated parts,P-13403-A,L24-0857,,842,PO-460906,2024-10-06,"Z1.4 single, normal",J,1.0,II,80,0,,accept,2024-10-03 08:21:00,2024-10-03 21:59:00,E-0155,20260106T061500Z-QE24M
RI-24-01982,S-018,plated parts,P-12861-C,L24-0847,,1628,PO-499936,2024-10-06,"Z1.4 single, normal",K,1.0,II,125,0,,accept,2024-10-03 07:32:00,2024-10-03 18:52:00,E-0156,20260106T061500Z-QE24M
RI-24-01983,S-038,passivated parts,P-14855-D,L24-0885,,1265,PO-452787,2024-10-04,"Z1.4 single, normal",K,1.0,II,125,0,,accept,2024-10-03 14:16:00,2024-10-04 17:42:00,E-0156,20260106T061500Z-QE24M
RI-24-01984,S-042,passivated parts,P-16352-D,L24-0870,,1458,PO-458809,2024-10-03,"Z1.4 single, normal",K,1.0,II,125,2,free iron,accept,2024-10-03 13:02:00,2024-10-04 13:35:00,E-0155,20260106T061500Z-QE24M
RI-24-01985,S-043,passivated parts,P-16229-A,L24-0874,,2485,PO-403453,2024-10-06,"Z1.4 single, normal",K,1.0,II,125,1,staining,accept,2024-10-03 07:15:00,2024-10-04 19:37:00,E-0155,20260106T061500Z-QE24M
RI-24-01986,S-051,casting,P-16147-A,,,440,PO-409598,2024-10-07,"Z1.4 single, normal",H,1.0,II,50,1,porosity,accept,2024-10-03 11:30:00,2024-10-05 08:46:00,E-0156,20260106T061500Z-QE24M
RI-24-01987,S-004,bar,4140 bar 63.5 mm,,MC-00480,103,PO-450246,2024-10-04,"Z1.4 single, normal",F,1.0,II,13,0,,accept,2024-10-04 09:18:00,2024-10-05 18:14:00,E-0155,20260106T061500Z-QE24M
RI-24-01988,S-006,bar,303 bar 50.8 mm,,MC-00478,64,PO-434161,2024-10-06,"Z1.4 single, normal",E,1.0,II,13,0,,accept,2024-10-04 13:44:00,2024-10-05 15:05:00,E-0155,20260106T061500Z-QE24M
RI-24-01989,S-007,bar,303 bar 19.05 mm,,MC-00477,77,PO-441178,2024-10-07,"Z1.4 single, normal",E,1.0,II,6,0,,accept,2024-10-04 13:14:00,2024-10-06 02:41:00,E-0156,20260106T061500Z-QE24M
RI-24-01990,S-009,bar,316 bar 38.1 mm,,MC-00479,48,PO-455540,2024-09-28,"Z1.4 single, normal",D,1.0,II,13,0,,accept,2024-10-04 14:40:00,2024-10-06 07:07:00,E-0155,20260106T061500Z-QE24M
RI-24-01991,S-014,bar,Ti-6Al-4V bar 38.1 mm,,MC-00481,31,PO-476983,2024-10-06,"Z1.4 single, normal",D,1.0,II,13,0,,accept,2024-10-04 07:43:00,2024-10-04 18:37:00,E-0156,20260106T061500Z-QE24M
RI-24-01992,S-040,passivated parts,P-15986-A,L24-0876,,1086,PO-492634,2024-10-07,"Z1.4 single, normal",J,1.0,II,51,0,,accept,2024-10-04 09:48:00,2024-10-05 08:50:00,E-0156,20260106T061500Z-QE24M
RI-24-01993,S-042,passivated parts,P-12589-C,L24-0856,,744,PO-487843,2024-10-05,"Z1.4 single, normal",J,1.0,II,80,0,,accept,2024-10-04 13:26:00,2024-10-05 04:26:00,E-0156,20260106T061500Z-QE24M
RI-24-01994,S-051,casting,P-11354-C,,,610,PO-494009,2024-10-07,"Z1.4 single, normal",J,1.0,II,80,1,dimension,accept,2024-10-04 12:53:00,2024-10-05 21:11:00,E-0156,20260106T061500Z-QE24M
RI-24-01995,S-051,casting,P-11681-A,,,390,PO-498062,2024-10-05,"Z1.4 single, normal",H,1.0,II,50,0,,accept,2024-10-04 11:59:00,2024-10-04 23:21:00,E-0155,20260106T061500Z-QE24M
RI-24-01996,S-051,casting,P-11871-A,,,590,PO-439147,2024-10-05,"Z1.4 single, normal",J,1.0,II,80,3,flash,reject,2024-10-05 14:10:00,2024-10-06 01:14:00,E-0155,20260106T061500Z-QE24M
RI-24-01997,S-002,bar,1045 bar 25.4 mm,,MC-00482,49,PO-427188,2024-10-01,"Z1.4 single, normal",D,1.0,II,13,0,,accept,2024-10-07 12:37:00,2024-10-08 01:58:00,E-0155,20260106T061500Z-QE24M
RI-24-01998,S-004,bar,4140 bar 38.1 mm,,MC-00485,112,PO-485686,2024-10-10,"Z1.4 single, normal",F,1.0,II,13,0,,accept,2024-10-07 10:14:00,2024-10-08 02:50:00,E-0156,20260106T061500Z-QE24M
RI-24-01999,S-005,bar,8620 bar 25.4 mm,,MC-00486,28,PO-485091,2024-10-10,"Z1.4 single, normal",D,1.0,II,13,0,,accept,2024-10-07 10:55:00,2024-10-08 17:37:00,E-0155,20260106T061500Z-QE24M
RI-24-02000,S-006,bar,303 bar 50.8 mm,,MC-00483,119,PO-432783,2024-10-10,"Z1.4 single, normal",F,1.0,II,13,0,,accept,2024-10-07 13:17:00,2024-10-09 11:35:00,E-0156,20260106T061500Z-QE24M
RI-24-02001,S-010,bar,316 bar 38.1 mm,,MC-00484,32,PO-499407,2024-10-10,"Z1.4 single, normal",D,1.0,II,13,0,,accept,2024-10-07 12:37:00,2024-10-09 00:07:00,E-0156,20260106T061500Z-QE24M
RI-24-02002,S-016,plated parts,P-18327-D,L24-0834,,1647,PO-439409,2024-10-09,"Z1.4 single, normal",K,1.0,II,125,0,,accept,2024-10-07 13:27:00,2024-10-08 02:13:00,E-0156,20260106T061500Z-QE24M
RI-24-02003,S-016,plated parts,P-12558-A,L24-0893,,451,PO-447033,2024-10-07,"Z1.4 single, normal",H,1.0,II,50,0,,accept,2024-10-07 14:55:00,2024-10-08 08:49:00,E-0156,20260106T061500Z-QE24M
RI-24-02004,S-017,plated parts,P-13317-A,L24-0867,,944,PO-453958,2024-10-08,"Z1.4 single, normal",J,1.0,II,80,2,staining,accept,2024-10-07 13:55:00,2024-10-09 08:37:00,E-0156,20260106T061500Z-QE24M
RI-24-02005,S-025,plated parts,P-18488-C,L24-0904,,1096,PO-492700,2024-10-07,"Z1.4 single, normal",J,1.0,II,80,0,,accept,2024-10-07 13:14:00,2024-10-09 06:22:00,E-0156,20260106T061500Z-QE24M
RI-24-02006,S-026,plated parts,P-10923-A,L24-0839,,3065,PO-453577,2024-10-07,"Z1.4 single, normal",K,1.0,II,125,1,staining,accept,2024-10-07 10:58:00,2024-10-08 05:04:00,E-0156,20260106T061500Z-QE24M
RI-24-02007,S-029,heat-treated parts,P-12565-B,L24-0882,,1543,PO-448751,2024-10-07,"Z1.4 single, normal",K,1.0,II,125,0,,accept,2024-10-07 11:54:00,2024-10-07 23:12:00,E-0156,20260106T061500Z-QE24M
RI-24-02008,S-030,heat-treated parts,P-10967-A,L24-0863,,1215,PO-438848,2024-10-07,"Z1.4 single, normal",K,1.0,II,125,1,distortion,accept,2024-10-07 13:35:00,2024-10-09 08:48:00,E-0155,20260106T061500Z-QE24M
RI-24-02009,S-030,heat-treated parts,P-11381-A,L24-0895,,486,PO-449877,2024-10-11,"Z1.4 single, normal",H,1.0,II,50,2,hardness high,accept,2024-10-07 09:16:00,2024-10-07 21:24:00,E-0156,20260106T061500Z-QE24M
RI-24-02010,S-031,heat-treated parts,P-18413-C,L24-0875,,1642,PO-412970,2024-10-11,"Z1.4 single, normal",K,1.0,II,76,0,,accept,2024-10-07 12:07:00,2024-10-07 18:15:00,E-0156,20260106T061500Z-QE24M
RI-24-02011,S-033,heat-treated parts,P-18380-A,L24-0879,,1270,PO-498124,2024-10-10,"Z1.4 single, normal",K,1.0,II,125,0,,accept,2024-10-07 14:59:00,2024-10-08 13:37:00,E-0155,20260106T061500Z-QE24M
RI-24-02012,S-033,heat-treated parts,P-12828-B,L24-0890,,1447,PO-417403,2024-10-08,"Z1.4 single, normal",K,1.0,II,125,0,,accept,2024-10-07 11:01:00,2024-10-08 22:50:00,E-0155,20260106T061500Z-QE24M
RI-24-02013,S-036,heat-treated parts,P-14196-A,L24-0866,,1404,PO-406821,2024-10-02,"Z1.4 single, normal",K,1.0,II,125,0,,accept,2024-10-07 09:12:00,2024-10-09 03:15:00,E-0155,20260106T061500Z-QE24M
RI-24-02014,S-038,passivated parts,P-19426-D,L24-0891,,992,PO-429520,2024-10-10,"Z1.4 single, normal",J,1.0,II,80,0,,accept,2024-10-07 13:37:00,2024-10-08 03:32:00,E-0156,20260106T061500Z-QE24M
RI-24-02015,S-040,passivated parts,P-11163-D,L24-0869,,2182,PO-473952,2024-10-11,"Z1.4 single, normal",K,1.0,II,125,0,,accept,2024-10-07 10:59:00,2024-10-08 10:25:00,E-0155,20260106T061500Z-QE24M
RI-24-02016,S-040,passivated parts,P-16209-A,L24-0886,,1776,PO-422425,2024-10-09,"Z1.4 single, normal",K,1.0,II,57,0,,accept,2024-10-07 09:33:00,2024-10-08 00:27:00,E-0156,20260106T061500Z-QE24M
RI-24-02017,S-044,passivated parts,P-15885-A,L24-0868,,694,PO-412021,2024-10-11,"Z1.4 single, normal",J,1.0,II,51,0,,accept,2024-10-07 07:08:00,2024-10-08 13:04:00,E-0156,20260106T061500Z-QE24M
RI-24-02018,S-045,anodized parts,P-11923-A,L24-0887,,1091,PO-442130,2024-10-07,"Z1.4 single, normal",J,1.0,II,80,0,,accept,2024-10-07 14:35:00,2024-10-08 20:53:00,E-0156,20260106T061500Z-QE24M
RI-24-02019,S-048,anodized parts,P-11909-A,L24-0865,,1781,PO-472660,2024-10-11,"Z1.4 single, normal",K,1.0,II,125,0,,accept,2024-10-07 13:19:00,2024-10-09 11:40:00,E-0156,20260106T061500Z-QE24M
RI-24-02020,S-051,casting,P-10407-A,,,230,PO-462600,2024-10-11,"Z1.4 single, normal",G,1.0,II,50,1,dimension,accept,2024-10-07 12:45:00,2024-10-08 12:11:00,E-0156,20260106T061500Z-QE24M
RI-24-02021,S-051,casting,P-16156-A,,,450,PO-427435,2024-10-08,"Z1.4 single, normal",H,1.0,II,50,0,,accept,2024-10-07 07:23:00,2024-10-07 11:53:00,E-0155,20260106T061500Z-QE24M
RI-24-02022,S-051,casting,P-17096-D,,,410,PO-454686,2024-10-07,"Z1.4 single, normal",H,1.0,II,50,0,,accept,2024-10-07 11:12:00,2024-10-08 04:15:00,E-0155,20260106T061500Z-QE24M
RI-24-02023,S-003,bar,4140 bar 25.4 mm,,MC-00487,52,PO-486278,2024-10-11,"Z1.4 single, normal",E,1.0,II,13,0,,accept,2024-10-08 10:45:00,2024-10-09 13:00:00,E-0155,20260106T061500Z-QE24M
RI-24-02024,S-003,bar,4140 bar 31.75 mm,,MC-00488,100,PO-463674,2024-10-09,"Z1.4 single, normal",F,1.0,II,13,0,,accept,2024-10-08 11:32:00,2024-10-08 14:17:00,E-0155,20260106T061500Z-QE24M
RI-24-02025,S-005,bar,8620 bar 31.75 mm,,MC-00490,106,PO-450999,2024-10-12,"Z1.4 single, normal",F,1.0,II,13,0,,accept,2024-10-08 10:12:00,2024-10-08 17:31:00,E-0156,20260106T061500Z-QE24M
RI-24-02026,S-013,bar,7075 bar 19.05 mm,,MC-00489,82,PO-474747,2024-09-30,"Z1.4 single, normal",E,1.0,II,13,0,,accept,2024-10-08 07:53:00,2024-10-10 01:07:00,E-0155,20260106T061500Z-QE24M
RI-24-02027,S-025,plated parts,P-15206-A,L24-0881,,203,PO-436809,2024-10-08,"Z1.4 single, normal",G,1.0,II,27,0,,accept,2024-10-08 08:58:00,2024-10-08 19:21:00,E-0156,20260106T061500Z-QE24M
RI-24-02028,S-029,heat-treated parts,P-16839-B,L24-0884,,2778,PO-477293,2024-10-12,"Z1.4 single, normal",K,1.0,II,90,0,,accept,2024-10-08 07:11:00,2024-10-08 16:20:00,E-0155,20260106T061500Z-QE24M
RI-24-02029,S-031,heat-treated parts,P-12515-B,L24-0873,,1329,PO-422932,2024-10-11,"Z1.4 single, normal",K,1.0,II,125,2,hardness low,accept,2024-10-08 11:13:00,2024-10-09 16:35:00,E-0156,20260106T061500Z-QE24M
RI-24-02030,S-033,heat-treated parts,P-14928-A,L24-0909,,1543,PO-484638,2024-10-12,"Z1.4 single, normal",K,1.0,II,125,0,,accept,2024-10-08 09:28:00,2024-10-10 08:31:00,E-0156,20260106T061500Z-QE24M
RI-24-02031,S-039,passivated parts,P-11347-A,L24-0880,,1012,PO-482985,2024-10-11,"Z1.4 single, normal",J,1.0,II,80,0,,accept,2024-10-08 08:05:00,2024-10-10 05:50:00,E-0155,20260106T061500Z-QE24M
RI-24-02032,S-040,passivated parts,P-18988-B,L24-0908,,992,PO-477146,2024-10-06,"Z1.4 single, normal",J,1.0,II,80,0,,accept,2024-10-08 14:43:00,2024-10-09 00:01:00,E-0156,20260106T061500Z-QE24M
RI-24-02033,S-044,passivated parts,P-16180-A,L24-0897,,833,PO-408703,2024-10-12,"Z1.4 single, normal",J,1.0,II,39,0,,accept,2024-10-08 09:38:00,2024-10-09 22:03:00,E-0155,20260106T061500Z-QE24M
RI-24-02034,S-002,bar,1045 bar 31.75 mm,,MC-00491,86,PO-427412,2024-10-10,"Z1.4 single, normal",E,1.0,II,13,0,,accept,2024-10-09 14:21:00,2024-10-10 15:11:00,E-0155,20260106T061500Z-QE24M
RI-24-02035,S-004,bar,4140 bar 31.75 mm,,MC-00492,112,PO-413460,2024-10-13,"Z1.4 single, normal",F,1.0,II,13,0,,accept,2024-10-09 14:00:00,2024-10-09 17:57:00,E-0156,20260106T061500Z-QE24M
RI-24-02036,S-031,heat-treated parts,P-13755-A,L24-0913,,317,PO-421458,2024-10-11,"Z1.4 single, normal",H,1.0,II,35,0,,accept,2024-10-09 11:52:00,2024-10-11 09:18:00,E-0156,20260106T061500Z-QE24M
RI-24-02037,S-033,heat-treated parts,P-14140-A,L24-0894,,972,PO-491929,2024-10-09,"Z1.4 single, normal",J,1.0,II,80,0,,accept,2024-10-09 12:05:00,2024-10-10 00:36:00,E-0155,20260106T061500Z-QE24M
RI-24-02038,S-033,heat-treated parts,P-13458-B,L24-0916,,886,PO-478936,2024-10-10,"Z1.4 single, normal",J,1.0,II,80,0,,accept,2024-10-09 12:43:00,2024-10-10 19:15:00,E-0156,20260106T061500Z-QE24M
RI-24-02039,S-036,heat-treated parts,P-13149-C,L24-0878,,3353,PO-450025,2024-10-11,"Z1.4 single, normal",L,1.0,II,200,0,,accept,2024-10-09 12:00:00,2024-10-09 17:44:00,E-0155,20260106T061500Z-QE24M
RI-24-02040,S-039,passivated parts,P-11856-B,L24-0896,,1667,PO-455900,2024-09-29,"Z1.4 single, normal",K,1.0,II,125,2,free iron,accept,2024-10-09 14:32:00,2024-10-10 22:46:00,E-0156,20260106T061500Z-QE24M
RI-24-02041,S-051,casting,P-10536-A,,,1420,PO-421581,2024-10-13,"Z1.4 single, normal",K,1.0,II,125,1,porosity,accept,2024-10-09 13:16:00,2024-10-09 15:45:00,E-0156,20260106T061500Z-QE24M
RI-24-02042,S-051,casting,P-11417-A,,,400,PO-497818,2024-10-12,"Z1.4 single, normal",H,1.0,II,50,0,,accept,2024-10-09 09:44:00,2024-10-10 01:52:00,E-0155,20260106T061500Z-QE24M
RI-24-02043,S-051,casting,P-16721-B,,,850,PO-490910,2024-10-13,"Z1.4 single, normal",J,1.0,II,56,2,dimension,accept,2024-10-09 08:56:00,2024-10-10 08:07:00,E-0156,20260106T061500Z-QE24M
RI-24-02044,S-055,casting,P-16001-D,,,400,PO-480636,2024-10-04,"Z1.4 single, normal",H,1.0,II,50,0,,accept,2024-10-09 11:22:00,2024-10-10 18:36:00,E-0156,20260106T061500Z-QE24M
RI-24-02045,S-002,bar,1045 bar 31.75 mm,,MC-00493,115,PO-411054,2024-10-12,"Z1.4 single, normal",F,1.0,II,13,0,,accept,2024-10-10 13:10:00,2024-10-11 21:39:00,E-0155,20260106T061500Z-QE24M
RI-24-02046,S-009,bar,316 bar 31.75 mm,,MC-00494,74,PO-492448,2024-10-13,"Z1.4 single, normal",E,1.0,II,13,0,,accept,2024-10-10 07:59:00,2024-10-10 18:17:00,E-0155,20260106T061500Z-QE24M
RI-24-02047,S-018,plated parts,P-14103-B,L24-0889,,2262,PO-484724,2024-09-30,"Z1.4 single, normal",K,1.0,II,125,2,blisters,accept,2024-10-10 14:10:00,2024-10-12 10:51:00,E-0156,20260106T061500Z-QE24M
RI-24-02048,S-035,heat-treated parts,P-16912-A,L24-0911,,789,PO-475148,2024-10-09,"Z1.4 single, normal",J,1.0,II,80,0,,accept,2024-10-10 12:17:00,2024-10-12 06:29:00,E-0155,20260106T061500Z-QE24M
RI-24-02049,S-036,heat-treated parts,P-14992-A,L24-0902,,1602,PO-497065,2024-10-13,"Z1.4 single, normal",K,1.0,II,125,0,,accept,2024-10-10 12:35:00,2024-10-12 10:20:00,E-0156,20260106T061500Z-QE24M
RI-24-02050,S-018,plated parts,P-16788-A,L24-0901,,402,PO-402618,2024-10-15,"Z1.4 single, normal",H,1.0,II,50,0,,accept,2024-10-11 11:24:00,2024-10-11 12:12:00,E-0156,20260106T061500Z-QE24M
RI-24-02051,S-033,heat-treated parts,P-13357-A,L24-0907,,1219,PO-438685,2024-10-13,"Z1.4 single, normal",K,1.0,II,125,1,hardness low,accept,2024-10-11 10:02:00,2024-10-12 21:17:00,E-0156,20260106T061500Z-QE24M
RI-24-02052,S-044,passivated parts,P-11724-A,L24-0900,,1329,PO-444838,2024-10-12,"Z1.4 single, normal",K,1.0,II,125,0,,accept,2024-10-11 09:59:00,2024-10-12 13:34:00,E-0156,20260106T061500Z-QE24M
RI-24-02053,S-003,bar,4140 bar 44.45 mm,,MC-00495,58,PO-404870,2024-10-17,"Z1.4 single, normal",E,1.0,II,13,0,,accept,2024-10-14 09:58:00,2024-10-14 17:56:00,E-0156,20260106T061500Z-QE24M
RI-24-02054,S-017,plated parts,P-14928-A,L24-0909,,1543,PO-469164,2024-10-16,"Z1.4 single, normal",K,1.0,II,125,0,,accept,2024-10-14 10:49:00,2024-10-14 13:07:00,E-0155,20260106T061500Z-QE24M
RI-24-02055,S-017,plated parts,P-13431-A,L24-0910,,889,PO-407263,2024-10-18,"Z1.4 single, normal",J,1.0,II,80,1,adhesion,accept,2024-10-14 08:44:00,2024-10-15 05:52:00,E-0156,20260106T061500Z-QE24M
RI-24-02056,S-020,plated parts,P-14421-C,L24-0861,,699,PO-489428,2024-10-18,"Z1.4 single, normal",J,1.0,II,33,0,,accept,2024-10-14 08:28:00,2024-10-16 08:26:00,E-0156,20260106T061500Z-QE24M
RI-24-02057,S-023,plated parts,P-11502-A,L24-0846,,3437,PO-496742,2024-10-15,"Z1.4 single, normal",L,1.0,II,200,3,plating thickness,accept,2024-10-14 09:51:00,2024-10-15 21:32:00,E-0155,20260106T061500Z-QE24M
RI-24-02058,S-023,plated parts,P-14350-D,L24-0872,,1334,PO-426992,2024-10-16,"Z1.4 single, normal",K,1.0,II,125,0,,accept,2024-10-14 12:36:00,2024-10-16 04:37:00,E-0156,20260106T061500Z-QE24M
RI-24-02059,S-036,heat-treated parts,P-13307-B,L24-0915,,731,PO-499604,2024-10-15,"Z1.4 single, normal",J,1.0,II,42,0,,accept,2024-10-14 14:28:00,2024-10-16 07:41:00,E-0156,20260106T061500Z-QE24M
RI-24-02060,S-037,passivated parts,P-15926-A,L24-0898,,818,PO-456786,2024-10-17,"Z1.4 single, normal",J,1.0,II,80,0,,accept,2024-10-14 10:27:00,2024-10-14 12:24:00,E-0156,20260106T061500Z-QE24M
RI-24-02061,S-040,passivated parts,P-17004-D,L24-0905,,992,PO-421572,2024-10-18,"Z1.4 single, normal",J,1.0,II,80,0,,accept,2024-10-14 13:05:00,2024-10-16 11:50:00,E-0156,20260106T061500Z-QE24M
RI-24-02062,S-040,passivated parts,P-17038-D,L24-0914,,992,PO-490368,2024-10-17,"Z1.4 single, normal",J,1.0,II,80,1,free iron,accept,2024-10-14 14:30:00,2024-10-15 04:01:00,E-0156,20260106T061500Z-QE24M
RI-24-02063,S-043,passivated parts,P-12565-B,L24-0882,,1543,PO-423609,2024-10-17,"Z1.4 single, normal",K,1.0,II,125,0,,accept,2024-10-14 13:52:00,2024-10-15 17:25:00,E-0155,20260106T061500Z-QE24M
RI-24-02064,S-044,passivated parts,P-11173-A,L24-0903,,2406,PO-417997,2024-10-14,"Z1.4 single, normal",K,1.0,II,125,1,free iron,accept,2024-10-14 09:38:00,2024-10-14 13:07:00,E-0155,20260106T061500Z-QE24M
RI-24-02065,S-009,bar,316 bar 31.75 mm,,MC-00496,41,PO-413884,2024-10-15,"Z1.4 single, normal",D,1.0,II,13,0,,accept,2024-10-15 07:53:00,2024-10-16 02:49:00,E-0156,20260106T061500Z-QE24M
RI-24-02066,S-010,bar,316 bar 38.1 mm,,MC-00497,114,PO-476946,2024-10-18,"Z1.4 single, normal",F,1.0,II,13,0,,accept,2024-10-15 14:07:00,2024-10-16 11:51:00,E-0155,20260106T061500Z-QE24M
RI-24-02067,S-020,plated parts,P-14196-A,L24-0866,,1404,PO-470514,2024-10-15,"Z1.4 single, normal",K,1.0,II,125,0,,accept,2024-10-15 07:14:00,2024-10-16 22:23:00,E-0156,20260106T061500Z-QE24M
RI-24-02068,S-022,plated parts,P-16839-B,L24-0884,,2778,PO-480763,2024-10-16,"Z1.4 single, normal",K,1.0,II,125,0,,accept,2024-10-15 14:39:00,2024-10-16 06:08:00,E-0156,20260106T061500Z-QE24M
RI-24-02069,S-025,plated parts,P-11072-B,L24-0888,,501,PO-444994,2024-10-15,"Z1.4 single, normal",J,1.0,II,80,3,adhesion,reject,2024-10-15 14:33:00,2024-10-15 17:47:00,E-0156,20260106T061500Z-QE24M
RI-24-02070,S-033,heat-treated parts,P-14175-A,L24-0912,,709,PO-454657,2024-10-19,"Z1.4 single, normal",J,1.0,II,80,0,,accept,2024-10-15 08:10:00,2024-10-16 22:52:00,E-0155,20260106T061500Z-QE24M
RI-24-02071,S-033,heat-treated parts,P-15133-B,L24-0931,,774,PO-466166,2024-10-16,"Z1.4 single, normal",J,1.0,II,80,0,,accept,2024-10-15 09:20:00,2024-10-17 03:19:00,E-0155,20260106T061500Z-QE24M
RI-24-02072,S-036,heat-treated parts,P-12835-A,L24-0930,,572,PO-421762,2024-10-19,"Z1.4 single, normal",J,1.0,II,80,1,distortion,accept,2024-10-15 09:03:00,2024-10-15 13:54:00,E-0155,20260106T061500Z-QE24M
RI-24-02073,S-001,bar,1018 bar 50.8 mm,,MC-00498,52,PO-496227,2024-10-16,"Z1.4 single, normal",E,1.0,II,13,0,,accept,2024-10-16 11:07:00,2024-10-17 08:31:00,E-0156,20260106T061500Z-QE24M
RI-24-02074,S-018,plated parts,P-10967-A,L24-0863,,1215,PO-439852,2024-10-18,"Z1.4 single, normal",K,1.0,II,125,0,,accept,2024-10-16 11:13:00,2024-10-17 16:33:00,E-0155,20260106T061500Z-QE24M
RI-24-02075,S-022,plated parts,P-11381-A,L24-0895,,486,PO-487583,2024-10-17,"Z1.4 single, normal",H,1.0,II,50,0,,accept,2024-10-16 07:12:00,2024-10-17 03:18:00,E-0156,20260106T061500Z-QE24M
RI-24-02076,S-036,heat-treated parts,P-14371-D,L24-0906,,1498,PO-472467,2024-10-17,"Z1.4 single, normal",K,1.0,II,125,0,,accept,2024-10-16 09:38:00,2024-10-17 07:37:00,E-0155,20260106T061500Z-QE24M
RI-24-02077,S-001,bar,1018 bar 19.05 mm,,MC-00499,42,PO-491536,2024-10-07,"Z1.4 single, normal",D,1.0,II,13,0,,accept,2024-10-17 09:49:00,2024-10-18 12:23:00,E-0155,20260106T061500Z-QE24M
RI-24-02078,S-020,plated parts,P-12515-B,L24-0873,,1329,PO-415420,2024-10-18,"Z1.4 single, normal",K,1.0,II,94,0,,accept,2024-10-17 08:01:00,2024-10-18 06:57:00,E-0156,20260106T061500Z-QE24M
RI-24-02079,S-020,plated parts,P-12828-B,L24-0890,,1447,PO-471883,2024-10-20,"Z1.4 single, normal",K,1.0,II,125,1,adhesion,accept,2024-10-17 11:24:00,2024-10-19 03:32:00,E-0155,20260106T061500Z-QE24M
RI-24-02080,S-023,plated parts,P-16912-A,L24-0911,,789,PO-465235,2024-10-21,"Z1.4 single, normal",J,1.0,II,80,2,plating thickness,accept,2024-10-17 11:08:00,2024-10-18 10:10:00,E-0155,20260106T061500Z-QE24M
RI-24-02081,S-026,plated parts,P-18566-A,L24-0933,,972,PO-441197,2024-10-14,"Z1.4 single, normal",J,1.0,II,80,0,,accept,2024-10-17 10:35:00,2024-10-18 22:56:00,E-0155,20260106T061500Z-QE24M
RI-24-02082,S-044,passivated parts,P-17741-A,L24-0926,,893,PO-474556,2024-10-17,"Z1.4 single, normal",J,1.0,II,58,2,staining,accept,2024-10-17 11:55:00,2024-10-17 14:36:00,E-0156,20260106T061500Z-QE24M
RI-24-02083,S-003,bar,4140 bar 44.45 mm,,MC-00500,59,PO-485264,2024-10-22,"Z1.4 single, normal",E,1.0,II,13,0,,accept,2024-10-18 13:48:00,2024-10-18 19:01:00,E-0155,20260106T061500Z-QE24M
RI-24-02084,S-012,bar,6061 bar 19.05 mm,,MC-00501,33,PO-480720,2024-10-20,"Z1.4 single, normal",D,1.0,II,13,0,,accept,2024-10-18 08:06:00,2024-10-18 21:26:00,E-0155,20260106T061500Z-QE24M
RI-24-02085,S-017,plated parts,P-13458-B,L24-0916,,886,PO-449055,2024-10-18,"Z1.4 single, normal",J,1.0,II,80,2,plating thickness,accept,2024-10-18 12:20:00,2024-10-20 03:52:00,E-0156,20260106T061500Z-QE24M
RI-24-02086,S-020,plated parts,P-12947-A,L24-0920,,1014,PO-438571,2024-10-20,"Z1.4 single, normal",J,1.0,II,80,1,blisters,accept,2024-10-18 07:04:00,2024-10-19 03:38:00,E-0155,20260106T061500Z-QE24M
RI-24-02087,S-020,plated parts,P-12868-D,L24-0927,,658,PO-408061,2024-10-20,"Z1.4 single, normal",J,1.0,II,80,2,adhesion,accept,2024-10-18 12:34:00,2024-10-20 01:39:00,E-0156,20260106T061500Z-QE24M
RI-24-02088,S-026,plated parts,P-13755-A,L24-0913,,317,PO-413613,2024-10-22,"Z1.4 single, normal",H,1.0,II,50,0,,accept,2024-10-18 13:13:00,2024-10-20 09:33:00,E-0156,20260106T061500Z-QE24M
RI-24-02089,S-038,passivated parts,P-16219-B,L24-0924,,1176,PO-441768,2024-10-21,"Z1.4 single, normal",J,1.0,II,80,0,,accept,2024-10-18 09:45:00,2024-10-19 10:17:00,E-0155,20260106T061500Z-QE24M
RI-24-02090,S-043,passivated parts,P-11625-A,L24-0918,,476,PO-481603,2024-10-22,"Z1.4 single, normal",H,1.0,II,50,0,,accept,2024-10-18 12:40:00,2024-10-19 05:03:00,E-0156,20260106T061500Z-QE24M
RI-24-02091,S-001,bar,1018 bar 25.4 mm,,MC-00502,60,PO-477212,2024-10-11,"Z1.4 single, normal",E,1.0,II,13,0,,accept,2024-10-21 10:17:00,2024-10-21 18:24:00,E-0155,20260106T061500Z-QE24M
RI-24-02092,S-002,bar,1045 bar 38.1 mm,,MC-00503,101,PO-479357,2024-10-21,"Z1.4 single, normal",F,1.0,II,13,0,,accept,2024-10-21 09:33:00,2024-10-22 20:02:00,E-0155,20260106T061500Z-QE24M
RI-24-02093,S-012,bar,6061 bar 19.05 mm,,MC-00504,61,PO-453438,2024-10-22,"Z1.4 single, normal",E,1.0,II,13,0,,accept,2024-10-21 13:27:00,2024-10-22 18:31:00,E-0155,20260106T061500Z-QE24M
RI-24-02094,S-016,plated parts,P-13149-C,L24-0878,,3353,PO-445681,2024-10-16,"Z1.4 single, normal",L,1.0,II,200,2,adhesion,accept,2024-10-21 13:14:00,2024-10-23 10:36:00,E-0156,20260106T061500Z-QE24M
RI-24-02095,S-017,plated parts,P-13350-A,L24-0922,,744,PO-458666,2024-10-21,"Z1.4 single, normal",J,1.0,II,80,1,staining,accept,2024-10-21 13:48:00,2024-10-22 08:10:00,E-0155,20260106T061500Z-QE24M
RI-24-02096,S-022,plated parts,P-18508-A,L24-0939,,764,PO-419141,2024-10-25,"Z1.4 single, normal",J,1.0,II,80,0,,accept,2024-10-21 11:14:00,2024-10-23 07:07:00,E-0156,20260106T061500Z-QE24M
RI-24-02097,S-023,plated parts,P-10378-D,L24-0923,,680,PO-417851,2024-10-23,"Z1.4 single, normal",J,1.0,II,80,1,blisters,accept,2024-10-21 07:36:00,2024-10-22 20:14:00,E-0155,20260106T061500Z-QE24M
RI-24-02098,S-025,plated parts,P-18413-C,L24-0875,,1642,PO-419891,2024-10-24,"Z1.4 single, normal",K,1.0,II,71,0,,accept,2024-10-21 12:18:00,2024-10-23 00:56:00,E-0155,20260106T061500Z-QE24M
RI-24-02099,S-039,passivated parts,P-15298-A,L24-0919,,580,PO-455981,2024-10-21,"Z1.4 single, normal",J,1.0,II,80,0,,accept,2024-10-21 08:14:00,2024-10-22 13:15:00,E-0155,20260106T061500Z-QE24M
RI-24-02100,S-041,passivated parts,P-10845-A,L24-0938,,769,PO-496125,2024-10-24,"Z1.4 single, normal",J,1.0,II,80,0,,accept,2024-10-21 14:10:00,2024-10-21 17:07:00,E-0156,20260106T061500Z-QE24M
RI-24-02101,S-044,passivated parts,P-17644-A,L24-0928,,590,PO-456711,2024-10-22,"Z1.4 single, normal",J,1.0,II,80,0,,accept,2024-10-21 08:17:00,2024-10-22 15:21:00,E-0155,20260106T061500Z-QE24M
RI-24-02102,S-044,passivated parts,P-16180-A,L24-0932,,784,PO-473178,2024-10-24,"Z1.4 single, normal",J,1.0,II,80,1,staining,accept,2024-10-21 14:13:00,2024-10-22 11:52:00,E-0155,20260106T061500Z-QE24M
RI-24-02103,S-045,anodized parts,P-17335-D,L24-0949,,312,PO-492385,2024-10-22,"Z1.4 single, normal",H,1.0,II,27,0,,accept,2024-10-21 14:00:00,2024-10-23 02:35:00,E-0155,20260106T061500Z-QE24M
RI-24-02104,S-051,casting,P-10688-A,,,280,PO-416825,2024-10-22,"Z1.4 single, normal",G,1.0,II,50,0,,accept,2024-10-21 08:32:00,2024-10-22 12:48:00,E-0156,20260106T061500Z-QE24M
RI-24-02105,S-056,casting,P-11142-B,,,683,PO-440201,2024-10-23,"Z1.4 single, normal",J,1.0,II,80,3,flash,reject,2024-10-21 09:19:00,2024-10-22 15:14:00,E-0155,20260106T061500Z-QE24M
RI-24-02106,S-002,bar,1045 bar 38.1 mm,,MC-00505,43,PO-427802,2024-10-24,"Z1.4 single, normal",D,1.0,II,13,0,,accept,2024-10-22 14:03:00,2024-10-24 02:16:00,E-0155,20260106T061500Z-QE24M
RI-24-02107,S-003,bar,4140 bar 63.5 mm,,MC-00509,113,PO-463384,2024-10-23,"Z1.4 single, normal",F,1.0,II,13,0,,accept,2024-10-22 12:10:00,2024-10-23 14:47:00,E-0155,20260106T061500Z-QE24M
RI-24-02108,S-004,bar,4140 bar 38.1 mm,,MC-00508,41,PO-418818,2024-10-22,"Z1.4 single, normal",D,1.0,II,13,0,,accept,2024-10-22 11:22:00,2024-10-24 07:38:00,E-0155,20260106T061500Z-QE24M
RI-24-02109,S-008,bar,304 bar 38.1 mm,,MC-00507,104,PO-433164,2024-10-26,"Z1.4 single, normal",F,1.0,II,8,0,,accept,2024-10-22 11:40:00,2024-10-24 10:25:00,E-0155,20260106T061500Z-QE24M
RI-24-02110,S-011,bar,17-4 bar 31.75 mm,,MC-00506,96,PO-441011,2024-10-25,"Z1.4 single, normal",F,1.0,II,13,0,,accept,2024-10-22 10:45:00,2024-10-22 19:49:00,E-0155,20260106T061500Z-QE24M
RI-24-02111,S-013,bar,7075 bar 25.4 mm,,MC-00510,113,PO-451189,2024-10-23,"Z1.4 single, normal",F,1.0,II,13,0,,accept,2024-10-22 13:54:00,2024-10-23 23:29:00,E-0156,20260106T061500Z-QE24M
RI-24-02112,S-036,heat-treated parts,P-12498-B,L24-0948,,630,PO-424026,2024-10-18,"Z1.4 single, normal",J,1.0,II,80,1,hardness high,accept,2024-10-22 14:32:00,2024-10-24 08:13:00,E-0156,20260106T061500Z-QE24M
RI-24-02113,S-045,anodized parts,P-12023-C,L24-0892,,2654,PO-405272,2024-10-25,"Z1.4 single, normal",K,1.0,II,125,1,coating thickness,accept,2024-10-22 07:28:00,2024-10-24 07:27:00,E-0156,20260106T061500Z-QE24M
RI-24-02114,S-002,bar,1045 bar 38.1 mm,,MC-00511,92,PO-451491,2024-10-23,"Z1.4 single, normal",F,1.0,II,13,0,,accept,2024-10-23 13:18:00,2024-10-24 14:24:00,E-0156,20260106T061500Z-QE24M
RI-24-02115,S-003,bar,4140 bar 63.5 mm,,MC-00515,116,PO-425131,2024-10-21,"Z1.4 single, normal",F,1.0,II,13,0,,accept,2024-10-23 08:23:00,2024-10-25 06:57:00,E-0156,20260106T061500Z-QE24M
RI-24-02116,S-004,bar,4140 bar 38.1 mm,,MC-00514,42,PO-499758,2024-10-24,"Z1.4 single, normal",D,1.0,II,13,0,,accept,2024-10-23 10:23:00,2024-10-25 09:01:00,E-0156,20260106T061500Z-QE24M
RI-24-02117,S-007,bar,303 bar 38.1 mm,,MC-00512,54,PO-480198,2024-10-25,"Z1.4 single, normal",E,1.0,II,9,0,,accept,2024-10-23 09:47:00,2024-10-24 18:12:00,E-0156,20260106T061500Z-QE24M
RI-24-02118,S-008,bar,304 bar 38.1 mm,,MC-00513,111,PO-421736,2024-10-27,"Z1.4 single, normal",F,1.0,II,13,0,,accept,2024-10-23 07:27:00,2024-10-24 09:33:00,E-0155,20260106T061500Z-QE24M
RI-24-02119,S-013,bar,7075 bar 25.4 mm,,MC-00516,84,PO-466104,2024-10-24,"Z1.4 single, normal",E,1.0,II,13,0,,accept,2024-10-23 13:38:00,2024-10-23 15:48:00,E-0156,20260106T061500Z-QE24M
RI-24-02120,S-014,bar,Ti-6Al-4V bar 19.05 mm,,MC-00517,20,PO-476397,2024-10-27,"Z1.4 single, normal",C,1.0,II,13,0,,accept,2024-10-23 08:47:00,2024-10-24 14:42:00,E-0155,20260106T061500Z-QE24M
RI-24-02121,S-017,plated parts,P-14992-A,L24-0902,,1602,PO-433837,2024-10-25,"Z1.4 single, normal",K,1.0,II,125,1,plating thickness,accept,2024-10-23 11:56:00,2024-10-24 02:09:00,E-0156,20260106T061500Z-QE24M
RI-24-02122,S-017,plated parts,P-13307-B,L24-0915,,731,PO-497576,2024-10-24,"Z1.4 single, normal",J,1.0,II,58,2,plating thickness,accept,2024-10-23 12:31:00,2024-10-24 09:45:00,E-0155,20260106T061500Z-QE24M
RI-24-02123,S-025,plated parts,P-12835-A,L24-0930,,572,PO-433345,2024-10-26,"Z1.4 single, normal",J,1.0,II,80,0,,accept,2024-10-23 08:41:00,2024-10-24 19:21:00,E-0155,20260106T061500Z-QE24M
RI-24-02124,S-025,plated parts,P-12884-C,L24-0942,,544,PO-453785,2024-10-26,"Z1.4 single, normal",J,1.0,II,80,1,adhesion,accept,2024-10-23 09:32:00,2024-10-24 13:49:00,E-0156,20260106T061500Z-QE24M
RI-24-02125,S-032,heat-treated parts,P-12479-D,L24-0936,,1295,PO-423781,2024-10-23,"Z1.4 single, normal",K,1.0,II,125,0,,accept,2024-10-23 14:13:00,2024-10-23 15:59:00,E-0156,20260106T061500Z-QE24M
RI-24-02126,S-040,passivated parts,P-12738-A,L24-0952,,347,PO-408525,2024-10-24,"Z1.4 single, normal",H,1.0,II,50,0,,accept,2024-10-23 14:15:00,2024-10-25 10:07:00,E-0155,20260106T061500Z-QE24M
RI-24-02127,S-044,passivated parts,P-16721-B,L24-0935,,660,PO-417712,2024-10-24,"Z1.4 single, normal",J,1.0,II,80,0,,accept,2024-10-23 10:44:00,2024-10-24 05:35:00,E-0156,20260106T061500Z-QE24M
RI-24-02128,S-044,passivated parts,P-15742-C,L24-0943,,203,PO-401169,2024-10-26,"Z1.4 single, normal",G,1.0,II,50,0,,accept,2024-10-23 12:18:00,2024-10-24 02:36:00,E-0156,20260106T061500Z-QE24M
RI-24-02129,S-051,casting,P-11381-A,,,960,PO-403960,2024-10-13,"Z1.4 single, normal",J,1.0,II,80,0,,accept,2024-10-23 09:47:00,2024-10-24 01:53:00,E-0155,20260106T061500Z-QE24M
RI-24-02130,S-055,casting,P-16147-A,,,840,PO-462528,2024-10-23,"Z1.4 single, normal",J,1.0,II,80,0,,accept,2024-10-23 09:47:00,2024-10-23 12:46:00,E-0155,20260106T061500Z-QE24M
RI-24-02131,S-004,bar,4140 bar 38.1 mm,,MC-00518,58,PO-497196,2024-10-25,"Z1.4 single, normal",E,1.0,II,13,0,,accept,2024-10-24 08:15:00,2024-10-25 13:49:00,E-0155,20260106T061500Z-QE24M
RI-24-02132,S-015,plated parts,P-14371-D,L24-0906,,1498,PO-403357,2024-10-26,"Z1.4 single, normal",K,1.0,II,125,0,,accept,2024-10-24 09:03:00,2024-10-24 23:38:00,E-0156,20260106T061500Z-QE24M
RI-24-02133,S-036,heat-treated parts,P-11490-A,L24-0951,,213,PO-414853,2024-10-24,"Z1.4 single, normal",G,1.0,II,39,0,,accept,2024-10-24 09:23:00,2024-10-25 03:59:00,E-0156,20260106T061500Z-QE24M
RI-24-02134,S-042,passivated parts,P-16107-A,L24-0921,,1453,PO-456509,2024-10-28,"Z1.4 single, normal",K,1.0,II,125,1,free iron,accept,2024-10-24 09:32:00,2024-10-25 00:49:00,E-0155,20260106T061500Z-QE24M
RI-24-02135,S-053,casting,P-17153-C,,,730,PO-439508,2024-10-28,"Z1.4 single, normal",J,1.0,II,80,0,,accept,2024-10-24 13:45:00,2024-10-26 08:25:00,E-0155,20260106T061500Z-QE24M
RI-24-02136,S-058,purchased components,threaded inserts,,,3150,PO-454646,2024-10-27,"Z1.4 single, normal",K,1.0,II,125,0,,accept,2024-10-24 07:05:00,2024-10-24 10:08:00,E-0156,20260106T061500Z-QE24M
RI-24-02137,S-018,plated parts,P-13739-B,L24-0944,,481,PO-436138,2024-10-29,"Z1.4 single, normal",H,1.0,II,32,0,,accept,2024-10-25 09:57:00,2024-10-26 18:59:00,E-0156,20260106T061500Z-QE24M
RI-24-02138,S-026,plated parts,P-14175-A,L24-0912,,709,PO-499003,2024-10-29,"Z1.4 single, normal",J,1.0,II,80,0,,accept,2024-10-25 07:10:00,2024-10-25 22:06:00,E-0156,20260106T061500Z-QE24M
RI-24-02139,S-047,anodized parts,P-17053-A,L24-0940,,1037,PO-478607,2024-10-28,"Z1.4 single, normal",J,1.0,II,80,0,,accept,2024-10-25 07:45:00,2024-10-27 01:40:00,E-0155,20260106T061500Z-QE24M
RI-24-02140,S-007,bar,303 bar 38.1 mm,,MC-00519,88,PO-424996,2024-10-31,"Z1.4 single, normal",E,1.0,II,13,0,,accept,2024-10-28 14:54:00,2024-10-29 02:26:00,E-0156,20260106T061500Z-QE24M
RI-24-02141,S-017,plated parts,P-13357-A,L24-0907,,1219,PO-447052,2024-10-30,"Z1.4 single, normal",K,1.0,II,125,2,adhesion,accept,2024-10-28 10:06:00,2024-10-29 03:09:00,E-0156,20260106T061500Z-QE24M
RI-24-02142,S-017,plated parts,P-14918-A,L24-0945,,1582,PO-433236,2024-10-31,"Z1.4 single, normal",K,1.0,II,125,2,blisters,accept,2024-10-28 08:48:00,2024-10-28 17:53:00,E-0155,20260106T061500Z-QE24M
RI-24-02143,S-021,plated parts,P-15133-B,L24-0931,,774,PO-462325,2024-10-28,"Z1.4 single, normal",J,1.0,II,80,0,,accept,2024-10-28 13:09:00,2024-10-29 22:38:00,E-0156,20260106T061500Z-QE24M
RI-24-02144,S-034,heat-treated parts,P-13017-A,L24-0929,,3958,PO-496467,2024-10-23,"Z1.4 single, normal",L,1.0,II,200,2,hardness low,accept,2024-10-28 14:38:00,2024-10-28 21:39:00,E-0156,20260106T061500Z-QE24M
RI-24-02145,S-040,passivated parts,P-16282-A,L24-0934,,1022,PO-404786,2024-10-28,"Z1.4 single, normal",J,1.0,II,80,0,,accept,2024-10-28 09:18:00,2024-10-29 09:16:00,E-0156,20260106T061500Z-QE24M
RI-24-02146,S-040,passivated parts,P-12114-A,L24-0946,,436,PO-401225,2024-11-01,"Z1.4 single, normal",H,1.0,II,50,1,free iron,accept,2024-10-28 10:34:00,2024-10-29 18:37:00,E-0156,20260106T061500Z-QE24M
RI-24-02147,S-015,plated parts,P-12498-B,L24-0948,,630,PO-493267,2024-10-31,"Z1.4 single, normal",J,1.0,II,80,0,,accept,2024-10-29 12:48:00,2024-10-31 11:10:00,E-0155,20260106T061500Z-QE24M
RI-24-02148,S-018,plated parts,P-18650-A,L24-0953,,397,PO-436327,2024-11-01,"Z1.4 single, normal",H,1.0,II,38,0,,accept,2024-10-29 11:48:00,2024-10-30 08:39:00,E-0156,20260106T061500Z-QE24M
RI-24-02149,S-035,heat-treated parts,P-16863-B,L24-0964,,828,PO-403254,2024-11-01,"Z1.4 single, normal",J,1.0,II,40,1,hardness high,accept,2024-10-29 10:19:00,2024-10-31 08:08:00,E-0155,20260106T061500Z-QE24M
RI-24-02150,S-038,passivated parts,P-17684-D,L24-0954,,575,PO-455688,2024-10-29,"Z1.4 single, normal",J,1.0,II,80,0,,accept,2024-10-29 07:22:00,2024-10-31 02:15:00,E-0155,20260106T061500Z-QE24M
RI-24-02151,S-040,passivated parts,P-14681-B,L24-0966,,759,PO-428662,2024-10-30,"Z1.4 single, normal",J,1.0,II,80,0,,accept,2024-10-29 11:41:00,2024-10-29 18:36:00,E-0155,20260106T061500Z-QE24M
RI-24-02152,S-051,casting,P-11831-D,,,770,PO-487118,2024-10-30,"Z1.4 single, normal",J,1.0,II,80,0,,accept,2024-10-29 08:29:00,2024-10-30 21:20:00,E-0156,20260106T061500Z-QE24M
RI-24-02153,S-014,bar,Ti-6Al-4V bar 50.8 mm,,MC-00520,93,PO-436955,2024-10-30,"Z1.4 single, normal",F,1.0,II,13,0,,accept,2024-10-30 08:40:00,2024-11-01 03:54:00,E-0156,20260106T061500Z-QE24M
RI-24-02154,S-023,plated parts,P-12479-D,L24-0936,,1295,PO-470199,2024-10-28,"Z1.4 single, normal",K,1.0,II,94,1,adhesion,accept,2024-10-30 09:32:00,2024-10-31 08:36:00,E-0156,20260106T061500Z-QE24M
RI-24-02155,S-030,heat-treated parts,P-10327-A,L24-0958,,729,PO-496189,2024-10-30,"Z1.4 single, normal",J,1.0,II,33,0,,accept,2024-10-30 11:50:00,2024-10-30 12:24:00,E-0156,20260106T061500Z-QE24M
RI-24-02156,S-040,passivated parts,P-11163-D,L24-0947,,2182,PO-481342,2024-11-03,"Z1.4 single, normal",K,1.0,II,125,0,,accept,2024-10-30 13:30:00,2024-10-30 21:56:00,E-0156,20260106T061500Z-QE24M
RI-24-02157,S-044,passivated parts,P-14462-A,L24-0971,,699,PO-427647,2024-10-31,"Z1.4 single, normal",J,1.0,II,80,1,staining,accept,2024-10-30 09:04:00,2024-11-01 03:32:00,E-0156,20260106T061500Z-QE24M
RI-24-02158,S-055,casting,P-10518-D,,,410,PO-481581,2024-10-31,"Z1.4 single, normal",H,1.0,II,50,0,,accept,2024-10-30 08:20:00,2024-10-31 20:14:00,E-0155,20260106T061500Z-QE24M
RI-24-02159,S-005,bar,8620 bar 19.05 mm,,MC-00521,91,PO-483872,2024-11-03,"Z1.4 single, normal",F,1.0,II,13,0,,accept,2024-10-31 09:41:00,2024-10-31 16:18:00,E-0155,20260106T061500Z-QE24M
RI-24-02160,S-014,bar,Ti-6Al-4V bar 38.1 mm,,MC-00522,115,PO-426273,2024-11-01,"Z1.4 single, normal",F,1.0,II,13,0,,accept,2024-10-31 13:48:00,2024-11-01 14:51:00,E-0155,20260106T061500Z-QE24M
RI-24-02161,S-030,heat-treated parts,P-11007-C,L24-0937,,1934,PO-491814,2024-11-02,"Z1.4 single, normal",K,1.0,II,125,5,hardness high,reject,2024-10-31 14:40:00,2024-11-02 00:28:00,E-0155,20260106T061500Z-QE24M
RI-24-02162,S-033,heat-treated parts,P-14989-D,L24-0967,,1404,PO-484341,2024-11-03,"Z1.4 single, normal",K,1.0,II,125,0,,accept,2024-10-31 08:51:00,2024-11-01 00:49:00,E-0155,20260106T061500Z-QE24M
RI-24-02163,S-042,passivated parts,P-14885-D,L24-0962,,387,PO-403205,2024-11-02,"Z1.4 single, normal",H,1.0,II,50,0,,accept,2024-10-31 13:40:00,2024-11-02 08:51:00,E-0155,20260106T061500Z-QE24M
RI-24-02164,S-051,casting,P-10824-A,,,220,PO-485219,2024-10-26,"Z1.4 single, normal",G,1.0,II,50,1,dimension,accept,2024-10-31 14:27:00,2024-11-01 23:49:00,E-0155,20260106T061500Z-QE24M
RI-24-02165,S-005,bar,8620 bar 19.05 mm,,MC-00524,107,PO-427743,2024-11-02,"Z1.4 single, normal",F,1.0,II,13,0,,accept,2024-11-01 07:34:00,2024-11-01 18:35:00,E-0156,20260106T061500Z-QE24M
RI-24-02166,S-008,bar,304 bar 31.75 mm,,MC-00523,47,PO-455663,2024-11-01,"Z1.4 single, normal",D,1.0,II,6,0,,accept,2024-11-01 14:52:00,2024-11-03 13:50:00,E-0156,20260106T061500Z-QE24M
RI-24-02167,S-030,heat-treated parts,P-11099-A,L24-0965,,446,PO-460210,2024-11-04,"Z1.4 single, normal",H,1.0,II,50,1,hardness high,accept,2024-11-01 14:52:00,2024-11-02 22:44:00,E-0156,20260106T061500Z-QE24M
RI-24-02168,S-033,heat-treated parts,P-14108-A,L24-0972,,1756,PO-472697,2024-11-01,"Z1.4 single, normal",K,1.0,II,125,0,,accept,2024-11-01 12:42:00,2024-11-03 00:19:00,E-0155,20260106T061500Z-QE24M
RI-24-02169,S-036,heat-treated parts,P-14328-A,L24-0961,,466,PO-416568,2024-11-01,"Z1.4 single, normal",H,1.0,II,50,0,,accept,2024-11-01 09:14:00,2024-11-02 04:59:00,E-0156,20260106T061500Z-QE24M
RI-24-02170,S-051,casting,P-10711-C,,,200,PO-404512,2024-11-02,"Z1.4 single, normal",G,1.0,II,50,1,flash,accept,2024-11-01 11:38:00,2024-11-03 00:28:00,E-0156,20260106T061500Z-QE24M
RI-24-02171,S-051,casting,P-15885-A,,,500,PO-466366,2024-11-05,"Z1.4 single, normal",H,1.0,II,50,1,porosity,accept,2024-11-01 09:39:00,2024-11-01 20:51:00,E-0156,20260106T061500Z-QE24M
RI-24-02172,S-051,casting,P-16863-B,,,1070,PO-448376,2024-11-04,"Z1.4 single, normal",J,1.0,II,80,2,dimension,accept,2024-11-01 10:33:00,2024-11-02 14:38:00,E-0156,20260106T061500Z-QE24M
RI-24-02173,S-058,purchased components,O-rings,,,3250,PO-499494,2024-11-04,"Z1.4 single, normal",L,1.0,II,148,0,,accept,2024-11-01 09:56:00,2024-11-01 11:11:00,E-0156,20260106T061500Z-QE24M
RI-24-02174,S-051,casting,P-10518-D,,,710,PO-475826,2024-11-04,"Z1.4 single, normal",J,1.0,II,80,2,flash,accept,2024-11-03 13:49:00,2024-11-04 08:14:00,E-0156,20260106T061500Z-QE24M
RI-24-02175,S-003,bar,4140 bar 25.4 mm,,MC-00528,35,PO-474206,2024-11-07,"Z1.4 single, normal",D,1.0,II,13,0,,accept,2024-11-04 09:07:00,2024-11-04 15:14:00,E-0155,20260106T061500Z-QE24M
RI-24-02176,S-006,bar,303 bar 50.8 mm,,MC-00526,46,PO-460524,2024-11-07,"Z1.4 single, normal",D,1.0,II,13,0,,accept,2024-11-04 09:03:00,2024-11-04 15:55:00,E-0155,20260106T061500Z-QE24M
RI-24-02177,S-009,bar,316 bar 25.4 mm,,MC-00527,35,PO-469420,2024-11-04,"Z1.4 single, normal",D,1.0,II,13,0,,accept,2024-11-04 11:03:00,2024-11-05 15:01:00,E-0156,20260106T061500Z-QE24M
RI-24-02178,S-011,bar,17-4 bar 31.75 mm,,MC-00525,85,PO-488355,2024-11-07,"Z1.4 single, normal",E,1.0,II,13,0,,accept,2024-11-04 08:09:00,2024-11-05 16:13:00,E-0155,20260106T061500Z-QE24M
RI-24-02179,S-012,bar,6061 bar 50.8 mm,,MC-00529,59,PO-427315,2024-11-05,"Z1.4 single, normal",E,1.0,II,13,0,,accept,2024-11-04 12:43:00,2024-11-05 01:52:00,E-0155,20260106T061500Z-QE24M
RI-24-02180,S-017,plated parts,P-13321-A,L24-0970,,857,PO-410936,2024-11-06,"Z1.4 single, normal",J,1.0,II,80,0,,accept,2024-11-04 12:11:00,2024-11-06 01:34:00,E-0156,20260106T061500Z-QE24M
RI-24-02181,S-018,plated parts,P-13017-A,L24-0929,,3958,PO-417617,2024-11-04,"Z1.4 single, normal",L,1.0,II,200,0,,accept,2024-11-04 11:25:00,2024-11-05 19:35:00,E-0156,20260106T061500Z-QE24M
RI-24-02182,S-018,plated parts,P-14103-B,L24-0976,,2331,PO-417006,2024-11-08,"Z1.4 single, normal",K,1.0,II,125,2,plating thickness,accept,2024-11-04 08:55:00,2024-11-05 14:54:00,E-0155,20260106T061500Z-QE24M
RI-24-02183,S-029,heat-treated parts,P-18202-A,L24-0984,,511,PO-479724,2024-11-06,"Z1.4 single, normal",J,1.0,II,80,1,distortion,accept,2024-11-04 10:17:00,2024-11-05 21:25:00,E-0156,20260106T061500Z-QE24M
RI-24-02184,S-031,heat-treated parts,P-11529-B,L24-0941,,3229,PO-489315,2024-11-06,"Z1.4 single, normal",L,1.0,II,200,0,,accept,2024-11-04 14:18:00,2024-11-06 05:11:00,E-0155,20260106T061500Z-QE24M
RI-24-02185,S-033,heat-treated parts,P-14952-A,L24-0959,,1463,PO-413788,2024-11-06,"Z1.4 single, normal",K,1.0,II,125,0,,accept,2024-11-04 11:44:00,2024-11-04 21:13:00,E-0155,20260106T061500Z-QE24M
RI-24-02186,S-036,heat-treated parts,P-12925-A,L24-0957,,992,PO-420232,2024-11-08,"Z1.4 single, normal",J,1.0,II,80,0,,accept,2024-11-04 13:43:00,2024-11-05 09:30:00,E-0155,20260106T061500Z-QE24M
RI-24-02187,S-038,passivated parts,P-15839-B,L24-0969,,461,PO-407929,2024-11-06,"Z1.4 single, normal",H,1.0,II,50,0,,accept,2024-11-04 10:37:00,2024-11-04 18:34:00,E-0156,20260106T061500Z-QE24M
RI-24-02188,S-041,passivated parts,P-10688-A,L24-0975,,923,PO-427149,2024-11-07,"Z1.4 single, normal",J,1.0,II,80,0,,accept,2024-11-04 14:06:00,2024-11-06 06:04:00,E-0156,20260106T061500Z-QE24M
RI-24-02189,S-042,passivated parts,P-15905-D,L24-0950,,754,PO-474578,2024-11-04,"Z1.4 single, normal",J,1.0,II,80,0,,accept,2024-11-04 08:20:00,2024-11-04 16:22:00,E-0155,20260106T061500Z-QE24M
RI-24-02190,S-042,passivated parts,P-16234-A,L24-0960,,992,PO-495000,2024-11-05,"Z1.4 single, normal",J,1.0,II,48,0,,accept,2024-11-04 13:38:00,2024-11-05 04:33:00,E-0155,20260106T061500Z-QE24M
RI-24-02191,S-044,passivated parts,P-16180-A,L24-0963,,779,PO-488770,2024-11-04,"Z1.4 single, normal",J,1.0,II,80,0,,accept,2024-11-04 12:18:00,2024-11-04 19:56:00,E-0156,20260106T061500Z-QE24M
RI-24-02192,S-048,anodized parts,P-11920-C,L24-0925,,4935,PO-454176,2024-11-06,"Z1.4 single, normal",L,1.0,II,200,1,color,accept,2024-11-04 07:10:00,2024-11-06 06:50:00,E-0156,20260106T061500Z-QE24M
RI-24-02193,S-048,anodized parts,P-11909-A,L24-0956,,1924,PO-480192,2024-11-04,"Z1.4 single, normal",K,1.0,II,125,2,coating thickness,accept,2024-11-04 14:54:00,2024-11-05 21:46:00,E-0155,20260106T061500Z-QE24M
RI-24-02194,S-050,anodized parts,P-14048-A,L24-0979,,804,PO-402543,2024-11-05,"Z1.4 single, normal",J,1.0,II,80,0,,accept,2024-11-04 14:14:00,2024-11-05 17:36:00,E-0156,20260106T061500Z-QE24M
RI-24-02195,S-003,bar,4140 bar 25.4 mm,,MC-00531,92,PO-443618,2024-11-08,"Z1.4 single, normal",F,1.0,II,13,0,,accept,2024-11-05 08:45:00,2024-11-06 22:39:00,E-0155,20260106T061500Z-QE24M
RI-24-02196,S-004,bar,4140 bar 31.75 mm,,MC-00532,63,PO-480347,2024-11-06,"Z1.4 single, normal",E,1.0,II,13,0,,accept,2024-11-05 13:44:00,2024-11-07 12:20:00,E-0156,20260106T061500Z-QE24M
RI-24-02197,S-008,bar,304 bar 31.75 mm,,MC-00530,82,PO-448490,2024-11-08,"Z1.4 single, normal",E,1.0,II,13,0,,accept,2024-11-05 14:03:00,2024-11-07 09:21:00,E-0155,20260106T061500Z-QE24M
RI-24-02198,S-021,plated parts,P-18087-D,L24-0978,,1007,PO-442312,2024-11-09,"Z1.4 single, normal",J,1.0,II,37,1,blisters,accept,2024-11-05 11:03:00,2024-11-06 07:18:00,E-0156,20260106T061500Z-QE24M
RI-24-02199,S-027,heat-treated parts,P-15035-A,L24-0980,,238,PO-403323,2024-11-07,"Z1.4 single, normal",G,1.0,II,50,0,,accept,2024-11-05 11:07:00,2024-11-06 06:16:00,E-0155,20260106T061500Z-QE24M
RI-24-02200,S-033,heat-treated parts,P-12972-A,L24-0977,,943,PO-427196,2024-11-07,"Z1.4 single, normal",J,1.0,II,80,0,,accept,2024-11-05 10:40:00,2024-11-06 07:18:00,E-0156,20260106T061500Z-QE24M
RI-24-02201,S-037,passivated parts,P-12141-B,L24-0955,,1304,PO-440190,2024-11-08,"Z1.4 single, normal",K,1.0,II,125,1,free iron,accept,2024-11-05 10:12:00,2024-11-06 23:29:00,E-0155,20260106T061500Z-QE24M
RI-24-02202,S-043,passivated parts,P-19014-A,L24-0983,,878,PO-400131,2024-10-27,"Z1.4 single, normal",J,1.0,II,80,0,,accept,2024-11-05 14:34:00,2024-11-05 19:50:00,E-0156,20260106T061500Z-QE24M
RI-24-02203,S-051,casting,P-11625-A,,,850,PO-438475,2024-11-05,"Z1.4 single, normal",J,1.0,II,80,0,,accept,2024-11-05 07:03:00,2024-11-06 18:33:00,E-0156,20260106T061500Z-QE24M
RI-24-02204,S-051,casting,P-15885-A,,,360,PO-466036,2024-11-09,"Z1.4 single, normal",H,1.0,II,50,0,,accept,2024-11-05 13:49:00,2024-11-05 17:18:00,E-0156,20260106T061500Z-QE24M
RI-24-02205,S-002,bar,1045 bar 38.1 mm,,MC-00533,40,PO-463151,2024-11-08,"Z1.4 single, normal",D,1.0,II,13,0,,accept,2024-11-06 07:52:00,2024-11-07 16:46:00,E-0155,20260106T061500Z-QE24M
RI-24-02206,S-004,bar,4140 bar 25.4 mm,,MC-00534,21,PO-483509,2024-11-09,"Z1.4 single, normal",C,1.0,II,13,0,,accept,2024-11-06 07:49:00,2024-11-07 20:34:00,E-0155,20260106T061500Z-QE24M
RI-24-02207,S-004,bar,4140 bar 31.75 mm,,MC-00535,112,PO-465695,2024-11-10,"Z1.4 single, normal",F,1.0,II,13,0,,accept,2024-11-06 09:05:00,2024-11-08 06:11:00,E-0155,20260106T061500Z-QE24M
RI-24-02208,S-012,bar,6061 bar 38.1 mm,,MC-00536,44,PO-488259,2024-10-30,"Z1.4 single, normal",D,1.0,II,13,0,,accept,2024-11-06 08:40:00,2024-11-07 19:56:00,E-0155,20260106T061500Z-QE24M
RI-24-02209,S-022,plated parts,P-11490-A,L24-0951,,213,PO-402021,2024-11-10,"Z1.4 single, normal",G,1.0,II,50,0,,accept,2024-11-06 08:30:00,2024-11-07 05:53:00,E-0156,20260106T061500Z-QE24M
RI-24-02210,S-025,plated parts,P-10147-B,L24-0973,,1384,PO-415257,2024-11-08,"Z1.4 single, normal",K,1.0,II,125,2,plating thickness,accept,2024-11-06 08:28:00,2024-11-06 08:58:00,E-0156,20260106T061500Z-QE24M
RI-24-02211,S-027,heat-treated parts,P-15200-C,L24-0982,,1443,PO-475968,2024-11-10,"Z1.4 single, normal",K,1.0,II,125,0,,accept,2024-11-06 07:39:00,2024-11-07 20:05:00,E-0155,20260106T061500Z-QE24M
RI-24-02212,S-009,bar,316 bar 38.1 mm,,MC-00537,35,PO-449155,2024-11-08,"Z1.4 single, normal",D,1.0,II,13,0,,accept,2024-11-07 09:19:00,2024-11-08 01:44:00,E-0156,20260106T061500Z-QE24M
RI-24-02213,S-012,bar,6061 bar 38.1 mm,,MC-00538,64,PO-475592,2024-11-11,"Z1.4 single, normal",E,1.0,II,6,0,,accept,2024-11-07 09:43:00,2024-11-08 16:54:00,E-0155,20260106T061500Z-QE24M
RI-24-02214,S-046,anodized parts,P-13971-C,L24-0990,,615,PO-405015,2024-11-01,"Z1.4 single, normal",J,1.0,II,80,0,,accept,2024-11-07 13:47:00,2024-11-08 07:53:00,E-0156,20260106T061500Z-QE24M
RI-24-02215,S-013,bar,7075 bar 19.05 mm,,MC-00539,61,PO-464450,2024-11-08,"Z1.4 single, normal",E,1.0,II,13,1,hardness,reject,2024-11-08 14:45:00,2024-11-10 03:51:00,E-0156,20260106T061500Z-QE24M
RI-24-02216,S-017,plated parts,P-14989-D,L24-0967,,1404,PO-469993,2024-11-12,"Z1.4 single, normal",K,1.0,II,125,4,staining,reject,2024-11-08 12:46:00,2024-11-09 21:58:00,E-0156,20260106T061500Z-QE24M
RI-24-02217,S-033,heat-treated parts,P-13328-A,L24-0987,,1102,PO-429906,2024-11-10,"Z1.4 single, normal",J,1.0,II,80,0,,accept,2024-11-08 08:36:00,2024-11-08 16:26:00,E-0155,20260106T061500Z-QE24M
RI-24-02218,S-051,casting,P-10711-C,,,160,PO-483450,2024-11-11,"Z1.4 single, normal",G,1.0,II,50,0,,accept,2024-11-09 07:27:00,2024-11-09 16:59:00,E-0155,20260106T061500Z-QE24M
RI-24-02219,S-054,casting,P-11462-A,,,180,PO-458531,2024-11-12,"Z1.4 single, normal",G,1.0,II,50,0,,accept,2024-11-10 09:19:00,2024-11-10 21:16:00,E-0155,20260106T061500Z-QE24M
RI-24-02220,S-001,bar,1018 bar 19.05 mm,,MC-00540,61,PO-449782,2024-11-15,"Z1.4 single, normal",E,1.0,II,5,0,,accept,2024-11-11 07:55:00,2024-11-12 06:15:00,E-0156,20260106T061500Z-QE24M
RI-24-02221,S-005,bar,8620 bar 25.4 mm,,MC-00544,35,PO-449992,2024-11-12,"Z1.4 single, normal",D,1.0,II,13,0,,accept,2024-11-11 09:40:00,2024-11-11 20:28:00,E-0155,20260106T061500Z-QE24M
RI-24-02222,S-008,bar,304 bar 25.4 mm,,MC-00541,90,PO-450918,2024-11-12,"Z1.4 single, normal",E,1.0,II,13,0,,accept,2024-11-11 07:51:00,2024-11-11 09:50:00,E-0155,20260106T061500Z-QE24M
RI-24-02223,S-008,bar,304 bar 38.1 mm,,MC-00542,75,PO-458194,2024-11-12,"Z1.4 single, normal",E,1.0,II,13,0,,accept,2024-11-11 12:46:00,2024-11-13 11:14:00,E-0155,20260106T061500Z-QE24M
RI-24-02224,S-013,bar,7075 bar 50.8 mm,,MC-00543,118,PO-499669,2024-11-12,"Z1.4 single, normal",F,1.0,II,13,0,,accept,2024-11-11 07:03:00,2024-11-12 16:44:00,E-0155,20260106T061500Z-QE24M
RI-24-02225,S-014,bar,Ti-6Al-4V bar 19.05 mm,,MC-00545,101,PO-480361,2024-11-14,"Z1.4 single, normal",F,1.0,II,13,0,,accept,2024-11-11 13:09:00,2024-11-12 04:51:00,E-0156,20260106T061500Z-QE24M
RI-24-02226,S-017,plated parts,P-14966-D,L24-0981,,1359,PO-462990,2024-11-11,"Z1.4 single, normal",K,1.0,II,125,1,staining,accept,2024-11-11 11:33:00,2024-11-11 12:33:00,E-0156,20260106T061500Z-QE24M
RI-24-02227,S-018,plated parts,P-11007-C,L24-0937,,1934,PO-411337,2024-11-13,"Z1.4 single, normal",K,1.0,II,125,0,,accept,2024-11-11 12:41:00,2024-11-13 11:45:00,E-0156,20260106T061500Z-QE24M
RI-24-02228,S-018,plated parts,P-18738-A,L24-1017,,322,PO-489406,2024-11-15,"Z1.4 single, normal",H,1.0,II,36,0,,accept,2024-11-11 12:39:00,2024-11-13 07:08:00,E-0155,20260106T061500Z-QE24M
RI-24-02229,S-021,plated parts,P-10460-A,L24-0974,,1627,PO-441444,2024-11-11,"Z1.4 single, normal",K,1.0,II,125,0,,accept,2024-11-11 10:26:00,2024-11-13 02:14:00,E-0155,20260106T061500Z-QE24M
RI-24-02230,S-022,plated parts,P-10327-A,L24-0958,,729,PO-494756,2024-11-15,"Z1.4 single, normal",J,1.0,II,32,0,,accept,2024-11-11 12:59:00,2024-11-12 07:49:00,E-0155,20260106T061500Z-QE24M
RI-24-02231,S-023,plated parts,P-16863-B,L24-0964,,828,PO-473750,2024-11-11,"Z1.4 single, normal",J,1.0,II,80,0,,accept,2024-11-11 11:02:00,2024-11-13 08:33:00,E-0155,20260106T061500Z-QE24M
RI-24-02232,S-023,plated parts,P-18628-B,L24-0991,,1190,PO-472370,2024-11-13,"Z1.4 single, normal",J,1.0,II,80,0,,accept,2024-11-11 09:43:00,2024-11-12 15:17:00,E-0155,20260106T061500Z-QE24M
RI-24-02233,S-027,heat-treated parts,P-18023-B,L24-0994,,580,PO-419778,2024-11-13,"Z1.4 single, normal",J,1.0,II,80,0,,accept,2024-11-11 08:19:00,2024-11-12 05:09:00,E-0156,20260106T061500Z-QE24M
RI-24-02234,S-029,heat-treated parts,P-15156-A,L24-1005,,992,PO-409829,2024-11-12,"Z1.4 single, normal",J,1.0,II,80,1,hardness low,accept,2024-11-11 09:44:00,2024-11-11 20:53:00,E-0155,20260106T061500Z-QE24M
RI-24-02235,S-033,heat-treated parts,P-18159-A,L24-0989,,1751,PO-426210,2024-11-11,"Z1.4 single, normal",K,1.0,II,79,1,hardness low,accept,2024-11-11 14:02:00,2024-11-12 03:46:00,E-0155,20260106T061500Z-QE24M
RI-24-02236,S-036,heat-treated parts,P-13447-D,L24-0985,,1069,PO-434485,2024-11-12,"Z1.4 single, normal",J,1.0,II,80,0,,accept,2024-11-11 07:14:00,2024-11-12 08:13:00,E-0155,20260106T061500Z-QE24M
RI-24-02237,S-036,heat-treated parts,P-17841-B,L24-0992,,838,PO-410931,2024-11-11,"Z1.4 single, normal",J,1.0,II,80,0,,accept,2024-11-11 13:47:00,2024-11-13 03:40:00,E-0156,20260106T061500Z-QE24M
RI-24-02238,S-039,passivated parts,P-17014-A,L24-0996,,992,PO-455327,2024-11-11,"Z1.4 single, normal",J,1.0,II,80,1,staining,accept,2024-11-11 10:29:00,2024-11-12 22:13:00,E-0156,20260106T061500Z-QE24M
RI-24-02239,S-042,passivated parts,P-12164-A,L24-0986,,317,PO-411918,2024-11-13,"Z1.4 single, normal",H,1.0,II,50,1,staining,accept,2024-11-11 14:35:00,2024-11-13 08:14:00,E-0155,20260106T061500Z-QE24M
RI-24-02240,S-042,passivated parts,P-16348-A,L24-1009,,387,PO-495907,2024-11-15,"Z1.4 single, normal",H,1.0,II,50,0,,accept,2024-11-11 14:11:00,2024-11-13 04:17:00,E-0155,20260106T061500Z-QE24M
RI-24-02241,S-005,bar,8620 bar 25.4 mm,,MC-00548,65,PO-435484,2024-11-16,"Z1.4 single, normal",E,1.0,II,13,0,,accept,2024-11-12 08:41:00,2024-11-14 03:15:00,E-0156,20260106T061500Z-QE24M
RI-24-02242,S-008,bar,304 bar 25.4 mm,,MC-00546,56,PO-458349,2024-11-15,"Z1.4 single, normal",E,1.0,II,13,0,,accept,2024-11-12 12:40:00,2024-11-13 14:47:00,E-0155,20260106T061500Z-QE24M
RI-24-02243,S-008,bar,304 bar 38.1 mm,,MC-00547,97,PO-431633,2024-11-12,"Z1.4 single, normal",F,1.0,II,13,0,,accept,2024-11-12 07:03:00,2024-11-13 01:07:00,E-0155,20260106T061500Z-QE24M
RI-24-02244,S-014,bar,Ti-6Al-4V bar 19.05 mm,,MC-00549,99,PO-454116,2024-11-15,"Z1.4 single, normal",F,1.0,II,13,0,,accept,2024-11-12 13:43:00,2024-11-13 13:00:00,E-0155,20260106T061500Z-QE24M
RI-24-02245,S-024,plated parts,P-18202-A,L24-0984,,511,PO-456871,2024-11-14,"Z1.4 single, normal",J,1.0,II,80,0,,accept,2024-11-12 12:47:00,2024-11-13 01:39:00,E-0156,20260106T061500Z-QE24M
RI-24-02246,S-034,heat-treated parts,P-12384-A,L24-0998,,466,PO-461241,2024-11-14,"Z1.4 single, normal",H,1.0,II,50,1,distortion,accept,2024-11-12 09:12:00,2024-11-13 14:19:00,E-0155,20260106T061500Z-QE24M
RI-24-02247,S-036,heat-treated parts,P-13483-A,L24-1015,,880,PO-484575,2024-11-12,"Z1.4 single, normal",J,1.0,II,80,1,hardness high,accept,2024-11-12 13:38:00,2024-11-12 22:51:00,E-0155,20260106T061500Z-QE24M
RI-24-02248,S-039,passivated parts,P-14707-A,L24-0997,,739,PO-407718,2024-11-12,"Z1.4 single, normal",J,1.0,II,80,2,staining,accept,2024-11-12 13:15:00,2024-11-12 21:27:00,E-0155,20260106T061500Z-QE24M
RI-24-02249,S-039,passivated parts,P-11201-A,L24-1030,,1146,PO-469791,2024-11-10,"Z1.4 single, normal",J,1.0,II,80,1,staining,accept,2024-11-12 07:48:00,2024-11-13 15:42:00,E-0156,20260106T061500Z-QE24M
RI-24-02250,S-044,passivated parts,P-16016-A,L24-1010,,332,PO-477056,2024-11-16,"Z1.4 single, normal",H,1.0,II,50,0,,accept,2024-11-12 12:42:00,2024-11-13 03:27:00,E-0156,20260106T061500Z-QE24M
RI-24-02251,S-006,bar,303 bar 38.1 mm,,MC-00551,90,PO-452931,2024-11-14,"Z1.4 single, normal",E,1.0,II,7,0,,accept,2024-11-13 08:05:00,2024-11-15 06:50:00,E-0155,20260106T061500Z-QE24M
RI-24-02252,S-007,bar,303 bar 19.05 mm,,MC-00550,86,PO-403868,2024-11-15,"Z1.4 single, normal",E,1.0,II,13,0,,accept,2024-11-13 08:26:00,2024-11-15 04:15:00,E-0156,20260106T061500Z-QE24M
RI-24-02253,S-026,plated parts,P-12972-A,L24-0977,,943,PO-429946,2024-11-16,"Z1.4 single, normal",J,1.0,II,80,0,,accept,2024-11-13 09:55:00,2024-11-13 21:53:00,E-0156,20260106T061500Z-QE24M
RI-24-02254,S-034,heat-treated parts,P-18136-D,L24-1023,,729,PO-492311,2024-11-10,"Z1.4 single, normal",J,1.0,II,80,0,,accept,2024-11-13 13:06:00,2024-11-15 05:36:00,E-0156,20260106T061500Z-QE24M
RI-24-02255,S-039,passivated parts,P-14762-C,L24-1032,,506,PO-453508,2024-11-14,"Z1.4 single, normal",J,1.0,II,80,2,free iron,accept,2024-11-13 08:34:00,2024-11-15 06:30:00,E-0155,20260106T061500Z-QE24M
RI-24-02256,S-044,passivated parts,P-19027-C,L24-1007,,1056,PO-467202,2024-11-15,"Z1.4 single, normal",J,1.0,II,80,0,,accept,2024-11-13 07:13:00,2024-11-14 12:25:00,E-0156,20260106T061500Z-QE24M
RI-24-02257,S-006,bar,303 bar 19.05 mm,,MC-00552,99,PO-435844,2024-11-15,"Z1.4 single, normal",F,1.0,II,13,0,,accept,2024-11-14 09:49:00,2024-11-14 17:29:00,E-0156,20260106T061500Z-QE24M
RI-24-02258,S-009,bar,316 bar 31.75 mm,,MC-00553,67,PO-475795,2024-11-17,"Z1.4 single, normal",E,1.0,II,13,0,,accept,2024-11-14 07:36:00,2024-11-16 06:07:00,E-0156,20260106T061500Z-QE24M
RI-24-02259,S-017,plated parts,P-14952-A,L24-0959,,1463,PO-405010,2024-11-18,"Z1.4 single, normal",K,1.0,II,125,5,adhesion,reject,2024-11-14 13:11:00,2024-11-14 22:23:00,E-0156,20260106T061500Z-QE24M
RI-24-02260,S-018,plated parts,P-14159-A,L24-1011,,268,PO-463253,2024-11-16,"Z1.4 single, normal",G,1.0,II,36,0,,accept,2024-11-14 11:40:00,2024-11-15 05:06:00,E-0155,20260106T061500Z-QE24M
RI-24-02261,S-020,plated parts,P-15035-A,L24-0980,,238,PO-480184,2024-11-18,"Z1.4 single, normal",G,1.0,II,50,0,,accept,2024-11-14 08:39:00,2024-11-15 21:07:00,E-0156,20260106T061500Z-QE24M
RI-24-02262,S-023,plated parts,P-14108-A,L24-0972,,1756,PO-485416,2024-11-15,"Z1.4 single, normal",K,1.0,II,125,0,,accept,2024-11-14 11:09:00,2024-11-16 03:45:00,E-0155,20260106T061500Z-QE24M
RI-24-02263,S-023,plated parts,P-10536-A,L24-1008,,694,PO-431251,2024-11-18,"Z1.4 single, normal",J,1.0,II,80,0,,accept,2024-11-14 09:24:00,2024-11-15 01:23:00,E-0155,20260106T061500Z-QE24M
RI-24-02264,S-033,heat-treated parts,P-13821-A,L24-1003,,1617,PO-465935,2024-11-16,"Z1.4 single, normal",K,1.0,II,125,0,,accept,2024-11-14 08:57:00,2024-11-14 17:11:00,E-0156,20260106T061500Z-QE24M
RI-24-02265,S-034,heat-treated parts,P-15142-A,L24-1014,,1304,PO-415024,2024-11-16,"Z1.4 single, normal",K,1.0,II,125,1,hardness high,accept,2024-11-14 14:08:00,2024-11-15 14:47:00,E-0155,20260106T061500Z-QE24M
RI-24-02266,S-039,passivated parts,P-12144-A,L24-1001,,794,PO-460410,2024-11-17,"Z1.4 single, normal",J,1.0,II,80,0,,accept,2024-11-14 14:39:00,2024-11-14 22:46:00,E-0155,20260106T061500Z-QE24M
RI-24-02267,S-040,passivated parts,P-14819-A,L24-1002,,1458,PO-439329,2024-11-15,"Z1.4 single, normal",K,1.0,II,125,1,staining,accept,2024-11-14 07:59:00,2024-11-14 19:45:00,E-0155,20260106T061500Z-QE24M
RI-24-02268,S-044,passivated parts,P-16237-A,L24-1028,,2143,PO-467880,2024-11-18,"Z1.4 single, normal",K,1.0,II,125,0,,accept,2024-11-14 13:11:00,2024-11-16 02:38:00,E-0155,20260106T061500Z-QE24M
RI-24-02269,S-053,casting,P-11962-A,,,570,PO-481759,2024-11-15,"Z1.4 single, normal",J,1.0,II,80,5,porosity,reject,2024-11-14 13:31:00,2024-11-16 04:19:00,E-0155,20260106T061500Z-QE24M
RI-24-02270,S-057,purchased components,O-rings,,,600,PO-487859,2024-11-18,"Z1.4 single, normal",J,1.0,II,33,0,,accept,2024-11-14 09:45:00,2024-11-15 15:24:00,E-0156,20260106T061500Z-QE24M
RI-24-02271,S-016,plated parts,P-11099-A,L24-0965,,446,PO-449390,2024-11-16,"Z1.4 single, normal",H,1.0,II,50,2,adhesion,reject,2024-11-15 08:35:00,2024-11-17 07:02:00,E-0155,20260106T061500Z-QE24M
RI-24-02272,S-042,passivated parts,P-16451-A,L24-1021,,2420,PO-483022,2024-11-17,"Z1.4 single, normal",K,1.0,II,125,0,,accept,2024-11-15 08:16:00,2024-11-16 10:50:00,E-0155,20260106T061500Z-QE24M
RI-24-02273,S-044,passivated parts,P-11847-D,L24-0968,,2455,PO-430686,2024-11-16,"Z1.4 single, normal",K,1.0,II,125,0,,accept,2024-11-15 07:56:00,2024-11-16 07:24:00,E-0155,20260106T061500Z-QE24M
RI-24-02274,S-051,casting,P-11033-A,,,480,PO-402846,2024-11-18,"Z1.4 single, normal",H,1.0,II,50,0,,accept,2024-11-15 09:11:00,2024-11-16 17:23:00,E-0155,20260106T061500Z-QE24M
RI-24-02275,S-051,casting,P-10460-A,,,160,PO-401450,2024-11-17,"Z1.4 single, normal",G,1.0,II,50,0,,accept,2024-11-16 08:18:00,2024-11-17 03:53:00,E-0156,20260106T061500Z-QE24M
RI-24-02276,S-004,bar,4140 bar 25.4 mm,,MC-00555,30,PO-440571,2024-11-18,"Z1.4 single, normal",D,1.0,II,13,0,,accept,2024-11-18 07:06:00,2024-11-19 02:16:00,E-0156,20260106T061500Z-QE24M
RI-24-02277,S-004,bar,4140 bar 44.45 mm,,MC-00556,65,PO-428527,2024-11-21,"Z1.4 single, normal",E,1.0,II,13,0,,accept,2024-11-18 10:06:00,2024-11-18 12:36:00,E-0156,20260106T061500Z-QE24M
RI-24-02278,S-011,bar,17-4 bar 38.1 mm,,MC-00554,82,PO-464229,2024-11-21,"Z1.4 single, normal",E,1.0,II,9,0,,accept,2024-11-18 07:29:00,2024-11-18 17:11:00,E-0155,20260106T061500Z-QE24M
RI-24-02279,S-018,plated parts,P-11529-B,L24-0941,,3229,PO-421316,2024-11-21,"Z1.4 single, normal",L,1.0,II,200,0,,accept,2024-11-18 08:27:00,2024-11-19 09:02:00,E-0156,20260106T061500Z-QE24M
RI-24-02280,S-020,plated parts,P-14328-A,L24-0961,,466,PO-426039,2024-11-19,"Z1.4 single, normal",H,1.0,II,50,0,,accept,2024-11-18 10:25:00,2024-11-19 16:44:00,E-0155,20260106T061500Z-QE24M
RI-24-02281,S-022,plated parts,P-12925-A,L24-0957,,992,PO-425533,2024-11-20,"Z1.4 single, normal",J,1.0,II,80,0,,accept,2024-11-18 12:48:00,2024-11-18 19:20:00,E-0155,20260106T061500Z-QE24M
RI-24-02282,S-023,plated parts,P-13557-A,L24-1031,,858,PO-409726,2024-11-19,"Z1.4 single, normal",J,1.0,II,80,0,,accept,2024-11-18 10:55:00,2024-11-19 18:40:00,E-0155,20260106T061500Z-QE24M
RI-24-02283,S-039,passivated parts,P-11167-D,L24-1019,,1091,PO-495090,2024-11-21,"Z1.4 single, normal",J,1.0,II,80,0,,accept,2024-11-18 14:53:00,2024-11-18 16:39:00,E-0156,20260106T061500Z-QE24M
RI-24-02284,S-040,passivated parts,P-12204-A,L24-1022,,263,PO-464357,2024-11-19,"Z1.4 single, normal",G,1.0,II,50,2,staining,reject,2024-11-18 11:45:00,2024-11-20 11:26:00,E-0155,20260106T061500Z-QE24M
RI-24-02285,S-040,passivated parts,P-11163-D,L24-1026,,2182,PO-458021,2024-11-19,"Z1.4 single, normal",K,1.0,II,73,0,,accept,2024-11-18 12:48:00,2024-11-19 04:05:00,E-0156,20260106T061500Z-QE24M
RI-24-02286,S-041,passivated parts,P-10725-B,L24-1000,,1835,PO-452359,2024-11-19,"Z1.4 single, normal",K,1.0,II,125,0,,accept,2024-11-18 12:23:00,2024-11-19 09:07:00,E-0155,20260106T061500Z-QE24M
RI-24-02287,S-042,passivated parts,P-17582-A,L24-1016,,3452,PO-441944,2024-11-19,"Z1.4 single, normal",L,1.0,II,200,0,,accept,2024-11-18 10:54:00,2024-11-19 04:10:00,E-0156,20260106T061500Z-QE24M
RI-24-02288,S-044,passivated parts,P-15450-B,L24-0999,,2163,PO-429981,2024-11-18,"Z1.4 single, normal",K,1.0,II,66,0,,accept,2024-11-18 10:25:00,2024-11-19 00:12:00,E-0155,20260106T061500Z-QE24M
RI-24-02289,S-044,passivated parts,P-16180-A,L24-1020,,808,PO-493018,2024-11-18,"Z1.4 single, normal",J,1.0,II,80,0,,accept,2024-11-18 10:15:00,2024-11-19 08:48:00,E-0155,20260106T061500Z-QE24M
RI-24-02290,S-044,passivated parts,P-11794-A,L24-1027,,1468,PO-414533,2024-11-19,"Z1.4 single, normal",K,1.0,II,125,1,free iron,accept,2024-11-18 11:10:00,2024-11-19 21:55:00,E-0156,20260106T061500Z-QE24M
RI-24-02291,S-044,passivated parts,P-16385-A,L24-1044,,645,PO-429803,2024-11-20,"Z1.4 single, normal",J,1.0,II,80,0,,accept,2024-11-18 07:42:00,2024-11-19 20:21:00,E-0155,20260106T061500Z-QE24M
RI-24-02292,S-051,casting,P-10599-C,,,370,PO-434889,2024-11-22,"Z1.4 single, normal",H,1.0,II,50,1,dimension,accept,2024-11-18 09:59:00,2024-11-18 12:27:00,E-0156,20260106T061500Z-QE24M
RI-24-02293,S-053,casting,P-15949-A,,,500,PO-465775,2024-11-21,"Z1.4 single, normal",H,1.0,II,50,6,porosity,accept,2024-11-18 10:14:00,2024-11-19 13:19:00,E-0156,20260106T061500Z-QE24M
RI-24-02294,S-004,bar,4140 bar 44.45 mm,,MC-00557,57,PO-477744,2024-11-23,"Z1.4 single, normal",E,1.0,II,13,0,,accept,2024-11-19 14:37:00,2024-11-20 04:12:00,E-0155,20260106T061500Z-QE24M
RI-24-02295,S-018,plated parts,P-15200-C,L24-0982,,1443,PO-480582,2024-11-21,"Z1.4 single, normal",K,1.0,II,125,0,,accept,2024-11-19 14:36:00,2024-11-20 01:51:00,E-0155,20260106T061500Z-QE24M
RI-24-02296,S-026,plated parts,P-18136-D,L24-1023,,729,PO-460691,2024-11-23,"Z1.4 single, normal",J,1.0,II,80,1,blisters,accept,2024-11-19 13:42:00,2024-11-21 01:29:00,E-0156,20260106T061500Z-QE24M
RI-24-02297,S-028,heat-treated parts,P-18079-A,L24-1004,,1329,PO-428699,2024-11-21,"Z1.4 single, normal",K,1.0,II,125,0,,accept,2024-11-19 12:21:00,2024-11-21 06:32:00,E-0156,20260106T061500Z-QE24M
RI-24-02298,S-036,heat-treated parts,P-15206-A,L24-1049,,188,PO-464740,2024-11-20,"Z1.4 single, normal",G,1.0,II,32,0,,accept,2024-11-19 13:04:00,2024-11-19 16:03:00,E-0156,20260106T061500Z-QE24M
RI-24-02299,S-040,passivated parts,P-16312-A,L24-1013,,2232,PO-455639,2024-11-22,"Z1.4 single, normal",K,1.0,II,82,0,,accept,2024-11-19 10:37:00,2024-11-20 21:42:00,E-0155,20260106T061500Z-QE24M
RI-24-02300,S-057,purchased components,retaining rings,,,3800,PO-434527,2024-11-21,"Z1.4 single, normal",L,1.0,II,200,0,,accept,2024-11-19 10:21:00,2024-11-19 19:48:00,E-0156,20260106T061500Z-QE24M
RI-24-02301,S-003,bar,4140 bar 44.45 mm,,MC-00558,27,PO-438568,2024-11-22,"Z1.4 single, normal",D,1.0,II,13,0,,accept,2024-11-20 10:14:00,2024-11-21 16:46:00,E-0156,20260106T061500Z-QE24M
RI-24-02302,S-017,plated parts,P-13483-A,L24-1015,,880,PO-487407,2024-11-23,"Z1.4 single, normal",J,1.0,II,80,5,adhesion,reject,2024-11-20 11:22:00,2024-11-22 11:08:00,E-0156,20260106T061500Z-QE24M
RI-24-02303,S-023,plated parts,P-18159-A,L24-0989,,1751,PO-405151,2024-11-22,"Z1.4 single, normal",K,1.0,II,125,0,,accept,2024-11-20 08:00:00,2024-11-20 21:35:00,E-0156,20260106T061500Z-QE24M
RI-24-02304,S-032,heat-treated parts,P-18180-D,L24-1035,,630,PO-415892,2024-11-24,"Z1.4 single, normal",J,1.0,II,80,0,,accept,2024-11-20 14:58:00,2024-11-20 21:32:00,E-0156,20260106T061500Z-QE24M
RI-24-02305,S-058,purchased components,dowel pins,,,4550,PO-462127,2024-11-22,"Z1.4 single, normal",L,1.0,II,200,0,,accept,2024-11-20 11:09:00,2024-11-21 13:57:00,E-0155,20260106T061500Z-QE24M
RI-24-02306,S-058,purchased components,retaining rings,,,2200,PO-408331,2024-11-22,"Z1.4 single, normal",K,1.0,II,85,0,,accept,2024-11-20 07:24:00,2024-11-20 10:49:00,E-0156,20260106T061500Z-QE24M
RI-24-02307,S-005,bar,8620 bar 19.05 mm,,MC-00559,85,PO-409048,2024-11-23,"Z1.4 single, normal",E,1.0,II,13,0,,accept,2024-11-21 12:39:00,2024-11-23 08:30:00,E-0155,20260106T061500Z-QE24M
RI-24-02308,S-005,bar,8620 bar 31.75 mm,,MC-00560,68,PO-481321,2024-11-22,"Z1.4 single, normal",E,1.0,II,13,0,,accept,2024-11-21 09:32:00,2024-11-22 11:05:00,E-0156,20260106T061500Z-QE24M
RI-24-02309,S-019,plated parts,P-18023-B,L24-0994,,580,PO-422912,2024-11-21,"Z1.4 single, normal",J,1.0,II,80,1,blisters,accept,2024-11-21 14:09:00,2024-11-23 02:16:00,E-0155,20260106T061500Z-QE24M
RI-24-02310,S-026,plated parts,P-18450-A,L24-1037,,1161,PO-491301,2024-11-25,"Z1.4 single, normal",J,1.0,II,80,1,staining,accept,2024-11-21 07:10:00,2024-11-22 02:54:00,E-0155,20260106T061500Z-QE24M
RI-24-02311,S-030,heat-treated parts,P-10900-A,L24-1006,,5198,PO-437815,2024-11-25,"Z1.4 single, normal",L,1.0,II,157,9,hardness low,reject,2024-11-21 12:31:00,2024-11-21 13:45:00,E-0156,20260106T061500Z-QE24M
RI-24-02312,S-034,heat-treated parts,P-13797-A,L24-1038,,308,PO-452744,2024-11-14,"Z1.4 single, normal",H,1.0,II,50,0,,accept,2024-11-21 12:05:00,2024-11-21 19:14:00,E-0155,20260106T061500Z-QE24M
RI-24-02313,S-040,passivated parts,P-17038-D,L24-1042,,992,PO-404045,2024-11-23,"Z1.4 single, normal",J,1.0,II,80,0,,accept,2024-11-21 08:57:00,2024-11-23 02:49:00,E-0156,20260106T061500Z-QE24M
RI-24-02314,S-044,passivated parts,P-14524-A,L24-1033,,2510,PO-402355,2024-11-21,"Z1.4 single, normal",K,1.0,II,125,0,,accept,2024-11-21 13:33:00,2024-11-21 15:41:00,E-0156,20260106T061500Z-QE24M
RI-24-02315,S-044,passivated parts,P-19390-A,L24-1036,,1037,PO-454278,2024-11-24,"Z1.4 single, normal",J,1.0,II,80,0,,accept,2024-11-21 08:40:00,2024-11-21 15:58:00,E-0155,20260106T061500Z-QE24M
RI-24-02316,S-044,passivated parts,P-14859-A,L24-1043,,918,PO-498083,2024-11-22,"Z1.4 single, normal",J,1.0,II,80,0,,accept,2024-11-21 09:55:00,2024-11-21 16:37:00,E-0156,20260106T061500Z-QE24M
RI-24-02317,S-051,casting,P-16760-D,,,690,PO-492610,2024-11-24,"Z1.4 single, normal",J,1.0,II,80,0,,accept,2024-11-21 08:53:00,2024-11-23 02:13:00,E-0156,20260106T061500Z-QE24M
RI-24-02318,S-015,plated parts,P-18813-A,L24-1041,,709,PO-443302,2024-11-24,"Z1.4 single, normal",J,1.0,II,80,0,,accept,2024-11-22 10:56:00,2024-11-22 15:18:00,E-0156,20260106T061500Z-QE24M
RI-24-02319,S-033,heat-treated parts,P-14108-A,L24-1047,,1920,PO-468624,2024-11-22,"Z1.4 single, normal",K,1.0,II,125,0,,accept,2024-11-22 09:31:00,2024-11-22 21:27:00,E-0156,20260106T061500Z-QE24M
RI-24-02320,S-033,heat-treated parts,P-14212-C,L24-1054,,888,PO-464070,2024-11-24,"Z1.4 single, normal",J,1.0,II,80,0,,accept,2024-11-22 11:46:00,2024-11-23 16:02:00,E-0156,20260106T061500Z-QE24M
RI-24-02321,S-034,heat-treated parts,P-13158-A,L24-1065,,337,PO-475624,2024-11-25,"Z1.4 single, normal",H,1.0,II,50,0,,accept,2024-11-22 14:05:00,2024-11-23 23:54:00,E-0156,20260106T061500Z-QE24M
RI-24-02322,S-037,passivated parts,P-17841-B,L24-0992,,838,PO-413895,2024-11-15,"Z1.4 single, normal",J,1.0,II,39,0,,accept,2024-11-22 13:57:00,2024-11-24 02:52:00,E-0155,20260106T061500Z-QE24M
RI-24-02323,S-051,casting,P-10378-D,,,290,PO-486358,2024-11-26,"Z1.4 single, normal",H,1.0,II,50,0,,accept,2024-11-24 12:11:00,2024-11-24 20:18:00,E-0156,20260106T061500Z-QE24M
RI-24-02324,S-001,bar,1018 bar 50.8 mm,,MC-00561,47,PO-469742,2024-11-21,"Z1.4 single, normal",D,1.0,II,13,0,,accept,2024-11-25 10:11:00,2024-11-26 00:21:00,E-0156,20260106T061500Z-QE24M
RI-24-02325,S-007,bar,303 bar 50.8 mm,,MC-00562,31,PO-451892,2024-11-28,"Z1.4 single, normal",D,1.0,II,13,0,,accept,2024-11-25 07:21:00,2024-11-27 01:59:00,E-0155,20260106T061500Z-QE24M
RI-24-02326,S-008,bar,304 bar 31.75 mm,,MC-00563,39,PO-478511,2024-11-29,"Z1.4 single, normal",D,1.0,II,13,0,,accept,2024-11-25 14:37:00,2024-11-25 15:46:00,E-0156,20260106T061500Z-QE24M
RI-24-02327,S-013,bar,7075 bar 25.4 mm,,MC-00564,90,PO-418779,2024-11-22,"Z1.4 single, normal",E,1.0,II,13,0,,accept,2024-11-25 11:56:00,2024-11-26 05:24:00,E-0156,20260106T061500Z-QE24M
RI-24-02328,S-017,plated parts,P-13447-D,L24-0985,,1069,PO-452127,2024-11-29,"Z1.4 single, normal",J,1.0,II,80,1,adhesion,accept,2024-11-25 08:40:00,2024-11-26 00:56:00,E-0156,20260106T061500Z-QE24M
RI-24-02329,S-017,plated parts,P-13328-A,L24-0987,,1102,PO-451275,2024-11-26,"Z1.4 single, normal",J,1.0,II,80,1,adhesion,accept,2024-11-25 11:55:00,2024-11-26 05:37:00,E-0155,20260106T061500Z-QE24M
RI-24-02330,S-021,plated parts,P-15142-A,L24-1014,,1304,PO-428019,2024-11-25,"Z1.4 single, normal",K,1.0,II,125,0,,accept,2024-11-25 07:55:00,2024-11-25 10:29:00,E-0156,20260106T061500Z-QE24M
RI-24-02331,S-023,plated parts,P-18526-A,L24-1012,,3269,PO-499957,2024-11-27,"Z1.4 single, normal",L,1.0,II,200,1,adhesion,accept,2024-11-25 11:44:00,2024-11-25 23:19:00,E-0156,20260106T061500Z-QE24M
RI-24-02332,S-024,plated parts,P-15156-A,L24-1005,,992,PO-476224,2024-11-28,"Z1.4 single, normal",J,1.0,II,80,0,,accept,2024-11-25 13:49:00,2024-11-25 22:30:00,E-0156,20260106T061500Z-QE24M
RI-24-02333,S-026,plated parts,P-12384-A,L24-0998,,466,PO-473680,2024-11-27,"Z1.4 single, normal",H,1.0,II,21,0,,accept,2024-11-25 11:46:00,2024-11-25 15:07:00,E-0156,20260106T061500Z-QE24M
RI-24-02334,S-026,plated parts,P-10518-D,L24-1039,,1176,PO-451125,2024-11-15,"Z1.4 single, normal",J,1.0,II,80,0,,accept,2024-11-25 07:12:00,2024-11-25 20:45:00,E-0155,20260106T061500Z-QE24M
RI-24-02335,S-029,heat-treated parts,P-18940-A,L24-1058,,684,PO-492058,2024-11-19,"Z1.4 single, normal",J,1.0,II,80,0,,accept,2024-11-25 14:06:00,2024-11-26 14:49:00,E-0156,20260106T061500Z-QE24M
RI-24-02336,S-031,heat-treated parts,P-15009-A,L24-1024,,2981,PO-417074,2024-11-16,"Z1.4 single, normal",K,1.0,II,125,0,,accept,2024-11-25 14:04:00,2024-11-26 15:10:00,E-0155,20260106T061500Z-QE24M
RI-24-02337,S-033,heat-treated parts,P-11462-A,L24-1051,,848,PO-440245,2024-11-29,"Z1.4 single, normal",J,1.0,II,80,0,,accept,2024-11-25 11:02:00,2024-11-26 05:59:00,E-0155,20260106T061500Z-QE24M
RI-24-02338,S-034,heat-treated parts,P-12645-A,L24-1046,,1562,PO-435848,2024-11-15,"Z1.4 single, normal",K,1.0,II,125,0,,accept,2024-11-25 09:16:00,2024-11-26 11:06:00,E-0156,20260106T061500Z-QE24M
RI-24-02339,S-036,heat-treated parts,P-12435-A,L24-1055,,193,PO-491126,2024-11-27,"Z1.4 single, normal",G,1.0,II,50,0,,accept,2024-11-25 10:22:00,2024-11-26 14:19:00,E-0156,20260106T061500Z-QE24M
RI-24-02340,S-036,heat-treated parts,P-12835-A,L24-1066,,621,PO-423648,2024-11-29,"Z1.4 single, normal",J,1.0,II,80,0,,accept,2024-11-25 12:28:00,2024-11-26 07:49:00,E-0156,20260106T061500Z-QE24M
RI-24-02341,S-036,heat-treated parts,P-17881-C,L24-1077,,580,PO-421453,2024-11-26,"Z1.4 single, normal",J,1.0,II,63,0,,accept,2024-11-25 14:02:00,2024-11-26 20:03:00,E-0155,20260106T061500Z-QE24M
RI-24-02342,S-037,passivated parts,P-11768-A,L24-1034,,2778,PO-461296,2024-11-28,"Z1.4 single, normal",K,1.0,II,125,0,,accept,2024-11-25 10:34:00,2024-11-25 14:43:00,E-0156,20260106T061500Z-QE24M
RI-24-02343,S-038,passivated parts,P-16751-A,L24-1050,,2039,PO-458824,2024-11-28,"Z1.4 single, normal",K,1.0,II,125,1,staining,accept,2024-11-25 10:52:00,2024-11-27 00:27:00,E-0156,20260106T061500Z-QE24M
RI-24-02344,S-040,passivated parts,P-11320-D,L24-1048,,1161,PO-455363,2024-11-26,"Z1.4 single, normal",J,1.0,II,80,0,,accept,2024-11-25 14:13:00,2024-11-27 13:51:00,E-0155,20260106T061500Z-QE24M
RI-24-02345,S-044,passivated parts,P-16180-A,L24-1068,,754,PO-427103,2024-11-27,"Z1.4 single, normal",J,1.0,II,80,1,staining,accept,2024-11-25 14:53:00,2024-11-26 18:52:00,E-0156,20260106T061500Z-QE24M
RI-24-02346,S-048,anodized parts,P-11909-A,L24-1025,,1731,PO-426717,2024-11-26,"Z1.4 single, normal",K,1.0,II,125,0,,accept,2024-11-25 11:13:00,2024-11-25 17:38:00,E-0156,20260106T061500Z-QE24M
RI-24-02347,S-050,anodized parts,P-17087-A,L24-1070,,288,PO-415462,2024-11-28,"Z1.4 single, normal",H,1.0,II,50,0,,accept,2024-11-25 11:04:00,2024-11-27 00:37:00,E-0155,20260106T061500Z-QE24M
RI-24-02348,S-051,casting,P-11950-A,,,340,PO-498132,2024-11-29,"Z1.4 single, normal",H,1.0,II,50,0,,accept,2024-11-25 07:00:00,2024-11-26 20:17:00,E-0155,20260106T061500Z-QE24M
RI-24-02349,S-007,bar,303 bar 50.8 mm,,MC-00565,86,PO-472164,2024-11-26,"Z1.4 single, normal",E,1.0,II,13,0,,accept,2024-11-26 10:35:00,2024-11-27 13:27:00,E-0155,20260106T061500Z-QE24M
RI-24-02350,S-021,plated parts,P-18180-D,L24-1035,,630,PO-481134,2024-11-30,"Z1.4 single, normal",J,1.0,II,35,0,,accept,2024-11-26 10:39:00,2024-11-28 08:35:00,E-0155,20260106T061500Z-QE24M
RI-24-02351,S-025,plated parts,P-15206-A,L24-1049,,188,PO-404254,2024-11-16,"Z1.4 single, normal",G,1.0,II,50,0,,accept,2024-11-26 11:32:00,2024-11-27 19:30:00,E-0156,20260106T061500Z-QE24M
RI-24-02352,S-037,passivated parts,P-17707-D,L24-1073,,1672,PO-496658,2024-11-29,"Z1.4 single, normal",K,1.0,II,125,1,free iron,accept,2024-11-26 07:27:00,2024-11-27 18:09:00,E-0156,20260106T061500Z-QE24M
RI-24-02353,S-039,passivated parts,P-11282-A,L24-1052,,1056,PO-437687,2024-11-30,"Z1.4 single, normal",J,1.0,II,80,1,free iron,accept,2024-11-26 07:35:00,2024-11-26 14:21:00,E-0156,20260106T061500Z-QE24M
RI-24-02354,S-005,bar,8620 bar 25.4 mm,,MC-00566,33,PO-488536,2024-11-28,"Z1.4 single, normal",D,1.0,II,13,0,,accept,2024-11-27 12:49:00,2024-11-28 18:26:00,E-0155,20260106T061500Z-QE24M
RI-24-02355,S-018,plated parts,P-14103-B,L24-1061,,2549,PO-414434,2024-11-23,"Z1.4 single, normal",K,1.0,II,125,0,,accept,2024-11-27 13:07:00,2024-11-28 08:41:00,E-0156,20260106T061500Z-QE24M
RI-24-02356,S-022,plated parts,P-13821-A,L24-1003,,1617,PO-479193,2024-11-29,"Z1.4 single, normal",K,1.0,II,125,1,plating thickness,accept,2024-11-27 13:07:00,2024-11-28 18:22:00,E-0156,20260106T061500Z-QE24M
RI-24-02357,S-027,heat-treated parts,P-13012-A,L24-1071,,588,PO-438073,2024-11-22,"Z1.4 single, normal",J,1.0,II,80,0,,accept,2024-11-27 14:31:00,2024-11-29 09:42:00,E-0155,20260106T061500Z-QE24M
RI-24-02358,S-034,heat-treated parts,P-15083-A,L24-1087,,903,PO-415634,2024-11-30,"Z1.4 single, normal",J,1.0,II,80,1,hardness high,accept,2024-11-27 10:24:00,2024-11-28 15:47:00,E-0155,20260106T061500Z-QE24M
RI-24-02359,S-040,passivated parts,P-16605-A,L24-1029,,4692,PO-488967,2024-11-27,"Z1.4 single, normal",L,1.0,II,200,1,staining,accept,2024-11-27 13:37:00,2024-11-27 17:22:00,E-0155,20260106T061500Z-QE24M
RI-24-02360,S-049,anodized parts,P-17416-A,L24-1056,,804,PO-439973,2024-11-29,"Z1.4 single, normal",J,1.0,II,80,0,,accept,2024-11-27 08:12:00,2024-11-28 02:52:00,E-0155,20260106T061500Z-QE24M
RI-24-02361,S-051,casting,P-11642-D,,,430,PO-497132,2024-11-30,"Z1.4 single, normal",H,1.0,II,50,0,,accept,2024-11-27 07:59:00,2024-11-29 04:41:00,E-0156,20260106T061500Z-QE24M
RI-24-02362,S-057,purchased components,dowel pins,,,3200,PO-441530,2024-12-01,"Z1.4 single, normal",K,1.0,II,125,2,dimension,accept,2024-11-30 13:05:00,2024-12-01 11:18:00,E-0155,20260106T061500Z-QE24M
RI-24-02363,S-051,casting,P-17096-D,,,380,PO-456326,2024-12-03,"Z1.4 single, normal",H,1.0,II,50,0,,accept,2024-12-01 14:31:00,2024-12-02 06:14:00,E-0155,20260106T061500Z-QE24M
RI-24-02364,S-002,bar,1045 bar 25.4 mm,,MC-00567,25,PO-429876,2024-12-05,"Z1.4 single, normal",C,1.0,II,13,0,,accept,2024-12-02 08:53:00,2024-12-04 00:31:00,E-0155,20260106T061500Z-QE24M
RI-24-02365,S-003,bar,4140 bar 44.45 mm,,MC-00570,100,PO-476488,2024-11-26,"Z1.4 single, normal",F,1.0,II,13,0,,accept,2024-12-02 07:04:00,2024-12-04 03:40:00,E-0156,20260106T061500Z-QE24M
RI-24-02366,S-008,bar,304 bar 25.4 mm,,MC-00568,94,PO-406150,2024-12-02,"Z1.4 single, normal",F,1.0,II,6,0,,accept,2024-12-02 07:35:00,2024-12-04 03:34:00,E-0155,20260106T061500Z-QE24M
RI-24-02367,S-008,bar,304 bar 38.1 mm,,MC-00569,41,PO-415519,2024-12-05,"Z1.4 single, normal",D,1.0,II,13,0,,accept,2024-12-02 09:08:00,2024-12-04 06:12:00,E-0155,20260106T061500Z-QE24M
RI-24-02368,S-014,bar,Ti-6Al-4V bar 19.05 mm,,MC-00571,100,PO-469495,2024-12-05,"Z1.4 single, normal",F,1.0,II,13,0,,accept,2024-12-02 11:58:00,2024-12-02 22:52:00,E-0156,20260106T061500Z-QE24M
RI-24-02369,S-016,plated parts,P-18904-D,L24-1094,,556,PO-431359,2024-12-04,"Z1.4 single, normal",J,1.0,II,52,1,blisters,accept,2024-12-02 09:00:00,2024-12-03 16:59:00,E-0155,20260106T061500Z-QE24M
RI-24-02370,S-018,plated parts,P-13122-B,L24-1062,,1478,PO-454502,2024-12-04,"Z1.4 single, normal",K,1.0,II,125,1,blisters,accept,2024-12-02 07:39:00,2024-12-02 09:40:00,E-0156,20260106T061500Z-QE24M
RI-24-02371,S-020,plated parts,P-13158-A,L24-1065,,337,PO-427911,2024-12-03,"Z1.4 single, normal",H,1.0,II,50,0,,accept,2024-12-02 14:09:00,2024-12-02 18:09:00,E-0155,20260106T061500Z-QE24M
RI-24-02372,S-023,plated parts,P-14108-A,L24-1047,,1920,PO-407838,2024-12-02,"Z1.4 single, normal",K,1.0,II,125,1,plating thickness,accept,2024-12-02 08:56:00,2024-12-04 00:13:00,E-0155,20260106T061500Z-QE24M
RI-24-02373,S-023,plated parts,P-14212-C,L24-1054,,888,PO-407256,2024-12-04,"Z1.4 single, normal",J,1.0,II,41,0,,accept,2024-12-02 13:28:00,2024-12-03 18:00:00,E-0155,20260106T061500Z-QE24M
RI-24-02374,S-023,plated parts,P-12988-A,L24-1060,,735,PO-455358,2024-12-03,"Z1.4 single, normal",J,1.0,II,80,1,blisters,accept,2024-12-02 13:55:00,2024-12-03 02:24:00,E-0155,20260106T061500Z-QE24M
RI-24-02375,S-025,plated parts,P-18079-A,L24-1004,,1329,PO-467654,2024-12-03,"Z1.4 single, normal",K,1.0,II,125,1,staining,accept,2024-12-02 13:16:00,2024-12-03 21:22:00,E-0155,20260106T061500Z-QE24M
RI-24-02376,S-025,plated parts,P-13797-A,L24-1038,,308,PO-458167,2024-12-02,"Z1.4 single, normal",H,1.0,II,50,0,,accept,2024-12-02 11:00:00,2024-12-02 18:18:00,E-0156,20260106T061500Z-QE24M
RI-24-02377,S-025,plated parts,P-11354-C,L24-1086,,228,PO-477911,2024-12-05,"Z1.4 single, normal",G,1.0,II,50,0,,accept,2024-12-02 11:27:00,2024-12-03 03:51:00,E-0155,20260106T061500Z-QE24M
RI-24-02378,S-027,heat-treated parts,P-18856-A,L24-1082,,1056,PO-456721,2024-12-06,"Z1.4 single, normal",J,1.0,II,80,0,,accept,2024-12-02 08:02:00,2024-12-04 04:26:00,E-0155,20260106T061500Z-QE24M
RI-24-02379,S-033,heat-treated parts,P-12543-C,L24-1078,,928,PO-434705,2024-12-02,"Z1.4 single, normal",J,1.0,II,80,0,,accept,2024-12-02 12:10:00,2024-12-03 15:51:00,E-0156,20260106T061500Z-QE24M
RI-24-02380,S-033,heat-treated parts,P-12861-C,L24-1091,,1631,PO-402937,2024-12-06,"Z1.4 single, normal",K,1.0,II,125,0,,accept,2024-12-02 09:12:00,2024-12-03 03:29:00,E-0156,20260106T061500Z-QE24M
RI-24-02381,S-034,heat-treated parts,P-18143-B,L24-1067,,1344,PO-457165,2024-12-06,"Z1.4 single, normal",K,1.0,II,125,1,hardness high,accept,2024-12-02 12:01:00,2024-12-03 18:13:00,E-0156,20260106T061500Z-QE24M
RI-24-02382,S-034,heat-treated parts,P-18795-A,L24-1088,,893,PO-470924,2024-12-05,"Z1.4 single, normal",J,1.0,II,80,1,distortion,accept,2024-12-02 07:27:00,2024-12-03 14:46:00,E-0155,20260106T061500Z-QE24M
RI-24-02383,S-035,heat-treated parts,P-13783-A,L24-1097,,605,PO-450700,2024-11-27,"Z1.4 single, normal",J,1.0,II,80,0,,accept,2024-12-02 07:15:00,2024-12-02 12:09:00,E-0156,20260106T061500Z-QE24M
RI-24-02384,S-036,heat-treated parts,P-14992-A,L24-1080,,1552,PO-495681,2024-11-30,"Z1.4 single, normal",K,1.0,II,125,3,hardness low,accept,2024-12-02 07:11:00,2024-12-03 21:19:00,E-0155,20260106T061500Z-QE24M
RI-24-02385,S-037,passivated parts,P-16056-D,L24-1076,,868,PO-464840,2024-12-02,"Z1.4 single, normal",J,1.0,II,80,0,,accept,2024-12-02 11:22:00,2024-12-02 13:20:00,E-0155,20260106T061500Z-QE24M
RI-24-02386,S-039,passivated parts,P-12303-D,L24-1057,,873,PO-463194,2024-11-25,"Z1.4 single, normal",J,1.0,II,60,1,staining,accept,2024-12-02 08:21:00,2024-12-02 16:06:00,E-0156,20260106T061500Z-QE24M
RI-24-02387,S-040,passivated parts,P-17004-D,L24-1064,,992,PO-463764,2024-12-05,"Z1.4 single, normal",J,1.0,II,80,0,,accept,2024-12-02 12:58:00,2024-12-03 05:41:00,E-0156,20260106T061500Z-QE24M
RI-24-02388,S-040,passivated parts,P-11265-A,L24-1085,,1027,PO-405787,2024-12-04,"Z1.4 single, normal",J,1.0,II,80,0,,accept,2024-12-02 07:01:00,2024-12-02 17:32:00,E-0155,20260106T061500Z-QE24M
RI-24-02389,S-041,passivated parts,P-10604-A,L24-1103,,233,PO-494162,2024-12-03,"Z1.4 single, normal",G,1.0,II,38,0,,accept,2024-12-02 09:20:00,2024-12-04 07:37:00,E-0156,20260106T061500Z-QE24M
RI-24-02390,S-042,passivated parts,P-12040-C,L24-1069,,779,PO-433501,2024-12-02,"Z1.4 single, normal",J,1.0,II,80,1,free iron,accept,2024-12-02 13:55:00,2024-12-03 08:57:00,E-0156,20260106T061500Z-QE24M
RI-24-02391,S-042,passivated parts,P-14715-D,L24-1092,,451,PO-488715,2024-12-04,"Z1.4 single, normal",H,1.0,II,33,0,,accept,2024-12-02 09:18:00,2024-12-03 13:17:00,E-0155,20260106T061500Z-QE24M
RI-24-02392,S-043,passivated parts,P-17881-C,L24-1077,,580,PO-484500,2024-11-27,"Z1.4 single, normal",J,1.0,II,80,0,,accept,2024-12-02 12:33:00,2024-12-03 09:30:00,E-0156,20260106T061500Z-QE24M
RI-24-02393,S-046,anodized parts,P-14063-D,L24-1045,,1200,PO-464055,2024-12-05,"Z1.4 single, normal",J,1.0,II,80,0,,accept,2024-12-02 14:52:00,2024-12-03 08:40:00,E-0156,20260106T061500Z-QE24M
RI-24-02394,S-048,anodized parts,P-17046-A,L24-1075,,526,PO-423409,2024-12-05,"Z1.4 single, normal",J,1.0,II,32,0,,accept,2024-12-02 10:29:00,2024-12-03 03:10:00,E-0156,20260106T061500Z-QE24M
RI-24-02395,S-051,casting,P-10857-C,,,880,PO-474239,2024-12-05,"Z1.4 single, normal",J,1.0,II,80,1,dimension,accept,2024-12-02 07:22:00,2024-12-03 02:15:00,E-0156,20260106T061500Z-QE24M
RI-24-02396,S-002,bar,1045 bar 31.75 mm,,MC-00572,90,PO-495346,2024-12-03,"Z1.4 single, normal",E,1.0,II,13,0,,accept,2024-12-03 11:07:00,2024-12-04 09:52:00,E-0156,20260106T061500Z-QE24M
RI-24-02397,S-008,bar,304 bar 25.4 mm,,MC-00573,104,PO-453669,2024-12-07,"Z1.4 single, normal",F,1.0,II,13,0,,accept,2024-12-03 10:36:00,2024-12-04 05:46:00,E-0155,20260106T061500Z-QE24M
RI-24-02398,S-010,bar,316 bar 31.75 mm,,MC-00574,109,PO-490152,2024-12-04,"Z1.4 single, normal",F,1.0,II,13,0,,accept,2024-12-03 09:08:00,2024-12-04 07:56:00,E-0155,20260106T061500Z-QE24M
RI-24-02399,S-016,plated parts,P-18503-A,L24-1079,,1939,PO-468670,2024-12-07,"Z1.4 single, normal",K,1.0,II,125,0,,accept,2024-12-03 08:08:00,2024-12-03 22:45:00,E-0155,20260106T061500Z-QE24M
RI-24-02400,S-032,heat-treated parts,P-13608-D,L24-1090,,1230,PO-476542,2024-12-06,"Z1.4 single, normal",K,1.0,II,92,3,hardness low,accept,2024-12-03 14:15:00,2024-12-04 14:24:00,E-0155,20260106T061500Z-QE24M
RI-24-02401,S-039,passivated parts,P-12645-A,L24-1046,,1562,PO-446504,2024-11-28,"Z1.4 single, normal",K,1.0,II,125,0,,accept,2024-12-03 09:27:00,2024-12-04 12:41:00,E-0155,20260106T061500Z-QE24M
RI-24-02402,S-050,anodized parts,P-17077-A,L24-1095,,531,PO-477445,2024-12-06,"Z1.4 single, normal",J,1.0,II,80,1,color,accept,2024-12-03 07:38:00,2024-12-05 00:43:00,E-0156,20260106T061500Z-QE24M
RI-24-02403,S-010,bar,316 bar 31.75 mm,,MC-00575,110,PO-479710,2024-12-06,"Z1.4 single, normal",F,1.0,II,13,0,,accept,2024-12-04 07:14:00,2024-12-05 11:11:00,E-0155,20260106T061500Z-QE24M
RI-24-02404,S-016,plated parts,P-11462-A,L24-1051,,848,PO-469052,2024-11-24,"Z1.4 single, normal",J,1.0,II,80,0,,accept,2024-12-04 09:04:00,2024-12-04 16:09:00,E-0156,20260106T061500Z-QE24M
RI-24-02405,S-036,heat-treated parts,P-18841-A,L24-1084,,1681,PO-402997,2024-12-08,"Z1.4 single, normal",K,1.0,II,125,0,,accept,2024-12-04 14:47:00,2024-12-05 12:31:00,E-0156,20260106T061500Z-QE24M
RI-24-02406,S-040,passivated parts,P-11871-A,L24-1081,,823,PO-417765,2024-12-08,"Z1.4 single, normal",J,1.0,II,80,0,,accept,2024-12-04 14:57:00,2024-12-05 05:23:00,E-0155,20260106T061500Z-QE24M
RI-24-02407,S-033,heat-treated parts,P-13502-C,L24-1100,,797,PO-444608,2024-12-06,"Z1.4 single, normal",J,1.0,II,80,1,hardness low,accept,2024-12-05 13:05:00,2024-12-06 11:24:00,E-0156,20260106T061500Z-QE24M
RI-24-02408,S-039,passivated parts,P-19406-B,L24-1098,,932,PO-458613,2024-11-26,"Z1.4 single, normal",J,1.0,II,39,0,,accept,2024-12-05 12:04:00,2024-12-06 11:59:00,E-0155,20260106T061500Z-QE24M
RI-24-02409,S-058,purchased components,dowel pins,,,2950,PO-436047,2024-12-06,"Z1.4 single, normal",K,1.0,II,125,0,,accept,2024-12-05 11:15:00,2024-12-06 01:20:00,E-0155,20260106T061500Z-QE24M
RI-24-02410,S-018,plated parts,P-15009-A,L24-1024,,2981,PO-486146,2024-12-08,"Z1.4 single, normal",K,1.0,II,125,0,,accept,2024-12-06 07:21:00,2024-12-07 20:15:00,E-0155,20260106T061500Z-QE24M
RI-24-02411,S-018,plated parts,P-18556-B,L24-1108,,337,PO-421829,2024-12-04,"Z1.4 single, normal",H,1.0,II,50,0,,accept,2024-12-06 10:33:00,2024-12-08 01:23:00,E-0155,20260106T061500Z-QE24M
RI-24-02412,S-025,plated parts,P-12835-A,L24-1066,,621,PO-484349,2024-12-06,"Z1.4 single, normal",J,1.0,II,80,0,,accept,2024-12-06 08:25:00,2024-12-07 16:08:00,E-0156,20260106T061500Z-QE24M
RI-24-02413,S-026,plated parts,P-18940-A,L24-1058,,684,PO-461035,2024-12-10,"Z1.4 single, normal",J,1.0,II,80,0,,accept,2024-12-06 08:17:00,2024-12-08 01:16:00,E-0155,20260106T061500Z-QE24M
RI-24-02414,S-035,heat-treated parts,P-16887-A,L24-1093,,764,PO-478755,2024-12-09,"Z1.4 single, normal",J,1.0,II,33,1,distortion,accept,2024-12-06 10:39:00,2024-12-07 09:11:00,E-0155,20260106T061500Z-QE24M
RI-24-02415,S-039,passivated parts,P-16263-A,L24-1099,,1557,PO-437595,2024-12-08,"Z1.4 single, normal",K,1.0,II,125,3,free iron,accept,2024-12-06 13:04:00,2024-12-07 07:48:00,E-0156,20260106T061500Z-QE24M
RI-24-02416,S-003,bar,4140 bar 44.45 mm,,MC-00578,62,PO-438718,2024-12-12,"Z1.4 single, normal",E,1.0,II,13,0,,accept,2024-12-09 11:36:00,2024-12-09 13:44:00,E-0156,20260106T061500Z-QE24M
RI-24-02417,S-005,bar,8620 bar 25.4 mm,,MC-00580,65,PO-423096,2024-12-10,"Z1.4 single, normal",E,1.0,II,13,0,,accept,2024-12-09 11:44:00,2024-12-10 22:19:00,E-0156,20260106T061500Z-QE24M
RI-24-02418,S-006,bar,303 bar 19.05 mm,,MC-00576,89,PO-409488,2024-12-11,"Z1.4 single, normal",E,1.0,II,13,0,,accept,2024-12-09 14:53:00,2024-12-10 19:05:00,E-0155,20260106T061500Z-QE24M
RI-24-02419,S-009,bar,316 bar 38.1 mm,,MC-00577,112,PO-469210,2024-12-09,"Z1.4 single, normal",F,1.0,II,13,0,,accept,2024-12-09 11:30:00,2024-12-09 12:13:00,E-0156,20260106T061500Z-QE24M
RI-24-02420,S-013,bar,7075 bar 19.05 mm,,MC-00579,102,PO-478682,2024-12-09,"Z1.4 single, normal",F,1.0,II,13,0,,accept,2024-12-09 08:00:00,2024-12-11 07:58:00,E-0155,20260106T061500Z-QE24M
RI-24-02421,S-017,plated parts,P-14992-A,L24-1080,,1552,PO-428265,2024-12-12,"Z1.4 single, normal",K,1.0,II,125,2,staining,accept,2024-12-09 14:20:00,2024-12-09 18:54:00,E-0156,20260106T061500Z-QE24M
RI-24-02422,S-022,plated parts,P-12435-A,L24-1055,,193,PO-402658,2024-12-11,"Z1.4 single, normal",G,1.0,II,34,0,,accept,2024-12-09 12:39:00,2024-12-11 01:21:00,E-0155,20260106T061500Z-QE24M
RI-24-02423,S-025,plated parts,P-15270-A,L24-1116,,1329,PO-483198,2024-12-09,"Z1.4 single, normal",K,1.0,II,125,1,staining,accept,2024-12-09 11:15:00,2024-12-09 13:38:00,E-0156,20260106T061500Z-QE24M
RI-24-02424,S-026,plated parts,P-15083-A,L24-1087,,903,PO-470459,2024-12-10,"Z1.4 single, normal",J,1.0,II,80,0,,accept,2024-12-09 08:19:00,2024-12-10 13:35:00,E-0155,20260106T061500Z-QE24M
RI-24-02425,S-027,heat-treated parts,P-15261-A,L24-1096,,843,PO-431734,2024-12-10,"Z1.4 single, normal",J,1.0,II,80,0,,accept,2024-12-09 10:53:00,2024-12-09 23:20:00,E-0156,20260106T061500Z-QE24M
RI-24-02426,S-027,heat-treated parts,P-12701-A,L24-1132,,992,PO-442259,2024-12-11,"Z1.4 single, normal",J,1.0,II,80,0,,accept,2024-12-09 10:27:00,2024-12-10 07:02:00,E-0156,20260106T061500Z-QE24M
RI-24-02427,S-036,heat-treated parts,P-14196-A,L24-1089,,1384,PO-435546,2024-12-13,"Z1.4 single, normal",K,1.0,II,94,0,,accept,2024-12-09 07:30:00,2024-12-09 14:13:00,E-0155,20260106T061500Z-QE24M
RI-24-02428,S-039,passivated parts,P-14473-A,L24-1113,,997,PO-463640,2024-12-11,"Z1.4 single, normal",J,1.0,II,80,1,free iron,accept,2024-12-09 11:17:00,2024-12-09 12:57:00,E-0155,20260106T061500Z-QE24M
RI-24-02429,S-040,passivated parts,P-17038-D,L24-1126,,992,PO-470423,2024-12-13,"Z1.4 single, normal",J,1.0,II,80,1,free iron,accept,2024-12-09 07:22:00,2024-12-09 23:21:00,E-0156,20260106T061500Z-QE24M
RI-24-02430,S-043,passivated parts,P-14548-D,L24-1059,,3824,PO-473238,2024-12-12,"Z1.4 single, normal",L,1.0,II,200,1,staining,accept,2024-12-09 13:14:00,2024-12-11 01:21:00,E-0155,20260106T061500Z-QE24M
RI-24-02431,S-044,passivated parts,P-14462-A,L24-1105,,630,PO-445531,2024-12-12,"Z1.4 single, normal",J,1.0,II,48,0,,accept,2024-12-09 08:06:00,2024-12-11 06:15:00,E-0155,20260106T061500Z-QE24M
RI-24-02432,S-045,anodized parts,P-11962-A,L24-1104,,506,PO-403198,2024-12-13,"Z1.4 single, normal",J,1.0,II,80,0,,accept,2024-12-09 08:42:00,2024-12-11 05:56:00,E-0156,20260106T061500Z-QE24M
RI-24-02433,S-051,casting,P-11007-C,,,1350,PO-414674,2024-12-05,"Z1.4 single, normal",K,1.0,II,125,0,,accept,2024-12-09 14:34:00,2024-12-11 09:30:00,E-0156,20260106T061500Z-QE24M
RI-24-02434,S-056,casting,P-11831-D,,,968,PO-425945,2024-12-08,"Z1.4 single, normal",J,1.0,II,80,1,dimension,accept,2024-12-09 13:11:00,2024-12-09 19:26:00,E-0155,20260106T061500Z-QE24M
RI-24-02435,S-015,plated parts,P-18143-B,L24-1067,,1344,PO-413740,2024-12-13,"Z1.4 single, normal",K,1.0,II,125,1,adhesion,accept,2024-12-10 07:32:00,2024-12-10 13:09:00,E-0155,20260106T061500Z-QE24M
RI-24-02436,S-018,plated parts,P-12861-C,L24-1091,,1631,PO-434818,2024-12-11,"Z1.4 single, normal",K,1.0,II,125,0,,accept,2024-12-10 14:28:00,2024-12-11 03:42:00,E-0156,20260106T061500Z-QE24M
RI-24-02437,S-027,heat-treated parts,P-12878-C,L24-1143,,742,PO-446420,2024-12-10,"Z1.4 single, normal",J,1.0,II,80,0,,accept,2024-12-10 08:31:00,2024-12-10 19:48:00,E-0156,20260106T061500Z-QE24M
RI-24-02438,S-033,heat-treated parts,P-13229-B,L24-1122,,417,PO-454180,2024-12-14,"Z1.4 single, normal",H,1.0,II,50,0,,accept,2024-12-10 08:41:00,2024-12-11 05:13:00,E-0156,20260106T061500Z-QE24M
RI-24-02439,S-034,heat-treated parts,P-12907-D,L24-1133,,604,PO-466942,2024-12-14,"Z1.4 single, normal",J,1.0,II,80,0,,accept,2024-12-10 11:54:00,2024-12-11 23:19:00,E-0156,20260106T061500Z-QE24M
RI-24-02440,S-039,passivated parts,P-17014-A,L24-1125,,992,PO-407789,2024-11-30,"Z1.4 single, normal",J,1.0,II,80,0,,accept,2024-12-10 09:30:00,2024-12-12 06:41:00,E-0155,20260106T061500Z-QE24M
RI-24-02441,S-043,passivated parts,P-11889-B,L24-1107,,645,PO-442761,2024-12-14,"Z1.4 single, normal",J,1.0,II,43,0,,accept,2024-12-10 08:10:00,2024-12-10 22:12:00,E-0156,20260106T061500Z-QE24M
RI-24-02442,S-046,anodized parts,P-17096-D,L24-1135,,506,PO-409235,2024-12-14,"Z1.4 single, normal",J,1.0,II,80,0,,accept,2024-12-10 08:53:00,2024-12-12 03:59:00,E-0155,20260106T061500Z-QE24M
RI-24-02443,S-050,anodized parts,P-13842-D,L24-1114,,665,PO-499462,2024-12-14,"Z1.4 single, normal",J,1.0,II,80,0,,accept,2024-12-10 13:22:00,2024-12-11 21:42:00,E-0156,20260106T061500Z-QE24M
RI-24-02444,S-025,plated parts,P-13012-A,L24-1071,,588,PO-420672,2024-12-14,"Z1.4 single, normal",J,1.0,II,80,0,,accept,2024-12-11 12:44:00,2024-12-12 13:32:00,E-0155,20260106T061500Z-QE24M
RI-24-02445,S-030,heat-treated parts,P-10989-A,L24-1118,,660,PO-435527,2024-12-15,"Z1.4 single, normal",J,1.0,II,80,2,hardness low,accept,2024-12-11 07:01:00,2024-12-12 12:07:00,E-0156,20260106T061500Z-QE24M
RI-24-02446,S-040,passivated parts,P-15662-A,L24-1136,,362,PO-414058,2024-12-14,"Z1.4 single, normal",H,1.0,II,50,0,,accept,2024-12-11 13:34:00,2024-12-13 09:11:00,E-0155,20260106T061500Z-QE24M
RI-24-02447,S-044,passivated parts,P-14746-D,L24-1106,,1304,PO-403451,2024-12-13,"Z1.4 single, normal",K,1.0,II,125,0,,accept,2024-12-11 12:44:00,2024-12-11 23:20:00,E-0156,20260106T061500Z-QE24M
RI-24-02448,S-044,passivated parts,P-16180-A,L24-1141,,794,PO-470690,2024-12-12,"Z1.4 single, normal",J,1.0,II,80,0,,accept,2024-12-11 10:19:00,2024-12-12 09:07:00,E-0155,20260106T061500Z-QE24M
RI-24-02449,S-004,bar,4140 bar 25.4 mm,,MC-00581,111,PO-452731,2024-12-16,"Z1.4 single, normal",F,1.0,II,13,0,,accept,2024-12-12 13:58:00,2024-12-14 06:30:00,E-0155,20260106T061500Z-QE24M
RI-24-02450,S-013,bar,7075 bar 19.05 mm,,MC-00582,117,PO-472444,2024-12-12,"Z1.4 single, normal",F,1.0,II,13,0,,accept,2024-12-12 10:02:00,2024-12-12 17:16:00,E-0155,20260106T061500Z-QE24M
RI-24-02451,S-020,plated parts,P-12543-C,L24-1078,,928,PO-481961,2024-12-16,"Z1.4 single, normal",J,1.0,II,63,0,,accept,2024-12-12 14:42:00,2024-12-14 08:29:00,E-0155,20260106T061500Z-QE24M
RI-24-02452,S-023,plated parts,P-18795-A,L24-1088,,893,PO-444423,2024-12-14,"Z1.4 single, normal",J,1.0,II,36,0,,accept,2024-12-12 09:14:00,2024-12-13 02:23:00,E-0156,20260106T061500Z-QE24M
RI-24-02453,S-031,heat-treated parts,P-18115-C,L24-1129,,1076,PO-410105,2024-12-12,"Z1.4 single, normal",J,1.0,II,80,0,,accept,2024-12-12 09:15:00,2024-12-12 12:31:00,E-0156,20260106T061500Z-QE24M
RI-24-02454,S-039,passivated parts,P-17500-A,L24-1102,,1265,PO-456401,2024-12-03,"Z1.4 single, normal",K,1.0,II,125,0,,accept,2024-12-12 08:32:00,2024-12-13 07:30:00,E-0155,20260106T061500Z-QE24M
RI-24-02455,S-040,passivated parts,P-19370-B,L24-1109,,1825,PO-404880,2024-12-12,"Z1.4 single, normal",K,1.0,II,125,5,staining,accept,2024-12-12 09:09:00,2024-12-13 17:29:00,E-0155,20260106T061500Z-QE24M
RI-24-02456,S-048,anodized parts,P-11984-A,L24-1145,,198,PO-408932,2024-12-13,"Z1.4 single, normal",G,1.0,II,50,0,,accept,2024-12-12 07:10:00,2024-12-12 17:34:00,E-0155,20260106T061500Z-QE24M
RI-24-02457,S-013,bar,7075 bar 25.4 mm,,MC-00583,42,PO-431055,2024-12-15,"Z1.4 single, normal",D,1.0,II,13,0,,accept,2024-12-13 13:15:00,2024-12-13 18:10:00,E-0155,20260106T061500Z-QE24M
RI-24-02458,S-025,plated parts,P-14134-A,L24-1127,,1409,PO-444343,2024-12-14,"Z1.4 single, normal",K,1.0,II,98,0,,accept,2024-12-13 08:08:00,2024-12-15 00:06:00,E-0155,20260106T061500Z-QE24M
RI-24-02459,S-040,passivated parts,P-17004-D,L24-1119,,992,PO-485745,2024-12-17,"Z1.4 single, normal",J,1.0,II,80,0,,accept,2024-12-13 09:04:00,2024-12-13 18:56:00,E-0156,20260106T061500Z-QE24M
RI-24-02460,S-041,passivated parts,P-10749-A,L24-1140,,491,PO-494487,2024-12-13,"Z1.4 single, normal",H,1.0,II,50,1,staining,accept,2024-12-13 11:10:00,2024-12-15 07:47:00,E-0155,20260106T061500Z-QE24M
RI-24-02461,S-044,passivated parts,P-11226-C,L24-1115,,1548,PO-453226,2024-12-13,"Z1.4 single, normal",K,1.0,II,125,1,staining,accept,2024-12-13 11:50:00,2024-12-15 06:27:00,E-0156,20260106T061500Z-QE24M
RI-24-02462,S-051,casting,P-15977-A,,,550,PO-469154,2024-12-16,"Z1.4 single, normal",J,1.0,II,80,0,,accept,2024-12-15 11:41:00,2024-12-15 21:11:00,E-0155,20260106T061500Z-QE24M
RI-24-02463,S-017,plated parts,P-14966-D,L24-1117,,1384,PO-473651,2024-12-17,"Z1.4 single, normal",K,1.0,II,125,0,,accept,2024-12-16 14:14:00,2024-12-18 08:48:00,E-0155,20260106T061500Z-QE24M
RI-24-02464,S-017,plated parts,P-14918-A,L24-1149,,1672,PO-444592,2024-12-20,"Z1.4 single, normal",K,1.0,II,125,2,adhesion,accept,2024-12-16 09:39:00,2024-12-17 22:46:00,E-0156,20260106T061500Z-QE24M
RI-24-02465,S-021,plated parts,P-18462-A,L24-1072,,5059,PO-484846,2024-12-19,"Z1.4 single, normal",L,1.0,II,200,0,,accept,2024-12-16 11:21:00,2024-12-18 09:42:00,E-0156,20260106T061500Z-QE24M
RI-24-02466,S-021,plated parts,P-18620-A,L24-1124,,923,PO-481684,2024-12-19,"Z1.4 single, normal",J,1.0,II,80,0,,accept,2024-12-16 11:17:00,2024-12-18 00:43:00,E-0155,20260106T061500Z-QE24M
RI-24-02467,S-022,plated parts,P-13608-D,L24-1090,,1230,PO-472234,2024-12-19,"Z1.4 single, normal",K,1.0,II,125,0,,accept,2024-12-16 12:17:00,2024-12-17 01:24:00,E-0156,20260106T061500Z-QE24M
RI-24-02468,S-025,plated parts,P-18856-A,L24-1082,,1056,PO-411337,2024-12-16,"Z1.4 single, normal",J,1.0,II,80,0,,accept,2024-12-16 10:34:00,2024-12-17 16:17:00,E-0156,20260106T061500Z-QE24M
RI-24-02469,S-031,heat-treated parts,P-18413-C,L24-1128,,1592,PO-426601,2024-12-19,"Z1.4 single, normal",K,1.0,II,125,0,,accept,2024-12-16 11:15:00,2024-12-17 17:48:00,E-0155,20260106T061500Z-QE24M
RI-24-02470,S-031,heat-treated parts,P-17764-A,L24-1134,,764,PO-427074,2024-12-19,"Z1.4 single, normal",J,1.0,II,80,0,,accept,2024-12-16 09:50:00,2024-12-16 10:46:00,E-0155,20260106T061500Z-QE24M
RI-24-02471,S-033,heat-treated parts,P-15234-A,L24-1146,,670,PO-486989,2024-12-18,"Z1.4 single, normal",J,1.0,II,80,1,hardness low,accept,2024-12-16 08:04:00,2024-12-18 05:19:00,E-0155,20260106T061500Z-QE24M
RI-24-02472,S-035,heat-treated parts,P-11406-C,L24-1121,,1915,PO-474743,2024-12-18,"Z1.4 single, normal",K,1.0,II,125,0,,accept,2024-12-16 09:19:00,2024-12-17 07:12:00,E-0156,20260106T061500Z-QE24M
RI-24-02473,S-037,passivated parts,P-15723-A,L24-1101,,1696,PO-417201,2024-12-16,"Z1.4 single, normal",K,1.0,II,125,1,free iron,accept,2024-12-16 14:50:00,2024-12-17 02:46:00,E-0155,20260106T061500Z-QE24M
RI-24-02474,S-037,passivated parts,P-19446-A,L24-1130,,1285,PO-416255,2024-12-19,"Z1.4 single, normal",K,1.0,II,125,0,,accept,2024-12-16 08:12:00,2024-12-17 00:09:00,E-0156,20260106T061500Z-QE24M
RI-24-02475,S-039,passivated parts,P-15362-C,L24-1120,,486,PO-420322,2024-12-06,"Z1.4 single, normal",H,1.0,II,50,0,,accept,2024-12-16 07:36:00,2024-12-17 13:38:00,E-0155,20260106T061500Z-QE24M
RI-24-02476,S-040,passivated parts,P-16034-D,L24-1112,,1458,PO-433711,2024-12-19,"Z1.4 single, normal",K,1.0,II,125,2,staining,accept,2024-12-16 08:04:00,2024-12-17 20:05:00,E-0155,20260106T061500Z-QE24M
RI-24-02477,S-044,passivated parts,P-11173-A,L24-1138,,2406,PO-493837,2024-12-16,"Z1.4 single, normal",K,1.0,II,125,2,free iron,accept,2024-12-16 11:36:00,2024-12-17 06:33:00,E-0156,20260106T061500Z-QE24M
RI-24-02478,S-044,passivated parts,P-19323-B,L24-1142,,1176,PO-465258,2024-12-11,"Z1.4 single, normal",J,1.0,II,80,0,,accept,2024-12-16 07:52:00,2024-12-16 23:39:00,E-0155,20260106T061500Z-QE24M
RI-24-02479,S-044,passivated parts,P-11301-A,L24-1153,,1042,PO-464070,2024-12-18,"Z1.4 single, normal",J,1.0,II,80,0,,accept,2024-12-16 11:41:00,2024-12-18 08:31:00,E-0155,20260106T061500Z-QE24M
RI-24-02480,S-045,anodized parts,P-11923-A,L24-1123,,1106,PO-455611,2024-12-20,"Z1.4 single, normal",J,1.0,II,80,0,,accept,2024-12-16 11:50:00,2024-12-16 13:42:00,E-0155,20260106T061500Z-QE24M
RI-24-02481,S-048,anodized parts,P-13948-B,L24-1137,,188,PO-485458,2024-12-08,"Z1.4 single, normal",G,1.0,II,50,0,,accept,2024-12-16 14:20:00,2024-12-17 06:51:00,E-0156,20260106T061500Z-QE24M
RI-24-02482,S-009,bar,316 bar 38.1 mm,,MC-00584,102,PO-459547,2024-12-20,"Z1.4 single, normal",F,1.0,II,9,0,,accept,2024-12-17 11:39:00,2024-12-18 12:25:00,E-0155,20260106T061500Z-QE24M
RI-24-02483,S-017,plated parts,P-13502-C,L24-1100,,797,PO-467644,2024-12-21,"Z1.4 single, normal",J,1.0,II,80,1,adhesion,accept,2024-12-17 12:37:00,2024-12-18 07:36:00,E-0156,20260106T061500Z-QE24M
RI-24-02484,S-025,plated parts,P-18841-A,L24-1084,,1681,PO-470467,2024-12-18,"Z1.4 single, normal",K,1.0,II,125,1,adhesion,accept,2024-12-17 12:50:00,2024-12-19 01:58:00,E-0156,20260106T061500Z-QE24M
RI-24-02485,S-033,heat-treated parts,P-12828-B,L24-1148,,1418,PO-400674,2024-12-19,"Z1.4 single, normal",K,1.0,II,125,0,,accept,2024-12-17 10:25:00,2024-12-18 08:59:00,E-0155,20260106T061500Z-QE24M
RI-24-02486,S-033,heat-treated parts,P-14928-A,L24-1170,,1379,PO-499430,2024-12-17,"Z1.4 single, normal",K,1.0,II,81,1,distortion,accept,2024-12-17 07:10:00,2024-12-17 11:16:00,E-0155,20260106T061500Z-QE24M
RI-24-02487,S-034,heat-treated parts,P-16900-D,L24-1131,,2063,PO-466285,2024-12-21,"Z1.4 single, normal",K,1.0,II,125,0,,accept,2024-12-17 11:33:00,2024-12-17 20:57:00,E-0155,20260106T061500Z-QE24M
RI-24-02488,S-036,heat-treated parts,P-14168-B,L24-1167,,947,PO-492382,2024-12-17,"Z1.4 single, normal",J,1.0,II,80,0,,accept,2024-12-17 07:41:00,2024-12-18 19:26:00,E-0155,20260106T061500Z-QE24M
RI-24-02489,S-037,passivated parts,P-15577-C,L24-1158,,957,PO-451735,2024-12-17,"Z1.4 single, normal",J,1.0,II,80,0,,accept,2024-12-17 07:56:00,2024-12-18 02:37:00,E-0156,20260106T061500Z-QE24M
RI-24-02490,S-037,passivated parts,P-14811-C,L24-1163,,689,PO-498275,2024-12-18,"Z1.4 single, normal",J,1.0,II,80,1,staining,accept,2024-12-17 12:54:00,2024-12-17 21:49:00,E-0155,20260106T061500Z-QE24M
RI-24-02491,S-044,passivated parts,P-14719-A,L24-1139,,1374,PO-484307,2024-12-20,"Z1.4 single, normal",K,1.0,II,125,0,,accept,2024-12-17 07:18:00,2024-12-19 02:51:00,E-0156,20260106T061500Z-QE24M
RI-24-02492,S-048,anodized parts,P-11950-A,L24-1151,,893,PO-447016,2024-12-21,"Z1.4 single, normal",J,1.0,II,80,0,,accept,2024-12-17 11:49:00,2024-12-18 05:20:00,E-0156,20260106T061500Z-QE24M
RI-24-02493,S-005,bar,8620 bar 25.4 mm,,MC-00585,62,PO-493062,2024-12-18,"Z1.4 single, normal",E,1.0,II,13,0,,accept,2024-12-18 10:44:00,2024-12-19 17:17:00,E-0156,20260106T061500Z-QE24M
RI-24-02494,S-020,plated parts,P-14196-A,L24-1089,,1384,PO-441088,2024-12-21,"Z1.4 single, normal",K,1.0,II,125,1,staining,accept,2024-12-18 14:13:00,2024-12-18 16:40:00,E-0156,20260106T061500Z-QE24M
RI-24-02495,S-025,plated parts,P-16887-A,L24-1093,,764,PO-493854,2024-12-19,"Z1.4 single, normal",J,1.0,II,80,1,adhesion,accept,2024-12-18 07:04:00,2024-12-19 05:23:00,E-0155,20260106T061500Z-QE24M
RI-24-02496,S-025,plated parts,P-13229-B,L24-1122,,417,PO-425781,2024-12-20,"Z1.4 single, normal",H,1.0,II,50,0,,accept,2024-12-18 10:11:00,2024-12-20 08:49:00,E-0156,20260106T061500Z-QE24M
RI-24-02497,S-028,heat-treated parts,P-17934-A,L24-1154,,833,PO-419987,2024-12-22,"Z1.4 single, normal",J,1.0,II,80,0,,accept,2024-12-18 08:40:00,2024-12-19 13:02:00,E-0155,20260106T061500Z-QE24M
RI-24-02498,S-036,heat-treated parts,P-11413-A,L24-1169,,263,PO-468647,2024-12-20,"Z1.4 single, normal",G,1.0,II,50,0,,accept,2024-12-18 13:12:00,2024-12-18 20:39:00,E-0155,20260106T061500Z-QE24M
RI-24-02499,S-037,passivated parts,P-12701-A,L24-1132,,992,PO-448462,2024-12-19,"Z1.4 single, normal",J,1.0,II,80,0,,accept,2024-12-18 10:57:00,2024-12-18 20:25:00,E-0155,20260106T061500Z-QE24M
RI-24-02500,S-050,anodized parts,P-17220-A,L24-1164,,818,PO-400662,2024-12-21,"Z1.4 single, normal",J,1.0,II,80,0,,accept,2024-12-18 13:18:00,2024-12-19 19:00:00,E-0155,20260106T061500Z-QE24M
RI-24-02501,S-055,casting,P-10729-A,,,700,PO-432187,2024-12-22,"Z1.4 single, normal",J,1.0,II,80,1,flash,accept,2024-12-18 09:25:00,2024-12-18 22:09:00,E-0156,20260106T061500Z-QE24M
RI-24-02502,S-003,bar,4140 bar 44.45 mm,,MC-00586,53,PO-496623,2024-12-21,"Z1.4 single, normal",E,1.0,II,13,0,,accept,2024-12-19 11:18:00,2024-12-19 18:10:00,E-0155,20260106T061500Z-QE24M
RI-24-02503,S-003,bar,4140 bar 63.5 mm,,MC-00587,64,PO-485105,2024-12-20,"Z1.4 single, normal",E,1.0,II,6,0,,accept,2024-12-19 07:51:00,2024-12-20 02:39:00,E-0155,20260106T061500Z-QE24M
RI-24-02504,S-018,plated parts,P-14103-B,L24-1159,,2277,PO-416194,2024-12-23,"Z1.4 single, normal",K,1.0,II,125,0,,accept,2024-12-19 13:46:00,2024-12-21 00:26:00,E-0156,20260106T061500Z-QE24M
RI-24-02505,S-026,plated parts,P-12878-C,L24-1143,,742,PO-471544,2024-12-12,"Z1.4 single, normal",J,1.0,II,80,2,staining,accept,2024-12-19 09:58:00,2024-12-21 00:01:00,E-0156,20260106T061500Z-QE24M
RI-24-02506,S-033,heat-treated parts,P-13357-A,L24-1157,,1192,PO-451982,2024-12-21,"Z1.4 single, normal",J,1.0,II,80,0,,accept,2024-12-19 07:31:00,2024-12-19 20:41:00,E-0156,20260106T061500Z-QE24M
RI-24-02507,S-033,heat-treated parts,P-14175-A,L24-1166,,704,PO-408295,2024-12-19,"Z1.4 single, normal",J,1.0,II,80,0,,accept,2024-12-19 12:54:00,2024-12-20 21:52:00,E-0155,20260106T061500Z-QE24M
RI-24-02508,S-051,casting,P-11494-C,,,270,PO-485539,2024-12-22,"Z1.4 single, normal",G,1.0,II,50,0,,accept,2024-12-19 14:00:00,2024-12-20 12:47:00,E-0156,20260106T061500Z-QE24M
RI-24-02509,S-058,purchased components,retaining rings,,,2800,PO-409951,2024-12-21,"Z1.4 single, normal",K,1.0,II,67,0,,accept,2024-12-19 14:07:00,2024-12-20 17:00:00,E-0155,20260106T061500Z-QE24M
RI-24-02510,S-025,plated parts,P-10989-A,L24-1118,,660,PO-421070,2024-12-24,"Z1.4 single, normal",J,1.0,II,80,0,,accept,2024-12-20 11:53:00,2024-12-21 07:35:00,E-0155,20260106T061500Z-QE24M
RI-24-02511,S-039,passivated parts,P-17795-A,L24-1111,,5183,PO-439373,2024-12-13,"Z1.4 single, normal",L,1.0,II,200,0,,accept,2024-12-20 10:27:00,2024-12-21 08:57:00,E-0156,20260106T061500Z-QE24M
RI-24-02512,S-051,casting,P-11625-A,,,330,PO-431089,2024-12-25,"Z1.4 single, normal",H,1.0,II,50,0,,accept,2024-12-22 07:04:00,2024-12-23 07:11:00,E-0156,20260106T061500Z-QE24M
RI-24-02513,S-002,bar,1045 bar 31.75 mm,,MC-00588,120,PO-466866,2024-12-23,"Z1.4 single, normal",F,1.0,II,13,0,,accept,2024-12-23 12:18:00,2024-12-24 19:56:00,E-0156,20260106T061500Z-QE24M
RI-24-02514,S-005,bar,8620 bar 19.05 mm,,MC-00590,79,PO-454529,2024-12-23,"Z1.4 single, normal",E,1.0,II,6,0,,accept,2024-12-23 09:40:00,2024-12-24 21:49:00,E-0155,20260106T061500Z-QE24M
RI-24-02515,S-005,bar,8620 bar 31.75 mm,,MC-00591,21,PO-433354,2024-12-26,"Z1.4 single, normal",C,1.0,II,6,0,,accept,2024-12-23 09:33:00,2024-12-25 07:12:00,E-0155,20260106T061500Z-QE24M
RI-24-02516,S-008,bar,304 bar 38.1 mm,,MC-00589,102,PO-494052,2024-12-27,"Z1.4 single, normal",F,1.0,II,13,0,,accept,2024-12-23 11:27:00,2024-12-25 08:21:00,E-0155,20260106T061500Z-QE24M
RI-24-02517,S-018,plated parts,P-12907-D,L24-1133,,604,PO-474836,2024-12-21,"Z1.4 single, normal",J,1.0,II,80,0,,accept,2024-12-23 11:57:00,2024-12-24 07:17:00,E-0155,20260106T061500Z-QE24M
RI-24-02518,S-020,plated parts,P-12868-D,L24-1184,,693,PO-439480,2024-12-25,"Z1.4 single, normal",J,1.0,II,80,0,,accept,2024-12-23 12:53:00,2024-12-23 14:49:00,E-0155,20260106T061500Z-QE24M
RI-24-02519,S-022,plated parts,P-18642-D,L24-1180,,526,PO-463593,2024-12-25,"Z1.4 single, normal",J,1.0,II,80,1,adhesion,accept,2024-12-23 07:03:00,2024-12-23 17:47:00,E-0155,20260106T061500Z-QE24M
RI-24-02520,S-025,plated parts,P-18413-C,L24-1128,,1592,PO-401457,2024-12-25,"Z1.4 single, normal",K,1.0,II,125,0,,accept,2024-12-23 12:36:00,2024-12-24 16:38:00,E-0156,20260106T061500Z-QE24M
RI-24-02521,S-026,plated parts,P-13248-A,L24-1160,,2401,PO-443120,2024-12-26,"Z1.4 single, normal",K,1.0,II,125,1,plating thickness,accept,2024-12-23 09:46:00,2024-12-24 08:26:00,E-0156,20260106T061500Z-QE24M
RI-24-02522,S-030,heat-treated parts,P-10212-A,L24-1178,,680,PO-439143,2024-12-23,"Z1.4 single, normal",J,1.0,II,80,0,,accept,2024-12-23 12:57:00,2024-12-25 07:04:00,E-0155,20260106T061500Z-QE24M
RI-24-02523,S-033,heat-treated parts,P-14108-A,L24-1175,,1721,PO-461218,2024-12-24,"Z1.4 single, normal",K,1.0,II,125,0,,accept,2024-12-23 09:35:00,2024-12-24 10:40:00,E-0156,20260106T061500Z-QE24M
RI-24-02524,S-034,heat-treated parts,P-18269-B,L24-1155,,918,PO-453127,2024-12-24,"Z1.4 single, normal",J,1.0,II,80,0,,accept,2024-12-23 12:41:00,2024-12-23 16:56:00,E-0155,20260106T061500Z-QE24M
RI-24-02525,S-036,heat-treated parts,P-13317-A,L24-1152,,1011,PO-491782,2024-12-26,"Z1.4 single, normal",J,1.0,II,80,1,distortion,accept,2024-12-23 14:42:00,2024-12-24 20:23:00,E-0155,20260106T061500Z-QE24M
RI-24-02526,S-036,heat-treated parts,P-14117-A,L24-1171,,1056,PO-475883,2024-12-13,"Z1.4 single, normal",J,1.0,II,80,0,,accept,2024-12-23 09:54:00,2024-12-24 20:42:00,E-0155,20260106T061500Z-QE24M
RI-24-02527,S-037,passivated parts,P-16596-C,L24-1161,,342,PO-429204,2024-12-23,"Z1.4 single, normal",H,1.0,II,50,0,,accept,2024-12-23 11:07:00,2024-12-25 01:35:00,E-0156,20260106T061500Z-QE24M
RI-24-02528,S-040,passivated parts,P-12223-A,L24-1162,,506,PO-407319,2024-12-27,"Z1.4 single, normal",J,1.0,II,32,1,staining,accept,2024-12-23 08:20:00,2024-12-25 06:31:00,E-0155,20260106T061500Z-QE24M
RI-24-02529,S-042,passivated parts,P-11803-A,L24-1156,,536,PO-457350,2024-12-26,"Z1.4 single, normal",J,1.0,II,80,0,,accept,2024-12-23 13:04:00,2024-12-24 21:24:00,E-0156,20260106T061500Z-QE24M
RI-24-02530,S-044,passivated parts,P-15977-A,L24-1168,,506,PO-475327,2024-12-27,"Z1.4 single, normal",J,1.0,II,80,0,,accept,2024-12-23 10:56:00,2024-12-23 17:33:00,E-0155,20260106T061500Z-QE24M
RI-24-02531,S-044,passivated parts,P-16180-A,L24-1183,,734,PO-430332,2024-12-26,"Z1.4 single, normal",J,1.0,II,80,0,,accept,2024-12-23 13:41:00,2024-12-25 07:28:00,E-0155,20260106T061500Z-QE24M
RI-24-02532,S-045,anodized parts,P-12004-A,L24-1172,,903,PO-445717,2024-12-27,"Z1.4 single, normal",J,1.0,II,80,0,,accept,2024-12-23 07:50:00,2024-12-25 05:49:00,E-0155,20260106T061500Z-QE24M
RI-24-02533,S-048,anodized parts,P-12016-A,L24-1144,,853,PO-408709,2024-12-26,"Z1.4 single, normal",J,1.0,II,80,1,color,accept,2024-12-23 10:45:00,2024-12-24 11:03:00,E-0156,20260106T061500Z-QE24M
RI-24-02534,S-051,casting,P-10574-A,,,510,PO-410310,2024-12-26,"Z1.4 single, normal",J,1.0,II,55,0,,accept,2024-12-23 13:48:00,2024-12-23 14:46:00,E-0156,20260106T061500Z-QE24M
RI-25-00001,S-002,bar,1045 bar 38.1 mm,,MC-00592,24,PO-498811,2025-01-02,"Z1.4 single, normal",C,1.0,II,13,1,straightness,accept,2025-01-02 07:46:00,2025-01-02 14:23:00,E-0156,20260106T061500Z-QE24M
RI-25-00002,S-002,bar,1045 bar 38.1 mm,,MC-00595,74,PO-453139,2025-01-02,"Z1.4 single, normal",E,1.0,II,13,0,,accept,2025-01-02 09:33:00,2025-01-02 17:32:00,E-0156,20260106T061500Z-QE24M
RI-25-00003,S-002,bar,1045 bar 31.75 mm,,MC-00599,46,PO-496553,2024-12-25,"Z1.4 single, normal",D,1.0,II,13,0,,accept,2025-01-02 08:14:00,2025-01-03 15:08:00,E-0156,20260106T061500Z-QE24M
RI-25-00004,S-002,bar,1045 bar 38.1 mm,,MC-00600,35,PO-419664,2025-01-05,"Z1.4 single, normal",D,1.0,II,13,0,,accept,2025-01-02 09:08:00,2025-01-02 23:12:00,E-0155,20260106T061500Z-QE24M
RI-25-00005,S-003,bar,4140 bar 63.5 mm,,MC-00593,48,PO-435233,2025-01-06,"Z1.4 single, normal",D,1.0,II,13,0,,accept,2025-01-02 08:24:00,2025-01-02 14:10:00,E-0156,20260106T061500Z-QE24M
RI-25-00006,S-004,bar,4140 bar 63.5 mm,,MC-00598,22,PO-449586,2025-01-02,"Z1.4 single, normal",C,1.0,II,13,0,,accept,2025-01-02 12:25:00,2025-01-02 17:58:00,E-0155,20260106T061500Z-QE24M
RI-25-00007,S-004,bar,4140 bar 63.5 mm,,MC-00602,114,PO-432025,2025-01-05,"Z1.4 single, normal",F,1.0,II,13,0,,accept,2025-01-02 14:57:00,2025-01-03 13:18:00,E-0155,20260106T061500Z-QE24M
RI-25-00008,S-005,bar,8620 bar 25.4 mm,,MC-00604,85,PO-496945,2025-01-06,"Z1.4 single, normal",E,1.0,II,13,0,,accept,2025-01-02 07:04:00,2025-01-03 01:32:00,E-0156,20260106T061500Z-QE24M
RI-25-00009,S-005,bar,8620 bar 19.05 mm,,MC-00608,90,PO-430281,2025-01-02,"Z1.4 single, normal",E,1.0,II,13,0,,accept,2025-01-02 09:56:00,2025-01-02 20:42:00,E-0156,20260106T061500Z-QE24M
RI-25-00010,S-006,bar,303 bar 38.1 mm,,MC-00606,32,PO-498391,2025-01-04,"Z1.4 single, normal",D,1.0,II,13,0,,accept,2025-01-02 11:24:00,2025-01-02 16:08:00,E-0156,20260106T061500Z-QE24M
RI-25-00011,S-007,bar,303 bar 50.8 mm,,MC-00596,112,PO-423741,2025-01-03,"Z1.4 single, normal",F,1.0,II,13,0,,accept,2025-01-02 07:21:00,2025-01-03 00:08:00,E-0155,20260106T061500Z-QE24M
RI-25-00012,S-008,bar,304 bar 31.75 mm,,MC-00601,54,PO-426973,2025-01-03,"Z1.4 single, normal",E,1.0,II,7,0,,accept,2025-01-02 07:25:00,2025-01-03 08:50:00,E-0155,20260106T061500Z-QE24M
RI-25-00013,S-008,bar,304 bar 38.1 mm,,MC-00607,75,PO-489009,2025-01-04,"Z1.4 single, normal",E,1.0,II,13,0,,accept,2025-01-02 13:02:00,2025-01-03 12:01:00,E-0155,20260106T061500Z-QE24M
RI-25-00014,S-010,bar,316 bar 25.4 mm,,MC-00597,25,PO-452193,2025-01-02,"Z1.4 single, normal",C,1.0,II,13,0,,accept,2025-01-02 12:05:00,2025-01-03 10:54:00,E-0155,20260106T061500Z-QE24M
RI-25-00015,S-011,bar,17-4 bar 25.4 mm,,MC-00605,62,PO-444043,2025-01-02,"Z1.4 single, normal",E,1.0,II,8,0,,accept,2025-01-02 14:38:00,2025-01-03 23:25:00,E-0156,20260106T061500Z-QE24M
RI-25-00016,S-012,bar,6061 bar 38.1 mm,,MC-00594,79,PO-418541,2025-01-03,"Z1.4 single, normal",E,1.0,II,13,0,,accept,2025-01-02 11:33:00,2025-01-03 14:27:00,E-0155,20260106T061500Z-QE24M
RI-25-00017,S-013,bar,7075 bar 25.4 mm,,MC-00603,110,PO-402308,2025-01-05,"Z1.4 single, normal",F,1.0,II,13,0,,accept,2025-01-02 09:34:00,2025-01-04 03:31:00,E-0155,20260106T061500Z-QE24M
RI-25-00018,S-014,bar,Ti-6Al-4V bar 38.1 mm,,MC-00609,83,PO-448262,2025-01-03,"Z1.4 single, normal",E,1.0,II,10,0,,accept,2025-01-02 12:29:00,2025-01-03 16:58:00,E-0155,20260106T061500Z-QE24M
RI-25-00019,S-014,bar,Ti-6Al-4V bar 50.8 mm,,MC-00610,57,PO-475184,2025-01-05,"Z1.4 single, normal",E,1.0,II,13,0,,accept,2025-01-02 09:51:00,2025-01-03 01:30:00,E-0155,20260106T061500Z-QE24M
RI-25-00020,S-017,plated parts,P-13357-A,L24-1157,,1192,PO-417032,2025-01-05,"Z1.4 single, normal",J,1.0,II,80,0,,accept,2025-01-02 14:14:00,2025-01-02 15:49:00,E-0156,20260106T061500Z-QE24M
RI-25-00021,S-017,plated parts,P-14928-A,L24-1170,,1379,PO-458856,2025-01-06,"Z1.4 single, normal",K,1.0,II,125,2,adhesion,accept,2025-01-02 07:45:00,2025-01-02 08:36:00,E-0156,20260106T061500Z-QE24M
RI-25-00022,S-020,plated parts,P-11406-C,L24-1121,,1915,PO-490000,2025-01-03,"Z1.4 single, normal",K,1.0,II,125,3,plating thickness,accept,2025-01-02 12:38:00,2025-01-02 21:45:00,E-0156,20260106T061500Z-QE24M
RI-25-00023,S-020,plated parts,P-16900-D,L24-1131,,2063,PO-465296,2025-01-04,"Z1.4 single, normal",K,1.0,II,125,0,,accept,2025-01-02 09:47:00,2025-01-03 12:31:00,E-0155,20260106T061500Z-QE24M
RI-25-00024,S-020,plated parts,P-12828-B,L24-1148,,1418,PO-424226,2025-01-03,"Z1.4 single, normal",K,1.0,II,125,0,,accept,2025-01-02 12:56:00,2025-01-03 14:23:00,E-0155,20260106T061500Z-QE24M
RI-25-00025,S-021,plated parts,P-11413-A,L24-1169,,263,PO-491042,2025-01-06,"Z1.4 single, normal",G,1.0,II,50,1,staining,accept,2025-01-02 11:29:00,2025-01-03 06:00:00,E-0156,20260106T061500Z-QE24M
RI-25-00026,S-022,plated parts,P-15234-A,L24-1146,,670,PO-415796,2025-01-05,"Z1.4 single, normal",J,1.0,II,62,0,,accept,2025-01-02 12:03:00,2025-01-04 08:15:00,E-0155,20260106T061500Z-QE24M
RI-25-00027,S-022,plated parts,P-14168-B,L24-1167,,947,PO-442419,2025-01-03,"Z1.4 single, normal",J,1.0,II,80,1,blisters,accept,2025-01-02 12:59:00,2025-01-03 00:45:00,E-0156,20260106T061500Z-QE24M
RI-25-00028,S-026,plated parts,P-18115-C,L24-1129,,1076,PO-421085,2025-01-06,"Z1.4 single, normal",J,1.0,II,80,1,staining,accept,2025-01-02 07:36:00,2025-01-03 22:50:00,E-0156,20260106T061500Z-QE24M
RI-25-00029,S-026,plated parts,P-14175-A,L24-1166,,704,PO-487705,2025-01-03,"Z1.4 single, normal",J,1.0,II,80,0,,accept,2025-01-02 09:44:00,2025-01-02 16:04:00,E-0156,20260106T061500Z-QE24M
RI-25-00030,S-031,heat-treated parts,P-16831-C,L24-1196,,506,PO-416602,2025-01-03,"Z1.4 single, normal",J,1.0,II,80,0,,accept,2025-01-02 13:26:00,2025-01-04 04:23:00,E-0155,20260106T061500Z-QE24M
RI-25-00031,S-033,heat-treated parts,P-15057-A,L24-1176,,1488,PO-414544,2025-01-04,"Z1.4 single, normal",K,1.0,II,125,0,,accept,2025-01-02 11:35:00,2025-01-02 21:54:00,E-0155,20260106T061500Z-QE24M
RI-25-00032,S-033,heat-treated parts,P-14140-A,L24-1177,,868,PO-483086,2025-01-04,"Z1.4 single, normal",J,1.0,II,80,0,,accept,2025-01-02 11:03:00,2025-01-03 06:52:00,E-0155,20260106T061500Z-QE24M
RI-25-00033,S-033,heat-treated parts,P-14952-A,L24-1192,,1389,PO-428523,2025-01-06,"Z1.4 single, normal",K,1.0,II,76,0,,accept,2025-01-02 11:11:00,2025-01-03 05:28:00,E-0155,20260106T061500Z-QE24M
RI-25-00034,S-033,heat-treated parts,P-14989-D,L24-1194,,1245,PO-401193,2025-01-02,"Z1.4 single, normal",K,1.0,II,125,1,distortion,accept,2025-01-02 14:58:00,2025-01-03 18:16:00,E-0155,20260106T061500Z-QE24M
RI-25-00035,S-036,heat-treated parts,P-18710-A,L24-1174,,1369,PO-490927,2025-01-04,"Z1.4 single, normal",K,1.0,II,125,0,,accept,2025-01-02 14:18:00,2025-01-03 13:46:00,E-0156,20260106T061500Z-QE24M
RI-25-00036,S-036,heat-treated parts,P-13380-B,L24-1188,,897,PO-451908,2025-01-05,"Z1.4 single, normal",J,1.0,II,37,0,,accept,2025-01-02 12:30:00,2025-01-04 02:50:00,E-0156,20260106T061500Z-QE24M
RI-25-00037,S-038,passivated parts,P-19165-D,L24-1195,,615,PO-404802,2025-01-03,"Z1.4 single, normal",J,1.0,II,80,2,free iron,accept,2025-01-02 12:07:00,2025-01-04 09:08:00,E-0155,20260106T061500Z-QE24M
RI-25-00038,S-039,passivated parts,P-16645-A,L24-1165,,848,PO-439474,2025-01-06,"Z1.4 single, normal",J,1.0,II,57,0,,accept,2025-01-02 10:02:00,2025-01-04 04:46:00,E-0155,20260106T061500Z-QE24M
RI-25-00039,S-039,passivated parts,P-11347-A,L24-1187,,1146,PO-481307,2024-12-31,"Z1.4 single, normal",J,1.0,II,80,0,,accept,2025-01-02 14:51:00,2025-01-04 05:51:00,E-0156,20260106T061500Z-QE24M
RI-25-00040,S-039,passivated parts,P-15489-A,L24-1191,,1255,PO-471894,2025-01-02,"Z1.4 single, normal",K,1.0,II,125,2,free iron,accept,2025-01-02 11:44:00,2025-01-03 23:43:00,E-0156,20260106T061500Z-QE24M
RI-25-00041,S-040,passivated parts,P-17764-A,L24-1134,,764,PO-479681,2025-01-03,"Z1.4 single, normal",J,1.0,II,80,0,,accept,2025-01-02 10:51:00,2025-01-03 17:37:00,E-0155,20260106T061500Z-QE24M
RI-25-00042,S-040,passivated parts,P-15986-A,L24-1182,,1037,PO-476521,2024-12-24,"Z1.4 single, normal",J,1.0,II,80,2,free iron,accept,2025-01-02 07:09:00,2025-01-04 07:03:00,E-0156,20260106T061500Z-QE24M
RI-25-00043,S-040,passivated parts,P-11163-D,L24-1189,,2182,PO-410829,2025-01-03,"Z1.4 single, normal",K,1.0,II,56,0,,accept,2025-01-02 09:32:00,2025-01-04 03:50:00,E-0156,20260106T061500Z-QE24M
RI-25-00044,S-042,passivated parts,P-15642-A,L24-1179,,625,PO-468752,2025-01-02,"Z1.4 single, normal",J,1.0,II,80,0,,accept,2025-01-02 11:25:00,2025-01-04 05:00:00,E-0155,20260106T061500Z-QE24M
RI-25-00045,S-042,passivated parts,P-11329-A,L24-1193,,1042,PO-423813,2025-01-06,"Z1.4 single, normal",J,1.0,II,80,0,,accept,2025-01-02 11:40:00,2025-01-02 22:28:00,E-0155,20260106T061500Z-QE24M
RI-25-00046,S-043,passivated parts,P-11745-D,L24-1173,,1548,PO-403703,2025-01-03,"Z1.4 single, normal",K,1.0,II,125,0,,accept,2025-01-02 11:59:00,2025-01-03 21:05:00,E-0156,20260106T061500Z-QE24M
RI-25-00047,S-043,passivated parts,P-14795-A,L24-1190,,1791,PO-460414,2025-01-04,"Z1.4 single, normal",K,1.0,II,125,1,free iron,accept,2025-01-02 08:52:00,2025-01-03 10:01:00,E-0155,20260106T061500Z-QE24M
RI-25-00048,S-044,passivated parts,P-17934-A,L24-1154,,833,PO-402308,2024-12-23,"Z1.4 single, normal",J,1.0,II,39,0,,accept,2025-01-02 07:55:00,2025-01-03 07:33:00,E-0156,20260106T061500Z-QE24M
RI-25-00049,S-046,anodized parts,P-17178-A,L24-1185,,962,PO-445315,2025-01-04,"Z1.4 single, normal",J,1.0,II,80,0,,accept,2025-01-02 07:02:00,2025-01-03 14:50:00,E-0155,20260106T061500Z-QE24M
RI-25-00050,S-048,anodized parts,P-13863-B,L24-1147,,1265,PO-479496,2025-01-06,"Z1.4 single, normal",K,1.0,II,125,0,,accept,2025-01-02 11:08:00,2025-01-03 14:15:00,E-0155,20260106T061500Z-QE24M
RI-25-00051,S-051,casting,P-10599-C,,,340,PO-497438,2025-01-02,"Z1.4 single, normal",H,1.0,II,50,0,,accept,2025-01-02 12:28:00,2025-01-03 08:44:00,E-0156,20260106T061500Z-QE24M
RI-25-00052,S-051,casting,P-10749-A,,,480,PO-442460,2025-01-05,"Z1.4 single, normal",H,1.0,II,50,0,,accept,2025-01-02 09:58:00,2025-01-04 01:44:00,E-0155,20260106T061500Z-QE24M
RI-25-00053,S-051,casting,P-11598-C,,,260,PO-456320,2025-01-02,"Z1.4 single, normal",G,1.0,II,50,0,,accept,2025-01-02 07:48:00,2025-01-03 17:48:00,E-0156,20260106T061500Z-QE24M
RI-25-00054,S-051,casting,P-11681-A,,,1150,PO-402041,2025-01-06,"Z1.4 single, normal",J,1.0,II,80,0,,accept,2025-01-02 14:01:00,2025-01-03 17:32:00,E-0155,20260106T061500Z-QE24M
RI-25-00055,S-051,casting,P-16665-D,,,370,PO-499666,2025-01-04,"Z1.4 single, normal",H,1.0,II,50,0,,accept,2025-01-02 11:18:00,2025-01-03 05:51:00,E-0156,20260106T061500Z-QE24M
RI-25-00056,S-051,casting,P-16721-B,,,330,PO-498792,2025-01-02,"Z1.4 single, normal",H,1.0,II,50,0,,accept,2025-01-02 07:34:00,2025-01-03 09:13:00,E-0155,20260106T061500Z-QE24M
RI-25-00057,S-053,casting,P-10941-C,,,1000,PO-490750,2025-01-02,"Z1.4 single, normal",J,1.0,II,80,1,porosity,accept,2025-01-02 13:57:00,2025-01-04 12:37:00,E-0156,20260106T061500Z-QE24M
RI-25-00058,S-053,casting,P-17087-A,,,400,PO-496235,2025-01-05,"Z1.4 single, normal",H,1.0,II,50,1,porosity,accept,2025-01-02 08:12:00,2025-01-03 01:16:00,E-0156,20260106T061500Z-QE24M
RI-25-00059,S-055,casting,P-10845-A,,,370,PO-494782,2025-01-02,"Z1.4 single, normal",H,1.0,II,50,0,,accept,2025-01-02 08:42:00,2025-01-03 07:21:00,E-0155,20260106T061500Z-QE24M
RI-25-00060,S-057,purchased components,threaded inserts,,,2900,PO-486872,2025-01-03,"Z1.4 single, normal",K,1.0,II,125,0,,accept,2025-01-02 12:52:00,2025-01-02 15:39:00,E-0156,20260106T061500Z-QE24M
RI-25-00061,S-058,purchased components,retaining rings,,,3050,PO-412545,2024-12-23,"Z1.4 single, normal",K,1.0,II,125,0,,accept,2025-01-02 11:10:00,2025-01-03 14:26:00,E-0155,20260106T061500Z-QE24M
RI-25-00062,S-005,bar,8620 bar 19.05 mm,,MC-00612,102,PO-409475,2025-01-07,"Z1.4 single, normal",F,1.0,II,13,0,,accept,2025-01-03 13:16:00,2025-01-03 17:11:00,E-0156,20260106T061500Z-QE24M
RI-25-00063,S-006,bar,303 bar 19.05 mm,,MC-00611,101,PO-441370,2025-01-05,"Z1.4 single, normal",F,1.0,II,13,0,,accept,2025-01-03 14:46:00,2025-01-05 13:51:00,E-0156,20260106T061500Z-QE24M
RI-25-00064,S-051,casting,P-16616-D,,,350,PO-420150,2025-01-05,"Z1.4 single, normal",H,1.0,II,50,0,,accept,2025-01-04 11:07:00,2025-01-05 22:58:00,E-0155,20260106T061500Z-QE24M
RI-25-00065,S-051,casting,P-15949-A,,,480,PO-429682,2025-01-09,"Z1.4 single, normal",H,1.0,II,50,4,dimension,reject,2025-01-05 13:56:00,2025-01-07 01:43:00,E-0155,20260106T061500Z-QE24M
RI-25-00066,S-002,bar,1045 bar 38.1 mm,,MC-00613,42,PO-422211,2025-01-05,"Z1.4 single, normal",D,1.0,II,13,0,,accept,2025-01-06 10:18:00,2025-01-08 01:56:00,E-0155,20260106T061500Z-QE24M
RI-25-00067,S-006,bar,303 bar 19.05 mm,,MC-00614,69,PO-488868,2025-01-08,"Z1.4 single, normal",E,1.0,II,13,0,,accept,2025-01-06 14:18:00,2025-01-07 22:56:00,E-0156,20260106T061500Z-QE24M
RI-25-00068,S-012,bar,6061 bar 19.05 mm,,MC-00615,26,PO-438706,2025-01-09,"Z1.4 single, normal",D,1.0,II,13,0,,accept,2025-01-06 13:27:00,2025-01-06 17:39:00,E-0155,20260106T061500Z-QE24M
RI-25-00069,S-012,bar,6061 bar 50.8 mm,,MC-00616,45,PO-496420,2025-01-09,"Z1.4 single, normal",D,1.0,II,13,0,,accept,2025-01-06 11:50:00,2025-01-08 01:41:00,E-0155,20260106T061500Z-QE24M
RI-25-00070,S-013,bar,7075 bar 50.8 mm,,MC-00617,49,PO-490628,2025-01-09,"Z1.4 single, normal",D,1.0,II,13,0,,accept,2025-01-06 08:53:00,2025-01-07 11:03:00,E-0156,20260106T061500Z-QE24M
RI-25-00071,S-007,bar,303 bar 19.05 mm,,MC-00618,36,PO-491591,2025-01-09,"Z1.4 single, normal",D,1.0,II,13,0,,accept,2025-01-07 12:22:00,2025-01-08 14:37:00,E-0155,20260106T061500Z-QE24M
RI-25-00072,S-008,bar,304 bar 25.4 mm,,MC-00619,78,PO-485212,2025-01-10,"Z1.4 single, normal",E,1.0,II,13,0,,accept,2025-01-07 12:37:00,2025-01-09 12:24:00,E-0156,20260106T061500Z-QE24M
RI-25-00073,S-010,bar,316 bar 25.4 mm,,MC-00620,49,PO-412387,2025-01-11,"Z1.4 single, normal",D,1.0,II,13,0,,accept,2025-01-07 14:33:00,2025-01-07 19:56:00,E-0156,20260106T061500Z-QE24M
RI-25-00074,S-012,bar,6061 bar 19.05 mm,,MC-00621,82,PO-401375,2025-01-07,"Z1.4 single, normal",E,1.0,II,13,0,,accept,2025-01-07 09:45:00,2025-01-08 05:10:00,E-0156,20260106T061500Z-QE24M
RI-25-00075,S-002,bar,1045 bar 38.1 mm,,MC-00622,73,PO-478855,2025-01-01,"Z1.4 single, normal",E,1.0,II,13,0,,accept,2025-01-08 13:49:00,2025-01-09 10:31:00,E-0155,20260106T061500Z-QE24M
RI-25-00076,S-004,bar,4140 bar 38.1 mm,,MC-00624,103,PO-476197,2025-01-09,"Z1.4 single, normal",F,1.0,II,13,0,,accept,2025-01-08 10:10:00,2025-01-09 16:14:00,E-0155,20260106T061500Z-QE24M
RI-25-00077,S-010,bar,316 bar 25.4 mm,,MC-00623,57,PO-461699,2025-01-12,"Z1.4 single, normal",E,1.0,II,13,0,,accept,2025-01-08 08:00:00,2025-01-08 21:09:00,E-0156,20260106T061500Z-QE24M
RI-25-00078,S-017,plated parts,P-14989-D,L24-1194,,1245,PO-435834,2025-01-10,"Z1.4 single, normal",K,1.0,II,125,0,,accept,2025-01-08 08:21:00,2025-01-09 02:51:00,E-0156,20260106T061500Z-QE24M
RI-25-00079,S-023,plated parts,P-10212-A,L24-1178,,680,PO-400581,2025-01-12,"Z1.4 single, normal",J,1.0,II,80,1,staining,accept,2025-01-08 09:20:00,2025-01-09 20:17:00,E-0155,20260106T061500Z-QE24M
RI-25-00080,S-051,casting,P-10599-C,,,480,PO-436665,2025-01-05,"Z1.4 single, normal",H,1.0,II,50,0,,accept,2025-01-08 11:02:00,2025-01-08 13:24:00,E-0155,20260106T061500Z-QE24M
RI-25-00081,S-004,bar,4140 bar 25.4 mm,,MC-00628,78,PO-476540,2025-01-12,"Z1.4 single, normal",E,1.0,II,13,0,,accept,2025-01-09 08:33:00,2025-01-10 07:46:00,E-0156,20260106T061500Z-QE24M
RI-25-00082,S-004,bar,4140 bar 38.1 mm,,MC-00629,60,PO-407773,2025-01-09,"Z1.4 single, normal",E,1.0,II,13,0,,accept,2025-01-09 11:47:00,2025-01-11 06:40:00,E-0156,20260106T061500Z-QE24M
RI-25-00083,S-005,bar,8620 bar 31.75 mm,,MC-00630,56,PO-461272,2025-01-10,"Z1.4 single, normal",E,1.0,II,13,0,,accept,2025-01-09 10:25:00,2025-01-09 21:35:00,E-0156,20260106T061500Z-QE24M
RI-25-00084,S-008,bar,304 bar 25.4 mm,,MC-00626,100,PO-432066,2025-01-11,"Z1.4 single, normal",F,1.0,II,5,0,,accept,2025-01-09 12:43:00,2025-01-11 02:38:00,E-0155,20260106T061500Z-QE24M
RI-25-00085,S-008,bar,304 bar 31.75 mm,,MC-00627,46,PO-445769,2025-01-13,"Z1.4 single, normal",D,1.0,II,13,0,,accept,2025-01-09 10:24:00,2025-01-10 04:29:00,E-0156,20260106T061500Z-QE24M
RI-25-00086,S-011,bar,17-4 bar 38.1 mm,,MC-00625,72,PO-454757,2025-01-12,"Z1.4 single, normal",E,1.0,II,13,0,,accept,2025-01-09 08:11:00,2025-01-11 01:40:00,E-0155,20260106T061500Z-QE24M
RI-25-00087,S-017,plated parts,P-13380-B,L24-1188,,897,PO-452331,2025-01-12,"Z1.4 single, normal",J,1.0,II,80,0,,accept,2025-01-09 11:59:00,2025-01-09 22:42:00,E-0155,20260106T061500Z-QE24M
RI-25-00088,S-017,plated parts,P-14952-A,L24-1192,,1389,PO-426846,2025-01-12,"Z1.4 single, normal",K,1.0,II,125,4,plating thickness,accept,2025-01-09 14:05:00,2025-01-11 03:43:00,E-0156,20260106T061500Z-QE24M
RI-25-00089,S-033,heat-treated parts,P-13369-A,L24-1197,,858,PO-446934,2025-01-10,"Z1.4 single, normal",J,1.0,II,80,0,,accept,2025-01-09 14:30:00,2025-01-11 11:04:00,E-0156,20260106T061500Z-QE24M
RI-25-00090,S-038,passivated parts,P-16335-A,L25-0002,,308,PO-489725,2025-01-11,"Z1.4 single, normal",H,1.0,II,50,0,,accept,2025-01-09 13:47:00,2025-01-10 14:17:00,E-0155,20260106T061500Z-QE24M
RI-25-00091,S-051,casting,P-10941-C,,,260,PO-423173,2025-01-09,"Z1.4 single, normal",G,1.0,II,50,2,flash,accept,2025-01-09 07:12:00,2025-01-09 10:07:00,E-0155,20260106T061500Z-QE24M
RI-25-00092,S-005,bar,8620 bar 19.05 mm,,MC-00633,105,PO-447999,2025-01-13,"Z1.4 single, normal",F,1.0,II,13,1,straightness,reject,2025-01-10 07:31:00,2025-01-11 11:27:00,E-0156,20260106T061500Z-QE24M
RI-25-00093,S-007,bar,303 bar 50.8 mm,,MC-00631,56,PO-423212,2025-01-12,"Z1.4 single, normal",E,1.0,II,13,1,diameter,reject,2025-01-10 14:32:00,2025-01-12 01:51:00,E-0155,20260106T061500Z-QE24M
RI-25-00094,S-008,bar,304 bar 25.4 mm,,MC-00632,26,PO-460038,2025-01-13,"Z1.4 single, normal",D,1.0,II,13,0,,accept,2025-01-10 10:06:00,2025-01-12 09:56:00,E-0155,20260106T061500Z-QE24M
RI-25-00095,S-016,plated parts,P-16831-C,L24-1196,,506,PO-418624,2025-01-12,"Z1.4 single, normal",J,1.0,II,80,2,plating thickness,accept,2025-01-10 09:46:00,2025-01-11 06:09:00,E-0155,20260106T061500Z-QE24M
RI-25-00096,S-048,anodized parts,P-11909-A,L24-1181,,1944,PO-471702,2025-01-11,"Z1.4 single, normal",K,1.0,II,125,0,,accept,2025-01-10 08:11:00,2025-01-10 11:31:00,E-0156,20260106T061500Z-QE24M
RI-25-00097,S-051,casting,P-11923-A,,,540,PO-485985,2025-01-13,"Z1.4 single, normal",J,1.0,II,80,1,porosity,accept,2025-01-10 14:56:00,2025-01-12 06:29:00,E-0156,20260106T061500Z-QE24M
RI-25-00098,S-051,casting,P-17158-A,,,720,PO-467690,2025-01-11,"Z1.4 single, normal",J,1.0,II,80,3,dimension,accept,2025-01-11 14:43:00,2025-01-12 03:17:00,E-0155,20260106T061500Z-QE24M
RI-25-00099,S-055,casting,P-16034-D,,,380,PO-402701,2025-01-16,"Z1.4 single, normal",H,1.0,II,50,0,,accept,2025-01-12 08:45:00,2025-01-12 15:45:00,E-0155,20260106T061500Z-QE24M
RI-25-00100,S-003,bar,4140 bar 25.4 mm,,MC-00637,85,PO-407721,2025-01-15,"Z1.4 single, normal",E,1.0,II,13,0,,accept,2025-01-13 14:48:00,2025-01-14 04:58:00,E-0155,20260106T061500Z-QE24M
RI-25-00101,S-006,bar,303 bar 38.1 mm,,MC-00635,114,PO-419161,2025-01-16,"Z1.4 single, normal",F,1.0,II,13,0,,accept,2025-01-13 10:04:00,2025-01-13 23:26:00,E-0156,20260106T061500Z-QE24M
RI-25-00102,S-010,bar,316 bar 31.75 mm,,MC-00636,68,PO-488818,2025-01-17,"Z1.4 single, normal",E,1.0,II,13,0,,accept,2025-01-13 07:08:00,2025-01-13 12:49:00,E-0156,20260106T061500Z-QE24M
RI-25-00103,S-011,bar,17-4 bar 25.4 mm,,MC-00634,68,PO-419391,2025-01-15,"Z1.4 single, normal",E,1.0,II,13,0,,accept,2025-01-13 12:31:00,2025-01-15 03:16:00,E-0155,20260106T061500Z-QE24M
RI-25-00104,S-012,bar,6061 bar 38.1 mm,,MC-00638,98,PO-424308,2025-01-15,"Z1.4 single, normal",F,1.0,II,13,0,,accept,2025-01-13 13:20:00,2025-01-15 12:29:00,E-0155,20260106T061500Z-QE24M
RI-25-00105,S-017,plated parts,P-13317-A,L24-1152,,1011,PO-475261,2025-01-16,"Z1.4 single, normal",J,1.0,II,80,1,adhesion,accept,2025-01-13 10:52:00,2025-01-15 03:56:00,E-0155,20260106T061500Z-QE24M
RI-25-00106,S-018,plated parts,P-15057-A,L24-1176,,1488,PO-470061,2025-01-13,"Z1.4 single, normal",K,1.0,II,125,0,,accept,2025-01-13 13:08:00,2025-01-14 12:27:00,E-0155,20260106T061500Z-QE24M
RI-25-00107,S-018,plated parts,P-10567-A,L25-0001,,422,PO-444308,2025-01-16,"Z1.4 single, normal",H,1.0,II,38,0,,accept,2025-01-13 09:45:00,2025-01-13 13:14:00,E-0156,20260106T061500Z-QE24M
RI-25-00108,S-023,plated parts,P-14108-A,L24-1175,,1721,PO-412303,2025-01-14,"Z1.4 single, normal",K,1.0,II,125,0,,accept,2025-01-13 08:29:00,2025-01-14 19:43:00,E-0156,20260106T061500Z-QE24M
RI-25-00109,S-024,plated parts,P-18710-A,L24-1174,,1369,PO-448780,2025-01-13,"Z1.4 single, normal",K,1.0,II,125,0,,accept,2025-01-13 11:03:00,2025-01-14 08:55:00,E-0156,20260106T061500Z-QE24M
RI-25-00110,S-026,plated parts,P-18269-B,L24-1155,,918,PO-490116,2025-01-13,"Z1.4 single, normal",J,1.0,II,80,0,,accept,2025-01-13 14:11:00,2025-01-15 05:20:00,E-0155,20260106T061500Z-QE24M
RI-25-00111,S-033,heat-treated parts,P-13458-B,L24-1213,,905,PO-450964,2025-01-13,"Z1.4 single, normal",J,1.0,II,80,0,,accept,2025-01-13 10:03:00,2025-01-14 21:11:00,E-0156,20260106T061500Z-QE24M
RI-25-00112,S-034,heat-treated parts,P-18420-D,L24-1201,,967,PO-475147,2025-01-13,"Z1.4 single, normal",J,1.0,II,80,2,hardness low,accept,2025-01-13 07:24:00,2025-01-14 08:29:00,E-0156,20260106T061500Z-QE24M
RI-25-00113,S-039,passivated parts,P-16499-A,L24-1214,,1230,PO-412269,2025-01-14,"Z1.4 single, normal",K,1.0,II,125,0,,accept,2025-01-13 08:07:00,2025-01-13 20:13:00,E-0155,20260106T061500Z-QE24M
RI-25-00114,S-040,passivated parts,P-15419-B,L24-1198,,1309,PO-424442,2025-01-15,"Z1.4 single, normal",K,1.0,II,125,1,staining,accept,2025-01-13 09:31:00,2025-01-14 23:26:00,E-0155,20260106T061500Z-QE24M
RI-25-00115,S-040,passivated parts,P-17732-C,L24-1209,,1205,PO-409691,2025-01-16,"Z1.4 single, normal",K,1.0,II,125,1,staining,accept,2025-01-13 08:00:00,2025-01-14 14:13:00,E-0156,20260106T061500Z-QE24M
RI-25-00116,S-043,passivated parts,P-17474-C,L25-0003,,640,PO-426866,2025-01-17,"Z1.4 single, normal",J,1.0,II,80,1,free iron,accept,2025-01-13 11:03:00,2025-01-13 17:18:00,E-0156,20260106T061500Z-QE24M
RI-25-00117,S-045,anodized parts,P-12023-C,L24-1150,,2931,PO-493727,2025-01-17,"Z1.4 single, normal",K,1.0,II,125,2,coating thickness,accept,2025-01-13 11:30:00,2025-01-15 00:57:00,E-0156,20260106T061500Z-QE24M
RI-25-00118,S-001,bar,1018 bar 25.4 mm,,MC-00639,80,PO-412773,2025-01-13,"Z1.4 single, normal",E,1.0,II,13,0,,accept,2025-01-14 10:57:00,2025-01-15 13:58:00,E-0156,20260106T061500Z-QE24M
RI-25-00119,S-006,bar,303 bar 38.1 mm,,MC-00640,44,PO-469855,2025-01-17,"Z1.4 single, normal",D,1.0,II,13,0,,accept,2025-01-14 10:18:00,2025-01-16 06:21:00,E-0155,20260106T061500Z-QE24M
RI-25-00120,S-010,bar,316 bar 31.75 mm,,MC-00641,87,PO-493660,2025-01-17,"Z1.4 single, normal",E,1.0,II,13,0,,accept,2025-01-14 10:10:00,2025-01-15 09:12:00,E-0155,20260106T061500Z-QE24M
RI-25-00121,S-023,plated parts,P-14117-A,L24-1171,,1056,PO-467319,2025-01-15,"Z1.4 single, normal",J,1.0,II,80,2,adhesion,accept,2025-01-14 10:55:00,2025-01-16 04:59:00,E-0155,20260106T061500Z-QE24M
RI-25-00122,S-027,heat-treated parts,P-12618-A,L24-1208,,526,PO-497246,2025-01-16,"Z1.4 single, normal",J,1.0,II,80,2,hardness low,accept,2025-01-14 09:00:00,2025-01-14 22:25:00,E-0156,20260106T061500Z-QE24M
RI-25-00123,S-038,passivated parts,P-14587-C,L25-0012,,2272,PO-420485,2025-01-16,"Z1.4 single, normal",K,1.0,II,125,0,,accept,2025-01-14 09:03:00,2025-01-15 08:25:00,E-0156,20260106T061500Z-QE24M
RI-25-00124,S-001,bar,1018 bar 19.05 mm,,MC-00642,55,PO-458889,2025-01-17,"Z1.4 single, normal",E,1.0,II,13,0,,accept,2025-01-15 10:59:00,2025-01-16 00:52:00,E-0155,20260106T061500Z-QE24M
RI-25-00125,S-001,bar,1018 bar 25.4 mm,,MC-00643,97,PO-403800,2025-01-16,"Z1.4 single, normal",F,1.0,II,13,0,,accept,2025-01-15 07:13:00,2025-01-16 14:14:00,E-0155,20260106T061500Z-QE24M
RI-25-00126,S-012,bar,6061 bar 19.05 mm,,MC-00644,26,PO-403087,2025-01-19,"Z1.4 single, normal",D,1.0,II,7,0,,accept,2025-01-15 14:43:00,2025-01-15 18:59:00,E-0156,20260106T061500Z-QE24M
RI-25-00127,S-017,plated parts,P-13431-A,L24-1202,,879,PO-453667,2025-01-10,"Z1.4 single, normal",J,1.0,II,80,1,adhesion,accept,2025-01-15 08:38:00,2025-01-15 18:43:00,E-0156,20260106T061500Z-QE24M
RI-25-00128,S-018,plated parts,P-18384-C,L25-0009,,1101,PO-409385,2025-01-18,"Z1.4 single, normal",J,1.0,II,80,0,,accept,2025-01-15 13:16:00,2025-01-17 03:26:00,E-0155,20260106T061500Z-QE24M
RI-25-00129,S-018,plated parts,P-18106-D,L25-0016,,967,PO-405850,2025-01-05,"Z1.4 single, normal",J,1.0,II,80,0,,accept,2025-01-15 13:40:00,2025-01-15 19:54:00,E-0155,20260106T061500Z-QE24M
RI-25-00130,S-032,heat-treated parts,P-17937-B,L24-1206,,1136,PO-432451,2025-01-18,"Z1.4 single, normal",J,1.0,II,80,0,,accept,2025-01-15 08:13:00,2025-01-15 19:35:00,E-0155,20260106T061500Z-QE24M
RI-25-00131,S-038,passivated parts,P-12678-A,L24-1205,,878,PO-453449,2025-01-16,"Z1.4 single, normal",J,1.0,II,80,0,,accept,2025-01-15 10:30:00,2025-01-16 05:19:00,E-0155,20260106T061500Z-QE24M
RI-25-00132,S-044,passivated parts,P-16180-A,L25-0007,,804,PO-413655,2025-01-18,"Z1.4 single, normal",J,1.0,II,80,1,free iron,accept,2025-01-15 13:20:00,2025-01-16 04:02:00,E-0155,20260106T061500Z-QE24M
RI-25-00133,S-045,anodized parts,P-13888-A,L24-1203,,615,PO-471026,2025-01-17,"Z1.4 single, normal",J,1.0,II,47,1,coating thickness,accept,2025-01-15 07:46:00,2025-01-16 18:37:00,E-0156,20260106T061500Z-QE24M
RI-25-00134,S-045,anodized parts,P-17287-A,L25-0018,,625,PO-414045,2025-01-15,"Z1.4 single, normal",J,1.0,II,80,2,color,accept,2025-01-15 11:07:00,2025-01-17 02:33:00,E-0156,20260106T061500Z-QE24M
RI-25-00135,S-046,anodized parts,P-17326-D,L25-0015,,1116,PO-441534,2025-01-17,"Z1.4 single, normal",J,1.0,II,80,0,,accept,2025-01-15 08:13:00,2025-01-16 14:00:00,E-0156,20260106T061500Z-QE24M
RI-25-00136,S-050,anodized parts,P-17329-D,L24-1210,,1329,PO-406543,2025-01-16,"Z1.4 single, normal",K,1.0,II,125,2,color,accept,2025-01-15 13:22:00,2025-01-16 15:02:00,E-0156,20260106T061500Z-QE24M
RI-25-00137,S-055,casting,P-15905-D,,,210,PO-499025,2025-01-16,"Z1.4 single, normal",G,1.0,II,50,0,,accept,2025-01-15 08:50:00,2025-01-17 07:41:00,E-0156,20260106T061500Z-QE24M
RI-25-00138,S-004,bar,4140 bar 31.75 mm,,MC-00645,117,PO-486215,2025-01-17,"Z1.4 single, normal",F,1.0,II,13,0,,accept,2025-01-16 12:59:00,2025-01-16 20:02:00,E-0156,20260106T061500Z-QE24M
RI-25-00139,S-022,plated parts,P-16870-A,L25-0017,,303,PO-409798,2025-01-18,"Z1.4 single, normal",H,1.0,II,50,0,,accept,2025-01-16 10:57:00,2025-01-16 21:26:00,E-0155,20260106T061500Z-QE24M
RI-25-00140,S-042,passivated parts,P-16352-D,L24-1200,,1463,PO-423249,2025-01-17,"Z1.4 single, normal",K,1.0,II,125,0,,accept,2025-01-16 10:18:00,2025-01-18 01:40:00,E-0156,20260106T061500Z-QE24M
RI-25-00141,S-043,passivated parts,P-15367-A,L25-0013,,749,PO-472619,2025-01-18,"Z1.4 single, normal",J,1.0,II,80,0,,accept,2025-01-16 11:34:00,2025-01-18 05:49:00,E-0155,20260106T061500Z-QE24M
RI-25-00142,S-003,bar,4140 bar 31.75 mm,,MC-00648,120,PO-460293,2025-01-20,"Z1.4 single, normal",F,1.0,II,13,0,,accept,2025-01-17 12:35:00,2025-01-17 18:30:00,E-0156,20260106T061500Z-QE24M
RI-25-00143,S-003,bar,4140 bar 38.1 mm,,MC-00649,55,PO-488148,2025-01-21,"Z1.4 single, normal",E,1.0,II,5,0,,accept,2025-01-17 11:11:00,2025-01-17 22:06:00,E-0155,20260106T061500Z-QE24M
RI-25-00144,S-008,bar,304 bar 25.4 mm,,MC-00646,68,PO-401836,2025-01-20,"Z1.4 single, normal",E,1.0,II,13,0,,accept,2025-01-17 11:09:00,2025-01-18 14:17:00,E-0156,20260106T061500Z-QE24M
RI-25-00145,S-009,bar,316 bar 38.1 mm,,MC-00647,72,PO-406525,2025-01-18,"Z1.4 single, normal",E,1.0,II,13,0,,accept,2025-01-17 07:21:00,2025-01-17 12:20:00,E-0155,20260106T061500Z-QE24M
RI-25-00146,S-024,plated parts,P-10599-C,L25-0011,,853,PO-469736,2025-01-21,"Z1.4 single, normal",J,1.0,II,80,0,,accept,2025-01-17 10:41:00,2025-01-17 13:47:00,E-0156,20260106T061500Z-QE24M
RI-25-00147,S-030,heat-treated parts,P-10235-A,L24-1212,,1686,PO-415088,2025-01-17,"Z1.4 single, normal",K,1.0,II,79,1,hardness high,accept,2025-01-17 09:36:00,2025-01-18 11:06:00,E-0155,20260106T061500Z-QE24M
RI-25-00148,S-039,passivated parts,P-17014-A,L25-0006,,992,PO-427565,2025-01-18,"Z1.4 single, normal",J,1.0,II,80,0,,accept,2025-01-17 11:10:00,2025-01-17 12:14:00,E-0156,20260106T061500Z-QE24M
RI-25-00149,S-054,casting,P-17077-A,,,280,PO-424199,2025-01-20,"Z1.4 single, normal",G,1.0,II,50,0,,accept,2025-01-17 14:42:00,2025-01-19 06:13:00,E-0156,20260106T061500Z-QE24M
RI-25-00150,S-003,bar,4140 bar 38.1 mm,,MC-00650,69,PO-428196,2025-01-21,"Z1.4 single, normal",E,1.0,II,13,0,,accept,2025-01-20 07:01:00,2025-01-21 05:15:00,E-0156,20260106T061500Z-QE24M
RI-25-00151,S-017,plated parts,P-13369-A,L24-1197,,858,PO-495024,2025-01-22,"Z1.4 single, normal",J,1.0,II,80,1,blisters,accept,2025-01-20 11:01:00,2025-01-22 07:17:00,E-0156,20260106T061500Z-QE24M
RI-25-00152,S-018,plated parts,P-10469-D,L25-0005,,1002,PO-481260,2025-01-20,"Z1.4 single, normal",J,1.0,II,80,1,plating thickness,accept,2025-01-20 07:36:00,2025-01-21 22:15:00,E-0156,20260106T061500Z-QE24M
RI-25-00153,S-040,passivated parts,P-19299-A,L25-0010,,2678,PO-485995,2025-01-21,"Z1.4 single, normal",K,1.0,II,125,2,staining,accept,2025-01-20 11:59:00,2025-01-21 11:20:00,E-0156,20260106T061500Z-QE24M
RI-25-00154,S-041,passivated parts,P-10798-C,L25-0004,,481,PO-424107,2025-01-16,"Z1.4 single, normal",H,1.0,II,50,1,staining,accept,2025-01-20 07:11:00,2025-01-20 09:39:00,E-0156,20260106T061500Z-QE24M
RI-25-00155,S-042,passivated parts,P-11831-D,L25-0021,,585,PO-414814,2025-01-23,"Z1.4 single, normal",J,1.0,II,80,2,free iron,accept,2025-01-20 09:49:00,2025-01-21 06:13:00,E-0156,20260106T061500Z-QE24M
RI-25-00156,S-044,passivated parts,P-15885-A,L24-1199,,709,PO-487213,2025-01-23,"Z1.4 single, normal",J,1.0,II,80,0,,accept,2025-01-20 10:22:00,2025-01-22 05:42:00,E-0155,20260106T061500Z-QE24M
RI-25-00157,S-016,plated parts,P-18420-D,L24-1201,,967,PO-487282,2025-01-14,"Z1.4 single, normal",J,1.0,II,80,1,staining,accept,2025-01-21 13:08:00,2025-01-21 17:22:00,E-0156,20260106T061500Z-QE24M
RI-25-00158,S-017,plated parts,P-13458-B,L24-1213,,905,PO-475139,2025-01-13,"Z1.4 single, normal",J,1.0,II,80,1,blisters,accept,2025-01-21 13:17:00,2025-01-22 11:02:00,E-0155,20260106T061500Z-QE24M
RI-25-00159,S-020,plated parts,P-18347-A,L25-0031,,2083,PO-467734,2025-01-25,"Z1.4 single, normal",K,1.0,II,98,0,,accept,2025-01-21 13:18:00,2025-01-21 17:11:00,E-0155,20260106T061500Z-QE24M
RI-25-00160,S-041,passivated parts,P-10857-C,L24-1207,,2897,PO-430235,2025-01-25,"Z1.4 single, normal",K,1.0,II,125,1,staining,accept,2025-01-21 09:18:00,2025-01-22 07:13:00,E-0156,20260106T061500Z-QE24M
RI-25-00161,S-041,passivated parts,P-11642-D,L25-0014,,982,PO-455922,2025-01-22,"Z1.4 single, normal",J,1.0,II,80,2,staining,accept,2025-01-21 08:23:00,2025-01-22 12:29:00,E-0155,20260106T061500Z-QE24M
RI-25-00162,S-043,passivated parts,P-12618-A,L24-1208,,526,PO-449229,2025-01-23,"Z1.4 single, normal",J,1.0,II,80,1,free iron,accept,2025-01-21 08:08:00,2025-01-22 16:52:00,E-0155,20260106T061500Z-QE24M
RI-25-00163,S-048,anodized parts,P-11920-C,L24-1186,,5059,PO-465498,2025-01-25,"Z1.4 single, normal",L,1.0,II,200,2,coating thickness,accept,2025-01-21 14:36:00,2025-01-22 02:33:00,E-0155,20260106T061500Z-QE24M
RI-25-00164,S-004,bar,4140 bar 44.45 mm,,MC-00652,53,PO-444638,2025-01-24,"Z1.4 single, normal",E,1.0,II,13,0,,accept,2025-01-22 11:34:00,2025-01-23 13:15:00,E-0156,20260106T061500Z-QE24M
RI-25-00165,S-011,bar,17-4 bar 31.75 mm,,MC-00651,87,PO-480194,2025-01-25,"Z1.4 single, normal",E,1.0,II,13,1,hardness,reject,2025-01-22 10:40:00,2025-01-22 18:29:00,E-0156,20260106T061500Z-QE24M
RI-25-00166,S-018,plated parts,P-14103-B,L25-0026,,2540,PO-470480,2025-01-24,"Z1.4 single, normal",K,1.0,II,125,1,adhesion,accept,2025-01-22 08:52:00,2025-01-23 02:23:00,E-0156,20260106T061500Z-QE24M
RI-25-00167,S-051,casting,P-17158-A,,,560,PO-499610,2025-01-22,"Z1.4 single, normal",J,1.0,II,80,0,,accept,2025-01-22 14:02:00,2025-01-22 15:17:00,E-0156,20260106T061500Z-QE24M
RI-25-00168,S-053,casting,P-11494-C,,,190,PO-475292,2025-01-22,"Z1.4 single, normal",G,1.0,II,50,1,flash,accept,2025-01-22 12:11:00,2025-01-22 23:04:00,E-0156,20260106T061500Z-QE24M
RI-25-00169,S-055,casting,P-11871-A,,,100,PO-401551,2025-01-22,"Z1.4 single, normal",F,1.0,II,8,0,,accept,2025-01-22 13:15:00,2025-01-22 18:53:00,E-0156,20260106T061500Z-QE24M
RI-25-00170,S-004,bar,4140 bar 44.45 mm,,MC-00654,28,PO-453136,2025-01-26,"Z1.4 single, normal",D,1.0,II,13,0,,accept,2025-01-23 13:46:00,2025-01-23 21:05:00,E-0155,20260106T061500Z-QE24M
RI-25-00171,S-011,bar,17-4 bar 31.75 mm,,MC-00653,101,PO-498249,2025-01-24,"Z1.4 single, normal",F,1.0,II,13,0,,accept,2025-01-23 12:52:00,2025-01-24 21:54:00,E-0155,20260106T061500Z-QE24M
RI-25-00172,S-032,heat-treated parts,P-15181-A,L25-0025,,1721,PO-458056,2025-01-26,"Z1.4 single, normal",K,1.0,II,125,0,,accept,2025-01-23 11:25:00,2025-01-24 14:20:00,E-0156,20260106T061500Z-QE24M
RI-25-00173,S-036,heat-treated parts,P-12835-A,L25-0036,,642,PO-499165,2025-01-26,"Z1.4 single, normal",J,1.0,II,80,0,,accept,2025-01-23 12:03:00,2025-01-24 16:32:00,E-0156,20260106T061500Z-QE24M
RI-25-00174,S-005,bar,8620 bar 25.4 mm,,MC-00655,102,PO-461255,2025-01-16,"Z1.4 single, normal",F,1.0,II,7,0,,accept,2025-01-24 08:12:00,2025-01-25 19:30:00,E-0155,20260106T061500Z-QE24M
RI-25-00175,S-023,plated parts,P-14350-D,L24-1204,,1473,PO-461260,2025-01-27,"Z1.4 single, normal",K,1.0,II,53,0,,accept,2025-01-24 13:17:00,2025-01-24 18:30:00,E-0155,20260106T061500Z-QE24M
RI-25-00176,S-033,heat-treated parts,P-14108-A,L25-0024,,1820,PO-445614,2025-01-26,"Z1.4 single, normal",K,1.0,II,94,1,distortion,accept,2025-01-24 08:33:00,2025-01-25 23:54:00,E-0156,20260106T061500Z-QE24M
RI-25-00177,S-039,passivated parts,P-11347-A,L25-0040,,1056,PO-420436,2025-01-18,"Z1.4 single, normal",J,1.0,II,80,0,,accept,2025-01-24 13:06:00,2025-01-25 04:28:00,E-0156,20260106T061500Z-QE24M
RI-25-00178,S-039,passivated parts,P-15615-C,L25-0044,,1230,PO-434377,2025-01-27,"Z1.4 single, normal",K,1.0,II,125,0,,accept,2025-01-24 10:53:00,2025-01-25 23:42:00,E-0156,20260106T061500Z-QE24M
RI-25-00179,S-041,passivated parts,P-10653-D,L25-0049,,303,PO-468538,2025-01-25,"Z1.4 single, normal",H,1.0,II,50,2,staining,reject,2025-01-24 10:24:00,2025-01-26 05:53:00,E-0156,20260106T061500Z-QE24M
RI-25-00180,S-044,passivated parts,P-11173-A,L25-0022,,2406,PO-453369,2025-01-28,"Z1.4 single, normal",K,1.0,II,125,0,,accept,2025-01-24 12:05:00,2025-01-24 21:12:00,E-0155,20260106T061500Z-QE24M
RI-25-00181,S-045,anodized parts,P-17131-A,L25-0030,,893,PO-476347,2025-01-24,"Z1.4 single, normal",J,1.0,II,80,0,,accept,2025-01-24 14:29:00,2025-01-25 17:57:00,E-0156,20260106T061500Z-QE24M
RI-25-00182,S-048,anodized parts,P-17255-D,L25-0034,,1235,PO-407037,2025-01-28,"Z1.4 single, normal",K,1.0,II,125,1,color,accept,2025-01-24 13:03:00,2025-01-24 17:58:00,E-0156,20260106T061500Z-QE24M
RI-25-00183,S-052,casting,P-11700-B,,,780,PO-438475,2025-01-26,"Z1.4 single, normal",J,1.0,II,80,1,dimension,accept,2025-01-24 08:19:00,2025-01-24 09:05:00,E-0156,20260106T061500Z-QE24M
RI-25-00184,S-057,purchased components,threaded inserts,,,1550,PO-497432,2025-01-27,"Z1.4 single, normal",K,1.0,II,125,0,,accept,2025-01-24 14:58:00,2025-01-26 04:18:00,E-0155,20260106T061500Z-QE24M
RI-25-00185,S-053,casting,P-16953-D,,,380,PO-419458,2025-01-29,"Z1.4 single, normal",H,1.0,II,50,2,porosity,reject,2025-01-25 10:26:00,2025-01-26 13:24:00,E-0155,20260106T061500Z-QE24M
RI-25-00186,S-058,purchased components,retaining rings,,,2000,PO-450462,2025-01-25,"Z1.4 single, normal",K,1.0,II,125,0,,accept,2025-01-25 08:35:00,2025-01-26 06:25:00,E-0155,20260106T061500Z-QE24M
RI-25-00187,S-005,bar,8620 bar 25.4 mm,,MC-00657,118,PO-403020,2025-01-30,"Z1.4 single, normal",F,1.0,II,13,0,,accept,2025-01-27 13:08:00,2025-01-29 01:22:00,E-0156,20260106T061500Z-QE24M
RI-25-00188,S-007,bar,303 bar 19.05 mm,,MC-00656,72,PO-468108,2025-01-30,"Z1.4 single, normal",E,1.0,II,13,0,,accept,2025-01-27 12:42:00,2025-01-28 00:49:00,E-0155,20260106T061500Z-QE24M
RI-25-00189,S-015,plated parts,P-10235-A,L24-1212,,1686,PO-491114,2025-01-27,"Z1.4 single, normal",K,1.0,II,125,0,,accept,2025-01-27 10:33:00,2025-01-29 05:39:00,E-0155,20260106T061500Z-QE24M
RI-25-00190,S-017,plated parts,P-14918-A,L25-0029,,1468,PO-414646,2025-01-29,"Z1.4 single, normal",K,1.0,II,125,9,plating thickness,reject,2025-01-27 12:44:00,2025-01-28 09:00:00,E-0156,20260106T061500Z-QE24M
RI-25-00191,S-017,plated parts,P-13321-A,L25-0039,,897,PO-422028,2025-01-28,"Z1.4 single, normal",J,1.0,II,55,0,,accept,2025-01-27 08:30:00,2025-01-28 14:20:00,E-0155,20260106T061500Z-QE24M
RI-25-00192,S-017,plated parts,P-14966-D,L25-0053,,1270,PO-425217,2025-01-30,"Z1.4 single, normal",K,1.0,II,125,0,,accept,2025-01-27 07:51:00,2025-01-28 21:57:00,E-0155,20260106T061500Z-QE24M
RI-25-00193,S-029,heat-treated parts,P-13530-B,L25-0038,,605,PO-403445,2025-01-29,"Z1.4 single, normal",J,1.0,II,80,1,hardness low,accept,2025-01-27 11:04:00,2025-01-28 13:29:00,E-0156,20260106T061500Z-QE24M
RI-25-00194,S-030,heat-treated parts,P-10257-C,L25-0027,,709,PO-416609,2025-01-31,"Z1.4 single, normal",J,1.0,II,80,2,distortion,accept,2025-01-27 10:46:00,2025-01-29 01:43:00,E-0155,20260106T061500Z-QE24M
RI-25-00195,S-036,heat-treated parts,P-13447-D,L25-0023,,863,PO-458968,2025-01-30,"Z1.4 single, normal",J,1.0,II,80,0,,accept,2025-01-27 08:05:00,2025-01-29 00:23:00,E-0156,20260106T061500Z-QE24M
RI-25-00196,S-039,passivated parts,P-17937-B,L24-1206,,1136,PO-472605,2025-01-28,"Z1.4 single, normal",J,1.0,II,80,1,staining,accept,2025-01-27 13:46:00,2025-01-28 09:46:00,E-0156,20260106T061500Z-QE24M
RI-25-00197,S-039,passivated parts,P-11856-B,L25-0032,,1592,PO-437011,2025-01-31,"Z1.4 single, normal",K,1.0,II,125,2,staining,accept,2025-01-27 13:04:00,2025-01-28 11:52:00,E-0155,20260106T061500Z-QE24M
RI-25-00198,S-044,passivated parts,P-16180-A,L25-0037,,769,PO-445655,2025-01-31,"Z1.4 single, normal",J,1.0,II,47,0,,accept,2025-01-27 08:46:00,2025-01-27 19:42:00,E-0156,20260106T061500Z-QE24M
RI-25-00199,S-044,passivated parts,P-19209-C,L25-0050,,327,PO-404654,2025-01-27,"Z1.4 single, normal",H,1.0,II,50,2,free iron,reject,2025-01-27 08:14:00,2025-01-28 13:16:00,E-0156,20260106T061500Z-QE24M
RI-25-00200,S-047,anodized parts,P-17247-D,L25-0042,,471,PO-484525,2025-01-27,"Z1.4 single, normal",H,1.0,II,50,0,,accept,2025-01-27 09:40:00,2025-01-28 14:15:00,E-0156,20260106T061500Z-QE24M
RI-25-00201,S-049,anodized parts,P-17153-C,L25-0019,,709,PO-413279,2025-01-28,"Z1.4 single, normal",J,1.0,II,54,0,,accept,2025-01-27 10:11:00,2025-01-28 12:32:00,E-0156,20260106T061500Z-QE24M
RI-25-00202,S-054,casting,P-11700-B,,,300,PO-492973,2025-01-21,"Z1.4 single, normal",H,1.0,II,50,0,,accept,2025-01-27 13:13:00,2025-01-27 20:19:00,E-0155,20260106T061500Z-QE24M
RI-25-00203,S-001,bar,1018 bar 50.8 mm,,MC-00658,116,PO-409933,2025-01-31,"Z1.4 single, normal",F,1.0,II,13,0,,accept,2025-01-28 14:32:00,2025-01-28 18:47:00,E-0156,20260106T061500Z-QE24M
RI-25-00204,S-020,plated parts,P-12947-A,L25-0061,,1135,PO-490306,2025-01-30,"Z1.4 single, normal",J,1.0,II,80,0,,accept,2025-01-28 08:40:00,2025-01-29 20:58:00,E-0155,20260106T061500Z-QE24M
RI-25-00205,S-022,plated parts,P-18315-A,L25-0047,,1721,PO-433141,2025-02-01,"Z1.4 single, normal",K,1.0,II,125,0,,accept,2025-01-28 10:02:00,2025-01-30 06:51:00,E-0155,20260106T061500Z-QE24M
RI-25-00206,S-033,heat-treated parts,P-13328-A,L25-0058,,1029,PO-491378,2025-01-29,"Z1.4 single, normal",J,1.0,II,80,1,hardness low,accept,2025-01-28 09:04:00,2025-01-29 05:12:00,E-0156,20260106T061500Z-QE24M
RI-25-00207,S-040,passivated parts,P-11163-D,L25-0046,,2182,PO-460990,2025-01-31,"Z1.4 single, normal",K,1.0,II,125,0,,accept,2025-01-28 10:13:00,2025-01-30 05:50:00,E-0156,20260106T061500Z-QE24M
RI-25-00208,S-044,passivated parts,P-19323-B,L25-0048,,1106,PO-493553,2025-02-01,"Z1.4 single, normal",J,1.0,II,80,0,,accept,2025-01-28 07:25:00,2025-01-29 04:18:00,E-0156,20260106T061500Z-QE24M
RI-25-00209,S-051,casting,P-16751-A,,,340,PO-481430,2025-02-01,"Z1.4 single, normal",H,1.0,II,50,1,porosity,accept,2025-01-28 14:35:00,2025-01-28 18:42:00,E-0155,20260106T061500Z-QE24M
RI-25-00210,S-009,bar,316 bar 31.75 mm,,MC-00659,93,PO-438679,2025-01-31,"Z1.4 single, normal",F,1.0,II,13,0,,accept,2025-01-29 14:59:00,2025-01-29 22:46:00,E-0155,20260106T061500Z-QE24M
RI-25-00211,S-028,heat-treated parts,P-17814-A,L25-0051,,342,PO-424354,2025-01-31,"Z1.4 single, normal",H,1.0,II,50,0,,accept,2025-01-29 12:51:00,2025-01-31 04:53:00,E-0156,20260106T061500Z-QE24M
RI-25-00212,S-030,heat-treated parts,P-10284-A,L25-0075,,471,PO-479484,2025-02-01,"Z1.4 single, normal",H,1.0,II,50,0,,accept,2025-01-29 08:17:00,2025-01-29 20:45:00,E-0155,20260106T061500Z-QE24M
RI-25-00213,S-033,heat-treated parts,P-14175-A,L25-0043,,784,PO-410625,2025-01-30,"Z1.4 single, normal",J,1.0,II,80,0,,accept,2025-01-29 11:35:00,2025-01-30 11:57:00,E-0156,20260106T061500Z-QE24M
RI-25-00214,S-041,passivated parts,P-10749-A,L25-0056,,536,PO-484055,2025-01-31,"Z1.4 single, normal",J,1.0,II,80,0,,accept,2025-01-29 13:08:00,2025-01-30 06:25:00,E-0155,20260106T061500Z-QE24M
RI-25-00215,S-045,anodized parts,P-12004-A,L25-0062,,923,PO-445882,2025-02-01,"Z1.4 single, normal",J,1.0,II,80,0,,accept,2025-01-29 13:13:00,2025-01-31 07:56:00,E-0156,20260106T061500Z-QE24M
RI-25-00216,S-051,casting,P-11768-A,,,700,PO-434036,2025-01-29,"Z1.4 single, normal",J,1.0,II,80,0,,accept,2025-01-29 08:11:00,2025-01-30 19:38:00,E-0155,20260106T061500Z-QE24M
RI-25-00217,S-058,purchased components,retaining rings,,,400,PO-483639,2025-01-29,"Z1.4 single, normal",H,1.0,II,50,0,,accept,2025-01-29 12:04:00,2025-01-31 05:36:00,E-0155,20260106T061500Z-QE24M
RI-25-00218,S-005,bar,8620 bar 19.05 mm,,MC-00662,49,PO-408600,2025-01-30,"Z1.4 single, normal",D,1.0,II,13,0,,accept,2025-01-30 08:49:00,2025-01-31 02:48:00,E-0156,20260106T061500Z-QE24M
RI-25-00219,S-006,bar,303 bar 50.8 mm,,MC-00660,21,PO-424758,2025-02-02,"Z1.4 single, normal",C,1.0,II,6,0,,accept,2025-01-30 10:57:00,2025-01-31 13:13:00,E-0156,20260106T061500Z-QE24M
RI-25-00220,S-010,bar,316 bar 25.4 mm,,MC-00661,111,PO-435996,2025-01-30,"Z1.4 single, normal",F,1.0,II,13,0,,accept,2025-01-30 13:49:00,2025-01-31 17:24:00,E-0156,20260106T061500Z-QE24M
RI-25-00221,S-051,casting,P-11803-A,,,370,PO-463740,2025-01-30,"Z1.4 single, normal",H,1.0,II,50,0,,accept,2025-01-30 08:32:00,2025-01-31 13:30:00,E-0155,20260106T061500Z-QE24M
RI-25-00222,S-002,bar,1045 bar 38.1 mm,,MC-00663,91,PO-463859,2025-02-07,"Z1.4 single, normal",F,1.0,II,13,0,,accept,2025-02-03 14:32:00,2025-02-04 03:18:00,E-0155,20260106T061500Z-QE24M
RI-25-00223,S-004,bar,4140 bar 44.45 mm,,MC-00664,82,PO-465633,2025-02-03,"Z1.4 single, normal",E,1.0,II,13,0,,accept,2025-02-03 14:26:00,2025-02-05 04:48:00,E-0155,20260106T061500Z-QE24M
RI-25-00224,S-017,plated parts,P-13350-A,L25-0055,,849,PO-435596,2025-02-06,"Z1.4 single, normal",J,1.0,II,80,1,staining,accept,2025-02-03 09:24:00,2025-02-03 13:38:00,E-0156,20260106T061500Z-QE24M
RI-25-00225,S-018,plated parts,P-14159-A,L25-0076,,258,PO-465976,2025-02-06,"Z1.4 single, normal",G,1.0,II,50,0,,accept,2025-02-03 14:47:00,2025-02-04 23:31:00,E-0155,20260106T061500Z-QE24M
RI-25-00226,S-023,plated parts,P-14108-A,L25-0024,,1820,PO-469920,2025-02-04,"Z1.4 single, normal",K,1.0,II,125,0,,accept,2025-02-03 11:26:00,2025-02-04 06:56:00,E-0156,20260106T061500Z-QE24M
RI-25-00227,S-025,plated parts,P-12835-A,L25-0036,,642,PO-479413,2025-02-05,"Z1.4 single, normal",J,1.0,II,80,0,,accept,2025-02-03 14:04:00,2025-02-04 19:13:00,E-0155,20260106T061500Z-QE24M
RI-25-00228,S-027,heat-treated parts,P-18051-D,L25-0052,,942,PO-462546,2025-01-28,"Z1.4 single, normal",J,1.0,II,80,1,distortion,accept,2025-02-03 07:18:00,2025-02-04 04:38:00,E-0156,20260106T061500Z-QE24M
RI-25-00229,S-027,heat-treated parts,P-14384-D,L25-0070,,501,PO-426974,2025-02-05,"Z1.4 single, normal",J,1.0,II,80,2,distortion,accept,2025-02-03 07:07:00,2025-02-04 15:59:00,E-0155,20260106T061500Z-QE24M
RI-25-00230,S-030,heat-treated parts,P-10184-A,L25-0064,,625,PO-488635,2025-02-06,"Z1.4 single, normal",J,1.0,II,80,6,hardness low,reject,2025-02-03 09:41:00,2025-02-04 12:16:00,E-0155,20260106T061500Z-QE24M
RI-25-00231,S-030,heat-treated parts,P-11033-A,L25-0083,,188,PO-453612,2025-01-24,"Z1.4 single, normal",G,1.0,II,50,4,distortion,accept,2025-02-03 08:59:00,2025-02-03 19:00:00,E-0155,20260106T061500Z-QE24M
RI-25-00232,S-033,heat-treated parts,P-14140-A,L25-0068,,883,PO-460930,2025-02-07,"Z1.4 single, normal",J,1.0,II,80,0,,accept,2025-02-03 13:45:00,2025-02-03 16:11:00,E-0155,20260106T061500Z-QE24M
RI-25-00233,S-033,heat-treated parts,P-14989-D,L25-0069,,1399,PO-407534,2025-02-04,"Z1.4 single, normal",K,1.0,II,125,0,,accept,2025-02-03 11:58:00,2025-02-04 08:29:00,E-0155,20260106T061500Z-QE24M
RI-25-00234,S-036,heat-treated parts,P-14992-A,L25-0045,,1508,PO-487525,2025-02-05,"Z1.4 single, normal",K,1.0,II,125,2,hardness low,accept,2025-02-03 14:07:00,2025-02-04 07:21:00,E-0156,20260106T061500Z-QE24M
RI-25-00235,S-036,heat-treated parts,P-13307-B,L25-0063,,891,PO-491689,2025-01-27,"Z1.4 single, normal",J,1.0,II,80,1,distortion,accept,2025-02-03 14:35:00,2025-02-04 14:06:00,E-0156,20260106T061500Z-QE24M
RI-25-00236,S-039,passivated parts,P-12303-D,L25-0057,,883,PO-425346,2025-02-03,"Z1.4 single, normal",J,1.0,II,80,0,,accept,2025-02-03 14:18:00,2025-02-05 12:39:00,E-0156,20260106T061500Z-QE24M
RI-25-00237,S-039,passivated parts,P-11201-A,L25-0066,,1076,PO-418362,2025-01-25,"Z1.4 single, normal",J,1.0,II,80,0,,accept,2025-02-03 10:18:00,2025-02-04 06:53:00,E-0156,20260106T061500Z-QE24M
RI-25-00238,S-039,passivated parts,P-17500-A,L25-0073,,1285,PO-480219,2025-01-26,"Z1.4 single, normal",K,1.0,II,125,1,free iron,accept,2025-02-03 07:29:00,2025-02-04 23:32:00,E-0155,20260106T061500Z-QE24M
RI-25-00239,S-039,passivated parts,P-16147-A,L25-0074,,863,PO-467195,2025-02-05,"Z1.4 single, normal",J,1.0,II,80,0,,accept,2025-02-03 13:52:00,2025-02-04 17:31:00,E-0155,20260106T061500Z-QE24M
RI-25-00240,S-040,passivated parts,P-14773-A,L25-0054,,937,PO-458718,2025-02-03,"Z1.4 single, normal",J,1.0,II,80,0,,accept,2025-02-03 11:35:00,2025-02-04 02:45:00,E-0156,20260106T061500Z-QE24M
RI-25-00241,S-040,passivated parts,P-17038-D,L25-0060,,992,PO-426734,2025-02-07,"Z1.4 single, normal",J,1.0,II,80,0,,accept,2025-02-03 07:13:00,2025-02-04 03:29:00,E-0155,20260106T061500Z-QE24M
RI-25-00242,S-042,passivated parts,P-11329-A,L25-0072,,1111,PO-458795,2025-02-03,"Z1.4 single, normal",J,1.0,II,80,1,free iron,accept,2025-02-03 12:44:00,2025-02-04 18:25:00,E-0156,20260106T061500Z-QE24M
RI-25-00243,S-043,passivated parts,P-15697-A,L25-0059,,565,PO-499880,2025-02-01,"Z1.4 single, normal",J,1.0,II,80,0,,accept,2025-02-03 08:22:00,2025-02-03 11:38:00,E-0156,20260106T061500Z-QE24M
RI-25-00244,S-044,passivated parts,P-16180-A,L25-0067,,734,PO-495214,2025-02-04,"Z1.4 single, normal",J,1.0,II,80,0,,accept,2025-02-03 07:03:00,2025-02-03 14:29:00,E-0155,20260106T061500Z-QE24M
RI-25-00245,S-048,anodized parts,P-11909-A,L25-0065,,1905,PO-409310,2025-02-04,"Z1.4 single, normal",K,1.0,II,125,0,,accept,2025-02-03 07:56:00,2025-02-05 03:27:00,E-0156,20260106T061500Z-QE24M
RI-25-00246,S-051,casting,P-16016-A,,,940,PO-445032,2025-02-07,"Z1.4 single, normal",J,1.0,II,80,0,,accept,2025-02-03 14:36:00,2025-02-04 08:08:00,E-0155,20260106T061500Z-QE24M
RI-25-00247,S-002,bar,1045 bar 38.1 mm,,MC-00665,58,PO-407629,2025-02-04,"Z1.4 single, normal",E,1.0,II,13,0,,accept,2025-02-04 10:07:00,2025-02-05 01:13:00,E-0155,20260106T061500Z-QE24M
RI-25-00248,S-003,bar,4140 bar 38.1 mm,,MC-00666,85,PO-460869,2025-02-07,"Z1.4 single, normal",E,1.0,II,13,0,,accept,2025-02-04 09:00:00,2025-02-05 08:27:00,E-0155,20260106T061500Z-QE24M
RI-25-00249,S-004,bar,4140 bar 44.45 mm,,MC-00667,44,PO-427679,2025-02-05,"Z1.4 single, normal",D,1.0,II,13,0,,accept,2025-02-04 07:27:00,2025-02-05 14:01:00,E-0155,20260106T061500Z-QE24M
RI-25-00250,S-013,bar,7075 bar 50.8 mm,,MC-00668,95,PO-464093,2025-01-25,"Z1.4 single, normal",F,1.0,II,13,0,,accept,2025-02-04 12:02:00,2025-02-05 01:13:00,E-0156,20260106T061500Z-QE24M
RI-25-00251,S-015,plated parts,P-15181-A,L25-0025,,1721,PO-425919,2025-02-06,"Z1.4 single, normal",K,1.0,II,125,0,,accept,2025-02-04 13:12:00,2025-02-05 10:02:00,E-0155,20260106T061500Z-QE24M
RI-25-00252,S-040,passivated parts,P-17004-D,L25-0085,,992,PO-482208,2025-02-07,"Z1.4 single, normal",J,1.0,II,80,0,,accept,2025-02-04 09:48:00,2025-02-04 23:05:00,E-0155,20260106T061500Z-QE24M
RI-25-00253,S-048,anodized parts,P-11920-C,L25-0033,,5322,PO-442237,2025-02-05,"Z1.4 single, normal",L,1.0,II,200,0,,accept,2025-02-04 07:48:00,2025-02-04 13:39:00,E-0156,20260106T061500Z-QE24M
RI-25-00254,S-003,bar,4140 bar 38.1 mm,,MC-00670,74,PO-461668,2025-02-05,"Z1.4 single, normal",E,1.0,II,13,0,,accept,2025-02-05 09:17:00,2025-02-06 19:09:00,E-0155,20260106T061500Z-QE24M
RI-25-00255,S-003,bar,4140 bar 44.45 mm,,MC-00671,80,PO-416233,2025-01-28,"Z1.4 single, normal",E,1.0,II,13,0,,accept,2025-02-05 10:01:00,2025-02-06 19:58:00,E-0156,20260106T061500Z-QE24M
RI-25-00256,S-009,bar,316 bar 25.4 mm,,MC-00669,76,PO-475968,2025-02-06,"Z1.4 single, normal",E,1.0,II,13,0,,accept,2025-02-05 13:28:00,2025-02-07 01:09:00,E-0156,20260106T061500Z-QE24M
RI-25-00257,S-017,plated parts,P-13328-A,L25-0058,,1029,PO-419866,2025-02-09,"Z1.4 single, normal",J,1.0,II,43,0,,accept,2025-02-05 10:55:00,2025-02-05 20:56:00,E-0156,20260106T061500Z-QE24M
RI-25-00258,S-055,casting,P-11681-A,,,580,PO-453494,2025-02-09,"Z1.4 single, normal",J,1.0,II,80,0,,accept,2025-02-05 14:15:00,2025-02-05 20:50:00,E-0155,20260106T061500Z-QE24M
RI-25-00259,S-003,bar,4140 bar 25.4 mm,,MC-00672,89,PO-483040,2025-02-09,"Z1.4 single, normal",E,1.0,II,13,0,,accept,2025-02-06 07:33:00,2025-02-06 16:11:00,E-0155,20260106T061500Z-QE24M
RI-25-00260,S-016,plated parts,P-10284-A,L25-0075,,471,PO-438015,2025-02-10,"Z1.4 single, normal",H,1.0,II,50,0,,accept,2025-02-06 10:12:00,2025-02-07 13:48:00,E-0155,20260106T061500Z-QE24M
RI-25-00261,S-025,plated parts,P-10257-C,L25-0027,,709,PO-497154,2025-02-07,"Z1.4 single, normal",J,1.0,II,80,0,,accept,2025-02-06 11:01:00,2025-02-08 00:39:00,E-0156,20260106T061500Z-QE24M
RI-25-00262,S-003,bar,4140 bar 25.4 mm,,MC-00673,84,PO-492652,2025-02-10,"Z1.4 single, normal",E,1.0,II,13,0,,accept,2025-02-07 08:11:00,2025-02-09 03:43:00,E-0155,20260106T061500Z-QE24M
RI-25-00263,S-017,plated parts,P-13447-D,L25-0023,,863,PO-418115,2025-02-10,"Z1.4 single, normal",J,1.0,II,80,1,plating thickness,accept,2025-02-07 10:04:00,2025-02-07 15:42:00,E-0156,20260106T061500Z-QE24M
RI-25-00264,S-031,heat-treated parts,P-18035-B,L25-0080,,491,PO-413526,2025-02-11,"Z1.4 single, normal",H,1.0,II,50,0,,accept,2025-02-07 08:53:00,2025-02-07 19:23:00,E-0155,20260106T061500Z-QE24M
RI-25-00265,S-034,heat-treated parts,P-12750-D,L25-0078,,2172,PO-451753,2025-02-07,"Z1.4 single, normal",K,1.0,II,125,1,distortion,accept,2025-02-07 14:06:00,2025-02-09 06:26:00,E-0155,20260106T061500Z-QE24M
RI-25-00266,S-037,passivated parts,P-14499-A,L25-0077,,1215,PO-405176,2025-02-07,"Z1.4 single, normal",K,1.0,II,125,1,staining,accept,2025-02-07 13:43:00,2025-02-08 04:49:00,E-0155,20260106T061500Z-QE24M
RI-25-00267,S-038,passivated parts,P-17814-A,L25-0051,,342,PO-486319,2025-02-09,"Z1.4 single, normal",H,1.0,II,50,1,staining,accept,2025-02-07 09:05:00,2025-02-08 21:22:00,E-0156,20260106T061500Z-QE24M
RI-25-00268,S-039,passivated parts,P-16263-A,L25-0086,,1597,PO-439128,2025-02-11,"Z1.4 single, normal",K,1.0,II,125,1,free iron,accept,2025-02-07 14:51:00,2025-02-08 03:03:00,E-0155,20260106T061500Z-QE24M
RI-25-00269,S-051,casting,P-10536-A,,,280,PO-455175,2025-02-10,"Z1.4 single, normal",G,1.0,II,50,1,porosity,accept,2025-02-08 09:51:00,2025-02-10 02:37:00,E-0155,20260106T061500Z-QE24M
RI-25-00270,S-051,casting,P-10928-A,,,330,PO-423392,2025-02-12,"Z1.4 single, normal",H,1.0,II,50,0,,accept,2025-02-08 09:14:00,2025-02-09 15:54:00,E-0155,20260106T061500Z-QE24M
RI-25-00271,S-002,bar,1045 bar 31.75 mm,,MC-00674,43,PO-469489,2025-02-11,"Z1.4 single, normal",D,1.0,II,13,0,,accept,2025-02-10 14:07:00,2025-02-11 13:58:00,E-0155,20260106T061500Z-QE24M
RI-25-00272,S-003,bar,4140 bar 25.4 mm,,MC-00676,96,PO-475272,2025-02-11,"Z1.4 single, normal",F,1.0,II,13,0,,accept,2025-02-10 08:48:00,2025-02-11 19:41:00,E-0155,20260106T061500Z-QE24M
RI-25-00273,S-004,bar,4140 bar 38.1 mm,,MC-00677,21,PO-410384,2025-02-14,"Z1.4 single, normal",C,1.0,II,13,0,,accept,2025-02-10 14:01:00,2025-02-10 16:08:00,E-0155,20260106T061500Z-QE24M
RI-25-00274,S-008,bar,304 bar 38.1 mm,,MC-00675,64,PO-474813,2025-02-13,"Z1.4 single, normal",E,1.0,II,13,0,,accept,2025-02-10 12:20:00,2025-02-11 01:09:00,E-0156,20260106T061500Z-QE24M
RI-25-00275,S-016,plated parts,P-13530-B,L25-0038,,605,PO-446877,2025-02-10,"Z1.4 single, normal",J,1.0,II,80,0,,accept,2025-02-10 08:00:00,2025-02-11 09:48:00,E-0156,20260106T061500Z-QE24M
RI-25-00276,S-020,plated parts,P-18153-B,L25-0087,,590,PO-451507,2025-02-11,"Z1.4 single, normal",J,1.0,II,80,2,adhesion,accept,2025-02-10 09:42:00,2025-02-10 20:44:00,E-0155,20260106T061500Z-QE24M
RI-25-00277,S-021,plated parts,P-14384-D,L25-0070,,501,PO-448666,2025-02-14,"Z1.4 single, normal",J,1.0,II,80,1,adhesion,accept,2025-02-10 11:37:00,2025-02-12 08:26:00,E-0155,20260106T061500Z-QE24M
RI-25-00278,S-023,plated parts,P-18051-D,L25-0052,,942,PO-436461,2025-02-13,"Z1.4 single, normal",J,1.0,II,46,0,,accept,2025-02-10 10:24:00,2025-02-12 00:03:00,E-0155,20260106T061500Z-QE24M
RI-25-00279,S-025,plated parts,P-15270-A,L25-0101,,1438,PO-474118,2025-02-12,"Z1.4 single, normal",K,1.0,II,125,0,,accept,2025-02-10 12:10:00,2025-02-11 23:00:00,E-0155,20260106T061500Z-QE24M
RI-25-00280,S-026,plated parts,P-14175-A,L25-0043,,784,PO-433216,2025-02-09,"Z1.4 single, normal",J,1.0,II,80,0,,accept,2025-02-10 14:36:00,2025-02-11 13:06:00,E-0156,20260106T061500Z-QE24M
RI-25-00281,S-026,plated parts,P-11033-A,L25-0083,,188,PO-429473,2025-02-11,"Z1.4 single, normal",G,1.0,II,50,0,,accept,2025-02-10 14:53:00,2025-02-12 13:02:00,E-0156,20260106T061500Z-QE24M
RI-25-00282,S-033,heat-treated parts,P-12828-B,L25-0084,,1494,PO-434660,2025-02-11,"Z1.4 single, normal",K,1.0,II,125,1,distortion,accept,2025-02-10 09:24:00,2025-02-11 22:32:00,E-0155,20260106T061500Z-QE24M
RI-25-00283,S-034,heat-treated parts,P-18795-A,L25-0079,,967,PO-494117,2025-02-06,"Z1.4 single, normal",J,1.0,II,80,0,,accept,2025-02-10 11:39:00,2025-02-11 06:12:00,E-0155,20260106T061500Z-QE24M
RI-25-00284,S-036,heat-treated parts,P-14196-A,L25-0071,,1488,PO-441061,2025-02-12,"Z1.4 single, normal",K,1.0,II,125,2,distortion,accept,2025-02-10 14:43:00,2025-02-10 23:35:00,E-0155,20260106T061500Z-QE24M
RI-25-00285,S-039,passivated parts,P-12075-A,L25-0028,,4008,PO-434206,2025-02-13,"Z1.4 single, normal",L,1.0,II,200,1,staining,accept,2025-02-10 07:11:00,2025-02-11 09:36:00,E-0155,20260106T061500Z-QE24M
RI-25-00286,S-040,passivated parts,P-16128-A,L25-0098,,873,PO-420884,2025-02-11,"Z1.4 single, normal",J,1.0,II,80,0,,accept,2025-02-10 11:49:00,2025-02-11 21:31:00,E-0155,20260106T061500Z-QE24M
RI-25-00287,S-041,passivated parts,P-10743-D,L25-0100,,258,PO-495820,2025-02-10,"Z1.4 single, normal",G,1.0,II,50,1,staining,accept,2025-02-10 09:36:00,2025-02-12 08:22:00,E-0156,20260106T061500Z-QE24M
RI-25-00288,S-042,passivated parts,P-12040-C,L25-0092,,769,PO-442920,2025-02-14,"Z1.4 single, normal",J,1.0,II,80,0,,accept,2025-02-10 13:20:00,2025-02-11 14:25:00,E-0156,20260106T061500Z-QE24M
RI-25-00289,S-048,anodized parts,P-12016-A,L25-0081,,918,PO-483428,2025-02-11,"Z1.4 single, normal",J,1.0,II,80,0,,accept,2025-02-10 10:41:00,2025-02-10 22:57:00,E-0155,20260106T061500Z-QE24M
RI-25-00290,S-048,anodized parts,P-11984-A,L25-0096,,193,PO-478121,2025-02-10,"Z1.4 single, normal",G,1.0,II,50,0,,accept,2025-02-10 11:43:00,2025-02-11 12:05:00,E-0156,20260106T061500Z-QE24M
RI-25-00291,S-005,bar,8620 bar 31.75 mm,,MC-00679,116,PO-450133,2025-02-02,"Z1.4 single, normal",F,1.0,II,13,0,,accept,2025-02-11 09:59:00,2025-02-12 05:09:00,E-0155,20260106T061500Z-QE24M
RI-25-00292,S-008,bar,304 bar 38.1 mm,,MC-00678,109,PO-427978,2025-02-11,"Z1.4 single, normal",F,1.0,II,13,0,,accept,2025-02-11 10:05:00,2025-02-12 04:51:00,E-0156,20260106T061500Z-QE24M
RI-25-00293,S-026,plated parts,P-13285-C,L25-0094,,2272,PO-452824,2025-02-12,"Z1.4 single, normal",K,1.0,II,125,0,,accept,2025-02-11 09:51:00,2025-02-12 22:35:00,E-0155,20260106T061500Z-QE24M
RI-25-00294,S-030,heat-treated parts,P-11072-B,L25-0099,,516,PO-413754,2025-02-13,"Z1.4 single, normal",J,1.0,II,80,2,distortion,accept,2025-02-11 14:00:00,2025-02-13 02:14:00,E-0155,20260106T061500Z-QE24M
RI-25-00295,S-033,heat-treated parts,P-14212-C,L25-0107,,833,PO-407631,2025-02-15,"Z1.4 single, normal",J,1.0,II,80,0,,accept,2025-02-11 07:10:00,2025-02-12 16:58:00,E-0156,20260106T061500Z-QE24M
RI-25-00296,S-007,bar,303 bar 19.05 mm,,MC-00680,49,PO-469658,2025-02-14,"Z1.4 single, normal",D,1.0,II,13,0,,accept,2025-02-12 08:42:00,2025-02-13 09:42:00,E-0155,20260106T061500Z-QE24M
RI-25-00297,S-009,bar,316 bar 31.75 mm,,MC-00681,92,PO-432080,2025-02-13,"Z1.4 single, normal",F,1.0,II,13,0,,accept,2025-02-12 13:57:00,2025-02-13 10:46:00,E-0156,20260106T061500Z-QE24M
RI-25-00298,S-033,heat-treated parts,P-16933-A,L25-0110,,903,PO-495922,2025-02-14,"Z1.4 single, normal",J,1.0,II,80,1,hardness low,accept,2025-02-12 11:46:00,2025-02-13 06:14:00,E-0155,20260106T061500Z-QE24M
RI-25-00299,S-039,passivated parts,P-14656-A,L25-0090,,1870,PO-436117,2025-02-14,"Z1.4 single, normal",K,1.0,II,125,0,,accept,2025-02-12 09:18:00,2025-02-14 07:08:00,E-0155,20260106T061500Z-QE24M
RI-25-00300,S-003,bar,4140 bar 44.45 mm,,MC-00683,103,PO-410471,2025-02-14,"Z1.4 single, normal",F,1.0,II,13,0,,accept,2025-02-13 14:20:00,2025-02-14 08:20:00,E-0156,20260106T061500Z-QE24M
RI-25-00301,S-005,bar,8620 bar 25.4 mm,,MC-00684,76,PO-400776,2025-02-15,"Z1.4 single, normal",E,1.0,II,13,0,,accept,2025-02-13 11:08:00,2025-02-13 22:48:00,E-0156,20260106T061500Z-QE24M
RI-25-00302,S-009,bar,316 bar 31.75 mm,,MC-00682,105,PO-478222,2025-02-14,"Z1.4 single, normal",F,1.0,II,13,0,,accept,2025-02-13 12:56:00,2025-02-14 13:53:00,E-0156,20260106T061500Z-QE24M
RI-25-00303,S-022,plated parts,P-10184-A,L25-0064,,625,PO-414928,2025-02-13,"Z1.4 single, normal",J,1.0,II,80,0,,accept,2025-02-13 12:41:00,2025-02-13 17:28:00,E-0156,20260106T061500Z-QE24M
RI-25-00304,S-042,passivated parts,P-19192-D,L25-0097,,575,PO-416437,2025-02-13,"Z1.4 single, normal",J,1.0,II,80,0,,accept,2025-02-13 12:33:00,2025-02-15 02:55:00,E-0156,20260106T061500Z-QE24M
RI-25-00305,S-004,bar,4140 bar 44.45 mm,,MC-00686,88,PO-486904,2025-02-17,"Z1.4 single, normal",E,1.0,II,13,0,,accept,2025-02-14 12:48:00,2025-02-16 08:36:00,E-0155,20260106T061500Z-QE24M
RI-25-00306,S-009,bar,316 bar 31.75 mm,,MC-00685,104,PO-432329,2025-02-15,"Z1.4 single, normal",F,1.0,II,13,0,,accept,2025-02-14 09:29:00,2025-02-16 04:22:00,E-0156,20260106T061500Z-QE24M
RI-25-00307,S-017,plated parts,P-14992-A,L25-0045,,1508,PO-487378,2025-02-16,"Z1.4 single, normal",K,1.0,II,125,5,plating thickness,accept,2025-02-14 11:11:00,2025-02-14 19:16:00,E-0156,20260106T061500Z-QE24M
RI-25-00308,S-036,heat-treated parts,P-17995-A,L25-0102,,813,PO-470433,2025-02-18,"Z1.4 single, normal",J,1.0,II,80,0,,accept,2025-02-14 13:51:00,2025-02-15 13:22:00,E-0156,20260106T061500Z-QE24M
RI-25-00309,S-039,passivated parts,P-15362-C,L25-0106,,536,PO-410974,2025-02-18,"Z1.4 single, normal",J,1.0,II,80,1,free iron,accept,2025-02-14 12:24:00,2025-02-16 04:35:00,E-0156,20260106T061500Z-QE24M
RI-25-00310,S-040,passivated parts,P-19370-B,L25-0103,,1934,PO-471720,2025-02-17,"Z1.4 single, normal",K,1.0,II,125,2,free iron,accept,2025-02-14 14:43:00,2025-02-15 17:39:00,E-0156,20260106T061500Z-QE24M
RI-25-00311,S-042,passivated parts,P-16107-A,L25-0089,,1433,PO-435628,2025-02-15,"Z1.4 single, normal",K,1.0,II,53,0,,accept,2025-02-14 12:07:00,2025-02-15 17:19:00,E-0156,20260106T061500Z-QE24M
RI-25-00312,S-048,anodized parts,P-17147-C,L25-0088,,1002,PO-444418,2025-02-15,"Z1.4 single, normal",J,1.0,II,80,0,,accept,2025-02-14 14:07:00,2025-02-15 00:17:00,E-0155,20260106T061500Z-QE24M
RI-25-00313,S-055,casting,P-11437-B,,,300,PO-407021,2025-02-16,"Z1.4 single, normal",H,1.0,II,50,0,,accept,2025-02-16 13:41:00,2025-02-18 02:34:00,E-0156,20260106T061500Z-QE24M
RI-25-00314,S-003,bar,4140 bar 63.5 mm,,MC-00690,31,PO-414659,2025-02-18,"Z1.4 single, normal",D,1.0,II,13,0,,accept,2025-02-17 07:27:00,2025-02-19 01:10:00,E-0155,20260106T061500Z-QE24M
RI-25-00315,S-005,bar,8620 bar 19.05 mm,,MC-00692,61,PO-411439,2025-02-19,"Z1.4 single, normal",E,1.0,II,13,0,,accept,2025-02-17 11:08:00,2025-02-18 03:54:00,E-0155,20260106T061500Z-QE24M
RI-25-00316,S-006,bar,303 bar 50.8 mm,,MC-00688,48,PO-465444,2025-02-19,"Z1.4 single, normal",D,1.0,II,10,0,,accept,2025-02-17 11:11:00,2025-02-17 22:59:00,E-0155,20260106T061500Z-QE24M
RI-25-00317,S-008,bar,304 bar 25.4 mm,,MC-00689,67,PO-483329,2025-02-18,"Z1.4 single, normal",E,1.0,II,5,0,,accept,2025-02-17 10:23:00,2025-02-18 02:36:00,E-0155,20260106T061500Z-QE24M
RI-25-00318,S-011,bar,17-4 bar 31.75 mm,,MC-00687,32,PO-445443,2025-02-21,"Z1.4 single, normal",D,1.0,II,8,0,,accept,2025-02-17 08:28:00,2025-02-18 06:12:00,E-0156,20260106T061500Z-QE24M
RI-25-00319,S-013,bar,7075 bar 25.4 mm,,MC-00691,29,PO-436900,2025-02-18,"Z1.4 single, normal",D,1.0,II,7,0,,accept,2025-02-17 11:36:00,2025-02-19 03:28:00,E-0156,20260106T061500Z-QE24M
RI-25-00320,S-017,plated parts,P-13307-B,L25-0063,,891,PO-403818,2025-02-19,"Z1.4 single, normal",J,1.0,II,80,2,plating thickness,accept,2025-02-17 10:42:00,2025-02-18 13:51:00,E-0155,20260106T061500Z-QE24M
RI-25-00321,S-017,plated parts,P-14989-D,L25-0069,,1399,PO-403297,2025-02-19,"Z1.4 single, normal",K,1.0,II,86,2,blisters,accept,2025-02-17 07:31:00,2025-02-18 14:04:00,E-0156,20260106T061500Z-QE24M
RI-25-00322,S-020,plated parts,P-12868-D,L25-0109,,720,PO-494769,2025-02-19,"Z1.4 single, normal",J,1.0,II,62,0,,accept,2025-02-17 13:47:00,2025-02-18 23:25:00,E-0155,20260106T061500Z-QE24M
RI-25-00323,S-027,heat-treated parts,P-11584-A,L25-0082,,1741,PO-494187,2025-02-18,"Z1.4 single, normal",K,1.0,II,125,0,,accept,2025-02-17 11:29:00,2025-02-19 07:54:00,E-0156,20260106T061500Z-QE24M
RI-25-00324,S-027,heat-treated parts,P-13806-A,L25-0091,,1721,PO-443114,2025-02-18,"Z1.4 single, normal",K,1.0,II,125,1,hardness high,accept,2025-02-17 14:07:00,2025-02-19 00:39:00,E-0155,20260106T061500Z-QE24M
RI-25-00325,S-033,heat-treated parts,P-14928-A,L25-0114,,1433,PO-490860,2025-02-20,"Z1.4 single, normal",K,1.0,II,125,0,,accept,2025-02-17 07:14:00,2025-02-18 09:18:00,E-0155,20260106T061500Z-QE24M
RI-25-00326,S-036,heat-treated parts,P-14371-D,L25-0104,,1543,PO-450952,2025-02-19,"Z1.4 single, normal",K,1.0,II,84,0,,accept,2025-02-17 08:41:00,2025-02-18 16:35:00,E-0155,20260106T061500Z-QE24M
RI-25-00327,S-036,heat-treated parts,P-12589-C,L25-0105,,759,PO-450529,2025-02-17,"Z1.4 single, normal",J,1.0,II,80,1,hardness high,accept,2025-02-17 12:50:00,2025-02-18 12:38:00,E-0156,20260106T061500Z-QE24M
RI-25-00328,S-036,heat-treated parts,P-11490-A,L25-0113,,198,PO-402508,2025-02-20,"Z1.4 single, normal",G,1.0,II,50,0,,accept,2025-02-17 12:44:00,2025-02-18 17:49:00,E-0156,20260106T061500Z-QE24M
RI-25-00329,S-036,heat-treated parts,P-14168-B,L25-0123,,952,PO-449364,2025-02-18,"Z1.4 single, normal",J,1.0,II,80,0,,accept,2025-02-17 08:50:00,2025-02-17 16:49:00,E-0155,20260106T061500Z-QE24M
RI-25-00330,S-040,passivated parts,P-11265-A,L25-0108,,1111,PO-442138,2025-02-10,"Z1.4 single, normal",J,1.0,II,80,1,free iron,accept,2025-02-17 07:47:00,2025-02-18 18:29:00,E-0155,20260106T061500Z-QE24M
RI-25-00331,S-056,casting,P-16760-D,,,774,PO-499642,2025-02-17,"Z1.4 single, normal",J,1.0,II,80,1,porosity,accept,2025-02-17 14:51:00,2025-02-19 06:58:00,E-0156,20260106T061500Z-QE24M
RI-25-00332,S-003,bar,4140 bar 63.5 mm,,MC-00696,105,PO-492713,2025-02-21,"Z1.4 single, normal",F,1.0,II,13,0,,accept,2025-02-18 09:07:00,2025-02-19 16:50:00,E-0155,20260106T061500Z-QE24M
RI-25-00333,S-007,bar,303 bar 19.05 mm,,MC-00694,61,PO-472692,2025-02-19,"Z1.4 single, normal",E,1.0,II,13,0,,accept,2025-02-18 12:32:00,2025-02-19 03:01:00,E-0156,20260106T061500Z-QE24M
RI-25-00334,S-007,bar,303 bar 50.8 mm,,MC-00695,95,PO-484397,2025-02-18,"Z1.4 single, normal",F,1.0,II,13,0,,accept,2025-02-18 13:06:00,2025-02-18 22:27:00,E-0156,20260106T061500Z-QE24M
RI-25-00335,S-011,bar,17-4 bar 31.75 mm,,MC-00693,60,PO-410259,2025-02-20,"Z1.4 single, normal",E,1.0,II,6,0,,accept,2025-02-18 08:15:00,2025-02-19 07:28:00,E-0155,20260106T061500Z-QE24M
RI-25-00336,S-020,plated parts,P-14196-A,L25-0071,,1488,PO-496357,2025-02-19,"Z1.4 single, normal",K,1.0,II,125,2,blisters,accept,2025-02-18 13:58:00,2025-02-18 18:14:00,E-0155,20260106T061500Z-QE24M
RI-25-00337,S-025,plated parts,P-13267-B,L25-0116,,853,PO-432351,2025-02-20,"Z1.4 single, normal",J,1.0,II,80,1,adhesion,accept,2025-02-18 13:58:00,2025-02-19 10:32:00,E-0155,20260106T061500Z-QE24M
RI-25-00338,S-029,heat-treated parts,P-13648-A,L25-0111,,2207,PO-472576,2025-02-19,"Z1.4 single, normal",K,1.0,II,125,0,,accept,2025-02-18 08:59:00,2025-02-20 01:25:00,E-0156,20260106T061500Z-QE24M
RI-25-00339,S-031,heat-treated parts,P-12614-A,L25-0120,,560,PO-436710,2025-02-13,"Z1.4 single, normal",J,1.0,II,80,1,hardness high,accept,2025-02-18 12:08:00,2025-02-19 02:29:00,E-0156,20260106T061500Z-QE24M
RI-25-00340,S-031,heat-treated parts,P-12722-A,L25-0133,,427,PO-403994,2025-02-22,"Z1.4 single, normal",H,1.0,II,50,0,,accept,2025-02-18 07:58:00,2025-02-20 00:21:00,E-0155,20260106T061500Z-QE24M
RI-25-00341,S-039,passivated parts,P-11167-D,L25-0127,,1091,PO-404399,2025-02-20,"Z1.4 single, normal",J,1.0,II,80,1,free iron,accept,2025-02-18 08:15:00,2025-02-19 15:57:00,E-0155,20260106T061500Z-QE24M
RI-25-00342,S-041,passivated parts,P-10845-A,L25-0128,,749,PO-417944,2025-02-19,"Z1.4 single, normal",J,1.0,II,80,3,staining,reject,2025-02-18 13:36:00,2025-02-19 05:13:00,E-0155,20260106T061500Z-QE24M
RI-25-00343,S-051,casting,P-10688-A,,,260,PO-469518,2025-02-18,"Z1.4 single, normal",G,1.0,II,33,0,,accept,2025-02-18 07:37:00,2025-02-19 18:51:00,E-0155,20260106T061500Z-QE24M
RI-25-00344,S-051,casting,P-16016-A,,,260,PO-401152,2025-02-22,"Z1.4 single, normal",G,1.0,II,50,0,,accept,2025-02-18 12:54:00,2025-02-20 01:40:00,E-0155,20260106T061500Z-QE24M
RI-25-00345,S-006,bar,303 bar 19.05 mm,,MC-00697,21,PO-422686,2025-02-23,"Z1.4 single, normal",C,1.0,II,13,0,,accept,2025-02-19 10:20:00,2025-02-20 05:01:00,E-0155,20260106T061500Z-QE24M
RI-25-00346,S-013,bar,7075 bar 25.4 mm,,MC-00698,99,PO-435870,2025-02-23,"Z1.4 single, normal",F,1.0,II,13,0,,accept,2025-02-19 10:32:00,2025-02-20 05:49:00,E-0156,20260106T061500Z-QE24M
RI-25-00347,S-039,passivated parts,P-19461-D,L25-0125,,670,PO-437480,2025-02-20,"Z1.4 single, normal",J,1.0,II,80,0,,accept,2025-02-19 12:34:00,2025-02-20 16:15:00,E-0155,20260106T061500Z-QE24M
RI-25-00348,S-042,passivated parts,P-19137-C,L25-0122,,1741,PO-496516,2025-02-23,"Z1.4 single, normal",K,1.0,II,125,0,,accept,2025-02-19 11:16:00,2025-02-19 18:23:00,E-0156,20260106T061500Z-QE24M
RI-25-00349,S-043,passivated parts,P-11889-B,L25-0124,,694,PO-429703,2025-02-17,"Z1.4 single, normal",J,1.0,II,80,0,,accept,2025-02-19 14:22:00,2025-02-20 02:36:00,E-0156,20260106T061500Z-QE24M
RI-25-00350,S-044,passivated parts,P-14524-A,L25-0132,,2768,PO-490209,2025-02-20,"Z1.4 single, normal",K,1.0,II,55,1,staining,accept,2025-02-19 14:47:00,2025-02-20 19:59:00,E-0155,20260106T061500Z-QE24M
RI-25-00351,S-045,anodized parts,P-11923-A,L25-0117,,1126,PO-433544,2025-02-13,"Z1.4 single, normal",J,1.0,II,44,0,,accept,2025-02-19 12:37:00,2025-02-20 14:59:00,E-0156,20260106T061500Z-QE24M
RI-25-00352,S-002,bar,1045 bar 25.4 mm,,MC-00699,76,PO-401025,2025-02-13,"Z1.4 single, normal",E,1.0,II,13,0,,accept,2025-02-20 08:40:00,2025-02-22 04:50:00,E-0156,20260106T061500Z-QE24M
RI-25-00353,S-004,bar,4140 bar 44.45 mm,,MC-00700,101,PO-480143,2025-02-15,"Z1.4 single, normal",F,1.0,II,13,0,,accept,2025-02-20 09:33:00,2025-02-20 15:28:00,E-0156,20260106T061500Z-QE24M
RI-25-00354,S-023,plated parts,P-18795-A,L25-0079,,967,PO-458961,2025-02-23,"Z1.4 single, normal",J,1.0,II,80,0,,accept,2025-02-20 07:18:00,2025-02-20 16:24:00,E-0156,20260106T061500Z-QE24M
RI-25-00355,S-044,passivated parts,P-12750-D,L25-0078,,2172,PO-434046,2025-02-24,"Z1.4 single, normal",K,1.0,II,125,3,staining,accept,2025-02-20 13:49:00,2025-02-21 18:39:00,E-0156,20260106T061500Z-QE24M
RI-25-00356,S-051,casting,P-16933-A,,,310,PO-412784,2025-02-23,"Z1.4 single, normal",H,1.0,II,50,1,porosity,accept,2025-02-20 11:33:00,2025-02-21 01:07:00,E-0156,20260106T061500Z-QE24M
RI-25-00357,S-033,heat-treated parts,P-14952-A,L25-0137,,1428,PO-412978,2025-02-24,"Z1.4 single, normal",K,1.0,II,125,1,distortion,accept,2025-02-21 09:02:00,2025-02-21 19:56:00,E-0156,20260106T061500Z-QE24M
RI-25-00358,S-036,heat-treated parts,P-16903-B,L25-0112,,913,PO-447291,2025-02-18,"Z1.4 single, normal",J,1.0,II,80,0,,accept,2025-02-21 12:29:00,2025-02-21 22:26:00,E-0155,20260106T061500Z-QE24M
RI-25-00359,S-044,passivated parts,P-11226-C,L25-0121,,1488,PO-411385,2025-02-18,"Z1.4 single, normal",K,1.0,II,125,0,,accept,2025-02-21 07:56:00,2025-02-22 10:29:00,E-0155,20260106T061500Z-QE24M
RI-25-00360,S-053,casting,P-11557-C,,,240,PO-459105,2025-02-26,"Z1.4 single, normal",G,1.0,II,50,0,,accept,2025-02-23 09:38:00,2025-02-24 09:29:00,E-0156,20260106T061500Z-QE24M
RI-25-00361,S-055,casting,P-11072-B,,,840,PO-478809,2025-02-23,"Z1.4 single, normal",J,1.0,II,80,0,,accept,2025-02-23 11:12:00,2025-02-23 18:41:00,E-0156,20260106T061500Z-QE24M
RI-25-00362,S-003,bar,4140 bar 25.4 mm,,MC-00701,67,PO-403869,2025-02-25,"Z1.4 single, normal",E,1.0,II,13,0,,accept,2025-02-24 13:43:00,2025-02-26 11:16:00,E-0155,20260106T061500Z-QE24M
RI-25-00363,S-003,bar,4140 bar 63.5 mm,,MC-00702,104,PO-451433,2025-02-25,"Z1.4 single, normal",F,1.0,II,13,0,,accept,2025-02-24 09:32:00,2025-02-25 01:13:00,E-0156,20260106T061500Z-QE24M
RI-25-00364,S-012,bar,6061 bar 38.1 mm,,MC-00703,73,PO-427780,2025-02-25,"Z1.4 single, normal",E,1.0,II,13,0,,accept,2025-02-24 14:09:00,2025-02-24 18:06:00,E-0155,20260106T061500Z-QE24M
RI-25-00365,S-015,plated parts,P-14371-D,L25-0104,,1543,PO-491830,2025-02-26,"Z1.4 single, normal",K,1.0,II,125,0,,accept,2025-02-24 10:30:00,2025-02-25 18:53:00,E-0155,20260106T061500Z-QE24M
RI-25-00366,S-020,plated parts,P-18035-B,L25-0080,,491,PO-451877,2025-02-27,"Z1.4 single, normal",H,1.0,II,50,0,,accept,2025-02-24 07:15:00,2025-02-25 20:58:00,E-0155,20260106T061500Z-QE24M
RI-25-00367,S-020,plated parts,P-12828-B,L25-0084,,1494,PO-434964,2025-02-27,"Z1.4 single, normal",K,1.0,II,125,0,,accept,2025-02-24 09:56:00,2025-02-24 13:14:00,E-0156,20260106T061500Z-QE24M
RI-25-00368,S-021,plated parts,P-10407-A,L25-0142,,704,PO-440983,2025-02-24,"Z1.4 single, normal",J,1.0,II,80,0,,accept,2025-02-24 14:50:00,2025-02-25 07:52:00,E-0155,20260106T061500Z-QE24M
RI-25-00369,S-022,plated parts,P-11584-A,L25-0082,,1741,PO-462507,2025-02-25,"Z1.4 single, normal",K,1.0,II,125,2,adhesion,accept,2025-02-24 13:16:00,2025-02-25 21:50:00,E-0155,20260106T061500Z-QE24M
RI-25-00370,S-022,plated parts,P-11490-A,L25-0113,,198,PO-497673,2025-02-25,"Z1.4 single, normal",G,1.0,II,36,1,blisters,accept,2025-02-24 13:34:00,2025-02-25 08:04:00,E-0156,20260106T061500Z-QE24M
RI-25-00371,S-022,plated parts,P-14168-B,L25-0123,,952,PO-414246,2025-02-26,"Z1.4 single, normal",J,1.0,II,80,0,,accept,2025-02-24 07:46:00,2025-02-24 13:09:00,E-0155,20260106T061500Z-QE24M
RI-25-00372,S-023,plated parts,P-14212-C,L25-0107,,833,PO-412134,2025-02-26,"Z1.4 single, normal",J,1.0,II,80,0,,accept,2025-02-24 07:04:00,2025-02-24 08:48:00,E-0156,20260106T061500Z-QE24M
RI-25-00373,S-025,plated parts,P-11072-B,L25-0099,,516,PO-452716,2025-02-24,"Z1.4 single, normal",J,1.0,II,80,1,adhesion,accept,2025-02-24 08:03:00,2025-02-25 17:20:00,E-0156,20260106T061500Z-QE24M
RI-25-00374,S-025,plated parts,P-18488-C,L25-0119,,1205,PO-426391,2025-02-28,"Z1.4 single, normal",K,1.0,II,125,1,plating thickness,accept,2025-02-24 10:08:00,2025-02-25 12:57:00,E-0155,20260106T061500Z-QE24M
RI-25-00375,S-025,plated parts,P-14134-A,L25-0134,,1543,PO-419302,2025-02-28,"Z1.4 single, normal",K,1.0,II,125,1,staining,accept,2025-02-24 13:20:00,2025-02-26 09:10:00,E-0156,20260106T061500Z-QE24M
RI-25-00376,S-026,plated parts,P-16933-A,L25-0110,,903,PO-424311,2025-02-25,"Z1.4 single, normal",J,1.0,II,80,0,,accept,2025-02-24 13:06:00,2025-02-25 14:42:00,E-0156,20260106T061500Z-QE24M
RI-25-00377,S-027,heat-treated parts,P-13403-A,L25-0159,,752,PO-496969,2025-02-24,"Z1.4 single, normal",J,1.0,II,80,0,,accept,2025-02-24 07:10:00,2025-02-24 11:43:00,E-0156,20260106T061500Z-QE24M
RI-25-00378,S-032,heat-treated parts,P-18251-A,L25-0130,,937,PO-452174,2025-02-25,"Z1.4 single, normal",J,1.0,II,80,0,,accept,2025-02-24 14:08:00,2025-02-25 23:51:00,E-0155,20260106T061500Z-QE24M
RI-25-00379,S-033,heat-treated parts,P-17849-A,L25-0131,,1552,PO-425816,2025-02-28,"Z1.4 single, normal",K,1.0,II,92,1,distortion,accept,2025-02-24 14:17:00,2025-02-26 03:46:00,E-0156,20260106T061500Z-QE24M
RI-25-00380,S-033,heat-treated parts,P-11373-D,L25-0139,,243,PO-470725,2025-02-24,"Z1.4 single, normal",G,1.0,II,26,0,,accept,2025-02-24 10:58:00,2025-02-25 23:10:00,E-0155,20260106T061500Z-QE24M
RI-25-00381,S-040,passivated parts,P-17995-A,L25-0102,,813,PO-445917,2025-02-19,"Z1.4 single, normal",J,1.0,II,80,3,staining,reject,2025-02-24 11:59:00,2025-02-25 19:30:00,E-0155,20260106T061500Z-QE24M
RI-25-00382,S-040,passivated parts,P-16637-A,L25-0144,,501,PO-491374,2025-02-24,"Z1.4 single, normal",J,1.0,II,80,0,,accept,2025-02-24 14:57:00,2025-02-25 08:08:00,E-0155,20260106T061500Z-QE24M
RI-25-00383,S-040,passivated parts,P-11320-D,L25-0145,,1106,PO-403200,2025-02-27,"Z1.4 single, normal",J,1.0,II,60,0,,accept,2025-02-24 12:18:00,2025-02-26 00:54:00,E-0156,20260106T061500Z-QE24M
RI-25-00384,S-042,passivated parts,P-12722-A,L25-0133,,427,PO-457997,2025-02-25,"Z1.4 single, normal",H,1.0,II,50,0,,accept,2025-02-24 11:54:00,2025-02-26 10:51:00,E-0155,20260106T061500Z-QE24M
RI-25-00385,S-043,passivated parts,P-15789-B,L25-0126,,1235,PO-407554,2025-02-27,"Z1.4 single, normal",K,1.0,II,125,0,,accept,2025-02-24 09:59:00,2025-02-25 17:49:00,E-0155,20260106T061500Z-QE24M
RI-25-00386,S-048,anodized parts,P-11950-A,L25-0146,,868,PO-478723,2025-02-25,"Z1.4 single, normal",J,1.0,II,80,0,,accept,2025-02-24 07:54:00,2025-02-26 06:17:00,E-0155,20260106T061500Z-QE24M
RI-25-00387,S-051,casting,P-15905-D,,,770,PO-422384,2025-02-15,"Z1.4 single, normal",J,1.0,II,80,1,dimension,accept,2025-02-24 10:05:00,2025-02-24 10:42:00,E-0156,20260106T061500Z-QE24M
RI-25-00388,S-059,purchased components,threaded inserts,,,878,PO-461931,2025-02-24,"Z1.4 single, normal",J,1.0,II,80,3,dimension,reject,2025-02-24 12:57:00,2025-02-25 08:40:00,E-0156,20260106T061500Z-QE24M
RI-25-00389,S-003,bar,4140 bar 25.4 mm,,MC-00706,101,PO-444180,2025-02-16,"Z1.4 single, normal",F,1.0,II,13,0,,accept,2025-02-25 07:59:00,2025-02-26 00:14:00,E-0155,20260106T061500Z-QE24M
RI-25-00390,S-003,bar,4140 bar 63.5 mm,,MC-00707,116,PO-446599,2025-02-26,"Z1.4 single, normal",F,1.0,II,8,0,,accept,2025-02-25 13:28:00,2025-02-26 10:22:00,E-0156,20260106T061500Z-QE24M
RI-25-00391,S-009,bar,316 bar 25.4 mm,,MC-00705,51,PO-493394,2025-03-01,"Z1.4 single, normal",E,1.0,II,13,0,,accept,2025-02-25 10:17:00,2025-02-26 02:42:00,E-0156,20260106T061500Z-QE24M
RI-25-00392,S-011,bar,17-4 bar 25.4 mm,,MC-00704,81,PO-427110,2025-02-25,"Z1.4 single, normal",E,1.0,II,13,0,,accept,2025-02-25 09:35:00,2025-02-25 14:52:00,E-0155,20260106T061500Z-QE24M
RI-25-00393,S-016,plated parts,P-13806-A,L25-0091,,1721,PO-477024,2025-02-28,"Z1.4 single, normal",K,1.0,II,125,2,staining,accept,2025-02-25 13:45:00,2025-02-26 22:31:00,E-0155,20260106T061500Z-QE24M
RI-25-00394,S-016,plated parts,P-16760-D,L25-0155,,610,PO-481879,2025-02-18,"Z1.4 single, normal",J,1.0,II,80,0,,accept,2025-02-25 08:02:00,2025-02-25 20:06:00,E-0156,20260106T061500Z-QE24M
RI-25-00395,S-022,plated parts,P-13648-A,L25-0111,,2207,PO-475967,2025-02-25,"Z1.4 single, normal",K,1.0,II,97,0,,accept,2025-02-25 09:11:00,2025-02-26 15:58:00,E-0155,20260106T061500Z-QE24M
RI-25-00396,S-033,heat-treated parts,P-14108-A,L25-0136,,1696,PO-491856,2025-03-01,"Z1.4 single, normal",K,1.0,II,125,0,,accept,2025-02-25 13:50:00,2025-02-27 05:38:00,E-0155,20260106T061500Z-QE24M
RI-25-00397,S-033,heat-treated parts,P-12861-C,L25-0148,,1601,PO-484207,2025-03-01,"Z1.4 single, normal",K,1.0,II,125,0,,accept,2025-02-25 10:44:00,2025-02-27 07:13:00,E-0156,20260106T061500Z-QE24M
RI-25-00398,S-035,heat-treated parts,P-16863-B,L25-0149,,759,PO-499392,2025-03-01,"Z1.4 single, normal",J,1.0,II,80,0,,accept,2025-02-25 14:56:00,2025-02-26 00:37:00,E-0155,20260106T061500Z-QE24M
RI-25-00399,S-036,heat-treated parts,P-18841-A,L25-0141,,1667,PO-421809,2025-02-24,"Z1.4 single, normal",K,1.0,II,125,2,hardness low,accept,2025-02-25 08:01:00,2025-02-26 17:34:00,E-0155,20260106T061500Z-QE24M
RI-25-00400,S-040,passivated parts,P-16034-D,L25-0129,,1473,PO-497812,2025-02-25,"Z1.4 single, normal",K,1.0,II,125,1,free iron,accept,2025-02-25 08:29:00,2025-02-26 04:23:00,E-0156,20260106T061500Z-QE24M
RI-25-00401,S-042,passivated parts,P-12589-C,L25-0105,,759,PO-463411,2025-02-25,"Z1.4 single, normal",J,1.0,II,44,0,,accept,2025-02-25 14:39:00,2025-02-26 03:54:00,E-0156,20260106T061500Z-QE24M
RI-25-00402,S-055,casting,P-12023-C,,,330,PO-424462,2025-02-26,"Z1.4 single, normal",H,1.0,II,50,1,dimension,accept,2025-02-25 14:17:00,2025-02-25 21:28:00,E-0155,20260106T061500Z-QE24M
RI-25-00403,S-044,passivated parts,P-16180-A,L25-0152,,843,PO-400464,2025-03-01,"Z1.4 single, normal",J,1.0,II,80,0,,accept,2025-02-26 07:16:00,2025-02-27 07:57:00,E-0156,20260106T061500Z-QE24M
RI-25-00404,S-048,anodized parts,P-17389-B,L25-0147,,362,PO-493539,2025-03-01,"Z1.4 single, normal",H,1.0,II,50,0,,accept,2025-02-26 12:38:00,2025-02-27 12:31:00,E-0156,20260106T061500Z-QE24M
RI-25-00405,S-009,bar,316 bar 25.4 mm,,MC-00708,32,PO-422213,2025-03-01,"Z1.4 single, normal",D,1.0,II,13,0,,accept,2025-02-27 12:22:00,2025-02-28 02:40:00,E-0155,20260106T061500Z-QE24M
RI-25-00406,S-027,heat-treated parts,P-12878-C,L25-0156,,667,PO-481208,2025-03-01,"Z1.4 single, normal",J,1.0,II,57,0,,accept,2025-02-27 12:59:00,2025-02-28 11:09:00,E-0156,20260106T061500Z-QE24M
RI-25-00407,S-030,heat-treated parts,P-10365-A,L25-0140,,1726,PO-411410,2025-03-03,"Z1.4 single, normal",K,1.0,II,125,3,hardness low,accept,2025-02-27 08:47:00,2025-02-27 15:18:00,E-0156,20260106T061500Z-QE24M
RI-25-00408,S-044,passivated parts,P-12065-A,L25-0167,,1017,PO-471880,2025-02-18,"Z1.4 single, normal",J,1.0,II,80,0,,accept,2025-02-27 11:54:00,2025-02-27 16:37:00,E-0156,20260106T061500Z-QE24M
RI-25-00409,S-048,anodized parts,P-13863-B,L25-0118,,1329,PO-465788,2025-03-03,"Z1.4 single, normal",K,1.0,II,125,0,,accept,2025-02-27 10:46:00,2025-02-28 23:06:00,E-0156,20260106T061500Z-QE24M
RI-25-00410,S-003,bar,4140 bar 31.75 mm,,MC-00709,45,PO-481498,2025-03-03,"Z1.4 single, normal",D,1.0,II,13,0,,accept,2025-02-28 08:13:00,2025-02-28 17:44:00,E-0156,20260106T061500Z-QE24M
RI-25-00411,S-020,plated parts,P-18604-C,L25-0168,,1647,PO-494248,2025-03-04,"Z1.4 single, normal",K,1.0,II,125,2,adhesion,accept,2025-02-28 12:34:00,2025-02-28 15:39:00,E-0156,20260106T061500Z-QE24M
RI-25-00412,S-029,heat-treated parts,P-17901-A,L25-0160,,1017,PO-427309,2025-03-04,"Z1.4 single, normal",J,1.0,II,80,0,,accept,2025-02-28 11:56:00,2025-03-01 19:46:00,E-0155,20260106T061500Z-QE24M
RI-25-00413,S-036,heat-treated parts,P-13483-A,L25-0177,,799,PO-454533,2025-03-04,"Z1.4 single, normal",J,1.0,II,80,0,,accept,2025-02-28 10:40:00,2025-03-01 11:38:00,E-0155,20260106T061500Z-QE24M
RI-25-00414,S-055,casting,P-10407-A,,,1500,PO-440953,2025-03-01,"Z1.4 single, normal",K,1.0,II,125,1,porosity,accept,2025-02-28 11:29:00,2025-03-01 21:39:00,E-0156,20260106T061500Z-QE24M
RI-25-00415,S-058,purchased components,O-rings,,,4800,PO-498255,2025-03-03,"Z1.4 single, normal",L,1.0,II,200,0,,accept,2025-02-28 11:24:00,2025-03-01 13:48:00,E-0156,20260106T061500Z-QE24M
RI-25-00416,S-054,casting,P-17127-A,,,1020,PO-493683,2025-03-02,"Z1.4 single, normal",J,1.0,II,51,1,porosity,accept,2025-03-02 14:33:00,2025-03-03 01:13:00,E-0155,20260106T061500Z-QE24M
RI-25-00417,S-003,bar,4140 bar 31.75 mm,,MC-00711,96,PO-452311,2025-03-04,"Z1.4 single, normal",F,1.0,II,13,0,,accept,2025-03-03 11:01:00,2025-03-03 23:21:00,E-0155,20260106T061500Z-QE24M
RI-25-00418,S-004,bar,4140 bar 38.1 mm,,MC-00712,118,PO-461843,2025-03-07,"Z1.4 single, normal",F,1.0,II,6,0,,accept,2025-03-03 08:57:00,2025-03-03 13:07:00,E-0156,20260106T061500Z-QE24M
RI-25-00419,S-010,bar,316 bar 38.1 mm,,MC-00710,79,PO-448101,2025-03-03,"Z1.4 single, normal",E,1.0,II,13,0,,accept,2025-03-03 13:09:00,2025-03-04 18:05:00,E-0156,20260106T061500Z-QE24M
RI-25-00420,S-013,bar,7075 bar 50.8 mm,,MC-00713,20,PO-482398,2025-03-05,"Z1.4 single, normal",C,1.0,II,13,0,,accept,2025-03-03 09:13:00,2025-03-04 02:21:00,E-0156,20260106T061500Z-QE24M
RI-25-00421,S-016,plated parts,P-11373-D,L25-0139,,243,PO-448049,2025-03-06,"Z1.4 single, normal",G,1.0,II,50,0,,accept,2025-03-03 09:27:00,2025-03-05 07:38:00,E-0155,20260106T061500Z-QE24M
RI-25-00422,S-017,plated parts,P-14928-A,L25-0114,,1433,PO-422024,2025-03-05,"Z1.4 single, normal",K,1.0,II,125,0,,accept,2025-03-03 09:23:00,2025-03-03 14:54:00,E-0155,20260106T061500Z-QE24M
RI-25-00423,S-018,plated parts,P-14103-B,L25-0150,,2420,PO-443408,2025-03-07,"Z1.4 single, normal",K,1.0,II,125,0,,accept,2025-03-03 14:02:00,2025-03-04 12:35:00,E-0156,20260106T061500Z-QE24M
RI-25-00424,S-023,plated parts,P-18526-A,L25-0135,,3591,PO-455964,2025-03-07,"Z1.4 single, normal",L,1.0,II,200,0,,accept,2025-03-03 11:05:00,2025-03-04 03:26:00,E-0155,20260106T061500Z-QE24M
RI-25-00425,S-025,plated parts,P-18251-A,L25-0130,,937,PO-411954,2025-03-06,"Z1.4 single, normal",J,1.0,II,80,1,adhesion,accept,2025-03-03 09:26:00,2025-03-04 20:33:00,E-0156,20260106T061500Z-QE24M
RI-25-00426,S-030,heat-treated parts,P-10900-A,L25-0138,,4900,PO-485392,2025-03-04,"Z1.4 single, normal",L,1.0,II,200,3,distortion,accept,2025-03-03 09:32:00,2025-03-05 04:30:00,E-0155,20260106T061500Z-QE24M
RI-25-00427,S-031,heat-treated parts,P-18115-C,L25-0157,,967,PO-491977,2025-03-04,"Z1.4 single, normal",J,1.0,II,80,1,hardness low,accept,2025-03-03 12:05:00,2025-03-04 17:43:00,E-0156,20260106T061500Z-QE24M
RI-25-00428,S-033,heat-treated parts,P-13458-B,L25-0188,,866,PO-442347,2025-03-06,"Z1.4 single, normal",J,1.0,II,80,1,distortion,accept,2025-03-03 12:38:00,2025-03-05 12:29:00,E-0155,20260106T061500Z-QE24M
RI-25-00429,S-034,heat-treated parts,P-13797-A,L25-0166,,317,PO-437102,2025-03-04,"Z1.4 single, normal",H,1.0,II,50,1,hardness low,accept,2025-03-03 09:51:00,2025-03-04 23:22:00,E-0155,20260106T061500Z-QE24M
RI-25-00430,S-036,heat-treated parts,P-17841-B,L25-0158,,804,PO-442191,2025-03-04,"Z1.4 single, normal",J,1.0,II,35,0,,accept,2025-03-03 10:45:00,2025-03-03 13:15:00,E-0156,20260106T061500Z-QE24M
RI-25-00431,S-038,passivated parts,P-16219-B,L25-0170,,1161,PO-452673,2025-02-25,"Z1.4 single, normal",J,1.0,II,80,3,free iron,reject,2025-03-03 12:00:00,2025-03-04 11:32:00,E-0156,20260106T061500Z-QE24M
RI-25-00432,S-040,passivated parts,P-11163-D,L25-0163,,2182,PO-424825,2025-03-07,"Z1.4 single, normal",K,1.0,II,125,1,staining,accept,2025-03-03 08:08:00,2025-03-04 10:45:00,E-0155,20260106T061500Z-QE24M
RI-25-00433,S-040,passivated parts,P-14681-B,L25-0181,,719,PO-489358,2025-03-07,"Z1.4 single, normal",J,1.0,II,80,0,,accept,2025-03-03 12:05:00,2025-03-05 02:48:00,E-0155,20260106T061500Z-QE24M
RI-25-00434,S-042,passivated parts,P-12614-A,L25-0120,,560,PO-438925,2025-03-06,"Z1.4 single, normal",J,1.0,II,80,0,,accept,2025-03-03 10:05:00,2025-03-05 02:15:00,E-0156,20260106T061500Z-QE24M
RI-25-00435,S-042,passivated parts,P-15438-D,L25-0162,,546,PO-445797,2025-03-04,"Z1.4 single, normal",J,1.0,II,80,1,staining,accept,2025-03-03 09:13:00,2025-03-04 00:34:00,E-0156,20260106T061500Z-QE24M
RI-25-00436,S-043,passivated parts,P-16316-C,L25-0143,,3755,PO-478521,2025-03-06,"Z1.4 single, normal",L,1.0,II,200,0,,accept,2025-03-03 07:55:00,2025-03-04 05:37:00,E-0156,20260106T061500Z-QE24M
RI-25-00437,S-044,passivated parts,P-16473-D,L25-0154,,719,PO-496847,2025-03-06,"Z1.4 single, normal",J,1.0,II,80,0,,accept,2025-03-03 09:11:00,2025-03-03 22:52:00,E-0155,20260106T061500Z-QE24M
RI-25-00438,S-044,passivated parts,P-16180-A,L25-0165,,794,PO-487804,2025-03-03,"Z1.4 single, normal",J,1.0,II,57,0,,accept,2025-03-03 07:48:00,2025-03-05 06:54:00,E-0156,20260106T061500Z-QE24M
RI-25-00439,S-047,anodized parts,P-13926-A,L25-0093,,4831,PO-445190,2025-03-06,"Z1.4 single, normal",L,1.0,II,200,1,color,accept,2025-03-03 12:50:00,2025-03-05 03:12:00,E-0155,20260106T061500Z-QE24M
RI-25-00440,S-003,bar,4140 bar 31.75 mm,,MC-00714,34,PO-442650,2025-03-04,"Z1.4 single, normal",D,1.0,II,13,0,,accept,2025-03-04 14:00:00,2025-03-06 07:36:00,E-0155,20260106T061500Z-QE24M
RI-25-00441,S-018,plated parts,P-12861-C,L25-0148,,1601,PO-416895,2025-03-07,"Z1.4 single, normal",K,1.0,II,125,0,,accept,2025-03-04 11:53:00,2025-03-05 22:15:00,E-0156,20260106T061500Z-QE24M
RI-25-00442,S-038,passivated parts,P-17849-A,L25-0131,,1552,PO-413525,2025-03-05,"Z1.4 single, normal",K,1.0,II,63,1,staining,accept,2025-03-04 07:26:00,2025-03-04 18:18:00,E-0155,20260106T061500Z-QE24M
RI-25-00443,S-039,passivated parts,P-11282-A,L25-0176,,1066,PO-453305,2025-03-07,"Z1.4 single, normal",J,1.0,II,80,1,staining,accept,2025-03-04 12:39:00,2025-03-05 04:37:00,E-0155,20260106T061500Z-QE24M
RI-25-00444,S-044,passivated parts,P-11301-A,L25-0171,,1081,PO-426773,2025-03-06,"Z1.4 single, normal",J,1.0,II,80,0,,accept,2025-03-04 14:34:00,2025-03-04 22:43:00,E-0155,20260106T061500Z-QE24M
RI-25-00445,S-017,plated parts,P-14952-A,L25-0137,,1428,PO-449981,2025-03-05,"Z1.4 single, normal",K,1.0,II,125,1,staining,accept,2025-03-05 13:08:00,2025-03-05 22:25:00,E-0155,20260106T061500Z-QE24M
RI-25-00446,S-033,heat-treated parts,P-13357-A,L25-0182,,1205,PO-479883,2025-03-09,"Z1.4 single, normal",K,1.0,II,125,0,,accept,2025-03-05 10:46:00,2025-03-07 01:09:00,E-0156,20260106T061500Z-QE24M
RI-25-00447,S-036,heat-treated parts,P-12925-A,L25-0192,,974,PO-440517,2025-03-08,"Z1.4 single, normal",J,1.0,II,80,1,hardness high,accept,2025-03-05 13:14:00,2025-03-07 02:09:00,E-0156,20260106T061500Z-QE24M
RI-25-00448,S-042,passivated parts,P-14885-D,L25-0191,,377,PO-439772,2025-03-06,"Z1.4 single, normal",H,1.0,II,50,0,,accept,2025-03-05 09:55:00,2025-03-05 23:18:00,E-0156,20260106T061500Z-QE24M
RI-25-00449,S-017,plated parts,P-13403-A,L25-0159,,752,PO-453921,2025-03-09,"Z1.4 single, normal",J,1.0,II,80,1,adhesion,accept,2025-03-06 13:13:00,2025-03-07 07:58:00,E-0156,20260106T061500Z-QE24M
RI-25-00450,S-040,passivated parts,P-16209-A,L25-0174,,1647,PO-428630,2025-03-07,"Z1.4 single, normal",K,1.0,II,125,0,,accept,2025-03-06 12:06:00,2025-03-08 09:02:00,E-0156,20260106T061500Z-QE24M
RI-25-00451,S-043,passivated parts,P-17532-A,L25-0172,,689,PO-484069,2025-03-06,"Z1.4 single, normal",J,1.0,II,80,0,,accept,2025-03-06 07:37:00,2025-03-07 12:40:00,E-0156,20260106T061500Z-QE24M
RI-25-00452,S-045,anodized parts,P-11962-A,L25-0186,,466,PO-401861,2025-03-10,"Z1.4 single, normal",H,1.0,II,50,0,,accept,2025-03-06 13:21:00,2025-03-07 22:49:00,E-0156,20260106T061500Z-QE24M
RI-25-00453,S-051,casting,P-12004-A,,,1130,PO-447495,2025-03-06,"Z1.4 single, normal",J,1.0,II,80,2,dimension,accept,2025-03-06 07:08:00,2025-03-06 14:12:00,E-0156,20260106T061500Z-QE24M
RI-25-00454,S-004,bar,4140 bar 63.5 mm,,MC-00715,20,PO-465903,2025-03-09,"Z1.4 single, normal",C,1.0,II,13,0,,accept,2025-03-07 10:18:00,2025-03-08 20:32:00,E-0156,20260106T061500Z-QE24M
RI-25-00455,S-019,plated parts,P-18338-C,L25-0179,,893,PO-408711,2025-03-08,"Z1.4 single, normal",J,1.0,II,80,0,,accept,2025-03-07 12:08:00,2025-03-07 22:40:00,E-0155,20260106T061500Z-QE24M
RI-25-00456,S-033,heat-treated parts,P-13821-A,L25-0180,,1676,PO-468063,2025-03-08,"Z1.4 single, normal",K,1.0,II,125,0,,accept,2025-03-07 07:22:00,2025-03-07 22:02:00,E-0155,20260106T061500Z-QE24M
RI-25-00457,S-034,heat-treated parts,P-15142-A,L25-0169,,1295,PO-405555,2025-02-28,"Z1.4 single, normal",K,1.0,II,125,1,hardness high,accept,2025-03-07 11:01:00,2025-03-07 23:57:00,E-0155,20260106T061500Z-QE24M
RI-25-00458,S-036,heat-treated parts,P-13380-B,L25-0185,,901,PO-440369,2025-03-09,"Z1.4 single, normal",J,1.0,II,80,0,,accept,2025-03-07 09:37:00,2025-03-08 03:31:00,E-0156,20260106T061500Z-QE24M
RI-25-00459,S-036,heat-treated parts,P-14117-A,L25-0187,,1171,PO-486288,2025-03-11,"Z1.4 single, normal",J,1.0,II,80,0,,accept,2025-03-07 12:48:00,2025-03-08 18:35:00,E-0155,20260106T061500Z-QE24M
RI-25-00460,S-039,passivated parts,P-17672-D,L25-0183,,1652,PO-436097,2025-03-10,"Z1.4 single, normal",K,1.0,II,125,0,,accept,2025-03-07 09:45:00,2025-03-08 05:26:00,E-0155,20260106T061500Z-QE24M
RI-25-00461,S-040,passivated parts,P-17038-D,L25-0190,,992,PO-426399,2025-03-10,"Z1.4 single, normal",J,1.0,II,80,2,free iron,accept,2025-03-07 12:42:00,2025-03-08 22:39:00,E-0155,20260106T061500Z-QE24M
RI-25-00462,S-053,casting,P-10688-A,,,440,PO-441806,2025-03-10,"Z1.4 single, normal",H,1.0,II,50,4,porosity,reject,2025-03-07 07:51:00,2025-03-08 23:14:00,E-0155,20260106T061500Z-QE24M
RI-25-00463,S-054,casting,P-15861-B,,,830,PO-488644,2025-03-08,"Z1.4 single, normal",J,1.0,II,80,0,,accept,2025-03-07 13:15:00,2025-03-09 05:53:00,E-0155,20260106T061500Z-QE24M
RI-25-00464,S-058,purchased components,O-rings,,,4450,PO-496922,2025-03-03,"Z1.4 single, normal",L,1.0,II,200,0,,accept,2025-03-07 12:08:00,2025-03-08 04:10:00,E-0156,20260106T061500Z-QE24M
RI-25-00465,S-051,casting,P-11889-B,,,410,PO-402896,2025-03-08,"Z1.4 single, normal",H,1.0,II,50,0,,accept,2025-03-08 13:05:00,2025-03-10 09:04:00,E-0156,20260106T061500Z-QE24M
RI-25-00466,S-005,bar,8620 bar 19.05 mm,,MC-00717,94,PO-470415,2025-03-13,"Z1.4 single, normal",F,1.0,II,13,0,,accept,2025-03-10 14:55:00,2025-03-11 21:55:00,E-0156,20260106T061500Z-QE24M
RI-25-00467,S-007,bar,303 bar 38.1 mm,,MC-00716,82,PO-405476,2025-03-12,"Z1.4 single, normal",E,1.0,II,10,0,,accept,2025-03-10 09:15:00,2025-03-12 02:05:00,E-0155,20260106T061500Z-QE24M
RI-25-00468,S-016,plated parts,P-16903-B,L25-0112,,913,PO-426806,2025-03-12,"Z1.4 single, normal",J,1.0,II,80,0,,accept,2025-03-10 07:12:00,2025-03-11 08:13:00,E-0155,20260106T061500Z-QE24M
RI-25-00469,S-017,plated parts,P-13458-B,L25-0188,,866,PO-403535,2025-03-10,"Z1.4 single, normal",J,1.0,II,80,0,,accept,2025-03-10 14:49:00,2025-03-11 10:20:00,E-0155,20260106T061500Z-QE24M
RI-25-00470,S-020,plated parts,P-10365-A,L25-0140,,1726,PO-477138,2025-03-03,"Z1.4 single, normal",K,1.0,II,125,0,,accept,2025-03-10 08:46:00,2025-03-10 14:18:00,E-0156,20260106T061500Z-QE24M
RI-25-00471,S-023,plated parts,P-14108-A,L25-0136,,1696,PO-415164,2025-03-14,"Z1.4 single, normal",K,1.0,II,125,2,adhesion,accept,2025-03-10 08:24:00,2025-03-11 15:17:00,E-0156,20260106T061500Z-QE24M
RI-25-00472,S-023,plated parts,P-16863-B,L25-0149,,759,PO-495590,2025-03-12,"Z1.4 single, normal",J,1.0,II,48,0,,accept,2025-03-10 09:40:00,2025-03-11 22:41:00,E-0155,20260106T061500Z-QE24M
RI-25-00473,S-025,plated parts,P-18841-A,L25-0141,,1667,PO-429350,2025-03-11,"Z1.4 single, normal",K,1.0,II,125,0,,accept,2025-03-10 07:25:00,2025-03-10 11:46:00,E-0156,20260106T061500Z-QE24M
RI-25-00474,S-025,plated parts,P-13797-A,L25-0166,,317,PO-401502,2025-03-12,"Z1.4 single, normal",H,1.0,II,32,0,,accept,2025-03-10 08:22:00,2025-03-11 14:04:00,E-0156,20260106T061500Z-QE24M
RI-25-00475,S-026,plated parts,P-12878-C,L25-0156,,667,PO-433615,2025-03-12,"Z1.4 single, normal",J,1.0,II,80,1,adhesion,accept,2025-03-10 09:54:00,2025-03-10 14:22:00,E-0155,20260106T061500Z-QE24M
RI-25-00476,S-029,heat-treated parts,P-16839-B,L25-0153,,2485,PO-448890,2025-03-13,"Z1.4 single, normal",K,1.0,II,125,0,,accept,2025-03-10 13:57:00,2025-03-11 09:17:00,E-0155,20260106T061500Z-QE24M
RI-25-00477,S-033,heat-treated parts,P-12543-C,L25-0184,,838,PO-479363,2025-03-12,"Z1.4 single, normal",J,1.0,II,80,0,,accept,2025-03-10 13:06:00,2025-03-11 21:59:00,E-0156,20260106T061500Z-QE24M
RI-25-00478,S-037,passivated parts,P-15723-A,L25-0178,,1662,PO-483846,2025-03-13,"Z1.4 single, normal",K,1.0,II,70,0,,accept,2025-03-10 08:46:00,2025-03-11 19:54:00,E-0156,20260106T061500Z-QE24M
RI-25-00479,S-038,passivated parts,P-15382-A,L25-0212,,848,PO-454491,2025-03-13,"Z1.4 single, normal",J,1.0,II,80,0,,accept,2025-03-10 11:00:00,2025-03-12 02:59:00,E-0156,20260106T061500Z-QE24M
RI-25-00480,S-040,passivated parts,P-17004-D,L25-0193,,992,PO-477611,2025-03-14,"Z1.4 single, normal",J,1.0,II,80,0,,accept,2025-03-10 13:19:00,2025-03-11 21:27:00,E-0156,20260106T061500Z-QE24M
RI-25-00481,S-042,passivated parts,P-17609-A,L25-0194,,461,PO-496341,2025-03-12,"Z1.4 single, normal",H,1.0,II,50,0,,accept,2025-03-10 10:06:00,2025-03-11 15:30:00,E-0156,20260106T061500Z-QE24M
RI-25-00482,S-048,anodized parts,P-11909-A,L25-0173,,1776,PO-494106,2025-03-12,"Z1.4 single, normal",K,1.0,II,125,0,,accept,2025-03-10 07:17:00,2025-03-10 14:25:00,E-0156,20260106T061500Z-QE24M
RI-25-00483,S-051,casting,P-17225-C,,,290,PO-403100,2025-03-10,"Z1.4 single, normal",H,1.0,II,50,0,,accept,2025-03-10 12:02:00,2025-03-12 06:25:00,E-0156,20260106T061500Z-QE24M
RI-25-00484,S-022,plated parts,P-11126-A,L25-0214,,481,PO-473245,2025-03-10,"Z1.4 single, normal",H,1.0,II,50,0,,accept,2025-03-11 14:17:00,2025-03-12 18:21:00,E-0156,20260106T061500Z-QE24M
RI-25-00485,S-023,plated parts,P-10378-D,L25-0189,,764,PO-405083,2025-03-15,"Z1.4 single, normal",J,1.0,II,80,0,,accept,2025-03-11 09:13:00,2025-03-12 04:50:00,E-0155,20260106T061500Z-QE24M
RI-25-00486,S-027,heat-treated parts,P-15200-C,L25-0208,,1404,PO-464656,2025-03-08,"Z1.4 single, normal",K,1.0,II,125,4,hardness low,reject,2025-03-11 09:28:00,2025-03-13 04:31:00,E-0155,20260106T061500Z-QE24M
RI-25-00487,S-030,heat-treated parts,P-11007-C,L25-0175,,1979,PO-487635,2025-03-13,"Z1.4 single, normal",K,1.0,II,76,1,distortion,accept,2025-03-11 09:16:00,2025-03-12 21:44:00,E-0155,20260106T061500Z-QE24M
RI-25-00488,S-035,heat-treated parts,P-17956-A,L25-0217,,466,PO-459682,2025-03-02,"Z1.4 single, normal",H,1.0,II,50,0,,accept,2025-03-11 13:03:00,2025-03-11 19:28:00,E-0155,20260106T061500Z-QE24M
RI-25-00489,S-042,passivated parts,P-17901-A,L25-0160,,1017,PO-439837,2025-03-13,"Z1.4 single, normal",J,1.0,II,80,1,staining,accept,2025-03-11 10:00:00,2025-03-11 11:19:00,E-0155,20260106T061500Z-QE24M
RI-25-00490,S-043,passivated parts,P-16715-A,L25-0198,,1300,PO-419815,2025-03-15,"Z1.4 single, normal",K,1.0,II,125,1,free iron,accept,2025-03-11 14:52:00,2025-03-12 17:40:00,E-0155,20260106T061500Z-QE24M
RI-25-00491,S-051,casting,P-12016-A,,,720,PO-457575,2025-03-11,"Z1.4 single, normal",J,1.0,II,80,1,flash,accept,2025-03-11 13:56:00,2025-03-12 09:03:00,E-0155,20260106T061500Z-QE24M
RI-25-00492,S-051,casting,P-16567-A,,,520,PO-431659,2025-03-04,"Z1.4 single, normal",J,1.0,II,80,1,flash,accept,2025-03-11 09:32:00,2025-03-13 08:03:00,E-0155,20260106T061500Z-QE24M
RI-25-00493,S-005,bar,8620 bar 25.4 mm,,MC-00719,54,PO-413148,2025-03-15,"Z1.4 single, normal",E,1.0,II,13,0,,accept,2025-03-12 08:32:00,2025-03-13 09:18:00,E-0155,20260106T061500Z-QE24M
RI-25-00494,S-007,bar,303 bar 38.1 mm,,MC-00718,77,PO-438092,2025-03-16,"Z1.4 single, normal",E,1.0,II,13,0,,accept,2025-03-12 12:36:00,2025-03-14 12:02:00,E-0155,20260106T061500Z-QE24M
RI-25-00495,S-017,plated parts,P-13483-A,L25-0177,,799,PO-432396,2025-03-15,"Z1.4 single, normal",J,1.0,II,80,3,adhesion,reject,2025-03-12 12:44:00,2025-03-14 04:34:00,E-0156,20260106T061500Z-QE24M
RI-25-00496,S-017,plated parts,P-13357-A,L25-0182,,1205,PO-416749,2025-03-08,"Z1.4 single, normal",K,1.0,II,73,1,blisters,accept,2025-03-12 10:34:00,2025-03-14 04:25:00,E-0155,20260106T061500Z-QE24M
RI-25-00497,S-031,heat-treated parts,P-12695-A,L25-0204,,546,PO-440827,2025-03-13,"Z1.4 single, normal",J,1.0,II,80,0,,accept,2025-03-12 12:20:00,2025-03-13 08:05:00,E-0155,20260106T061500Z-QE24M
RI-25-00498,S-036,heat-treated parts,P-13307-B,L25-0200,,671,PO-469158,2025-03-16,"Z1.4 single, normal",J,1.0,II,80,1,hardness high,accept,2025-03-12 09:49:00,2025-03-13 19:27:00,E-0156,20260106T061500Z-QE24M
RI-25-00499,S-002,bar,1045 bar 25.4 mm,,MC-00720,35,PO-447963,2025-03-15,"Z1.4 single, normal",D,1.0,II,13,0,,accept,2025-03-13 07:10:00,2025-03-14 19:28:00,E-0155,20260106T061500Z-QE24M
RI-25-00500,S-009,bar,316 bar 25.4 mm,,MC-00721,117,PO-411977,2025-03-13,"Z1.4 single, normal",F,1.0,II,13,0,,accept,2025-03-13 10:48:00,2025-03-13 16:46:00,E-0156,20260106T061500Z-QE24M
RI-25-00501,S-037,passivated parts,P-17841-B,L25-0158,,804,PO-467812,2025-03-17,"Z1.4 single, normal",J,1.0,II,80,0,,accept,2025-03-13 14:20:00,2025-03-14 15:08:00,E-0156,20260106T061500Z-QE24M
RI-25-00502,S-025,plated parts,P-12884-C,L25-0220,,578,PO-460223,2025-03-11,"Z1.4 single, normal",J,1.0,II,80,2,plating thickness,accept,2025-03-14 13:37:00,2025-03-15 13:49:00,E-0156,20260106T061500Z-QE24M
RI-25-00503,S-033,heat-treated parts,P-14928-A,L25-0215,,1518,PO-492223,2025-03-15,"Z1.4 single, normal",K,1.0,II,125,0,,accept,2025-03-14 07:32:00,2025-03-14 21:24:00,E-0156,20260106T061500Z-QE24M
RI-25-00504,S-039,passivated parts,P-16150-B,L25-0209,,650,PO-471151,2025-03-14,"Z1.4 single, normal",J,1.0,II,80,0,,accept,2025-03-14 13:27:00,2025-03-16 06:36:00,E-0155,20260106T061500Z-QE24M
RI-25-00505,S-044,passivated parts,P-17741-A,L25-0211,,893,PO-490527,2025-03-17,"Z1.4 single, normal",J,1.0,II,35,0,,accept,2025-03-14 08:16:00,2025-03-16 06:10:00,E-0155,20260106T061500Z-QE24M
RI-25-00506,S-051,casting,P-11700-B,,,340,PO-449990,2025-03-18,"Z1.4 single, normal",H,1.0,II,50,1,dimension,accept,2025-03-16 10:45:00,2025-03-18 05:19:00,E-0155,20260106T061500Z-QE24M
RI-25-00507,S-051,casting,P-16953-D,,,1130,PO-459802,2025-03-16,"Z1.4 single, normal",J,1.0,II,80,0,,accept,2025-03-16 10:13:00,2025-03-17 22:57:00,E-0156,20260106T061500Z-QE24M
RI-25-00508,S-053,casting,P-17178-A,,,450,PO-458468,2025-03-20,"Z1.4 single, normal",H,1.0,II,50,2,dimension,accept,2025-03-16 08:15:00,2025-03-17 08:45:00,E-0155,20260106T061500Z-QE24M
RI-25-00509,S-004,bar,4140 bar 25.4 mm,,MC-00724,52,PO-494388,2025-03-19,"Z1.4 single, normal",E,1.0,II,13,0,,accept,2025-03-17 10:30:00,2025-03-17 21:02:00,E-0155,20260106T061500Z-QE24M
RI-25-00510,S-008,bar,304 bar 25.4 mm,,MC-00722,53,PO-415870,2025-03-19,"Z1.4 single, normal",E,1.0,II,5,0,,accept,2025-03-17 13:16:00,2025-03-19 07:38:00,E-0155,20260106T061500Z-QE24M
RI-25-00511,S-009,bar,316 bar 31.75 mm,,MC-00723,82,PO-420300,2025-03-21,"Z1.4 single, normal",E,1.0,II,13,0,,accept,2025-03-17 13:40:00,2025-03-17 21:09:00,E-0156,20260106T061500Z-QE24M
RI-25-00512,S-020,plated parts,P-12543-C,L25-0184,,838,PO-449016,2025-03-17,"Z1.4 single, normal",J,1.0,II,80,0,,accept,2025-03-17 09:38:00,2025-03-18 11:30:00,E-0155,20260106T061500Z-QE24M
RI-25-00513,S-022,plated parts,P-12925-A,L25-0192,,974,PO-473431,2025-03-21,"Z1.4 single, normal",J,1.0,II,53,0,,accept,2025-03-17 09:00:00,2025-03-17 12:25:00,E-0156,20260106T061500Z-QE24M
RI-25-00514,S-023,plated parts,P-14117-A,L25-0187,,1171,PO-457730,2025-03-19,"Z1.4 single, normal",J,1.0,II,80,0,,accept,2025-03-17 09:36:00,2025-03-19 01:09:00,E-0156,20260106T061500Z-QE24M
RI-25-00515,S-026,plated parts,P-18115-C,L25-0157,,967,PO-488038,2025-03-21,"Z1.4 single, normal",J,1.0,II,56,1,adhesion,accept,2025-03-17 10:26:00,2025-03-19 07:20:00,E-0155,20260106T061500Z-QE24M
RI-25-00516,S-030,heat-treated parts,P-10178-D,L25-0205,,789,PO-478771,2025-03-17,"Z1.4 single, normal",J,1.0,II,80,9,distortion,reject,2025-03-17 11:34:00,2025-03-18 01:46:00,E-0156,20260106T061500Z-QE24M
RI-25-00517,S-033,heat-treated parts,P-13328-A,L25-0206,,1069,PO-472717,2025-03-17,"Z1.4 single, normal",J,1.0,II,80,0,,accept,2025-03-17 11:58:00,2025-03-18 10:06:00,E-0156,20260106T061500Z-QE24M
RI-25-00518,S-033,heat-treated parts,P-18380-A,L25-0224,,1126,PO-486334,2025-03-17,"Z1.4 single, normal",J,1.0,II,80,0,,accept,2025-03-17 11:27:00,2025-03-19 07:03:00,E-0156,20260106T061500Z-QE24M
RI-25-00519,S-035,heat-treated parts,P-12489-A,L25-0197,,1959,PO-465876,2025-03-17,"Z1.4 single, normal",K,1.0,II,125,0,,accept,2025-03-17 14:40:00,2025-03-19 00:01:00,E-0156,20260106T061500Z-QE24M
RI-25-00520,S-039,passivated parts,P-12144-A,L25-0199,,828,PO-432354,2025-03-20,"Z1.4 single, normal",J,1.0,II,80,0,,accept,2025-03-17 11:25:00,2025-03-19 03:12:00,E-0156,20260106T061500Z-QE24M
RI-25-00521,S-039,passivated parts,P-17014-A,L25-0202,,992,PO-431910,2025-03-17,"Z1.4 single, normal",J,1.0,II,80,1,staining,accept,2025-03-17 13:07:00,2025-03-18 17:46:00,E-0155,20260106T061500Z-QE24M
RI-25-00522,S-039,passivated parts,P-16001-D,L25-0207,,1354,PO-471537,2025-03-20,"Z1.4 single, normal",K,1.0,II,81,2,staining,accept,2025-03-17 07:44:00,2025-03-17 21:37:00,E-0156,20260106T061500Z-QE24M
RI-25-00523,S-040,passivated parts,P-15564-A,L25-0195,,501,PO-427398,2025-03-18,"Z1.4 single, normal",J,1.0,II,80,0,,accept,2025-03-17 08:10:00,2025-03-18 11:16:00,E-0156,20260106T061500Z-QE24M
RI-25-00524,S-040,passivated parts,P-16282-A,L25-0201,,1027,PO-495901,2025-03-19,"Z1.4 single, normal",J,1.0,II,80,2,free iron,accept,2025-03-17 09:48:00,2025-03-19 04:56:00,E-0155,20260106T061500Z-QE24M
RI-25-00525,S-042,passivated parts,P-15861-B,L25-0161,,3556,PO-430706,2025-03-21,"Z1.4 single, normal",L,1.0,II,107,0,,accept,2025-03-17 11:40:00,2025-03-18 20:35:00,E-0155,20260106T061500Z-QE24M
RI-25-00526,S-048,anodized parts,P-17369-A,L25-0223,,660,PO-441007,2025-03-21,"Z1.4 single, normal",J,1.0,II,80,0,,accept,2025-03-17 13:12:00,2025-03-18 10:55:00,E-0155,20260106T061500Z-QE24M
RI-25-00527,S-050,anodized parts,P-13842-D,L25-0210,,625,PO-432168,2025-03-20,"Z1.4 single, normal",J,1.0,II,80,0,,accept,2025-03-17 13:13:00,2025-03-17 22:52:00,E-0156,20260106T061500Z-QE24M
RI-25-00528,S-008,bar,304 bar 25.4 mm,,MC-00725,24,PO-462073,2025-03-19,"Z1.4 single, normal",C,1.0,II,8,0,,accept,2025-03-18 13:14:00,2025-03-20 10:58:00,E-0156,20260106T061500Z-QE24M
RI-25-00529,S-012,bar,6061 bar 19.05 mm,,MC-00726,25,PO-404743,2025-03-18,"Z1.4 single, normal",C,1.0,II,13,0,,accept,2025-03-18 09:31:00,2025-03-19 23:19:00,E-0156,20260106T061500Z-QE24M
RI-25-00530,S-017,plated parts,P-13380-B,L25-0185,,901,PO-463042,2025-03-21,"Z1.4 single, normal",J,1.0,II,59,1,adhesion,accept,2025-03-18 09:53:00,2025-03-18 19:45:00,E-0155,20260106T061500Z-QE24M
RI-25-00531,S-033,heat-treated parts,P-14257-A,L25-0213,,1905,PO-466515,2025-03-19,"Z1.4 single, normal",K,1.0,II,125,2,distortion,accept,2025-03-18 10:47:00,2025-03-18 14:46:00,E-0156,20260106T061500Z-QE24M
RI-25-00532,S-045,anodized parts,P-12023-C,L25-0164,,2902,PO-438155,2025-03-13,"Z1.4 single, normal",K,1.0,II,125,1,coating thickness,accept,2025-03-18 08:38:00,2025-03-18 10:49:00,E-0155,20260106T061500Z-QE24M
RI-25-00533,S-002,bar,1045 bar 38.1 mm,,MC-00727,97,PO-411171,2025-03-19,"Z1.4 single, normal",F,1.0,II,13,0,,accept,2025-03-19 08:50:00,2025-03-19 18:20:00,E-0155,20260106T061500Z-QE24M
RI-25-00534,S-010,bar,316 bar 25.4 mm,,MC-00728,100,PO-479625,2025-03-20,"Z1.4 single, normal",F,1.0,II,13,0,,accept,2025-03-19 08:20:00,2025-03-20 17:04:00,E-0155,20260106T061500Z-QE24M
RI-25-00535,S-012,bar,6061 bar 19.05 mm,,MC-00729,74,PO-474642,2025-03-21,"Z1.4 single, normal",E,1.0,II,13,0,,accept,2025-03-19 08:37:00,2025-03-20 23:08:00,E-0155,20260106T061500Z-QE24M
RI-25-00536,S-018,plated parts,P-11007-C,L25-0175,,1979,PO-456583,2025-03-22,"Z1.4 single, normal",K,1.0,II,125,0,,accept,2025-03-19 08:51:00,2025-03-21 03:36:00,E-0156,20260106T061500Z-QE24M
RI-25-00537,S-022,plated parts,P-13821-A,L25-0180,,1676,PO-475695,2025-03-22,"Z1.4 single, normal",K,1.0,II,125,1,adhesion,accept,2025-03-19 07:05:00,2025-03-20 19:07:00,E-0156,20260106T061500Z-QE24M
RI-25-00538,S-037,passivated parts,P-12695-A,L25-0204,,546,PO-404960,2025-03-22,"Z1.4 single, normal",J,1.0,II,80,5,staining,reject,2025-03-19 10:18:00,2025-03-20 21:46:00,E-0155,20260106T061500Z-QE24M
RI-25-00539,S-037,passivated parts,P-17956-A,L25-0217,,466,PO-496945,2025-03-20,"Z1.4 single, normal",H,1.0,II,50,0,,accept,2025-03-19 07:14:00,2025-03-19 09:12:00,E-0156,20260106T061500Z-QE24M
RI-25-00540,S-040,passivated parts,P-17732-C,L25-0231,,1180,PO-452342,2025-03-21,"Z1.4 single, normal",J,1.0,II,62,0,,accept,2025-03-19 14:07:00,2025-03-20 09:09:00,E-0156,20260106T061500Z-QE24M
RI-25-00541,S-044,passivated parts,P-16180-A,L25-0221,,769,PO-439021,2025-03-09,"Z1.4 single, normal",J,1.0,II,80,0,,accept,2025-03-19 07:59:00,2025-03-20 23:20:00,E-0155,20260106T061500Z-QE24M
RI-25-00542,S-057,purchased components,dowel pins,,,2800,PO-442072,2025-03-20,"Z1.4 single, normal",K,1.0,II,125,0,,accept,2025-03-19 14:13:00,2025-03-20 03:47:00,E-0155,20260106T061500Z-QE24M
RI-25-00543,S-012,bar,6061 bar 19.05 mm,,MC-00730,95,PO-479772,2025-03-12,"Z1.4 single, normal",F,1.0,II,13,0,,accept,2025-03-20 13:13:00,2025-03-21 14:19:00,E-0156,20260106T061500Z-QE24M
RI-25-00544,S-014,bar,Ti-6Al-4V bar 19.05 mm,,MC-00731,53,PO-410388,2025-03-20,"Z1.4 single, normal",E,1.0,II,13,0,,accept,2025-03-20 12:42:00,2025-03-21 00:11:00,E-0155,20260106T061500Z-QE24M
RI-25-00545,S-014,bar,Ti-6Al-4V bar 38.1 mm,,MC-00732,55,PO-489142,2025-03-21,"Z1.4 single, normal",E,1.0,II,13,0,,accept,2025-03-20 09:46:00,2025-03-20 18:36:00,E-0155,20260106T061500Z-QE24M
RI-25-00546,S-021,plated parts,P-15142-A,L25-0169,,1295,PO-408003,2025-03-22,"Z1.4 single, normal",K,1.0,II,125,0,,accept,2025-03-20 13:20:00,2025-03-21 14:36:00,E-0156,20260106T061500Z-QE24M
RI-25-00547,S-023,plated parts,P-12988-A,L25-0229,,737,PO-419465,2025-03-20,"Z1.4 single, normal",J,1.0,II,80,1,staining,accept,2025-03-20 11:44:00,2025-03-21 03:17:00,E-0156,20260106T061500Z-QE24M
RI-25-00548,S-030,heat-treated parts,P-10967-A,L25-0219,,1374,PO-413839,2025-03-24,"Z1.4 single, normal",K,1.0,II,125,0,,accept,2025-03-20 10:35:00,2025-03-21 18:19:00,E-0155,20260106T061500Z-QE24M
RI-25-00549,S-031,heat-treated parts,P-12594-C,L25-0237,,734,PO-484624,2025-03-24,"Z1.4 single, normal",J,1.0,II,80,1,hardness high,accept,2025-03-20 09:22:00,2025-03-21 08:03:00,E-0156,20260106T061500Z-QE24M
RI-25-00550,S-045,anodized parts,P-14066-C,L25-0234,,486,PO-481574,2025-03-18,"Z1.4 single, normal",H,1.0,II,50,0,,accept,2025-03-20 12:11:00,2025-03-21 14:24:00,E-0156,20260106T061500Z-QE24M
RI-25-00551,S-007,bar,303 bar 50.8 mm,,MC-00734,44,PO-405661,2025-03-24,"Z1.4 single, normal",D,1.0,II,6,0,,accept,2025-03-21 10:37:00,2025-03-22 16:04:00,E-0156,20260106T061500Z-QE24M
RI-25-00552,S-011,bar,17-4 bar 25.4 mm,,MC-00733,31,PO-457630,2025-03-24,"Z1.4 single, normal",D,1.0,II,13,0,,accept,2025-03-21 10:52:00,2025-03-23 02:08:00,E-0155,20260106T061500Z-QE24M
RI-25-00553,S-017,plated parts,P-13307-B,L25-0200,,671,PO-468292,2025-03-14,"Z1.4 single, normal",J,1.0,II,80,0,,accept,2025-03-21 09:25:00,2025-03-22 14:15:00,E-0156,20260106T061500Z-QE24M
RI-25-00554,S-030,heat-treated parts,P-10304-A,L25-0232,,734,PO-466241,2025-03-22,"Z1.4 single, normal",J,1.0,II,47,3,hardness low,reject,2025-03-21 13:18:00,2025-03-22 22:42:00,E-0156,20260106T061500Z-QE24M
RI-25-00555,S-051,casting,P-10775-A,,,1120,PO-477488,2025-03-25,"Z1.4 single, normal",J,1.0,II,80,0,,accept,2025-03-21 13:30:00,2025-03-23 03:02:00,E-0156,20260106T061500Z-QE24M
RI-25-00556,S-051,casting,P-17100-A,,,320,PO-443035,2025-03-18,"Z1.4 single, normal",H,1.0,II,36,0,,accept,2025-03-21 10:12:00,2025-03-22 13:56:00,E-0156,20260106T061500Z-QE24M
RI-25-00557,S-051,casting,P-17087-A,,,370,PO-453114,2025-03-23,"Z1.4 single, normal",H,1.0,II,50,0,,accept,2025-03-22 08:37:00,2025-03-23 16:15:00,E-0155,20260106T061500Z-QE24M
RI-25-00558,S-013,bar,7075 bar 19.05 mm,,MC-00735,34,PO-496019,2025-03-28,"Z1.4 single, normal",D,1.0,II,13,0,,accept,2025-03-24 07:13:00,2025-03-24 09:02:00,E-0156,20260106T061500Z-QE24M
RI-25-00559,S-014,bar,Ti-6Al-4V bar 19.05 mm,,MC-00736,29,PO-408894,2025-03-24,"Z1.4 single, normal",D,1.0,II,13,0,,accept,2025-03-24 07:25:00,2025-03-26 06:58:00,E-0155,20260106T061500Z-QE24M
RI-25-00560,S-016,plated parts,P-10178-D,L25-0205,,789,PO-462242,2025-03-27,"Z1.4 single, normal",J,1.0,II,80,1,adhesion,accept,2025-03-24 14:55:00,2025-03-26 06:27:00,E-0155,20260106T061500Z-QE24M
RI-25-00561,S-018,plated parts,P-15200-C,L25-0208,,1404,PO-427338,2025-03-28,"Z1.4 single, normal",K,1.0,II,125,0,,accept,2025-03-24 10:42:00,2025-03-24 12:11:00,E-0156,20260106T061500Z-QE24M
RI-25-00562,S-022,plated parts,P-16839-B,L25-0153,,2485,PO-460158,2025-03-28,"Z1.4 single, normal",K,1.0,II,91,0,,accept,2025-03-24 13:03:00,2025-03-26 02:57:00,E-0155,20260106T061500Z-QE24M
RI-25-00563,S-022,plated parts,P-14257-A,L25-0213,,1905,PO-490337,2025-03-26,"Z1.4 single, normal",K,1.0,II,125,1,staining,accept,2025-03-24 10:40:00,2025-03-25 15:23:00,E-0155,20260106T061500Z-QE24M
RI-25-00564,S-028,heat-treated parts,P-18079-A,L25-0225,,1369,PO-497471,2025-03-26,"Z1.4 single, normal",K,1.0,II,125,0,,accept,2025-03-24 11:13:00,2025-03-25 10:09:00,E-0156,20260106T061500Z-QE24M
RI-25-00565,S-029,heat-treated parts,P-12565-B,L25-0227,,1681,PO-494664,2025-03-25,"Z1.4 single, normal",K,1.0,II,51,0,,accept,2025-03-24 11:37:00,2025-03-25 11:30:00,E-0156,20260106T061500Z-QE24M
RI-25-00566,S-034,heat-treated parts,P-17789-B,L25-0233,,2123,PO-406308,2025-03-26,"Z1.4 single, normal",K,1.0,II,125,1,hardness low,accept,2025-03-24 12:55:00,2025-03-25 15:28:00,E-0156,20260106T061500Z-QE24M
RI-25-00567,S-039,passivated parts,P-15681-A,L25-0236,,417,PO-423271,2025-03-26,"Z1.4 single, normal",H,1.0,II,50,0,,accept,2025-03-24 14:59:00,2025-03-26 04:49:00,E-0156,20260106T061500Z-QE24M
RI-25-00568,S-039,passivated parts,P-15298-A,L25-0241,,531,PO-424958,2025-03-24,"Z1.4 single, normal",J,1.0,II,80,1,staining,accept,2025-03-24 12:43:00,2025-03-25 15:16:00,E-0155,20260106T061500Z-QE24M
RI-25-00569,S-004,bar,4140 bar 25.4 mm,,MC-00738,50,PO-487107,2025-03-28,"Z1.4 single, normal",D,1.0,II,13,0,,accept,2025-03-25 07:32:00,2025-03-27 05:20:00,E-0156,20260106T061500Z-QE24M
RI-25-00570,S-005,bar,8620 bar 31.75 mm,,MC-00739,63,PO-428567,2025-03-27,"Z1.4 single, normal",E,1.0,II,13,0,,accept,2025-03-25 10:10:00,2025-03-25 18:26:00,E-0155,20260106T061500Z-QE24M
RI-25-00571,S-006,bar,303 bar 38.1 mm,,MC-00737,84,PO-486038,2025-03-27,"Z1.4 single, normal",E,1.0,II,13,0,,accept,2025-03-25 10:33:00,2025-03-25 18:28:00,E-0155,20260106T061500Z-QE24M
RI-25-00572,S-033,heat-treated parts,P-15133-B,L25-0235,,779,PO-492808,2025-03-27,"Z1.4 single, normal",J,1.0,II,80,0,,accept,2025-03-25 08:59:00,2025-03-25 16:19:00,E-0155,20260106T061500Z-QE24M
RI-25-00573,S-034,heat-treated parts,P-13017-A,L25-0222,,4092,PO-463081,2025-03-26,"Z1.4 single, normal",L,1.0,II,200,2,distortion,accept,2025-03-25 09:10:00,2025-03-26 15:05:00,E-0155,20260106T061500Z-QE24M
RI-25-00574,S-036,heat-treated parts,P-17974-C,L25-0203,,3730,PO-480110,2025-03-28,"Z1.4 single, normal",L,1.0,II,200,0,,accept,2025-03-25 08:36:00,2025-03-26 20:41:00,E-0155,20260106T061500Z-QE24M
RI-25-00575,S-046,anodized parts,P-17319-A,L25-0260,,263,PO-404949,2025-03-28,"Z1.4 single, normal",G,1.0,II,50,0,,accept,2025-03-25 12:59:00,2025-03-26 12:00:00,E-0155,20260106T061500Z-QE24M
RI-25-00576,S-048,anodized parts,P-11909-A,L25-0218,,1934,PO-436131,2025-03-28,"Z1.4 single, normal",K,1.0,II,125,0,,accept,2025-03-25 07:11:00,2025-03-26 14:49:00,E-0155,20260106T061500Z-QE24M
RI-25-00577,S-004,bar,4140 bar 25.4 mm,,MC-00740,118,PO-470861,2025-03-26,"Z1.4 single, normal",F,1.0,II,13,0,,accept,2025-03-26 12:46:00,2025-03-28 01:12:00,E-0155,20260106T061500Z-QE24M
RI-25-00578,S-027,heat-treated parts,P-11502-A,L25-0216,,3274,PO-416176,2025-03-28,"Z1.4 single, normal",L,1.0,II,200,0,,accept,2025-03-26 13:49:00,2025-03-26 16:53:00,E-0155,20260106T061500Z-QE24M
RI-25-00579,S-033,heat-treated parts,P-13502-C,L25-0247,,849,PO-424584,2025-03-28,"Z1.4 single, normal",J,1.0,II,63,0,,accept,2025-03-26 07:37:00,2025-03-28 03:23:00,E-0155,20260106T061500Z-QE24M
RI-25-00580,S-033,heat-treated parts,P-15099-A,L25-0255,,1548,PO-414601,2025-03-26,"Z1.4 single, normal",K,1.0,II,125,1,distortion,accept,2025-03-26 13:57:00,2025-03-26 20:56:00,E-0155,20260106T061500Z-QE24M
RI-25-00581,S-033,heat-treated parts,P-12861-C,L25-0259,,1698,PO-400466,2025-03-28,"Z1.4 single, normal",K,1.0,II,125,0,,accept,2025-03-26 11:19:00,2025-03-27 11:43:00,E-0155,20260106T061500Z-QE24M
RI-25-00582,S-044,passivated parts,P-16180-A,L25-0249,,774,PO-449880,2025-03-28,"Z1.4 single, normal",J,1.0,II,62,1,free iron,accept,2025-03-26 11:01:00,2025-03-27 22:42:00,E-0155,20260106T061500Z-QE24M
RI-25-00583,S-050,anodized parts,P-17087-A,L25-0254,,317,PO-487749,2025-03-30,"Z1.4 single, normal",H,1.0,II,50,0,,accept,2025-03-26 11:41:00,2025-03-27 17:36:00,E-0155,20260106T061500Z-QE24M
RI-25-00584,S-017,plated parts,P-14928-A,L25-0215,,1518,PO-410879,2025-03-30,"Z1.4 single, normal",K,1.0,II,96,0,,accept,2025-03-27 13:07:00,2025-03-29 04:24:00,E-0155,20260106T061500Z-QE24M
RI-25-00585,S-018,plated parts,P-10967-A,L25-0219,,1374,PO-420163,2025-03-28,"Z1.4 single, normal",K,1.0,II,125,0,,accept,2025-03-27 11:43:00,2025-03-29 08:03:00,E-0155,20260106T061500Z-QE24M
RI-25-00586,S-024,plated parts,P-12489-A,L25-0197,,1959,PO-492463,2025-03-31,"Z1.4 single, normal",K,1.0,II,125,0,,accept,2025-03-27 14:06:00,2025-03-28 20:03:00,E-0156,20260106T061500Z-QE24M
RI-25-00587,S-027,heat-treated parts,P-17915-C,L25-0253,,471,PO-473761,2025-03-30,"Z1.4 single, normal",H,1.0,II,50,0,,accept,2025-03-27 09:03:00,2025-03-28 04:51:00,E-0155,20260106T061500Z-QE24M
RI-25-00588,S-037,passivated parts,P-11768-A,L25-0226,,2857,PO-412820,2025-03-30,"Z1.4 single, normal",K,1.0,II,125,0,,accept,2025-03-27 07:37:00,2025-03-28 17:01:00,E-0156,20260106T061500Z-QE24M
RI-25-00589,S-042,passivated parts,P-12164-A,L25-0262,,322,PO-409917,2025-03-28,"Z1.4 single, normal",H,1.0,II,30,0,,accept,2025-03-27 07:17:00,2025-03-28 17:09:00,E-0155,20260106T061500Z-QE24M
RI-25-00590,S-057,purchased components,O-rings,,,3800,PO-466529,2025-03-28,"Z1.4 single, normal",L,1.0,II,200,0,,accept,2025-03-27 14:13:00,2025-03-28 20:59:00,E-0155,20260106T061500Z-QE24M
RI-25-00591,S-017,plated parts,P-13328-A,L25-0206,,1069,PO-476441,2025-03-28,"Z1.4 single, normal",J,1.0,II,80,1,staining,accept,2025-03-28 08:56:00,2025-03-29 09:53:00,E-0156,20260106T061500Z-QE24M
RI-25-00592,S-028,heat-treated parts,P-12642-D,L25-0240,,1443,PO-474995,2025-03-30,"Z1.4 single, normal",K,1.0,II,69,0,,accept,2025-03-28 11:54:00,2025-03-28 19:14:00,E-0156,20260106T061500Z-QE24M
RI-25-00593,S-030,heat-treated parts,P-10869-D,L25-0228,,2044,PO-484439,2025-04-01,"Z1.4 single, normal",K,1.0,II,125,9,distortion,accept,2025-03-28 08:25:00,2025-03-28 09:36:00,E-0156,20260106T061500Z-QE24M
RI-25-00594,S-036,heat-treated parts,P-13149-C,L25-0242,,3169,PO-424448,2025-03-30,"Z1.4 single, normal",K,1.0,II,125,0,,accept,2025-03-28 09:08:00,2025-03-29 07:08:00,E-0156,20260106T061500Z-QE24M
RI-25-00595,S-036,heat-treated parts,P-12435-A,L25-0251,,188,PO-429971,2025-04-01,"Z1.4 single, normal",G,1.0,II,50,1,distortion,accept,2025-03-28 12:32:00,2025-03-30 09:13:00,E-0156,20260106T061500Z-QE24M
RI-25-00596,S-040,passivated parts,P-14521-C,L25-0243,,2644,PO-424277,2025-03-31,"Z1.4 single, normal",K,1.0,II,125,0,,accept,2025-03-28 08:54:00,2025-03-29 02:19:00,E-0155,20260106T061500Z-QE24M
RI-25-00597,S-002,bar,1045 bar 31.75 mm,,MC-00741,21,PO-468696,2025-04-02,"Z1.4 single, normal",C,1.0,II,13,0,,accept,2025-03-31 09:37:00,2025-04-02 01:30:00,E-0155,20260106T061500Z-QE24M
RI-25-00598,S-004,bar,4140 bar 44.45 mm,,MC-00743,47,PO-421576,2025-04-03,"Z1.4 single, normal",D,1.0,II,13,0,,accept,2025-03-31 09:55:00,2025-03-31 23:42:00,E-0156,20260106T061500Z-QE24M
RI-25-00599,S-005,bar,8620 bar 31.75 mm,,MC-00744,72,PO-480546,2025-04-03,"Z1.4 single, normal",E,1.0,II,13,0,,accept,2025-03-31 14:13:00,2025-04-02 03:22:00,E-0156,20260106T061500Z-QE24M
RI-25-00600,S-007,bar,303 bar 50.8 mm,,MC-00742,44,PO-453570,2025-03-29,"Z1.4 single, normal",D,1.0,II,13,0,,accept,2025-03-31 07:44:00,2025-04-02 02:06:00,E-0156,20260106T061500Z-QE24M
RI-25-00601,S-017,plated parts,P-13350-A,L25-0270,,825,PO-463905,2025-04-04,"Z1.4 single, normal",J,1.0,II,80,0,,accept,2025-03-31 14:32:00,2025-04-01 18:17:00,E-0155,20260106T061500Z-QE24M
RI-25-00602,S-026,plated parts,P-10304-A,L25-0232,,734,PO-469500,2025-04-03,"Z1.4 single, normal",J,1.0,II,80,0,,accept,2025-03-31 07:59:00,2025-04-01 03:10:00,E-0156,20260106T061500Z-QE24M
RI-25-00603,S-027,heat-treated parts,P-15035-A,L25-0263,,228,PO-433308,2025-03-23,"Z1.4 single, normal",G,1.0,II,39,0,,accept,2025-03-31 09:13:00,2025-04-01 21:02:00,E-0155,20260106T061500Z-QE24M
RI-25-00604,S-031,heat-treated parts,P-13755-A,L25-0256,,283,PO-482570,2025-04-03,"Z1.4 single, normal",H,1.0,II,25,0,,accept,2025-03-31 13:34:00,2025-04-02 09:50:00,E-0155,20260106T061500Z-QE24M
RI-25-00605,S-033,heat-treated parts,P-14108-A,L25-0252,,1805,PO-449896,2025-04-02,"Z1.4 single, normal",K,1.0,II,125,0,,accept,2025-03-31 14:46:00,2025-04-02 09:55:00,E-0155,20260106T061500Z-QE24M
RI-25-00606,S-036,heat-treated parts,P-13447-D,L25-0238,,1077,PO-448819,2025-04-02,"Z1.4 single, normal",J,1.0,II,80,1,hardness low,accept,2025-03-31 13:39:00,2025-04-01 16:12:00,E-0156,20260106T061500Z-QE24M
RI-25-00607,S-038,passivated parts,P-15532-C,L25-0245,,2277,PO-488117,2025-04-01,"Z1.4 single, normal",K,1.0,II,125,0,,accept,2025-03-31 08:12:00,2025-03-31 21:37:00,E-0156,20260106T061500Z-QE24M
RI-25-00608,S-040,passivated parts,P-16605-A,L25-0230,,4459,PO-470904,2025-04-01,"Z1.4 single, normal",L,1.0,II,200,0,,accept,2025-03-31 11:49:00,2025-04-01 22:49:00,E-0155,20260106T061500Z-QE24M
RI-25-00609,S-041,passivated parts,P-10604-A,L25-0246,,253,PO-457289,2025-04-01,"Z1.4 single, normal",G,1.0,II,50,0,,accept,2025-03-31 10:43:00,2025-04-02 02:26:00,E-0155,20260106T061500Z-QE24M
RI-25-00610,S-043,passivated parts,P-17789-B,L25-0233,,2123,PO-411913,2025-03-29,"Z1.4 single, normal",K,1.0,II,125,0,,accept,2025-03-31 12:21:00,2025-03-31 18:32:00,E-0156,20260106T061500Z-QE24M
RI-25-00611,S-044,passivated parts,P-12594-C,L25-0237,,734,PO-481656,2025-03-28,"Z1.4 single, normal",J,1.0,II,80,0,,accept,2025-03-31 13:26:00,2025-04-01 14:32:00,E-0155,20260106T061500Z-QE24M
RI-25-00612,S-044,passivated parts,P-15667-C,L25-0244,,590,PO-467185,2025-03-26,"Z1.4 single, normal",J,1.0,II,80,3,free iron,accept,2025-03-31 11:58:00,2025-04-01 05:08:00,E-0156,20260106T061500Z-QE24M
RI-25-00613,S-046,anodized parts,P-14063-D,L25-0239,,1141,PO-469045,2025-04-04,"Z1.4 single, normal",J,1.0,II,57,0,,accept,2025-03-31 08:17:00,2025-04-02 01:02:00,E-0156,20260106T061500Z-QE24M
RI-25-00614,S-053,casting,P-10653-D,,,360,PO-484944,2025-04-04,"Z1.4 single, normal",H,1.0,II,22,1,porosity,accept,2025-03-31 08:14:00,2025-04-01 14:51:00,E-0156,20260106T061500Z-QE24M
RI-25-00615,S-058,purchased components,retaining rings,,,1500,PO-406403,2025-04-02,"Z1.4 single, normal",K,1.0,II,125,1,damage,accept,2025-03-31 12:46:00,2025-04-01 22:40:00,E-0155,20260106T061500Z-QE24M
RI-25-00616,S-007,bar,303 bar 50.8 mm,,MC-00745,105,PO-442956,2025-04-05,"Z1.4 single, normal",F,1.0,II,13,1,diameter,reject,2025-04-01 11:13:00,2025-04-03 01:11:00,E-0156,20260106T061500Z-QE24M
RI-25-00617,S-008,bar,304 bar 38.1 mm,,MC-00746,40,PO-402118,2025-04-04,"Z1.4 single, normal",D,1.0,II,13,0,,accept,2025-04-01 07:06:00,2025-04-03 05:08:00,E-0155,20260106T061500Z-QE24M
RI-25-00618,S-013,bar,7075 bar 19.05 mm,,MC-00747,56,PO-465815,2025-04-05,"Z1.4 single, normal",E,1.0,II,13,0,,accept,2025-04-01 12:17:00,2025-04-02 14:36:00,E-0155,20260106T061500Z-QE24M
RI-25-00619,S-018,plated parts,P-14159-A,L25-0284,,293,PO-433497,2025-04-01,"Z1.4 single, normal",H,1.0,II,50,0,,accept,2025-04-01 10:09:00,2025-04-03 01:20:00,E-0155,20260106T061500Z-QE24M
RI-25-00620,S-028,heat-treated parts,P-18210-D,L25-0258,,1820,PO-466755,2025-03-23,"Z1.4 single, normal",K,1.0,II,125,0,,accept,2025-04-01 13:04:00,2025-04-02 05:13:00,E-0156,20260106T061500Z-QE24M
RI-25-00621,S-033,heat-treated parts,P-14175-A,L25-0265,,784,PO-467294,2025-04-02,"Z1.4 single, normal",J,1.0,II,80,0,,accept,2025-04-01 08:33:00,2025-04-03 07:35:00,E-0156,20260106T061500Z-QE24M
RI-25-00622,S-033,heat-treated parts,P-14989-D,L25-0285,,1349,PO-461837,2025-04-03,"Z1.4 single, normal",K,1.0,II,125,1,distortion,accept,2025-04-01 12:45:00,2025-04-01 23:59:00,E-0155,20260106T061500Z-QE24M
RI-25-00623,S-037,passivated parts,P-16272-A,L25-0276,,620,PO-481961,2025-04-04,"Z1.4 single, normal",J,1.0,II,80,0,,accept,2025-04-01 08:57:00,2025-04-02 10:28:00,E-0155,20260106T061500Z-QE24M
RI-25-00624,S-043,passivated parts,P-12565-B,L25-0227,,1681,PO-451429,2025-03-31,"Z1.4 single, normal",K,1.0,II,125,0,,accept,2025-04-01 09:37:00,2025-04-02 08:03:00,E-0155,20260106T061500Z-QE24M
RI-25-00625,S-002,bar,1045 bar 38.1 mm,,MC-00748,60,PO-438549,2025-04-06,"Z1.4 single, normal",E,1.0,II,13,0,,accept,2025-04-02 10:06:00,2025-04-02 17:44:00,E-0156,20260106T061500Z-QE24M
RI-25-00626,S-005,bar,8620 bar 19.05 mm,,MC-00750,87,PO-471754,2025-04-06,"Z1.4 single, normal",E,1.0,II,13,0,,accept,2025-04-02 13:29:00,2025-04-03 07:47:00,E-0155,20260106T061500Z-QE24M
RI-25-00627,S-006,bar,303 bar 19.05 mm,,MC-00749,29,PO-486087,2025-04-03,"Z1.4 single, normal",D,1.0,II,13,0,,accept,2025-04-02 13:05:00,2025-04-02 13:51:00,E-0155,20260106T061500Z-QE24M
RI-25-00628,S-021,plated parts,P-15133-B,L25-0235,,779,PO-438688,2025-04-04,"Z1.4 single, normal",J,1.0,II,80,0,,accept,2025-04-02 12:18:00,2025-04-03 23:55:00,E-0156,20260106T061500Z-QE24M
RI-25-00629,S-025,plated parts,P-18079-A,L25-0225,,1369,PO-464729,2025-04-03,"Z1.4 single, normal",K,1.0,II,125,1,plating thickness,accept,2025-04-02 09:40:00,2025-04-04 01:58:00,E-0156,20260106T061500Z-QE24M
RI-25-00630,S-027,heat-treated parts,P-13012-A,L25-0295,,621,PO-436003,2025-03-24,"Z1.4 single, normal",J,1.0,II,80,0,,accept,2025-04-02 08:15:00,2025-04-03 02:06:00,E-0156,20260106T061500Z-QE24M
RI-25-00631,S-036,heat-treated parts,P-12835-A,L25-0280,,569,PO-419870,2025-03-26,"Z1.4 single, normal",J,1.0,II,80,1,hardness high,accept,2025-04-02 07:45:00,2025-04-03 22:45:00,E-0156,20260106T061500Z-QE24M
RI-25-00632,S-039,passivated parts,P-11347-A,L25-0281,,1007,PO-447225,2025-04-05,"Z1.4 single, normal",J,1.0,II,80,0,,accept,2025-04-02 12:07:00,2025-04-03 18:37:00,E-0155,20260106T061500Z-QE24M
RI-25-00633,S-040,passivated parts,P-17974-C,L25-0203,,3730,PO-451043,2025-04-05,"Z1.4 single, normal",L,1.0,II,200,0,,accept,2025-04-02 11:07:00,2025-04-03 09:35:00,E-0156,20260106T061500Z-QE24M
RI-25-00634,S-042,passivated parts,P-17915-C,L25-0253,,471,PO-434872,2025-04-02,"Z1.4 single, normal",H,1.0,II,50,0,,accept,2025-04-02 10:26:00,2025-04-03 11:38:00,E-0155,20260106T061500Z-QE24M
RI-25-00635,S-043,passivated parts,P-16080-A,L25-0294,,298,PO-451717,2025-04-04,"Z1.4 single, normal",H,1.0,II,50,0,,accept,2025-04-02 09:46:00,2025-04-03 14:57:00,E-0155,20260106T061500Z-QE24M
RI-25-00636,S-002,bar,1045 bar 38.1 mm,,MC-00751,103,PO-444970,2025-04-05,"Z1.4 single, normal",F,1.0,II,8,0,,accept,2025-04-03 08:17:00,2025-04-04 09:39:00,E-0155,20260106T061500Z-QE24M
RI-25-00637,S-019,plated parts,P-11441-A,L25-0267,,1017,PO-476989,2025-04-05,"Z1.4 single, normal",J,1.0,II,80,0,,accept,2025-04-03 12:45:00,2025-04-04 07:22:00,E-0156,20260106T061500Z-QE24M
RI-25-00638,S-027,heat-treated parts,P-16971-B,L25-0266,,546,PO-444456,2025-04-03,"Z1.4 single, normal",J,1.0,II,80,0,,accept,2025-04-03 13:48:00,2025-04-03 15:28:00,E-0155,20260106T061500Z-QE24M
RI-25-00639,S-050,anodized parts,P-17100-A,L25-0272,,1265,PO-457689,2025-04-07,"Z1.4 single, normal",K,1.0,II,125,0,,accept,2025-04-03 11:03:00,2025-04-03 12:50:00,E-0156,20260106T061500Z-QE24M
RI-25-00640,S-002,bar,1045 bar 38.1 mm,,MC-00752,40,PO-433786,2025-04-07,"Z1.4 single, normal",D,1.0,II,13,0,,accept,2025-04-04 08:21:00,2025-04-05 10:20:00,E-0156,20260106T061500Z-QE24M
RI-25-00641,S-003,bar,4140 bar 38.1 mm,,MC-00753,20,PO-433386,2025-04-07,"Z1.4 single, normal",C,1.0,II,13,1,hardness,reject,2025-04-04 14:12:00,2025-04-06 09:43:00,E-0155,20260106T061500Z-QE24M
RI-25-00642,S-012,bar,6061 bar 19.05 mm,,MC-00754,49,PO-460958,2025-04-06,"Z1.4 single, normal",D,1.0,II,13,0,,accept,2025-04-04 07:46:00,2025-04-05 13:51:00,E-0155,20260106T061500Z-QE24M
RI-25-00643,S-005,bar,8620 bar 25.4 mm,,MC-00758,91,PO-420864,2025-04-08,"Z1.4 single, normal",F,1.0,II,13,0,,accept,2025-04-07 11:01:00,2025-04-07 23:40:00,E-0155,20260106T061500Z-QE24M
RI-25-00644,S-007,bar,303 bar 19.05 mm,,MC-00755,23,PO-489772,2025-04-08,"Z1.4 single, normal",C,1.0,II,13,0,,accept,2025-04-07 12:19:00,2025-04-08 23:03:00,E-0156,20260106T061500Z-QE24M
RI-25-00645,S-012,bar,6061 bar 50.8 mm,,MC-00756,33,PO-480964,2025-04-11,"Z1.4 single, normal",D,1.0,II,13,0,,accept,2025-04-07 14:58:00,2025-04-09 02:26:00,E-0156,20260106T061500Z-QE24M
RI-25-00646,S-013,bar,7075 bar 19.05 mm,,MC-00757,36,PO-458827,2025-04-09,"Z1.4 single, normal",D,1.0,II,13,0,,accept,2025-04-07 14:11:00,2025-04-08 18:30:00,E-0155,20260106T061500Z-QE24M
RI-25-00647,S-015,plated parts,P-10869-D,L25-0228,,2044,PO-456050,2025-04-09,"Z1.4 single, normal",K,1.0,II,125,1,blisters,accept,2025-04-07 09:23:00,2025-04-09 08:19:00,E-0155,20260106T061500Z-QE24M
RI-25-00648,S-016,plated parts,P-13149-C,L25-0242,,3169,PO-415018,2025-04-10,"Z1.4 single, normal",K,1.0,II,125,1,plating thickness,accept,2025-04-07 13:21:00,2025-04-08 10:46:00,E-0155,20260106T061500Z-QE24M
RI-25-00649,S-017,plated parts,P-13502-C,L25-0247,,849,PO-426100,2025-04-08,"Z1.4 single, normal",J,1.0,II,80,0,,accept,2025-04-07 11:08:00,2025-04-08 21:36:00,E-0155,20260106T061500Z-QE24M
RI-25-00650,S-017,plated parts,P-13321-A,L25-0282,,608,PO-474127,2025-03-31,"Z1.4 single, normal",J,1.0,II,80,3,plating thickness,reject,2025-04-07 12:25:00,2025-04-07 21:06:00,E-0156,20260106T061500Z-QE24M
RI-25-00651,S-018,plated parts,P-13017-A,L25-0222,,4092,PO-476200,2025-04-07,"Z1.4 single, normal",L,1.0,II,200,0,,accept,2025-04-07 11:52:00,2025-04-07 13:53:00,E-0155,20260106T061500Z-QE24M
RI-25-00652,S-018,plated parts,P-12861-C,L25-0259,,1698,PO-436639,2025-04-06,"Z1.4 single, normal",K,1.0,II,125,0,,accept,2025-04-07 12:45:00,2025-04-08 02:09:00,E-0155,20260106T061500Z-QE24M
RI-25-00653,S-018,plated parts,P-14103-B,L25-0273,,2272,PO-497417,2025-04-09,"Z1.4 single, normal",K,1.0,II,125,0,,accept,2025-04-07 13:31:00,2025-04-09 08:42:00,E-0156,20260106T061500Z-QE24M
RI-25-00654,S-022,plated parts,P-12435-A,L25-0251,,188,PO-446205,2025-04-09,"Z1.4 single, normal",G,1.0,II,22,0,,accept,2025-04-07 08:35:00,2025-04-09 00:27:00,E-0155,20260106T061500Z-QE24M
RI-25-00655,S-023,plated parts,P-14108-A,L25-0252,,1805,PO-433073,2025-04-09,"Z1.4 single, normal",K,1.0,II,125,1,staining,accept,2025-04-07 14:40:00,2025-04-09 08:22:00,E-0156,20260106T061500Z-QE24M
RI-25-00656,S-023,plated parts,P-15099-A,L25-0255,,1548,PO-489367,2025-04-07,"Z1.4 single, normal",K,1.0,II,125,2,plating thickness,accept,2025-04-07 14:21:00,2025-04-08 00:46:00,E-0155,20260106T061500Z-QE24M
RI-25-00657,S-025,plated parts,P-14134-A,L25-0288,,1572,PO-400715,2025-04-09,"Z1.4 single, normal",K,1.0,II,125,0,,accept,2025-04-07 12:17:00,2025-04-08 22:05:00,E-0156,20260106T061500Z-QE24M
RI-25-00658,S-027,heat-treated parts,P-18234-B,L25-0269,,977,PO-469803,2025-04-08,"Z1.4 single, normal",J,1.0,II,80,1,distortion,accept,2025-04-07 12:05:00,2025-04-07 16:55:00,E-0155,20260106T061500Z-QE24M
RI-25-00659,S-027,heat-treated parts,P-12701-A,L25-0301,,972,PO-462963,2025-04-10,"Z1.4 single, normal",J,1.0,II,80,0,,accept,2025-04-07 14:51:00,2025-04-09 04:14:00,E-0155,20260106T061500Z-QE24M
RI-25-00660,S-033,heat-treated parts,P-14140-A,L25-0275,,898,PO-431500,2025-04-10,"Z1.4 single, normal",J,1.0,II,80,0,,accept,2025-04-07 14:18:00,2025-04-08 02:22:00,E-0156,20260106T061500Z-QE24M
RI-25-00661,S-033,heat-treated parts,P-12828-B,L25-0289,,1470,PO-416384,2025-04-10,"Z1.4 single, normal",K,1.0,II,125,0,,accept,2025-04-07 12:21:00,2025-04-08 08:53:00,E-0155,20260106T061500Z-QE24M
RI-25-00662,S-035,heat-treated parts,P-18293-A,L25-0271,,422,PO-458718,2025-04-04,"Z1.4 single, normal",H,1.0,II,29,1,hardness low,accept,2025-04-07 12:44:00,2025-04-08 15:35:00,E-0155,20260106T061500Z-QE24M
RI-25-00663,S-039,passivated parts,P-11201-A,L25-0274,,1121,PO-493423,2025-04-09,"Z1.4 single, normal",J,1.0,II,35,0,,accept,2025-04-07 09:45:00,2025-04-08 23:35:00,E-0155,20260106T061500Z-QE24M
RI-25-00664,S-040,passivated parts,P-11871-A,L25-0257,,883,PO-459401,2025-04-07,"Z1.4 single, normal",J,1.0,II,80,0,,accept,2025-04-07 08:55:00,2025-04-07 17:59:00,E-0155,20260106T061500Z-QE24M
RI-25-00665,S-040,passivated parts,P-16665-D,L25-0264,,1329,PO-461911,2025-04-11,"Z1.4 single, normal",K,1.0,II,125,4,free iron,reject,2025-04-07 09:59:00,2025-04-08 12:45:00,E-0156,20260106T061500Z-QE24M
RI-25-00666,S-040,passivated parts,P-11163-D,L25-0277,,2182,PO-457962,2025-04-09,"Z1.4 single, normal",K,1.0,II,125,0,,accept,2025-04-07 14:58:00,2025-04-08 17:48:00,E-0155,20260106T061500Z-QE24M
RI-25-00667,S-040,passivated parts,P-12204-A,L25-0292,,288,PO-410092,2025-04-07,"Z1.4 single, normal",H,1.0,II,50,0,,accept,2025-04-07 10:33:00,2025-04-07 18:03:00,E-0155,20260106T061500Z-QE24M
RI-25-00668,S-040,passivated parts,P-17004-D,L25-0297,,992,PO-499651,2025-04-10,"Z1.4 single, normal",J,1.0,II,80,0,,accept,2025-04-07 14:14:00,2025-04-08 06:33:00,E-0156,20260106T061500Z-QE24M
RI-25-00669,S-044,passivated parts,P-15742-C,L25-0279,,193,PO-423135,2025-04-08,"Z1.4 single, normal",G,1.0,II,50,1,staining,accept,2025-04-07 12:53:00,2025-04-07 13:55:00,E-0156,20260106T061500Z-QE24M
RI-25-00670,S-044,passivated parts,P-16180-A,L25-0298,,799,PO-480842,2025-04-09,"Z1.4 single, normal",J,1.0,II,80,0,,accept,2025-04-07 09:38:00,2025-04-08 02:02:00,E-0155,20260106T061500Z-QE24M
RI-25-00671,S-049,anodized parts,P-17469-D,L25-0278,,1483,PO-432514,2025-04-09,"Z1.4 single, normal",K,1.0,II,125,2,color,accept,2025-04-07 09:32:00,2025-04-08 20:41:00,E-0155,20260106T061500Z-QE24M
RI-25-00672,S-001,bar,1018 bar 25.4 mm,,MC-00759,29,PO-468738,2025-04-12,"Z1.4 single, normal",D,1.0,II,13,0,,accept,2025-04-08 14:21:00,2025-04-08 20:33:00,E-0155,20260106T061500Z-QE24M
RI-25-00673,S-005,bar,8620 bar 25.4 mm,,MC-00760,89,PO-486121,2025-04-11,"Z1.4 single, normal",E,1.0,II,13,0,,accept,2025-04-08 07:01:00,2025-04-09 00:15:00,E-0156,20260106T061500Z-QE24M
RI-25-00674,S-023,plated parts,P-11502-A,L25-0216,,3274,PO-424541,2025-04-09,"Z1.4 single, normal",L,1.0,II,200,0,,accept,2025-04-08 07:51:00,2025-04-10 06:32:00,E-0155,20260106T061500Z-QE24M
RI-25-00675,S-039,passivated parts,P-11167-D,L25-0303,,1091,PO-447443,2025-04-12,"Z1.4 single, normal",J,1.0,II,80,0,,accept,2025-04-08 12:52:00,2025-04-09 15:39:00,E-0156,20260106T061500Z-QE24M
RI-25-00676,S-005,bar,8620 bar 25.4 mm,,MC-00761,25,PO-445863,2025-04-11,"Z1.4 single, normal",C,1.0,II,13,0,,accept,2025-04-09 13:26:00,2025-04-09 17:34:00,E-0155,20260106T061500Z-QE24M
RI-25-00677,S-033,heat-treated parts,P-14952-A,L25-0283,,1304,PO-405199,2025-04-11,"Z1.4 single, normal",K,1.0,II,125,0,,accept,2025-04-09 12:52:00,2025-04-11 06:02:00,E-0155,20260106T061500Z-QE24M
RI-25-00678,S-036,heat-treated parts,P-14992-A,L25-0307,,1528,PO-421821,2025-04-09,"Z1.4 single, normal",K,1.0,II,125,0,,accept,2025-04-09 11:20:00,2025-04-10 17:31:00,E-0155,20260106T061500Z-QE24M
RI-25-00679,S-037,passivated parts,P-12188-A,L25-0286,,1364,PO-422118,2025-04-12,"Z1.4 single, normal",K,1.0,II,125,0,,accept,2025-04-09 08:35:00,2025-04-11 04:10:00,E-0156,20260106T061500Z-QE24M
RI-25-00680,S-044,passivated parts,P-19027-C,L25-0291,,1022,PO-454314,2025-04-12,"Z1.4 single, normal",J,1.0,II,80,3,staining,accept,2025-04-09 11:18:00,2025-04-10 08:22:00,E-0156,20260106T061500Z-QE24M
RI-25-00681,S-045,anodized parts,P-11923-A,L25-0287,,1141,PO-436851,2025-04-10,"Z1.4 single, normal",J,1.0,II,80,0,,accept,2025-04-09 10:45:00,2025-04-09 11:34:00,E-0156,20260106T061500Z-QE24M
RI-25-00682,S-051,casting,P-15905-D,,,840,PO-403235,2025-04-04,"Z1.4 single, normal",J,1.0,II,80,0,,accept,2025-04-09 07:16:00,2025-04-11 06:03:00,E-0156,20260106T061500Z-QE24M
RI-25-00683,S-057,purchased components,dowel pins,,,2800,PO-425783,2025-04-09,"Z1.4 single, normal",K,1.0,II,125,0,,accept,2025-04-09 09:05:00,2025-04-09 13:10:00,E-0156,20260106T061500Z-QE24M
RI-25-00684,S-017,plated parts,P-14966-D,L25-0305,,1428,PO-455453,2025-04-10,"Z1.4 single, normal",K,1.0,II,125,3,plating thickness,accept,2025-04-10 11:57:00,2025-04-11 13:08:00,E-0156,20260106T061500Z-QE24M
RI-25-00685,S-020,plated parts,P-15035-A,L25-0263,,228,PO-433678,2025-04-10,"Z1.4 single, normal",G,1.0,II,50,0,,accept,2025-04-10 12:53:00,2025-04-11 19:23:00,E-0156,20260106T061500Z-QE24M
RI-25-00686,S-026,plated parts,P-14175-A,L25-0265,,784,PO-479611,2025-04-06,"Z1.4 single, normal",J,1.0,II,80,1,staining,accept,2025-04-10 14:33:00,2025-04-11 06:49:00,E-0155,20260106T061500Z-QE24M
RI-25-00687,S-057,purchased components,retaining rings,,,3850,PO-497876,2025-04-10,"Z1.4 single, normal",L,1.0,II,200,0,,accept,2025-04-10 12:28:00,2025-04-12 08:27:00,E-0156,20260106T061500Z-QE24M
RI-25-00688,S-015,plated parts,P-18210-D,L25-0258,,1820,PO-477533,2025-04-15,"Z1.4 single, normal",K,1.0,II,125,0,,accept,2025-04-11 07:43:00,2025-04-12 13:38:00,E-0155,20260106T061500Z-QE24M
RI-25-00689,S-017,plated parts,P-14918-A,L25-0304,,1518,PO-480184,2025-04-11,"Z1.4 single, normal",K,1.0,II,62,1,plating thickness,accept,2025-04-11 14:55:00,2025-04-12 06:32:00,E-0155,20260106T061500Z-QE24M
RI-25-00690,S-026,plated parts,P-13755-A,L25-0256,,283,PO-452632,2025-04-13,"Z1.4 single, normal",H,1.0,II,50,0,,accept,2025-04-11 07:43:00,2025-04-12 06:57:00,E-0155,20260106T061500Z-QE24M
RI-25-00691,S-039,passivated parts,P-12642-D,L25-0240,,1443,PO-470946,2025-04-13,"Z1.4 single, normal",K,1.0,II,125,0,,accept,2025-04-11 14:30:00,2025-04-13 10:08:00,E-0156,20260106T061500Z-QE24M
RI-25-00692,S-044,passivated parts,P-11173-A,L25-0308,,2406,PO-427358,2025-04-14,"Z1.4 single, normal",K,1.0,II,125,1,staining,accept,2025-04-11 14:54:00,2025-04-11 21:35:00,E-0155,20260106T061500Z-QE24M
RI-25-00693,S-045,anodized parts,P-11962-A,L25-0302,,486,PO-480549,2025-04-04,"Z1.4 single, normal",H,1.0,II,50,0,,accept,2025-04-11 07:05:00,2025-04-12 02:15:00,E-0156,20260106T061500Z-QE24M
RI-25-00694,S-053,casting,P-10729-A,,,210,PO-430865,2025-04-17,"Z1.4 single, normal",G,1.0,II,50,1,porosity,accept,2025-04-13 10:03:00,2025-04-14 06:31:00,E-0155,20260106T061500Z-QE24M
RI-25-00695,S-012,bar,6061 bar 38.1 mm,,MC-00762,68,PO-411101,2025-04-17,"Z1.4 single, normal",E,1.0,II,13,0,,accept,2025-04-14 11:58:00,2025-04-15 09:37:00,E-0155,20260106T061500Z-QE24M
RI-25-00696,S-015,plated parts,P-18589-A,L25-0290,,5119,PO-415061,2025-04-16,"Z1.4 single, normal",L,1.0,II,200,0,,accept,2025-04-14 07:12:00,2025-04-14 08:53:00,E-0156,20260106T061500Z-QE24M
RI-25-00697,S-017,plated parts,P-13447-D,L25-0238,,1077,PO-446575,2025-04-15,"Z1.4 single, normal",J,1.0,II,80,3,plating thickness,accept,2025-04-14 07:06:00,2025-04-14 12:19:00,E-0155,20260106T061500Z-QE24M
RI-25-00698,S-017,plated parts,P-14989-D,L25-0285,,1349,PO-430597,2025-04-16,"Z1.4 single, normal",K,1.0,II,125,6,adhesion,reject,2025-04-14 13:39:00,2025-04-15 16:38:00,E-0156,20260106T061500Z-QE24M
RI-25-00699,S-020,plated parts,P-12868-D,L25-0300,,642,PO-440661,2025-04-18,"Z1.4 single, normal",J,1.0,II,80,0,,accept,2025-04-14 14:46:00,2025-04-14 15:56:00,E-0155,20260106T061500Z-QE24M
RI-25-00700,S-022,plated parts,P-16971-B,L25-0266,,546,PO-498404,2025-04-17,"Z1.4 single, normal",J,1.0,II,80,0,,accept,2025-04-14 11:57:00,2025-04-14 23:19:00,E-0156,20260106T061500Z-QE24M
RI-25-00701,S-025,plated parts,P-13012-A,L25-0295,,621,PO-446677,2025-04-14,"Z1.4 single, normal",J,1.0,II,80,0,,accept,2025-04-14 07:31:00,2025-04-15 09:30:00,E-0155,20260106T061500Z-QE24M
RI-25-00702,S-031,heat-treated parts,P-18065-A,L25-0312,,1091,PO-456451,2025-04-16,"Z1.4 single, normal",J,1.0,II,80,0,,accept,2025-04-14 09:49:00,2025-04-15 19:09:00,E-0155,20260106T061500Z-QE24M
RI-25-00703,S-032,heat-treated parts,P-15123-A,L25-0316,,367,PO-472764,2025-04-15,"Z1.4 single, normal",H,1.0,II,38,0,,accept,2025-04-14 10:23:00,2025-04-16 00:38:00,E-0155,20260106T061500Z-QE24M
RI-25-00704,S-033,heat-treated parts,P-13369-A,L25-0320,,738,PO-481049,2025-04-14,"Z1.4 single, normal",J,1.0,II,80,1,distortion,accept,2025-04-14 13:27:00,2025-04-15 06:44:00,E-0155,20260106T061500Z-QE24M
RI-25-00705,S-036,heat-treated parts,P-17854-A,L25-0309,,769,PO-444894,2025-04-14,"Z1.4 single, normal",J,1.0,II,80,2,distortion,accept,2025-04-14 11:22:00,2025-04-16 01:40:00,E-0155,20260106T061500Z-QE24M
RI-25-00706,S-038,passivated parts,P-16571-D,L25-0310,,977,PO-455199,2025-04-16,"Z1.4 single, normal",J,1.0,II,80,0,,accept,2025-04-14 09:06:00,2025-04-15 05:06:00,E-0155,20260106T061500Z-QE24M
RI-25-00707,S-039,passivated parts,P-17014-A,L25-0296,,992,PO-463044,2025-04-15,"Z1.4 single, normal",J,1.0,II,80,0,,accept,2025-04-14 11:26:00,2025-04-16 08:32:00,E-0156,20260106T061500Z-QE24M
RI-25-00708,S-040,passivated parts,P-17038-D,L25-0313,,992,PO-437260,2025-04-17,"Z1.4 single, normal",J,1.0,II,80,1,staining,accept,2025-04-14 14:27:00,2025-04-16 07:29:00,E-0155,20260106T061500Z-QE24M
RI-25-00709,S-044,passivated parts,P-14462-A,L25-0315,,709,PO-436857,2025-04-15,"Z1.4 single, normal",J,1.0,II,80,0,,accept,2025-04-14 14:03:00,2025-04-16 08:58:00,E-0155,20260106T061500Z-QE24M
RI-25-00710,S-045,anodized parts,P-12004-A,L25-0299,,883,PO-441348,2025-04-15,"Z1.4 single, normal",J,1.0,II,80,0,,accept,2025-04-14 14:50:00,2025-04-14 15:25:00,E-0155,20260106T061500Z-QE24M
RI-25-00711,S-045,anodized parts,P-13976-B,L25-0306,,903,PO-409845,2025-04-17,"Z1.4 single, normal",J,1.0,II,80,0,,accept,2025-04-14 14:10:00,2025-04-15 00:35:00,E-0156,20260106T061500Z-QE24M
RI-25-00712,S-058,purchased components,O-rings,,,3900,PO-482900,2025-04-15,"Z1.4 single, normal",L,1.0,II,200,0,,accept,2025-04-14 09:57:00,2025-04-14 18:03:00,E-0156,20260106T061500Z-QE24M
RI-25-00713,S-004,bar,4140 bar 25.4 mm,,MC-00763,90,PO-465906,2025-04-16,"Z1.4 single, normal",E,1.0,II,9,0,,accept,2025-04-15 14:52:00,2025-04-17 00:09:00,E-0155,20260106T061500Z-QE24M
RI-25-00714,S-025,plated parts,P-12835-A,L25-0280,,569,PO-420222,2025-04-16,"Z1.4 single, normal",J,1.0,II,63,0,,accept,2025-04-15 08:04:00,2025-04-17 00:04:00,E-0156,20260106T061500Z-QE24M
RI-25-00715,S-034,heat-treated parts,P-12907-D,L25-0314,,607,PO-401428,2025-04-15,"Z1.4 single, normal",J,1.0,II,80,0,,accept,2025-04-15 11:24:00,2025-04-17 07:30:00,E-0155,20260106T061500Z-QE24M
RI-25-00716,S-004,bar,4140 bar 31.75 mm,,MC-00765,58,PO-499580,2025-04-17,"Z1.4 single, normal",E,1.0,II,13,0,,accept,2025-04-16 07:40:00,2025-04-16 11:29:00,E-0155,20260106T061500Z-QE24M
RI-25-00717,S-006,bar,303 bar 38.1 mm,,MC-00764,51,PO-490596,2025-04-16,"Z1.4 single, normal",E,1.0,II,13,0,,accept,2025-04-16 08:01:00,2025-04-17 14:02:00,E-0156,20260106T061500Z-QE24M
RI-25-00718,S-020,plated parts,P-12828-B,L25-0289,,1470,PO-471607,2025-04-16,"Z1.4 single, normal",K,1.0,II,125,1,plating thickness,accept,2025-04-16 08:55:00,2025-04-17 00:51:00,E-0155,20260106T061500Z-QE24M
RI-25-00719,S-037,passivated parts,P-12701-A,L25-0301,,972,PO-427226,2025-04-17,"Z1.4 single, normal",J,1.0,II,80,0,,accept,2025-04-16 08:32:00,2025-04-17 03:48:00,E-0156,20260106T061500Z-QE24M
RI-25-00720,S-039,passivated parts,P-16423-C,L25-0332,,942,PO-455355,2025-04-16,"Z1.4 single, normal",J,1.0,II,49,0,,accept,2025-04-16 10:30:00,2025-04-17 15:08:00,E-0155,20260106T061500Z-QE24M
RI-25-00721,S-041,passivated parts,P-10653-D,L25-0318,,303,PO-430526,2025-04-20,"Z1.4 single, normal",H,1.0,II,36,0,,accept,2025-04-16 09:45:00,2025-04-17 01:50:00,E-0156,20260106T061500Z-QE24M
RI-25-00722,S-044,passivated parts,P-16403-B,L25-0340,,794,PO-489328,2025-04-19,"Z1.4 single, normal",J,1.0,II,80,0,,accept,2025-04-16 08:55:00,2025-04-16 10:13:00,E-0155,20260106T061500Z-QE24M
RI-25-00723,S-054,casting,P-11007-C,,,390,PO-430548,2025-04-20,"Z1.4 single, normal",H,1.0,II,50,0,,accept,2025-04-16 14:54:00,2025-04-17 22:49:00,E-0156,20260106T061500Z-QE24M
RI-25-00724,S-016,plated parts,P-18293-A,L25-0271,,422,PO-413211,2025-04-19,"Z1.4 single, normal",H,1.0,II,50,0,,accept,2025-04-17 09:56:00,2025-04-18 01:27:00,E-0156,20260106T061500Z-QE24M
RI-25-00725,S-033,heat-treated parts,P-12972-A,L25-0328,,1085,PO-402058,2025-04-18,"Z1.4 single, normal",J,1.0,II,80,0,,accept,2025-04-17 12:07:00,2025-04-17 21:19:00,E-0155,20260106T061500Z-QE24M
RI-25-00726,S-034,heat-treated parts,P-13684-B,L25-0326,,650,PO-400194,2025-04-18,"Z1.4 single, normal",J,1.0,II,80,0,,accept,2025-04-17 07:47:00,2025-04-17 10:10:00,E-0155,20260106T061500Z-QE24M
RI-25-00727,S-036,heat-treated parts,P-14168-B,L25-0321,,1002,PO-495891,2025-04-17,"Z1.4 single, normal",J,1.0,II,80,2,hardness high,accept,2025-04-17 12:16:00,2025-04-17 18:19:00,E-0155,20260106T061500Z-QE24M
RI-25-00728,S-041,passivated parts,P-10711-C,L25-0327,,372,PO-428241,2025-04-19,"Z1.4 single, normal",H,1.0,II,50,2,staining,accept,2025-04-17 07:02:00,2025-04-18 09:00:00,E-0155,20260106T061500Z-QE24M
RI-25-00729,S-048,anodized parts,P-17255-D,L25-0333,,1369,PO-464954,2025-04-21,"Z1.4 single, normal",K,1.0,II,125,1,coating thickness,accept,2025-04-17 10:29:00,2025-04-18 15:52:00,E-0155,20260106T061500Z-QE24M
RI-25-00730,S-001,bar,1018 bar 19.05 mm,,MC-00766,116,PO-472226,2025-04-19,"Z1.4 single, normal",F,1.0,II,13,0,,accept,2025-04-18 08:10:00,2025-04-19 02:54:00,E-0156,20260106T061500Z-QE24M
RI-25-00731,S-002,bar,1045 bar 38.1 mm,,MC-00767,74,PO-403731,2025-04-19,"Z1.4 single, normal",E,1.0,II,13,0,,accept,2025-04-18 09:28:00,2025-04-19 21:58:00,E-0156,20260106T061500Z-QE24M
RI-25-00732,S-017,plated parts,P-13431-A,L25-0317,,750,PO-467384,2025-04-18,"Z1.4 single, normal",J,1.0,II,80,0,,accept,2025-04-18 14:41:00,2025-04-19 14:12:00,E-0156,20260106T061500Z-QE24M
RI-25-00733,S-036,heat-treated parts,P-13317-A,L25-0335,,1005,PO-486665,2025-04-21,"Z1.4 single, normal",J,1.0,II,80,0,,accept,2025-04-18 14:19:00,2025-04-19 11:08:00,E-0155,20260106T061500Z-QE24M
RI-25-00734,S-040,passivated parts,P-11163-D,L25-0329,,2182,PO-406006,2025-04-20,"Z1.4 single, normal",K,1.0,II,125,0,,accept,2025-04-18 09:18:00,2025-04-20 01:21:00,E-0156,20260106T061500Z-QE24M
RI-25-00735,S-045,anodized parts,P-12023-C,L25-0293,,2579,PO-436035,2025-04-18,"Z1.4 single, normal",K,1.0,II,52,0,,accept,2025-04-18 13:45:00,2025-04-19 19:34:00,E-0156,20260106T061500Z-QE24M
RI-25-00736,S-057,purchased components,retaining rings,,,3100,PO-424723,2025-04-18,"Z1.4 single, normal",K,1.0,II,125,2,dimension,accept,2025-04-18 11:28:00,2025-04-20 08:07:00,E-0155,20260106T061500Z-QE24M
RI-25-00737,S-003,bar,4140 bar 38.1 mm,,MC-00769,73,PO-432654,2025-04-22,"Z1.4 single, normal",E,1.0,II,13,0,,accept,2025-04-21 14:09:00,2025-04-22 02:49:00,E-0156,20260106T061500Z-QE24M
RI-25-00738,S-004,bar,4140 bar 31.75 mm,,MC-00768,107,PO-465655,2025-04-22,"Z1.4 single, normal",F,1.0,II,13,0,,accept,2025-04-21 07:21:00,2025-04-22 22:55:00,E-0156,20260106T061500Z-QE24M
RI-25-00739,S-018,plated parts,P-18234-B,L25-0269,,977,PO-427727,2025-04-25,"Z1.4 single, normal",J,1.0,II,80,0,,accept,2025-04-21 08:34:00,2025-04-23 02:28:00,E-0156,20260106T061500Z-QE24M
RI-25-00740,S-020,plated parts,P-15123-A,L25-0316,,367,PO-449156,2025-04-24,"Z1.4 single, normal",H,1.0,II,50,0,,accept,2025-04-21 07:18:00,2025-04-21 19:12:00,E-0155,20260106T061500Z-QE24M
RI-25-00741,S-033,heat-treated parts,P-14212-C,L25-0323,,913,PO-431238,2025-04-18,"Z1.4 single, normal",J,1.0,II,80,0,,accept,2025-04-21 11:39:00,2025-04-22 20:12:00,E-0155,20260106T061500Z-QE24M
RI-25-00742,S-033,heat-treated parts,P-14108-A,L25-0330,,1736,PO-468945,2025-04-23,"Z1.4 single, normal",K,1.0,II,125,0,,accept,2025-04-21 08:10:00,2025-04-21 12:10:00,E-0155,20260106T061500Z-QE24M
RI-25-00743,S-033,heat-treated parts,P-18703-A,L25-0331,,709,PO-463143,2025-04-21,"Z1.4 single, normal",J,1.0,II,80,0,,accept,2025-04-21 07:58:00,2025-04-23 02:56:00,E-0155,20260106T061500Z-QE24M
RI-25-00744,S-040,passivated parts,P-11320-D,L25-0324,,1042,PO-432260,2025-04-25,"Z1.4 single, normal",J,1.0,II,80,0,,accept,2025-04-21 12:20:00,2025-04-23 04:37:00,E-0155,20260106T061500Z-QE24M
RI-25-00745,S-040,passivated parts,P-15986-A,L25-0336,,1136,PO-495067,2025-04-23,"Z1.4 single, normal",J,1.0,II,80,1,free iron,accept,2025-04-21 12:45:00,2025-04-23 07:24:00,E-0156,20260106T061500Z-QE24M
RI-25-00746,S-044,passivated parts,P-19209-C,L25-0334,,308,PO-469146,2025-04-25,"Z1.4 single, normal",H,1.0,II,34,0,,accept,2025-04-21 07:58:00,2025-04-21 09:31:00,E-0155,20260106T061500Z-QE24M
RI-25-00747,S-057,purchased components,retaining rings,,,4850,PO-495148,2025-04-22,"Z1.4 single, normal",L,1.0,II,200,1,dimension,accept,2025-04-21 09:11:00,2025-04-21 18:44:00,E-0155,20260106T061500Z-QE24M
RI-25-00748,S-003,bar,4140 bar 38.1 mm,,MC-00772,52,PO-453311,2025-04-23,"Z1.4 single, normal",E,1.0,II,13,0,,accept,2025-04-22 11:21:00,2025-04-24 08:33:00,E-0156,20260106T061500Z-QE24M
RI-25-00749,S-010,bar,316 bar 25.4 mm,,MC-00770,56,PO-429679,2025-04-25,"Z1.4 single, normal",E,1.0,II,13,0,,accept,2025-04-22 08:51:00,2025-04-23 05:01:00,E-0156,20260106T061500Z-QE24M
RI-25-00750,S-010,bar,316 bar 38.1 mm,,MC-00771,35,PO-403731,2025-04-13,"Z1.4 single, normal",D,1.0,II,7,0,,accept,2025-04-22 12:19:00,2025-04-23 20:19:00,E-0156,20260106T061500Z-QE24M
RI-25-00751,S-013,bar,7075 bar 50.8 mm,,MC-00773,25,PO-451956,2025-04-26,"Z1.4 single, normal",C,1.0,II,13,0,,accept,2025-04-22 10:58:00,2025-04-24 02:30:00,E-0156,20260106T061500Z-QE24M
RI-25-00752,S-017,plated parts,P-14952-A,L25-0283,,1304,PO-416963,2025-04-14,"Z1.4 single, normal",K,1.0,II,125,0,,accept,2025-04-22 08:21:00,2025-04-23 12:18:00,E-0155,20260106T061500Z-QE24M
RI-25-00753,S-017,plated parts,P-14992-A,L25-0307,,1528,PO-424769,2025-04-26,"Z1.4 single, normal",K,1.0,II,125,1,adhesion,accept,2025-04-22 10:47:00,2025-04-23 20:06:00,E-0155,20260106T061500Z-QE24M
RI-25-00754,S-040,passivated parts,P-17854-A,L25-0309,,769,PO-489500,2025-04-23,"Z1.4 single, normal",J,1.0,II,80,0,,accept,2025-04-22 14:06:00,2025-04-24 13:52:00,E-0155,20260106T061500Z-QE24M
RI-25-00755,S-047,anodized parts,P-13901-A,L25-0342,,1533,PO-467642,2025-04-16,"Z1.4 single, normal",K,1.0,II,125,0,,accept,2025-04-22 12:42:00,2025-04-24 09:04:00,E-0155,20260106T061500Z-QE24M
RI-25-00756,S-051,casting,P-11642-D,,,170,PO-476098,2025-04-21,"Z1.4 single, normal",G,1.0,II,50,1,flash,accept,2025-04-22 12:51:00,2025-04-24 09:11:00,E-0156,20260106T061500Z-QE24M
RI-25-00757,S-057,purchased components,dowel pins,,,2650,PO-453487,2025-04-24,"Z1.4 single, normal",K,1.0,II,125,0,,accept,2025-04-22 08:30:00,2025-04-22 12:14:00,E-0156,20260106T061500Z-QE24M
RI-25-00758,S-008,bar,304 bar 38.1 mm,,MC-00774,47,PO-485168,2025-04-25,"Z1.4 single, normal",D,1.0,II,7,0,,accept,2025-04-23 09:26:00,2025-04-25 00:36:00,E-0155,20260106T061500Z-QE24M
RI-25-00759,S-009,bar,316 bar 25.4 mm,,MC-00775,72,PO-422821,2025-04-27,"Z1.4 single, normal",E,1.0,II,13,0,,accept,2025-04-23 11:41:00,2025-04-23 17:11:00,E-0156,20260106T061500Z-QE24M
RI-25-00760,S-009,bar,316 bar 31.75 mm,,MC-00776,98,PO-478563,2025-04-25,"Z1.4 single, normal",F,1.0,II,13,0,,accept,2025-04-23 10:00:00,2025-04-25 08:10:00,E-0156,20260106T061500Z-QE24M
RI-25-00761,S-010,bar,316 bar 38.1 mm,,MC-00777,62,PO-416286,2025-04-27,"Z1.4 single, normal",E,1.0,II,13,0,,accept,2025-04-23 09:43:00,2025-04-23 17:07:00,E-0155,20260106T061500Z-QE24M
RI-25-00762,S-034,heat-treated parts,P-18143-B,L25-0346,,1265,PO-494863,2025-04-25,"Z1.4 single, normal",K,1.0,II,125,1,distortion,accept,2025-04-23 08:25:00,2025-04-24 04:43:00,E-0156,20260106T061500Z-QE24M
RI-25-00763,S-036,heat-treated parts,P-13675-A,L25-0319,,1642,PO-433289,2025-04-26,"Z1.4 single, normal",K,1.0,II,125,1,hardness low,accept,2025-04-23 13:30:00,2025-04-24 18:29:00,E-0156,20260106T061500Z-QE24M
RI-25-00764,S-037,passivated parts,P-14827-C,L25-0338,,422,PO-419059,2025-04-25,"Z1.4 single, normal",H,1.0,II,50,2,free iron,reject,2025-04-23 10:41:00,2025-04-24 02:55:00,E-0155,20260106T061500Z-QE24M
RI-25-00765,S-043,passivated parts,P-14629-A,L25-0341,,575,PO-405571,2025-04-27,"Z1.4 single, normal",J,1.0,II,48,0,,accept,2025-04-23 13:20:00,2025-04-24 06:12:00,E-0155,20260106T061500Z-QE24M
RI-25-00766,S-050,anodized parts,P-17077-A,L25-0337,,556,PO-402477,2025-04-23,"Z1.4 single, normal",J,1.0,II,80,0,,accept,2025-04-23 12:27:00,2025-04-24 14:30:00,E-0156,20260106T061500Z-QE24M
RI-25-00767,S-051,casting,P-11625-A,,,160,PO-450313,2025-04-25,"Z1.4 single, normal",G,1.0,II,29,1,dimension,accept,2025-04-23 11:38:00,2025-04-25 00:35:00,E-0156,20260106T061500Z-QE24M
RI-25-00768,S-051,casting,P-11962-A,,,380,PO-486410,2025-04-27,"Z1.4 single, normal",H,1.0,II,50,0,,accept,2025-04-23 13:40:00,2025-04-24 04:44:00,E-0155,20260106T061500Z-QE24M
RI-25-00769,S-051,casting,P-16616-D,,,520,PO-467981,2025-04-24,"Z1.4 single, normal",J,1.0,II,80,0,,accept,2025-04-23 12:16:00,2025-04-24 07:29:00,E-0156,20260106T061500Z-QE24M
RI-25-00770,S-002,bar,1045 bar 38.1 mm,,MC-00778,36,PO-408057,2025-04-25,"Z1.4 single, normal",D,1.0,II,7,0,,accept,2025-04-24 07:46:00,2025-04-25 12:49:00,E-0155,20260106T061500Z-QE24M
RI-25-00771,S-010,bar,316 bar 38.1 mm,,MC-00779,28,PO-426488,2025-04-20,"Z1.4 single, normal",D,1.0,II,13,0,,accept,2025-04-24 14:13:00,2025-04-25 13:26:00,E-0155,20260106T061500Z-QE24M
RI-25-00772,S-002,bar,1045 bar 38.1 mm,,MC-00780,76,PO-493472,2025-04-26,"Z1.4 single, normal",E,1.0,II,13,0,,accept,2025-04-25 08:00:00,2025-04-26 14:09:00,E-0156,20260106T061500Z-QE24M
RI-25-00773,S-026,plated parts,P-12972-A,L25-0328,,1085,PO-469543,2025-04-25,"Z1.4 single, normal",J,1.0,II,80,2,blisters,accept,2025-04-25 07:12:00,2025-04-26 15:10:00,E-0155,20260106T061500Z-QE24M
RI-25-00774,S-042,passivated parts,P-16688-C,L25-0339,,1195,PO-406647,2025-04-21,"Z1.4 single, normal",J,1.0,II,80,0,,accept,2025-04-25 07:18:00,2025-04-26 03:04:00,E-0156,20260106T061500Z-QE24M
RI-25-00775,S-051,casting,P-16637-A,,,360,PO-493770,2025-04-19,"Z1.4 single, normal",H,1.0,II,50,1,dimension,accept,2025-04-27 10:09:00,2025-04-27 19:05:00,E-0155,20260106T061500Z-QE24M
RI-25-00776,S-055,casting,P-11828-C,,,360,PO-488539,2025-04-29,"Z1.4 single, normal",H,1.0,II,50,0,,accept,2025-04-27 09:49:00,2025-04-27 16:20:00,E-0155,20260106T061500Z-QE24M
RI-25-00777,S-057,purchased components,retaining rings,,,2100,PO-419840,2025-04-27,"Z1.4 single, normal",K,1.0,II,125,0,,accept,2025-04-27 14:45:00,2025-04-28 18:44:00,E-0156,20260106T061500Z-QE24M
RI-25-00778,S-003,bar,4140 bar 25.4 mm,,MC-00785,108,PO-456481,2025-04-27,"Z1.4 single, normal",F,1.0,II,13,0,,accept,2025-04-28 14:09:00,2025-04-29 12:56:00,E-0155,20260106T061500Z-QE24M
RI-25-00779,S-004,bar,4140 bar 63.5 mm,,MC-00786,51,PO-451207,2025-04-30,"Z1.4 single, normal",E,1.0,II,13,0,,accept,2025-04-28 12:16:00,2025-04-28 13:15:00,E-0155,20260106T061500Z-QE24M
RI-25-00780,S-006,bar,303 bar 50.8 mm,,MC-00781,116,PO-448517,2025-05-01,"Z1.4 single, normal",F,1.0,II,13,0,,accept,2025-04-28 14:50:00,2025-04-28 16:09:00,E-0156,20260106T061500Z-QE24M
RI-25-00781,S-008,bar,304 bar 31.75 mm,,MC-00782,109,PO-405747,2025-04-29,"Z1.4 single, normal",F,1.0,II,13,0,,accept,2025-04-28 10:32:00,2025-04-29 04:19:00,E-0156,20260106T061500Z-QE24M
RI-25-00782,S-009,bar,316 bar 25.4 mm,,MC-00783,30,PO-436783,2025-04-30,"Z1.4 single, normal",D,1.0,II,13,0,,accept,2025-04-28 10:12:00,2025-04-29 14:24:00,E-0156,20260106T061500Z-QE24M
RI-25-00783,S-010,bar,316 bar 31.75 mm,,MC-00784,22,PO-414582,2025-05-01,"Z1.4 single, normal",C,1.0,II,13,1,surface seams,reject,2025-04-28 09:56:00,2025-04-28 13:01:00,E-0156,20260106T061500Z-QE24M
RI-25-00784,S-017,plated parts,P-13369-A,L25-0320,,738,PO-491083,2025-05-02,"Z1.4 single, normal",J,1.0,II,80,1,blisters,accept,2025-04-28 11:44:00,2025-04-29 07:56:00,E-0155,20260106T061500Z-QE24M
RI-25-00785,S-017,plated parts,P-14918-A,L25-0355,,1463,PO-489908,2025-04-25,"Z1.4 single, normal",K,1.0,II,125,2,adhesion,accept,2025-04-28 13:25:00,2025-04-30 07:15:00,E-0156,20260106T061500Z-QE24M
RI-25-00786,S-018,plated parts,P-12907-D,L25-0314,,607,PO-416757,2025-04-29,"Z1.4 single, normal",J,1.0,II,80,0,,accept,2025-04-28 10:00:00,2025-04-29 19:57:00,E-0155,20260106T061500Z-QE24M
RI-25-00787,S-018,plated parts,P-18738-A,L25-0364,,312,PO-419639,2025-05-02,"Z1.4 single, normal",H,1.0,II,50,0,,accept,2025-04-28 09:44:00,2025-04-29 07:17:00,E-0156,20260106T061500Z-QE24M
RI-25-00788,S-022,plated parts,P-14168-B,L25-0321,,1002,PO-433259,2025-04-30,"Z1.4 single, normal",J,1.0,II,80,0,,accept,2025-04-28 07:45:00,2025-04-28 13:14:00,E-0156,20260106T061500Z-QE24M
RI-25-00789,S-022,plated parts,P-18508-A,L25-0363,,774,PO-424370,2025-04-29,"Z1.4 single, normal",J,1.0,II,80,1,plating thickness,accept,2025-04-28 14:31:00,2025-04-29 08:12:00,E-0155,20260106T061500Z-QE24M
RI-25-00790,S-023,plated parts,P-14212-C,L25-0323,,913,PO-452688,2025-04-30,"Z1.4 single, normal",J,1.0,II,80,0,,accept,2025-04-28 07:56:00,2025-04-28 15:23:00,E-0156,20260106T061500Z-QE24M
RI-25-00791,S-023,plated parts,P-14108-A,L25-0330,,1736,PO-444826,2025-05-02,"Z1.4 single, normal",K,1.0,II,125,1,staining,accept,2025-04-28 09:52:00,2025-04-29 08:34:00,E-0156,20260106T061500Z-QE24M
RI-25-00792,S-023,plated parts,P-18703-A,L25-0331,,709,PO-430795,2025-05-02,"Z1.4 single, normal",J,1.0,II,80,0,,accept,2025-04-28 08:02:00,2025-04-29 02:52:00,E-0156,20260106T061500Z-QE24M
RI-25-00793,S-024,plated parts,P-13684-B,L25-0326,,650,PO-419329,2025-04-29,"Z1.4 single, normal",J,1.0,II,80,0,,accept,2025-04-28 12:55:00,2025-04-28 20:16:00,E-0155,20260106T061500Z-QE24M
RI-25-00794,S-027,heat-treated parts,P-11584-A,L25-0325,,1731,PO-471796,2025-04-29,"Z1.4 single, normal",K,1.0,II,125,2,hardness high,accept,2025-04-28 10:24:00,2025-04-29 23:44:00,E-0156,20260106T061500Z-QE24M
RI-25-00795,S-030,heat-treated parts,P-10123-A,L25-0322,,1309,PO-477195,2025-05-01,"Z1.4 single, normal",K,1.0,II,125,6,hardness high,reject,2025-04-28 14:41:00,2025-04-30 14:36:00,E-0156,20260106T061500Z-QE24M
RI-25-00796,S-033,heat-treated parts,P-12367-A,L25-0347,,972,PO-406695,2025-05-01,"Z1.4 single, normal",J,1.0,II,80,0,,accept,2025-04-28 13:26:00,2025-04-29 08:59:00,E-0156,20260106T061500Z-QE24M
RI-25-00797,S-033,heat-treated parts,P-14989-D,L25-0356,,1419,PO-439804,2025-04-29,"Z1.4 single, normal",K,1.0,II,125,0,,accept,2025-04-28 14:46:00,2025-04-28 22:11:00,E-0155,20260106T061500Z-QE24M
RI-25-00798,S-037,passivated parts,P-16183-C,L25-0345,,1136,PO-461122,2025-05-02,"Z1.4 single, normal",J,1.0,II,80,2,free iron,accept,2025-04-28 14:59:00,2025-04-29 20:43:00,E-0156,20260106T061500Z-QE24M
RI-25-00799,S-044,passivated parts,P-16180-A,L25-0343,,744,PO-468150,2025-04-30,"Z1.4 single, normal",J,1.0,II,80,1,free iron,accept,2025-04-28 13:24:00,2025-04-30 09:43:00,E-0156,20260106T061500Z-QE24M
RI-25-00800,S-044,passivated parts,P-14859-A,L25-0365,,833,PO-433923,2025-04-30,"Z1.4 single, normal",J,1.0,II,80,2,free iron,accept,2025-04-28 10:47:00,2025-04-29 19:54:00,E-0156,20260106T061500Z-QE24M
RI-25-00801,S-046,anodized parts,P-17178-A,L25-0344,,952,PO-463147,2025-05-01,"Z1.4 single, normal",J,1.0,II,80,0,,accept,2025-04-28 13:56:00,2025-04-29 13:36:00,E-0155,20260106T061500Z-QE24M
RI-25-00802,S-059,purchased components,threaded inserts,,,1013,PO-496139,2025-05-02,"Z1.4 single, normal",J,1.0,II,80,1,dimension,accept,2025-04-28 14:27:00,2025-04-30 08:10:00,E-0155,20260106T061500Z-QE24M
RI-25-00803,S-001,bar,1018 bar 25.4 mm,,MC-00787,113,PO-481674,2025-04-29,"Z1.4 single, normal",F,1.0,II,13,0,,accept,2025-04-29 08:57:00,2025-04-29 20:42:00,E-0155,20260106T061500Z-QE24M
RI-25-00804,S-004,bar,4140 bar 63.5 mm,,MC-00789,52,PO-420133,2025-04-30,"Z1.4 single, normal",E,1.0,II,13,0,,accept,2025-04-29 07:20:00,2025-05-01 06:58:00,E-0156,20260106T061500Z-QE24M
RI-25-00805,S-008,bar,304 bar 31.75 mm,,MC-00788,26,PO-492754,2025-05-01,"Z1.4 single, normal",D,1.0,II,13,0,,accept,2025-04-29 14:20:00,2025-05-01 05:20:00,E-0156,20260106T061500Z-QE24M
RI-25-00806,S-030,heat-treated parts,P-11142-B,L25-0361,,709,PO-415490,2025-05-02,"Z1.4 single, normal",J,1.0,II,80,0,,accept,2025-04-29 09:04:00,2025-04-30 23:41:00,E-0155,20260106T061500Z-QE24M
RI-25-00807,S-033,heat-treated parts,P-13045-B,L25-0371,,1007,PO-416217,2025-05-02,"Z1.4 single, normal",J,1.0,II,44,0,,accept,2025-04-29 11:02:00,2025-05-01 08:59:00,E-0155,20260106T061500Z-QE24M
RI-25-00808,S-014,bar,Ti-6Al-4V bar 50.8 mm,,MC-00790,113,PO-446169,2025-05-03,"Z1.4 single, normal",F,1.0,II,13,0,,accept,2025-04-30 07:03:00,2025-05-01 02:59:00,E-0155,20260106T061500Z-QE24M
RI-25-00809,S-033,heat-treated parts,P-14928-A,L25-0372,,1587,PO-470872,2025-04-30,"Z1.4 single, normal",K,1.0,II,125,0,,accept,2025-04-30 14:39:00,2025-04-30 20:15:00,E-0155,20260106T061500Z-QE24M
RI-25-00810,S-034,heat-treated parts,P-16900-D,L25-0349,,1875,PO-470113,2025-05-01,"Z1.4 single, normal",K,1.0,II,125,1,hardness high,accept,2025-04-30 09:37:00,2025-05-01 20:55:00,E-0156,20260106T061500Z-QE24M
RI-25-00811,S-042,passivated parts,P-14693-A,L25-0351,,1478,PO-422153,2025-05-01,"Z1.4 single, normal",K,1.0,II,125,3,staining,accept,2025-04-30 11:32:00,2025-04-30 23:22:00,E-0155,20260106T061500Z-QE24M
RI-25-00812,S-044,passivated parts,P-11226-C,L25-0350,,1637,PO-450582,2025-05-01,"Z1.4 single, normal",K,1.0,II,125,0,,accept,2025-04-30 08:27:00,2025-05-02 01:21:00,E-0155,20260106T061500Z-QE24M
RI-25-00813,S-048,anodized parts,P-17127-A,L25-0352,,888,PO-473306,2025-05-03,"Z1.4 single, normal",J,1.0,II,80,0,,accept,2025-04-30 07:42:00,2025-05-01 05:54:00,E-0155,20260106T061500Z-QE24M
RI-25-00814,S-051,casting,P-10653-D,,,870,PO-438019,2025-05-03,"Z1.4 single, normal",J,1.0,II,80,0,,accept,2025-04-30 13:55:00,2025-04-30 14:39:00,E-0156,20260106T061500Z-QE24M
RI-25-00815,S-054,casting,P-16147-A,,,640,PO-487862,2025-04-21,"Z1.4 single, normal",J,1.0,II,80,1,porosity,accept,2025-04-30 09:35:00,2025-04-30 10:14:00,E-0155,20260106T061500Z-QE24M
RI-25-00816,S-015,plated parts,P-18143-B,L25-0346,,1265,PO-455269,2025-04-28,"Z1.4 single, normal",K,1.0,II,125,2,blisters,accept,2025-05-01 12:46:00,2025-05-02 12:47:00,E-0156,20260106T061500Z-QE24M
RI-25-00817,S-017,plated parts,P-13317-A,L25-0335,,1005,PO-420947,2025-05-01,"Z1.4 single, normal",J,1.0,II,80,1,blisters,accept,2025-05-01 07:24:00,2025-05-02 16:53:00,E-0156,20260106T061500Z-QE24M
RI-25-00818,S-036,heat-treated parts,P-14117-A,L25-0375,,1042,PO-439038,2025-05-04,"Z1.4 single, normal",J,1.0,II,80,0,,accept,2025-05-01 08:23:00,2025-05-02 18:20:00,E-0155,20260106T061500Z-QE24M
RI-25-00819,S-042,passivated parts,P-15642-A,L25-0368,,699,PO-405381,2025-05-03,"Z1.4 single, normal",J,1.0,II,80,0,,accept,2025-05-01 13:55:00,2025-05-03 13:01:00,E-0156,20260106T061500Z-QE24M
RI-25-00820,S-005,bar,8620 bar 19.05 mm,,MC-00793,30,PO-489074,2025-05-05,"Z1.4 single, normal",D,1.0,II,13,0,,accept,2025-05-02 13:22:00,2025-05-03 06:46:00,E-0156,20260106T061500Z-QE24M
RI-25-00821,S-008,bar,304 bar 38.1 mm,,MC-00791,105,PO-475765,2025-05-03,"Z1.4 single, normal",F,1.0,II,13,0,,accept,2025-05-02 13:23:00,2025-05-02 18:58:00,E-0156,20260106T061500Z-QE24M
RI-25-00822,S-013,bar,7075 bar 19.05 mm,,MC-00792,45,PO-464969,2025-05-04,"Z1.4 single, normal",D,1.0,II,5,0,,accept,2025-05-02 11:12:00,2025-05-04 04:06:00,E-0155,20260106T061500Z-QE24M
RI-25-00823,S-017,plated parts,P-14966-D,L25-0362,,1260,PO-409296,2025-05-03,"Z1.4 single, normal",K,1.0,II,95,3,adhesion,accept,2025-05-02 10:27:00,2025-05-02 14:17:00,E-0155,20260106T061500Z-QE24M
RI-25-00824,S-023,plated parts,P-13675-A,L25-0319,,1642,PO-422641,2025-05-02,"Z1.4 single, normal",K,1.0,II,125,1,plating thickness,accept,2025-05-02 07:00:00,2025-05-02 21:42:00,E-0156,20260106T061500Z-QE24M
RI-25-00825,S-025,plated parts,P-11354-C,L25-0357,,243,PO-452330,2025-05-03,"Z1.4 single, normal",G,1.0,II,50,0,,accept,2025-05-02 12:05:00,2025-05-04 00:18:00,E-0156,20260106T061500Z-QE24M
RI-25-00826,S-051,casting,P-17131-A,,,420,PO-460424,2025-05-05,"Z1.4 single, normal",H,1.0,II,50,1,porosity,accept,2025-05-03 11:43:00,2025-05-04 06:36:00,E-0155,20260106T061500Z-QE24M
RI-25-00827,S-055,casting,P-11462-A,,,740,PO-420824,2025-05-04,"Z1.4 single, normal",J,1.0,II,80,0,,accept,2025-05-04 11:47:00,2025-05-05 18:28:00,E-0156,20260106T061500Z-QE24M
RI-25-00828,S-003,bar,4140 bar 25.4 mm,,MC-00795,42,PO-426813,2025-05-07,"Z1.4 single, normal",D,1.0,II,13,0,,accept,2025-05-05 11:23:00,2025-05-05 22:11:00,E-0155,20260106T061500Z-QE24M
RI-25-00829,S-009,bar,316 bar 25.4 mm,,MC-00794,62,PO-444573,2025-05-08,"Z1.4 single, normal",E,1.0,II,6,0,,accept,2025-05-05 07:41:00,2025-05-05 10:28:00,E-0156,20260106T061500Z-QE24M
RI-25-00830,S-013,bar,7075 bar 19.05 mm,,MC-00796,48,PO-472587,2025-05-08,"Z1.4 single, normal",D,1.0,II,13,0,,accept,2025-05-05 09:58:00,2025-05-06 08:00:00,E-0155,20260106T061500Z-QE24M
RI-25-00831,S-020,plated parts,P-10123-A,L25-0322,,1309,PO-483858,2025-05-05,"Z1.4 single, normal",K,1.0,II,125,0,,accept,2025-05-05 09:14:00,2025-05-05 23:42:00,E-0155,20260106T061500Z-QE24M
RI-25-00832,S-022,plated parts,P-11584-A,L25-0325,,1731,PO-405453,2025-05-07,"Z1.4 single, normal",K,1.0,II,125,0,,accept,2025-05-05 07:14:00,2025-05-06 02:47:00,E-0155,20260106T061500Z-QE24M
RI-25-00833,S-022,plated parts,P-18642-D,L25-0374,,491,PO-490969,2025-05-07,"Z1.4 single, normal",H,1.0,II,50,1,blisters,accept,2025-05-05 12:05:00,2025-05-06 02:58:00,E-0156,20260106T061500Z-QE24M
RI-25-00834,S-024,plated parts,P-12367-A,L25-0347,,972,PO-427329,2025-05-06,"Z1.4 single, normal",J,1.0,II,80,0,,accept,2025-05-05 09:34:00,2025-05-06 06:14:00,E-0156,20260106T061500Z-QE24M
RI-25-00835,S-027,heat-treated parts,P-18051-D,L25-0369,,1091,PO-486848,2025-05-09,"Z1.4 single, normal",J,1.0,II,80,0,,accept,2025-05-05 10:46:00,2025-05-05 13:15:00,E-0156,20260106T061500Z-QE24M
RI-25-00836,S-029,heat-treated parts,P-18940-A,L25-0376,,600,PO-416606,2025-04-26,"Z1.4 single, normal",J,1.0,II,34,0,,accept,2025-05-05 11:37:00,2025-05-05 22:04:00,E-0155,20260106T061500Z-QE24M
RI-25-00837,S-033,heat-treated parts,P-16933-A,L25-0358,,1042,PO-497960,2025-05-07,"Z1.4 single, normal",J,1.0,II,80,1,distortion,accept,2025-05-05 14:52:00,2025-05-07 12:11:00,E-0155,20260106T061500Z-QE24M
RI-25-00838,S-036,heat-treated parts,P-17881-C,L25-0360,,570,PO-443000,2025-05-08,"Z1.4 single, normal",J,1.0,II,41,0,,accept,2025-05-05 10:12:00,2025-05-07 02:37:00,E-0155,20260106T061500Z-QE24M
RI-25-00839,S-044,passivated parts,P-11724-A,L25-0359,,1349,PO-429519,2025-05-05,"Z1.4 single, normal",K,1.0,II,125,0,,accept,2025-05-05 07:50:00,2025-05-05 16:21:00,E-0156,20260106T061500Z-QE24M
RI-25-00840,S-044,passivated parts,P-16180-A,L25-0380,,779,PO-458116,2025-05-09,"Z1.4 single, normal",J,1.0,II,80,0,,accept,2025-05-05 12:21:00,2025-05-07 09:01:00,E-0156,20260106T061500Z-QE24M
RI-25-00841,S-046,anodized parts,P-17441-A,L25-0382,,794,PO-445754,2025-05-01,"Z1.4 single, normal",J,1.0,II,80,0,,accept,2025-05-05 14:54:00,2025-05-06 04:58:00,E-0156,20260106T061500Z-QE24M
RI-25-00842,S-048,anodized parts,P-11909-A,L25-0353,,1706,PO-406249,2025-05-09,"Z1.4 single, normal",K,1.0,II,125,0,,accept,2025-05-05 12:10:00,2025-05-06 13:54:00,E-0156,20260106T061500Z-QE24M
RI-25-00843,S-048,anodized parts,P-11950-A,L25-0377,,838,PO-464671,2025-05-07,"Z1.4 single, normal",J,1.0,II,80,0,,accept,2025-05-05 14:58:00,2025-05-06 09:37:00,E-0156,20260106T061500Z-QE24M
RI-25-00844,S-048,anodized parts,P-13948-B,L25-0387,,193,PO-470740,2025-05-07,"Z1.4 single, normal",G,1.0,II,50,0,,accept,2025-05-05 08:20:00,2025-05-07 03:18:00,E-0156,20260106T061500Z-QE24M
RI-25-00845,S-051,casting,P-10743-D,,,120,PO-473015,2025-05-07,"Z1.4 single, normal",F,1.0,II,13,0,,accept,2025-05-05 12:54:00,2025-05-07 04:53:00,E-0156,20260106T061500Z-QE24M
RI-25-00846,S-004,bar,4140 bar 44.45 mm,,MC-00797,45,PO-445084,2025-05-06,"Z1.4 single, normal",D,1.0,II,7,0,,accept,2025-05-06 12:15:00,2025-05-07 04:00:00,E-0155,20260106T061500Z-QE24M
RI-25-00847,S-015,plated parts,P-13045-B,L25-0371,,1007,PO-452087,2025-05-07,"Z1.4 single, normal",J,1.0,II,80,0,,accept,2025-05-06 09:43:00,2025-05-07 02:43:00,E-0155,20260106T061500Z-QE24M
RI-25-00848,S-033,heat-treated parts,P-14952-A,L25-0373,,1468,PO-487656,2025-05-10,"Z1.4 single, normal",K,1.0,II,125,0,,accept,2025-05-06 10:55:00,2025-05-06 19:26:00,E-0156,20260106T061500Z-QE24M
RI-25-00849,S-033,heat-treated parts,P-15211-C,L25-0379,,1572,PO-433009,2025-05-09,"Z1.4 single, normal",K,1.0,II,125,1,hardness low,accept,2025-05-06 10:14:00,2025-05-07 12:48:00,E-0155,20260106T061500Z-QE24M
RI-25-00850,S-048,anodized parts,P-11984-A,L25-0397,,193,PO-462596,2025-05-04,"Z1.4 single, normal",G,1.0,II,50,1,coating thickness,accept,2025-05-06 11:04:00,2025-05-08 02:17:00,E-0155,20260106T061500Z-QE24M
RI-25-00851,S-051,casting,P-10989-A,,,260,PO-426744,2025-05-07,"Z1.4 single, normal",G,1.0,II,28,0,,accept,2025-05-06 13:26:00,2025-05-06 18:19:00,E-0155,20260106T061500Z-QE24M
RI-25-00852,S-009,bar,316 bar 25.4 mm,,MC-00798,32,PO-419116,2025-05-08,"Z1.4 single, normal",D,1.0,II,13,0,,accept,2025-05-07 08:48:00,2025-05-08 05:15:00,E-0156,20260106T061500Z-QE24M
RI-25-00853,S-018,plated parts,P-14103-B,L25-0378,,2495,PO-480619,2025-04-27,"Z1.4 single, normal",K,1.0,II,125,0,,accept,2025-05-07 07:05:00,2025-05-09 05:02:00,E-0155,20260106T061500Z-QE24M
RI-25-00854,S-026,plated parts,P-13285-C,L25-0366,,2143,PO-430047,2025-05-11,"Z1.4 single, normal",K,1.0,II,125,1,adhesion,accept,2025-05-07 10:17:00,2025-05-08 22:02:00,E-0155,20260106T061500Z-QE24M
RI-25-00855,S-031,heat-treated parts,P-14421-C,L25-0367,,704,PO-477434,2025-05-07,"Z1.4 single, normal",J,1.0,II,80,0,,accept,2025-05-07 08:30:00,2025-05-07 12:43:00,E-0155,20260106T061500Z-QE24M
RI-25-00856,S-034,heat-treated parts,P-14457-C,L25-0370,,1166,PO-442565,2025-05-11,"Z1.4 single, normal",J,1.0,II,80,1,hardness low,accept,2025-05-07 14:49:00,2025-05-09 00:37:00,E-0155,20260106T061500Z-QE24M
RI-25-00857,S-040,passivated parts,P-12738-A,L25-0392,,402,PO-447898,2025-05-08,"Z1.4 single, normal",H,1.0,II,50,0,,accept,2025-05-07 08:07:00,2025-05-08 04:19:00,E-0155,20260106T061500Z-QE24M
RI-25-00858,S-051,casting,P-15986-A,,,1500,PO-497867,2025-05-09,"Z1.4 single, normal",K,1.0,II,125,0,,accept,2025-05-07 14:49:00,2025-05-07 18:34:00,E-0155,20260106T061500Z-QE24M
RI-25-00859,S-051,casting,P-16016-A,,,410,PO-429960,2025-05-08,"Z1.4 single, normal",H,1.0,II,50,0,,accept,2025-05-07 13:42:00,2025-05-08 17:16:00,E-0155,20260106T061500Z-QE24M
RI-25-00860,S-053,casting,P-16788-A,,,600,PO-402087,2025-05-07,"Z1.4 single, normal",J,1.0,II,80,1,flash,accept,2025-05-07 13:12:00,2025-05-08 15:53:00,E-0156,20260106T061500Z-QE24M
RI-25-00861,S-008,bar,304 bar 38.1 mm,,MC-00799,24,PO-477546,2025-05-07,"Z1.4 single, normal",C,1.0,II,13,0,,accept,2025-05-08 13:02:00,2025-05-08 18:05:00,E-0156,20260106T061500Z-QE24M
RI-25-00862,S-014,bar,Ti-6Al-4V bar 50.8 mm,,MC-00800,100,PO-481879,2025-05-10,"Z1.4 single, normal",F,1.0,II,13,0,,accept,2025-05-08 11:08:00,2025-05-09 19:03:00,E-0155,20260106T061500Z-QE24M
RI-25-00863,S-015,plated parts,P-11142-B,L25-0361,,709,PO-491788,2025-04-28,"Z1.4 single, normal",J,1.0,II,80,0,,accept,2025-05-08 12:15:00,2025-05-09 10:18:00,E-0156,20260106T061500Z-QE24M
RI-25-00864,S-017,plated parts,P-14989-D,L25-0356,,1419,PO-493083,2025-05-09,"Z1.4 single, normal",K,1.0,II,125,2,staining,accept,2025-05-08 14:19:00,2025-05-09 09:26:00,E-0155,20260106T061500Z-QE24M
RI-25-00865,S-018,plated parts,P-13739-B,L25-0388,,481,PO-492588,2025-05-11,"Z1.4 single, normal",H,1.0,II,50,0,,accept,2025-05-08 09:29:00,2025-05-10 03:00:00,E-0156,20260106T061500Z-QE24M
RI-25-00866,S-026,plated parts,P-10923-A,L25-0354,,3338,PO-438343,2025-04-30,"Z1.4 single, normal",L,1.0,II,200,0,,accept,2025-05-08 08:52:00,2025-05-09 22:10:00,E-0155,20260106T061500Z-QE24M
RI-25-00867,S-036,heat-treated parts,P-14196-A,L25-0384,,1552,PO-486851,2025-05-10,"Z1.4 single, normal",K,1.0,II,125,1,distortion,accept,2025-05-08 09:20:00,2025-05-09 13:03:00,E-0155,20260106T061500Z-QE24M
RI-25-00868,S-044,passivated parts,P-11301-A,L25-0385,,1081,PO-443128,2025-05-11,"Z1.4 single, normal",J,1.0,II,80,0,,accept,2025-05-08 08:40:00,2025-05-09 17:09:00,E-0156,20260106T061500Z-QE24M
RI-25-00869,S-044,passivated parts,P-16385-A,L25-0390,,575,PO-468999,2025-05-11,"Z1.4 single, normal",J,1.0,II,80,0,,accept,2025-05-08 10:18:00,2025-05-08 21:05:00,E-0155,20260106T061500Z-QE24M
RI-25-00870,S-012,bar,6061 bar 19.05 mm,,MC-00801,50,PO-495143,2025-05-12,"Z1.4 single, normal",D,1.0,II,13,0,,accept,2025-05-09 10:53:00,2025-05-09 18:36:00,E-0156,20260106T061500Z-QE24M
RI-25-00871,S-017,plated parts,P-14928-A,L25-0372,,1587,PO-463844,2025-05-11,"Z1.4 single, normal",K,1.0,II,125,0,,accept,2025-05-09 09:35:00,2025-05-10 14:46:00,E-0155,20260106T061500Z-QE24M
RI-25-00872,S-020,plated parts,P-16900-D,L25-0349,,1875,PO-415435,2025-05-09,"Z1.4 single, normal",K,1.0,II,125,0,,accept,2025-05-09 10:01:00,2025-05-10 00:04:00,E-0156,20260106T061500Z-QE24M
RI-25-00873,S-029,heat-treated parts,P-13138-C,L25-0389,,650,PO-460580,2025-05-12,"Z1.4 single, normal",J,1.0,II,80,0,,accept,2025-05-09 11:37:00,2025-05-11 05:38:00,E-0156,20260106T061500Z-QE24M
RI-25-00874,S-039,passivated parts,P-19461-D,L25-0395,,724,PO-480417,2025-05-12,"Z1.4 single, normal",J,1.0,II,80,0,,accept,2025-05-09 10:09:00,2025-05-10 03:26:00,E-0156,20260106T061500Z-QE24M
RI-25-00875,S-058,purchased components,dowel pins,,,4550,PO-459930,2025-05-11,"Z1.4 single, normal",L,1.0,II,200,1,dimension,accept,2025-05-10 07:33:00,2025-05-10 17:16:00,E-0156,20260106T061500Z-QE24M
RI-25-00876,S-055,casting,P-16147-A,,,420,PO-487116,2025-05-11,"Z1.4 single, normal",H,1.0,II,50,0,,accept,2025-05-11 14:14:00,2025-05-12 10:06:00,E-0156,20260106T061500Z-QE24M
RI-25-00877,S-012,bar,6061 bar 19.05 mm,,MC-00802,75,PO-454381,2025-05-13,"Z1.4 single, normal",E,1.0,II,13,0,,accept,2025-05-12 14:07:00,2025-05-13 18:44:00,E-0155,20260106T061500Z-QE24M
RI-25-00878,S-021,plated parts,P-18620-A,L25-0409,,883,PO-456742,2025-05-13,"Z1.4 single, normal",J,1.0,II,80,1,plating thickness,accept,2025-05-12 14:31:00,2025-05-14 05:27:00,E-0155,20260106T061500Z-QE24M
RI-25-00879,S-023,plated parts,P-14117-A,L25-0375,,1042,PO-452250,2025-05-14,"Z1.4 single, normal",J,1.0,II,80,0,,accept,2025-05-12 11:58:00,2025-05-13 04:24:00,E-0156,20260106T061500Z-QE24M
RI-25-00880,S-032,heat-treated parts,P-18180-D,L25-0381,,580,PO-478005,2025-05-16,"Z1.4 single, normal",J,1.0,II,80,2,distortion,accept,2025-05-12 07:21:00,2025-05-13 14:45:00,E-0155,20260106T061500Z-QE24M
RI-25-00881,S-039,passivated parts,P-17014-A,L25-0398,,992,PO-436027,2025-05-14,"Z1.4 single, normal",J,1.0,II,80,0,,accept,2025-05-12 11:37:00,2025-05-14 09:03:00,E-0155,20260106T061500Z-QE24M
RI-25-00882,S-040,passivated parts,P-11265-A,L25-0400,,1176,PO-485410,2025-05-16,"Z1.4 single, normal",J,1.0,II,80,0,,accept,2025-05-12 11:03:00,2025-05-13 11:11:00,E-0155,20260106T061500Z-QE24M
RI-25-00883,S-042,passivated parts,P-15589-C,L25-0404,,521,PO-495646,2025-05-13,"Z1.4 single, normal",J,1.0,II,45,0,,accept,2025-05-12 13:02:00,2025-05-13 23:53:00,E-0156,20260106T061500Z-QE24M
RI-25-00884,S-043,passivated parts,P-17881-C,L25-0360,,570,PO-499052,2025-05-12,"Z1.4 single, normal",J,1.0,II,54,1,staining,accept,2025-05-12 12:25:00,2025-05-13 01:01:00,E-0155,20260106T061500Z-QE24M
RI-25-00885,S-043,passivated parts,P-15524-A,L25-0386,,506,PO-447358,2025-05-13,"Z1.4 single, normal",J,1.0,II,80,1,free iron,accept,2025-05-12 11:45:00,2025-05-13 03:01:00,E-0155,20260106T061500Z-QE24M
RI-25-00886,S-044,passivated parts,P-15885-A,L25-0383,,754,PO-477163,2025-05-15,"Z1.4 single, normal",J,1.0,II,80,0,,accept,2025-05-12 08:34:00,2025-05-12 15:10:00,E-0155,20260106T061500Z-QE24M
RI-25-00887,S-055,casting,P-11663-A,,,220,PO-427009,2025-05-15,"Z1.4 single, normal",G,1.0,II,50,0,,accept,2025-05-12 07:21:00,2025-05-12 13:40:00,E-0155,20260106T061500Z-QE24M
RI-25-00888,S-060,purchased components,threaded inserts,,,746,PO-445360,2025-05-16,"Z1.4 single, normal",J,1.0,II,80,0,,accept,2025-05-12 11:12:00,2025-05-14 05:34:00,E-0156,20260106T061500Z-QE24M
RI-25-00889,S-002,bar,1045 bar 25.4 mm,,MC-00803,32,PO-458302,2025-05-07,"Z1.4 single, normal",D,1.0,II,13,0,,accept,2025-05-13 10:23:00,2025-05-13 15:36:00,E-0156,20260106T061500Z-QE24M
RI-25-00890,S-018,plated parts,P-10567-A,L25-0399,,397,PO-487361,2025-05-16,"Z1.4 single, normal",H,1.0,II,50,0,,accept,2025-05-13 11:49:00,2025-05-15 08:21:00,E-0156,20260106T061500Z-QE24M
RI-25-00891,S-019,plated parts,P-14457-C,L25-0370,,1166,PO-488060,2025-05-15,"Z1.4 single, normal",J,1.0,II,34,0,,accept,2025-05-13 08:30:00,2025-05-14 10:11:00,E-0155,20260106T061500Z-QE24M
RI-25-00892,S-026,plated parts,P-16933-A,L25-0358,,1042,PO-422583,2025-05-13,"Z1.4 single, normal",J,1.0,II,80,1,blisters,accept,2025-05-13 11:13:00,2025-05-15 09:50:00,E-0156,20260106T061500Z-QE24M
RI-25-00893,S-036,heat-treated parts,P-15206-A,L25-0402,,203,PO-455743,2025-05-13,"Z1.4 single, normal",G,1.0,II,50,0,,accept,2025-05-13 09:01:00,2025-05-14 21:28:00,E-0155,20260106T061500Z-QE24M
RI-25-00894,S-039,passivated parts,P-11282-A,L25-0396,,1056,PO-423293,2025-05-16,"Z1.4 single, normal",J,1.0,II,80,1,free iron,accept,2025-05-13 11:58:00,2025-05-14 05:11:00,E-0155,20260106T061500Z-QE24M
RI-25-00895,S-051,casting,P-16524-A,,,410,PO-444766,2025-05-15,"Z1.4 single, normal",H,1.0,II,24,0,,accept,2025-05-13 13:16:00,2025-05-15 07:40:00,E-0155,20260106T061500Z-QE24M
RI-25-00896,S-002,bar,1045 bar 25.4 mm,,MC-00804,95,PO-485017,2025-05-14,"Z1.4 single, normal",F,1.0,II,13,0,,accept,2025-05-14 07:11:00,2025-05-14 15:49:00,E-0155,20260106T061500Z-QE24M
RI-25-00897,S-003,bar,4140 bar 38.1 mm,,MC-00805,59,PO-478817,2025-05-17,"Z1.4 single, normal",E,1.0,II,13,0,,accept,2025-05-14 13:25:00,2025-05-15 09:50:00,E-0155,20260106T061500Z-QE24M
RI-25-00898,S-023,plated parts,P-18051-D,L25-0369,,1091,PO-465732,2025-05-15,"Z1.4 single, normal",J,1.0,II,80,0,,accept,2025-05-14 12:29:00,2025-05-15 07:02:00,E-0156,20260106T061500Z-QE24M
RI-25-00899,S-058,purchased components,retaining rings,,,2000,PO-402923,2025-05-18,"Z1.4 single, normal",K,1.0,II,125,0,,accept,2025-05-14 10:55:00,2025-05-15 00:21:00,E-0155,20260106T061500Z-QE24M
RI-25-00900,S-016,plated parts,P-13633-A,L25-0394,,3943,PO-448009,2025-05-07,"Z1.4 single, normal",L,1.0,II,200,1,adhesion,accept,2025-05-15 09:36:00,2025-05-16 19:03:00,E-0156,20260106T061500Z-QE24M
RI-25-00901,S-053,casting,P-10632-C,,,630,PO-402547,2025-05-19,"Z1.4 single, normal",J,1.0,II,80,3,dimension,accept,2025-05-15 08:26:00,2025-05-15 14:34:00,E-0156,20260106T061500Z-QE24M
RI-25-00902,S-003,bar,4140 bar 31.75 mm,,MC-00808,89,PO-459299,2025-05-18,"Z1.4 single, normal",E,1.0,II,13,0,,accept,2025-05-16 10:46:00,2025-05-17 20:49:00,E-0155,20260106T061500Z-QE24M
RI-25-00903,S-005,bar,8620 bar 25.4 mm,,MC-00809,62,PO-435501,2025-05-16,"Z1.4 single, normal",E,1.0,II,13,0,,accept,2025-05-16 07:18:00,2025-05-18 02:38:00,E-0156,20260106T061500Z-QE24M
RI-25-00904,S-005,bar,8620 bar 31.75 mm,,MC-00810,93,PO-469424,2025-05-19,"Z1.4 single, normal",F,1.0,II,13,0,,accept,2025-05-16 14:08:00,2025-05-17 19:05:00,E-0156,20260106T061500Z-QE24M
RI-25-00905,S-007,bar,303 bar 19.05 mm,,MC-00806,106,PO-406344,2025-05-16,"Z1.4 single, normal",F,1.0,II,13,0,,accept,2025-05-16 11:00:00,2025-05-17 17:29:00,E-0155,20260106T061500Z-QE24M
RI-25-00906,S-008,bar,304 bar 25.4 mm,,MC-00807,49,PO-436887,2025-05-18,"Z1.4 single, normal",D,1.0,II,5,0,,accept,2025-05-16 13:20:00,2025-05-18 06:10:00,E-0155,20260106T061500Z-QE24M
RI-25-00907,S-017,plated parts,P-14952-A,L25-0373,,1468,PO-467700,2025-05-17,"Z1.4 single, normal",K,1.0,II,64,1,staining,accept,2025-05-16 12:14:00,2025-05-16 17:53:00,E-0156,20260106T061500Z-QE24M
RI-25-00908,S-026,plated parts,P-18940-A,L25-0376,,600,PO-428349,2025-05-09,"Z1.4 single, normal",J,1.0,II,80,1,plating thickness,accept,2025-05-16 12:47:00,2025-05-17 00:29:00,E-0155,20260106T061500Z-QE24M
RI-25-00909,S-045,anodized parts,P-17287-A,L25-0401,,660,PO-413546,2025-05-13,"Z1.4 single, normal",J,1.0,II,80,0,,accept,2025-05-16 07:54:00,2025-05-18 06:15:00,E-0156,20260106T061500Z-QE24M
RI-25-00910,S-052,casting,P-10967-A,,,1090,PO-420219,2025-05-18,"Z1.4 single, normal",J,1.0,II,80,0,,accept,2025-05-16 14:29:00,2025-05-17 19:23:00,E-0156,20260106T061500Z-QE24M
RI-25-00911,S-051,casting,P-16567-A,,,670,PO-488437,2025-05-17,"Z1.4 single, normal",J,1.0,II,80,0,,accept,2025-05-17 10:22:00,2025-05-18 12:14:00,E-0156,20260106T061500Z-QE24M
RI-25-00912,S-005,bar,8620 bar 25.4 mm,,MC-00813,54,PO-412553,2025-05-23,"Z1.4 single, normal",E,1.0,II,5,0,,accept,2025-05-19 11:41:00,2025-05-20 04:42:00,E-0155,20260106T061500Z-QE24M
RI-25-00913,S-007,bar,303 bar 19.05 mm,,MC-00811,20,PO-498948,2025-05-20,"Z1.4 single, normal",C,1.0,II,13,0,,accept,2025-05-19 14:55:00,2025-05-20 14:10:00,E-0156,20260106T061500Z-QE24M
RI-25-00914,S-010,bar,316 bar 31.75 mm,,MC-00812,48,PO-499721,2025-05-19,"Z1.4 single, normal",D,1.0,II,13,0,,accept,2025-05-19 07:49:00,2025-05-20 20:39:00,E-0156,20260106T061500Z-QE24M
RI-25-00915,S-018,plated parts,P-18384-C,L25-0414,,1111,PO-409690,2025-05-23,"Z1.4 single, normal",J,1.0,II,80,0,,accept,2025-05-19 09:18:00,2025-05-20 03:48:00,E-0155,20260106T061500Z-QE24M
RI-25-00916,S-020,plated parts,P-14421-C,L25-0367,,704,PO-488650,2025-05-21,"Z1.4 single, normal",J,1.0,II,80,0,,accept,2025-05-19 12:59:00,2025-05-20 21:51:00,E-0155,20260106T061500Z-QE24M
RI-25-00917,S-020,plated parts,P-14196-A,L25-0384,,1552,PO-487882,2025-05-21,"Z1.4 single, normal",K,1.0,II,62,1,adhesion,accept,2025-05-19 14:19:00,2025-05-19 18:09:00,E-0155,20260106T061500Z-QE24M
RI-25-00918,S-026,plated parts,P-15211-C,L25-0379,,1572,PO-464642,2025-05-11,"Z1.4 single, normal",K,1.0,II,125,0,,accept,2025-05-19 11:16:00,2025-05-20 15:26:00,E-0155,20260106T061500Z-QE24M
RI-25-00919,S-033,heat-treated parts,P-14108-A,L25-0413,,1830,PO-489719,2025-05-21,"Z1.4 single, normal",K,1.0,II,125,0,,accept,2025-05-19 11:54:00,2025-05-21 01:48:00,E-0156,20260106T061500Z-QE24M
RI-25-00920,S-038,passivated parts,P-19243-A,L25-0426,,694,PO-434691,2025-05-22,"Z1.4 single, normal",J,1.0,II,80,0,,accept,2025-05-19 08:41:00,2025-05-20 10:16:00,E-0155,20260106T061500Z-QE24M
RI-25-00921,S-040,passivated parts,P-16637-A,L25-0412,,491,PO-443217,2025-05-19,"Z1.4 single, normal",H,1.0,II,50,0,,accept,2025-05-19 13:48:00,2025-05-20 01:43:00,E-0155,20260106T061500Z-QE24M
RI-25-00922,S-041,passivated parts,P-10607-C,L25-0410,,248,PO-423074,2025-05-21,"Z1.4 single, normal",G,1.0,II,50,2,staining,reject,2025-05-19 12:16:00,2025-05-20 20:49:00,E-0156,20260106T061500Z-QE24M
RI-25-00923,S-042,passivated parts,P-11329-A,L25-0405,,1126,PO-448971,2025-05-19,"Z1.4 single, normal",J,1.0,II,80,0,,accept,2025-05-19 13:44:00,2025-05-20 06:02:00,E-0155,20260106T061500Z-QE24M
RI-25-00924,S-044,passivated parts,P-16180-A,L25-0411,,823,PO-475555,2025-05-21,"Z1.4 single, normal",J,1.0,II,80,1,staining,accept,2025-05-19 07:26:00,2025-05-19 08:02:00,E-0155,20260106T061500Z-QE24M
RI-25-00925,S-058,purchased components,dowel pins,,,2450,PO-454772,2025-05-22,"Z1.4 single, normal",K,1.0,II,125,0,,accept,2025-05-19 12:38:00,2025-05-20 23:40:00,E-0156,20260106T061500Z-QE24M
RI-25-00926,S-003,bar,4140 bar 44.45 mm,,MC-00815,101,PO-484530,2025-05-11,"Z1.4 single, normal",F,1.0,II,13,0,,accept,2025-05-20 08:09:00,2025-05-21 13:11:00,E-0155,20260106T061500Z-QE24M
RI-25-00927,S-010,bar,316 bar 31.75 mm,,MC-00814,97,PO-430770,2025-05-20,"Z1.4 single, normal",F,1.0,II,9,0,,accept,2025-05-20 08:26:00,2025-05-21 03:40:00,E-0156,20260106T061500Z-QE24M
RI-25-00928,S-021,plated parts,P-18180-D,L25-0381,,580,PO-470116,2025-05-22,"Z1.4 single, normal",J,1.0,II,80,0,,accept,2025-05-20 14:56:00,2025-05-21 08:57:00,E-0156,20260106T061500Z-QE24M
RI-25-00929,S-038,passivated parts,P-12092-A,L25-0422,,1037,PO-412940,2025-05-21,"Z1.4 single, normal",J,1.0,II,58,0,,accept,2025-05-20 14:17:00,2025-05-21 22:12:00,E-0156,20260106T061500Z-QE24M
RI-25-00930,S-039,passivated parts,P-16147-A,L25-0407,,804,PO-450802,2025-05-14,"Z1.4 single, normal",J,1.0,II,80,0,,accept,2025-05-20 12:22:00,2025-05-21 16:16:00,E-0155,20260106T061500Z-QE24M
RI-25-00931,S-003,bar,4140 bar 44.45 mm,,MC-00819,52,PO-433563,2025-05-24,"Z1.4 single, normal",E,1.0,II,13,0,,accept,2025-05-21 12:19:00,2025-05-22 09:56:00,E-0155,20260106T061500Z-QE24M
RI-25-00932,S-004,bar,4140 bar 25.4 mm,,MC-00818,51,PO-491654,2025-05-22,"Z1.4 single, normal",E,1.0,II,13,0,,accept,2025-05-21 09:10:00,2025-05-22 16:14:00,E-0155,20260106T061500Z-QE24M
RI-25-00933,S-007,bar,303 bar 19.05 mm,,MC-00816,24,PO-414228,2025-05-16,"Z1.4 single, normal",C,1.0,II,13,0,,accept,2025-05-21 13:36:00,2025-05-22 02:02:00,E-0156,20260106T061500Z-QE24M
RI-25-00934,S-010,bar,316 bar 31.75 mm,,MC-00817,55,PO-487919,2025-05-22,"Z1.4 single, normal",E,1.0,II,13,0,,accept,2025-05-21 07:50:00,2025-05-22 18:54:00,E-0155,20260106T061500Z-QE24M
RI-25-00935,S-033,heat-treated parts,P-13214-A,L25-0428,,1027,PO-486292,2025-05-25,"Z1.4 single, normal",J,1.0,II,80,0,,accept,2025-05-21 09:10:00,2025-05-23 00:24:00,E-0155,20260106T061500Z-QE24M
RI-25-00936,S-039,passivated parts,P-19044-A,L25-0418,,1800,PO-413655,2025-05-22,"Z1.4 single, normal",K,1.0,II,125,4,staining,accept,2025-05-21 09:38:00,2025-05-22 17:52:00,E-0156,20260106T061500Z-QE24M
RI-25-00937,S-041,passivated parts,P-10729-A,L25-0415,,1215,PO-499348,2025-05-22,"Z1.4 single, normal",K,1.0,II,125,0,,accept,2025-05-21 14:13:00,2025-05-22 09:59:00,E-0156,20260106T061500Z-QE24M
RI-25-00938,S-048,anodized parts,P-12016-A,L25-0403,,962,PO-481752,2025-05-23,"Z1.4 single, normal",J,1.0,II,80,0,,accept,2025-05-21 08:45:00,2025-05-21 11:22:00,E-0156,20260106T061500Z-QE24M
RI-25-00939,S-051,casting,P-11126-A,,,260,PO-487087,2025-05-24,"Z1.4 single, normal",G,1.0,II,50,0,,accept,2025-05-21 11:46:00,2025-05-21 19:21:00,E-0156,20260106T061500Z-QE24M
RI-25-00940,S-051,casting,P-11494-C,,,820,PO-434736,2025-05-18,"Z1.4 single, normal",J,1.0,II,80,0,,accept,2025-05-21 13:16:00,2025-05-21 14:11:00,E-0156,20260106T061500Z-QE24M
RI-25-00941,S-004,bar,4140 bar 25.4 mm,,MC-00820,64,PO-474216,2025-05-25,"Z1.4 single, normal",E,1.0,II,13,0,,accept,2025-05-22 14:07:00,2025-05-23 19:53:00,E-0156,20260106T061500Z-QE24M
RI-25-00942,S-030,heat-treated parts,P-11072-B,L25-0429,,536,PO-458223,2025-05-23,"Z1.4 single, normal",J,1.0,II,80,1,hardness low,accept,2025-05-22 14:14:00,2025-05-23 09:06:00,E-0156,20260106T061500Z-QE24M
RI-25-00943,S-051,casting,P-16831-C,,,440,PO-496787,2025-05-23,"Z1.4 single, normal",H,1.0,II,50,0,,accept,2025-05-22 10:46:00,2025-05-23 10:33:00,E-0155,20260106T061500Z-QE24M
RI-25-00944,S-057,purchased components,retaining rings,,,3600,PO-467486,2025-05-25,"Z1.4 single, normal",L,1.0,II,130,0,,accept,2025-05-22 10:07:00,2025-05-22 21:11:00,E-0155,20260106T061500Z-QE24M
RI-25-00945,S-001,bar,1018 bar 19.05 mm,,MC-00821,70,PO-467579,2025-05-24,"Z1.4 single, normal",E,1.0,II,7,0,,accept,2025-05-23 11:13:00,2025-05-24 07:30:00,E-0156,20260106T061500Z-QE24M
RI-25-00946,S-004,bar,4140 bar 25.4 mm,,MC-00822,29,PO-486256,2025-05-27,"Z1.4 single, normal",D,1.0,II,13,0,,accept,2025-05-23 11:22:00,2025-05-25 05:59:00,E-0156,20260106T061500Z-QE24M
RI-25-00947,S-040,passivated parts,P-17004-D,L25-0425,,992,PO-427902,2025-05-25,"Z1.4 single, normal",J,1.0,II,80,0,,accept,2025-05-23 12:28:00,2025-05-24 01:55:00,E-0156,20260106T061500Z-QE24M
RI-25-00948,S-044,passivated parts,P-16016-A,L25-0423,,298,PO-497836,2025-05-13,"Z1.4 single, normal",H,1.0,II,50,0,,accept,2025-05-23 08:23:00,2025-05-25 04:02:00,E-0155,20260106T061500Z-QE24M
RI-25-00949,S-057,purchased components,dowel pins,,,4250,PO-429556,2025-05-25,"Z1.4 single, normal",L,1.0,II,200,0,,accept,2025-05-24 08:47:00,2025-05-25 01:05:00,E-0156,20260106T061500Z-QE24M
RI-25-00950,S-006,bar,303 bar 50.8 mm,,MC-00823,93,PO-461216,2025-05-27,"Z1.4 single, normal",F,1.0,II,13,0,,accept,2025-05-27 09:21:00,2025-05-28 00:06:00,E-0155,20260106T061500Z-QE24M
RI-25-00951,S-009,bar,316 bar 38.1 mm,,MC-00824,60,PO-414035,2025-05-29,"Z1.4 single, normal",E,1.0,II,13,0,,accept,2025-05-27 14:50:00,2025-05-27 19:39:00,E-0155,20260106T061500Z-QE24M
RI-25-00952,S-016,plated parts,P-18503-A,L25-0419,,2009,PO-498169,2025-05-24,"Z1.4 single, normal",K,1.0,II,125,1,blisters,accept,2025-05-27 10:56:00,2025-05-28 22:39:00,E-0155,20260106T061500Z-QE24M
RI-25-00953,S-019,plated parts,P-13138-C,L25-0389,,650,PO-401057,2025-05-31,"Z1.4 single, normal",J,1.0,II,80,0,,accept,2025-05-27 10:57:00,2025-05-28 20:31:00,E-0156,20260106T061500Z-QE24M
RI-25-00954,S-021,plated parts,P-18535-A,L25-0433,,1121,PO-485700,2025-05-31,"Z1.4 single, normal",J,1.0,II,80,0,,accept,2025-05-27 09:12:00,2025-05-28 12:58:00,E-0155,20260106T061500Z-QE24M
RI-25-00955,S-023,plated parts,P-14108-A,L25-0413,,1830,PO-431454,2025-05-27,"Z1.4 single, normal",K,1.0,II,125,0,,accept,2025-05-27 10:26:00,2025-05-29 07:35:00,E-0155,20260106T061500Z-QE24M
RI-25-00956,S-025,plated parts,P-15206-A,L25-0402,,203,PO-480316,2025-05-27,"Z1.4 single, normal",G,1.0,II,30,0,,accept,2025-05-27 12:41:00,2025-05-28 14:36:00,E-0156,20260106T061500Z-QE24M
RI-25-00957,S-030,heat-treated parts,P-10313-B,L25-0430,,937,PO-481265,2025-05-27,"Z1.4 single, normal",J,1.0,II,80,2,distortion,accept,2025-05-27 08:27:00,2025-05-27 11:30:00,E-0156,20260106T061500Z-QE24M
RI-25-00958,S-033,heat-treated parts,P-11462-A,L25-0420,,853,PO-492494,2025-05-28,"Z1.4 single, normal",J,1.0,II,80,0,,accept,2025-05-27 11:12:00,2025-05-27 23:50:00,E-0155,20260106T061500Z-QE24M
RI-25-00959,S-040,passivated parts,P-17038-D,L25-0435,,992,PO-467546,2025-05-18,"Z1.4 single, normal",J,1.0,II,80,0,,accept,2025-05-27 13:18:00,2025-05-29 00:51:00,E-0155,20260106T061500Z-QE24M
RI-25-00960,S-043,passivated parts,P-11625-A,L25-0438,,506,PO-496259,2025-05-31,"Z1.4 single, normal",J,1.0,II,80,1,staining,accept,2025-05-27 12:08:00,2025-05-28 11:45:00,E-0155,20260106T061500Z-QE24M
RI-25-00961,S-045,anodized parts,P-14015-A,L25-0416,,977,PO-439007,2025-05-31,"Z1.4 single, normal",J,1.0,II,53,0,,accept,2025-05-27 07:27:00,2025-05-28 17:44:00,E-0156,20260106T061500Z-QE24M
RI-25-00962,S-051,casting,P-17096-D,,,860,PO-486933,2025-05-28,"Z1.4 single, normal",J,1.0,II,58,0,,accept,2025-05-27 08:04:00,2025-05-28 04:35:00,E-0155,20260106T061500Z-QE24M
RI-25-00963,S-002,bar,1045 bar 31.75 mm,,MC-00825,78,PO-432387,2025-05-18,"Z1.4 single, normal",E,1.0,II,13,0,,accept,2025-05-28 09:43:00,2025-05-29 12:30:00,E-0156,20260106T061500Z-QE24M
RI-25-00964,S-005,bar,8620 bar 25.4 mm,,MC-00829,97,PO-462622,2025-05-31,"Z1.4 single, normal",F,1.0,II,13,0,,accept,2025-05-28 13:15:00,2025-05-28 14:14:00,E-0155,20260106T061500Z-QE24M
RI-25-00965,S-006,bar,303 bar 50.8 mm,,MC-00826,31,PO-401495,2025-06-01,"Z1.4 single, normal",D,1.0,II,13,0,,accept,2025-05-28 09:28:00,2025-05-28 16:55:00,E-0155,20260106T061500Z-QE24M
RI-25-00966,S-008,bar,304 bar 25.4 mm,,MC-00827,74,PO-418737,2025-06-01,"Z1.4 single, normal",E,1.0,II,13,0,,accept,2025-05-28 12:01:00,2025-05-30 08:03:00,E-0156,20260106T061500Z-QE24M
RI-25-00967,S-009,bar,316 bar 31.75 mm,,MC-00828,107,PO-489809,2025-05-19,"Z1.4 single, normal",F,1.0,II,9,0,,accept,2025-05-28 10:00:00,2025-05-29 19:17:00,E-0156,20260106T061500Z-QE24M
RI-25-00968,S-014,bar,Ti-6Al-4V bar 38.1 mm,,MC-00830,35,PO-472095,2025-06-01,"Z1.4 single, normal",D,1.0,II,13,0,,accept,2025-05-28 13:47:00,2025-05-30 09:36:00,E-0156,20260106T061500Z-QE24M
RI-25-00969,S-032,heat-treated parts,P-14253-B,L25-0417,,1195,PO-406640,2025-05-28,"Z1.4 single, normal",J,1.0,II,48,0,,accept,2025-05-28 11:15:00,2025-05-30 05:49:00,E-0156,20260106T061500Z-QE24M
RI-25-00970,S-034,heat-treated parts,P-12645-A,L25-0439,,1652,PO-461541,2025-05-28,"Z1.4 single, normal",K,1.0,II,125,6,distortion,accept,2025-05-28 12:24:00,2025-05-28 22:49:00,E-0155,20260106T061500Z-QE24M
RI-25-00971,S-036,heat-treated parts,P-13317-A,L25-0431,,891,PO-404934,2025-05-29,"Z1.4 single, normal",J,1.0,II,80,1,distortion,accept,2025-05-28 12:15:00,2025-05-29 04:51:00,E-0156,20260106T061500Z-QE24M
RI-25-00972,S-039,passivated parts,P-17484-A,L25-0432,,645,PO-437200,2025-05-31,"Z1.4 single, normal",J,1.0,II,34,0,,accept,2025-05-28 11:11:00,2025-05-29 07:29:00,E-0155,20260106T061500Z-QE24M
RI-25-00973,S-041,passivated parts,P-10743-D,L25-0442,,253,PO-435860,2025-05-30,"Z1.4 single, normal",G,1.0,II,50,0,,accept,2025-05-28 07:38:00,2025-05-28 18:31:00,E-0155,20260106T061500Z-QE24M
RI-25-00974,S-043,passivated parts,P-16229-A,L25-0448,,2574,PO-429043,2025-05-31,"Z1.4 single, normal",K,1.0,II,125,1,free iron,accept,2025-05-28 12:08:00,2025-05-30 10:44:00,E-0156,20260106T061500Z-QE24M
RI-25-00975,S-044,passivated parts,P-16237-A,L25-0421,,2187,PO-437790,2025-05-31,"Z1.4 single, normal",K,1.0,II,125,0,,accept,2025-05-28 13:56:00,2025-05-29 15:52:00,E-0156,20260106T061500Z-QE24M
RI-25-00976,S-053,casting,P-10373-C,,,770,PO-445889,2025-06-01,"Z1.4 single, normal",J,1.0,II,80,0,,accept,2025-05-28 10:38:00,2025-05-29 04:52:00,E-0156,20260106T061500Z-QE24M
RI-25-00977,S-017,plated parts,P-13350-A,L25-0437,,860,PO-495654,2025-06-01,"Z1.4 single, normal",J,1.0,II,80,2,plating thickness,accept,2025-05-29 14:54:00,2025-05-30 05:04:00,E-0155,20260106T061500Z-QE24M
RI-25-00978,S-036,heat-treated parts,P-12835-A,L25-0453,,577,PO-436200,2025-06-01,"Z1.4 single, normal",J,1.0,II,80,0,,accept,2025-05-29 09:20:00,2025-05-31 07:01:00,E-0156,20260106T061500Z-QE24M
RI-25-00979,S-040,passivated parts,P-18988-B,L25-0446,,967,PO-415047,2025-06-01,"Z1.4 single, normal",J,1.0,II,80,0,,accept,2025-05-29 09:51:00,2025-05-30 09:57:00,E-0156,20260106T061500Z-QE24M
RI-25-00980,S-042,passivated parts,P-19449-A,L25-0450,,1691,PO-488007,2025-05-19,"Z1.4 single, normal",K,1.0,II,78,0,,accept,2025-05-29 10:04:00,2025-05-29 22:27:00,E-0156,20260106T061500Z-QE24M
RI-25-00981,S-047,anodized parts,P-17351-A,L25-0443,,526,PO-424208,2025-05-28,"Z1.4 single, normal",J,1.0,II,80,1,coating thickness,accept,2025-05-29 13:14:00,2025-05-29 19:47:00,E-0156,20260106T061500Z-QE24M
RI-25-00982,S-050,anodized parts,P-17282-B,L25-0449,,551,PO-411547,2025-05-23,"Z1.4 single, normal",J,1.0,II,80,1,coating thickness,accept,2025-05-29 10:17:00,2025-05-29 16:39:00,E-0155,20260106T061500Z-QE24M
RI-25-00983,S-051,casting,P-11724-A,,,320,PO-412357,2025-05-29,"Z1.4 single, normal",H,1.0,II,28,0,,accept,2025-05-29 07:09:00,2025-05-30 08:37:00,E-0155,20260106T061500Z-QE24M
RI-25-00984,S-002,bar,1045 bar 38.1 mm,,MC-00831,31,PO-445903,2025-06-02,"Z1.4 single, normal",D,1.0,II,13,0,,accept,2025-05-30 11:13:00,2025-05-30 17:16:00,E-0155,20260106T061500Z-QE24M
RI-25-00985,S-004,bar,4140 bar 63.5 mm,,MC-00834,89,PO-490650,2025-06-02,"Z1.4 single, normal",E,1.0,II,8,0,,accept,2025-05-30 10:05:00,2025-05-31 03:56:00,E-0155,20260106T061500Z-QE24M
RI-25-00986,S-005,bar,8620 bar 31.75 mm,,MC-00835,120,PO-428998,2025-06-01,"Z1.4 single, normal",F,1.0,II,13,0,,accept,2025-05-30 13:49:00,2025-06-01 08:07:00,E-0156,20260106T061500Z-QE24M
RI-25-00987,S-008,bar,304 bar 38.1 mm,,MC-00833,81,PO-455609,2025-05-31,"Z1.4 single, normal",E,1.0,II,13,0,,accept,2025-05-30 09:34:00,2025-05-31 15:41:00,E-0155,20260106T061500Z-QE24M
RI-25-00988,S-011,bar,17-4 bar 31.75 mm,,MC-00832,41,PO-428474,2025-05-31,"Z1.4 single, normal",D,1.0,II,13,0,,accept,2025-05-30 14:03:00,2025-05-31 05:52:00,E-0155,20260106T061500Z-QE24M
RI-25-00989,S-018,plated parts,P-14103-B,L25-0444,,2242,PO-415217,2025-05-22,"Z1.4 single, normal",K,1.0,II,65,0,,accept,2025-05-30 12:14:00,2025-06-01 04:50:00,E-0156,20260106T061500Z-QE24M
RI-25-00990,S-048,anodized parts,P-11920-C,L25-0406,,4881,PO-424767,2025-05-30,"Z1.4 single, normal",L,1.0,II,200,1,color,accept,2025-05-30 13:21:00,2025-06-01 13:13:00,E-0155,20260106T061500Z-QE24M
RI-25-00991,S-055,casting,P-16034-D,,,280,PO-465138,2025-05-30,"Z1.4 single, normal",G,1.0,II,50,0,,accept,2025-05-30 09:49:00,2025-05-31 11:26:00,E-0156,20260106T061500Z-QE24M
RI-25-00992,S-002,bar,1045 bar 38.1 mm,,MC-00836,54,PO-487347,2025-06-05,"Z1.4 single, normal",E,1.0,II,13,0,,accept,2025-06-02 14:34:00,2025-06-03 02:59:00,E-0155,20260106T061500Z-QE24M
RI-25-00993,S-003,bar,4140 bar 63.5 mm,,MC-00838,67,PO-421469,2025-06-02,"Z1.4 single, normal",E,1.0,II,13,0,,accept,2025-06-02 11:05:00,2025-06-04 03:37:00,E-0155,20260106T061500Z-QE24M
RI-25-00994,S-011,bar,17-4 bar 38.1 mm,,MC-00837,79,PO-404204,2025-06-02,"Z1.4 single, normal",E,1.0,II,10,0,,accept,2025-06-02 07:56:00,2025-06-02 10:38:00,E-0155,20260106T061500Z-QE24M
RI-25-00995,S-012,bar,6061 bar 38.1 mm,,MC-00839,115,PO-492061,2025-06-05,"Z1.4 single, normal",F,1.0,II,6,0,,accept,2025-06-02 12:39:00,2025-06-02 15:36:00,E-0156,20260106T061500Z-QE24M
RI-25-00996,S-019,plated parts,P-18445-A,L25-0451,,794,PO-470198,2025-05-25,"Z1.4 single, normal",J,1.0,II,59,0,,accept,2025-06-02 10:15:00,2025-06-03 02:37:00,E-0156,20260106T061500Z-QE24M
RI-25-00997,S-026,plated parts,P-13214-A,L25-0428,,1027,PO-460034,2025-05-30,"Z1.4 single, normal",J,1.0,II,80,0,,accept,2025-06-02 10:36:00,2025-06-04 08:49:00,E-0156,20260106T061500Z-QE24M
RI-25-00998,S-030,heat-treated parts,P-10116-B,L25-0436,,2004,PO-430480,2025-06-03,"Z1.4 single, normal",K,1.0,II,125,2,distortion,accept,2025-06-02 13:47:00,2025-06-02 15:02:00,E-0156,20260106T061500Z-QE24M
RI-25-00999,S-038,passivated parts,P-19426-D,L25-0440,,1052,PO-484268,2025-06-03,"Z1.4 single, normal",J,1.0,II,80,0,,accept,2025-06-02 14:15:00,2025-06-04 09:38:00,E-0156,20260106T061500Z-QE24M
RI-25-01000,S-040,passivated parts,P-15763-A,L25-0427,,1523,PO-483259,2025-06-03,"Z1.4 single, normal",K,1.0,II,125,1,staining,accept,2025-06-02 13:05:00,2025-06-03 22:33:00,E-0156,20260106T061500Z-QE24M
RI-25-01001,S-040,passivated parts,P-11163-D,L25-0434,,2182,PO-457007,2025-06-05,"Z1.4 single, normal",K,1.0,II,125,0,,accept,2025-06-02 09:08:00,2025-06-03 19:23:00,E-0155,20260106T061500Z-QE24M
RI-25-01002,S-048,anodized parts,P-11909-A,L25-0424,,1711,PO-465023,2025-06-06,"Z1.4 single, normal",K,1.0,II,125,0,,accept,2025-06-02 10:12:00,2025-06-03 20:08:00,E-0155,20260106T061500Z-QE24M
RI-25-01003,S-002,bar,1045 bar 38.1 mm,,MC-00840,42,PO-471719,2025-06-07,"Z1.4 single, normal",D,1.0,II,5,0,,accept,2025-06-03 13:23:00,2025-06-05 08:48:00,E-0155,20260106T061500Z-QE24M
RI-25-01004,S-003,bar,4140 bar 63.5 mm,,MC-00841,47,PO-431290,2025-06-05,"Z1.4 single, normal",D,1.0,II,13,0,,accept,2025-06-03 10:14:00,2025-06-04 09:22:00,E-0156,20260106T061500Z-QE24M
RI-25-01005,S-041,passivated parts,P-10688-A,L25-0447,,962,PO-493128,2025-06-06,"Z1.4 single, normal",J,1.0,II,80,0,,accept,2025-06-03 11:44:00,2025-06-03 19:35:00,E-0156,20260106T061500Z-QE24M
RI-25-01006,S-051,casting,P-10373-C,,,1270,PO-486175,2025-06-06,"Z1.4 single, normal",K,1.0,II,125,1,flash,accept,2025-06-03 07:17:00,2025-06-05 03:43:00,E-0156,20260106T061500Z-QE24M
RI-25-01007,S-051,casting,P-10385-D,,,490,PO-487426,2025-06-05,"Z1.4 single, normal",H,1.0,II,27,0,,accept,2025-06-03 08:34:00,2025-06-04 00:21:00,E-0156,20260106T061500Z-QE24M
RI-25-01008,S-051,casting,P-11373-D,,,1100,PO-427575,2025-05-28,"Z1.4 single, normal",J,1.0,II,80,1,flash,accept,2025-06-03 11:37:00,2025-06-03 13:25:00,E-0155,20260106T061500Z-QE24M
RI-25-01009,S-013,bar,7075 bar 25.4 mm,,MC-00842,105,PO-466647,2025-06-06,"Z1.4 single, normal",F,1.0,II,7,0,,accept,2025-06-04 10:34:00,2025-06-06 09:27:00,E-0155,20260106T061500Z-QE24M
RI-25-01010,S-020,plated parts,P-13711-B,L25-0472,,451,PO-456197,2025-06-04,"Z1.4 single, normal",H,1.0,II,20,0,,accept,2025-06-04 09:34:00,2025-06-05 20:54:00,E-0155,20260106T061500Z-QE24M
RI-25-01011,S-025,plated parts,P-11072-B,L25-0429,,536,PO-462714,2025-06-08,"Z1.4 single, normal",J,1.0,II,80,0,,accept,2025-06-04 14:50:00,2025-06-05 11:28:00,E-0156,20260106T061500Z-QE24M
RI-25-01012,S-026,plated parts,P-18450-A,L25-0475,,1195,PO-428785,2025-05-29,"Z1.4 single, normal",J,1.0,II,80,1,adhesion,accept,2025-06-04 13:54:00,2025-06-06 08:49:00,E-0156,20260106T061500Z-QE24M
RI-25-01013,S-033,heat-treated parts,P-12828-B,L25-0454,,1427,PO-417932,2025-06-06,"Z1.4 single, normal",K,1.0,II,125,0,,accept,2025-06-04 11:56:00,2025-06-04 18:53:00,E-0155,20260106T061500Z-QE24M
RI-25-01014,S-040,passivated parts,P-14773-A,L25-0464,,967,PO-410898,2025-06-08,"Z1.4 single, normal",J,1.0,II,80,3,staining,reject,2025-06-04 14:24:00,2025-06-06 01:13:00,E-0156,20260106T061500Z-QE24M
RI-25-01015,S-042,passivated parts,P-16234-A,L25-0473,,942,PO-408827,2025-06-04,"Z1.4 single, normal",J,1.0,II,32,0,,accept,2025-06-04 12:43:00,2025-06-05 02:44:00,E-0155,20260106T061500Z-QE24M
RI-25-01016,S-005,bar,8620 bar 25.4 mm,,MC-00843,101,PO-485773,2025-06-06,"Z1.4 single, normal",F,1.0,II,8,0,,accept,2025-06-05 07:32:00,2025-06-06 19:01:00,E-0156,20260106T061500Z-QE24M
RI-25-01017,S-016,plated parts,P-14253-B,L25-0417,,1195,PO-476865,2025-06-09,"Z1.4 single, normal",J,1.0,II,80,1,adhesion,accept,2025-06-05 12:37:00,2025-06-06 20:01:00,E-0156,20260106T061500Z-QE24M
RI-25-01018,S-016,plated parts,P-11462-A,L25-0420,,853,PO-460426,2025-06-09,"Z1.4 single, normal",J,1.0,II,80,3,blisters,reject,2025-06-05 07:19:00,2025-06-06 21:47:00,E-0155,20260106T061500Z-QE24M
RI-25-01019,S-033,heat-treated parts,P-13502-C,L25-0471,,824,PO-451810,2025-06-05,"Z1.4 single, normal",J,1.0,II,80,0,,accept,2025-06-05 14:24:00,2025-06-06 08:36:00,E-0155,20260106T061500Z-QE24M
RI-25-01020,S-044,passivated parts,P-14530-A,L25-0466,,1116,PO-484101,2025-06-09,"Z1.4 single, normal",J,1.0,II,80,0,,accept,2025-06-05 13:00:00,2025-06-06 00:08:00,E-0155,20260106T061500Z-QE24M
RI-25-01021,S-019,plated parts,P-12407-A,L25-0467,,283,PO-427926,2025-06-09,"Z1.4 single, normal",H,1.0,II,21,0,,accept,2025-06-06 13:54:00,2025-06-07 00:58:00,E-0155,20260106T061500Z-QE24M
RI-25-01022,S-036,heat-treated parts,P-14992-A,L25-0455,,1647,PO-431794,2025-06-06,"Z1.4 single, normal",K,1.0,II,125,0,,accept,2025-06-06 10:05:00,2025-06-07 08:23:00,E-0155,20260106T061500Z-QE24M
RI-25-01023,S-044,passivated parts,P-16180-A,L25-0459,,828,PO-447204,2025-06-10,"Z1.4 single, normal",J,1.0,II,80,0,,accept,2025-06-06 11:30:00,2025-06-07 19:06:00,E-0155,20260106T061500Z-QE24M
RI-25-01024,S-054,casting,P-16150-B,,,400,PO-459196,2025-06-10,"Z1.4 single, normal",H,1.0,II,50,0,,accept,2025-06-06 08:27:00,2025-06-07 05:22:00,E-0155,20260106T061500Z-QE24M
RI-25-01025,S-058,purchased components,O-rings,,,4950,PO-481918,2025-06-07,"Z1.4 single, normal",L,1.0,II,200,1,thread,accept,2025-06-07 11:14:00,2025-06-09 07:56:00,E-0156,20260106T061500Z-QE24M
RI-25-01026,S-051,casting,P-16128-A,,,170,PO-417342,2025-06-12,"Z1.4 single, normal",G,1.0,II,50,0,,accept,2025-06-08 08:57:00,2025-06-08 22:11:00,E-0155,20260106T061500Z-QE24M
RI-25-01027,S-054,casting,P-10749-A,,,920,PO-410365,2025-06-09,"Z1.4 single, normal",J,1.0,II,80,1,flash,accept,2025-06-08 12:12:00,2025-06-09 09:24:00,E-0156,20260106T061500Z-QE24M
RI-25-01028,S-002,bar,1045 bar 31.75 mm,,MC-00844,120,PO-404981,2025-06-08,"Z1.4 single, normal",F,1.0,II,13,0,,accept,2025-06-09 07:18:00,2025-06-09 15:20:00,E-0156,20260106T061500Z-QE24M
RI-25-01029,S-006,bar,303 bar 50.8 mm,,MC-00846,63,PO-457125,2025-06-12,"Z1.4 single, normal",E,1.0,II,13,0,,accept,2025-06-09 10:57:00,2025-06-10 12:52:00,E-0156,20260106T061500Z-QE24M
RI-25-01030,S-011,bar,17-4 bar 31.75 mm,,MC-00845,114,PO-468079,2025-06-10,"Z1.4 single, normal",F,1.0,II,13,0,,accept,2025-06-09 08:06:00,2025-06-09 21:43:00,E-0156,20260106T061500Z-QE24M
RI-25-01031,S-017,plated parts,P-13317-A,L25-0431,,891,PO-495775,2025-06-12,"Z1.4 single, normal",J,1.0,II,80,0,,accept,2025-06-09 14:52:00,2025-06-09 18:46:00,E-0156,20260106T061500Z-QE24M
RI-25-01032,S-019,plated parts,P-10313-B,L25-0430,,937,PO-491581,2025-06-11,"Z1.4 single, normal",J,1.0,II,80,0,,accept,2025-06-09 12:06:00,2025-06-10 14:40:00,E-0156,20260106T061500Z-QE24M
RI-25-01033,S-020,plated parts,P-10373-C,L25-0452,,1989,PO-428232,2025-06-12,"Z1.4 single, normal",K,1.0,II,84,0,,accept,2025-06-09 07:05:00,2025-06-10 15:23:00,E-0156,20260106T061500Z-QE24M
RI-25-01034,S-020,plated parts,P-12868-D,L25-0463,,726,PO-435847,2025-06-11,"Z1.4 single, normal",J,1.0,II,80,3,adhesion,reject,2025-06-09 13:34:00,2025-06-09 18:57:00,E-0156,20260106T061500Z-QE24M
RI-25-01035,S-023,plated parts,P-12343-A,L25-0461,,456,PO-409364,2025-06-09,"Z1.4 single, normal",H,1.0,II,50,0,,accept,2025-06-09 13:10:00,2025-06-09 19:33:00,E-0155,20260106T061500Z-QE24M
RI-25-01036,S-025,plated parts,P-12835-A,L25-0453,,577,PO-443872,2025-06-10,"Z1.4 single, normal",J,1.0,II,80,0,,accept,2025-06-09 12:36:00,2025-06-10 09:21:00,E-0155,20260106T061500Z-QE24M
RI-25-01037,S-028,heat-treated parts,P-14391-C,L25-0470,,630,PO-428266,2025-06-10,"Z1.4 single, normal",J,1.0,II,80,0,,accept,2025-06-09 13:07:00,2025-06-11 03:14:00,E-0155,20260106T061500Z-QE24M
RI-25-01038,S-029,heat-treated parts,P-14300-D,L25-0460,,838,PO-467609,2025-06-10,"Z1.4 single, normal",J,1.0,II,80,0,,accept,2025-06-09 07:33:00,2025-06-10 01:40:00,E-0156,20260106T061500Z-QE24M
RI-25-01039,S-034,heat-treated parts,P-18795-A,L25-0476,,898,PO-468222,2025-06-09,"Z1.4 single, normal",J,1.0,II,80,0,,accept,2025-06-09 09:34:00,2025-06-10 21:59:00,E-0155,20260106T061500Z-QE24M
RI-25-01040,S-039,passivated parts,P-15615-C,L25-0457,,1285,PO-401820,2025-06-12,"Z1.4 single, normal",K,1.0,II,125,0,,accept,2025-06-09 14:22:00,2025-06-10 16:49:00,E-0156,20260106T061500Z-QE24M
RI-25-01041,S-039,passivated parts,P-17500-A,L25-0477,,1225,PO-413088,2025-06-13,"Z1.4 single, normal",K,1.0,II,125,1,free iron,accept,2025-06-09 14:00:00,2025-06-10 16:46:00,E-0155,20260106T061500Z-QE24M
RI-25-01042,S-040,passivated parts,P-19299-A,L25-0445,,2440,PO-434186,2025-06-10,"Z1.4 single, normal",K,1.0,II,125,0,,accept,2025-06-09 10:18:00,2025-06-10 10:22:00,E-0156,20260106T061500Z-QE24M
RI-25-01043,S-040,passivated parts,P-17004-D,L25-0474,,992,PO-425247,2025-06-09,"Z1.4 single, normal",J,1.0,II,80,0,,accept,2025-06-09 13:51:00,2025-06-10 07:01:00,E-0156,20260106T061500Z-QE24M
RI-25-01044,S-042,passivated parts,P-16352-D,L25-0468,,1587,PO-478383,2025-06-12,"Z1.4 single, normal",K,1.0,II,125,0,,accept,2025-06-09 11:37:00,2025-06-10 01:48:00,E-0155,20260106T061500Z-QE24M
RI-25-01045,S-044,passivated parts,P-15742-C,L25-0465,,188,PO-481603,2025-06-13,"Z1.4 single, normal",G,1.0,II,50,1,staining,accept,2025-06-09 13:41:00,2025-06-11 09:10:00,E-0156,20260106T061500Z-QE24M
RI-25-01046,S-004,bar,4140 bar 38.1 mm,,MC-00848,86,PO-454997,2025-06-04,"Z1.4 single, normal",E,1.0,II,13,0,,accept,2025-06-10 07:07:00,2025-06-11 07:15:00,E-0155,20260106T061500Z-QE24M
RI-25-01047,S-011,bar,17-4 bar 38.1 mm,,MC-00847,29,PO-439343,2025-06-12,"Z1.4 single, normal",D,1.0,II,13,0,,accept,2025-06-10 09:32:00,2025-06-11 23:45:00,E-0156,20260106T061500Z-QE24M
RI-25-01048,S-013,bar,7075 bar 25.4 mm,,MC-00849,42,PO-492359,2025-06-14,"Z1.4 single, normal",D,1.0,II,13,0,,accept,2025-06-10 14:21:00,2025-06-10 16:49:00,E-0155,20260106T061500Z-QE24M
RI-25-01049,S-018,plated parts,P-13122-B,L25-0469,,1364,PO-442189,2025-06-13,"Z1.4 single, normal",K,1.0,II,125,0,,accept,2025-06-10 07:19:00,2025-06-10 19:03:00,E-0155,20260106T061500Z-QE24M
RI-25-01050,S-020,plated parts,P-10385-D,L25-0456,,1185,PO-402618,2025-06-10,"Z1.4 single, normal",J,1.0,II,80,0,,accept,2025-06-10 07:32:00,2025-06-10 10:04:00,E-0155,20260106T061500Z-QE24M
RI-25-01051,S-027,heat-treated parts,P-13403-A,L25-0486,,813,PO-484385,2025-06-11,"Z1.4 single, normal",J,1.0,II,80,0,,accept,2025-06-10 10:02:00,2025-06-11 15:52:00,E-0156,20260106T061500Z-QE24M
RI-25-01052,S-039,passivated parts,P-12645-A,L25-0439,,1652,PO-429762,2025-06-11,"Z1.4 single, normal",K,1.0,II,125,4,staining,accept,2025-06-10 10:08:00,2025-06-11 11:06:00,E-0156,20260106T061500Z-QE24M
RI-25-01053,S-051,casting,P-15986-A,,,260,PO-401734,2025-06-11,"Z1.4 single, normal",G,1.0,II,50,1,porosity,accept,2025-06-10 12:04:00,2025-06-11 03:20:00,E-0156,20260106T061500Z-QE24M
RI-25-01054,S-003,bar,4140 bar 44.45 mm,,MC-00850,115,PO-479183,2025-06-15,"Z1.4 single, normal",F,1.0,II,13,0,,accept,2025-06-11 08:29:00,2025-06-12 03:36:00,E-0156,20260106T061500Z-QE24M
RI-25-01055,S-013,bar,7075 bar 25.4 mm,,MC-00851,33,PO-467078,2025-06-14,"Z1.4 single, normal",D,1.0,II,13,0,,accept,2025-06-11 14:50:00,2025-06-12 04:30:00,E-0155,20260106T061500Z-QE24M
RI-25-01056,S-029,heat-treated parts,P-16813-B,L25-0480,,734,PO-464958,2025-06-12,"Z1.4 single, normal",J,1.0,II,80,0,,accept,2025-06-11 11:47:00,2025-06-12 00:13:00,E-0155,20260106T061500Z-QE24M
RI-25-01057,S-034,heat-treated parts,P-13158-A,L25-0478,,312,PO-422470,2025-06-14,"Z1.4 single, normal",H,1.0,II,50,0,,accept,2025-06-11 12:24:00,2025-06-12 10:01:00,E-0156,20260106T061500Z-QE24M
RI-25-01058,S-036,heat-treated parts,P-13149-C,L25-0458,,2991,PO-473078,2025-06-15,"Z1.4 single, normal",K,1.0,II,125,0,,accept,2025-06-11 11:42:00,2025-06-11 17:29:00,E-0156,20260106T061500Z-QE24M
RI-25-01059,S-036,heat-treated parts,P-13483-A,L25-0488,,851,PO-447569,2025-06-14,"Z1.4 single, normal",J,1.0,II,80,0,,accept,2025-06-11 12:14:00,2025-06-11 22:24:00,E-0155,20260106T061500Z-QE24M
RI-25-01060,S-006,bar,303 bar 38.1 mm,,MC-00852,104,PO-458789,2025-06-04,"Z1.4 single, normal",F,1.0,II,13,0,,accept,2025-06-12 07:35:00,2025-06-12 09:22:00,E-0156,20260106T061500Z-QE24M
RI-25-01061,S-018,plated parts,P-13590-A,L25-0481,,764,PO-437569,2025-06-08,"Z1.4 single, normal",J,1.0,II,80,0,,accept,2025-06-12 12:27:00,2025-06-13 14:45:00,E-0156,20260106T061500Z-QE24M
RI-25-01062,S-041,passivated parts,P-10749-A,L25-0479,,476,PO-484199,2025-06-14,"Z1.4 single, normal",H,1.0,II,50,0,,accept,2025-06-12 11:34:00,2025-06-12 21:20:00,E-0156,20260106T061500Z-QE24M
RI-25-01063,S-004,bar,4140 bar 38.1 mm,,MC-00853,44,PO-414683,2025-06-16,"Z1.4 single, normal",D,1.0,II,13,0,,accept,2025-06-13 14:29:00,2025-06-14 15:18:00,E-0155,20260106T061500Z-QE24M
RI-25-01064,S-017,plated parts,P-13502-C,L25-0471,,824,PO-444573,2025-06-16,"Z1.4 single, normal",J,1.0,II,80,0,,accept,2025-06-13 12:48:00,2025-06-13 14:06:00,E-0155,20260106T061500Z-QE24M
RI-25-01065,S-036,heat-treated parts,P-14117-A,L25-0492,,1106,PO-497119,2025-06-14,"Z1.4 single, normal",J,1.0,II,49,0,,accept,2025-06-13 11:31:00,2025-06-14 10:49:00,E-0155,20260106T061500Z-QE24M
RI-25-01066,S-042,passivated parts,P-11681-A,L25-0482,,744,PO-448153,2025-06-15,"Z1.4 single, normal",J,1.0,II,80,2,staining,accept,2025-06-13 09:39:00,2025-06-14 08:06:00,E-0155,20260106T061500Z-QE24M
RI-25-01067,S-051,casting,P-11007-C,,,330,PO-466786,2025-06-15,"Z1.4 single, normal",H,1.0,II,50,1,flash,accept,2025-06-13 14:35:00,2025-06-14 04:02:00,E-0155,20260106T061500Z-QE24M
RI-25-01068,S-053,casting,P-16637-A,,,660,PO-483972,2025-06-16,"Z1.4 single, normal",J,1.0,II,80,1,dimension,accept,2025-06-13 07:03:00,2025-06-13 18:46:00,E-0155,20260106T061500Z-QE24M
RI-25-01069,S-051,casting,P-10941-C,,,290,PO-478323,2025-06-18,"Z1.4 single, normal",H,1.0,II,50,0,,accept,2025-06-14 12:38:00,2025-06-14 20:02:00,E-0155,20260106T061500Z-QE24M
RI-25-01070,S-004,bar,4140 bar 25.4 mm,,MC-00855,20,PO-444209,2025-06-16,"Z1.4 single, normal",C,1.0,II,6,0,,accept,2025-06-16 14:48:00,2025-06-18 07:24:00,E-0155,20260106T061500Z-QE24M
RI-25-01071,S-005,bar,8620 bar 19.05 mm,,MC-00856,67,PO-491321,2025-06-20,"Z1.4 single, normal",E,1.0,II,13,0,,accept,2025-06-16 11:34:00,2025-06-17 03:26:00,E-0156,20260106T061500Z-QE24M
RI-25-01072,S-008,bar,304 bar 31.75 mm,,MC-00854,105,PO-439341,2025-06-17,"Z1.4 single, normal",F,1.0,II,13,0,,accept,2025-06-16 08:48:00,2025-06-16 14:16:00,E-0155,20260106T061500Z-QE24M
RI-25-01073,S-017,plated parts,P-13403-A,L25-0486,,813,PO-444674,2025-06-07,"Z1.4 single, normal",J,1.0,II,80,0,,accept,2025-06-16 10:48:00,2025-06-17 05:19:00,E-0156,20260106T061500Z-QE24M
RI-25-01074,S-020,plated parts,P-12828-B,L25-0454,,1427,PO-483777,2025-06-16,"Z1.4 single, normal",K,1.0,II,125,1,plating thickness,accept,2025-06-16 13:31:00,2025-06-17 10:36:00,E-0156,20260106T061500Z-QE24M
RI-25-01075,S-023,plated parts,P-18795-A,L25-0476,,898,PO-487017,2025-06-17,"Z1.4 single, normal",J,1.0,II,80,0,,accept,2025-06-16 09:08:00,2025-06-17 21:12:00,E-0155,20260106T061500Z-QE24M
RI-25-01076,S-033,heat-treated parts,P-14108-A,L25-0493,,1647,PO-450506,2025-06-16,"Z1.4 single, normal",K,1.0,II,125,1,hardness high,accept,2025-06-16 09:28:00,2025-06-17 12:02:00,E-0155,20260106T061500Z-QE24M
RI-25-01077,S-033,heat-treated parts,P-12861-C,L25-0494,,1493,PO-416417,2025-06-20,"Z1.4 single, normal",K,1.0,II,125,1,hardness low,accept,2025-06-16 13:15:00,2025-06-16 17:39:00,E-0156,20260106T061500Z-QE24M
RI-25-01078,S-033,heat-treated parts,P-15057-A,L25-0496,,1562,PO-468221,2025-06-18,"Z1.4 single, normal",K,1.0,II,62,0,,accept,2025-06-16 14:52:00,2025-06-17 03:13:00,E-0156,20260106T061500Z-QE24M
RI-25-01079,S-034,heat-treated parts,P-18353-B,L25-0487,,590,PO-424443,2025-06-18,"Z1.4 single, normal",J,1.0,II,80,0,,accept,2025-06-16 14:05:00,2025-06-17 02:57:00,E-0156,20260106T061500Z-QE24M
RI-25-01080,S-039,passivated parts,P-17795-A,L25-0462,,4643,PO-438457,2025-06-17,"Z1.4 single, normal",L,1.0,II,200,1,free iron,accept,2025-06-16 08:01:00,2025-06-16 09:22:00,E-0156,20260106T061500Z-QE24M
RI-25-01081,S-039,passivated parts,P-11856-B,L25-0483,,1533,PO-456835,2025-06-09,"Z1.4 single, normal",K,1.0,II,125,0,,accept,2025-06-16 12:56:00,2025-06-18 07:32:00,E-0156,20260106T061500Z-QE24M
RI-25-01082,S-043,passivated parts,P-16715-A,L25-0490,,1245,PO-426806,2025-06-17,"Z1.4 single, normal",K,1.0,II,125,1,staining,accept,2025-06-16 13:52:00,2025-06-18 06:10:00,E-0155,20260106T061500Z-QE24M
RI-25-01083,S-021,plated parts,P-12314-A,L25-0485,,2644,PO-495671,2025-06-21,"Z1.4 single, normal",K,1.0,II,82,4,adhesion,accept,2025-06-17 09:00:00,2025-06-17 16:11:00,E-0155,20260106T061500Z-QE24M
RI-25-01084,S-040,passivated parts,P-17038-D,L25-0507,,992,PO-422905,2025-06-08,"Z1.4 single, normal",J,1.0,II,80,0,,accept,2025-06-17 10:30:00,2025-06-18 18:15:00,E-0155,20260106T061500Z-QE24M
RI-25-01085,S-051,casting,P-17116-A,,,450,PO-451990,2025-06-17,"Z1.4 single, normal",H,1.0,II,31,0,,accept,2025-06-17 14:21:00,2025-06-19 02:59:00,E-0156,20260106T061500Z-QE24M
RI-25-01086,S-008,bar,304 bar 25.4 mm,,MC-00857,53,PO-456357,2025-06-18,"Z1.4 single, normal",E,1.0,II,13,0,,accept,2025-06-18 12:54:00,2025-06-19 23:21:00,E-0156,20260106T061500Z-QE24M
RI-25-01087,S-042,passivated parts,P-14885-D,L25-0498,,422,PO-449353,2025-06-21,"Z1.4 single, normal",H,1.0,II,50,0,,accept,2025-06-18 09:52:00,2025-06-19 06:47:00,E-0156,20260106T061500Z-QE24M
RI-25-01088,S-045,anodized parts,P-14077-B,L25-0484,,1195,PO-481443,2025-06-20,"Z1.4 single, normal",J,1.0,II,80,0,,accept,2025-06-18 12:41:00,2025-06-20 07:38:00,E-0156,20260106T061500Z-QE24M
RI-25-01089,S-005,bar,8620 bar 31.75 mm,,MC-00859,78,PO-415715,2025-06-19,"Z1.4 single, normal",E,1.0,II,13,0,,accept,2025-06-19 11:21:00,2025-06-19 16:54:00,E-0155,20260106T061500Z-QE24M
RI-25-01090,S-008,bar,304 bar 25.4 mm,,MC-00858,89,PO-496771,2025-06-21,"Z1.4 single, normal",E,1.0,II,13,0,,accept,2025-06-19 11:43:00,2025-06-20 01:13:00,E-0156,20260106T061500Z-QE24M
RI-25-01091,S-016,plated parts,P-13149-C,L25-0458,,2991,PO-487802,2025-06-21,"Z1.4 single, normal",K,1.0,II,72,2,staining,accept,2025-06-19 13:16:00,2025-06-20 06:54:00,E-0156,20260106T061500Z-QE24M
RI-25-01092,S-030,heat-treated parts,P-10355-D,L25-0497,,312,PO-414753,2025-06-19,"Z1.4 single, normal",H,1.0,II,50,0,,accept,2025-06-19 11:49:00,2025-06-20 06:58:00,E-0156,20260106T061500Z-QE24M
RI-25-01093,S-044,passivated parts,P-16473-D,L25-0502,,719,PO-455918,2025-06-20,"Z1.4 single, normal",J,1.0,II,53,0,,accept,2025-06-19 07:50:00,2025-06-20 15:03:00,E-0156,20260106T061500Z-QE24M
RI-25-01094,S-046,anodized parts,P-17319-A,L25-0509,,293,PO-425906,2025-06-20,"Z1.4 single, normal",H,1.0,II,50,1,color,accept,2025-06-19 07:01:00,2025-06-19 11:28:00,E-0155,20260106T061500Z-QE24M
RI-25-01095,S-002,bar,1045 bar 25.4 mm,,MC-00860,28,PO-413815,2025-06-24,"Z1.4 single, normal",D,1.0,II,13,0,,accept,2025-06-20 12:28:00,2025-06-22 01:06:00,E-0156,20260106T061500Z-QE24M
RI-25-01096,S-008,bar,304 bar 25.4 mm,,MC-00861,77,PO-445213,2025-06-23,"Z1.4 single, normal",E,1.0,II,13,1,diameter,reject,2025-06-20 09:25:00,2025-06-21 15:17:00,E-0156,20260106T061500Z-QE24M
RI-25-01097,S-023,plated parts,P-14300-D,L25-0460,,838,PO-415663,2025-06-23,"Z1.4 single, normal",J,1.0,II,55,0,,accept,2025-06-20 12:04:00,2025-06-20 18:56:00,E-0155,20260106T061500Z-QE24M
RI-25-01098,S-033,heat-treated parts,P-15099-A,L25-0513,,1493,PO-484220,2025-06-24,"Z1.4 single, normal",K,1.0,II,125,1,hardness low,accept,2025-06-20 12:39:00,2025-06-22 10:38:00,E-0156,20260106T061500Z-QE24M
RI-25-01099,S-040,passivated parts,P-11320-D,L25-0503,,1061,PO-448073,2025-06-22,"Z1.4 single, normal",J,1.0,II,80,2,staining,accept,2025-06-20 11:27:00,2025-06-20 20:10:00,E-0156,20260106T061500Z-QE24M
RI-25-01100,S-051,casting,P-11831-D,,,300,PO-445495,2025-06-24,"Z1.4 single, normal",H,1.0,II,50,0,,accept,2025-06-20 10:21:00,2025-06-21 00:56:00,E-0156,20260106T061500Z-QE24M
RI-25-01101,S-057,purchased components,retaining rings,,,1750,PO-437664,2025-06-21,"Z1.4 single, normal",K,1.0,II,125,0,,accept,2025-06-20 09:32:00,2025-06-22 05:28:00,E-0156,20260106T061500Z-QE24M
RI-25-01102,S-057,purchased components,threaded inserts,,,4300,PO-481978,2025-06-21,"Z1.4 single, normal",L,1.0,II,200,2,thread,accept,2025-06-20 14:55:00,2025-06-21 02:12:00,E-0156,20260106T061500Z-QE24M
RI-25-01103,S-057,purchased components,retaining rings,,,800,PO-408816,2025-06-25,"Z1.4 single, normal",J,1.0,II,57,0,,accept,2025-06-22 08:29:00,2025-06-23 08:33:00,E-0156,20260106T061500Z-QE24M
RI-25-01104,S-005,bar,8620 bar 19.05 mm,,MC-00862,34,PO-435318,2025-06-27,"Z1.4 single, normal",D,1.0,II,13,0,,accept,2025-06-23 13:19:00,2025-06-23 17:56:00,E-0155,20260106T061500Z-QE24M
RI-25-01105,S-005,bar,8620 bar 31.75 mm,,MC-00863,98,PO-451856,2025-06-24,"Z1.4 single, normal",F,1.0,II,13,0,,accept,2025-06-23 13:57:00,2025-06-25 01:28:00,E-0156,20260106T061500Z-QE24M
RI-25-01106,S-016,plated parts,P-14391-C,L25-0470,,630,PO-428275,2025-06-25,"Z1.4 single, normal",J,1.0,II,56,0,,accept,2025-06-23 12:30:00,2025-06-25 10:02:00,E-0156,20260106T061500Z-QE24M
RI-25-01107,S-017,plated parts,P-14992-A,L25-0455,,1647,PO-402958,2025-06-23,"Z1.4 single, normal",K,1.0,II,70,1,adhesion,accept,2025-06-23 08:18:00,2025-06-23 18:27:00,E-0156,20260106T061500Z-QE24M
RI-25-01108,S-017,plated parts,P-13483-A,L25-0488,,851,PO-485332,2025-06-20,"Z1.4 single, normal",J,1.0,II,80,0,,accept,2025-06-23 13:01:00,2025-06-23 13:47:00,E-0156,20260106T061500Z-QE24M
RI-25-01109,S-019,plated parts,P-16813-B,L25-0480,,734,PO-437334,2025-06-26,"Z1.4 single, normal",J,1.0,II,80,0,,accept,2025-06-23 12:01:00,2025-06-25 06:08:00,E-0156,20260106T061500Z-QE24M
RI-25-01110,S-019,plated parts,P-18338-C,L25-0522,,1032,PO-442497,2025-06-25,"Z1.4 single, normal",J,1.0,II,80,0,,accept,2025-06-23 13:39:00,2025-06-24 02:09:00,E-0156,20260106T061500Z-QE24M
RI-25-01111,S-020,plated parts,P-13158-A,L25-0478,,312,PO-427913,2025-06-26,"Z1.4 single, normal",H,1.0,II,50,0,,accept,2025-06-23 11:32:00,2025-06-23 19:59:00,E-0156,20260106T061500Z-QE24M
RI-25-01112,S-023,plated parts,P-14117-A,L25-0492,,1106,PO-405130,2025-06-24,"Z1.4 single, normal",J,1.0,II,80,0,,accept,2025-06-23 10:43:00,2025-06-24 04:03:00,E-0156,20260106T061500Z-QE24M
RI-25-01113,S-030,heat-treated parts,P-11007-C,L25-0491,,1900,PO-457382,2025-06-23,"Z1.4 single, normal",K,1.0,II,125,2,hardness high,accept,2025-06-23 08:02:00,2025-06-23 12:37:00,E-0156,20260106T061500Z-QE24M
RI-25-01114,S-030,heat-treated parts,P-10257-C,L25-0505,,665,PO-469259,2025-06-26,"Z1.4 single, normal",J,1.0,II,80,0,,accept,2025-06-23 11:57:00,2025-06-23 17:02:00,E-0155,20260106T061500Z-QE24M
RI-25-01115,S-033,heat-treated parts,P-14952-A,L25-0519,,1354,PO-427448,2025-06-24,"Z1.4 single, normal",K,1.0,II,69,0,,accept,2025-06-23 11:50:00,2025-06-25 04:27:00,E-0155,20260106T061500Z-QE24M
RI-25-01116,S-036,heat-treated parts,P-14168-B,L25-0512,,952,PO-463933,2025-06-25,"Z1.4 single, normal",J,1.0,II,80,0,,accept,2025-06-23 14:56:00,2025-06-23 22:04:00,E-0155,20260106T061500Z-QE24M
RI-25-01117,S-039,passivated parts,P-16645-A,L25-0506,,744,PO-438719,2025-06-20,"Z1.4 single, normal",J,1.0,II,80,0,,accept,2025-06-23 08:45:00,2025-06-24 01:12:00,E-0155,20260106T061500Z-QE24M
RI-25-01118,S-039,passivated parts,P-17014-A,L25-0516,,992,PO-495102,2025-06-26,"Z1.4 single, normal",J,1.0,II,80,0,,accept,2025-06-23 09:30:00,2025-06-23 17:02:00,E-0156,20260106T061500Z-QE24M
RI-25-01119,S-039,passivated parts,P-14707-A,L25-0517,,789,PO-405187,2025-06-25,"Z1.4 single, normal",J,1.0,II,80,5,staining,reject,2025-06-23 14:27:00,2025-06-23 15:03:00,E-0155,20260106T061500Z-QE24M
RI-25-01120,S-039,passivated parts,P-15298-A,L25-0526,,580,PO-477775,2025-06-25,"Z1.4 single, normal",J,1.0,II,80,0,,accept,2025-06-23 09:31:00,2025-06-25 05:56:00,E-0156,20260106T061500Z-QE24M
RI-25-01121,S-040,passivated parts,P-11163-D,L25-0508,,2182,PO-482567,2025-06-26,"Z1.4 single, normal",K,1.0,II,125,0,,accept,2025-06-23 10:55:00,2025-06-25 09:58:00,E-0155,20260106T061500Z-QE24M
RI-25-01122,S-042,passivated parts,P-17582-A,L25-0499,,3279,PO-426445,2025-06-26,"Z1.4 single, normal",L,1.0,II,200,0,,accept,2025-06-23 10:11:00,2025-06-24 16:08:00,E-0156,20260106T061500Z-QE24M
RI-25-01123,S-044,passivated parts,P-16180-A,L25-0500,,853,PO-496658,2025-06-24,"Z1.4 single, normal",J,1.0,II,80,1,staining,accept,2025-06-23 10:32:00,2025-06-24 23:45:00,E-0155,20260106T061500Z-QE24M
RI-25-01124,S-044,passivated parts,P-19323-B,L25-0515,,1071,PO-480348,2025-06-26,"Z1.4 single, normal",J,1.0,II,80,0,,accept,2025-06-23 09:21:00,2025-06-24 20:42:00,E-0155,20260106T061500Z-QE24M
RI-25-01125,S-044,passivated parts,P-16180-A,L25-0520,,769,PO-496443,2025-06-27,"Z1.4 single, normal",J,1.0,II,45,0,,accept,2025-06-23 10:17:00,2025-06-24 12:36:00,E-0155,20260106T061500Z-QE24M
RI-25-01126,S-047,anodized parts,P-17247-D,L25-0524,,496,PO-401811,2025-06-27,"Z1.4 single, normal",H,1.0,II,50,0,,accept,2025-06-23 10:33:00,2025-06-24 06:57:00,E-0156,20260106T061500Z-QE24M
RI-25-01127,S-048,anodized parts,P-11909-A,L25-0489,,1800,PO-424595,2025-06-27,"Z1.4 single, normal",K,1.0,II,125,0,,accept,2025-06-23 10:06:00,2025-06-24 05:54:00,E-0156,20260106T061500Z-QE24M
RI-25-01128,S-003,bar,4140 bar 31.75 mm,,MC-00865,76,PO-417586,2025-06-27,"Z1.4 single, normal",E,1.0,II,13,0,,accept,2025-06-24 12:10:00,2025-06-24 16:06:00,E-0156,20260106T061500Z-QE24M
RI-25-01129,S-005,bar,8620 bar 19.05 mm,,MC-00866,87,PO-484741,2025-06-28,"Z1.4 single, normal",E,1.0,II,13,0,,accept,2025-06-24 08:29:00,2025-06-26 05:41:00,E-0156,20260106T061500Z-QE24M
RI-25-01130,S-009,bar,316 bar 31.75 mm,,MC-00864,61,PO-490164,2025-06-28,"Z1.4 single, normal",E,1.0,II,13,0,,accept,2025-06-24 11:34:00,2025-06-24 18:56:00,E-0156,20260106T061500Z-QE24M
RI-25-01131,S-018,plated parts,P-12861-C,L25-0494,,1493,PO-494981,2025-06-26,"Z1.4 single, normal",K,1.0,II,125,0,,accept,2025-06-24 12:12:00,2025-06-26 05:11:00,E-0156,20260106T061500Z-QE24M
RI-25-01132,S-036,heat-treated parts,P-13307-B,L25-0535,,799,PO-436828,2025-06-27,"Z1.4 single, normal",J,1.0,II,36,2,hardness low,accept,2025-06-24 14:55:00,2025-06-25 03:07:00,E-0155,20260106T061500Z-QE24M
RI-25-01133,S-003,bar,4140 bar 25.4 mm,,MC-00868,56,PO-436830,2025-06-25,"Z1.4 single, normal",E,1.0,II,13,0,,accept,2025-06-25 14:17:00,2025-06-25 16:50:00,E-0155,20260106T061500Z-QE24M
RI-25-01134,S-003,bar,4140 bar 31.75 mm,,MC-00869,105,PO-465056,2025-06-28,"Z1.4 single, normal",F,1.0,II,13,0,,accept,2025-06-25 13:39:00,2025-06-27 09:58:00,E-0155,20260106T061500Z-QE24M
RI-25-01135,S-003,bar,4140 bar 44.45 mm,,MC-00870,51,PO-450575,2025-06-27,"Z1.4 single, normal",E,1.0,II,13,0,,accept,2025-06-25 09:52:00,2025-06-25 17:09:00,E-0155,20260106T061500Z-QE24M
RI-25-01136,S-010,bar,316 bar 31.75 mm,,MC-00867,61,PO-458024,2025-06-26,"Z1.4 single, normal",E,1.0,II,13,0,,accept,2025-06-25 14:37:00,2025-06-26 05:36:00,E-0156,20260106T061500Z-QE24M
RI-25-01137,S-019,plated parts,P-10355-D,L25-0497,,312,PO-404985,2025-06-26,"Z1.4 single, normal",H,1.0,II,50,0,,accept,2025-06-25 08:32:00,2025-06-26 11:48:00,E-0155,20260106T061500Z-QE24M
RI-25-01138,S-030,heat-treated parts,P-10989-A,L25-0539,,680,PO-416235,2025-06-19,"Z1.4 single, normal",J,1.0,II,80,1,hardness high,accept,2025-06-25 07:29:00,2025-06-26 18:58:00,E-0155,20260106T061500Z-QE24M
RI-25-01139,S-003,bar,4140 bar 31.75 mm,,MC-00871,30,PO-478667,2025-06-28,"Z1.4 single, normal",D,1.0,II,7,0,,accept,2025-06-26 11:23:00,2025-06-27 15:52:00,E-0156,20260106T061500Z-QE24M
RI-25-01140,S-004,bar,4140 bar 44.45 mm,,MC-00872,73,PO-464580,2025-06-30,"Z1.4 single, normal",E,1.0,II,13,0,,accept,2025-06-26 12:21:00,2025-06-27 15:24:00,E-0156,20260106T061500Z-QE24M
RI-25-01141,S-023,plated parts,P-14108-A,L25-0493,,1647,PO-495185,2025-06-28,"Z1.4 single, normal",K,1.0,II,125,1,adhesion,accept,2025-06-26 12:38:00,2025-06-26 21:06:00,E-0155,20260106T061500Z-QE24M
RI-25-01142,S-036,heat-treated parts,P-12435-A,L25-0547,,208,PO-446168,2025-06-30,"Z1.4 single, normal",G,1.0,II,50,1,hardness low,accept,2025-06-26 08:35:00,2025-06-27 17:00:00,E-0155,20260106T061500Z-QE24M
RI-25-01143,S-044,passivated parts,P-14719-A,L25-0528,,1185,PO-465571,2025-06-16,"Z1.4 single, normal",J,1.0,II,80,0,,accept,2025-06-26 10:11:00,2025-06-26 16:26:00,E-0155,20260106T061500Z-QE24M
RI-25-01144,S-002,bar,1045 bar 31.75 mm,,MC-00873,23,PO-433825,2025-07-01,"Z1.4 single, normal",C,1.0,II,13,0,,accept,2025-06-27 13:23:00,2025-06-29 03:26:00,E-0155,20260106T061500Z-QE24M
RI-25-01145,S-004,bar,4140 bar 31.75 mm,,MC-00874,32,PO-483146,2025-06-30,"Z1.4 single, normal",D,1.0,II,13,0,,accept,2025-06-27 13:55:00,2025-06-29 01:23:00,E-0155,20260106T061500Z-QE24M
RI-25-01146,S-015,plated parts,P-18353-B,L25-0487,,590,PO-438570,2025-07-01,"Z1.4 single, normal",J,1.0,II,59,0,,accept,2025-06-27 12:53:00,2025-06-27 15:01:00,E-0155,20260106T061500Z-QE24M
RI-25-01147,S-018,plated parts,P-16788-A,L25-0527,,352,PO-494487,2025-06-27,"Z1.4 single, normal",H,1.0,II,50,0,,accept,2025-06-27 11:08:00,2025-06-28 10:46:00,E-0155,20260106T061500Z-QE24M
RI-25-01148,S-031,heat-treated parts,P-12614-A,L25-0542,,580,PO-409089,2025-06-30,"Z1.4 single, normal",J,1.0,II,80,2,distortion,accept,2025-06-27 13:31:00,2025-06-27 17:38:00,E-0155,20260106T061500Z-QE24M
RI-25-01149,S-033,heat-treated parts,P-14212-C,L25-0530,,804,PO-457956,2025-06-29,"Z1.4 single, normal",J,1.0,II,80,2,hardness low,accept,2025-06-27 12:54:00,2025-06-28 11:27:00,E-0155,20260106T061500Z-QE24M
RI-25-01150,S-033,heat-treated parts,P-12972-A,L25-0541,,967,PO-487801,2025-06-30,"Z1.4 single, normal",J,1.0,II,80,1,hardness high,accept,2025-06-27 11:29:00,2025-06-28 22:58:00,E-0156,20260106T061500Z-QE24M
RI-25-01151,S-045,anodized parts,P-11923-A,L25-0514,,1171,PO-419622,2025-06-28,"Z1.4 single, normal",J,1.0,II,80,0,,accept,2025-06-27 10:28:00,2025-06-28 19:30:00,E-0156,20260106T061500Z-QE24M
RI-25-01152,S-051,casting,P-15977-A,,,770,PO-453545,2025-07-01,"Z1.4 single, normal",J,1.0,II,80,0,,accept,2025-06-27 09:23:00,2025-06-27 13:01:00,E-0155,20260106T061500Z-QE24M
RI-25-01153,S-051,casting,P-16652-A,,,510,PO-434165,2025-06-30,"Z1.4 single, normal",J,1.0,II,80,0,,accept,2025-06-27 12:59:00,2025-06-29 03:42:00,E-0155,20260106T061500Z-QE24M
RI-25-01154,S-051,casting,P-15861-B,,,1320,PO-429061,2025-07-01,"Z1.4 single, normal",K,1.0,II,56,1,flash,accept,2025-06-29 08:36:00,2025-06-29 21:36:00,E-0155,20260106T061500Z-QE24M
RI-25-01155,S-004,bar,4140 bar 31.75 mm,,MC-00877,81,PO-425657,2025-07-04,"Z1.4 single, normal",E,1.0,II,13,0,,accept,2025-06-30 09:41:00,2025-07-01 07:40:00,E-0155,20260106T061500Z-QE24M
RI-25-01156,S-004,bar,4140 bar 44.45 mm,,MC-00878,31,PO-403741,2025-07-03,"Z1.4 single, normal",D,1.0,II,13,0,,accept,2025-06-30 14:06:00,2025-06-30 23:56:00,E-0155,20260106T061500Z-QE24M
RI-25-01157,S-010,bar,316 bar 31.75 mm,,MC-00876,65,PO-465013,2025-07-04,"Z1.4 single, normal",E,1.0,II,13,0,,accept,2025-06-30 07:56:00,2025-06-30 18:22:00,E-0155,20260106T061500Z-QE24M
RI-25-01158,S-011,bar,17-4 bar 25.4 mm,,MC-00875,120,PO-485131,2025-07-04,"Z1.4 single, normal",F,1.0,II,13,0,,accept,2025-06-30 13:41:00,2025-07-01 17:45:00,E-0156,20260106T061500Z-QE24M
RI-25-01159,S-017,plated parts,P-14952-A,L25-0519,,1354,PO-469186,2025-07-04,"Z1.4 single, normal",K,1.0,II,125,1,blisters,accept,2025-06-30 10:17:00,2025-07-01 06:06:00,E-0156,20260106T061500Z-QE24M
RI-25-01160,S-018,plated parts,P-15057-A,L25-0496,,1562,PO-404732,2025-06-30,"Z1.4 single, normal",K,1.0,II,89,0,,accept,2025-06-30 12:22:00,2025-06-30 17:52:00,E-0155,20260106T061500Z-QE24M
RI-25-01161,S-027,heat-treated parts,P-18156-A,L25-0510,,1488,PO-429618,2025-07-02,"Z1.4 single, normal",K,1.0,II,125,0,,accept,2025-06-30 14:35:00,2025-07-01 05:23:00,E-0156,20260106T061500Z-QE24M
RI-25-01162,S-029,heat-treated parts,P-13530-B,L25-0531,,560,PO-470952,2025-07-02,"Z1.4 single, normal",J,1.0,II,61,0,,accept,2025-06-30 14:49:00,2025-07-01 12:06:00,E-0156,20260106T061500Z-QE24M
RI-25-01163,S-030,heat-treated parts,P-11381-A,L25-0540,,511,PO-412698,2025-07-04,"Z1.4 single, normal",J,1.0,II,80,9,hardness low,reject,2025-06-30 13:40:00,2025-07-01 18:02:00,E-0155,20260106T061500Z-QE24M
RI-25-01164,S-033,heat-treated parts,P-14175-A,L25-0518,,794,PO-485602,2025-07-03,"Z1.4 single, normal",J,1.0,II,47,0,,accept,2025-06-30 08:42:00,2025-07-01 02:42:00,E-0155,20260106T061500Z-QE24M
RI-25-01165,S-033,heat-treated parts,P-13328-A,L25-0525,,1122,PO-455799,2025-07-01,"Z1.4 single, normal",J,1.0,II,80,1,hardness high,accept,2025-06-30 12:39:00,2025-07-01 16:05:00,E-0155,20260106T061500Z-QE24M
RI-25-01166,S-033,heat-treated parts,P-14928-A,L25-0538,,1379,PO-445167,2025-07-02,"Z1.4 single, normal",K,1.0,II,125,1,hardness low,accept,2025-06-30 11:14:00,2025-06-30 14:22:00,E-0155,20260106T061500Z-QE24M
RI-25-01167,S-040,passivated parts,P-14869-A,L25-0533,,2336,PO-402486,2025-07-01,"Z1.4 single, normal",K,1.0,II,125,1,staining,accept,2025-06-30 14:10:00,2025-07-01 06:57:00,E-0155,20260106T061500Z-QE24M
RI-25-01168,S-040,passivated parts,P-19343-A,L25-0537,,585,PO-474202,2025-06-30,"Z1.4 single, normal",J,1.0,II,80,0,,accept,2025-06-30 12:48:00,2025-07-01 21:57:00,E-0155,20260106T061500Z-QE24M
RI-25-01169,S-042,passivated parts,P-19137-C,L25-0521,,1696,PO-466179,2025-07-02,"Z1.4 single, normal",K,1.0,II,125,1,staining,accept,2025-06-30 08:35:00,2025-07-01 18:30:00,E-0156,20260106T061500Z-QE24M
RI-25-01170,S-044,passivated parts,P-11847-D,L25-0495,,2430,PO-472278,2025-07-01,"Z1.4 single, normal",K,1.0,II,88,0,,accept,2025-06-30 08:41:00,2025-07-01 19:09:00,E-0156,20260106T061500Z-QE24M
RI-25-01171,S-045,anodized parts,P-11962-A,L25-0523,,536,PO-436603,2025-07-03,"Z1.4 single, normal",J,1.0,II,80,0,,accept,2025-06-30 12:34:00,2025-07-02 04:05:00,E-0155,20260106T061500Z-QE24M
RI-25-01172,S-060,purchased components,threaded inserts,,,1086,PO-458906,2025-07-04,"Z1.4 single, normal",J,1.0,II,80,0,,accept,2025-06-30 07:46:00,2025-06-30 16:48:00,E-0156,20260106T061500Z-QE24M
RI-25-01173,S-003,bar,4140 bar 44.45 mm,,MC-00880,109,PO-461210,2025-07-01,"Z1.4 single, normal",F,1.0,II,13,0,,accept,2025-07-01 08:50:00,2025-07-03 00:31:00,E-0156,20260106T061500Z-QE24M
RI-25-01174,S-006,bar,303 bar 19.05 mm,,MC-00879,61,PO-425755,2025-07-01,"Z1.4 single, normal",E,1.0,II,13,0,,accept,2025-07-01 08:13:00,2025-07-01 11:01:00,E-0155,20260106T061500Z-QE24M
RI-25-01175,S-025,plated parts,P-10257-C,L25-0505,,665,PO-473615,2025-06-22,"Z1.4 single, normal",J,1.0,II,80,2,blisters,accept,2025-07-01 08:29:00,2025-07-01 12:58:00,E-0155,20260106T061500Z-QE24M
RI-25-01176,S-025,plated parts,P-12884-C,L25-0545,,603,PO-446991,2025-07-01,"Z1.4 single, normal",J,1.0,II,80,1,blisters,accept,2025-07-01 12:26:00,2025-07-01 13:00:00,E-0156,20260106T061500Z-QE24M
RI-25-01177,S-025,plated parts,P-14134-A,L25-0558,,1597,PO-406606,2025-06-23,"Z1.4 single, normal",K,1.0,II,125,0,,accept,2025-07-01 09:07:00,2025-07-02 21:29:00,E-0155,20260106T061500Z-QE24M
RI-25-01178,S-033,heat-treated parts,P-18159-A,L25-0534,,1607,PO-495284,2025-07-01,"Z1.4 single, normal",K,1.0,II,125,1,hardness low,accept,2025-07-01 10:18:00,2025-07-03 03:00:00,E-0155,20260106T061500Z-QE24M
RI-25-01179,S-034,heat-treated parts,P-18420-D,L25-0551,,947,PO-415737,2025-06-22,"Z1.4 single, normal",J,1.0,II,80,2,hardness high,accept,2025-07-01 13:05:00,2025-07-01 23:48:00,E-0156,20260106T061500Z-QE24M
RI-25-01180,S-041,passivated parts,P-10845-A,L25-0543,,694,PO-457897,2025-07-01,"Z1.4 single, normal",J,1.0,II,80,0,,accept,2025-07-01 08:33:00,2025-07-01 10:55:00,E-0156,20260106T061500Z-QE24M
RI-25-01181,S-044,passivated parts,P-16721-B,L25-0536,,625,PO-488564,2025-07-01,"Z1.4 single, normal",J,1.0,II,80,0,,accept,2025-07-01 11:33:00,2025-07-02 06:19:00,E-0156,20260106T061500Z-QE24M
RI-25-01182,S-003,bar,4140 bar 44.45 mm,,MC-00883,80,PO-404229,2025-07-03,"Z1.4 single, normal",E,1.0,II,13,0,,accept,2025-07-02 09:37:00,2025-07-03 19:35:00,E-0155,20260106T061500Z-QE24M
RI-25-01183,S-006,bar,303 bar 38.1 mm,,MC-00881,92,PO-481778,2025-07-04,"Z1.4 single, normal",F,1.0,II,13,0,,accept,2025-07-02 14:15:00,2025-07-02 22:09:00,E-0156,20260106T061500Z-QE24M
RI-25-01184,S-007,bar,303 bar 50.8 mm,,MC-00882,30,PO-459555,2025-07-05,"Z1.4 single, normal",D,1.0,II,13,0,,accept,2025-07-02 08:53:00,2025-07-02 23:54:00,E-0156,20260106T061500Z-QE24M
RI-25-01185,S-017,plated parts,P-13307-B,L25-0535,,799,PO-456968,2025-07-02,"Z1.4 single, normal",J,1.0,II,80,0,,accept,2025-07-02 08:39:00,2025-07-03 00:06:00,E-0155,20260106T061500Z-QE24M
RI-25-01186,S-023,plated parts,P-15099-A,L25-0513,,1493,PO-449197,2025-06-23,"Z1.4 single, normal",K,1.0,II,125,1,blisters,accept,2025-07-02 09:18:00,2025-07-02 18:25:00,E-0155,20260106T061500Z-QE24M
RI-25-01187,S-039,passivated parts,P-11282-A,L25-0552,,1166,PO-467133,2025-06-28,"Z1.4 single, normal",J,1.0,II,39,1,staining,accept,2025-07-02 08:43:00,2025-07-04 02:58:00,E-0155,20260106T061500Z-QE24M
RI-25-01188,S-042,passivated parts,P-16107-A,L25-0544,,1389,PO-493712,2025-07-02,"Z1.4 single, normal",K,1.0,II,125,1,free iron,accept,2025-07-02 11:48:00,2025-07-04 04:24:00,E-0156,20260106T061500Z-QE24M
RI-25-01189,S-051,casting,P-10604-A,,,240,PO-473252,2025-07-04,"Z1.4 single, normal",G,1.0,II,50,0,,accept,2025-07-02 08:26:00,2025-07-03 18:00:00,E-0156,20260106T061500Z-QE24M
RI-25-01190,S-058,purchased components,O-rings,,,2750,PO-458908,2025-06-29,"Z1.4 single, normal",K,1.0,II,125,0,,accept,2025-07-02 08:19:00,2025-07-03 14:25:00,E-0155,20260106T061500Z-QE24M
RI-25-01191,S-002,bar,1045 bar 38.1 mm,,MC-00884,78,PO-466016,2025-07-01,"Z1.4 single, normal",E,1.0,II,13,0,,accept,2025-07-03 09:09:00,2025-07-04 22:16:00,E-0156,20260106T061500Z-QE24M
RI-25-01192,S-008,bar,304 bar 25.4 mm,,MC-00885,72,PO-480695,2025-07-06,"Z1.4 single, normal",E,1.0,II,13,0,,accept,2025-07-03 10:54:00,2025-07-04 10:48:00,E-0155,20260106T061500Z-QE24M
RI-25-01193,S-042,passivated parts,P-11803-A,L25-0546,,511,PO-406201,2025-07-03,"Z1.4 single, normal",J,1.0,II,80,1,free iron,accept,2025-07-03 14:22:00,2025-07-04 02:05:00,E-0156,20260106T061500Z-QE24M
RI-25-01194,S-054,casting,P-11724-A,,,830,PO-465231,2025-07-06,"Z1.4 single, normal",J,1.0,II,80,2,dimension,accept,2025-07-05 10:01:00,2025-07-07 03:05:00,E-0156,20260106T061500Z-QE24M
RI-25-01195,S-003,bar,4140 bar 25.4 mm,,MC-00886,25,PO-439347,2025-07-11,"Z1.4 single, normal",C,1.0,II,13,0,,accept,2025-07-07 14:23:00,2025-07-08 17:42:00,E-0156,20260106T061500Z-QE24M
RI-25-01196,S-014,bar,Ti-6Al-4V bar 19.05 mm,,MC-00887,104,PO-402986,2025-07-10,"Z1.4 single, normal",F,1.0,II,13,0,,accept,2025-07-07 10:23:00,2025-07-08 02:01:00,E-0156,20260106T061500Z-QE24M
RI-25-01197,S-017,plated parts,P-13328-A,L25-0525,,1122,PO-485277,2025-07-07,"Z1.4 single, normal",J,1.0,II,80,1,adhesion,accept,2025-07-07 09:50:00,2025-07-08 00:41:00,E-0155,20260106T061500Z-QE24M
RI-25-01198,S-017,plated parts,P-14928-A,L25-0538,,1379,PO-438903,2025-07-10,"Z1.4 single, normal",K,1.0,II,125,4,staining,accept,2025-07-07 09:43:00,2025-07-08 12:38:00,E-0156,20260106T061500Z-QE24M
RI-25-01199,S-017,plated parts,P-13321-A,L25-0548,,814,PO-490115,2025-07-10,"Z1.4 single, normal",J,1.0,II,80,2,adhesion,accept,2025-07-07 11:17:00,2025-07-07 12:13:00,E-0155,20260106T061500Z-QE24M
RI-25-01200,S-017,plated parts,P-14918-A,L25-0566,,1637,PO-470548,2025-07-10,"Z1.4 single, normal",K,1.0,II,125,2,adhesion,accept,2025-07-07 07:39:00,2025-07-07 09:56:00,E-0155,20260106T061500Z-QE24M
RI-25-01201,S-018,plated parts,P-11007-C,L25-0491,,1900,PO-450296,2025-07-10,"Z1.4 single, normal",K,1.0,II,125,0,,accept,2025-07-07 07:10:00,2025-07-08 18:46:00,E-0155,20260106T061500Z-QE24M
RI-25-01202,S-018,plated parts,P-14103-B,L25-0550,,2391,PO-472980,2025-07-11,"Z1.4 single, normal",K,1.0,II,98,0,,accept,2025-07-07 09:07:00,2025-07-08 18:03:00,E-0156,20260106T061500Z-QE24M
RI-25-01203,S-022,plated parts,P-14168-B,L25-0512,,952,PO-457083,2025-07-07,"Z1.4 single, normal",J,1.0,II,80,0,,accept,2025-07-07 08:05:00,2025-07-08 05:38:00,E-0156,20260106T061500Z-QE24M
RI-25-01204,S-022,plated parts,P-12435-A,L25-0547,,208,PO-417031,2025-07-08,"Z1.4 single, normal",G,1.0,II,24,0,,accept,2025-07-07 12:44:00,2025-07-08 20:20:00,E-0156,20260106T061500Z-QE24M
RI-25-01205,S-022,plated parts,P-10161-A,L25-0567,,893,PO-435891,2025-07-08,"Z1.4 single, normal",J,1.0,II,80,0,,accept,2025-07-07 07:33:00,2025-07-07 09:48:00,E-0155,20260106T061500Z-QE24M
RI-25-01206,S-025,plated parts,P-10989-A,L25-0539,,680,PO-402860,2025-07-11,"Z1.4 single, normal",J,1.0,II,80,1,blisters,accept,2025-07-07 09:20:00,2025-07-07 14:28:00,E-0155,20260106T061500Z-QE24M
RI-25-01207,S-026,plated parts,P-12972-A,L25-0541,,967,PO-407511,2025-07-10,"Z1.4 single, normal",J,1.0,II,52,1,adhesion,accept,2025-07-07 10:49:00,2025-07-07 15:08:00,E-0156,20260106T061500Z-QE24M
RI-25-01208,S-027,heat-treated parts,P-14384-D,L25-0554,,531,PO-491083,2025-07-09,"Z1.4 single, normal",J,1.0,II,80,1,hardness low,accept,2025-07-07 08:05:00,2025-07-08 09:33:00,E-0155,20260106T061500Z-QE24M
RI-25-01209,S-031,heat-treated parts,P-18115-C,L25-0556,,1002,PO-448945,2025-07-07,"Z1.4 single, normal",J,1.0,II,80,0,,accept,2025-07-07 14:52:00,2025-07-08 08:09:00,E-0155,20260106T061500Z-QE24M
RI-25-01210,S-031,heat-treated parts,P-18413-C,L25-0560,,1711,PO-441284,2025-07-01,"Z1.4 single, normal",K,1.0,II,125,2,distortion,accept,2025-07-07 13:55:00,2025-07-08 04:54:00,E-0155,20260106T061500Z-QE24M
RI-25-01211,S-033,heat-treated parts,P-13458-B,L25-0549,,781,PO-498263,2025-07-09,"Z1.4 single, normal",J,1.0,II,80,0,,accept,2025-07-07 09:59:00,2025-07-09 06:33:00,E-0156,20260106T061500Z-QE24M
RI-25-01212,S-034,heat-treated parts,P-17789-B,L25-0529,,2143,PO-406698,2025-07-10,"Z1.4 single, normal",K,1.0,II,125,0,,accept,2025-07-07 11:43:00,2025-07-08 14:31:00,E-0156,20260106T061500Z-QE24M
RI-25-01213,S-034,heat-treated parts,P-12907-D,L25-0562,,636,PO-452111,2025-07-10,"Z1.4 single, normal",J,1.0,II,80,0,,accept,2025-07-07 13:48:00,2025-07-09 08:18:00,E-0155,20260106T061500Z-QE24M
RI-25-01214,S-036,heat-treated parts,P-12498-B,L25-0561,,585,PO-445170,2025-07-11,"Z1.4 single, normal",J,1.0,II,80,1,distortion,accept,2025-07-07 14:17:00,2025-07-07 18:00:00,E-0155,20260106T061500Z-QE24M
RI-25-01215,S-038,passivated parts,P-15839-B,L25-0563,,531,PO-415066,2025-07-10,"Z1.4 single, normal",J,1.0,II,80,0,,accept,2025-07-07 14:08:00,2025-07-07 22:23:00,E-0155,20260106T061500Z-QE24M
RI-25-01216,S-040,passivated parts,P-16128-A,L25-0565,,888,PO-448478,2025-07-07,"Z1.4 single, normal",J,1.0,II,80,1,free iron,accept,2025-07-07 12:35:00,2025-07-08 21:38:00,E-0156,20260106T061500Z-QE24M
RI-25-01217,S-042,passivated parts,P-12614-A,L25-0542,,580,PO-406550,2025-07-02,"Z1.4 single, normal",J,1.0,II,80,0,,accept,2025-07-07 14:07:00,2025-07-08 04:56:00,E-0156,20260106T061500Z-QE24M
RI-25-01218,S-045,anodized parts,P-17131-A,L25-0557,,987,PO-417304,2025-07-07,"Z1.4 single, normal",J,1.0,II,80,0,,accept,2025-07-07 12:33:00,2025-07-07 20:52:00,E-0156,20260106T061500Z-QE24M
RI-25-01219,S-048,anodized parts,P-11984-A,L25-0570,,198,PO-437761,2025-07-10,"Z1.4 single, normal",G,1.0,II,50,0,,accept,2025-07-07 07:32:00,2025-07-09 05:50:00,E-0155,20260106T061500Z-QE24M
RI-25-01220,S-051,casting,P-10378-D,,,470,PO-413151,2025-07-11,"Z1.4 single, normal",H,1.0,II,31,0,,accept,2025-07-07 09:55:00,2025-07-07 17:35:00,E-0156,20260106T061500Z-QE24M
RI-25-01221,S-051,casting,P-11529-B,,,180,PO-423252,2025-07-08,"Z1.4 single, normal",G,1.0,II,50,1,dimension,accept,2025-07-07 12:33:00,2025-07-09 06:21:00,E-0156,20260106T061500Z-QE24M
RI-25-01222,S-003,bar,4140 bar 25.4 mm,,MC-00888,45,PO-478868,2025-07-08,"Z1.4 single, normal",D,1.0,II,13,0,,accept,2025-07-08 14:13:00,2025-07-09 07:26:00,E-0156,20260106T061500Z-QE24M
RI-25-01223,S-022,plated parts,P-11381-A,L25-0540,,511,PO-437085,2025-07-12,"Z1.4 single, normal",J,1.0,II,80,0,,accept,2025-07-08 07:47:00,2025-07-09 22:42:00,E-0156,20260106T061500Z-QE24M
RI-25-01224,S-022,plated parts,P-16870-A,L25-0569,,308,PO-419042,2025-07-10,"Z1.4 single, normal",H,1.0,II,50,0,,accept,2025-07-08 10:17:00,2025-07-09 00:34:00,E-0156,20260106T061500Z-QE24M
RI-25-01225,S-023,plated parts,P-18159-A,L25-0534,,1607,PO-480158,2025-07-12,"Z1.4 single, normal",K,1.0,II,125,0,,accept,2025-07-08 14:34:00,2025-07-09 01:54:00,E-0156,20260106T061500Z-QE24M
RI-25-01226,S-051,casting,P-15905-D,,,920,PO-490743,2025-07-09,"Z1.4 single, normal",J,1.0,II,80,0,,accept,2025-07-08 14:46:00,2025-07-09 12:01:00,E-0155,20260106T061500Z-QE24M
RI-25-01227,S-054,casting,P-10900-A,,,280,PO-465375,2025-07-10,"Z1.4 single, normal",G,1.0,II,50,0,,accept,2025-07-08 07:11:00,2025-07-09 02:13:00,E-0155,20260106T061500Z-QE24M
RI-25-01228,S-003,bar,4140 bar 25.4 mm,,MC-00889,49,PO-446580,2025-07-12,"Z1.4 single, normal",D,1.0,II,13,0,,accept,2025-07-09 12:58:00,2025-07-10 21:08:00,E-0155,20260106T061500Z-QE24M
RI-25-01229,S-016,plated parts,P-13530-B,L25-0531,,560,PO-452068,2025-07-12,"Z1.4 single, normal",J,1.0,II,80,0,,accept,2025-07-09 10:41:00,2025-07-09 15:26:00,E-0156,20260106T061500Z-QE24M
RI-25-01230,S-021,plated parts,P-18156-A,L25-0510,,1488,PO-493613,2025-07-12,"Z1.4 single, normal",K,1.0,II,125,1,blisters,accept,2025-07-09 13:00:00,2025-07-10 20:36:00,E-0156,20260106T061500Z-QE24M
RI-25-01231,S-023,plated parts,P-14212-C,L25-0530,,804,PO-410603,2025-07-13,"Z1.4 single, normal",J,1.0,II,80,0,,accept,2025-07-09 08:51:00,2025-07-11 07:02:00,E-0156,20260106T061500Z-QE24M
RI-25-01232,S-001,bar,1018 bar 50.8 mm,,MC-00890,41,PO-424969,2025-07-13,"Z1.4 single, normal",D,1.0,II,13,0,,accept,2025-07-10 11:01:00,2025-07-12 01:32:00,E-0156,20260106T061500Z-QE24M
RI-25-01233,S-021,plated parts,P-13193-A,L25-0580,,303,PO-471100,2025-07-12,"Z1.4 single, normal",H,1.0,II,50,0,,accept,2025-07-10 07:25:00,2025-07-12 01:23:00,E-0156,20260106T061500Z-QE24M
RI-25-01234,S-030,heat-treated parts,P-10365-A,L25-0555,,1686,PO-403466,2025-07-09,"Z1.4 single, normal",K,1.0,II,125,5,hardness low,reject,2025-07-10 11:06:00,2025-07-10 13:05:00,E-0155,20260106T061500Z-QE24M
RI-25-01235,S-034,heat-treated parts,P-13017-A,L25-0532,,4385,PO-480585,2025-07-11,"Z1.4 single, normal",L,1.0,II,200,2,hardness low,accept,2025-07-10 09:28:00,2025-07-11 23:23:00,E-0155,20260106T061500Z-QE24M
RI-25-01236,S-053,casting,P-16953-D,,,290,PO-409254,2025-07-10,"Z1.4 single, normal",H,1.0,II,50,4,dimension,reject,2025-07-10 10:25:00,2025-07-10 18:03:00,E-0156,20260106T061500Z-QE24M
RI-25-01237,S-004,bar,4140 bar 38.1 mm,,MC-00891,100,PO-432966,2025-07-15,"Z1.4 single, normal",F,1.0,II,8,0,,accept,2025-07-11 07:49:00,2025-07-12 12:05:00,E-0155,20260106T061500Z-QE24M
RI-25-01238,S-005,bar,8620 bar 25.4 mm,,MC-00892,95,PO-477899,2025-07-15,"Z1.4 single, normal",F,1.0,II,13,0,,accept,2025-07-11 12:54:00,2025-07-11 22:33:00,E-0156,20260106T061500Z-QE24M
RI-25-01239,S-021,plated parts,P-10460-A,L25-0553,,1686,PO-431639,2025-07-12,"Z1.4 single, normal",K,1.0,II,125,0,,accept,2025-07-11 12:55:00,2025-07-12 16:26:00,E-0156,20260106T061500Z-QE24M
RI-25-01240,S-055,casting,P-10407-A,,,480,PO-410534,2025-07-12,"Z1.4 single, normal",H,1.0,II,50,0,,accept,2025-07-11 07:35:00,2025-07-12 07:17:00,E-0156,20260106T061500Z-QE24M
RI-25-01241,S-051,casting,P-11413-A,,,710,PO-435617,2025-07-14,"Z1.4 single, normal",J,1.0,II,80,0,,accept,2025-07-12 10:33:00,2025-07-14 10:27:00,E-0155,20260106T061500Z-QE24M
RI-25-01242,S-057,purchased components,dowel pins,,,4850,PO-435268,2025-07-15,"Z1.4 single, normal",L,1.0,II,200,1,thread,accept,2025-07-12 14:58:00,2025-07-13 04:20:00,E-0156,20260106T061500Z-QE24M
RI-25-01243,S-008,bar,304 bar 38.1 mm,,MC-00893,85,PO-404728,2025-07-15,"Z1.4 single, normal",E,1.0,II,13,0,,accept,2025-07-14 12:38:00,2025-07-14 17:15:00,E-0155,20260106T061500Z-QE24M
RI-25-01244,S-009,bar,316 bar 38.1 mm,,MC-00894,25,PO-497886,2025-07-05,"Z1.4 single, normal",C,1.0,II,13,0,,accept,2025-07-14 13:54:00,2025-07-16 13:09:00,E-0155,20260106T061500Z-QE24M
RI-25-01245,S-016,plated parts,P-18420-D,L25-0551,,947,PO-460731,2025-07-17,"Z1.4 single, normal",J,1.0,II,80,0,,accept,2025-07-14 11:40:00,2025-07-15 00:08:00,E-0155,20260106T061500Z-QE24M
RI-25-01246,S-021,plated parts,P-14384-D,L25-0554,,531,PO-483107,2025-07-18,"Z1.4 single, normal",J,1.0,II,80,0,,accept,2025-07-14 10:45:00,2025-07-14 22:07:00,E-0155,20260106T061500Z-QE24M
RI-25-01247,S-025,plated parts,P-18413-C,L25-0560,,1711,PO-462852,2025-07-17,"Z1.4 single, normal",K,1.0,II,64,0,,accept,2025-07-14 10:47:00,2025-07-16 03:30:00,E-0155,20260106T061500Z-QE24M
RI-25-01248,S-026,plated parts,P-14175-A,L25-0518,,794,PO-412923,2025-07-05,"Z1.4 single, normal",J,1.0,II,80,0,,accept,2025-07-14 13:48:00,2025-07-15 06:35:00,E-0155,20260106T061500Z-QE24M
RI-25-01249,S-027,heat-treated parts,P-12618-A,L25-0581,,476,PO-423603,2025-07-15,"Z1.4 single, normal",H,1.0,II,50,1,distortion,accept,2025-07-14 14:48:00,2025-07-15 11:50:00,E-0156,20260106T061500Z-QE24M
RI-25-01250,S-030,heat-treated parts,P-11115-B,L25-0564,,2559,PO-452380,2025-07-18,"Z1.4 single, normal",K,1.0,II,125,4,hardness low,reject,2025-07-14 08:25:00,2025-07-15 06:42:00,E-0155,20260106T061500Z-QE24M
RI-25-01251,S-033,heat-treated parts,P-13821-A,L25-0559,,1592,PO-489059,2025-07-18,"Z1.4 single, normal",K,1.0,II,125,0,,accept,2025-07-14 12:15:00,2025-07-15 10:14:00,E-0156,20260106T061500Z-QE24M
RI-25-01252,S-036,heat-treated parts,P-12835-A,L25-0590,,575,PO-455451,2025-07-18,"Z1.4 single, normal",J,1.0,II,80,0,,accept,2025-07-14 13:12:00,2025-07-15 05:52:00,E-0155,20260106T061500Z-QE24M
RI-25-01253,S-038,passivated parts,P-15324-C,L25-0585,,198,PO-469395,2025-07-16,"Z1.4 single, normal",G,1.0,II,50,0,,accept,2025-07-14 14:42:00,2025-07-15 06:27:00,E-0156,20260106T061500Z-QE24M
RI-25-01254,S-038,passivated parts,P-14855-D,L25-0593,,1166,PO-455466,2025-07-16,"Z1.4 single, normal",J,1.0,II,80,1,staining,accept,2025-07-14 08:10:00,2025-07-15 16:29:00,E-0155,20260106T061500Z-QE24M
RI-25-01255,S-039,passivated parts,P-11201-A,L25-0574,,1081,PO-462880,2025-07-14,"Z1.4 single, normal",J,1.0,II,80,0,,accept,2025-07-14 09:43:00,2025-07-15 18:57:00,E-0155,20260106T061500Z-QE24M
RI-25-01256,S-044,passivated parts,P-16180-A,L25-0579,,808,PO-484512,2025-07-15,"Z1.4 single, normal",J,1.0,II,80,0,,accept,2025-07-14 10:51:00,2025-07-14 18:49:00,E-0156,20260106T061500Z-QE24M
RI-25-01257,S-051,casting,P-16715-A,,,480,PO-435722,2025-07-14,"Z1.4 single, normal",H,1.0,II,50,0,,accept,2025-07-14 10:29:00,2025-07-15 08:48:00,E-0155,20260106T061500Z-QE24M
RI-25-01258,S-059,purchased components,threaded inserts,,,967,PO-488839,2025-07-15,"Z1.4 single, normal",J,1.0,II,80,0,,accept,2025-07-14 07:12:00,2025-07-15 00:37:00,E-0156,20260106T061500Z-QE24M
RI-25-01259,S-007,bar,303 bar 50.8 mm,,MC-00895,34,PO-452649,2025-07-18,"Z1.4 single, normal",D,1.0,II,13,0,,accept,2025-07-15 07:10:00,2025-07-16 04:03:00,E-0156,20260106T061500Z-QE24M
RI-25-01260,S-008,bar,304 bar 38.1 mm,,MC-00896,97,PO-440285,2025-07-18,"Z1.4 single, normal",F,1.0,II,13,0,,accept,2025-07-15 13:54:00,2025-07-17 09:51:00,E-0155,20260106T061500Z-QE24M
RI-25-01261,S-010,bar,316 bar 38.1 mm,,MC-00897,102,PO-486007,2025-07-16,"Z1.4 single, normal",F,1.0,II,13,0,,accept,2025-07-15 09:10:00,2025-07-17 05:25:00,E-0156,20260106T061500Z-QE24M
RI-25-01262,S-017,plated parts,P-13458-B,L25-0549,,781,PO-499310,2025-07-18,"Z1.4 single, normal",J,1.0,II,80,1,adhesion,accept,2025-07-15 09:04:00,2025-07-16 12:45:00,E-0155,20260106T061500Z-QE24M
RI-25-01263,S-023,plated parts,P-12988-A,L25-0600,,748,PO-494481,2025-07-19,"Z1.4 single, normal",J,1.0,II,80,0,,accept,2025-07-15 13:14:00,2025-07-17 12:41:00,E-0156,20260106T061500Z-QE24M
RI-25-01264,S-027,heat-treated parts,P-13012-A,L25-0604,,633,PO-460669,2025-07-10,"Z1.4 single, normal",J,1.0,II,80,0,,accept,2025-07-15 08:14:00,2025-07-15 18:36:00,E-0155,20260106T061500Z-QE24M
RI-25-01265,S-030,heat-treated parts,P-11072-B,L25-0582,,486,PO-442959,2025-07-18,"Z1.4 single, normal",H,1.0,II,50,3,distortion,reject,2025-07-15 11:52:00,2025-07-15 12:25:00,E-0156,20260106T061500Z-QE24M
RI-25-01266,S-033,heat-treated parts,P-17849-A,L25-0572,,1691,PO-400355,2025-07-17,"Z1.4 single, normal",K,1.0,II,125,1,hardness high,accept,2025-07-15 14:59:00,2025-07-16 01:02:00,E-0156,20260106T061500Z-QE24M
RI-25-01267,S-036,heat-treated parts,P-14196-A,L25-0568,,1483,PO-454246,2025-07-17,"Z1.4 single, normal",K,1.0,II,125,2,hardness high,accept,2025-07-15 11:22:00,2025-07-16 18:35:00,E-0156,20260106T061500Z-QE24M
RI-25-01268,S-039,passivated parts,P-11167-D,L25-0576,,1091,PO-407635,2025-07-13,"Z1.4 single, normal",J,1.0,II,80,1,staining,accept,2025-07-15 07:50:00,2025-07-17 07:41:00,E-0156,20260106T061500Z-QE24M
RI-25-01269,S-045,anodized parts,P-13888-A,L25-0578,,556,PO-498085,2025-07-17,"Z1.4 single, normal",J,1.0,II,80,0,,accept,2025-07-15 12:58:00,2025-07-16 14:32:00,E-0155,20260106T061500Z-QE24M
RI-25-01270,S-007,bar,303 bar 50.8 mm,,MC-00898,59,PO-439984,2025-07-16,"Z1.4 single, normal",E,1.0,II,13,0,,accept,2025-07-16 07:55:00,2025-07-17 21:17:00,E-0156,20260106T061500Z-QE24M
RI-25-01271,S-008,bar,304 bar 38.1 mm,,MC-00899,80,PO-490420,2025-07-20,"Z1.4 single, normal",E,1.0,II,13,0,,accept,2025-07-16 12:40:00,2025-07-17 12:07:00,E-0156,20260106T061500Z-QE24M
RI-25-01272,S-018,plated parts,P-14103-B,L25-0594,,2296,PO-478585,2025-07-20,"Z1.4 single, normal",K,1.0,II,125,0,,accept,2025-07-16 11:40:00,2025-07-18 10:17:00,E-0155,20260106T061500Z-QE24M
RI-25-01273,S-022,plated parts,P-13067-C,L25-0588,,704,PO-451065,2025-07-19,"Z1.4 single, normal",J,1.0,II,80,0,,accept,2025-07-16 11:38:00,2025-07-17 00:50:00,E-0155,20260106T061500Z-QE24M
RI-25-01274,S-032,heat-treated parts,P-12479-D,L25-0611,,1369,PO-426455,2025-07-09,"Z1.4 single, normal",K,1.0,II,125,0,,accept,2025-07-16 08:12:00,2025-07-16 11:06:00,E-0155,20260106T061500Z-QE24M
RI-25-01275,S-043,passivated parts,P-17789-B,L25-0529,,2143,PO-497119,2025-07-17,"Z1.4 single, normal",K,1.0,II,125,0,,accept,2025-07-16 10:50:00,2025-07-18 10:02:00,E-0155,20260106T061500Z-QE24M
RI-25-01276,S-004,bar,4140 bar 31.75 mm,,MC-00902,95,PO-495029,2025-07-17,"Z1.4 single, normal",F,1.0,II,13,0,,accept,2025-07-17 12:51:00,2025-07-19 05:48:00,E-0156,20260106T061500Z-QE24M
RI-25-01277,S-008,bar,304 bar 25.4 mm,,MC-00900,29,PO-482378,2025-07-18,"Z1.4 single, normal",D,1.0,II,13,0,,accept,2025-07-17 10:53:00,2025-07-18 09:10:00,E-0155,20260106T061500Z-QE24M
RI-25-01278,S-010,bar,316 bar 25.4 mm,,MC-00901,101,PO-419226,2025-07-15,"Z1.4 single, normal",F,1.0,II,13,0,,accept,2025-07-17 11:10:00,2025-07-18 19:10:00,E-0155,20260106T061500Z-QE24M
RI-25-01279,S-027,heat-treated parts,P-16971-B,L25-0598,,506,PO-410504,2025-07-17,"Z1.4 single, normal",J,1.0,II,80,1,hardness high,accept,2025-07-17 13:13:00,2025-07-19 05:02:00,E-0156,20260106T061500Z-QE24M
RI-25-01280,S-046,anodized parts,P-17116-A,L25-0589,,1711,PO-471781,2025-07-19,"Z1.4 single, normal",K,1.0,II,125,0,,accept,2025-07-17 12:16:00,2025-07-17 20:35:00,E-0155,20260106T061500Z-QE24M
RI-25-01281,S-050,anodized parts,P-17220-A,L25-0592,,804,PO-463574,2025-07-17,"Z1.4 single, normal",J,1.0,II,80,0,,accept,2025-07-17 11:21:00,2025-07-19 09:00:00,E-0155,20260106T061500Z-QE24M
RI-25-01282,S-001,bar,1018 bar 50.8 mm,,MC-00903,99,PO-421165,2025-07-11,"Z1.4 single, normal",F,1.0,II,13,1,hardness,reject,2025-07-18 14:46:00,2025-07-20 13:14:00,E-0156,20260106T061500Z-QE24M
RI-25-01283,S-004,bar,4140 bar 31.75 mm,,MC-00906,30,PO-451788,2025-07-20,"Z1.4 single, normal",D,1.0,II,13,0,,accept,2025-07-18 08:45:00,2025-07-19 22:21:00,E-0155,20260106T061500Z-QE24M
RI-25-01284,S-008,bar,304 bar 25.4 mm,,MC-00904,45,PO-446875,2025-07-19,"Z1.4 single, normal",D,1.0,II,13,0,,accept,2025-07-18 11:49:00,2025-07-19 23:14:00,E-0156,20260106T061500Z-QE24M
RI-25-01285,S-010,bar,316 bar 25.4 mm,,MC-00905,59,PO-442866,2025-07-19,"Z1.4 single, normal",E,1.0,II,13,0,,accept,2025-07-18 11:25:00,2025-07-18 18:17:00,E-0156,20260106T061500Z-QE24M
RI-25-01286,S-015,plated parts,P-14401-A,L25-0571,,1805,PO-489029,2025-07-19,"Z1.4 single, normal",K,1.0,II,125,0,,accept,2025-07-18 09:45:00,2025-07-20 05:51:00,E-0156,20260106T061500Z-QE24M
RI-25-01287,S-018,plated parts,P-13145-D,L25-0599,,977,PO-480666,2025-07-21,"Z1.4 single, normal",J,1.0,II,80,0,,accept,2025-07-18 12:07:00,2025-07-20 07:30:00,E-0156,20260106T061500Z-QE24M
RI-25-01288,S-026,plated parts,P-18115-C,L25-0556,,1002,PO-429478,2025-07-21,"Z1.4 single, normal",J,1.0,II,35,0,,accept,2025-07-18 13:45:00,2025-07-19 21:19:00,E-0155,20260106T061500Z-QE24M
RI-25-01289,S-046,anodized parts,P-17326-D,L25-0583,,1270,PO-425764,2025-07-19,"Z1.4 single, normal",K,1.0,II,125,0,,accept,2025-07-18 14:38:00,2025-07-19 05:00:00,E-0156,20260106T061500Z-QE24M
RI-25-01290,S-008,bar,304 bar 25.4 mm,,MC-00907,24,PO-485738,2025-07-23,"Z1.4 single, normal",C,1.0,II,13,0,,accept,2025-07-21 11:26:00,2025-07-21 20:53:00,E-0155,20260106T061500Z-QE24M
RI-25-01291,S-015,plated parts,P-12498-B,L25-0561,,585,PO-438250,2025-07-24,"Z1.4 single, normal",J,1.0,II,80,0,,accept,2025-07-21 13:05:00,2025-07-23 11:17:00,E-0155,20260106T061500Z-QE24M
RI-25-01292,S-017,plated parts,P-14966-D,L25-0586,,1349,PO-416445,2025-07-25,"Z1.4 single, normal",K,1.0,II,125,0,,accept,2025-07-21 07:19:00,2025-07-23 02:26:00,E-0155,20260106T061500Z-QE24M
RI-25-01293,S-017,plated parts,P-13431-A,L25-0597,,773,PO-424891,2025-07-21,"Z1.4 single, normal",J,1.0,II,80,0,,accept,2025-07-21 07:56:00,2025-07-22 15:11:00,E-0155,20260106T061500Z-QE24M
RI-25-01294,S-018,plated parts,P-13017-A,L25-0532,,4385,PO-437603,2025-07-24,"Z1.4 single, normal",L,1.0,II,200,0,,accept,2025-07-21 14:38:00,2025-07-23 06:44:00,E-0155,20260106T061500Z-QE24M
RI-25-01295,S-018,plated parts,P-12907-D,L25-0562,,636,PO-436329,2025-07-21,"Z1.4 single, normal",J,1.0,II,80,0,,accept,2025-07-21 09:53:00,2025-07-22 05:49:00,E-0156,20260106T061500Z-QE24M
RI-25-01296,S-018,plated parts,P-14159-A,L25-0613,,273,PO-453976,2025-07-19,"Z1.4 single, normal",G,1.0,II,50,0,,accept,2025-07-21 08:58:00,2025-07-22 09:47:00,E-0155,20260106T061500Z-QE24M
RI-25-01297,S-020,plated parts,P-10365-A,L25-0555,,1686,PO-417600,2025-07-25,"Z1.4 single, normal",K,1.0,II,87,0,,accept,2025-07-21 07:25:00,2025-07-22 02:19:00,E-0156,20260106T061500Z-QE24M
RI-25-01298,S-024,plated parts,P-11115-B,L25-0564,,2559,PO-475044,2025-07-18,"Z1.4 single, normal",K,1.0,II,125,0,,accept,2025-07-21 09:03:00,2025-07-21 15:32:00,E-0155,20260106T061500Z-QE24M
RI-25-01299,S-025,plated parts,P-12835-A,L25-0590,,575,PO-420409,2025-07-23,"Z1.4 single, normal",J,1.0,II,80,0,,accept,2025-07-21 10:46:00,2025-07-23 02:22:00,E-0155,20260106T061500Z-QE24M
RI-25-01300,S-026,plated parts,P-10497-B,L25-0575,,1756,PO-465975,2025-07-14,"Z1.4 single, normal",K,1.0,II,125,0,,accept,2025-07-21 09:44:00,2025-07-23 08:03:00,E-0156,20260106T061500Z-QE24M
RI-25-01301,S-027,heat-treated parts,P-14363-A,L25-0595,,184,PO-475595,2025-07-21,"Z1.4 single, normal",G,1.0,II,50,1,hardness high,accept,2025-07-21 08:36:00,2025-07-23 00:17:00,E-0155,20260106T061500Z-QE24M
RI-25-01302,S-030,heat-treated parts,P-10235-A,L25-0602,,1800,PO-439761,2025-07-25,"Z1.4 single, normal",K,1.0,II,125,5,distortion,accept,2025-07-21 11:27:00,2025-07-23 00:42:00,E-0155,20260106T061500Z-QE24M
RI-25-01303,S-036,heat-treated parts,P-14992-A,L25-0596,,1572,PO-436863,2025-07-25,"Z1.4 single, normal",K,1.0,II,125,2,distortion,accept,2025-07-21 09:57:00,2025-07-22 03:15:00,E-0155,20260106T061500Z-QE24M
RI-25-01304,S-038,passivated parts,P-19350-A,L25-0616,,1136,PO-468921,2025-07-20,"Z1.4 single, normal",J,1.0,II,80,0,,accept,2025-07-21 07:01:00,2025-07-22 19:00:00,E-0156,20260106T061500Z-QE24M
RI-25-01305,S-040,passivated parts,P-14819-A,L25-0587,,1483,PO-481288,2025-07-22,"Z1.4 single, normal",K,1.0,II,78,1,staining,accept,2025-07-21 14:55:00,2025-07-23 10:28:00,E-0155,20260106T061500Z-QE24M
RI-25-01306,S-040,passivated parts,P-14681-B,L25-0608,,789,PO-419489,2025-07-22,"Z1.4 single, normal",J,1.0,II,80,0,,accept,2025-07-21 09:26:00,2025-07-22 12:18:00,E-0156,20260106T061500Z-QE24M
RI-25-01307,S-041,passivated parts,P-11642-D,L25-0621,,908,PO-464670,2025-07-22,"Z1.4 single, normal",J,1.0,II,80,0,,accept,2025-07-21 07:49:00,2025-07-21 21:35:00,E-0155,20260106T061500Z-QE24M
RI-25-01308,S-042,passivated parts,P-15438-D,L25-0603,,481,PO-419382,2025-07-19,"Z1.4 single, normal",H,1.0,II,50,0,,accept,2025-07-21 09:05:00,2025-07-21 17:46:00,E-0155,20260106T061500Z-QE24M
RI-25-01309,S-044,passivated parts,P-11226-C,L25-0577,,1617,PO-429657,2025-07-20,"Z1.4 single, normal",K,1.0,II,125,0,,accept,2025-07-21 08:34:00,2025-07-23 03:11:00,E-0155,20260106T061500Z-QE24M
RI-25-01310,S-044,passivated parts,P-11301-A,L25-0584,,1027,PO-417689,2025-07-25,"Z1.4 single, normal",J,1.0,II,80,0,,accept,2025-07-21 14:08:00,2025-07-22 18:09:00,E-0156,20260106T061500Z-QE24M
RI-25-01311,S-049,anodized parts,P-17416-A,L25-0622,,779,PO-448437,2025-07-24,"Z1.4 single, normal",J,1.0,II,80,0,,accept,2025-07-21 10:31:00,2025-07-21 12:31:00,E-0156,20260106T061500Z-QE24M
RI-25-01312,S-050,anodized parts,P-17100-A,L25-0607,,1131,PO-472885,2025-07-23,"Z1.4 single, normal",J,1.0,II,63,0,,accept,2025-07-21 07:53:00,2025-07-22 18:05:00,E-0155,20260106T061500Z-QE24M
RI-25-01313,S-020,plated parts,P-14196-A,L25-0568,,1483,PO-424199,2025-07-22,"Z1.4 single, normal",K,1.0,II,125,1,staining,accept,2025-07-22 10:35:00,2025-07-22 17:03:00,E-0155,20260106T061500Z-QE24M
RI-25-01314,S-023,plated parts,P-14350-D,L25-0573,,1399,PO-434970,2025-07-25,"Z1.4 single, normal",K,1.0,II,125,0,,accept,2025-07-22 14:06:00,2025-07-23 05:28:00,E-0156,20260106T061500Z-QE24M
RI-25-01315,S-027,heat-treated parts,P-15261-A,L25-0605,,774,PO-497254,2025-07-23,"Z1.4 single, normal",J,1.0,II,80,0,,accept,2025-07-22 07:15:00,2025-07-24 05:11:00,E-0156,20260106T061500Z-QE24M
RI-25-01316,S-031,heat-treated parts,P-16831-C,L25-0609,,536,PO-455402,2025-07-25,"Z1.4 single, normal",J,1.0,II,63,0,,accept,2025-07-22 11:06:00,2025-07-23 22:30:00,E-0156,20260106T061500Z-QE24M
RI-25-01317,S-036,heat-treated parts,P-18841-A,L25-0623,,1696,PO-457121,2025-07-24,"Z1.4 single, normal",K,1.0,II,125,0,,accept,2025-07-22 11:30:00,2025-07-23 03:51:00,E-0156,20260106T061500Z-QE24M
RI-25-01318,S-042,passivated parts,P-18958-C,L25-0627,,843,PO-433877,2025-07-25,"Z1.4 single, normal",J,1.0,II,80,0,,accept,2025-07-22 12:42:00,2025-07-23 05:40:00,E-0155,20260106T061500Z-QE24M
RI-25-01319,S-044,passivated parts,P-16180-A,L25-0636,,729,PO-445563,2025-07-25,"Z1.4 single, normal",J,1.0,II,80,0,,accept,2025-07-22 09:01:00,2025-07-22 12:00:00,E-0156,20260106T061500Z-QE24M
RI-25-01320,S-051,casting,P-10923-A,,,260,PO-441363,2025-07-18,"Z1.4 single, normal",G,1.0,II,50,0,,accept,2025-07-22 14:56:00,2025-07-23 13:08:00,E-0155,20260106T061500Z-QE24M
RI-25-01321,S-055,casting,P-11681-A,,,110,PO-450680,2025-07-13,"Z1.4 single, normal",F,1.0,II,13,0,,accept,2025-07-22 09:28:00,2025-07-23 04:12:00,E-0156,20260106T061500Z-QE24M
RI-25-01322,S-004,bar,4140 bar 38.1 mm,,MC-00908,42,PO-483545,2025-07-23,"Z1.4 single, normal",D,1.0,II,13,0,,accept,2025-07-23 09:27:00,2025-07-24 17:09:00,E-0155,20260106T061500Z-QE24M
RI-25-01323,S-005,bar,8620 bar 19.05 mm,,MC-00909,98,PO-467220,2025-07-15,"Z1.4 single, normal",F,1.0,II,13,0,,accept,2025-07-23 13:20:00,2025-07-25 02:26:00,E-0156,20260106T061500Z-QE24M
RI-25-01324,S-014,bar,Ti-6Al-4V bar 50.8 mm,,MC-00910,103,PO-415535,2025-07-24,"Z1.4 single, normal",F,1.0,II,13,0,,accept,2025-07-23 11:20:00,2025-07-24 21:26:00,E-0155,20260106T061500Z-QE24M
RI-25-01325,S-020,plated parts,P-11598-C,L25-0615,,739,PO-498928,2025-07-25,"Z1.4 single, normal",J,1.0,II,46,0,,accept,2025-07-23 07:44:00,2025-07-24 09:18:00,E-0156,20260106T061500Z-QE24M
RI-25-01326,S-033,heat-treated parts,P-14108-A,L25-0606,,1815,PO-404129,2025-07-23,"Z1.4 single, normal",K,1.0,II,125,0,,accept,2025-07-23 11:10:00,2025-07-25 01:09:00,E-0155,20260106T061500Z-QE24M
RI-25-01327,S-005,bar,8620 bar 19.05 mm,,MC-00911,49,PO-401989,2025-07-26,"Z1.4 single, normal",D,1.0,II,8,0,,accept,2025-07-24 11:50:00,2025-07-25 03:01:00,E-0155,20260106T061500Z-QE24M
RI-25-01328,S-020,plated parts,P-12868-D,L25-0633,,722,PO-452846,2025-07-24,"Z1.4 single, normal",J,1.0,II,48,0,,accept,2025-07-24 10:49:00,2025-07-25 20:25:00,E-0156,20260106T061500Z-QE24M
RI-25-01329,S-023,plated parts,P-14275-A,L25-0601,,1304,PO-412374,2025-07-26,"Z1.4 single, normal",K,1.0,II,99,0,,accept,2025-07-24 08:35:00,2025-07-25 21:32:00,E-0156,20260106T061500Z-QE24M
RI-25-01330,S-025,plated parts,P-11072-B,L25-0582,,486,PO-486680,2025-07-26,"Z1.4 single, normal",H,1.0,II,50,0,,accept,2025-07-24 08:27:00,2025-07-24 09:38:00,E-0155,20260106T061500Z-QE24M
RI-25-01331,S-033,heat-treated parts,P-13357-A,L25-0620,,1056,PO-461166,2025-07-27,"Z1.4 single, normal",J,1.0,II,80,0,,accept,2025-07-24 11:27:00,2025-07-24 16:54:00,E-0156,20260106T061500Z-QE24M
RI-25-01332,S-051,casting,P-11099-A,,,230,PO-455151,2025-07-27,"Z1.4 single, normal",G,1.0,II,50,0,,accept,2025-07-24 11:47:00,2025-07-26 09:56:00,E-0155,20260106T061500Z-QE24M
RI-25-01333,S-058,purchased components,threaded inserts,,,4050,PO-456332,2025-07-27,"Z1.4 single, normal",L,1.0,II,200,0,,accept,2025-07-24 12:37:00,2025-07-24 14:12:00,E-0155,20260106T061500Z-QE24M
RI-25-01334,S-008,bar,304 bar 25.4 mm,,MC-00912,105,PO-482711,2025-07-27,"Z1.4 single, normal",F,1.0,II,13,1,hardness,reject,2025-07-25 10:44:00,2025-07-26 06:25:00,E-0155,20260106T061500Z-QE24M
RI-25-01335,S-010,bar,316 bar 25.4 mm,,MC-00913,67,PO-420323,2025-07-25,"Z1.4 single, normal",E,1.0,II,13,0,,accept,2025-07-25 07:29:00,2025-07-26 08:02:00,E-0155,20260106T061500Z-QE24M
RI-25-01336,S-014,bar,Ti-6Al-4V bar 50.8 mm,,MC-00914,73,PO-411385,2025-07-28,"Z1.4 single, normal",E,1.0,II,13,0,,accept,2025-07-25 12:59:00,2025-07-26 19:57:00,E-0155,20260106T061500Z-QE24M
RI-25-01337,S-022,plated parts,P-13821-A,L25-0559,,1592,PO-460301,2025-07-25,"Z1.4 single, normal",K,1.0,II,125,2,blisters,accept,2025-07-25 07:11:00,2025-07-26 11:01:00,E-0155,20260106T061500Z-QE24M
RI-25-01338,S-022,plated parts,P-16971-B,L25-0598,,506,PO-471897,2025-07-28,"Z1.4 single, normal",J,1.0,II,80,1,adhesion,accept,2025-07-25 12:07:00,2025-07-25 23:31:00,E-0155,20260106T061500Z-QE24M
RI-25-01339,S-025,plated parts,P-13012-A,L25-0604,,633,PO-405068,2025-07-18,"Z1.4 single, normal",J,1.0,II,80,0,,accept,2025-07-25 14:36:00,2025-07-26 19:05:00,E-0156,20260106T061500Z-QE24M
RI-25-01340,S-026,plated parts,P-13669-A,L25-0610,,397,PO-421068,2025-07-27,"Z1.4 single, normal",H,1.0,II,50,0,,accept,2025-07-25 07:20:00,2025-07-26 06:12:00,E-0155,20260106T061500Z-QE24M
RI-25-01341,S-033,heat-treated parts,P-14989-D,L25-0617,,1399,PO-495934,2025-07-26,"Z1.4 single, normal",K,1.0,II,125,0,,accept,2025-07-25 09:44:00,2025-07-26 00:53:00,E-0155,20260106T061500Z-QE24M
RI-25-01342,S-035,heat-treated parts,P-13783-A,L25-0626,,665,PO-456650,2025-07-28,"Z1.4 single, normal",J,1.0,II,33,0,,accept,2025-07-25 08:17:00,2025-07-25 16:14:00,E-0155,20260106T061500Z-QE24M
RI-25-01343,S-043,passivated parts,P-12618-A,L25-0581,,476,PO-407351,2025-07-27,"Z1.4 single, normal",H,1.0,II,39,0,,accept,2025-07-25 10:58:00,2025-07-26 09:36:00,E-0155,20260106T061500Z-QE24M
RI-25-01344,S-001,bar,1018 bar 50.8 mm,,MC-00915,81,PO-436888,2025-08-01,"Z1.4 single, normal",E,1.0,II,13,0,,accept,2025-07-28 09:38:00,2025-07-29 13:04:00,E-0155,20260106T061500Z-QE24M
RI-25-01345,S-003,bar,4140 bar 44.45 mm,,MC-00917,52,PO-421048,2025-07-30,"Z1.4 single, normal",E,1.0,II,7,0,,accept,2025-07-28 11:50:00,2025-07-30 07:21:00,E-0155,20260106T061500Z-QE24M
RI-25-01346,S-004,bar,4140 bar 25.4 mm,,MC-00916,52,PO-439951,2025-07-31,"Z1.4 single, normal",E,1.0,II,13,0,,accept,2025-07-28 14:57:00,2025-07-29 08:06:00,E-0156,20260106T061500Z-QE24M
RI-25-01347,S-004,bar,4140 bar 63.5 mm,,MC-00918,113,PO-474864,2025-07-30,"Z1.4 single, normal",F,1.0,II,8,0,,accept,2025-07-28 07:40:00,2025-07-29 06:34:00,E-0156,20260106T061500Z-QE24M
RI-25-01348,S-016,plated parts,P-18904-D,L25-0635,,531,PO-402422,2025-07-31,"Z1.4 single, normal",J,1.0,II,80,0,,accept,2025-07-28 09:58:00,2025-07-29 08:55:00,E-0156,20260106T061500Z-QE24M
RI-25-01349,S-017,plated parts,P-14992-A,L25-0596,,1572,PO-490068,2025-07-29,"Z1.4 single, normal",K,1.0,II,125,1,plating thickness,accept,2025-07-28 09:49:00,2025-07-29 10:12:00,E-0156,20260106T061500Z-QE24M
RI-25-01350,S-021,plated parts,P-18087-D,L25-0614,,1106,PO-413787,2025-07-29,"Z1.4 single, normal",J,1.0,II,80,0,,accept,2025-07-28 09:09:00,2025-07-29 10:31:00,E-0155,20260106T061500Z-QE24M
RI-25-01351,S-023,plated parts,P-12479-D,L25-0611,,1369,PO-463167,2025-07-30,"Z1.4 single, normal",K,1.0,II,125,1,plating thickness,accept,2025-07-28 12:33:00,2025-07-30 01:48:00,E-0155,20260106T061500Z-QE24M
RI-25-01352,S-038,passivated parts,P-17849-A,L25-0572,,1691,PO-493820,2025-07-29,"Z1.4 single, normal",K,1.0,II,125,0,,accept,2025-07-28 13:15:00,2025-07-29 03:28:00,E-0155,20260106T061500Z-QE24M
RI-25-01353,S-040,passivated parts,P-17004-D,L25-0619,,992,PO-410041,2025-07-29,"Z1.4 single, normal",J,1.0,II,80,0,,accept,2025-07-28 10:21:00,2025-07-29 08:21:00,E-0156,20260106T061500Z-QE24M
RI-25-01354,S-040,passivated parts,P-16034-D,L25-0634,,1518,PO-467146,2025-07-28,"Z1.4 single, normal",K,1.0,II,125,0,,accept,2025-07-28 08:14:00,2025-07-29 05:08:00,E-0155,20260106T061500Z-QE24M
RI-25-01355,S-048,anodized parts,P-11909-A,L25-0591,,1900,PO-445051,2025-07-28,"Z1.4 single, normal",K,1.0,II,125,0,,accept,2025-07-28 12:36:00,2025-07-29 09:44:00,E-0155,20260106T061500Z-QE24M
RI-25-01356,S-048,anodized parts,P-11950-A,L25-0637,,878,PO-497756,2025-07-30,"Z1.4 single, normal",J,1.0,II,80,0,,accept,2025-07-28 12:40:00,2025-07-29 01:42:00,E-0156,20260106T061500Z-QE24M
RI-25-01357,S-058,purchased components,retaining rings,,,2700,PO-446361,2025-07-31,"Z1.4 single, normal",K,1.0,II,125,0,,accept,2025-07-28 10:57:00,2025-07-29 16:01:00,E-0155,20260106T061500Z-QE24M
RI-25-01358,S-003,bar,4140 bar 38.1 mm,,MC-00920,66,PO-432638,2025-08-01,"Z1.4 single, normal",E,1.0,II,13,0,,accept,2025-07-29 11:53:00,2025-07-30 21:49:00,E-0156,20260106T061500Z-QE24M
RI-25-01359,S-004,bar,4140 bar 63.5 mm,,MC-00921,73,PO-447880,2025-08-01,"Z1.4 single, normal",E,1.0,II,13,0,,accept,2025-07-29 14:10:00,2025-07-31 03:58:00,E-0155,20260106T061500Z-QE24M
RI-25-01360,S-008,bar,304 bar 25.4 mm,,MC-00919,38,PO-483168,2025-08-01,"Z1.4 single, normal",D,1.0,II,13,0,,accept,2025-07-29 11:53:00,2025-07-29 15:17:00,E-0156,20260106T061500Z-QE24M
RI-25-01361,S-030,heat-treated parts,P-10215-A,L25-0629,,873,PO-484717,2025-07-31,"Z1.4 single, normal",J,1.0,II,44,1,hardness low,accept,2025-07-29 14:52:00,2025-07-31 09:35:00,E-0155,20260106T061500Z-QE24M
RI-25-01362,S-030,heat-treated parts,P-10212-A,L25-0655,,684,PO-460660,2025-07-30,"Z1.4 single, normal",J,1.0,II,80,0,,accept,2025-07-29 09:50:00,2025-07-30 22:28:00,E-0155,20260106T061500Z-QE24M
RI-25-01363,S-033,heat-treated parts,P-13369-A,L25-0642,,873,PO-473150,2025-07-30,"Z1.4 single, normal",J,1.0,II,80,1,distortion,accept,2025-07-29 14:41:00,2025-07-30 15:30:00,E-0155,20260106T061500Z-QE24M
RI-25-01364,S-037,passivated parts,P-15926-A,L25-0632,,779,PO-443527,2025-07-30,"Z1.4 single, normal",J,1.0,II,80,0,,accept,2025-07-29 12:34:00,2025-07-31 01:44:00,E-0156,20260106T061500Z-QE24M
RI-25-01365,S-040,passivated parts,P-11265-A,L25-0644,,1066,PO-425153,2025-07-30,"Z1.4 single, normal",J,1.0,II,80,0,,accept,2025-07-29 08:47:00,2025-07-30 13:28:00,E-0156,20260106T061500Z-QE24M
RI-25-01366,S-003,bar,4140 bar 38.1 mm,,MC-00922,64,PO-460439,2025-08-03,"Z1.4 single, normal",E,1.0,II,13,0,,accept,2025-07-30 14:57:00,2025-07-30 19:59:00,E-0156,20260106T061500Z-QE24M
RI-25-01367,S-004,bar,4140 bar 63.5 mm,,MC-00923,116,PO-406216,2025-08-03,"Z1.4 single, normal",F,1.0,II,13,0,,accept,2025-07-30 11:09:00,2025-07-31 09:02:00,E-0155,20260106T061500Z-QE24M
RI-25-01368,S-024,plated parts,P-16953-D,L25-0643,,734,PO-489093,2025-07-30,"Z1.4 single, normal",J,1.0,II,80,0,,accept,2025-07-30 11:19:00,2025-07-31 09:39:00,E-0155,20260106T061500Z-QE24M
RI-25-01369,S-034,heat-treated parts,P-12750-D,L25-0646,,2222,PO-471745,2025-07-28,"Z1.4 single, normal",K,1.0,II,125,0,,accept,2025-07-30 08:40:00,2025-07-30 21:40:00,E-0155,20260106T061500Z-QE24M
RI-25-01370,S-036,heat-treated parts,P-13380-B,L25-0647,,832,PO-474725,2025-07-25,"Z1.4 single, normal",J,1.0,II,80,0,,accept,2025-07-30 09:02:00,2025-07-31 01:26:00,E-0156,20260106T061500Z-QE24M
RI-25-01371,S-040,passivated parts,P-17038-D,L25-0663,,992,PO-404263,2025-07-25,"Z1.4 single, normal",J,1.0,II,80,0,,accept,2025-07-30 07:22:00,2025-07-30 15:46:00,E-0155,20260106T061500Z-QE24M
RI-25-01372,S-051,casting,P-16688-C,,,320,PO-469514,2025-07-30,"Z1.4 single, normal",H,1.0,II,50,1,porosity,accept,2025-07-30 11:39:00,2025-08-01 09:41:00,E-0156,20260106T061500Z-QE24M
RI-25-01373,S-052,casting,P-10887-B,,,160,PO-489014,2025-07-29,"Z1.4 single, normal",G,1.0,II,50,0,,accept,2025-07-30 11:40:00,2025-07-31 17:03:00,E-0156,20260106T061500Z-QE24M
RI-25-01374,S-005,bar,8620 bar 25.4 mm,,MC-00924,97,PO-430026,2025-08-01,"Z1.4 single, normal",F,1.0,II,13,0,,accept,2025-07-31 12:00:00,2025-08-02 06:41:00,E-0155,20260106T061500Z-QE24M
RI-25-01375,S-016,plated parts,P-16831-C,L25-0609,,536,PO-406429,2025-07-31,"Z1.4 single, normal",J,1.0,II,80,1,staining,accept,2025-07-31 07:39:00,2025-08-01 05:36:00,E-0156,20260106T061500Z-QE24M
RI-25-01376,S-033,heat-treated parts,P-14140-A,L25-0657,,883,PO-487441,2025-08-01,"Z1.4 single, normal",J,1.0,II,80,0,,accept,2025-07-31 09:21:00,2025-08-01 10:36:00,E-0156,20260106T061500Z-QE24M
RI-25-01377,S-040,passivated parts,P-11163-D,L25-0638,,2182,PO-443781,2025-07-31,"Z1.4 single, normal",K,1.0,II,125,2,free iron,accept,2025-07-31 10:30:00,2025-08-01 03:20:00,E-0156,20260106T061500Z-QE24M
RI-25-01378,S-042,passivated parts,P-16366-D,L25-0645,,779,PO-495692,2025-08-04,"Z1.4 single, normal",J,1.0,II,80,1,free iron,accept,2025-07-31 07:24:00,2025-08-02 05:09:00,E-0155,20260106T061500Z-QE24M
RI-25-01379,S-043,passivated parts,P-15697-A,L25-0654,,605,PO-466815,2025-08-02,"Z1.4 single, normal",J,1.0,II,80,2,free iron,accept,2025-07-31 11:56:00,2025-08-02 07:41:00,E-0155,20260106T061500Z-QE24M
RI-25-01380,S-053,casting,P-11920-C,,,560,PO-412944,2025-08-03,"Z1.4 single, normal",J,1.0,II,80,4,dimension,reject,2025-07-31 13:10:00,2025-08-02 04:14:00,E-0156,20260106T061500Z-QE24M
RI-25-01381,S-004,bar,4140 bar 63.5 mm,,MC-00925,89,PO-475465,2025-08-05,"Z1.4 single, normal",E,1.0,II,13,0,,accept,2025-08-01 10:58:00,2025-08-02 17:06:00,E-0155,20260106T061500Z-QE24M
RI-25-01382,S-009,bar,316 bar 31.75 mm,,MC-01330,45,PO-458107,2025-07-29,"Z1.4 single, normal",D,1.0,II,13,0,,accept,2025-08-01 10:30:00,2025-08-01 23:51:00,E-0156,20260106T061500Z-QE24M
RI-25-01383,S-025,plated parts,P-14363-A,L25-0595,,184,PO-439470,2025-08-04,"Z1.4 single, normal",G,1.0,II,27,0,,accept,2025-08-01 11:35:00,2025-08-01 14:43:00,E-0155,20260106T061500Z-QE24M
RI-25-01384,S-025,plated parts,P-18841-A,L25-0623,,1696,PO-450988,2025-08-02,"Z1.4 single, normal",K,1.0,II,125,0,,accept,2025-08-01 10:05:00,2025-08-02 02:26:00,E-0155,20260106T061500Z-QE24M
RI-25-01385,S-030,heat-treated parts,P-10941-C,L25-0639,,1017,PO-449021,2025-08-02,"Z1.4 single, normal",J,1.0,II,80,0,,accept,2025-08-01 09:53:00,2025-08-01 18:00:00,E-0156,20260106T061500Z-QE24M
RI-25-01386,S-044,passivated parts,P-15450-B,L25-0631,,2187,PO-411165,2025-08-02,"Z1.4 single, normal",K,1.0,II,125,0,,accept,2025-08-01 09:03:00,2025-08-03 07:48:00,E-0156,20260106T061500Z-QE24M
RI-25-01387,S-051,casting,P-15905-D,,,440,PO-477204,2025-08-03,"Z1.4 single, normal",H,1.0,II,50,0,,accept,2025-08-01 11:12:00,2025-08-01 18:47:00,E-0155,20260106T061500Z-QE24M
RI-25-01388,S-051,casting,P-15986-A,,,220,PO-410107,2025-08-03,"Z1.4 single, normal",G,1.0,II,50,0,,accept,2025-08-01 13:11:00,2025-08-01 20:20:00,E-0155,20260106T061500Z-QE24M
RI-25-01389,S-051,casting,P-16080-A,,,980,PO-471010,2025-08-04,"Z1.4 single, normal",J,1.0,II,80,0,,accept,2025-08-02 14:11:00,2025-08-04 04:29:00,E-0155,20260106T061500Z-QE24M
RI-25-01390,S-051,casting,P-16107-A,,,230,PO-467407,2025-08-05,"Z1.4 single, normal",G,1.0,II,50,0,,accept,2025-08-02 11:58:00,2025-08-03 14:20:00,E-0156,20260106T061500Z-QE24M
RI-25-01391,S-001,bar,1018 bar 19.05 mm,,MC-00926,119,PO-493568,2025-08-05,"Z1.4 single, normal",F,1.0,II,13,0,,accept,2025-08-04 07:40:00,2025-08-05 06:44:00,E-0156,20260106T061500Z-QE24M
RI-25-01392,S-002,bar,1045 bar 38.1 mm,,MC-00927,25,PO-472447,2025-08-06,"Z1.4 single, normal",C,1.0,II,13,0,,accept,2025-08-04 09:31:00,2025-08-04 14:21:00,E-0155,20260106T061500Z-QE24M
RI-25-01393,S-008,bar,304 bar 31.75 mm,,MC-00929,78,PO-493193,2025-08-08,"Z1.4 single, normal",E,1.0,II,13,0,,accept,2025-08-04 09:42:00,2025-08-05 11:10:00,E-0156,20260106T061500Z-QE24M
RI-25-01394,S-011,bar,17-4 bar 31.75 mm,,MC-00928,61,PO-400846,2025-08-07,"Z1.4 single, normal",E,1.0,II,13,0,,accept,2025-08-04 08:20:00,2025-08-06 07:02:00,E-0155,20260106T061500Z-QE24M
RI-25-01395,S-012,bar,6061 bar 19.05 mm,,MC-00930,57,PO-408279,2025-07-27,"Z1.4 single, normal",E,1.0,II,13,0,,accept,2025-08-04 12:50:00,2025-08-05 13:37:00,E-0156,20260106T061500Z-QE24M
RI-25-01396,S-012,bar,6061 bar 50.8 mm,,MC-00931,64,PO-464374,2025-08-08,"Z1.4 single, normal",E,1.0,II,13,0,,accept,2025-08-04 11:10:00,2025-08-05 08:35:00,E-0156,20260106T061500Z-QE24M
RI-25-01397,S-013,bar,7075 bar 19.05 mm,,MC-00932,71,PO-442200,2025-08-05,"Z1.4 single, normal",E,1.0,II,13,0,,accept,2025-08-04 07:40:00,2025-08-06 00:51:00,E-0156,20260106T061500Z-QE24M
RI-25-01398,S-015,plated parts,P-10235-A,L25-0602,,1800,PO-482009,2025-08-07,"Z1.4 single, normal",K,1.0,II,125,7,adhesion,reject,2025-08-04 11:24:00,2025-08-04 17:59:00,E-0156,20260106T061500Z-QE24M
RI-25-01399,S-017,plated parts,P-14989-D,L25-0617,,1399,PO-426391,2025-08-06,"Z1.4 single, normal",K,1.0,II,125,0,,accept,2025-08-04 11:08:00,2025-08-04 21:53:00,E-0155,20260106T061500Z-QE24M
RI-25-01400,S-020,plated parts,P-18471-A,L25-0648,,471,PO-447174,2025-08-06,"Z1.4 single, normal",H,1.0,II,50,1,adhesion,accept,2025-08-04 07:54:00,2025-08-05 08:54:00,E-0156,20260106T061500Z-QE24M
RI-25-01401,S-030,heat-treated parts,P-10900-A,L25-0612,,4965,PO-421159,2025-08-03,"Z1.4 single, normal",L,1.0,II,200,0,,accept,2025-08-04 14:45:00,2025-08-05 08:40:00,E-0156,20260106T061500Z-QE24M
RI-25-01402,S-033,heat-treated parts,P-12828-B,L25-0650,,1545,PO-464937,2025-08-06,"Z1.4 single, normal",K,1.0,II,125,5,hardness low,accept,2025-08-04 09:30:00,2025-08-05 02:07:00,E-0155,20260106T061500Z-QE24M
RI-25-01403,S-035,heat-treated parts,P-12489-A,L25-0661,,2044,PO-431888,2025-08-06,"Z1.4 single, normal",K,1.0,II,125,0,,accept,2025-08-04 10:35:00,2025-08-04 13:39:00,E-0156,20260106T061500Z-QE24M
RI-25-01404,S-037,passivated parts,P-12671-A,L25-0651,,699,PO-443231,2025-08-07,"Z1.4 single, normal",J,1.0,II,39,1,staining,accept,2025-08-04 09:55:00,2025-08-05 04:23:00,E-0155,20260106T061500Z-QE24M
RI-25-01405,S-039,passivated parts,P-11347-A,L25-0640,,1017,PO-469389,2025-07-29,"Z1.4 single, normal",J,1.0,II,80,1,staining,accept,2025-08-04 12:15:00,2025-08-05 17:55:00,E-0156,20260106T061500Z-QE24M
RI-25-01406,S-040,passivated parts,P-16156-A,L25-0664,,1076,PO-474171,2025-07-26,"Z1.4 single, normal",J,1.0,II,32,1,staining,accept,2025-08-04 11:15:00,2025-08-05 12:59:00,E-0156,20260106T061500Z-QE24M
RI-25-01407,S-042,passivated parts,P-11329-A,L25-0653,,1096,PO-412569,2025-08-08,"Z1.4 single, normal",J,1.0,II,53,0,,accept,2025-08-04 11:32:00,2025-08-04 19:05:00,E-0156,20260106T061500Z-QE24M
RI-25-01408,S-044,passivated parts,P-14462-A,L25-0672,,704,PO-421253,2025-08-07,"Z1.4 single, normal",J,1.0,II,80,0,,accept,2025-08-04 08:22:00,2025-08-05 04:24:00,E-0155,20260106T061500Z-QE24M
RI-25-01409,S-045,anodized parts,P-12004-A,L25-0662,,893,PO-424824,2025-08-04,"Z1.4 single, normal",J,1.0,II,80,0,,accept,2025-08-04 12:59:00,2025-08-04 14:02:00,E-0155,20260106T061500Z-QE24M
RI-25-01410,S-051,casting,P-11584-A,,,410,PO-443824,2025-07-25,"Z1.4 single, normal",H,1.0,II,50,1,porosity,accept,2025-08-04 08:29:00,2025-08-06 05:55:00,E-0155,20260106T061500Z-QE24M
RI-25-01411,S-002,bar,1045 bar 38.1 mm,,MC-00933,64,PO-427169,2025-08-09,"Z1.4 single, normal",E,1.0,II,13,0,,accept,2025-08-05 08:28:00,2025-08-06 16:24:00,E-0156,20260106T061500Z-QE24M
RI-25-01412,S-008,bar,304 bar 31.75 mm,,MC-00934,107,PO-444439,2025-08-03,"Z1.4 single, normal",F,1.0,II,13,0,,accept,2025-08-05 10:56:00,2025-08-06 03:12:00,E-0156,20260106T061500Z-QE24M
RI-25-01413,S-012,bar,6061 bar 19.05 mm,,MC-00935,31,PO-427647,2025-08-07,"Z1.4 single, normal",D,1.0,II,13,0,,accept,2025-08-05 07:45:00,2025-08-05 13:19:00,E-0156,20260106T061500Z-QE24M
RI-25-01414,S-013,bar,7075 bar 50.8 mm,,MC-00936,32,PO-411001,2025-08-09,"Z1.4 single, normal",D,1.0,II,13,0,,accept,2025-08-05 07:23:00,2025-08-07 01:05:00,E-0156,20260106T061500Z-QE24M
RI-25-01415,S-018,plated parts,P-13739-B,L25-0675,,451,PO-432907,2025-08-06,"Z1.4 single, normal",H,1.0,II,50,0,,accept,2025-08-05 13:55:00,2025-08-06 14:58:00,E-0155,20260106T061500Z-QE24M
RI-25-01416,S-020,plated parts,P-13711-B,L25-0676,,446,PO-404987,2025-08-08,"Z1.4 single, normal",H,1.0,II,20,0,,accept,2025-08-05 11:53:00,2025-08-07 10:11:00,E-0156,20260106T061500Z-QE24M
RI-25-01417,S-023,plated parts,P-14108-A,L25-0606,,1815,PO-453484,2025-08-06,"Z1.4 single, normal",K,1.0,II,125,0,,accept,2025-08-05 11:48:00,2025-08-05 21:08:00,E-0156,20260106T061500Z-QE24M
RI-25-01418,S-023,plated parts,P-10212-A,L25-0655,,684,PO-420182,2025-08-07,"Z1.4 single, normal",J,1.0,II,80,0,,accept,2025-08-05 12:31:00,2025-08-06 16:58:00,E-0155,20260106T061500Z-QE24M
RI-25-01419,S-036,heat-treated parts,P-17974-C,L25-0625,,3487,PO-453768,2025-08-09,"Z1.4 single, normal",L,1.0,II,200,0,,accept,2025-08-05 14:36:00,2025-08-07 11:55:00,E-0156,20260106T061500Z-QE24M
RI-25-01420,S-040,passivated parts,P-14485-A,L25-0659,,1215,PO-448097,2025-08-06,"Z1.4 single, normal",K,1.0,II,125,0,,accept,2025-08-05 08:24:00,2025-08-07 07:25:00,E-0156,20260106T061500Z-QE24M
RI-25-01421,S-040,passivated parts,P-12204-A,L25-0665,,288,PO-429564,2025-08-07,"Z1.4 single, normal",H,1.0,II,50,0,,accept,2025-08-05 10:58:00,2025-08-05 23:09:00,E-0155,20260106T061500Z-QE24M
RI-25-01422,S-042,passivated parts,P-15905-D,L25-0649,,774,PO-425413,2025-08-07,"Z1.4 single, normal",J,1.0,II,80,0,,accept,2025-08-05 13:59:00,2025-08-06 21:57:00,E-0156,20260106T061500Z-QE24M
RI-25-01423,S-044,passivated parts,P-12750-D,L25-0646,,2222,PO-496417,2025-08-01,"Z1.4 single, normal",K,1.0,II,125,0,,accept,2025-08-05 09:30:00,2025-08-06 06:51:00,E-0155,20260106T061500Z-QE24M
RI-25-01424,S-002,bar,1045 bar 38.1 mm,,MC-00937,107,PO-477597,2025-08-08,"Z1.4 single, normal",F,1.0,II,13,0,,accept,2025-08-06 10:38:00,2025-08-07 18:14:00,E-0156,20260106T061500Z-QE24M
RI-25-01425,S-010,bar,316 bar 31.75 mm,,MC-00938,92,PO-453682,2025-08-09,"Z1.4 single, normal",F,1.0,II,13,0,,accept,2025-08-06 11:22:00,2025-08-08 02:19:00,E-0155,20260106T061500Z-QE24M
RI-25-01426,S-013,bar,7075 bar 25.4 mm,,MC-00939,114,PO-412210,2025-08-10,"Z1.4 single, normal",F,1.0,II,8,0,,accept,2025-08-06 10:01:00,2025-08-07 10:47:00,E-0156,20260106T061500Z-QE24M
RI-25-01427,S-017,plated parts,P-13357-A,L25-0620,,1056,PO-411401,2025-08-07,"Z1.4 single, normal",J,1.0,II,80,1,blisters,accept,2025-08-06 10:26:00,2025-08-07 12:08:00,E-0155,20260106T061500Z-QE24M
RI-25-01428,S-017,plated parts,P-13369-A,L25-0642,,873,PO-456380,2025-08-07,"Z1.4 single, normal",J,1.0,II,80,1,staining,accept,2025-08-06 09:32:00,2025-08-06 16:32:00,E-0155,20260106T061500Z-QE24M
RI-25-01429,S-017,plated parts,P-13380-B,L25-0647,,832,PO-447716,2025-08-07,"Z1.4 single, normal",J,1.0,II,80,0,,accept,2025-08-06 11:56:00,2025-08-07 21:19:00,E-0155,20260106T061500Z-QE24M
RI-25-01430,S-018,plated parts,P-18738-A,L25-0680,,303,PO-476220,2025-08-10,"Z1.4 single, normal",H,1.0,II,50,0,,accept,2025-08-06 08:31:00,2025-08-06 16:34:00,E-0156,20260106T061500Z-QE24M
RI-25-01431,S-022,plated parts,P-12370-B,L25-0682,,516,PO-406044,2025-08-10,"Z1.4 single, normal",J,1.0,II,80,0,,accept,2025-08-06 11:06:00,2025-08-07 00:42:00,E-0156,20260106T061500Z-QE24M
RI-25-01432,S-037,passivated parts,P-14811-C,L25-0681,,660,PO-409049,2025-08-08,"Z1.4 single, normal",J,1.0,II,80,1,free iron,accept,2025-08-06 07:49:00,2025-08-07 20:27:00,E-0156,20260106T061500Z-QE24M
RI-25-01433,S-039,passivated parts,P-17014-A,L25-0668,,992,PO-433169,2025-08-09,"Z1.4 single, normal",J,1.0,II,80,0,,accept,2025-08-06 11:16:00,2025-08-08 09:30:00,E-0156,20260106T061500Z-QE24M
RI-25-01434,S-040,passivated parts,P-19370-B,L25-0670,,2044,PO-471483,2025-08-10,"Z1.4 single, normal",K,1.0,II,125,2,staining,accept,2025-08-06 12:58:00,2025-08-06 22:51:00,E-0156,20260106T061500Z-QE24M
RI-25-01435,S-044,passivated parts,P-11173-A,L25-0652,,2406,PO-400114,2025-08-10,"Z1.4 single, normal",K,1.0,II,125,0,,accept,2025-08-06 07:50:00,2025-08-07 13:22:00,E-0156,20260106T061500Z-QE24M
RI-25-01436,S-044,passivated parts,P-16180-A,L25-0687,,818,PO-488555,2025-08-10,"Z1.4 single, normal",J,1.0,II,80,1,staining,accept,2025-08-06 12:42:00,2025-08-08 01:32:00,E-0155,20260106T061500Z-QE24M
RI-25-01437,S-047,anodized parts,P-14042-C,L25-0678,,427,PO-466354,2025-08-08,"Z1.4 single, normal",H,1.0,II,50,0,,accept,2025-08-06 11:16:00,2025-08-06 16:59:00,E-0156,20260106T061500Z-QE24M
RI-25-01438,S-058,purchased components,threaded inserts,,,3550,PO-410966,2025-08-08,"Z1.4 single, normal",L,1.0,II,200,0,,accept,2025-08-06 13:14:00,2025-08-06 15:14:00,E-0155,20260106T061500Z-QE24M
RI-25-01439,S-002,bar,1045 bar 38.1 mm,,MC-00940,72,PO-456926,2025-08-07,"Z1.4 single, normal",E,1.0,II,13,0,,accept,2025-08-07 14:53:00,2025-08-09 13:20:00,E-0155,20260106T061500Z-QE24M
RI-25-01440,S-010,bar,316 bar 31.75 mm,,MC-00941,76,PO-471048,2025-08-11,"Z1.4 single, normal",E,1.0,II,13,0,,accept,2025-08-07 12:46:00,2025-08-08 21:01:00,E-0155,20260106T061500Z-QE24M
RI-25-01441,S-020,plated parts,P-12947-A,L25-0673,,1073,PO-451028,2025-08-11,"Z1.4 single, normal",J,1.0,II,80,0,,accept,2025-08-07 14:30:00,2025-08-08 07:19:00,E-0155,20260106T061500Z-QE24M
RI-25-01442,S-036,heat-treated parts,P-14292-A,L25-0666,,744,PO-463598,2025-08-10,"Z1.4 single, normal",J,1.0,II,80,2,hardness low,accept,2025-08-07 12:16:00,2025-08-07 14:34:00,E-0156,20260106T061500Z-QE24M
RI-25-01443,S-038,passivated parts,P-15382-A,L25-0674,,843,PO-441106,2025-08-09,"Z1.4 single, normal",J,1.0,II,80,0,,accept,2025-08-07 09:29:00,2025-08-07 22:17:00,E-0156,20260106T061500Z-QE24M
RI-25-01444,S-002,bar,1045 bar 31.75 mm,,MC-00942,93,PO-442967,2025-08-10,"Z1.4 single, normal",F,1.0,II,10,0,,accept,2025-08-08 14:59:00,2025-08-08 20:45:00,E-0156,20260106T061500Z-QE24M
RI-25-01445,S-009,bar,316 bar 31.75 mm,,MC-00943,42,PO-468769,2025-08-12,"Z1.4 single, normal",D,1.0,II,13,0,,accept,2025-08-08 09:57:00,2025-08-09 01:26:00,E-0156,20260106T061500Z-QE24M
RI-25-01446,S-022,plated parts,P-11126-A,L25-0671,,486,PO-482002,2025-08-10,"Z1.4 single, normal",H,1.0,II,50,2,adhesion,reject,2025-08-08 14:25:00,2025-08-09 07:56:00,E-0156,20260106T061500Z-QE24M
RI-25-01447,S-026,plated parts,P-18677-D,L25-0686,,1141,PO-417715,2025-08-10,"Z1.4 single, normal",J,1.0,II,80,0,,accept,2025-08-08 09:50:00,2025-08-09 17:40:00,E-0156,20260106T061500Z-QE24M
RI-25-01448,S-035,heat-treated parts,P-18293-A,L25-0694,,427,PO-440915,2025-08-10,"Z1.4 single, normal",H,1.0,II,50,0,,accept,2025-08-08 07:25:00,2025-08-08 08:41:00,E-0156,20260106T061500Z-QE24M
RI-25-01449,S-041,passivated parts,P-10798-C,L25-0683,,476,PO-458314,2025-08-12,"Z1.4 single, normal",H,1.0,II,50,2,free iron,reject,2025-08-08 07:39:00,2025-08-08 23:32:00,E-0156,20260106T061500Z-QE24M
RI-25-01450,S-048,anodized parts,P-11920-C,L25-0624,,5124,PO-457951,2025-08-11,"Z1.4 single, normal",L,1.0,II,200,2,color,accept,2025-08-08 09:00:00,2025-08-08 20:15:00,E-0156,20260106T061500Z-QE24M
RI-25-01451,S-051,casting,P-11584-A,,,320,PO-447022,2025-08-05,"Z1.4 single, normal",H,1.0,II,50,0,,accept,2025-08-10 07:18:00,2025-08-11 04:18:00,E-0155,20260106T061500Z-QE24M
RI-25-01452,S-003,bar,4140 bar 44.45 mm,,MC-00944,39,PO-424186,2025-08-14,"Z1.4 single, normal",D,1.0,II,13,0,,accept,2025-08-11 13:51:00,2025-08-12 18:40:00,E-0156,20260106T061500Z-QE24M
RI-25-01453,S-005,bar,8620 bar 19.05 mm,,MC-00945,106,PO-457824,2025-08-11,"Z1.4 single, normal",F,1.0,II,13,0,,accept,2025-08-11 09:16:00,2025-08-12 12:03:00,E-0155,20260106T061500Z-QE24M
RI-25-01454,S-014,bar,Ti-6Al-4V bar 38.1 mm,,MC-00946,76,PO-410194,2025-08-11,"Z1.4 single, normal",E,1.0,II,13,0,,accept,2025-08-11 13:55:00,2025-08-12 22:04:00,E-0156,20260106T061500Z-QE24M
RI-25-01455,S-015,plated parts,P-13563-A,L25-0705,,263,PO-422098,2025-08-13,"Z1.4 single, normal",G,1.0,II,50,0,,accept,2025-08-11 11:46:00,2025-08-11 23:19:00,E-0155,20260106T061500Z-QE24M
RI-25-01456,S-020,plated parts,P-12828-B,L25-0650,,1545,PO-489278,2025-08-13,"Z1.4 single, normal",K,1.0,II,125,2,staining,accept,2025-08-11 08:21:00,2025-08-11 16:07:00,E-0155,20260106T061500Z-QE24M
RI-25-01457,S-022,plated parts,P-10215-A,L25-0629,,873,PO-412201,2025-08-11,"Z1.4 single, normal",J,1.0,II,80,0,,accept,2025-08-11 12:44:00,2025-08-12 03:21:00,E-0156,20260106T061500Z-QE24M
RI-25-01458,S-023,plated parts,P-10536-A,L25-0688,,635,PO-496073,2025-08-13,"Z1.4 single, normal",J,1.0,II,32,0,,accept,2025-08-11 10:02:00,2025-08-13 03:01:00,E-0155,20260106T061500Z-QE24M
RI-25-01459,S-037,passivated parts,P-17509-D,L25-0704,,521,PO-434446,2025-08-11,"Z1.4 single, normal",J,1.0,II,56,1,staining,accept,2025-08-11 07:21:00,2025-08-12 20:44:00,E-0155,20260106T061500Z-QE24M
RI-25-01460,S-038,passivated parts,P-16219-B,L25-0679,,1200,PO-413709,2025-08-11,"Z1.4 single, normal",J,1.0,II,80,0,,accept,2025-08-11 08:06:00,2025-08-11 19:01:00,E-0155,20260106T061500Z-QE24M
RI-25-01461,S-039,passivated parts,P-12303-D,L25-0677,,838,PO-498399,2025-08-10,"Z1.4 single, normal",J,1.0,II,80,0,,accept,2025-08-11 12:53:00,2025-08-13 06:14:00,E-0155,20260106T061500Z-QE24M
RI-25-01462,S-040,passivated parts,P-11163-D,L25-0689,,2182,PO-452076,2025-08-15,"Z1.4 single, normal",K,1.0,II,125,1,staining,accept,2025-08-11 14:01:00,2025-08-13 09:17:00,E-0156,20260106T061500Z-QE24M
RI-25-01463,S-042,passivated parts,P-16234-A,L25-0693,,1037,PO-474052,2025-08-11,"Z1.4 single, normal",J,1.0,II,80,0,,accept,2025-08-11 13:44:00,2025-08-12 21:49:00,E-0155,20260106T061500Z-QE24M
RI-25-01464,S-044,passivated parts,P-12065-A,L25-0692,,1042,PO-492237,2025-08-15,"Z1.4 single, normal",J,1.0,II,80,2,staining,accept,2025-08-11 10:32:00,2025-08-13 05:59:00,E-0155,20260106T061500Z-QE24M
RI-25-01465,S-045,anodized parts,P-12023-C,L25-0628,,2659,PO-475119,2025-08-15,"Z1.4 single, normal",K,1.0,II,125,0,,accept,2025-08-11 09:16:00,2025-08-11 14:29:00,E-0156,20260106T061500Z-QE24M
RI-25-01466,S-048,anodized parts,P-12016-A,L25-0669,,868,PO-453247,2025-08-14,"Z1.4 single, normal",J,1.0,II,80,0,,accept,2025-08-11 12:14:00,2025-08-12 20:23:00,E-0156,20260106T061500Z-QE24M
RI-25-01467,S-054,casting,P-16524-A,,,160,PO-413466,2025-08-15,"Z1.4 single, normal",G,1.0,II,50,0,,accept,2025-08-11 11:57:00,2025-08-13 10:40:00,E-0155,20260106T061500Z-QE24M
RI-25-01468,S-004,bar,4140 bar 25.4 mm,,MC-00947,62,PO-400773,2025-08-16,"Z1.4 single, normal",E,1.0,II,13,0,,accept,2025-08-12 11:48:00,2025-08-13 22:30:00,E-0155,20260106T061500Z-QE24M
RI-25-01469,S-004,bar,4140 bar 44.45 mm,,MC-00948,51,PO-403236,2025-08-12,"Z1.4 single, normal",E,1.0,II,13,0,,accept,2025-08-12 11:56:00,2025-08-13 06:58:00,E-0155,20260106T061500Z-QE24M
RI-25-01470,S-024,plated parts,P-11045-A,L25-0685,,466,PO-438831,2025-08-14,"Z1.4 single, normal",H,1.0,II,50,1,adhesion,accept,2025-08-12 12:28:00,2025-08-13 08:42:00,E-0156,20260106T061500Z-QE24M
RI-25-01471,S-036,heat-treated parts,P-12925-A,L25-0707,,995,PO-430685,2025-08-16,"Z1.4 single, normal",J,1.0,II,80,0,,accept,2025-08-12 11:07:00,2025-08-13 20:52:00,E-0155,20260106T061500Z-QE24M
RI-25-01472,S-039,passivated parts,P-16150-B,L25-0698,,650,PO-409144,2025-08-06,"Z1.4 single, normal",J,1.0,II,55,0,,accept,2025-08-12 12:11:00,2025-08-12 13:09:00,E-0155,20260106T061500Z-QE24M
RI-25-01473,S-003,bar,4140 bar 25.4 mm,,MC-00952,86,PO-431125,2025-08-14,"Z1.4 single, normal",E,1.0,II,13,0,,accept,2025-08-13 11:50:00,2025-08-13 22:51:00,E-0156,20260106T061500Z-QE24M
RI-25-01474,S-004,bar,4140 bar 44.45 mm,,MC-00953,95,PO-496658,2025-08-16,"Z1.4 single, normal",F,1.0,II,9,0,,accept,2025-08-13 11:41:00,2025-08-13 22:48:00,E-0155,20260106T061500Z-QE24M
RI-25-01475,S-007,bar,303 bar 38.1 mm,,MC-00949,51,PO-488673,2025-08-13,"Z1.4 single, normal",E,1.0,II,13,1,straightness,accept,2025-08-13 12:00:00,2025-08-14 03:40:00,E-0156,20260106T061500Z-QE24M
RI-25-01476,S-007,bar,303 bar 50.8 mm,,MC-00950,94,PO-441805,2025-08-13,"Z1.4 single, normal",F,1.0,II,13,0,,accept,2025-08-13 12:57:00,2025-08-14 06:37:00,E-0156,20260106T061500Z-QE24M
RI-25-01477,S-010,bar,316 bar 38.1 mm,,MC-00951,44,PO-455546,2025-08-13,"Z1.4 single, normal",D,1.0,II,13,0,,accept,2025-08-13 09:14:00,2025-08-13 14:42:00,E-0156,20260106T061500Z-QE24M
RI-25-01478,S-018,plated parts,P-18106-D,L25-0710,,987,PO-436419,2025-08-16,"Z1.4 single, normal",J,1.0,II,80,0,,accept,2025-08-13 09:19:00,2025-08-13 20:09:00,E-0155,20260106T061500Z-QE24M
RI-25-01479,S-033,heat-treated parts,P-13458-B,L25-0719,,864,PO-472919,2025-08-13,"Z1.4 single, normal",J,1.0,II,80,0,,accept,2025-08-13 11:32:00,2025-08-13 15:13:00,E-0156,20260106T061500Z-QE24M
RI-25-01480,S-041,passivated parts,P-10632-C,L25-0714,,1076,PO-491960,2025-08-16,"Z1.4 single, normal",J,1.0,II,80,0,,accept,2025-08-13 09:01:00,2025-08-15 00:15:00,E-0155,20260106T061500Z-QE24M
RI-25-01481,S-042,passivated parts,P-11681-A,L25-0720,,645,PO-466479,2025-08-14,"Z1.4 single, normal",J,1.0,II,80,0,,accept,2025-08-13 07:50:00,2025-08-13 19:39:00,E-0155,20260106T061500Z-QE24M
RI-25-01482,S-003,bar,4140 bar 25.4 mm,,MC-00958,47,PO-462281,2025-08-14,"Z1.4 single, normal",D,1.0,II,13,0,,accept,2025-08-14 12:43:00,2025-08-15 12:42:00,E-0156,20260106T061500Z-QE24M
RI-25-01483,S-005,bar,8620 bar 31.75 mm,,MC-00959,64,PO-434172,2025-08-18,"Z1.4 single, normal",E,1.0,II,13,0,,accept,2025-08-14 08:32:00,2025-08-14 21:52:00,E-0156,20260106T061500Z-QE24M
RI-25-01484,S-006,bar,303 bar 19.05 mm,,MC-00954,103,PO-486951,2025-08-10,"Z1.4 single, normal",F,1.0,II,13,0,,accept,2025-08-14 07:07:00,2025-08-15 09:58:00,E-0155,20260106T061500Z-QE24M
RI-25-01485,S-007,bar,303 bar 38.1 mm,,MC-00955,57,PO-454727,2025-08-14,"Z1.4 single, normal",E,1.0,II,13,0,,accept,2025-08-14 10:44:00,2025-08-16 06:53:00,E-0156,20260106T061500Z-QE24M
RI-25-01486,S-008,bar,304 bar 38.1 mm,,MC-00956,51,PO-451283,2025-08-16,"Z1.4 single, normal",E,1.0,II,13,0,,accept,2025-08-14 10:27:00,2025-08-16 03:00:00,E-0156,20260106T061500Z-QE24M
RI-25-01487,S-010,bar,316 bar 38.1 mm,,MC-00957,50,PO-456200,2025-08-14,"Z1.4 single, normal",D,1.0,II,13,0,,accept,2025-08-14 09:03:00,2025-08-14 23:09:00,E-0156,20260106T061500Z-QE24M
RI-25-01488,S-026,plated parts,P-10518-D,L25-0697,,1185,PO-459674,2025-08-16,"Z1.4 single, normal",J,1.0,II,80,3,plating thickness,accept,2025-08-14 07:53:00,2025-08-15 23:45:00,E-0156,20260106T061500Z-QE24M
RI-25-01489,S-027,heat-treated parts,P-12878-C,L25-0725,,702,PO-483493,2025-08-12,"Z1.4 single, normal",J,1.0,II,80,2,hardness high,accept,2025-08-14 14:35:00,2025-08-14 17:22:00,E-0155,20260106T061500Z-QE24M
RI-25-01490,S-036,heat-treated parts,P-11490-A,L25-0701,,208,PO-461075,2025-08-16,"Z1.4 single, normal",G,1.0,II,50,0,,accept,2025-08-14 11:59:00,2025-08-16 11:06:00,E-0155,20260106T061500Z-QE24M
RI-25-01491,S-040,passivated parts,P-19433-A,L25-0722,,516,PO-473584,2025-08-14,"Z1.4 single, normal",J,1.0,II,80,0,,accept,2025-08-14 08:28:00,2025-08-14 22:45:00,E-0155,20260106T061500Z-QE24M
RI-25-01492,S-043,passivated parts,P-19271-A,L25-0702,,1210,PO-408811,2025-08-15,"Z1.4 single, normal",K,1.0,II,125,3,free iron,accept,2025-08-14 10:01:00,2025-08-15 10:53:00,E-0156,20260106T061500Z-QE24M
RI-25-01493,S-043,passivated parts,P-17559-B,L25-0709,,312,PO-420829,2025-08-16,"Z1.4 single, normal",H,1.0,II,50,2,free iron,reject,2025-08-14 09:55:00,2025-08-14 19:03:00,E-0156,20260106T061500Z-QE24M
RI-25-01494,S-044,passivated parts,P-15511-A,L25-0708,,749,PO-431626,2025-08-17,"Z1.4 single, normal",J,1.0,II,80,0,,accept,2025-08-14 09:11:00,2025-08-14 18:47:00,E-0155,20260106T061500Z-QE24M
RI-25-01495,S-055,casting,P-11373-D,,,440,PO-451518,2025-08-12,"Z1.4 single, normal",H,1.0,II,50,0,,accept,2025-08-14 09:35:00,2025-08-15 20:34:00,E-0155,20260106T061500Z-QE24M
RI-25-01496,S-055,casting,P-16715-A,,,130,PO-417016,2025-08-14,"Z1.4 single, normal",F,1.0,II,13,0,,accept,2025-08-14 10:46:00,2025-08-15 12:15:00,E-0155,20260106T061500Z-QE24M
RI-25-01497,S-003,bar,4140 bar 25.4 mm,,MC-00961,111,PO-465642,2025-08-18,"Z1.4 single, normal",F,1.0,II,13,0,,accept,2025-08-15 10:40:00,2025-08-15 17:08:00,E-0155,20260106T061500Z-QE24M
RI-25-01498,S-005,bar,8620 bar 31.75 mm,,MC-00963,116,PO-451526,2025-08-19,"Z1.4 single, normal",F,1.0,II,13,0,,accept,2025-08-15 12:52:00,2025-08-17 11:27:00,E-0155,20260106T061500Z-QE24M
RI-25-01499,S-008,bar,304 bar 38.1 mm,,MC-00960,31,PO-483037,2025-08-19,"Z1.4 single, normal",D,1.0,II,13,0,,accept,2025-08-15 09:19:00,2025-08-16 07:52:00,E-0156,20260106T061500Z-QE24M
RI-25-01500,S-013,bar,7075 bar 25.4 mm,,MC-00962,88,PO-459851,2025-08-16,"Z1.4 single, normal",E,1.0,II,13,0,,accept,2025-08-15 10:52:00,2025-08-17 07:32:00,E-0155,20260106T061500Z-QE24M
RI-25-01501,S-017,plated parts,P-13321-A,L25-0713,,850,PO-476448,2025-08-19,"Z1.4 single, normal",J,1.0,II,45,0,,accept,2025-08-15 10:32:00,2025-08-16 22:33:00,E-0156,20260106T061500Z-QE24M
RI-25-01502,S-024,plated parts,P-10599-C,L25-0695,,952,PO-407880,2025-08-11,"Z1.4 single, normal",J,1.0,II,80,0,,accept,2025-08-15 10:21:00,2025-08-15 16:07:00,E-0155,20260106T061500Z-QE24M
RI-25-01503,S-040,passivated parts,P-17974-C,L25-0625,,3487,PO-438175,2025-08-16,"Z1.4 single, normal",L,1.0,II,200,3,staining,accept,2025-08-15 12:14:00,2025-08-15 22:58:00,E-0156,20260106T061500Z-QE24M
RI-25-01504,S-040,passivated parts,P-17732-C,L25-0684,,1156,PO-459750,2025-08-14,"Z1.4 single, normal",J,1.0,II,80,0,,accept,2025-08-15 08:40:00,2025-08-16 12:11:00,E-0155,20260106T061500Z-QE24M
RI-25-01505,S-001,bar,1018 bar 19.05 mm,,MC-00964,96,PO-441337,2025-08-20,"Z1.4 single, normal",F,1.0,II,13,0,,accept,2025-08-18 08:46:00,2025-08-19 12:58:00,E-0155,20260106T061500Z-QE24M
RI-25-01506,S-003,bar,4140 bar 31.75 mm,,MC-00965,93,PO-482796,2025-08-19,"Z1.4 single, normal",F,1.0,II,13,0,,accept,2025-08-18 14:50:00,2025-08-20 14:42:00,E-0155,20260106T061500Z-QE24M
RI-25-01507,S-022,plated parts,P-18315-A,L25-0703,,1592,PO-496704,2025-08-20,"Z1.4 single, normal",K,1.0,II,125,1,blisters,accept,2025-08-18 13:28:00,2025-08-20 02:27:00,E-0155,20260106T061500Z-QE24M
RI-25-01508,S-024,plated parts,P-12489-A,L25-0661,,2044,PO-478159,2025-08-21,"Z1.4 single, normal",K,1.0,II,125,1,blisters,accept,2025-08-18 08:54:00,2025-08-18 09:26:00,E-0155,20260106T061500Z-QE24M
RI-25-01509,S-027,heat-treated parts,P-15035-A,L25-0727,,213,PO-400677,2025-08-10,"Z1.4 single, normal",G,1.0,II,32,0,,accept,2025-08-18 11:26:00,2025-08-19 16:29:00,E-0155,20260106T061500Z-QE24M
RI-25-01510,S-029,heat-treated parts,P-15156-A,L25-0711,,913,PO-459239,2025-08-22,"Z1.4 single, normal",J,1.0,II,80,0,,accept,2025-08-18 10:01:00,2025-08-20 05:24:00,E-0155,20260106T061500Z-QE24M
RI-25-01511,S-033,heat-treated parts,P-12861-C,L25-0699,,1595,PO-465660,2025-08-20,"Z1.4 single, normal",K,1.0,II,125,0,,accept,2025-08-18 13:11:00,2025-08-20 09:32:00,E-0155,20260106T061500Z-QE24M
RI-25-01512,S-036,heat-treated parts,P-13447-D,L25-0696,,1221,PO-490570,2025-08-20,"Z1.4 single, normal",K,1.0,II,125,0,,accept,2025-08-18 13:24:00,2025-08-20 03:42:00,E-0156,20260106T061500Z-QE24M
RI-25-01513,S-036,heat-treated parts,P-11413-A,L25-0706,,238,PO-427875,2025-08-22,"Z1.4 single, normal",G,1.0,II,50,0,,accept,2025-08-18 14:09:00,2025-08-20 06:52:00,E-0156,20260106T061500Z-QE24M
RI-25-01514,S-038,passivated parts,P-15949-A,L25-0667,,1602,PO-450593,2025-08-21,"Z1.4 single, normal",K,1.0,II,125,1,free iron,accept,2025-08-18 11:11:00,2025-08-20 06:19:00,E-0156,20260106T061500Z-QE24M
RI-25-01515,S-039,passivated parts,P-16727-A,L25-0730,,1101,PO-468964,2025-08-11,"Z1.4 single, normal",J,1.0,II,80,0,,accept,2025-08-18 07:44:00,2025-08-18 17:35:00,E-0155,20260106T061500Z-QE24M
RI-25-01516,S-039,passivated parts,P-19406-B,L25-0738,,947,PO-422695,2025-08-22,"Z1.4 single, normal",J,1.0,II,80,0,,accept,2025-08-18 09:15:00,2025-08-19 20:51:00,E-0155,20260106T061500Z-QE24M
RI-25-01517,S-040,passivated parts,P-16665-D,L25-0690,,1255,PO-494152,2025-08-22,"Z1.4 single, normal",K,1.0,II,125,1,free iron,accept,2025-08-18 12:28:00,2025-08-20 08:29:00,E-0155,20260106T061500Z-QE24M
RI-25-01518,S-042,passivated parts,P-17609-A,L25-0716,,456,PO-478390,2025-08-19,"Z1.4 single, normal",H,1.0,II,50,0,,accept,2025-08-18 13:29:00,2025-08-18 16:25:00,E-0156,20260106T061500Z-QE24M
RI-25-01519,S-042,passivated parts,P-12164-A,L25-0726,,312,PO-416950,2025-08-22,"Z1.4 single, normal",H,1.0,II,50,0,,accept,2025-08-18 09:10:00,2025-08-20 03:47:00,E-0156,20260106T061500Z-QE24M
RI-25-01520,S-048,anodized parts,P-17147-C,L25-0691,,1061,PO-418640,2025-08-19,"Z1.4 single, normal",J,1.0,II,80,0,,accept,2025-08-18 13:35:00,2025-08-19 13:21:00,E-0155,20260106T061500Z-QE24M
RI-25-01521,S-060,purchased components,threaded inserts,,,1013,PO-447415,2025-08-22,"Z1.4 single, normal",J,1.0,II,80,1,thread,accept,2025-08-18 07:14:00,2025-08-20 04:32:00,E-0156,20260106T061500Z-QE24M
RI-25-01522,S-003,bar,4140 bar 31.75 mm,,MC-00966,58,PO-407668,2025-08-23,"Z1.4 single, normal",E,1.0,II,13,0,,accept,2025-08-19 13:33:00,2025-08-21 12:54:00,E-0155,20260106T061500Z-QE24M
RI-25-01523,S-016,plated parts,P-18293-A,L25-0694,,427,PO-425877,2025-08-09,"Z1.4 single, normal",H,1.0,II,50,1,plating thickness,accept,2025-08-19 14:12:00,2025-08-20 10:35:00,E-0156,20260106T061500Z-QE24M
RI-25-01524,S-016,plated parts,P-16760-D,L25-0735,,655,PO-432366,2025-08-22,"Z1.4 single, normal",J,1.0,II,80,0,,accept,2025-08-19 12:56:00,2025-08-20 04:49:00,E-0156,20260106T061500Z-QE24M
RI-25-01525,S-035,heat-treated parts,P-18824-A,L25-0747,,590,PO-468984,2025-08-23,"Z1.4 single, normal",J,1.0,II,44,0,,accept,2025-08-19 13:15:00,2025-08-20 09:25:00,E-0155,20260106T061500Z-QE24M
RI-25-01526,S-037,passivated parts,P-16056-D,L25-0724,,828,PO-485927,2025-08-19,"Z1.4 single, normal",J,1.0,II,36,0,,accept,2025-08-19 09:11:00,2025-08-20 16:44:00,E-0155,20260106T061500Z-QE24M
RI-25-01527,S-037,passivated parts,P-19446-A,L25-0743,,1156,PO-432603,2025-08-19,"Z1.4 single, normal",J,1.0,II,80,1,staining,accept,2025-08-19 08:15:00,2025-08-21 05:19:00,E-0155,20260106T061500Z-QE24M
RI-25-01528,S-040,passivated parts,P-16209-A,L25-0737,,1617,PO-416811,2025-08-20,"Z1.4 single, normal",K,1.0,II,125,0,,accept,2025-08-19 10:54:00,2025-08-20 21:31:00,E-0156,20260106T061500Z-QE24M
RI-25-01529,S-043,passivated parts,P-16229-A,L25-0712,,2510,PO-459736,2025-08-09,"Z1.4 single, normal",K,1.0,II,125,3,staining,accept,2025-08-19 09:26:00,2025-08-20 00:52:00,E-0155,20260106T061500Z-QE24M
RI-25-01530,S-044,passivated parts,P-14524-A,L25-0717,,2490,PO-441860,2025-08-20,"Z1.4 single, normal",K,1.0,II,125,2,free iron,accept,2025-08-19 12:54:00,2025-08-20 06:11:00,E-0156,20260106T061500Z-QE24M
RI-25-01531,S-044,passivated parts,P-15347-C,L25-0745,,2272,PO-497165,2025-08-21,"Z1.4 single, normal",K,1.0,II,125,0,,accept,2025-08-19 07:55:00,2025-08-20 09:37:00,E-0155,20260106T061500Z-QE24M
RI-25-01532,S-057,purchased components,dowel pins,,,4900,PO-431937,2025-08-21,"Z1.4 single, normal",L,1.0,II,200,0,,accept,2025-08-19 09:41:00,2025-08-19 11:04:00,E-0156,20260106T061500Z-QE24M
RI-25-01533,S-004,bar,4140 bar 31.75 mm,,MC-00967,107,PO-493556,2025-08-20,"Z1.4 single, normal",F,1.0,II,13,0,,accept,2025-08-20 14:16:00,2025-08-21 09:41:00,E-0155,20260106T061500Z-QE24M
RI-25-01534,S-005,bar,8620 bar 25.4 mm,,MC-00969,67,PO-429527,2025-08-20,"Z1.4 single, normal",E,1.0,II,13,0,,accept,2025-08-20 09:56:00,2025-08-21 09:42:00,E-0155,20260106T061500Z-QE24M
RI-25-01535,S-012,bar,6061 bar 19.05 mm,,MC-00968,71,PO-406260,2025-08-21,"Z1.4 single, normal",E,1.0,II,13,0,,accept,2025-08-20 12:56:00,2025-08-20 15:40:00,E-0156,20260106T061500Z-QE24M
RI-25-01536,S-020,plated parts,P-10420-B,L25-0740,,392,PO-419720,2025-08-23,"Z1.4 single, normal",H,1.0,II,50,1,staining,accept,2025-08-20 07:11:00,2025-08-21 21:25:00,E-0155,20260106T061500Z-QE24M
RI-25-01537,S-024,plated parts,P-14292-A,L25-0666,,744,PO-477684,2025-08-21,"Z1.4 single, normal",J,1.0,II,80,0,,accept,2025-08-20 11:46:00,2025-08-21 00:09:00,E-0155,20260106T061500Z-QE24M
RI-25-01538,S-030,heat-treated parts,P-10304-A,L25-0749,,645,PO-400711,2025-08-21,"Z1.4 single, normal",J,1.0,II,33,0,,accept,2025-08-20 07:13:00,2025-08-21 19:44:00,E-0155,20260106T061500Z-QE24M
RI-25-01539,S-033,heat-treated parts,P-14928-A,L25-0723,,1552,PO-413146,2025-08-24,"Z1.4 single, normal",K,1.0,II,125,2,hardness low,accept,2025-08-20 12:18:00,2025-08-21 13:12:00,E-0155,20260106T061500Z-QE24M
RI-25-01540,S-036,heat-treated parts,P-13675-A,L25-0733,,1815,PO-456446,2025-08-21,"Z1.4 single, normal",K,1.0,II,125,1,distortion,accept,2025-08-20 11:46:00,2025-08-21 06:01:00,E-0155,20260106T061500Z-QE24M
RI-25-01541,S-048,anodized parts,P-13863-B,L25-0715,,1230,PO-436363,2025-08-20,"Z1.4 single, normal",K,1.0,II,125,0,,accept,2025-08-20 10:41:00,2025-08-21 13:27:00,E-0155,20260106T061500Z-QE24M
RI-25-01542,S-051,casting,P-16688-C,,,270,PO-483381,2025-08-20,"Z1.4 single, normal",G,1.0,II,50,0,,accept,2025-08-20 10:14:00,2025-08-21 12:22:00,E-0155,20260106T061500Z-QE24M
RI-25-01543,S-004,bar,4140 bar 38.1 mm,,MC-00970,25,PO-409470,2025-08-22,"Z1.4 single, normal",C,1.0,II,13,0,,accept,2025-08-21 08:42:00,2025-08-22 03:36:00,E-0156,20260106T061500Z-QE24M
RI-25-01544,S-029,heat-treated parts,P-17901-A,L25-0731,,1111,PO-415381,2025-08-22,"Z1.4 single, normal",J,1.0,II,80,0,,accept,2025-08-21 14:47:00,2025-08-22 11:19:00,E-0155,20260106T061500Z-QE24M
RI-25-01545,S-035,heat-treated parts,P-16863-B,L25-0750,,818,PO-490935,2025-08-25,"Z1.4 single, normal",J,1.0,II,80,0,,accept,2025-08-21 10:02:00,2025-08-22 03:36:00,E-0156,20260106T061500Z-QE24M
RI-25-01546,S-036,heat-treated parts,P-14992-A,L25-0721,,1706,PO-466969,2025-08-23,"Z1.4 single, normal",K,1.0,II,125,0,,accept,2025-08-21 12:35:00,2025-08-23 11:46:00,E-0156,20260106T061500Z-QE24M
RI-25-01547,S-038,passivated parts,P-19165-D,L25-0736,,551,PO-465708,2025-08-11,"Z1.4 single, normal",J,1.0,II,80,0,,accept,2025-08-21 12:50:00,2025-08-23 08:05:00,E-0155,20260106T061500Z-QE24M
RI-25-01548,S-042,passivated parts,P-16451-A,L25-0744,,2371,PO-454764,2025-08-24,"Z1.4 single, normal",K,1.0,II,125,0,,accept,2025-08-21 10:22:00,2025-08-21 17:53:00,E-0155,20260106T061500Z-QE24M
RI-25-01549,S-057,purchased components,retaining rings,,,1650,PO-474143,2025-08-23,"Z1.4 single, normal",K,1.0,II,125,0,,accept,2025-08-21 14:27:00,2025-08-23 03:17:00,E-0155,20260106T061500Z-QE24M
RI-25-01550,S-006,bar,303 bar 19.05 mm,,MC-00971,36,PO-473259,2025-08-25,"Z1.4 single, normal",D,1.0,II,13,0,,accept,2025-08-22 08:35:00,2025-08-22 23:40:00,E-0156,20260106T061500Z-QE24M
RI-25-01551,S-022,plated parts,P-11490-A,L25-0701,,208,PO-422669,2025-08-23,"Z1.4 single, normal",G,1.0,II,50,3,blisters,accept,2025-08-22 09:06:00,2025-08-24 01:00:00,E-0155,20260106T061500Z-QE24M
RI-25-01552,S-022,plated parts,P-12925-A,L25-0707,,995,PO-431970,2025-08-22,"Z1.4 single, normal",J,1.0,II,80,1,plating thickness,accept,2025-08-22 14:35:00,2025-08-23 06:24:00,E-0155,20260106T061500Z-QE24M
RI-25-01553,S-033,heat-treated parts,P-15211-C,L25-0742,,1473,PO-427451,2025-08-22,"Z1.4 single, normal",K,1.0,II,125,1,hardness high,accept,2025-08-22 10:40:00,2025-08-23 14:37:00,E-0156,20260106T061500Z-QE24M
RI-25-01554,S-035,heat-treated parts,P-11406-C,L25-0734,,1667,PO-456477,2025-08-26,"Z1.4 single, normal",K,1.0,II,125,0,,accept,2025-08-22 10:12:00,2025-08-23 00:16:00,E-0155,20260106T061500Z-QE24M
RI-25-01555,S-044,passivated parts,P-17741-A,L25-0729,,893,PO-420362,2025-08-26,"Z1.4 single, normal",J,1.0,II,80,0,,accept,2025-08-22 13:32:00,2025-08-22 15:44:00,E-0156,20260106T061500Z-QE24M
RI-25-01556,S-044,passivated parts,P-16180-A,L25-0751,,769,PO-499901,2025-08-25,"Z1.4 single, normal",J,1.0,II,80,0,,accept,2025-08-22 10:12:00,2025-08-23 17:53:00,E-0155,20260106T061500Z-QE24M
RI-25-01557,S-051,casting,P-16147-A,,,260,PO-466866,2025-08-22,"Z1.4 single, normal",G,1.0,II,50,0,,accept,2025-08-22 13:12:00,2025-08-23 21:52:00,E-0156,20260106T061500Z-QE24M
RI-25-01558,S-004,bar,4140 bar 31.75 mm,,MC-00975,54,PO-470882,2025-08-26,"Z1.4 single, normal",E,1.0,II,13,0,,accept,2025-08-25 14:20:00,2025-08-25 21:57:00,E-0156,20260106T061500Z-QE24M
RI-25-01559,S-005,bar,8620 bar 25.4 mm,,MC-01331,48,PO-425501,2025-08-27,"Z1.4 single, normal",D,1.0,II,13,0,,accept,2025-08-25 09:14:00,2025-08-25 21:07:00,E-0156,20260106T061500Z-QE24M
RI-25-01560,S-007,bar,303 bar 38.1 mm,,MC-00972,48,PO-437647,2025-08-25,"Z1.4 single, normal",D,1.0,II,13,0,,accept,2025-08-25 12:33:00,2025-08-26 23:57:00,E-0155,20260106T061500Z-QE24M
RI-25-01561,S-008,bar,304 bar 31.75 mm,,MC-00973,61,PO-453439,2025-08-26,"Z1.4 single, normal",E,1.0,II,13,0,,accept,2025-08-25 12:03:00,2025-08-25 17:42:00,E-0155,20260106T061500Z-QE24M
RI-25-01562,S-010,bar,316 bar 38.1 mm,,MC-00974,78,PO-483582,2025-08-26,"Z1.4 single, normal",E,1.0,II,13,0,,accept,2025-08-25 09:50:00,2025-08-26 20:51:00,E-0156,20260106T061500Z-QE24M
RI-25-01563,S-014,bar,Ti-6Al-4V bar 19.05 mm,,MC-00976,24,PO-427133,2025-08-25,"Z1.4 single, normal",C,1.0,II,13,1,surface seams,reject,2025-08-25 09:35:00,2025-08-25 10:31:00,E-0155,20260106T061500Z-QE24M
RI-25-01564,S-016,plated parts,P-13633-A,L25-0700,,4385,PO-448448,2025-08-27,"Z1.4 single, normal",L,1.0,II,200,0,,accept,2025-08-25 10:43:00,2025-08-26 17:08:00,E-0156,20260106T061500Z-QE24M
RI-25-01565,S-017,plated parts,P-13447-D,L25-0696,,1221,PO-445930,2025-08-29,"Z1.4 single, normal",K,1.0,II,125,3,adhesion,accept,2025-08-25 09:27:00,2025-08-26 09:43:00,E-0156,20260106T061500Z-QE24M
RI-25-01566,S-018,plated parts,P-14159-A,L25-0746,,253,PO-498015,2025-08-27,"Z1.4 single, normal",G,1.0,II,50,0,,accept,2025-08-25 11:21:00,2025-08-26 13:14:00,E-0155,20260106T061500Z-QE24M
RI-25-01567,S-024,plated parts,P-15156-A,L25-0711,,913,PO-450205,2025-08-25,"Z1.4 single, normal",J,1.0,II,80,0,,accept,2025-08-25 09:56:00,2025-08-25 19:57:00,E-0156,20260106T061500Z-QE24M
RI-25-01568,S-026,plated parts,P-12878-C,L25-0725,,702,PO-468615,2025-08-28,"Z1.4 single, normal",J,1.0,II,80,1,blisters,accept,2025-08-25 14:41:00,2025-08-25 23:02:00,E-0156,20260106T061500Z-QE24M
RI-25-01569,S-031,heat-treated parts,P-14421-C,L25-0732,,625,PO-410528,2025-08-16,"Z1.4 single, normal",J,1.0,II,80,0,,accept,2025-08-25 07:16:00,2025-08-27 01:14:00,E-0155,20260106T061500Z-QE24M
RI-25-01570,S-033,heat-treated parts,P-14108-A,L25-0757,,1830,PO-424825,2025-08-25,"Z1.4 single, normal",K,1.0,II,125,1,hardness low,accept,2025-08-25 11:09:00,2025-08-26 07:18:00,E-0156,20260106T061500Z-QE24M
RI-25-01571,S-033,heat-treated parts,P-14989-D,L25-0760,,1300,PO-403911,2025-08-29,"Z1.4 single, normal",K,1.0,II,125,0,,accept,2025-08-25 13:59:00,2025-08-25 18:42:00,E-0156,20260106T061500Z-QE24M
RI-25-01572,S-034,heat-treated parts,P-13797-A,L25-0758,,288,PO-402912,2025-08-28,"Z1.4 single, normal",H,1.0,II,50,0,,accept,2025-08-25 13:47:00,2025-08-27 00:18:00,E-0155,20260106T061500Z-QE24M
RI-25-01573,S-043,passivated parts,P-11625-A,L25-0741,,496,PO-457906,2025-08-15,"Z1.4 single, normal",H,1.0,II,32,0,,accept,2025-08-25 11:22:00,2025-08-26 00:27:00,E-0155,20260106T061500Z-QE24M
RI-25-01574,S-010,bar,316 bar 25.4 mm,,MC-00977,53,PO-468426,2025-08-26,"Z1.4 single, normal",E,1.0,II,13,0,,accept,2025-08-26 09:03:00,2025-08-27 10:16:00,E-0156,20260106T061500Z-QE24M
RI-25-01575,S-012,bar,6061 bar 38.1 mm,,MC-00978,30,PO-460681,2025-08-30,"Z1.4 single, normal",D,1.0,II,13,0,,accept,2025-08-26 08:20:00,2025-08-28 03:07:00,E-0156,20260106T061500Z-QE24M
RI-25-01576,S-017,plated parts,P-13458-B,L25-0719,,864,PO-444378,2025-08-28,"Z1.4 single, normal",J,1.0,II,80,1,staining,accept,2025-08-26 14:26:00,2025-08-27 09:37:00,E-0156,20260106T061500Z-QE24M
RI-25-01577,S-018,plated parts,P-12861-C,L25-0699,,1595,PO-443183,2025-08-30,"Z1.4 single, normal",K,1.0,II,125,0,,accept,2025-08-26 14:56:00,2025-08-27 13:27:00,E-0156,20260106T061500Z-QE24M
RI-25-01578,S-032,heat-treated parts,P-18180-D,L25-0753,,595,PO-476651,2025-08-27,"Z1.4 single, normal",J,1.0,II,80,2,hardness low,accept,2025-08-26 10:00:00,2025-08-28 03:06:00,E-0156,20260106T061500Z-QE24M
RI-25-01579,S-038,passivated parts,P-16567-A,L25-0718,,3551,PO-416330,2025-08-30,"Z1.4 single, normal",L,1.0,II,200,0,,accept,2025-08-26 14:23:00,2025-08-27 16:46:00,E-0155,20260106T061500Z-QE24M
RI-25-01580,S-044,passivated parts,P-12257-A,L25-0759,,704,PO-407085,2025-08-28,"Z1.4 single, normal",J,1.0,II,80,0,,accept,2025-08-26 08:14:00,2025-08-27 08:08:00,E-0156,20260106T061500Z-QE24M
RI-25-01581,S-044,passivated parts,P-19390-A,L25-0771,,972,PO-448188,2025-08-28,"Z1.4 single, normal",J,1.0,II,80,0,,accept,2025-08-26 14:10:00,2025-08-26 17:20:00,E-0156,20260106T061500Z-QE24M
RI-25-01582,S-009,bar,316 bar 25.4 mm,,MC-00979,69,PO-439051,2025-08-31,"Z1.4 single, normal",E,1.0,II,13,0,,accept,2025-08-27 10:45:00,2025-08-29 00:20:00,E-0156,20260106T061500Z-QE24M
RI-25-01583,S-014,bar,Ti-6Al-4V bar 19.05 mm,,MC-00980,33,PO-428326,2025-08-31,"Z1.4 single, normal",D,1.0,II,13,0,,accept,2025-08-27 07:25:00,2025-08-27 15:52:00,E-0156,20260106T061500Z-QE24M
RI-25-01584,S-017,plated parts,P-14966-D,L25-0754,,1285,PO-498217,2025-08-31,"Z1.4 single, normal",K,1.0,II,51,0,,accept,2025-08-27 14:22:00,2025-08-28 22:29:00,E-0155,20260106T061500Z-QE24M
RI-25-01585,S-017,plated parts,P-13350-A,L25-0756,,856,PO-471730,2025-08-30,"Z1.4 single, normal",J,1.0,II,80,0,,accept,2025-08-27 08:56:00,2025-08-29 05:08:00,E-0156,20260106T061500Z-QE24M
RI-25-01586,S-030,heat-treated parts,P-10184-A,L25-0768,,590,PO-424002,2025-08-31,"Z1.4 single, normal",J,1.0,II,80,1,hardness high,accept,2025-08-27 12:11:00,2025-08-28 02:18:00,E-0155,20260106T061500Z-QE24M
RI-25-01587,S-031,heat-treated parts,P-18035-B,L25-0755,,546,PO-415796,2025-08-23,"Z1.4 single, normal",J,1.0,II,80,2,hardness high,accept,2025-08-27 08:13:00,2025-08-29 05:05:00,E-0156,20260106T061500Z-QE24M
RI-25-01588,S-033,heat-treated parts,P-13328-A,L25-0739,,996,PO-459754,2025-08-27,"Z1.4 single, normal",J,1.0,II,80,0,,accept,2025-08-27 12:20:00,2025-08-28 17:33:00,E-0155,20260106T061500Z-QE24M
RI-25-01589,S-005,bar,8620 bar 19.05 mm,,MC-00981,50,PO-401425,2025-08-22,"Z1.4 single, normal",D,1.0,II,13,0,,accept,2025-08-28 12:36:00,2025-08-29 11:44:00,E-0156,20260106T061500Z-QE24M
RI-25-01590,S-023,plated parts,P-16863-B,L25-0750,,818,PO-444110,2025-08-29,"Z1.4 single, normal",J,1.0,II,80,1,blisters,accept,2025-08-28 10:24:00,2025-08-29 05:24:00,E-0155,20260106T061500Z-QE24M
RI-25-01591,S-026,plated parts,P-10304-A,L25-0749,,645,PO-419407,2025-08-30,"Z1.4 single, normal",J,1.0,II,80,0,,accept,2025-08-28 12:22:00,2025-08-30 12:05:00,E-0155,20260106T061500Z-QE24M
RI-25-01592,S-036,heat-treated parts,P-14117-A,L25-0765,,1066,PO-421860,2025-08-30,"Z1.4 single, normal",J,1.0,II,80,0,,accept,2025-08-28 14:11:00,2025-08-28 15:19:00,E-0155,20260106T061500Z-QE24M
RI-25-01593,S-041,passivated parts,P-10857-C,L25-0728,,3055,PO-421119,2025-09-01,"Z1.4 single, normal",K,1.0,II,68,3,staining,accept,2025-08-28 14:32:00,2025-08-30 00:35:00,E-0155,20260106T061500Z-QE24M
RI-25-01594,S-004,bar,4140 bar 44.45 mm,,MC-00983,106,PO-486242,2025-09-02,"Z1.4 single, normal",F,1.0,II,13,0,,accept,2025-08-29 08:04:00,2025-08-30 04:02:00,E-0155,20260106T061500Z-QE24M
RI-25-01595,S-005,bar,8620 bar 19.05 mm,,MC-00984,87,PO-487076,2025-08-29,"Z1.4 single, normal",E,1.0,II,13,0,,accept,2025-08-29 13:21:00,2025-08-29 15:12:00,E-0156,20260106T061500Z-QE24M
RI-25-01596,S-011,bar,17-4 bar 31.75 mm,,MC-00982,90,PO-466557,2025-09-01,"Z1.4 single, normal",E,1.0,II,13,0,,accept,2025-08-29 13:34:00,2025-08-31 13:23:00,E-0156,20260106T061500Z-QE24M
RI-25-01597,S-020,plated parts,P-15035-A,L25-0727,,213,PO-410051,2025-08-29,"Z1.4 single, normal",G,1.0,II,50,0,,accept,2025-08-29 09:26:00,2025-08-31 08:23:00,E-0155,20260106T061500Z-QE24M
RI-25-01598,S-030,heat-treated parts,P-11099-A,L25-0770,,471,PO-466836,2025-08-29,"Z1.4 single, normal",H,1.0,II,50,0,,accept,2025-08-29 11:20:00,2025-08-30 11:21:00,E-0156,20260106T061500Z-QE24M
RI-25-01599,S-042,passivated parts,P-17901-A,L25-0731,,1111,PO-405920,2025-08-31,"Z1.4 single, normal",J,1.0,II,80,0,,accept,2025-08-29 12:48:00,2025-08-31 05:26:00,E-0155,20260106T061500Z-QE24M
RI-25-01600,S-044,passivated parts,P-11173-A,L25-0763,,2406,PO-419126,2025-08-19,"Z1.4 single, normal",K,1.0,II,125,1,free iron,accept,2025-08-29 14:02:00,2025-08-30 15:01:00,E-0155,20260106T061500Z-QE24M
RI-25-01601,S-048,anodized parts,P-12016-A,L25-0752,,937,PO-406494,2025-08-29,"Z1.4 single, normal",J,1.0,II,80,0,,accept,2025-08-29 09:00:00,2025-08-30 18:31:00,E-0155,20260106T061500Z-QE24M
RI-25-01602,S-051,casting,P-11494-C,,,740,PO-425282,2025-09-01,"Z1.4 single, normal",J,1.0,II,80,0,,accept,2025-08-30 09:37:00,2025-08-30 23:56:00,E-0155,20260106T061500Z-QE24M
RI-25-01603,S-052,casting,P-11920-C,,,260,PO-447850,2025-09-03,"Z1.4 single, normal",G,1.0,II,50,1,porosity,accept,2025-08-31 14:20:00,2025-09-01 18:15:00,E-0156,20260106T061500Z-QE24M
RI-25-01604,S-002,bar,1045 bar 25.4 mm,,MC-00985,60,PO-474595,2025-08-27,"Z1.4 single, normal",E,1.0,II,13,0,,accept,2025-09-02 07:31:00,2025-09-03 06:27:00,E-0155,20260106T061500Z-QE24M
RI-25-01605,S-003,bar,4140 bar 25.4 mm,,MC-00988,49,PO-413873,2025-09-02,"Z1.4 single, normal",D,1.0,II,13,1,straightness,accept,2025-09-02 09:52:00,2025-09-03 23:44:00,E-0156,20260106T061500Z-QE24M
RI-25-01606,S-004,bar,4140 bar 44.45 mm,,MC-00989,66,PO-438940,2025-09-02,"Z1.4 single, normal",E,1.0,II,13,0,,accept,2025-09-02 08:08:00,2025-09-03 13:51:00,E-0155,20260106T061500Z-QE24M
RI-25-01607,S-008,bar,304 bar 31.75 mm,,MC-00986,104,PO-462792,2025-09-03,"Z1.4 single, normal",F,1.0,II,13,0,,accept,2025-09-02 07:41:00,2025-09-03 03:51:00,E-0155,20260106T061500Z-QE24M
RI-25-01608,S-008,bar,304 bar 38.1 mm,,MC-00987,83,PO-422482,2025-09-04,"Z1.4 single, normal",E,1.0,II,13,0,,accept,2025-09-02 11:57:00,2025-09-02 15:05:00,E-0155,20260106T061500Z-QE24M
RI-25-01609,S-017,plated parts,P-14992-A,L25-0721,,1706,PO-465992,2025-09-03,"Z1.4 single, normal",K,1.0,II,125,1,staining,accept,2025-09-02 12:00:00,2025-09-03 13:47:00,E-0155,20260106T061500Z-QE24M
RI-25-01610,S-017,plated parts,P-14928-A,L25-0723,,1552,PO-494080,2025-09-05,"Z1.4 single, normal",K,1.0,II,125,2,staining,accept,2025-09-02 14:37:00,2025-09-04 00:49:00,E-0156,20260106T061500Z-QE24M
RI-25-01611,S-020,plated parts,P-14421-C,L25-0732,,625,PO-415440,2025-09-03,"Z1.4 single, normal",J,1.0,II,80,0,,accept,2025-09-02 08:33:00,2025-09-02 22:12:00,E-0156,20260106T061500Z-QE24M
RI-25-01612,S-021,plated parts,P-11413-A,L25-0706,,238,PO-418512,2025-09-03,"Z1.4 single, normal",G,1.0,II,50,0,,accept,2025-09-02 13:19:00,2025-09-03 02:04:00,E-0156,20260106T061500Z-QE24M
RI-25-01613,S-023,plated parts,P-13675-A,L25-0733,,1815,PO-474458,2025-09-02,"Z1.4 single, normal",K,1.0,II,54,0,,accept,2025-09-02 08:52:00,2025-09-04 04:33:00,E-0156,20260106T061500Z-QE24M
RI-25-01614,S-025,plated parts,P-18824-A,L25-0747,,590,PO-497307,2025-09-03,"Z1.4 single, normal",J,1.0,II,80,1,adhesion,accept,2025-09-02 10:14:00,2025-09-03 15:45:00,E-0155,20260106T061500Z-QE24M
RI-25-01615,S-026,plated parts,P-15211-C,L25-0742,,1473,PO-447749,2025-09-05,"Z1.4 single, normal",K,1.0,II,125,0,,accept,2025-09-02 07:02:00,2025-09-02 21:18:00,E-0155,20260106T061500Z-QE24M
RI-25-01616,S-032,heat-treated parts,P-17937-B,L25-0761,,1205,PO-479544,2025-09-04,"Z1.4 single, normal",K,1.0,II,125,0,,accept,2025-09-02 10:37:00,2025-09-02 11:15:00,E-0156,20260106T061500Z-QE24M
RI-25-01617,S-033,heat-treated parts,P-14952-A,L25-0779,,1275,PO-474269,2025-09-02,"Z1.4 single, normal",K,1.0,II,125,0,,accept,2025-09-02 12:24:00,2025-09-03 17:31:00,E-0155,20260106T061500Z-QE24M
RI-25-01618,S-036,heat-treated parts,P-13483-A,L25-0790,,871,PO-469097,2025-09-05,"Z1.4 single, normal",J,1.0,II,80,0,,accept,2025-09-02 08:47:00,2025-09-03 09:58:00,E-0156,20260106T061500Z-QE24M
RI-25-01619,S-037,passivated parts,P-12188-A,L25-0762,,1354,PO-422971,2025-09-04,"Z1.4 single, normal",K,1.0,II,125,1,free iron,accept,2025-09-02 08:37:00,2025-09-02 15:50:00,E-0156,20260106T061500Z-QE24M
RI-25-01620,S-039,passivated parts,P-17672-D,L25-0775,,1557,PO-420983,2025-09-04,"Z1.4 single, normal",K,1.0,II,125,0,,accept,2025-09-02 09:47:00,2025-09-03 01:36:00,E-0156,20260106T061500Z-QE24M
RI-25-01621,S-040,passivated parts,P-17004-D,L25-0766,,992,PO-432041,2025-09-03,"Z1.4 single, normal",J,1.0,II,39,0,,accept,2025-09-02 11:55:00,2025-09-03 21:57:00,E-0155,20260106T061500Z-QE24M
RI-25-01622,S-042,passivated parts,P-19192-D,L25-0769,,546,PO-476584,2025-09-03,"Z1.4 single, normal",J,1.0,II,80,0,,accept,2025-09-02 09:45:00,2025-09-04 04:27:00,E-0156,20260106T061500Z-QE24M
RI-25-01623,S-048,anodized parts,P-11909-A,L25-0748,,1815,PO-465342,2025-09-02,"Z1.4 single, normal",K,1.0,II,73,0,,accept,2025-09-02 07:33:00,2025-09-03 07:33:00,E-0155,20260106T061500Z-QE24M
RI-25-01624,S-048,anodized parts,P-11950-A,L25-0767,,833,PO-435167,2025-09-04,"Z1.4 single, normal",J,1.0,II,80,0,,accept,2025-09-02 10:22:00,2025-09-03 12:04:00,E-0155,20260106T061500Z-QE24M
RI-25-01625,S-049,anodized parts,P-17153-C,L25-0774,,675,PO-466601,2025-09-02,"Z1.4 single, normal",J,1.0,II,80,0,,accept,2025-09-02 11:33:00,2025-09-02 15:09:00,E-0155,20260106T061500Z-QE24M
RI-25-01626,S-051,casting,P-16870-A,,,950,PO-478207,2025-09-05,"Z1.4 single, normal",J,1.0,II,80,1,porosity,accept,2025-09-02 09:40:00,2025-09-03 19:15:00,E-0156,20260106T061500Z-QE24M
RI-25-01627,S-055,casting,P-11033-A,,,260,PO-422350,2025-08-28,"Z1.4 single, normal",G,1.0,II,50,0,,accept,2025-09-02 08:50:00,2025-09-03 06:31:00,E-0156,20260106T061500Z-QE24M
RI-25-01628,S-055,casting,P-11584-A,,,480,PO-442950,2025-09-05,"Z1.4 single, normal",H,1.0,II,50,0,,accept,2025-09-02 07:39:00,2025-09-03 08:22:00,E-0155,20260106T061500Z-QE24M
RI-25-01629,S-057,purchased components,retaining rings,,,3600,PO-424895,2025-09-04,"Z1.4 single, normal",L,1.0,II,200,0,,accept,2025-09-02 12:56:00,2025-09-03 13:04:00,E-0156,20260106T061500Z-QE24M
RI-25-01630,S-002,bar,1045 bar 25.4 mm,,MC-00990,110,PO-455803,2025-09-04,"Z1.4 single, normal",F,1.0,II,13,0,,accept,2025-09-03 12:44:00,2025-09-04 05:50:00,E-0156,20260106T061500Z-QE24M
RI-25-01631,S-003,bar,4140 bar 44.45 mm,,MC-00991,51,PO-492631,2025-09-07,"Z1.4 single, normal",E,1.0,II,6,0,,accept,2025-09-03 11:21:00,2025-09-05 07:48:00,E-0155,20260106T061500Z-QE24M
RI-25-01632,S-013,bar,7075 bar 19.05 mm,,MC-00992,57,PO-402675,2025-09-05,"Z1.4 single, normal",E,1.0,II,13,0,,accept,2025-09-03 08:26:00,2025-09-04 22:10:00,E-0155,20260106T061500Z-QE24M
RI-25-01633,S-017,plated parts,P-13328-A,L25-0739,,996,PO-444073,2025-09-05,"Z1.4 single, normal",J,1.0,II,80,0,,accept,2025-09-03 08:22:00,2025-09-04 23:21:00,E-0155,20260106T061500Z-QE24M
RI-25-01634,S-023,plated parts,P-14108-A,L25-0757,,1830,PO-457488,2025-09-04,"Z1.4 single, normal",K,1.0,II,125,0,,accept,2025-09-03 08:39:00,2025-09-03 15:01:00,E-0155,20260106T061500Z-QE24M
RI-25-01635,S-027,heat-treated parts,P-13403-A,L25-0783,,826,PO-440097,2025-09-03,"Z1.4 single, normal",J,1.0,II,80,1,hardness high,accept,2025-09-03 10:34:00,2025-09-03 15:31:00,E-0156,20260106T061500Z-QE24M
RI-25-01636,S-039,passivated parts,P-17014-A,L25-0792,,992,PO-406327,2025-08-25,"Z1.4 single, normal",J,1.0,II,80,0,,accept,2025-09-03 11:12:00,2025-09-04 06:43:00,E-0155,20260106T061500Z-QE24M
RI-25-01637,S-040,passivated parts,P-17038-D,L25-0787,,992,PO-491703,2025-09-07,"Z1.4 single, normal",J,1.0,II,80,0,,accept,2025-09-03 13:20:00,2025-09-04 04:30:00,E-0155,20260106T061500Z-QE24M
RI-25-01638,S-041,passivated parts,P-10729-A,L25-0784,,1205,PO-442446,2025-09-04,"Z1.4 single, normal",K,1.0,II,125,5,staining,reject,2025-09-03 09:29:00,2025-09-03 10:55:00,E-0155,20260106T061500Z-QE24M
RI-25-01639,S-005,bar,8620 bar 31.75 mm,,MC-00994,61,PO-425710,2025-09-07,"Z1.4 single, normal",E,1.0,II,13,0,,accept,2025-09-04 10:13:00,2025-09-04 21:20:00,E-0155,20260106T061500Z-QE24M
RI-25-01640,S-007,bar,303 bar 50.8 mm,,MC-00993,37,PO-496570,2025-09-05,"Z1.4 single, normal",D,1.0,II,13,0,,accept,2025-09-04 12:51:00,2025-09-05 05:02:00,E-0155,20260106T061500Z-QE24M
RI-25-01641,S-021,plated parts,P-18180-D,L25-0753,,595,PO-495202,2025-09-05,"Z1.4 single, normal",J,1.0,II,80,0,,accept,2025-09-04 08:30:00,2025-09-04 10:25:00,E-0156,20260106T061500Z-QE24M
RI-25-01642,S-034,heat-treated parts,P-18143-B,L25-0778,,1210,PO-481933,2025-08-25,"Z1.4 single, normal",K,1.0,II,125,0,,accept,2025-09-04 09:59:00,2025-09-04 19:18:00,E-0155,20260106T061500Z-QE24M
RI-25-01643,S-039,passivated parts,P-14473-A,L25-0807,,1012,PO-464447,2025-08-27,"Z1.4 single, normal",J,1.0,II,80,0,,accept,2025-09-04 09:17:00,2025-09-05 02:38:00,E-0155,20260106T061500Z-QE24M
RI-25-01644,S-040,passivated parts,P-18988-B,L25-0788,,952,PO-438310,2025-09-07,"Z1.4 single, normal",J,1.0,II,80,2,staining,accept,2025-09-04 12:26:00,2025-09-06 05:00:00,E-0155,20260106T061500Z-QE24M
RI-25-01645,S-040,passivated parts,P-11320-D,L25-0791,,1151,PO-463119,2025-09-07,"Z1.4 single, normal",J,1.0,II,80,0,,accept,2025-09-04 12:02:00,2025-09-05 12:53:00,E-0156,20260106T061500Z-QE24M
RI-25-01646,S-044,passivated parts,P-16180-A,L25-0786,,779,PO-428583,2025-09-06,"Z1.4 single, normal",J,1.0,II,80,1,staining,accept,2025-09-04 08:02:00,2025-09-06 05:55:00,E-0156,20260106T061500Z-QE24M
RI-25-01647,S-045,anodized parts,P-17335-D,L25-0782,,283,PO-418696,2025-09-06,"Z1.4 single, normal",H,1.0,II,50,0,,accept,2025-09-04 12:32:00,2025-09-04 19:27:00,E-0155,20260106T061500Z-QE24M
RI-25-01648,S-051,casting,P-11099-A,,,550,PO-486755,2025-09-07,"Z1.4 single, normal",J,1.0,II,80,1,flash,accept,2025-09-04 08:34:00,2025-09-05 20:49:00,E-0156,20260106T061500Z-QE24M
RI-25-01649,S-055,casting,P-11072-B,,,1200,PO-408915,2025-09-07,"Z1.4 single, normal",J,1.0,II,80,1,porosity,accept,2025-09-04 12:12:00,2025-09-05 06:37:00,E-0156,20260106T061500Z-QE24M
RI-25-01650,S-003,bar,4140 bar 63.5 mm,,MC-00995,75,PO-447453,2025-08-30,"Z1.4 single, normal",E,1.0,II,13,1,diameter,accept,2025-09-05 14:44:00,2025-09-06 00:42:00,E-0155,20260106T061500Z-QE24M
RI-25-01651,S-018,plated parts,P-14103-B,L25-0776,,2455,PO-461258,2025-09-09,"Z1.4 single, normal",K,1.0,II,125,3,adhesion,accept,2025-09-05 12:26:00,2025-09-06 08:44:00,E-0155,20260106T061500Z-QE24M
RI-25-01652,S-031,heat-treated parts,P-17764-A,L25-0804,,694,PO-448467,2025-09-05,"Z1.4 single, normal",J,1.0,II,80,1,hardness high,accept,2025-09-05 07:39:00,2025-09-06 22:31:00,E-0155,20260106T061500Z-QE24M
RI-25-01653,S-034,heat-treated parts,P-12338-A,L25-0793,,1483,PO-479653,2025-08-30,"Z1.4 single, normal",K,1.0,II,75,0,,accept,2025-09-05 12:51:00,2025-09-05 20:09:00,E-0156,20260106T061500Z-QE24M
RI-25-01654,S-039,passivated parts,P-11167-D,L25-0795,,1091,PO-479977,2025-09-06,"Z1.4 single, normal",J,1.0,II,80,0,,accept,2025-09-05 12:37:00,2025-09-06 22:34:00,E-0155,20260106T061500Z-QE24M
RI-25-01655,S-042,passivated parts,P-15468-C,L25-0764,,2292,PO-473980,2025-09-06,"Z1.4 single, normal",K,1.0,II,125,0,,accept,2025-09-05 12:52:00,2025-09-06 00:28:00,E-0156,20260106T061500Z-QE24M
RI-25-01656,S-048,anodized parts,P-13948-B,L25-0796,,188,PO-480680,2025-09-06,"Z1.4 single, normal",G,1.0,II,50,0,,accept,2025-09-05 14:29:00,2025-09-06 00:51:00,E-0156,20260106T061500Z-QE24M
RI-25-01657,S-055,casting,P-16839-B,,,1210,PO-437715,2025-09-11,"Z1.4 single, normal",K,1.0,II,125,0,,accept,2025-09-07 12:08:00,2025-09-08 23:47:00,E-0155,20260106T061500Z-QE24M
RI-25-01658,S-001,bar,1018 bar 25.4 mm,,MC-00996,76,PO-424541,2025-09-12,"Z1.4 single, normal",E,1.0,II,13,0,,accept,2025-09-08 11:41:00,2025-09-09 04:32:00,E-0156,20260106T061500Z-QE24M
RI-25-01659,S-003,bar,4140 bar 63.5 mm,,MC-00999,73,PO-469469,2025-09-12,"Z1.4 single, normal",E,1.0,II,13,0,,accept,2025-09-08 11:56:00,2025-09-08 15:34:00,E-0156,20260106T061500Z-QE24M
RI-25-01660,S-004,bar,4140 bar 31.75 mm,,MC-00998,102,PO-451556,2025-09-09,"Z1.4 single, normal",F,1.0,II,13,0,,accept,2025-09-08 14:10:00,2025-09-09 20:31:00,E-0156,20260106T061500Z-QE24M
RI-25-01661,S-008,bar,304 bar 25.4 mm,,MC-01332,120,PO-480725,2025-09-10,"Z1.4 single, normal",F,1.0,II,13,0,,accept,2025-09-08 12:04:00,2025-09-09 14:26:00,E-0155,20260106T061500Z-QE24M
RI-25-01662,S-009,bar,316 bar 38.1 mm,,MC-00997,63,PO-486768,2025-09-11,"Z1.4 single, normal",E,1.0,II,13,0,,accept,2025-09-08 12:25:00,2025-09-09 00:07:00,E-0156,20260106T061500Z-QE24M
RI-25-01663,S-013,bar,7075 bar 50.8 mm,,MC-01000,48,PO-494721,2025-08-31,"Z1.4 single, normal",D,1.0,II,9,0,,accept,2025-09-08 12:35:00,2025-09-09 21:59:00,E-0155,20260106T061500Z-QE24M
RI-25-01664,S-017,plated parts,P-14989-D,L25-0760,,1300,PO-435493,2025-09-11,"Z1.4 single, normal",K,1.0,II,125,0,,accept,2025-09-08 08:59:00,2025-09-09 02:35:00,E-0156,20260106T061500Z-QE24M
RI-25-01665,S-017,plated parts,P-13483-A,L25-0790,,871,PO-406900,2025-09-08,"Z1.4 single, normal",J,1.0,II,80,1,blisters,accept,2025-09-08 13:23:00,2025-09-08 18:16:00,E-0156,20260106T061500Z-QE24M
RI-25-01666,S-020,plated parts,P-11406-C,L25-0734,,1667,PO-429722,2025-09-10,"Z1.4 single, normal",K,1.0,II,125,3,plating thickness,accept,2025-09-08 14:00:00,2025-09-09 20:07:00,E-0155,20260106T061500Z-QE24M
RI-25-01667,S-020,plated parts,P-18035-B,L25-0755,,546,PO-460398,2025-09-08,"Z1.4 single, normal",J,1.0,II,80,0,,accept,2025-09-08 09:32:00,2025-09-08 17:40:00,E-0156,20260106T061500Z-QE24M
RI-25-01668,S-022,plated parts,P-10184-A,L25-0768,,590,PO-476098,2025-09-11,"Z1.4 single, normal",J,1.0,II,80,1,adhesion,accept,2025-09-08 10:45:00,2025-09-09 08:35:00,E-0155,20260106T061500Z-QE24M
RI-25-01669,S-023,plated parts,P-14117-A,L25-0765,,1066,PO-411971,2025-09-11,"Z1.4 single, normal",J,1.0,II,80,0,,accept,2025-09-08 12:49:00,2025-09-09 12:35:00,E-0156,20260106T061500Z-QE24M
RI-25-01670,S-025,plated parts,P-13797-A,L25-0758,,288,PO-415930,2025-09-08,"Z1.4 single, normal",H,1.0,II,50,1,blisters,accept,2025-09-08 09:28:00,2025-09-09 22:06:00,E-0156,20260106T061500Z-QE24M
RI-25-01671,S-029,heat-treated parts,P-14300-D,L25-0800,,903,PO-465750,2025-09-12,"Z1.4 single, normal",J,1.0,II,80,1,distortion,accept,2025-09-08 07:56:00,2025-09-09 01:37:00,E-0156,20260106T061500Z-QE24M
RI-25-01672,S-036,heat-treated parts,P-14196-A,L25-0773,,1548,PO-476937,2025-09-10,"Z1.4 single, normal",K,1.0,II,125,0,,accept,2025-09-08 11:09:00,2025-09-09 00:27:00,E-0155,20260106T061500Z-QE24M
RI-25-01673,S-039,passivated parts,P-11282-A,L25-0785,,1071,PO-463139,2025-09-09,"Z1.4 single, normal",J,1.0,II,80,0,,accept,2025-09-08 09:11:00,2025-09-09 07:13:00,E-0156,20260106T061500Z-QE24M
RI-25-01674,S-039,passivated parts,P-16645-A,L25-0794,,833,PO-431670,2025-09-07,"Z1.4 single, normal",J,1.0,II,80,0,,accept,2025-09-08 07:24:00,2025-09-09 20:39:00,E-0155,20260106T061500Z-QE24M
RI-25-01675,S-040,passivated parts,P-15763-A,L25-0772,,1562,PO-492476,2025-09-08,"Z1.4 single, normal",K,1.0,II,125,0,,accept,2025-09-08 14:29:00,2025-09-09 03:35:00,E-0156,20260106T061500Z-QE24M
RI-25-01676,S-041,passivated parts,P-10711-C,L25-0806,,367,PO-430878,2025-09-09,"Z1.4 single, normal",H,1.0,II,50,1,free iron,accept,2025-09-08 07:06:00,2025-09-09 10:59:00,E-0156,20260106T061500Z-QE24M
RI-25-01677,S-042,passivated parts,P-16352-D,L25-0797,,1493,PO-426848,2025-09-08,"Z1.4 single, normal",K,1.0,II,125,0,,accept,2025-09-08 11:55:00,2025-09-10 10:51:00,E-0155,20260106T061500Z-QE24M
RI-25-01678,S-044,passivated parts,P-19209-C,L25-0801,,322,PO-400741,2025-09-12,"Z1.4 single, normal",H,1.0,II,50,0,,accept,2025-09-08 10:02:00,2025-09-09 05:36:00,E-0155,20260106T061500Z-QE24M
RI-25-01679,S-057,purchased components,threaded inserts,,,1050,PO-409858,2025-09-11,"Z1.4 single, normal",J,1.0,II,80,0,,accept,2025-09-08 14:24:00,2025-09-09 01:02:00,E-0156,20260106T061500Z-QE24M
RI-25-01680,S-001,bar,1018 bar 25.4 mm,,MC-01001,45,PO-456754,2025-09-10,"Z1.4 single, normal",D,1.0,II,13,0,,accept,2025-09-09 13:28:00,2025-09-10 13:09:00,E-0155,20260106T061500Z-QE24M
RI-25-01681,S-003,bar,4140 bar 31.75 mm,,MC-01333,115,PO-453583,2025-09-10,"Z1.4 single, normal",F,1.0,II,13,0,,accept,2025-09-09 11:35:00,2025-09-11 03:22:00,E-0156,20260106T061500Z-QE24M
RI-25-01682,S-007,bar,303 bar 50.8 mm,,MC-01002,91,PO-433541,2025-09-11,"Z1.4 single, normal",F,1.0,II,13,0,,accept,2025-09-09 13:55:00,2025-09-10 11:24:00,E-0155,20260106T061500Z-QE24M
RI-25-01683,S-016,plated parts,P-11099-A,L25-0770,,471,PO-484268,2025-09-13,"Z1.4 single, normal",H,1.0,II,50,0,,accept,2025-09-09 10:12:00,2025-09-09 15:44:00,E-0155,20260106T061500Z-QE24M
RI-25-01684,S-031,heat-treated parts,P-12328-A,L25-0816,,2371,PO-404811,2025-09-13,"Z1.4 single, normal",K,1.0,II,125,0,,accept,2025-09-09 09:59:00,2025-09-09 22:08:00,E-0155,20260106T061500Z-QE24M
RI-25-01685,S-051,casting,P-16953-D,,,570,PO-475118,2025-09-10,"Z1.4 single, normal",J,1.0,II,80,0,,accept,2025-09-09 07:09:00,2025-09-10 15:00:00,E-0155,20260106T061500Z-QE24M
RI-25-01686,S-005,bar,8620 bar 25.4 mm,,MC-01006,21,PO-475248,2025-09-11,"Z1.4 single, normal",C,1.0,II,13,0,,accept,2025-09-10 12:45:00,2025-09-11 08:37:00,E-0155,20260106T061500Z-QE24M
RI-25-01687,S-008,bar,304 bar 38.1 mm,,MC-01004,95,PO-420319,2025-09-13,"Z1.4 single, normal",F,1.0,II,13,0,,accept,2025-09-10 09:25:00,2025-09-11 12:43:00,E-0156,20260106T061500Z-QE24M
RI-25-01688,S-011,bar,17-4 bar 38.1 mm,,MC-01003,83,PO-441415,2025-09-01,"Z1.4 single, normal",E,1.0,II,13,0,,accept,2025-09-10 10:25:00,2025-09-10 17:24:00,E-0156,20260106T061500Z-QE24M
RI-25-01689,S-013,bar,7075 bar 25.4 mm,,MC-01005,88,PO-413264,2025-09-11,"Z1.4 single, normal",E,1.0,II,7,0,,accept,2025-09-10 07:14:00,2025-09-11 21:04:00,E-0156,20260106T061500Z-QE24M
RI-25-01690,S-017,plated parts,P-14918-A,L25-0798,,1552,PO-461553,2025-09-03,"Z1.4 single, normal",K,1.0,II,125,0,,accept,2025-09-10 09:01:00,2025-09-11 00:18:00,E-0156,20260106T061500Z-QE24M
RI-25-01691,S-021,plated parts,P-10407-A,L25-0824,,675,PO-487005,2025-09-13,"Z1.4 single, normal",J,1.0,II,39,0,,accept,2025-09-10 07:45:00,2025-09-11 07:02:00,E-0156,20260106T061500Z-QE24M
RI-25-01692,S-027,heat-treated parts,P-15200-C,L25-0809,,1409,PO-496155,2025-09-11,"Z1.4 single, normal",K,1.0,II,125,1,distortion,accept,2025-09-10 08:08:00,2025-09-11 13:19:00,E-0155,20260106T061500Z-QE24M
RI-25-01693,S-027,heat-treated parts,P-15261-A,L25-0813,,818,PO-429257,2025-09-14,"Z1.4 single, normal",J,1.0,II,80,0,,accept,2025-09-10 10:28:00,2025-09-11 19:53:00,E-0156,20260106T061500Z-QE24M
RI-25-01694,S-030,heat-treated parts,P-10967-A,L25-0799,,1215,PO-434902,2025-09-11,"Z1.4 single, normal",K,1.0,II,53,0,,accept,2025-09-10 09:25:00,2025-09-11 21:30:00,E-0156,20260106T061500Z-QE24M
RI-25-01695,S-036,heat-treated parts,P-14168-B,L25-0805,,888,PO-491187,2025-09-12,"Z1.4 single, normal",J,1.0,II,80,0,,accept,2025-09-10 13:34:00,2025-09-10 15:17:00,E-0156,20260106T061500Z-QE24M
RI-25-01696,S-039,passivated parts,P-11201-A,L25-0802,,1091,PO-454507,2025-09-11,"Z1.4 single, normal",J,1.0,II,80,2,staining,accept,2025-09-10 11:18:00,2025-09-11 04:00:00,E-0156,20260106T061500Z-QE24M
RI-25-01697,S-039,passivated parts,P-19461-D,L25-0818,,709,PO-473255,2025-09-14,"Z1.4 single, normal",J,1.0,II,80,3,free iron,reject,2025-09-10 07:21:00,2025-09-12 04:07:00,E-0156,20260106T061500Z-QE24M
RI-25-01698,S-050,anodized parts,P-13994-A,L25-0812,,367,PO-489167,2025-09-11,"Z1.4 single, normal",H,1.0,II,50,0,,accept,2025-09-10 09:33:00,2025-09-11 06:08:00,E-0156,20260106T061500Z-QE24M
RI-25-01699,S-054,casting,P-10497-B,,,290,PO-441897,2025-09-12,"Z1.4 single, normal",H,1.0,II,50,0,,accept,2025-09-10 14:40:00,2025-09-11 19:29:00,E-0155,20260106T061500Z-QE24M
RI-25-01700,S-055,casting,P-10518-D,,,310,PO-445825,2025-09-11,"Z1.4 single, normal",H,1.0,II,50,1,dimension,accept,2025-09-10 08:14:00,2025-09-10 09:26:00,E-0156,20260106T061500Z-QE24M
RI-25-01701,S-008,bar,304 bar 38.1 mm,,MC-01007,62,PO-485425,2025-09-11,"Z1.4 single, normal",E,1.0,II,13,0,,accept,2025-09-11 13:41:00,2025-09-12 08:14:00,E-0156,20260106T061500Z-QE24M
RI-25-01702,S-008,bar,304 bar 31.75 mm,,MC-01334,88,PO-420907,2025-09-14,"Z1.4 single, normal",E,1.0,II,13,1,diameter,reject,2025-09-11 13:55:00,2025-09-11 21:19:00,E-0155,20260106T061500Z-QE24M
RI-25-01703,S-017,plated parts,P-14952-A,L25-0779,,1275,PO-499200,2025-09-12,"Z1.4 single, normal",K,1.0,II,125,6,blisters,accept,2025-09-11 07:28:00,2025-09-11 15:07:00,E-0156,20260106T061500Z-QE24M
RI-25-01704,S-023,plated parts,P-10378-D,L25-0810,,759,PO-447503,2025-09-11,"Z1.4 single, normal",J,1.0,II,80,1,blisters,accept,2025-09-11 13:59:00,2025-09-12 06:22:00,E-0155,20260106T061500Z-QE24M
RI-25-01705,S-032,heat-treated parts,P-15181-A,L25-0826,,1637,PO-408807,2025-09-14,"Z1.4 single, normal",K,1.0,II,125,0,,accept,2025-09-11 10:19:00,2025-09-11 13:08:00,E-0156,20260106T061500Z-QE24M
RI-25-01706,S-034,heat-treated parts,P-12645-A,L25-0823,,1681,PO-436458,2025-09-12,"Z1.4 single, normal",K,1.0,II,125,0,,accept,2025-09-11 09:37:00,2025-09-12 20:16:00,E-0156,20260106T061500Z-QE24M
RI-25-01707,S-007,bar,303 bar 38.1 mm,,MC-01008,115,PO-449864,2025-09-13,"Z1.4 single, normal",F,1.0,II,13,0,,accept,2025-09-12 14:36:00,2025-09-13 03:19:00,E-0155,20260106T061500Z-QE24M
RI-25-01708,S-008,bar,304 bar 38.1 mm,,MC-01009,107,PO-471546,2025-09-16,"Z1.4 single, normal",F,1.0,II,13,0,,accept,2025-09-12 07:58:00,2025-09-12 20:57:00,E-0155,20260106T061500Z-QE24M
RI-25-01709,S-033,heat-treated parts,P-13502-C,L25-0815,,842,PO-492705,2025-09-15,"Z1.4 single, normal",J,1.0,II,80,0,,accept,2025-09-12 11:39:00,2025-09-14 09:17:00,E-0156,20260106T061500Z-QE24M
RI-25-01710,S-035,heat-treated parts,P-13174-A,L25-0808,,828,PO-405559,2025-09-09,"Z1.4 single, normal",J,1.0,II,80,0,,accept,2025-09-12 11:56:00,2025-09-13 23:48:00,E-0155,20260106T061500Z-QE24M
RI-25-01711,S-039,passivated parts,P-15489-A,L25-0822,,1141,PO-437618,2025-09-15,"Z1.4 single, normal",J,1.0,II,57,0,,accept,2025-09-12 10:12:00,2025-09-13 00:07:00,E-0155,20260106T061500Z-QE24M
RI-25-01712,S-051,casting,P-11871-A,,,470,PO-453586,2025-09-13,"Z1.4 single, normal",H,1.0,II,50,0,,accept,2025-09-13 08:22:00,2025-09-15 04:15:00,E-0156,20260106T061500Z-QE24M
RI-25-01713,S-055,casting,P-11745-D,,,1000,PO-442420,2025-09-15,"Z1.4 single, normal",J,1.0,II,80,0,,accept,2025-09-13 12:13:00,2025-09-13 15:52:00,E-0155,20260106T061500Z-QE24M
RI-25-01714,S-006,bar,303 bar 19.05 mm,,MC-01011,66,PO-466719,2025-09-17,"Z1.4 single, normal",E,1.0,II,13,0,,accept,2025-09-15 11:45:00,2025-09-16 03:37:00,E-0156,20260106T061500Z-QE24M
RI-25-01715,S-006,bar,303 bar 38.1 mm,,MC-01012,116,PO-430027,2025-09-12,"Z1.4 single, normal",F,1.0,II,13,0,,accept,2025-09-15 09:16:00,2025-09-15 21:50:00,E-0155,20260106T061500Z-QE24M
RI-25-01716,S-011,bar,17-4 bar 25.4 mm,,MC-01010,98,PO-476547,2025-09-16,"Z1.4 single, normal",F,1.0,II,13,0,,accept,2025-09-15 12:32:00,2025-09-16 16:48:00,E-0156,20260106T061500Z-QE24M
RI-25-01717,S-015,plated parts,P-18143-B,L25-0778,,1210,PO-446706,2025-09-19,"Z1.4 single, normal",K,1.0,II,125,0,,accept,2025-09-15 08:47:00,2025-09-16 00:26:00,E-0156,20260106T061500Z-QE24M
RI-25-01718,S-017,plated parts,P-13403-A,L25-0783,,826,PO-423073,2025-09-15,"Z1.4 single, normal",J,1.0,II,37,0,,accept,2025-09-15 14:27:00,2025-09-16 03:15:00,E-0155,20260106T061500Z-QE24M
RI-25-01719,S-020,plated parts,P-14196-A,L25-0773,,1548,PO-426832,2025-09-19,"Z1.4 single, normal",K,1.0,II,125,0,,accept,2025-09-15 07:10:00,2025-09-16 11:59:00,E-0156,20260106T061500Z-QE24M
RI-25-01720,S-027,heat-treated parts,P-18023-B,L25-0834,,575,PO-471151,2025-09-16,"Z1.4 single, normal",J,1.0,II,80,1,hardness low,accept,2025-09-15 07:03:00,2025-09-15 13:55:00,E-0156,20260106T061500Z-QE24M
RI-25-01721,S-030,heat-treated parts,P-10994-A,L25-0814,,531,PO-433257,2025-09-18,"Z1.4 single, normal",J,1.0,II,80,1,hardness low,accept,2025-09-15 08:17:00,2025-09-16 02:09:00,E-0156,20260106T061500Z-QE24M
RI-25-01722,S-033,heat-treated parts,P-14212-C,L25-0821,,823,PO-451326,2025-09-16,"Z1.4 single, normal",J,1.0,II,80,0,,accept,2025-09-15 14:34:00,2025-09-16 11:39:00,E-0156,20260106T061500Z-QE24M
RI-25-01723,S-034,heat-treated parts,P-12384-A,L25-0825,,476,PO-409629,2025-09-17,"Z1.4 single, normal",H,1.0,II,50,0,,accept,2025-09-15 14:22:00,2025-09-15 20:40:00,E-0156,20260106T061500Z-QE24M
RI-25-01724,S-038,passivated parts,P-12678-A,L25-0837,,838,PO-424374,2025-09-17,"Z1.4 single, normal",J,1.0,II,80,2,free iron,accept,2025-09-15 09:39:00,2025-09-16 12:25:00,E-0156,20260106T061500Z-QE24M
RI-25-01725,S-039,passivated parts,P-17937-B,L25-0761,,1205,PO-454715,2025-09-15,"Z1.4 single, normal",K,1.0,II,125,0,,accept,2025-09-15 10:20:00,2025-09-15 14:56:00,E-0155,20260106T061500Z-QE24M
RI-25-01726,S-043,passivated parts,P-14548-D,L25-0777,,3918,PO-400567,2025-09-18,"Z1.4 single, normal",L,1.0,II,200,1,staining,accept,2025-09-15 14:25:00,2025-09-17 04:32:00,E-0155,20260106T061500Z-QE24M
RI-25-01727,S-044,passivated parts,P-16180-A,L25-0830,,838,PO-454782,2025-09-19,"Z1.4 single, normal",J,1.0,II,80,0,,accept,2025-09-15 11:20:00,2025-09-17 05:43:00,E-0155,20260106T061500Z-QE24M
RI-25-01728,S-051,casting,P-10632-C,,,140,PO-474692,2025-09-17,"Z1.4 single, normal",F,1.0,II,13,0,,accept,2025-09-15 11:40:00,2025-09-16 12:09:00,E-0156,20260106T061500Z-QE24M
RI-25-01729,S-002,bar,1045 bar 38.1 mm,,MC-01335,98,PO-477051,2025-09-18,"Z1.4 single, normal",F,1.0,II,13,0,,accept,2025-09-16 13:48:00,2025-09-16 22:11:00,E-0156,20260106T061500Z-QE24M
RI-25-01730,S-003,bar,4140 bar 63.5 mm,,MC-01016,73,PO-403021,2025-09-16,"Z1.4 single, normal",E,1.0,II,13,0,,accept,2025-09-16 12:12:00,2025-09-18 07:22:00,E-0155,20260106T061500Z-QE24M
RI-25-01731,S-004,bar,4140 bar 38.1 mm,,MC-01015,30,PO-422637,2025-09-20,"Z1.4 single, normal",D,1.0,II,13,0,,accept,2025-09-16 13:30:00,2025-09-18 12:55:00,E-0155,20260106T061500Z-QE24M
RI-25-01732,S-007,bar,303 bar 19.05 mm,,MC-01014,61,PO-403706,2025-09-16,"Z1.4 single, normal",E,1.0,II,13,0,,accept,2025-09-16 10:38:00,2025-09-17 12:45:00,E-0155,20260106T061500Z-QE24M
RI-25-01733,S-011,bar,17-4 bar 31.75 mm,,MC-01013,96,PO-410324,2025-09-20,"Z1.4 single, normal",F,1.0,II,13,0,,accept,2025-09-16 13:20:00,2025-09-16 18:21:00,E-0156,20260106T061500Z-QE24M
RI-25-01734,S-018,plated parts,P-15200-C,L25-0809,,1409,PO-470131,2025-09-18,"Z1.4 single, normal",K,1.0,II,125,0,,accept,2025-09-16 07:13:00,2025-09-16 18:20:00,E-0155,20260106T061500Z-QE24M
RI-25-01735,S-025,plated parts,P-11494-C,L25-0819,,506,PO-424030,2025-09-12,"Z1.4 single, normal",J,1.0,II,80,0,,accept,2025-09-16 07:31:00,2025-09-17 12:03:00,E-0155,20260106T061500Z-QE24M
RI-25-01736,S-027,heat-treated parts,P-11584-A,L25-0789,,1810,PO-420610,2025-09-19,"Z1.4 single, normal",K,1.0,II,125,2,hardness high,accept,2025-09-16 10:38:00,2025-09-17 22:42:00,E-0156,20260106T061500Z-QE24M
RI-25-01737,S-027,heat-treated parts,P-13806-A,L25-0820,,1577,PO-460614,2025-09-18,"Z1.4 single, normal",K,1.0,II,125,0,,accept,2025-09-16 12:44:00,2025-09-17 22:13:00,E-0156,20260106T061500Z-QE24M
RI-25-01738,S-031,heat-treated parts,P-15009-A,L25-0827,,3199,PO-428777,2025-09-20,"Z1.4 single, normal",K,1.0,II,125,3,hardness high,accept,2025-09-16 13:56:00,2025-09-18 11:55:00,E-0155,20260106T061500Z-QE24M
RI-25-01739,S-040,passivated parts,P-17764-A,L25-0804,,694,PO-424827,2025-09-19,"Z1.4 single, normal",J,1.0,II,80,2,staining,accept,2025-09-16 12:41:00,2025-09-18 05:41:00,E-0155,20260106T061500Z-QE24M
RI-25-01740,S-048,anodized parts,P-17447-A,L25-0829,,2614,PO-461694,2025-09-18,"Z1.4 single, normal",K,1.0,II,64,0,,accept,2025-09-16 11:29:00,2025-09-17 03:47:00,E-0156,20260106T061500Z-QE24M
RI-25-01741,S-004,bar,4140 bar 38.1 mm,,MC-01019,99,PO-449375,2025-09-18,"Z1.4 single, normal",F,1.0,II,13,0,,accept,2025-09-17 10:27:00,2025-09-19 06:43:00,E-0155,20260106T061500Z-QE24M
RI-25-01742,S-009,bar,316 bar 25.4 mm,,MC-01018,103,PO-457840,2025-09-17,"Z1.4 single, normal",F,1.0,II,9,0,,accept,2025-09-17 09:51:00,2025-09-18 01:49:00,E-0155,20260106T061500Z-QE24M
RI-25-01743,S-011,bar,17-4 bar 31.75 mm,,MC-01017,50,PO-423099,2025-09-19,"Z1.4 single, normal",D,1.0,II,13,0,,accept,2025-09-17 08:14:00,2025-09-18 04:59:00,E-0155,20260106T061500Z-QE24M
RI-25-01744,S-018,plated parts,P-10567-A,L25-0843,,402,PO-464177,2025-09-21,"Z1.4 single, normal",H,1.0,II,50,0,,accept,2025-09-17 10:34:00,2025-09-18 05:30:00,E-0156,20260106T061500Z-QE24M
RI-25-01745,S-021,plated parts,P-13094-D,L25-0840,,853,PO-479210,2025-09-21,"Z1.4 single, normal",J,1.0,II,80,0,,accept,2025-09-17 11:35:00,2025-09-18 01:10:00,E-0155,20260106T061500Z-QE24M
RI-25-01746,S-025,plated parts,P-11354-C,L25-0847,,263,PO-400613,2025-09-18,"Z1.4 single, normal",G,1.0,II,50,0,,accept,2025-09-17 10:50:00,2025-09-18 02:27:00,E-0155,20260106T061500Z-QE24M
RI-25-01747,S-036,heat-treated parts,P-13380-B,L25-0844,,880,PO-416635,2025-09-16,"Z1.4 single, normal",J,1.0,II,80,0,,accept,2025-09-17 13:42:00,2025-09-18 07:10:00,E-0155,20260106T061500Z-QE24M
RI-25-01748,S-040,passivated parts,P-11163-D,L25-0849,,2182,PO-460031,2025-09-17,"Z1.4 single, normal",K,1.0,II,125,0,,accept,2025-09-17 12:31:00,2025-09-17 19:45:00,E-0155,20260106T061500Z-QE24M
RI-25-01749,S-055,casting,P-10607-C,,,480,PO-493164,2025-09-18,"Z1.4 single, normal",H,1.0,II,50,0,,accept,2025-09-17 09:05:00,2025-09-18 00:32:00,E-0155,20260106T061500Z-QE24M
RI-25-01750,S-013,bar,7075 bar 25.4 mm,,MC-01020,37,PO-483921,2025-09-22,"Z1.4 single, normal",D,1.0,II,13,0,,accept,2025-09-18 09:21:00,2025-09-18 21:08:00,E-0155,20260106T061500Z-QE24M
RI-25-01751,S-018,plated parts,P-12328-A,L25-0816,,2371,PO-477853,2025-09-19,"Z1.4 single, normal",K,1.0,II,125,1,plating thickness,accept,2025-09-18 08:53:00,2025-09-18 13:33:00,E-0156,20260106T061500Z-QE24M
RI-25-01752,S-018,plated parts,P-14103-B,L25-0817,,2624,PO-404703,2025-09-20,"Z1.4 single, normal",K,1.0,II,125,3,staining,accept,2025-09-18 10:46:00,2025-09-18 22:45:00,E-0155,20260106T061500Z-QE24M
RI-25-01753,S-023,plated parts,P-14300-D,L25-0800,,903,PO-457788,2025-09-21,"Z1.4 single, normal",J,1.0,II,48,1,staining,accept,2025-09-18 11:34:00,2025-09-18 22:34:00,E-0156,20260106T061500Z-QE24M
RI-25-01754,S-031,heat-treated parts,P-18327-D,L25-0852,,1468,PO-478198,2025-09-20,"Z1.4 single, normal",K,1.0,II,125,0,,accept,2025-09-18 12:31:00,2025-09-19 04:32:00,E-0155,20260106T061500Z-QE24M
RI-25-01755,S-033,heat-treated parts,P-12543-C,L25-0836,,913,PO-455219,2025-09-20,"Z1.4 single, normal",J,1.0,II,80,0,,accept,2025-09-18 12:54:00,2025-09-20 12:00:00,E-0155,20260106T061500Z-QE24M
RI-25-01756,S-036,heat-treated parts,P-13317-A,L25-0838,,982,PO-464089,2025-09-20,"Z1.4 single, normal",J,1.0,II,80,0,,accept,2025-09-18 12:32:00,2025-09-20 05:03:00,E-0156,20260106T061500Z-QE24M
RI-25-01757,S-040,passivated parts,P-16282-A,L25-0853,,962,PO-418980,2025-09-21,"Z1.4 single, normal",J,1.0,II,80,0,,accept,2025-09-18 13:23:00,2025-09-20 01:15:00,E-0155,20260106T061500Z-QE24M
RI-25-01758,S-043,passivated parts,P-11884-A,L25-0855,,213,PO-434279,2025-09-21,"Z1.4 single, normal",G,1.0,II,50,1,staining,accept,2025-09-18 13:56:00,2025-09-19 15:38:00,E-0155,20260106T061500Z-QE24M
RI-25-01759,S-058,purchased components,dowel pins,,,2150,PO-429119,2025-09-19,"Z1.4 single, normal",K,1.0,II,125,1,thread,accept,2025-09-18 13:08:00,2025-09-19 00:34:00,E-0155,20260106T061500Z-QE24M
RI-25-01760,S-008,bar,304 bar 25.4 mm,,MC-01021,27,PO-415213,2025-09-20,"Z1.4 single, normal",D,1.0,II,8,0,,accept,2025-09-19 11:02:00,2025-09-19 20:25:00,E-0155,20260106T061500Z-QE24M
RI-25-01761,S-008,bar,304 bar 31.75 mm,,MC-01022,111,PO-402473,2025-09-20,"Z1.4 single, normal",F,1.0,II,13,0,,accept,2025-09-19 07:27:00,2025-09-19 20:14:00,E-0155,20260106T061500Z-QE24M
RI-25-01762,S-016,plated parts,P-12558-A,L25-0839,,456,PO-469854,2025-09-19,"Z1.4 single, normal",H,1.0,II,50,0,,accept,2025-09-19 14:40:00,2025-09-19 18:15:00,E-0156,20260106T061500Z-QE24M
RI-25-01763,S-018,plated parts,P-10967-A,L25-0799,,1215,PO-402722,2025-09-21,"Z1.4 single, normal",K,1.0,II,125,0,,accept,2025-09-19 10:52:00,2025-09-20 07:21:00,E-0156,20260106T061500Z-QE24M
RI-25-01764,S-026,plated parts,P-12338-A,L25-0793,,1483,PO-490631,2025-09-19,"Z1.4 single, normal",K,1.0,II,125,0,,accept,2025-09-19 13:35:00,2025-09-20 21:43:00,E-0155,20260106T061500Z-QE24M
RI-25-01765,S-051,casting,P-10518-D,,,170,PO-477783,2025-09-22,"Z1.4 single, normal",G,1.0,II,50,1,dimension,accept,2025-09-19 12:36:00,2025-09-21 05:56:00,E-0156,20260106T061500Z-QE24M
RI-25-01766,S-058,purchased components,dowel pins,,,3250,PO-457497,2025-09-16,"Z1.4 single, normal",L,1.0,II,200,1,damage,accept,2025-09-19 13:31:00,2025-09-21 12:56:00,E-0156,20260106T061500Z-QE24M
RI-25-01767,S-001,bar,1018 bar 25.4 mm,,MC-01023,61,PO-436763,2025-09-25,"Z1.4 single, normal",E,1.0,II,8,0,,accept,2025-09-22 12:49:00,2025-09-23 01:44:00,E-0156,20260106T061500Z-QE24M
RI-25-01768,S-003,bar,4140 bar 44.45 mm,,MC-01027,75,PO-443842,2025-09-15,"Z1.4 single, normal",E,1.0,II,13,0,,accept,2025-09-22 11:42:00,2025-09-22 19:52:00,E-0155,20260106T061500Z-QE24M
RI-25-01769,S-004,bar,4140 bar 31.75 mm,,MC-01025,89,PO-475458,2025-09-26,"Z1.4 single, normal",E,1.0,II,13,0,,accept,2025-09-22 08:46:00,2025-09-22 13:12:00,E-0156,20260106T061500Z-QE24M
RI-25-01770,S-004,bar,4140 bar 38.1 mm,,MC-01026,106,PO-451636,2025-09-24,"Z1.4 single, normal",F,1.0,II,6,0,,accept,2025-09-22 11:42:00,2025-09-23 12:09:00,E-0156,20260106T061500Z-QE24M
RI-25-01771,S-006,bar,303 bar 50.8 mm,,MC-01024,74,PO-442046,2025-09-22,"Z1.4 single, normal",E,1.0,II,6,0,,accept,2025-09-22 07:56:00,2025-09-24 07:52:00,E-0156,20260106T061500Z-QE24M
RI-25-01772,S-017,plated parts,P-13431-A,L25-0870,,875,PO-473569,2025-09-23,"Z1.4 single, normal",J,1.0,II,80,2,staining,accept,2025-09-22 14:25:00,2025-09-23 10:17:00,E-0155,20260106T061500Z-QE24M
RI-25-01773,S-019,plated parts,P-18023-B,L25-0834,,575,PO-425753,2025-09-24,"Z1.4 single, normal",J,1.0,II,80,0,,accept,2025-09-22 11:14:00,2025-09-22 15:28:00,E-0156,20260106T061500Z-QE24M
RI-25-01774,S-020,plated parts,P-13174-A,L25-0808,,828,PO-487844,2025-09-25,"Z1.4 single, normal",J,1.0,II,80,2,staining,accept,2025-09-22 14:05:00,2025-09-22 20:58:00,E-0156,20260106T061500Z-QE24M
RI-25-01775,S-020,plated parts,P-10385-D,L25-0832,,1151,PO-436691,2025-09-22,"Z1.4 single, normal",J,1.0,II,80,0,,accept,2025-09-22 11:30:00,2025-09-23 11:41:00,E-0156,20260106T061500Z-QE24M
RI-25-01776,S-020,plated parts,P-12868-D,L25-0860,,643,PO-431742,2025-09-26,"Z1.4 single, normal",J,1.0,II,80,0,,accept,2025-09-22 08:08:00,2025-09-22 22:37:00,E-0155,20260106T061500Z-QE24M
RI-25-01777,S-022,plated parts,P-14168-B,L25-0805,,888,PO-497498,2025-09-26,"Z1.4 single, normal",J,1.0,II,80,0,,accept,2025-09-22 13:56:00,2025-09-22 21:57:00,E-0155,20260106T061500Z-QE24M
RI-25-01778,S-022,plated parts,P-16870-A,L25-0862,,303,PO-483917,2025-09-25,"Z1.4 single, normal",H,1.0,II,50,1,staining,accept,2025-09-22 10:31:00,2025-09-22 21:53:00,E-0155,20260106T061500Z-QE24M
RI-25-01779,S-023,plated parts,P-14350-D,L25-0828,,1409,PO-410660,2025-09-26,"Z1.4 single, normal",K,1.0,II,72,0,,accept,2025-09-22 12:01:00,2025-09-24 07:44:00,E-0156,20260106T061500Z-QE24M
RI-25-01780,S-033,heat-treated parts,P-14175-A,L25-0833,,804,PO-479831,2025-09-25,"Z1.4 single, normal",J,1.0,II,80,0,,accept,2025-09-22 07:01:00,2025-09-22 16:02:00,E-0156,20260106T061500Z-QE24M
RI-25-01781,S-033,heat-treated parts,P-13357-A,L25-0845,,1134,PO-413666,2025-09-24,"Z1.4 single, normal",J,1.0,II,80,0,,accept,2025-09-22 07:04:00,2025-09-23 04:27:00,E-0155,20260106T061500Z-QE24M
RI-25-01782,S-036,heat-treated parts,P-13307-B,L25-0867,,857,PO-413455,2025-09-25,"Z1.4 single, normal",J,1.0,II,80,1,hardness high,accept,2025-09-22 07:30:00,2025-09-23 02:15:00,E-0155,20260106T061500Z-QE24M
RI-25-01783,S-037,passivated parts,P-16183-C,L25-0876,,1190,PO-492306,2025-09-26,"Z1.4 single, normal",J,1.0,II,80,2,free iron,accept,2025-09-22 12:23:00,2025-09-23 08:53:00,E-0155,20260106T061500Z-QE24M
RI-25-01784,S-038,passivated parts,P-16571-D,L25-0842,,977,PO-463635,2025-09-15,"Z1.4 single, normal",J,1.0,II,80,0,,accept,2025-09-22 11:58:00,2025-09-24 08:09:00,E-0156,20260106T061500Z-QE24M
RI-25-01785,S-039,passivated parts,P-12645-A,L25-0823,,1681,PO-476966,2025-09-17,"Z1.4 single, normal",K,1.0,II,125,0,,accept,2025-09-22 14:32:00,2025-09-23 11:55:00,E-0156,20260106T061500Z-QE24M
RI-25-01786,S-042,passivated parts,P-11329-A,L25-0848,,1156,PO-488470,2025-09-25,"Z1.4 single, normal",J,1.0,II,80,0,,accept,2025-09-22 11:56:00,2025-09-24 08:34:00,E-0156,20260106T061500Z-QE24M
RI-25-01787,S-045,anodized parts,P-12023-C,L25-0780,,3026,PO-440046,2025-09-26,"Z1.4 single, normal",K,1.0,II,125,1,coating thickness,accept,2025-09-22 12:28:00,2025-09-23 17:08:00,E-0156,20260106T061500Z-QE24M
RI-25-01788,S-046,anodized parts,P-17225-C,L25-0831,,1210,PO-431834,2025-09-22,"Z1.4 single, normal",K,1.0,II,125,0,,accept,2025-09-22 07:32:00,2025-09-23 05:06:00,E-0155,20260106T061500Z-QE24M
RI-25-01789,S-046,anodized parts,P-17326-D,L25-0846,,1171,PO-429868,2025-09-23,"Z1.4 single, normal",J,1.0,II,59,1,color,accept,2025-09-22 13:17:00,2025-09-22 17:07:00,E-0155,20260106T061500Z-QE24M
RI-25-01790,S-048,anodized parts,P-11920-C,L25-0781,,4727,PO-479763,2025-09-23,"Z1.4 single, normal",L,1.0,II,121,0,,accept,2025-09-22 14:44:00,2025-09-23 18:54:00,E-0156,20260106T061500Z-QE24M
RI-25-01791,S-051,casting,P-10567-A,,,920,PO-496431,2025-09-15,"Z1.4 single, normal",J,1.0,II,80,1,flash,accept,2025-09-22 14:00:00,2025-09-23 14:01:00,E-0155,20260106T061500Z-QE24M
RI-25-01792,S-059,purchased components,threaded inserts,,,646,PO-495555,2025-09-26,"Z1.4 single, normal",J,1.0,II,80,1,thread,accept,2025-09-22 10:49:00,2025-09-23 11:56:00,E-0156,20260106T061500Z-QE24M
RI-25-01793,S-001,bar,1018 bar 25.4 mm,,MC-01028,27,PO-463668,2025-09-24,"Z1.4 single, normal",D,1.0,II,13,0,,accept,2025-09-23 10:07:00,2025-09-24 23:31:00,E-0155,20260106T061500Z-QE24M
RI-25-01794,S-008,bar,304 bar 38.1 mm,,MC-01029,30,PO-418446,2025-09-26,"Z1.4 single, normal",D,1.0,II,13,0,,accept,2025-09-23 12:57:00,2025-09-24 18:19:00,E-0156,20260106T061500Z-QE24M
RI-25-01795,S-010,bar,316 bar 25.4 mm,,MC-01030,30,PO-449617,2025-09-26,"Z1.4 single, normal",D,1.0,II,13,0,,accept,2025-09-23 08:16:00,2025-09-24 19:35:00,E-0156,20260106T061500Z-QE24M
RI-25-01796,S-017,plated parts,P-13380-B,L25-0844,,880,PO-420421,2025-09-25,"Z1.4 single, normal",J,1.0,II,46,0,,accept,2025-09-23 09:16:00,2025-09-24 10:16:00,E-0155,20260106T061500Z-QE24M
RI-25-01797,S-022,plated parts,P-11584-A,L25-0789,,1810,PO-431401,2025-09-23,"Z1.4 single, normal",K,1.0,II,125,0,,accept,2025-09-23 10:06:00,2025-09-23 17:01:00,E-0156,20260106T061500Z-QE24M
RI-25-01798,S-029,heat-treated parts,P-13648-A,L25-0841,,2554,PO-487448,2025-09-26,"Z1.4 single, normal",K,1.0,II,125,0,,accept,2025-09-23 10:49:00,2025-09-24 14:09:00,E-0155,20260106T061500Z-QE24M
RI-25-01799,S-037,passivated parts,P-16596-C,L25-0856,,342,PO-463582,2025-09-27,"Z1.4 single, normal",H,1.0,II,50,0,,accept,2025-09-23 09:13:00,2025-09-23 20:41:00,E-0155,20260106T061500Z-QE24M
RI-25-01800,S-042,passivated parts,P-14872-A,L25-0871,,486,PO-402786,2025-09-24,"Z1.4 single, normal",H,1.0,II,50,0,,accept,2025-09-23 08:43:00,2025-09-23 11:37:00,E-0156,20260106T061500Z-QE24M
RI-25-01801,S-045,anodized parts,P-11962-A,L25-0858,,481,PO-429761,2025-09-25,"Z1.4 single, normal",H,1.0,II,50,3,color,reject,2025-09-23 11:31:00,2025-09-24 15:24:00,E-0155,20260106T061500Z-QE24M
RI-25-01802,S-055,casting,P-11847-D,,,390,PO-448774,2025-09-16,"Z1.4 single, normal",H,1.0,II,50,0,,accept,2025-09-23 07:53:00,2025-09-24 22:28:00,E-0156,20260106T061500Z-QE24M
RI-25-01803,S-005,bar,8620 bar 19.05 mm,,MC-01034,115,PO-481888,2025-09-26,"Z1.4 single, normal",F,1.0,II,13,0,,accept,2025-09-24 08:54:00,2025-09-25 03:27:00,E-0156,20260106T061500Z-QE24M
RI-25-01804,S-005,bar,8620 bar 25.4 mm,,MC-01035,58,PO-429436,2025-09-18,"Z1.4 single, normal",E,1.0,II,13,0,,accept,2025-09-24 07:24:00,2025-09-25 22:00:00,E-0156,20260106T061500Z-QE24M
RI-25-01805,S-009,bar,316 bar 31.75 mm,,MC-01032,93,PO-448437,2025-09-24,"Z1.4 single, normal",F,1.0,II,13,0,,accept,2025-09-24 07:32:00,2025-09-24 10:51:00,E-0155,20260106T061500Z-QE24M
RI-25-01806,S-010,bar,316 bar 25.4 mm,,MC-01031,77,PO-457884,2025-09-26,"Z1.4 single, normal",E,1.0,II,13,0,,accept,2025-09-24 09:37:00,2025-09-26 00:40:00,E-0156,20260106T061500Z-QE24M
RI-25-01807,S-012,bar,6061 bar 19.05 mm,,MC-01033,119,PO-408850,2025-09-24,"Z1.4 single, normal",F,1.0,II,13,0,,accept,2025-09-24 14:05:00,2025-09-25 14:16:00,E-0156,20260106T061500Z-QE24M
RI-25-01808,S-015,plated parts,P-15181-A,L25-0826,,1637,PO-421112,2025-09-26,"Z1.4 single, normal",K,1.0,II,125,1,adhesion,accept,2025-09-24 09:50:00,2025-09-25 14:19:00,E-0156,20260106T061500Z-QE24M
RI-25-01809,S-016,plated parts,P-13806-A,L25-0820,,1577,PO-461977,2025-09-19,"Z1.4 single, normal",K,1.0,II,125,3,blisters,accept,2025-09-24 09:26:00,2025-09-25 14:10:00,E-0156,20260106T061500Z-QE24M
RI-25-01810,S-018,plated parts,P-10574-A,L25-0851,,1354,PO-455532,2025-09-25,"Z1.4 single, normal",K,1.0,II,125,0,,accept,2025-09-24 10:06:00,2025-09-24 13:07:00,E-0156,20260106T061500Z-QE24M
RI-25-01811,S-037,passivated parts,P-16272-A,L25-0881,,655,PO-496388,2025-09-27,"Z1.4 single, normal",J,1.0,II,52,0,,accept,2025-09-24 08:57:00,2025-09-26 05:45:00,E-0156,20260106T061500Z-QE24M
RI-25-01812,S-039,passivated parts,P-16001-D,L25-0880,,1399,PO-460775,2025-09-28,"Z1.4 single, normal",K,1.0,II,125,0,,accept,2025-09-24 09:52:00,2025-09-24 16:00:00,E-0155,20260106T061500Z-QE24M
RI-25-01813,S-046,anodized parts,P-17096-D,L25-0877,,486,PO-444089,2025-09-27,"Z1.4 single, normal",H,1.0,II,50,0,,accept,2025-09-24 13:23:00,2025-09-24 14:11:00,E-0155,20260106T061500Z-QE24M
RI-25-01814,S-005,bar,8620 bar 19.05 mm,,MC-01037,55,PO-498277,2025-09-25,"Z1.4 single, normal",E,1.0,II,13,0,,accept,2025-09-25 13:09:00,2025-09-26 02:36:00,E-0156,20260106T061500Z-QE24M
RI-25-01815,S-009,bar,316 bar 31.75 mm,,MC-01036,106,PO-420029,2025-09-27,"Z1.4 single, normal",F,1.0,II,13,0,,accept,2025-09-25 10:12:00,2025-09-25 11:35:00,E-0155,20260106T061500Z-QE24M
RI-25-01816,S-018,plated parts,P-15009-A,L25-0827,,3199,PO-499197,2025-09-26,"Z1.4 single, normal",K,1.0,II,125,2,staining,accept,2025-09-25 12:14:00,2025-09-26 00:21:00,E-0156,20260106T061500Z-QE24M
RI-25-01817,S-033,heat-treated parts,P-15057-A,L25-0865,,1513,PO-463263,2025-09-28,"Z1.4 single, normal",K,1.0,II,125,1,hardness high,accept,2025-09-25 10:29:00,2025-09-26 21:30:00,E-0156,20260106T061500Z-QE24M
RI-25-01818,S-033,heat-treated parts,P-12972-A,L25-0889,,1060,PO-451104,2025-09-26,"Z1.4 single, normal",J,1.0,II,80,0,,accept,2025-09-25 13:13:00,2025-09-25 19:21:00,E-0155,20260106T061500Z-QE24M
RI-25-01819,S-033,heat-treated parts,P-15234-A,L25-1194,,655,PO-440446,2025-09-29,"Z1.4 single, normal",J,1.0,II,48,0,,accept,2025-09-25 13:18:00,2025-09-25 14:55:00,E-0155,20260106T061500Z-QE24M
RI-25-01820,S-048,anodized parts,P-11909-A,L25-0863,,1721,PO-486780,2025-09-26,"Z1.4 single, normal",K,1.0,II,125,0,,accept,2025-09-25 09:42:00,2025-09-25 19:57:00,E-0155,20260106T061500Z-QE24M
RI-25-01821,S-053,casting,P-11406-C,,,260,PO-415113,2025-09-25,"Z1.4 single, normal",G,1.0,II,23,0,,accept,2025-09-25 11:07:00,2025-09-26 13:07:00,E-0155,20260106T061500Z-QE24M
RI-25-01822,S-053,casting,P-16616-D,,,810,PO-481292,2025-09-26,"Z1.4 single, normal",J,1.0,II,80,4,dimension,accept,2025-09-25 07:49:00,2025-09-26 08:00:00,E-0155,20260106T061500Z-QE24M
RI-25-01823,S-004,bar,4140 bar 44.45 mm,,MC-01039,25,PO-446564,2025-09-26,"Z1.4 single, normal",C,1.0,II,5,0,,accept,2025-09-26 07:38:00,2025-09-28 02:26:00,E-0156,20260106T061500Z-QE24M
RI-25-01824,S-005,bar,8620 bar 19.05 mm,,MC-01040,72,PO-413382,2025-09-26,"Z1.4 single, normal",E,1.0,II,13,0,,accept,2025-09-26 13:34:00,2025-09-27 09:59:00,E-0156,20260106T061500Z-QE24M
RI-25-01825,S-009,bar,316 bar 31.75 mm,,MC-01038,27,PO-458201,2025-09-28,"Z1.4 single, normal",D,1.0,II,13,0,,accept,2025-09-26 10:20:00,2025-09-28 07:38:00,E-0156,20260106T061500Z-QE24M
RI-25-01826,S-017,plated parts,P-13502-C,L25-0815,,842,PO-487851,2025-09-29,"Z1.4 single, normal",J,1.0,II,47,1,staining,accept,2025-09-26 09:45:00,2025-09-27 12:33:00,E-0155,20260106T061500Z-QE24M
RI-25-01827,S-023,plated parts,P-14212-C,L25-0821,,823,PO-436911,2025-09-29,"Z1.4 single, normal",J,1.0,II,80,0,,accept,2025-09-26 13:31:00,2025-09-27 12:57:00,E-0155,20260106T061500Z-QE24M
RI-25-01828,S-026,plated parts,P-12384-A,L25-0825,,476,PO-451610,2025-09-26,"Z1.4 single, normal",H,1.0,II,30,0,,accept,2025-09-26 09:50:00,2025-09-26 16:22:00,E-0155,20260106T061500Z-QE24M
RI-25-01829,S-040,passivated parts,P-14773-A,L25-0872,,987,PO-440591,2025-09-28,"Z1.4 single, normal",J,1.0,II,80,1,staining,accept,2025-09-26 13:25:00,2025-09-28 02:21:00,E-0156,20260106T061500Z-QE24M
RI-25-01830,S-042,passivated parts,P-18958-C,L25-1193,,813,PO-432108,2025-09-28,"Z1.4 single, normal",J,1.0,II,80,0,,accept,2025-09-26 10:57:00,2025-09-27 14:37:00,E-0155,20260106T061500Z-QE24M
RI-25-01831,S-044,passivated parts,P-11301-A,L25-0875,,1111,PO-481891,2025-09-26,"Z1.4 single, normal",J,1.0,II,80,0,,accept,2025-09-26 10:31:00,2025-09-26 13:08:00,E-0156,20260106T061500Z-QE24M
RI-25-01832,S-058,purchased components,O-rings,,,950,PO-468349,2025-09-16,"Z1.4 single, normal",J,1.0,II,80,0,,accept,2025-09-26 12:37:00,2025-09-26 22:56:00,E-0155,20260106T061500Z-QE24M
RI-25-01833,S-054,casting,P-10373-C,,,850,PO-474077,2025-09-30,"Z1.4 single, normal",J,1.0,II,80,0,,accept,2025-09-27 12:09:00,2025-09-28 21:33:00,E-0156,20260106T061500Z-QE24M
RI-25-01834,S-002,bar,1045 bar 25.4 mm,,MC-01041,112,PO-470838,2025-09-30,"Z1.4 single, normal",F,1.0,II,5,0,,accept,2025-09-29 11:04:00,2025-09-30 12:22:00,E-0155,20260106T061500Z-QE24M
RI-25-01835,S-004,bar,4140 bar 25.4 mm,,MC-01043,118,PO-492017,2025-09-30,"Z1.4 single, normal",F,1.0,II,13,0,,accept,2025-09-29 11:33:00,2025-09-30 15:12:00,E-0156,20260106T061500Z-QE24M
RI-25-01836,S-004,bar,4140 bar 44.45 mm,,MC-01044,39,PO-462560,2025-10-01,"Z1.4 single, normal",D,1.0,II,13,0,,accept,2025-09-29 11:59:00,2025-10-01 09:21:00,E-0155,20260106T061500Z-QE24M
RI-25-01837,S-005,bar,8620 bar 31.75 mm,,MC-01045,71,PO-415003,2025-10-02,"Z1.4 single, normal",E,1.0,II,13,0,,accept,2025-09-29 07:19:00,2025-10-01 01:39:00,E-0155,20260106T061500Z-QE24M
RI-25-01838,S-006,bar,303 bar 50.8 mm,,MC-01042,72,PO-490229,2025-09-30,"Z1.4 single, normal",E,1.0,II,13,0,,accept,2025-09-29 13:56:00,2025-09-30 05:44:00,E-0156,20260106T061500Z-QE24M
RI-25-01839,S-016,plated parts,P-18327-D,L25-0852,,1468,PO-445246,2025-10-02,"Z1.4 single, normal",K,1.0,II,125,0,,accept,2025-09-29 07:30:00,2025-09-30 21:18:00,E-0155,20260106T061500Z-QE24M
RI-25-01840,S-017,plated parts,P-13317-A,L25-0838,,982,PO-457546,2025-10-01,"Z1.4 single, normal",J,1.0,II,80,1,staining,accept,2025-09-29 12:24:00,2025-09-30 03:39:00,E-0156,20260106T061500Z-QE24M
RI-25-01841,S-017,plated parts,P-13357-A,L25-0845,,1134,PO-465569,2025-10-03,"Z1.4 single, normal",J,1.0,II,80,1,adhesion,accept,2025-09-29 11:23:00,2025-09-29 15:15:00,E-0156,20260106T061500Z-QE24M
RI-25-01842,S-021,plated parts,P-18620-A,L25-0869,,908,PO-474570,2025-10-01,"Z1.4 single, normal",J,1.0,II,80,2,adhesion,accept,2025-09-29 07:25:00,2025-10-01 03:22:00,E-0155,20260106T061500Z-QE24M
RI-25-01843,S-023,plated parts,P-10994-A,L25-0814,,531,PO-430293,2025-10-02,"Z1.4 single, normal",J,1.0,II,80,0,,accept,2025-09-29 07:44:00,2025-09-29 14:28:00,E-0155,20260106T061500Z-QE24M
RI-25-01844,S-023,plated parts,P-18526-A,L25-0850,,3214,PO-462563,2025-10-03,"Z1.4 single, normal",L,1.0,II,200,2,adhesion,accept,2025-09-29 12:16:00,2025-09-30 05:33:00,E-0156,20260106T061500Z-QE24M
RI-25-01845,S-032,heat-treated parts,P-18251-A,L25-0878,,1012,PO-414587,2025-10-01,"Z1.4 single, normal",J,1.0,II,80,0,,accept,2025-09-29 14:01:00,2025-10-01 11:20:00,E-0156,20260106T061500Z-QE24M
RI-25-01846,S-035,heat-treated parts,P-17956-A,L25-0886,,432,PO-498195,2025-09-23,"Z1.4 single, normal",H,1.0,II,50,0,,accept,2025-09-29 14:09:00,2025-09-30 04:32:00,E-0156,20260106T061500Z-QE24M
RI-25-01847,S-037,passivated parts,P-12141-B,L25-0854,,1384,PO-422203,2025-10-01,"Z1.4 single, normal",K,1.0,II,125,0,,accept,2025-09-29 13:54:00,2025-09-30 13:28:00,E-0155,20260106T061500Z-QE24M
RI-25-01848,S-037,passivated parts,P-15376-A,L25-0864,,937,PO-419778,2025-10-03,"Z1.4 single, normal",J,1.0,II,80,0,,accept,2025-09-29 09:25:00,2025-09-30 18:35:00,E-0156,20260106T061500Z-QE24M
RI-25-01849,S-040,passivated parts,P-17004-D,L25-0873,,992,PO-478770,2025-10-02,"Z1.4 single, normal",J,1.0,II,80,1,free iron,accept,2025-09-29 13:32:00,2025-10-01 02:14:00,E-0156,20260106T061500Z-QE24M
RI-25-01850,S-040,passivated parts,P-11265-A,L25-0893,,1121,PO-462620,2025-09-30,"Z1.4 single, normal",J,1.0,II,80,0,,accept,2025-09-29 13:41:00,2025-09-30 18:45:00,E-0155,20260106T061500Z-QE24M
RI-25-01851,S-042,passivated parts,P-11831-D,L25-0890,,585,PO-439688,2025-09-29,"Z1.4 single, normal",J,1.0,II,80,0,,accept,2025-09-29 10:08:00,2025-09-30 06:17:00,E-0155,20260106T061500Z-QE24M
RI-25-01852,S-044,passivated parts,P-16180-A,L25-0874,,813,PO-482855,2025-09-30,"Z1.4 single, normal",J,1.0,II,80,0,,accept,2025-09-29 10:49:00,2025-10-01 02:31:00,E-0156,20260106T061500Z-QE24M
RI-25-01853,S-044,passivated parts,P-16016-A,L25-0879,,312,PO-470116,2025-10-03,"Z1.4 single, normal",H,1.0,II,50,0,,accept,2025-09-29 10:10:00,2025-10-01 02:12:00,E-0155,20260106T061500Z-QE24M
RI-25-01854,S-044,passivated parts,P-15742-C,L25-0898,,193,PO-414701,2025-10-01,"Z1.4 single, normal",G,1.0,II,50,0,,accept,2025-09-29 12:54:00,2025-10-01 12:42:00,E-0155,20260106T061500Z-QE24M
RI-25-01855,S-045,anodized parts,P-12004-A,L25-0861,,932,PO-467050,2025-09-27,"Z1.4 single, normal",J,1.0,II,80,0,,accept,2025-09-29 11:03:00,2025-09-29 22:32:00,E-0155,20260106T061500Z-QE24M
RI-25-01856,S-047,anodized parts,P-13926-A,L25-0803,,4588,PO-492240,2025-10-02,"Z1.4 single, normal",L,1.0,II,200,2,color,accept,2025-09-29 07:16:00,2025-09-29 13:25:00,E-0156,20260106T061500Z-QE24M
RI-25-01857,S-048,anodized parts,P-11984-A,L25-0882,,188,PO-499036,2025-10-01,"Z1.4 single, normal",G,1.0,II,50,0,,accept,2025-09-29 12:44:00,2025-09-29 21:22:00,E-0156,20260106T061500Z-QE24M
RI-25-01858,S-004,bar,4140 bar 25.4 mm,,MC-01046,60,PO-419061,2025-09-25,"Z1.4 single, normal",E,1.0,II,5,0,,accept,2025-09-30 09:00:00,2025-10-02 02:17:00,E-0155,20260106T061500Z-QE24M
RI-25-01859,S-004,bar,4140 bar 44.45 mm,,MC-01047,33,PO-401081,2025-10-04,"Z1.4 single, normal",D,1.0,II,13,0,,accept,2025-09-30 13:23:00,2025-10-02 08:01:00,E-0156,20260106T061500Z-QE24M
RI-25-01860,S-017,plated parts,P-13307-B,L25-0867,,857,PO-441067,2025-10-02,"Z1.4 single, normal",J,1.0,II,80,0,,accept,2025-09-30 12:45:00,2025-10-02 11:56:00,E-0156,20260106T061500Z-QE24M
RI-25-01861,S-025,plated parts,P-18488-C,L25-0885,,1131,PO-466743,2025-10-04,"Z1.4 single, normal",J,1.0,II,80,0,,accept,2025-09-30 08:39:00,2025-09-30 18:33:00,E-0156,20260106T061500Z-QE24M
RI-25-01862,S-037,passivated parts,P-15577-C,L25-0901,,913,PO-480927,2025-10-03,"Z1.4 single, normal",J,1.0,II,80,1,free iron,accept,2025-09-30 10:03:00,2025-10-02 08:19:00,E-0156,20260106T061500Z-QE24M
RI-25-01863,S-040,passivated parts,P-11871-A,L25-0887,,838,PO-426331,2025-10-01,"Z1.4 single, normal",J,1.0,II,80,0,,accept,2025-09-30 10:52:00,2025-10-01 00:15:00,E-0156,20260106T061500Z-QE24M
RI-25-01864,S-044,passivated parts,P-14859-A,L25-0883,,893,PO-496779,2025-10-04,"Z1.4 single, normal",J,1.0,II,80,0,,accept,2025-09-30 07:55:00,2025-10-02 03:57:00,E-0156,20260106T061500Z-QE24M
RI-25-01865,S-044,passivated parts,P-14612-C,L25-0892,,402,PO-433347,2025-09-20,"Z1.4 single, normal",H,1.0,II,50,0,,accept,2025-09-30 08:46:00,2025-10-01 04:49:00,E-0155,20260106T061500Z-QE24M
RI-25-01866,S-018,plated parts,P-15057-A,L25-0865,,1513,PO-421764,2025-10-02,"Z1.4 single, normal",K,1.0,II,125,0,,accept,2025-10-01 07:40:00,2025-10-02 23:42:00,E-0156,20260106T061500Z-QE24M
RI-25-01867,S-020,plated parts,P-12543-C,L25-0836,,913,PO-408422,2025-10-01,"Z1.4 single, normal",J,1.0,II,80,0,,accept,2025-10-01 13:09:00,2025-10-02 00:51:00,E-0155,20260106T061500Z-QE24M
RI-25-01868,S-004,bar,4140 bar 25.4 mm,,MC-01048,25,PO-410932,2025-10-03,"Z1.4 single, normal",C,1.0,II,13,0,,accept,2025-10-02 10:05:00,2025-10-03 16:21:00,E-0155,20260106T061500Z-QE24M
RI-25-01869,S-012,bar,6061 bar 38.1 mm,,MC-01049,45,PO-437828,2025-10-06,"Z1.4 single, normal",D,1.0,II,13,0,,accept,2025-10-02 11:36:00,2025-10-03 03:19:00,E-0156,20260106T061500Z-QE24M
RI-25-01870,S-013,bar,7075 bar 50.8 mm,,MC-01050,111,PO-446953,2025-10-05,"Z1.4 single, normal",F,1.0,II,13,0,,accept,2025-10-02 07:58:00,2025-10-03 09:56:00,E-0155,20260106T061500Z-QE24M
RI-25-01871,S-018,plated parts,P-18384-C,L25-0907,,1061,PO-458675,2025-10-04,"Z1.4 single, normal",J,1.0,II,80,0,,accept,2025-10-02 08:49:00,2025-10-03 19:29:00,E-0156,20260106T061500Z-QE24M
RI-25-01872,S-022,plated parts,P-13648-A,L25-0841,,2554,PO-454894,2025-10-04,"Z1.4 single, normal",K,1.0,II,125,1,blisters,accept,2025-10-02 09:09:00,2025-10-02 13:17:00,E-0155,20260106T061500Z-QE24M
RI-25-01873,S-033,heat-treated parts,P-14140-A,L25-0891,,883,PO-408733,2025-10-02,"Z1.4 single, normal",J,1.0,II,80,0,,accept,2025-10-02 09:09:00,2025-10-04 03:30:00,E-0156,20260106T061500Z-QE24M
RI-25-01874,S-004,bar,4140 bar 25.4 mm,,MC-01051,34,PO-428801,2025-10-07,"Z1.4 single, normal",D,1.0,II,13,0,,accept,2025-10-03 13:24:00,2025-10-05 00:06:00,E-0155,20260106T061500Z-QE24M
RI-25-01875,S-033,heat-treated parts,P-14108-A,L25-0888,,1924,PO-443870,2025-10-04,"Z1.4 single, normal",K,1.0,II,125,1,distortion,accept,2025-10-03 14:39:00,2025-10-03 19:59:00,E-0156,20260106T061500Z-QE24M
RI-25-01876,S-036,heat-treated parts,P-15206-A,L25-0896,,203,PO-463514,2025-10-04,"Z1.4 single, normal",G,1.0,II,50,1,hardness low,accept,2025-10-03 09:35:00,2025-10-05 03:44:00,E-0155,20260106T061500Z-QE24M
RI-25-01877,S-051,casting,P-10463-C,,,330,PO-481453,2025-10-05,"Z1.4 single, normal",H,1.0,II,50,1,porosity,accept,2025-10-03 10:33:00,2025-10-03 11:35:00,E-0155,20260106T061500Z-QE24M
RI-25-01878,S-051,casting,P-17096-D,,,210,PO-455448,2025-10-06,"Z1.4 single, normal",G,1.0,II,36,1,dimension,accept,2025-10-03 11:21:00,2025-10-03 13:08:00,E-0156,20260106T061500Z-QE24M
RI-25-01879,S-053,casting,P-16616-D,,,310,PO-491199,2025-10-07,"Z1.4 single, normal",H,1.0,II,50,0,,accept,2025-10-03 10:34:00,2025-10-04 07:35:00,E-0155,20260106T061500Z-QE24M
RI-25-01880,S-057,purchased components,dowel pins,,,3150,PO-487550,2025-10-04,"Z1.4 single, normal",K,1.0,II,125,1,dimension,accept,2025-10-04 09:35:00,2025-10-06 01:47:00,E-0156,20260106T061500Z-QE24M
RI-25-01881,S-002,bar,1045 bar 31.75 mm,,MC-01052,114,PO-470693,2025-10-08,"Z1.4 single, normal",F,1.0,II,13,0,,accept,2025-10-06 07:23:00,2025-10-06 13:58:00,E-0156,20260106T061500Z-QE24M
RI-25-01882,S-002,bar,1045 bar 38.1 mm,,MC-01053,48,PO-492263,2025-10-07,"Z1.4 single, normal",D,1.0,II,5,0,,accept,2025-10-06 08:39:00,2025-10-07 09:52:00,E-0156,20260106T061500Z-QE24M
RI-25-01883,S-003,bar,4140 bar 38.1 mm,,MC-01056,99,PO-449626,2025-10-07,"Z1.4 single, normal",F,1.0,II,13,0,,accept,2025-10-06 13:38:00,2025-10-08 09:34:00,E-0156,20260106T061500Z-QE24M
RI-25-01884,S-008,bar,304 bar 25.4 mm,,MC-01054,58,PO-482365,2025-10-07,"Z1.4 single, normal",E,1.0,II,13,0,,accept,2025-10-06 11:05:00,2025-10-07 20:09:00,E-0155,20260106T061500Z-QE24M
RI-25-01885,S-010,bar,316 bar 31.75 mm,,MC-01055,99,PO-403106,2025-10-06,"Z1.4 single, normal",F,1.0,II,13,0,,accept,2025-10-06 07:20:00,2025-10-07 17:49:00,E-0155,20260106T061500Z-QE24M
RI-25-01886,S-014,bar,Ti-6Al-4V bar 38.1 mm,,MC-01057,49,PO-493140,2025-10-09,"Z1.4 single, normal",D,1.0,II,13,0,,accept,2025-10-06 14:52:00,2025-10-07 03:21:00,E-0156,20260106T061500Z-QE24M
RI-25-01887,S-022,plated parts,P-18508-A,L25-0920,,680,PO-450819,2025-10-09,"Z1.4 single, normal",J,1.0,II,80,0,,accept,2025-10-06 11:49:00,2025-10-07 04:56:00,E-0155,20260106T061500Z-QE24M
RI-25-01888,S-022,plated parts,P-15234-A,L25-1194,,655,PO-451041,2025-10-10,"Z1.4 single, normal",J,1.0,II,80,0,,accept,2025-10-06 11:50:00,2025-10-08 02:16:00,E-0155,20260106T061500Z-QE24M
RI-25-01889,S-023,plated parts,P-12988-A,L25-0899,,724,PO-472811,2025-10-07,"Z1.4 single, normal",J,1.0,II,80,0,,accept,2025-10-06 11:03:00,2025-10-06 19:16:00,E-0156,20260106T061500Z-QE24M
RI-25-01890,S-025,plated parts,P-14134-A,L25-0897,,1374,PO-421918,2025-10-10,"Z1.4 single, normal",K,1.0,II,125,0,,accept,2025-10-06 09:36:00,2025-10-07 06:46:00,E-0156,20260106T061500Z-QE24M
RI-25-01891,S-026,plated parts,P-14175-A,L25-0833,,804,PO-463837,2025-10-06,"Z1.4 single, normal",J,1.0,II,80,1,adhesion,accept,2025-10-06 09:39:00,2025-10-07 03:56:00,E-0155,20260106T061500Z-QE24M
RI-25-01892,S-026,plated parts,P-12972-A,L25-0889,,1060,PO-405337,2025-10-10,"Z1.4 single, normal",J,1.0,II,80,1,staining,accept,2025-10-06 13:31:00,2025-10-07 14:38:00,E-0155,20260106T061500Z-QE24M
RI-25-01893,S-033,heat-treated parts,P-14989-D,L25-0908,,1314,PO-470214,2025-10-06,"Z1.4 single, normal",K,1.0,II,125,0,,accept,2025-10-06 09:09:00,2025-10-06 19:57:00,E-0156,20260106T061500Z-QE24M
RI-25-01894,S-034,heat-treated parts,P-12907-D,L25-0925,,623,PO-477363,2025-10-09,"Z1.4 single, normal",J,1.0,II,80,0,,accept,2025-10-06 12:35:00,2025-10-06 17:19:00,E-0155,20260106T061500Z-QE24M
RI-25-01895,S-036,heat-treated parts,P-14328-A,L25-0903,,531,PO-454390,2025-10-04,"Z1.4 single, normal",J,1.0,II,80,0,,accept,2025-10-06 10:59:00,2025-10-07 01:21:00,E-0156,20260106T061500Z-QE24M
RI-25-01896,S-039,passivated parts,P-15615-C,L25-0910,,1200,PO-484158,2025-10-08,"Z1.4 single, normal",J,1.0,II,80,2,staining,accept,2025-10-06 08:41:00,2025-10-06 17:26:00,E-0155,20260106T061500Z-QE24M
RI-25-01897,S-039,passivated parts,P-11347-A,L25-0922,,1161,PO-483713,2025-10-09,"Z1.4 single, normal",J,1.0,II,80,0,,accept,2025-10-06 09:03:00,2025-10-06 17:19:00,E-0156,20260106T061500Z-QE24M
RI-25-01898,S-039,passivated parts,P-15362-C,L25-0924,,501,PO-482267,2025-10-06,"Z1.4 single, normal",J,1.0,II,80,0,,accept,2025-10-06 10:46:00,2025-10-06 18:22:00,E-0156,20260106T061500Z-QE24M
RI-25-01899,S-043,passivated parts,P-11889-B,L25-0900,,719,PO-410283,2025-10-07,"Z1.4 single, normal",J,1.0,II,80,3,free iron,reject,2025-10-06 12:13:00,2025-10-07 19:32:00,E-0156,20260106T061500Z-QE24M
RI-25-01900,S-050,anodized parts,P-17087-A,L25-0912,,278,PO-471791,2025-10-07,"Z1.4 single, normal",G,1.0,II,50,0,,accept,2025-10-06 09:53:00,2025-10-07 13:29:00,E-0156,20260106T061500Z-QE24M
RI-25-01901,S-002,bar,1045 bar 31.75 mm,,MC-01058,44,PO-408479,2025-10-07,"Z1.4 single, normal",D,1.0,II,13,0,,accept,2025-10-07 08:42:00,2025-10-08 11:52:00,E-0155,20260106T061500Z-QE24M
RI-25-01902,S-002,bar,1045 bar 38.1 mm,,MC-01059,54,PO-478743,2025-10-08,"Z1.4 single, normal",E,1.0,II,10,0,,accept,2025-10-07 14:59:00,2025-10-08 12:12:00,E-0156,20260106T061500Z-QE24M
RI-25-01903,S-003,bar,4140 bar 38.1 mm,,MC-01061,82,PO-416212,2025-10-08,"Z1.4 single, normal",E,1.0,II,13,0,,accept,2025-10-07 11:43:00,2025-10-09 03:34:00,E-0155,20260106T061500Z-QE24M
RI-25-01904,S-008,bar,304 bar 25.4 mm,,MC-01060,100,PO-447204,2025-10-08,"Z1.4 single, normal",F,1.0,II,13,0,,accept,2025-10-07 11:21:00,2025-10-08 01:37:00,E-0156,20260106T061500Z-QE24M
RI-25-01905,S-011,bar,17-4 bar 25.4 mm,,MC-01336,56,PO-481863,2025-10-01,"Z1.4 single, normal",E,1.0,II,13,0,,accept,2025-10-07 13:09:00,2025-10-07 21:13:00,E-0156,20260106T061500Z-QE24M
RI-25-01906,S-025,plated parts,P-18251-A,L25-0878,,1012,PO-479029,2025-10-08,"Z1.4 single, normal",J,1.0,II,80,2,adhesion,accept,2025-10-07 13:10:00,2025-10-08 18:44:00,E-0156,20260106T061500Z-QE24M
RI-25-01907,S-033,heat-treated parts,P-18380-A,L25-0914,,1245,PO-472430,2025-10-09,"Z1.4 single, normal",K,1.0,II,125,0,,accept,2025-10-07 07:49:00,2025-10-08 20:39:00,E-0156,20260106T061500Z-QE24M
RI-25-01908,S-037,passivated parts,P-17956-A,L25-0886,,432,PO-467681,2025-10-11,"Z1.4 single, normal",H,1.0,II,50,2,free iron,reject,2025-10-07 14:13:00,2025-10-07 23:40:00,E-0155,20260106T061500Z-QE24M
RI-25-01909,S-040,passivated parts,P-12223-A,L25-0911,,461,PO-484344,2025-10-11,"Z1.4 single, normal",H,1.0,II,50,1,staining,accept,2025-10-07 12:59:00,2025-10-08 22:59:00,E-0155,20260106T061500Z-QE24M
RI-25-01910,S-043,passivated parts,P-14629-A,L25-0934,,615,PO-449831,2025-10-07,"Z1.4 single, normal",J,1.0,II,80,0,,accept,2025-10-07 08:43:00,2025-10-08 10:41:00,E-0156,20260106T061500Z-QE24M
RI-25-01911,S-051,casting,P-11413-A,,,540,PO-492082,2025-10-08,"Z1.4 single, normal",J,1.0,II,80,1,dimension,accept,2025-10-07 10:48:00,2025-10-07 18:55:00,E-0156,20260106T061500Z-QE24M
RI-25-01912,S-013,bar,7075 bar 19.05 mm,,MC-01337,35,PO-465159,2025-10-12,"Z1.4 single, normal",D,1.0,II,13,0,,accept,2025-10-08 12:29:00,2025-10-09 01:18:00,E-0155,20260106T061500Z-QE24M
RI-25-01913,S-027,heat-treated parts,P-18051-D,L25-0923,,1071,PO-435769,2025-10-11,"Z1.4 single, normal",J,1.0,II,80,0,,accept,2025-10-08 08:42:00,2025-10-09 15:23:00,E-0156,20260106T061500Z-QE24M
RI-25-01914,S-033,heat-treated parts,P-11373-D,L25-0917,,248,PO-470326,2025-10-09,"Z1.4 single, normal",G,1.0,II,50,0,,accept,2025-10-08 12:56:00,2025-10-09 04:24:00,E-0155,20260106T061500Z-QE24M
RI-25-01915,S-034,heat-treated parts,P-18136-D,L25-0921,,734,PO-443534,2025-10-12,"Z1.4 single, normal",J,1.0,II,57,3,hardness low,reject,2025-10-08 10:25:00,2025-10-09 09:02:00,E-0155,20260106T061500Z-QE24M
RI-25-01916,S-040,passivated parts,P-15986-A,L25-0905,,1096,PO-446422,2025-10-11,"Z1.4 single, normal",J,1.0,II,80,0,,accept,2025-10-08 14:14:00,2025-10-08 16:44:00,E-0155,20260106T061500Z-QE24M
RI-25-01917,S-036,heat-treated parts,P-14371-D,L25-0904,,1498,PO-410954,2025-10-10,"Z1.4 single, normal",K,1.0,II,125,0,,accept,2025-10-09 07:48:00,2025-10-10 12:58:00,E-0155,20260106T061500Z-QE24M
RI-25-01918,S-037,passivated parts,P-16464-B,L25-0932,,794,PO-431332,2025-10-13,"Z1.4 single, normal",J,1.0,II,80,1,staining,accept,2025-10-09 13:01:00,2025-10-09 14:30:00,E-0156,20260106T061500Z-QE24M
RI-25-01919,S-054,casting,P-16605-A,,,310,PO-427323,2025-10-12,"Z1.4 single, normal",H,1.0,II,50,0,,accept,2025-10-09 07:23:00,2025-10-10 08:49:00,E-0156,20260106T061500Z-QE24M
RI-25-01920,S-003,bar,4140 bar 25.4 mm,,MC-01063,62,PO-433418,2025-10-14,"Z1.4 single, normal",E,1.0,II,13,0,,accept,2025-10-10 11:20:00,2025-10-12 10:17:00,E-0155,20260106T061500Z-QE24M
RI-25-01921,S-006,bar,303 bar 50.8 mm,,MC-01062,96,PO-451586,2025-10-12,"Z1.4 single, normal",F,1.0,II,13,0,,accept,2025-10-10 13:50:00,2025-10-10 14:33:00,E-0156,20260106T061500Z-QE24M
RI-25-01922,S-013,bar,7075 bar 19.05 mm,,MC-01064,102,PO-425883,2025-10-10,"Z1.4 single, normal",F,1.0,II,13,0,,accept,2025-10-10 13:17:00,2025-10-11 16:01:00,E-0155,20260106T061500Z-QE24M
RI-25-01923,S-034,heat-treated parts,P-15142-A,L25-0909,,1364,PO-451125,2025-10-11,"Z1.4 single, normal",K,1.0,II,125,1,distortion,accept,2025-10-10 09:59:00,2025-10-12 00:22:00,E-0156,20260106T061500Z-QE24M
RI-25-01924,S-042,passivated parts,P-16107-A,L25-0906,,1409,PO-437049,2025-10-11,"Z1.4 single, normal",K,1.0,II,125,0,,accept,2025-10-10 09:02:00,2025-10-10 10:49:00,E-0156,20260106T061500Z-QE24M
RI-25-01925,S-051,casting,P-11745-D,,,830,PO-477792,2025-10-14,"Z1.4 single, normal",J,1.0,II,80,1,dimension,accept,2025-10-10 07:45:00,2025-10-11 01:43:00,E-0155,20260106T061500Z-QE24M
RI-25-01926,S-051,casting,P-16001-D,,,320,PO-410251,2025-10-11,"Z1.4 single, normal",H,1.0,II,50,2,dimension,accept,2025-10-11 11:22:00,2025-10-12 19:43:00,E-0155,20260106T061500Z-QE24M
RI-25-01927,S-051,casting,P-10563-D,,,430,PO-424555,2025-10-13,"Z1.4 single, normal",H,1.0,II,50,0,,accept,2025-10-12 08:09:00,2025-10-12 15:19:00,E-0155,20260106T061500Z-QE24M
RI-25-01928,S-058,purchased components,retaining rings,,,500,PO-420407,2025-10-16,"Z1.4 single, normal",H,1.0,II,50,0,,accept,2025-10-12 12:41:00,2025-10-13 07:04:00,E-0156,20260106T061500Z-QE24M
RI-25-01929,S-001,bar,1018 bar 19.05 mm,,MC-01065,30,PO-460465,2025-10-16,"Z1.4 single, normal",D,1.0,II,13,0,,accept,2025-10-13 07:16:00,2025-10-15 01:15:00,E-0156,20260106T061500Z-QE24M
RI-25-01930,S-001,bar,1018 bar 50.8 mm,,MC-01338,75,PO-438834,2025-10-15,"Z1.4 single, normal",E,1.0,II,13,0,,accept,2025-10-13 08:35:00,2025-10-14 05:57:00,E-0156,20260106T061500Z-QE24M
RI-25-01931,S-003,bar,4140 bar 25.4 mm,,MC-01068,101,PO-476713,2025-10-14,"Z1.4 single, normal",F,1.0,II,13,0,,accept,2025-10-13 08:34:00,2025-10-13 16:00:00,E-0155,20260106T061500Z-QE24M
RI-25-01932,S-005,bar,8620 bar 31.75 mm,,MC-01070,112,PO-473226,2025-10-15,"Z1.4 single, normal",F,1.0,II,13,0,,accept,2025-10-13 12:49:00,2025-10-13 23:32:00,E-0156,20260106T061500Z-QE24M
RI-25-01933,S-005,bar,8620 bar 19.05 mm,,MC-01340,77,PO-414634,2025-10-09,"Z1.4 single, normal",E,1.0,II,13,0,,accept,2025-10-13 09:26:00,2025-10-13 12:30:00,E-0155,20260106T061500Z-QE24M
RI-25-01934,S-006,bar,303 bar 50.8 mm,,MC-01066,59,PO-464302,2025-10-15,"Z1.4 single, normal",E,1.0,II,13,0,,accept,2025-10-13 09:38:00,2025-10-13 16:34:00,E-0155,20260106T061500Z-QE24M
RI-25-01935,S-006,bar,303 bar 38.1 mm,,MC-01339,30,PO-479610,2025-10-14,"Z1.4 single, normal",D,1.0,II,13,1,surface seams,reject,2025-10-13 14:09:00,2025-10-13 21:11:00,E-0155,20260106T061500Z-QE24M
RI-25-01936,S-010,bar,316 bar 31.75 mm,,MC-01067,24,PO-428881,2025-10-14,"Z1.4 single, normal",C,1.0,II,13,0,,accept,2025-10-13 10:31:00,2025-10-15 06:25:00,E-0155,20260106T061500Z-QE24M
RI-25-01937,S-013,bar,7075 bar 25.4 mm,,MC-01069,43,PO-443515,2025-10-14,"Z1.4 single, normal",D,1.0,II,13,0,,accept,2025-10-13 07:19:00,2025-10-15 00:12:00,E-0155,20260106T061500Z-QE24M
RI-25-01938,S-017,plated parts,P-14989-D,L25-0908,,1314,PO-438538,2025-10-15,"Z1.4 single, normal",K,1.0,II,125,1,blisters,accept,2025-10-13 08:10:00,2025-10-13 23:11:00,E-0155,20260106T061500Z-QE24M
RI-25-01939,S-018,plated parts,P-12907-D,L25-0925,,623,PO-490575,2025-10-13,"Z1.4 single, normal",J,1.0,II,80,1,plating thickness,accept,2025-10-13 12:52:00,2025-10-14 12:55:00,E-0156,20260106T061500Z-QE24M
RI-25-01940,S-020,plated parts,P-14328-A,L25-0903,,531,PO-474223,2025-10-14,"Z1.4 single, normal",J,1.0,II,80,0,,accept,2025-10-13 07:43:00,2025-10-14 11:07:00,E-0155,20260106T061500Z-QE24M
RI-25-01941,S-030,heat-treated parts,P-11007-C,L25-0895,,1939,PO-490255,2025-10-17,"Z1.4 single, normal",K,1.0,II,125,1,distortion,accept,2025-10-13 14:04:00,2025-10-15 06:31:00,E-0156,20260106T061500Z-QE24M
RI-25-01942,S-030,heat-treated parts,P-10928-A,L25-0913,,1052,PO-443487,2025-10-15,"Z1.4 single, normal",J,1.0,II,80,1,distortion,accept,2025-10-13 13:04:00,2025-10-15 09:50:00,E-0155,20260106T061500Z-QE24M
RI-25-01943,S-033,heat-treated parts,P-12828-B,L25-0926,,1549,PO-401455,2025-10-16,"Z1.4 single, normal",K,1.0,II,125,2,hardness high,accept,2025-10-13 11:55:00,2025-10-13 12:44:00,E-0156,20260106T061500Z-QE24M
RI-25-01944,S-033,heat-treated parts,P-14928-A,L25-0930,,1567,PO-434007,2025-10-17,"Z1.4 single, normal",K,1.0,II,125,0,,accept,2025-10-13 09:16:00,2025-10-14 07:15:00,E-0156,20260106T061500Z-QE24M
RI-25-01945,S-034,heat-treated parts,P-13158-A,L25-0928,,332,PO-488071,2025-10-15,"Z1.4 single, normal",H,1.0,II,50,0,,accept,2025-10-13 12:47:00,2025-10-14 17:58:00,E-0156,20260106T061500Z-QE24M
RI-25-01946,S-039,passivated parts,P-11856-B,L25-0927,,1552,PO-409995,2025-10-14,"Z1.4 single, normal",K,1.0,II,125,0,,accept,2025-10-13 09:09:00,2025-10-14 23:55:00,E-0155,20260106T061500Z-QE24M
RI-25-01947,S-040,passivated parts,P-17038-D,L25-0916,,992,PO-490566,2025-10-13,"Z1.4 single, normal",J,1.0,II,80,1,staining,accept,2025-10-13 10:49:00,2025-10-14 09:06:00,E-0155,20260106T061500Z-QE24M
RI-25-01948,S-041,passivated parts,P-10604-A,L25-0933,,233,PO-473956,2025-10-16,"Z1.4 single, normal",G,1.0,II,50,2,free iron,reject,2025-10-13 11:03:00,2025-10-13 15:37:00,E-0155,20260106T061500Z-QE24M
RI-25-01949,S-044,passivated parts,P-11226-C,L25-0931,,1582,PO-453461,2025-10-16,"Z1.4 single, normal",K,1.0,II,125,0,,accept,2025-10-13 12:45:00,2025-10-14 08:21:00,E-0156,20260106T061500Z-QE24M
RI-25-01950,S-045,anodized parts,P-11923-A,L25-0918,,1156,PO-406987,2025-10-16,"Z1.4 single, normal",J,1.0,II,80,0,,accept,2025-10-13 13:10:00,2025-10-15 10:38:00,E-0156,20260106T061500Z-QE24M
RI-25-01951,S-051,casting,P-17147-C,,,350,PO-407644,2025-10-15,"Z1.4 single, normal",H,1.0,II,24,1,porosity,accept,2025-10-13 08:37:00,2025-10-13 18:43:00,E-0155,20260106T061500Z-QE24M
RI-25-01952,S-057,purchased components,dowel pins,,,2850,PO-479727,2025-10-17,"Z1.4 single, normal",K,1.0,II,125,2,dimension,accept,2025-10-13 11:03:00,2025-10-13 18:17:00,E-0156,20260106T061500Z-QE24M
RI-25-01953,S-060,purchased components,threaded inserts,,,1074,PO-450337,2025-10-16,"Z1.4 single, normal",J,1.0,II,80,0,,accept,2025-10-13 07:10:00,2025-10-14 08:37:00,E-0155,20260106T061500Z-QE24M
RI-25-01954,S-001,bar,1018 bar 19.05 mm,,MC-01071,106,PO-464129,2025-10-04,"Z1.4 single, normal",F,1.0,II,13,0,,accept,2025-10-14 07:12:00,2025-10-15 00:38:00,E-0156,20260106T061500Z-QE24M
RI-25-01955,S-002,bar,1045 bar 25.4 mm,,MC-01072,36,PO-410220,2025-10-15,"Z1.4 single, normal",D,1.0,II,13,0,,accept,2025-10-14 07:18:00,2025-10-15 20:30:00,E-0155,20260106T061500Z-QE24M
RI-25-01956,S-011,bar,17-4 bar 25.4 mm,,MC-01073,94,PO-467792,2025-10-16,"Z1.4 single, normal",F,1.0,II,13,0,,accept,2025-10-14 14:35:00,2025-10-15 16:07:00,E-0156,20260106T061500Z-QE24M
RI-25-01957,S-028,heat-treated parts,P-18210-D,L25-0919,,1676,PO-433705,2025-10-16,"Z1.4 single, normal",K,1.0,II,125,1,distortion,accept,2025-10-14 12:21:00,2025-10-14 15:48:00,E-0155,20260106T061500Z-QE24M
RI-25-01958,S-030,heat-treated parts,P-10327-A,L25-0915,,823,PO-492763,2025-10-14,"Z1.4 single, normal",J,1.0,II,80,2,hardness high,accept,2025-10-14 10:47:00,2025-10-15 08:30:00,E-0155,20260106T061500Z-QE24M
RI-25-01959,S-039,passivated parts,P-16263-A,L25-0938,,1503,PO-435331,2025-10-16,"Z1.4 single, normal",K,1.0,II,125,0,,accept,2025-10-14 13:09:00,2025-10-15 09:17:00,E-0155,20260106T061500Z-QE24M
RI-25-01960,S-051,casting,P-15949-A,,,830,PO-453883,2025-10-18,"Z1.4 single, normal",J,1.0,II,55,1,porosity,accept,2025-10-14 13:41:00,2025-10-16 06:25:00,E-0155,20260106T061500Z-QE24M
RI-25-01961,S-001,bar,1018 bar 19.05 mm,,MC-01341,42,PO-472529,2025-10-15,"Z1.4 single, normal",D,1.0,II,13,0,,accept,2025-10-15 10:16:00,2025-10-17 02:33:00,E-0156,20260106T061500Z-QE24M
RI-25-01962,S-002,bar,1045 bar 25.4 mm,,MC-01074,105,PO-474025,2025-10-18,"Z1.4 single, normal",F,1.0,II,5,0,,accept,2025-10-15 12:13:00,2025-10-16 02:43:00,E-0155,20260106T061500Z-QE24M
RI-25-01963,S-003,bar,4140 bar 63.5 mm,,MC-01077,36,PO-421415,2025-10-19,"Z1.4 single, normal",D,1.0,II,13,0,,accept,2025-10-15 08:53:00,2025-10-16 18:00:00,E-0156,20260106T061500Z-QE24M
RI-25-01964,S-003,bar,4140 bar 25.4 mm,,MC-01342,102,PO-418458,2025-10-17,"Z1.4 single, normal",F,1.0,II,13,0,,accept,2025-10-15 12:50:00,2025-10-16 11:32:00,E-0156,20260106T061500Z-QE24M
RI-25-01965,S-004,bar,4140 bar 44.45 mm,,MC-01076,88,PO-400374,2025-10-19,"Z1.4 single, normal",E,1.0,II,13,0,,accept,2025-10-15 07:41:00,2025-10-16 22:38:00,E-0155,20260106T061500Z-QE24M
RI-25-01966,S-009,bar,316 bar 38.1 mm,,MC-01075,42,PO-403994,2025-10-19,"Z1.4 single, normal",D,1.0,II,9,0,,accept,2025-10-15 09:22:00,2025-10-16 22:37:00,E-0155,20260106T061500Z-QE24M
RI-25-01967,S-015,plated parts,P-14371-D,L25-0904,,1498,PO-425558,2025-10-18,"Z1.4 single, normal",K,1.0,II,125,1,adhesion,accept,2025-10-15 07:59:00,2025-10-15 18:33:00,E-0155,20260106T061500Z-QE24M
RI-25-01968,S-025,plated parts,P-15206-A,L25-0896,,203,PO-433503,2025-10-18,"Z1.4 single, normal",G,1.0,II,50,0,,accept,2025-10-15 10:33:00,2025-10-17 04:22:00,E-0155,20260106T061500Z-QE24M
RI-25-01969,S-026,plated parts,P-18136-D,L25-0921,,734,PO-485523,2025-10-08,"Z1.4 single, normal",J,1.0,II,58,1,plating thickness,accept,2025-10-15 08:44:00,2025-10-15 18:32:00,E-0156,20260106T061500Z-QE24M
RI-25-01970,S-031,heat-treated parts,P-12614-A,L25-0940,,526,PO-464404,2025-10-18,"Z1.4 single, normal",J,1.0,II,80,0,,accept,2025-10-15 09:29:00,2025-10-15 18:07:00,E-0155,20260106T061500Z-QE24M
RI-25-01971,S-031,heat-treated parts,P-14438-A,L25-0942,,1012,PO-476799,2025-10-18,"Z1.4 single, normal",J,1.0,II,80,1,hardness high,accept,2025-10-15 10:47:00,2025-10-16 08:37:00,E-0155,20260106T061500Z-QE24M
RI-25-01972,S-033,heat-treated parts,P-14257-A,L25-0929,,1840,PO-439378,2025-10-18,"Z1.4 single, normal",K,1.0,II,125,0,,accept,2025-10-15 14:45:00,2025-10-17 05:06:00,E-0156,20260106T061500Z-QE24M
RI-25-01973,S-039,passivated parts,P-17014-A,L25-0944,,992,PO-437150,2025-10-17,"Z1.4 single, normal",J,1.0,II,80,1,free iron,accept,2025-10-15 13:15:00,2025-10-16 02:58:00,E-0156,20260106T061500Z-QE24M
RI-25-01974,S-041,passivated parts,P-10743-D,L25-0941,,268,PO-497578,2025-10-18,"Z1.4 single, normal",G,1.0,II,50,4,free iron,reject,2025-10-15 12:07:00,2025-10-16 08:14:00,E-0156,20260106T061500Z-QE24M
RI-25-01975,S-042,passivated parts,P-14693-A,L25-0949,,1473,PO-467048,2025-10-19,"Z1.4 single, normal",K,1.0,II,125,0,,accept,2025-10-15 11:08:00,2025-10-16 23:33:00,E-0155,20260106T061500Z-QE24M
RI-25-01976,S-051,casting,P-11126-A,,,390,PO-445922,2025-10-17,"Z1.4 single, normal",H,1.0,II,50,0,,accept,2025-10-15 09:20:00,2025-10-15 16:14:00,E-0156,20260106T061500Z-QE24M
RI-25-01977,S-005,bar,8620 bar 25.4 mm,,MC-01079,66,PO-455598,2025-10-18,"Z1.4 single, normal",E,1.0,II,13,0,,accept,2025-10-16 08:28:00,2025-10-17 17:01:00,E-0156,20260106T061500Z-QE24M
RI-25-01978,S-009,bar,316 bar 38.1 mm,,MC-01078,96,PO-457883,2025-10-19,"Z1.4 single, normal",F,1.0,II,13,0,,accept,2025-10-16 07:35:00,2025-10-17 14:05:00,E-0155,20260106T061500Z-QE24M
RI-25-01979,S-023,plated parts,P-14108-A,L25-0888,,1924,PO-432200,2025-10-16,"Z1.4 single, normal",K,1.0,II,125,1,adhesion,accept,2025-10-16 12:40:00,2025-10-18 02:42:00,E-0155,20260106T061500Z-QE24M
RI-25-01980,S-031,heat-treated parts,P-12722-A,L25-0963,,427,PO-481053,2025-10-17,"Z1.4 single, normal",H,1.0,II,50,0,,accept,2025-10-16 11:35:00,2025-10-17 11:33:00,E-0156,20260106T061500Z-QE24M
RI-25-01981,S-033,heat-treated parts,P-12861-C,L25-0952,,1554,PO-408660,2025-10-19,"Z1.4 single, normal",K,1.0,II,125,0,,accept,2025-10-16 13:26:00,2025-10-17 10:00:00,E-0155,20260106T061500Z-QE24M
RI-25-01982,S-036,heat-treated parts,P-12435-A,L25-0953,,213,PO-431169,2025-10-18,"Z1.4 single, normal",G,1.0,II,50,0,,accept,2025-10-16 11:22:00,2025-10-18 10:09:00,E-0155,20260106T061500Z-QE24M
RI-25-01983,S-044,passivated parts,P-16180-A,L25-0956,,784,PO-491091,2025-10-20,"Z1.4 single, normal",J,1.0,II,46,0,,accept,2025-10-16 07:17:00,2025-10-17 07:58:00,E-0155,20260106T061500Z-QE24M
RI-25-01984,S-055,casting,P-16645-A,,,1500,PO-406653,2025-10-19,"Z1.4 single, normal",K,1.0,II,125,0,,accept,2025-10-16 14:39:00,2025-10-16 20:07:00,E-0155,20260106T061500Z-QE24M
RI-25-01985,S-010,bar,316 bar 25.4 mm,,MC-01080,119,PO-402029,2025-10-17,"Z1.4 single, normal",F,1.0,II,13,0,,accept,2025-10-17 11:26:00,2025-10-18 14:45:00,E-0156,20260106T061500Z-QE24M
RI-25-01986,S-014,bar,Ti-6Al-4V bar 19.05 mm,,MC-01081,76,PO-492423,2025-10-19,"Z1.4 single, normal",E,1.0,II,13,0,,accept,2025-10-17 11:47:00,2025-10-18 21:33:00,E-0156,20260106T061500Z-QE24M
RI-25-01987,S-026,plated parts,P-18566-A,L25-0948,,918,PO-455846,2025-10-21,"Z1.4 single, normal",J,1.0,II,80,0,,accept,2025-10-17 08:48:00,2025-10-18 14:16:00,E-0156,20260106T061500Z-QE24M
RI-25-01988,S-038,passivated parts,P-19426-D,L25-0939,,962,PO-418443,2025-10-10,"Z1.4 single, normal",J,1.0,II,80,0,,accept,2025-10-17 13:41:00,2025-10-18 22:41:00,E-0155,20260106T061500Z-QE24M
RI-25-01989,S-044,passivated parts,P-15885-A,L25-0936,,794,PO-487288,2025-10-07,"Z1.4 single, normal",J,1.0,II,80,0,,accept,2025-10-17 09:28:00,2025-10-17 15:42:00,E-0155,20260106T061500Z-QE24M
RI-25-01990,S-051,casting,P-10518-D,,,530,PO-438596,2025-10-17,"Z1.4 single, normal",J,1.0,II,80,1,dimension,accept,2025-10-17 08:17:00,2025-10-19 07:02:00,E-0156,20260106T061500Z-QE24M
RI-25-01991,S-002,bar,1045 bar 38.1 mm,,MC-01082,93,PO-443744,2025-10-24,"Z1.4 single, normal",F,1.0,II,13,0,,accept,2025-10-20 07:40:00,2025-10-21 11:23:00,E-0156,20260106T061500Z-QE24M
RI-25-01992,S-004,bar,4140 bar 25.4 mm,,MC-01084,86,PO-402116,2025-10-20,"Z1.4 single, normal",E,1.0,II,13,0,,accept,2025-10-20 13:40:00,2025-10-21 13:56:00,E-0156,20260106T061500Z-QE24M
RI-25-01993,S-004,bar,4140 bar 63.5 mm,,MC-01085,77,PO-409448,2025-10-21,"Z1.4 single, normal",E,1.0,II,8,0,,accept,2025-10-20 13:20:00,2025-10-20 21:04:00,E-0156,20260106T061500Z-QE24M
RI-25-01994,S-005,bar,8620 bar 19.05 mm,,MC-01086,54,PO-469900,2025-10-20,"Z1.4 single, normal",E,1.0,II,9,0,,accept,2025-10-20 07:54:00,2025-10-21 18:33:00,E-0155,20260106T061500Z-QE24M
RI-25-01995,S-005,bar,8620 bar 25.4 mm,,MC-01087,101,PO-436260,2025-10-24,"Z1.4 single, normal",F,1.0,II,13,0,,accept,2025-10-20 14:46:00,2025-10-20 19:49:00,E-0156,20260106T061500Z-QE24M
RI-25-01996,S-009,bar,316 bar 31.75 mm,,MC-01083,112,PO-488460,2025-10-24,"Z1.4 single, normal",F,1.0,II,13,0,,accept,2025-10-20 13:06:00,2025-10-21 05:52:00,E-0156,20260106T061500Z-QE24M
RI-25-01997,S-016,plated parts,P-11373-D,L25-0917,,248,PO-492210,2025-10-20,"Z1.4 single, normal",G,1.0,II,50,0,,accept,2025-10-20 11:19:00,2025-10-21 20:19:00,E-0155,20260106T061500Z-QE24M
RI-25-01998,S-017,plated parts,P-14928-A,L25-0930,,1567,PO-461121,2025-10-22,"Z1.4 single, normal",K,1.0,II,125,0,,accept,2025-10-20 10:57:00,2025-10-21 18:11:00,E-0156,20260106T061500Z-QE24M
RI-25-01999,S-017,plated parts,P-14918-A,L25-0947,,1662,PO-436862,2025-10-22,"Z1.4 single, normal",K,1.0,II,125,0,,accept,2025-10-20 08:23:00,2025-10-21 11:31:00,E-0155,20260106T061500Z-QE24M
RI-25-02000,S-020,plated parts,P-13158-A,L25-0928,,332,PO-434506,2025-10-24,"Z1.4 single, normal",H,1.0,II,28,0,,accept,2025-10-20 14:26:00,2025-10-21 21:43:00,E-0156,20260106T061500Z-QE24M
RI-25-02001,S-023,plated parts,P-18051-D,L25-0923,,1071,PO-426342,2025-10-24,"Z1.4 single, normal",J,1.0,II,80,0,,accept,2025-10-20 10:49:00,2025-10-20 18:13:00,E-0155,20260106T061500Z-QE24M
RI-25-02002,S-027,heat-treated parts,P-18856-A,L25-0957,,1066,PO-409813,2025-10-21,"Z1.4 single, normal",J,1.0,II,80,0,,accept,2025-10-20 08:27:00,2025-10-20 17:05:00,E-0156,20260106T061500Z-QE24M
RI-25-02003,S-031,heat-treated parts,P-13755-A,L25-0937,,317,PO-468302,2025-10-23,"Z1.4 single, normal",H,1.0,II,38,0,,accept,2025-10-20 07:33:00,2025-10-21 12:43:00,E-0155,20260106T061500Z-QE24M
RI-25-02004,S-033,heat-treated parts,P-13458-B,L25-0966,,866,PO-432154,2025-10-20,"Z1.4 single, normal",J,1.0,II,80,1,hardness low,accept,2025-10-20 13:47:00,2025-10-21 11:41:00,E-0155,20260106T061500Z-QE24M
RI-25-02005,S-037,passivated parts,P-19059-A,L25-0975,,967,PO-499284,2025-10-22,"Z1.4 single, normal",J,1.0,II,80,0,,accept,2025-10-20 09:25:00,2025-10-21 04:53:00,E-0156,20260106T061500Z-QE24M
RI-25-02006,S-038,passivated parts,P-16751-A,L25-0935,,2113,PO-499450,2025-10-16,"Z1.4 single, normal",K,1.0,II,67,0,,accept,2025-10-20 10:17:00,2025-10-21 23:22:00,E-0156,20260106T061500Z-QE24M
RI-25-02007,S-040,passivated parts,P-11163-D,L25-0964,,2182,PO-445256,2025-10-22,"Z1.4 single, normal",K,1.0,II,52,1,free iron,accept,2025-10-20 13:35:00,2025-10-21 05:09:00,E-0156,20260106T061500Z-QE24M
RI-25-02008,S-041,passivated parts,P-10653-D,L25-0955,,308,PO-409043,2025-10-22,"Z1.4 single, normal",H,1.0,II,50,0,,accept,2025-10-20 09:17:00,2025-10-20 12:14:00,E-0155,20260106T061500Z-QE24M
RI-25-02009,S-047,anodized parts,P-17053-A,L25-0951,,1052,PO-462336,2025-10-21,"Z1.4 single, normal",J,1.0,II,80,0,,accept,2025-10-20 10:51:00,2025-10-21 15:37:00,E-0156,20260106T061500Z-QE24M
RI-25-02010,S-048,anodized parts,P-17255-D,L25-0943,,1354,PO-458107,2025-10-19,"Z1.4 single, normal",K,1.0,II,77,0,,accept,2025-10-20 07:24:00,2025-10-21 12:49:00,E-0156,20260106T061500Z-QE24M
RI-25-02011,S-052,casting,P-15905-D,,,580,PO-499925,2025-10-20,"Z1.4 single, normal",J,1.0,II,80,0,,accept,2025-10-20 09:32:00,2025-10-20 16:40:00,E-0156,20260106T061500Z-QE24M
RI-25-02012,S-002,bar,1045 bar 38.1 mm,,MC-01088,76,PO-460862,2025-10-22,"Z1.4 single, normal",E,1.0,II,13,0,,accept,2025-10-21 10:04:00,2025-10-21 19:40:00,E-0155,20260106T061500Z-QE24M
RI-25-02013,S-004,bar,4140 bar 63.5 mm,,MC-01091,119,PO-464363,2025-10-22,"Z1.4 single, normal",F,1.0,II,13,0,,accept,2025-10-21 09:28:00,2025-10-22 09:54:00,E-0156,20260106T061500Z-QE24M
RI-25-02014,S-008,bar,304 bar 25.4 mm,,MC-01090,38,PO-429248,2025-10-23,"Z1.4 single, normal",D,1.0,II,13,0,,accept,2025-10-21 11:51:00,2025-10-21 21:03:00,E-0156,20260106T061500Z-QE24M
RI-25-02015,S-011,bar,17-4 bar 38.1 mm,,MC-01089,94,PO-448396,2025-10-22,"Z1.4 single, normal",F,1.0,II,13,0,,accept,2025-10-21 10:54:00,2025-10-22 05:54:00,E-0155,20260106T061500Z-QE24M
RI-25-02016,S-021,plated parts,P-15142-A,L25-0909,,1364,PO-498179,2025-10-21,"Z1.4 single, normal",K,1.0,II,125,0,,accept,2025-10-21 10:24:00,2025-10-22 20:39:00,E-0155,20260106T061500Z-QE24M
RI-25-02017,S-048,anodized parts,P-11909-A,L25-0958,,1691,PO-441963,2025-10-21,"Z1.4 single, normal",K,1.0,II,125,0,,accept,2025-10-21 11:40:00,2025-10-23 03:22:00,E-0156,20260106T061500Z-QE24M
RI-25-02018,S-002,bar,1045 bar 38.1 mm,,MC-01092,49,PO-475574,2025-10-17,"Z1.4 single, normal",D,1.0,II,13,0,,accept,2025-10-22 12:43:00,2025-10-24 05:07:00,E-0155,20260106T061500Z-QE24M
RI-25-02019,S-003,bar,4140 bar 38.1 mm,,MC-01094,66,PO-451743,2025-10-22,"Z1.4 single, normal",E,1.0,II,13,0,,accept,2025-10-22 09:45:00,2025-10-22 14:31:00,E-0155,20260106T061500Z-QE24M
RI-25-02020,S-006,bar,303 bar 38.1 mm,,MC-01093,71,PO-451379,2025-10-22,"Z1.4 single, normal",E,1.0,II,13,0,,accept,2025-10-22 09:12:00,2025-10-22 20:19:00,E-0155,20260106T061500Z-QE24M
RI-25-02021,S-015,plated parts,P-18210-D,L25-0919,,1676,PO-450600,2025-10-26,"Z1.4 single, normal",K,1.0,II,125,1,adhesion,accept,2025-10-22 09:31:00,2025-10-23 13:06:00,E-0155,20260106T061500Z-QE24M
RI-25-02022,S-015,plated parts,P-18589-A,L25-0959,,5059,PO-415735,2025-10-24,"Z1.4 single, normal",L,1.0,II,200,0,,accept,2025-10-22 09:59:00,2025-10-24 06:31:00,E-0156,20260106T061500Z-QE24M
RI-25-02023,S-018,plated parts,P-11007-C,L25-0895,,1939,PO-463154,2025-10-22,"Z1.4 single, normal",K,1.0,II,125,2,staining,accept,2025-10-22 11:36:00,2025-10-23 14:56:00,E-0156,20260106T061500Z-QE24M
RI-25-02024,S-018,plated parts,P-10469-D,L25-0972,,868,PO-475189,2025-10-24,"Z1.4 single, normal",J,1.0,II,80,0,,accept,2025-10-22 07:46:00,2025-10-23 19:33:00,E-0156,20260106T061500Z-QE24M
RI-25-02025,S-022,plated parts,P-10327-A,L25-0915,,823,PO-483440,2025-10-23,"Z1.4 single, normal",J,1.0,II,80,0,,accept,2025-10-22 10:28:00,2025-10-23 04:29:00,E-0156,20260106T061500Z-QE24M
RI-25-02026,S-031,heat-treated parts,P-18413-C,L25-0962,,1572,PO-414531,2025-10-26,"Z1.4 single, normal",K,1.0,II,125,4,hardness low,accept,2025-10-22 08:29:00,2025-10-23 08:09:00,E-0155,20260106T061500Z-QE24M
RI-25-02027,S-033,heat-treated parts,P-13328-A,L25-0960,,1109,PO-411286,2025-10-25,"Z1.4 single, normal",J,1.0,II,80,0,,accept,2025-10-22 09:31:00,2025-10-23 01:57:00,E-0155,20260106T061500Z-QE24M
RI-25-02028,S-033,heat-treated parts,P-13502-C,L25-0965,,847,PO-446488,2025-10-26,"Z1.4 single, normal",J,1.0,II,80,1,distortion,accept,2025-10-22 14:30:00,2025-10-23 23:22:00,E-0155,20260106T061500Z-QE24M
RI-25-02029,S-036,heat-treated parts,P-14992-A,L25-0954,,1582,PO-448556,2025-10-25,"Z1.4 single, normal",K,1.0,II,125,2,hardness high,accept,2025-10-22 10:23:00,2025-10-24 02:39:00,E-0156,20260106T061500Z-QE24M
RI-25-02030,S-036,heat-treated parts,P-12835-A,L25-0977,,547,PO-461397,2025-10-22,"Z1.4 single, normal",J,1.0,II,80,0,,accept,2025-10-22 08:18:00,2025-10-23 04:00:00,E-0155,20260106T061500Z-QE24M
RI-25-02031,S-038,passivated parts,P-17684-D,L25-0976,,575,PO-433645,2025-10-22,"Z1.4 single, normal",J,1.0,II,80,0,,accept,2025-10-22 08:12:00,2025-10-24 02:09:00,E-0155,20260106T061500Z-QE24M
RI-25-02032,S-002,bar,1045 bar 25.4 mm,,MC-01095,105,PO-409617,2025-10-24,"Z1.4 single, normal",F,1.0,II,13,0,,accept,2025-10-23 12:42:00,2025-10-24 09:29:00,E-0155,20260106T061500Z-QE24M
RI-25-02033,S-002,bar,1045 bar 38.1 mm,,MC-01096,35,PO-467495,2025-10-26,"Z1.4 single, normal",D,1.0,II,7,0,,accept,2025-10-23 11:42:00,2025-10-24 00:06:00,E-0155,20260106T061500Z-QE24M
RI-25-02034,S-007,bar,303 bar 38.1 mm,,MC-01097,66,PO-430790,2025-10-27,"Z1.4 single, normal",E,1.0,II,13,0,,accept,2025-10-23 10:09:00,2025-10-24 07:36:00,E-0155,20260106T061500Z-QE24M
RI-25-02035,S-034,heat-treated parts,P-12756-B,L25-0974,,1657,PO-435974,2025-10-24,"Z1.4 single, normal",K,1.0,II,125,2,hardness high,accept,2025-10-23 08:45:00,2025-10-23 19:00:00,E-0155,20260106T061500Z-QE24M
RI-25-02036,S-036,heat-treated parts,P-17881-C,L25-0967,,551,PO-438226,2025-10-25,"Z1.4 single, normal",J,1.0,II,80,0,,accept,2025-10-23 08:00:00,2025-10-24 06:28:00,E-0155,20260106T061500Z-QE24M
RI-25-02037,S-036,heat-treated parts,P-18883-A,L25-0981,,789,PO-480234,2025-10-26,"Z1.4 single, normal",J,1.0,II,40,0,,accept,2025-10-23 09:37:00,2025-10-25 00:28:00,E-0156,20260106T061500Z-QE24M
RI-25-02038,S-039,passivated parts,P-15372-B,L25-0992,,293,PO-400690,2025-10-26,"Z1.4 single, normal",H,1.0,II,50,0,,accept,2025-10-23 09:55:00,2025-10-25 05:24:00,E-0155,20260106T061500Z-QE24M
RI-25-02039,S-041,passivated parts,P-10775-A,L25-0973,,704,PO-409266,2025-10-26,"Z1.4 single, normal",J,1.0,II,48,0,,accept,2025-10-23 11:42:00,2025-10-24 20:21:00,E-0156,20260106T061500Z-QE24M
RI-25-02040,S-042,passivated parts,P-12722-A,L25-0963,,427,PO-437525,2025-10-26,"Z1.4 single, normal",H,1.0,II,50,0,,accept,2025-10-23 11:34:00,2025-10-24 05:08:00,E-0155,20260106T061500Z-QE24M
RI-25-02041,S-051,casting,P-10775-A,,,740,PO-404760,2025-10-26,"Z1.4 single, normal",J,1.0,II,80,1,flash,accept,2025-10-23 11:02:00,2025-10-23 21:04:00,E-0156,20260106T061500Z-QE24M
RI-25-02042,S-001,bar,1018 bar 50.8 mm,,MC-01098,43,PO-424548,2025-10-28,"Z1.4 single, normal",D,1.0,II,13,0,,accept,2025-10-24 13:22:00,2025-10-26 05:38:00,E-0155,20260106T061500Z-QE24M
RI-25-02043,S-022,plated parts,P-14257-A,L25-0929,,1840,PO-428626,2025-10-25,"Z1.4 single, normal",K,1.0,II,125,1,plating thickness,accept,2025-10-24 07:01:00,2025-10-26 00:22:00,E-0156,20260106T061500Z-QE24M
RI-25-02044,S-022,plated parts,P-12435-A,L25-0953,,213,PO-465220,2025-10-25,"Z1.4 single, normal",G,1.0,II,50,0,,accept,2025-10-24 10:32:00,2025-10-24 20:44:00,E-0155,20260106T061500Z-QE24M
RI-25-02045,S-030,heat-treated parts,P-10123-A,L25-0950,,1260,PO-415944,2025-10-24,"Z1.4 single, normal",K,1.0,II,82,4,distortion,accept,2025-10-24 10:15:00,2025-10-24 18:33:00,E-0155,20260106T061500Z-QE24M
RI-25-02046,S-033,heat-treated parts,P-14108-A,L25-0987,,1860,PO-428418,2025-10-25,"Z1.4 single, normal",K,1.0,II,125,1,hardness low,accept,2025-10-24 14:45:00,2025-10-25 16:28:00,E-0155,20260106T061500Z-QE24M
RI-25-02047,S-037,passivated parts,P-15723-A,L25-0946,,1850,PO-468290,2025-10-26,"Z1.4 single, normal",K,1.0,II,125,0,,accept,2025-10-24 10:00:00,2025-10-26 09:37:00,E-0155,20260106T061500Z-QE24M
RI-25-02048,S-037,passivated parts,P-14499-A,L25-0983,,1161,PO-406831,2025-10-26,"Z1.4 single, normal",J,1.0,II,80,0,,accept,2025-10-24 10:51:00,2025-10-25 11:21:00,E-0155,20260106T061500Z-QE24M
RI-25-02049,S-042,passivated parts,P-12614-A,L25-0940,,526,PO-457850,2025-10-24,"Z1.4 single, normal",J,1.0,II,80,0,,accept,2025-10-24 11:11:00,2025-10-25 07:20:00,E-0155,20260106T061500Z-QE24M
RI-25-02050,S-048,anodized parts,P-17046-A,L25-0968,,521,PO-445559,2025-10-26,"Z1.4 single, normal",J,1.0,II,80,1,color,accept,2025-10-24 14:53:00,2025-10-26 03:12:00,E-0156,20260106T061500Z-QE24M
RI-25-02051,S-051,casting,P-11663-A,,,710,PO-471616,2025-10-28,"Z1.4 single, normal",J,1.0,II,80,1,flash,accept,2025-10-25 13:20:00,2025-10-26 21:59:00,E-0156,20260106T061500Z-QE24M
RI-25-02052,S-051,casting,P-16571-D,,,260,PO-401204,2025-10-28,"Z1.4 single, normal",G,1.0,II,50,0,,accept,2025-10-26 10:59:00,2025-10-28 08:30:00,E-0155,20260106T061500Z-QE24M
RI-25-02053,S-057,purchased components,O-rings,,,3850,PO-442527,2025-10-27,"Z1.4 single, normal",L,1.0,II,200,0,,accept,2025-10-26 09:28:00,2025-10-27 03:35:00,E-0155,20260106T061500Z-QE24M
RI-25-02054,S-003,bar,4140 bar 44.45 mm,,MC-01100,46,PO-481222,2025-10-30,"Z1.4 single, normal",D,1.0,II,13,0,,accept,2025-10-27 09:48:00,2025-10-27 14:55:00,E-0156,20260106T061500Z-QE24M
RI-25-02055,S-010,bar,316 bar 25.4 mm,,MC-01099,112,PO-427890,2025-10-29,"Z1.4 single, normal",F,1.0,II,13,0,,accept,2025-10-27 14:44:00,2025-10-28 10:25:00,E-0155,20260106T061500Z-QE24M
RI-25-02056,S-014,bar,Ti-6Al-4V bar 19.05 mm,,MC-01101,107,PO-470091,2025-10-28,"Z1.4 single, normal",F,1.0,II,9,0,,accept,2025-10-27 12:27:00,2025-10-29 09:03:00,E-0155,20260106T061500Z-QE24M
RI-25-02057,S-017,plated parts,P-13458-B,L25-0966,,866,PO-488453,2025-10-27,"Z1.4 single, normal",J,1.0,II,80,3,adhesion,accept,2025-10-27 12:12:00,2025-10-29 07:49:00,E-0156,20260106T061500Z-QE24M
RI-25-02058,S-018,plated parts,P-12861-C,L25-0952,,1554,PO-455833,2025-10-23,"Z1.4 single, normal",K,1.0,II,125,1,adhesion,accept,2025-10-27 14:38:00,2025-10-29 07:47:00,E-0156,20260106T061500Z-QE24M
RI-25-02059,S-020,plated parts,P-12828-B,L25-0926,,1549,PO-447066,2025-10-29,"Z1.4 single, normal",K,1.0,II,125,0,,accept,2025-10-27 10:54:00,2025-10-28 18:54:00,E-0156,20260106T061500Z-QE24M
RI-25-02060,S-022,plated parts,P-14438-A,L25-0942,,1012,PO-402598,2025-10-30,"Z1.4 single, normal",J,1.0,II,80,0,,accept,2025-10-27 10:24:00,2025-10-29 01:45:00,E-0155,20260106T061500Z-QE24M
RI-25-02061,S-023,plated parts,P-10928-A,L25-0913,,1052,PO-440342,2025-10-31,"Z1.4 single, normal",J,1.0,II,80,0,,accept,2025-10-27 12:29:00,2025-10-28 22:14:00,E-0155,20260106T061500Z-QE24M
RI-25-02062,S-027,heat-treated parts,P-18914-D,L25-0988,,1047,PO-412371,2025-10-27,"Z1.4 single, normal",J,1.0,II,80,1,hardness high,accept,2025-10-27 13:32:00,2025-10-29 08:58:00,E-0155,20260106T061500Z-QE24M
RI-25-02063,S-030,heat-treated parts,P-10178-D,L25-0969,,858,PO-474491,2025-10-27,"Z1.4 single, normal",J,1.0,II,80,0,,accept,2025-10-27 07:30:00,2025-10-27 20:59:00,E-0156,20260106T061500Z-QE24M
RI-25-02064,S-030,heat-treated parts,P-11033-A,L25-1005,,208,PO-488614,2025-10-31,"Z1.4 single, normal",G,1.0,II,50,0,,accept,2025-10-27 14:27:00,2025-10-28 23:56:00,E-0155,20260106T061500Z-QE24M
RI-25-02065,S-033,heat-treated parts,P-13214-A,L25-0993,,1081,PO-429382,2025-10-29,"Z1.4 single, normal",J,1.0,II,80,0,,accept,2025-10-27 11:39:00,2025-10-29 07:02:00,E-0156,20260106T061500Z-QE24M
RI-25-02066,S-034,heat-treated parts,P-18795-A,L25-0971,,992,PO-455558,2025-10-28,"Z1.4 single, normal",J,1.0,II,80,2,distortion,accept,2025-10-27 08:20:00,2025-10-29 07:33:00,E-0156,20260106T061500Z-QE24M
RI-25-02067,S-036,heat-treated parts,P-12589-C,L25-1008,,689,PO-415497,2025-10-22,"Z1.4 single, normal",J,1.0,II,80,0,,accept,2025-10-27 09:15:00,2025-10-28 20:52:00,E-0156,20260106T061500Z-QE24M
RI-25-02068,S-039,passivated parts,P-15298-A,L25-0989,,536,PO-454665,2025-10-28,"Z1.4 single, normal",J,1.0,II,80,0,,accept,2025-10-27 08:37:00,2025-10-27 12:35:00,E-0156,20260106T061500Z-QE24M
RI-25-02069,S-039,passivated parts,P-17014-A,L25-1003,,992,PO-477250,2025-10-26,"Z1.4 single, normal",J,1.0,II,38,0,,accept,2025-10-27 10:45:00,2025-10-27 14:54:00,E-0155,20260106T061500Z-QE24M
RI-25-02070,S-040,passivated parts,P-19343-A,L25-1196,,630,PO-490312,2025-10-20,"Z1.4 single, normal",J,1.0,II,80,1,staining,accept,2025-10-27 09:10:00,2025-10-28 14:01:00,E-0155,20260106T061500Z-QE24M
RI-25-02071,S-041,passivated parts,P-10725-B,L25-0961,,2004,PO-499422,2025-10-30,"Z1.4 single, normal",K,1.0,II,125,2,free iron,accept,2025-10-27 13:41:00,2025-10-28 20:35:00,E-0155,20260106T061500Z-QE24M
RI-25-02072,S-043,passivated parts,P-17532-A,L25-0995,,769,PO-414701,2025-10-31,"Z1.4 single, normal",J,1.0,II,80,0,,accept,2025-10-27 13:06:00,2025-10-28 20:10:00,E-0156,20260106T061500Z-QE24M
RI-25-02073,S-044,passivated parts,P-11724-A,L25-0978,,1518,PO-427746,2025-10-29,"Z1.4 single, normal",K,1.0,II,125,0,,accept,2025-10-27 07:28:00,2025-10-27 20:05:00,E-0155,20260106T061500Z-QE24M
RI-25-02074,S-044,passivated parts,P-16180-A,L25-0980,,799,PO-443284,2025-10-30,"Z1.4 single, normal",J,1.0,II,80,0,,accept,2025-10-27 08:19:00,2025-10-28 01:45:00,E-0155,20260106T061500Z-QE24M
RI-25-02075,S-046,anodized parts,P-13923-B,L25-0970,,1002,PO-489745,2025-10-29,"Z1.4 single, normal",J,1.0,II,80,0,,accept,2025-10-27 09:44:00,2025-10-28 23:16:00,E-0155,20260106T061500Z-QE24M
RI-25-02076,S-001,bar,1018 bar 25.4 mm,,MC-01102,68,PO-402145,2025-10-30,"Z1.4 single, normal",E,1.0,II,13,0,,accept,2025-10-28 14:07:00,2025-10-30 13:49:00,E-0155,20260106T061500Z-QE24M
RI-25-02077,S-001,bar,1018 bar 25.4 mm,,MC-01343,97,PO-453580,2025-10-19,"Z1.4 single, normal",F,1.0,II,13,0,,accept,2025-10-28 07:00:00,2025-10-29 19:45:00,E-0156,20260106T061500Z-QE24M
RI-25-02078,S-008,bar,304 bar 25.4 mm,,MC-01344,57,PO-498940,2025-10-30,"Z1.4 single, normal",E,1.0,II,13,0,,accept,2025-10-28 12:46:00,2025-10-29 21:01:00,E-0156,20260106T061500Z-QE24M
RI-25-02079,S-013,bar,7075 bar 25.4 mm,,MC-01103,70,PO-406091,2025-10-30,"Z1.4 single, normal",E,1.0,II,13,0,,accept,2025-10-28 13:07:00,2025-10-28 15:39:00,E-0156,20260106T061500Z-QE24M
RI-25-02080,S-017,plated parts,P-13502-C,L25-0965,,847,PO-432257,2025-10-30,"Z1.4 single, normal",J,1.0,II,80,2,staining,accept,2025-10-28 08:35:00,2025-10-28 14:57:00,E-0155,20260106T061500Z-QE24M
RI-25-02081,S-018,plated parts,P-18650-A,L25-0999,,367,PO-467342,2025-10-29,"Z1.4 single, normal",H,1.0,II,50,0,,accept,2025-10-28 13:42:00,2025-10-28 16:40:00,E-0156,20260106T061500Z-QE24M
RI-25-02082,S-020,plated parts,P-18347-A,L25-1011,,2133,PO-417668,2025-10-29,"Z1.4 single, normal",K,1.0,II,125,0,,accept,2025-10-28 11:30:00,2025-10-29 00:27:00,E-0155,20260106T061500Z-QE24M
RI-25-02083,S-025,plated parts,P-12835-A,L25-0977,,547,PO-406231,2025-11-01,"Z1.4 single, normal",J,1.0,II,80,0,,accept,2025-10-28 13:41:00,2025-10-30 02:42:00,E-0156,20260106T061500Z-QE24M
RI-25-02084,S-027,heat-treated parts,P-11502-A,L25-0945,,3606,PO-485296,2025-11-01,"Z1.4 single, normal",L,1.0,II,200,3,distortion,accept,2025-10-28 09:55:00,2025-10-29 12:38:00,E-0156,20260106T061500Z-QE24M
RI-25-02085,S-030,heat-treated parts,P-10284-A,L25-0985,,422,PO-451222,2025-10-25,"Z1.4 single, normal",H,1.0,II,32,0,,accept,2025-10-28 10:27:00,2025-10-29 09:07:00,E-0155,20260106T061500Z-QE24M
RI-25-02086,S-035,heat-treated parts,P-16887-A,L25-0984,,848,PO-452642,2025-10-28,"Z1.4 single, normal",J,1.0,II,80,0,,accept,2025-10-28 12:56:00,2025-10-28 19:48:00,E-0156,20260106T061500Z-QE24M
RI-25-02087,S-037,passivated parts,P-14808-C,L25-1195,,813,PO-445378,2025-10-30,"Z1.4 single, normal",J,1.0,II,36,1,staining,accept,2025-10-28 07:26:00,2025-10-29 05:53:00,E-0155,20260106T061500Z-QE24M
RI-25-02088,S-038,passivated parts,P-16289-C,L25-1002,,1562,PO-425939,2025-11-01,"Z1.4 single, normal",K,1.0,II,96,2,staining,accept,2025-10-28 10:34:00,2025-10-28 11:38:00,E-0155,20260106T061500Z-QE24M
RI-25-02089,S-040,passivated parts,P-12114-A,L25-1017,,446,PO-437419,2025-10-30,"Z1.4 single, normal",H,1.0,II,50,1,staining,accept,2025-10-28 11:54:00,2025-10-29 23:41:00,E-0155,20260106T061500Z-QE24M
RI-25-02090,S-048,anodized parts,P-17369-A,L25-0991,,650,PO-414836,2025-11-01,"Z1.4 single, normal",J,1.0,II,80,1,color,accept,2025-10-28 13:08:00,2025-10-29 15:22:00,E-0155,20260106T061500Z-QE24M
RI-25-02091,S-051,casting,P-12016-A,,,450,PO-451345,2025-10-28,"Z1.4 single, normal",H,1.0,II,50,0,,accept,2025-10-28 12:26:00,2025-10-30 10:26:00,E-0156,20260106T061500Z-QE24M
RI-25-02092,S-052,casting,P-10497-B,,,420,PO-421244,2025-10-26,"Z1.4 single, normal",H,1.0,II,32,0,,accept,2025-10-28 09:12:00,2025-10-29 21:52:00,E-0156,20260106T061500Z-QE24M
RI-25-02093,S-004,bar,4140 bar 38.1 mm,,MC-01347,70,PO-487874,2025-11-01,"Z1.4 single, normal",E,1.0,II,13,0,,accept,2025-10-29 08:00:00,2025-10-30 01:31:00,E-0155,20260106T061500Z-QE24M
RI-25-02094,S-008,bar,304 bar 38.1 mm,,MC-01345,108,PO-416998,2025-10-29,"Z1.4 single, normal",F,1.0,II,13,0,,accept,2025-10-29 14:38:00,2025-10-30 23:41:00,E-0155,20260106T061500Z-QE24M
RI-25-02095,S-009,bar,316 bar 25.4 mm,,MC-01346,65,PO-451115,2025-11-01,"Z1.4 single, normal",E,1.0,II,5,0,,accept,2025-10-29 08:31:00,2025-10-30 17:28:00,E-0156,20260106T061500Z-QE24M
RI-25-02096,S-017,plated parts,P-14966-D,L25-0982,,1359,PO-481161,2025-11-02,"Z1.4 single, normal",K,1.0,II,125,4,staining,accept,2025-10-29 07:29:00,2025-10-30 00:05:00,E-0155,20260106T061500Z-QE24M
RI-25-02097,S-018,plated parts,P-14103-B,L25-0979,,2525,PO-439785,2025-10-29,"Z1.4 single, normal",K,1.0,II,125,2,blisters,accept,2025-10-29 10:31:00,2025-10-30 09:15:00,E-0156,20260106T061500Z-QE24M
RI-25-02098,S-025,plated parts,P-18413-C,L25-0962,,1572,PO-428996,2025-10-31,"Z1.4 single, normal",K,1.0,II,125,3,blisters,accept,2025-10-29 14:49:00,2025-10-30 22:49:00,E-0156,20260106T061500Z-QE24M
RI-25-02099,S-039,passivated parts,P-12144-A,L25-0986,,764,PO-485423,2025-11-02,"Z1.4 single, normal",J,1.0,II,80,0,,accept,2025-10-29 11:00:00,2025-10-29 20:13:00,E-0156,20260106T061500Z-QE24M
RI-25-02100,S-040,passivated parts,P-12738-A,L25-1009,,342,PO-480675,2025-11-02,"Z1.4 single, normal",H,1.0,II,50,0,,accept,2025-10-29 07:52:00,2025-10-29 20:32:00,E-0155,20260106T061500Z-QE24M
RI-25-02101,S-043,passivated parts,P-17881-C,L25-0967,,551,PO-447568,2025-11-02,"Z1.4 single, normal",J,1.0,II,80,4,staining,reject,2025-10-29 08:54:00,2025-10-31 07:24:00,E-0156,20260106T061500Z-QE24M
RI-25-02102,S-043,passivated parts,P-15367-A,L25-1015,,808,PO-469277,2025-10-20,"Z1.4 single, normal",J,1.0,II,80,0,,accept,2025-10-29 09:39:00,2025-10-30 21:11:00,E-0156,20260106T061500Z-QE24M
RI-25-02103,S-050,anodized parts,P-17329-D,L25-1007,,1285,PO-486854,2025-11-01,"Z1.4 single, normal",K,1.0,II,125,1,color,accept,2025-10-29 13:30:00,2025-10-30 13:41:00,E-0156,20260106T061500Z-QE24M
RI-25-02104,S-051,casting,P-10607-C,,,1040,PO-428050,2025-10-30,"Z1.4 single, normal",J,1.0,II,80,0,,accept,2025-10-29 13:40:00,2025-10-30 19:57:00,E-0155,20260106T061500Z-QE24M
RI-25-02105,S-004,bar,4140 bar 38.1 mm,,MC-01348,89,PO-423052,2025-10-31,"Z1.4 single, normal",E,1.0,II,13,0,,accept,2025-10-30 10:41:00,2025-11-01 04:45:00,E-0156,20260106T061500Z-QE24M
RI-25-02106,S-005,bar,8620 bar 31.75 mm,,MC-01349,77,PO-487129,2025-10-30,"Z1.4 single, normal",E,1.0,II,13,0,,accept,2025-10-30 12:39:00,2025-10-30 14:59:00,E-0156,20260106T061500Z-QE24M
RI-25-02107,S-015,plated parts,P-18813-A,L25-1020,,630,PO-403191,2025-10-30,"Z1.4 single, normal",J,1.0,II,80,2,adhesion,accept,2025-10-30 13:11:00,2025-11-01 10:29:00,E-0155,20260106T061500Z-QE24M
RI-25-02108,S-025,plated parts,P-18856-A,L25-0957,,1066,PO-473017,2025-10-27,"Z1.4 single, normal",J,1.0,II,80,0,,accept,2025-10-30 08:00:00,2025-10-30 08:47:00,E-0155,20260106T061500Z-QE24M
RI-25-02109,S-030,heat-treated parts,P-10869-D,L25-0990,,1910,PO-469895,2025-11-01,"Z1.4 single, normal",K,1.0,II,62,0,,accept,2025-10-30 11:30:00,2025-10-31 17:15:00,E-0156,20260106T061500Z-QE24M
RI-25-02110,S-043,passivated parts,P-14843-C,L25-1004,,293,PO-467927,2025-11-02,"Z1.4 single, normal",H,1.0,II,50,0,,accept,2025-10-30 08:19:00,2025-10-31 12:42:00,E-0156,20260106T061500Z-QE24M
RI-25-02111,S-045,anodized parts,P-14077-B,L25-1197,,1185,PO-484310,2025-11-02,"Z1.4 single, normal",J,1.0,II,80,0,,accept,2025-10-30 10:17:00,2025-10-31 23:50:00,E-0156,20260106T061500Z-QE24M
RI-25-02112,S-006,bar,303 bar 19.05 mm,,MC-01350,59,PO-420998,2025-11-01,"Z1.4 single, normal",E,1.0,II,13,0,,accept,2025-10-31 12:01:00,2025-11-02 08:24:00,E-0155,20260106T061500Z-QE24M
RI-25-02113,S-008,bar,304 bar 31.75 mm,,MC-01104,112,PO-422873,2025-11-03,"Z1.4 single, normal",F,1.0,II,13,0,,accept,2025-10-31 07:57:00,2025-11-01 10:25:00,E-0155,20260106T061500Z-QE24M
RI-25-02114,S-033,heat-treated parts,P-14952-A,L25-1001,,1394,PO-469604,2025-11-02,"Z1.4 single, normal",K,1.0,II,125,1,hardness low,accept,2025-10-31 09:50:00,2025-11-02 04:25:00,E-0155,20260106T061500Z-QE24M
RI-25-02115,S-043,passivated parts,P-12756-B,L25-0974,,1657,PO-410611,2025-11-02,"Z1.4 single, normal",K,1.0,II,125,0,,accept,2025-10-31 13:45:00,2025-11-02 06:54:00,E-0155,20260106T061500Z-QE24M
RI-25-02116,S-045,anodized parts,P-17312-B,L25-1016,,476,PO-484430,2025-10-31,"Z1.4 single, normal",H,1.0,II,50,0,,accept,2025-10-31 13:14:00,2025-11-01 16:30:00,E-0156,20260106T061500Z-QE24M
RI-25-02117,S-055,casting,P-17220-A,,,330,PO-445204,2025-11-02,"Z1.4 single, normal",H,1.0,II,50,0,,accept,2025-11-01 09:04:00,2025-11-01 11:41:00,E-0155,20260106T061500Z-QE24M
RI-25-02118,S-057,purchased components,O-rings,,,4950,PO-455272,2025-11-01,"Z1.4 single, normal",L,1.0,II,200,1,damage,accept,2025-11-01 08:24:00,2025-11-03 07:03:00,E-0155,20260106T061500Z-QE24M
RI-25-02119,S-058,purchased components,dowel pins,,,2750,PO-402047,2025-11-02,"Z1.4 single, normal",K,1.0,II,125,1,dimension,accept,2025-11-01 14:03:00,2025-11-03 04:15:00,E-0156,20260106T061500Z-QE24M
RI-25-02120,S-007,bar,303 bar 19.05 mm,,MC-01105,105,PO-440759,2025-11-05,"Z1.4 single, normal",F,1.0,II,13,0,,accept,2025-11-03 08:58:00,2025-11-04 16:49:00,E-0156,20260106T061500Z-QE24M
RI-25-02121,S-008,bar,304 bar 38.1 mm,,MC-01351,22,PO-411353,2025-11-07,"Z1.4 single, normal",C,1.0,II,13,0,,accept,2025-11-03 08:09:00,2025-11-04 20:23:00,E-0155,20260106T061500Z-QE24M
RI-25-02122,S-014,bar,Ti-6Al-4V bar 19.05 mm,,MC-01106,103,PO-498251,2025-11-03,"Z1.4 single, normal",F,1.0,II,13,0,,accept,2025-11-03 12:16:00,2025-11-05 11:53:00,E-0155,20260106T061500Z-QE24M
RI-25-02123,S-016,plated parts,P-18883-A,L25-0981,,789,PO-444631,2025-11-03,"Z1.4 single, normal",J,1.0,II,80,0,,accept,2025-11-03 08:25:00,2025-11-03 21:47:00,E-0155,20260106T061500Z-QE24M
RI-25-02124,S-023,plated parts,P-14108-A,L25-0987,,1860,PO-425663,2025-11-06,"Z1.4 single, normal",K,1.0,II,125,0,,accept,2025-11-03 14:21:00,2025-11-04 09:36:00,E-0156,20260106T061500Z-QE24M
RI-25-02125,S-025,plated parts,P-15270-A,L25-1030,,1433,PO-495549,2025-11-07,"Z1.4 single, normal",K,1.0,II,125,0,,accept,2025-11-03 08:01:00,2025-11-04 16:40:00,E-0156,20260106T061500Z-QE24M
RI-25-02126,S-026,plated parts,P-13755-A,L25-0937,,317,PO-472935,2025-11-06,"Z1.4 single, normal",H,1.0,II,50,0,,accept,2025-11-03 14:23:00,2025-11-04 09:14:00,E-0155,20260106T061500Z-QE24M
RI-25-02127,S-026,plated parts,P-13214-A,L25-0993,,1081,PO-421805,2025-11-05,"Z1.4 single, normal",J,1.0,II,80,1,plating thickness,accept,2025-11-03 11:51:00,2025-11-04 08:30:00,E-0155,20260106T061500Z-QE24M
RI-25-02128,S-032,heat-treated parts,P-12802-A,L25-0996,,1468,PO-481302,2025-11-03,"Z1.4 single, normal",K,1.0,II,125,0,,accept,2025-11-03 12:04:00,2025-11-04 07:21:00,E-0155,20260106T061500Z-QE24M
RI-25-02129,S-032,heat-treated parts,P-18406-A,L25-1010,,1324,PO-403630,2025-11-04,"Z1.4 single, normal",K,1.0,II,125,1,hardness low,accept,2025-11-03 09:06:00,2025-11-03 15:53:00,E-0156,20260106T061500Z-QE24M
RI-25-02130,S-035,heat-treated parts,P-16912-A,L25-0997,,714,PO-461323,2025-10-25,"Z1.4 single, normal",J,1.0,II,80,0,,accept,2025-11-03 07:18:00,2025-11-04 05:18:00,E-0156,20260106T061500Z-QE24M
RI-25-02131,S-036,heat-treated parts,P-17841-B,L25-1027,,928,PO-471397,2025-10-25,"Z1.4 single, normal",J,1.0,II,80,0,,accept,2025-11-03 10:04:00,2025-11-04 19:30:00,E-0155,20260106T061500Z-QE24M
RI-25-02132,S-039,passivated parts,P-14762-C,L25-1033,,516,PO-472032,2025-11-04,"Z1.4 single, normal",J,1.0,II,80,0,,accept,2025-11-03 09:27:00,2025-11-04 03:54:00,E-0156,20260106T061500Z-QE24M
RI-25-02133,S-040,passivated parts,P-16637-A,L25-1012,,461,PO-464121,2025-11-07,"Z1.4 single, normal",H,1.0,II,50,0,,accept,2025-11-03 12:44:00,2025-11-05 09:55:00,E-0156,20260106T061500Z-QE24M
RI-25-02134,S-040,passivated parts,P-14681-B,L25-1023,,813,PO-419253,2025-11-05,"Z1.4 single, normal",J,1.0,II,80,3,free iron,accept,2025-11-03 09:59:00,2025-11-04 08:53:00,E-0156,20260106T061500Z-QE24M
RI-25-02135,S-041,passivated parts,P-10688-A,L25-1029,,903,PO-489268,2025-11-06,"Z1.4 single, normal",J,1.0,II,80,0,,accept,2025-11-03 13:12:00,2025-11-04 00:53:00,E-0156,20260106T061500Z-QE24M
RI-25-02136,S-043,passivated parts,P-19014-A,L25-1043,,928,PO-413357,2025-10-25,"Z1.4 single, normal",J,1.0,II,80,0,,accept,2025-11-03 13:26:00,2025-11-03 22:24:00,E-0156,20260106T061500Z-QE24M
RI-25-02137,S-044,passivated parts,P-14524-A,L25-0998,,2480,PO-413906,2025-11-05,"Z1.4 single, normal",K,1.0,II,125,2,staining,accept,2025-11-03 07:03:00,2025-11-04 08:41:00,E-0156,20260106T061500Z-QE24M
RI-25-02138,S-045,anodized parts,P-14066-C,L25-1014,,476,PO-469892,2025-11-06,"Z1.4 single, normal",H,1.0,II,50,0,,accept,2025-11-03 11:19:00,2025-11-04 07:45:00,E-0155,20260106T061500Z-QE24M
RI-25-02139,S-048,anodized parts,P-17389-B,L25-1046,,382,PO-457398,2025-11-05,"Z1.4 single, normal",H,1.0,II,50,0,,accept,2025-11-03 07:07:00,2025-11-03 21:44:00,E-0155,20260106T061500Z-QE24M
RI-25-02140,S-051,casting,P-11126-A,,,480,PO-451568,2025-11-07,"Z1.4 single, normal",H,1.0,II,34,0,,accept,2025-11-03 12:10:00,2025-11-04 18:22:00,E-0156,20260106T061500Z-QE24M
RI-25-02141,S-012,bar,6061 bar 19.05 mm,,MC-01107,92,PO-426730,2025-11-06,"Z1.4 single, normal",F,1.0,II,13,0,,accept,2025-11-04 14:12:00,2025-11-05 12:19:00,E-0155,20260106T061500Z-QE24M
RI-25-02142,S-017,plated parts,P-14992-A,L25-0954,,1582,PO-407061,2025-11-06,"Z1.4 single, normal",K,1.0,II,125,3,blisters,accept,2025-11-04 11:20:00,2025-11-06 05:54:00,E-0155,20260106T061500Z-QE24M
RI-25-02143,S-017,plated parts,P-13328-A,L25-0960,,1109,PO-489308,2025-11-04,"Z1.4 single, normal",J,1.0,II,80,1,plating thickness,accept,2025-11-04 07:22:00,2025-11-05 15:26:00,E-0155,20260106T061500Z-QE24M
RI-25-02144,S-026,plated parts,P-11033-A,L25-1005,,208,PO-436610,2025-11-05,"Z1.4 single, normal",G,1.0,II,50,0,,accept,2025-11-04 10:52:00,2025-11-05 06:14:00,E-0155,20260106T061500Z-QE24M
RI-25-02145,S-040,passivated parts,P-11663-A,L25-1006,,1691,PO-401230,2025-11-06,"Z1.4 single, normal",K,1.0,II,125,0,,accept,2025-11-04 10:04:00,2025-11-04 23:54:00,E-0155,20260106T061500Z-QE24M
RI-25-02146,S-043,passivated parts,P-16316-C,L25-1022,,3814,PO-466568,2025-11-07,"Z1.4 single, normal",L,1.0,II,200,1,staining,accept,2025-11-04 08:56:00,2025-11-05 01:56:00,E-0156,20260106T061500Z-QE24M
RI-25-02147,S-049,anodized parts,P-17158-A,L25-1018,,585,PO-443909,2025-11-07,"Z1.4 single, normal",J,1.0,II,80,0,,accept,2025-11-04 07:51:00,2025-11-06 05:48:00,E-0156,20260106T061500Z-QE24M
RI-25-02148,S-002,bar,1045 bar 38.1 mm,,MC-01108,36,PO-438310,2025-11-04,"Z1.4 single, normal",D,1.0,II,13,0,,accept,2025-11-05 07:39:00,2025-11-07 01:22:00,E-0155,20260106T061500Z-QE24M
RI-25-02149,S-003,bar,4140 bar 38.1 mm,,MC-01109,100,PO-492573,2025-11-05,"Z1.4 single, normal",F,1.0,II,13,0,,accept,2025-11-05 08:49:00,2025-11-05 20:38:00,E-0155,20260106T061500Z-QE24M
RI-25-02150,S-005,bar,8620 bar 25.4 mm,,MC-01352,71,PO-491648,2025-11-07,"Z1.4 single, normal",E,1.0,II,13,0,,accept,2025-11-05 07:24:00,2025-11-05 16:43:00,E-0156,20260106T061500Z-QE24M
RI-25-02151,S-016,plated parts,P-10178-D,L25-0969,,858,PO-467063,2025-10-30,"Z1.4 single, normal",J,1.0,II,80,3,adhesion,reject,2025-11-05 11:09:00,2025-11-06 21:13:00,E-0156,20260106T061500Z-QE24M
RI-25-02152,S-016,plated parts,P-18503-A,L25-1019,,1949,PO-413888,2025-10-27,"Z1.4 single, normal",K,1.0,II,62,0,,accept,2025-11-05 11:23:00,2025-11-06 02:57:00,E-0156,20260106T061500Z-QE24M
RI-25-02153,S-021,plated parts,P-18462-A,L25-1000,,4995,PO-467494,2025-11-08,"Z1.4 single, normal",L,1.0,II,200,1,adhesion,accept,2025-11-05 07:45:00,2025-11-05 16:46:00,E-0156,20260106T061500Z-QE24M
RI-25-02154,S-033,heat-treated parts,P-11462-A,L25-1032,,913,PO-435292,2025-11-06,"Z1.4 single, normal",J,1.0,II,80,0,,accept,2025-11-05 12:58:00,2025-11-07 00:29:00,E-0155,20260106T061500Z-QE24M
RI-25-02155,S-036,heat-treated parts,P-18710-A,L25-1050,,1438,PO-485491,2025-11-05,"Z1.4 single, normal",K,1.0,II,62,0,,accept,2025-11-05 14:16:00,2025-11-07 12:55:00,E-0155,20260106T061500Z-QE24M
RI-25-02156,S-039,passivated parts,P-16499-A,L25-1041,,1309,PO-429497,2025-11-05,"Z1.4 single, normal",K,1.0,II,125,1,free iron,accept,2025-11-05 10:15:00,2025-11-07 01:08:00,E-0155,20260106T061500Z-QE24M
RI-25-02157,S-040,passivated parts,P-14521-C,L25-1049,,2520,PO-400861,2025-11-09,"Z1.4 single, normal",K,1.0,II,125,0,,accept,2025-11-05 11:44:00,2025-11-07 07:42:00,E-0155,20260106T061500Z-QE24M
RI-25-02158,S-054,casting,P-11584-A,,,840,PO-424419,2025-11-08,"Z1.4 single, normal",J,1.0,II,80,1,dimension,accept,2025-11-05 09:00:00,2025-11-06 04:43:00,E-0155,20260106T061500Z-QE24M
RI-25-02159,S-010,bar,316 bar 38.1 mm,,MC-01353,57,PO-499092,2025-11-09,"Z1.4 single, normal",E,1.0,II,13,0,,accept,2025-11-06 11:18:00,2025-11-07 05:13:00,E-0155,20260106T061500Z-QE24M
RI-25-02160,S-015,plated parts,P-18914-D,L25-0988,,1047,PO-410437,2025-11-10,"Z1.4 single, normal",J,1.0,II,38,0,,accept,2025-11-06 13:27:00,2025-11-08 04:30:00,E-0155,20260106T061500Z-QE24M
RI-25-02161,S-020,plated parts,P-10123-A,L25-0950,,1260,PO-457706,2025-11-09,"Z1.4 single, normal",K,1.0,II,125,1,adhesion,accept,2025-11-06 11:06:00,2025-11-07 19:59:00,E-0155,20260106T061500Z-QE24M
RI-25-02162,S-023,plated parts,P-18795-A,L25-0971,,992,PO-487547,2025-11-10,"Z1.4 single, normal",J,1.0,II,80,0,,accept,2025-11-06 10:55:00,2025-11-07 20:46:00,E-0155,20260106T061500Z-QE24M
RI-25-02163,S-025,plated parts,P-16887-A,L25-0984,,848,PO-448564,2025-11-06,"Z1.4 single, normal",J,1.0,II,80,0,,accept,2025-11-06 09:28:00,2025-11-08 05:09:00,E-0156,20260106T061500Z-QE24M
RI-25-02164,S-032,heat-treated parts,P-13608-D,L25-1025,,1136,PO-456963,2025-11-09,"Z1.4 single, normal",J,1.0,II,45,0,,accept,2025-11-06 12:23:00,2025-11-07 23:15:00,E-0156,20260106T061500Z-QE24M
RI-25-02165,S-042,passivated parts,P-14574-C,L25-1035,,531,PO-458985,2025-11-09,"Z1.4 single, normal",J,1.0,II,80,0,,accept,2025-11-06 11:58:00,2025-11-06 19:48:00,E-0155,20260106T061500Z-QE24M
RI-25-02166,S-044,passivated parts,P-14746-D,L25-1042,,1171,PO-430311,2025-11-09,"Z1.4 single, normal",J,1.0,II,80,0,,accept,2025-11-06 07:37:00,2025-11-07 19:28:00,E-0155,20260106T061500Z-QE24M
RI-25-02167,S-044,passivated parts,P-11301-A,L25-1057,,1171,PO-422427,2025-11-10,"Z1.4 single, normal",J,1.0,II,80,2,staining,accept,2025-11-06 10:33:00,2025-11-07 05:21:00,E-0156,20260106T061500Z-QE24M
RI-25-02168,S-013,bar,7075 bar 25.4 mm,,MC-01354,112,PO-497785,2025-11-09,"Z1.4 single, normal",F,1.0,II,13,0,,accept,2025-11-07 13:18:00,2025-11-08 10:46:00,E-0156,20260106T061500Z-QE24M
RI-25-02169,S-015,plated parts,P-10869-D,L25-0990,,1910,PO-466650,2025-11-06,"Z1.4 single, normal",K,1.0,II,125,0,,accept,2025-11-07 09:51:00,2025-11-08 10:23:00,E-0155,20260106T061500Z-QE24M
RI-25-02170,S-042,passivated parts,P-12589-C,L25-1008,,689,PO-443037,2025-11-11,"Z1.4 single, normal",J,1.0,II,80,0,,accept,2025-11-07 14:03:00,2025-11-08 17:04:00,E-0155,20260106T061500Z-QE24M
RI-25-02171,S-042,passivated parts,P-12208-D,L25-1044,,635,PO-416769,2025-11-08,"Z1.4 single, normal",J,1.0,II,80,0,,accept,2025-11-07 13:49:00,2025-11-07 21:04:00,E-0155,20260106T061500Z-QE24M
RI-25-02172,S-051,casting,P-11700-B,,,820,PO-410548,2025-11-09,"Z1.4 single, normal",J,1.0,II,53,2,porosity,accept,2025-11-08 08:43:00,2025-11-09 03:23:00,E-0155,20260106T061500Z-QE24M
RI-25-02173,S-051,casting,P-11354-C,,,650,PO-403635,2025-11-11,"Z1.4 single, normal",J,1.0,II,80,1,dimension,accept,2025-11-09 07:10:00,2025-11-10 07:32:00,E-0155,20260106T061500Z-QE24M
RI-25-02174,S-051,casting,P-11584-A,,,880,PO-460266,2025-11-02,"Z1.4 single, normal",J,1.0,II,62,1,porosity,accept,2025-11-09 12:03:00,2025-11-09 13:50:00,E-0155,20260106T061500Z-QE24M
RI-25-02175,S-002,bar,1045 bar 31.75 mm,,MC-01110,96,PO-495728,2025-11-13,"Z1.4 single, normal",F,1.0,II,13,0,,accept,2025-11-10 11:58:00,2025-11-10 14:59:00,E-0155,20260106T061500Z-QE24M
RI-25-02176,S-002,bar,1045 bar 25.4 mm,,MC-01355,38,PO-405104,2025-11-13,"Z1.4 single, normal",D,1.0,II,13,0,,accept,2025-11-10 07:29:00,2025-11-10 20:14:00,E-0155,20260106T061500Z-QE24M
RI-25-02177,S-002,bar,1045 bar 31.75 mm,,MC-01356,42,PO-417730,2025-10-31,"Z1.4 single, normal",D,1.0,II,13,0,,accept,2025-11-10 13:21:00,2025-11-10 23:12:00,E-0155,20260106T061500Z-QE24M
RI-25-02178,S-008,bar,304 bar 38.1 mm,,MC-01111,28,PO-451739,2025-11-12,"Z1.4 single, normal",D,1.0,II,13,0,,accept,2025-11-10 14:15:00,2025-11-12 04:15:00,E-0155,20260106T061500Z-QE24M
RI-25-02179,S-014,bar,Ti-6Al-4V bar 50.8 mm,,MC-01112,115,PO-454327,2025-11-11,"Z1.4 single, normal",F,1.0,II,13,0,,accept,2025-11-10 07:00:00,2025-11-11 17:29:00,E-0156,20260106T061500Z-QE24M
RI-25-02180,S-014,bar,Ti-6Al-4V bar 50.8 mm,,MC-01357,91,PO-470869,2025-11-12,"Z1.4 single, normal",F,1.0,II,13,0,,accept,2025-11-10 10:08:00,2025-11-10 11:06:00,E-0155,20260106T061500Z-QE24M
RI-25-02181,S-016,plated parts,P-10284-A,L25-0985,,422,PO-458060,2025-11-12,"Z1.4 single, normal",H,1.0,II,31,2,adhesion,reject,2025-11-10 13:13:00,2025-11-11 17:23:00,E-0156,20260106T061500Z-QE24M
RI-25-02182,S-023,plated parts,P-11502-A,L25-0945,,3606,PO-470086,2025-11-06,"Z1.4 single, normal",L,1.0,II,200,0,,accept,2025-11-10 11:40:00,2025-11-10 20:34:00,E-0155,20260106T061500Z-QE24M
RI-25-02183,S-027,heat-treated parts,P-15035-A,L25-1045,,218,PO-416790,2025-11-11,"Z1.4 single, normal",G,1.0,II,50,3,hardness low,reject,2025-11-10 11:52:00,2025-11-11 07:15:00,E-0156,20260106T061500Z-QE24M
RI-25-02184,S-029,heat-treated parts,P-18778-A,L25-1064,,238,PO-457554,2025-11-14,"Z1.4 single, normal",G,1.0,II,50,0,,accept,2025-11-10 14:50:00,2025-11-11 14:00:00,E-0155,20260106T061500Z-QE24M
RI-25-02185,S-032,heat-treated parts,P-14253-B,L25-1198,,1156,PO-456150,2025-11-11,"Z1.4 single, normal",J,1.0,II,80,2,hardness low,accept,2025-11-10 14:31:00,2025-11-11 11:01:00,E-0155,20260106T061500Z-QE24M
RI-25-02186,S-033,heat-treated parts,P-13369-A,L25-1060,,851,PO-495403,2025-11-10,"Z1.4 single, normal",J,1.0,II,80,0,,accept,2025-11-10 09:18:00,2025-11-12 01:13:00,E-0155,20260106T061500Z-QE24M
RI-25-02187,S-033,heat-treated parts,P-13229-B,L25-1076,,387,PO-454831,2025-11-01,"Z1.4 single, normal",H,1.0,II,50,0,,accept,2025-11-10 09:03:00,2025-11-11 00:06:00,E-0155,20260106T061500Z-QE24M
RI-25-02188,S-036,heat-treated parts,P-14196-A,L25-1026,,1513,PO-468149,2025-11-14,"Z1.4 single, normal",K,1.0,II,125,0,,accept,2025-11-10 14:41:00,2025-11-10 22:32:00,E-0155,20260106T061500Z-QE24M
RI-25-02189,S-036,heat-treated parts,P-13307-B,L25-1036,,870,PO-403254,2025-11-14,"Z1.4 single, normal",J,1.0,II,80,2,hardness low,accept,2025-11-10 10:33:00,2025-11-10 15:05:00,E-0155,20260106T061500Z-QE24M
RI-25-02190,S-036,heat-treated parts,P-18841-A,L25-1055,,1696,PO-490346,2025-11-11,"Z1.4 single, normal",K,1.0,II,125,0,,accept,2025-11-10 12:56:00,2025-11-10 17:48:00,E-0155,20260106T061500Z-QE24M
RI-25-02191,S-037,passivated parts,P-17707-D,L25-1028,,1870,PO-407147,2025-11-10,"Z1.4 single, normal",K,1.0,II,125,0,,accept,2025-11-10 09:21:00,2025-11-11 19:40:00,E-0155,20260106T061500Z-QE24M
RI-25-02192,S-039,passivated parts,P-17795-A,L25-1024,,4846,PO-454061,2025-11-12,"Z1.4 single, normal",L,1.0,II,200,1,free iron,accept,2025-11-10 07:38:00,2025-11-11 05:53:00,E-0155,20260106T061500Z-QE24M
RI-25-02193,S-039,passivated parts,P-11347-A,L25-1051,,1027,PO-481079,2025-11-07,"Z1.4 single, normal",J,1.0,II,80,2,free iron,accept,2025-11-10 08:07:00,2025-11-11 01:52:00,E-0156,20260106T061500Z-QE24M
RI-25-02194,S-041,passivated parts,P-10845-A,L25-1056,,704,PO-449341,2025-11-12,"Z1.4 single, normal",J,1.0,II,80,3,staining,reject,2025-11-10 09:22:00,2025-11-11 13:22:00,E-0156,20260106T061500Z-QE24M
RI-25-02195,S-042,passivated parts,P-15861-B,L25-0994,,3274,PO-445052,2025-11-10,"Z1.4 single, normal",L,1.0,II,200,1,staining,accept,2025-11-10 14:38:00,2025-11-10 15:32:00,E-0155,20260106T061500Z-QE24M
RI-25-02196,S-043,passivated parts,P-16524-A,L25-1013,,1731,PO-430533,2025-11-14,"Z1.4 single, normal",K,1.0,II,125,0,,accept,2025-11-10 14:26:00,2025-11-10 19:48:00,E-0155,20260106T061500Z-QE24M
RI-25-02197,S-043,passivated parts,P-15789-B,L25-1031,,1176,PO-486407,2025-11-05,"Z1.4 single, normal",J,1.0,II,80,2,staining,accept,2025-11-10 13:48:00,2025-11-12 01:24:00,E-0156,20260106T061500Z-QE24M
RI-25-02198,S-044,passivated parts,P-16180-A,L25-1054,,838,PO-491953,2025-11-08,"Z1.4 single, normal",J,1.0,II,80,0,,accept,2025-11-10 10:40:00,2025-11-11 00:59:00,E-0156,20260106T061500Z-QE24M
RI-25-02199,S-046,anodized parts,P-13971-C,L25-1039,,595,PO-450626,2025-11-14,"Z1.4 single, normal",J,1.0,II,80,0,,accept,2025-11-10 08:46:00,2025-11-10 23:25:00,E-0156,20260106T061500Z-QE24M
RI-25-02200,S-002,bar,1045 bar 38.1 mm,,MC-01358,45,PO-455877,2025-11-05,"Z1.4 single, normal",D,1.0,II,13,0,,accept,2025-11-11 09:33:00,2025-11-11 15:06:00,E-0156,20260106T061500Z-QE24M
RI-25-02201,S-025,plated parts,P-14134-A,L25-1073,,1404,PO-433269,2025-11-11,"Z1.4 single, normal",K,1.0,II,125,0,,accept,2025-11-11 08:03:00,2025-11-12 01:24:00,E-0156,20260106T061500Z-QE24M
RI-25-02202,S-029,heat-treated parts,P-16839-B,L25-1021,,2723,PO-443262,2025-11-13,"Z1.4 single, normal",K,1.0,II,125,3,hardness high,accept,2025-11-11 11:55:00,2025-11-12 18:01:00,E-0155,20260106T061500Z-QE24M
RI-25-02203,S-029,heat-treated parts,P-12458-A,L25-1065,,992,PO-413756,2025-11-05,"Z1.4 single, normal",J,1.0,II,80,0,,accept,2025-11-11 14:34:00,2025-11-13 04:19:00,E-0156,20260106T061500Z-QE24M
RI-25-02204,S-031,heat-treated parts,P-18115-C,L25-1067,,1071,PO-455412,2025-11-15,"Z1.4 single, normal",J,1.0,II,80,3,distortion,reject,2025-11-11 07:18:00,2025-11-13 04:28:00,E-0156,20260106T061500Z-QE24M
RI-25-02205,S-034,heat-treated parts,P-16900-D,L25-1037,,1880,PO-410092,2025-11-12,"Z1.4 single, normal",K,1.0,II,125,0,,accept,2025-11-11 14:32:00,2025-11-12 02:15:00,E-0156,20260106T061500Z-QE24M
RI-25-02206,S-040,passivated parts,P-15662-A,L25-1062,,347,PO-407997,2025-11-15,"Z1.4 single, normal",H,1.0,II,50,1,free iron,accept,2025-11-11 09:30:00,2025-11-12 02:28:00,E-0156,20260106T061500Z-QE24M
RI-25-02207,S-044,passivated parts,P-16385-A,L25-1053,,605,PO-417352,2025-11-14,"Z1.4 single, normal",J,1.0,II,53,2,staining,accept,2025-11-11 14:42:00,2025-11-13 08:58:00,E-0155,20260106T061500Z-QE24M
RI-25-02208,S-044,passivated parts,P-17644-A,L25-1072,,506,PO-458494,2025-11-13,"Z1.4 single, normal",J,1.0,II,80,1,free iron,accept,2025-11-11 13:44:00,2025-11-12 21:30:00,E-0155,20260106T061500Z-QE24M
RI-25-02209,S-051,casting,P-16860-C,,,270,PO-443766,2025-11-15,"Z1.4 single, normal",G,1.0,II,50,0,,accept,2025-11-11 13:40:00,2025-11-11 21:10:00,E-0156,20260106T061500Z-QE24M
RI-25-02210,S-007,bar,303 bar 50.8 mm,,MC-01113,98,PO-440811,2025-11-14,"Z1.4 single, normal",F,1.0,II,13,0,,accept,2025-11-12 12:20:00,2025-11-13 08:24:00,E-0155,20260106T061500Z-QE24M
RI-25-02211,S-014,bar,Ti-6Al-4V bar 19.05 mm,,MC-01359,70,PO-401996,2025-11-15,"Z1.4 single, normal",E,1.0,II,13,0,,accept,2025-11-12 13:24:00,2025-11-13 23:59:00,E-0155,20260106T061500Z-QE24M
RI-25-02212,S-023,plated parts,P-18628-B,L25-1058,,1156,PO-467174,2025-11-15,"Z1.4 single, normal",J,1.0,II,80,0,,accept,2025-11-12 09:07:00,2025-11-12 14:17:00,E-0156,20260106T061500Z-QE24M
RI-25-02213,S-040,passivated parts,P-19299-A,L25-1034,,2495,PO-431742,2025-11-13,"Z1.4 single, normal",K,1.0,II,125,0,,accept,2025-11-12 12:47:00,2025-11-13 18:49:00,E-0155,20260106T061500Z-QE24M
RI-25-02214,S-040,passivated parts,P-11320-D,L25-1095,,1106,PO-420185,2025-11-15,"Z1.4 single, normal",J,1.0,II,80,0,,accept,2025-11-12 13:24:00,2025-11-14 01:57:00,E-0156,20260106T061500Z-QE24M
RI-25-02215,S-045,anodized parts,P-17287-A,L25-1084,,675,PO-427711,2025-11-13,"Z1.4 single, normal",J,1.0,II,80,0,,accept,2025-11-12 13:42:00,2025-11-14 03:18:00,E-0155,20260106T061500Z-QE24M
RI-25-02216,S-009,bar,316 bar 38.1 mm,,MC-01360,52,PO-444786,2025-11-14,"Z1.4 single, normal",E,1.0,II,13,0,,accept,2025-11-13 14:51:00,2025-11-14 16:24:00,E-0156,20260106T061500Z-QE24M
RI-25-02217,S-018,plated parts,P-14103-B,L25-1081,,2584,PO-493928,2025-11-07,"Z1.4 single, normal",K,1.0,II,125,0,,accept,2025-11-13 08:39:00,2025-11-14 22:49:00,E-0156,20260106T061500Z-QE24M
RI-25-02218,S-023,plated parts,P-16912-A,L25-0997,,714,PO-483839,2025-11-15,"Z1.4 single, normal",J,1.0,II,80,0,,accept,2025-11-13 13:54:00,2025-11-13 16:29:00,E-0156,20260106T061500Z-QE24M
RI-25-02219,S-031,heat-treated parts,P-12594-C,L25-1074,,759,PO-424952,2025-11-15,"Z1.4 single, normal",J,1.0,II,80,0,,accept,2025-11-13 08:23:00,2025-11-13 14:22:00,E-0156,20260106T061500Z-QE24M
RI-25-02220,S-038,passivated parts,P-12802-A,L25-0996,,1468,PO-467672,2025-11-16,"Z1.4 single, normal",K,1.0,II,125,1,free iron,accept,2025-11-13 08:02:00,2025-11-13 08:33:00,E-0155,20260106T061500Z-QE24M
RI-25-02221,S-048,anodized parts,P-11984-A,L25-1097,,198,PO-462870,2025-11-16,"Z1.4 single, normal",G,1.0,II,50,0,,accept,2025-11-13 07:38:00,2025-11-14 00:38:00,E-0155,20260106T061500Z-QE24M
RI-25-02222,S-051,casting,P-10887-B,,,100,PO-450096,2025-11-13,"Z1.4 single, normal",F,1.0,II,13,0,,accept,2025-11-13 10:30:00,2025-11-13 22:53:00,E-0155,20260106T061500Z-QE24M
RI-25-02223,S-012,bar,6061 bar 38.1 mm,,MC-01361,25,PO-492156,2025-11-11,"Z1.4 single, normal",C,1.0,II,13,0,,accept,2025-11-14 07:25:00,2025-11-14 17:06:00,E-0155,20260106T061500Z-QE24M
RI-25-02224,S-017,plated parts,P-13350-A,L25-1070,,883,PO-483900,2025-11-18,"Z1.4 single, normal",J,1.0,II,80,1,adhesion,accept,2025-11-14 13:09:00,2025-11-15 01:15:00,E-0156,20260106T061500Z-QE24M
RI-25-02225,S-033,heat-treated parts,P-12861-C,L25-1085,,1595,PO-467246,2025-11-17,"Z1.4 single, normal",K,1.0,II,125,3,distortion,accept,2025-11-14 14:32:00,2025-11-15 10:26:00,E-0155,20260106T061500Z-QE24M
RI-25-02226,S-036,heat-treated parts,P-16903-B,L25-1068,,893,PO-482386,2025-11-18,"Z1.4 single, normal",J,1.0,II,80,0,,accept,2025-11-14 12:28:00,2025-11-15 22:15:00,E-0156,20260106T061500Z-QE24M
RI-25-02227,S-036,heat-treated parts,P-14117-A,L25-1069,,1032,PO-438996,2025-11-16,"Z1.4 single, normal",J,1.0,II,80,2,hardness high,accept,2025-11-14 13:44:00,2025-11-15 21:20:00,E-0156,20260106T061500Z-QE24M
RI-25-02228,S-040,passivated parts,P-16312-A,L25-1052,,2346,PO-434819,2025-11-15,"Z1.4 single, normal",K,1.0,II,125,4,free iron,accept,2025-11-14 10:59:00,2025-11-16 08:59:00,E-0156,20260106T061500Z-QE24M
RI-25-02229,S-040,passivated parts,P-17732-C,L25-1063,,1180,PO-452838,2025-11-16,"Z1.4 single, normal",J,1.0,II,80,0,,accept,2025-11-14 07:56:00,2025-11-16 03:59:00,E-0155,20260106T061500Z-QE24M
RI-25-02230,S-057,purchased components,threaded inserts,,,3600,PO-433435,2025-11-16,"Z1.4 single, normal",L,1.0,II,200,0,,accept,2025-11-14 07:39:00,2025-11-15 22:28:00,E-0156,20260106T061500Z-QE24M
RI-25-02231,S-051,casting,P-11598-C,,,330,PO-482074,2025-11-16,"Z1.4 single, normal",H,1.0,II,50,0,,accept,2025-11-16 12:51:00,2025-11-17 17:05:00,E-0155,20260106T061500Z-QE24M
RI-25-02232,S-011,bar,17-4 bar 31.75 mm,,MC-01362,68,PO-475401,2025-11-18,"Z1.4 single, normal",E,1.0,II,13,0,,accept,2025-11-17 09:34:00,2025-11-17 19:30:00,E-0156,20260106T061500Z-QE24M
RI-25-02233,S-012,bar,6061 bar 19.05 mm,,MC-01114,118,PO-482035,2025-11-19,"Z1.4 single, normal",F,1.0,II,13,0,,accept,2025-11-17 11:09:00,2025-11-18 21:36:00,E-0156,20260106T061500Z-QE24M
RI-25-02234,S-013,bar,7075 bar 50.8 mm,,MC-01115,42,PO-400131,2025-11-17,"Z1.4 single, normal",D,1.0,II,13,0,,accept,2025-11-17 14:46:00,2025-11-17 23:29:00,E-0156,20260106T061500Z-QE24M
RI-25-02235,S-013,bar,7075 bar 50.8 mm,,MC-01363,41,PO-486060,2025-11-21,"Z1.4 single, normal",D,1.0,II,13,0,,accept,2025-11-17 12:02:00,2025-11-17 23:32:00,E-0156,20260106T061500Z-QE24M
RI-25-02236,S-017,plated parts,P-14952-A,L25-1001,,1394,PO-456522,2025-11-21,"Z1.4 single, normal",K,1.0,II,125,0,,accept,2025-11-17 08:03:00,2025-11-18 19:49:00,E-0155,20260106T061500Z-QE24M
RI-25-02237,S-020,plated parts,P-16900-D,L25-1037,,1880,PO-459727,2025-11-19,"Z1.4 single, normal",K,1.0,II,125,0,,accept,2025-11-17 11:37:00,2025-11-19 07:04:00,E-0156,20260106T061500Z-QE24M
RI-25-02238,S-022,plated parts,P-18406-A,L25-1010,,1324,PO-486194,2025-11-19,"Z1.4 single, normal",K,1.0,II,125,1,adhesion,accept,2025-11-17 13:07:00,2025-11-19 05:17:00,E-0156,20260106T061500Z-QE24M
RI-25-02239,S-022,plated parts,P-13608-D,L25-1025,,1136,PO-476709,2025-11-20,"Z1.4 single, normal",J,1.0,II,80,0,,accept,2025-11-17 09:39:00,2025-11-19 05:24:00,E-0155,20260106T061500Z-QE24M
RI-25-02240,S-025,plated parts,P-18841-A,L25-1055,,1696,PO-487680,2025-11-15,"Z1.4 single, normal",K,1.0,II,125,0,,accept,2025-11-17 08:47:00,2025-11-18 21:16:00,E-0155,20260106T061500Z-QE24M
RI-25-02241,S-028,heat-treated parts,P-17934-A,L25-1082,,908,PO-411633,2025-11-17,"Z1.4 single, normal",J,1.0,II,80,0,,accept,2025-11-17 13:54:00,2025-11-18 03:03:00,E-0155,20260106T061500Z-QE24M
RI-25-02242,S-029,heat-treated parts,P-18940-A,L25-1086,,670,PO-493668,2025-11-17,"Z1.4 single, normal",J,1.0,II,36,0,,accept,2025-11-17 09:02:00,2025-11-18 21:47:00,E-0155,20260106T061500Z-QE24M
RI-25-02243,S-032,heat-treated parts,P-18757-A,L25-1200,,570,PO-439236,2025-11-16,"Z1.4 single, normal",J,1.0,II,80,0,,accept,2025-11-17 13:10:00,2025-11-17 21:06:00,E-0156,20260106T061500Z-QE24M
RI-25-02244,S-033,heat-treated parts,P-14140-A,L25-1066,,1012,PO-473812,2025-11-19,"Z1.4 single, normal",J,1.0,II,80,0,,accept,2025-11-17 12:58:00,2025-11-19 00:45:00,E-0155,20260106T061500Z-QE24M
RI-25-02245,S-033,heat-treated parts,P-16933-A,L25-1089,,913,PO-486300,2025-11-20,"Z1.4 single, normal",J,1.0,II,80,0,,accept,2025-11-17 12:59:00,2025-11-19 04:16:00,E-0156,20260106T061500Z-QE24M
RI-25-02246,S-033,heat-treated parts,P-12828-B,L25-1090,,1516,PO-431748,2025-11-19,"Z1.4 single, normal",K,1.0,II,61,0,,accept,2025-11-17 07:36:00,2025-11-18 20:35:00,E-0156,20260106T061500Z-QE24M
RI-25-02247,S-035,heat-treated parts,P-13174-A,L25-1199,,858,PO-474999,2025-11-16,"Z1.4 single, normal",J,1.0,II,80,0,,accept,2025-11-17 10:49:00,2025-11-19 10:21:00,E-0155,20260106T061500Z-QE24M
RI-25-02248,S-036,heat-treated parts,P-13447-D,L25-1059,,1123,PO-494740,2025-11-18,"Z1.4 single, normal",J,1.0,II,80,1,hardness low,accept,2025-11-17 12:46:00,2025-11-17 14:38:00,E-0156,20260106T061500Z-QE24M
RI-25-02249,S-037,passivated parts,P-17841-B,L25-1027,,928,PO-465188,2025-11-17,"Z1.4 single, normal",J,1.0,II,80,0,,accept,2025-11-17 10:27:00,2025-11-18 07:50:00,E-0156,20260106T061500Z-QE24M
RI-25-02250,S-038,passivated parts,P-14587-C,L25-1083,,2168,PO-483845,2025-11-17,"Z1.4 single, normal",K,1.0,II,77,0,,accept,2025-11-17 07:13:00,2025-11-17 12:06:00,E-0156,20260106T061500Z-QE24M
RI-25-02251,S-038,passivated parts,P-16335-A,L25-1098,,317,PO-458852,2025-11-17,"Z1.4 single, normal",H,1.0,II,50,0,,accept,2025-11-17 09:23:00,2025-11-19 02:29:00,E-0156,20260106T061500Z-QE24M
RI-25-02252,S-040,passivated parts,P-16034-D,L25-1080,,1473,PO-400075,2025-11-17,"Z1.4 single, normal",K,1.0,II,125,1,staining,accept,2025-11-17 13:02:00,2025-11-18 02:46:00,E-0155,20260106T061500Z-QE24M
RI-25-02253,S-040,passivated parts,P-17038-D,L25-1091,,992,PO-461363,2025-11-19,"Z1.4 single, normal",J,1.0,II,60,0,,accept,2025-11-17 09:44:00,2025-11-18 14:45:00,E-0156,20260106T061500Z-QE24M
RI-25-02254,S-041,passivated parts,P-10607-C,L25-1101,,243,PO-487951,2025-11-17,"Z1.4 single, normal",G,1.0,II,50,0,,accept,2025-11-17 12:23:00,2025-11-19 03:28:00,E-0155,20260106T061500Z-QE24M
RI-25-02255,S-042,passivated parts,P-11329-A,L25-1075,,1111,PO-465721,2025-11-19,"Z1.4 single, normal",J,1.0,II,80,0,,accept,2025-11-17 08:23:00,2025-11-17 21:03:00,E-0155,20260106T061500Z-QE24M
RI-25-02256,S-042,passivated parts,P-14715-D,L25-1111,,412,PO-435213,2025-11-20,"Z1.4 single, normal",H,1.0,II,50,0,,accept,2025-11-17 12:18:00,2025-11-18 18:16:00,E-0156,20260106T061500Z-QE24M
RI-25-02257,S-044,passivated parts,P-14462-A,L25-1079,,694,PO-455829,2025-11-21,"Z1.4 single, normal",J,1.0,II,80,1,free iron,accept,2025-11-17 12:36:00,2025-11-19 03:05:00,E-0156,20260106T061500Z-QE24M
RI-25-02258,S-044,passivated parts,P-14719-A,L25-1088,,1225,PO-409603,2025-11-19,"Z1.4 single, normal",K,1.0,II,125,0,,accept,2025-11-17 08:54:00,2025-11-19 04:55:00,E-0156,20260106T061500Z-QE24M
RI-25-02259,S-044,passivated parts,P-19323-B,L25-1096,,1091,PO-406371,2025-11-21,"Z1.4 single, normal",J,1.0,II,80,0,,accept,2025-11-17 14:59:00,2025-11-17 20:44:00,E-0156,20260106T061500Z-QE24M
RI-25-02260,S-044,passivated parts,P-16180-A,L25-1103,,794,PO-422632,2025-11-17,"Z1.4 single, normal",J,1.0,II,80,0,,accept,2025-11-17 10:33:00,2025-11-19 10:05:00,E-0155,20260106T061500Z-QE24M
RI-25-02261,S-008,bar,304 bar 31.75 mm,,MC-01116,112,PO-436266,2025-11-21,"Z1.4 single, normal",F,1.0,II,13,0,,accept,2025-11-18 13:25:00,2025-11-19 14:20:00,E-0155,20260106T061500Z-QE24M
RI-25-02262,S-016,plated parts,P-11462-A,L25-1032,,913,PO-473078,2025-11-22,"Z1.4 single, normal",J,1.0,II,80,1,blisters,accept,2025-11-18 11:55:00,2025-11-19 02:00:00,E-0156,20260106T061500Z-QE24M
RI-25-02263,S-024,plated parts,P-18710-A,L25-1050,,1438,PO-401933,2025-11-18,"Z1.4 single, normal",K,1.0,II,125,0,,accept,2025-11-18 12:57:00,2025-11-19 21:08:00,E-0155,20260106T061500Z-QE24M
RI-25-02264,S-026,plated parts,P-18115-C,L25-1067,,1071,PO-462501,2025-11-19,"Z1.4 single, normal",J,1.0,II,80,0,,accept,2025-11-18 14:52:00,2025-11-19 16:43:00,E-0156,20260106T061500Z-QE24M
RI-25-02265,S-031,heat-treated parts,P-11529-B,L25-1038,,3125,PO-413593,2025-11-20,"Z1.4 single, normal",K,1.0,II,125,0,,accept,2025-11-18 11:48:00,2025-11-19 14:31:00,E-0156,20260106T061500Z-QE24M
RI-25-02266,S-033,heat-treated parts,P-14108-A,L25-1093,,1875,PO-420106,2025-11-22,"Z1.4 single, normal",K,1.0,II,125,0,,accept,2025-11-18 10:18:00,2025-11-19 06:34:00,E-0155,20260106T061500Z-QE24M
RI-25-02267,S-036,heat-treated parts,P-13317-A,L25-1087,,933,PO-404721,2025-11-18,"Z1.4 single, normal",J,1.0,II,80,2,hardness low,accept,2025-11-18 08:53:00,2025-11-19 02:34:00,E-0155,20260106T061500Z-QE24M
RI-25-02268,S-040,passivated parts,P-17004-D,L25-1109,,992,PO-496554,2025-11-18,"Z1.4 single, normal",J,1.0,II,80,3,staining,reject,2025-11-18 08:56:00,2025-11-19 02:49:00,E-0156,20260106T061500Z-QE24M
RI-25-02269,S-016,plated parts,P-14253-B,L25-1198,,1156,PO-408642,2025-11-23,"Z1.4 single, normal",J,1.0,II,80,0,,accept,2025-11-19 11:28:00,2025-11-20 13:08:00,E-0156,20260106T061500Z-QE24M
RI-25-02270,S-017,plated parts,P-13307-B,L25-1036,,870,PO-451578,2025-11-21,"Z1.4 single, normal",J,1.0,II,80,3,adhesion,accept,2025-11-19 12:50:00,2025-11-19 14:02:00,E-0156,20260106T061500Z-QE24M
RI-25-02271,S-020,plated parts,P-15035-A,L25-1045,,218,PO-411370,2025-11-21,"Z1.4 single, normal",G,1.0,II,50,0,,accept,2025-11-19 13:21:00,2025-11-20 19:05:00,E-0156,20260106T061500Z-QE24M
RI-25-02272,S-022,plated parts,P-16839-B,L25-1021,,2723,PO-462388,2025-11-22,"Z1.4 single, normal",K,1.0,II,125,2,adhesion,accept,2025-11-19 12:29:00,2025-11-20 23:00:00,E-0156,20260106T061500Z-QE24M
RI-25-02273,S-022,plated parts,P-18642-D,L25-1100,,461,PO-476529,2025-11-23,"Z1.4 single, normal",H,1.0,II,50,0,,accept,2025-11-19 11:57:00,2025-11-21 10:24:00,E-0155,20260106T061500Z-QE24M
RI-25-02274,S-026,plated parts,P-18450-A,L25-1118,,1285,PO-480638,2025-11-19,"Z1.4 single, normal",K,1.0,II,125,0,,accept,2025-11-19 14:53:00,2025-11-20 19:08:00,E-0156,20260106T061500Z-QE24M
RI-25-02275,S-027,heat-treated parts,P-13403-A,L25-1112,,902,PO-498773,2025-11-12,"Z1.4 single, normal",J,1.0,II,63,1,hardness low,accept,2025-11-19 14:45:00,2025-11-20 11:12:00,E-0156,20260106T061500Z-QE24M
RI-25-02276,S-029,heat-treated parts,P-16860-C,L25-1061,,2604,PO-405676,2025-11-23,"Z1.4 single, normal",K,1.0,II,74,1,distortion,accept,2025-11-19 08:40:00,2025-11-19 16:41:00,E-0156,20260106T061500Z-QE24M
RI-25-02277,S-029,heat-treated parts,P-18202-A,L25-1106,,506,PO-450556,2025-11-20,"Z1.4 single, normal",J,1.0,II,52,0,,accept,2025-11-19 13:07:00,2025-11-19 20:51:00,E-0156,20260106T061500Z-QE24M
RI-25-02278,S-031,heat-treated parts,P-16831-C,L25-1114,,546,PO-492662,2025-11-21,"Z1.4 single, normal",J,1.0,II,80,1,hardness high,accept,2025-11-19 09:06:00,2025-11-20 05:18:00,E-0155,20260106T061500Z-QE24M
RI-25-02279,S-034,heat-treated parts,P-13017-A,L25-1071,,3894,PO-420404,2025-11-23,"Z1.4 single, normal",L,1.0,II,96,0,,accept,2025-11-19 08:43:00,2025-11-20 03:38:00,E-0156,20260106T061500Z-QE24M
RI-25-02280,S-045,anodized parts,P-11923-A,L25-1110,,1136,PO-469203,2025-11-23,"Z1.4 single, normal",J,1.0,II,80,3,coating thickness,reject,2025-11-19 14:10:00,2025-11-20 23:39:00,E-0156,20260106T061500Z-QE24M
RI-25-02281,S-050,anodized parts,P-14048-A,L25-1077,,853,PO-410128,2025-11-19,"Z1.4 single, normal",J,1.0,II,80,0,,accept,2025-11-19 07:52:00,2025-11-20 02:01:00,E-0155,20260106T061500Z-QE24M
RI-25-02282,S-051,casting,P-16605-A,,,530,PO-435652,2025-11-21,"Z1.4 single, normal",J,1.0,II,80,0,,accept,2025-11-19 11:27:00,2025-11-19 13:12:00,E-0156,20260106T061500Z-QE24M
RI-25-02283,S-017,plated parts,P-13321-A,L25-1102,,867,PO-432966,2025-11-21,"Z1.4 single, normal",J,1.0,II,80,1,staining,accept,2025-11-20 14:13:00,2025-11-21 19:18:00,E-0155,20260106T061500Z-QE24M
RI-25-02284,S-020,plated parts,P-18153-B,L25-1094,,590,PO-448604,2025-11-20,"Z1.4 single, normal",J,1.0,II,80,0,,accept,2025-11-20 11:32:00,2025-11-22 05:37:00,E-0156,20260106T061500Z-QE24M
RI-25-02285,S-025,plated parts,P-13229-B,L25-1076,,387,PO-401712,2025-11-20,"Z1.4 single, normal",H,1.0,II,50,0,,accept,2025-11-20 08:29:00,2025-11-21 08:43:00,E-0155,20260106T061500Z-QE24M
RI-25-02286,S-045,anodized parts,P-12023-C,L25-1048,,2773,PO-443231,2025-11-24,"Z1.4 single, normal",K,1.0,II,125,1,coating thickness,accept,2025-11-20 10:59:00,2025-11-20 22:39:00,E-0156,20260106T061500Z-QE24M
RI-25-02287,S-017,plated parts,P-13369-A,L25-1060,,851,PO-450772,2025-11-23,"Z1.4 single, normal",J,1.0,II,80,2,adhesion,accept,2025-11-21 14:27:00,2025-11-22 13:37:00,E-0156,20260106T061500Z-QE24M
RI-25-02288,S-018,plated parts,P-18556-B,L25-1115,,327,PO-461077,2025-11-22,"Z1.4 single, normal",H,1.0,II,50,0,,accept,2025-11-21 08:04:00,2025-11-22 16:13:00,E-0155,20260106T061500Z-QE24M
RI-25-02289,S-024,plated parts,P-18778-A,L25-1064,,238,PO-441979,2025-11-25,"Z1.4 single, normal",G,1.0,II,50,0,,accept,2025-11-21 12:47:00,2025-11-23 02:49:00,E-0156,20260106T061500Z-QE24M
RI-25-02290,S-036,heat-treated parts,P-13483-A,L25-1122,,840,PO-444544,2025-11-25,"Z1.4 single, normal",J,1.0,II,80,0,,accept,2025-11-21 10:24:00,2025-11-21 12:08:00,E-0155,20260106T061500Z-QE24M
RI-25-02291,S-046,anodized parts,P-17178-A,L25-1104,,893,PO-402552,2025-11-22,"Z1.4 single, normal",J,1.0,II,80,0,,accept,2025-11-21 09:38:00,2025-11-21 14:31:00,E-0156,20260106T061500Z-QE24M
RI-25-02292,S-048,anodized parts,P-13863-B,L25-1078,,1210,PO-406374,2025-11-23,"Z1.4 single, normal",K,1.0,II,125,0,,accept,2025-11-21 10:27:00,2025-11-22 16:16:00,E-0156,20260106T061500Z-QE24M
RI-25-02293,S-048,anodized parts,P-11909-A,L25-1092,,1954,PO-488894,2025-11-22,"Z1.4 single, normal",K,1.0,II,125,0,,accept,2025-11-21 14:56:00,2025-11-22 18:22:00,E-0155,20260106T061500Z-QE24M
RI-25-02294,S-051,casting,P-17096-D,,,920,PO-432250,2025-11-23,"Z1.4 single, normal",J,1.0,II,80,1,dimension,accept,2025-11-22 08:41:00,2025-11-22 15:30:00,E-0155,20260106T061500Z-QE24M
RI-25-02295,S-051,casting,P-10729-A,,,520,PO-484156,2025-11-26,"Z1.4 single, normal",J,1.0,II,80,0,,accept,2025-11-23 14:19:00,2025-11-24 23:33:00,E-0155,20260106T061500Z-QE24M
RI-25-02296,S-005,bar,8620 bar 19.05 mm,,MC-01117,86,PO-468846,2025-11-24,"Z1.4 single, normal",E,1.0,II,13,0,,accept,2025-11-24 09:35:00,2025-11-26 05:20:00,E-0156,20260106T061500Z-QE24M
RI-25-02297,S-014,bar,Ti-6Al-4V bar 38.1 mm,,MC-01364,42,PO-423696,2025-11-27,"Z1.4 single, normal",D,1.0,II,13,0,,accept,2025-11-24 09:30:00,2025-11-24 23:44:00,E-0155,20260106T061500Z-QE24M
RI-25-02298,S-018,plated parts,P-12861-C,L25-1085,,1595,PO-405216,2025-11-24,"Z1.4 single, normal",K,1.0,II,125,0,,accept,2025-11-24 10:06:00,2025-11-24 20:24:00,E-0155,20260106T061500Z-QE24M
RI-25-02299,S-020,plated parts,P-14196-A,L25-1026,,1513,PO-477257,2025-11-26,"Z1.4 single, normal",K,1.0,II,125,1,plating thickness,accept,2025-11-24 09:50:00,2025-11-25 00:42:00,E-0156,20260106T061500Z-QE24M
RI-25-02300,S-020,plated parts,P-12828-B,L25-1090,,1516,PO-488249,2025-11-28,"Z1.4 single, normal",K,1.0,II,125,0,,accept,2025-11-24 12:26:00,2025-11-24 21:50:00,E-0155,20260106T061500Z-QE24M
RI-25-02301,S-020,plated parts,P-13174-A,L25-1199,,858,PO-459142,2025-11-24,"Z1.4 single, normal",J,1.0,II,45,0,,accept,2025-11-24 10:59:00,2025-11-26 06:11:00,E-0155,20260106T061500Z-QE24M
RI-25-02302,S-023,plated parts,P-14117-A,L25-1069,,1032,PO-443927,2025-11-27,"Z1.4 single, normal",J,1.0,II,80,0,,accept,2025-11-24 13:09:00,2025-11-25 12:35:00,E-0156,20260106T061500Z-QE24M
RI-25-02303,S-025,plated parts,P-12458-A,L25-1065,,992,PO-410903,2025-11-24,"Z1.4 single, normal",J,1.0,II,80,0,,accept,2025-11-24 12:55:00,2025-11-25 09:56:00,E-0155,20260106T061500Z-QE24M
RI-25-02304,S-025,plated parts,P-13267-B,L25-1124,,863,PO-418926,2025-11-25,"Z1.4 single, normal",J,1.0,II,80,3,adhesion,accept,2025-11-24 07:09:00,2025-11-24 17:38:00,E-0156,20260106T061500Z-QE24M
RI-25-02305,S-027,heat-treated parts,P-13012-A,L25-1105,,619,PO-459956,2025-11-27,"Z1.4 single, normal",J,1.0,II,80,0,,accept,2025-11-24 08:27:00,2025-11-24 16:35:00,E-0156,20260106T061500Z-QE24M
RI-25-02306,S-033,heat-treated parts,P-12367-A,L25-1201,,1061,PO-433185,2025-11-26,"Z1.4 single, normal",J,1.0,II,80,0,,accept,2025-11-24 07:32:00,2025-11-24 22:20:00,E-0155,20260106T061500Z-QE24M
RI-25-02307,S-036,heat-treated parts,P-12925-A,L25-1120,,1062,PO-404509,2025-11-28,"Z1.4 single, normal",J,1.0,II,80,0,,accept,2025-11-24 13:28:00,2025-11-25 14:19:00,E-0155,20260106T061500Z-QE24M
RI-25-02308,S-036,heat-treated parts,P-14328-A,L25-1205,,526,PO-466129,2025-11-27,"Z1.4 single, normal",J,1.0,II,80,1,distortion,accept,2025-11-24 09:36:00,2025-11-25 21:40:00,E-0155,20260106T061500Z-QE24M
RI-25-02309,S-041,passivated parts,P-10749-A,L25-1113,,466,PO-496155,2025-11-28,"Z1.4 single, normal",H,1.0,II,50,0,,accept,2025-11-24 13:22:00,2025-11-25 03:13:00,E-0155,20260106T061500Z-QE24M
RI-25-02310,S-042,passivated parts,P-14885-D,L25-1133,,397,PO-465291,2025-11-24,"Z1.4 single, normal",H,1.0,II,50,0,,accept,2025-11-24 07:00:00,2025-11-26 00:01:00,E-0155,20260106T061500Z-QE24M
RI-25-02311,S-044,passivated parts,P-12594-C,L25-1074,,759,PO-461402,2025-11-27,"Z1.4 single, normal",J,1.0,II,32,0,,accept,2025-11-24 14:20:00,2025-11-26 00:09:00,E-0156,20260106T061500Z-QE24M
RI-25-02312,S-044,passivated parts,P-15977-A,L25-1107,,471,PO-422136,2025-11-24,"Z1.4 single, normal",H,1.0,II,50,0,,accept,2025-11-24 09:40:00,2025-11-26 02:16:00,E-0155,20260106T061500Z-QE24M
RI-25-02313,S-044,passivated parts,P-18968-A,L25-1202,,1250,PO-472039,2025-11-23,"Z1.4 single, normal",K,1.0,II,125,1,free iron,accept,2025-11-24 09:36:00,2025-11-25 08:55:00,E-0156,20260106T061500Z-QE24M
RI-25-02314,S-051,casting,P-16150-B,,,420,PO-469472,2025-11-28,"Z1.4 single, normal",H,1.0,II,27,0,,accept,2025-11-24 07:38:00,2025-11-25 13:51:00,E-0156,20260106T061500Z-QE24M
RI-25-02315,S-002,bar,1045 bar 38.1 mm,,MC-01118,45,PO-460662,2025-11-26,"Z1.4 single, normal",D,1.0,II,13,0,,accept,2025-11-25 12:24:00,2025-11-25 16:23:00,E-0156,20260106T061500Z-QE24M
RI-25-02316,S-003,bar,4140 bar 31.75 mm,,MC-01365,27,PO-428266,2025-11-27,"Z1.4 single, normal",D,1.0,II,13,0,,accept,2025-11-25 07:12:00,2025-11-25 15:30:00,E-0155,20260106T061500Z-QE24M
RI-25-02317,S-016,plated parts,P-16903-B,L25-1068,,893,PO-414583,2025-11-28,"Z1.4 single, normal",J,1.0,II,80,0,,accept,2025-11-25 09:00:00,2025-11-26 01:06:00,E-0155,20260106T061500Z-QE24M
RI-25-02318,S-016,plated parts,P-12558-A,L25-1203,,451,PO-443216,2025-11-27,"Z1.4 single, normal",H,1.0,II,27,0,,accept,2025-11-25 11:21:00,2025-11-26 19:10:00,E-0156,20260106T061500Z-QE24M
RI-25-02319,S-018,plated parts,P-13017-A,L25-1071,,3894,PO-474684,2025-11-26,"Z1.4 single, normal",L,1.0,II,200,3,blisters,accept,2025-11-25 09:21:00,2025-11-25 21:05:00,E-0156,20260106T061500Z-QE24M
RI-25-02320,S-042,passivated parts,P-15642-A,L25-1108,,714,PO-435148,2025-11-29,"Z1.4 single, normal",J,1.0,II,80,1,staining,accept,2025-11-25 08:58:00,2025-11-27 03:19:00,E-0155,20260106T061500Z-QE24M
RI-25-02321,S-051,casting,P-11373-D,,,580,PO-492427,2025-11-27,"Z1.4 single, normal",J,1.0,II,80,0,,accept,2025-11-25 07:48:00,2025-11-25 12:00:00,E-0155,20260106T061500Z-QE24M
RI-25-02322,S-001,bar,1018 bar 25.4 mm,,MC-01366,27,PO-438573,2025-11-29,"Z1.4 single, normal",D,1.0,II,13,0,,accept,2025-11-26 07:29:00,2025-11-27 17:42:00,E-0156,20260106T061500Z-QE24M
RI-25-02323,S-003,bar,4140 bar 25.4 mm,,MC-01367,100,PO-484208,2025-11-29,"Z1.4 single, normal",F,1.0,II,13,0,,accept,2025-11-26 13:32:00,2025-11-28 01:44:00,E-0155,20260106T061500Z-QE24M
RI-25-02324,S-003,bar,4140 bar 38.1 mm,,MC-01368,52,PO-467828,2025-11-30,"Z1.4 single, normal",E,1.0,II,6,0,,accept,2025-11-26 11:28:00,2025-11-28 01:08:00,E-0156,20260106T061500Z-QE24M
RI-25-02325,S-005,bar,8620 bar 31.75 mm,,MC-01369,87,PO-455083,2025-11-30,"Z1.4 single, normal",E,1.0,II,7,0,,accept,2025-11-26 07:18:00,2025-11-27 14:48:00,E-0155,20260106T061500Z-QE24M
RI-25-02326,S-017,plated parts,P-14966-D,L25-1117,,1433,PO-424171,2025-11-29,"Z1.4 single, normal",K,1.0,II,95,0,,accept,2025-11-26 12:39:00,2025-11-28 06:08:00,E-0156,20260106T061500Z-QE24M
RI-25-02327,S-023,plated parts,P-14108-A,L25-1093,,1875,PO-475158,2025-11-27,"Z1.4 single, normal",K,1.0,II,125,2,plating thickness,accept,2025-11-26 07:53:00,2025-11-26 15:57:00,E-0155,20260106T061500Z-QE24M
RI-25-02328,S-023,plated parts,P-18757-A,L25-1200,,570,PO-433322,2025-11-30,"Z1.4 single, normal",J,1.0,II,80,0,,accept,2025-11-26 07:03:00,2025-11-27 08:52:00,E-0155,20260106T061500Z-QE24M
RI-25-02329,S-026,plated parts,P-18940-A,L25-1086,,670,PO-480466,2025-11-30,"Z1.4 single, normal",J,1.0,II,80,1,plating thickness,accept,2025-11-26 09:08:00,2025-11-26 15:58:00,E-0155,20260106T061500Z-QE24M
RI-25-02330,S-031,heat-treated parts,P-18065-A,L25-1129,,1091,PO-458130,2025-11-28,"Z1.4 single, normal",J,1.0,II,80,0,,accept,2025-11-26 12:42:00,2025-11-26 21:31:00,E-0156,20260106T061500Z-QE24M
RI-25-02331,S-033,heat-treated parts,P-14212-C,L25-1126,,923,PO-442987,2025-11-26,"Z1.4 single, normal",J,1.0,II,80,0,,accept,2025-11-26 12:28:00,2025-11-27 22:37:00,E-0155,20260106T061500Z-QE24M
RI-25-02332,S-051,casting,P-10536-A,,,1250,PO-444314,2025-12-01,"Z1.4 single, normal",K,1.0,II,125,1,porosity,accept,2025-11-29 14:55:00,2025-11-30 12:01:00,E-0155,20260106T061500Z-QE24M
RI-25-02333,S-002,bar,1045 bar 31.75 mm,,MC-01119,102,PO-405551,2025-12-01,"Z1.4 single, normal",F,1.0,II,13,0,,accept,2025-12-01 07:29:00,2025-12-01 20:50:00,E-0156,20260106T061500Z-QE24M
RI-25-02334,S-003,bar,4140 bar 38.1 mm,,MC-01370,60,PO-477736,2025-12-01,"Z1.4 single, normal",E,1.0,II,13,0,,accept,2025-12-01 09:10:00,2025-12-02 19:49:00,E-0155,20260106T061500Z-QE24M
RI-25-02335,S-014,bar,Ti-6Al-4V bar 19.05 mm,,MC-01371,112,PO-499697,2025-12-04,"Z1.4 single, normal",F,1.0,II,13,0,,accept,2025-12-01 13:05:00,2025-12-02 20:31:00,E-0155,20260106T061500Z-QE24M
RI-25-02336,S-015,plated parts,P-14401-A,L25-1204,,1667,PO-442639,2025-11-25,"Z1.4 single, normal",K,1.0,II,125,2,staining,accept,2025-12-01 11:56:00,2025-12-03 08:29:00,E-0156,20260106T061500Z-QE24M
RI-25-02337,S-016,plated parts,P-16831-C,L25-1114,,546,PO-410937,2025-12-05,"Z1.4 single, normal",J,1.0,II,80,1,blisters,accept,2025-12-01 12:53:00,2025-12-02 22:15:00,E-0156,20260106T061500Z-QE24M
RI-25-02338,S-017,plated parts,P-13447-D,L25-1059,,1123,PO-424260,2025-12-05,"Z1.4 single, normal",J,1.0,II,80,0,,accept,2025-12-01 10:01:00,2025-12-02 11:16:00,E-0155,20260106T061500Z-QE24M
RI-25-02339,S-017,plated parts,P-13317-A,L25-1087,,933,PO-469406,2025-12-01,"Z1.4 single, normal",J,1.0,II,80,0,,accept,2025-12-01 11:52:00,2025-12-01 19:22:00,E-0156,20260106T061500Z-QE24M
RI-25-02340,S-017,plated parts,P-13403-A,L25-1112,,902,PO-441329,2025-12-04,"Z1.4 single, normal",J,1.0,II,80,0,,accept,2025-12-01 12:32:00,2025-12-02 23:17:00,E-0156,20260106T061500Z-QE24M
RI-25-02341,S-018,plated parts,P-11529-B,L25-1038,,3125,PO-410550,2025-12-04,"Z1.4 single, normal",K,1.0,II,125,0,,accept,2025-12-01 10:38:00,2025-12-02 05:05:00,E-0155,20260106T061500Z-QE24M
RI-25-02342,S-020,plated parts,P-18604-C,L25-1125,,1652,PO-432498,2025-12-02,"Z1.4 single, normal",K,1.0,II,98,0,,accept,2025-12-01 09:21:00,2025-12-03 02:01:00,E-0156,20260106T061500Z-QE24M
RI-25-02343,S-020,plated parts,P-12947-A,L25-1153,,1050,PO-436026,2025-12-05,"Z1.4 single, normal",J,1.0,II,56,0,,accept,2025-12-01 13:17:00,2025-12-02 00:54:00,E-0156,20260106T061500Z-QE24M
RI-25-02344,S-022,plated parts,P-12925-A,L25-1120,,1062,PO-433774,2025-12-04,"Z1.4 single, normal",J,1.0,II,80,1,blisters,accept,2025-12-01 11:07:00,2025-12-02 20:24:00,E-0155,20260106T061500Z-QE24M
RI-25-02345,S-026,plated parts,P-16860-C,L25-1061,,2604,PO-449102,2025-11-22,"Z1.4 single, normal",K,1.0,II,125,2,blisters,accept,2025-12-01 10:06:00,2025-12-02 00:52:00,E-0155,20260106T061500Z-QE24M
RI-25-02346,S-026,plated parts,P-16933-A,L25-1089,,913,PO-474658,2025-12-03,"Z1.4 single, normal",J,1.0,II,80,1,adhesion,accept,2025-12-01 14:36:00,2025-12-03 04:03:00,E-0155,20260106T061500Z-QE24M
RI-25-02347,S-033,heat-treated parts,P-14928-A,L25-1123,,1488,PO-461967,2025-12-04,"Z1.4 single, normal",K,1.0,II,125,1,hardness high,accept,2025-12-01 11:16:00,2025-12-02 07:40:00,E-0156,20260106T061500Z-QE24M
RI-25-02348,S-033,heat-treated parts,P-14175-A,L25-1148,,759,PO-492988,2025-12-05,"Z1.4 single, normal",J,1.0,II,80,0,,accept,2025-12-01 07:33:00,2025-12-02 13:22:00,E-0155,20260106T061500Z-QE24M
RI-25-02349,S-034,heat-treated parts,P-15083-A,L25-1130,,833,PO-480838,2025-12-05,"Z1.4 single, normal",J,1.0,II,80,0,,accept,2025-12-01 08:35:00,2025-12-02 23:35:00,E-0155,20260106T061500Z-QE24M
RI-25-02350,S-034,heat-treated parts,P-18420-D,L25-1142,,967,PO-400789,2025-11-27,"Z1.4 single, normal",J,1.0,II,80,0,,accept,2025-12-01 10:37:00,2025-12-03 03:04:00,E-0155,20260106T061500Z-QE24M
RI-25-02351,S-036,heat-treated parts,P-14168-B,L25-1138,,873,PO-495684,2025-12-01,"Z1.4 single, normal",J,1.0,II,80,1,hardness low,accept,2025-12-01 07:45:00,2025-12-01 19:10:00,E-0155,20260106T061500Z-QE24M
RI-25-02352,S-039,passivated parts,P-11282-A,L25-1127,,1052,PO-427460,2025-12-01,"Z1.4 single, normal",J,1.0,II,80,2,free iron,accept,2025-12-01 08:42:00,2025-12-03 05:46:00,E-0156,20260106T061500Z-QE24M
RI-25-02353,S-040,passivated parts,P-11163-D,L25-1128,,2182,PO-468785,2025-12-02,"Z1.4 single, normal",K,1.0,II,125,0,,accept,2025-12-01 07:03:00,2025-12-02 19:47:00,E-0155,20260106T061500Z-QE24M
RI-25-02354,S-040,passivated parts,P-11265-A,L25-1145,,1131,PO-455986,2025-12-04,"Z1.4 single, normal",J,1.0,II,80,2,free iron,accept,2025-12-01 07:45:00,2025-12-02 09:06:00,E-0155,20260106T061500Z-QE24M
RI-25-02355,S-042,passivated parts,P-12164-A,L25-1143,,273,PO-431322,2025-12-02,"Z1.4 single, normal",G,1.0,II,50,0,,accept,2025-12-01 13:01:00,2025-12-02 03:12:00,E-0155,20260106T061500Z-QE24M
RI-25-02356,S-043,passivated parts,P-11745-D,L25-1119,,1478,PO-485403,2025-12-03,"Z1.4 single, normal",K,1.0,II,125,0,,accept,2025-12-01 14:35:00,2025-12-01 20:40:00,E-0156,20260106T061500Z-QE24M
RI-25-02357,S-044,passivated parts,P-17934-A,L25-1082,,908,PO-409448,2025-12-05,"Z1.4 single, normal",J,1.0,II,80,1,free iron,accept,2025-12-01 14:09:00,2025-12-02 17:54:00,E-0156,20260106T061500Z-QE24M
RI-25-02358,S-044,passivated parts,P-16403-B,L25-1208,,863,PO-438415,2025-12-02,"Z1.4 single, normal",J,1.0,II,80,0,,accept,2025-12-01 12:03:00,2025-12-03 00:42:00,E-0155,20260106T061500Z-QE24M
RI-25-02359,S-045,anodized parts,P-12004-A,L25-1121,,928,PO-463324,2025-12-03,"Z1.4 single, normal",J,1.0,II,80,2,color,accept,2025-12-01 13:55:00,2025-12-03 12:03:00,E-0155,20260106T061500Z-QE24M
RI-25-02360,S-051,casting,P-10497-B,,,930,PO-410877,2025-12-01,"Z1.4 single, normal",J,1.0,II,52,0,,accept,2025-12-01 10:52:00,2025-12-02 01:20:00,E-0156,20260106T061500Z-QE24M
RI-25-02361,S-053,casting,P-10536-A,,,100,PO-496452,2025-12-04,"Z1.4 single, normal",F,1.0,II,6,0,,accept,2025-12-01 11:03:00,2025-12-01 19:26:00,E-0156,20260106T061500Z-QE24M
RI-25-02362,S-060,purchased components,threaded inserts,,,1032,PO-414837,2025-12-01,"Z1.4 single, normal",J,1.0,II,80,0,,accept,2025-12-01 08:31:00,2025-12-03 02:08:00,E-0155,20260106T061500Z-QE24M
RI-25-02363,S-002,bar,1045 bar 25.4 mm,,MC-01372,87,PO-482952,2025-11-25,"Z1.4 single, normal",E,1.0,II,13,0,,accept,2025-12-02 13:01:00,2025-12-02 16:30:00,E-0155,20260106T061500Z-QE24M
RI-25-02364,S-003,bar,4140 bar 31.75 mm,,MC-01374,70,PO-481655,2025-12-05,"Z1.4 single, normal",E,1.0,II,13,0,,accept,2025-12-02 13:16:00,2025-12-03 00:00:00,E-0155,20260106T061500Z-QE24M
RI-25-02365,S-007,bar,303 bar 50.8 mm,,MC-01373,35,PO-458249,2025-12-06,"Z1.4 single, normal",D,1.0,II,13,0,,accept,2025-12-02 13:07:00,2025-12-04 08:50:00,E-0155,20260106T061500Z-QE24M
RI-25-02366,S-017,plated parts,P-13483-A,L25-1122,,840,PO-472975,2025-12-04,"Z1.4 single, normal",J,1.0,II,80,2,adhesion,accept,2025-12-02 09:07:00,2025-12-02 21:59:00,E-0156,20260106T061500Z-QE24M
RI-25-02367,S-024,plated parts,P-18202-A,L25-1106,,506,PO-468102,2025-12-04,"Z1.4 single, normal",J,1.0,II,80,0,,accept,2025-12-02 07:15:00,2025-12-03 20:44:00,E-0155,20260106T061500Z-QE24M
RI-25-02368,S-025,plated parts,P-13012-A,L25-1105,,619,PO-467390,2025-12-03,"Z1.4 single, normal",J,1.0,II,80,0,,accept,2025-12-02 09:21:00,2025-12-04 09:13:00,E-0156,20260106T061500Z-QE24M
RI-25-02369,S-036,heat-treated parts,P-12835-A,L25-1161,,565,PO-456878,2025-12-02,"Z1.4 single, normal",J,1.0,II,80,0,,accept,2025-12-02 09:37:00,2025-12-02 13:25:00,E-0155,20260106T061500Z-QE24M
RI-25-02370,S-039,passivated parts,P-12075-A,L25-1099,,4137,PO-447609,2025-12-02,"Z1.4 single, normal",L,1.0,II,83,2,free iron,accept,2025-12-02 11:31:00,2025-12-03 06:23:00,E-0155,20260106T061500Z-QE24M
RI-25-02371,S-044,passivated parts,P-11173-A,L25-1136,,2406,PO-446917,2025-12-06,"Z1.4 single, normal",K,1.0,II,125,2,staining,accept,2025-12-02 13:15:00,2025-12-04 10:35:00,E-0156,20260106T061500Z-QE24M
RI-25-02372,S-045,anodized parts,P-11962-A,L25-1141,,466,PO-440495,2025-12-02,"Z1.4 single, normal",H,1.0,II,50,1,color,accept,2025-12-02 14:28:00,2025-12-03 09:10:00,E-0156,20260106T061500Z-QE24M
RI-25-02373,S-050,anodized parts,P-17077-A,L25-1132,,546,PO-480473,2025-12-06,"Z1.4 single, normal",J,1.0,II,80,0,,accept,2025-12-02 14:27:00,2025-12-02 22:32:00,E-0156,20260106T061500Z-QE24M
RI-25-02374,S-051,casting,P-10887-B,,,930,PO-400446,2025-12-06,"Z1.4 single, normal",J,1.0,II,80,0,,accept,2025-12-02 14:34:00,2025-12-02 15:38:00,E-0155,20260106T061500Z-QE24M
RI-25-02375,S-002,bar,1045 bar 25.4 mm,,MC-01375,102,PO-453400,2025-12-05,"Z1.4 single, normal",F,1.0,II,13,0,,accept,2025-12-03 14:56:00,2025-12-03 16:23:00,E-0156,20260106T061500Z-QE24M
RI-25-02376,S-003,bar,4140 bar 31.75 mm,,MC-01376,45,PO-440555,2025-11-23,"Z1.4 single, normal",D,1.0,II,13,0,,accept,2025-12-03 10:37:00,2025-12-03 14:54:00,E-0156,20260106T061500Z-QE24M
RI-25-02377,S-014,bar,Ti-6Al-4V bar 50.8 mm,,MC-01377,114,PO-415356,2025-12-05,"Z1.4 single, normal",F,1.0,II,13,0,,accept,2025-12-03 09:51:00,2025-12-03 17:16:00,E-0156,20260106T061500Z-QE24M
RI-25-02378,S-033,heat-treated parts,P-14952-A,L25-1131,,1433,PO-404129,2025-12-03,"Z1.4 single, normal",K,1.0,II,125,0,,accept,2025-12-03 11:47:00,2025-12-05 06:38:00,E-0155,20260106T061500Z-QE24M
RI-25-02379,S-030,heat-treated parts,P-10989-A,L25-1209,,605,PO-466294,2025-12-07,"Z1.4 single, normal",J,1.0,II,80,3,hardness low,accept,2025-12-04 09:05:00,2025-12-05 10:47:00,E-0155,20260106T061500Z-QE24M
RI-25-02380,S-046,anodized parts,P-14063-D,L25-1147,,1076,PO-483728,2025-12-04,"Z1.4 single, normal",J,1.0,II,80,0,,accept,2025-12-04 13:22:00,2025-12-04 14:12:00,E-0155,20260106T061500Z-QE24M
RI-25-02381,S-005,bar,8620 bar 19.05 mm,,MC-01378,115,PO-419786,2025-12-06,"Z1.4 single, normal",F,1.0,II,13,0,,accept,2025-12-05 14:29:00,2025-12-06 03:53:00,E-0156,20260106T061500Z-QE24M
RI-25-02382,S-027,heat-treated parts,P-12701-A,L25-1155,,972,PO-487029,2025-12-08,"Z1.4 single, normal",J,1.0,II,80,0,,accept,2025-12-05 10:33:00,2025-12-05 23:38:00,E-0155,20260106T061500Z-QE24M
RI-25-02383,S-034,heat-treated parts,P-12756-B,L25-1210,,1756,PO-443716,2025-12-06,"Z1.4 single, normal",K,1.0,II,125,0,,accept,2025-12-05 12:56:00,2025-12-07 01:04:00,E-0156,20260106T061500Z-QE24M
RI-25-02384,S-044,passivated parts,P-16237-A,L25-1146,,2331,PO-470969,2025-12-07,"Z1.4 single, normal",K,1.0,II,79,0,,accept,2025-12-05 08:21:00,2025-12-06 16:29:00,E-0155,20260106T061500Z-QE24M
RI-25-02385,S-051,casting,P-10743-D,,,350,PO-476163,2025-12-06,"Z1.4 single, normal",H,1.0,II,50,0,,accept,2025-12-06 12:33:00,2025-12-06 20:15:00,E-0155,20260106T061500Z-QE24M
RI-25-02386,S-057,purchased components,O-rings,,,600,PO-490783,2025-12-07,"Z1.4 single, normal",J,1.0,II,80,0,,accept,2025-12-06 10:32:00,2025-12-07 22:17:00,E-0156,20260106T061500Z-QE24M
RI-25-02387,S-007,bar,303 bar 50.8 mm,,MC-01379,69,PO-414023,2025-12-12,"Z1.4 single, normal",E,1.0,II,13,0,,accept,2025-12-08 11:25:00,2025-12-10 03:23:00,E-0156,20260106T061500Z-QE24M
RI-25-02388,S-014,bar,Ti-6Al-4V bar 38.1 mm,,MC-01380,99,PO-468696,2025-12-12,"Z1.4 single, normal",F,1.0,II,13,0,,accept,2025-12-08 10:32:00,2025-12-09 09:27:00,E-0155,20260106T061500Z-QE24M
RI-25-02389,S-020,plated parts,P-14328-A,L25-1205,,526,PO-416213,2025-12-09,"Z1.4 single, normal",J,1.0,II,80,0,,accept,2025-12-08 12:44:00,2025-12-08 18:18:00,E-0156,20260106T061500Z-QE24M
RI-25-02390,S-023,plated parts,P-14212-C,L25-1126,,923,PO-424556,2025-12-08,"Z1.4 single, normal",J,1.0,II,80,0,,accept,2025-12-08 13:37:00,2025-12-09 23:43:00,E-0155,20260106T061500Z-QE24M
RI-25-02391,S-023,plated parts,P-10378-D,L25-1213,,665,PO-442496,2025-12-10,"Z1.4 single, normal",J,1.0,II,80,0,,accept,2025-12-08 09:02:00,2025-12-08 15:27:00,E-0156,20260106T061500Z-QE24M
RI-25-02392,S-024,plated parts,P-12367-A,L25-1201,,1061,PO-445043,2025-12-12,"Z1.4 single, normal",J,1.0,II,80,0,,accept,2025-12-08 13:48:00,2025-12-08 17:36:00,E-0156,20260106T061500Z-QE24M
RI-25-02393,S-025,plated parts,P-10147-B,L25-1134,,1443,PO-487706,2025-12-09,"Z1.4 single, normal",K,1.0,II,125,0,,accept,2025-12-08 13:31:00,2025-12-10 07:44:00,E-0155,20260106T061500Z-QE24M
RI-25-02394,S-026,plated parts,P-15083-A,L25-1130,,833,PO-404083,2025-12-12,"Z1.4 single, normal",J,1.0,II,80,3,staining,reject,2025-12-08 07:11:00,2025-12-09 02:38:00,E-0156,20260106T061500Z-QE24M
RI-25-02395,S-027,heat-treated parts,P-18234-B,L25-1165,,1012,PO-482414,2025-12-08,"Z1.4 single, normal",J,1.0,II,80,0,,accept,2025-12-08 12:43:00,2025-12-09 02:00:00,E-0155,20260106T061500Z-QE24M
RI-25-02396,S-033,heat-treated parts,P-13229-B,L25-1211,,402,PO-431950,2025-12-08,"Z1.4 single, normal",H,1.0,II,38,0,,accept,2025-12-08 08:15:00,2025-12-10 07:04:00,E-0156,20260106T061500Z-QE24M
RI-25-02397,S-037,passivated parts,P-11768-A,L25-1144,,2773,PO-416390,2025-12-10,"Z1.4 single, normal",K,1.0,II,125,0,,accept,2025-12-08 07:41:00,2025-12-08 14:10:00,E-0155,20260106T061500Z-QE24M
RI-25-02398,S-039,passivated parts,P-11201-A,L25-1152,,1012,PO-499598,2025-12-12,"Z1.4 single, normal",J,1.0,II,80,0,,accept,2025-12-08 08:56:00,2025-12-09 09:16:00,E-0156,20260106T061500Z-QE24M
RI-25-02399,S-050,anodized parts,P-17220-A,L25-1139,,893,PO-424433,2025-12-12,"Z1.4 single, normal",J,1.0,II,80,1,color,accept,2025-12-08 07:58:00,2025-12-10 06:04:00,E-0155,20260106T061500Z-QE24M
RI-25-02400,S-018,plated parts,P-13122-B,L25-1150,,1463,PO-463539,2025-12-13,"Z1.4 single, normal",K,1.0,II,125,1,adhesion,accept,2025-12-09 11:58:00,2025-12-10 22:58:00,E-0155,20260106T061500Z-QE24M
RI-25-02401,S-027,heat-treated parts,P-15200-C,L25-1223,,1304,PO-461425,2025-12-10,"Z1.4 single, normal",K,1.0,II,125,0,,accept,2025-12-09 12:25:00,2025-12-10 22:28:00,E-0155,20260106T061500Z-QE24M
RI-25-02402,S-039,passivated parts,P-12303-D,L25-1163,,937,PO-485169,2025-12-09,"Z1.4 single, normal",J,1.0,II,80,0,,accept,2025-12-09 12:38:00,2025-12-10 00:34:00,E-0156,20260106T061500Z-QE24M
RI-25-02403,S-039,passivated parts,P-11167-D,L25-1168,,1091,PO-455416,2025-12-01,"Z1.4 single, normal",J,1.0,II,80,2,free iron,accept,2025-12-09 09:24:00,2025-12-10 09:09:00,E-0156,20260106T061500Z-QE24M
RI-25-02404,S-043,passivated parts,P-14548-D,L25-1207,,3928,PO-426764,2025-12-10,"Z1.4 single, normal",L,1.0,II,200,0,,accept,2025-12-09 10:40:00,2025-12-10 15:45:00,E-0156,20260106T061500Z-QE24M
RI-25-02405,S-044,passivated parts,P-16180-A,L25-1166,,853,PO-486913,2025-12-11,"Z1.4 single, normal",J,1.0,II,80,1,free iron,accept,2025-12-09 14:23:00,2025-12-09 15:33:00,E-0155,20260106T061500Z-QE24M
RI-25-02406,S-045,anodized parts,P-13976-B,L25-1164,,794,PO-466211,2025-12-12,"Z1.4 single, normal",J,1.0,II,80,1,color,accept,2025-12-09 12:16:00,2025-12-10 16:33:00,E-0156,20260106T061500Z-QE24M
RI-25-02407,S-047,anodized parts,P-17053-A,L25-1215,,1037,PO-498822,2025-12-11,"Z1.4 single, normal",J,1.0,II,80,1,coating thickness,accept,2025-12-09 13:18:00,2025-12-11 03:33:00,E-0156,20260106T061500Z-QE24M
RI-25-02408,S-048,anodized parts,P-11950-A,L25-1169,,903,PO-401484,2025-12-12,"Z1.4 single, normal",J,1.0,II,80,0,,accept,2025-12-09 11:43:00,2025-12-10 05:30:00,E-0155,20260106T061500Z-QE24M
RI-25-02409,S-008,bar,304 bar 31.75 mm,,MC-01381,72,PO-437520,2025-12-10,"Z1.4 single, normal",E,1.0,II,13,0,,accept,2025-12-10 09:52:00,2025-12-12 02:43:00,E-0155,20260106T061500Z-QE24M
RI-25-02410,S-017,plated parts,P-14928-A,L25-1123,,1488,PO-498542,2025-12-13,"Z1.4 single, normal",K,1.0,II,55,0,,accept,2025-12-10 13:03:00,2025-12-11 23:52:00,E-0156,20260106T061500Z-QE24M
RI-25-02411,S-020,plated parts,P-12868-D,L25-1170,,723,PO-412681,2025-12-11,"Z1.4 single, normal",J,1.0,II,80,1,adhesion,accept,2025-12-10 12:50:00,2025-12-11 21:51:00,E-0155,20260106T061500Z-QE24M
RI-25-02412,S-026,plated parts,P-13285-C,L25-1149,,2217,PO-437935,2025-12-11,"Z1.4 single, normal",K,1.0,II,125,0,,accept,2025-12-10 07:22:00,2025-12-11 04:31:00,E-0156,20260106T061500Z-QE24M
RI-25-02413,S-027,heat-treated parts,P-18234-B,L25-1218,,937,PO-413533,2025-12-13,"Z1.4 single, normal",J,1.0,II,80,1,distortion,accept,2025-12-10 11:35:00,2025-12-11 10:18:00,E-0155,20260106T061500Z-QE24M
RI-25-02414,S-039,passivated parts,P-16147-A,L25-1176,,838,PO-463840,2025-12-11,"Z1.4 single, normal",J,1.0,II,80,0,,accept,2025-12-10 11:28:00,2025-12-11 13:04:00,E-0155,20260106T061500Z-QE24M
RI-25-02415,S-051,casting,P-11449-A,,,890,PO-444088,2025-12-13,"Z1.4 single, normal",J,1.0,II,39,0,,accept,2025-12-10 12:21:00,2025-12-11 06:47:00,E-0156,20260106T061500Z-QE24M
RI-25-02416,S-054,casting,P-10845-A,,,820,PO-469672,2025-12-11,"Z1.4 single, normal",J,1.0,II,80,0,,accept,2025-12-10 13:38:00,2025-12-10 17:31:00,E-0156,20260106T061500Z-QE24M
RI-25-02417,S-003,bar,4140 bar 25.4 mm,,MC-01382,86,PO-479286,2025-12-02,"Z1.4 single, normal",E,1.0,II,8,0,,accept,2025-12-11 14:41:00,2025-12-12 05:43:00,E-0156,20260106T061500Z-QE24M
RI-25-02418,S-016,plated parts,P-18420-D,L25-1142,,967,PO-431432,2025-12-12,"Z1.4 single, normal",J,1.0,II,80,1,blisters,accept,2025-12-11 09:35:00,2025-12-11 14:50:00,E-0155,20260106T061500Z-QE24M
RI-25-02419,S-017,plated parts,P-14952-A,L25-1131,,1433,PO-493414,2025-12-14,"Z1.4 single, normal",K,1.0,II,125,0,,accept,2025-12-11 14:07:00,2025-12-12 22:31:00,E-0156,20260106T061500Z-QE24M
RI-25-02420,S-026,plated parts,P-14175-A,L25-1148,,759,PO-456043,2025-12-11,"Z1.4 single, normal",J,1.0,II,80,0,,accept,2025-12-11 11:29:00,2025-12-12 06:44:00,E-0156,20260106T061500Z-QE24M
RI-25-02421,S-030,heat-treated parts,P-10900-A,L25-1140,,4563,PO-457371,2025-12-13,"Z1.4 single, normal",L,1.0,II,200,9,hardness high,reject,2025-12-11 10:34:00,2025-12-12 01:31:00,E-0155,20260106T061500Z-QE24M
RI-25-02422,S-039,passivated parts,P-17500-A,L25-1156,,1255,PO-443928,2025-12-12,"Z1.4 single, normal",K,1.0,II,125,1,staining,accept,2025-12-11 12:03:00,2025-12-12 04:58:00,E-0155,20260106T061500Z-QE24M
RI-25-02423,S-039,passivated parts,P-17672-D,L25-1219,,1676,PO-480796,2025-12-11,"Z1.4 single, normal",K,1.0,II,125,1,free iron,accept,2025-12-11 09:31:00,2025-12-13 06:32:00,E-0156,20260106T061500Z-QE24M
RI-25-02424,S-040,passivated parts,P-17038-D,L25-1171,,992,PO-499890,2025-12-15,"Z1.4 single, normal",J,1.0,II,80,1,staining,accept,2025-12-11 07:30:00,2025-12-11 11:51:00,E-0156,20260106T061500Z-QE24M
RI-25-02425,S-040,passivated parts,P-17004-D,L25-1175,,992,PO-412254,2025-12-12,"Z1.4 single, normal",J,1.0,II,80,0,,accept,2025-12-11 10:29:00,2025-12-11 13:23:00,E-0155,20260106T061500Z-QE24M
RI-25-02426,S-042,passivated parts,P-11803-A,L25-1172,,556,PO-419947,2025-12-14,"Z1.4 single, normal",J,1.0,II,80,0,,accept,2025-12-11 12:36:00,2025-12-13 11:59:00,E-0155,20260106T061500Z-QE24M
RI-25-02427,S-050,anodized parts,P-13842-D,L25-1151,,615,PO-456532,2025-12-13,"Z1.4 single, normal",J,1.0,II,34,0,,accept,2025-12-11 11:34:00,2025-12-12 14:23:00,E-0155,20260106T061500Z-QE24M
RI-25-02428,S-027,heat-treated parts,P-12878-C,L25-1177,,692,PO-448651,2025-12-16,"Z1.4 single, normal",J,1.0,II,80,0,,accept,2025-12-12 09:26:00,2025-12-14 01:14:00,E-0155,20260106T061500Z-QE24M
RI-25-02429,S-029,heat-treated parts,P-12565-B,L25-1158,,1716,PO-404897,2025-12-12,"Z1.4 single, normal",K,1.0,II,125,0,,accept,2025-12-12 10:34:00,2025-12-13 02:40:00,E-0155,20260106T061500Z-QE24M
RI-25-02430,S-033,heat-treated parts,P-13821-A,L25-1135,,1572,PO-483668,2025-12-14,"Z1.4 single, normal",K,1.0,II,125,0,,accept,2025-12-12 09:55:00,2025-12-14 08:01:00,E-0155,20260106T061500Z-QE24M
RI-25-02431,S-038,passivated parts,P-16289-C,L25-1217,,1746,PO-479845,2025-12-12,"Z1.4 single, normal",K,1.0,II,125,2,staining,accept,2025-12-12 11:23:00,2025-12-13 23:24:00,E-0156,20260106T061500Z-QE24M
RI-25-02432,S-044,passivated parts,P-16180-A,L25-1174,,774,PO-490855,2025-12-12,"Z1.4 single, normal",J,1.0,II,80,1,free iron,accept,2025-12-12 07:14:00,2025-12-13 04:58:00,E-0156,20260106T061500Z-QE24M
RI-25-02433,S-044,passivated parts,P-17741-A,L25-1220,,932,PO-476079,2025-12-14,"Z1.4 single, normal",J,1.0,II,80,1,free iron,accept,2025-12-12 10:50:00,2025-12-13 15:53:00,E-0156,20260106T061500Z-QE24M
RI-25-02434,S-051,casting,P-11126-A,,,350,PO-460540,2025-12-12,"Z1.4 single, normal",H,1.0,II,50,0,,accept,2025-12-13 14:36:00,2025-12-14 03:41:00,E-0155,20260106T061500Z-QE24M
RI-25-02435,S-051,casting,P-11142-B,,,460,PO-469230,2025-12-14,"Z1.4 single, normal",H,1.0,II,50,1,dimension,accept,2025-12-13 09:22:00,2025-12-14 13:21:00,E-0155,20260106T061500Z-QE24M
RI-25-02436,S-051,casting,P-11007-C,,,210,PO-485409,2025-12-16,"Z1.4 single, normal",G,1.0,II,50,0,,accept,2025-12-14 14:25:00,2025-12-15 11:10:00,E-0156,20260106T061500Z-QE24M
RI-25-02437,S-053,casting,P-16863-B,,,270,PO-402045,2025-12-15,"Z1.4 single, normal",G,1.0,II,28,2,porosity,reject,2025-12-14 09:01:00,2025-12-15 06:53:00,E-0156,20260106T061500Z-QE24M
RI-25-02438,S-007,bar,303 bar 38.1 mm,,MC-01383,31,PO-480443,2025-12-17,"Z1.4 single, normal",D,1.0,II,13,0,,accept,2025-12-15 14:12:00,2025-12-16 12:31:00,E-0156,20260106T061500Z-QE24M
RI-25-02439,S-018,plated parts,P-10574-A,L25-1212,,1419,PO-436133,2025-12-07,"Z1.4 single, normal",K,1.0,II,95,0,,accept,2025-12-15 10:03:00,2025-12-16 19:15:00,E-0156,20260106T061500Z-QE24M
RI-25-02440,S-020,plated parts,P-18347-A,L25-1214,,1974,PO-476339,2025-12-17,"Z1.4 single, normal",K,1.0,II,125,1,blisters,accept,2025-12-15 08:12:00,2025-12-15 14:07:00,E-0156,20260106T061500Z-QE24M
RI-25-02441,S-021,plated parts,P-18620-A,L25-1229,,903,PO-419452,2025-12-19,"Z1.4 single, normal",J,1.0,II,80,0,,accept,2025-12-15 13:51:00,2025-12-16 12:17:00,E-0155,20260106T061500Z-QE24M
RI-25-02442,S-022,plated parts,P-14168-B,L25-1138,,873,PO-405059,2025-12-17,"Z1.4 single, normal",J,1.0,II,80,4,plating thickness,accept,2025-12-15 14:22:00,2025-12-16 17:16:00,E-0155,20260106T061500Z-QE24M
RI-25-02443,S-025,plated parts,P-12835-A,L25-1161,,565,PO-483874,2025-12-16,"Z1.4 single, normal",J,1.0,II,43,0,,accept,2025-12-15 11:14:00,2025-12-17 02:50:00,E-0155,20260106T061500Z-QE24M
RI-25-02444,S-025,plated parts,P-10989-A,L25-1209,,605,PO-493457,2025-12-19,"Z1.4 single, normal",J,1.0,II,80,3,adhesion,reject,2025-12-15 12:19:00,2025-12-16 21:23:00,E-0156,20260106T061500Z-QE24M
RI-25-02445,S-028,heat-treated parts,P-17934-A,L25-1238,,858,PO-475548,2025-12-17,"Z1.4 single, normal",J,1.0,II,80,0,,accept,2025-12-15 14:48:00,2025-12-15 17:51:00,E-0155,20260106T061500Z-QE24M
RI-25-02446,S-032,heat-treated parts,P-18251-A,L25-1221,,1017,PO-435753,2025-12-19,"Z1.4 single, normal",J,1.0,II,45,0,,accept,2025-12-15 14:07:00,2025-12-17 11:58:00,E-0155,20260106T061500Z-QE24M
RI-25-02447,S-036,heat-treated parts,P-13149-C,L25-1167,,3353,PO-444924,2025-12-17,"Z1.4 single, normal",L,1.0,II,200,0,,accept,2025-12-15 10:36:00,2025-12-16 07:55:00,E-0155,20260106T061500Z-QE24M
RI-25-02448,S-037,passivated parts,P-12701-A,L25-1155,,972,PO-413942,2025-12-19,"Z1.4 single, normal",J,1.0,II,80,0,,accept,2025-12-15 14:19:00,2025-12-17 01:46:00,E-0155,20260106T061500Z-QE24M
RI-25-02449,S-040,passivated parts,P-19370-B,L25-1157,,2014,PO-435713,2025-12-16,"Z1.4 single, normal",K,1.0,II,125,1,free iron,accept,2025-12-15 10:07:00,2025-12-17 07:06:00,E-0156,20260106T061500Z-QE24M
RI-25-02450,S-042,passivated parts,P-12040-C,L25-1159,,838,PO-481612,2025-12-15,"Z1.4 single, normal",J,1.0,II,80,1,free iron,accept,2025-12-15 10:47:00,2025-12-16 19:38:00,E-0155,20260106T061500Z-QE24M
RI-25-02451,S-042,passivated parts,P-14715-D,L25-1232,,387,PO-499534,2025-12-15,"Z1.4 single, normal",H,1.0,II,50,0,,accept,2025-12-15 13:57:00,2025-12-15 21:21:00,E-0155,20260106T061500Z-QE24M
RI-25-02452,S-043,passivated parts,P-12756-B,L25-1210,,1756,PO-449513,2025-12-15,"Z1.4 single, normal",K,1.0,II,125,1,staining,accept,2025-12-15 07:13:00,2025-12-16 05:42:00,E-0155,20260106T061500Z-QE24M
RI-25-02453,S-043,passivated parts,P-15524-A,L25-1226,,471,PO-494041,2025-12-11,"Z1.4 single, normal",H,1.0,II,50,0,,accept,2025-12-15 13:47:00,2025-12-15 18:59:00,E-0156,20260106T061500Z-QE24M
RI-25-02454,S-043,passivated parts,P-16715-A,L25-1228,,1225,PO-410072,2025-12-18,"Z1.4 single, normal",K,1.0,II,125,0,,accept,2025-12-15 13:02:00,2025-12-16 22:40:00,E-0156,20260106T061500Z-QE24M
RI-25-02455,S-048,anodized parts,P-12016-A,L25-1154,,898,PO-473213,2025-12-08,"Z1.4 single, normal",J,1.0,II,80,0,,accept,2025-12-15 08:28:00,2025-12-15 10:15:00,E-0155,20260106T061500Z-QE24M
RI-25-02456,S-050,anodized parts,P-13994-A,L25-1222,,387,PO-404260,2025-12-15,"Z1.4 single, normal",H,1.0,II,50,1,color,accept,2025-12-15 11:05:00,2025-12-17 10:40:00,E-0156,20260106T061500Z-QE24M
RI-25-02457,S-051,casting,P-16571-D,,,320,PO-462127,2025-12-18,"Z1.4 single, normal",H,1.0,II,50,0,,accept,2025-12-15 14:08:00,2025-12-17 03:19:00,E-0156,20260106T061500Z-QE24M
RI-25-02458,S-055,casting,P-16001-D,,,530,PO-479054,2025-12-18,"Z1.4 single, normal",J,1.0,II,80,0,,accept,2025-12-15 10:19:00,2025-12-17 08:28:00,E-0156,20260106T061500Z-QE24M
RI-25-02459,S-018,plated parts,P-18234-B,L25-1165,,1012,PO-496129,2025-12-20,"Z1.4 single, normal",J,1.0,II,80,1,blisters,accept,2025-12-16 13:00:00,2025-12-16 23:34:00,E-0156,20260106T061500Z-QE24M
RI-25-02460,S-018,plated parts,P-15200-C,L25-1223,,1304,PO-474687,2025-12-20,"Z1.4 single, normal",K,1.0,II,79,0,,accept,2025-12-16 12:11:00,2025-12-17 18:40:00,E-0155,20260106T061500Z-QE24M
RI-25-02461,S-025,plated parts,P-13229-B,L25-1211,,402,PO-436041,2025-12-16,"Z1.4 single, normal",H,1.0,II,50,0,,accept,2025-12-16 08:29:00,2025-12-17 20:22:00,E-0155,20260106T061500Z-QE24M
RI-25-02462,S-030,heat-treated parts,P-10257-C,L25-1237,,645,PO-461712,2025-12-17,"Z1.4 single, normal",J,1.0,II,80,3,hardness high,accept,2025-12-16 10:45:00,2025-12-16 22:11:00,E-0155,20260106T061500Z-QE24M
RI-25-02463,S-033,heat-treated parts,P-16933-A,L25-1233,,1047,PO-470208,2025-12-20,"Z1.4 single, normal",J,1.0,II,80,0,,accept,2025-12-16 11:16:00,2025-12-17 10:20:00,E-0155,20260106T061500Z-QE24M
RI-25-02464,S-042,passivated parts,P-19137-C,L25-1173,,1756,PO-481103,2025-12-07,"Z1.4 single, normal",K,1.0,II,125,0,,accept,2025-12-16 10:01:00,2025-12-16 18:29:00,E-0156,20260106T061500Z-QE24M
RI-25-02465,S-025,plated parts,P-12884-C,L25-1179,,618,PO-489919,2025-12-21,"Z1.4 single, normal",J,1.0,II,80,0,,accept,2025-12-17 07:39:00,2025-12-18 09:44:00,E-0155,20260106T061500Z-QE24M
RI-25-02466,S-033,heat-treated parts,P-14989-D,L25-1190,,1270,PO-481171,2025-12-17,"Z1.4 single, normal",K,1.0,II,125,0,,accept,2025-12-17 14:42:00,2025-12-19 12:25:00,E-0156,20260106T061500Z-QE24M
RI-25-02467,S-044,passivated parts,P-15667-C,L25-1236,,590,PO-455173,2025-12-20,"Z1.4 single, normal",J,1.0,II,80,1,free iron,accept,2025-12-17 10:30:00,2025-12-18 22:49:00,E-0156,20260106T061500Z-QE24M
RI-25-02468,S-017,plated parts,P-14918-A,L25-1181,,1681,PO-402127,2025-12-19,"Z1.4 single, normal",K,1.0,II,125,0,,accept,2025-12-18 10:15:00,2025-12-19 04:04:00,E-0155,20260106T061500Z-QE24M
RI-25-02469,S-018,plated parts,P-14103-B,L25-1183,,2257,PO-437470,2025-12-20,"Z1.4 single, normal",K,1.0,II,125,1,blisters,accept,2025-12-18 07:33:00,2025-12-20 01:56:00,E-0156,20260106T061500Z-QE24M
RI-25-02470,S-042,passivated parts,P-16352-D,L25-1225,,1612,PO-459520,2025-12-21,"Z1.4 single, normal",K,1.0,II,125,0,,accept,2025-12-18 09:31:00,2025-12-20 09:22:00,E-0155,20260106T061500Z-QE24M
RI-25-02471,S-042,passivated parts,P-12164-A,L25-1235,,278,PO-446690,2025-12-22,"Z1.4 single, normal",G,1.0,II,24,0,,accept,2025-12-18 13:08:00,2025-12-20 01:55:00,E-0155,20260106T061500Z-QE24M
RI-25-02472,S-044,passivated parts,P-11226-C,L25-1186,,1443,PO-408817,2025-12-21,"Z1.4 single, normal",K,1.0,II,92,0,,accept,2025-12-18 12:22:00,2025-12-19 23:47:00,E-0155,20260106T061500Z-QE24M
RI-25-02473,S-018,plated parts,P-14159-A,L25-1188,,253,PO-481640,2025-12-11,"Z1.4 single, normal",G,1.0,II,50,0,,accept,2025-12-19 14:35:00,2025-12-20 15:47:00,E-0156,20260106T061500Z-QE24M
RI-25-02474,S-055,casting,P-10743-D,,,290,PO-468461,2025-12-21,"Z1.4 single, normal",H,1.0,II,22,0,,accept,2025-12-19 14:00:00,2025-12-20 10:55:00,E-0156,20260106T061500Z-QE24M
RI-25-02475,S-051,casting,P-10653-D,,,430,PO-426294,2025-12-21,"Z1.4 single, normal",H,1.0,II,50,0,,accept,2025-12-21 08:58:00,2025-12-21 20:55:00,E-0155,20260106T061500Z-QE24M
RI-25-02476,S-008,bar,304 bar 38.1 mm,,MC-01384,53,PO-428960,2025-12-23,"Z1.4 single, normal",E,1.0,II,13,0,,accept,2025-12-22 08:16:00,2025-12-22 21:22:00,E-0156,20260106T061500Z-QE24M
RI-25-02477,S-013,bar,7075 bar 50.8 mm,,MC-01385,87,PO-401504,2025-12-25,"Z1.4 single, normal",E,1.0,II,13,0,,accept,2025-12-22 07:00:00,2025-12-24 04:05:00,E-0155,20260106T061500Z-QE24M
RI-25-02478,S-018,plated parts,P-18234-B,L25-1218,,937,PO-474681,2025-12-23,"Z1.4 single, normal",J,1.0,II,80,0,,accept,2025-12-22 10:47:00,2025-12-22 19:47:00,E-0156,20260106T061500Z-QE24M
RI-25-02479,S-025,plated parts,P-10147-B,L25-1239,,1359,PO-425419,2025-12-26,"Z1.4 single, normal",K,1.0,II,125,1,staining,accept,2025-12-22 13:27:00,2025-12-22 23:01:00,E-0155,20260106T061500Z-QE24M
RI-25-02480,S-026,plated parts,P-12878-C,L25-1177,,692,PO-455124,2025-12-25,"Z1.4 single, normal",J,1.0,II,80,2,adhesion,accept,2025-12-22 13:13:00,2025-12-24 11:56:00,E-0156,20260106T061500Z-QE24M
RI-25-02481,S-030,heat-treated parts,P-10869-D,L25-1227,,1900,PO-421020,2025-12-24,"Z1.4 single, normal",K,1.0,II,125,1,hardness high,accept,2025-12-22 08:03:00,2025-12-23 12:51:00,E-0156,20260106T061500Z-QE24M
RI-25-02482,S-036,heat-treated parts,P-14992-A,L25-1182,,1736,PO-451331,2025-12-17,"Z1.4 single, normal",K,1.0,II,125,2,hardness low,accept,2025-12-22 09:52:00,2025-12-23 03:55:00,E-0155,20260106T061500Z-QE24M
RI-25-02483,S-036,heat-treated parts,P-14371-D,L25-1224,,1508,PO-427931,2025-12-24,"Z1.4 single, normal",K,1.0,II,125,1,hardness high,accept,2025-12-22 12:18:00,2025-12-22 18:07:00,E-0156,20260106T061500Z-QE24M
RI-25-02484,S-036,heat-treated parts,P-12435-A,L25-1240,,188,PO-487818,2025-12-23,"Z1.4 single, normal",G,1.0,II,50,0,,accept,2025-12-22 10:21:00,2025-12-23 01:46:00,E-0155,20260106T061500Z-QE24M
RI-25-02485,S-038,passivated parts,P-14587-C,L25-1244,,2212,PO-473776,2025-12-22,"Z1.4 single, normal",K,1.0,II,125,1,free iron,accept,2025-12-22 08:37:00,2025-12-22 09:41:00,E-0156,20260106T061500Z-QE24M
RI-25-02486,S-039,passivated parts,P-17014-A,L25-1180,,992,PO-438937,2025-12-24,"Z1.4 single, normal",J,1.0,II,80,0,,accept,2025-12-22 11:16:00,2025-12-23 02:11:00,E-0155,20260106T061500Z-QE24M
RI-25-02487,S-039,passivated parts,P-19461-D,L25-1249,,675,PO-444333,2025-12-12,"Z1.4 single, normal",J,1.0,II,80,3,free iron,reject,2025-12-22 08:13:00,2025-12-22 09:44:00,E-0156,20260106T061500Z-QE24M
RI-25-02488,S-044,passivated parts,P-12065-A,L25-1242,,1081,PO-403373,2025-12-22,"Z1.4 single, normal",J,1.0,II,80,0,,accept,2025-12-22 10:19:00,2025-12-23 10:36:00,E-0156,20260106T061500Z-QE24M
RI-25-02489,S-048,anodized parts,P-11909-A,L25-1185,,1721,PO-494311,2025-12-25,"Z1.4 single, normal",K,1.0,II,125,0,,accept,2025-12-22 12:32:00,2025-12-23 08:13:00,E-0155,20260106T061500Z-QE24M
RI-25-02490,S-051,casting,P-16596-C,,,920,PO-402752,2025-12-24,"Z1.4 single, normal",J,1.0,II,80,0,,accept,2025-12-22 11:23:00,2025-12-24 07:28:00,E-0155,20260106T061500Z-QE24M
RI-25-02491,S-025,plated parts,P-18251-A,L25-1221,,1017,PO-410205,2025-12-27,"Z1.4 single, normal",J,1.0,II,80,1,adhesion,accept,2025-12-23 12:28:00,2025-12-24 13:15:00,E-0155,20260106T061500Z-QE24M
RI-25-02492,S-025,plated parts,P-13267-B,L25-1257,,913,PO-427375,2025-12-26,"Z1.4 single, normal",J,1.0,II,80,1,plating thickness,accept,2025-12-23 09:07:00,2025-12-24 22:44:00,E-0156,20260106T061500Z-QE24M
RI-25-02493,S-026,plated parts,P-10923-A,L25-1231,,3467,PO-488003,2025-12-23,"Z1.4 single, normal",L,1.0,II,200,2,staining,accept,2025-12-23 07:02:00,2025-12-23 10:15:00,E-0156,20260106T061500Z-QE24M
RI-25-02494,S-026,plated parts,P-16933-A,L25-1233,,1047,PO-406531,2025-12-27,"Z1.4 single, normal",J,1.0,II,80,0,,accept,2025-12-23 14:32:00,2025-12-23 15:39:00,E-0155,20260106T061500Z-QE24M
RI-25-02495,S-031,heat-treated parts,P-14438-A,L25-1247,,1007,PO-487413,2025-12-27,"Z1.4 single, normal",J,1.0,II,80,1,hardness low,accept,2025-12-23 10:08:00,2025-12-25 03:54:00,E-0155,20260106T061500Z-QE24M
RI-25-02496,S-032,heat-treated parts,P-12479-D,L25-1259,,1364,PO-430459,2025-12-23,"Z1.4 single, normal",K,1.0,II,125,0,,accept,2025-12-23 13:08:00,2025-12-25 09:03:00,E-0155,20260106T061500Z-QE24M
RI-25-02497,S-033,heat-treated parts,P-14108-A,L25-1187,,1731,PO-421860,2025-12-25,"Z1.4 single, normal",K,1.0,II,125,0,,accept,2025-12-23 12:09:00,2025-12-25 09:30:00,E-0155,20260106T061500Z-QE24M
