job_id,part_id,revision,quantity,machine_id,primary_operator,start_time,end_time,bar_lot,heat_number,insert_grade,program_revision,status,standard_hours,actual_hours,quantity_good,ship_date,export_batch_id
L23-1134,P-11301-A,A,1035,SW-02,E-0103,2023-11-02 12:25:00,2023-11-03 15:19:00,MC-01246,H478623,M25,A3,closed,19.9,19.2,935,2023-11-17,20260106T061500Z-QE24M
L23-1174,P-10967-A,A,1245,ML-02,E-0131,2023-11-17 09:18:00,2023-11-28 18:11:00,MC-01262,H986519,P25,A2,closed,93.9,93.7,1226,2024-01-04,20260106T061500Z-QE24M
L23-1181,P-18406-A,A,1405,MT-03,E-0122,2023-11-21 14:34:00,2023-11-27 06:17:00,MC-00006,H712682,P25,A3,closed,25.7,24.9,1391,2024-01-02,20260106T061500Z-QE24M
L23-1182,P-13174-A,A,915,SW-07,E-0113,2023-11-27 08:34:00,2023-11-30 07:13:00,MC-00010,H414267,P25,A3,closed,49.7,50.4,908,2023-12-18,20260106T061500Z-QE24M
L23-1183,P-10407-A,A,690,ML-05,E-0147,2023-11-27 15:12:00,2023-11-29 09:37:00,MC-00001,H591105,P25,A3,closed,28.4,29.3,685,2023-12-18,20260106T061500Z-QE24M
L23-1238,P-18526-A,A,3540,MT-01,E-0117,2023-11-28 10:14:00,2023-12-08 16:29:00,MC-01277,H782222,P25,A3,closed,142.2,140.2,3486,2024-01-08,20260106T061500Z-QE24M
L23-1184,P-10257-C,C,650,GR-03,E-0143,2023-11-29 06:23:00,2023-12-04 06:32:00,MC-00011,H249813,P25,C2,closed,25.6,25.9,640,2024-01-08,20260106T061500Z-QE24M
L23-1185,P-13842-D,D,640,GR-01,E-0141,2023-11-29 06:27:00,2023-12-04 07:06:00,MC-00004,H930607,N10,D3,closed,26.1,25.3,628,2023-12-14,20260106T061500Z-QE24M
L23-1186,P-16995-D,D,1625,ML-04,E-0135,2023-11-29 07:51:00,2023-12-04 16:59:00,MC-00014,H408295,P25,D1,closed,60.1,62.1,1572,2024-01-02,20260106T061500Z-QE24M
L23-1187,P-15814-B,B,3710,GR-02,E-0142,2023-11-29 09:18:00,2023-12-19 08:56:00,MC-00015,H103751,M25,B3,closed,118.6,121.3,3681,2024-01-08,20260106T061500Z-QE24M
L23-1241,P-10327-A,A,780,GR-04,E-0144,2023-11-29 09:23:00,2023-12-05 13:37:00,MC-01267,H184216,P25,A2,closed,38.2,37.3,772,2024-01-03,20260106T061500Z-QE24M
L23-1188,P-14574-C,C,585,SW-03,E-0105,2023-11-29 12:32:00,2023-11-30 10:20:00,MC-00007,H256251,M25,C1,closed,14.8,15.8,582,2023-12-18,20260106T061500Z-QE24M
L23-1189,P-12458-A,A,1110,MT-03,E-0121,2023-11-30 06:54:00,2023-12-01 19:21:00,MC-00016,H865701,P25,A2,closed,29.5,31.0,1106,2024-01-08,20260106T061500Z-QE24M
L23-1190,P-18462-A,A,5235,MT-06,E-0127,2023-11-30 07:32:00,2023-12-12 15:53:00,MC-00001,H591105,P25,A2,closed,144.3,146.5,5212,2024-01-08,20260106T061500Z-QE24M
L23-1191,P-10497-B,B,1865,ML-03,E-0133,2023-11-30 07:49:00,2023-12-08 09:32:00,MC-00003,H621071,P25,B1,closed,103.7,101.7,1844,2024-01-02,20260106T061500Z-QE24M
L23-1192,P-15372-B,B,290,SW-08,E-0115,2023-11-30 10:50:00,2023-11-30 21:20:00,MC-00002,H469304,M25,B2,closed,10.5,9.8,285,2023-12-19,20260106T061500Z-QE24M
L23-1245,P-17881-C,C,575,SW-05,E-0109,2023-11-30 10:58:00,2023-12-01 13:27:00,MC-01274,H327992,M35,C3,closed,19.5,19.0,565,2024-01-04,20260106T061500Z-QE24M
L23-1193,P-19406-B,B,965,MT-04,E-0123,2023-11-30 11:00:00,2023-12-01 11:18:00,MC-00009,H250097,M25,B2,closed,17.3,18.5,932,2023-12-18,20260106T061500Z-QE24M
L23-1194,P-14859-A,A,915,SW-08,E-0116,2023-11-30 21:50:00,2023-12-04 17:13:00,MC-00005,H561695,M25,A1,closed,29.4,29.0,906,2023-12-21,20260106T061500Z-QE24M
L23-1246,P-18841-A,A,1900,MT-04,E-0123,2023-12-04 06:10:00,2023-12-06 13:29:00,MC-01280,H800969,P25,A1,closed,41.3,41.5,1880,2024-01-09,20260106T061500Z-QE24M
L23-1247,P-11584-A,A,1780,ML-06,E-0139,2023-12-04 06:47:00,2023-12-15 07:30:00,MC-01261,H474430,P25,A1,closed,153.7,157.0,1727,2024-01-15,20260106T061500Z-QE24M
L23-1195,P-15662-A,A,365,GR-03,E-0143,2023-12-04 07:50:00,2023-12-05 07:30:00,MC-00008,H321070,M25,A1,closed,8.2,7.7,358,2023-12-18,20260106T061500Z-QE24M
L23-1196,P-10599-C,C,880,ML-01,E-0145,2023-12-04 09:07:00,2023-12-07 12:27:00,MC-00003,H621071,P25,C2,closed,54.3,55.6,873,2023-12-22,20260106T061500Z-QE24M
L23-1197,P-19044-A,A,1720,SW-03,E-0105,2023-12-04 11:33:00,2023-12-06 14:57:00,MC-00012,H155685,M25,A2,closed,37.4,41.5,1718,2024-01-02,20260106T061500Z-QE24M
L23-1248,P-18143-B,B,1390,GR-01,E-0141,2023-12-05 08:13:00,2023-12-08 09:07:00,MC-01233,H495369,P25,B2,closed,26.4,26.4,1359,2024-01-08,20260106T061500Z-QE24M
L23-1198,P-14681-B,B,720,SW-02,E-0103,2023-12-05 09:30:00,2023-12-06 18:33:00,MC-00012,H155685,M25,B2,closed,26.0,26.3,712,2023-12-18,20260106T061500Z-QE24M
L23-1250,P-18488-C,C,1240,MT-05,E-0125,2023-12-05 10:54:00,2023-12-06 14:41:00,MC-01160,H188302,P25,C3,closed,20.8,20.6,1227,2023-12-22,20260106T061500Z-QE24M
L23-1199,P-15270-A,A,1400,SW-08,E-0116,2023-12-05 22:29:00,2023-12-07 21:35:00,MC-00023,H730343,P25,A1,closed,33.1,33.5,1391,2024-01-02,20260106T061500Z-QE24M
L23-1251,P-12023-C,C,2640,ML-04,E-0135,2023-12-06 06:22:00,2023-12-21 12:54:00,MC-01218,H761904,N10,C2,closed,193.5,209.0,2629,2024-01-08,20260106T061500Z-QE24M
L23-1252,P-14587-C,C,2280,SW-05,E-0109,2023-12-06 06:57:00,2023-12-08 14:20:00,MC-01252,H907334,M25,C2,closed,41.4,43.4,2277,2024-01-02,20260106T061500Z-QE24M
L23-1253,P-17937-B,B,1260,SW-06,E-0111,2023-12-06 07:03:00,2023-12-07 13:12:00,MC-01224,H754693,M35,B3,closed,23.2,22.4,1247,2024-01-04,20260106T061500Z-QE24M
L23-1255,P-11406-C,C,1935,ML-05,E-0137,2023-12-06 10:15:00,2023-12-12 15:52:00,MC-01255,H738379,P25,C1,closed,73.6,70.6,1924,2024-01-18,20260106T061500Z-QE24M
L23-1256,P-18795-A,A,920,MT-04,E-0123,2023-12-06 13:59:00,2023-12-08 12:34:00,MC-01276,H569808,P25,A2,closed,32.6,32.5,908,2024-01-08,20260106T061500Z-QE24M
L23-1257,P-18159-A,A,1575,GR-03,E-0143,2023-12-07 08:33:00,2023-12-13 11:40:00,MC-01272,H622252,P25,A3,closed,37.1,36.0,1565,2024-01-19,20260106T061500Z-QE24M
L23-1258,P-18589-A,A,5130,MT-05,E-0125,2023-12-07 10:37:00,2023-12-18 07:29:00,MC-01160,H188302,P25,A2,closed,115.9,108.5,5078,2024-01-08,20260106T061500Z-QE24M
L23-1200,P-10313-B,B,945,GR-04,E-0144,2023-12-07 10:49:00,2023-12-12 13:12:00,MC-00027,H711457,P25,B3,closed,27.9,27.2,939,2024-01-08,20260106T061500Z-QE24M
L23-1201,P-10994-A,A,585,ML-01,E-0129,2023-12-08 08:14:00,2023-12-11 14:43:00,MC-00006,H712682,P25,A2,closed,23.5,24.1,582,2024-01-17,20260106T061500Z-QE24M
L23-1259,P-13739-B,B,485,GR-01,E-0141,2023-12-08 09:37:00,2023-12-11 14:13:00,MC-01257,H735656,P25,B1,closed,13.1,12.6,485,2024-01-02,20260106T061500Z-QE24M
L23-1260,P-17500-A,A,1230,SW-06,E-0111,2023-12-08 10:06:00,2023-12-12 10:04:00,MC-01248,H401987,M25,A3,closed,34.0,34.8,1209,2024-01-08,20260106T061500Z-QE24M
L23-1261,P-11923-A,A,1165,ML-02,E-0131,2023-12-11 07:37:00,2023-12-14 07:11:00,MC-01278,H955778,N10,A3,closed,50.6,54.9,1159,2024-01-03,20260106T061500Z-QE24M
L23-1202,P-15200-C,C,1355,SW-03,E-0105,2023-12-11 09:16:00,2023-12-13 10:33:00,MC-00027,H711457,P25,C3,closed,35.3,33.5,1338,2024-01-12,20260106T061500Z-QE24M
L23-1203,P-17287-A,A,650,SW-08,E-0115,2023-12-11 09:56:00,2023-12-11 20:44:00,MC-00026,H540458,N10,A3,closed,10.8,11.9,641,2024-01-08,20260106T061500Z-QE24M
L23-1262,P-10444-B,B,635,ML-03,E-0133,2023-12-12 06:52:00,2023-12-13 17:00:00,MC-01232,H308445,P25,B2,closed,27.1,27.5,616,2024-01-03,20260106T061500Z-QE24M
L23-1263,P-12328-A,A,2285,MT-02,E-0119,2023-12-13 06:54:00,2023-12-14 22:36:00,MC-01276,H569808,P25,A2,closed,32.7,33.4,2266,2024-01-17,20260106T061500Z-QE24M
L23-1264,P-12565-B,B,1525,SW-02,E-0103,2023-12-13 09:00:00,2023-12-15 13:35:00,MC-01285,H449524,M35,B2,closed,38.6,36.5,1287,2024-01-19,20260106T061500Z-QE24M
L23-1265,P-15532-C,C,2360,SW-03,E-0105,2023-12-13 11:03:00,2023-12-18 06:43:00,MC-01260,H663769,M25,C2,closed,46.7,46.4,2329,2024-01-05,20260106T061500Z-QE24M
L23-1204,P-10900-A,A,5300,ML-01,E-0130,2023-12-13 16:14:00,2024-01-04 13:32:00,MC-00019,H643602,P25,A3,closed,167.3,171.5,5174,2024-01-23,20260106T061500Z-QE24M
L23-1266,P-11417-A,A,2140,ML-05,E-0137,2023-12-14 07:14:00,2024-01-02 07:52:00,MC-01257,H735656,P25,A3,closed,119.6,127.6,2127,2024-01-08,20260106T061500Z-QE24M
L23-1267,P-12645-A,A,1545,SW-04,E-0107,2023-12-14 07:14:00,2023-12-15 18:59:00,MC-01281,H921231,M35,A3,closed,28.8,27.9,1507,2024-01-16,20260106T061500Z-QE24M
L23-1268,P-14350-D,D,1395,GR-01,E-0141,2023-12-14 07:17:00,2023-12-22 10:40:00,MC-01280,H800969,P25,D1,closed,54.4,55.3,1376,2024-01-15,20260106T061500Z-QE24M
L23-1205,P-17915-C,C,480,SW-06,E-0111,2023-12-14 07:21:00,2023-12-15 17:21:00,MC-00020,H328220,M35,C2,closed,27.0,25.6,472,2024-01-12,20260106T061500Z-QE24M
L23-1269,P-10235-A,A,1675,GR-04,E-0144,2023-12-14 09:59:00,2023-12-20 13:03:00,MC-01269,H740210,P25,A2,closed,37.1,35.3,1665,2024-01-18,20260106T061500Z-QE24M
L23-1270,P-14168-B,B,980,MT-02,E-0119,2023-12-15 06:06:00,2023-12-18 17:35:00,MC-01265,H545883,P25,B3,closed,28.5,27.9,979,2024-01-22,20260106T061500Z-QE24M
L23-1271,P-12065-A,A,1080,GR-03,E-0143,2023-12-15 06:13:00,2023-12-19 08:46:00,MC-01235,H579650,S15,A2,closed,19.6,18.7,1076,2024-01-08,20260106T061500Z-QE24M
L23-1272,P-11072-B,B,495,ML-02,E-0131,2023-12-15 06:48:00,2023-12-18 19:51:00,MC-01262,H986519,P25,B3,closed,30.1,28.7,442,2024-01-22,20260106T061500Z-QE24M
L23-1206,P-14693-A,A,1500,SW-01,E-0145,2023-12-15 07:46:00,2023-12-20 11:16:00,MC-00018,H112507,M25,A2,closed,54.5,51.8,1447,2024-01-05,20260106T061500Z-QE24M
L23-1273,P-12016-A,A,920,ML-06,E-0139,2023-12-15 08:00:00,2023-12-20 11:49:00,MC-01218,H761904,N10,A1,closed,54.8,51.0,911,2024-01-08,20260106T061500Z-QE24M
L23-1274,P-16933-A,A,920,ML-03,E-0133,2023-12-15 08:12:00,2023-12-20 14:10:00,MC-01282,H614650,P25,A3,closed,57.0,58.2,902,2024-01-11,20260106T061500Z-QE24M
L23-1275,P-17841-B,B,900,SW-07,E-0113,2023-12-15 09:00:00,2023-12-18 22:09:00,MC-01274,H327992,M35,B1,closed,30.1,31.2,894,2024-01-15,20260106T061500Z-QE24M
L23-1207,P-12756-B,B,1835,SW-05,E-0109,2023-12-15 11:31:00,2023-12-19 12:38:00,MC-00020,H328220,M35,B3,closed,35.1,35.2,1811,2024-01-17,20260106T061500Z-QE24M
L23-1276,P-11347-A,A,1085,SW-03,E-0105,2023-12-18 07:13:00,2023-12-19 22:52:00,MC-01273,H682118,M25,A3,closed,32.7,34.5,1067,2024-01-08,20260106T061500Z-QE24M
L23-1277,P-19370-B,B,2130,MT-03,E-0121,2023-12-18 07:18:00,2023-12-21 21:26:00,MC-01260,H663769,M25,B3,closed,65.1,66.7,2106,2024-01-09,20260106T061500Z-QE24M
L23-1278,P-13285-C,C,2140,SW-04,E-0107,2023-12-18 10:13:00,2023-12-22 15:07:00,MC-01268,H304139,P25,C1,closed,72.9,77.0,2098,2024-01-16,20260106T061500Z-QE24M
L23-1209,P-18353-B,B,605,MT-04,E-0124,2023-12-18 15:24:00,2023-12-19 12:00:00,MC-00029,H364520,P25,B1,closed,13.6,136.9,587,2024-01-15,20260106T061500Z-QE24M
L23-1279,P-10567-A,A,385,ML-02,E-0132,2023-12-18 20:21:00,2023-12-20 09:38:00,MC-01271,H187786,P25,A2,closed,23.3,22.9,376,2024-01-05,20260106T061500Z-QE24M
L23-1280,P-15211-C,C,1615,SW-07,E-0113,2023-12-19 08:31:00,2024-01-02 07:34:00,MC-01270,H696274,P25,C3,closed,67.1,63.6,1569,2024-01-29,20260106T061500Z-QE24M
L23-1281,P-14225-A,A,1210,GR-03,E-0143,2023-12-19 09:16:00,2024-01-02 12:45:00,MC-01289,H957306,P25,A1,closed,37.5,37.9,1198,2024-01-19,20260106T061500Z-QE24M
L23-1282,P-11265-A,A,1150,SW-02,E-0103,2023-12-19 09:32:00,2023-12-20 10:52:00,MC-01256,H912932,M25,A1,closed,18.3,17.7,1138,2024-01-08,20260106T061500Z-QE24M
L23-1210,P-13149-C,C,3235,SW-08,E-0116,2023-12-19 18:05:00,2024-01-04 14:31:00,MC-00010,H414267,P25,C3,closed,98.4,97.3,3163,2024-01-29,20260106T061500Z-QE24M
L23-1211,P-13783-A,A,625,GR-02,E-0142,2023-12-20 07:18:00,2023-12-22 12:53:00,MC-00016,H865701,P25,A3,closed,22.6,23.3,624,2024-01-15,20260106T061500Z-QE24M
L23-1283,P-16645-A,A,815,ML-02,E-0131,2023-12-20 10:08:00,2023-12-22 22:28:00,MC-01273,H682118,M25,A1,closed,46.3,46.0,809,2024-01-12,20260106T061500Z-QE24M
L23-1214,P-19426-D,D,1030,MT-02,E-0119,2023-12-20 10:42:00,2023-12-21 11:38:00,MC-00009,H250097,M25,D2,closed,17.9,17.2,1025,2024-01-08,20260106T061500Z-QE24M
L23-1284,P-12802-A,A,1500,SW-02,E-0103,2023-12-20 11:22:00,2024-01-02 17:37:00,MC-01286,H190953,M35,A2,closed,57.2,52.9,1491,2024-01-29,20260106T061500Z-QE24M
L23-1285,P-17053-A,A,975,ML-06,E-0139,2023-12-20 12:19:00,2024-01-02 10:48:00,MC-01227,H916272,N10,A1,closed,49.5,52.9,968,2024-01-19,20260106T061500Z-QE24M
L23-1286,P-18210-D,D,1635,MT-04,E-0123,2023-12-21 10:18:00,2024-01-03 20:37:00,MC-01262,H986519,P25,D1,closed,61.3,57.8,1612,2024-01-25,20260106T061500Z-QE24M
L23-1287,P-12435-A,A,200,MT-02,E-0119,2023-12-21 12:08:00,2023-12-21 20:24:00,MC-01282,H614650,P25,A1,closed,8.3,9.3,200,2024-01-16,20260106T061500Z-QE24M
L23-1288,P-19461-D,D,740,MT-01,E-0117,2023-12-22 09:23:00,2024-01-02 08:20:00,MC-01279,H560404,M25,D2,closed,15.9,16.1,706,2024-01-16,20260106T061500Z-QE24M
L23-1208,P-15723-A,A,1815,GR-01,E-0141,2023-12-22 11:10:00,2024-01-10 13:03:00,MC-00021,H920209,M25,A1,closed,61.4,60.5,1807,2024-01-23,20260106T061500Z-QE24M
L23-1215,P-18051-D,D,1075,GR-04,E-0144,2023-12-22 13:17:00,2024-01-04 06:44:00,MC-00010,H414267,P25,D3,closed,18.9,18.5,1073,2024-02-01,20260106T061500Z-QE24M
L23-1289,P-11320-D,D,1050,SW-04,E-0108,2023-12-22 15:37:00,2024-01-02 16:51:00,MC-01283,H838214,M25,D3,closed,18.2,18.9,1027,2024-01-22,20260106T061500Z-QE24M
L23-1216,P-10469-D,D,925,ML-02,E-0145,2024-01-02 06:17:00,2024-01-04 13:13:00,MC-00028,H685645,P25,D1,closed,40.9,39.9,911,2024-01-18,20260106T061500Z-QE24M
L23-1217,P-14042-C,C,475,GR-02,E-0142,2024-01-02 06:22:00,2024-01-03 11:00:00,MC-00026,H540458,N10,C1,closed,13.1,14.2,398,2024-01-19,20260106T061500Z-QE24M
L23-1290,P-15372-B,B,280,SW-05,E-0109,2024-01-02 06:32:00,2024-01-02 16:46:00,MC-01279,H560404,M25,B2,closed,10.2,10.0,275,2024-01-19,20260106T061500Z-QE24M
L23-1218,P-17559-B,B,305,SW-03,E-0105,2024-01-02 06:40:00,2024-01-02 16:56:00,MC-00025,H546592,M25,B3,closed,10.3,9.5,303,2024-01-22,20260106T061500Z-QE24M
L23-1291,P-16316-C,C,3850,MT-03,E-0121,2024-01-02 06:59:00,2024-01-09 07:46:00,MC-01275,H363710,M25,C2,closed,85.8,91.2,3821,2024-01-23,20260106T061500Z-QE24M
L23-1292,P-14212-C,C,910,MT-02,E-0119,2024-01-02 07:14:00,2024-01-03 09:46:00,MC-01307,H211654,P25,C2,closed,19.5,55.8,893,2024-01-29,20260106T061500Z-QE24M
L23-1219,P-12314-A,A,2665,MT-06,E-0127,2024-01-02 07:21:00,2024-01-09 09:18:00,MC-00017,H533360,P25,A1,closed,86.9,95.4,2634,2024-01-22,20260106T061500Z-QE24M
L23-1293,P-11950-A,A,840,ML-03,E-0133,2024-01-02 07:55:00,2024-01-03 21:38:00,MC-01278,H955778,N10,A3,closed,30.7,32.7,831,2024-01-15,20260106T061500Z-QE24M
L23-1213,P-10680-D,D,965,ML-05,E-0137,2024-01-02 08:22:00,2024-01-05 20:31:00,MC-00013,H311397,M25,D3,closed,63.2,58.5,942,2024-01-22,20260106T061500Z-QE24M
L23-1294,P-18914-D,D,1010,MT-01,E-0117,2024-01-02 08:57:00,2024-01-03 15:39:00,MC-01282,H614650,P25,D2,closed,23.7,22.2,998,2024-01-26,20260106T061500Z-QE24M
L23-1220,P-13045-B,B,1035,SW-06,E-0111,2024-01-02 09:37:00,2024-01-04 12:36:00,MC-00024,H568050,P25,B2,closed,37.0,36.9,846,2024-01-26,20260106T061500Z-QE24M
L23-1295,P-16234-A,A,955,MT-05,E-0125,2024-01-02 10:27:00,2024-01-03 09:40:00,MC-01266,H390624,M25,A2,closed,16.2,58.8,938,2024-01-15,20260106T061500Z-QE24M
L23-1222,P-11007-C,C,2100,ML-04,E-0135,2024-01-02 10:31:00,2024-01-11 17:43:00,MC-00029,H364520,P25,C3,closed,126.2,125.3,2084,2024-02-06,20260106T061500Z-QE24M
L23-1296,P-11625-A,A,465,ML-06,E-0139,2024-01-02 11:18:00,2024-01-03 10:51:00,MC-01313,H717577,S15,A3,closed,16.6,15.6,455,2024-01-17,20260106T061500Z-QE24M
L23-1224,P-14843-C,C,280,SW-01,E-0101,2024-01-02 12:08:00,2024-01-02 22:25:00,MC-00009,H250097,M25,C1,closed,10.3,9.5,278,2024-01-22,20260106T061500Z-QE24M
L23-1212,P-12092-A,A,1135,GR-03,E-0143,2024-01-02 13:15:00,2024-01-05 13:27:00,MC-00030,H854171,S15,A1,closed,25.7,25.6,1130,2024-01-19,20260106T061500Z-QE24M
L23-1297,P-17559-B,B,285,SW-03,E-0105,2024-01-03 07:58:00,2024-01-03 17:46:00,MC-01295,H665095,M25,B3,closed,9.8,9.5,282,2024-01-16,20260106T061500Z-QE24M
L23-1298,P-14175-A,A,780,MT-05,E-0125,2024-01-03 10:10:00,2024-01-05 09:19:00,MC-01304,H168449,P25,A3,closed,33.2,33.1,752,2024-02-05,20260106T061500Z-QE24M
L23-1299,P-18778-A,A,265,MT-02,E-0119,2024-01-03 10:16:00,2024-01-03 19:03:00,MC-01288,H779465,P25,A1,closed,8.8,69.5,262,2024-01-19,20260106T061500Z-QE24M
L23-1225,P-10798-C,C,485,ML-06,E-0140,2024-01-03 11:21:00,2024-01-05 11:43:00,MC-00018,H112507,M25,C3,closed,34.4,33.5,352,2024-01-29,20260106T061500Z-QE24M
L23-1300,P-10116-B,B,2005,GR-02,E-0142,2024-01-03 11:30:00,2024-01-11 13:58:00,MC-01284,H805835,P25,B2,closed,53.5,56.5,1977,2024-01-29,20260106T061500Z-QE24M
L23-1223,P-16001-D,D,1505,ML-03,E-0133,2024-01-03 22:08:00,2024-01-09 06:03:00,MC-00022,H891270,M25,D3,closed,51.9,47.6,1501,2024-01-18,20260106T061500Z-QE24M
L23-1301,P-12284-B,B,745,GR-04,E-0144,2024-01-04 07:14:00,2024-01-08 10:44:00,MC-01229,H619794,S15,B2,closed,20.5,18.7,732,2024-01-15,20260106T061500Z-QE24M
L23-1302,P-18978-A,A,645,SW-01,E-0101,2024-01-04 07:20:00,2024-01-04 22:03:00,MC-01266,H390624,M25,A2,closed,14.7,14.5,572,2024-01-17,20260106T061500Z-QE24M
L23-1303,P-12722-A,A,475,SW-04,E-0146,2024-01-04 09:15:00,2024-01-05 06:06:00,MC-01290,H384342,M35,A1,closed,13.8,13.6,468,2024-02-12,20260106T061500Z-QE24M
L23-1304,P-11984-A,A,195,ML-02,E-0131,2024-01-04 13:43:00,2024-01-05 07:31:00,MC-01184,H918387,N10,A2,closed,10.8,11.6,194,2024-01-22,20260106T061500Z-QE24M
L23-1305,P-16831-C,C,530,ML-01,E-0129,2024-01-04 14:02:00,2024-01-08 08:28:00,MC-01289,H957306,P25,C1,closed,28.4,27.7,527,2024-02-02,20260106T061500Z-QE24M
L23-1306,P-10989-A,A,625,ML-02,E-0131,2024-01-05 08:01:00,2024-01-09 09:24:00,MC-01301,H321362,P25,A1,closed,35.4,36.6,623,2024-02-06,20260106T061500Z-QE24M
L23-1307,P-11329-A,A,1075,SW-02,E-0103,2024-01-05 08:07:00,2024-01-08 22:26:00,MC-01283,H838214,M25,A2,closed,31.3,31.2,979,2024-01-19,20260106T061500Z-QE24M
L23-1308,P-11413-A,A,245,ML-06,E-0139,2024-01-05 12:13:00,2024-01-08 10:06:00,MC-01287,H487986,P25,A2,closed,14.9,14.9,244,2024-01-30,20260106T061500Z-QE24M
L23-1221,P-13821-A,A,1705,GR-03,E-0143,2024-01-05 13:57:00,2024-01-15 06:35:00,MC-00017,H533360,P25,A1,closed,43.6,41.5,1686,2024-02-16,20260106T061500Z-QE24M
L23-1309,P-11642-D,D,950,ML-05,E-0138,2024-01-05 21:01:00,2024-01-09 19:09:00,MC-01292,H815240,S15,D3,closed,32.1,33.7,943,2024-01-26,20260106T061500Z-QE24M
L23-1310,P-17329-D,D,1220,SW-07,E-0113,2024-01-08 06:17:00,2024-01-09 14:27:00,MC-01226,H434963,N10,D2,closed,25.2,25.9,1214,2024-01-25,20260106T061500Z-QE24M
L23-1311,P-18413-C,C,1750,MT-04,E-0123,2024-01-08 07:10:00,2024-01-10 16:42:00,MC-01301,H321362,P25,C3,closed,43.5,41.4,1694,2024-02-06,20260106T061500Z-QE24M
L23-1312,P-12489-A,A,2065,MT-01,E-0117,2024-01-08 07:12:00,2024-01-12 13:06:00,MC-01291,H275306,P25,A3,closed,73.9,74.1,2036,2024-02-05,20260106T061500Z-QE24M
L23-1313,P-11930-A,A,580,ML-01,E-0129,2024-01-08 08:58:00,2024-01-09 22:31:00,MC-01311,H453882,N10,A1,closed,30.6,32.7,573,2024-01-15,20260106T061500Z-QE24M
L23-1314,P-15142-A,A,1295,SW-08,E-0115,2024-01-08 09:31:00,2024-01-10 19:05:00,MC-01303,H664035,P25,A3,closed,43.6,43.2,1294,2024-02-01,20260106T061500Z-QE24M
L23-1315,P-11856-B,B,1680,ML-06,E-0139,2024-01-08 10:36:00,2024-01-15 17:55:00,MC-01313,H717577,S15,B3,closed,92.3,91.5,1665,2024-02-05,20260106T061500Z-QE24M
L23-1316,P-12040-C,C,830,GR-04,E-0144,2024-01-08 11:14:00,2024-01-11 08:48:00,MC-01292,H815240,S15,C3,closed,23.1,22.0,755,2024-01-26,20260106T061500Z-QE24M
L24-0001,P-16180-A,A,795,MT-02,E-0120,2024-01-08 15:40:00,2024-01-09 19:17:00,MC-00033,H180693,M25,A2,closed,20.6,21.2,790,2024-01-26,20260106T061500Z-QE24M
L23-1317,P-16571-D,D,930,ML-03,E-0133,2024-01-09 06:33:00,2024-01-11 16:56:00,MC-01256,H912932,M25,D3,closed,44.4,43.6,923,2024-01-26,20260106T061500Z-QE24M
L23-1318,P-14159-A,A,270,MT-05,E-0125,2024-01-09 07:08:00,2024-01-09 17:31:00,MC-01304,H168449,P25,A3,closed,10.4,10.0,265,2024-01-22,20260106T061500Z-QE24M
L24-0002,P-14103-B,B,2295,MT-03,E-0121,2024-01-09 09:07:00,2024-01-12 07:47:00,MC-00024,H568050,P25,B1,closed,49.7,45.7,2262,2024-02-05,20260106T061500Z-QE24M
L23-1319,P-18883-A,A,860,MT-06,E-0127,2024-01-09 09:48:00,2024-01-10 16:01:00,MC-01300,H467954,P25,A1,closed,23.2,22.2,856,2024-02-02,20260106T061500Z-QE24M
L23-1320,P-18471-A,A,490,MT-05,E-0126,2024-01-09 18:01:00,2024-01-10 14:28:00,MC-01314,H261830,P25,A2,closed,13.5,14.8,486,2024-01-26,20260106T061500Z-QE24M
L23-1321,P-11529-B,B,3135,ML-05,E-0138,2024-01-09 19:39:00,2024-01-18 19:38:00,MC-01300,H467954,P25,B3,closed,119.0,298.4,2987,2024-02-09,20260106T061500Z-QE24M
L23-1322,P-16150-B,B,650,ML-01,E-0129,2024-01-10 06:01:00,2024-01-12 06:00:00,MC-01295,H665095,M25,B2,closed,34.0,34.3,649,2024-02-01,20260106T061500Z-QE24M
L23-1323,P-15181-A,A,1690,SW-07,E-0113,2024-01-10 06:03:00,2024-01-12 06:19:00,MC-01269,H740210,P25,A3,closed,34.3,35.1,1670,2024-02-12,20260106T061500Z-QE24M
L24-0003,P-14989-D,D,1455,MT-02,E-0119,2024-01-10 06:28:00,2024-01-11 21:20:00,MC-00042,H961341,P25,D3,closed,31.9,32.7,1440,2024-02-05,20260106T061500Z-QE24M
L23-1324,P-10257-C,C,725,GR-01,E-0141,2024-01-10 13:33:00,2024-01-16 07:48:00,MC-01284,H805835,P25,C2,closed,28.3,29.3,717,2024-02-14,20260106T061500Z-QE24M
L23-1325,P-16229-A,A,2475,MT-06,E-0128,2024-01-10 16:31:00,2024-01-15 21:43:00,MC-01266,H390624,M25,A2,closed,56.2,58.7,2397,2024-01-29,20260106T061500Z-QE24M
L23-1326,P-16312-A,A,2350,MT-04,E-0124,2024-01-10 17:12:00,2024-01-15 19:20:00,MC-01298,H500775,M25,A3,closed,53.1,52.7,2325,2024-01-29,20260106T061500Z-QE24M
L23-1327,P-12738-A,A,390,SW-01,E-0101,2024-01-11 06:33:00,2024-01-11 14:41:00,MC-01274,H327992,M35,A3,closed,8.1,8.5,388,2024-01-23,20260106T061500Z-QE24M
L23-1328,P-12164-A,A,320,GR-04,E-0144,2024-01-11 09:18:00,2024-01-12 10:06:00,MC-01297,H454493,S15,A2,closed,9.3,9.4,316,2024-01-29,20260106T061500Z-QE24M
L23-1329,P-14371-D,D,1615,GR-02,E-0142,2024-01-11 14:28:00,2024-01-18 09:25:00,MC-01288,H779465,P25,D3,closed,37.5,39.7,1609,2024-02-16,20260106T061500Z-QE24M
L23-1330,P-15977-A,A,490,ML-02,E-0131,2024-01-12 06:47:00,2024-01-15 14:15:00,MC-01295,H665095,M25,A2,closed,24.5,25.1,487,2024-01-30,20260106T061500Z-QE24M
L23-1331,P-10729-A,A,1175,ML-04,E-0135,2024-01-12 07:30:00,2024-01-16 09:12:00,MC-01252,H907334,M25,A2,closed,35.7,38.4,1157,2024-02-01,20260106T061500Z-QE24M
L24-0004,P-14966-D,D,1400,MT-05,E-0119,2024-01-12 07:37:00,2024-01-16 19:47:00,MC-00027,H711457,P25,D1,closed,46.2,47.1,1393,2024-01-24,20260106T061500Z-QE24M
L23-1332,P-18450-A,A,1180,MT-03,E-0121,2024-01-12 08:17:00,2024-01-15 16:54:00,MC-01271,H187786,P25,A2,closed,25.6,24.6,1175,2024-01-29,20260106T061500Z-QE24M
L23-1333,P-10798-C,C,495,ML-01,E-0129,2024-01-12 10:28:00,2024-01-16 11:28:00,MC-01253,H195730,M25,C3,closed,35.0,35.5,477,2024-02-05,20260106T061500Z-QE24M
L23-1334,P-14042-C,C,430,GR-04,E-0144,2024-01-12 10:36:00,2024-01-15 14:16:00,MC-01294,H577449,N10,C1,closed,12.2,11.0,429,2024-01-29,20260106T061500Z-QE24M
L23-1335,P-14063-D,D,1110,GR-03,E-0143,2024-01-15 07:05:00,2024-01-18 11:25:00,MC-01294,H577449,N10,D1,closed,29.8,29.1,1105,2024-02-05,20260106T061500Z-QE24M
L24-0005,P-14108-A,A,1870,MT-02,E-0119,2024-01-15 07:15:00,2024-01-17 07:07:00,MC-00037,H433758,P25,A3,closed,33.9,35.5,1859,2024-02-05,20260106T061500Z-QE24M
L23-1336,P-17732-C,C,1150,SW-02,E-0103,2024-01-15 08:05:00,2024-01-17 20:12:00,MC-01299,H897525,M25,C1,closed,46.1,47.2,1147,2024-02-02,20260106T061500Z-QE24M
L24-0006,P-11301-A,A,1020,SW-08,E-0115,2024-01-15 11:00:00,2024-01-16 13:39:00,MC-00021,H920209,M25,A3,closed,19.7,171.5,1011,2024-01-26,20260106T061500Z-QE24M
L24-0007,P-14918-A,A,1725,MT-01,E-0120,2024-01-15 17:56:00,2024-01-18 20:32:00,MC-00035,H896405,P25,A1,closed,53.6,56.1,1720,2024-02-05,20260106T061500Z-QE24M
L23-1337,P-11828-C,C,945,ML-06,E-0140,2024-01-15 18:25:00,2024-01-18 15:09:00,MC-01313,H717577,S15,C2,closed,47.7,46.3,940,2024-01-22,20260106T061500Z-QE24M
L23-1338,P-14140-A,A,990,MT-04,E-0124,2024-01-15 19:50:00,2024-01-17 21:31:00,MC-01302,H249555,P25,A3,closed,35.7,35.9,973,2024-02-01,20260106T061500Z-QE24M
L23-1339,P-19299-A,A,2700,MT-06,E-0128,2024-01-15 22:13:00,2024-01-23 08:16:00,MC-01299,H897525,M25,A1,closed,88.0,89.7,2662,2024-02-02,20260106T061500Z-QE24M
L23-1340,P-12223-A,A,455,GR-04,E-0144,2024-01-16 06:16:00,2024-01-17 10:51:00,MC-01297,H454493,S15,A2,closed,13.1,12.5,454,2024-02-02,20260106T061500Z-QE24M
L23-1341,P-13976-B,B,860,GR-01,E-0141,2024-01-16 08:18:00,2024-01-19 11:45:00,MC-01296,H174822,N10,B3,closed,28.9,29.2,848,2024-02-05,20260106T061500Z-QE24M
L24-0008,P-13321-A,A,850,MT-03,E-0122,2024-01-16 14:33:00,2024-01-17 16:42:00,MC-00047,H518293,P25,A3,closed,19.1,18.3,726,2024-01-25,20260106T061500Z-QE24M
L24-0009,P-12835-A,A,610,MT-05,E-0126,2024-01-16 20:17:00,2024-01-17 18:23:00,MC-00031,H359312,P25,A1,closed,15.1,16.5,600,2024-02-12,20260106T061500Z-QE24M
L23-1342,P-19343-A,A,595,MT-02,E-0119,2024-01-17 07:37:00,2024-01-18 06:54:00,MC-01308,H940440,M25,A1,closed,16.3,15.1,579,2024-02-06,20260106T061500Z-QE24M
L24-0010,P-17038-D,D,1000,SW-05,E-0109,2024-01-17 07:42:00,2024-01-18 20:42:00,MC-00033,H180693,M25,D2,closed,30.0,31.3,990,2024-02-02,20260106T061500Z-QE24M
L24-0011,P-11920-C,C,5175,ML-01,E-0145,2024-01-17 09:15:00,2024-02-02 12:40:00,MC-00053,H457839,N10,C2,closed,207.4,202.4,5087,2024-02-16,20260106T061500Z-QE24M
L23-1343,P-11033-A,A,200,ML-02,E-0131,2024-01-17 10:10:00,2024-01-17 22:18:00,MC-01269,H740210,P25,A3,closed,12.1,13.0,165,2024-02-05,20260106T061500Z-QE24M
L23-1344,P-13648-A,A,2555,GR-04,E-0144,2024-01-17 11:21:00,2024-01-29 06:24:00,MC-01291,H275306,P25,A3,closed,63.0,62.2,2391,2024-03-04,20260106T061500Z-QE24M
L23-1345,P-14885-D,D,420,SW-02,E-0104,2024-01-17 20:42:00,2024-01-19 06:09:00,MC-01309,H197411,M25,D1,closed,19.4,19.3,416,2024-02-05,20260106T061500Z-QE24M
L23-1346,P-19209-C,C,325,SW-07,E-0113,2024-01-18 06:23:00,2024-01-18 22:42:00,MC-01316,H195993,M25,C1,closed,16.3,16.3,164,2024-02-05,20260106T061500Z-QE24M
L23-1347,P-19426-D,D,965,MT-02,E-0119,2024-01-18 07:24:00,2024-01-19 07:24:00,MC-01293,H981516,M25,D2,closed,17.0,17.2,954,2024-02-05,20260106T061500Z-QE24M
L23-1348,P-10749-A,A,500,ML-04,E-0135,2024-01-18 08:12:00,2024-01-19 17:32:00,MC-01316,H195993,M25,A2,closed,26.3,27.3,489,2024-02-06,20260106T061500Z-QE24M
L23-1349,P-15697-A,A,635,GR-02,E-0142,2024-01-18 10:52:00,2024-01-23 11:39:00,MC-01305,H592221,M25,A3,closed,26.3,28.7,633,2024-02-12,20260106T061500Z-QE24M
L23-1350,P-18065-A,A,1080,GR-03,E-0143,2024-01-18 11:55:00,2024-01-23 10:18:00,MC-01306,H543576,P25,A2,closed,23.9,25.2,1076,2024-02-07,20260106T061500Z-QE24M
L23-1351,P-11681-A,A,670,ML-06,E-0140,2024-01-18 15:39:00,2024-01-23 06:58:00,MC-01323,H997429,S15,A3,closed,42.3,39.3,666,2024-02-12,20260106T061500Z-QE24M
L23-1352,P-11700-B,B,1240,ML-05,E-0138,2024-01-18 20:08:00,2024-01-24 12:48:00,MC-01319,H814768,S15,B2,closed,60.7,54.5,1219,2024-01-29,20260106T061500Z-QE24M
L23-1353,P-16352-D,D,1590,MT-01,E-0118,2024-01-18 21:02:00,2024-01-24 13:32:00,MC-01305,H592221,M25,D2,closed,60.5,202.9,1567,2024-02-05,20260106T061500Z-QE24M
L23-1354,P-19072-D,D,1820,SW-05,E-0110,2024-01-18 21:12:00,2024-01-23 09:00:00,MC-01317,H450965,M25,D2,closed,38.8,38.2,1535,2024-01-29,20260106T061500Z-QE24M
L23-1355,P-17326-D,D,1230,SW-04,E-0107,2024-01-19 06:55:00,2024-01-23 06:03:00,MC-01226,H434963,N10,D3,closed,33.1,31.9,1217,2024-02-09,20260106T061500Z-QE24M
L23-1356,P-10378-D,D,760,ML-03,E-0133,2024-01-19 09:48:00,2024-01-23 09:28:00,MC-01314,H261830,P25,D1,closed,33.7,33.0,757,2024-02-09,20260106T061500Z-QE24M
L23-1357,P-13926-A,A,5015,GR-01,E-0141,2024-01-19 12:15:00,2024-02-08 14:06:00,MC-01296,H174822,N10,A1,closed,120.9,132.3,4982,2024-02-23,20260106T061500Z-QE24M
L24-0012,P-11923-A,A,1050,ML-02,E-0132,2024-01-19 17:42:00,2024-01-24 12:34:00,MC-00032,H258890,N10,A3,closed,45.9,54.3,1039,2024-02-09,20260106T061500Z-QE24M
L24-0013,P-11163-D,D,2200,SW-03,E-0106,2024-01-19 18:27:00,2024-01-24 20:41:00,MC-00049,H160571,M25,D2,closed,53.2,51.5,2164,2024-02-09,20260106T061500Z-QE24M
L24-0014,P-14196-A,A,1365,MT-05,E-0125,2024-01-22 07:20:00,2024-01-26 07:10:00,MC-00034,H236191,P25,A2,closed,67.8,68.1,1356,2024-02-23,20260106T061500Z-QE24M
L24-0015,P-11007-C,C,2115,ML-04,E-0135,2024-01-22 07:41:00,2024-01-31 15:45:00,MC-00044,H682442,P25,C3,closed,127.1,131.5,1732,2024-03-01,20260106T061500Z-QE24M
L24-0016,P-11201-A,A,1150,SW-08,E-0115,2024-01-22 07:57:00,2024-01-23 21:10:00,MC-00008,H321070,M25,A3,closed,30.2,29.4,1124,2024-02-01,20260106T061500Z-QE24M
L24-0018,P-14952-A,A,1350,MT-03,E-0121,2024-01-22 08:45:00,2024-01-25 07:33:00,MC-00035,H896405,P25,A1,closed,49.8,46.7,1217,2024-02-15,20260106T061500Z-QE24M
L24-0019,P-16180-A,A,850,MT-02,E-0119,2024-01-22 09:23:00,2024-01-23 14:13:00,MC-00033,H180693,M25,A2,closed,21.8,21.6,842,2024-02-07,20260106T061500Z-QE24M
L24-0021,P-13012-A,A,605,MT-04,E-0124,2024-01-22 18:51:00,2024-01-24 06:12:00,MC-00038,H635764,P25,A3,closed,21.4,21.3,594,2024-02-09,20260106T061500Z-QE24M
L24-0020,P-16034-D,D,1560,ML-06,E-0139,2024-01-23 07:28:00,2024-01-30 07:37:00,MC-00025,H546592,M25,D1,closed,85.2,83.2,1507,2024-02-15,20260106T061500Z-QE24M
L23-1358,P-17255-D,D,1455,SW-04,E-0107,2024-01-23 08:38:00,2024-01-25 06:15:00,MC-01312,H293578,N10,D2,closed,31.6,31.4,1451,2024-02-06,20260106T061500Z-QE24M
L23-1359,P-12384-A,A,490,MT-06,E-0127,2024-01-23 08:46:00,2024-01-24 06:37:00,MC-01291,H275306,P25,A2,closed,14.8,15.2,481,2024-02-26,20260106T061500Z-QE24M
L23-1360,P-12075-A,A,3965,GR-03,E-0143,2024-01-23 10:48:00,2024-02-08 13:34:00,MC-01319,H814768,S15,A3,closed,104.8,104.5,3948,2024-02-22,20260106T061500Z-QE24M
L23-1361,P-18153-B,B,665,GR-02,E-0142,2024-01-23 12:09:00,2024-01-25 10:54:00,MC-01307,H211654,P25,B1,closed,15.7,15.7,664,2024-02-12,20260106T061500Z-QE24M
L23-1362,P-18650-A,A,355,MT-02,E-0120,2024-01-23 14:43:00,2024-01-24 09:11:00,MC-01318,H740500,P25,A1,closed,11.5,11.2,351,2024-02-07,20260106T061500Z-QE24M
L23-1363,P-14715-D,D,430,SW-01,E-0101,2024-01-24 06:04:00,2024-01-24 17:48:00,MC-01309,H197411,M25,D1,closed,11.7,11.6,427,2024-02-12,20260106T061500Z-QE24M
L24-0022,P-14117-A,A,1020,MT-04,E-0123,2024-01-24 06:42:00,2024-01-26 18:32:00,MC-00037,H433758,P25,A3,closed,45.8,45.4,1007,2024-02-26,20260106T061500Z-QE24M
L24-0023,P-11226-C,C,1520,SW-06,E-0111,2024-01-24 06:55:00,2024-01-26 16:27:00,MC-00021,H920209,M25,C1,closed,43.5,49.3,1502,2024-02-07,20260106T061500Z-QE24M
L23-1364,P-18824-A,A,610,MT-06,E-0127,2024-01-24 07:07:00,2024-01-25 14:52:00,MC-01318,H740500,P25,A3,closed,24.8,25.1,596,2024-02-19,20260106T061500Z-QE24M
L24-0024,P-12016-A,A,855,ML-02,E-0131,2024-01-24 13:04:00,2024-01-29 13:14:00,MC-00036,H581552,N10,A1,closed,51.2,47.6,848,2024-02-19,20260106T061500Z-QE24M
L24-0017,P-11962-A,A,470,ML-05,E-0137,2024-01-24 13:18:00,2024-01-26 08:33:00,MC-00036,H581552,N10,A3,closed,29.2,27.7,469,2024-02-16,20260106T061500Z-QE24M
L23-1365,P-12589-C,C,680,SW-03,E-0106,2024-01-24 21:11:00,2024-01-25 22:56:00,MC-01286,H190953,M35,C1,closed,18.8,19.4,672,2024-02-19,20260106T061500Z-QE24M
L24-0025,P-11347-A,A,1155,SW-07,E-0114,2024-01-24 21:19:00,2024-01-26 21:53:00,MC-00049,H160571,M25,A3,closed,34.6,33.1,1133,2024-02-14,20260106T061500Z-QE24M
L24-0026,P-12828-B,B,1505,MT-01,E-0147,2024-01-24 21:44:00,2024-01-29 21:08:00,MC-00041,H363473,P25,B3,closed,50.4,50.2,1487,2024-02-26,20260106T061500Z-QE24M
L24-0027,P-13357-A,A,1120,MT-02,E-0119,2024-01-25 06:01:00,2024-01-26 10:41:00,MC-00039,H951151,P25,A3,closed,21.7,20.2,1107,2024-02-20,20260106T061500Z-QE24M
L23-1366,P-19433-A,A,530,MT-03,E-0146,2024-01-25 08:03:00,2024-01-26 10:23:00,MC-01309,H197411,M25,A2,closed,19.3,19.9,509,2024-02-09,20260106T061500Z-QE24M
L23-1367,P-14421-C,C,690,GR-02,E-0142,2024-01-25 11:24:00,2024-01-30 09:36:00,MC-01321,H776760,P25,C3,closed,23.7,24.2,683,2024-02-23,20260106T061500Z-QE24M
L24-0028,P-11909-A,A,1895,ML-03,E-0133,2024-01-26 08:00:00,2024-02-05 11:01:00,MC-00036,H581552,N10,A3,closed,105.0,106.7,1868,2024-02-22,20260106T061500Z-QE24M
L23-1368,P-17178-A,A,940,ML-05,E-0137,2024-01-26 09:03:00,2024-01-30 22:42:00,MC-01312,H293578,N10,A1,closed,47.6,46.9,935,2024-02-14,20260106T061500Z-QE24M
L24-0029,P-14992-A,A,1730,MT-03,E-0119,2024-01-29 06:12:00,2024-02-01 09:31:00,MC-00042,H961341,P25,A2,closed,54.3,53.2,1618,2024-02-20,20260106T061500Z-QE24M
L23-1369,P-13711-B,B,455,GR-04,E-0144,2024-01-29 06:54:00,2024-01-30 09:58:00,MC-01318,H740500,P25,B3,closed,11.6,11.7,450,2024-02-14,20260106T061500Z-QE24M
L24-0030,P-17004-D,D,1000,SW-07,E-0113,2024-01-29 07:06:00,2024-01-30 17:36:00,MC-00013,H311397,M25,D1,closed,27.5,26.1,1000,2024-02-19,20260106T061500Z-QE24M
L24-0031,P-18795-A,A,1015,MT-04,E-0123,2024-01-29 08:24:00,2024-01-31 10:03:00,MC-00017,H533360,P25,A2,closed,35.6,36.4,996,2024-02-23,20260106T061500Z-QE24M
L24-0033,P-11329-A,A,1130,SW-05,E-0109,2024-01-29 10:31:00,2024-01-31 09:16:00,MC-00052,H838087,M25,A2,closed,32.8,34.1,1114,2024-02-19,20260106T061500Z-QE24M
L24-0035,P-11320-D,D,1090,SW-04,E-0107,2024-01-29 10:58:00,2024-01-30 12:46:00,MC-00052,H838087,M25,D3,closed,18.8,19.2,1065,2024-02-13,20260106T061500Z-QE24M
L23-1370,P-16903-B,B,980,ML-02,E-0131,2024-01-29 13:44:00,2024-02-02 08:51:00,MC-01321,H776760,P25,B2,closed,63.1,58.5,973,2024-02-26,20260106T061500Z-QE24M
L24-0036,P-18642-D,D,465,MT-01,E-0118,2024-01-29 21:38:00,2024-01-30 19:20:00,MC-00028,H685645,P25,D2,closed,14.7,15.5,464,2024-02-13,20260106T061500Z-QE24M
L24-0037,P-14140-A,A,970,MT-05,E-0126,2024-01-29 22:46:00,2024-02-01 06:46:00,MC-00051,H911607,P25,A3,closed,35.0,34.7,960,2024-02-16,20260106T061500Z-QE24M
L24-0034,P-16107-A,A,1405,ML-06,E-0139,2024-01-30 08:07:00,2024-02-06 09:01:00,MC-00022,H891270,M25,A2,closed,85.9,93.5,1394,2024-02-16,20260106T061500Z-QE24M
L23-1371,P-12678-A,A,805,SW-01,E-0101,2024-01-30 09:40:00,2024-01-31 13:47:00,MC-01290,H384342,M35,A1,closed,21.1,23.2,790,2024-02-12,20260106T061500Z-QE24M
L23-1372,P-14275-A,A,1345,GR-02,E-0142,2024-01-30 10:06:00,2024-02-05 13:37:00,MC-01321,H776760,P25,A2,closed,37.5,39.3,1332,2024-02-22,20260106T061500Z-QE24M
L23-1373,P-15763-A,A,1485,GR-04,E-0144,2024-01-30 10:28:00,2024-02-06 11:48:00,MC-01298,H500775,M25,A2,closed,43.8,41.0,1459,2024-02-23,20260106T061500Z-QE24M
L24-0038,P-17014-A,A,1000,SW-03,E-0106,2024-01-30 18:25:00,2024-02-01 18:15:00,MC-00046,H441986,M25,A1,closed,33.8,33.6,990,2024-02-19,20260106T061500Z-QE24M
L24-0032,P-11950-A,A,945,ML-05,E-0137,2024-01-31 06:12:00,2024-02-02 06:23:00,MC-00040,H359299,N10,A3,closed,34.2,34.2,941,2024-02-19,20260106T061500Z-QE24M
L23-1374,P-15099-A,A,1620,SW-06,E-0111,2024-01-31 09:29:00,2024-02-01 09:15:00,MC-01303,H664035,P25,A2,closed,16.8,18.3,1607,2024-02-23,20260106T061500Z-QE24M
L24-0040,P-13214-A,A,1040,SW-05,E-0109,2024-01-31 09:46:00,2024-02-01 12:14:00,MC-00051,H911607,P25,A3,closed,19.5,19.7,1027,2024-02-26,20260106T061500Z-QE24M
L23-1375,P-13138-C,C,685,SW-02,E-0103,2024-01-31 10:00:00,2024-02-02 10:17:00,MC-01315,H550166,P25,C2,closed,34.3,32.4,679,2024-03-07,20260106T061500Z-QE24M
L23-1376,P-12338-A,A,1575,MT-05,E-0125,2024-02-01 07:16:00,2024-02-02 22:24:00,MC-01318,H740500,P25,A1,closed,32.1,32.0,1568,2024-03-01,20260106T061500Z-QE24M
L24-0041,P-16272-A,A,640,MT-01,E-0146,2024-02-01 08:33:00,2024-02-02 09:23:00,MC-00052,H838087,M25,A1,closed,17.8,16.5,633,2024-02-19,20260106T061500Z-QE24M
L24-0043,P-15362-C,C,515,SW-04,E-0107,2024-02-01 09:37:00,2024-02-02 17:14:00,MC-00069,H768258,M25,C3,closed,24.6,24.6,512,2024-02-22,20260106T061500Z-QE24M
L23-1377,P-16451-A,A,2130,MT-03,E-0121,2024-02-01 10:01:00,2024-02-05 21:16:00,MC-01305,H592221,M25,A2,closed,45.2,46.0,2106,2024-02-26,20260106T061500Z-QE24M
L23-1378,P-17484-A,A,585,SW-05,E-0109,2024-02-01 12:44:00,2024-02-02 19:54:00,MC-01320,H247110,M25,A3,closed,24.2,25.6,583,2024-02-16,20260106T061500Z-QE24M
L24-0045,P-10749-A,A,530,ML-04,E-0135,2024-02-01 14:02:00,2024-02-05 07:46:00,MC-00018,H112507,M25,A2,closed,27.7,28.3,524,2024-02-26,20260106T061500Z-QE24M
L24-0046,P-11167-D,D,1100,SW-07,E-0114,2024-02-01 22:01:00,2024-02-05 15:02:00,MC-00008,H321070,M25,D3,closed,27.0,26.8,1059,2024-02-22,20260106T061500Z-QE24M
L24-0048,P-13267-B,B,855,SW-01,E-0101,2024-02-02 07:02:00,2024-02-05 11:08:00,MC-00060,H613125,P25,B2,closed,21.1,21.5,847,2024-02-26,20260106T061500Z-QE24M
L24-0039,P-12004-A,A,980,ML-02,E-0131,2024-02-02 09:21:00,2024-02-07 08:33:00,MC-00040,H359299,N10,A1,closed,50.2,51.1,980,2024-02-19,20260106T061500Z-QE24M
L24-0049,P-14859-A,A,935,SW-08,E-0115,2024-02-02 09:32:00,2024-02-05 22:30:00,MC-00022,H891270,M25,A1,closed,30.0,31.2,929,2024-02-19,20260106T061500Z-QE24M
L24-0050,P-15986-A,A,1025,ML-01,E-0129,2024-02-02 13:10:00,2024-02-07 10:57:00,MC-00025,H546592,M25,A3,closed,48.8,49.0,1023,2024-02-22,20260106T061500Z-QE24M
L24-0051,P-13317-A,A,960,MT-04,E-0124,2024-02-02 21:11:00,2024-02-06 14:30:00,MC-00050,H333642,P25,A3,closed,27.3,29.1,897,2024-02-29,20260106T061500Z-QE24M
L23-1379,P-19449-A,A,1655,MT-05,E-0147,2024-02-02 22:54:00,2024-02-07 17:23:00,MC-01293,H981516,M25,A1,closed,45.5,148.3,1589,2024-02-20,20260106T061500Z-QE24M
L24-0053,P-18384-C,C,1080,MT-02,E-0119,2024-02-05 07:02:00,2024-02-06 15:00:00,MC-00078,H235741,P25,C1,closed,25.0,23.9,834,2024-02-21,20260106T061500Z-QE24M
L24-0054,P-14175-A,A,790,MT-06,E-0127,2024-02-05 07:08:00,2024-02-07 06:41:00,MC-00045,H905714,P25,A3,closed,33.5,33.6,766,2024-03-11,20260106T061500Z-QE24M
L23-1380,P-10373-C,C,2065,ML-04,E-0135,2024-02-05 08:16:00,2024-02-14 06:11:00,MC-01314,H261830,P25,C2,closed,116.9,114.6,2053,2024-03-04,20260106T061500Z-QE24M
L24-0055,P-16263-A,A,1485,MT-01,E-0117,2024-02-05 08:24:00,2024-02-07 12:03:00,MC-00066,H674422,M25,A2,closed,37.6,38.9,1476,2024-02-23,20260106T061500Z-QE24M
L24-0057,P-11354-C,C,265,ML-05,E-0137,2024-02-05 08:46:00,2024-02-06 08:06:00,MC-00031,H359312,P25,C1,closed,16.3,15.7,264,2024-02-23,20260106T061500Z-QE24M
L24-0058,P-12589-C,C,700,SW-03,E-0105,2024-02-05 09:42:00,2024-02-06 11:55:00,MC-00061,H660582,M35,C1,closed,19.2,18.3,684,2024-02-29,20260106T061500Z-QE24M
L24-0060,P-11173-A,A,2425,SW-01,E-0101,2024-02-05 11:38:00,2024-02-08 12:33:00,MC-00065,H260381,M25,A3,closed,51.9,54.7,2418,2024-02-26,20260106T061500Z-QE24M
L24-0044,P-12144-A,A,840,GR-02,E-0142,2024-02-05 14:07:00,2024-02-09 07:20:00,MC-00048,H458639,S15,A1,closed,27.2,26.1,828,2024-03-04,20260106T061500Z-QE24M
L24-0061,P-11462-A,A,930,ML-05,E-0137,2024-02-06 08:36:00,2024-02-08 15:35:00,MC-00031,H359312,P25,A3,closed,41.0,42.4,921,2024-03-04,20260106T061500Z-QE24M
L23-1381,P-17077-A,A,530,ML-06,E-0139,2024-02-06 09:31:00,2024-02-07 17:52:00,MC-01312,H293578,N10,A2,closed,25.3,24.6,530,2024-02-26,20260106T061500Z-QE24M
L24-0042,P-15763-A,A,1650,GR-04,E-0144,2024-02-06 12:18:00,2024-02-14 09:41:00,MC-00021,H920209,M25,A2,closed,48.4,47.8,1633,2024-02-27,20260106T061500Z-QE24M
L24-0063,P-13350-A,A,795,MT-04,E-0124,2024-02-06 15:00:00,2024-02-08 09:34:00,MC-00076,H362043,P25,A2,closed,28.6,28.1,784,2024-02-22,20260106T061500Z-QE24M
L24-0064,P-18488-C,C,1165,MT-02,E-0120,2024-02-06 15:30:00,2024-02-07 18:12:00,MC-00071,H432516,P25,C3,closed,19.7,20.2,1153,2024-02-26,20260106T061500Z-QE24M
L24-0056,P-11930-A,A,605,ML-02,E-0131,2024-02-07 09:03:00,2024-02-09 06:47:00,MC-00056,H260637,N10,A1,closed,31.7,32.1,599,2024-02-13,20260106T061500Z-QE24M
L23-1382,P-17644-A,A,510,SW-07,E-0113,2024-02-07 09:34:00,2024-02-07 21:04:00,MC-01308,H940440,M25,A1,closed,11.5,12.0,502,2024-02-23,20260106T061500Z-QE24M
L23-1383,P-17202-A,A,1280,ML-06,E-0140,2024-02-07 18:22:00,2024-02-14 17:51:00,MC-01325,H464259,N10,A1,closed,84.5,82.7,1267,2024-02-28,20260106T061500Z-QE24M
L24-0066,P-16180-A,A,740,MT-02,E-0120,2024-02-07 18:42:00,2024-02-08 21:06:00,MC-00066,H674422,M25,A2,closed,19.4,19.2,725,2024-02-22,20260106T061500Z-QE24M
L24-0067,P-19461-D,D,655,MT-04,E-0123,2024-02-08 10:04:00,2024-02-09 07:32:00,MC-00054,H710677,M25,D2,closed,14.5,14.7,637,2024-02-27,20260106T061500Z-QE24M
L24-0052,P-13842-D,D,620,GR-03,E-0143,2024-02-08 14:04:00,2024-02-13 13:59:00,MC-00004,H930607,N10,D3,closed,25.4,25.8,598,2024-02-28,20260106T061500Z-QE24M
L24-0047,P-13797-A,A,280,GR-01,E-0141,2024-02-09 06:06:00,2024-02-12 10:10:00,MC-00041,H363473,P25,A3,closed,12.6,11.8,276,2024-03-07,20260106T061500Z-QE24M
L24-0062,P-14300-D,D,845,GR-02,E-0142,2024-02-09 07:50:00,2024-02-14 13:39:00,MC-00074,H779921,P25,D3,closed,31.3,30.0,840,2024-03-15,20260106T061500Z-QE24M
L24-0069,P-18503-A,A,1890,MT-04,E-0123,2024-02-09 08:02:00,2024-02-14 08:14:00,MC-00003,H621071,P25,A3,closed,51.2,50.7,1876,2024-02-27,20260106T061500Z-QE24M
L23-1384,P-10680-D,D,1050,ML-01,E-0129,2024-02-09 09:58:00,2024-02-15 10:25:00,MC-01310,H586268,M25,D3,closed,68.5,71.8,1034,2024-03-04,20260106T061500Z-QE24M
L24-0070,P-13447-D,D,1190,MT-01,E-0117,2024-02-12 06:22:00,2024-02-15 12:19:00,MC-00075,H663799,P25,D2,closed,56.9,57.4,1181,2024-03-04,20260106T061500Z-QE24M
L24-0071,P-10845-A,A,765,ML-03,E-0133,2024-02-12 07:28:00,2024-02-14 15:59:00,MC-00055,H335145,M25,A2,closed,42.5,45.1,749,2024-03-01,20260106T061500Z-QE24M
L24-0072,P-14928-A,A,1590,MT-05,E-0117,2024-02-12 08:07:00,2024-02-13 15:35:00,MC-00078,H235741,P25,A3,closed,24.5,22.6,1588,2024-03-06,20260106T061500Z-QE24M
L24-0074,P-11282-A,A,1075,SW-02,E-0103,2024-02-12 08:51:00,2024-02-13 10:37:00,MC-00091,H665328,M25,A2,closed,18.8,18.0,856,2024-03-04,20260106T061500Z-QE24M
L24-0075,P-14693-A,A,1590,SW-03,E-0105,2024-02-12 08:53:00,2024-02-15 15:28:00,MC-00055,H335145,M25,A2,closed,57.6,59.2,1568,2024-02-29,20260106T061500Z-QE24M
L24-0076,P-12435-A,A,210,MT-06,E-0127,2024-02-12 09:25:00,2024-02-12 17:57:00,MC-00080,H376001,P25,A1,closed,8.5,8.4,209,2024-03-11,20260106T061500Z-QE24M
L24-0077,P-12947-A,A,1170,MT-02,E-0119,2024-02-12 10:34:00,2024-02-14 06:17:00,MC-00085,H912754,P25,A1,closed,29.7,29.0,1148,2024-02-26,20260106T061500Z-QE24M
L24-0059,P-12303-D,D,815,GR-01,E-0141,2024-02-12 10:40:00,2024-02-14 13:31:00,MC-00043,H397950,S15,D3,closed,19.8,20.6,798,2024-03-01,20260106T061500Z-QE24M
L23-1385,P-14066-C,C,465,GR-03,E-0143,2024-02-13 14:29:00,2024-02-15 12:16:00,MC-01325,H464259,N10,C1,closed,14.8,14.9,463,2024-03-08,20260106T061500Z-QE24M
L24-0079,P-12868-D,D,730,MT-05,E-0148,2024-02-13 16:05:00,2024-02-14 19:07:00,MC-00085,H912754,P25,D1,closed,20.0,112.2,715,2024-02-28,20260106T061500Z-QE24M
L24-0080,P-13403-A,A,790,MT-02,E-0119,2024-02-14 06:47:00,2024-02-14 21:30:00,MC-00081,H860599,P25,A2,closed,14.7,15.0,782,2024-03-14,20260106T061500Z-QE24M
L24-0082,P-14134-A,A,1590,MT-04,E-0123,2024-02-14 08:44:00,2024-02-16 07:56:00,MC-00063,H206289,P25,A1,closed,33.2,98.9,1570,2024-02-29,20260106T061500Z-QE24M
L23-1386,P-14257-A,A,1740,GR-04,E-0144,2024-02-14 10:11:00,2024-02-22 06:50:00,MC-01326,H289396,P25,A2,closed,47.7,51.7,1724,2024-03-21,20260106T061500Z-QE24M
L24-0083,P-19318-A,A,1535,MT-03,E-0121,2024-02-14 12:39:00,2024-02-16 13:53:00,MC-00054,H710677,M25,A3,closed,35.2,35.6,1527,2024-02-22,20260106T061500Z-QE24M
L24-0065,P-12040-C,C,825,GR-01,E-0145,2024-02-14 14:01:00,2024-02-19 11:27:00,MC-00048,H458639,S15,C3,closed,22.9,23.4,799,2024-03-08,20260106T061500Z-QE24M
L24-0084,P-12023-C,C,3010,ML-03,E-0148,2024-02-14 16:29:00,2024-03-04 15:42:00,MC-00056,H260637,N10,C2,closed,220.2,222.8,2980,2024-03-21,20260106T061500Z-QE24M
L24-0068,P-17087-A,A,320,ML-06,E-0140,2024-02-14 18:21:00,2024-02-15 18:10:00,MC-00026,H540458,N10,A3,closed,16.8,17.8,320,2024-03-01,20260106T061500Z-QE24M
L24-0085,P-12861-C,C,1545,MT-05,E-0126,2024-02-14 19:37:00,2024-02-16 18:29:00,MC-00089,H252346,P25,C2,closed,32.9,95.4,1505,2024-03-13,20260106T061500Z-QE24M
L24-0086,P-14212-C,C,815,MT-02,E-0120,2024-02-14 22:00:00,2024-02-15 22:48:00,MC-00037,H433758,P25,C2,closed,17.8,16.9,800,2024-03-14,20260106T061500Z-QE24M
L24-0087,P-18988-B,B,975,SW-08,E-0115,2024-02-15 09:14:00,2024-02-16 09:42:00,MC-00055,H335145,M25,B1,closed,17.5,18.1,971,2024-03-05,20260106T061500Z-QE24M
L24-0081,P-13821-A,A,1695,GR-03,E-0145,2024-02-15 12:46:00,2024-02-22 13:40:00,MC-00017,H533360,P25,A1,closed,43.4,45.8,1683,2024-03-11,20260106T061500Z-QE24M
L24-0089,P-19072-D,D,1825,SW-06,E-0112,2024-02-15 16:09:00,2024-02-19 21:02:00,MC-00058,H101962,M25,D2,closed,38.9,38.6,1816,2024-02-23,20260106T061500Z-QE24M
L24-0073,P-17077-A,A,525,ML-06,E-0139,2024-02-15 18:40:00,2024-02-19 09:48:00,MC-00096,H269930,N10,A2,closed,25.1,169.7,519,2024-03-04,20260106T061500Z-QE24M
L24-0090,P-17038-D,D,1000,SW-04,E-0107,2024-02-16 07:01:00,2024-02-19 20:01:00,MC-00066,H674422,M25,D2,closed,30.0,31.3,992,2024-03-08,20260106T061500Z-QE24M
L24-0091,P-17014-A,A,1000,SW-05,E-0109,2024-02-16 07:01:00,2024-02-20 06:51:00,MC-00046,H441986,M25,A1,closed,33.8,32.4,991,2024-02-29,20260106T061500Z-QE24M
L24-0092,P-14746-D,D,1300,SW-02,E-0103,2024-02-16 12:24:00,2024-02-21 16:37:00,MC-00079,H863241,M25,D2,closed,55.2,54.2,1297,2024-03-04,20260106T061500Z-QE24M
L24-0093,P-14103-B,B,2350,MT-03,E-0121,2024-02-19 07:30:00,2024-02-22 07:17:00,MC-00057,H152628,P25,B1,closed,50.8,53.9,2333,2024-03-06,20260106T061500Z-QE24M
L24-0094,P-11163-D,D,2200,SW-07,E-0113,2024-02-19 09:17:00,2024-02-22 11:31:00,MC-00059,H948078,M25,D2,closed,53.2,54.5,2193,2024-03-11,20260106T061500Z-QE24M
L24-0095,P-16180-A,A,790,MT-02,E-0119,2024-02-19 09:51:00,2024-02-20 13:22:00,MC-00067,H573549,M25,A2,closed,20.5,20.1,785,2024-02-28,20260106T061500Z-QE24M
L23-1387,P-11502-A,A,3175,ML-06,E-0139,2024-02-19 10:18:00,2024-03-04 10:31:00,MC-01324,H634677,P25,A1,closed,170.2,180.0,2401,2024-04-03,20260106T061500Z-QE24M
L24-0096,P-18450-A,A,1300,MT-06,E-0127,2024-02-19 11:51:00,2024-02-20 22:46:00,MC-00071,H432516,P25,A2,closed,27.9,26.6,1295,2024-03-08,20260106T061500Z-QE24M
L24-0078,P-12223-A,A,480,GR-01,E-0141,2024-02-19 11:57:00,2024-02-21 08:35:00,MC-00030,H854171,S15,A2,closed,13.6,13.5,474,2024-03-08,20260106T061500Z-QE24M
L24-0097,P-15298-A,A,585,SW-05,E-0109,2024-02-20 07:21:00,2024-02-21 09:32:00,MC-00073,H536764,M25,A3,closed,19.2,19.0,568,2024-03-07,20260106T061500Z-QE24M
L23-1388,P-12114-A,A,490,GR-02,E-0142,2024-02-20 10:28:00,2024-02-21 13:57:00,MC-01322,H961108,S15,A2,closed,12.0,11.4,485,2024-03-06,20260106T061500Z-QE24M
L24-0098,P-14168-B,B,1020,MT-02,E-0119,2024-02-20 13:52:00,2024-02-22 09:23:00,MC-00070,H567181,P25,B3,closed,29.5,28.5,1013,2024-03-20,20260106T061500Z-QE24M
L24-0099,P-13502-C,C,885,MT-01,E-0118,2024-02-20 21:22:00,2024-02-22 11:10:00,MC-00086,H262208,P25,C3,closed,23.8,24.0,881,2024-03-25,20260106T061500Z-QE24M
L24-0100,P-17751-B,B,1160,SW-03,E-0105,2024-02-21 06:13:00,2024-02-22 18:54:00,MC-00073,H536764,M25,B1,closed,29.7,30.7,1157,2024-02-29,20260106T061500Z-QE24M
L24-0102,P-11847-D,D,2515,ML-05,E-0138,2024-02-21 16:00:00,2024-03-07 08:54:00,MC-00048,H458639,S15,D2,closed,179.9,171.1,2491,2024-03-29,20260106T061500Z-QE24M
L23-1389,P-17469-D,D,1465,SW-02,E-0147,2024-02-21 17:07:00,2024-02-23 17:52:00,MC-01227,H916272,N10,D2,closed,34.7,36.6,1437,2024-03-11,20260106T061500Z-QE24M
L24-0088,P-18180-D,D,610,GR-04,E-0144,2024-02-22 07:20:00,2024-02-23 11:24:00,MC-00057,H152628,P25,D3,closed,12.6,13.2,602,2024-03-15,20260106T061500Z-QE24M
L23-1390,P-14855-D,D,1370,SW-05,E-0109,2024-02-22 09:24:00,2024-02-23 17:05:00,MC-01327,H128541,M25,D1,closed,24.7,24.8,1360,2024-03-11,20260106T061500Z-QE24M
L24-0103,P-14108-A,A,1720,MT-01,E-0117,2024-02-22 11:40:00,2024-02-26 09:03:00,MC-00070,H567181,P25,A3,closed,31.4,29.8,1711,2024-03-22,20260106T061500Z-QE24M
L24-0104,P-11265-A,A,1060,SW-07,E-0113,2024-02-22 12:01:00,2024-02-23 12:09:00,MC-00065,H260381,M25,A1,closed,17.1,18.9,1052,2024-03-13,20260106T061500Z-QE24M
L24-0101,P-13971-C,C,570,GR-03,E-0143,2024-02-22 14:10:00,2024-02-27 06:18:00,MC-00106,H437200,N10,C1,closed,17.6,20.5,553,2024-03-18,20260106T061500Z-QE24M
L24-0105,P-16715-A,A,1245,ML-04,E-0135,2024-02-23 13:21:00,2024-02-28 09:46:00,MC-00093,H914861,M25,A2,closed,47.4,44.4,1230,2024-03-11,20260106T061500Z-QE24M
L24-0106,P-15142-A,A,1220,SW-08,E-0115,2024-02-23 14:10:00,2024-02-27 21:24:00,MC-00084,H442136,P25,A3,closed,41.2,40.2,1216,2024-03-25,20260106T061500Z-QE24M
L24-0107,P-14473-A,A,990,SW-04,E-0107,2024-02-26 06:16:00,2024-02-27 10:05:00,MC-00067,H573549,M25,A2,closed,20.8,21.2,982,2024-03-18,20260106T061500Z-QE24M
L24-0108,P-11909-A,A,1785,ML-02,E-0131,2024-02-26 06:24:00,2024-03-04 20:29:00,MC-00056,H260637,N10,A3,closed,99.1,101.0,1771,2024-03-18,20260106T061500Z-QE24M
L24-0109,P-12777-A,A,510,SW-03,E-0105,2024-02-26 07:12:00,2024-02-26 22:47:00,MC-00064,H511638,M35,A1,closed,15.6,16.0,497,2024-03-01,20260106T061500Z-QE24M
L24-0110,P-12284-B,B,820,GR-04,E-0144,2024-02-26 07:20:00,2024-02-28 12:36:00,MC-00048,H458639,S15,B2,closed,22.3,21.8,801,2024-03-05,20260106T061500Z-QE24M
L24-0111,P-12972-A,A,990,MT-03,E-0121,2024-02-26 07:26:00,2024-02-27 16:42:00,MC-00088,H229938,P25,A3,closed,26.3,24.8,975,2024-03-22,20260106T061500Z-QE24M
L24-0113,P-14719-A,A,1395,SW-02,E-0145,2024-02-27 08:58:00,2024-02-29 13:19:00,MC-00073,H536764,M25,A2,closed,38.3,37.5,1372,2024-03-13,20260106T061500Z-QE24M
L24-0114,P-19137-C,C,1770,SW-04,E-0107,2024-02-27 10:35:00,2024-03-04 10:47:00,MC-00107,H403254,M25,C3,closed,68.2,68.9,1346,2024-03-18,20260106T061500Z-QE24M
L24-0115,P-18413-C,C,1640,MT-03,E-0122,2024-02-27 17:12:00,2024-03-01 07:11:00,MC-00084,H442136,P25,C3,closed,41.0,43.0,1611,2024-03-29,20260106T061500Z-QE24M
L24-0116,P-11984-A,A,200,ML-01,E-0130,2024-02-27 18:04:00,2024-02-28 12:04:00,MC-00053,H457839,N10,A2,closed,11.0,10.6,198,2024-03-15,20260106T061500Z-QE24M
L24-0117,P-17287-A,A,620,SW-08,E-0116,2024-02-27 21:54:00,2024-02-28 15:20:00,MC-00106,H437200,N10,A3,closed,10.4,10.8,602,2024-03-18,20260106T061500Z-QE24M
L24-0118,P-10235-A,A,1775,GR-01,E-0145,2024-02-28 06:12:00,2024-03-05 11:17:00,MC-00042,H961341,P25,A2,closed,39.1,43.6,1769,2024-03-25,20260106T061500Z-QE24M
L24-0119,P-14159-A,A,260,MT-05,E-0125,2024-02-28 06:19:00,2024-02-28 16:25:00,MC-00045,H905714,P25,A3,closed,10.1,10.2,255,2024-03-15,20260106T061500Z-QE24M
L24-0120,P-16229-A,A,2695,MT-06,E-0127,2024-02-28 09:38:00,2024-03-04 19:35:00,MC-00110,H354881,M25,A2,closed,60.9,60.4,2630,2024-03-21,20260106T061500Z-QE24M
L24-0121,P-15742-C,C,200,GR-04,E-0144,2024-02-28 13:06:00,2024-02-29 09:46:00,MC-00093,H914861,M25,C2,closed,5.2,5.0,200,2024-03-12,20260106T061500Z-QE24M
L24-0122,P-10967-A,A,1370,ML-04,E-0136,2024-02-28 16:47:00,2024-03-07 17:47:00,MC-00084,H442136,P25,A2,closed,103.0,103.7,1354,2024-04-01,20260106T061500Z-QE24M
L24-0123,P-13328-A,A,1060,MT-04,E-0123,2024-02-29 09:50:00,2024-03-05 21:01:00,MC-00082,H332606,P25,A2,closed,62.2,59.2,934,2024-03-29,20260106T061500Z-QE24M
L24-0124,P-10215-A,A,995,GR-04,E-0144,2024-02-29 10:16:00,2024-03-06 07:27:00,MC-00035,H896405,P25,A1,closed,31.2,30.5,991,2024-04-03,20260106T061500Z-QE24M
L24-0125,P-10518-D,D,1305,ML-01,E-0129,2024-02-29 14:03:00,2024-03-06 11:02:00,MC-00092,H927081,P25,D3,closed,65.0,62.9,1298,2024-03-25,20260106T061500Z-QE24M
L24-0126,P-13530-B,B,615,GR-02,E-0142,2024-02-29 14:07:00,2024-03-04 11:48:00,MC-00088,H229938,P25,B1,closed,14.7,15.6,610,2024-04-01,20260106T061500Z-QE24M
L24-0127,P-17004-D,D,1000,SW-07,E-0113,2024-03-01 06:21:00,2024-03-04 16:51:00,MC-00046,H441986,M25,D1,closed,27.5,26.5,991,2024-03-18,20260106T061500Z-QE24M
L24-0129,P-17741-A,A,940,SW-06,E-0112,2024-03-01 21:40:00,2024-03-06 11:26:00,MC-00079,H863241,M25,A1,closed,40.8,38.2,917,2024-03-21,20260106T061500Z-QE24M
L24-0130,P-13369-A,A,970,MT-03,E-0122,2024-03-01 22:53:00,2024-03-05 15:00:00,MC-00090,H828176,P25,A2,closed,26.1,26.9,956,2024-04-08,20260106T061500Z-QE24M
L24-0131,P-17732-C,C,1280,SW-02,E-0103,2024-03-04 06:28:00,2024-03-07 06:28:00,MC-00101,H392431,M25,C1,closed,51.0,49.1,1268,2024-03-19,20260106T061500Z-QE24M
L24-0132,P-11253-B,B,2145,SW-05,E-0146,2024-03-04 06:34:00,2024-03-08 17:00:00,MC-00059,H948078,M25,B1,closed,78.4,80.6,2072,2024-03-14,20260106T061500Z-QE24M
L24-0133,P-13431-A,A,890,MT-01,E-0117,2024-03-04 07:20:00,2024-03-05 09:57:00,MC-00102,H405011,P25,A3,closed,19.6,20.1,880,2024-03-18,20260106T061500Z-QE24M
L24-0134,P-15667-C,C,645,GR-03,E-0143,2024-03-04 07:53:00,2024-03-07 08:17:00,MC-00124,H525520,M25,C1,closed,25.9,27.3,642,2024-03-19,20260106T061500Z-QE24M
L24-0135,P-12925-A,A,1025,MT-02,E-0119,2024-03-04 08:20:00,2024-03-05 13:08:00,MC-00088,H229938,P25,A1,closed,21.8,21.5,998,2024-04-01,20260106T061500Z-QE24M
L24-0136,P-14462-A,A,630,SW-01,E-0101,2024-03-04 08:44:00,2024-03-05 09:32:00,MC-00058,H101962,M25,A3,closed,17.8,18.2,627,2024-03-22,20260106T061500Z-QE24M
L24-0137,P-12458-A,A,1045,MT-05,E-0125,2024-03-04 09:38:00,2024-03-05 20:32:00,MC-00041,H363473,P25,A2,closed,27.9,27.6,1039,2024-04-02,20260106T061500Z-QE24M
L24-0138,P-14885-D,D,415,SW-03,E-0105,2024-03-04 10:02:00,2024-03-05 12:18:00,MC-00079,H863241,M25,D1,closed,19.3,20.6,410,2024-03-25,20260106T061500Z-QE24M
L24-0139,P-15057-A,A,1550,SW-08,E-0115,2024-03-04 10:50:00,2024-03-06 16:46:00,MC-00122,H130583,P25,A3,closed,39.9,41.4,1533,2024-03-29,20260106T061500Z-QE24M
L24-0112,P-17147-C,C,1035,ML-06,E-0139,2024-03-04 11:01:00,2024-03-08 20:12:00,MC-00083,H900148,N10,C3,closed,77.2,77.1,1022,2024-03-27,20260106T061500Z-QE24M
L24-0140,P-16831-C,C,545,ML-03,E-0134,2024-03-04 16:12:00,2024-03-06 11:22:00,MC-00089,H252346,P25,C1,closed,29.2,27.7,539,2024-04-02,20260106T061500Z-QE24M
L24-0141,P-10385-D,D,1055,ML-02,E-0132,2024-03-04 20:59:00,2024-03-08 18:14:00,MC-00003,H621071,P25,D3,closed,65.2,66.3,1008,2024-03-25,20260106T061500Z-QE24M
L24-0142,P-14574-C,C,595,SW-03,E-0105,2024-03-05 12:48:00,2024-03-06 10:48:00,MC-00110,H354881,M25,C1,closed,15.0,14.9,589,2024-03-21,20260106T061500Z-QE24M
L24-0143,P-16180-A,A,795,MT-02,E-0119,2024-03-05 13:38:00,2024-03-06 17:15:00,MC-00113,H743196,M25,A2,closed,20.6,21.9,790,2024-03-19,20260106T061500Z-QE24M
L24-0144,P-13458-B,B,785,MT-03,E-0122,2024-03-05 15:30:00,2024-03-06 09:21:00,MC-00121,H285252,P25,B3,closed,10.8,11.3,740,2024-03-25,20260106T061500Z-QE24M
L24-0145,P-18115-C,C,1070,GR-01,E-0141,2024-03-06 06:11:00,2024-03-11 09:00:00,MC-00070,H567181,P25,C3,closed,28.3,29.0,1065,2024-04-08,20260106T061500Z-QE24M
L24-0147,P-13307-B,B,860,MT-03,E-0121,2024-03-06 09:51:00,2024-03-07 16:20:00,MC-00087,H441553,P25,B2,closed,23.5,24.9,856,2024-03-29,20260106T061500Z-QE24M
L24-0148,P-16953-D,D,735,ML-01,E-0129,2024-03-06 11:32:00,2024-03-08 07:51:00,MC-00062,H689194,P25,D1,closed,30.3,30.3,725,2024-03-20,20260106T061500Z-QE24M
L24-0149,P-14952-A,A,1355,MT-05,E-0125,2024-03-06 11:32:00,2024-03-11 10:30:00,MC-00094,H504163,P25,A1,closed,50.0,46.5,1349,2024-04-09,20260106T061500Z-QE24M
L24-0150,P-10604-A,A,250,ML-03,E-0133,2024-03-06 11:52:00,2024-03-07 07:34:00,MC-00113,H743196,M25,A2,closed,12.7,14.0,246,2024-03-25,20260106T061500Z-QE24M
L24-0151,P-16645-A,A,745,ML-03,E-0133,2024-03-07 08:04:00,2024-03-11 16:41:00,MC-00072,H633442,M25,A1,closed,42.6,42.9,742,2024-03-25,20260106T061500Z-QE24M
L24-0152,P-11663-A,A,1685,ML-05,E-0137,2024-03-07 09:24:00,2024-03-14 17:49:00,MC-00104,H871641,S15,A1,closed,93.4,86.1,1667,2024-04-01,20260106T061500Z-QE24M
L24-0153,P-18106-D,D,1010,GR-02,E-0142,2024-03-07 13:54:00,2024-03-12 10:15:00,MC-00045,H905714,P25,D2,closed,21.9,22.4,1002,2024-03-25,20260106T061500Z-QE24M
L24-0154,P-11072-B,B,490,ML-04,E-0147,2024-03-07 18:17:00,2024-03-11 14:05:00,MC-00122,H130583,P25,B3,closed,29.8,28.4,485,2024-04-04,20260106T061500Z-QE24M
L24-0155,P-10941-C,C,1065,ML-01,E-0129,2024-03-08 08:21:00,2024-03-13 10:46:00,MC-00122,H130583,P25,C2,closed,53.4,54.4,1053,2024-03-27,20260106T061500Z-QE24M
L24-0156,P-17795-A,A,5190,SW-05,E-0148,2024-03-08 17:30:00,2024-03-20 16:50:00,MC-00068,H574171,M35,A2,closed,135.3,138.6,5142,2024-04-02,20260106T061500Z-QE24M
L24-0157,P-10567-A,A,385,ML-02,E-0148,2024-03-08 18:44:00,2024-03-12 08:01:00,MC-00071,H432516,P25,A2,closed,23.3,22.2,375,2024-03-29,20260106T061500Z-QE24M
L24-0128,P-11889-B,B,675,ML-06,E-0140,2024-03-08 20:42:00,2024-03-13 08:55:00,MC-00104,H871641,S15,B1,closed,39.2,38.1,671,2024-03-27,20260106T061500Z-QE24M
L24-0158,P-15083-A,A,845,SW-01,E-0101,2024-03-11 06:25:00,2024-03-12 07:55:00,MC-00042,H961341,P25,A2,closed,18.5,19.8,828,2024-04-08,20260106T061500Z-QE24M
L24-0159,P-18841-A,A,1815,MT-06,E-0127,2024-03-11 07:30:00,2024-03-13 13:06:00,MC-00120,H942267,P25,A1,closed,39.6,37.5,1790,2024-04-01,20260106T061500Z-QE24M
L24-0160,P-16282-A,A,1055,MT-01,E-0117,2024-03-11 07:44:00,2024-03-13 22:27:00,MC-00124,H525520,M25,A1,closed,48.7,47.8,1045,2024-04-01,20260106T061500Z-QE24M
L24-0161,P-17582-A,A,3205,SW-04,E-0107,2024-03-11 09:13:00,2024-03-14 09:49:00,MC-00126,H897811,M25,A2,closed,51.6,104.7,2589,2024-04-01,20260106T061500Z-QE24M
L24-0162,P-10284-A,A,415,GR-01,E-0141,2024-03-11 09:30:00,2024-03-12 13:08:00,MC-00077,H283670,P25,A2,closed,12.1,12.3,374,2024-03-29,20260106T061500Z-QE24M
L24-0163,P-11163-D,D,2200,SW-03,E-0105,2024-03-11 09:36:00,2024-03-14 11:50:00,MC-00072,H633442,M25,D2,closed,53.2,53.7,2151,2024-04-01,20260106T061500Z-QE24M
L24-0164,P-10178-D,D,850,GR-04,E-0144,2024-03-11 10:09:00,2024-03-14 06:38:00,MC-00122,H130583,P25,D3,closed,22.0,23.5,844,2024-04-08,20260106T061500Z-QE24M
L24-0165,P-15589-C,C,515,GR-03,E-0145,2024-03-11 10:21:00,2024-03-13 06:08:00,MC-00124,H525520,M25,C2,closed,12.8,13.3,507,2024-03-29,20260106T061500Z-QE24M
L24-0166,P-15035-A,A,235,SW-08,E-0115,2024-03-11 10:59:00,2024-03-11 19:11:00,MC-00130,H885050,P25,A3,closed,8.2,7.7,230,2024-04-03,20260106T061500Z-QE24M
L24-0168,P-16900-D,D,1895,ML-04,E-0136,2024-03-11 14:35:00,2024-03-20 12:35:00,MC-00120,H942267,P25,D3,closed,117.0,113.2,1887,2024-04-18,20260106T061500Z-QE24M
L24-0169,P-13380-B,B,805,MT-02,E-0120,2024-03-11 14:43:00,2024-03-12 18:01:00,MC-00138,H727277,P25,B3,closed,20.3,19.2,796,2024-04-02,20260106T061500Z-QE24M
L24-0170,P-15206-A,A,195,SW-07,E-0114,2024-03-11 17:21:00,2024-03-12 10:55:00,MC-00077,H283670,P25,A2,closed,10.6,11.0,170,2024-04-08,20260106T061500Z-QE24M
L24-0171,P-12722-A,A,470,SW-06,E-0112,2024-03-11 21:24:00,2024-03-12 18:08:00,MC-00068,H574171,M35,A1,closed,13.7,13.5,465,2024-04-08,20260106T061500Z-QE24M
L24-0172,P-11909-A,A,1955,ML-03,E-0134,2024-03-11 22:55:00,2024-03-20 12:10:00,MC-00056,H260637,N10,A3,closed,108.2,104.6,1924,2024-04-03,20260106T061500Z-QE24M
L24-0173,P-16289-C,C,1615,MT-03,E-0121,2024-03-12 10:26:00,2024-03-13 17:26:00,MC-00065,H260381,M25,C3,closed,24.0,22.9,1601,2024-04-01,20260106T061500Z-QE24M
L24-0174,P-18380-A,A,1230,MT-04,E-0123,2024-03-12 10:26:00,2024-03-14 09:47:00,MC-00146,H587442,P25,A2,closed,33.3,33.1,1199,2024-03-26,20260106T061500Z-QE24M
L24-0175,P-15642-A,A,695,GR-02,E-0142,2024-03-12 10:45:00,2024-03-15 07:50:00,MC-00118,H765633,M25,A1,closed,22.6,21.2,692,2024-04-01,20260106T061500Z-QE24M
L24-0176,P-14869-A,A,2190,SW-02,E-0104,2024-03-12 20:29:00,2024-03-18 16:04:00,MC-00132,H875620,M25,A1,closed,63.6,60.4,2156,2024-04-04,20260106T061500Z-QE24M
L24-0177,P-14042-C,C,430,GR-03,E-0143,2024-03-13 07:21:00,2024-03-14 11:02:00,MC-00106,H437200,N10,C1,closed,12.2,12.0,426,2024-03-29,20260106T061500Z-QE24M
L24-0178,P-14384-D,D,560,GR-01,E-0141,2024-03-13 09:19:00,2024-03-15 13:36:00,MC-00128,H483761,P25,D2,closed,21.3,18.6,542,2024-04-15,20260106T061500Z-QE24M
L24-0146,P-11700-B,B,1130,ML-06,E-0139,2024-03-13 09:25:00,2024-03-18 13:58:00,MC-00030,H854171,S15,B2,closed,55.5,51.8,1114,2024-03-21,20260106T061500Z-QE24M
L24-0180,P-19370-B,B,2105,MT-05,E-0125,2024-03-13 12:04:00,2024-03-19 08:27:00,MC-00125,H633468,M25,B3,closed,64.4,62.8,1711,2024-04-01,20260106T061500Z-QE24M
L24-0181,P-13483-A,A,785,MT-06,E-0127,2024-03-13 13:36:00,2024-03-14 12:33:00,MC-00143,H825016,P25,A1,closed,16.0,15.7,780,2024-04-05,20260106T061500Z-QE24M
L24-0182,P-12861-C,C,1525,MT-02,E-0120,2024-03-13 22:58:00,2024-03-15 21:27:00,MC-00089,H252346,P25,C2,closed,32.5,33.9,1504,2024-04-10,20260106T061500Z-QE24M
L24-0183,P-10123-A,A,1270,GR-04,E-0144,2024-03-14 07:08:00,2024-03-22 13:19:00,MC-00130,H885050,P25,A3,closed,57.2,59.7,1264,2024-04-17,20260106T061500Z-QE24M
L24-0184,P-12835-A,A,580,MT-03,E-0121,2024-03-14 09:17:00,2024-03-15 06:47:00,MC-00133,H578757,P25,A1,closed,14.5,15.6,574,2024-04-08,20260106T061500Z-QE24M
L23-1391,P-17627-A,A,730,SW-04,E-0107,2024-03-14 10:19:00,2024-03-15 17:00:00,MC-01320,H247110,M25,A1,closed,23.7,24.4,715,2024-03-27,20260106T061500Z-QE24M
L24-0185,P-16237-A,A,2400,MT-06,E-0128,2024-03-14 17:14:00,2024-03-20 08:14:00,MC-00127,H435628,M25,A2,closed,59.0,60.4,2377,2024-04-04,20260106T061500Z-QE24M
L24-0186,P-11856-B,B,1575,ML-05,E-0138,2024-03-14 18:19:00,2024-03-21 20:04:00,MC-00043,H397950,S15,B3,closed,86.7,88.1,1551,2024-04-08,20260106T061500Z-QE24M
L24-0188,P-17974-C,C,3380,SW-06,E-0111,2024-03-15 08:51:00,2024-03-28 09:16:00,MC-00020,H328220,M35,C3,closed,153.4,163.7,3358,2024-04-18,20260106T061500Z-QE24M
L24-0189,P-16180-A,A,850,MT-02,E-0120,2024-03-15 21:57:00,2024-03-19 09:47:00,MC-00113,H743196,M25,A2,closed,21.8,21.1,845,2024-03-29,20260106T061500Z-QE24M
L24-0190,P-19299-A,A,2435,MT-01,E-0117,2024-03-18 06:14:00,2024-03-22 17:56:00,MC-00140,H184956,M25,A1,closed,79.7,77.0,2367,2024-04-04,20260106T061500Z-QE24M
L24-0191,P-18347-A,A,2085,MT-03,E-0121,2024-03-18 06:38:00,2024-03-19 08:58:00,MC-00146,H587442,P25,A3,closed,19.3,20.3,2075,2024-03-28,20260106T061500Z-QE24M
L24-0192,P-12164-A,A,285,GR-02,E-0142,2024-03-18 06:57:00,2024-03-19 07:04:00,MC-00112,H464262,S15,A2,closed,8.6,7.7,283,2024-04-01,20260106T061500Z-QE24M
L24-0193,P-12988-A,A,695,MT-04,E-0123,2024-03-18 08:46:00,2024-03-19 20:22:00,MC-00062,H689194,P25,A3,closed,28.6,30.6,686,2024-04-08,20260106T061500Z-QE24M
L24-0194,P-10212-A,A,655,GR-03,E-0143,2024-03-18 09:20:00,2024-03-20 09:25:00,MC-00094,H504163,P25,A2,closed,17.1,16.2,652,2024-04-12,20260106T061500Z-QE24M
L24-0195,P-17500-A,A,1280,SW-08,E-0115,2024-03-18 10:09:00,2024-03-20 11:22:00,MC-00069,H768258,M25,A3,closed,35.2,34.2,1249,2024-04-08,20260106T061500Z-QE24M
L24-0196,P-10900-A,A,4945,ML-01,E-0129,2024-03-18 10:16:00,2024-03-29 13:33:00,MC-00146,H587442,P25,A3,closed,156.3,150.2,4871,2024-04-15,20260106T061500Z-QE24M
L24-0197,P-14715-D,D,425,SW-01,E-0101,2024-03-18 10:46:00,2024-03-18 22:24:00,MC-00132,H875620,M25,D1,closed,11.6,11.4,421,2024-04-04,20260106T061500Z-QE24M
L24-0167,P-11598-C,C,750,ML-06,E-0139,2024-03-18 14:28:00,2024-03-20 11:28:00,MC-00062,H689194,P25,C1,closed,31.0,31.9,744,2024-04-04,20260106T061500Z-QE24M
L24-0198,P-17351-A,A,540,SW-01,E-0102,2024-03-18 22:54:00,2024-03-19 20:20:00,MC-00098,H167194,N10,A2,closed,14.4,13.6,535,2024-04-08,20260106T061500Z-QE24M
L24-0199,P-19446-A,A,1255,MT-05,E-0125,2024-03-19 08:57:00,2024-03-21 17:04:00,MC-00151,H621647,M25,A1,closed,42.1,42.5,1249,2024-04-04,20260106T061500Z-QE24M
L24-0200,P-14989-D,D,1430,MT-03,E-0125,2024-03-19 09:28:00,2024-03-21 06:50:00,MC-00146,H587442,P25,D3,closed,31.4,31.0,1413,2024-04-12,20260106T061500Z-QE24M
L24-0201,P-16366-D,D,805,MT-02,E-0119,2024-03-19 10:17:00,2024-03-20 17:29:00,MC-00136,H583892,M25,D3,closed,24.2,24.6,804,2024-04-01,20260106T061500Z-QE24M
L24-0202,P-18406-A,A,1385,MT-04,E-0124,2024-03-19 20:52:00,2024-03-21 12:15:00,MC-00149,H878112,P25,A3,closed,25.4,27.1,1374,2024-04-22,20260106T061500Z-QE24M
L24-0203,P-11142-B,B,680,ML-02,E-0132,2024-03-19 21:15:00,2024-03-21 19:02:00,MC-00149,H878112,P25,B2,closed,31.8,30.9,645,2024-04-15,20260106T061500Z-QE24M
L24-0204,P-12878-C,C,745,MT-06,E-0127,2024-03-20 08:44:00,2024-03-21 10:45:00,MC-00089,H252346,P25,C3,closed,19.0,18.8,733,2024-04-22,20260106T061500Z-QE24M
L23-1392,P-14077-B,B,1220,GR-01,E-0146,2024-03-20 09:23:00,2024-03-26 07:03:00,MC-01328,H560134,N10,B3,closed,31.7,29.1,1217,2024-04-12,20260106T061500Z-QE24M
L24-0205,P-15697-A,A,565,GR-02,E-0142,2024-03-20 10:47:00,2024-03-25 09:00:00,MC-00065,H260381,M25,A3,closed,23.7,22.9,562,2024-04-12,20260106T061500Z-QE24M
L24-0179,P-17220-A,A,785,ML-06,E-0139,2024-03-20 11:58:00,2024-03-22 06:52:00,MC-00139,H177178,N10,A2,closed,28.9,28.7,781,2024-04-10,20260106T061500Z-QE24M
L24-0206,P-10378-D,D,765,ML-03,E-0133,2024-03-20 12:40:00,2024-03-22 12:31:00,MC-00097,H178096,P25,D1,closed,33.9,35.7,755,2024-04-12,20260106T061500Z-QE24M
L24-0208,P-14966-D,D,1370,MT-02,E-0126,2024-03-20 17:59:00,2024-03-25 12:13:00,MC-00094,H504163,P25,D1,closed,45.2,43.1,1364,2024-04-12,20260106T061500Z-QE24M
L24-0209,P-14928-A,A,1450,MT-03,E-0119,2024-03-21 07:20:00,2024-03-22 12:54:00,MC-00134,H744447,P25,A3,closed,22.6,21.3,1448,2024-04-22,20260106T061500Z-QE24M
L24-0210,P-18526-A,A,3280,MT-06,E-0127,2024-03-21 11:15:00,2024-04-02 07:16:00,MC-00092,H927081,P25,A3,closed,132.0,132.7,3230,2024-04-12,20260106T061500Z-QE24M
L24-0211,P-16451-A,A,2365,MT-04,E-0123,2024-03-21 12:45:00,2024-03-26 11:39:00,MC-00095,H715931,M25,A2,closed,49.9,50.5,2331,2024-04-15,20260106T061500Z-QE24M
L24-0212,P-15450-B,B,1920,SW-07,E-0114,2024-03-21 16:21:00,2024-03-27 07:41:00,MC-00132,H875620,M25,B2,closed,59.3,55.1,1894,2024-04-09,20260106T061500Z-QE24M
L24-0213,P-12645-A,A,1630,SW-01,E-0102,2024-03-21 16:23:00,2024-03-25 12:33:00,MC-00068,H574171,M35,A3,closed,30.2,28.8,1604,2024-04-19,20260106T061500Z-QE24M
L24-0214,P-12907-D,D,620,MT-05,E-0126,2024-03-21 17:34:00,2024-03-22 21:15:00,MC-00108,H331351,P25,D1,closed,20.7,20.2,605,2024-04-22,20260106T061500Z-QE24M
L24-0215,P-13158-A,A,335,SW-02,E-0104,2024-03-21 18:38:00,2024-03-22 11:00:00,MC-00063,H206289,P25,A2,closed,9.4,9.7,330,2024-04-29,20260106T061500Z-QE24M
L24-0216,P-16688-C,C,1210,ML-04,E-0136,2024-03-21 18:55:00,2024-03-27 21:53:00,MC-00118,H765633,M25,C1,closed,71.0,70.6,1204,2024-04-15,20260106T061500Z-QE24M
L24-0217,P-11490-A,A,195,ML-05,E-0138,2024-03-21 20:34:00,2024-03-22 17:46:00,MC-00109,H546056,P25,A1,closed,14.2,15.8,194,2024-04-19,20260106T061500Z-QE24M
L24-0218,P-17901-A,A,1030,SW-04,E-0107,2024-03-22 06:09:00,2024-03-25 19:27:00,MC-00105,H751607,M35,A3,closed,30.3,30.9,1027,2024-04-22,20260106T061500Z-QE24M
L24-0187,P-11745-D,D,1580,ML-06,E-0140,2024-03-22 07:22:00,2024-03-27 16:47:00,MC-00030,H854171,S15,D1,closed,60.4,142.4,1518,2024-04-10,20260106T061500Z-QE24M
L24-0219,P-13149-C,C,3035,SW-05,E-0109,2024-03-22 08:51:00,2024-03-29 16:23:00,MC-00099,H482626,P25,C3,closed,92.5,83.8,2974,2024-04-25,20260106T061500Z-QE24M
L24-0220,P-16001-D,D,1430,ML-03,E-0133,2024-03-22 13:01:00,2024-03-27 11:30:00,MC-00159,H932455,M25,D3,closed,49.5,49.1,1424,2024-04-12,20260106T061500Z-QE24M
L24-0221,P-14103-B,B,2355,MT-03,E-0121,2024-03-22 13:24:00,2024-03-27 13:17:00,MC-00099,H482626,P25,B1,closed,50.9,49.7,2328,2024-04-15,20260106T061500Z-QE24M
L24-0222,P-17153-C,C,730,ML-05,E-0138,2024-03-22 18:16:00,2024-03-27 12:51:00,MC-00096,H269930,N10,C3,closed,45.6,47.1,728,2024-04-12,20260106T061500Z-QE24M
L24-0223,P-15438-D,D,545,SW-08,E-0115,2024-03-25 06:13:00,2024-03-26 09:50:00,MC-00140,H184956,M25,D2,closed,20.6,20.5,530,2024-04-08,20260106T061500Z-QE24M
L24-0224,P-18420-D,D,1065,MT-05,E-0125,2024-03-25 07:24:00,2024-03-26 17:11:00,MC-00094,H504163,P25,D3,closed,26.8,26.0,1052,2024-04-22,20260106T061500Z-QE24M
L24-0225,P-15382-A,A,925,SW-03,E-0105,2024-03-25 07:36:00,2024-03-26 20:34:00,MC-00140,H184956,M25,A2,closed,30.0,31.6,917,2024-04-08,20260106T061500Z-QE24M
L24-0226,P-12543-C,C,885,MT-01,E-0117,2024-03-25 07:48:00,2024-03-27 14:24:00,MC-00062,H689194,P25,C2,closed,40.6,39.7,874,2024-04-22,20260106T061500Z-QE24M
L24-0227,P-15885-A,A,810,ML-02,E-0145,2024-03-25 07:58:00,2024-03-27 08:17:00,MC-00148,H646648,M25,A2,closed,34.3,33.2,801,2024-04-10,20260106T061500Z-QE24M
L24-0228,P-14292-A,A,705,GR-04,E-0146,2024-03-25 08:50:00,2024-03-27 08:56:00,MC-00111,H317011,P25,A1,closed,17.1,17.7,695,2024-04-25,20260106T061500Z-QE24M
L24-0230,P-13863-B,B,1300,GR-02,E-0142,2024-03-25 09:30:00,2024-04-03 07:10:00,MC-00103,H267568,N10,B1,closed,57.2,59.2,1285,2024-04-17,20260106T061500Z-QE24M
L24-0231,P-17038-D,D,1000,SW-02,E-0103,2024-03-25 09:59:00,2024-03-26 22:59:00,MC-00116,H476683,M25,D2,closed,30.0,31.5,879,2024-04-04,20260106T061500Z-QE24M
L24-0232,P-10365-A,A,1815,GR-03,E-0143,2024-03-25 10:54:00,2024-04-03 07:02:00,MC-00147,H792219,P25,A2,closed,55.6,54.7,1781,2024-05-02,20260106T061500Z-QE24M
L24-0233,P-15181-A,A,1770,SW-01,E-0101,2024-03-25 13:03:00,2024-03-27 14:48:00,MC-00149,H878112,P25,A3,closed,35.7,34.7,1494,2024-04-11,20260106T061500Z-QE24M
L24-0234,P-17441-A,A,850,SW-04,E-0108,2024-03-25 19:57:00,2024-03-27 08:47:00,MC-00145,H449623,N10,A2,closed,22.8,22.1,845,2024-04-08,20260106T061500Z-QE24M
L24-0229,P-12065-A,A,1055,GR-01,E-0141,2024-03-26 07:33:00,2024-03-28 09:44:00,MC-00043,H397950,S15,A2,closed,19.2,18.3,1051,2024-04-12,20260106T061500Z-QE24M
L24-0235,P-14909-A,A,1095,SW-08,E-0146,2024-03-26 10:20:00,2024-03-28 10:55:00,MC-00148,H646648,M25,A2,closed,34.6,36.8,1083,2024-04-03,20260106T061500Z-QE24M
L24-0236,P-16352-D,D,1565,MT-04,E-0123,2024-03-26 12:09:00,2024-03-29 20:45:00,MC-00095,H715931,M25,D2,closed,59.6,62.8,1556,2024-04-12,20260106T061500Z-QE24M
L24-0237,P-16180-A,A,835,MT-02,E-0119,2024-03-26 13:15:00,2024-03-27 17:45:00,MC-00141,H879393,M25,A2,closed,21.5,21.2,754,2024-04-12,20260106T061500Z-QE24M
L24-0238,P-12884-C,C,590,MT-05,E-0126,2024-03-26 17:41:00,2024-03-27 13:37:00,MC-00111,H317011,P25,C3,closed,12.9,12.0,581,2024-04-15,20260106T061500Z-QE24M
L24-0239,P-17841-B,B,895,SW-07,E-0113,2024-03-27 08:11:00,2024-03-28 21:11:00,MC-00100,H229364,M35,B1,closed,30.0,31.4,887,2024-04-22,20260106T061500Z-QE24M
L24-0240,P-15681-A,A,370,GR-04,E-0144,2024-03-27 09:26:00,2024-03-29 07:50:00,MC-00136,H583892,M25,A1,closed,15.4,74.9,370,2024-04-15,20260106T061500Z-QE24M
L24-0241,P-14681-B,B,750,SW-02,E-0103,2024-03-27 09:44:00,2024-03-28 19:44:00,MC-00058,H101962,M25,B2,closed,27.0,29.0,738,2024-04-11,20260106T061500Z-QE24M
L24-0243,P-11413-A,A,270,ML-05,E-0137,2024-03-27 13:21:00,2024-03-28 12:27:00,MC-00133,H578757,P25,A2,closed,16.1,15.9,269,2024-04-18,20260106T061500Z-QE24M
L24-0244,P-16385-A,A,610,MT-03,E-0121,2024-03-27 13:47:00,2024-03-28 18:54:00,MC-00119,H601239,M25,A3,closed,22.1,24.0,597,2024-04-12,20260106T061500Z-QE24M
L24-0207,P-11529-B,B,3015,ML-06,E-0140,2024-03-27 17:17:00,2024-04-05 12:50:00,MC-00108,H331351,P25,B3,closed,114.6,116.1,2981,2024-05-01,20260106T061500Z-QE24M
L24-0245,P-14108-A,A,1660,MT-02,E-0120,2024-03-27 18:15:00,2024-03-29 14:38:00,MC-00099,H482626,P25,A3,closed,30.4,30.8,1642,2024-04-26,20260106T061500Z-QE24M
L24-0246,P-17609-A,A,455,SW-03,E-0105,2024-03-28 06:43:00,2024-03-29 07:12:00,MC-00150,H432832,M25,A1,closed,17.5,17.5,414,2024-04-22,20260106T061500Z-QE24M
L24-0247,P-14212-C,C,825,MT-01,E-0117,2024-03-28 09:59:00,2024-03-29 10:58:00,MC-00153,H901886,P25,C2,closed,18.0,19.1,803,2024-04-19,20260106T061500Z-QE24M
L24-0242,P-18159-A,A,1565,GR-01,E-0141,2024-03-28 10:14:00,2024-04-03 13:08:00,MC-00123,H643251,P25,A3,closed,36.9,34.6,1541,2024-04-24,20260106T061500Z-QE24M
L24-0248,P-11265-A,A,1115,SW-08,E-0115,2024-03-28 11:25:00,2024-03-29 12:17:00,MC-00095,H715931,M25,A1,closed,17.9,16.7,1107,2024-04-17,20260106T061500Z-QE24M
L24-0249,P-11681-A,A,750,ML-05,E-0137,2024-03-28 12:57:00,2024-04-02 08:57:00,MC-00135,H430065,S15,A3,closed,47.0,46.6,743,2024-04-18,20260106T061500Z-QE24M
L24-0250,P-16870-A,A,345,ML-02,E-0132,2024-03-28 16:40:00,2024-04-01 06:59:00,MC-00156,H876563,P25,A3,closed,24.3,25.0,344,2024-04-17,20260106T061500Z-QE24M
L24-0251,P-15401-A,A,1015,SW-07,E-0113,2024-03-29 06:21:00,2024-04-01 13:30:00,MC-00150,H432832,M25,A3,closed,24.1,25.7,1013,2024-04-08,20260106T061500Z-QE24M
L24-0252,P-14350-D,D,1475,GR-04,E-0144,2024-03-29 08:20:00,2024-04-09 06:10:00,MC-00156,H876563,P25,D1,closed,57.3,56.6,1436,2024-04-22,20260106T061500Z-QE24M
L24-0253,P-11950-A,A,910,ML-04,E-0135,2024-03-29 08:44:00,2024-04-02 07:46:00,MC-00040,H359299,N10,A3,closed,33.0,31.4,907,2024-04-17,20260106T061500Z-QE24M
L24-0255,P-17881-C,C,580,SW-05,E-0110,2024-03-29 16:53:00,2024-04-01 19:31:00,MC-00100,H229364,M35,C3,closed,19.6,18.6,570,2024-04-22,20260106T061500Z-QE24M
L24-0256,P-18293-A,A,445,MT-04,E-0124,2024-03-29 21:15:00,2024-04-01 17:03:00,MC-00149,H878112,P25,A2,closed,12.8,12.4,441,2024-04-23,20260106T061500Z-QE24M
L24-0257,P-11962-A,A,460,ML-03,E-0146,2024-04-01 06:18:00,2024-04-02 17:59:00,MC-00129,H935698,N10,A3,closed,28.7,29.2,457,2024-04-15,20260106T061500Z-QE24M
L24-0258,P-16056-D,D,885,ML-02,E-0131,2024-04-01 07:29:00,2024-04-04 08:19:00,MC-00150,H432832,M25,D3,closed,51.8,53.5,880,2024-04-19,20260106T061500Z-QE24M
L24-0259,P-15009-A,A,3250,SW-02,E-0103,2024-04-01 08:18:00,2024-04-08 12:58:00,MC-00147,H792219,P25,A1,closed,89.7,98.5,3218,2024-05-06,20260106T061500Z-QE24M
L24-0260,P-11282-A,A,1030,SW-04,E-0107,2024-04-01 09:56:00,2024-04-02 11:03:00,MC-00136,H583892,M25,A2,closed,18.1,17.9,1015,2024-04-15,20260106T061500Z-QE24M
L24-0261,P-12868-D,D,730,MT-04,E-0124,2024-04-01 17:33:00,2024-04-02 20:35:00,MC-00158,H161547,P25,D1,closed,20.0,18.9,728,2024-04-19,20260106T061500Z-QE24M
L24-0262,P-17004-D,D,1000,SW-07,E-0114,2024-04-01 20:00:00,2024-04-03 13:30:00,MC-00127,H435628,M25,D1,closed,27.5,27.7,994,2024-04-18,20260106T061500Z-QE24M
L24-0263,P-14992-A,A,1570,MT-05,E-0120,2024-04-01 20:46:00,2024-04-04 19:20:00,MC-00169,H249312,P25,A2,closed,49.6,48.5,1565,2024-05-03,20260106T061500Z-QE24M
L24-0265,P-11724-A,A,1525,ML-05,E-0137,2024-04-02 09:27:00,2024-04-08 14:06:00,MC-00112,H464262,S15,A2,closed,72.6,70.8,1508,2024-04-22,20260106T061500Z-QE24M
L24-0266,P-12016-A,A,940,ML-01,E-0129,2024-04-02 14:17:00,2024-04-05 19:15:00,MC-00129,H935698,N10,A1,closed,56.0,58.6,931,2024-04-26,20260106T061500Z-QE24M
L24-0267,P-16933-A,A,1025,ML-03,E-0134,2024-04-02 18:29:00,2024-04-08 13:37:00,MC-00158,H161547,P25,A3,closed,63.1,65.1,1003,2024-05-03,20260106T061500Z-QE24M
L24-0268,P-19323-B,B,1165,MT-03,E-0148,2024-04-02 20:14:00,2024-04-04 16:48:00,MC-00159,H932455,M25,B3,closed,30.6,32.0,1157,2024-04-22,20260106T061500Z-QE24M
L24-0269,P-18813-A,A,685,MT-04,E-0124,2024-04-02 21:05:00,2024-04-03 19:52:00,MC-00114,H643677,P25,A2,closed,15.8,15.1,679,2024-04-18,20260106T061500Z-QE24M
L24-0270,P-11173-A,A,2425,SW-01,E-0102,2024-04-02 21:42:00,2024-04-05 22:37:00,MC-00181,H494718,M25,A3,closed,51.9,107.9,2409,2024-04-19,20260106T061500Z-QE24M
L24-0272,P-11301-A,A,1080,SW-08,E-0115,2024-04-03 06:57:00,2024-04-04 10:35:00,MC-00136,H583892,M25,A3,closed,20.6,20.1,975,2024-04-19,20260106T061500Z-QE24M
L24-0274,P-13926-A,A,5030,GR-03,E-0143,2024-04-03 07:32:00,2024-04-23 09:44:00,MC-00139,H177178,N10,A1,closed,121.2,127.7,4978,2024-05-07,20260106T061500Z-QE24M
L24-0275,P-16147-A,A,825,ML-04,E-0135,2024-04-03 08:34:00,2024-04-05 10:34:00,MC-00155,H193398,M25,A3,closed,36.0,35.0,825,2024-04-22,20260106T061500Z-QE24M
L24-0273,P-13669-A,A,415,GR-01,E-0141,2024-04-03 13:38:00,2024-04-05 11:07:00,MC-00114,H643677,P25,A2,closed,14.5,14.6,412,2024-04-22,20260106T061500Z-QE24M
L24-0276,P-11167-D,D,1100,SW-07,E-0113,2024-04-03 14:00:00,2024-04-05 07:01:00,MC-00181,H494718,M25,D3,closed,27.0,26.9,1072,2024-04-29,20260106T061500Z-QE24M
L24-0277,P-18338-C,C,1010,MT-04,E-0148,2024-04-03 20:22:00,2024-04-05 08:54:00,MC-00147,H792219,P25,C3,closed,22.5,20.8,999,2024-04-19,20260106T061500Z-QE24M
L24-0278,P-13017-A,A,4125,SW-04,E-0108,2024-04-03 20:50:00,2024-04-16 17:57:00,MC-00131,H104248,P25,A2,closed,150.1,147.4,4066,2024-05-20,20260106T061500Z-QE24M
L24-0279,P-18604-C,C,1605,MT-01,E-0118,2024-04-03 22:05:00,2024-04-05 20:14:00,MC-00174,H278833,P25,C2,closed,32.2,34.2,1595,2024-04-24,20260106T061500Z-QE24M
L23-1393,P-18269-B,B,985,MT-06,E-0127,2024-04-04 06:49:00,2024-04-08 13:45:00,MC-01329,H473305,P25,B1,closed,40.9,172.9,963,2024-05-01,20260106T061500Z-QE24M
L24-0281,P-14421-C,C,720,GR-02,E-0142,2024-04-04 09:24:00,2024-04-09 08:30:00,MC-00163,H188251,P25,C3,closed,24.6,26.0,714,2024-05-06,20260106T061500Z-QE24M
L24-0283,P-10729-A,A,1090,ML-02,E-0132,2024-04-04 17:33:00,2024-04-08 16:54:00,MC-00127,H435628,M25,A2,closed,33.3,33.6,1069,2024-04-22,20260106T061500Z-QE24M
L24-0284,P-18234-B,B,1000,MT-05,E-0126,2024-04-04 19:50:00,2024-04-08 08:00:00,MC-00160,H652332,P25,B2,closed,22.2,22.7,909,2024-05-06,20260106T061500Z-QE24M
L24-0282,P-12248-D,D,515,GR-01,E-0141,2024-04-05 11:37:00,2024-04-08 14:17:00,MC-00117,H175628,S15,D3,closed,11.2,11.2,512,2024-04-12,20260106T061500Z-QE24M
L24-0254,P-11831-D,D,570,ML-06,E-0146,2024-04-05 13:20:00,2024-04-09 06:34:00,MC-00112,H464262,S15,D3,closed,27.2,26.2,565,2024-04-22,20260106T061500Z-QE24M
L24-0285,P-14918-A,A,1680,MT-01,E-0122,2024-04-05 20:44:00,2024-04-10 22:01:00,MC-00160,H652332,P25,A1,closed,52.3,52.8,1656,2024-04-22,20260106T061500Z-QE24M
L24-0287,P-17014-A,A,1000,SW-03,E-0105,2024-04-08 09:55:00,2024-04-10 09:45:00,MC-00127,H435628,M25,A1,closed,33.8,32.2,991,2024-04-23,20260106T061500Z-QE24M
L24-0288,P-16016-A,A,315,ML-04,E-0135,2024-04-08 10:22:00,2024-04-09 14:58:00,MC-00150,H432832,M25,A3,closed,21.6,21.4,310,2024-04-29,20260106T061500Z-QE24M
L24-0289,P-13138-C,C,710,SW-02,E-0103,2024-04-08 13:28:00,2024-04-10 14:53:00,MC-00153,H901886,P25,C2,closed,35.4,33.5,677,2024-05-13,20260106T061500Z-QE24M
L24-0290,P-11803-A,A,525,ML-05,E-0138,2024-04-08 14:36:00,2024-04-10 08:21:00,MC-00117,H175628,S15,A1,closed,27.8,29.2,506,2024-04-29,20260106T061500Z-QE24M
L24-0291,P-13045-B,B,925,SW-06,E-0112,2024-04-08 18:05:00,2024-04-10 17:27:00,MC-00153,H901886,P25,B2,closed,33.4,36.5,897,2024-04-29,20260106T061500Z-QE24M
L24-0286,P-13648-A,A,2365,GR-01,E-0141,2024-04-09 06:17:00,2024-04-17 13:51:00,MC-00163,H188251,P25,A3,closed,58.6,57.9,2327,2024-05-13,20260106T061500Z-QE24M
L24-0292,P-13948-B,B,185,GR-04,E-0144,2024-04-09 06:40:00,2024-04-09 12:39:00,MC-00103,H267568,N10,B1,closed,6.0,6.1,184,2024-04-25,20260106T061500Z-QE24M
L24-0264,P-11625-A,A,485,ML-06,E-0140,2024-04-09 07:04:00,2024-04-10 07:12:00,MC-00135,H430065,S15,A3,closed,17.1,86.6,479,2024-04-24,20260106T061500Z-QE24M
L24-0293,P-14108-A,A,1770,MT-02,E-0119,2024-04-09 07:25:00,2024-04-10 22:37:00,MC-00157,H953490,P25,A3,closed,32.2,31.3,1325,2024-05-08,20260106T061500Z-QE24M
L24-0295,P-17255-D,D,1450,SW-05,E-0109,2024-04-10 06:21:00,2024-04-11 20:52:00,MC-00167,H783631,N10,D2,closed,31.5,29.0,1443,2024-04-29,20260106T061500Z-QE24M
L24-0271,P-11437-B,B,365,ML-06,E-0140,2024-04-10 07:42:00,2024-04-11 11:06:00,MC-00176,H586850,P25,B1,closed,20.4,20.0,363,2024-04-17,20260106T061500Z-QE24M
L24-0296,P-17127-A,A,920,ML-05,E-0137,2024-04-10 08:51:00,2024-04-12 10:03:00,MC-00168,H665076,N10,A1,closed,35.2,36.5,885,2024-04-25,20260106T061500Z-QE24M
L23-1394,P-15949-A,A,1645,ML-02,E-0131,2024-04-10 10:37:00,2024-04-17 20:44:00,MC-01308,H940440,M25,A1,closed,95.1,93.4,1624,2024-04-29,20260106T061500Z-QE24M
L24-0298,P-12828-B,B,1385,MT-04,E-0124,2024-04-10 21:50:00,2024-04-15 17:28:00,MC-00195,H260018,P25,B3,closed,46.6,45.7,1321,2024-05-17,20260106T061500Z-QE24M
L24-0299,P-13431-A,A,860,MT-02,E-0119,2024-04-11 06:07:00,2024-04-12 08:11:00,MC-00182,H178887,P25,A3,closed,19.1,169.7,853,2024-04-30,20260106T061500Z-QE24M
L24-0300,P-14524-A,A,2765,SW-02,E-0103,2024-04-11 06:18:00,2024-04-15 18:37:00,MC-00137,H636610,M25,A1,closed,46.3,45.9,2738,2024-04-25,20260106T061500Z-QE24M
L24-0301,P-18556-B,B,315,MT-01,E-0117,2024-04-11 10:12:00,2024-04-12 13:26:00,MC-00097,H178096,P25,B2,closed,20.2,20.1,312,2024-04-26,20260106T061500Z-QE24M
L24-0280,P-11871-A,A,875,ML-06,E-0139,2024-04-11 11:36:00,2024-04-16 13:03:00,MC-00115,H140840,S15,A1,closed,52.4,52.2,688,2024-05-03,20260106T061500Z-QE24M
L24-0302,P-16234-A,A,980,MT-05,E-0125,2024-04-11 13:04:00,2024-04-12 12:37:00,MC-00162,H906971,M25,A2,closed,16.6,17.1,970,2024-04-24,20260106T061500Z-QE24M
L24-0304,P-16839-B,B,2570,ML-03,E-0134,2024-04-11 17:29:00,2024-04-19 18:43:00,MC-00176,H586850,P25,B1,closed,103.2,100.1,2498,2024-05-20,20260106T061500Z-QE24M
L24-0305,P-10928-A,A,1065,ML-01,E-0130,2024-04-11 18:50:00,2024-04-18 21:51:00,MC-00180,H187547,P25,A3,closed,88.0,86.4,1061,2024-05-20,20260106T061500Z-QE24M
L24-0306,P-15532-C,C,2380,SW-05,E-0147,2024-04-11 21:22:00,2024-04-16 17:24:00,MC-00154,H810865,M25,C2,closed,47.0,44.4,2352,2024-04-29,20260106T061500Z-QE24M
L24-0307,P-12004-A,A,860,ML-04,E-0135,2024-04-12 08:01:00,2024-04-16 18:26:00,MC-00144,H611330,N10,A1,closed,44.4,43.5,859,2024-04-29,20260106T061500Z-QE24M
L24-0308,P-16180-A,A,750,MT-02,E-0119,2024-04-12 08:41:00,2024-04-15 11:18:00,MC-00162,H906971,M25,A2,closed,19.6,20.5,707,2024-04-25,20260106T061500Z-QE24M
L24-0309,P-11642-D,D,880,ML-05,E-0137,2024-04-12 10:33:00,2024-04-16 06:32:00,MC-00104,H871641,S15,D3,closed,30.0,30.8,861,2024-05-06,20260106T061500Z-QE24M
L24-0310,P-17326-D,D,1250,SW-08,E-0115,2024-04-12 12:06:00,2024-04-16 11:43:00,MC-00167,H783631,N10,D3,closed,33.6,32.7,1232,2024-04-29,20260106T061500Z-QE24M
L24-0311,P-17672-D,D,1690,SW-07,E-0113,2024-04-15 06:07:00,2024-04-17 10:54:00,MC-00154,H810865,M25,D1,closed,38.8,38.4,1643,2024-04-29,20260106T061500Z-QE24M
L24-0312,P-18202-A,A,480,MT-01,E-0117,2024-04-15 07:05:00,2024-04-15 19:51:00,MC-00180,H187547,P25,A3,closed,12.8,13.2,474,2024-05-06,20260106T061500Z-QE24M
L24-0313,P-17644-A,A,570,SW-01,E-0101,2024-04-15 07:09:00,2024-04-15 19:39:00,MC-00186,H541263,M25,A1,closed,12.5,13.0,562,2024-04-29,20260106T061500Z-QE24M
L24-0314,P-17707-D,D,1860,SW-03,E-0105,2024-04-15 10:45:00,2024-04-18 06:09:00,MC-00203,H832494,M25,D2,closed,46.4,45.3,1833,2024-05-03,20260106T061500Z-QE24M
L24-0315,P-13317-A,A,915,MT-04,E-0124,2024-04-15 17:58:00,2024-04-17 10:08:00,MC-00198,H281145,P25,A3,closed,26.2,27.8,908,2024-05-14,20260106T061500Z-QE24M
L24-0316,P-18251-A,A,940,MT-06,E-0128,2024-04-15 18:12:00,2024-04-18 07:39:00,MC-00192,H709811,P25,A3,closed,40.4,38.7,928,2024-05-10,20260106T061500Z-QE24M
L24-0317,P-18940-A,A,660,MT-01,E-0118,2024-04-15 20:21:00,2024-04-16 20:06:00,MC-00166,H898694,P25,A1,closed,16.8,17.7,640,2024-05-15,20260106T061500Z-QE24M
L24-0318,P-11768-A,A,2890,ML-05,E-0137,2024-04-16 07:02:00,2024-04-25 18:12:00,MC-00177,H593049,S15,A3,closed,130.2,127.9,2882,2024-05-13,20260106T061500Z-QE24M
L24-0319,P-14499-A,A,1105,SW-06,E-0111,2024-04-16 09:50:00,2024-04-17 11:29:00,MC-00137,H636610,M25,A1,closed,18.7,17.8,1092,2024-04-26,20260106T061500Z-QE24M
L24-0320,P-19059-A,A,955,SW-01,E-0101,2024-04-16 10:36:00,2024-04-17 16:59:00,MC-00142,H408131,M25,A2,closed,23.4,22.4,951,2024-04-29,20260106T061500Z-QE24M
L24-0321,P-17335-D,D,295,SW-08,E-0115,2024-04-16 12:13:00,2024-04-16 22:45:00,MC-00139,H177178,N10,D1,closed,10.5,10.1,291,2024-05-06,20260106T061500Z-QE24M
L24-0294,P-17046-A,A,575,ML-06,E-0139,2024-04-16 13:33:00,2024-04-18 06:01:00,MC-00139,H177178,N10,A1,closed,26.5,27.0,570,2024-05-01,20260106T061500Z-QE24M
L24-0323,P-11320-D,D,1020,SW-05,E-0110,2024-04-16 17:54:00,2024-04-17 18:41:00,MC-00119,H601239,M25,D3,closed,17.8,16.9,998,2024-04-29,20260106T061500Z-QE24M
L24-0324,P-13285-C,C,2285,SW-04,E-0108,2024-04-16 18:27:00,2024-04-23 11:06:00,MC-00157,H953490,P25,C1,closed,77.6,78.5,2227,2024-05-13,20260106T061500Z-QE24M
L24-0325,P-11909-A,A,1970,ML-04,E-0136,2024-04-16 18:56:00,2024-04-25 08:59:00,MC-00187,H400160,N10,A3,closed,109.1,110.7,1953,2024-05-13,20260106T061500Z-QE24M
L24-0326,P-14159-A,A,285,MT-01,E-0118,2024-04-16 20:36:00,2024-04-17 14:23:00,MC-00045,H905714,P25,A3,closed,10.8,11.4,280,2024-04-30,20260106T061500Z-QE24M
L24-0327,P-18508-A,A,745,MT-03,E-0121,2024-04-17 06:07:00,2024-04-17 22:54:00,MC-00178,H790434,P25,A3,closed,16.8,17.5,739,2024-05-02,20260106T061500Z-QE24M
L24-0328,P-19125-B,B,980,SW-08,E-0115,2024-04-17 06:15:00,2024-04-22 15:15:00,MC-00152,H114827,M25,B1,closed,60.0,54.5,974,2024-04-29,20260106T061500Z-QE24M
L24-0329,P-16209-A,A,1790,MT-02,E-0119,2024-04-17 08:03:00,2024-04-19 09:34:00,MC-00152,H114827,M25,A2,closed,35.5,31.0,1745,2024-05-02,20260106T061500Z-QE24M
L24-0330,P-17282-B,B,505,SW-07,E-0113,2024-04-17 11:24:00,2024-04-18 10:52:00,MC-00172,H515573,N10,B1,closed,16.5,16.9,499,2024-05-09,20260106T061500Z-QE24M
L24-0331,P-18738-A,A,310,MT-05,E-0125,2024-04-17 13:39:00,2024-04-18 07:30:00,MC-00166,H898694,P25,A3,closed,10.9,11.4,302,2024-05-06,20260106T061500Z-QE24M
L24-0303,P-15861-B,B,3780,ML-02,E-0132,2024-04-17 21:14:00,2024-05-02 21:12:00,MC-00155,H193398,M25,B2,closed,187.0,175.2,3734,2024-05-17,20260106T061500Z-QE24M
L24-0333,P-18051-D,D,985,GR-02,E-0142,2024-04-18 06:25:00,2024-04-22 07:02:00,MC-00173,H599774,P25,D3,closed,17.6,16.6,975,2024-05-22,20260106T061500Z-QE24M
L24-0297,P-11449-A,A,1220,ML-06,E-0140,2024-04-18 06:31:00,2024-04-23 14:38:00,MC-00176,H586850,P25,A1,closed,59.1,55.7,1213,2024-04-29,20260106T061500Z-QE24M
L24-0334,P-18703-A,A,710,MT-04,E-0124,2024-04-18 21:23:00,2024-04-19 21:35:00,MC-00195,H260018,P25,A1,closed,17.2,17.1,708,2024-05-16,20260106T061500Z-QE24M
L24-0335,P-10607-C,C,260,ML-01,E-0130,2024-04-18 22:21:00,2024-04-22 09:28:00,MC-00152,H114827,M25,C1,closed,21.1,20.3,258,2024-05-06,20260106T061500Z-QE24M
L24-0336,P-10355-D,D,305,GR-04,E-0144,2024-04-19 08:20:00,2024-04-22 08:53:00,MC-00183,H709246,P25,D3,closed,9.0,9.1,304,2024-05-14,20260106T061500Z-QE24M
L24-0337,P-13307-B,B,820,MT-01,E-0117,2024-04-19 09:43:00,2024-04-22 15:16:00,MC-00216,H842099,P25,B2,closed,22.5,22.8,814,2024-05-13,20260106T061500Z-QE24M
L24-0338,P-13447-D,D,1090,MT-02,E-0119,2024-04-19 10:04:00,2024-04-24 11:29:00,MC-00185,H638530,P25,D2,closed,52.4,144.1,1075,2024-05-20,20260106T061500Z-QE24M
L24-0339,P-13193-A,A,290,SW-01,E-0102,2024-04-19 22:41:00,2024-04-22 15:35:00,MC-00161,H516717,P25,A1,closed,9.9,9.1,285,2024-05-13,20260106T061500Z-QE24M
L24-0341,P-18628-B,B,1095,MT-04,E-0123,2024-04-22 06:00:00,2024-04-23 14:05:00,MC-00097,H178096,P25,B1,closed,25.1,26.0,1088,2024-05-03,20260106T061500Z-QE24M
L24-0342,P-16637-A,A,470,ML-03,E-0133,2024-04-22 07:45:00,2024-04-23 11:50:00,MC-00213,H437770,M25,A3,closed,21.1,20.7,459,2024-05-07,20260106T061500Z-QE24M
L24-0343,P-14843-C,C,310,SW-05,E-0109,2024-04-22 08:10:00,2024-04-22 19:14:00,MC-00155,H193398,M25,C1,closed,11.1,10.9,307,2024-05-10,20260106T061500Z-QE24M
L24-0344,P-11329-A,A,1020,SW-02,E-0103,2024-04-22 09:18:00,2024-04-23 22:10:00,MC-00119,H601239,M25,A2,closed,29.9,29.5,1009,2024-05-10,20260106T061500Z-QE24M
L24-0345,P-13783-A,A,675,GR-02,E-0142,2024-04-22 09:23:00,2024-04-25 08:02:00,MC-00195,H260018,P25,A3,closed,24.1,25.8,670,2024-05-13,20260106T061500Z-QE24M
L24-0346,P-12204-A,A,260,GR-04,E-0144,2024-04-22 09:23:00,2024-04-23 07:26:00,MC-00193,H713950,S15,A3,closed,6.6,6.0,250,2024-05-08,20260106T061500Z-QE24M
L24-0347,P-10743-D,D,270,ML-01,E-0129,2024-04-22 09:58:00,2024-04-23 06:41:00,MC-00184,H264943,M25,D3,closed,13.7,13.2,269,2024-05-02,20260106T061500Z-QE24M
L24-0348,P-16219-B,B,1060,MT-01,E-0118,2024-04-22 15:46:00,2024-04-23 19:36:00,MC-00142,H408131,M25,B3,closed,20.8,21.4,1058,2024-05-08,20260106T061500Z-QE24M
L24-0349,P-19209-C,C,305,SW-06,E-0112,2024-04-22 19:37:00,2024-04-23 18:08:00,MC-00165,H924534,M25,C1,closed,15.5,14.3,305,2024-05-10,20260106T061500Z-QE24M
L24-0350,P-19192-D,D,545,SW-07,E-0114,2024-04-22 19:49:00,2024-04-23 18:43:00,MC-00164,H668498,M25,D1,closed,15.9,15.2,534,2024-05-02,20260106T061500Z-QE24M
L24-0351,P-17447-A,A,2635,SW-08,E-0116,2024-04-22 20:38:00,2024-04-30 15:11:00,MC-00172,H515573,N10,A3,closed,96.5,97.4,2583,2024-05-13,20260106T061500Z-QE24M
L24-0352,P-16150-B,B,680,ML-01,E-0129,2024-04-23 07:11:00,2024-04-25 08:35:00,MC-00203,H832494,M25,B2,closed,35.4,34.7,672,2024-05-06,20260106T061500Z-QE24M
L24-0353,P-14063-D,D,1055,GR-01,E-0141,2024-04-23 09:10:00,2024-04-26 12:10:00,MC-00188,H997943,N10,D1,closed,28.5,28.5,1048,2024-05-16,20260106T061500Z-QE24M
L24-0354,P-14548-D,D,4080,SW-04,E-0107,2024-04-23 11:36:00,2024-05-06 09:50:00,MC-00165,H924534,M25,D1,closed,151.2,157.3,4044,2024-05-24,20260106T061500Z-QE24M
L24-0355,P-16665-D,D,1245,ML-03,E-0146,2024-04-23 12:20:00,2024-04-26 13:06:00,MC-00218,H408527,M25,D1,closed,51.8,151.0,1229,2024-05-13,20260106T061500Z-QE24M
L24-0356,P-18757-A,A,505,MT-04,E-0124,2024-04-23 14:35:00,2024-04-24 08:00:00,MC-00200,H108380,P25,A2,closed,10.4,10.5,495,2024-05-13,20260106T061500Z-QE24M
L24-0322,P-10653-D,D,275,ML-06,E-0139,2024-04-23 15:08:00,2024-04-24 16:52:00,MC-00137,H636610,M25,D2,closed,18.7,19.0,272,2024-05-13,20260106T061500Z-QE24M
L24-0357,P-15615-C,C,1160,GR-04,E-0144,2024-04-24 06:40:00,2024-04-25 12:11:00,MC-00224,H484327,M25,C1,closed,14.0,14.3,1154,2024-05-13,20260106T061500Z-QE24M
L24-0358,P-14103-B,B,2635,MT-03,E-0121,2024-04-24 08:37:00,2024-04-29 14:12:00,MC-00173,H599774,P25,B1,closed,56.6,53.6,2582,2024-05-13,20260106T061500Z-QE24M
L24-0359,P-14066-C,C,520,GR-03,E-0143,2024-04-24 11:21:00,2024-04-26 10:31:00,MC-00191,H925436,N10,C1,closed,16.2,17.2,520,2024-05-13,20260106T061500Z-QE24M
L24-0360,P-16180-A,A,765,MT-02,E-0119,2024-04-24 11:59:00,2024-04-25 14:57:00,MC-00184,H264943,M25,A2,closed,20.0,20.5,700,2024-05-10,20260106T061500Z-QE24M
L24-0332,P-17100-A,A,1275,ML-06,E-0140,2024-04-24 17:22:00,2024-04-29 07:49:00,MC-00168,H665076,N10,A3,closed,41.5,40.8,1264,2024-05-13,20260106T061500Z-QE24M
L24-0361,P-17764-A,A,730,SW-03,E-0106,2024-04-24 19:01:00,2024-04-25 15:44:00,MC-00064,H511638,M35,A3,closed,13.7,12.2,726,2024-05-22,20260106T061500Z-QE24M
L24-0362,P-17312-B,B,485,SW-02,E-0103,2024-04-25 06:40:00,2024-04-25 20:59:00,MC-00168,H665076,N10,B3,closed,14.3,13.7,476,2024-05-09,20260106T061500Z-QE24M
L24-0363,P-12188-A,A,1555,GR-02,E-0142,2024-04-25 08:32:00,2024-05-06 10:21:00,MC-00177,H593049,S15,A2,closed,61.3,61.6,1548,2024-05-20,20260106T061500Z-QE24M
L24-0364,P-11033-A,A,205,ML-01,E-0129,2024-04-25 09:05:00,2024-04-25 21:27:00,MC-00169,H249312,P25,A3,closed,12.4,11.4,203,2024-05-24,20260106T061500Z-QE24M
L23-1395,P-10761-A,A,1180,ML-04,E-0135,2024-04-25 09:29:00,2024-04-30 14:12:00,MC-01310,H586268,M25,A2,closed,55.7,55.4,1161,2024-05-14,20260106T061500Z-QE24M
L24-0365,P-15261-A,A,870,SW-06,E-0111,2024-04-25 09:48:00,2024-04-26 10:26:00,MC-00221,H208870,P25,A1,closed,17.6,17.3,804,2024-05-16,20260106T061500Z-QE24M
L24-0366,P-12738-A,A,350,SW-01,E-0101,2024-04-25 10:09:00,2024-04-25 17:46:00,MC-00100,H229364,M35,A3,closed,7.6,7.3,345,2024-05-08,20260106T061500Z-QE24M
L24-0367,P-18065-A,A,1155,GR-04,E-0144,2024-04-25 12:53:00,2024-04-30 12:43:00,MC-00131,H104248,P25,A2,closed,25.3,24.4,1146,2024-05-20,20260106T061500Z-QE24M
L24-0368,P-14966-D,D,1485,MT-02,E-0126,2024-04-25 15:27:00,2024-04-30 13:14:00,MC-00196,H758652,P25,D1,closed,48.8,51.5,1474,2024-05-20,20260106T061500Z-QE24M
L24-0369,P-11373-D,D,260,ML-05,E-0138,2024-04-25 18:42:00,2024-04-26 22:31:00,MC-00194,H757873,P25,D2,closed,20.8,20.0,258,2024-05-28,20260106T061500Z-QE24M
L24-0371,P-14175-A,A,745,MT-06,E-0128,2024-04-25 22:15:00,2024-04-29 20:03:00,MC-00161,H516717,P25,A3,closed,31.8,29.2,726,2024-05-20,20260106T061500Z-QE24M
L24-0372,P-15211-C,C,1520,SW-01,E-0102,2024-04-25 22:18:00,2024-05-01 17:36:00,MC-00196,H758652,P25,C3,closed,63.3,63.4,1511,2024-05-30,20260106T061500Z-QE24M
L24-0373,P-16183-C,C,1140,MT-05,E-0125,2024-04-26 07:50:00,2024-04-29 14:33:00,MC-00184,H264943,M25,C2,closed,23.7,24.0,1130,2024-05-09,20260106T061500Z-QE24M
L24-0374,P-11347-A,A,1140,SW-05,E-0109,2024-04-26 08:12:00,2024-04-30 08:21:00,MC-00179,H978240,M25,A3,closed,34.2,35.7,1130,2024-05-17,20260106T061500Z-QE24M
L24-0375,P-11163-D,D,2200,SW-03,E-0105,2024-04-26 08:54:00,2024-05-01 11:08:00,MC-00179,H978240,M25,D2,closed,53.2,53.5,2175,2024-05-13,20260106T061500Z-QE24M
L24-0376,P-12614-A,A,590,SW-06,E-0146,2024-04-26 10:56:00,2024-04-29 08:38:00,MC-00170,H248401,M35,A2,closed,14.7,14.8,577,2024-05-24,20260106T061500Z-QE24M
L24-0377,P-13806-A,A,1555,GR-03,E-0143,2024-04-26 11:05:00,2024-05-03 14:21:00,MC-00197,H525686,P25,A2,closed,45.8,48.6,1509,2024-05-28,20260106T061500Z-QE24M
L24-0378,P-17178-A,A,925,ML-05,E-0137,2024-04-29 06:01:00,2024-05-01 18:57:00,MC-00172,H515573,N10,A1,closed,46.9,47.1,918,2024-05-20,20260106T061500Z-QE24M
L24-0379,P-12489-A,A,2175,MT-01,E-0117,2024-04-29 06:27:00,2024-05-03 16:08:00,MC-00215,H709513,P25,A3,closed,77.7,75.5,2145,2024-06-05,20260106T061500Z-QE24M
L24-0381,P-12257-A,A,660,GR-01,E-0141,2024-04-29 07:24:00,2024-05-02 07:14:00,MC-00177,H593049,S15,A3,closed,25.3,25.2,659,2024-05-16,20260106T061500Z-QE24M
L24-0383,P-16863-B,B,775,ML-03,E-0133,2024-04-29 07:34:00,2024-04-30 19:55:00,MC-00201,H700235,P25,B2,closed,29.4,28.0,771,2024-05-28,20260106T061500Z-QE24M
L24-0384,P-11226-C,C,1655,SW-07,E-0113,2024-04-29 08:00:00,2024-05-01 21:08:00,MC-00224,H484327,M25,C1,closed,47.1,43.8,1625,2024-05-13,20260106T061500Z-QE24M
L24-0340,P-11406-C,C,1740,ML-06,E-0140,2024-04-29 08:19:00,2024-05-03 06:50:00,MC-00195,H260018,P25,C1,closed,66.5,62.5,1733,2024-06-03,20260106T061500Z-QE24M
L24-0385,P-15270-A,A,1375,SW-02,E-0103,2024-04-29 08:36:00,2024-05-01 07:09:00,MC-00196,H758652,P25,A1,closed,32.6,32.7,1362,2024-05-14,20260106T061500Z-QE24M
L24-0386,P-14773-A,A,1015,SW-06,E-0111,2024-04-29 09:08:00,2024-04-30 22:02:00,MC-00203,H832494,M25,A3,closed,29.9,30.1,1006,2024-05-15,20260106T061500Z-QE24M
L24-0387,P-14134-A,A,1535,MT-04,E-0146,2024-04-29 10:53:00,2024-05-01 09:03:00,MC-00202,H814933,P25,A1,closed,32.2,32.0,1528,2024-05-13,20260106T061500Z-QE24M
L24-0388,P-18620-A,A,910,MT-03,E-0122,2024-04-29 14:42:00,2024-05-01 07:40:00,MC-00228,H424033,P25,A3,closed,27.0,26.1,671,2024-05-14,20260106T061500Z-QE24M
L24-0389,P-14117-A,A,1040,MT-06,E-0128,2024-04-29 20:33:00,2024-05-02 16:14:00,MC-00173,H599774,P25,A3,closed,46.7,50.6,872,2024-05-24,20260106T061500Z-QE24M
L24-0390,P-18471-A,A,470,MT-05,E-0125,2024-04-30 07:27:00,2024-04-30 20:28:00,MC-00228,H424033,P25,A2,closed,13.0,13.3,465,2024-05-13,20260106T061500Z-QE24M
L24-0391,P-15789-B,B,1280,GR-04,E-0144,2024-04-30 13:13:00,2024-05-07 09:20:00,MC-00181,H494718,M25,B3,closed,38.6,40.2,1184,2024-05-16,20260106T061500Z-QE24M
L24-0392,P-19426-D,D,1070,MT-02,E-0119,2024-04-30 13:44:00,2024-05-01 15:15:00,MC-00155,H193398,M25,D2,closed,18.5,19.5,1060,2024-05-21,20260106T061500Z-QE24M
L24-0380,P-10775-A,A,750,ML-04,E-0135,2024-04-30 14:42:00,2024-05-03 14:12:00,MC-00171,H534058,M25,A2,closed,50.5,48.1,734,2024-05-20,20260106T061500Z-QE24M
L24-0393,P-14629-A,A,610,SW-08,E-0116,2024-04-30 15:41:00,2024-05-01 12:09:00,MC-00235,H619370,M25,A1,closed,13.5,13.7,608,2024-05-17,20260106T061500Z-QE24M
L24-0394,P-12023-C,C,2740,ML-03,E-0134,2024-04-30 20:25:00,2024-05-16 17:09:00,MC-00187,H400160,N10,C2,closed,200.7,192.1,2734,2024-05-28,20260106T061500Z-QE24M
L24-0396,P-18589-A,A,5170,MT-05,E-0126,2024-04-30 20:58:00,2024-05-09 18:43:00,MC-00178,H790434,P25,A2,closed,116.7,109.3,5116,2024-05-24,20260106T061500Z-QE24M
L24-0397,P-18824-A,A,645,MT-04,E-0123,2024-05-01 09:33:00,2024-05-02 18:34:00,MC-00201,H700235,P25,A3,closed,26.0,25.6,619,2024-05-31,20260106T061500Z-QE24M
L24-0398,P-14196-A,A,1435,MT-03,E-0121,2024-05-01 10:06:00,2024-05-07 13:16:00,MC-00161,H516717,P25,A2,closed,71.2,69.8,1427,2024-06-03,20260106T061500Z-QE24M
L24-0399,P-14168-B,B,960,MT-02,E-0120,2024-05-01 15:45:00,2024-05-03 09:42:00,MC-00175,H505874,P25,B3,closed,28.0,27.8,953,2024-05-28,20260106T061500Z-QE24M
L23-1396,P-17225-C,C,1325,ML-05,E-0138,2024-05-01 19:27:00,2024-05-08 12:32:00,MC-01325,H464259,N10,C3,closed,78.1,77.7,1312,2024-05-20,20260106T061500Z-QE24M
L24-0400,P-17369-A,A,665,SW-07,E-0114,2024-05-01 21:38:00,2024-05-06 12:39:00,MC-00168,H665076,N10,A1,closed,42.0,39.3,652,2024-05-24,20260106T061500Z-QE24M
L24-0401,P-14257-A,A,1725,GR-01,E-0141,2024-05-02 07:44:00,2024-05-09 12:30:00,MC-00215,H709513,P25,A2,closed,47.3,47.3,1718,2024-05-30,20260106T061500Z-QE24M
L24-0402,P-11253-B,B,2420,SW-02,E-0103,2024-05-02 08:27:00,2024-05-09 11:34:00,MC-00189,H900380,M25,B1,closed,88.1,84.7,2324,2024-05-14,20260106T061500Z-QE24M
L24-0403,P-15200-C,C,1435,SW-03,E-0105,2024-05-02 09:31:00,2024-05-06 12:44:00,MC-00222,H829607,P25,C3,closed,37.2,38.9,1426,2024-05-29,20260106T061500Z-QE24M
L24-0404,P-14587-C,C,2105,SW-06,E-0112,2024-05-02 17:44:00,2024-05-06 22:10:00,MC-00235,H619370,M25,C2,closed,38.4,41.6,2098,2024-05-22,20260106T061500Z-QE24M
L24-0405,P-16335-A,A,290,MT-04,E-0124,2024-05-02 19:04:00,2024-05-03 11:38:00,MC-00189,H900380,M25,A3,closed,9.6,9.7,288,2024-05-20,20260106T061500Z-QE24M
L24-0382,P-11930-A,A,560,ML-02,E-0131,2024-05-02 21:42:00,2024-05-06 17:18:00,MC-00187,H400160,N10,A1,closed,29.6,31.0,552,2024-05-09,20260106T061500Z-QE24M
L24-0370,P-11584-A,A,1730,ML-06,E-0140,2024-05-03 07:20:00,2024-05-15 20:48:00,MC-00200,H108380,P25,A1,closed,149.5,147.0,1673,2024-06-05,20260106T061500Z-QE24M
L24-0407,P-16473-D,D,710,MT-02,E-0119,2024-05-03 10:12:00,2024-05-07 19:19:00,MC-00224,H484327,M25,D1,closed,43.1,45.6,705,2024-05-28,20260106T061500Z-QE24M
L24-0408,P-10887-B,B,545,ML-01,E-0129,2024-05-03 14:01:00,2024-05-07 13:32:00,MC-00183,H709246,P25,B2,closed,33.5,33.6,543,2024-05-15,20260106T061500Z-QE24M
L24-0409,P-17956-A,A,425,SW-05,E-0110,2024-05-03 18:40:00,2024-05-06 14:10:00,MC-00170,H248401,M35,A3,closed,12.5,12.6,421,2024-06-04,20260106T061500Z-QE24M
L24-0410,P-14140-A,A,1020,MT-01,E-0117,2024-05-06 06:45:00,2024-05-08 09:24:00,MC-00202,H814933,P25,A3,closed,36.7,39.8,1008,2024-05-24,20260106T061500Z-QE24M
L24-0411,P-15577-C,C,1015,GR-03,E-0143,2024-05-06 06:58:00,2024-05-08 12:45:00,MC-00210,H105646,M25,C3,closed,22.8,24.4,1008,2024-05-23,20260106T061500Z-QE24M
L24-0412,P-13328-A,A,1110,MT-04,E-0123,2024-05-06 07:22:00,2024-05-09 21:21:00,MC-00220,H906553,P25,A2,closed,65.0,65.0,1104,2024-06-05,20260106T061500Z-QE24M
L24-0414,P-15905-D,D,800,ML-04,E-0135,2024-05-06 09:22:00,2024-05-08 21:34:00,MC-00242,H600737,M25,D2,closed,46.2,46.8,789,2024-05-22,20260106T061500Z-QE24M
L24-0415,P-12338-A,A,1415,MT-06,E-0127,2024-05-06 09:30:00,2024-05-07 21:41:00,MC-00206,H714924,P25,A1,closed,29.2,123.9,1410,2024-05-28,20260106T061500Z-QE24M
L24-0416,P-12208-D,D,695,GR-02,E-0142,2024-05-06 10:51:00,2024-05-08 12:36:00,MC-00104,H871641,S15,D3,closed,18.8,20.7,692,2024-05-28,20260106T061500Z-QE24M
L24-0417,P-17484-A,A,600,SW-07,E-0113,2024-05-06 13:09:00,2024-05-07 20:51:00,MC-00159,H932455,M25,A3,closed,24.7,26.6,597,2024-05-24,20260106T061500Z-QE24M
L24-0395,P-16971-B,B,550,ML-02,E-0132,2024-05-06 17:48:00,2024-05-09 06:33:00,MC-00197,H525686,P25,B3,closed,39.8,38.6,548,2024-05-28,20260106T061500Z-QE24M
L24-0419,P-17389-B,B,395,SW-08,E-0116,2024-05-06 21:17:00,2024-05-07 17:53:00,MC-00241,H373368,N10,B1,closed,13.6,14.3,391,2024-05-15,20260106T061500Z-QE24M
L24-0420,P-12141-B,B,1365,GR-04,E-0144,2024-05-07 09:50:00,2024-05-17 08:46:00,MC-00246,H411269,S15,B1,closed,66.9,73.5,1352,2024-06-03,20260106T061500Z-QE24M
L24-0421,P-14521-C,C,2570,SW-04,E-0107,2024-05-07 10:37:00,2024-05-10 09:19:00,MC-00235,H619370,M25,C3,closed,49.7,52.8,2484,2024-05-31,20260106T061500Z-QE24M
L24-0422,P-13458-B,B,840,MT-03,E-0121,2024-05-07 13:46:00,2024-05-08 08:10:00,MC-00207,H561406,P25,B3,closed,11.4,11.8,833,2024-06-03,20260106T061500Z-QE24M
L24-0423,P-18535-A,A,1090,MT-02,E-0120,2024-05-07 19:49:00,2024-05-09 07:32:00,MC-00223,H332342,P25,A2,closed,21.7,21.4,1075,2024-05-28,20260106T061500Z-QE24M
L24-0425,P-11201-A,A,1155,SW-07,E-0114,2024-05-07 21:21:00,2024-05-09 17:41:00,MC-00210,H105646,M25,A3,closed,30.3,28.7,1125,2024-05-28,20260106T061500Z-QE24M
L24-0426,P-13369-A,A,910,MT-01,E-0117,2024-05-08 09:54:00,2024-05-09 17:35:00,MC-00208,H293620,P25,A2,closed,24.7,25.2,902,2024-05-30,20260106T061500Z-QE24M
L24-0413,P-11984-A,A,190,ML-05,E-0137,2024-05-08 13:02:00,2024-05-09 06:38:00,MC-00053,H457839,N10,A2,closed,10.6,9.7,189,2024-05-23,20260106T061500Z-QE24M
L24-0427,P-18165-B,B,670,GR-02,E-0142,2024-05-08 13:06:00,2024-05-13 10:49:00,MC-00175,H505874,P25,B2,closed,23.2,25.9,661,2024-06-06,20260106T061500Z-QE24M
L24-0406,P-11923-A,A,1020,ML-02,E-0131,2024-05-09 07:03:00,2024-05-13 17:42:00,MC-00144,H611330,N10,A3,closed,44.6,49.0,1014,2024-05-28,20260106T061500Z-QE24M
L24-0418,P-10407-A,A,725,ML-05,E-0138,2024-05-09 07:08:00,2024-05-10 19:50:00,MC-00217,H681814,P25,A3,closed,29.7,29.3,716,2024-05-28,20260106T061500Z-QE24M
L24-0429,P-16180-A,A,855,MT-02,E-0119,2024-05-09 08:02:00,2024-05-10 12:59:00,MC-00190,H983665,M25,A2,closed,22.0,21.1,849,2024-06-03,20260106T061500Z-QE24M
L24-0430,P-13321-A,A,815,MT-03,E-0121,2024-05-09 08:03:00,2024-05-10 09:32:00,MC-00233,H464154,P25,A3,closed,18.5,18.2,758,2024-06-03,20260106T061500Z-QE24M
L24-0431,P-14401-A,A,1740,GR-01,E-0141,2024-05-09 13:00:00,2024-05-17 13:09:00,MC-00199,H522516,P25,A2,closed,51.1,48.6,1735,2024-06-03,20260106T061500Z-QE24M
L24-0428,P-10725-B,B,2030,ML-05,E-0138,2024-05-10 20:20:00,2024-05-20 12:41:00,MC-00205,H202043,M25,B2,closed,94.3,93.9,2007,2024-06-03,20260106T061500Z-QE24M
L24-0434,P-14808-C,C,815,SW-07,E-0113,2024-05-13 09:07:00,2024-05-14 12:22:00,MC-00214,H156651,M25,C3,closed,20.3,21.5,802,2024-06-03,20260106T061500Z-QE24M
L24-0435,P-11920-C,C,4830,ML-01,E-0129,2024-05-13 09:59:00,2024-05-29 16:46:00,MC-00053,H457839,N10,C2,closed,193.8,201.3,4623,2024-06-12,20260106T061500Z-QE24M
L24-0436,P-14363-A,A,190,GR-03,E-0143,2024-05-13 10:05:00,2024-05-14 07:47:00,MC-00199,H522516,P25,A1,closed,6.2,6.5,188,2024-06-04,20260106T061500Z-QE24M
L24-0437,P-17038-D,D,1000,SW-05,E-0146,2024-05-13 10:18:00,2024-05-15 06:18:00,MC-00190,H983665,M25,D2,closed,30.0,29.6,995,2024-06-03,20260106T061500Z-QE24M
L24-0438,P-13350-A,A,845,MT-04,E-0123,2024-05-13 10:47:00,2024-05-15 06:58:00,MC-00236,H712650,P25,A2,closed,30.2,29.0,772,2024-06-03,20260106T061500Z-QE24M
L24-0439,P-12861-C,C,1485,MT-05,E-0125,2024-05-13 14:28:00,2024-05-15 12:10:00,MC-00250,H675055,P25,C2,closed,31.7,30.4,1462,2024-06-10,20260106T061500Z-QE24M
L24-0424,P-16080-A,A,350,ML-02,E-0132,2024-05-13 18:12:00,2024-05-15 10:15:00,MC-00204,H543141,M25,A1,closed,26.0,26.3,349,2024-06-03,20260106T061500Z-QE24M
L24-0440,P-16760-D,D,575,ML-04,E-0136,2024-05-13 18:21:00,2024-05-15 11:30:00,MC-00219,H247711,P25,D3,closed,27.1,25.8,569,2024-05-28,20260106T061500Z-QE24M
L24-0441,P-13633-A,A,4115,GR-02,E-0142,2024-05-14 08:32:00,2024-05-24 11:26:00,MC-00209,H903779,P25,A1,closed,70.9,70.7,4103,2024-06-10,20260106T061500Z-QE24M
L24-0443,P-18566-A,A,870,MT-01,E-0118,2024-05-14 16:05:00,2024-05-15 21:22:00,MC-00228,H424033,P25,A3,closed,22.3,22.9,861,2024-06-03,20260106T061500Z-QE24M
L24-0444,P-14811-C,C,620,SW-06,E-0112,2024-05-14 21:36:00,2024-05-16 06:06:00,MC-00204,H543141,M25,C1,closed,18.5,18.1,607,2024-05-28,20260106T061500Z-QE24M
L24-0433,P-10711-C,C,375,ML-02,E-0131,2024-05-15 10:45:00,2024-05-16 11:22:00,MC-00205,H202043,M25,C1,closed,17.6,16.1,366,2024-05-30,20260106T061500Z-QE24M
L24-0445,P-12802-A,A,1290,SW-02,E-0103,2024-05-15 14:07:00,2024-05-20 12:46:00,MC-00064,H511638,M35,A2,closed,49.7,48.5,1279,2024-06-11,20260106T061500Z-QE24M
L24-0446,P-13380-B,B,855,MT-02,E-0119,2024-05-15 14:18:00,2024-05-16 18:41:00,MC-00232,H598576,P25,B3,closed,21.4,20.4,849,2024-06-10,20260106T061500Z-QE24M
L24-0432,P-11072-B,B,475,ML-06,E-0139,2024-05-15 21:18:00,2024-05-17 16:16:00,MC-00183,H709246,P25,B3,closed,29.0,29.1,468,2024-06-17,20260106T061500Z-QE24M
L24-0447,P-17004-D,D,1000,SW-07,E-0113,2024-05-16 06:30:00,2024-05-17 17:00:00,MC-00238,H316247,M25,D1,closed,27.5,27.7,998,2024-06-03,20260106T061500Z-QE24M
L24-0449,P-12701-A,A,1045,SW-01,E-0101,2024-05-16 08:41:00,2024-05-17 07:03:00,MC-00229,H513036,M35,A1,closed,15.4,15.7,1032,2024-06-11,20260106T061500Z-QE24M
L24-0442,P-16571-D,D,980,ML-02,E-0131,2024-05-16 11:52:00,2024-05-21 07:29:00,MC-00234,H868946,M25,D3,closed,46.6,39.8,975,2024-06-10,20260106T061500Z-QE24M
L24-0450,P-17559-B,B,280,SW-03,E-0145,2024-05-16 12:55:00,2024-05-16 22:36:00,MC-00242,H600737,M25,B3,closed,9.7,9.6,279,2024-05-28,20260106T061500Z-QE24M
L24-0451,P-10599-C,C,890,ML-03,E-0134,2024-05-16 17:39:00,2024-05-21 21:34:00,MC-00230,H317150,P25,C2,closed,54.9,53.6,883,2024-05-31,20260106T061500Z-QE24M
L24-0452,P-11163-D,D,2200,SW-03,E-0105,2024-05-17 06:06:00,2024-05-22 08:20:00,MC-00237,H279006,M25,D2,closed,53.2,57.6,2162,2024-06-03,20260106T061500Z-QE24M
L24-0454,P-14992-A,A,1570,MT-01,E-0117,2024-05-17 11:12:00,2024-05-22 09:47:00,MC-00225,H552901,P25,A2,closed,49.6,51.7,1563,2024-06-24,20260106T061500Z-QE24M
L24-0455,P-19098-A,A,305,SW-01,E-0101,2024-05-17 12:49:00,2024-05-17 22:31:00,MC-00190,H983665,M25,A3,closed,9.7,10.0,300,2024-06-03,20260106T061500Z-QE24M
L24-0453,P-17158-A,A,555,ML-06,E-0139,2024-05-17 16:46:00,2024-05-21 14:44:00,MC-00244,H147439,N10,A1,closed,32.0,31.8,541,2024-05-30,20260106T061500Z-QE24M
L24-0456,P-13067-C,C,695,SW-07,E-0114,2024-05-17 17:30:00,2024-05-21 11:24:00,MC-00253,H988524,P25,C2,closed,27.9,27.7,682,2024-06-07,20260106T061500Z-QE24M
L24-0457,P-17014-A,A,1000,SW-05,E-0109,2024-05-20 06:22:00,2024-05-22 06:12:00,MC-00238,H316247,M25,A1,closed,33.8,32.3,988,2024-06-06,20260106T061500Z-QE24M
L24-0458,P-14103-B,B,2540,MT-03,E-0121,2024-05-20 06:49:00,2024-05-23 10:28:00,MC-00212,H561868,P25,B1,closed,54.6,51.7,2498,2024-06-05,20260106T061500Z-QE24M
L24-0459,P-13711-B,B,455,GR-04,E-0144,2024-05-20 07:06:00,2024-05-21 10:10:00,MC-00257,H896016,P25,B3,closed,11.6,13.0,450,2024-06-05,20260106T061500Z-QE24M
L24-0460,P-13675-A,A,1675,GR-01,E-0141,2024-05-20 07:38:00,2024-05-23 12:46:00,MC-00219,H247711,P25,A3,closed,30.6,28.4,1649,2024-06-10,20260106T061500Z-QE24M
L24-0461,P-14371-D,D,1610,GR-03,E-0143,2024-05-20 07:39:00,2024-05-24 10:59:00,MC-00209,H903779,P25,D3,closed,37.3,35.9,1603,2024-06-21,20260106T061500Z-QE24M
L24-0462,P-15977-A,A,515,ML-04,E-0135,2024-05-20 08:27:00,2024-05-21 17:01:00,MC-00242,H600737,M25,A2,closed,25.6,26.4,515,2024-06-03,20260106T061500Z-QE24M
L24-0463,P-14108-A,A,1730,MT-06,E-0127,2024-05-20 10:50:00,2024-05-22 08:23:00,MC-00212,H561868,P25,A3,closed,31.5,34.3,1720,2024-06-14,20260106T061500Z-QE24M
L24-0464,P-12435-A,A,215,MT-02,E-0119,2024-05-20 10:56:00,2024-05-20 19:36:00,MC-00240,H203769,P25,A1,closed,8.7,9.5,215,2024-06-17,20260106T061500Z-QE24M
L24-0465,P-14485-A,A,1135,SW-08,E-0115,2024-05-20 10:59:00,2024-05-22 06:28:00,MC-00190,H983665,M25,A1,closed,29.5,73.3,1126,2024-06-06,20260106T061500Z-QE24M
L24-0448,P-17096-D,D,450,ML-05,E-0137,2024-05-20 13:11:00,2024-05-21 16:40:00,MC-00172,H515573,N10,D3,closed,20.5,20.8,448,2024-06-04,20260106T061500Z-QE24M
L24-0466,P-18795-A,A,900,MT-04,E-0124,2024-05-20 20:19:00,2024-05-22 18:16:00,MC-00257,H896016,P25,A2,closed,31.9,30.5,889,2024-06-17,20260106T061500Z-QE24M
L24-0467,P-14918-A,A,1615,MT-02,E-0118,2024-05-20 20:22:00,2024-05-23 19:44:00,MC-00222,H829607,P25,A1,closed,50.4,53.2,1603,2024-06-10,20260106T061500Z-QE24M
L24-0468,P-14928-A,A,1525,MT-05,E-0125,2024-05-21 08:41:00,2024-05-22 15:16:00,MC-00183,H709246,P25,A3,closed,23.6,23.6,1521,2024-06-24,20260106T061500Z-QE24M
L24-0469,P-17532-A,A,745,SW-06,E-0111,2024-05-21 09:49:00,2024-05-23 11:28:00,MC-00204,H543141,M25,A3,closed,35.7,34.0,667,2024-06-10,20260106T061500Z-QE24M
L24-0470,P-11126-A,A,530,ML-04,E-0136,2024-05-21 17:31:00,2024-05-23 09:14:00,MC-00245,H822348,P25,A3,closed,25.7,25.1,528,2024-06-03,20260106T061500Z-QE24M
L24-0471,P-16596-C,C,370,ML-03,E-0134,2024-05-21 22:04:00,2024-05-22 20:35:00,MC-00237,H279006,M25,C2,closed,15.5,16.6,368,2024-06-03,20260106T061500Z-QE24M
L24-0472,P-12594-C,C,785,SW-05,E-0109,2024-05-22 06:42:00,2024-05-23 09:58:00,MC-00229,H513036,M35,C2,closed,20.3,21.4,776,2024-06-17,20260106T061500Z-QE24M
L24-0473,P-12498-B,B,590,MT-06,E-0127,2024-05-22 08:53:00,2024-05-23 13:10:00,MC-00240,H203769,P25,B3,closed,21.3,22.1,584,2024-06-12,20260106T061500Z-QE24M
L24-0474,P-13755-A,A,295,GR-04,E-0144,2024-05-22 10:17:00,2024-05-23 10:50:00,MC-00258,H862155,P25,A2,closed,9.0,9.1,292,2024-06-14,20260106T061500Z-QE24M
L24-0475,P-18462-A,A,5330,MT-01,E-0117,2024-05-22 10:17:00,2024-06-04 21:12:00,MC-00223,H332342,P25,A2,closed,146.9,141.9,5291,2024-06-20,20260106T061500Z-QE24M
L24-0476,P-11502-A,A,3485,ML-05,E-0145,2024-05-22 12:58:00,2024-06-07 12:31:00,MC-00258,H862155,P25,A1,closed,186.5,181.7,3146,2024-07-02,20260106T061500Z-QE24M
L24-0477,P-18710-A,A,1525,MT-05,E-0126,2024-05-22 15:46:00,2024-05-24 13:29:00,MC-00266,H430965,P25,A1,closed,31.7,30.3,1496,2024-06-21,20260106T061500Z-QE24M
L24-0478,P-18978-A,A,590,SW-01,E-0102,2024-05-22 18:02:00,2024-05-23 14:45:00,MC-00251,H148676,M25,A2,closed,13.7,12.4,585,2024-06-06,20260106T061500Z-QE24M
L24-0479,P-12868-D,D,670,MT-04,E-0124,2024-05-22 18:46:00,2024-05-23 20:24:00,MC-00266,H430965,P25,D1,closed,18.6,17.9,657,2024-06-10,20260106T061500Z-QE24M
L24-0480,P-11909-A,A,1780,ML-03,E-0134,2024-05-22 21:33:00,2024-05-31 18:22:00,MC-00211,H313794,N10,A3,closed,98.8,106.4,1766,2024-06-21,20260106T061500Z-QE24M
L24-0481,P-10688-A,A,845,ML-02,E-0131,2024-05-23 07:58:00,2024-05-29 08:16:00,MC-00251,H148676,M25,A2,closed,51.3,49.4,838,2024-06-17,20260106T061500Z-QE24M
L24-0482,P-14952-A,A,1360,MT-03,E-0117,2024-05-23 10:58:00,2024-05-29 10:07:00,MC-00254,H769321,P25,A1,closed,50.1,50.7,1083,2024-06-24,20260106T061500Z-QE24M
L24-0483,P-12092-A,A,1095,GR-04,E-0144,2024-05-23 11:20:00,2024-05-29 10:44:00,MC-00252,H159494,S15,A1,closed,24.9,23.7,1092,2024-06-13,20260106T061500Z-QE24M
L24-0484,P-18143-B,B,1230,GR-01,E-0141,2024-05-23 13:16:00,2024-05-29 11:29:00,MC-00253,H988524,P25,B2,closed,23.7,23.0,1216,2024-07-01,20260106T061500Z-QE24M
L24-0485,P-19370-B,B,2010,MT-06,E-0127,2024-05-23 13:40:00,2024-05-30 07:17:00,MC-00247,H748596,M25,B3,closed,61.6,62.1,1988,2024-06-20,20260106T061500Z-QE24M
L24-0486,P-16180-A,A,775,MT-02,E-0120,2024-05-23 20:14:00,2024-05-28 06:25:00,MC-00261,H431011,M25,A2,closed,20.2,19.7,764,2024-06-11,20260106T061500Z-QE24M
L24-0487,P-19406-B,B,900,MT-04,E-0124,2024-05-23 20:54:00,2024-05-24 20:15:00,MC-00239,H277142,M25,B2,closed,16.4,15.8,875,2024-06-10,20260106T061500Z-QE24M
L24-0488,P-10184-A,A,570,GR-03,E-0143,2024-05-24 11:29:00,2024-05-29 07:17:00,MC-00254,H769321,P25,A1,closed,12.8,12.4,563,2024-06-26,20260106T061500Z-QE24M
L24-0489,P-14989-D,D,1415,MT-05,E-0121,2024-05-24 13:59:00,2024-05-29 11:03:00,MC-00245,H822348,P25,D3,closed,31.1,31.9,1403,2024-06-24,20260106T061500Z-QE24M
L24-0490,P-11828-C,C,915,ML-06,E-0139,2024-05-28 06:38:00,2024-05-30 18:57:00,MC-00246,H411269,S15,C2,closed,46.3,40.6,915,2024-06-03,20260106T061500Z-QE24M
L24-0491,P-17784-A,A,350,SW-07,E-0113,2024-05-28 06:39:00,2024-05-28 16:22:00,MC-00274,H258715,M35,A1,closed,9.7,10.6,344,2024-06-03,20260106T061500Z-QE24M
L24-0492,P-12695-A,A,565,SW-08,E-0115,2024-05-28 06:59:00,2024-05-28 20:14:00,MC-00274,H258715,M35,A2,closed,13.3,14.5,563,2024-06-24,20260106T061500Z-QE24M
L24-0493,P-12925-A,A,1080,MT-02,E-0119,2024-05-28 08:03:00,2024-05-29 13:51:00,MC-00268,H931061,P25,A1,closed,22.8,225.3,1061,2024-06-19,20260106T061500Z-QE24M
L24-0494,P-19390-A,A,1060,MT-04,E-0123,2024-05-28 09:00:00,2024-05-30 06:58:00,MC-00239,H277142,M25,A3,closed,32.0,32.8,1048,2024-06-14,20260106T061500Z-QE24M
L24-0495,P-13901-A,A,1525,GR-02,E-0142,2024-05-28 10:03:00,2024-05-31 06:37:00,MC-00244,H147439,N10,A1,closed,22.1,22.7,1501,2024-06-20,20260106T061500Z-QE24M
L24-0496,P-10900-A,A,5140,ML-04,E-0135,2024-05-28 10:13:00,2024-06-10 19:33:00,MC-00245,H822348,P25,A3,closed,162.3,152.0,5014,2024-06-26,20260106T061500Z-QE24M
L24-0497,P-12565-B,B,1555,SW-04,E-0107,2024-05-28 10:28:00,2024-05-30 15:45:00,MC-00226,H477031,M35,B2,closed,39.3,38.7,1542,2024-06-24,20260106T061500Z-QE24M
L24-0498,P-18153-B,B,650,GR-03,E-0146,2024-05-29 07:47:00,2024-05-31 06:14:00,MC-00273,H658363,P25,B1,closed,15.5,15.8,648,2024-06-24,20260106T061500Z-QE24M
L24-0499,P-10632-C,C,1175,ML-02,E-0131,2024-05-29 08:46:00,2024-06-03 22:16:00,MC-00205,H202043,M25,C1,closed,64.5,65.1,1165,2024-06-17,20260106T061500Z-QE24M
L24-0500,P-19449-A,A,1640,MT-03,E-0121,2024-05-29 10:37:00,2024-05-31 21:42:00,MC-00239,H277142,M25,A1,closed,45.1,47.2,1579,2024-06-14,20260106T061500Z-QE24M
L24-0501,P-13976-B,B,895,GR-04,E-0146,2024-05-29 11:14:00,2024-06-04 07:14:00,MC-00248,H384294,N10,B3,closed,30.0,31.9,888,2024-06-18,20260106T061500Z-QE24M
L24-0502,P-12343-A,A,470,MT-05,E-0125,2024-05-29 11:33:00,2024-05-30 08:45:00,MC-00260,H365298,P25,A2,closed,14.2,14.7,463,2024-06-11,20260106T061500Z-QE24M
L24-0503,P-13863-B,B,1200,GR-01,E-0141,2024-05-29 11:59:00,2024-06-06 13:59:00,MC-00263,H220171,N10,B1,closed,53.0,53.2,1122,2024-06-20,20260106T061500Z-QE24M
L24-0504,P-10869-D,D,2065,ML-01,E-0148,2024-05-29 17:16:00,2024-06-06 12:34:00,MC-00279,H527119,P25,D2,closed,97.3,93.5,1838,2024-07-05,20260106T061500Z-QE24M
L24-0505,P-17416-A,A,795,SW-03,E-0106,2024-05-29 22:20:00,2024-05-31 20:37:00,MC-00248,H384294,N10,A2,closed,32.3,29.9,783,2024-06-13,20260106T061500Z-QE24M
L24-0506,P-17937-B,B,1140,SW-06,E-0111,2024-05-30 07:28:00,2024-05-31 11:43:00,MC-00274,H258715,M35,B3,closed,21.2,21.3,1128,2024-07-01,20260106T061500Z-QE24M
L24-0507,P-12835-A,A,590,MT-05,E-0125,2024-05-30 09:15:00,2024-05-31 06:58:00,MC-00268,H931061,P25,A1,closed,14.7,15.7,586,2024-06-25,20260106T061500Z-QE24M
L24-0508,P-10845-A,A,765,ML-06,E-0140,2024-05-30 19:27:00,2024-06-04 10:58:00,MC-00256,H671143,M25,A2,closed,42.5,46.5,750,2024-06-24,20260106T061500Z-QE24M
L24-0509,P-12947-A,A,1175,MT-06,E-0128,2024-05-30 20:29:00,2024-06-03 16:19:00,MC-00271,H947432,P25,A1,closed,29.8,29.2,1146,2024-06-17,20260106T061500Z-QE24M
L24-0510,P-10304-A,A,705,GR-03,E-0143,2024-05-31 06:44:00,2024-06-04 08:01:00,MC-00279,H527119,P25,A1,closed,18.3,19.4,674,2024-07-01,20260106T061500Z-QE24M
L24-0511,P-13739-B,B,465,GR-02,E-0142,2024-05-31 07:07:00,2024-06-03 11:18:00,MC-00227,H801241,P25,B1,closed,12.7,13.2,463,2024-06-17,20260106T061500Z-QE24M
L24-0512,P-14462-A,A,660,SW-02,E-0103,2024-05-31 08:34:00,2024-06-03 10:04:00,MC-00256,H671143,M25,A3,closed,18.5,19.4,656,2024-06-21,20260106T061500Z-QE24M
L24-0513,P-17509-D,D,520,SW-06,E-0111,2024-05-31 12:13:00,2024-06-03 10:05:00,MC-00204,H543141,M25,D1,closed,14.9,13.9,518,2024-06-17,20260106T061500Z-QE24M
L24-0514,P-17319-A,A,270,SW-08,E-0115,2024-06-03 06:13:00,2024-06-03 18:54:00,MC-00248,H384294,N10,A1,closed,12.7,94.6,266,2024-06-14,20260106T061500Z-QE24M
L24-0515,P-10857-C,C,3030,ML-03,E-0133,2024-06-03 09:18:00,2024-06-14 16:52:00,MC-00265,H144070,M25,C3,closed,160.6,173.2,3015,2024-07-01,20260106T061500Z-QE24M
L24-0516,P-17038-D,D,1000,SW-05,E-0109,2024-06-03 10:17:00,2024-06-05 06:17:00,MC-00261,H431011,M25,D2,closed,30.0,31.3,995,2024-06-24,20260106T061500Z-QE24M
L24-0517,P-13122-B,B,1320,SW-06,E-0111,2024-06-03 10:35:00,2024-06-06 16:29:00,MC-00273,H658363,P25,B3,closed,56.9,60.8,1298,2024-06-17,20260106T061500Z-QE24M
L24-0518,P-15347-C,C,2250,SW-01,E-0101,2024-06-03 11:15:00,2024-06-05 18:07:00,MC-00264,H874320,M25,C1,closed,40.9,39.8,2179,2024-06-17,20260106T061500Z-QE24M
L24-0519,P-15723-A,A,1830,GR-02,E-0142,2024-06-03 11:48:00,2024-06-12 14:10:00,MC-00231,H623004,M25,A1,closed,61.9,59.5,1810,2024-07-01,20260106T061500Z-QE24M
L24-0520,P-12314-A,A,2980,MT-06,E-0128,2024-06-03 16:49:00,2024-06-11 11:41:00,MC-00260,H365298,P25,A1,closed,96.9,96.2,2930,2024-06-26,20260106T061500Z-QE24M
L24-0521,P-13888-A,A,565,GR-04,E-0144,2024-06-04 07:44:00,2024-06-06 13:19:00,MC-00259,H996428,N10,A1,closed,22.6,23.2,560,2024-06-24,20260106T061500Z-QE24M
L24-0522,P-18087-D,D,1075,GR-03,E-0146,2024-06-04 08:31:00,2024-06-07 06:05:00,MC-00273,H658363,P25,D2,closed,23.1,24.3,1042,2024-06-27,20260106T061500Z-QE24M
L24-0523,P-17004-D,D,1000,SW-07,E-0113,2024-06-04 10:33:00,2024-06-05 21:03:00,MC-00238,H316247,M25,D1,closed,27.5,25.0,993,2024-06-24,20260106T061500Z-QE24M
L24-0524,P-16567-A,A,3350,ML-06,E-0139,2024-06-04 11:28:00,2024-06-14 08:34:00,MC-00231,H623004,M25,A3,closed,133.1,122.6,3343,2024-07-03,20260106T061500Z-QE24M
L24-0525,P-12884-C,C,605,MT-05,E-0147,2024-06-04 18:51:00,2024-06-05 15:02:00,MC-00260,H365298,P25,C3,closed,13.2,14.0,596,2024-06-24,20260106T061500Z-QE24M
L24-0526,P-16180-A,A,855,MT-02,E-0120,2024-06-04 21:04:00,2024-06-06 09:02:00,MC-00261,H431011,M25,A2,closed,22.0,22.7,842,2024-06-24,20260106T061500Z-QE24M
L24-0527,P-14212-C,C,935,MT-01,E-0118,2024-06-05 20:29:00,2024-06-07 06:28:00,MC-00278,H802940,P25,C2,closed,20.0,18.9,920,2024-07-08,20260106T061500Z-QE24M
L24-0528,P-12213-C,C,945,GR-04,E-0144,2024-06-06 13:49:00,2024-06-12 12:16:00,MC-00269,H697031,S15,C3,closed,32.5,34.4,929,2024-06-24,20260106T061500Z-QE24M
L24-0529,P-14438-A,A,975,GR-01,E-0141,2024-06-06 14:29:00,2024-06-11 11:29:00,MC-00227,H801241,P25,A1,closed,22.5,21.0,968,2024-07-05,20260106T061500Z-QE24M
L24-0530,P-15489-A,A,1100,SW-01,E-0102,2024-06-06 18:52:00,2024-06-10 14:27:00,MC-00243,H598577,M25,A1,closed,29.6,28.2,1090,2024-07-01,20260106T061500Z-QE24M
L24-0531,P-18883-A,A,815,MT-01,E-0117,2024-06-07 08:29:00,2024-06-10 13:38:00,MC-00272,H552995,P25,A1,closed,22.2,23.1,806,2024-07-01,20260106T061500Z-QE24M
L24-0532,P-14328-A,A,525,GR-03,E-0143,2024-06-07 12:59:00,2024-06-11 11:19:00,MC-00272,H552995,P25,A2,closed,15.3,15.9,515,2024-07-05,20260106T061500Z-QE24M
L24-0533,P-11884-A,A,185,ML-05,E-0137,2024-06-07 13:01:00,2024-06-10 08:18:00,MC-00269,H697031,S15,A3,closed,12.3,13.3,184,2024-06-26,20260106T061500Z-QE24M
L24-0534,P-10989-A,A,660,ML-02,E-0131,2024-06-10 06:45:00,2024-06-12 09:58:00,MC-00249,H718865,P25,A1,closed,37.2,38.2,655,2024-07-09,20260106T061500Z-QE24M
L24-0535,P-17053-A,A,955,ML-05,E-0137,2024-06-10 08:48:00,2024-06-13 06:19:00,MC-00263,H220171,N10,A1,closed,48.5,50.0,952,2024-06-25,20260106T061500Z-QE24M
L24-0536,P-15742-C,C,200,GR-03,E-0143,2024-06-11 11:49:00,2024-06-12 08:29:00,MC-00231,H623004,M25,C2,closed,5.2,4.8,200,2024-06-24,20260106T061500Z-QE24M
L24-0537,P-18115-C,C,1070,GR-01,E-0141,2024-06-11 11:59:00,2024-06-17 06:18:00,MC-00278,H802940,P25,C3,closed,28.3,29.4,1062,2024-07-16,20260106T061500Z-QE24M
L24-0538,P-12642-D,D,1675,SW-01,E-0102,2024-06-11 16:03:00,2024-06-14 08:15:00,MC-00294,H937420,M35,D1,closed,43.2,45.0,1649,2024-07-05,20260106T061500Z-QE24M
L24-0539,P-13608-D,D,1210,GR-03,E-0143,2024-06-12 08:59:00,2024-06-17 12:06:00,MC-00227,H801241,P25,D1,closed,28.6,27.4,1202,2024-07-19,20260106T061500Z-QE24M
L24-0540,P-13357-A,A,1225,MT-03,E-0121,2024-06-12 09:32:00,2024-06-13 15:57:00,MC-00292,H159376,P25,A3,closed,23.4,24.2,1208,2024-07-08,20260106T061500Z-QE24M
L24-0541,P-16751-A,A,2025,ML-02,E-0131,2024-06-12 10:28:00,2024-06-17 22:53:00,MC-00237,H279006,M25,A1,closed,63.4,61.2,1613,2024-07-08,20260106T061500Z-QE24M
L24-0542,P-19014-A,A,885,SW-05,E-0109,2024-06-12 10:51:00,2024-06-13 17:03:00,MC-00261,H431011,M25,A3,closed,23.2,25.7,862,2024-06-28,20260106T061500Z-QE24M
L24-0543,P-17131-A,A,935,ML-05,E-0137,2024-06-13 06:49:00,2024-06-17 07:09:00,MC-00248,H384294,N10,A1,closed,34.3,33.6,923,2024-07-05,20260106T061500Z-QE24M
L24-0544,P-18677-D,D,1195,MT-04,E-0123,2024-06-13 09:43:00,2024-06-17 14:34:00,MC-00285,H625291,P25,D1,closed,38.9,41.3,1185,2024-07-01,20260106T061500Z-QE24M
L24-0545,P-14928-A,A,1590,MT-01,E-0125,2024-06-13 10:30:00,2024-06-14 17:58:00,MC-00249,H718865,P25,A3,closed,24.5,23.7,1585,2024-07-08,20260106T061500Z-QE24M
L24-0546,P-16180-A,A,830,MT-02,E-0119,2024-06-13 11:39:00,2024-06-14 16:03:00,MC-00262,H723014,M25,A2,closed,21.4,22.2,820,2024-07-02,20260106T061500Z-QE24M
L24-0547,P-11163-D,D,2200,SW-03,E-0106,2024-06-13 15:58:00,2024-06-18 18:12:00,MC-00270,H806690,M25,D2,closed,53.2,52.4,1970,2024-07-01,20260106T061500Z-QE24M
L24-0548,P-17247-D,D,505,SW-04,E-0108,2024-06-13 18:11:00,2024-06-14 13:01:00,MC-00267,H746219,N10,D2,closed,11.8,11.6,505,2024-07-05,20260106T061500Z-QE24M
L24-0549,P-13229-B,B,380,SW-06,E-0112,2024-06-13 20:31:00,2024-06-14 16:20:00,MC-00255,H739525,P25,B2,closed,12.8,13.0,374,2024-07-15,20260106T061500Z-QE24M
L24-0550,P-11265-A,A,1065,SW-08,E-0115,2024-06-14 06:04:00,2024-06-17 06:16:00,MC-00234,H868946,M25,A1,closed,17.2,18.1,1057,2024-07-05,20260106T061500Z-QE24M
L24-0551,P-17934-A,A,830,SW-07,E-0113,2024-06-14 10:28:00,2024-06-18 17:39:00,MC-00297,H330133,M35,A2,closed,41.2,44.1,821,2024-07-15,20260106T061500Z-QE24M
L24-0552,P-11909-A,A,1970,ML-03,E-0134,2024-06-14 17:22:00,2024-06-25 07:25:00,MC-00211,H313794,N10,A3,closed,109.1,112.4,1960,2024-07-10,20260106T061500Z-QE24M
L24-0553,P-14168-B,B,910,MT-01,E-0118,2024-06-14 18:28:00,2024-06-18 11:08:00,MC-00280,H123175,P25,B3,closed,26.7,25.4,901,2024-07-05,20260106T061500Z-QE24M
L24-0554,P-14134-A,A,1615,MT-05,E-0125,2024-06-17 06:20:00,2024-06-19 06:01:00,MC-00283,H621215,P25,A1,closed,33.7,33.2,1591,2024-07-08,20260106T061500Z-QE24M
L24-0555,P-19165-D,D,645,SW-06,E-0111,2024-06-17 06:26:00,2024-06-18 14:15:00,MC-00262,H723014,M25,D1,closed,24.8,22.3,572,2024-06-28,20260106T061500Z-QE24M
L24-0556,P-10469-D,D,915,ML-01,E-0129,2024-06-17 08:24:00,2024-06-19 14:55:00,MC-00092,H927081,P25,D1,closed,40.5,40.2,901,2024-07-05,20260106T061500Z-QE24M
L24-0557,P-16995-D,D,1525,ML-06,E-0139,2024-06-17 08:43:00,2024-06-20 14:21:00,MC-00285,H625291,P25,D1,closed,56.6,55.6,1479,2024-07-19,20260106T061500Z-QE24M
L24-0558,P-11923-A,A,1185,ML-04,E-0135,2024-06-17 08:52:00,2024-06-20 09:15:00,MC-00276,H769793,N10,A3,closed,51.4,49.9,1174,2024-07-03,20260106T061500Z-QE24M
L24-0559,P-10257-C,C,740,GR-03,E-0143,2024-06-17 12:36:00,2024-06-21 07:23:00,MC-00300,H662929,P25,C2,closed,28.8,29.7,733,2024-07-15,20260106T061500Z-QE24M
L24-0560,P-14117-A,A,1115,MT-04,E-0124,2024-06-17 15:04:00,2024-06-20 13:54:00,MC-00284,H338256,P25,A3,closed,49.8,51.0,1102,2024-07-12,20260106T061500Z-QE24M
L24-0561,P-14103-B,B,2555,MT-03,E-0122,2024-06-17 19:06:00,2024-06-21 06:03:00,MC-00284,H338256,P25,B1,closed,55.0,57.5,2523,2024-07-08,20260106T061500Z-QE24M
L24-0562,P-12016-A,A,965,ML-02,E-0131,2024-06-18 06:23:00,2024-06-21 12:45:00,MC-00211,H313794,N10,A1,closed,57.4,63.6,954,2024-07-09,20260106T061500Z-QE24M
L24-0563,P-14885-D,D,385,SW-02,E-0103,2024-06-18 10:57:00,2024-06-19 12:01:00,MC-00264,H874320,M25,D1,closed,18.1,17.2,383,2024-07-05,20260106T061500Z-QE24M
L24-0564,P-12828-B,B,1585,MT-01,E-0117,2024-06-18 11:38:00,2024-06-21 13:34:00,MC-00288,H523570,P25,B3,closed,52.9,58.2,1565,2024-07-15,20260106T061500Z-QE24M
L24-0565,P-15156-A,A,980,SW-06,E-0112,2024-06-18 14:45:00,2024-06-21 15:25:00,MC-00282,H264297,P25,A3,closed,51.7,52.1,961,2024-07-18,20260106T061500Z-QE24M
L24-0566,P-17014-A,A,1000,SW-03,E-0106,2024-06-18 18:42:00,2024-06-20 18:32:00,MC-00290,H694309,M25,A1,closed,33.8,33.8,990,2024-07-05,20260106T061500Z-QE24M
L24-0567,P-16831-C,C,555,ML-05,E-0138,2024-06-18 19:27:00,2024-06-20 15:06:00,MC-00272,H552995,P25,C1,closed,29.6,31.7,551,2024-07-08,20260106T061500Z-QE24M
L24-0568,P-13483-A,A,905,MT-05,E-0125,2024-06-19 06:31:00,2024-06-20 07:27:00,MC-00296,H899039,P25,A1,closed,17.9,18.4,891,2024-07-22,20260106T061500Z-QE24M
L24-0569,P-12750-D,D,2275,SW-05,E-0109,2024-06-19 10:58:00,2024-06-25 09:40:00,MC-00312,H560049,M35,D2,closed,66.7,71.4,2257,2024-07-22,20260106T061500Z-QE24M
L24-0570,P-11950-A,A,880,ML-01,E-0130,2024-06-19 15:25:00,2024-06-21 13:28:00,MC-00276,H769793,N10,A3,closed,32.0,30.7,875,2024-07-09,20260106T061500Z-QE24M
L24-0571,P-10116-B,B,1850,GR-04,E-0144,2024-06-20 07:02:00,2024-06-27 14:05:00,MC-00303,H628744,P25,B2,closed,49.6,53.3,1829,2024-07-10,20260106T061500Z-QE24M
L24-0572,P-16900-D,D,2080,ML-04,E-0135,2024-06-20 09:45:00,2024-07-01 18:54:00,MC-00271,H947432,P25,D3,closed,128.1,122.2,2065,2024-08-01,20260106T061500Z-QE24M
L24-0573,P-15615-C,C,1215,GR-01,E-0141,2024-06-20 10:10:00,2024-06-24 07:42:00,MC-00281,H329968,M25,C1,closed,14.5,14.1,1215,2024-07-10,20260106T061500Z-QE24M
L24-0574,P-17255-D,D,1375,SW-04,E-0107,2024-06-20 10:31:00,2024-06-24 06:34:00,MC-00259,H996428,N10,D2,closed,30.0,30.2,1251,2024-07-15,20260106T061500Z-QE24M
L24-0575,P-14952-A,A,1425,MT-02,E-0125,2024-06-20 14:00:00,2024-06-25 15:24:00,MC-00303,H628744,P25,A1,closed,52.4,52.1,1412,2024-07-15,20260106T061500Z-QE24M
L24-0576,P-16860-C,C,2350,ML-06,E-0140,2024-06-20 14:51:00,2024-07-02 12:17:00,MC-00291,H757632,P25,C3,closed,133.4,136.2,2343,2024-08-02,20260106T061500Z-QE24M
L24-0577,P-11007-C,C,2110,ML-05,E-0138,2024-06-20 15:36:00,2024-07-02 06:23:00,MC-00249,H718865,P25,C3,closed,126.8,131.7,2098,2024-08-02,20260106T061500Z-QE24M
L24-0578,P-18035-B,B,535,GR-02,E-0142,2024-06-21 08:20:00,2024-06-25 11:06:00,MC-00255,H739525,P25,B2,closed,19.8,21.1,535,2024-07-24,20260106T061500Z-QE24M
L24-0579,P-19299-A,A,2460,MT-03,E-0121,2024-06-21 08:48:00,2024-06-27 21:18:00,MC-00289,H385581,M25,A1,closed,80.5,78.8,2436,2024-07-11,20260106T061500Z-QE24M
L24-0580,P-11301-A,A,1065,SW-08,E-0115,2024-06-21 10:17:00,2024-06-24 13:41:00,MC-00281,H329968,M25,A3,closed,20.4,19.5,1042,2024-07-05,20260106T061500Z-QE24M
L24-0581,P-17854-A,A,725,SW-03,E-0105,2024-06-21 10:45:00,2024-06-24 19:13:00,MC-00310,H445254,M35,A3,closed,25.5,26.2,721,2024-07-16,20260106T061500Z-QE24M
L24-0582,P-10563-D,D,1425,ML-02,E-0131,2024-06-21 13:15:00,2024-06-27 20:55:00,MC-00092,H927081,P25,D1,closed,75.7,308.3,1417,2024-07-05,20260106T061500Z-QE24M
L24-0583,P-10574-A,A,1455,ML-01,E-0129,2024-06-21 13:58:00,2024-06-28 15:08:00,MC-00306,H391545,P25,A3,closed,86.2,82.6,1412,2024-07-15,20260106T061500Z-QE24M
L24-0584,P-12303-D,D,805,GR-03,E-0143,2024-06-24 06:39:00,2024-06-26 09:17:00,MC-00246,H411269,S15,D3,closed,19.6,19.7,794,2024-07-09,20260106T061500Z-QE24M
L24-0585,P-15839-B,B,480,GR-01,E-0141,2024-06-24 08:12:00,2024-06-26 07:44:00,MC-00270,H806690,M25,B2,closed,16.5,18.5,469,2024-07-15,20260106T061500Z-QE24M
L24-0586,P-18315-A,A,1760,MT-06,E-0127,2024-06-24 08:12:00,2024-06-26 13:34:00,MC-00282,H264297,P25,A1,closed,39.4,36.5,1758,2024-07-11,20260106T061500Z-QE24M
L24-0587,P-17627-A,A,790,SW-06,E-0111,2024-06-24 09:14:00,2024-06-25 17:37:00,MC-00264,H874320,M25,A1,closed,25.4,24.4,631,2024-07-10,20260106T061500Z-QE24M
L24-0588,P-14140-A,A,885,MT-05,E-0125,2024-06-24 09:34:00,2024-06-26 07:46:00,MC-00283,H621215,P25,A3,closed,32.2,32.9,878,2024-07-11,20260106T061500Z-QE24M
L24-0589,P-17326-D,D,1295,SW-04,E-0107,2024-06-24 13:36:00,2024-06-26 14:20:00,MC-00315,H863864,N10,D3,closed,34.7,36.8,1260,2024-07-08,20260106T061500Z-QE24M
L24-0590,P-14108-A,A,1810,MT-04,E-0124,2024-06-24 15:29:00,2024-06-26 14:21:00,MC-00293,H918335,P25,A3,closed,32.9,30.7,1799,2024-07-22,20260106T061500Z-QE24M
L24-0591,P-14762-C,C,530,SW-01,E-0102,2024-06-24 17:55:00,2024-06-25 16:54:00,MC-00243,H598577,M25,C1,closed,16.0,14.9,527,2024-07-12,20260106T061500Z-QE24M
L24-0592,P-12907-D,D,550,MT-01,E-0118,2024-06-24 18:43:00,2024-06-25 20:23:00,MC-00323,H784434,P25,D1,closed,18.7,18.3,544,2024-07-22,20260106T061500Z-QE24M
L24-0593,P-11930-A,A,555,ML-03,E-0133,2024-06-25 07:55:00,2024-06-26 20:17:00,MC-00211,H313794,N10,A1,closed,29.4,33.0,539,2024-07-01,20260106T061500Z-QE24M
L24-0594,P-12756-B,B,1745,SW-05,E-0109,2024-06-25 10:10:00,2024-06-27 09:42:00,MC-00310,H445254,M35,B3,closed,33.5,37.0,1696,2024-07-26,20260106T061500Z-QE24M
L24-0595,P-14225-A,A,1050,GR-02,E-0146,2024-06-25 11:36:00,2024-07-01 10:32:00,MC-00323,H784434,P25,A1,closed,32.9,31.0,1042,2024-07-17,20260106T061500Z-QE24M
L24-0596,P-18904-D,D,560,MT-02,E-0120,2024-06-25 15:54:00,2024-06-26 18:14:00,MC-00291,H757632,P25,D2,closed,19.3,19.4,554,2024-07-15,20260106T061500Z-QE24M
L24-0597,P-11226-C,C,1665,SW-06,E-0112,2024-06-25 18:07:00,2024-06-28 14:31:00,MC-00281,H329968,M25,C1,closed,47.4,46.1,1545,2024-07-12,20260106T061500Z-QE24M
L24-0598,P-13923-B,B,930,GR-01,E-0141,2024-06-26 08:14:00,2024-07-01 06:39:00,MC-00263,H220171,N10,B2,closed,23.9,23.8,922,2024-07-17,20260106T061500Z-QE24M
L24-0599,P-18023-B,B,620,GR-03,E-0143,2024-06-26 09:47:00,2024-06-27 13:22:00,MC-00287,H888987,P25,B1,closed,12.1,98.2,612,2024-07-29,20260106T061500Z-QE24M
L24-0600,P-14175-A,A,720,MT-06,E-0127,2024-06-26 14:04:00,2024-06-28 10:55:00,MC-00255,H739525,P25,A3,closed,30.8,31.7,693,2024-07-24,20260106T061500Z-QE24M
L24-0601,P-12328-A,A,2395,MT-02,E-0120,2024-06-26 18:44:00,2024-06-28 18:52:00,MC-00323,H784434,P25,A2,closed,34.1,33.3,2379,2024-08-01,20260106T061500Z-QE24M
L24-0602,P-16652-A,A,1275,ML-03,E-0134,2024-06-26 20:47:00,2024-07-02 14:00:00,MC-00298,H381626,M25,A3,closed,61.2,58.5,1252,2024-07-09,20260106T061500Z-QE24M
L24-0603,P-17329-D,D,1305,SW-01,E-0101,2024-06-27 10:06:00,2024-06-28 19:49:00,MC-00318,H945881,N10,D2,closed,26.7,26.7,1298,2024-07-16,20260106T061500Z-QE24M
L24-0604,P-11320-D,D,1070,SW-05,E-0109,2024-06-27 10:12:00,2024-06-28 11:43:00,MC-00270,H806690,M25,D3,closed,18.5,19.5,1062,2024-07-22,20260106T061500Z-QE24M
L24-0605,P-15662-A,A,355,GR-03,E-0143,2024-06-27 13:52:00,2024-06-28 13:24:00,MC-00298,H381626,M25,A1,closed,8.0,7.6,344,2024-07-18,20260106T061500Z-QE24M
L24-0606,P-14966-D,D,1435,MT-01,E-0120,2024-06-27 21:19:00,2024-07-02 17:34:00,MC-00305,H496600,P25,D1,closed,47.2,43.4,1424,2024-07-16,20260106T061500Z-QE24M
L24-0607,P-10536-A,A,635,ML-02,E-0147,2024-06-27 21:25:00,2024-07-01 20:22:00,MC-00223,H332342,P25,A3,closed,33.0,33.3,625,2024-07-12,20260106T061500Z-QE24M
L24-0608,P-14918-A,A,1615,MT-03,E-0126,2024-06-27 21:48:00,2024-07-02 21:10:00,MC-00305,H496600,P25,A1,closed,50.4,52.7,1605,2024-07-18,20260106T061500Z-QE24M
L24-0609,P-15701-A,A,2035,GR-04,E-0144,2024-06-28 06:05:00,2024-07-09 08:17:00,MC-00330,H318336,M25,A2,closed,53.2,57.0,1989,2024-07-22,20260106T061500Z-QE24M
L24-0610,P-13328-A,A,1155,MT-04,E-0123,2024-06-28 06:56:00,2024-07-05 06:25:00,MC-00275,H575997,P25,A2,closed,67.5,65.4,1110,2024-08-09,20260106T061500Z-QE24M
L24-0611,P-10824-A,A,3025,ML-01,E-0130,2024-06-28 15:38:00,2024-07-09 18:59:00,MC-00265,H144070,M25,A1,closed,105.3,109.0,2937,2024-07-22,20260106T061500Z-QE24M
L24-0612,P-18051-D,D,1070,GR-03,E-0143,2024-07-01 06:42:00,2024-07-03 08:34:00,MC-00309,H299476,P25,D3,closed,18.9,20.0,1059,2024-08-01,20260106T061500Z-QE24M
L24-0613,P-16180-A,A,740,MT-02,E-0119,2024-07-01 06:50:00,2024-07-02 09:14:00,MC-00319,H162230,M25,A2,closed,19.4,18.0,736,2024-07-19,20260106T061500Z-QE24M
L24-0614,P-13590-A,A,725,GR-01,E-0141,2024-07-01 07:09:00,2024-07-03 06:56:00,MC-00324,H788752,P25,A2,closed,16.8,16.4,707,2024-07-22,20260106T061500Z-QE24M
L24-0615,P-17732-C,C,1235,SW-08,E-0115,2024-07-01 10:47:00,2024-07-05 09:05:00,MC-00336,H626046,M25,C1,closed,49.3,48.3,1132,2024-07-25,20260106T061500Z-QE24M
L24-0616,P-12284-B,B,775,GR-02,E-0142,2024-07-01 11:02:00,2024-07-05 06:44:00,MC-00269,H697031,S15,B2,closed,21.2,22.2,761,2024-07-10,20260106T061500Z-QE24M
L24-0617,P-11329-A,A,1030,SW-05,E-0110,2024-07-01 14:48:00,2024-07-03 10:55:00,MC-00335,H336294,M25,A2,closed,30.1,33.3,1022,2024-07-22,20260106T061500Z-QE24M
L24-0618,P-10798-C,C,475,ML-04,E-0136,2024-07-01 19:24:00,2024-07-03 19:07:00,MC-00320,H946010,M25,C3,closed,33.7,32.8,455,2024-07-17,20260106T061500Z-QE24M
L24-0619,P-10444-B,B,610,ML-02,E-0132,2024-07-01 20:52:00,2024-07-03 13:03:00,MC-00230,H317150,P25,B2,closed,26.2,23.5,588,2024-07-18,20260106T061500Z-QE24M
L24-0620,P-17116-A,A,1545,ML-05,E-0137,2024-07-02 06:53:00,2024-07-08 20:41:00,MC-00267,H746219,N10,A3,closed,64.8,66.6,1407,2024-07-22,20260106T061500Z-QE24M
L24-0621,P-12678-A,A,805,SW-07,E-0113,2024-07-02 08:47:00,2024-07-03 12:53:00,MC-00297,H330133,M35,A1,closed,21.1,21.5,799,2024-07-22,20260106T061500Z-QE24M
L24-0622,P-19350-A,A,1085,MT-02,E-0119,2024-07-02 09:44:00,2024-07-03 20:09:00,MC-00336,H626046,M25,A1,closed,27.4,24.5,1082,2024-07-18,20260106T061500Z-QE24M
L24-0623,P-12004-A,A,965,ML-06,E-0139,2024-07-02 12:47:00,2024-07-08 11:16:00,MC-00276,H769793,N10,A1,closed,49.5,45.4,964,2024-07-26,20260106T061500Z-QE24M
L24-0624,P-16034-D,D,1575,ML-03,E-0134,2024-07-02 14:30:00,2024-07-10 15:27:00,MC-00342,H816324,M25,D1,closed,86.0,82.3,1525,2024-07-29,20260106T061500Z-QE24M
L24-0625,P-14159-A,A,255,MT-01,E-0118,2024-07-02 18:04:00,2024-07-03 11:02:00,MC-00334,H876479,P25,A3,closed,10.0,9.9,243,2024-07-17,20260106T061500Z-QE24M
L24-0626,P-13821-A,A,1705,GR-03,E-0143,2024-07-03 09:04:00,2024-07-11 10:12:00,MC-00326,H925220,P25,A1,closed,43.6,45.0,1667,2024-08-08,20260106T061500Z-QE24M
L24-0627,P-18778-A,A,240,MT-06,E-0145,2024-07-03 09:31:00,2024-07-03 17:45:00,MC-00288,H523570,P25,A1,closed,8.2,8.4,233,2024-07-18,20260106T061500Z-QE24M
L24-0628,P-10680-D,D,920,ML-02,E-0131,2024-07-03 13:33:00,2024-07-09 22:54:00,MC-00290,H694309,M25,D3,closed,60.3,51.2,906,2024-07-29,20260106T061500Z-QE24M
L24-0629,P-13017-A,A,4275,SW-04,E-0108,2024-07-03 15:13:00,2024-07-17 17:41:00,MC-00287,H888987,P25,A2,closed,155.5,164.0,4227,2024-08-16,20260106T061500Z-QE24M
L24-0630,P-10420-B,B,445,ML-04,E-0136,2024-07-03 20:26:00,2024-07-05 18:35:00,MC-00306,H391545,P25,B1,closed,15.2,14.8,443,2024-07-18,20260106T061500Z-QE24M
L24-0631,P-11347-A,A,1045,SW-03,E-0105,2024-07-05 07:15:00,2024-07-08 21:49:00,MC-00335,H336294,M25,A3,closed,31.6,30.5,1032,2024-07-19,20260106T061500Z-QE24M
L24-0632,P-13307-B,B,830,MT-05,E-0125,2024-07-05 10:12:00,2024-07-08 15:59:00,MC-00333,H442073,P25,B2,closed,22.8,21.6,760,2024-08-05,20260106T061500Z-QE24M
L24-0633,P-10147-B,B,1360,GR-02,E-0142,2024-07-05 10:43:00,2024-07-11 10:06:00,MC-00277,H458059,P25,B1,closed,33.4,33.5,1350,2024-07-24,20260106T061500Z-QE24M
L24-0634,P-13447-D,D,1205,MT-03,E-0121,2024-07-05 10:57:00,2024-07-10 17:35:00,MC-00321,H292801,P25,D2,closed,57.6,58.4,1198,2024-08-09,20260106T061500Z-QE24M
L24-0635,P-15367-A,A,815,SW-08,E-0147,2024-07-05 16:20:00,2024-07-09 07:53:00,MC-00313,H758576,M25,A2,closed,25.5,24.7,811,2024-07-29,20260106T061500Z-QE24M
L24-0636,P-16903-B,B,1025,ML-04,E-0136,2024-07-05 19:05:00,2024-07-11 16:57:00,MC-00299,H576410,P25,B2,closed,65.9,69.1,1013,2024-08-05,20260106T061500Z-QE24M
L24-0637,P-10327-A,A,750,GR-01,E-0141,2024-07-08 07:16:00,2024-07-12 10:08:00,MC-00347,H828937,P25,A2,closed,36.9,38.5,739,2024-08-12,20260106T061500Z-QE24M
L24-0638,P-18384-C,C,1020,MT-04,E-0123,2024-07-08 07:52:00,2024-07-09 14:36:00,MC-00277,H458059,P25,C1,closed,23.7,25.2,1013,2024-07-29,20260106T061500Z-QE24M
L24-0639,P-17500-A,A,1350,SW-06,E-0111,2024-07-08 08:03:00,2024-07-10 11:02:00,MC-00243,H598577,M25,A3,closed,37.0,36.5,1326,2024-07-24,20260106T061500Z-QE24M
L24-0640,P-15524-A,A,520,SW-02,E-0103,2024-07-08 09:35:00,2024-07-09 20:27:00,MC-00342,H816324,M25,A2,closed,27.9,26.1,514,2024-07-22,20260106T061500Z-QE24M
L24-0641,P-12618-A,A,480,SW-01,E-0101,2024-07-08 10:06:00,2024-07-08 22:52:00,MC-00297,H330133,M35,A1,closed,12.8,12.1,476,2024-08-05,20260106T061500Z-QE24M
L24-0642,P-11803-A,A,575,ML-06,E-0139,2024-07-08 11:46:00,2024-07-10 07:53:00,MC-00252,H159494,S15,A1,closed,30.1,29.7,490,2024-07-25,20260106T061500Z-QE24M
L24-0643,P-12614-A,A,530,SW-05,E-0109,2024-07-08 13:14:00,2024-07-09 09:44:00,MC-00311,H166869,M35,A2,closed,13.5,13.9,510,2024-07-26,20260106T061500Z-QE24M
L24-0644,P-18914-D,D,970,MT-06,E-0128,2024-07-08 15:59:00,2024-07-09 21:52:00,MC-00301,H344794,P25,D2,closed,22.9,22.4,962,2024-07-29,20260106T061500Z-QE24M
L24-0645,P-13012-A,A,645,MT-05,E-0126,2024-07-08 16:29:00,2024-07-09 22:03:00,MC-00314,H774270,P25,A3,closed,22.6,22.2,633,2024-08-02,20260106T061500Z-QE24M
L24-0646,P-16645-A,A,860,ML-05,E-0138,2024-07-08 21:11:00,2024-07-11 18:54:00,MC-00341,H167413,M25,A1,closed,48.7,46.6,858,2024-08-01,20260106T061500Z-QE24M
L24-0647,P-12075-A,A,4345,GR-04,E-0144,2024-07-09 08:47:00,2024-07-26 12:49:00,MC-00316,H392124,S15,A3,closed,114.5,110.6,4318,2024-08-16,20260106T061500Z-QE24M
L24-0648,P-11099-A,A,450,ML-01,E-0130,2024-07-09 19:29:00,2024-07-11 07:19:00,MC-00347,H828937,P25,A1,closed,21.8,20.0,438,2024-07-30,20260106T061500Z-QE24M
L24-0649,P-11282-A,A,1080,SW-02,E-0104,2024-07-09 20:57:00,2024-07-10 22:48:00,MC-00281,H329968,M25,A2,closed,18.8,19.0,1057,2024-07-26,20260106T061500Z-QE24M
L24-0650,P-12023-C,C,3010,ML-02,E-0145,2024-07-10 06:24:00,2024-07-26 22:37:00,MC-00302,H128173,N10,C2,closed,220.2,212.1,2991,2024-08-12,20260106T061500Z-QE24M
L24-0651,P-11201-A,A,1185,SW-08,E-0115,2024-07-10 06:59:00,2024-07-11 21:02:00,MC-00298,H381626,M25,A3,closed,31.0,30.6,1143,2024-07-29,20260106T061500Z-QE24M
L24-0652,P-11962-A,A,480,ML-06,E-0146,2024-07-10 08:23:00,2024-07-11 21:11:00,MC-00302,H128173,N10,A3,closed,29.8,28.5,477,2024-07-22,20260106T061500Z-QE24M
L24-0653,P-15035-A,A,215,SW-07,E-0113,2024-07-10 12:20:00,2024-07-10 20:06:00,MC-00277,H458059,P25,A3,closed,7.8,7.2,206,2024-08-09,20260106T061500Z-QE24M
L24-0654,P-11984-A,A,185,ML-03,E-0134,2024-07-10 15:57:00,2024-07-11 09:21:00,MC-00286,H747671,N10,A2,closed,10.4,11.4,185,2024-07-29,20260106T061500Z-QE24M
L24-0655,P-18210-D,D,1740,MT-03,E-0122,2024-07-10 18:05:00,2024-07-16 15:08:00,MC-00277,H458059,P25,D1,closed,65.1,208.5,1706,2024-08-08,20260106T061500Z-QE24M
L24-0656,P-14992-A,A,1540,MT-02,E-0117,2024-07-11 07:38:00,2024-07-15 22:19:00,MC-00349,H885045,P25,A2,closed,48.7,53.5,1537,2024-08-06,20260106T061500Z-QE24M
L24-0657,P-14989-D,D,1390,MT-01,E-0125,2024-07-11 12:00:00,2024-07-15 08:34:00,MC-00349,H885045,P25,D3,closed,30.6,29.8,1378,2024-08-09,20260106T061500Z-QE24M
L24-0658,P-13941-A,A,440,GR-03,E-0143,2024-07-12 09:51:00,2024-07-16 08:32:00,MC-00267,H746219,N10,A2,closed,15.7,15.8,440,2024-07-30,20260106T061500Z-QE24M
L24-0659,P-13350-A,A,905,MT-04,E-0123,2024-07-12 12:58:00,2024-07-16 11:05:00,MC-00339,H481843,P25,A2,closed,32.1,32.6,897,2024-08-05,20260106T061500Z-QE24M
L24-0660,P-16887-A,A,775,ML-04,E-0136,2024-07-12 16:01:00,2024-07-16 19:53:00,MC-00314,H774270,P25,A2,closed,37.9,37.0,754,2024-08-08,20260106T061500Z-QE24M
L24-0661,P-14612-C,C,365,SW-05,E-0110,2024-07-12 16:56:00,2024-07-15 11:41:00,MC-00322,H649184,M25,C2,closed,11.8,11.0,360,2024-07-29,20260106T061500Z-QE24M
L24-0662,P-11163-D,D,2200,SW-03,E-0106,2024-07-12 18:34:00,2024-07-17 20:48:00,MC-00341,H167413,M25,D2,closed,53.2,51.6,2192,2024-08-05,20260106T061500Z-QE24M
L24-0663,P-12868-D,D,705,MT-05,E-0125,2024-07-15 07:43:00,2024-07-16 10:10:00,MC-00301,H344794,P25,D1,closed,19.4,18.7,692,2024-07-30,20260106T061500Z-QE24M
L24-0664,P-11167-D,D,1100,SW-08,E-0146,2024-07-15 08:36:00,2024-07-16 18:37:00,MC-00325,H190121,M25,D3,closed,27.0,26.8,1061,2024-08-05,20260106T061500Z-QE24M
L24-0665,P-18420-D,D,1050,MT-01,E-0117,2024-07-15 09:04:00,2024-07-16 18:31:00,MC-00305,H496600,P25,D3,closed,26.4,23.5,983,2024-08-05,20260106T061500Z-QE24M
L24-0666,P-11173-A,A,2425,SW-01,E-0101,2024-07-15 09:56:00,2024-07-18 10:51:00,MC-00325,H190121,M25,A3,closed,51.9,53.8,2415,2024-08-05,20260106T061500Z-QE24M
L24-0667,P-11253-B,B,2220,SW-02,E-0103,2024-07-15 11:13:00,2024-07-22 07:17:00,MC-00343,H890453,M25,B1,closed,81.1,80.3,2160,2024-07-26,20260106T061500Z-QE24M
L24-0668,P-16180-A,A,745,MT-02,E-0120,2024-07-15 22:49:00,2024-07-17 08:20:00,MC-00319,H162230,M25,A2,closed,19.5,20.2,734,2024-08-01,20260106T061500Z-QE24M
L24-0669,P-17038-D,D,1000,SW-05,E-0109,2024-07-16 08:32:00,2024-07-17 21:32:00,MC-00337,H494123,M25,D2,closed,30.0,32.7,997,2024-08-02,20260106T061500Z-QE24M
L24-0670,P-12384-A,A,465,MT-06,E-0127,2024-07-16 11:24:00,2024-07-17 08:38:00,MC-00301,H344794,P25,A2,closed,14.2,14.5,461,2024-08-07,20260106T061500Z-QE24M
L24-0671,P-12861-C,C,1675,MT-04,E-0123,2024-07-16 11:35:00,2024-07-18 12:58:00,MC-00326,H925220,P25,C2,closed,35.4,37.3,1637,2024-08-05,20260106T061500Z-QE24M
L24-0672,P-19271-A,A,1150,MT-05,E-0125,2024-07-16 13:45:00,2024-07-17 15:28:00,MC-00342,H816324,M25,A2,closed,18.7,19.6,1145,2024-07-29,20260106T061500Z-QE24M
L24-0673,P-13285-C,C,2255,SW-06,E-0112,2024-07-16 19:44:00,2024-07-23 11:24:00,MC-00309,H299476,P25,C1,closed,76.7,79.9,2200,2024-08-05,20260106T061500Z-QE24M
L24-0674,P-10749-A,A,495,ML-04,E-0136,2024-07-16 20:23:00,2024-07-18 12:29:00,MC-00322,H649184,M25,A2,closed,26.1,25.8,486,2024-07-29,20260106T061500Z-QE24M
L24-0675,P-16316-C,C,4075,MT-02,E-0119,2024-07-17 08:50:00,2024-07-24 14:27:00,MC-00295,H183927,M25,C2,closed,90.6,97.9,4034,2024-08-05,20260106T061500Z-QE24M
L24-0676,P-16499-A,A,1260,MT-06,E-0127,2024-07-17 09:08:00,2024-07-18 18:39:00,MC-00295,H183927,M25,A2,closed,26.5,28.3,1254,2024-08-06,20260106T061500Z-QE24M
L24-0677,P-14819-A,A,1560,SW-04,E-0108,2024-07-17 18:11:00,2024-07-22 16:44:00,MC-00243,H598577,M25,A2,closed,49.5,50.5,1538,2024-08-05,20260106T061500Z-QE24M
L24-0678,P-14681-B,B,760,SW-08,E-0115,2024-07-18 06:12:00,2024-07-19 16:31:00,MC-00322,H649184,M25,B2,closed,27.3,26.9,753,2024-08-05,20260106T061500Z-QE24M
L24-0679,P-15099-A,A,1675,SW-07,E-0113,2024-07-18 08:20:00,2024-07-19 08:34:00,MC-00327,H339017,P25,A2,closed,17.2,17.4,1404,2024-08-21,20260106T061500Z-QE24M
L24-0680,P-18136-D,D,670,GR-01,E-0141,2024-07-18 08:36:00,2024-07-23 07:59:00,MC-00287,H888987,P25,D1,closed,24.9,25.3,664,2024-08-15,20260106T061500Z-QE24M
L24-0681,P-16128-A,A,865,ML-04,E-0135,2024-07-18 12:59:00,2024-07-22 22:21:00,MC-00346,H606636,M25,A3,closed,43.4,44.3,833,2024-08-01,20260106T061500Z-QE24M
L24-0682,P-12972-A,A,990,MT-05,E-0125,2024-07-18 13:45:00,2024-07-22 06:01:00,MC-00304,H303039,P25,A3,closed,26.3,27.8,979,2024-08-19,20260106T061500Z-QE24M
L24-0683,P-16933-A,A,1035,ML-03,E-0134,2024-07-18 17:31:00,2024-07-24 13:14:00,MC-00304,H303039,P25,A3,closed,63.7,61.1,1027,2024-08-26,20260106T061500Z-QE24M
L24-0684,P-12835-A,A,555,MT-01,E-0117,2024-07-19 06:32:00,2024-07-19 20:33:00,MC-00307,H559805,P25,A1,closed,14.0,13.2,542,2024-08-22,20260106T061500Z-QE24M
L24-0685,P-12367-A,A,1075,MT-06,E-0127,2024-07-19 07:58:00,2024-07-23 06:10:00,MC-00328,H368971,P25,A1,closed,32.2,31.5,1051,2024-08-26,20260106T061500Z-QE24M
L24-0686,P-12479-D,D,1270,MT-03,E-0121,2024-07-19 08:40:00,2024-07-22 11:23:00,MC-00314,H774270,P25,D3,closed,19.7,18.7,1045,2024-08-19,20260106T061500Z-QE24M
L24-0687,P-17014-A,A,1000,SW-05,E-0109,2024-07-19 09:14:00,2024-07-23 09:04:00,MC-00290,H694309,M25,A1,closed,33.8,34.4,980,2024-08-02,20260106T061500Z-QE24M
L24-0688,P-17789-B,B,1915,SW-08,E-0116,2024-07-19 17:01:00,2024-07-25 16:30:00,MC-00312,H560049,M35,B1,closed,67.5,65.0,1872,2024-08-21,20260106T061500Z-QE24M
L24-0689,P-11920-C,C,4950,ML-01,E-0130,2024-07-19 19:47:00,2024-08-06 14:18:00,MC-00286,H747671,N10,C2,closed,198.5,195.1,4848,2024-08-23,20260106T061500Z-QE24M
L24-0690,P-19125-B,B,985,SW-03,E-0105,2024-07-22 06:18:00,2024-07-25 15:36:00,MC-00351,H200491,M25,B1,closed,60.3,64.1,979,2024-07-30,20260106T061500Z-QE24M
L24-0691,P-18084-D,D,635,GR-03,E-0143,2024-07-22 07:00:00,2024-07-23 09:46:00,MC-00309,H299476,P25,D2,closed,11.3,11.1,632,2024-07-29,20260106T061500Z-QE24M
L24-0692,P-17849-A,A,1635,SW-02,E-0103,2024-07-22 07:47:00,2024-07-24 11:07:00,MC-00312,H560049,M35,A1,closed,37.3,43.2,1611,2024-08-21,20260106T061500Z-QE24M
L24-0693,P-13158-A,A,315,SW-01,E-0101,2024-07-22 08:42:00,2024-07-22 17:41:00,MC-00357,H716270,P25,A2,closed,9.0,7.9,311,2024-08-26,20260106T061500Z-QE24M
L24-0694,P-11909-A,A,1885,ML-05,E-0137,2024-07-22 08:43:00,2024-07-30 11:11:00,MC-00329,H491046,N10,A3,closed,104.5,105.9,1617,2024-08-12,20260106T061500Z-QE24M
L24-0695,P-14015-A,A,985,GR-02,E-0142,2024-07-22 09:00:00,2024-07-25 09:10:00,MC-00308,H786410,N10,A2,closed,25.7,25.8,983,2024-08-09,20260106T061500Z-QE24M
L24-0696,P-11584-A,A,1670,ML-06,E-0139,2024-07-22 09:33:00,2024-08-01 17:57:00,MC-00332,H761491,P25,A1,closed,144.4,244.6,1604,2024-08-23,20260106T061500Z-QE24M
L24-0697,P-10761-A,A,1195,ML-04,E-0136,2024-07-22 22:51:00,2024-07-26 11:14:00,MC-00351,H200491,M25,A2,closed,56.4,55.3,1185,2024-08-13,20260106T061500Z-QE24M
L24-0698,P-17004-D,D,1000,SW-07,E-0113,2024-07-23 06:02:00,2024-07-24 16:32:00,MC-00351,H200491,M25,D1,closed,27.5,25.5,986,2024-08-08,20260106T061500Z-QE24M
L24-0699,P-18856-A,A,995,MT-06,E-0127,2024-07-23 06:40:00,2024-07-24 21:41:00,MC-00307,H559805,P25,A2,closed,32.0,32.9,979,2024-08-19,20260106T061500Z-QE24M
L24-0700,P-14048-A,A,770,GR-01,E-0141,2024-07-23 08:29:00,2024-07-25 12:04:00,MC-00318,H945881,N10,A3,closed,20.6,20.8,757,2024-08-12,20260106T061500Z-QE24M
L24-0701,P-15376-A,A,980,SW-04,E-0107,2024-07-23 10:13:00,2024-07-24 11:25:00,MC-00313,H758576,M25,A1,closed,18.2,17.2,971,2024-08-01,20260106T061500Z-QE24M
L24-0702,P-14103-B,B,2445,MT-05,E-0126,2024-07-23 18:07:00,2024-07-26 19:49:00,MC-00309,H299476,P25,B1,closed,52.7,52.0,2399,2024-08-15,20260106T061500Z-QE24M
L24-0703,P-14108-A,A,1875,MT-01,E-0118,2024-07-23 21:06:00,2024-07-25 21:02:00,MC-00317,H213327,P25,A3,closed,33.9,34.2,1866,2024-08-19,20260106T061500Z-QE24M
L24-0704,P-17915-C,C,445,SW-07,E-0114,2024-07-24 22:10:00,2024-07-26 13:25:00,MC-00362,H367699,M35,C2,closed,25.2,26.3,444,2024-08-26,20260106T061500Z-QE24M
L24-0705,P-14196-A,A,1515,MT-02,E-0119,2024-07-25 06:48:00,2024-07-31 13:46:00,MC-00334,H876479,P25,A2,closed,75.0,72.2,1502,2024-08-28,20260106T061500Z-QE24M
L24-0706,P-16403-B,B,810,MT-04,E-0123,2024-07-25 10:48:00,2024-07-26 12:04:00,MC-00350,H276698,M25,B1,closed,18.3,17.8,774,2024-08-19,20260106T061500Z-QE24M
L24-0707,P-13149-C,C,3230,SW-05,E-0109,2024-07-25 11:25:00,2024-08-02 07:42:00,MC-00317,H213327,P25,C3,closed,98.3,100.9,3197,2024-08-26,20260106T061500Z-QE24M
L24-0708,P-18445-A,A,785,MT-03,E-0121,2024-07-25 13:33:00,2024-07-26 20:14:00,MC-00344,H543947,P25,A3,closed,23.7,23.3,774,2024-08-16,20260106T061500Z-QE24M
L24-0709,P-11033-A,A,195,ML-03,E-0133,2024-07-29 06:12:00,2024-07-29 18:07:00,MC-00349,H885045,P25,A3,closed,11.9,11.6,158,2024-09-03,20260106T061500Z-QE24M
L24-0710,P-14773-A,A,1060,SW-02,E-0103,2024-07-29 06:26:00,2024-07-30 20:32:00,MC-00346,H606636,M25,A3,closed,31.1,28.9,1054,2024-08-12,20260106T061500Z-QE24M
L24-0711,P-14524-A,A,2645,SW-01,E-0101,2024-07-29 06:33:00,2024-07-31 16:59:00,MC-00356,H214414,M25,A1,closed,44.4,44.7,2610,2024-08-16,20260106T061500Z-QE24M
L24-0712,P-13403-A,A,820,MT-05,E-0125,2024-07-29 06:53:00,2024-07-29 22:02:00,MC-00354,H707083,P25,A2,closed,15.2,15.0,806,2024-08-23,20260106T061500Z-QE24M
L24-0713,P-14566-D,D,565,SW-03,E-0105,2024-07-29 08:16:00,2024-07-29 21:15:00,MC-00356,H214414,M25,D2,closed,13.0,13.1,556,2024-08-02,20260106T061500Z-QE24M
L24-0714,P-19209-C,C,330,SW-07,E-0113,2024-07-29 08:16:00,2024-07-30 07:48:00,MC-00322,H649184,M25,C1,closed,16.5,17.1,329,2024-08-12,20260106T061500Z-QE24M
L24-0715,P-15123-A,A,345,SW-06,E-0111,2024-07-29 10:26:00,2024-07-29 17:10:00,MC-00327,H339017,P25,A1,closed,6.7,6.8,341,2024-08-29,20260106T061500Z-QE24M
L24-0716,P-12164-A,A,305,GR-03,E-0143,2024-07-29 10:31:00,2024-07-30 11:01:00,MC-00316,H392124,S15,A2,closed,9.0,8.8,302,2024-08-19,20260106T061500Z-QE24M
L24-0717,P-10607-C,C,235,ML-04,E-0135,2024-07-29 10:33:00,2024-07-30 12:56:00,MC-00356,H214414,M25,C1,closed,19.4,20.6,233,2024-08-15,20260106T061500Z-QE24M
L24-0718,P-14629-A,A,590,SW-04,E-0108,2024-07-29 17:12:00,2024-07-30 13:19:00,MC-00363,H721316,M25,A1,closed,13.1,13.3,588,2024-08-16,20260106T061500Z-QE24M
L24-0719,P-16548-D,D,2275,ML-03,E-0134,2024-07-29 18:37:00,2024-08-07 07:16:00,MC-00343,H890453,M25,D3,closed,107.6,115.3,1985,2024-08-22,20260106T061500Z-QE24M
L24-0720,P-14693-A,A,1575,SW-03,E-0106,2024-07-29 21:45:00,2024-08-02 10:50:00,MC-00372,H543247,M25,A2,closed,57.1,56.7,1544,2024-08-19,20260106T061500Z-QE24M
L24-0721,P-19433-A,A,515,MT-05,E-0126,2024-07-29 22:32:00,2024-07-31 07:25:00,MC-00331,H191584,M25,A2,closed,18.9,18.7,459,2024-08-12,20260106T061500Z-QE24M
L24-0722,P-15789-B,B,1310,GR-02,E-0142,2024-07-30 08:53:00,2024-08-05 14:21:00,MC-00325,H190121,M25,B3,closed,39.5,41.4,1283,2024-08-21,20260106T061500Z-QE24M
L24-0723,P-18234-B,B,1060,MT-06,E-0127,2024-07-30 09:21:00,2024-07-31 15:40:00,MC-00365,H869863,P25,B2,closed,23.3,21.5,1049,2024-09-03,20260106T061500Z-QE24M
L24-0724,P-10743-D,D,290,ML-05,E-0137,2024-07-30 11:41:00,2024-07-31 09:12:00,MC-00348,H632854,M25,D3,closed,14.5,16.4,287,2024-08-12,20260106T061500Z-QE24M
L24-0725,P-17469-D,D,1335,SW-02,E-0104,2024-07-30 21:02:00,2024-08-01 18:57:00,MC-00345,H656626,N10,D2,closed,31.9,33.4,1305,2024-08-19,20260106T061500Z-QE24M
L24-0726,P-16385-A,A,650,MT-03,E-0121,2024-07-31 06:06:00,2024-08-01 12:28:00,MC-00343,H890453,M25,A3,closed,23.4,23.2,645,2024-08-13,20260106T061500Z-QE24M
L24-0727,P-19461-D,D,695,MT-04,E-0123,2024-07-31 06:34:00,2024-07-31 21:44:00,MC-00331,H191584,M25,D2,closed,15.2,126.5,676,2024-08-16,20260106T061500Z-QE24M
L24-0728,P-17220-A,A,865,ML-05,E-0137,2024-07-31 09:42:00,2024-08-02 07:14:00,MC-00355,H893251,N10,A2,closed,31.5,33.5,855,2024-08-15,20260106T061500Z-QE24M
L24-0729,P-16180-A,A,845,MT-02,E-0119,2024-07-31 14:16:00,2024-08-01 18:59:00,MC-00348,H632854,M25,A2,closed,21.7,20.4,770,2024-08-16,20260106T061500Z-QE24M
L24-0730,P-18841-A,A,1775,MT-06,E-0128,2024-07-31 16:10:00,2024-08-02 20:58:00,MC-00307,H559805,P25,A1,closed,38.8,38.5,1620,2024-09-06,20260106T061500Z-QE24M
L24-0731,P-19044-A,A,1790,SW-07,E-0114,2024-07-31 21:18:00,2024-08-05 09:06:00,MC-00375,H971526,M25,A2,closed,38.8,41.5,1778,2024-08-19,20260106T061500Z-QE24M
L24-0732,P-10729-A,A,1180,ML-04,E-0135,2024-08-01 09:06:00,2024-08-05 10:57:00,MC-00363,H721316,M25,A2,closed,35.8,35.5,1153,2024-08-20,20260106T061500Z-QE24M
L24-0733,P-11557-C,C,1500,ML-06,E-0140,2024-08-01 18:27:00,2024-08-09 07:27:00,MC-00307,H559805,P25,C2,closed,91.0,97.5,1479,2024-09-09,20260106T061500Z-QE24M
L24-0734,P-17178-A,A,930,ML-05,E-0137,2024-08-02 07:44:00,2024-08-06 20:55:00,MC-00318,H945881,N10,A1,closed,47.2,44.7,922,2024-08-21,20260106T061500Z-QE24M
L24-0735,P-12878-C,C,745,MT-03,E-0121,2024-08-02 08:20:00,2024-08-05 10:21:00,MC-00332,H761491,P25,C3,closed,19.0,19.4,732,2024-08-26,20260106T061500Z-QE24M
L24-0736,P-19323-B,B,1150,MT-02,E-0119,2024-08-02 10:40:00,2024-08-06 06:53:00,MC-00331,H191584,M25,B3,closed,30.2,32.8,1143,2024-08-23,20260106T061500Z-QE24M
L24-0737,P-14827-C,C,395,SW-01,E-0101,2024-08-05 06:32:00,2024-08-05 19:20:00,MC-00379,H458199,M25,C1,closed,12.8,94.4,384,2024-08-19,20260106T061500Z-QE24M
L24-0738,P-16107-A,A,1455,ML-02,E-0131,2024-08-05 06:45:00,2024-08-12 10:36:00,MC-00379,H458199,M25,A2,closed,88.8,82.2,1422,2024-08-29,20260106T061500Z-QE24M
L24-0739,P-13214-A,A,1125,SW-03,E-0105,2024-08-05 07:40:00,2024-08-06 11:29:00,MC-00357,H716270,P25,A3,closed,20.8,20.8,1111,2024-08-30,20260106T061500Z-QE24M
L24-0740,P-14457-C,C,1115,GR-04,E-0144,2024-08-05 09:20:00,2024-08-08 13:57:00,MC-00338,H156932,P25,C1,closed,30.1,31.8,1091,2024-08-29,20260106T061500Z-QE24M
L24-0741,P-13317-A,A,910,MT-04,E-0123,2024-08-05 10:58:00,2024-08-06 20:02:00,MC-00361,H262515,P25,A3,closed,26.1,25.7,907,2024-09-09,20260106T061500Z-QE24M
L24-0742,P-12988-A,A,720,MT-03,E-0121,2024-08-06 06:15:00,2024-08-07 18:46:00,MC-00314,H774270,P25,A3,closed,29.5,27.3,710,2024-08-26,20260106T061500Z-QE24M
L24-0743,P-16180-A,A,805,MT-02,E-0119,2024-08-06 07:23:00,2024-08-07 11:13:00,MC-00348,H632854,M25,A2,closed,20.8,21.1,799,2024-08-19,20260106T061500Z-QE24M
L24-0744,P-10123-A,A,1175,GR-03,E-0143,2024-08-06 11:41:00,2024-08-14 13:49:00,MC-00340,H560087,P25,A3,closed,53.1,50.1,1161,2024-09-16,20260106T061500Z-QE24M
L24-0745,P-14966-D,D,1480,MT-05,E-0118,2024-08-06 20:25:00,2024-08-09 18:03:00,MC-00365,H869863,P25,D1,closed,48.6,48.3,1460,2024-08-26,20260106T061500Z-QE24M
L24-0746,P-10385-D,D,1070,ML-05,E-0138,2024-08-06 21:25:00,2024-08-12 19:33:00,MC-00230,H317150,P25,D3,closed,66.1,66.8,1013,2024-08-30,20260106T061500Z-QE24M
L24-0747,P-15298-A,A,540,SW-05,E-0109,2024-08-07 06:48:00,2024-08-08 07:44:00,MC-00346,H606636,M25,A3,closed,17.9,18.5,527,2024-08-22,20260106T061500Z-QE24M
L24-0748,P-10304-A,A,665,GR-02,E-0142,2024-08-07 09:29:00,2024-08-09 09:53:00,MC-00352,H748797,P25,A1,closed,17.4,17.4,650,2024-09-09,20260106T061500Z-QE24M
L24-0749,P-13431-A,A,810,MT-01,E-0117,2024-08-08 06:00:00,2024-08-09 07:07:00,MC-00383,H544902,P25,A3,closed,18.1,17.5,806,2024-08-23,20260106T061500Z-QE24M
L24-0750,P-13502-C,C,830,MT-02,E-0119,2024-08-08 07:24:00,2024-08-09 12:54:00,MC-00386,H154881,P25,C3,closed,22.5,23.5,739,2024-09-05,20260106T061500Z-QE24M
L24-0751,P-15814-B,B,3635,GR-01,E-0141,2024-08-08 12:22:00,2024-08-28 09:39:00,MC-00353,H598923,M25,B3,closed,116.3,125.9,3612,2024-09-12,20260106T061500Z-QE24M
L24-0752,P-16272-A,A,615,MT-06,E-0127,2024-08-08 13:14:00,2024-08-09 13:29:00,MC-00343,H890453,M25,A1,closed,17.2,18.1,606,2024-08-23,20260106T061500Z-QE24M
L24-0753,P-17202-A,A,1310,ML-06,E-0139,2024-08-09 07:57:00,2024-08-16 09:21:00,MC-00355,H893251,N10,A1,closed,86.4,90.2,1288,2024-08-29,20260106T061500Z-QE24M
L24-0754,P-10463-C,C,525,ML-03,E-0134,2024-08-09 17:59:00,2024-08-13 15:41:00,MC-00306,H391545,P25,C1,closed,31.7,33.5,515,2024-08-26,20260106T061500Z-QE24M
L24-0755,P-14918-A,A,1560,MT-05,E-0126,2024-08-09 18:33:00,2024-08-14 16:18:00,MC-00365,H869863,P25,A1,closed,48.8,64.3,1553,2024-08-30,20260106T061500Z-QE24M
L24-0756,P-13321-A,A,875,MT-04,E-0123,2024-08-12 06:51:00,2024-08-13 09:28:00,MC-00370,H898119,P25,A3,closed,19.6,19.8,765,2024-09-03,20260106T061500Z-QE24M
L24-0757,P-14108-A,A,1795,MT-02,E-0119,2024-08-12 07:09:00,2024-08-13 22:46:00,MC-00369,H943836,P25,A3,closed,32.6,34.0,1786,2024-09-06,20260106T061500Z-QE24M
L24-0758,P-12188-A,A,1515,GR-02,E-0142,2024-08-12 09:10:00,2024-08-21 09:29:00,MC-00366,H549614,S15,A2,closed,59.8,61.0,1510,2024-09-04,20260106T061500Z-QE24M
L24-0759,P-17077-A,A,565,ML-05,E-0138,2024-08-12 20:03:00,2024-08-14 12:52:00,MC-00318,H945881,N10,A2,closed,26.8,25.4,561,2024-08-30,20260106T061500Z-QE24M
L24-0760,P-13633-A,A,3870,GR-04,E-0144,2024-08-13 07:53:00,2024-08-23 06:44:00,MC-00391,H955958,P25,A1,closed,66.9,63.8,3861,2024-09-16,20260106T061500Z-QE24M
L24-0761,P-12828-B,B,1590,MT-04,E-0123,2024-08-13 09:58:00,2024-08-16 12:03:00,MC-00391,H955958,P25,B3,closed,53.1,50.8,1566,2024-09-06,20260106T061500Z-QE24M
L24-0762,P-11163-D,D,2200,SW-03,E-0105,2024-08-14 08:19:00,2024-08-19 10:33:00,MC-00358,H928327,M25,D2,closed,53.2,55.9,2163,2024-09-09,20260106T061500Z-QE24M
L24-0763,P-15372-B,B,295,SW-08,E-0115,2024-08-14 09:07:00,2024-08-14 19:44:00,MC-00384,H140797,M25,B2,closed,10.6,11.4,289,2024-08-27,20260106T061500Z-QE24M
L24-0764,P-14928-A,A,1380,MT-02,E-0121,2024-08-14 09:32:00,2024-08-15 14:10:00,MC-00340,H560087,P25,A3,closed,21.6,22.8,1375,2024-09-12,20260106T061500Z-QE24M
L24-0765,P-15564-A,A,515,GR-03,E-0143,2024-08-14 14:19:00,2024-08-20 09:14:00,MC-00358,H928327,M25,A1,closed,28.9,30.7,508,2024-09-09,20260106T061500Z-QE24M
L24-0766,P-14103-B,B,2425,MT-05,E-0126,2024-08-14 16:48:00,2024-08-19 18:07:00,MC-00369,H943836,P25,B1,closed,52.3,50.8,2393,2024-09-03,20260106T061500Z-QE24M
L24-0767,P-17287-A,A,705,SW-08,E-0116,2024-08-14 20:14:00,2024-08-15 14:41:00,MC-00373,H362087,N10,A3,closed,11.5,12.1,693,2024-08-27,20260106T061500Z-QE24M
L24-0768,P-17881-C,C,545,SW-01,E-0145,2024-08-15 06:39:00,2024-08-16 08:16:00,MC-00362,H367699,M35,C3,closed,18.6,19.0,536,2024-09-18,20260106T061500Z-QE24M
L24-0769,P-11045-A,A,460,ML-03,E-0134,2024-08-15 14:40:00,2024-08-19 18:33:00,MC-00367,H151614,P25,A1,closed,37.9,38.4,449,2024-09-09,20260106T061500Z-QE24M
L24-0770,P-13380-B,B,890,MT-02,E-0120,2024-08-15 14:40:00,2024-08-16 19:48:00,MC-00388,H570507,P25,B3,closed,22.1,23.5,881,2024-09-16,20260106T061500Z-QE24M
L24-0771,P-17038-D,D,1000,SW-05,E-0109,2024-08-16 06:44:00,2024-08-19 19:44:00,MC-00360,H285993,M25,D2,closed,30.0,30.6,991,2024-08-29,20260106T061500Z-QE24M
L24-0772,P-14992-A,A,1575,MT-03,E-0120,2024-08-16 15:28:00,2024-08-21 14:12:00,MC-00352,H748797,P25,A2,closed,49.7,50.3,1566,2024-09-16,20260106T061500Z-QE24M
L24-0773,P-11167-D,D,1100,SW-08,E-0116,2024-08-16 16:38:00,2024-08-20 09:39:00,MC-00371,H523123,M25,D3,closed,27.0,28.5,1075,2024-09-06,20260106T061500Z-QE24M
L24-0774,P-11984-A,A,205,ML-05,E-0138,2024-08-16 17:04:00,2024-08-19 11:16:00,MC-00286,H747671,N10,A2,closed,11.2,11.1,204,2024-09-05,20260106T061500Z-QE24M
L24-0775,P-14212-C,C,875,MT-02,E-0120,2024-08-16 20:18:00,2024-08-19 22:12:00,MC-00369,H943836,P25,C2,closed,18.9,19.6,866,2024-09-16,20260106T061500Z-QE24M
L24-0776,P-17389-B,B,400,SW-06,E-0111,2024-08-19 13:30:00,2024-08-20 10:14:00,MC-00373,H362087,N10,B1,closed,13.7,14.3,393,2024-09-03,20260106T061500Z-QE24M
L24-0777,P-16760-D,D,585,ML-04,E-0135,2024-08-19 13:55:00,2024-08-21 07:29:00,MC-00338,H156932,P25,D3,closed,27.6,25.9,584,2024-09-05,20260106T061500Z-QE24M
L24-0778,P-16183-C,C,1140,MT-05,E-0126,2024-08-19 18:37:00,2024-08-21 08:20:00,MC-00377,H328270,M25,C2,closed,23.7,23.9,1132,2024-09-05,20260106T061500Z-QE24M
L24-0779,P-11909-A,A,1970,ML-03,E-0134,2024-08-19 19:03:00,2024-08-28 09:06:00,MC-00389,H913315,N10,A3,closed,109.1,109.5,1607,2024-09-13,20260106T061500Z-QE24M
L24-0780,P-12594-C,C,725,SW-05,E-0110,2024-08-19 20:14:00,2024-08-20 22:11:00,MC-00374,H681294,M35,C2,closed,18.9,18.7,724,2024-09-18,20260106T061500Z-QE24M
L24-0781,P-16180-A,A,765,MT-02,E-0120,2024-08-19 22:42:00,2024-08-21 08:39:00,MC-00377,H328270,M25,A2,closed,20.0,20.5,761,2024-09-09,20260106T061500Z-QE24M
L24-0782,P-10711-C,C,390,ML-02,E-0131,2024-08-20 06:01:00,2024-08-21 07:14:00,MC-00381,H793072,M25,C1,closed,18.2,18.6,385,2024-08-30,20260106T061500Z-QE24M
L24-0783,P-13711-B,B,500,GR-03,E-0143,2024-08-20 09:44:00,2024-08-21 13:39:00,MC-00376,H531643,P25,B3,closed,12.4,12.6,493,2024-09-09,20260106T061500Z-QE24M
L24-0784,P-17532-A,A,805,SW-08,E-0115,2024-08-20 10:09:00,2024-08-22 14:26:00,MC-00384,H140797,M25,A3,closed,38.3,38.4,751,2024-09-09,20260106T061500Z-QE24M
L24-0785,P-14989-D,D,1390,MT-01,E-0126,2024-08-20 17:28:00,2024-08-22 14:03:00,MC-00364,H509193,P25,D3,closed,30.6,31.5,1348,2024-09-11,20260106T061500Z-QE24M
L24-0786,P-15261-A,A,880,SW-06,E-0112,2024-08-20 22:40:00,2024-08-22 06:28:00,MC-00364,H509193,P25,A1,closed,17.8,15.3,869,2024-09-09,20260106T061500Z-QE24M
L24-0787,P-11320-D,D,1060,SW-05,E-0110,2024-08-20 22:41:00,2024-08-22 07:04:00,MC-00401,H866894,M25,D3,closed,18.4,18.7,971,2024-09-09,20260106T061500Z-QE24M
L24-0788,P-13369-A,A,850,MT-02,E-0119,2024-08-21 09:09:00,2024-08-22 15:25:00,MC-00392,H690629,P25,A2,closed,23.3,23.1,842,2024-09-16,20260106T061500Z-QE24M
L24-0789,P-13806-A,A,1665,GR-02,E-0142,2024-08-21 09:59:00,2024-08-29 07:46:00,MC-00391,H955958,P25,A2,closed,48.8,51.1,1658,2024-09-24,20260106T061500Z-QE24M
L24-0790,P-11282-A,A,1095,SW-02,E-0103,2024-08-21 10:51:00,2024-08-22 12:54:00,MC-00353,H598923,M25,A2,closed,19.1,79.1,1079,2024-09-09,20260106T061500Z-QE24M
L24-0791,P-14257-A,A,1925,GR-03,E-0143,2024-08-21 14:09:00,2024-08-30 07:04:00,MC-00359,H748437,P25,A2,closed,52.4,54.6,1821,2024-09-30,20260106T061500Z-QE24M
L24-0792,P-12016-A,A,870,ML-02,E-0132,2024-08-21 19:38:00,2024-08-26 20:39:00,MC-00393,H670867,N10,A1,closed,52.0,54.1,855,2024-09-06,20260106T061500Z-QE24M
L24-0793,P-18353-B,B,645,MT-04,E-0123,2024-08-22 10:39:00,2024-08-23 07:56:00,MC-00368,H967938,P25,B1,closed,14.3,13.8,637,2024-09-19,20260106T061500Z-QE24M
L24-0794,P-13483-A,A,885,MT-01,E-0118,2024-08-22 19:40:00,2024-08-23 20:16:00,MC-00404,H716152,P25,A1,closed,17.6,15.2,881,2024-09-23,20260106T061500Z-QE24M
L24-0795,P-13675-A,A,1880,GR-04,E-0144,2024-08-23 07:14:00,2024-08-29 07:16:00,MC-00359,H748437,P25,A3,closed,34.0,35.1,1862,2024-09-23,20260106T061500Z-QE24M
L24-0796,P-17732-C,C,1270,SW-02,E-0103,2024-08-23 09:40:00,2024-08-28 09:17:00,MC-00378,H519901,M25,C1,closed,50.6,46.0,1265,2024-09-16,20260106T061500Z-QE24M
L24-0797,P-16464-B,B,775,MT-03,E-0121,2024-08-23 09:42:00,2024-08-26 14:02:00,MC-00396,H191623,M25,B1,closed,21.3,22.9,774,2024-09-10,20260106T061500Z-QE24M
L24-0798,P-14168-B,B,925,MT-02,E-0119,2024-08-23 13:32:00,2024-08-27 06:35:00,MC-00394,H329871,P25,B3,closed,27.1,28.2,920,2024-09-18,20260106T061500Z-QE24M
L24-0799,P-14117-A,A,1130,MT-04,E-0124,2024-08-23 22:59:00,2024-08-28 22:27:00,MC-00394,H329871,P25,A3,closed,50.5,54.4,1124,2024-09-23,20260106T061500Z-QE24M
L24-0800,P-17014-A,A,1000,SW-04,E-0107,2024-08-26 06:24:00,2024-08-28 06:14:00,MC-00397,H267459,M25,A1,closed,33.8,34.4,971,2024-09-11,20260106T061500Z-QE24M
L24-0801,P-18589-A,A,5050,MT-05,E-0125,2024-08-26 06:32:00,2024-09-04 18:38:00,MC-00344,H543947,P25,A2,closed,114.1,110.8,4986,2024-09-19,20260106T061500Z-QE24M
L24-0802,P-19228-C,C,1580,SW-03,E-0105,2024-08-26 08:10:00,2024-08-28 17:43:00,MC-00385,H794424,M25,C2,closed,43.6,41.9,1544,2024-09-12,20260106T061500Z-QE24M
L24-0803,P-11226-C,C,1620,SW-07,E-0113,2024-08-26 08:16:00,2024-08-28 20:28:00,MC-00396,H191623,M25,C1,closed,46.2,46.1,1589,2024-09-06,20260106T061500Z-QE24M
L24-0804,P-18153-B,B,670,GR-01,E-0141,2024-08-28 10:09:00,2024-08-30 09:00:00,MC-00400,H637487,P25,B1,closed,15.8,15.8,666,2024-09-16,20260106T061500Z-QE24M
L24-0805,P-14159-A,A,285,MT-01,E-0146,2024-08-28 12:50:00,2024-08-29 06:37:00,MC-00334,H876479,P25,A3,closed,10.8,10.9,281,2024-09-09,20260106T061500Z-QE24M
L24-0806,P-11462-A,A,820,ML-05,E-0137,2024-08-29 06:43:00,2024-09-03 09:12:00,MC-00390,H567250,P25,A3,closed,36.5,35.7,746,2024-09-30,20260106T061500Z-QE24M
L24-0807,P-14300-D,D,905,GR-04,E-0144,2024-08-29 07:46:00,2024-09-05 07:05:00,MC-00390,H567250,P25,D3,closed,33.3,35.5,902,2024-10-01,20260106T061500Z-QE24M
L24-0808,P-15763-A,A,1475,GR-02,E-0142,2024-08-29 08:16:00,2024-09-06 09:20:00,MC-00399,H127859,M25,A2,closed,43.6,44.4,1457,2024-09-20,20260106T061500Z-QE24M
L24-0809,P-17609-A,A,455,SW-03,E-0105,2024-08-29 08:45:00,2024-08-30 09:14:00,MC-00378,H519901,M25,A1,closed,17.5,18.7,448,2024-09-17,20260106T061500Z-QE24M
L24-0810,P-16870-A,A,320,ML-02,E-0131,2024-08-29 09:19:00,2024-08-30 15:06:00,MC-00390,H567250,P25,A3,closed,22.8,23.8,319,2024-09-16,20260106T061500Z-QE24M
L24-0811,P-16150-B,B,670,ML-04,E-0135,2024-08-29 09:54:00,2024-09-03 10:50:00,MC-00378,H519901,M25,B2,closed,34.9,35.7,668,2024-09-19,20260106T061500Z-QE24M
L24-0812,P-16180-A,A,750,MT-02,E-0119,2024-08-29 12:24:00,2024-08-30 15:02:00,MC-00380,H854490,M25,A2,closed,19.6,19.4,749,2024-09-13,20260106T061500Z-QE24M
L24-0813,P-11962-A,A,500,ML-01,E-0130,2024-08-29 15:01:00,2024-09-03 11:56:00,MC-00393,H670867,N10,A3,closed,30.9,29.9,493,2024-09-23,20260106T061500Z-QE24M
L24-0814,P-16571-D,D,925,ML-06,E-0140,2024-08-29 22:52:00,2024-09-04 16:02:00,MC-00371,H523123,M25,D3,closed,44.2,47.3,924,2024-09-18,20260106T061500Z-QE24M
L24-0815,P-12065-A,A,995,GR-03,E-0143,2024-08-30 07:34:00,2024-09-04 08:49:00,MC-00366,H549614,S15,A2,closed,18.3,18.2,985,2024-09-19,20260106T061500Z-QE24M
L24-0816,P-14952-A,A,1415,MT-03,E-0125,2024-08-30 08:06:00,2024-09-05 09:09:00,MC-00405,H101945,P25,A1,closed,52.1,50.6,1403,2024-09-30,20260106T061500Z-QE24M
L24-0817,P-13994-A,A,355,GR-01,E-0141,2024-08-30 09:30:00,2024-09-05 07:42:00,MC-00398,H706127,N10,A2,closed,23.7,24.7,350,2024-09-24,20260106T061500Z-QE24M
L24-0818,P-13174-A,A,955,SW-03,E-0146,2024-08-30 09:44:00,2024-09-05 10:27:00,MC-00400,H637487,P25,A3,closed,51.7,48.0,951,2024-10-07,20260106T061500Z-QE24M
L24-0819,P-11930-A,A,570,ML-02,E-0132,2024-08-30 15:36:00,2024-09-04 11:41:00,MC-00393,H670867,N10,A1,closed,30.1,32.7,560,2024-09-09,20260106T061500Z-QE24M
L24-0820,P-15211-C,C,1425,SW-01,E-0101,2024-09-03 06:27:00,2024-09-06 14:59:00,MC-00405,H101945,P25,C3,closed,59.5,59.9,1388,2024-10-04,20260106T061500Z-QE24M
L24-0821,P-14872-A,A,495,SW-06,E-0111,2024-09-03 07:32:00,2024-09-03 20:55:00,MC-00384,H140797,M25,A1,closed,13.4,12.6,494,2024-09-18,20260106T061500Z-QE24M
L24-0822,P-11265-A,A,1065,SW-08,E-0115,2024-09-03 08:01:00,2024-09-04 08:13:00,MC-00371,H523123,M25,A1,closed,17.2,15.5,1056,2024-09-20,20260106T061500Z-QE24M
L24-0823,P-11329-A,A,1165,SW-02,E-0103,2024-09-03 10:16:00,2024-09-05 09:57:00,MC-00422,H822990,M25,A2,closed,33.7,35.8,1153,2024-09-18,20260106T061500Z-QE24M
L24-0824,P-14134-A,A,1490,MT-04,E-0123,2024-09-03 10:48:00,2024-09-05 08:07:00,MC-00357,H716270,P25,A1,closed,31.3,31.2,1471,2024-09-20,20260106T061500Z-QE24M
L24-0825,P-18968-A,A,1265,SW-06,E-0112,2024-09-03 21:25:00,2024-09-06 12:26:00,MC-00402,H102766,M25,A2,closed,42.0,45.2,1236,2024-09-20,20260106T061500Z-QE24M
L24-0826,P-13648-A,A,2565,GR-03,E-0143,2024-09-04 09:19:00,2024-09-13 13:06:00,MC-00403,H417846,P25,A3,closed,63.3,60.0,2527,2024-10-07,20260106T061500Z-QE24M
L24-0827,P-12777-A,A,465,SW-05,E-0109,2024-09-04 09:38:00,2024-09-05 07:06:00,MC-00312,H560049,M35,A1,closed,14.5,14.9,340,2024-09-10,20260106T061500Z-QE24M
L24-0828,P-13267-B,B,970,SW-04,E-0108,2024-09-04 16:14:00,2024-09-05 22:46:00,MC-00357,H716270,P25,B2,closed,23.5,25.2,963,2024-09-24,20260106T061500Z-QE24M
L24-0829,P-17004-D,D,1000,SW-07,E-0114,2024-09-04 20:25:00,2024-09-06 13:55:00,MC-00397,H267459,M25,D1,closed,27.5,27.9,995,2024-09-23,20260106T061500Z-QE24M
L24-0830,P-13976-B,B,870,GR-04,E-0144,2024-09-05 07:35:00,2024-09-10 11:19:00,MC-00398,H706127,N10,B3,closed,29.2,30.8,857,2024-09-26,20260106T061500Z-QE24M
L24-0831,P-15552-A,A,1265,GR-01,E-0141,2024-09-05 08:12:00,2024-09-10 08:41:00,MC-00409,H557290,M25,A1,closed,26.0,26.3,1255,2024-09-24,20260106T061500Z-QE24M
L24-0832,P-19137-C,C,1830,SW-03,E-0105,2024-09-05 10:57:00,2024-09-11 13:21:00,MC-00406,H561446,M25,C3,closed,70.4,70.6,1632,2024-09-30,20260106T061500Z-QE24M
L24-0833,P-16524-A,A,1590,ML-06,E-0140,2024-09-05 15:26:00,2024-09-11 16:41:00,MC-00409,H557290,M25,A1,closed,69.2,67.2,1581,2024-09-27,20260106T061500Z-QE24M
L24-0834,P-18327-D,D,1660,MT-02,E-0120,2024-09-05 16:16:00,2024-09-10 07:50:00,MC-00408,H236792,P25,D1,closed,42.6,41.7,1388,2024-10-11,20260106T061500Z-QE24M
L24-0835,P-14108-A,A,1855,MT-06,E-0127,2024-09-06 06:07:00,2024-09-09 22:44:00,MC-00400,H637487,P25,A3,closed,33.6,34.4,1842,2024-10-03,20260106T061500Z-QE24M
L24-0836,P-16423-C,C,875,MT-05,E-0125,2024-09-06 07:39:00,2024-09-10 08:26:00,MC-00409,H557290,M25,C3,closed,34.8,34.9,872,2024-09-30,20260106T061500Z-QE24M
L24-0837,P-11681-A,A,715,ML-05,E-0137,2024-09-06 08:16:00,2024-09-10 19:13:00,MC-00366,H549614,S15,A3,closed,44.9,40.7,710,2024-09-23,20260106T061500Z-QE24M
L24-0838,P-18065-A,A,1205,GR-02,E-0142,2024-09-06 09:50:00,2024-09-11 10:38:00,MC-00416,H688731,P25,A2,closed,26.3,25.0,1197,2024-09-30,20260106T061500Z-QE24M
L24-0839,P-10923-A,A,3090,ML-02,E-0131,2024-09-09 07:25:00,2024-09-20 09:20:00,MC-00418,H781362,P25,A2,closed,154.9,158.5,3050,2024-10-14,20260106T061500Z-QE24M
L24-0840,P-11253-B,B,2325,SW-07,E-0113,2024-09-09 07:58:00,2024-09-16 07:44:00,MC-00422,H822990,M25,B1,closed,84.8,86.5,2280,2024-09-18,20260106T061500Z-QE24M
L24-0841,P-11201-A,A,1025,SW-08,E-0115,2024-09-09 08:14:00,2024-09-10 18:29:00,MC-00409,H557290,M25,A3,closed,27.3,24.6,995,2024-09-23,20260106T061500Z-QE24M
L24-0842,P-15057-A,A,1485,SW-05,E-0109,2024-09-09 08:45:00,2024-09-11 13:08:00,MC-00368,H967938,P25,A3,closed,38.4,39.5,1451,2024-10-03,20260106T061500Z-QE24M
L24-0843,P-15861-B,B,3760,ML-03,E-0133,2024-09-09 10:09:00,2024-09-24 09:08:00,MC-00387,H742840,M25,B2,closed,186.0,169.9,3227,2024-10-07,20260106T061500Z-QE24M
L24-0844,P-12004-A,A,910,ML-04,E-0135,2024-09-09 10:28:00,2024-09-12 06:18:00,MC-00276,H769793,N10,A1,closed,46.8,47.4,907,2024-09-27,20260106T061500Z-QE24M
L24-0845,P-14909-A,A,1070,SW-06,E-0111,2024-09-10 08:01:00,2024-09-12 07:52:00,MC-00414,H981431,M25,A2,closed,33.9,37.3,1052,2024-09-19,20260106T061500Z-QE24M
L24-0846,P-11502-A,A,3465,ML-05,E-0138,2024-09-10 19:43:00,2024-09-25 18:12:00,MC-00376,H531643,P25,A1,closed,185.5,209.5,3351,2024-10-21,20260106T061500Z-QE24M
L24-0847,P-12861-C,C,1655,MT-05,E-0126,2024-09-10 21:33:00,2024-09-12 22:33:00,MC-00382,H254450,P25,C2,closed,35.0,87.7,1628,2024-10-07,20260106T061500Z-QE24M
L24-0848,P-11373-D,D,260,ML-06,E-0140,2024-09-11 17:11:00,2024-09-12 21:00:00,MC-00403,H417846,P25,D2,closed,20.8,20.5,256,2024-10-07,20260106T061500Z-QE24M
L24-0849,P-16180-A,A,860,MT-02,E-0119,2024-09-12 09:17:00,2024-09-13 14:21:00,MC-00406,H561446,M25,A2,closed,22.1,20.0,857,2024-10-02,20260106T061500Z-QE24M
L24-0850,P-10567-A,A,410,ML-01,E-0129,2024-09-12 11:31:00,2024-09-13 19:06:00,MC-00412,H169467,P25,A2,closed,24.6,23.6,405,2024-09-30,20260106T061500Z-QE24M
L24-0851,P-11441-A,A,1005,ML-06,E-0140,2024-09-12 21:30:00,2024-09-17 20:54:00,MC-00382,H254450,P25,A3,closed,50.4,51.3,983,2024-10-01,20260106T061500Z-QE24M
L24-0852,P-16637-A,A,490,ML-04,E-0136,2024-09-12 22:38:00,2024-09-16 10:30:00,MC-00413,H108760,M25,A3,closed,21.9,23.2,480,2024-10-04,20260106T061500Z-QE24M
L24-0853,P-18604-C,C,1595,MT-05,E-0126,2024-09-13 17:20:00,2024-09-17 15:18:00,MC-00412,H169467,P25,C2,closed,32.0,31.7,1587,2024-09-30,20260106T061500Z-QE24M
L24-0854,P-14719-A,A,1235,SW-01,E-0147,2024-09-13 20:33:00,2024-09-17 20:50:00,MC-00414,H981431,M25,A2,closed,34.3,38.6,1221,2024-09-30,20260106T061500Z-QE24M
L24-0855,P-10653-D,D,280,ML-01,E-0129,2024-09-16 06:21:00,2024-09-17 08:21:00,MC-00420,H255372,M25,D2,closed,19.0,20.0,213,2024-10-01,20260106T061500Z-QE24M
L24-0856,P-12589-C,C,750,SW-03,E-0105,2024-09-16 07:11:00,2024-09-17 10:34:00,MC-00419,H693877,M35,C1,closed,20.4,21.1,736,2024-10-11,20260106T061500Z-QE24M
L24-0857,P-13403-A,A,860,MT-04,E-0123,2024-09-16 08:31:00,2024-09-17 07:16:00,MC-00441,H968114,P25,A2,closed,15.8,16.6,842,2024-10-08,20260106T061500Z-QE24M
L24-0858,P-14275-A,A,1210,GR-03,E-0143,2024-09-16 09:16:00,2024-09-20 09:20:00,MC-00403,H417846,P25,A2,closed,34.1,34.6,1196,2024-10-07,20260106T061500Z-QE24M
L24-0859,P-15642-A,A,705,GR-04,E-0144,2024-09-16 09:19:00,2024-09-19 06:40:00,MC-00422,H822990,M25,A1,closed,22.9,22.5,697,2024-10-08,20260106T061500Z-QE24M
L24-0860,P-14391-C,C,590,GR-01,E-0141,2024-09-16 09:21:00,2024-09-17 13:41:00,MC-00391,H955958,P25,C3,closed,12.8,12.6,587,2024-10-09,20260106T061500Z-QE24M
L24-0861,P-14421-C,C,705,GR-02,E-0146,2024-09-16 10:17:00,2024-09-19 08:56:00,MC-00407,H855051,P25,C3,closed,24.1,24.5,698,2024-10-21,20260106T061500Z-QE24M
L24-0862,P-16147-A,A,835,ML-04,E-0135,2024-09-16 11:00:00,2024-09-18 13:24:00,MC-00387,H742840,M25,A3,closed,36.4,32.7,835,2024-10-04,20260106T061500Z-QE24M
L24-0863,P-10967-A,A,1225,ML-01,E-0129,2024-09-17 08:51:00,2024-09-24 16:16:00,MC-00415,H855883,P25,A2,closed,92.4,86.5,1218,2024-10-25,20260106T061500Z-QE24M
L24-0864,P-17014-A,A,1000,SW-03,E-0105,2024-09-17 11:04:00,2024-09-19 10:54:00,MC-00420,H255372,M25,A1,closed,33.8,33.5,988,2024-09-30,20260106T061500Z-QE24M
L24-0865,P-11909-A,A,1795,ML-06,E-0148,2024-09-17 21:24:00,2024-09-25 19:02:00,MC-00393,H670867,N10,A3,closed,99.6,94.9,1773,2024-10-14,20260106T061500Z-QE24M
L24-0866,P-14196-A,A,1415,MT-02,E-0146,2024-09-18 07:30:00,2024-09-24 09:43:00,MC-00395,H609020,P25,A2,closed,70.2,67.2,1401,2024-10-21,20260106T061500Z-QE24M
L24-0867,P-13317-A,A,960,MT-04,E-0123,2024-09-18 08:12:00,2024-09-19 18:31:00,MC-00427,H650498,P25,A3,closed,27.3,26.2,944,2024-10-14,20260106T061500Z-QE24M
L24-0868,P-15885-A,A,700,ML-04,E-0135,2024-09-18 13:54:00,2024-09-20 09:58:00,MC-00414,H981431,M25,A2,closed,30.1,30.8,694,2024-10-14,20260106T061500Z-QE24M
L24-0869,P-11163-D,D,2200,SW-02,E-0104,2024-09-18 15:03:00,2024-09-23 17:17:00,MC-00424,H240162,M25,D2,closed,53.2,50.2,2169,2024-10-14,20260106T061500Z-QE24M
L24-0870,P-16352-D,D,1470,MT-01,E-0118,2024-09-18 15:39:00,2024-09-23 20:48:00,MC-00410,H312899,M25,D2,closed,56.2,55.5,1453,2024-10-07,20260106T061500Z-QE24M
L24-0871,P-11301-A,A,1030,SW-08,E-0115,2024-09-19 09:24:00,2024-09-20 12:13:00,MC-00413,H108760,M25,A3,closed,19.8,21.3,1011,2024-10-07,20260106T061500Z-QE24M
L24-0872,P-14350-D,D,1345,GR-02,E-0142,2024-09-19 09:26:00,2024-09-27 10:58:00,MC-00407,H855051,P25,D1,closed,52.5,51.9,1337,2024-10-18,20260106T061500Z-QE24M
L24-0873,P-12515-B,B,1340,MT-06,E-0127,2024-09-20 06:11:00,2024-09-25 14:01:00,MC-00407,H855051,P25,B2,closed,58.8,58.2,1329,2024-10-23,20260106T061500Z-QE24M
L24-0874,P-16229-A,A,2505,MT-05,E-0125,2024-09-20 08:45:00,2024-09-25 14:36:00,MC-00425,H359741,M25,A2,closed,56.9,60.1,2426,2024-10-10,20260106T061500Z-QE24M
L24-0875,P-18413-C,C,1655,MT-03,E-0121,2024-09-20 08:55:00,2024-09-24 16:16:00,MC-00415,H855883,P25,C3,closed,41.3,39.9,1628,2024-10-28,20260106T061500Z-QE24M
L24-0876,P-15986-A,A,1095,ML-02,E-0131,2024-09-20 09:50:00,2024-09-25 10:45:00,MC-00437,H675675,M25,A3,closed,51.9,48.4,1090,2024-10-08,20260106T061500Z-QE24M
L24-0877,P-11950-A,A,925,ML-04,E-0135,2024-09-20 10:28:00,2024-09-24 09:59:00,MC-00417,H776709,N10,A3,closed,33.5,33.4,921,2024-10-07,20260106T061500Z-QE24M
L24-0878,P-13149-C,C,3380,SW-08,E-0115,2024-09-20 12:43:00,2024-09-30 13:26:00,MC-00423,H669428,P25,C3,closed,102.7,98.4,3340,2024-10-23,20260106T061500Z-QE24M
L24-0879,P-18380-A,A,1280,MT-04,E-0123,2024-09-23 08:57:00,2024-09-25 09:32:00,MC-00418,H781362,P25,A2,closed,34.6,164.2,1263,2024-10-10,20260106T061500Z-QE24M
L24-0880,P-11347-A,A,1020,SW-03,E-0105,2024-09-23 10:08:00,2024-09-25 07:01:00,MC-00454,H557963,M25,A3,closed,30.9,29.6,1003,2024-10-14,20260106T061500Z-QE24M
L24-0881,P-15206-A,A,205,SW-05,E-0109,2024-09-23 10:45:00,2024-09-23 21:43:00,MC-00418,H781362,P25,A2,closed,11.0,11.2,195,2024-10-11,20260106T061500Z-QE24M
L24-0882,P-12565-B,B,1555,SW-04,E-0107,2024-09-23 11:50:00,2024-09-25 17:07:00,MC-00419,H693877,M35,B2,closed,39.3,38.2,1537,2024-10-21,20260106T061500Z-QE24M
L24-0883,P-18642-D,D,540,MT-01,E-0118,2024-09-23 21:18:00,2024-09-24 20:54:00,MC-00306,H391545,P25,D2,closed,16.6,17.2,535,2024-10-07,20260106T061500Z-QE24M
L24-0884,P-16839-B,B,2800,ML-03,E-0146,2024-09-24 09:38:00,2024-10-02 19:50:00,MC-00421,H664540,P25,B1,closed,112.2,113.7,2627,2024-10-18,20260106T061500Z-QE24M
L24-0885,P-14855-D,D,1275,SW-05,E-0109,2024-09-24 09:40:00,2024-09-25 15:51:00,MC-00387,H742840,M25,D1,closed,23.2,22.9,1267,2024-10-09,20260106T061500Z-QE24M
L24-0886,P-16209-A,A,1790,MT-02,E-0119,2024-09-24 10:13:00,2024-09-26 11:44:00,MC-00434,H466662,M25,A2,closed,35.5,39.2,1759,2024-10-14,20260106T061500Z-QE24M
L24-0887,P-11923-A,A,1100,ML-04,E-0135,2024-09-24 10:29:00,2024-09-27 07:24:00,MC-00417,H776709,N10,A3,closed,47.9,48.9,1086,2024-10-11,20260106T061500Z-QE24M
L24-0888,P-11072-B,B,505,ML-01,E-0130,2024-09-24 16:46:00,2024-09-26 13:23:00,MC-00415,H855883,P25,B3,closed,30.6,29.1,497,2024-10-18,20260106T061500Z-QE24M
L24-0889,P-14103-B,B,2280,MT-03,E-0122,2024-09-24 16:46:00,2024-09-27 15:07:00,MC-00423,H669428,P25,B1,closed,49.4,49.4,2239,2024-10-15,20260106T061500Z-QE24M
L24-0890,P-12828-B,B,1460,MT-01,E-0118,2024-09-24 21:24:00,2024-09-27 19:23:00,MC-00426,H619641,P25,B3,closed,49.0,53.8,1447,2024-10-21,20260106T061500Z-QE24M
L24-0891,P-19426-D,D,1000,MT-04,E-0123,2024-09-25 10:02:00,2024-09-26 10:32:00,MC-00387,H742840,M25,D2,closed,17.5,16.9,995,2024-10-09,20260106T061500Z-QE24M
L24-0892,P-12023-C,C,2675,ML-02,E-0131,2024-09-25 11:15:00,2024-10-10 20:18:00,MC-00428,H152699,N10,C2,closed,196.0,193.2,2663,2024-10-28,20260106T061500Z-QE24M
L24-0893,P-12558-A,A,455,MT-06,E-0128,2024-09-25 14:31:00,2024-09-26 07:44:00,MC-00407,H855051,P25,A1,closed,10.2,10.6,406,2024-10-14,20260106T061500Z-QE24M
L24-0894,P-14140-A,A,980,MT-05,E-0126,2024-09-25 15:06:00,2024-09-27 16:27:00,MC-00416,H688731,P25,A3,closed,35.3,34.2,971,2024-10-18,20260106T061500Z-QE24M
L24-0895,P-11381-A,A,490,ML-05,E-0138,2024-09-25 18:42:00,2024-09-27 08:12:00,MC-00421,H664540,P25,A2,closed,23.5,23.8,485,2024-10-22,20260106T061500Z-QE24M
L24-0896,P-11856-B,B,1680,ML-06,E-0140,2024-09-25 19:32:00,2024-10-03 09:51:00,MC-00432,H964184,S15,B3,closed,92.3,92.7,1661,2024-10-15,20260106T061500Z-QE24M
L24-0897,P-16180-A,A,840,MT-02,E-0119,2024-09-26 12:14:00,2024-09-27 16:51:00,MC-00429,H517032,M25,A2,closed,21.6,21.6,833,2024-10-14,20260106T061500Z-QE24M
L24-0898,P-15926-A,A,825,ML-01,E-0129,2024-09-26 13:53:00,2024-09-30 07:38:00,MC-00437,H675675,M25,A2,closed,27.7,28.2,786,2024-10-18,20260106T061500Z-QE24M
L24-0899,P-15401-A,A,975,SW-02,E-0104,2024-09-26 18:31:00,2024-09-30 07:50:00,MC-00437,H675675,M25,A3,closed,23.3,23.2,961,2024-10-02,20260106T061500Z-QE24M
L24-0900,P-11724-A,A,1340,ML-05,E-0137,2024-09-27 08:42:00,2024-10-02 21:53:00,MC-00411,H220823,S15,A2,closed,64.2,68.7,1191,2024-10-17,20260106T061500Z-QE24M
L24-0901,P-16788-A,A,405,ML-04,E-0136,2024-09-27 16:17:00,2024-09-30 18:09:00,MC-00426,H619641,P25,A3,closed,18.9,19.2,399,2024-10-17,20260106T061500Z-QE24M
L24-0902,P-14992-A,A,1615,MT-05,E-0118,2024-09-27 16:57:00,2024-10-02 16:52:00,MC-00440,H613854,P25,A2,closed,50.9,53.4,1609,2024-10-28,20260106T061500Z-QE24M
L24-0903,P-11173-A,A,2425,SW-01,E-0102,2024-09-27 19:52:00,2024-10-02 20:46:00,MC-00447,H315187,M25,A3,closed,51.9,56.3,2410,2024-10-21,20260106T061500Z-QE24M
L24-0904,P-18488-C,C,1105,MT-02,E-0119,2024-09-30 06:14:00,2024-10-01 08:04:00,MC-00433,H582898,P25,C3,closed,18.8,110.0,1094,2024-10-10,20260106T061500Z-QE24M
L24-0905,P-17004-D,D,1000,SW-03,E-0105,2024-09-30 07:47:00,2024-10-01 18:17:00,MC-00461,H308309,M25,D1,closed,27.5,24.5,995,2024-10-18,20260106T061500Z-QE24M
L24-0906,P-14371-D,D,1510,GR-01,E-0141,2024-09-30 08:33:00,2024-10-04 09:46:00,MC-00435,H770003,P25,D3,closed,35.2,34.6,1505,2024-11-01,20260106T061500Z-QE24M
L24-0907,P-13357-A,A,1240,MT-01,E-0117,2024-09-30 10:05:00,2024-10-01 16:45:00,MC-00444,H352380,P25,A3,closed,23.7,21.2,1219,2024-11-01,20260106T061500Z-QE24M
L24-0908,P-18988-B,B,1000,SW-05,E-0109,2024-09-30 12:34:00,2024-10-01 13:24:00,MC-00462,H493024,M25,B1,closed,17.8,16.7,995,2024-10-14,20260106T061500Z-QE24M
L24-0909,P-14928-A,A,1555,MT-03,E-0125,2024-10-01 06:39:00,2024-10-02 13:39:00,MC-00453,H714004,P25,A3,closed,24.0,25.7,1551,2024-10-21,20260106T061500Z-QE24M
L24-0910,P-13431-A,A,890,MT-02,E-0119,2024-10-01 08:34:00,2024-10-02 11:11:00,MC-00452,H511399,P25,A3,closed,19.6,18.6,889,2024-10-21,20260106T061500Z-QE24M
L24-0911,P-16912-A,A,795,ML-01,E-0129,2024-10-01 10:15:00,2024-10-03 15:02:00,MC-00451,H961971,P25,A3,closed,38.8,40.5,782,2024-10-25,20260106T061500Z-QE24M
L24-0912,P-14175-A,A,715,MT-06,E-0128,2024-10-01 16:45:00,2024-10-03 13:23:00,MC-00395,H609020,P25,A3,closed,30.6,30.2,703,2024-10-30,20260106T061500Z-QE24M
L24-0913,P-13755-A,A,320,GR-02,E-0142,2024-10-02 06:18:00,2024-10-03 07:22:00,MC-00421,H664540,P25,A2,closed,9.6,9.5,319,2024-10-24,20260106T061500Z-QE24M
L24-0914,P-17038-D,D,1000,SW-05,E-0109,2024-10-02 06:24:00,2024-10-03 19:24:00,MC-00429,H517032,M25,D2,closed,30.0,32.5,987,2024-10-18,20260106T061500Z-QE24M
L24-0915,P-13307-B,B,840,MT-04,E-0123,2024-10-02 09:01:00,2024-10-03 15:02:00,MC-00431,H552969,P25,B2,closed,23.0,22.8,731,2024-10-28,20260106T061500Z-QE24M
L24-0916,P-13458-B,B,895,MT-05,E-0126,2024-10-02 17:22:00,2024-10-03 12:19:00,MC-00457,H987926,P25,B3,closed,11.9,11.9,886,2024-10-23,20260106T061500Z-QE24M
L24-0917,P-11437-B,B,325,ML-05,E-0138,2024-10-02 22:23:00,2024-10-04 06:53:00,MC-00430,H590399,P25,B1,closed,18.5,18.7,244,2024-10-08,20260106T061500Z-QE24M
L24-0918,P-11625-A,A,480,ML-06,E-0139,2024-10-03 10:21:00,2024-10-04 10:21:00,MC-00432,H964184,S15,A3,closed,17.0,16.8,472,2024-10-22,20260106T061500Z-QE24M
L24-0919,P-15298-A,A,585,SW-05,E-0110,2024-10-03 19:54:00,2024-10-04 22:05:00,MC-00439,H748455,M25,A3,closed,19.2,18.9,578,2024-10-25,20260106T061500Z-QE24M
L24-0920,P-12947-A,A,1035,MT-02,E-0119,2024-10-04 09:40:00,2024-10-07 19:18:00,MC-00451,H961971,P25,A1,closed,26.6,26.7,1014,2024-10-25,20260106T061500Z-QE24M
L24-0921,P-16107-A,A,1465,ML-06,E-0139,2024-10-04 10:51:00,2024-10-11 15:17:00,MC-00443,H210308,M25,A2,closed,89.4,97.4,1454,2024-10-31,20260106T061500Z-QE24M
L24-0922,P-13350-A,A,855,MT-06,E-0128,2024-10-04 15:53:00,2024-10-08 12:23:00,MC-00438,H639845,P25,A2,closed,30.5,29.6,744,2024-10-28,20260106T061500Z-QE24M
L24-0923,P-10378-D,D,685,ML-05,E-0138,2024-10-04 16:22:00,2024-10-08 12:59:00,MC-00436,H548027,P25,D1,closed,30.6,33.1,677,2024-10-24,20260106T061500Z-QE24M
L24-0924,P-16219-B,B,1185,MT-01,E-0117,2024-10-07 06:21:00,2024-10-08 12:18:00,MC-00462,H493024,M25,B3,closed,22.9,66.3,1174,2024-10-22,20260106T061500Z-QE24M
L24-0925,P-11920-C,C,4975,ML-04,E-0135,2024-10-07 06:58:00,2024-10-22 19:29:00,MC-00286,H747671,N10,C2,closed,199.5,219.4,4866,2024-11-08,20260106T061500Z-QE24M
L24-0926,P-17741-A,A,900,SW-06,E-0111,2024-10-07 07:07:00,2024-10-09 12:16:00,MC-00443,H210308,M25,A1,closed,39.1,37.3,884,2024-10-22,20260106T061500Z-QE24M
L24-0927,P-12868-D,D,670,MT-04,E-0123,2024-10-07 07:47:00,2024-10-08 09:25:00,MC-00456,H650550,P25,D1,closed,18.6,17.8,658,2024-10-22,20260106T061500Z-QE24M
L24-0928,P-17644-A,A,595,SW-07,E-0113,2024-10-07 08:00:00,2024-10-07 20:55:00,MC-00439,H748455,M25,A1,closed,12.9,12.1,590,2024-10-28,20260106T061500Z-QE24M
L24-0929,P-13017-A,A,3990,SW-04,E-0107,2024-10-07 08:10:00,2024-10-17 17:29:00,MC-00416,H688731,P25,A2,closed,145.3,143.2,3805,2024-11-11,20260106T061500Z-QE24M
L24-0930,P-12835-A,A,580,MT-05,E-0125,2024-10-07 09:47:00,2024-10-08 07:17:00,MC-00456,H650550,P25,A1,closed,14.5,15.1,572,2024-10-29,20260106T061500Z-QE24M
L24-0931,P-15133-B,B,780,SW-02,E-0146,2024-10-07 12:13:00,2024-10-08 17:59:00,MC-00440,H613854,P25,B2,closed,22.8,25.0,777,2024-10-31,20260106T061500Z-QE24M
L24-0932,P-16180-A,A,790,MT-02,E-0119,2024-10-08 06:58:00,2024-10-09 10:29:00,MC-00429,H517032,M25,A2,closed,20.5,21.8,784,2024-10-24,20260106T061500Z-QE24M
L24-0933,P-18566-A,A,980,MT-03,E-0121,2024-10-08 09:18:00,2024-10-09 17:01:00,MC-00436,H548027,P25,A3,closed,24.7,24.3,973,2024-10-21,20260106T061500Z-QE24M
L24-0934,P-16282-A,A,1030,MT-06,E-0127,2024-10-08 12:53:00,2024-10-11 09:31:00,MC-00468,H792983,M25,A1,closed,47.6,49.5,1012,2024-11-04,20260106T061500Z-QE24M
L24-0935,P-16721-B,B,665,ML-05,E-0137,2024-10-08 13:29:00,2024-10-10 19:37:00,MC-00473,H345767,M25,B3,closed,40.1,40.0,638,2024-10-29,20260106T061500Z-QE24M
L24-0936,P-12479-D,D,1305,MT-02,E-0119,2024-10-09 10:59:00,2024-10-10 14:10:00,MC-00435,H770003,P25,D3,closed,20.2,20.7,1283,2024-11-05,20260106T061500Z-QE24M
L24-0937,P-11007-C,C,1950,ML-03,E-0134,2024-10-09 22:07:00,2024-10-18 20:31:00,MC-00453,H714004,P25,C3,closed,117.4,120.3,1935,2024-11-18,20260106T061500Z-QE24M
L24-0938,P-10845-A,A,775,ML-01,E-0129,2024-10-10 11:46:00,2024-10-14 20:49:00,MC-00479,H244151,M25,A2,closed,43.0,42.2,738,2024-10-28,20260106T061500Z-QE24M
L24-0939,P-18508-A,A,770,MT-02,E-0120,2024-10-10 14:40:00,2024-10-11 14:55:00,MC-00433,H582898,P25,A3,closed,17.2,17.7,768,2024-10-28,20260106T061500Z-QE24M
L24-0940,P-17053-A,A,1045,ML-05,E-0138,2024-10-10 20:07:00,2024-10-15 21:56:00,MC-00345,H656626,N10,A1,closed,52.8,48.5,1038,2024-10-30,20260106T061500Z-QE24M
L24-0941,P-11529-B,B,3255,ML-06,E-0140,2024-10-11 15:47:00,2024-10-22 20:13:00,MC-00430,H590399,P25,B3,closed,123.4,133.5,3197,2024-11-25,20260106T061500Z-QE24M
L24-0942,P-12884-C,C,550,MT-05,E-0126,2024-10-11 17:16:00,2024-10-14 12:31:00,MC-00430,H590399,P25,C3,closed,12.3,13.2,544,2024-10-28,20260106T061500Z-QE24M
L24-0943,P-15742-C,C,205,GR-04,E-0144,2024-10-14 06:23:00,2024-10-14 11:37:00,MC-00473,H345767,M25,C2,closed,5.2,4.8,201,2024-10-28,20260106T061500Z-QE24M
L24-0944,P-13739-B,B,485,GR-01,E-0141,2024-10-14 09:22:00,2024-10-15 13:58:00,MC-00470,H699756,P25,B1,closed,13.1,11.8,483,2024-10-30,20260106T061500Z-QE24M
L24-0945,P-14918-A,A,1595,MT-01,E-0121,2024-10-14 09:55:00,2024-10-17 08:42:00,MC-00408,H236792,P25,A1,closed,49.8,49.2,1593,2024-10-30,20260106T061500Z-QE24M
L24-0946,P-12114-A,A,440,GR-04,E-0144,2024-10-14 12:07:00,2024-10-16 06:11:00,MC-00411,H220823,S15,A2,closed,11.1,11.3,437,2024-11-04,20260106T061500Z-QE24M
L24-0947,P-11163-D,D,2200,SW-03,E-0105,2024-10-14 14:07:00,2024-10-17 16:21:00,MC-00454,H557963,M25,D2,closed,53.2,55.7,1625,2024-11-06,20260106T061500Z-QE24M
L24-0948,P-12498-B,B,635,MT-06,E-0128,2024-10-14 16:02:00,2024-10-15 21:43:00,MC-00456,H650550,P25,B3,closed,22.7,22.4,628,2024-11-04,20260106T061500Z-QE24M
L24-0949,P-17335-D,D,315,SW-08,E-0145,2024-10-15 06:48:00,2024-10-15 17:50:00,MC-00472,H111260,N10,D1,closed,11.0,10.8,313,2024-10-28,20260106T061500Z-QE24M
L24-0950,P-15905-D,D,760,ML-02,E-0131,2024-10-15 13:26:00,2024-10-18 06:28:00,MC-00445,H950593,M25,D2,closed,44.0,43.4,752,2024-11-11,20260106T061500Z-QE24M
L24-0951,P-11490-A,A,215,ML-05,E-0138,2024-10-15 22:26:00,2024-10-16 20:48:00,MC-00449,H663435,P25,A1,closed,15.4,15.8,213,2024-11-08,20260106T061500Z-QE24M
L24-0952,P-12738-A,A,350,SW-08,E-0116,2024-10-16 20:51:00,2024-10-17 11:27:00,MC-00476,H269109,M35,A3,closed,7.6,7.2,345,2024-10-29,20260106T061500Z-QE24M
L24-0953,P-18650-A,A,400,MT-05,E-0126,2024-10-16 21:25:00,2024-10-17 16:57:00,MC-00449,H663435,P25,A1,closed,12.5,12.0,400,2024-11-04,20260106T061500Z-QE24M
L24-0954,P-17684-D,D,580,SW-02,E-0103,2024-10-17 06:16:00,2024-10-18 07:09:00,MC-00455,H116452,M25,D3,closed,17.9,18.9,458,2024-11-04,20260106T061500Z-QE24M
L24-0955,P-12141-B,B,1315,GR-03,E-0143,2024-10-17 07:16:00,2024-10-28 12:21:00,MC-00432,H964184,S15,B1,closed,64.6,60.6,1307,2024-11-12,20260106T061500Z-QE24M
L24-0956,P-11909-A,A,1940,ML-01,E-0129,2024-10-17 08:58:00,2024-10-25 14:25:00,MC-00428,H152699,N10,A3,closed,107.4,106.4,1914,2024-11-11,20260106T061500Z-QE24M
L24-0957,P-12925-A,A,1005,MT-02,E-0119,2024-10-17 09:36:00,2024-10-18 14:02:00,MC-00456,H650550,P25,A1,closed,21.4,21.3,992,2024-11-25,20260106T061500Z-QE24M
L24-0958,P-10327-A,A,735,GR-04,E-0144,2024-10-17 10:23:00,2024-10-23 12:35:00,MC-00448,H595133,P25,A2,closed,36.2,37.0,674,2024-11-15,20260106T061500Z-QE24M
L24-0959,P-14952-A,A,1475,MT-05,E-0118,2024-10-17 18:29:00,2024-10-22 21:37:00,MC-00442,H749546,P25,A1,closed,54.1,51.8,1469,2024-11-20,20260106T061500Z-QE24M
L24-0960,P-16234-A,A,1000,MT-04,E-0123,2024-10-18 09:52:00,2024-10-21 09:42:00,MC-00450,H812150,M25,A2,closed,16.8,17.2,983,2024-11-06,20260106T061500Z-QE24M
L24-0961,P-14328-A,A,470,GR-01,E-0141,2024-10-18 11:46:00,2024-10-22 08:48:00,MC-00485,H420933,P25,A2,closed,14.0,13.0,454,2024-11-25,20260106T061500Z-QE24M
L24-0962,P-14885-D,D,390,SW-02,E-0104,2024-10-18 15:08:00,2024-10-21 16:24:00,MC-00443,H210308,M25,D1,closed,18.3,18.4,387,2024-11-05,20260106T061500Z-QE24M
L24-0963,P-16180-A,A,785,MT-02,E-0120,2024-10-18 19:44:00,2024-10-22 06:08:00,MC-00450,H812150,M25,A2,closed,20.4,21.2,774,2024-11-07,20260106T061500Z-QE24M
L24-0964,P-16863-B,B,835,ML-03,E-0134,2024-10-18 21:01:00,2024-10-22 18:24:00,MC-00485,H420933,P25,B2,closed,31.4,34.0,826,2024-11-18,20260106T061500Z-QE24M
L24-0965,P-11099-A,A,450,ML-02,E-0132,2024-10-18 22:38:00,2024-10-22 10:27:00,MC-00448,H595133,P25,A1,closed,21.8,202.5,435,2024-11-20,20260106T061500Z-QE24M
L24-0966,P-14681-B,B,765,SW-06,E-0111,2024-10-21 06:18:00,2024-10-22 16:47:00,MC-00479,H244151,M25,B2,closed,27.5,22.8,757,2024-11-05,20260106T061500Z-QE24M
L24-0967,P-14989-D,D,1415,MT-03,E-0125,2024-10-21 06:45:00,2024-10-22 20:49:00,MC-00463,H530299,P25,D3,closed,31.1,32.7,1400,2024-11-13,20260106T061500Z-QE24M
L24-0968,P-11847-D,D,2475,ML-05,E-0137,2024-10-21 08:43:00,2024-11-04 15:47:00,MC-00481,H977443,S15,D2,closed,177.1,184.9,2465,2024-11-20,20260106T061500Z-QE24M
L24-0969,P-15839-B,B,465,GR-02,E-0142,2024-10-21 10:03:00,2024-10-23 09:09:00,MC-00454,H557963,M25,B2,closed,16.1,16.5,378,2024-11-11,20260106T061500Z-QE24M
L24-0970,P-13321-A,A,865,MT-04,E-0123,2024-10-21 10:12:00,2024-10-22 12:38:00,MC-00480,H461094,P25,A3,closed,19.4,18.3,857,2024-11-08,20260106T061500Z-QE24M
L24-0971,P-14462-A,A,705,SW-02,E-0104,2024-10-21 16:54:00,2024-10-22 19:28:00,MC-00484,H797164,M25,A3,closed,19.6,19.2,699,2024-11-04,20260106T061500Z-QE24M
L24-0972,P-14108-A,A,1770,MT-02,E-0119,2024-10-22 06:38:00,2024-10-23 21:51:00,MC-00423,H669428,P25,A3,closed,32.2,31.1,1610,2024-11-22,20260106T061500Z-QE24M
L24-0973,P-10147-B,B,1395,GR-01,E-0141,2024-10-22 09:18:00,2024-10-28 09:28:00,MC-00458,H281719,P25,B1,closed,34.2,33.8,1384,2024-11-15,20260106T061500Z-QE24M
L24-0974,P-10460-A,A,1640,ML-02,E-0131,2024-10-22 10:57:00,2024-10-30 15:33:00,MC-00436,H548027,P25,A2,closed,106.6,105.0,1632,2024-11-18,20260106T061500Z-QE24M
L24-0975,P-10688-A,A,930,ML-03,E-0134,2024-10-22 18:54:00,2024-10-28 07:04:00,MC-00450,H812150,M25,A2,closed,56.2,54.3,924,2024-11-11,20260106T061500Z-QE24M
L24-0976,P-14103-B,B,2350,MT-03,E-0122,2024-10-22 21:19:00,2024-10-25 21:06:00,MC-00423,H669428,P25,B1,closed,50.8,51.4,2302,2024-11-07,20260106T061500Z-QE24M
L24-0977,P-12972-A,A,955,MT-05,E-0126,2024-10-22 22:07:00,2024-10-24 13:33:00,MC-00459,H977024,P25,A3,closed,25.4,24.4,943,2024-11-18,20260106T061500Z-QE24M
L24-0978,P-18087-D,D,1015,GR-02,E-0146,2024-10-23 09:39:00,2024-10-28 06:06:00,MC-00446,H372057,P25,D2,closed,21.9,22.3,981,2024-11-11,20260106T061500Z-QE24M
L24-0979,P-14048-A,A,810,GR-04,E-0144,2024-10-23 13:05:00,2024-10-28 09:05:00,MC-00489,H102211,N10,A3,closed,21.5,21.8,793,2024-11-08,20260106T061500Z-QE24M
L24-0980,P-15035-A,A,240,SW-04,E-0108,2024-10-24 22:06:00,2024-10-25 13:25:00,MC-00458,H281719,P25,A3,closed,8.3,8.4,240,2024-11-22,20260106T061500Z-QE24M
L24-0981,P-14966-D,D,1370,MT-01,E-0119,2024-10-25 08:24:00,2024-10-29 19:38:00,MC-00442,H749546,P25,D1,closed,45.2,46.1,1362,2024-11-15,20260106T061500Z-QE24M
L24-0982,P-15200-C,C,1455,SW-01,E-0101,2024-10-25 10:51:00,2024-10-29 14:31:00,MC-00442,H749546,P25,C3,closed,37.7,36.9,1444,2024-11-21,20260106T061500Z-QE24M
L24-0983,P-19014-A,A,885,SW-05,E-0110,2024-10-25 18:27:00,2024-10-29 07:39:00,MC-00474,H645065,M25,A3,closed,23.2,24.4,832,2024-11-11,20260106T061500Z-QE24M
L24-0984,P-18202-A,A,515,MT-06,E-0128,2024-10-25 20:07:00,2024-10-28 16:35:00,MC-00486,H535946,P25,A3,closed,13.5,12.7,509,2024-11-18,20260106T061500Z-QE24M
L24-0985,P-13447-D,D,1075,MT-03,E-0122,2024-10-25 21:36:00,2024-10-30 22:20:00,MC-00471,H544217,P25,D2,closed,51.7,47.8,1069,2024-12-02,20260106T061500Z-QE24M
L24-0986,P-12164-A,A,320,GR-02,E-0142,2024-10-28 06:36:00,2024-10-29 07:23:00,MC-00411,H220823,S15,A2,closed,9.3,9.6,303,2024-11-15,20260106T061500Z-QE24M
L24-0987,P-13328-A,A,1110,MT-04,E-0123,2024-10-28 06:39:00,2024-10-31 20:37:00,MC-00509,H402498,P25,A2,closed,65.0,68.5,1102,2024-12-06,20260106T061500Z-QE24M
L24-0988,P-11417-A,A,2110,ML-06,E-0139,2024-10-28 09:34:00,2024-11-06 08:33:00,MC-00470,H699756,P25,A3,closed,118.0,112.1,2102,2024-11-14,20260106T061500Z-QE24M
L24-0989,P-18159-A,A,1765,GR-04,E-0144,2024-10-28 09:35:00,2024-11-04 08:19:00,MC-00416,H688731,P25,A3,closed,41.2,38.3,1759,2024-11-25,20260106T061500Z-QE24M
L24-0990,P-13971-C,C,620,GR-01,E-0141,2024-10-28 09:58:00,2024-10-30 11:53:00,MC-00472,H111260,N10,C1,closed,18.9,20.4,604,2024-11-12,20260106T061500Z-QE24M
L24-0991,P-18628-B,B,1200,MT-02,E-0119,2024-10-28 10:12:00,2024-10-29 20:24:00,MC-00499,H665941,P25,B1,closed,27.2,26.6,1193,2024-11-18,20260106T061500Z-QE24M
L24-0992,P-17841-B,B,845,SW-07,E-0113,2024-10-28 10:23:00,2024-10-29 21:52:00,MC-00476,H269109,M35,B1,closed,28.5,29.3,769,2024-11-27,20260106T061500Z-QE24M
L24-0993,P-12248-D,D,475,GR-03,E-0143,2024-10-28 12:51:00,2024-10-30 06:23:00,MC-00411,H220823,S15,D3,closed,10.5,10.9,473,2024-11-04,20260106T061500Z-QE24M
L24-0994,P-18023-B,B,585,GR-02,E-0146,2024-10-29 07:53:00,2024-10-30 10:58:00,MC-00482,H879867,P25,B1,closed,11.6,11.1,580,2024-11-26,20260106T061500Z-QE24M
L24-0995,P-19072-D,D,1790,SW-05,E-0109,2024-10-29 08:09:00,2024-10-31 12:22:00,MC-00484,H797164,M25,D2,closed,38.2,36.9,1785,2024-11-07,20260106T061500Z-QE24M
L24-0996,P-17014-A,A,1000,SW-03,E-0105,2024-10-29 08:40:00,2024-10-31 08:30:00,MC-00461,H308309,M25,A1,closed,33.8,31.3,979,2024-11-15,20260106T061500Z-QE24M
L24-0997,P-14707-A,A,745,SW-08,E-0115,2024-10-29 10:49:00,2024-10-30 15:11:00,MC-00464,H205436,M25,A1,closed,21.4,21.9,740,2024-11-18,20260106T061500Z-QE24M
L24-0998,P-12384-A,A,470,MT-02,E-0120,2024-10-29 20:54:00,2024-10-30 18:16:00,MC-00459,H977024,P25,A2,closed,14.4,13.5,437,2024-12-03,20260106T061500Z-QE24M
L24-0999,P-15450-B,B,2180,SW-07,E-0114,2024-10-29 22:22:00,2024-11-04 21:19:00,MC-00507,H969937,M25,B2,closed,66.9,66.0,2172,2024-11-21,20260106T061500Z-QE24M
L24-1000,P-10725-B,B,1850,ML-04,E-0136,2024-10-29 22:40:00,2024-11-06 06:55:00,MC-00484,H797164,M25,B2,closed,86.2,85.2,1819,2024-11-25,20260106T061500Z-QE24M
L24-1001,P-12144-A,A,800,GR-03,E-0143,2024-10-30 06:53:00,2024-11-04 07:27:00,MC-00481,H977443,S15,A1,closed,26.1,26.0,786,2024-11-21,20260106T061500Z-QE24M
L24-1002,P-14819-A,A,1470,SW-01,E-0101,2024-10-30 10:45:00,2024-11-04 06:36:00,MC-00455,H116452,M25,A2,closed,46.9,44.5,1454,2024-11-21,20260106T061500Z-QE24M
L24-1003,P-13821-A,A,1630,GR-02,E-0142,2024-10-30 11:28:00,2024-11-06 10:49:00,MC-00508,H315732,P25,A1,closed,41.8,42.3,1618,2024-12-04,20260106T061500Z-QE24M
L24-1004,P-18079-A,A,1340,GR-01,E-0145,2024-10-31 07:00:00,2024-11-07 06:08:00,MC-00446,H372057,P25,A1,closed,41.6,43.6,1301,2024-12-09,20260106T061500Z-QE24M
L24-1005,P-15156-A,A,1000,SW-06,E-0111,2024-10-31 09:52:00,2024-11-05 11:32:00,MC-00467,H744567,P25,A3,closed,52.7,52.9,988,2024-12-02,20260106T061500Z-QE24M
L24-1006,P-10900-A,A,5240,ML-01,E-0129,2024-10-31 10:50:00,2024-11-14 06:16:00,MC-00467,H744567,P25,A3,closed,165.4,161.6,5144,2024-12-02,20260106T061500Z-QE24M
L24-1007,P-19027-C,C,1065,SW-05,E-0109,2024-10-31 12:52:00,2024-11-01 20:42:00,MC-00464,H205436,M25,C2,closed,24.8,22.1,1058,2024-11-21,20260106T061500Z-QE24M
L24-1008,P-10536-A,A,700,ML-03,E-0133,2024-10-31 14:06:00,2024-11-04 16:07:00,MC-00433,H582898,P25,A3,closed,36.0,35.6,689,2024-11-20,20260106T061500Z-QE24M
L24-1009,P-16348-A,A,390,MT-04,E-0124,2024-10-31 21:07:00,2024-11-01 15:27:00,MC-00465,H467982,M25,A1,closed,11.3,11.5,382,2024-11-13,20260106T061500Z-QE24M
L24-1010,P-16016-A,A,335,ML-02,E-0146,2024-11-01 08:53:00,2024-11-04 14:39:00,MC-00445,H950593,M25,A3,closed,22.8,22.1,331,2024-11-18,20260106T061500Z-QE24M
L24-1011,P-14159-A,A,270,MT-05,E-0125,2024-11-01 10:41:00,2024-11-01 21:04:00,MC-00491,H303147,P25,A3,closed,10.4,10.8,260,2024-11-22,20260106T061500Z-QE24M
L24-1012,P-18526-A,A,3295,MT-04,E-0124,2024-11-01 15:57:00,2024-11-13 12:33:00,MC-00498,H577574,P25,A3,closed,132.6,140.8,3232,2024-12-06,20260106T061500Z-QE24M
L24-1013,P-16312-A,A,2250,MT-06,E-0128,2024-11-01 17:47:00,2024-11-06 17:47:00,MC-00473,H345767,M25,A3,closed,51.0,52.2,2236,2024-11-25,20260106T061500Z-QE24M
L24-1014,P-15142-A,A,1315,SW-08,E-0116,2024-11-01 18:17:00,2024-11-06 11:29:00,MC-00490,H667468,P25,A3,closed,44.2,42.1,1312,2024-12-02,20260106T061500Z-QE24M
L24-1015,P-13483-A,A,890,MT-01,E-0118,2024-11-01 19:09:00,2024-11-04 19:50:00,MC-00495,H651922,P25,A1,closed,17.7,17.5,880,2024-12-02,20260106T061500Z-QE24M
L24-1016,P-17582-A,A,3480,SW-05,E-0110,2024-11-01 21:12:00,2024-11-07 08:58:00,MC-00507,H969937,M25,A2,closed,55.8,58.3,3440,2024-11-21,20260106T061500Z-QE24M
L24-1017,P-18738-A,A,325,MT-05,E-0126,2024-11-01 21:34:00,2024-11-04 15:48:00,MC-00460,H682918,P25,A3,closed,11.2,12.0,321,2024-11-18,20260106T061500Z-QE24M
L24-1018,P-17784-A,A,345,SW-04,E-0107,2024-11-04 07:32:00,2024-11-04 17:09:00,MC-00311,H166869,M35,A1,closed,9.6,9.4,343,2024-11-11,20260106T061500Z-QE24M
L24-1019,P-11167-D,D,1100,SW-02,E-0103,2024-11-04 07:36:00,2024-11-05 17:37:00,MC-00447,H315187,M25,D3,closed,27.0,27.8,1063,2024-11-25,20260106T061500Z-QE24M
L24-1020,P-16180-A,A,815,MT-02,E-0119,2024-11-04 07:46:00,2024-11-05 11:50:00,MC-00494,H985702,M25,A2,closed,21.1,22.3,797,2024-11-25,20260106T061500Z-QE24M
L24-1021,P-16451-A,A,2440,MT-03,E-0121,2024-11-04 07:59:00,2024-11-07 08:23:00,MC-00447,H315187,M25,A2,closed,51.4,50.4,2387,2024-11-19,20260106T061500Z-QE24M
L24-1022,P-12204-A,A,265,GR-03,E-0143,2024-11-04 08:06:00,2024-11-05 06:14:00,MC-00475,H876918,S15,A3,closed,6.6,120.3,258,2024-11-25,20260106T061500Z-QE24M
L24-1023,P-18136-D,D,735,GR-04,E-0144,2024-11-04 08:57:00,2024-11-07 10:28:00,MC-00482,H879867,P25,D1,closed,27.0,26.0,728,2024-11-25,20260106T061500Z-QE24M
L24-1024,P-15009-A,A,3005,SW-03,E-0105,2024-11-04 12:12:00,2024-11-11 10:20:00,MC-00486,H535946,P25,A1,closed,83.1,86.3,2980,2024-12-10,20260106T061500Z-QE24M
L24-1025,P-11909-A,A,1745,ML-02,E-0132,2024-11-04 15:09:00,2024-11-12 10:05:00,MC-00501,H202757,N10,A3,closed,96.9,96.1,1726,2024-12-02,20260106T061500Z-QE24M
L24-1026,P-11163-D,D,2200,SW-01,E-0102,2024-11-04 15:55:00,2024-11-07 18:09:00,MC-00465,H467982,M25,D2,closed,53.2,153.4,2173,2024-11-25,20260106T061500Z-QE24M
L24-1027,P-11794-A,A,1480,ML-05,E-0138,2024-11-04 16:17:00,2024-11-07 08:15:00,MC-00475,H876918,S15,A3,closed,43.0,74.7,1467,2024-11-22,20260106T061500Z-QE24M
L24-1028,P-16237-A,A,2160,MT-05,E-0126,2024-11-04 16:18:00,2024-11-07 18:42:00,MC-00464,H205436,M25,A2,closed,53.4,50.9,1709,2024-11-19,20260106T061500Z-QE24M
L24-1029,P-16605-A,A,4730,ML-03,E-0134,2024-11-04 16:37:00,2024-11-18 18:19:00,MC-00465,H467982,M25,A3,closed,171.7,178.8,4658,2024-12-03,20260106T061500Z-QE24M
L24-1030,P-11201-A,A,1155,SW-07,E-0114,2024-11-04 21:49:00,2024-11-06 18:09:00,MC-00447,H315187,M25,A3,closed,30.3,29.8,1103,2024-11-18,20260106T061500Z-QE24M
L24-1031,P-13557-A,A,865,GR-03,E-0143,2024-11-05 06:44:00,2024-11-06 09:01:00,MC-00488,H192109,P25,A1,closed,10.8,10.2,854,2024-11-25,20260106T061500Z-QE24M
L24-1032,P-14762-C,C,510,SW-06,E-0111,2024-11-05 12:02:00,2024-11-06 10:32:00,MC-00455,H116452,M25,C1,closed,15.5,16.2,508,2024-11-20,20260106T061500Z-QE24M
L24-1033,P-14524-A,A,2530,SW-04,E-0107,2024-11-06 07:58:00,2024-11-08 16:37:00,MC-00466,H998889,M25,A1,closed,42.6,41.4,2511,2024-12-02,20260106T061500Z-QE24M
L24-1034,P-11768-A,A,2800,ML-06,E-0139,2024-11-06 09:03:00,2024-11-15 16:15:00,MC-00432,H964184,S15,A3,closed,126.2,127.5,2783,2024-12-03,20260106T061500Z-QE24M
L24-1035,P-18180-D,D,635,GR-03,E-0143,2024-11-06 09:31:00,2024-11-07 13:58:00,MC-00446,H372057,P25,D3,closed,12.9,12.4,629,2024-12-03,20260106T061500Z-QE24M
L24-1036,P-19390-A,A,1045,MT-06,E-0128,2024-11-06 18:17:00,2024-11-08 15:51:00,MC-00455,H116452,M25,A3,closed,31.6,29.5,1030,2024-11-26,20260106T061500Z-QE24M
L24-1037,P-18450-A,A,1170,MT-01,E-0117,2024-11-07 06:27:00,2024-11-08 14:52:00,MC-00433,H582898,P25,A2,closed,25.4,25.4,1167,2024-11-26,20260106T061500Z-QE24M
L24-1038,P-13797-A,A,310,GR-01,E-0141,2024-11-07 06:38:00,2024-11-08 11:43:00,MC-00492,H231764,P25,A3,closed,13.6,12.9,302,2024-12-06,20260106T061500Z-QE24M
L24-1039,P-10518-D,D,1185,ML-04,E-0146,2024-11-07 08:00:00,2024-11-12 16:17:00,MC-00498,H577574,P25,D3,closed,59.3,64.1,1177,2024-12-02,20260106T061500Z-QE24M
L24-1040,P-11449-A,A,1200,ML-05,E-0137,2024-11-07 08:45:00,2024-11-12 15:57:00,MC-00514,H884967,P25,A1,closed,58.2,58.7,1193,2024-11-18,20260106T061500Z-QE24M
L24-1041,P-18813-A,A,715,MT-03,E-0121,2024-11-07 08:53:00,2024-11-08 08:14:00,MC-00492,H231764,P25,A2,closed,16.3,16.4,710,2024-11-26,20260106T061500Z-QE24M
L24-1042,P-17038-D,D,1000,SW-05,E-0109,2024-11-07 09:28:00,2024-11-08 22:28:00,MC-00496,H780150,M25,D2,closed,30.0,32.6,994,2024-11-26,20260106T061500Z-QE24M
L24-1043,P-14859-A,A,925,SW-08,E-0115,2024-11-08 07:09:00,2024-11-11 19:49:00,MC-00513,H431345,M25,A1,closed,29.7,26.9,919,2024-11-26,20260106T061500Z-QE24M
L24-1044,P-16385-A,A,650,MT-03,E-0122,2024-11-08 17:28:00,2024-11-12 06:50:00,MC-00465,H467982,M25,A3,closed,23.4,23.1,635,2024-11-25,20260106T061500Z-QE24M
L24-1045,P-14063-D,D,1210,GR-01,E-0141,2024-11-11 10:05:00,2024-11-15 08:19:00,MC-00510,H546189,N10,D1,closed,32.2,32.4,1201,2024-12-04,20260106T061500Z-QE24M
L24-1046,P-12645-A,A,1575,SW-03,E-0105,2024-11-11 10:50:00,2024-11-13 06:05:00,MC-00311,H166869,M35,A3,closed,29.2,28.3,1558,2024-12-09,20260106T061500Z-QE24M
L24-1047,P-14108-A,A,1935,MT-02,E-0119,2024-11-11 10:52:00,2024-11-13 11:48:00,MC-00503,H438326,P25,A3,closed,34.9,32.4,1911,2024-12-05,20260106T061500Z-QE24M
L24-1048,P-11320-D,D,1170,SW-05,E-0110,2024-11-11 19:00:00,2024-11-12 21:58:00,MC-00478,H482217,M25,D3,closed,20.0,20.8,1154,2024-12-05,20260106T061500Z-QE24M
L24-1049,P-15206-A,A,190,SW-02,E-0104,2024-11-11 22:41:00,2024-11-12 16:04:00,MC-00467,H744567,P25,A2,closed,10.4,10.4,185,2024-12-02,20260106T061500Z-QE24M
L24-1050,P-16751-A,A,2055,ML-02,E-0131,2024-11-12 10:35:00,2024-11-18 06:54:00,MC-00478,H482217,M25,A1,closed,64.3,71.2,2045,2024-12-02,20260106T061500Z-QE24M
L24-1051,P-11462-A,A,855,ML-05,E-0138,2024-11-12 16:27:00,2024-11-14 20:22:00,MC-00460,H682918,P25,A3,closed,37.9,37.0,842,2024-12-09,20260106T061500Z-QE24M
L24-1052,P-11282-A,A,1065,SW-02,E-0147,2024-11-12 16:34:00,2024-11-13 18:11:00,MC-00477,H608357,M25,A2,closed,18.6,19.0,1045,2024-12-02,20260106T061500Z-QE24M
L24-1053,P-16652-A,A,1355,ML-04,E-0136,2024-11-12 16:47:00,2024-11-18 13:40:00,MC-00512,H216044,M25,A3,closed,64.9,73.0,1328,2024-11-20,20260106T061500Z-QE24M
L24-1054,P-14212-C,C,895,MT-01,E-0118,2024-11-12 19:17:00,2024-11-13 21:33:00,MC-00503,H438326,P25,C2,closed,19.3,19.3,873,2024-12-06,20260106T061500Z-QE24M
L24-1055,P-12435-A,A,195,MT-06,E-0128,2024-11-12 22:20:00,2024-11-13 13:28:00,MC-00469,H172317,P25,A1,closed,8.1,8.0,193,2024-12-12,20260106T061500Z-QE24M
L24-1056,P-17416-A,A,810,SW-03,E-0105,2024-11-13 06:35:00,2024-11-14 22:25:00,MC-00516,H493852,N10,A2,closed,32.8,33.2,800,2024-12-06,20260106T061500Z-QE24M
L24-1057,P-12303-D,D,880,GR-02,E-0142,2024-11-13 07:01:00,2024-11-15 11:12:00,MC-00520,H704355,S15,D3,closed,21.2,20.3,865,2024-12-09,20260106T061500Z-QE24M
L24-1058,P-18940-A,A,690,MT-05,E-0146,2024-11-13 10:54:00,2024-11-14 11:16:00,MC-00487,H876215,P25,A1,closed,17.4,73.8,670,2024-12-11,20260106T061500Z-QE24M
L24-1059,P-14548-D,D,3855,SW-04,E-0107,2024-11-13 12:21:00,2024-11-25 19:25:00,MC-00497,H736246,M25,D1,closed,143.1,141.0,3726,2024-12-12,20260106T061500Z-QE24M
L24-1060,P-12988-A,A,745,MT-02,E-0119,2024-11-13 12:36:00,2024-11-15 09:02:00,MC-00492,H231764,P25,A3,closed,30.4,27.7,735,2024-12-09,20260106T061500Z-QE24M
L24-1061,P-14103-B,B,2570,MT-03,E-0121,2024-11-13 13:03:00,2024-11-18 17:18:00,MC-00505,H455167,P25,B1,closed,55.3,57.0,2545,2024-12-06,20260106T061500Z-QE24M
L24-1062,P-13122-B,B,1490,SW-05,E-0146,2024-11-13 14:28:00,2024-11-19 10:18:00,MC-00511,H349741,P25,B3,closed,63.8,55.2,1465,2024-12-04,20260106T061500Z-QE24M
L24-1063,P-11253-B,B,2145,SW-02,E-0104,2024-11-13 18:41:00,2024-11-20 12:07:00,MC-00478,H482217,M25,B1,closed,78.4,76.2,2105,2024-11-25,20260106T061500Z-QE24M
L24-1064,P-17004-D,D,1000,SW-07,E-0113,2024-11-14 06:08:00,2024-11-15 16:38:00,MC-00527,H261570,M25,D1,closed,27.5,28.5,996,2024-12-04,20260106T061500Z-QE24M
L24-1065,P-13158-A,A,340,SW-06,E-0145,2024-11-14 07:20:00,2024-11-14 16:47:00,MC-00482,H879867,P25,A2,closed,9.5,8.9,332,2024-12-09,20260106T061500Z-QE24M
L24-1066,P-12835-A,A,630,MT-01,E-0117,2024-11-15 06:04:00,2024-11-15 21:34:00,MC-00487,H876215,P25,A1,closed,15.5,16.1,621,2024-12-12,20260106T061500Z-QE24M
L24-1067,P-18143-B,B,1355,GR-01,E-0141,2024-11-15 08:49:00,2024-11-20 09:08:00,MC-00491,H303147,P25,B2,closed,25.8,24.8,1339,2024-12-16,20260106T061500Z-QE24M
L24-1068,P-16180-A,A,760,MT-02,E-0119,2024-11-15 09:32:00,2024-11-18 12:23:00,MC-00496,H780150,M25,A2,closed,19.8,19.5,752,2024-11-27,20260106T061500Z-QE24M
L24-1069,P-12040-C,C,785,GR-02,E-0142,2024-11-15 11:42:00,2024-11-20 08:10:00,MC-00522,H636213,S15,C3,closed,22.0,22.2,765,2024-12-09,20260106T061500Z-QE24M
L24-1070,P-17087-A,A,290,ML-06,E-0140,2024-11-15 16:45:00,2024-11-18 15:16:00,MC-00516,H493852,N10,A3,closed,15.5,16.5,288,2024-12-02,20260106T061500Z-QE24M
L24-1071,P-13012-A,A,600,MT-05,E-0126,2024-11-15 16:48:00,2024-11-18 21:00:00,MC-00492,H231764,P25,A3,closed,21.2,21.2,588,2024-12-16,20260106T061500Z-QE24M
L24-1072,P-18462-A,A,5100,MT-01,E-0118,2024-11-15 22:04:00,2024-12-02 09:46:00,MC-00502,H698279,P25,A2,closed,140.7,132.9,5080,2024-12-23,20260106T061500Z-QE24M
L24-1073,P-17707-D,D,1685,SW-08,E-0115,2024-11-18 06:20:00,2024-11-20 14:39:00,MC-00445,H950593,M25,D2,closed,42.3,41.4,1667,2024-12-02,20260106T061500Z-QE24M
L24-1074,P-11930-A,A,615,ML-02,E-0131,2024-11-18 07:24:00,2024-11-19 22:36:00,MC-00501,H202757,N10,A1,closed,32.2,30.7,609,2024-11-25,20260106T061500Z-QE24M
L24-1075,P-17046-A,A,530,ML-05,E-0137,2024-11-18 08:52:00,2024-11-19 16:31:00,MC-00516,H493852,N10,A1,closed,24.6,25.4,520,2024-12-04,20260106T061500Z-QE24M
L24-1076,P-16056-D,D,875,ML-01,E-0129,2024-11-18 09:04:00,2024-11-21 09:20:00,MC-00445,H950593,M25,D3,closed,51.3,52.1,873,2024-12-09,20260106T061500Z-QE24M
L24-1077,P-17881-C,C,585,SW-01,E-0101,2024-11-18 09:58:00,2024-11-19 12:44:00,MC-00476,H269109,M35,C3,closed,19.8,20.7,580,2024-12-09,20260106T061500Z-QE24M
L24-1078,P-12543-C,C,935,MT-06,E-0127,2024-11-18 10:02:00,2024-11-20 18:46:00,MC-00532,H586017,P25,C2,closed,42.7,40.7,931,2024-12-20,20260106T061500Z-QE24M
L24-1079,P-18503-A,A,1955,MT-04,E-0123,2024-11-18 10:05:00,2024-11-21 11:57:00,MC-00499,H665941,P25,A3,closed,52.9,43.7,1936,2024-12-09,20260106T061500Z-QE24M
L24-1080,P-14992-A,A,1565,MT-02,E-0121,2024-11-18 12:53:00,2024-11-21 11:19:00,MC-00467,H744567,P25,A2,closed,49.4,48.2,1561,2024-12-16,20260106T061500Z-QE24M
L24-1081,P-11871-A,A,830,ML-06,E-0140,2024-11-18 15:46:00,2024-11-21 14:40:00,MC-00517,H843480,S15,A1,closed,49.9,51.7,825,2024-12-09,20260106T061500Z-QE24M
L24-1082,P-18856-A,A,1065,MT-03,E-0122,2024-11-18 17:48:00,2024-11-20 17:52:00,MC-00528,H584890,P25,A2,closed,34.1,34.1,1056,2024-12-23,20260106T061500Z-QE24M
L24-1083,P-16616-D,D,1895,ML-04,E-0136,2024-11-18 19:13:00,2024-11-27 21:02:00,MC-00483,H169048,M25,D1,closed,120.8,124.5,1876,2024-12-04,20260106T061500Z-QE24M
L24-1084,P-18841-A,A,1695,MT-05,E-0126,2024-11-18 21:30:00,2024-11-21 07:41:00,MC-00528,H584890,P25,A1,closed,37.2,35.8,1676,2024-12-23,20260106T061500Z-QE24M
L24-1085,P-11265-A,A,1035,SW-07,E-0113,2024-11-19 08:29:00,2024-11-20 08:17:00,MC-00512,H216044,M25,A1,closed,16.8,17.7,1032,2024-12-09,20260106T061500Z-QE24M
L24-1086,P-11354-C,C,230,ML-05,E-0138,2024-11-19 17:01:00,2024-11-20 14:35:00,MC-00531,H518598,P25,C1,closed,14.6,14.8,225,2024-12-06,20260106T061500Z-QE24M
L24-1087,P-15083-A,A,910,SW-01,E-0101,2024-11-20 08:03:00,2024-11-21 10:44:00,MC-00521,H907105,P25,A2,closed,19.7,19.1,894,2024-12-16,20260106T061500Z-QE24M
L24-1088,P-18795-A,A,900,MT-03,E-0122,2024-11-20 18:22:00,2024-11-22 16:19:00,MC-00514,H884967,P25,A2,closed,31.9,166.2,896,2024-12-19,20260106T061500Z-QE24M
L24-1089,P-14196-A,A,1395,MT-06,E-0128,2024-11-20 21:34:00,2024-11-26 22:50:00,MC-00493,H649501,P25,A2,closed,69.3,69.5,1378,2025-01-02,20260106T061500Z-QE24M
L24-1090,P-13608-D,D,1240,GR-03,E-0143,2024-11-21 08:04:00,2024-11-26 11:49:00,MC-00532,H586017,P25,D1,closed,29.2,30.7,1232,2024-12-18,20260106T061500Z-QE24M
L24-1091,P-12861-C,C,1655,MT-05,E-0125,2024-11-21 08:11:00,2024-11-25 09:11:00,MC-00514,H884967,P25,C2,closed,35.0,35.5,1631,2024-12-16,20260106T061500Z-QE24M
L24-1092,P-14715-D,D,455,SW-03,E-0105,2024-11-21 09:35:00,2024-11-21 21:50:00,MC-00513,H431345,M25,D1,closed,12.3,11.9,453,2024-12-09,20260106T061500Z-QE24M
L24-1093,P-16887-A,A,770,ML-01,E-0129,2024-11-21 09:50:00,2024-11-25 13:29:00,MC-00535,H785992,P25,A2,closed,37.6,38.0,764,2024-12-23,20260106T061500Z-QE24M
L24-1094,P-18904-D,D,560,MT-02,E-0119,2024-11-21 11:49:00,2024-11-22 14:09:00,MC-00531,H518598,P25,D2,closed,19.3,19.4,552,2024-12-09,20260106T061500Z-QE24M
L24-1095,P-17077-A,A,535,ML-06,E-0140,2024-11-21 15:10:00,2024-11-25 06:44:00,MC-00489,H102211,N10,A2,closed,25.6,24.8,529,2024-12-06,20260106T061500Z-QE24M
L24-1096,P-15261-A,A,850,SW-06,E-0112,2024-11-21 21:19:00,2024-11-22 21:38:00,MC-00524,H831853,P25,A1,closed,17.3,17.2,847,2024-12-16,20260106T061500Z-QE24M
L24-1097,P-13783-A,A,610,GR-02,E-0142,2024-11-22 06:36:00,2024-11-26 11:43:00,MC-00535,H785992,P25,A3,closed,22.1,23.1,602,2024-12-09,20260106T061500Z-QE24M
L24-1098,P-19406-B,B,940,MT-04,E-0123,2024-11-22 08:58:00,2024-11-25 08:54:00,MC-00523,H797813,M25,B2,closed,16.9,15.6,858,2024-12-09,20260106T061500Z-QE24M
L24-1099,P-16263-A,A,1570,MT-02,E-0120,2024-11-22 14:39:00,2024-11-26 20:17:00,MC-00496,H780150,M25,A2,closed,39.6,38.7,1556,2024-12-11,20260106T061500Z-QE24M
L24-1100,P-13502-C,C,800,MT-03,E-0122,2024-11-22 16:49:00,2024-11-25 21:37:00,MC-00500,H144928,P25,C3,closed,21.8,21.6,797,2024-12-23,20260106T061500Z-QE24M
L24-1101,P-15723-A,A,1710,GR-01,E-0141,2024-11-25 06:16:00,2024-12-05 13:17:00,MC-00550,H585092,M25,A1,closed,58.0,57.0,1689,2024-12-23,20260106T061500Z-QE24M
L24-1102,P-17500-A,A,1275,SW-05,E-0109,2024-11-25 07:10:00,2024-11-27 08:15:00,MC-00523,H797813,M25,A3,closed,35.1,34.2,1258,2024-12-18,20260106T061500Z-QE24M
L24-1103,P-10604-A,A,235,ML-03,E-0133,2024-11-25 07:18:00,2024-11-25 19:26:00,MC-00496,H780150,M25,A2,closed,12.1,12.5,225,2024-12-09,20260106T061500Z-QE24M
L24-1104,P-11962-A,A,510,ML-02,E-0131,2024-11-25 07:25:00,2024-11-26 21:54:00,MC-00504,H259523,N10,A3,closed,31.5,32.7,509,2024-12-16,20260106T061500Z-QE24M
L24-1105,P-14462-A,A,635,SW-07,E-0113,2024-11-25 07:54:00,2024-11-26 08:50:00,MC-00537,H195868,M25,A3,closed,17.9,18.1,631,2024-12-16,20260106T061500Z-QE24M
L24-1106,P-14746-D,D,1315,SW-02,E-0145,2024-11-25 08:16:00,2024-12-02 13:05:00,MC-00513,H431345,M25,D2,closed,55.8,58.2,1313,2024-12-13,20260106T061500Z-QE24M
L24-1107,P-11889-B,B,650,ML-06,E-0139,2024-11-25 08:54:00,2024-11-27 12:47:00,MC-00522,H636213,S15,B1,closed,37.9,38.1,610,2024-12-13,20260106T061500Z-QE24M
L24-1108,P-18556-B,B,340,MT-04,E-0123,2024-11-25 09:24:00,2024-11-26 14:00:00,MC-00540,H889001,P25,B2,closed,21.6,20.1,336,2024-12-12,20260106T061500Z-QE24M
L24-1109,P-19370-B,B,1840,MT-05,E-0125,2024-11-25 09:41:00,2024-12-02 15:21:00,MC-00541,H261294,M25,B3,closed,56.7,55.3,1808,2024-12-17,20260106T061500Z-QE24M
L24-1110,P-11700-B,B,1225,ML-05,E-0137,2024-11-25 09:56:00,2024-12-02 18:54:00,MC-00545,H493712,S15,B2,closed,60.0,60.3,1170,2024-12-05,20260106T061500Z-QE24M
L24-1111,P-17795-A,A,5225,SW-06,E-0111,2024-11-25 10:36:00,2024-12-09 10:50:00,MC-00506,H101509,M35,A2,closed,136.2,142.0,5195,2025-01-02,20260106T061500Z-QE24M
L24-1112,P-16034-D,D,1470,ML-01,E-0146,2024-11-25 13:59:00,2024-12-04 09:25:00,MC-00541,H261294,M25,D1,closed,80.4,83.5,1405,2024-12-19,20260106T061500Z-QE24M
L24-1113,P-14473-A,A,1005,SW-04,E-0108,2024-11-25 19:55:00,2024-11-27 07:01:00,MC-00553,H699071,M25,A2,closed,21.1,20.6,999,2024-12-13,20260106T061500Z-QE24M
L24-1114,P-13842-D,D,670,GR-04,E-0144,2024-11-26 06:21:00,2024-12-03 08:04:00,MC-00345,H656626,N10,D3,closed,27.2,26.0,629,2024-12-17,20260106T061500Z-QE24M
L24-1115,P-11226-C,C,1560,SW-08,E-0115,2024-11-26 06:38:00,2024-12-02 17:14:00,MC-00552,H963279,M25,C1,closed,44.6,44.7,1545,2024-12-17,20260106T061500Z-QE24M
L24-1116,P-15270-A,A,1340,SW-07,E-0113,2024-11-26 09:20:00,2024-12-02 07:08:00,MC-00486,H535946,P25,A1,closed,31.8,31.8,1326,2024-12-13,20260106T061500Z-QE24M
L24-1117,P-14966-D,D,1395,MT-02,E-0122,2024-11-26 20:47:00,2024-12-03 15:48:00,MC-00486,H535946,P25,D1,closed,46.0,50.1,1382,2024-12-23,20260106T061500Z-QE24M
L24-1118,P-10989-A,A,665,ML-02,E-0131,2024-11-27 08:22:00,2024-12-03 11:50:00,MC-00490,H667468,P25,A1,closed,37.5,37.4,660,2025-01-02,20260106T061500Z-QE24M
L24-1119,P-17004-D,D,1000,SW-03,E-0106,2024-11-27 16:45:00,2024-12-03 10:15:00,MC-00527,H261570,M25,D1,closed,27.5,24.4,996,2024-12-18,20260106T061500Z-QE24M
L24-1120,P-15362-C,C,490,SW-01,E-0102,2024-11-27 20:17:00,2024-12-03 09:52:00,MC-00523,H797813,M25,C3,closed,23.6,22.9,486,2024-12-20,20260106T061500Z-QE24M
L24-1121,P-11406-C,C,1930,ML-06,E-0139,2024-12-02 06:56:00,2024-12-06 12:22:00,MC-00535,H785992,P25,C1,closed,73.4,78.2,1914,2025-01-09,20260106T061500Z-QE24M
L24-1122,P-13229-B,B,420,SW-04,E-0107,2024-12-02 07:03:00,2024-12-02 20:54:00,MC-00493,H649501,P25,B2,closed,13.8,14.0,414,2024-12-23,20260106T061500Z-QE24M
L24-1123,P-11923-A,A,1115,ML-04,E-0135,2024-12-02 07:05:00,2024-12-04 21:37:00,MC-00536,H450779,N10,A3,closed,48.5,49.6,1106,2024-12-18,20260106T061500Z-QE24M
L24-1124,P-18620-A,A,930,MT-04,E-0123,2024-12-02 07:18:00,2024-12-03 17:47:00,MC-00540,H889001,P25,A3,closed,27.5,26.5,911,2024-12-23,20260106T061500Z-QE24M
L24-1125,P-17014-A,A,1000,SW-05,E-0109,2024-12-02 07:20:00,2024-12-04 07:10:00,MC-00527,H261570,M25,A1,closed,33.8,33.0,985,2024-12-17,20260106T061500Z-QE24M
L24-1126,P-17038-D,D,1000,SW-07,E-0113,2024-12-02 07:38:00,2024-12-03 20:38:00,MC-00553,H699071,M25,D2,closed,30.0,31.7,993,2024-12-16,20260106T061500Z-QE24M
L24-1127,P-14134-A,A,1420,MT-06,E-0127,2024-12-02 08:14:00,2024-12-03 21:13:00,MC-00482,H879867,P25,A1,closed,30.0,28.9,1381,2024-12-19,20260106T061500Z-QE24M
L24-1128,P-18413-C,C,1605,MT-03,E-0121,2024-12-02 08:23:00,2024-12-04 14:34:00,MC-00560,H344463,P25,C3,closed,40.2,41.2,1565,2025-01-06,20260106T061500Z-QE24M
L24-1129,P-18115-C,C,1085,GR-03,E-0143,2024-12-02 09:21:00,2024-12-05 12:32:00,MC-00511,H349741,P25,C3,closed,28.7,29.1,1074,2025-01-06,20260106T061500Z-QE24M
L24-1130,P-19446-A,A,1295,MT-01,E-0117,2024-12-02 10:16:00,2024-12-04 19:37:00,MC-00530,H452319,M25,A1,closed,43.4,41.1,1285,2024-12-19,20260106T061500Z-QE24M
L24-1131,P-16900-D,D,2080,ML-03,E-0133,2024-12-02 10:35:00,2024-12-11 19:44:00,MC-00534,H267890,P25,D3,closed,128.1,141.1,2063,2025-01-07,20260106T061500Z-QE24M
L24-1132,P-12701-A,A,1000,SW-02,E-0103,2024-12-02 13:35:00,2024-12-03 11:25:00,MC-00476,H269109,M35,A1,closed,14.8,15.0,987,2024-12-23,20260106T061500Z-QE24M
L24-1133,P-12907-D,D,620,MT-05,E-0126,2024-12-02 15:51:00,2024-12-03 19:31:00,MC-00518,H459490,P25,D1,closed,20.7,20.6,604,2025-01-06,20260106T061500Z-QE24M
L24-1134,P-17764-A,A,770,SW-08,E-0116,2024-12-02 17:44:00,2024-12-03 15:01:00,MC-00554,H634226,M35,A3,closed,14.3,15.7,769,2025-01-07,20260106T061500Z-QE24M
L24-1135,P-17096-D,D,510,ML-05,E-0138,2024-12-02 19:24:00,2024-12-04 08:12:00,MC-00539,H403540,N10,D3,closed,22.8,21.7,497,2024-12-16,20260106T061500Z-QE24M
L24-1136,P-15662-A,A,365,GR-02,E-0142,2024-12-03 07:00:00,2024-12-04 06:41:00,MC-00512,H216044,M25,A1,closed,8.2,9.0,360,2024-12-19,20260106T061500Z-QE24M
L24-1137,P-13948-B,B,190,GR-04,E-0144,2024-12-03 08:34:00,2024-12-04 06:09:00,MC-00543,H161222,N10,B1,closed,6.1,6.7,189,2024-12-23,20260106T061500Z-QE24M
L24-1138,P-11173-A,A,2425,SW-01,E-0101,2024-12-03 10:22:00,2024-12-06 11:16:00,MC-00519,H947552,M25,A3,closed,51.9,54.4,2412,2024-12-23,20260106T061500Z-QE24M
L24-1139,P-14719-A,A,1385,SW-02,E-0103,2024-12-03 11:55:00,2024-12-05 16:00:00,MC-00541,H261294,M25,A2,closed,38.1,38.5,1340,2024-12-23,20260106T061500Z-QE24M
L24-1140,P-10749-A,A,495,ML-02,E-0131,2024-12-03 12:20:00,2024-12-04 21:26:00,MC-00537,H195868,M25,A2,closed,26.1,26.9,485,2024-12-17,20260106T061500Z-QE24M
L24-1141,P-16180-A,A,800,MT-02,E-0120,2024-12-03 16:18:00,2024-12-04 20:02:00,MC-00553,H699071,M25,A2,closed,20.7,20.2,681,2024-12-16,20260106T061500Z-QE24M
L24-1142,P-19323-B,B,1185,MT-04,E-0148,2024-12-03 18:17:00,2024-12-05 15:20:00,MC-00542,H249276,M25,B3,closed,31.0,30.0,1180,2024-12-23,20260106T061500Z-QE24M
L24-1143,P-12878-C,C,750,MT-05,E-0148,2024-12-03 20:01:00,2024-12-04 22:08:00,MC-00518,H459490,P25,C3,closed,19.1,20.1,742,2025-01-02,20260106T061500Z-QE24M
L24-1144,P-12016-A,A,860,ML-05,E-0137,2024-12-04 08:42:00,2024-12-09 09:09:00,MC-00504,H259523,N10,A1,closed,51.4,48.9,848,2025-01-06,20260106T061500Z-QE24M
L24-1145,P-11984-A,A,200,ML-01,E-0129,2024-12-04 09:55:00,2024-12-04 20:55:00,MC-00529,H813452,N10,A2,closed,11.0,11.4,199,2024-12-17,20260106T061500Z-QE24M
L24-1146,P-15234-A,A,675,SW-04,E-0107,2024-12-04 10:35:00,2024-12-05 13:14:00,MC-00544,H299491,P25,A2,closed,19.6,17.9,673,2025-01-06,20260106T061500Z-QE24M
L24-1147,P-13863-B,B,1275,GR-02,E-0142,2024-12-04 11:04:00,2024-12-13 07:42:00,MC-00543,H161222,N10,B1,closed,56.1,54.5,1260,2025-01-07,20260106T061500Z-QE24M
L24-1148,P-12828-B,B,1440,MT-01,E-0118,2024-12-04 20:07:00,2024-12-09 17:29:00,MC-00535,H785992,P25,B3,closed,48.4,49.9,1418,2025-01-08,20260106T061500Z-QE24M
L24-1149,P-14918-A,A,1685,MT-02,E-0122,2024-12-04 20:32:00,2024-12-09 21:57:00,MC-00544,H299491,P25,A1,closed,52.4,51.0,1678,2024-12-19,20260106T061500Z-QE24M
L24-1150,P-12023-C,C,2955,ML-01,E-0130,2024-12-04 21:25:00,2024-12-23 16:40:00,MC-00504,H259523,N10,C2,closed,216.3,194.6,2924,2025-01-20,20260106T061500Z-QE24M
L24-1151,P-11950-A,A,900,ML-04,E-0136,2024-12-04 22:07:00,2024-12-06 20:49:00,MC-00538,H327990,N10,A3,closed,32.7,33.3,894,2024-12-23,20260106T061500Z-QE24M
L24-1152,P-13317-A,A,1025,MT-04,E-0124,2024-12-05 15:50:00,2024-12-09 10:48:00,MC-00515,H727083,P25,A3,closed,29.0,26.8,1011,2025-01-20,20260106T061500Z-QE24M
L24-1153,P-11301-A,A,1050,SW-02,E-0104,2024-12-05 16:30:00,2024-12-06 19:39:00,MC-00552,H963279,M25,A3,closed,20.1,21.0,1032,2024-12-23,20260106T061500Z-QE24M
L24-1154,P-17934-A,A,840,SW-07,E-0114,2024-12-05 20:28:00,2024-12-10 11:07:00,MC-00525,H160137,M35,A2,closed,41.6,37.8,837,2025-01-09,20260106T061500Z-QE24M
L24-1155,P-18269-B,B,925,MT-06,E-0127,2024-12-06 09:38:00,2024-12-10 14:14:00,MC-00559,H358671,P25,B1,closed,38.6,110.2,908,2025-01-16,20260106T061500Z-QE24M
L24-1156,P-11803-A,A,540,ML-06,E-0139,2024-12-06 12:52:00,2024-12-10 07:20:00,MC-00545,H493712,S15,A1,closed,28.5,27.6,533,2025-01-06,20260106T061500Z-QE24M
L24-1157,P-13357-A,A,1205,MT-05,E-0125,2024-12-09 06:52:00,2024-12-10 12:57:00,MC-00556,H353083,P25,A3,closed,23.1,23.1,1192,2025-01-07,20260106T061500Z-QE24M
L24-1158,P-15577-C,C,965,GR-03,E-0143,2024-12-09 08:00:00,2024-12-11 12:49:00,MC-00551,H242269,M25,C3,closed,21.8,22.1,954,2024-12-20,20260106T061500Z-QE24M
L24-1159,P-14103-B,B,2295,MT-03,E-0121,2024-12-09 08:08:00,2024-12-12 06:48:00,MC-00511,H349741,P25,B1,closed,49.7,51.5,2264,2024-12-23,20260106T061500Z-QE24M
L24-1160,P-13248-A,A,2420,SW-03,E-0105,2024-12-09 09:03:00,2024-12-11 17:59:00,MC-00493,H649501,P25,A3,closed,42.9,43.7,2402,2025-01-03,20260106T061500Z-QE24M
L24-1161,P-16596-C,C,345,ML-02,E-0131,2024-12-09 09:06:00,2024-12-10 06:47:00,MC-00483,H169048,M25,C2,closed,14.7,15.2,340,2025-01-06,20260106T061500Z-QE24M
L24-1162,P-12223-A,A,510,GR-01,E-0141,2024-12-09 09:10:00,2024-12-11 06:28:00,MC-00549,H394489,S15,A2,closed,14.3,14.7,506,2025-01-06,20260106T061500Z-QE24M
L24-1163,P-14811-C,C,695,SW-05,E-0109,2024-12-09 09:32:00,2024-12-10 12:54:00,MC-00547,H633653,M25,C1,closed,20.4,20.5,672,2024-12-23,20260106T061500Z-QE24M
L24-1164,P-17220-A,A,825,ML-05,E-0137,2024-12-09 09:39:00,2024-12-10 22:53:00,MC-00516,H493852,N10,A2,closed,30.2,31.7,730,2024-12-20,20260106T061500Z-QE24M
L24-1165,P-16645-A,A,855,ML-04,E-0135,2024-12-09 10:05:00,2024-12-12 07:32:00,MC-00526,H272847,M25,A1,closed,48.5,51.3,849,2025-01-07,20260106T061500Z-QE24M
L24-1166,P-14175-A,A,710,MT-04,E-0124,2024-12-09 14:47:00,2024-12-11 11:14:00,MC-00493,H649501,P25,A3,closed,30.5,31.1,684,2025-01-06,20260106T061500Z-QE24M
L24-1167,P-14168-B,B,955,MT-02,E-0120,2024-12-09 22:27:00,2024-12-11 16:17:00,MC-00533,H367328,P25,B3,closed,27.8,119.0,742,2025-01-10,20260106T061500Z-QE24M
L24-1168,P-15977-A,A,510,ML-02,E-0131,2024-12-10 07:17:00,2024-12-11 15:38:00,MC-00541,H261294,M25,A2,closed,25.4,26.8,509,2025-01-06,20260106T061500Z-QE24M
L24-1169,P-11413-A,A,265,ML-06,E-0146,2024-12-10 07:50:00,2024-12-11 06:42:00,MC-00534,H267890,P25,A2,closed,15.9,16.5,263,2025-01-08,20260106T061500Z-QE24M
L24-1170,P-14928-A,A,1390,MT-05,E-0121,2024-12-10 13:27:00,2024-12-11 18:13:00,MC-00560,H344463,P25,A3,closed,21.8,21.2,1386,2025-01-06,20260106T061500Z-QE24M
L24-1171,P-14117-A,A,1065,MT-06,E-0128,2024-12-10 14:44:00,2024-12-13 11:28:00,MC-00533,H367328,P25,A3,closed,47.7,49.0,808,2025-01-20,20260106T061500Z-QE24M
L24-1172,P-12004-A,A,910,ML-05,E-0137,2024-12-11 06:23:00,2024-12-13 19:12:00,MC-00538,H327990,N10,A1,closed,46.8,48.2,871,2025-01-06,20260106T061500Z-QE24M
L24-1173,P-11745-D,D,1560,ML-06,E-0139,2024-12-11 07:12:00,2024-12-16 15:52:00,MC-00549,H394489,S15,D1,closed,59.7,60.7,1517,2025-01-07,20260106T061500Z-QE24M
L24-1174,P-18710-A,A,1380,MT-04,E-0146,2024-12-11 11:44:00,2024-12-13 06:43:00,MC-00555,H719499,P25,A1,closed,29.0,28.6,1373,2025-01-20,20260106T061500Z-QE24M
L24-1175,P-14108-A,A,1735,MT-02,E-0120,2024-12-11 16:47:00,2024-12-13 14:25:00,MC-00533,H367328,P25,A3,closed,31.6,29.3,1717,2025-01-20,20260106T061500Z-QE24M
L24-1176,P-15057-A,A,1500,SW-03,E-0106,2024-12-11 18:29:00,2024-12-16 06:14:00,MC-00560,H344463,P25,A3,closed,38.8,34.7,1466,2025-01-17,20260106T061500Z-QE24M
L24-1177,P-14140-A,A,875,MT-05,E-0126,2024-12-11 18:43:00,2024-12-13 16:36:00,MC-00567,H260157,P25,A3,closed,31.9,32.6,872,2025-01-09,20260106T061500Z-QE24M
L24-1178,P-10212-A,A,685,GR-03,E-0143,2024-12-12 09:02:00,2024-12-16 09:45:00,MC-00548,H127393,P25,A2,closed,17.7,18.0,678,2025-01-17,20260106T061500Z-QE24M
L24-1179,P-15642-A,A,630,GR-04,E-0144,2024-12-12 10:02:00,2024-12-16 13:47:00,MC-00562,H408494,M25,A1,closed,20.7,22.8,619,2025-01-07,20260106T061500Z-QE24M
L24-1180,P-18642-D,D,530,MT-01,E-0117,2024-12-12 11:21:00,2024-12-13 10:41:00,MC-00498,H577574,P25,D2,closed,16.3,16.6,530,2025-01-03,20260106T061500Z-QE24M
L24-1181,P-11909-A,A,1960,ML-04,E-0136,2024-12-12 17:13:00,2024-12-23 06:43:00,MC-00504,H259523,N10,A3,closed,108.5,261.0,1943,2025-01-17,20260106T061500Z-QE24M
L24-1182,P-15986-A,A,1045,ML-02,E-0132,2024-12-13 14:48:00,2024-12-18 13:28:00,MC-00546,H434794,M25,A3,closed,49.7,50.9,1036,2025-01-09,20260106T061500Z-QE24M
L24-1183,P-16180-A,A,740,MT-02,E-0147,2024-12-13 14:55:00,2024-12-16 17:19:00,MC-00553,H699071,M25,A2,closed,19.4,21.1,732,2025-01-06,20260106T061500Z-QE24M
L24-1184,P-12868-D,D,700,MT-04,E-0124,2024-12-13 15:13:00,2024-12-16 17:33:00,MC-00555,H719499,P25,D1,closed,19.3,18.8,693,2025-01-06,20260106T061500Z-QE24M
L24-1185,P-17178-A,A,970,ML-05,E-0138,2024-12-13 19:42:00,2024-12-18 17:47:00,MC-00539,H403540,N10,A1,closed,49.1,50.9,967,2025-01-08,20260106T061500Z-QE24M
L24-1186,P-11920-C,C,5100,ML-03,E-0134,2024-12-13 20:01:00,2025-01-09 20:28:00,MC-00529,H813452,N10,C2,closed,204.4,221.1,4946,2025-01-27,20260106T061500Z-QE24M
L24-1187,P-11347-A,A,1155,SW-03,E-0105,2024-12-16 06:44:00,2024-12-18 07:18:00,MC-00562,H408494,M25,A3,closed,34.6,35.3,1144,2025-01-08,20260106T061500Z-QE24M
L24-1188,P-13380-B,B,905,MT-05,E-0125,2024-12-16 06:46:00,2024-12-17 12:14:00,MC-00557,H792546,P25,B3,closed,22.5,23.5,897,2025-01-13,20260106T061500Z-QE24M
L24-1189,P-11163-D,D,2200,SW-08,E-0115,2024-12-16 06:47:00,2024-12-19 09:01:00,MC-00562,H408494,M25,D2,closed,53.2,49.0,2182,2025-01-10,20260106T061500Z-QE24M
L24-1190,P-14795-A,A,1805,SW-07,E-0113,2024-12-16 07:46:00,2024-12-20 12:34:00,MC-00530,H452319,M25,A1,closed,72.8,77.8,1786,2025-01-08,20260106T061500Z-QE24M
L24-1191,P-15489-A,A,1265,SW-04,E-0107,2024-12-16 08:07:00,2024-12-18 07:41:00,MC-00563,H349418,M25,A1,closed,33.6,30.9,1255,2025-01-09,20260106T061500Z-QE24M
L24-1192,P-14952-A,A,1400,MT-01,E-0119,2024-12-16 08:21:00,2024-12-19 08:53:00,MC-00566,H608099,P25,A1,closed,51.5,51.4,1397,2025-01-16,20260106T061500Z-QE24M
L24-1193,P-11329-A,A,1050,SW-05,E-0109,2024-12-16 10:41:00,2024-12-18 07:20:00,MC-00565,H812280,M25,A2,closed,30.6,125.2,1038,2025-01-08,20260106T061500Z-QE24M
L24-1194,P-14989-D,D,1255,MT-05,E-0119,2024-12-17 13:21:00,2024-12-19 07:14:00,MC-00559,H358671,P25,D3,closed,27.9,29.8,1243,2025-01-13,20260106T061500Z-QE24M
L24-1195,P-19165-D,D,620,SW-06,E-0112,2024-12-17 20:21:00,2024-12-19 10:20:00,MC-00574,H561911,M25,D1,closed,24.0,23.6,408,2025-01-08,20260106T061500Z-QE24M
L24-1196,P-16831-C,C,510,ML-05,E-0137,2024-12-19 12:06:00,2024-12-20 22:35:00,MC-00518,H459490,P25,C1,closed,27.5,26.6,507,2025-01-16,20260106T061500Z-QE24M
L24-1197,P-13369-A,A,865,MT-03,E-0121,2024-12-20 07:03:00,2024-12-23 13:40:00,MC-00558,H251768,P25,A2,closed,23.6,24.7,858,2025-01-27,20260106T061500Z-QE24M
L24-1198,P-15419-B,B,1320,SW-05,E-0148,2024-12-23 17:50:00,2025-01-07 12:54:00,MC-00547,H633653,M25,B2,closed,63.1,61.4,1308,2025-01-16,20260106T061500Z-QE24M
L24-1199,P-15885-A,A,715,ML-06,E-0139,2025-01-02 06:18:00,2025-01-03 19:57:00,MC-00568,H801561,M25,A2,closed,30.6,30.3,708,2025-01-27,20260106T061500Z-QE24M
L24-1208,P-12618-A,A,530,SW-04,E-0107,2025-01-02 06:19:00,2025-01-02 20:06:00,MC-00525,H160137,M35,A1,closed,13.8,14.2,521,2025-01-27,20260106T061500Z-QE24M
L24-1200,P-16352-D,D,1475,MT-02,E-0119,2025-01-02 06:35:00,2025-01-07 11:56:00,MC-00551,H242269,M25,D2,closed,56.3,59.1,1466,2025-01-20,20260106T061500Z-QE24M
L25-0001,P-10567-A,A,425,ML-05,E-0137,2025-01-02 07:09:00,2025-01-03 15:32:00,MC-00502,H698279,P25,A2,closed,25.4,26.9,418,2025-01-17,20260106T061500Z-QE24M
L24-1209,P-17732-C,C,1215,SW-02,E-0103,2025-01-02 07:10:00,2025-01-06 21:44:00,MC-00573,H229440,M25,C1,closed,48.6,48.9,1200,2025-01-20,20260106T061500Z-QE24M
L24-1210,P-17329-D,D,1340,SW-07,E-0113,2025-01-02 07:21:00,2025-01-03 17:41:00,MC-00579,H746965,N10,D2,closed,27.3,27.5,1332,2025-01-24,20260106T061500Z-QE24M
L24-1201,P-18420-D,D,975,MT-01,E-0117,2025-01-02 07:45:00,2025-01-03 15:32:00,MC-00566,H608099,P25,D3,closed,24.8,24.1,971,2025-01-27,20260106T061500Z-QE24M
L25-0002,P-16335-A,A,310,MT-04,E-0123,2025-01-02 07:50:00,2025-01-02 17:52:00,MC-00565,H812280,M25,A3,closed,10.0,10.5,307,2025-01-16,20260106T061500Z-QE24M
L25-0003,P-17474-C,C,645,SW-01,E-0101,2025-01-02 08:13:00,2025-01-03 06:02:00,MC-00547,H633653,M25,C1,closed,14.8,15.4,639,2025-01-20,20260106T061500Z-QE24M
L24-1211,P-10563-D,D,1395,ML-04,E-0135,2025-01-02 08:42:00,2025-01-08 14:51:00,MC-00561,H516111,P25,D1,closed,74.1,73.0,1386,2025-01-13,20260106T061500Z-QE24M
L24-1206,P-17937-B,B,1145,SW-06,E-0111,2025-01-02 09:17:00,2025-01-03 13:36:00,MC-00525,H160137,M35,B3,closed,21.3,23.5,1129,2025-02-03,20260106T061500Z-QE24M
L24-1212,P-10235-A,A,1700,GR-04,E-0144,2025-01-02 09:23:00,2025-01-08 12:57:00,MC-00559,H358671,P25,A2,closed,37.6,37.2,1687,2025-02-03,20260106T061500Z-QE24M
L24-1213,P-13458-B,B,915,MT-03,E-0121,2025-01-02 09:30:00,2025-01-02 21:39:00,MC-00578,H953073,P25,B3,closed,12.2,13.5,905,2025-01-28,20260106T061500Z-QE24M
L25-0005,P-10469-D,D,1010,ML-01,E-0129,2025-01-02 09:39:00,2025-01-06 20:04:00,MC-00561,H516111,P25,D1,closed,44.4,39.1,994,2025-01-27,20260106T061500Z-QE24M
L24-1202,P-13431-A,A,890,MT-05,E-0125,2025-01-02 09:52:00,2025-01-03 12:29:00,MC-00570,H685635,P25,A3,closed,19.6,17.9,879,2025-01-20,20260106T061500Z-QE24M
L24-1207,P-10857-C,C,2920,ML-02,E-0131,2025-01-02 09:56:00,2025-01-15 11:46:00,MC-00537,H195868,M25,C3,closed,154.8,149.0,2894,2025-01-27,20260106T061500Z-QE24M
L25-0006,P-17014-A,A,1000,SW-03,E-0105,2025-01-02 10:01:00,2025-01-06 09:51:00,MC-00527,H261570,M25,A1,closed,33.8,38.1,976,2025-01-24,20260106T061500Z-QE24M
L24-1214,P-16499-A,A,1240,MT-06,E-0127,2025-01-02 10:30:00,2025-01-03 19:39:00,MC-00576,H538125,M25,A2,closed,26.1,25.1,1229,2025-01-20,20260106T061500Z-QE24M
L24-1203,P-13888-A,A,620,GR-02,E-0142,2025-01-02 10:46:00,2025-01-07 09:46:00,MC-00539,H403540,N10,A1,closed,24.5,23.2,610,2025-01-21,20260106T061500Z-QE24M
L24-1204,P-14350-D,D,1485,GR-03,E-0143,2025-01-02 12:03:00,2025-01-13 10:15:00,MC-00555,H719499,P25,D1,closed,57.7,51.1,1474,2025-01-30,20260106T061500Z-QE24M
L24-1205,P-12678-A,A,885,SW-08,E-0116,2025-01-02 17:35:00,2025-01-06 06:30:00,MC-00525,H160137,M35,A1,closed,22.9,22.0,882,2025-01-21,20260106T061500Z-QE24M
L25-0009,P-18384-C,C,1110,MT-04,E-0124,2025-01-02 18:22:00,2025-01-06 09:56:00,MC-00591,H629326,P25,C1,closed,25.6,25.1,1088,2025-01-24,20260106T061500Z-QE24M
L25-0010,P-19299-A,A,2700,MT-03,E-0121,2025-01-03 09:53:00,2025-01-10 12:56:00,MC-00573,H229440,M25,A1,closed,88.0,82.7,2640,2025-01-23,20260106T061500Z-QE24M
L25-0011,P-10599-C,C,860,ML-05,E-0138,2025-01-03 16:02:00,2025-01-08 18:12:00,MC-00540,H889001,P25,C2,closed,53.2,51.6,856,2025-01-24,20260106T061500Z-QE24M
L25-0004,P-10798-C,C,485,ML-06,E-0139,2025-01-03 20:27:00,2025-01-07 20:49:00,MC-00577,H664560,M25,C3,closed,34.4,35.9,360,2025-01-27,20260106T061500Z-QE24M
L25-0012,P-14587-C,C,2290,SW-06,E-0111,2025-01-06 07:34:00,2025-01-08 15:07:00,MC-00597,H844623,M25,C2,closed,41.5,41.7,2282,2025-01-16,20260106T061500Z-QE24M
L25-0013,P-15367-A,A,755,SW-08,E-0146,2025-01-06 07:59:00,2025-01-07 14:53:00,MC-00569,H579308,M25,A2,closed,23.9,23.6,736,2025-01-20,20260106T061500Z-QE24M
L25-0015,P-17326-D,D,1125,SW-04,E-0107,2025-01-06 10:12:00,2025-01-08 06:45:00,MC-00582,H656121,N10,D3,closed,30.6,29.9,953,2025-01-23,20260106T061500Z-QE24M
L25-0016,P-18106-D,D,975,GR-01,E-0141,2025-01-06 10:19:00,2025-01-09 06:01:00,MC-00572,H771195,P25,D2,closed,21.2,19.8,964,2025-01-20,20260106T061500Z-QE24M
L25-0017,P-16870-A,A,305,ML-01,E-0129,2025-01-07 09:26:00,2025-01-08 14:17:00,MC-00555,H719499,P25,A3,closed,21.9,21.3,304,2025-01-24,20260106T061500Z-QE24M
L25-0007,P-16180-A,A,810,MT-02,E-0119,2025-01-07 12:26:00,2025-01-08 16:23:00,MC-00575,H998391,M25,A2,closed,21.0,20.7,805,2025-01-23,20260106T061500Z-QE24M
L25-0008,P-19125-B,B,1005,SW-05,E-0109,2025-01-07 13:24:00,2025-01-13 06:51:00,MC-00597,H844623,M25,B1,closed,61.5,62.3,755,2025-01-16,20260106T061500Z-QE24M
L25-0018,P-17287-A,A,630,SW-08,E-0116,2025-01-07 15:23:00,2025-01-08 08:56:00,MC-00564,H481837,N10,A3,closed,10.6,10.3,620,2025-01-22,20260106T061500Z-QE24M
L25-0014,P-11642-D,D,990,ML-06,E-0139,2025-01-07 21:19:00,2025-01-09 20:40:00,MC-00522,H636213,S15,D3,closed,33.4,31.8,974,2025-01-27,20260106T061500Z-QE24M
L25-0020,P-19318-A,A,1425,MT-05,E-0125,2025-01-08 10:59:00,2025-01-10 09:54:00,MC-00569,H579308,M25,A3,closed,32.9,31.6,1415,2025-01-17,20260106T061500Z-QE24M
L25-0021,P-11831-D,D,590,ML-05,E-0138,2025-01-08 18:42:00,2025-01-10 12:47:00,MC-00549,H394489,S15,D3,closed,28.1,31.5,590,2025-01-24,20260106T061500Z-QE24M
L25-0022,P-11173-A,A,2425,SW-01,E-0101,2025-01-09 08:00:00,2025-01-14 08:54:00,MC-00551,H242269,M25,A3,closed,51.9,49.7,2415,2025-01-28,20260106T061500Z-QE24M
L25-0023,P-13447-D,D,1135,MT-01,E-0145,2025-01-09 10:01:00,2025-01-14 13:28:00,MC-00586,H588075,P25,D2,closed,54.5,56.3,863,2025-02-13,20260106T061500Z-QE24M
L25-0024,P-14108-A,A,1835,MT-02,E-0119,2025-01-09 12:22:00,2025-01-13 11:39:00,MC-00592,H250556,P25,A3,closed,33.3,32.7,1825,2025-02-10,20260106T061500Z-QE24M
L25-0019,P-17153-C,C,715,ML-06,E-0139,2025-01-09 21:10:00,2025-01-14 14:53:00,MC-00582,H656121,N10,C3,closed,44.7,43.3,714,2025-02-03,20260106T061500Z-QE24M
L25-0025,P-15181-A,A,1735,SW-07,E-0114,2025-01-09 22:30:00,2025-01-14 06:36:00,MC-00590,H246703,P25,A3,closed,35.1,34.5,1715,2025-02-07,20260106T061500Z-QE24M
L25-0026,P-14103-B,B,2560,MT-06,E-0127,2025-01-10 06:09:00,2025-01-15 10:13:00,MC-00595,H765962,P25,B1,closed,55.1,56.7,2528,2025-01-27,20260106T061500Z-QE24M
L25-0027,P-10257-C,C,715,GR-01,E-0141,2025-01-10 07:03:00,2025-01-15 09:28:00,MC-00580,H544606,P25,C2,closed,27.9,24.6,711,2025-02-14,20260106T061500Z-QE24M
L25-0028,P-12075-A,A,4040,GR-02,E-0142,2025-01-10 08:01:00,2025-01-28 12:42:00,MC-00571,H257896,S15,A3,closed,106.7,98.1,3624,2025-02-17,20260106T061500Z-QE24M
L25-0029,P-14918-A,A,1480,MT-05,E-0119,2025-01-10 11:32:00,2025-01-15 06:57:00,MC-00585,H532096,P25,A1,closed,46.4,49.7,1476,2025-02-03,20260106T061500Z-QE24M
L25-0030,P-17131-A,A,900,ML-05,E-0137,2025-01-10 13:17:00,2025-01-14 12:26:00,MC-00564,H481837,N10,A1,closed,33.2,34.2,894,2025-01-29,20260106T061500Z-QE24M
L25-0031,P-18347-A,A,2100,MT-03,E-0121,2025-01-10 13:26:00,2025-01-13 15:53:00,MC-00608,H512340,P25,A3,closed,19.4,20.6,2085,2025-01-27,20260106T061500Z-QE24M
L25-0033,P-11920-C,C,5365,ML-01,E-0129,2025-01-13 07:01:00,2025-01-29 17:56:00,MC-00529,H813452,N10,C2,closed,214.9,225.8,5204,2025-02-07,20260106T061500Z-QE24M
L25-0034,P-17255-D,D,1245,SW-04,E-0107,2025-01-13 09:04:00,2025-01-14 19:33:00,MC-00582,H656121,N10,D2,closed,27.5,29.2,1242,2025-01-30,20260106T061500Z-QE24M
L25-0035,P-11930-A,A,595,ML-03,E-0133,2025-01-13 09:49:00,2025-01-15 07:05:00,MC-00615,H898099,N10,A1,closed,31.3,31.3,584,2025-01-20,20260106T061500Z-QE24M
L25-0036,P-12835-A,A,645,MT-04,E-0123,2025-01-13 10:51:00,2025-01-14 09:38:00,MC-00581,H562839,P25,A1,closed,15.8,16.2,642,2025-02-07,20260106T061500Z-QE24M
L25-0037,P-16180-A,A,775,MT-02,E-0145,2025-01-13 12:09:00,2025-01-14 15:19:00,MC-00575,H998391,M25,A2,closed,20.2,20.1,769,2025-01-29,20260106T061500Z-QE24M
L25-0038,P-13530-B,B,610,GR-04,E-0144,2025-01-13 14:18:00,2025-01-15 11:53:00,MC-00581,H562839,P25,B1,closed,14.6,15.7,606,2025-02-17,20260106T061500Z-QE24M
L25-0039,P-13321-A,A,905,MT-03,E-0147,2025-01-13 16:23:00,2025-01-14 19:35:00,MC-00587,H320090,P25,A3,closed,20.2,20.2,897,2025-02-03,20260106T061500Z-QE24M
L25-0040,P-11347-A,A,1065,SW-07,E-0113,2025-01-14 07:06:00,2025-01-15 22:12:00,MC-00565,H812280,M25,A3,closed,32.1,34.8,1051,2025-01-29,20260106T061500Z-QE24M
L25-0041,P-17751-B,B,1115,SW-03,E-0105,2025-01-14 07:18:00,2025-01-15 18:57:00,MC-00619,H464028,M25,B1,closed,28.6,195.6,1095,2025-01-17,20260106T061500Z-QE24M
L25-0042,P-17247-D,D,475,SW-01,E-0101,2025-01-14 09:24:00,2025-01-14 20:43:00,MC-00583,H851405,N10,D2,closed,11.3,11.5,475,2025-02-03,20260106T061500Z-QE24M
L25-0043,P-14175-A,A,790,MT-04,E-0123,2025-01-14 10:08:00,2025-01-16 09:41:00,MC-00572,H771195,P25,A3,closed,33.5,32.4,758,2025-02-14,20260106T061500Z-QE24M
L25-0044,P-15615-C,C,1240,GR-03,E-0143,2025-01-14 10:58:00,2025-01-16 08:45:00,MC-00576,H538125,M25,C1,closed,14.8,14.7,1237,2025-01-28,20260106T061500Z-QE24M
L25-0032,P-11856-B,B,1605,ML-06,E-0140,2025-01-14 15:23:00,2025-01-21 18:43:00,MC-00520,H704355,S15,B3,closed,88.3,83.9,1586,2025-02-03,20260106T061500Z-QE24M
L25-0045,P-14992-A,A,1520,MT-02,E-0126,2025-01-14 15:49:00,2025-01-17 12:55:00,MC-00608,H512340,P25,A2,closed,48.1,45.1,1513,2025-02-18,20260106T061500Z-QE24M
L25-0046,P-11163-D,D,2200,SW-02,E-0103,2025-01-15 06:38:00,2025-01-20 08:52:00,MC-00596,H763617,M25,D2,closed,53.2,52.0,2142,2025-02-03,20260106T061500Z-QE24M
L25-0047,P-18315-A,A,1735,MT-05,E-0125,2025-01-15 07:27:00,2025-01-17 12:18:00,MC-00608,H512340,P25,A1,closed,38.9,40.1,1723,2025-01-31,20260106T061500Z-QE24M
L25-0048,P-19323-B,B,1115,MT-01,E-0117,2025-01-15 07:32:00,2025-01-16 19:55:00,MC-00569,H579308,M25,B3,closed,29.4,30.9,1111,2025-01-31,20260106T061500Z-QE24M
L25-0049,P-10653-D,D,305,ML-02,E-0132,2025-01-15 15:12:00,2025-01-16 18:38:00,MC-00620,H499833,M25,D2,closed,20.4,20.1,299,2025-01-31,20260106T061500Z-QE24M
L25-0050,P-19209-C,C,330,SW-07,E-0114,2025-01-15 22:42:00,2025-01-16 22:14:00,MC-00577,H664560,M25,C1,closed,16.5,236.5,327,2025-02-03,20260106T061500Z-QE24M
L25-0051,P-17814-A,A,345,SW-08,E-0115,2025-01-16 08:17:00,2025-01-16 21:00:00,MC-00554,H634226,M35,A2,closed,12.7,12.3,339,2025-02-12,20260106T061500Z-QE24M
L25-0052,P-18051-D,D,950,GR-03,E-0143,2025-01-16 09:15:00,2025-01-20 09:21:00,MC-00595,H765962,P25,D3,closed,17.1,19.8,946,2025-02-17,20260106T061500Z-QE24M
L25-0053,P-14966-D,D,1280,MT-03,E-0121,2025-01-16 09:20:00,2025-01-20 17:48:00,MC-00585,H532096,P25,D1,closed,42.5,41.7,1268,2025-01-29,20260106T061500Z-QE24M
L25-0054,P-14773-A,A,945,SW-05,E-0109,2025-01-16 10:05:00,2025-01-17 21:07:00,MC-00619,H464028,M25,A3,closed,28.0,28.8,936,2025-02-10,20260106T061500Z-QE24M
L25-0055,P-13350-A,A,910,MT-04,E-0123,2025-01-16 10:11:00,2025-01-20 08:27:00,MC-00593,H852777,P25,A2,closed,32.3,32.8,849,2025-02-06,20260106T061500Z-QE24M
L25-0056,P-10749-A,A,540,ML-04,E-0135,2025-01-16 11:46:00,2025-01-17 22:58:00,MC-00577,H664560,M25,A2,closed,28.2,26.8,533,2025-02-05,20260106T061500Z-QE24M
L25-0057,P-12303-D,D,890,GR-01,E-0146,2025-01-16 13:30:00,2025-01-21 09:24:00,MC-00520,H704355,S15,D3,closed,21.4,20.6,876,2025-02-06,20260106T061500Z-QE24M
L25-0058,P-13328-A,A,1035,MT-01,E-0118,2025-01-16 20:25:00,2025-01-22 13:12:00,MC-00598,H119472,P25,A2,closed,60.8,58.2,1029,2025-02-10,20260106T061500Z-QE24M
L25-0059,P-15697-A,A,570,GR-04,E-0144,2025-01-17 07:36:00,2025-01-21 14:30:00,MC-00606,H457031,M25,A3,closed,23.9,25.1,526,2025-02-10,20260106T061500Z-QE24M
L25-0060,P-17038-D,D,1000,SW-05,E-0110,2025-01-17 21:37:00,2025-01-21 17:37:00,MC-00636,H770641,M25,D2,closed,30.0,29.9,991,2025-02-06,20260106T061500Z-QE24M
L25-0061,P-12947-A,A,1170,MT-06,E-0127,2025-01-20 07:22:00,2025-01-21 20:04:00,MC-00628,H449064,P25,A1,closed,29.7,28.3,1135,2025-01-31,20260106T061500Z-QE24M
L25-0062,P-12004-A,A,930,ML-03,E-0133,2025-01-20 07:46:00,2025-01-22 21:34:00,MC-00594,H104634,N10,A1,closed,47.8,49.3,927,2025-02-03,20260106T061500Z-QE24M
L25-0063,P-13307-B,B,905,MT-04,E-0123,2025-01-20 08:57:00,2025-01-21 16:32:00,MC-00602,H114194,P25,B2,closed,24.6,23.5,891,2025-02-21,20260106T061500Z-QE24M
L25-0064,P-10184-A,A,630,GR-03,E-0143,2025-01-20 09:51:00,2025-01-22 06:40:00,MC-00585,H532096,P25,A1,closed,13.8,13.8,625,2025-02-19,20260106T061500Z-QE24M
L25-0065,P-11909-A,A,1920,ML-05,E-0137,2025-01-20 10:25:00,2025-01-28 14:46:00,MC-00615,H898099,N10,A3,closed,106.4,104.7,1908,2025-02-10,20260106T061500Z-QE24M
L25-0066,P-11201-A,A,1085,SW-08,E-0115,2025-01-20 10:56:00,2025-01-21 22:36:00,MC-00606,H457031,M25,A3,closed,28.7,26.6,1057,2025-02-07,20260106T061500Z-QE24M
L25-0067,P-16180-A,A,740,MT-02,E-0119,2025-01-20 13:02:00,2025-01-21 15:27:00,MC-00636,H770641,M25,A2,closed,19.4,19.2,738,2025-02-10,20260106T061500Z-QE24M
L25-0068,P-14140-A,A,890,MT-03,E-0122,2025-01-20 18:18:00,2025-01-22 16:40:00,MC-00567,H260157,P25,A3,closed,32.4,33.8,885,2025-02-10,20260106T061500Z-QE24M
L25-0069,P-14989-D,D,1410,MT-05,E-0126,2025-01-20 19:20:00,2025-01-22 16:18:00,MC-00608,H512340,P25,D3,closed,31.0,31.2,1394,2025-02-24,20260106T061500Z-QE24M
L25-0070,P-14384-D,D,505,GR-01,E-0141,2025-01-21 09:54:00,2025-01-23 12:23:00,MC-00628,H449064,P25,D2,closed,19.5,17.4,494,2025-02-17,20260106T061500Z-QE24M
L25-0071,P-14196-A,A,1500,MT-02,E-0120,2025-01-21 15:57:00,2025-01-27 22:12:00,MC-00588,H410995,P25,A2,closed,74.2,76.5,1490,2025-02-24,20260106T061500Z-QE24M
L25-0072,P-11329-A,A,1120,SW-05,E-0147,2025-01-21 18:07:00,2025-01-23 16:37:00,MC-00596,H763617,M25,A2,closed,32.5,33.8,1110,2025-02-10,20260106T061500Z-QE24M
L25-0073,P-17500-A,A,1295,SW-06,E-0112,2025-01-21 22:46:00,2025-01-24 07:22:00,MC-00563,H349418,M25,A3,closed,35.6,33.9,1256,2025-02-10,20260106T061500Z-QE24M
L25-0074,P-16147-A,A,870,ML-02,E-0131,2025-01-22 06:21:00,2025-01-24 10:09:00,MC-00601,H829302,M25,A3,closed,37.8,36.1,866,2025-02-06,20260106T061500Z-QE24M
L25-0075,P-10284-A,A,475,GR-03,E-0143,2025-01-22 08:51:00,2025-01-23 13:48:00,MC-00612,H648540,P25,A2,closed,13.4,13.5,469,2025-02-13,20260106T061500Z-QE24M
L25-0076,P-14159-A,A,260,MT-01,E-0117,2025-01-22 13:42:00,2025-01-23 06:49:00,MC-00599,H641727,P25,A3,closed,10.1,9.6,255,2025-02-05,20260106T061500Z-QE24M
L25-0077,P-14499-A,A,1225,SW-07,E-0114,2025-01-23 22:25:00,2025-01-27 08:46:00,MC-00623,H400011,M25,A1,closed,20.4,20.0,1202,2025-02-14,20260106T061500Z-QE24M
L25-0078,P-12750-D,D,2190,SW-04,E-0107,2025-01-24 12:13:00,2025-01-30 08:32:00,MC-00554,H634226,M35,D2,closed,64.3,63.0,2172,2025-02-24,20260106T061500Z-QE24M
L25-0079,P-18795-A,A,975,MT-03,E-0121,2025-01-27 06:04:00,2025-01-29 06:25:00,MC-00624,H933854,P25,A2,closed,34.4,34.7,954,2025-02-27,20260106T061500Z-QE24M
L25-0080,P-18035-B,B,495,GR-01,E-0141,2025-01-27 06:56:00,2025-01-29 08:26:00,MC-00599,H641727,P25,B2,closed,18.5,17.6,494,2025-02-28,20260106T061500Z-QE24M
L25-0081,P-12016-A,A,925,ML-02,E-0131,2025-01-27 07:26:00,2025-01-30 11:32:00,MC-00621,H285159,N10,A1,closed,55.1,57.0,724,2025-02-14,20260106T061500Z-QE24M
L25-0082,P-11584-A,A,1755,ML-06,E-0139,2025-01-27 08:40:00,2025-02-07 07:16:00,MC-00629,H377037,P25,A1,closed,151.6,144.9,1661,2025-02-27,20260106T061500Z-QE24M
L25-0083,P-11033-A,A,190,ML-04,E-0135,2025-01-27 08:49:00,2025-01-27 20:30:00,MC-00612,H648540,P25,A3,closed,11.7,12.1,187,2025-02-14,20260106T061500Z-QE24M
L25-0084,P-12828-B,B,1520,MT-01,E-0117,2025-01-27 09:10:00,2025-01-30 09:03:00,MC-00645,H823741,P25,B3,closed,50.9,48.5,1494,2025-02-28,20260106T061500Z-QE24M
L25-0085,P-17004-D,D,1000,SW-07,E-0113,2025-01-27 10:58:00,2025-01-28 21:28:00,MC-00623,H400011,M25,D1,closed,27.5,26.8,994,2025-02-10,20260106T061500Z-QE24M
L25-0086,P-16263-A,A,1610,MT-02,E-0119,2025-01-28 10:46:00,2025-01-30 17:20:00,MC-00641,H135265,M25,A2,closed,40.6,120.6,1591,2025-02-12,20260106T061500Z-QE24M
L25-0087,P-18153-B,B,595,GR-02,E-0142,2025-01-28 13:12:00,2025-01-30 10:37:00,MC-00600,H772389,P25,B1,closed,14.4,13.9,592,2025-02-17,20260106T061500Z-QE24M
L25-0088,P-17147-C,C,1010,ML-05,E-0138,2025-01-28 15:16:00,2025-02-03 22:39:00,MC-00543,H161222,N10,C3,closed,75.4,82.5,1006,2025-02-18,20260106T061500Z-QE24M
L25-0089,P-16107-A,A,1445,ML-03,E-0134,2025-01-28 19:43:00,2025-02-04 22:58:00,MC-00589,H284120,M25,A2,closed,88.3,93.0,1426,2025-02-20,20260106T061500Z-QE24M
L25-0090,P-14656-A,A,1885,SW-01,E-0101,2025-01-29 07:33:00,2025-02-03 17:03:00,MC-00584,H972295,M25,A2,closed,60.5,61.9,1879,2025-02-17,20260106T061500Z-QE24M
L25-0091,P-13806-A,A,1735,GR-01,E-0141,2025-01-29 08:56:00,2025-02-06 08:39:00,MC-00645,H823741,P25,A2,closed,50.7,43.7,1720,2025-03-03,20260106T061500Z-QE24M
L25-0092,P-12040-C,C,775,GR-03,E-0143,2025-01-29 09:27:00,2025-01-31 14:11:00,MC-00609,H130866,S15,C3,closed,21.7,24.0,745,2025-02-17,20260106T061500Z-QE24M
L25-0093,P-13926-A,A,4870,GR-04,E-0144,2025-01-29 10:39:00,2025-02-18 09:05:00,MC-00603,H514522,N10,A1,closed,117.4,110.9,4154,2025-03-10,20260106T061500Z-QE24M
L25-0094,P-13285-C,C,2290,SW-05,E-0109,2025-01-29 13:20:00,2025-02-05 06:09:00,MC-00600,H772389,P25,C1,closed,77.8,87.4,2255,2025-02-17,20260106T061500Z-QE24M
L25-0095,P-15401-A,A,1025,SW-07,E-0114,2025-01-29 17:15:00,2025-01-31 07:36:00,MC-00619,H464028,M25,A3,closed,24.4,130.9,1018,2025-02-04,20260106T061500Z-QE24M
L25-0096,P-11984-A,A,195,ML-04,E-0135,2025-01-30 06:07:00,2025-01-30 16:55:00,MC-00616,H660469,N10,A2,closed,10.8,10.7,194,2025-02-17,20260106T061500Z-QE24M
L25-0097,P-19192-D,D,580,SW-04,E-0107,2025-01-30 09:02:00,2025-01-31 08:46:00,MC-00623,H400011,M25,D1,closed,16.7,15.3,578,2025-02-17,20260106T061500Z-QE24M
L25-0098,P-16128-A,A,880,ML-04,E-0148,2025-01-30 17:25:00,2025-02-04 10:29:00,MC-00619,H464028,M25,A3,closed,44.1,44.4,863,2025-02-13,20260106T061500Z-QE24M
L25-0099,P-11072-B,B,520,ML-01,E-0130,2025-01-30 22:23:00,2025-02-03 19:48:00,MC-00591,H629326,P25,B3,closed,31.4,95.9,513,2025-03-03,20260106T061500Z-QE24M
L25-0100,P-10743-D,D,260,ML-02,E-0146,2025-01-31 07:52:00,2025-01-31 21:10:00,MC-00641,H135265,M25,D3,closed,13.3,12.5,256,2025-02-14,20260106T061500Z-QE24M
L25-0101,P-15270-A,A,1450,SW-07,E-0113,2025-01-31 08:06:00,2025-02-04 08:16:00,MC-00604,H662855,P25,A1,closed,34.2,34.6,1443,2025-02-13,20260106T061500Z-QE24M
L25-0102,P-17995-A,A,820,SW-06,E-0112,2025-01-31 21:28:00,2025-02-04 08:22:00,MC-00605,H756938,M35,A2,closed,20.9,20.8,814,2025-02-26,20260106T061500Z-QE24M
L25-0103,P-19370-B,B,1950,MT-05,E-0125,2025-02-03 06:47:00,2025-02-06 15:40:00,MC-00626,H843979,M25,B3,closed,59.9,66.7,1942,2025-02-20,20260106T061500Z-QE24M
L25-0104,P-14371-D,D,1555,GR-03,E-0143,2025-02-03 06:49:00,2025-02-07 08:59:00,MC-00648,H470869,P25,D3,closed,36.2,37.4,1544,2025-03-03,20260106T061500Z-QE24M
L25-0105,P-12589-C,C,765,SW-03,E-0105,2025-02-03 07:33:00,2025-02-04 11:16:00,MC-00554,H634226,M35,C1,closed,20.7,20.4,743,2025-03-03,20260106T061500Z-QE24M
L25-0106,P-15362-C,C,540,SW-04,E-0107,2025-02-03 07:59:00,2025-02-04 16:39:00,MC-00601,H829302,M25,C3,closed,25.7,24.5,539,2025-02-21,20260106T061500Z-QE24M
L25-0107,P-14212-C,C,840,MT-01,E-0117,2025-02-03 08:38:00,2025-02-04 09:53:00,MC-00613,H362769,P25,C2,closed,18.3,18.9,818,2025-02-28,20260106T061500Z-QE24M
L25-0108,P-11265-A,A,1120,SW-08,E-0115,2025-02-03 09:15:00,2025-02-04 10:11:00,MC-00635,H794589,M25,A1,closed,17.9,18.4,1107,2025-02-24,20260106T061500Z-QE24M
L25-0109,P-12868-D,D,735,MT-04,E-0123,2025-02-03 10:12:00,2025-02-04 13:21:00,MC-00628,H449064,P25,D1,closed,20.1,19.5,720,2025-02-24,20260106T061500Z-QE24M
L25-0110,P-16933-A,A,910,ML-02,E-0131,2025-02-03 10:14:00,2025-02-06 15:38:00,MC-00628,H449064,P25,A3,closed,56.4,56.9,893,2025-02-27,20260106T061500Z-QE24M
L25-0111,P-13648-A,A,2225,GR-02,E-0142,2025-02-03 10:58:00,2025-02-12 06:46:00,MC-00637,H537360,P25,A3,closed,55.3,56.8,2209,2025-03-03,20260106T061500Z-QE24M
L25-0112,P-16903-B,B,920,ML-01,E-0130,2025-02-03 20:18:00,2025-02-07 11:44:00,MC-00637,H537360,P25,B2,closed,59.4,57.3,912,2025-03-14,20260106T061500Z-QE24M
L25-0113,P-11490-A,A,200,ML-05,E-0137,2025-02-04 06:09:00,2025-02-04 20:39:00,MC-00629,H377037,P25,A1,closed,14.5,15.7,199,2025-03-03,20260106T061500Z-QE24M
L25-0114,P-14928-A,A,1445,MT-01,E-0125,2025-02-04 10:23:00,2025-02-05 15:54:00,MC-00591,H629326,P25,A3,closed,22.5,24.9,1440,2025-03-06,20260106T061500Z-QE24M
L25-0115,P-11828-C,C,860,ML-05,E-0138,2025-02-04 21:09:00,2025-02-07 13:52:00,MC-00610,H926825,S15,C2,closed,43.7,41.7,857,2025-02-12,20260106T061500Z-QE24M
L25-0116,P-13267-B,B,860,SW-08,E-0116,2025-02-04 22:12:00,2025-02-06 09:24:00,MC-00567,H260157,P25,B2,closed,21.2,19.4,852,2025-02-20,20260106T061500Z-QE24M
L25-0117,P-11923-A,A,1135,ML-04,E-0135,2025-02-05 06:58:00,2025-02-07 22:19:00,MC-00594,H104634,N10,A3,closed,49.3,51.8,1127,2025-02-25,20260106T061500Z-QE24M
L25-0118,P-13863-B,B,1340,GR-01,E-0141,2025-02-06 09:09:00,2025-02-17 08:29:00,MC-00617,H252858,N10,B1,closed,58.8,58.3,1336,2025-03-04,20260106T061500Z-QE24M
L25-0119,P-18488-C,C,1215,MT-05,E-0126,2025-02-06 16:10:00,2025-02-07 19:35:00,MC-00639,H507001,P25,C3,closed,20.4,19.9,1185,2025-03-03,20260106T061500Z-QE24M
L25-0120,P-12614-A,A,565,SW-08,E-0116,2025-02-06 17:18:00,2025-02-07 14:30:00,MC-00651,H644989,M35,A2,closed,14.2,14.8,551,2025-03-10,20260106T061500Z-QE24M
L25-0121,P-11226-C,C,1500,SW-03,E-0106,2025-02-06 20:33:00,2025-02-11 12:33:00,MC-00576,H538125,M25,C1,closed,43.0,43.6,1465,2025-02-26,20260106T061500Z-QE24M
L25-0122,P-19137-C,C,1755,SW-02,E-0104,2025-02-06 21:06:00,2025-02-12 20:44:00,MC-00659,H354958,M25,C3,closed,67.6,72.9,1739,2025-02-24,20260106T061500Z-QE24M
L25-0123,P-14168-B,B,960,MT-02,E-0119,2025-02-07 07:05:00,2025-02-10 18:03:00,MC-00622,H413202,P25,B3,closed,28.0,27.2,950,2025-02-28,20260106T061500Z-QE24M
L25-0124,P-11889-B,B,700,ML-06,E-0139,2025-02-07 07:46:00,2025-02-11 14:20:00,MC-00609,H130866,S15,B1,closed,40.6,40.7,687,2025-02-24,20260106T061500Z-QE24M
L25-0125,P-19461-D,D,675,MT-04,E-0123,2025-02-07 09:02:00,2025-02-10 06:51:00,MC-00607,H548784,M25,D2,closed,14.8,15.3,654,2025-02-24,20260106T061500Z-QE24M
L25-0126,P-15789-B,B,1245,GR-03,E-0143,2025-02-07 09:29:00,2025-02-13 13:09:00,MC-00635,H794589,M25,B3,closed,37.7,36.7,1224,2025-03-03,20260106T061500Z-QE24M
L25-0127,P-11167-D,D,1100,SW-07,E-0113,2025-02-07 13:29:00,2025-02-11 06:30:00,MC-00640,H519814,M25,D3,closed,27.0,27.6,1058,2025-02-24,20260106T061500Z-QE24M
L25-0128,P-10845-A,A,755,ML-04,E-0136,2025-02-07 22:49:00,2025-02-12 13:50:00,MC-00584,H972295,M25,A2,closed,42.0,40.7,737,2025-02-21,20260106T061500Z-QE24M
L25-0129,P-16034-D,D,1485,ML-02,E-0131,2025-02-10 07:15:00,2025-02-14 20:27:00,MC-00626,H843979,M25,D1,closed,81.2,81.1,1432,2025-02-28,20260106T061500Z-QE24M
L25-0130,P-18251-A,A,945,MT-06,E-0127,2025-02-10 07:29:00,2025-02-12 14:07:00,MC-00604,H662855,P25,A3,closed,40.6,39.6,941,2025-03-06,20260106T061500Z-QE24M
L25-0131,P-17849-A,A,1565,SW-05,E-0109,2025-02-10 07:47:00,2025-02-12 09:39:00,MC-00625,H749734,M35,A1,closed,35.9,37.6,1550,2025-03-10,20260106T061500Z-QE24M
L25-0132,P-14524-A,A,2790,SW-01,E-0101,2025-02-10 07:53:00,2025-02-12 20:35:00,MC-00661,H260199,M25,A1,closed,46.7,41.6,2758,2025-02-24,20260106T061500Z-QE24M
L25-0133,P-12722-A,A,430,SW-04,E-0107,2025-02-10 08:49:00,2025-02-10 21:38:00,MC-00651,H644989,M35,A1,closed,12.8,13.2,428,2025-02-27,20260106T061500Z-QE24M
L25-0134,P-14134-A,A,1555,MT-04,E-0123,2025-02-10 09:39:00,2025-02-12 08:12:00,MC-00567,H260157,P25,A1,closed,32.5,33.2,1529,2025-02-28,20260106T061500Z-QE24M
L25-0135,P-18526-A,A,3620,MT-01,E-0117,2025-02-10 09:40:00,2025-02-20 19:03:00,MC-00658,H751166,P25,A3,closed,145.4,144.4,3570,2025-03-05,20260106T061500Z-QE24M
L25-0136,P-14108-A,A,1710,MT-03,E-0121,2025-02-10 10:51:00,2025-02-12 08:04:00,MC-00622,H413202,P25,A3,closed,31.2,31.4,1699,2025-03-12,20260106T061500Z-QE24M
L25-0137,P-14952-A,A,1440,MT-02,E-0122,2025-02-10 18:33:00,2025-02-13 20:28:00,MC-00604,H662855,P25,A1,closed,52.9,53.5,1439,2025-03-13,20260106T061500Z-QE24M
L25-0138,P-10900-A,A,4940,ML-03,E-0134,2025-02-10 19:52:00,2025-02-24 06:01:00,MC-00633,H898631,P25,A3,closed,156.1,145.1,4857,2025-03-10,20260106T061500Z-QE24M
L25-0139,P-11373-D,D,245,ML-06,E-0140,2025-02-11 14:50:00,2025-02-12 17:37:00,MC-00637,H537360,P25,D2,closed,19.8,20.2,244,2025-03-07,20260106T061500Z-QE24M
L25-0140,P-10365-A,A,1740,GR-02,E-0142,2025-02-12 07:16:00,2025-02-20 09:43:00,MC-00655,H548016,P25,A2,closed,53.5,56.3,1717,2025-03-17,20260106T061500Z-QE24M
L25-0141,P-18841-A,A,1680,MT-04,E-0123,2025-02-12 08:42:00,2025-02-14 11:35:00,MC-00672,H173316,P25,A1,closed,36.9,36.1,1652,2025-03-17,20260106T061500Z-QE24M
L25-0142,P-10407-A,A,710,ML-05,E-0146,2025-02-12 08:56:00,2025-02-13 21:05:00,MC-00643,H529813,P25,A3,closed,29.2,131.7,705,2025-02-28,20260106T061500Z-QE24M
L25-0143,P-16316-C,C,3785,MT-03,E-0121,2025-02-12 10:12:00,2025-02-19 09:34:00,MC-00611,H172444,M25,C2,closed,84.4,86.9,3749,2025-03-07,20260106T061500Z-QE24M
L25-0144,P-16637-A,A,505,ML-01,E-0129,2025-02-12 12:11:00,2025-02-13 17:38:00,MC-00614,H840236,M25,A3,closed,22.4,20.9,486,2025-03-03,20260106T061500Z-QE24M
L25-0145,P-11320-D,D,1115,SW-05,E-0109,2025-02-12 13:14:00,2025-02-13 15:24:00,MC-00631,H542358,M25,D3,closed,19.2,18.8,1098,2025-02-28,20260106T061500Z-QE24M
L25-0146,P-11950-A,A,875,ML-04,E-0135,2025-02-12 14:20:00,2025-02-14 12:12:00,MC-00638,H516134,N10,A3,closed,31.9,31.4,863,2025-03-03,20260106T061500Z-QE24M
L25-0147,P-17389-B,B,365,SW-08,E-0148,2025-02-12 15:01:00,2025-02-13 10:48:00,MC-00603,H514522,N10,B1,closed,12.8,11.2,363,2025-03-07,20260106T061500Z-QE24M
L25-0148,P-12861-C,C,1635,MT-05,E-0126,2025-02-12 17:49:00,2025-02-14 18:25:00,MC-00649,H532657,P25,C2,closed,34.6,33.0,1601,2025-03-10,20260106T061500Z-QE24M
L25-0149,P-16863-B,B,765,ML-06,E-0140,2025-02-12 18:07:00,2025-02-14 13:07:00,MC-00650,H783400,P25,B2,closed,29.0,27.9,608,2025-03-17,20260106T061500Z-QE24M
L25-0150,P-14103-B,B,2440,MT-06,E-0128,2025-02-12 21:47:00,2025-02-18 06:23:00,MC-00663,H290661,P25,B1,closed,52.6,53.1,2410,2025-03-05,20260106T061500Z-QE24M
L25-0151,P-12284-B,B,765,GR-03,E-0143,2025-02-13 13:39:00,2025-02-18 09:07:00,MC-00609,H130866,S15,B2,closed,21.0,22.0,748,2025-02-25,20260106T061500Z-QE24M
L25-0152,P-16180-A,A,850,MT-02,E-0120,2025-02-13 20:58:00,2025-02-17 08:49:00,MC-00659,H354958,M25,A2,closed,21.8,22.8,836,2025-03-03,20260106T061500Z-QE24M
L25-0153,P-16839-B,B,2505,ML-01,E-0129,2025-02-14 09:26:00,2025-02-24 08:08:00,MC-00650,H783400,P25,B1,closed,100.7,112.0,2363,2025-03-31,20260106T061500Z-QE24M
L25-0154,P-16473-D,D,725,MT-04,E-0123,2025-02-14 12:05:00,2025-02-18 22:02:00,MC-00618,H471471,M25,D1,closed,44.0,44.5,711,2025-03-10,20260106T061500Z-QE24M
L25-0155,P-16760-D,D,615,ML-04,E-0135,2025-02-14 12:42:00,2025-02-18 07:32:00,MC-00672,H173316,P25,D3,closed,28.8,26.7,608,2025-03-03,20260106T061500Z-QE24M
L25-0156,P-12878-C,C,675,MT-05,E-0126,2025-02-14 18:55:00,2025-02-17 19:26:00,MC-00666,H807621,P25,C3,closed,17.5,16.6,667,2025-03-14,20260106T061500Z-QE24M
L25-0157,P-18115-C,C,975,GR-01,E-0141,2025-02-17 08:59:00,2025-02-20 09:34:00,MC-00663,H290661,P25,C3,closed,26.1,26.1,973,2025-03-21,20260106T061500Z-QE24M
L25-0158,P-17841-B,B,810,SW-07,E-0113,2025-02-17 09:16:00,2025-02-18 19:42:00,MC-00634,H395243,M35,B1,closed,27.4,29.6,638,2025-03-18,20260106T061500Z-QE24M
L25-0159,P-13403-A,A,905,MT-02,E-0119,2025-02-17 09:19:00,2025-02-18 08:44:00,MC-00652,H234183,P25,A2,closed,16.4,15.7,752,2025-03-11,20260106T061500Z-QE24M
L25-0160,P-17901-A,A,1025,SW-04,E-0107,2025-02-17 09:20:00,2025-02-18 22:30:00,MC-00653,H797540,M35,A3,closed,30.2,30.2,1014,2025-03-13,20260106T061500Z-QE24M
L25-0161,P-15861-B,B,3585,ML-06,E-0139,2025-02-17 10:32:00,2025-03-03 18:00:00,MC-00627,H495781,M25,B2,closed,177.5,189.4,3544,2025-03-24,20260106T061500Z-QE24M
L25-0162,P-15438-D,D,550,SW-08,E-0116,2025-02-17 14:46:00,2025-02-18 18:33:00,MC-00632,H960976,M25,D2,closed,20.8,19.8,536,2025-03-10,20260106T061500Z-QE24M
L25-0163,P-11163-D,D,2200,SW-03,E-0106,2025-02-17 18:19:00,2025-02-20 20:33:00,MC-00631,H542358,M25,D2,closed,53.2,52.1,2178,2025-03-10,20260106T061500Z-QE24M
L25-0164,P-12023-C,C,2925,ML-05,E-0137,2025-02-18 06:03:00,2025-03-06 16:08:00,MC-00621,H285159,N10,C2,closed,214.1,216.8,2916,2025-03-21,20260106T061500Z-QE24M
L25-0165,P-16180-A,A,800,MT-02,E-0119,2025-02-18 09:14:00,2025-02-19 12:58:00,MC-00659,H354958,M25,A2,closed,20.7,20.7,787,2025-03-07,20260106T061500Z-QE24M
L25-0166,P-13797-A,A,320,GR-04,E-0146,2025-02-18 09:35:00,2025-02-20 06:31:00,MC-00648,H470869,P25,A3,closed,13.9,14.3,315,2025-03-14,20260106T061500Z-QE24M
L25-0167,P-12065-A,A,1025,GR-03,E-0143,2025-02-18 09:37:00,2025-02-20 11:20:00,MC-00610,H926825,S15,A2,closed,18.7,17.3,1019,2025-03-03,20260106T061500Z-QE24M
L25-0168,P-18604-C,C,1660,MT-05,E-0145,2025-02-18 09:53:00,2025-02-20 09:02:00,MC-00643,H529813,P25,C2,closed,33.2,32.7,1649,2025-03-07,20260106T061500Z-QE24M
L25-0169,P-15142-A,A,1305,SW-08,E-0116,2025-02-18 19:03:00,2025-02-21 11:57:00,MC-00630,H924497,P25,A3,closed,43.9,41.9,1299,2025-03-28,20260106T061500Z-QE24M
L25-0170,P-16219-B,B,1170,MT-06,E-0128,2025-02-18 21:46:00,2025-02-20 10:28:00,MC-00647,H506704,M25,B3,closed,22.7,22.2,1157,2025-03-07,20260106T061500Z-QE24M
L25-0171,P-11301-A,A,1090,SW-06,E-0111,2025-02-19 06:56:00,2025-02-20 10:45:00,MC-00618,H471471,M25,A3,closed,20.8,20.4,1059,2025-03-06,20260106T061500Z-QE24M
L25-0172,P-17532-A,A,695,SW-01,E-0101,2025-02-19 09:13:00,2025-02-21 08:41:00,MC-00607,H548784,M25,A3,closed,33.5,31.8,684,2025-03-14,20260106T061500Z-QE24M
L25-0173,P-11909-A,A,1790,ML-02,E-0131,2025-02-19 10:46:00,2025-02-27 08:08:00,MC-00621,H285159,N10,A3,closed,99.4,208.8,1764,2025-03-17,20260106T061500Z-QE24M
L25-0174,P-16209-A,A,1660,MT-02,E-0119,2025-02-19 13:28:00,2025-02-21 12:37:00,MC-00661,H260199,M25,A2,closed,33.2,33.9,1647,2025-03-10,20260106T061500Z-QE24M
L25-0175,P-11007-C,C,1995,ML-04,E-0135,2025-02-19 13:52:00,2025-02-28 14:54:00,MC-00630,H924497,P25,C3,closed,120.0,120.6,1974,2025-03-25,20260106T061500Z-QE24M
L25-0176,P-11282-A,A,1075,SW-02,E-0103,2025-02-19 14:10:00,2025-02-20 15:56:00,MC-00618,H471471,M25,A2,closed,18.8,18.3,1064,2025-03-07,20260106T061500Z-QE24M
L25-0177,P-13483-A,A,810,MT-04,E-0123,2025-02-20 06:22:00,2025-02-20 22:44:00,MC-00654,H932999,P25,A1,closed,16.4,17.2,799,2025-03-20,20260106T061500Z-QE24M
L25-0178,P-15723-A,A,1675,GR-04,E-0144,2025-02-20 07:01:00,2025-02-28 12:54:00,MC-00618,H471471,M25,A1,closed,56.9,61.0,1657,2025-03-14,20260106T061500Z-QE24M
L25-0179,P-18338-C,C,900,MT-05,E-0125,2025-02-20 09:32:00,2025-02-21 12:56:00,MC-00657,H255792,P25,C3,closed,20.4,22.2,894,2025-03-14,20260106T061500Z-QE24M
L25-0180,P-13821-A,A,1690,GR-01,E-0141,2025-02-20 10:04:00,2025-02-27 10:50:00,MC-00666,H807621,P25,A1,closed,43.3,42.5,1674,2025-03-24,20260106T061500Z-QE24M
L25-0181,P-14681-B,B,725,SW-02,E-0104,2025-02-20 16:26:00,2025-02-24 08:38:00,MC-00647,H506704,M25,B2,closed,26.2,25.5,715,2025-03-06,20260106T061500Z-QE24M
L25-0182,P-13357-A,A,1215,MT-01,E-0118,2025-02-20 19:33:00,2025-02-24 08:48:00,MC-00664,H831067,P25,A3,closed,23.2,22.7,1205,2025-03-17,20260106T061500Z-QE24M
L25-0183,P-17672-D,D,1665,SW-06,E-0111,2025-02-21 10:06:00,2025-02-25 14:20:00,MC-00632,H960976,M25,D1,closed,38.2,38.1,1635,2025-03-13,20260106T061500Z-QE24M
L25-0184,P-12543-C,C,845,MT-03,E-0122,2025-02-21 15:21:00,2025-02-25 20:16:00,MC-00648,H470869,P25,C2,closed,38.9,39.6,841,2025-03-21,20260106T061500Z-QE24M
L25-0185,P-13380-B,B,905,MT-02,E-0119,2025-02-24 06:28:00,2025-02-25 11:55:00,MC-00667,H666737,P25,B3,closed,22.5,21.8,901,2025-03-21,20260106T061500Z-QE24M
L25-0186,P-11962-A,A,470,ML-03,E-0133,2025-02-24 06:31:00,2025-02-25 18:45:00,MC-00644,H785339,N10,A3,closed,29.2,30.4,465,2025-03-11,20260106T061500Z-QE24M
L25-0187,P-14117-A,A,1180,MT-04,E-0123,2025-02-24 07:14:00,2025-02-27 08:47:00,MC-00663,H290661,P25,A3,closed,52.6,55.2,1166,2025-03-24,20260106T061500Z-QE24M
L25-0188,P-13458-B,B,870,MT-06,E-0127,2025-02-24 07:14:00,2025-02-24 18:56:00,MC-00671,H950445,P25,B3,closed,11.7,11.5,866,2025-03-13,20260106T061500Z-QE24M
L25-0189,P-10378-D,D,770,ML-01,E-0129,2025-02-24 08:38:00,2025-02-26 08:41:00,MC-00642,H434847,P25,D1,closed,34.1,31.8,768,2025-03-18,20260106T061500Z-QE24M
L25-0190,P-17038-D,D,1000,SW-05,E-0109,2025-02-24 08:50:00,2025-02-25 21:50:00,MC-00681,H812832,M25,D2,closed,30.0,28.6,995,2025-03-14,20260106T061500Z-QE24M
L25-0191,P-14885-D,D,380,SW-02,E-0103,2025-02-24 09:08:00,2025-02-25 10:01:00,MC-00675,H844661,M25,D1,closed,17.9,16.9,377,2025-03-10,20260106T061500Z-QE24M
L25-0192,P-12925-A,A,1005,MT-05,E-0126,2025-02-24 17:52:00,2025-02-25 22:18:00,MC-00673,H592993,P25,A1,closed,21.4,21.5,974,2025-03-24,20260106T061500Z-QE24M
L25-0193,P-17004-D,D,1000,SW-07,E-0113,2025-02-25 07:33:00,2025-02-26 18:03:00,MC-00669,H333627,M25,D1,closed,27.5,26.6,992,2025-03-13,20260106T061500Z-QE24M
L25-0194,P-17609-A,A,465,SW-03,E-0105,2025-02-25 08:35:00,2025-02-26 09:24:00,MC-00632,H960976,M25,A1,closed,17.8,18.6,462,2025-03-17,20260106T061500Z-QE24M
L25-0195,P-15564-A,A,505,GR-03,E-0143,2025-02-25 09:58:00,2025-02-28 12:53:00,MC-00660,H897494,M25,A1,closed,28.4,29.2,502,2025-03-24,20260106T061500Z-QE24M
L25-0196,P-11253-B,B,2280,SW-02,E-0103,2025-02-25 10:31:00,2025-03-04 08:42:00,MC-00688,H305950,M25,B1,closed,83.2,208.3,1816,2025-03-10,20260106T061500Z-QE24M
L25-0197,P-12489-A,A,1975,MT-02,E-0119,2025-02-25 12:25:00,2025-03-03 15:13:00,MC-00673,H592993,P25,A3,closed,70.8,74.9,1957,2025-03-31,20260106T061500Z-QE24M
L25-0198,P-16715-A,A,1310,ML-03,E-0148,2025-02-25 19:15:00,2025-02-28 17:59:00,MC-00656,H143621,M25,A2,closed,49.7,49.1,1297,2025-03-18,20260106T061500Z-QE24M
L25-0199,P-12144-A,A,835,GR-02,E-0142,2025-02-26 08:23:00,2025-03-03 09:57:00,MC-00609,H130866,S15,A1,closed,27.1,27.9,820,2025-03-24,20260106T061500Z-QE24M
L25-0200,P-13307-B,B,825,MT-04,E-0123,2025-02-27 09:17:00,2025-02-28 14:57:00,MC-00690,H861115,P25,B2,closed,22.7,23.2,671,2025-03-26,20260106T061500Z-QE24M
L25-0201,P-16282-A,A,1035,MT-01,E-0118,2025-02-27 16:29:00,2025-03-04 13:20:00,MC-00680,H235810,M25,A1,closed,47.9,46.4,1029,2025-03-21,20260106T061500Z-QE24M
L25-0202,P-17014-A,A,1000,SW-05,E-0110,2025-02-27 16:43:00,2025-03-03 16:33:00,MC-00669,H333627,M25,A1,closed,33.8,36.1,990,2025-03-24,20260106T061500Z-QE24M
L25-0203,P-17974-C,C,3760,SW-06,E-0111,2025-02-28 07:26:00,2025-03-14 07:45:00,MC-00634,H395243,M35,C3,closed,170.3,164.8,3724,2025-04-10,20260106T061500Z-QE24M
L25-0204,P-12695-A,A,550,SW-08,E-0115,2025-02-28 11:20:00,2025-03-03 07:20:00,MC-00653,H797540,M35,A2,closed,13.0,14.6,547,2025-03-21,20260106T061500Z-QE24M
L25-0205,P-10178-D,D,795,GR-04,E-0145,2025-02-28 13:24:00,2025-03-05 08:39:00,MC-00630,H924497,P25,D3,closed,20.8,21.4,782,2025-03-31,20260106T061500Z-QE24M
L25-0206,P-13328-A,A,1080,MT-04,E-0124,2025-02-28 15:27:00,2025-03-06 10:45:00,MC-00696,H524775,P25,A2,closed,63.3,65.9,1069,2025-04-03,20260106T061500Z-QE24M
L25-0207,P-16001-D,D,1365,ML-03,E-0134,2025-02-28 20:12:00,2025-03-05 16:34:00,MC-00675,H844661,M25,D3,closed,47.4,49.7,1359,2025-03-20,20260106T061500Z-QE24M
L25-0208,P-15200-C,C,1415,SW-01,E-0102,2025-02-28 20:15:00,2025-03-04 22:59:00,MC-00657,H255792,P25,C3,closed,36.7,37.3,1406,2025-03-31,20260106T061500Z-QE24M
L25-0209,P-16150-B,B,655,ML-01,E-0129,2025-03-03 06:20:00,2025-03-05 06:33:00,MC-00632,H960976,M25,B2,closed,34.2,158.2,651,2025-03-20,20260106T061500Z-QE24M
L25-0210,P-13842-D,D,630,GR-01,E-0141,2025-03-03 06:30:00,2025-03-06 06:47:00,MC-00617,H252858,N10,D3,closed,25.8,25.1,620,2025-03-21,20260106T061500Z-QE24M
L25-0211,P-17741-A,A,900,SW-04,E-0107,2025-03-03 07:05:00,2025-03-05 12:14:00,MC-00678,H338362,M25,A1,closed,39.1,41.5,888,2025-03-19,20260106T061500Z-QE24M
L25-0212,P-15382-A,A,855,SW-08,E-0146,2025-03-03 07:50:00,2025-03-04 18:46:00,MC-00646,H282846,M25,A2,closed,27.9,29.5,847,2025-03-14,20260106T061500Z-QE24M
L25-0213,P-14257-A,A,1920,GR-03,E-0143,2025-03-03 08:24:00,2025-03-11 09:41:00,MC-00676,H468360,P25,A2,closed,52.3,51.7,1910,2025-03-27,20260106T061500Z-QE24M
L25-0214,P-11126-A,A,485,ML-02,E-0131,2025-03-03 09:11:00,2025-03-04 15:58:00,MC-00633,H898631,P25,A3,closed,23.8,22.3,479,2025-03-17,20260106T061500Z-QE24M
L25-0215,P-14928-A,A,1530,MT-02,E-0126,2025-03-03 15:43:00,2025-03-04 22:23:00,MC-00630,H924497,P25,A3,closed,23.7,23.9,1526,2025-03-31,20260106T061500Z-QE24M
L25-0216,P-11502-A,A,3300,ML-06,E-0140,2025-03-03 18:30:00,2025-03-18 08:18:00,MC-00670,H127115,P25,A1,closed,176.8,177.1,3228,2025-04-14,20260106T061500Z-QE24M
L25-0217,P-17956-A,A,470,SW-03,E-0106,2025-03-03 21:23:00,2025-03-04 17:53:00,MC-00687,H561520,M35,A3,closed,13.5,13.5,459,2025-03-26,20260106T061500Z-QE24M
L25-0218,P-11909-A,A,1950,ML-04,E-0135,2025-03-04 06:23:00,2025-03-12 12:22:00,MC-00644,H785339,N10,A3,closed,108.0,113.7,1934,2025-03-28,20260106T061500Z-QE24M
L25-0219,P-10967-A,A,1385,ML-02,E-0132,2025-03-04 18:44:00,2025-03-12 20:51:00,MC-00679,H817467,P25,A2,closed,104.1,99.7,1378,2025-04-03,20260106T061500Z-QE24M
L25-0220,P-12884-C,C,590,MT-05,E-0126,2025-03-04 19:58:00,2025-03-05 15:53:00,MC-00677,H902432,P25,C3,closed,12.9,13.1,578,2025-03-20,20260106T061500Z-QE24M
L25-0221,P-16180-A,A,775,MT-02,E-0120,2025-03-04 22:53:00,2025-03-06 09:04:00,MC-00681,H812832,M25,A2,closed,20.2,17.5,730,2025-03-26,20260106T061500Z-QE24M
L25-0222,P-13017-A,A,4125,SW-04,E-0107,2025-03-05 12:44:00,2025-03-18 09:52:00,MC-00699,H842209,P25,A2,closed,150.1,149.6,4093,2025-04-09,20260106T061500Z-QE24M
L25-0223,P-17369-A,A,665,SW-07,E-0114,2025-03-05 18:46:00,2025-03-10 09:47:00,MC-00668,H524800,N10,A1,closed,42.0,38.0,659,2025-03-21,20260106T061500Z-QE24M
L25-0224,P-18380-A,A,1135,MT-04,E-0123,2025-03-06 11:15:00,2025-03-10 08:15:00,MC-00633,H898631,P25,A2,closed,31.0,32.7,1125,2025-03-19,20260106T061500Z-QE24M
L25-0225,P-18079-A,A,1380,GR-04,E-0144,2025-03-06 12:45:00,2025-03-13 13:03:00,MC-00665,H638953,P25,A1,closed,42.8,45.6,1357,2025-04-11,20260106T061500Z-QE24M
L25-0226,P-11768-A,A,2880,ML-05,E-0138,2025-03-06 16:38:00,2025-03-18 10:21:00,MC-00610,H926825,S15,A3,closed,129.7,148.5,2865,2025-04-01,20260106T061500Z-QE24M
L25-0227,P-12565-B,B,1695,SW-05,E-0109,2025-03-07 08:59:00,2025-03-11 17:32:00,MC-00625,H749734,M35,B2,closed,42.5,43.2,1675,2025-04-07,20260106T061500Z-QE24M
L25-0228,P-10869-D,D,2060,ML-01,E-0129,2025-03-07 14:18:00,2025-03-17 09:22:00,MC-00633,H898631,P25,D2,closed,97.1,95.2,2039,2025-04-11,20260106T061500Z-QE24M
L25-0229,P-12988-A,A,750,MT-03,E-0121,2025-03-10 06:24:00,2025-03-11 20:02:00,MC-00709,H373950,P25,A3,closed,30.6,30.5,737,2025-03-24,20260106T061500Z-QE24M
L25-0230,P-16605-A,A,4495,ML-03,E-0133,2025-03-10 06:29:00,2025-03-21 16:48:00,MC-00688,H305950,M25,A3,closed,163.3,163.8,4442,2025-04-04,20260106T061500Z-QE24M
L25-0231,P-17732-C,C,1190,SW-08,E-0145,2025-03-10 08:23:00,2025-03-12 22:00:00,MC-00646,H282846,M25,C1,closed,47.6,46.0,1187,2025-03-24,20260106T061500Z-QE24M
L25-0232,P-10304-A,A,740,GR-02,E-0142,2025-03-10 08:27:00,2025-03-12 10:29:00,MC-00662,H190931,P25,A1,closed,19.0,18.2,732,2025-04-07,20260106T061500Z-QE24M
L25-0233,P-17789-B,B,2140,SW-02,E-0103,2025-03-10 10:38:00,2025-03-14 17:41:00,MC-00625,H749734,M35,B1,closed,75.0,202.4,2101,2025-04-07,20260106T061500Z-QE24M
L25-0234,P-14066-C,C,490,GR-01,E-0141,2025-03-10 13:21:00,2025-03-12 11:46:00,MC-00603,H514522,N10,C1,closed,15.4,15.7,489,2025-03-24,20260106T061500Z-QE24M
L25-0235,P-15133-B,B,785,SW-03,E-0105,2025-03-11 07:40:00,2025-03-12 13:33:00,MC-00662,H190931,P25,B2,closed,22.9,21.7,773,2025-04-07,20260106T061500Z-QE24M
L25-0236,P-15681-A,A,420,GR-03,E-0145,2025-03-11 10:11:00,2025-03-13 10:15:00,MC-00680,H235810,M25,A1,closed,17.1,17.3,317,2025-03-31,20260106T061500Z-QE24M
L25-0237,P-12594-C,C,740,SW-05,E-0110,2025-03-11 18:02:00,2025-03-12 20:19:00,MC-00634,H395243,M35,C2,closed,19.3,19.1,736,2025-04-07,20260106T061500Z-QE24M
L25-0238,P-13447-D,D,1090,MT-03,E-0122,2025-03-11 20:32:00,2025-03-14 21:57:00,MC-00683,H478956,P25,D2,closed,52.4,53.8,1077,2025-04-18,20260106T061500Z-QE24M
L25-0239,P-14063-D,D,1150,GR-02,E-0142,2025-03-12 10:59:00,2025-03-18 07:47:00,MC-00691,H758261,N10,D1,closed,30.8,136.3,852,2025-04-04,20260106T061500Z-QE24M
L25-0240,P-12642-D,D,1455,SW-03,E-0105,2025-03-12 14:03:00,2025-03-14 17:58:00,MC-00693,H202797,M35,D1,closed,37.9,36.4,1441,2025-04-15,20260106T061500Z-QE24M
L25-0241,P-15298-A,A,535,SW-05,E-0110,2025-03-12 20:49:00,2025-03-13 21:37:00,MC-00646,H282846,M25,A3,closed,17.8,16.9,530,2025-03-28,20260106T061500Z-QE24M
L25-0242,P-13149-C,C,3195,SW-08,E-0116,2025-03-12 22:30:00,2025-03-20 17:46:00,MC-00665,H638953,P25,C3,closed,97.3,94.0,3167,2025-04-14,20260106T061500Z-QE24M
L25-0243,P-14521-C,C,2665,SW-01,E-0101,2025-03-13 10:22:00,2025-03-18 10:47:00,MC-00669,H333627,M25,C3,closed,51.4,49.7,2587,2025-04-02,20260106T061500Z-QE24M
L25-0244,P-15667-C,C,595,GR-04,E-0144,2025-03-13 13:33:00,2025-03-18 12:10:00,MC-00694,H331478,M25,C1,closed,24.1,25.2,591,2025-04-07,20260106T061500Z-QE24M
L25-0245,P-15532-C,C,2295,SW-05,E-0110,2025-03-13 22:07:00,2025-03-18 16:35:00,MC-00689,H621149,M25,C2,closed,45.5,46.3,2276,2025-04-02,20260106T061500Z-QE24M
L25-0246,P-10604-A,A,255,ML-04,E-0135,2025-03-14 08:19:00,2025-03-14 21:13:00,MC-00682,H904698,M25,A2,closed,12.9,13.1,253,2025-04-07,20260106T061500Z-QE24M
L25-0247,P-13502-C,C,855,MT-05,E-0125,2025-03-14 09:57:00,2025-03-17 16:03:00,MC-00686,H948163,P25,C3,closed,23.1,22.7,849,2025-04-11,20260106T061500Z-QE24M
L25-0248,P-12777-A,A,480,SW-03,E-0106,2025-03-14 18:28:00,2025-03-17 16:19:00,MC-00625,H749734,M35,A1,closed,14.8,14.6,470,2025-03-20,20260106T061500Z-QE24M
L25-0249,P-16180-A,A,780,MT-02,E-0120,2025-03-14 18:34:00,2025-03-17 21:51:00,MC-00685,H347469,M25,A2,closed,20.3,20.8,779,2025-03-31,20260106T061500Z-QE24M
L25-0250,P-12248-D,D,535,GR-03,E-0143,2025-03-17 07:21:00,2025-03-18 10:19:00,MC-00571,H257896,S15,D3,closed,11.5,11.2,530,2025-03-24,20260106T061500Z-QE24M
L25-0251,P-12435-A,A,190,MT-06,E-0127,2025-03-17 10:06:00,2025-03-17 18:07:00,MC-00676,H468360,P25,A1,closed,8.0,8.5,190,2025-04-14,20260106T061500Z-QE24M
L25-0252,P-14108-A,A,1820,MT-02,E-0120,2025-03-17 22:21:00,2025-03-19 21:23:00,MC-00665,H638953,P25,A3,closed,33.0,34.1,1807,2025-04-09,20260106T061500Z-QE24M
L25-0253,P-17915-C,C,475,SW-07,E-0113,2025-03-18 06:53:00,2025-03-19 16:38:00,MC-00704,H158318,M35,C2,closed,26.8,28.2,469,2025-04-09,20260106T061500Z-QE24M
L25-0254,P-17087-A,A,320,ML-06,E-0139,2025-03-18 08:48:00,2025-03-19 08:37:00,MC-00691,H758261,N10,A3,closed,16.8,18.2,318,2025-03-31,20260106T061500Z-QE24M
L25-0255,P-15099-A,A,1560,SW-04,E-0107,2025-03-18 10:22:00,2025-03-19 09:37:00,MC-00679,H817467,P25,A2,closed,16.3,15.8,1552,2025-04-14,20260106T061500Z-QE24M
L25-0256,P-13755-A,A,285,GR-03,E-0143,2025-03-18 10:49:00,2025-03-19 11:10:00,MC-00677,H902432,P25,A2,closed,8.8,8.7,283,2025-04-15,20260106T061500Z-QE24M
L25-0257,P-11871-A,A,890,ML-05,E-0137,2025-03-18 10:51:00,2025-03-21 13:08:00,MC-00571,H257896,S15,A1,closed,53.3,48.8,885,2025-04-14,20260106T061500Z-QE24M
L25-0258,P-18210-D,D,1835,MT-04,E-0123,2025-03-18 13:17:00,2025-03-24 13:44:00,MC-00679,H817467,P25,D1,closed,68.4,69.9,1508,2025-04-15,20260106T061500Z-QE24M
L25-0259,P-12861-C,C,1725,MT-05,E-0126,2025-03-18 15:59:00,2025-03-20 18:20:00,MC-00677,H902432,P25,C2,closed,36.4,35.8,1698,2025-04-14,20260106T061500Z-QE24M
L25-0260,P-17319-A,A,265,SW-06,E-0112,2025-03-18 17:22:00,2025-03-19 12:52:00,MC-00691,H758261,N10,A1,closed,12.5,13.4,263,2025-04-01,20260106T061500Z-QE24M
L25-0261,P-11437-B,B,365,ML-06,E-0139,2025-03-19 09:07:00,2025-03-20 12:31:00,MC-00712,H395342,P25,B1,closed,20.4,20.3,363,2025-03-26,20260106T061500Z-QE24M
L25-0262,P-12164-A,A,325,GR-03,E-0143,2025-03-19 11:40:00,2025-03-20 12:33:00,MC-00571,H257896,S15,A2,closed,9.4,9.0,325,2025-04-02,20260106T061500Z-QE24M
L25-0263,P-15035-A,A,230,SW-04,E-0107,2025-03-19 14:19:00,2025-03-19 22:25:00,MC-00679,H817467,P25,A3,closed,8.1,7.9,226,2025-04-17,20260106T061500Z-QE24M
L25-0264,P-16665-D,D,1340,ML-04,E-0135,2025-03-20 06:27:00,2025-03-25 10:56:00,MC-00697,H721396,M25,D1,closed,55.5,50.5,1315,2025-04-14,20260106T061500Z-QE24M
L25-0265,P-14175-A,A,790,MT-06,E-0127,2025-03-20 07:10:00,2025-03-24 06:43:00,MC-00599,H641727,P25,A3,closed,33.5,33.7,768,2025-04-18,20260106T061500Z-QE24M
L25-0266,P-16971-B,B,550,ML-02,E-0131,2025-03-20 09:11:00,2025-03-24 14:56:00,MC-00709,H373950,P25,B3,closed,39.8,39.7,548,2025-04-17,20260106T061500Z-QE24M
L25-0267,P-11441-A,A,1025,ML-06,E-0139,2025-03-20 13:01:00,2025-03-25 13:22:00,MC-00712,H395342,P25,A3,closed,51.3,54.2,1011,2025-04-08,20260106T061500Z-QE24M
L25-0268,P-14566-D,D,545,SW-03,E-0106,2025-03-20 16:21:00,2025-03-21 11:58:00,MC-00705,H987339,M25,D2,closed,12.6,12.5,543,2025-03-27,20260106T061500Z-QE24M
L25-0269,P-18234-B,B,985,MT-05,E-0126,2025-03-20 18:50:00,2025-03-24 06:43:00,MC-00684,H457249,P25,B2,closed,21.9,20.6,974,2025-04-25,20260106T061500Z-QE24M
L25-0270,P-13350-A,A,835,MT-02,E-0148,2025-03-20 19:15:00,2025-03-24 15:06:00,MC-00702,H211887,P25,A2,closed,29.9,28.5,825,2025-04-02,20260106T061500Z-QE24M
L25-0271,P-18293-A,A,425,MT-01,E-0118,2025-03-20 19:19:00,2025-03-21 14:40:00,MC-00692,H832980,P25,A2,closed,12.3,12.0,424,2025-04-23,20260106T061500Z-QE24M
L25-0272,P-17100-A,A,1275,ML-05,E-0137,2025-03-21 13:38:00,2025-03-25 21:06:00,MC-00668,H524800,N10,A3,closed,41.5,45.3,1269,2025-04-07,20260106T061500Z-QE24M
L25-0273,P-14103-B,B,2290,MT-03,E-0122,2025-03-21 18:00:00,2025-03-26 16:34:00,MC-00665,H638953,P25,B1,closed,49.6,50.9,2262,2025-04-09,20260106T061500Z-QE24M
L25-0274,P-11201-A,A,1130,SW-08,E-0115,2025-03-24 06:50:00,2025-03-25 19:35:00,MC-00716,H937328,M25,A3,closed,29.7,29.8,1110,2025-04-11,20260106T061500Z-QE24M
L25-0275,P-14140-A,A,905,MT-05,E-0125,2025-03-24 07:13:00,2025-03-26 06:05:00,MC-00699,H842209,P25,A3,closed,32.9,31.4,891,2025-04-14,20260106T061500Z-QE24M
L25-0276,P-16272-A,A,625,MT-06,E-0127,2025-03-24 07:24:00,2025-03-25 07:52:00,MC-00695,H153896,M25,A1,closed,17.5,18.9,614,2025-04-07,20260106T061500Z-QE24M
L25-0277,P-11163-D,D,2200,SW-03,E-0105,2025-03-24 08:27:00,2025-03-27 10:41:00,MC-00695,H153896,M25,D2,closed,53.2,54.4,2173,2025-04-14,20260106T061500Z-QE24M
L25-0278,P-17469-D,D,1495,SW-02,E-0103,2025-03-24 09:43:00,2025-03-26 11:07:00,MC-00668,H524800,N10,D2,closed,35.4,109.6,1466,2025-04-14,20260106T061500Z-QE24M
L25-0279,P-15742-C,C,195,GR-04,E-0144,2025-03-24 10:07:00,2025-03-25 06:44:00,MC-00697,H721396,M25,C2,closed,5.1,5.3,194,2025-04-14,20260106T061500Z-QE24M
L25-0280,P-12835-A,A,575,MT-01,E-0117,2025-03-24 10:30:00,2025-03-25 07:55:00,MC-00701,H790384,P25,A1,closed,14.4,15.1,569,2025-04-21,20260106T061500Z-QE24M
L25-0281,P-11347-A,A,1015,SW-01,E-0101,2025-03-24 13:25:00,2025-03-26 10:10:00,MC-00695,H153896,M25,A3,closed,30.7,32.3,1006,2025-04-07,20260106T061500Z-QE24M
L25-0282,P-13321-A,A,795,MT-04,E-0123,2025-03-24 14:14:00,2025-03-25 15:20:00,MC-00707,H505272,P25,A3,closed,18.1,19.0,608,2025-04-14,20260106T061500Z-QE24M
L25-0283,P-14952-A,A,1315,MT-02,E-0118,2025-03-24 15:36:00,2025-03-27 13:11:00,MC-00684,H457249,P25,A1,closed,48.6,44.4,1302,2025-04-25,20260106T061500Z-QE24M
L25-0284,P-14159-A,A,295,MT-06,E-0127,2025-03-25 08:22:00,2025-03-25 19:26:00,MC-00674,H288235,P25,A3,closed,11.1,11.7,292,2025-04-08,20260106T061500Z-QE24M
L25-0285,P-14989-D,D,1360,MT-01,E-0117,2025-03-25 08:25:00,2025-03-26 21:23:00,MC-00692,H832980,P25,D3,closed,30.0,30.5,1354,2025-04-21,20260106T061500Z-QE24M
L25-0286,P-12188-A,A,1375,GR-02,E-0142,2025-03-25 08:54:00,2025-04-02 12:28:00,MC-00610,H926825,S15,A2,closed,54.6,54.4,1371,2025-04-14,20260106T061500Z-QE24M
L25-0287,P-11923-A,A,1150,ML-04,E-0135,2025-03-25 11:26:00,2025-03-28 10:23:00,MC-00703,H159698,N10,A3,closed,50.0,50.1,1136,2025-04-15,20260106T061500Z-QE24M
L25-0288,P-14134-A,A,1585,MT-04,E-0124,2025-03-25 15:50:00,2025-03-27 14:57:00,MC-00699,H842209,P25,A1,closed,33.1,33.8,1407,2025-04-14,20260106T061500Z-QE24M
L25-0289,P-12828-B,B,1500,MT-06,E-0128,2025-03-25 19:56:00,2025-03-28 19:11:00,MC-00711,H600873,P25,B3,closed,50.2,51.1,1470,2025-04-21,20260106T061500Z-QE24M
L25-0290,P-18589-A,A,5160,MT-05,E-0125,2025-03-26 06:35:00,2025-04-03 21:06:00,MC-00643,H529813,P25,A2,closed,116.5,116.6,5006,2025-04-21,20260106T061500Z-QE24M
L25-0291,P-19027-C,C,1030,SW-08,E-0115,2025-03-26 07:21:00,2025-03-27 14:28:00,MC-00708,H253934,M25,C2,closed,24.1,23.4,947,2025-04-14,20260106T061500Z-QE24M
L25-0292,P-12204-A,A,290,GR-03,E-0145,2025-03-26 09:35:00,2025-03-27 08:03:00,MC-00731,H444349,S15,A3,closed,7.0,6.6,281,2025-04-11,20260106T061500Z-QE24M
L25-0293,P-12023-C,C,2600,ML-03,E-0133,2025-03-26 10:25:00,2025-04-10 14:03:00,MC-00726,H341861,N10,C2,closed,190.6,190.2,2583,2025-04-25,20260106T061500Z-QE24M
L25-0294,P-16080-A,A,300,ML-01,E-0130,2025-03-26 14:59:00,2025-03-27 20:44:00,MC-00678,H338362,M25,A1,closed,22.8,24.1,297,2025-04-11,20260106T061500Z-QE24M
L25-0295,P-13012-A,A,625,MT-03,E-0122,2025-03-26 17:04:00,2025-03-27 22:01:00,MC-00711,H600873,P25,A3,closed,22.0,23.5,621,2025-04-21,20260106T061500Z-QE24M
L25-0296,P-17014-A,A,1000,SW-05,E-0110,2025-03-26 22:41:00,2025-03-28 22:31:00,MC-00721,H892672,M25,A1,closed,33.8,37.4,986,2025-04-17,20260106T061500Z-QE24M
L25-0297,P-17004-D,D,1000,SW-03,E-0105,2025-03-27 11:11:00,2025-03-28 21:41:00,MC-00721,H892672,M25,D1,closed,27.5,27.2,999,2025-04-14,20260106T061500Z-QE24M
L25-0298,P-16180-A,A,805,MT-02,E-0119,2025-03-27 13:41:00,2025-03-28 17:32:00,MC-00685,H347469,M25,A2,closed,20.8,18.8,797,2025-04-10,20260106T061500Z-QE24M
L25-0299,P-12004-A,A,890,ML-02,E-0131,2025-03-28 08:01:00,2025-04-01 19:53:00,MC-00703,H159698,N10,A1,closed,45.9,46.2,886,2025-04-21,20260106T061500Z-QE24M
L25-0300,P-12868-D,D,650,MT-01,E-0117,2025-03-28 10:25:00,2025-03-31 11:35:00,MC-00701,H790384,P25,D1,closed,18.2,19.4,642,2025-04-18,20260106T061500Z-QE24M
L25-0301,P-12701-A,A,980,SW-02,E-0103,2025-03-28 11:05:00,2025-03-31 08:40:00,MC-00704,H158318,M35,A1,closed,14.6,15.0,801,2025-04-21,20260106T061500Z-QE24M
L25-0302,P-11962-A,A,490,ML-06,E-0140,2025-03-28 17:40:00,2025-04-01 14:01:00,MC-00729,H312131,N10,A3,closed,30.4,30.0,490,2025-04-16,20260106T061500Z-QE24M
L25-0303,P-11167-D,D,1100,SW-08,E-0115,2025-03-31 06:18:00,2025-04-01 16:19:00,MC-00716,H937328,M25,D3,closed,27.0,26.0,1070,2025-04-14,20260106T061500Z-QE24M
L25-0304,P-14918-A,A,1530,MT-03,E-0117,2025-03-31 09:12:00,2025-04-03 06:05:00,MC-00684,H457249,P25,A1,closed,47.9,50.9,1527,2025-04-15,20260106T061500Z-QE24M
L25-0305,P-14966-D,D,1440,MT-02,E-0125,2025-03-31 09:33:00,2025-04-02 22:57:00,MC-00684,H457249,P25,D1,closed,47.4,48.1,1432,2025-04-18,20260106T061500Z-QE24M
L25-0306,P-13976-B,B,910,GR-04,E-0144,2025-03-31 11:22:00,2025-04-04 07:49:00,MC-00698,H871604,N10,B3,closed,30.5,31.9,901,2025-04-17,20260106T061500Z-QE24M
L25-0307,P-14992-A,A,1540,MT-01,E-0122,2025-03-31 15:24:00,2025-04-03 13:05:00,MC-00717,H543369,P25,A2,closed,48.7,45.2,1534,2025-04-28,20260106T061500Z-QE24M
L25-0308,P-11173-A,A,2425,SW-02,E-0104,2025-03-31 16:33:00,2025-04-03 17:28:00,MC-00716,H937328,M25,A3,closed,51.9,51.3,2403,2025-04-16,20260106T061500Z-QE24M
L25-0309,P-17854-A,A,775,SW-03,E-0106,2025-03-31 17:47:00,2025-04-02 10:48:00,MC-00733,H870150,M35,A3,closed,27.0,26.8,764,2025-04-28,20260106T061500Z-QE24M
L25-0310,P-16571-D,D,985,ML-05,E-0137,2025-04-01 06:12:00,2025-04-03 19:02:00,MC-00716,H937328,M25,D3,closed,46.8,48.0,980,2025-04-16,20260106T061500Z-QE24M
L25-0311,P-14909-A,A,1155,SW-08,E-0116,2025-04-01 16:49:00,2025-04-03 19:07:00,MC-00689,H621149,M25,A2,closed,36.3,36.3,1142,2025-04-07,20260106T061500Z-QE24M
L25-0312,P-18065-A,A,1100,GR-01,E-0141,2025-04-02 08:47:00,2025-04-07 07:33:00,MC-00720,H764685,P25,A2,closed,24.3,24.5,1082,2025-04-18,20260106T061500Z-QE24M
L25-0313,P-17038-D,D,1000,SW-06,E-0112,2025-04-02 15:21:00,2025-04-04 11:21:00,MC-00685,H347469,M25,D2,closed,30.0,28.0,991,2025-04-21,20260106T061500Z-QE24M
L25-0314,P-12907-D,D,625,MT-02,E-0119,2025-04-03 06:27:00,2025-04-04 10:15:00,MC-00712,H395342,P25,D1,closed,20.8,21.6,607,2025-05-05,20260106T061500Z-QE24M
L25-0315,P-14462-A,A,715,SW-02,E-0104,2025-04-03 17:58:00,2025-04-04 20:46:00,MC-00647,H506704,M25,A3,closed,19.8,19.5,714,2025-04-21,20260106T061500Z-QE24M
L25-0316,P-15123-A,A,370,SW-05,E-0110,2025-04-03 18:52:00,2025-04-04 08:53:00,MC-00739,H819424,P25,A1,closed,7.0,6.5,368,2025-04-23,20260106T061500Z-QE24M
L25-0317,P-13431-A,A,780,MT-06,E-0128,2025-04-03 21:30:00,2025-04-04 22:04:00,MC-00700,H640120,P25,A3,closed,17.6,17.8,750,2025-04-24,20260106T061500Z-QE24M
L25-0318,P-10653-D,D,305,ML-02,E-0132,2025-04-03 22:19:00,2025-04-07 08:45:00,MC-00728,H444904,M25,D2,closed,20.4,21.5,302,2025-04-22,20260106T061500Z-QE24M
L25-0319,P-13675-A,A,1655,GR-02,E-0146,2025-04-04 09:45:00,2025-04-10 06:04:00,MC-00701,H790384,P25,A3,closed,30.3,29.7,1629,2025-05-06,20260106T061500Z-QE24M
L25-0320,P-13369-A,A,850,MT-02,E-0119,2025-04-04 10:45:00,2025-04-07 17:01:00,MC-00743,H225238,P25,A2,closed,23.3,24.7,738,2025-04-30,20260106T061500Z-QE24M
L25-0321,P-14168-B,B,1010,MT-04,E-0146,2025-04-07 06:20:00,2025-04-08 18:35:00,MC-00727,H886924,P25,B3,closed,29.3,28.1,1004,2025-05-05,20260106T061500Z-QE24M
L25-0322,P-10123-A,A,1320,GR-03,E-0143,2025-04-07 06:36:00,2025-04-16 06:25:00,MC-00739,H819424,P25,A3,closed,59.3,56.8,1176,2025-05-09,20260106T061500Z-QE24M
L25-0323,P-14212-C,C,920,MT-01,E-0117,2025-04-07 06:46:00,2025-04-08 09:29:00,MC-00727,H886924,P25,C2,closed,19.7,17.9,895,2025-05-05,20260106T061500Z-QE24M
L25-0324,P-11320-D,D,1050,SW-04,E-0107,2025-04-07 07:04:00,2025-04-08 08:17:00,MC-00734,H951814,M25,D3,closed,18.2,19.2,1031,2025-04-28,20260106T061500Z-QE24M
L25-0325,P-11584-A,A,1745,ML-06,E-0139,2025-04-07 07:08:00,2025-04-17 21:53:00,MC-00712,H395342,P25,A1,closed,150.7,147.2,1691,2025-05-12,20260106T061500Z-QE24M
L25-0326,P-13684-B,B,655,GR-04,E-0144,2025-04-07 08:33:00,2025-04-08 08:17:00,MC-00706,H195377,P25,B1,closed,8.2,8.3,639,2025-05-05,20260106T061500Z-QE24M
L25-0327,P-10711-C,C,375,ML-02,E-0131,2025-04-07 09:15:00,2025-04-08 09:52:00,MC-00710,H142989,M25,C1,closed,17.6,18.8,369,2025-04-25,20260106T061500Z-QE24M
L25-0328,P-12972-A,A,1090,MT-03,E-0121,2025-04-07 10:10:00,2025-04-08 21:47:00,MC-00706,H195377,P25,A3,closed,28.6,27.2,1085,2025-04-30,20260106T061500Z-QE24M
L25-0329,P-11163-D,D,2200,SW-03,E-0105,2025-04-07 11:28:00,2025-04-10 13:42:00,MC-00734,H951814,M25,D2,closed,53.2,52.0,2181,2025-04-24,20260106T061500Z-QE24M
L25-0330,P-14108-A,A,1750,MT-02,E-0120,2025-04-07 17:31:00,2025-04-09 15:23:00,MC-00727,H886924,P25,A3,closed,31.9,30.0,1736,2025-05-05,20260106T061500Z-QE24M
L25-0331,P-18703-A,A,715,MT-06,E-0127,2025-04-08 07:22:00,2025-04-09 07:40:00,MC-00714,H534182,P25,A1,closed,17.3,17.2,702,2025-05-05,20260106T061500Z-QE24M
L25-0332,P-16423-C,C,950,MT-05,E-0125,2025-04-08 07:43:00,2025-04-10 11:14:00,MC-00718,H662630,M25,C3,closed,37.5,37.1,948,2025-04-23,20260106T061500Z-QE24M
L25-0333,P-17255-D,D,1380,SW-04,E-0107,2025-04-08 09:15:00,2025-04-09 22:24:00,MC-00735,H830123,N10,D2,closed,30.1,33.1,1376,2025-04-25,20260106T061500Z-QE24M
L25-0334,P-19209-C,C,310,SW-06,E-0111,2025-04-08 11:52:00,2025-04-09 10:35:00,MC-00710,H142989,M25,C1,closed,15.7,16.4,308,2025-04-25,20260106T061500Z-QE24M
L25-0335,P-13317-A,A,1015,MT-04,E-0124,2025-04-08 19:05:00,2025-04-10 13:48:00,MC-00715,H694656,P25,A3,closed,28.7,28.2,1005,2025-05-06,20260106T061500Z-QE24M
L25-0336,P-15986-A,A,1145,ML-01,E-0129,2025-04-09 07:31:00,2025-04-14 10:40:00,MC-00722,H308995,M25,A3,closed,54.1,52.2,1141,2025-04-28,20260106T061500Z-QE24M
L25-0337,P-17077-A,A,560,ML-05,E-0137,2025-04-09 08:42:00,2025-04-10 18:19:00,MC-00735,H830123,N10,A2,closed,26.6,29.5,555,2025-04-29,20260106T061500Z-QE24M
L25-0338,P-14827-C,C,425,SW-07,E-0113,2025-04-09 10:51:00,2025-04-10 07:24:00,MC-00746,H112982,M25,C1,closed,13.6,13.5,418,2025-04-28,20260106T061500Z-QE24M
L25-0339,P-16688-C,C,1205,ML-04,E-0135,2025-04-09 13:04:00,2025-04-15 15:45:00,MC-00734,H951814,M25,C1,closed,70.7,73.8,1194,2025-04-30,20260106T061500Z-QE24M
L25-0340,P-16403-B,B,800,MT-02,E-0120,2025-04-09 15:53:00,2025-04-10 16:57:00,MC-00697,H721396,M25,B1,closed,18.1,18.8,730,2025-04-22,20260106T061500Z-QE24M
L25-0341,P-14629-A,A,580,SW-04,E-0108,2025-04-09 22:54:00,2025-04-10 18:51:00,MC-00728,H444904,M25,A1,closed,13.0,12.4,483,2025-05-01,20260106T061500Z-QE24M
L25-0342,P-13901-A,A,1545,GR-02,E-0142,2025-04-10 08:49:00,2025-04-14 14:08:00,MC-00698,H871604,N10,A1,closed,22.3,22.1,1522,2025-04-25,20260106T061500Z-QE24M
L25-0343,P-16180-A,A,750,MT-02,E-0120,2025-04-10 17:27:00,2025-04-11 20:05:00,MC-00685,H347469,M25,A2,closed,19.6,19.3,742,2025-05-05,20260106T061500Z-QE24M
L25-0344,P-17178-A,A,960,ML-05,E-0138,2025-04-10 18:49:00,2025-04-15 16:25:00,MC-00747,H336275,N10,A1,closed,48.6,53.2,955,2025-05-05,20260106T061500Z-QE24M
L25-0345,P-16183-C,C,1145,MT-05,E-0125,2025-04-11 08:00:00,2025-04-14 14:48:00,MC-00723,H765106,M25,C2,closed,23.8,24.0,1134,2025-05-02,20260106T061500Z-QE24M
L25-0346,P-18143-B,B,1275,GR-01,E-0141,2025-04-14 06:23:00,2025-04-16 13:51:00,MC-00674,H288235,P25,B2,closed,24.5,23.5,1268,2025-05-06,20260106T061500Z-QE24M
L25-0347,P-12367-A,A,980,MT-06,E-0127,2025-04-14 06:46:00,2025-04-15 19:24:00,MC-00753,H915736,P25,A1,closed,29.6,30.9,961,2025-05-12,20260106T061500Z-QE24M
L25-0348,P-11930-A,A,550,ML-02,E-0131,2025-04-14 10:02:00,2025-04-15 22:09:00,MC-00729,H312131,N10,A1,closed,29.1,28.3,544,2025-04-21,20260106T061500Z-QE24M
L25-0349,P-16900-D,D,1890,ML-01,E-0129,2025-04-14 11:10:00,2025-04-23 08:53:00,MC-00706,H195377,P25,D3,closed,116.7,113.3,1692,2025-05-16,20260106T061500Z-QE24M
L25-0350,P-11226-C,C,1650,SW-03,E-0105,2025-04-15 06:15:00,2025-04-17 19:15:00,MC-00697,H721396,M25,C1,closed,47.0,49.8,1621,2025-05-05,20260106T061500Z-QE24M
L25-0351,P-14693-A,A,1490,SW-01,E-0101,2025-04-15 12:44:00,2025-04-18 15:53:00,MC-00710,H142989,M25,A2,closed,54.2,54.4,1471,2025-05-06,20260106T061500Z-QE24M
L25-0352,P-17127-A,A,895,ML-05,E-0138,2025-04-15 16:55:00,2025-04-17 17:14:00,MC-00713,H392698,N10,A1,closed,34.3,31.9,856,2025-05-06,20260106T061500Z-QE24M
L25-0353,P-11909-A,A,1720,ML-04,E-0135,2025-04-16 06:00:00,2025-04-23 16:36:00,MC-00730,H290179,N10,A3,closed,95.6,97.8,1712,2025-05-08,20260106T061500Z-QE24M
L25-0354,P-10923-A,A,3365,ML-03,E-0133,2025-04-16 10:11:00,2025-04-30 08:38:00,MC-00717,H543369,P25,A2,closed,168.4,159.8,3305,2025-05-12,20260106T061500Z-QE24M
L25-0355,P-14918-A,A,1475,MT-01,E-0125,2025-04-17 10:11:00,2025-04-21 22:27:00,MC-00719,H752266,P25,A1,closed,46.3,47.7,1471,2025-05-01,20260106T061500Z-QE24M
L25-0356,P-14989-D,D,1430,MT-03,E-0119,2025-04-17 14:14:00,2025-04-21 11:35:00,MC-00717,H543369,P25,D3,closed,31.4,32.9,1421,2025-05-16,20260106T061500Z-QE24M
L25-0357,P-11354-C,C,245,ML-05,E-0138,2025-04-17 17:44:00,2025-04-18 16:04:00,MC-00706,H195377,P25,C1,closed,15.3,15.4,244,2025-05-07,20260106T061500Z-QE24M
L25-0358,P-16933-A,A,1050,ML-02,E-0132,2025-04-17 19:36:00,2025-04-23 16:12:00,MC-00724,H505881,P25,A3,closed,64.6,67.3,1041,2025-05-16,20260106T061500Z-QE24M
L25-0359,P-11724-A,A,1360,ML-06,E-0140,2025-04-17 22:23:00,2025-04-23 19:29:00,MC-00736,H360834,S15,A2,closed,65.1,63.6,1339,2025-05-12,20260106T061500Z-QE24M
L25-0360,P-17881-C,C,575,SW-01,E-0102,2025-04-18 16:23:00,2025-04-21 18:52:00,MC-00733,H870150,M35,C3,closed,19.5,22.0,570,2025-05-19,20260106T061500Z-QE24M
L25-0361,P-11142-B,B,715,ML-05,E-0138,2025-04-18 16:34:00,2025-04-22 15:50:00,MC-00750,H468340,P25,B2,closed,33.3,34.0,699,2025-05-13,20260106T061500Z-QE24M
L25-0362,P-14966-D,D,1270,MT-02,E-0120,2025-04-18 16:37:00,2025-04-23 07:46:00,MC-00758,H267472,P25,D1,closed,42.2,43.9,1264,2025-05-08,20260106T061500Z-QE24M
L25-0363,P-18508-A,A,780,MT-04,E-0124,2025-04-18 22:21:00,2025-04-21 22:46:00,MC-00643,H529813,P25,A3,closed,17.4,17.7,776,2025-05-05,20260106T061500Z-QE24M
L25-0364,P-18738-A,A,315,MT-06,E-0127,2025-04-21 07:12:00,2025-04-21 18:11:00,MC-00738,H438152,P25,A3,closed,11.0,11.0,310,2025-05-05,20260106T061500Z-QE24M
L25-0365,P-14859-A,A,840,SW-08,E-0115,2025-04-21 07:19:00,2025-04-22 17:32:00,MC-00746,H112982,M25,A1,closed,27.2,28.4,840,2025-04-30,20260106T061500Z-QE24M
L25-0366,P-13285-C,C,2160,SW-04,E-0107,2025-04-21 08:05:00,2025-04-25 13:38:00,MC-00727,H886924,P25,C1,closed,73.6,69.2,1896,2025-05-12,20260106T061500Z-QE24M
L25-0367,P-14421-C,C,710,GR-02,E-0145,2025-04-21 08:14:00,2025-04-24 07:02:00,MC-00738,H438152,P25,C3,closed,24.3,22.9,699,2025-05-27,20260106T061500Z-QE24M
L25-0368,P-15642-A,A,705,GR-04,E-0144,2025-04-21 09:18:00,2025-04-24 06:39:00,MC-00742,H616064,M25,A1,closed,22.9,22.8,697,2025-05-06,20260106T061500Z-QE24M
L25-0369,P-18051-D,D,1100,GR-03,E-0143,2025-04-21 09:30:00,2025-04-23 11:49:00,MC-00748,H406090,P25,D3,closed,19.3,20.0,1093,2025-05-19,20260106T061500Z-QE24M
L25-0370,P-14457-C,C,1175,GR-01,E-0141,2025-04-21 09:38:00,2025-04-25 07:14:00,MC-00740,H946755,P25,C1,closed,31.6,31.5,1171,2025-05-15,20260106T061500Z-QE24M
L25-0371,P-13045-B,B,1015,SW-06,E-0111,2025-04-21 10:57:00,2025-04-23 13:17:00,MC-00748,H406090,P25,B2,closed,36.3,36.1,987,2025-05-13,20260106T061500Z-QE24M
L25-0372,P-14928-A,A,1600,MT-03,E-0119,2025-04-21 12:05:00,2025-04-22 19:41:00,MC-00739,H819424,P25,A3,closed,24.6,25.3,1600,2025-05-16,20260106T061500Z-QE24M
L25-0373,P-14952-A,A,1480,MT-05,E-0122,2025-04-21 19:40:00,2025-04-24 22:59:00,MC-00760,H161882,P25,A1,closed,54.3,54.4,1195,2025-05-20,20260106T061500Z-QE24M
L25-0374,P-18642-D,D,495,MT-01,E-0118,2025-04-21 22:57:00,2025-04-22 21:24:00,MC-00658,H751166,P25,D2,closed,15.5,15.8,492,2025-05-08,20260106T061500Z-QE24M
L25-0375,P-14117-A,A,1050,MT-04,E-0123,2025-04-22 06:16:00,2025-04-24 19:22:00,MC-00748,H406090,P25,A3,closed,47.1,47.8,1045,2025-05-19,20260106T061500Z-QE24M
L25-0376,P-18940-A,A,605,MT-06,E-0127,2025-04-22 10:57:00,2025-04-23 09:33:00,MC-00763,H929803,P25,A1,closed,15.6,15.5,597,2025-05-20,20260106T061500Z-QE24M
L25-0377,P-11950-A,A,845,ML-05,E-0138,2025-04-22 16:20:00,2025-04-24 13:14:00,MC-00762,H469704,N10,A3,closed,30.9,29.6,840,2025-05-09,20260106T061500Z-QE24M
L25-0378,P-14103-B,B,2515,MT-03,E-0122,2025-04-22 20:11:00,2025-04-28 06:20:00,MC-00751,H228913,P25,B1,closed,54.1,52.9,2478,2025-05-12,20260106T061500Z-QE24M
L25-0379,P-15211-C,C,1585,SW-01,E-0101,2025-04-23 06:38:00,2025-04-28 21:30:00,MC-00761,H398519,P25,C3,closed,65.9,68.4,1543,2025-05-27,20260106T061500Z-QE24M
L25-0380,P-16180-A,A,785,MT-02,E-0119,2025-04-23 08:16:00,2025-04-24 11:40:00,MC-00723,H765106,M25,A2,closed,20.4,19.4,773,2025-05-07,20260106T061500Z-QE24M
L25-0381,P-18180-D,D,585,GR-03,E-0143,2025-04-23 12:19:00,2025-04-25 07:28:00,MC-00751,H228913,P25,D3,closed,12.2,12.6,575,2025-05-27,20260106T061500Z-QE24M
L25-0382,P-17441-A,A,800,SW-06,E-0111,2025-04-23 13:47:00,2025-04-24 18:27:00,MC-00757,H973598,N10,A2,closed,21.7,19.7,799,2025-05-09,20260106T061500Z-QE24M
L25-0383,P-15885-A,A,760,ML-06,E-0140,2025-04-23 19:59:00,2025-04-25 18:23:00,MC-00722,H308995,M25,A2,closed,32.4,36.7,754,2025-05-14,20260106T061500Z-QE24M
L25-0384,P-14196-A,A,1565,MT-02,E-0119,2025-04-24 12:10:00,2025-04-30 21:30:00,MC-00741,H977139,P25,A2,closed,77.3,76.5,1554,2025-05-23,20260106T061500Z-QE24M
L25-0385,P-11301-A,A,1090,SW-08,E-0115,2025-04-24 14:00:00,2025-04-25 17:48:00,MC-00749,H365930,M25,A3,closed,20.8,20.0,1067,2025-05-12,20260106T061500Z-QE24M
L25-0386,P-15524-A,A,510,SW-06,E-0112,2025-04-24 18:57:00,2025-04-28 12:21:00,MC-00725,H612332,M25,A2,closed,27.4,25.8,503,2025-05-16,20260106T061500Z-QE24M
L25-0387,P-13948-B,B,195,GR-04,E-0144,2025-04-25 06:27:00,2025-04-25 12:36:00,MC-00713,H392698,N10,B1,closed,6.2,6.2,194,2025-05-09,20260106T061500Z-QE24M
L25-0388,P-13739-B,B,485,GR-01,E-0141,2025-04-25 07:44:00,2025-04-28 12:20:00,MC-00714,H534182,P25,B1,closed,13.1,13.6,480,2025-05-14,20260106T061500Z-QE24M
L25-0389,P-13138-C,C,655,SW-05,E-0110,2025-04-25 19:33:00,2025-04-29 18:28:00,MC-00751,H228913,P25,C2,closed,32.9,33.8,650,2025-06-02,20260106T061500Z-QE24M
L25-0390,P-16385-A,A,580,MT-03,E-0121,2025-04-28 06:50:00,2025-04-29 11:00:00,MC-00742,H616064,M25,A3,closed,21.2,20.6,452,2025-05-12,20260106T061500Z-QE24M
L25-0391,P-11253-B,B,2175,SW-02,E-0103,2025-04-28 07:06:00,2025-05-02 18:35:00,MC-00742,H616064,M25,B1,closed,79.5,82.6,2096,2025-05-07,20260106T061500Z-QE24M
L25-0392,P-12738-A,A,405,SW-08,E-0115,2025-04-28 08:09:00,2025-04-28 16:29:00,MC-00733,H870150,M35,A3,closed,8.3,8.1,402,2025-05-12,20260106T061500Z-QE24M
L25-0393,P-12284-B,B,845,GR-02,E-0142,2025-04-28 08:29:00,2025-04-30 14:21:00,MC-00732,H784394,S15,B2,closed,22.9,21.9,822,2025-05-05,20260106T061500Z-QE24M
L25-0394,P-13633-A,A,3975,GR-01,E-0141,2025-04-28 12:50:00,2025-05-08 13:25:00,MC-00765,H170328,P25,A1,closed,68.6,72.5,3965,2025-05-22,20260106T061500Z-QE24M
L25-0395,P-19461-D,D,730,MT-04,E-0123,2025-04-29 07:10:00,2025-04-29 22:56:00,MC-00774,H215741,M25,D2,closed,15.8,16.6,710,2025-05-13,20260106T061500Z-QE24M
L25-0396,P-11282-A,A,1065,SW-07,E-0113,2025-04-30 06:04:00,2025-05-01 07:41:00,MC-00749,H365930,M25,A2,closed,18.6,19.6,1044,2025-05-20,20260106T061500Z-QE24M
L25-0397,P-11984-A,A,195,ML-03,E-0133,2025-04-30 09:08:00,2025-04-30 19:56:00,MC-00616,H660469,N10,A2,closed,10.8,11.2,193,2025-05-08,20260106T061500Z-QE24M
L25-0398,P-17014-A,A,1000,SW-05,E-0109,2025-04-30 13:10:00,2025-05-02 13:00:00,MC-00770,H291069,M25,A1,closed,33.8,32.8,984,2025-05-16,20260106T061500Z-QE24M
L25-0399,P-10567-A,A,400,ML-02,E-0132,2025-04-30 16:17:00,2025-05-02 06:21:00,MC-00759,H635805,P25,A2,closed,24.1,23.6,390,2025-05-19,20260106T061500Z-QE24M
L25-0400,P-11265-A,A,1185,SW-08,E-0146,2025-05-01 07:01:00,2025-05-02 08:49:00,MC-00737,H355803,M25,A1,closed,18.8,78.6,1077,2025-05-14,20260106T061500Z-QE24M
L25-0401,P-17287-A,A,665,SW-08,E-0115,2025-05-02 09:19:00,2025-05-02 20:18:00,MC-00698,H871604,N10,A3,closed,11.0,10.4,650,2025-05-22,20260106T061500Z-QE24M
L25-0402,P-15206-A,A,205,SW-05,E-0145,2025-05-02 13:30:00,2025-05-05 07:28:00,MC-00750,H468340,P25,A2,closed,11.0,10.8,197,2025-06-02,20260106T061500Z-QE24M
L25-0403,P-12016-A,A,970,ML-02,E-0131,2025-05-05 06:37:00,2025-05-08 13:15:00,MC-00730,H290179,N10,A1,closed,57.6,50.5,951,2025-05-27,20260106T061500Z-QE24M
L25-0404,P-15589-C,C,525,GR-03,E-0143,2025-05-05 07:34:00,2025-05-06 12:03:00,MC-00749,H365930,M25,C2,closed,13.0,12.5,521,2025-05-19,20260106T061500Z-QE24M
L25-0405,P-11329-A,A,1135,SW-05,E-0109,2025-05-05 07:58:00,2025-05-07 06:51:00,MC-00745,H912879,M25,A2,closed,32.9,31.2,1118,2025-05-27,20260106T061500Z-QE24M
L25-0406,P-11920-C,C,4920,ML-04,E-0135,2025-05-05 08:50:00,2025-05-20 19:10:00,MC-00756,H286411,N10,C2,closed,197.3,197.6,4812,2025-06-03,20260106T061500Z-QE24M
L25-0407,P-16147-A,A,810,ML-01,E-0129,2025-05-05 08:57:00,2025-05-07 10:21:00,MC-00782,H598395,M25,A3,closed,35.4,33.4,809,2025-05-27,20260106T061500Z-QE24M
L25-0408,P-11449-A,A,1165,ML-05,E-0137,2025-05-05 09:09:00,2025-05-08 14:44:00,MC-00769,H734319,P25,A1,closed,56.6,58.2,1156,2025-05-13,20260106T061500Z-QE24M
L25-0409,P-18620-A,A,890,MT-04,E-0123,2025-05-05 09:57:00,2025-05-06 19:23:00,MC-00642,H434847,P25,A3,closed,26.4,28.3,854,2025-05-15,20260106T061500Z-QE24M
L25-0410,P-10607-C,C,250,ML-06,E-0139,2025-05-05 10:00:00,2025-05-06 13:25:00,MC-00775,H788789,M25,C1,closed,20.4,21.2,250,2025-05-27,20260106T061500Z-QE24M
L25-0411,P-16180-A,A,830,MT-02,E-0145,2025-05-05 10:00:00,2025-05-06 14:24:00,MC-00776,H355501,M25,A2,closed,21.4,21.8,826,2025-05-27,20260106T061500Z-QE24M
L25-0412,P-16637-A,A,495,ML-06,E-0139,2025-05-06 13:55:00,2025-05-07 18:58:00,MC-00749,H365930,M25,A3,closed,22.1,22.1,483,2025-05-27,20260106T061500Z-QE24M
L25-0413,P-14108-A,A,1845,MT-02,E-0120,2025-05-06 14:54:00,2025-05-08 14:20:00,MC-00752,H661949,P25,A3,closed,33.4,31.5,1838,2025-06-02,20260106T061500Z-QE24M
L25-0414,P-18384-C,C,1120,MT-04,E-0124,2025-05-06 19:53:00,2025-05-08 11:40:00,MC-00744,H513398,P25,C1,closed,25.8,25.4,1097,2025-05-27,20260106T061500Z-QE24M
L25-0415,P-10729-A,A,1225,ML-03,E-0133,2025-05-07 11:08:00,2025-05-09 14:14:00,MC-00775,H788789,M25,A2,closed,37.1,36.2,1199,2025-05-30,20260106T061500Z-QE24M
L25-0416,P-14015-A,A,985,GR-02,E-0142,2025-05-08 06:04:00,2025-05-13 06:13:00,MC-00713,H392698,N10,A2,closed,25.7,27.5,969,2025-06-02,20260106T061500Z-QE24M
L25-0417,P-14253-B,B,1205,GR-03,E-0143,2025-05-08 07:44:00,2025-05-15 09:00:00,MC-00765,H170328,P25,B3,closed,43.8,43.6,1184,2025-06-09,20260106T061500Z-QE24M
L25-0418,P-19044-A,A,1815,SW-03,E-0105,2025-05-08 11:44:00,2025-05-12 17:02:00,MC-00710,H142989,M25,A2,closed,39.3,40.4,1802,2025-05-28,20260106T061500Z-QE24M
L25-0419,P-18503-A,A,2025,MT-04,E-0123,2025-05-08 12:10:00,2025-05-13 15:48:00,MC-00642,H434847,P25,A3,closed,54.6,52.8,1988,2025-06-02,20260106T061500Z-QE24M
L25-0420,P-11462-A,A,860,ML-05,E-0138,2025-05-08 15:14:00,2025-05-12 19:21:00,MC-00785,H474412,P25,A3,closed,38.1,37.5,857,2025-06-12,20260106T061500Z-QE24M
L25-0421,P-16237-A,A,2205,MT-05,E-0125,2025-05-09 06:46:00,2025-05-14 10:13:00,MC-00783,H314524,M25,A2,closed,54.5,54.4,2189,2025-06-02,20260106T061500Z-QE24M
L25-0422,P-12092-A,A,1045,GR-04,E-0144,2025-05-09 09:53:00,2025-05-14 08:17:00,MC-00736,H360834,S15,A1,closed,23.9,25.1,1032,2025-05-27,20260106T061500Z-QE24M
L25-0423,P-16016-A,A,300,ML-06,E-0139,2025-05-09 10:49:00,2025-05-12 14:31:00,MC-00725,H612332,M25,A3,closed,20.7,20.7,297,2025-05-29,20260106T061500Z-QE24M
L25-0424,P-11909-A,A,1725,ML-03,E-0134,2025-05-09 14:44:00,2025-05-19 08:36:00,MC-00754,H118518,N10,A3,closed,95.9,92.4,1706,2025-06-05,20260106T061500Z-QE24M
L25-0425,P-17004-D,D,1000,SW-07,E-0113,2025-05-12 07:34:00,2025-05-13 18:04:00,MC-00783,H314524,M25,D1,closed,27.5,27.3,993,2025-06-02,20260106T061500Z-QE24M
L25-0426,P-19243-A,A,700,MT-01,E-0117,2025-05-12 10:21:00,2025-05-13 07:47:00,MC-00774,H215741,M25,A1,closed,14.4,14.3,693,2025-05-27,20260106T061500Z-QE24M
L25-0427,P-15763-A,A,1535,GR-01,E-0141,2025-05-12 10:54:00,2025-05-19 13:37:00,MC-00755,H727587,M25,A2,closed,45.2,43.8,1349,2025-06-09,20260106T061500Z-QE24M
L25-0428,P-13214-A,A,1035,SW-03,E-0106,2025-05-12 17:32:00,2025-05-13 19:55:00,MC-00720,H764685,P25,A3,closed,19.4,18.2,1031,2025-06-06,20260106T061500Z-QE24M
L25-0429,P-11072-B,B,540,ML-05,E-0138,2025-05-12 19:51:00,2025-05-14 18:22:00,MC-00744,H513398,P25,B3,closed,32.5,31.1,537,2025-06-09,20260106T061500Z-QE24M
L25-0430,P-10313-B,B,945,GR-02,E-0142,2025-05-13 06:43:00,2025-05-16 09:06:00,MC-00761,H398519,P25,B3,closed,27.9,26.6,939,2025-06-16,20260106T061500Z-QE24M
L25-0431,P-13317-A,A,900,MT-04,E-0124,2025-05-13 16:18:00,2025-05-15 08:06:00,MC-00786,H102873,P25,A3,closed,25.8,25.2,891,2025-06-13,20260106T061500Z-QE24M
L25-0432,P-17484-A,A,650,SW-07,E-0114,2025-05-13 18:34:00,2025-05-15 11:05:00,MC-00774,H215741,M25,A3,closed,26.5,26.8,648,2025-06-04,20260106T061500Z-QE24M
L25-0433,P-18535-A,A,1130,MT-02,E-0120,2025-05-13 19:08:00,2025-05-15 07:32:00,MC-00759,H635805,P25,A2,closed,22.4,22.3,1127,2025-05-29,20260106T061500Z-QE24M
L25-0434,P-11163-D,D,2200,SW-03,E-0106,2025-05-13 20:25:00,2025-05-16 22:39:00,MC-00745,H912879,M25,D2,closed,53.2,53.2,2180,2025-06-04,20260106T061500Z-QE24M
L25-0435,P-17038-D,D,1000,SW-05,E-0109,2025-05-14 07:48:00,2025-05-15 20:48:00,MC-00776,H355501,M25,D2,closed,30.0,31.7,994,2025-05-29,20260106T061500Z-QE24M
L25-0436,P-10116-B,B,2020,GR-04,E-0144,2025-05-14 08:47:00,2025-05-22 11:37:00,MC-00761,H398519,P25,B2,closed,53.8,61.9,1996,2025-06-06,20260106T061500Z-QE24M
L25-0437,P-13350-A,A,870,MT-06,E-0127,2025-05-14 09:31:00,2025-05-16 06:31:00,MC-00789,H196553,K20,A2,closed,31.0,31.7,860,2025-06-02,20260106T061500Z-QE24M
L25-0438,P-11625-A,A,510,ML-05,E-0138,2025-05-14 18:52:00,2025-05-15 19:45:00,MC-00790,H804985,S15,A3,closed,17.9,17.4,502,2025-06-02,20260106T061500Z-QE24M
L25-0439,P-12645-A,A,1665,SW-04,E-0108,2025-05-14 21:29:00,2025-05-16 18:14:00,MC-00693,H202797,M35,A3,closed,30.8,27.7,1636,2025-06-16,20260106T061500Z-QE24M
L25-0440,P-19426-D,D,1060,MT-02,E-0119,2025-05-15 08:02:00,2025-05-16 09:24:00,MC-00782,H598395,M25,D2,closed,18.4,17.6,1050,2025-06-09,20260106T061500Z-QE24M
L25-0441,P-19072-D,D,1735,SW-06,E-0112,2025-05-15 19:27:00,2025-05-19 22:34:00,MC-00771,H982666,M25,D2,closed,37.1,35.6,1730,2025-05-23,20260106T061500Z-QE24M
L25-0442,P-10743-D,D,255,ML-05,E-0138,2025-05-15 20:15:00,2025-05-16 16:22:00,MC-00776,H355501,M25,D3,closed,13.1,13.2,254,2025-06-02,20260106T061500Z-QE24M
L25-0443,P-17351-A,A,530,SW-01,E-0101,2025-05-16 08:42:00,2025-05-16 22:55:00,MC-00773,H876304,N10,A2,closed,14.2,15.0,523,2025-06-06,20260106T061500Z-QE24M
L25-0444,P-14103-B,B,2260,MT-01,E-0117,2025-05-16 12:41:00,2025-05-21 10:38:00,MC-00752,H661949,P25,B1,closed,49.0,50.5,2219,2025-06-03,20260106T061500Z-QE24M
L25-0445,P-19299-A,A,2460,MT-03,E-0121,2025-05-16 12:51:00,2025-05-23 08:20:00,MC-00725,H612332,M25,A1,closed,80.5,81.3,2407,2025-06-13,20260106T061500Z-QE24M
L25-0446,P-18988-B,B,975,SW-08,E-0115,2025-05-19 08:50:00,2025-05-20 09:18:00,MC-00777,H145571,M25,B1,closed,17.5,19.1,963,2025-06-06,20260106T061500Z-QE24M
L25-0447,P-10688-A,A,970,ML-03,E-0133,2025-05-19 09:06:00,2025-05-22 16:33:00,MC-00784,H973664,M25,A2,closed,58.5,55.1,959,2025-06-09,20260106T061500Z-QE24M
L25-0448,P-16229-A,A,2595,MT-06,E-0127,2025-05-19 09:39:00,2025-05-22 17:26:00,MC-00784,H973664,M25,A2,closed,58.8,61.7,2507,2025-06-03,20260106T061500Z-QE24M
L25-0449,P-17282-B,B,555,SW-02,E-0103,2025-05-19 09:45:00,2025-05-20 10:33:00,MC-00792,H575659,N10,B1,closed,17.8,18.6,552,2025-06-02,20260106T061500Z-QE24M
L25-0450,P-19449-A,A,1705,MT-04,E-0123,2025-05-19 10:00:00,2025-05-21 22:46:00,MC-00782,H598395,M25,A1,closed,46.8,48.7,1652,2025-06-02,20260106T061500Z-QE24M
L25-0451,P-18445-A,A,800,MT-05,E-0126,2025-05-19 15:31:00,2025-05-20 22:35:00,MC-00759,H635805,P25,A3,closed,24.1,23.5,784,2025-06-04,20260106T061500Z-QE24M
L25-0452,P-10373-C,C,2005,ML-06,E-0139,2025-05-20 07:19:00,2025-05-29 18:56:00,MC-00766,H180771,P25,C2,closed,113.6,109.9,1982,2025-06-12,20260106T061500Z-QE24M
L25-0453,P-12835-A,A,585,MT-05,E-0125,2025-05-21 08:03:00,2025-05-21 22:39:00,MC-00785,H474412,P25,A1,closed,14.6,14.9,577,2025-06-13,20260106T061500Z-QE24M
L25-0454,P-12828-B,B,1465,MT-01,E-0117,2025-05-21 11:08:00,2025-05-27 09:17:00,MC-00768,H337303,P25,B3,closed,49.1,45.8,1427,2025-06-23,20260106T061500Z-QE24M
L25-0455,P-14992-A,A,1660,MT-05,E-0119,2025-05-22 06:09:00,2025-05-28 07:24:00,MC-00793,H313371,P25,A2,closed,52.2,54.0,1463,2025-06-30,20260106T061500Z-QE24M
L25-0456,P-10385-D,D,1195,ML-05,E-0137,2025-05-22 09:05:00,2025-05-29 14:36:00,MC-00766,H180771,P25,D3,closed,73.5,80.5,1160,2025-06-13,20260106T061500Z-QE24M
L25-0457,P-15615-C,C,1295,GR-02,E-0142,2025-05-22 10:24:00,2025-05-27 08:42:00,MC-00755,H727587,M25,C1,closed,15.3,14.6,1290,2025-06-12,20260106T061500Z-QE24M
L25-0458,P-13149-C,C,3015,SW-05,E-0147,2025-05-22 14:49:00,2025-05-30 21:45:00,MC-00767,H344863,P25,C3,closed,91.9,88.2,2984,2025-06-23,20260106T061500Z-QE24M
L25-0459,P-16180-A,A,835,MT-02,E-0120,2025-05-22 18:05:00,2025-05-23 22:35:00,MC-00784,H973664,M25,A2,closed,21.5,21.6,826,2025-06-13,20260106T061500Z-QE24M
L25-0460,P-14300-D,D,845,GR-01,E-0141,2025-05-23 06:00:00,2025-05-29 11:48:00,MC-00795,H719567,P25,D3,closed,31.3,29.1,843,2025-06-24,20260106T061500Z-QE24M
L25-0461,P-12343-A,A,460,MT-04,E-0123,2025-05-23 08:24:00,2025-05-23 22:22:00,MC-00769,H734319,P25,A2,closed,14.0,14.9,450,2025-06-13,20260106T061500Z-QE24M
L25-0462,P-17795-A,A,4680,SW-06,E-0112,2025-05-23 15:59:00,2025-06-04 19:19:00,MC-00693,H202797,M35,A2,closed,122.3,128.2,4651,2025-06-20,20260106T061500Z-QE24M
L25-0463,P-12868-D,D,735,MT-04,E-0123,2025-05-27 06:20:00,2025-05-28 09:29:00,MC-00795,H719567,P25,D1,closed,20.1,20.5,726,2025-06-13,20260106T061500Z-QE24M
L25-0464,P-14773-A,A,975,SW-02,E-0103,2025-05-27 06:42:00,2025-05-28 18:32:00,MC-00725,H612332,M25,A3,closed,28.8,257.7,968,2025-06-11,20260106T061500Z-QE24M
L25-0465,P-15742-C,C,190,GR-04,E-0144,2025-05-27 08:40:00,2025-05-27 13:44:00,MC-00806,H580369,M25,C2,closed,5.1,5.1,190,2025-06-16,20260106T061500Z-QE24M
L25-0466,P-14530-A,A,1125,SW-07,E-0113,2025-05-27 09:22:00,2025-05-28 10:00:00,MC-00783,H314524,M25,A1,closed,17.6,17.1,1118,2025-06-12,20260106T061500Z-QE24M
L25-0467,P-12407-A,A,285,MT-01,E-0117,2025-05-27 09:47:00,2025-05-27 18:01:00,MC-00772,H900146,P25,A3,closed,8.2,8.1,281,2025-06-13,20260106T061500Z-QE24M
L25-0468,P-16352-D,D,1600,MT-02,E-0119,2025-05-27 10:04:00,2025-05-30 19:56:00,MC-00764,H453618,M25,D2,closed,60.9,60.1,1585,2025-06-13,20260106T061500Z-QE24M
L25-0469,P-13122-B,B,1375,SW-04,E-0107,2025-05-27 10:21:00,2025-05-30 18:29:00,MC-00778,H862094,P25,B3,closed,59.1,58.5,1351,2025-06-12,20260106T061500Z-QE24M
L25-0470,P-14391-C,C,635,GR-02,E-0142,2025-05-27 13:38:00,2025-05-29 10:13:00,MC-00768,H337303,P25,C3,closed,13.6,14.4,631,2025-06-30,20260106T061500Z-QE24M
L25-0471,P-13502-C,C,830,MT-01,E-0118,2025-05-27 18:31:00,2025-05-29 07:01:00,MC-00797,H701161,K20,C3,closed,22.5,23.4,824,2025-06-17,20260106T061500Z-QE24M
L25-0472,P-13711-B,B,455,GR-03,E-0143,2025-05-28 07:43:00,2025-05-29 10:48:00,MC-00772,H900146,P25,B3,closed,11.6,12.4,449,2025-06-09,20260106T061500Z-QE24M
L25-0473,P-16234-A,A,950,MT-05,E-0125,2025-05-28 07:54:00,2025-05-29 07:03:00,MC-00812,H640182,M25,A2,closed,16.1,15.5,934,2025-06-12,20260106T061500Z-QE24M
L25-0474,P-17004-D,D,1000,SW-03,E-0105,2025-05-28 08:03:00,2025-05-29 18:33:00,MC-00783,H314524,M25,D1,closed,27.5,28.5,996,2025-06-12,20260106T061500Z-QE24M
L25-0475,P-18450-A,A,1205,MT-03,E-0121,2025-05-28 09:17:00,2025-05-29 18:23:00,MC-00787,H786983,P25,A2,closed,26.1,25.4,1194,2025-06-06,20260106T061500Z-QE24M
L25-0476,P-18795-A,A,905,MT-04,E-0123,2025-05-28 09:59:00,2025-05-30 08:06:00,MC-00772,H900146,P25,A2,closed,32.1,32.1,889,2025-06-23,20260106T061500Z-QE24M
L25-0477,P-17500-A,A,1235,SW-01,E-0101,2025-05-28 12:40:00,2025-05-30 12:45:00,MC-00788,H873875,M25,A3,closed,34.1,34.8,1029,2025-06-16,20260106T061500Z-QE24M
L25-0478,P-13158-A,A,315,SW-02,E-0104,2025-05-28 19:02:00,2025-05-29 11:01:00,MC-00720,H764685,P25,A2,closed,9.0,8.8,308,2025-06-26,20260106T061500Z-QE24M
L25-0479,P-10749-A,A,480,ML-01,E-0129,2025-05-29 08:37:00,2025-05-30 17:01:00,MC-00779,H216618,M25,A2,closed,25.4,26.8,358,2025-06-20,20260106T061500Z-QE24M
L25-0480,P-16813-B,B,740,ML-04,E-0135,2025-05-29 08:55:00,2025-06-02 14:03:00,MC-00768,H337303,P25,B2,closed,39.1,37.8,734,2025-06-25,20260106T061500Z-QE24M
L25-0481,P-13590-A,A,770,GR-01,E-0141,2025-05-29 12:18:00,2025-06-02 12:56:00,MC-00805,H136002,P25,A2,closed,17.6,18.0,706,2025-06-18,20260106T061500Z-QE24M
L25-0482,P-11681-A,A,750,ML-05,E-0138,2025-05-29 15:06:00,2025-06-03 11:06:00,MC-00800,H944470,S15,A3,closed,47.0,47.3,748,2025-06-18,20260106T061500Z-QE24M
L25-0483,P-11856-B,B,1545,ML-06,E-0140,2025-05-29 19:26:00,2025-06-05 19:34:00,MC-00800,H944470,S15,B3,closed,85.1,93.3,1539,2025-06-20,20260106T061500Z-QE24M
L25-0484,P-14077-B,B,1205,GR-03,E-0143,2025-05-30 14:03:00,2025-06-05 11:22:00,MC-00796,H270982,N10,B3,closed,31.3,30.0,1196,2025-06-23,20260106T061500Z-QE24M
L25-0485,P-12314-A,A,2665,MT-02,E-0120,2025-05-30 20:26:00,2025-06-06 22:23:00,MC-00805,H136002,P25,A1,closed,86.9,99.4,2256,2025-06-23,20260106T061500Z-QE24M
L25-0486,P-13403-A,A,820,MT-06,E-0127,2025-06-02 06:34:00,2025-06-02 21:44:00,MC-00815,H991744,K20,A2,closed,15.2,15.2,813,2025-06-23,20260106T061500Z-QE24M
L25-0487,P-18353-B,B,595,MT-04,E-0123,2025-06-02 07:19:00,2025-06-02 20:44:00,MC-00744,H513398,P25,B1,closed,13.4,12.7,578,2025-07-03,20260106T061500Z-QE24M
L25-0488,P-13483-A,A,855,MT-05,E-0125,2025-06-02 07:28:00,2025-06-03 07:34:00,MC-00819,H912673,P25,A1,closed,17.1,17.7,851,2025-06-27,20260106T061500Z-QE24M
L25-0489,P-11909-A,A,1815,ML-03,E-0133,2025-06-02 07:44:00,2025-06-10 06:27:00,MC-00754,H118518,N10,A3,closed,100.7,95.3,1804,2025-06-27,20260106T061500Z-QE24M
L25-0490,P-16715-A,A,1255,ML-02,E-0131,2025-06-02 09:02:00,2025-06-04 22:48:00,MC-00806,H580369,M25,A2,closed,47.8,47.2,1247,2025-06-20,20260106T061500Z-QE24M
L25-0491,P-11007-C,C,1915,ML-04,E-0136,2025-06-02 14:33:00,2025-06-11 10:54:00,MC-00744,H513398,P25,C3,closed,115.3,123.5,1899,2025-07-14,20260106T061500Z-QE24M
L25-0492,P-14117-A,A,1115,MT-06,E-0128,2025-06-02 22:14:00,2025-06-05 21:03:00,MC-00780,H562111,P25,A3,closed,49.8,49.3,1095,2025-06-30,20260106T061500Z-QE24M
L25-0493,P-14108-A,A,1660,MT-01,E-0117,2025-06-03 08:09:00,2025-06-04 21:33:00,MC-00780,H562111,P25,A3,closed,30.4,32.2,1651,2025-07-07,20260106T061500Z-QE24M
L25-0494,P-12861-C,C,1520,MT-05,E-0125,2025-06-03 10:47:00,2025-06-05 09:10:00,MC-00805,H136002,P25,C2,closed,32.4,34.7,1493,2025-06-30,20260106T061500Z-QE24M
L25-0495,P-11847-D,D,2450,ML-05,E-0137,2025-06-03 11:36:00,2025-06-17 16:55:00,MC-00830,H629848,S15,D2,closed,175.3,176.0,2432,2025-07-03,20260106T061500Z-QE24M
L25-0496,P-15057-A,A,1575,SW-03,E-0105,2025-06-05 09:23:00,2025-06-09 15:55:00,MC-00810,H300839,P25,A3,closed,40.5,41.9,1539,2025-07-02,20260106T061500Z-QE24M
L25-0497,P-10355-D,D,315,GR-04,E-0144,2025-06-05 12:51:00,2025-06-06 13:36:00,MC-00810,H300839,P25,D3,closed,9.2,9.5,312,2025-07-02,20260106T061500Z-QE24M
L25-0498,P-14885-D,D,425,SW-02,E-0103,2025-06-06 10:30:00,2025-06-09 13:09:00,MC-00774,H215741,M25,D1,closed,19.6,19.5,407,2025-06-23,20260106T061500Z-QE24M
L25-0499,P-17582-A,A,3305,SW-05,E-0110,2025-06-06 16:00:00,2025-06-11 18:08:00,MC-00791,H393124,M25,A2,closed,53.1,54.7,3273,2025-06-30,20260106T061500Z-QE24M
L25-0500,P-16180-A,A,860,MT-02,E-0120,2025-06-06 22:53:00,2025-06-10 10:57:00,MC-00814,H214936,M25,A2,closed,22.1,22.5,844,2025-06-30,20260106T061500Z-QE24M
L25-0501,P-19125-B,B,935,SW-08,E-0115,2025-06-09 06:16:00,2025-06-12 12:39:00,MC-00794,H400280,M25,B1,closed,57.4,55.2,930,2025-06-18,20260106T061500Z-QE24M
L25-0502,P-16473-D,D,725,MT-04,E-0123,2025-06-09 06:20:00,2025-06-11 16:17:00,MC-00806,H580369,M25,D1,closed,44.0,42.4,720,2025-06-23,20260106T061500Z-QE24M
L25-0503,P-11320-D,D,1070,SW-07,E-0113,2025-06-09 06:29:00,2025-06-10 08:00:00,MC-00781,H743190,M25,D3,closed,18.5,19.3,1051,2025-06-26,20260106T061500Z-QE24M
L25-0504,P-11417-A,A,2010,ML-06,E-0139,2025-06-09 07:12:00,2025-06-17 17:45:00,MC-00768,H337303,P25,A3,closed,112.5,119.3,2005,2025-06-23,20260106T061500Z-QE24M
L25-0505,P-10257-C,C,670,GR-01,E-0141,2025-06-09 07:20:00,2025-06-12 08:11:00,MC-00809,H796106,P25,C2,closed,26.3,27.7,664,2025-07-07,20260106T061500Z-QE24M
L25-0506,P-16645-A,A,750,ML-01,E-0129,2025-06-09 09:12:00,2025-06-11 18:05:00,MC-00823,H983754,M25,A1,closed,42.9,42.4,749,2025-06-25,20260106T061500Z-QE24M
L25-0507,P-17038-D,D,1000,SW-02,E-0103,2025-06-09 13:39:00,2025-06-11 09:39:00,MC-00817,H504231,M25,D2,closed,30.0,30.0,994,2025-06-23,20260106T061500Z-QE24M
L25-0508,P-11163-D,D,2200,SW-03,E-0106,2025-06-09 16:25:00,2025-06-12 18:39:00,MC-00826,H258181,M25,D2,closed,53.2,50.9,2169,2025-06-27,20260106T061500Z-QE24M
L25-0509,P-17319-A,A,295,SW-07,E-0113,2025-06-10 08:30:00,2025-06-10 22:04:00,MC-00842,H335276,N10,A1,closed,13.6,13.8,294,2025-06-27,20260106T061500Z-QE24M
L25-0510,P-18156-A,A,1500,GR-02,E-0142,2025-06-10 09:38:00,2025-06-18 08:38:00,MC-00780,H562111,P25,A3,closed,50.0,52.9,1474,2025-07-15,20260106T061500Z-QE24M
L25-0511,P-11930-A,A,610,ML-02,E-0131,2025-06-10 10:34:00,2025-06-12 08:33:00,MC-00801,H552617,N10,A1,closed,32.0,32.2,607,2025-06-19,20260106T061500Z-QE24M
L25-0512,P-14168-B,B,960,MT-02,E-0119,2025-06-10 11:27:00,2025-06-11 22:25:00,MC-00831,H585983,P25,B3,closed,28.0,27.5,945,2025-07-14,20260106T061500Z-QE24M
L25-0513,P-15099-A,A,1505,SW-07,E-0113,2025-06-11 10:04:00,2025-06-12 08:51:00,MC-00810,H300839,P25,A2,closed,15.8,16.6,1495,2025-07-07,20260106T061500Z-QE24M
L25-0514,P-11923-A,A,1180,ML-04,E-0135,2025-06-11 11:24:00,2025-06-16 11:35:00,MC-00762,H469704,N10,A3,closed,51.2,52.9,1176,2025-07-03,20260106T061500Z-QE24M
L25-0515,P-19323-B,B,1080,MT-04,E-0124,2025-06-11 16:47:00,2025-06-13 11:21:00,MC-00799,H791292,M25,B3,closed,28.6,29.2,1071,2025-06-26,20260106T061500Z-QE24M
L25-0516,P-17014-A,A,1000,SW-05,E-0147,2025-06-11 18:38:00,2025-06-13 18:28:00,MC-00794,H400280,M25,A1,closed,33.8,31.8,985,2025-06-26,20260106T061500Z-QE24M
L25-0517,P-14707-A,A,795,SW-01,E-0102,2025-06-11 21:31:00,2025-06-13 10:08:00,MC-00798,H870532,M25,A1,closed,22.6,24.2,792,2025-06-30,20260106T061500Z-QE24M
L25-0518,P-14175-A,A,800,MT-06,E-0127,2025-06-12 06:24:00,2025-06-16 06:20:00,MC-00741,H977139,P25,A3,closed,33.9,35.5,766,2025-07-17,20260106T061500Z-QE24M
L25-0519,P-14952-A,A,1365,MT-01,E-0125,2025-06-12 08:11:00,2025-06-17 07:30:00,MC-00809,H796106,P25,A1,closed,50.3,48.9,1354,2025-07-07,20260106T061500Z-QE24M
L25-0520,P-16180-A,A,775,MT-02,E-0119,2025-06-12 09:18:00,2025-06-13 12:28:00,MC-00817,H504231,M25,A2,closed,20.2,19.7,768,2025-06-30,20260106T061500Z-QE24M
L25-0521,P-19137-C,C,1710,SW-03,E-0106,2025-06-12 19:09:00,2025-06-18 17:08:00,MC-00828,H239961,M25,C3,closed,66.0,65.3,1702,2025-07-07,20260106T061500Z-QE24M
L25-0522,P-18338-C,C,1040,MT-05,E-0126,2025-06-12 20:23:00,2025-06-16 09:30:00,MC-00809,H796106,P25,C3,closed,23.1,21.4,1030,2025-06-26,20260106T061500Z-QE24M
L25-0523,P-11962-A,A,540,ML-02,E-0131,2025-06-13 08:39:00,2025-06-17 07:48:00,MC-00802,H726630,N10,A3,closed,33.1,34.4,540,2025-07-07,20260106T061500Z-QE24M
L25-0524,P-17247-D,D,500,SW-01,E-0101,2025-06-13 10:38:00,2025-06-13 22:23:00,MC-00842,H335276,N10,D2,closed,11.8,11.4,498,2025-06-30,20260106T061500Z-QE24M
L25-0525,P-13328-A,A,1135,MT-04,E-0123,2025-06-13 11:51:00,2025-06-19 10:13:00,MC-00834,H958388,K20,A2,closed,66.4,65.8,1122,2025-07-14,20260106T061500Z-QE24M
L25-0526,P-15298-A,A,585,SW-05,E-0110,2025-06-13 18:58:00,2025-06-16 21:09:00,MC-00807,H894235,M25,A3,closed,19.2,19.2,575,2025-06-30,20260106T061500Z-QE24M
L25-0527,P-16788-A,A,355,ML-03,E-0134,2025-06-13 20:29:00,2025-06-16 20:24:00,MC-00808,H703254,P25,A3,closed,16.9,17.6,346,2025-07-03,20260106T061500Z-QE24M
L25-0528,P-14719-A,A,1195,SW-01,E-0102,2025-06-13 22:53:00,2025-06-17 22:09:00,MC-00807,H894235,M25,A2,closed,33.3,35.4,1177,2025-07-01,20260106T061500Z-QE24M
L25-0529,P-17789-B,B,2160,SW-04,E-0107,2025-06-16 07:36:00,2025-06-20 15:19:00,MC-00837,H497530,M35,B1,closed,75.7,77.4,2134,2025-07-25,20260106T061500Z-QE24M
L25-0530,P-14212-C,C,810,MT-03,E-0121,2025-06-16 07:47:00,2025-06-17 08:30:00,MC-00831,H585983,P25,C2,closed,17.7,18.1,785,2025-07-17,20260106T061500Z-QE24M
L25-0531,P-13530-B,B,565,GR-04,E-0144,2025-06-16 08:03:00,2025-06-17 13:17:00,MC-00795,H719567,P25,B1,closed,13.7,15.6,562,2025-07-14,20260106T061500Z-QE24M
L25-0532,P-13017-A,A,4420,SW-06,E-0111,2025-06-16 08:47:00,2025-06-27 16:26:00,MC-00803,H892814,P25,A2,closed,160.6,155.8,4388,2025-07-25,20260106T061500Z-QE24M
L25-0533,P-14869-A,A,2355,SW-08,E-0115,2025-06-16 08:49:00,2025-06-20 08:59:00,MC-00799,H791292,M25,A1,closed,68.2,68.1,2329,2025-07-03,20260106T061500Z-QE24M
L25-0534,P-18159-A,A,1620,GR-03,E-0143,2025-06-16 09:35:00,2025-06-20 13:41:00,MC-00803,H892814,P25,A3,closed,38.1,41.0,1598,2025-07-14,20260106T061500Z-QE24M
L25-0535,P-13307-B,B,805,MT-01,E-0117,2025-06-17 08:00:00,2025-06-18 13:11:00,MC-00838,H120776,P25,B2,closed,22.2,22.6,799,2025-07-07,20260106T061500Z-QE24M
L25-0536,P-16721-B,B,630,ML-01,E-0145,2025-06-17 09:41:00,2025-06-19 13:52:00,MC-00811,H415207,M25,B3,closed,38.2,41.1,613,2025-07-09,20260106T061500Z-QE24M
L25-0537,P-19343-A,A,590,MT-02,E-0119,2025-06-17 10:06:00,2025-06-18 09:16:00,MC-00827,H182046,M25,A1,closed,16.2,16.6,576,2025-07-07,20260106T061500Z-QE24M
L25-0538,P-14928-A,A,1390,MT-05,E-0125,2025-06-17 12:25:00,2025-06-18 17:11:00,MC-00835,H373967,P25,A3,closed,21.8,20.1,1387,2025-07-14,20260106T061500Z-QE24M
L25-0539,P-10989-A,A,685,ML-05,E-0138,2025-06-17 17:25:00,2025-06-19 21:55:00,MC-00835,H373967,P25,A1,closed,38.5,38.5,680,2025-07-11,20260106T061500Z-QE24M
L25-0540,P-11381-A,A,515,ML-06,E-0140,2025-06-17 18:15:00,2025-06-19 08:47:00,MC-00805,H136002,P25,A2,closed,24.5,25.0,508,2025-07-14,20260106T061500Z-QE24M
L25-0541,P-12972-A,A,980,MT-03,E-0122,2025-06-17 22:07:00,2025-06-19 14:09:00,MC-00795,H719567,P25,A3,closed,26.0,25.3,967,2025-07-14,20260106T061500Z-QE24M
L25-0542,P-12614-A,A,585,SW-02,E-0103,2025-06-18 06:02:00,2025-06-18 20:39:00,MC-00832,H233776,M35,A2,closed,14.6,15.7,569,2025-07-10,20260106T061500Z-QE24M
L25-0543,P-10845-A,A,700,ML-03,E-0133,2025-06-18 08:53:00,2025-06-20 14:03:00,MC-00779,H216618,M25,A2,closed,39.2,37.8,666,2025-07-11,20260106T061500Z-QE24M
L25-0544,P-16107-A,A,1400,ML-04,E-0135,2025-06-18 09:19:00,2025-06-25 09:55:00,MC-00833,H209578,M25,A2,closed,85.6,95.1,1289,2025-07-10,20260106T061500Z-QE24M
L25-0545,P-12884-C,C,615,MT-05,E-0126,2025-06-18 17:41:00,2025-06-19 14:02:00,MC-00848,H349414,P25,C3,closed,13.4,15.1,603,2025-07-07,20260106T061500Z-QE24M
L25-0546,P-11803-A,A,515,ML-06,E-0139,2025-06-19 09:17:00,2025-06-20 19:35:00,MC-00736,H360834,S15,A1,closed,27.3,27.4,507,2025-07-09,20260106T061500Z-QE24M
L25-0547,P-12435-A,A,210,MT-06,E-0127,2025-06-19 09:38:00,2025-06-19 18:10:00,MC-00818,H548182,P25,A1,closed,8.5,8.2,208,2025-07-11,20260106T061500Z-QE24M
L25-0548,P-13321-A,A,820,MT-04,E-0123,2025-06-19 10:43:00,2025-06-20 12:18:00,MC-00841,H581277,P25,A3,closed,18.6,56.7,814,2025-07-14,20260106T061500Z-QE24M
L25-0549,P-13458-B,B,785,MT-02,E-0119,2025-06-19 14:16:00,2025-06-20 08:07:00,MC-00850,H421235,P25,B3,closed,10.8,11.0,781,2025-07-21,20260106T061500Z-QE24M
L25-0550,P-14103-B,B,2410,MT-03,E-0122,2025-06-19 14:39:00,2025-06-24 15:39:00,MC-00836,H503823,P25,B1,closed,52.0,53.5,2368,2025-07-11,20260106T061500Z-QE24M
L25-0551,P-18420-D,D,955,MT-01,E-0118,2025-06-19 21:19:00,2025-06-23 11:39:00,MC-00813,H984382,P25,D3,closed,24.3,24.5,947,2025-07-21,20260106T061500Z-QE24M
L25-0552,P-11282-A,A,1175,SW-01,E-0101,2025-06-23 06:12:00,2025-06-24 09:26:00,MC-00811,H415207,M25,A2,closed,20.2,20.4,1152,2025-07-08,20260106T061500Z-QE24M
L25-0553,P-10460-A,A,1700,ML-02,E-0131,2025-06-23 06:23:00,2025-07-01 14:46:00,MC-00766,H180771,P25,A2,closed,110.4,119.0,1692,2025-07-15,20260106T061500Z-QE24M
L25-0554,P-14384-D,D,535,GR-04,E-0144,2025-06-23 09:52:00,2025-06-25 13:21:00,MC-00820,H198603,P25,D2,closed,20.5,20.4,531,2025-07-16,20260106T061500Z-QE24M
L25-0555,P-10365-A,A,1700,GR-01,E-0141,2025-06-23 09:56:00,2025-07-01 11:14:00,MC-00829,H311528,P25,A2,closed,52.3,52.1,1664,2025-07-25,20260106T061500Z-QE24M
L25-0556,P-18115-C,C,1010,GR-03,E-0145,2025-06-23 10:02:00,2025-06-26 11:26:00,MC-00840,H816978,P25,C3,closed,26.9,25.9,1001,2025-07-24,20260106T061500Z-QE24M
L25-0557,P-17131-A,A,995,ML-05,E-0137,2025-06-23 10:27:00,2025-06-25 12:47:00,MC-00842,H335276,N10,A1,closed,36.3,35.5,752,2025-07-14,20260106T061500Z-QE24M
L25-0558,P-14134-A,A,1610,MT-04,E-0123,2025-06-23 10:54:00,2025-06-25 10:29:00,MC-00804,H567266,P25,A1,closed,33.6,31.9,1585,2025-07-11,20260106T061500Z-QE24M
L25-0559,P-13821-A,A,1605,GR-02,E-0142,2025-06-24 10:01:00,2025-07-01 08:46:00,MC-00848,H349414,P25,A1,closed,41.3,39.2,1585,2025-08-01,20260106T061500Z-QE24M
L25-0560,P-18413-C,C,1725,MT-03,E-0122,2025-06-24 16:09:00,2025-06-27 08:07:00,MC-00835,H373967,P25,C3,closed,43.0,40.6,1697,2025-07-21,20260106T061500Z-QE24M
L25-0561,P-12498-B,B,590,MT-05,E-0126,2025-06-24 22:10:00,2025-06-26 09:27:00,MC-00820,H198603,P25,B3,closed,21.3,22.6,587,2025-07-25,20260106T061500Z-QE24M
L25-0562,P-12907-D,D,645,MT-02,E-0119,2025-06-25 06:58:00,2025-06-26 11:21:00,MC-00848,H349414,P25,D1,closed,21.4,20.4,636,2025-07-28,20260106T061500Z-QE24M
L25-0563,P-15839-B,B,535,GR-04,E-0144,2025-06-25 13:51:00,2025-06-30 06:25:00,MC-00826,H258181,M25,B2,closed,18.1,16.9,493,2025-07-14,20260106T061500Z-QE24M
L25-0564,P-11115-B,B,2580,ML-05,E-0138,2025-06-25 22:54:00,2025-07-03 06:53:00,MC-00859,H137187,P25,B3,closed,86.0,83.5,2546,2025-07-25,20260106T061500Z-QE24M
L25-0565,P-16128-A,A,895,ML-04,E-0135,2025-06-26 08:55:00,2025-06-30 19:41:00,MC-00857,H980678,M25,A3,closed,44.8,46.1,883,2025-07-14,20260106T061500Z-QE24M
L25-0566,P-14918-A,A,1650,MT-02,E-0121,2025-06-26 11:51:00,2025-07-01 12:15:00,MC-00829,H311528,P25,A1,closed,51.4,51.7,1636,2025-07-11,20260106T061500Z-QE24M
L25-0567,P-10161-A,A,900,GR-03,E-0143,2025-06-26 11:56:00,2025-06-30 13:23:00,MC-00793,H313371,P25,A1,closed,18.4,19.3,896,2025-07-14,20260106T061500Z-QE24M
L25-0568,P-14196-A,A,1495,MT-05,E-0126,2025-06-27 15:08:00,2025-07-03 21:09:00,MC-00741,H977139,P25,A2,closed,74.0,75.6,1488,2025-07-29,20260106T061500Z-QE24M
L25-0569,P-16870-A,A,310,ML-01,E-0130,2025-06-27 18:39:00,2025-07-01 06:49:00,MC-00822,H907337,P25,A3,closed,22.2,23.5,309,2025-07-14,20260106T061500Z-QE24M
L25-0570,P-11984-A,A,200,ML-03,E-0133,2025-06-30 09:13:00,2025-06-30 20:13:00,MC-00756,H286411,N10,A2,closed,11.0,10.3,198,2025-07-14,20260106T061500Z-QE24M
L25-0571,P-14401-A,A,1820,GR-04,E-0144,2025-06-30 10:47:00,2025-07-09 13:08:00,MC-00808,H703254,P25,A2,closed,53.4,50.1,1815,2025-07-25,20260106T061500Z-QE24M
L25-0572,P-17849-A,A,1705,SW-05,E-0109,2025-06-30 11:05:00,2025-07-02 15:53:00,MC-00837,H497530,M35,A1,closed,38.8,38.0,1697,2025-08-01,20260106T061500Z-QE24M
L25-0573,P-14350-D,D,1410,GR-03,E-0143,2025-06-30 13:53:00,2025-07-10 09:19:00,MC-00855,H385215,P25,D1,closed,54.9,54.8,1388,2025-07-28,20260106T061500Z-QE24M
L25-0574,P-11201-A,A,1090,SW-08,E-0116,2025-06-30 19:37:00,2025-07-02 14:25:00,MC-00764,H453618,M25,A3,closed,28.8,27.4,1048,2025-07-21,20260106T061500Z-QE24M
L25-0575,P-10497-B,B,1770,ML-03,E-0134,2025-06-30 20:43:00,2025-07-09 17:18:00,MC-00821,H866119,P25,B1,closed,98.6,95.9,1743,2025-07-25,20260106T061500Z-QE24M
L25-0576,P-11167-D,D,1100,SW-07,E-0113,2025-07-01 10:58:00,2025-07-02 20:59:00,MC-00852,H364193,M25,D3,closed,27.0,27.4,1074,2025-07-21,20260106T061500Z-QE24M
L25-0577,P-11226-C,C,1630,SW-06,E-0111,2025-07-01 11:36:00,2025-07-07 07:04:00,MC-00811,H415207,M25,C1,closed,46.5,45.8,1603,2025-07-28,20260106T061500Z-QE24M
L25-0578,P-13888-A,A,560,GR-01,E-0145,2025-07-01 11:44:00,2025-07-07 08:39:00,MC-00796,H270982,N10,A1,closed,22.4,21.9,552,2025-07-21,20260106T061500Z-QE24M
L25-0579,P-16180-A,A,815,MT-02,E-0119,2025-07-01 12:45:00,2025-07-02 16:49:00,MC-00828,H239961,M25,A2,closed,21.1,218.9,801,2025-07-21,20260106T061500Z-QE24M
L25-0580,P-13193-A,A,305,SW-01,E-0102,2025-07-01 16:07:00,2025-07-02 09:23:00,MC-00825,H417918,P25,A1,closed,10.3,9.7,288,2025-07-15,20260106T061500Z-QE24M
L25-0581,P-12618-A,A,480,SW-02,E-0104,2025-07-01 19:46:00,2025-07-02 15:32:00,MC-00832,H233776,M35,A1,closed,12.8,12.0,473,2025-08-01,20260106T061500Z-QE24M
L25-0582,P-11072-B,B,490,ML-06,E-0139,2025-07-02 10:33:00,2025-07-07 06:20:00,MC-00859,H137187,P25,B3,closed,29.8,29.4,483,2025-08-01,20260106T061500Z-QE24M
L25-0583,P-17326-D,D,1280,SW-08,E-0116,2025-07-02 14:55:00,2025-07-07 15:17:00,MC-00796,H270982,N10,D3,closed,34.4,35.4,1260,2025-07-22,20260106T061500Z-QE24M
L25-0584,P-11301-A,A,1035,SW-03,E-0106,2025-07-02 15:29:00,2025-07-03 18:24:00,MC-00816,H149559,M25,A3,closed,19.9,19.8,1021,2025-07-28,20260106T061500Z-QE24M
L25-0585,P-15324-C,C,200,SW-02,E-0104,2025-07-02 16:02:00,2025-07-02 22:12:00,MC-00857,H980678,M25,C1,closed,6.2,6.4,200,2025-07-21,20260106T061500Z-QE24M
L25-0586,P-14966-D,D,1360,MT-02,E-0118,2025-07-02 17:19:00,2025-07-08 11:15:00,MC-00843,H359565,P25,D1,closed,44.9,44.4,1352,2025-07-25,20260106T061500Z-QE24M
L25-0587,P-14819-A,A,1495,SW-04,E-0108,2025-07-02 17:49:00,2025-07-08 14:25:00,MC-00854,H994921,M25,A2,closed,47.6,46.4,1473,2025-07-28,20260106T061500Z-QE24M
L25-0588,P-13067-C,C,710,SW-07,E-0114,2025-07-02 21:29:00,2025-07-07 15:56:00,MC-00844,H639170,P25,C2,closed,28.4,26.2,703,2025-07-24,20260106T061500Z-QE24M
L25-0589,P-17116-A,A,1725,ML-05,E-0137,2025-07-03 07:23:00,2025-07-10 11:23:00,MC-00849,H964222,N10,A3,closed,72.0,72.9,1468,2025-07-22,20260106T061500Z-QE24M
L25-0590,P-12835-A,A,580,MT-05,E-0125,2025-07-07 06:10:00,2025-07-07 20:40:00,MC-00855,H385215,P25,A1,closed,14.5,15.0,575,2025-07-28,20260106T061500Z-QE24M
L25-0591,P-11909-A,A,1915,ML-04,E-0135,2025-07-07 06:18:00,2025-07-15 10:24:00,MC-00802,H726630,N10,A3,closed,106.1,100.0,1907,2025-08-04,20260106T061500Z-QE24M
L25-0592,P-17220-A,A,810,ML-06,E-0139,2025-07-07 06:50:00,2025-07-08 19:34:00,MC-00851,H462437,N10,A2,closed,29.7,28.0,808,2025-07-22,20260106T061500Z-QE24M
L25-0593,P-14855-D,D,1175,SW-05,E-0109,2025-07-07 07:10:00,2025-07-08 11:46:00,MC-00854,H994921,M25,D1,closed,21.6,20.4,1167,2025-07-18,20260106T061500Z-QE24M
L25-0594,P-14103-B,B,2315,MT-03,E-0121,2025-07-07 07:15:00,2025-07-10 06:19:00,MC-00840,H816978,P25,B1,closed,50.1,46.1,2292,2025-07-21,20260106T061500Z-QE24M
L25-0595,P-14363-A,A,185,GR-02,E-0142,2025-07-07 08:14:00,2025-07-07 14:20:00,MC-00865,H218134,P25,A1,closed,6.1,6.7,181,2025-08-05,20260106T061500Z-QE24M
L25-0596,P-14992-A,A,1585,MT-01,E-0117,2025-07-07 08:44:00,2025-07-10 07:46:00,MC-00793,H313371,P25,A2,closed,50.0,50.7,1581,2025-08-04,20260106T061500Z-QE24M
L25-0597,P-13431-A,A,785,MT-06,E-0127,2025-07-07 10:27:00,2025-07-08 11:07:00,MC-00870,H255723,P25,A3,closed,17.7,17.4,773,2025-07-25,20260106T061500Z-QE24M
L25-0598,P-16971-B,B,510,ML-02,E-0131,2025-07-07 14:15:00,2025-07-09 17:20:00,MC-00865,H218134,P25,B3,closed,37.1,32.5,506,2025-08-01,20260106T061500Z-QE24M
L25-0599,P-13145-D,D,985,SW-02,E-0104,2025-07-07 17:42:00,2025-07-08 14:13:00,MC-00804,H567266,P25,D1,closed,13.5,13.0,971,2025-07-23,20260106T061500Z-QE24M
L25-0600,P-12988-A,A,760,MT-04,E-0124,2025-07-07 20:14:00,2025-07-09 17:13:00,MC-00865,H218134,P25,A3,closed,31.0,32.5,748,2025-07-21,20260106T061500Z-QE24M
L25-0601,P-14275-A,A,1315,GR-02,E-0142,2025-07-08 06:20:00,2025-07-14 09:06:00,MC-00855,H385215,P25,A2,closed,36.8,37.6,1295,2025-07-29,20260106T061500Z-QE24M
L25-0602,P-10235-A,A,1815,GR-01,E-0141,2025-07-08 07:07:00,2025-07-14 13:01:00,MC-00793,H313371,P25,A2,closed,39.9,40.4,1805,2025-08-11,20260106T061500Z-QE24M
L25-0603,P-15438-D,D,485,SW-08,E-0115,2025-07-08 07:36:00,2025-07-09 09:17:00,MC-00858,H871732,M25,D2,closed,18.7,20.5,452,2025-07-25,20260106T061500Z-QE24M
L25-0604,P-13012-A,A,645,MT-05,E-0125,2025-07-08 09:28:00,2025-07-09 15:02:00,MC-00865,H218134,P25,A3,closed,22.6,23.6,633,2025-07-30,20260106T061500Z-QE24M
L25-0605,P-15261-A,A,780,SW-06,E-0111,2025-07-08 11:25:00,2025-07-09 10:33:00,MC-00856,H310110,P25,A1,closed,16.1,14.8,776,2025-07-28,20260106T061500Z-QE24M
L25-0606,P-14108-A,A,1830,MT-02,E-0120,2025-07-08 15:27:00,2025-07-10 14:39:00,MC-00840,H816978,P25,A3,closed,33.2,31.8,1813,2025-08-12,20260106T061500Z-QE24M
L25-0607,P-17100-A,A,1140,ML-06,E-0140,2025-07-08 20:04:00,2025-07-11 06:27:00,MC-00773,H876304,N10,A3,closed,37.4,38.2,1130,2025-07-23,20260106T061500Z-QE24M
L25-0608,P-14681-B,B,795,SW-02,E-0103,2025-07-09 08:47:00,2025-07-10 20:14:00,MC-00824,H146172,M25,B2,closed,28.4,28.2,777,2025-07-25,20260106T061500Z-QE24M
L25-0609,P-16831-C,C,540,ML-01,E-0129,2025-07-09 09:24:00,2025-07-10 21:19:00,MC-00853,H306510,P25,C1,closed,28.9,27.9,538,2025-08-04,20260106T061500Z-QE24M
L25-0610,P-13669-A,A,400,GR-04,E-0144,2025-07-09 13:38:00,2025-07-11 10:42:00,MC-00869,H825810,P25,A2,closed,14.1,13.6,398,2025-08-01,20260106T061500Z-QE24M
L25-0611,P-12479-D,D,1380,MT-05,E-0126,2025-07-09 15:32:00,2025-07-10 19:42:00,MC-00871,H653392,P25,D3,closed,21.2,20.9,1351,2025-08-04,20260106T061500Z-QE24M
L25-0612,P-10900-A,A,5005,ML-03,E-0134,2025-07-09 17:48:00,2025-07-22 22:57:00,MC-00856,H310110,P25,A3,closed,158.2,175.8,4923,2025-08-11,20260106T061500Z-QE24M
L25-0613,P-14159-A,A,275,MT-01,E-0117,2025-07-10 08:16:00,2025-07-10 18:47:00,MC-00873,H578700,P25,A3,closed,10.5,10.6,262,2025-07-28,20260106T061500Z-QE24M
L25-0614,P-18087-D,D,1115,GR-03,E-0143,2025-07-10 09:49:00,2025-07-15 08:08:00,MC-00884,H422455,P25,D2,closed,23.8,25.2,1059,2025-08-01,20260106T061500Z-QE24M
L25-0615,P-11598-C,C,745,ML-05,E-0137,2025-07-10 11:53:00,2025-07-14 08:42:00,MC-00874,H934572,P25,C1,closed,30.8,31.2,736,2025-07-28,20260106T061500Z-QE24M
L25-0616,P-19350-A,A,1145,MT-02,E-0120,2025-07-10 15:09:00,2025-07-14 09:55:00,MC-00858,H871732,M25,A1,closed,28.8,28.0,1136,2025-07-28,20260106T061500Z-QE24M
L25-0617,P-14989-D,D,1410,MT-05,E-0122,2025-07-10 20:12:00,2025-07-14 17:10:00,MC-00862,H364708,P25,D3,closed,31.0,32.7,1397,2025-08-11,20260106T061500Z-QE24M
L25-0618,P-17784-A,A,350,SW-02,E-0104,2025-07-10 22:24:00,2025-07-11 15:07:00,MC-00845,H433818,M35,A1,closed,9.7,10.4,345,2025-07-16,20260106T061500Z-QE24M
L25-0619,P-17004-D,D,1000,SW-07,E-0114,2025-07-10 22:49:00,2025-07-14 16:19:00,MC-00798,H870532,M25,D1,closed,27.5,26.9,975,2025-08-04,20260106T061500Z-QE24M
L25-0620,P-13357-A,A,1065,MT-03,E-0121,2025-07-11 06:46:00,2025-07-14 10:31:00,MC-00872,H492372,P25,A3,closed,20.8,22.2,1056,2025-08-14,20260106T061500Z-QE24M
L25-0621,P-11642-D,D,915,ML-06,E-0139,2025-07-11 06:57:00,2025-07-14 21:01:00,MC-00830,H629848,S15,D3,closed,31.1,29.8,886,2025-07-28,20260106T061500Z-QE24M
L25-0622,P-17416-A,A,785,SW-03,E-0105,2025-07-14 06:26:00,2025-07-15 21:21:00,MC-00851,H462437,N10,A2,closed,31.9,36.1,780,2025-07-28,20260106T061500Z-QE24M
L25-0623,P-18841-A,A,1710,MT-06,E-0145,2025-07-14 06:30:00,2025-07-16 09:59:00,MC-00868,H309627,P25,A1,closed,37.5,40.6,1672,2025-08-06,20260106T061500Z-QE24M
L25-0624,P-11920-C,C,5165,ML-01,E-0129,2025-07-14 07:10:00,2025-07-30 10:11:00,MC-00756,H286411,N10,C2,closed,207.0,213.3,4972,2025-08-14,20260106T061500Z-QE24M
L25-0625,P-17974-C,C,3515,SW-01,E-0101,2025-07-14 09:32:00,2025-07-25 15:58:00,MC-00875,H529947,M35,C3,closed,159.4,145.9,3465,2025-08-21,20260106T061500Z-QE24M
L25-0626,P-13783-A,A,670,GR-02,E-0142,2025-07-14 09:36:00,2025-07-17 08:05:00,MC-00874,H934572,P25,A3,closed,24.0,22.2,668,2025-07-31,20260106T061500Z-QE24M
L25-0627,P-18958-C,C,850,SW-08,E-0115,2025-07-14 09:59:00,2025-07-15 15:24:00,MC-00828,H239961,M25,C2,closed,22.4,20.5,848,2025-07-25,20260106T061500Z-QE24M
L25-0628,P-12023-C,C,2680,ML-02,E-0131,2025-07-14 10:26:00,2025-07-29 19:51:00,MC-00802,H726630,N10,C2,closed,196.4,197.7,2374,2025-08-15,20260106T061500Z-QE24M
L25-0629,P-10215-A,A,880,GR-04,E-0144,2025-07-14 10:27:00,2025-07-17 12:53:00,MC-00843,H359565,P25,A1,closed,27.9,26.7,869,2025-08-18,20260106T061500Z-QE24M
L25-0630,P-11253-B,B,2255,SW-05,E-0109,2025-07-14 10:52:00,2025-07-21 08:10:00,MC-00826,H258181,M25,B1,closed,82.3,87.1,2167,2025-07-28,20260106T061500Z-QE24M
L25-0631,P-15450-B,B,2205,SW-07,E-0114,2025-07-14 16:49:00,2025-07-18 16:29:00,MC-00833,H209578,M25,B2,closed,67.7,69.9,2200,2025-08-07,20260106T061500Z-QE24M
L25-0632,P-15926-A,A,785,ML-05,E-0138,2025-07-14 17:02:00,2025-07-16 09:35:00,MC-00858,H871732,M25,A2,closed,26.5,26.7,734,2025-08-01,20260106T061500Z-QE24M
L25-0633,P-12868-D,D,740,MT-05,E-0126,2025-07-14 17:40:00,2025-07-15 20:56:00,MC-00886,H455517,P25,D1,closed,20.3,20.0,722,2025-08-01,20260106T061500Z-QE24M
L25-0634,P-16034-D,D,1530,ML-06,E-0140,2025-07-14 21:31:00,2025-07-21 20:05:00,MC-00858,H871732,M25,D1,closed,83.6,85.5,1464,2025-07-31,20260106T061500Z-QE24M
L25-0635,P-18904-D,D,535,MT-03,E-0122,2025-07-14 22:35:00,2025-07-16 07:12:00,MC-00886,H455517,P25,D2,closed,18.6,19.6,532,2025-07-31,20260106T061500Z-QE24M
L25-0636,P-16180-A,A,735,MT-02,E-0119,2025-07-15 10:50:00,2025-07-16 13:07:00,MC-00828,H239961,M25,A2,closed,19.3,20.4,722,2025-07-28,20260106T061500Z-QE24M
L25-0637,P-11950-A,A,885,ML-04,E-0145,2025-07-15 10:54:00,2025-07-17 09:06:00,MC-00839,H938611,N10,A3,closed,32.2,32.5,885,2025-08-04,20260106T061500Z-QE24M
L25-0638,P-11163-D,D,2200,SW-03,E-0106,2025-07-15 22:00:00,2025-07-21 07:14:00,MC-00846,H929277,M25,D2,closed,53.2,52.4,1966,2025-08-05,20260106T061500Z-QE24M
L25-0639,P-10941-C,C,1025,ML-05,E-0137,2025-07-16 10:05:00,2025-07-21 10:36:00,MC-00859,H137187,P25,C2,closed,51.5,50.2,1016,2025-08-08,20260106T061500Z-QE24M
L25-0640,P-11347-A,A,1025,SW-04,E-0107,2025-07-16 10:24:00,2025-07-18 07:25:00,MC-00846,H929277,M25,A3,closed,31.0,29.5,928,2025-08-08,20260106T061500Z-QE24M
L25-0641,P-19306-A,A,605,MT-01,E-0146,2025-07-16 12:25:00,2025-07-17 08:24:00,MC-00861,H779149,M25,A2,closed,13.0,14.5,601,2025-07-21,20260106T061500Z-QE24M
L25-0642,P-13369-A,A,885,MT-01,E-0117,2025-07-17 08:54:00,2025-07-18 15:59:00,MC-00878,H730114,P25,A2,closed,24.1,26.0,873,2025-08-12,20260106T061500Z-QE24M
L25-0643,P-16953-D,D,740,ML-04,E-0135,2025-07-17 09:36:00,2025-07-21 06:06:00,MC-00877,H644480,P25,D1,closed,30.5,30.5,733,2025-08-05,20260106T061500Z-QE24M
L25-0644,P-11265-A,A,1075,SW-08,E-0116,2025-07-17 21:59:00,2025-07-18 22:19:00,MC-00852,H364193,M25,A1,closed,17.3,18.0,1067,2025-08-04,20260106T061500Z-QE24M
L25-0645,P-16366-D,D,785,MT-02,E-0119,2025-07-18 07:27:00,2025-07-21 14:07:00,MC-00816,H149559,M25,D3,closed,23.7,23.0,781,2025-08-05,20260106T061500Z-QE24M
L25-0646,P-12750-D,D,2240,SW-04,E-0107,2025-07-18 07:55:00,2025-07-23 22:39:00,MC-00847,H200164,M35,D2,closed,65.7,69.3,1934,2025-08-11,20260106T061500Z-QE24M
L25-0647,P-13380-B,B,840,MT-03,E-0122,2025-07-18 22:51:00,2025-07-22 09:54:00,MC-00880,H122949,K20,B3,closed,21.1,21.1,832,2025-08-14,20260106T061500Z-QE24M
L25-0648,P-18471-A,A,475,MT-05,E-0125,2025-07-21 06:27:00,2025-07-21 19:35:00,MC-00821,H866119,P25,A2,closed,13.1,13.8,473,2025-08-11,20260106T061500Z-QE24M
L25-0649,P-15905-D,D,780,ML-04,E-0135,2025-07-21 06:36:00,2025-07-23 17:43:00,MC-00861,H779149,M25,D2,closed,45.1,45.1,768,2025-08-11,20260106T061500Z-QE24M
L25-0650,P-12828-B,B,1565,MT-01,E-0117,2025-07-21 06:44:00,2025-07-24 08:02:00,MC-00877,H644480,P25,B3,closed,52.3,54.4,1545,2025-08-14,20260106T061500Z-QE24M
L25-0651,P-12671-A,A,705,SW-06,E-0111,2025-07-21 07:40:00,2025-07-22 18:20:00,MC-00847,H200164,M35,A1,closed,27.7,27.4,697,2025-08-11,20260106T061500Z-QE24M
L25-0652,P-11173-A,A,2425,SW-02,E-0103,2025-07-21 07:54:00,2025-07-24 08:48:00,MC-00852,H364193,M25,A3,closed,51.9,49.9,2414,2025-08-13,20260106T061500Z-QE24M
L25-0653,P-11329-A,A,1105,SW-05,E-0109,2025-07-21 08:40:00,2025-07-23 06:46:00,MC-00882,H561621,M25,A2,closed,32.1,78.6,1093,2025-08-11,20260106T061500Z-QE24M
L25-0654,P-15697-A,A,610,GR-02,E-0142,2025-07-21 09:02:00,2025-07-24 08:54:00,MC-00881,H785566,M25,A3,closed,25.4,23.9,600,2025-08-04,20260106T061500Z-QE24M
L25-0655,P-10212-A,A,690,GR-03,E-0143,2025-07-21 09:13:00,2025-07-23 10:03:00,MC-00843,H359565,P25,A2,closed,17.8,16.5,685,2025-08-08,20260106T061500Z-QE24M
L25-0656,P-10563-D,D,1345,ML-05,E-0137,2025-07-21 11:06:00,2025-07-25 14:42:00,MC-00890,H638676,P25,D1,closed,71.6,69.2,1339,2025-07-31,20260106T061500Z-QE24M
L25-0657,P-14140-A,A,890,MT-05,E-0126,2025-07-21 20:05:00,2025-07-23 18:27:00,MC-00860,H911804,P25,A3,closed,32.4,36.4,881,2025-08-04,20260106T061500Z-QE24M
L25-0658,P-11828-C,C,920,ML-06,E-0140,2025-07-21 20:35:00,2025-07-24 16:08:00,MC-00800,H944470,S15,C2,closed,46.5,47.6,915,2025-08-01,20260106T061500Z-QE24M
L25-0659,P-14485-A,A,1225,SW-08,E-0116,2025-07-21 20:58:00,2025-07-23 18:33:00,MC-00864,H643256,M25,A1,closed,31.6,30.3,1205,2025-08-08,20260106T061500Z-QE24M
L25-0660,P-17751-B,B,1070,SW-03,E-0105,2025-07-22 10:19:00,2025-07-23 20:56:00,MC-00861,H779149,M25,B1,closed,27.6,27.4,1055,2025-07-28,20260106T061500Z-QE24M
L25-0661,P-12489-A,A,2060,MT-03,E-0121,2025-07-22 10:24:00,2025-07-28 16:08:00,MC-00888,H938720,P25,A3,closed,73.7,71.4,2045,2025-08-25,20260106T061500Z-QE24M
L25-0662,P-12004-A,A,900,ML-03,E-0133,2025-07-23 06:27:00,2025-07-25 18:48:00,MC-00839,H938611,N10,A1,closed,46.3,50.0,897,2025-08-07,20260106T061500Z-QE24M
L25-0663,P-17038-D,D,1000,SW-05,E-0109,2025-07-23 09:22:00,2025-07-24 22:22:00,MC-00864,H643256,M25,D2,closed,30.0,31.8,995,2025-08-07,20260106T061500Z-QE24M
L25-0664,P-16156-A,A,1085,ML-04,E-0136,2025-07-23 18:13:00,2025-07-29 11:27:00,MC-00893,H782648,M25,A2,closed,61.2,61.1,1081,2025-08-11,20260106T061500Z-QE24M
L25-0665,P-12204-A,A,290,GR-03,E-0143,2025-07-24 07:14:00,2025-07-24 14:12:00,MC-00736,H360834,S15,A3,closed,7.0,7.7,283,2025-08-12,20260106T061500Z-QE24M
L25-0666,P-14292-A,A,750,GR-04,E-0144,2025-07-24 07:38:00,2025-07-28 08:38:00,MC-00853,H306510,P25,A1,closed,18.0,18.0,742,2025-08-26,20260106T061500Z-QE24M
L25-0667,P-15949-A,A,1615,ML-06,E-0140,2025-07-24 16:38:00,2025-08-01 08:05:00,MC-00885,H993381,M25,A1,closed,93.4,98.8,1601,2025-08-25,20260106T061500Z-QE24M
L25-0668,P-17014-A,A,1000,SW-05,E-0110,2025-07-24 22:52:00,2025-07-28 22:42:00,MC-00798,H870532,M25,A1,closed,33.8,35.5,984,2025-08-11,20260106T061500Z-QE24M
L25-0669,P-12016-A,A,875,ML-05,E-0138,2025-07-25 15:12:00,2025-07-30 16:29:00,MC-00802,H726630,N10,A1,closed,52.3,55.2,862,2025-08-18,20260106T061500Z-QE24M
L25-0670,P-19370-B,B,2060,MT-05,E-0126,2025-07-25 18:00:00,2025-07-31 13:05:00,MC-00900,H237591,M25,B3,closed,63.1,57.3,2046,2025-08-13,20260106T061500Z-QE24M
L25-0671,P-11126-A,A,490,ML-03,E-0134,2025-07-25 19:18:00,2025-07-29 09:17:00,MC-00862,H364708,P25,A3,closed,24.0,23.2,488,2025-08-14,20260106T061500Z-QE24M
L25-0672,P-14462-A,A,710,SW-02,E-0103,2025-07-28 07:15:00,2025-07-29 09:56:00,MC-00824,H146172,M25,A3,closed,19.7,19.0,705,2025-08-07,20260106T061500Z-QE24M
L25-0673,P-12947-A,A,1090,MT-02,E-0119,2025-07-28 07:20:00,2025-07-29 18:14:00,MC-00888,H938720,P25,A1,closed,27.9,26.0,1073,2025-08-13,20260106T061500Z-QE24M
L25-0674,P-15382-A,A,850,SW-08,E-0115,2025-07-28 08:51:00,2025-07-29 19:39:00,MC-00900,H237591,M25,A2,closed,27.8,29.3,840,2025-08-13,20260106T061500Z-QE24M
L25-0675,P-13739-B,B,455,GR-01,E-0141,2025-07-28 08:55:00,2025-07-29 12:54:00,MC-00902,H422148,P25,B1,closed,12.5,12.8,453,2025-08-07,20260106T061500Z-QE24M
L25-0676,P-13711-B,B,450,GR-04,E-0144,2025-07-28 09:19:00,2025-07-29 12:17:00,MC-00891,H157017,P25,B3,closed,11.5,11.6,440,2025-08-07,20260106T061500Z-QE24M
L25-0677,P-12303-D,D,845,GR-02,E-0142,2025-07-28 10:02:00,2025-07-30 13:29:00,MC-00800,H944470,S15,D3,closed,20.5,21.2,828,2025-08-18,20260106T061500Z-QE24M
L25-0678,P-14042-C,C,430,GR-03,E-0143,2025-07-28 10:41:00,2025-07-29 14:21:00,MC-00851,H462437,N10,C1,closed,12.2,11.9,429,2025-08-13,20260106T061500Z-QE24M
L25-0679,P-16219-B,B,1210,MT-01,E-0117,2025-07-28 10:55:00,2025-07-29 17:17:00,MC-00894,H287644,M25,B3,closed,23.4,23.4,1199,2025-08-14,20260106T061500Z-QE24M
L25-0680,P-18738-A,A,305,MT-04,E-0124,2025-07-28 22:23:00,2025-07-29 16:07:00,MC-00888,H938720,P25,A3,closed,10.7,11.5,300,2025-08-12,20260106T061500Z-QE24M
L25-0681,P-14811-C,C,665,SW-05,E-0109,2025-07-29 06:12:00,2025-07-30 08:50:00,MC-00893,H782648,M25,C1,closed,19.6,19.6,644,2025-08-13,20260106T061500Z-QE24M
L25-0682,P-12370-B,B,520,MT-06,E-0127,2025-07-29 09:13:00,2025-07-30 06:08:00,MC-00902,H422148,P25,B2,closed,13.9,13.5,513,2025-08-12,20260106T061500Z-QE24M
L25-0683,P-10798-C,C,480,ML-03,E-0133,2025-07-29 09:47:00,2025-07-31 09:50:00,MC-00897,H228278,M25,C3,closed,34.0,32.9,470,2025-08-14,20260106T061500Z-QE24M
L25-0684,P-17732-C,C,1165,SW-02,E-0103,2025-07-29 10:26:00,2025-08-01 06:07:00,MC-00900,H237591,M25,C1,closed,46.7,45.3,1149,2025-08-21,20260106T061500Z-QE24M
L25-0685,P-11045-A,A,470,ML-04,E-0135,2025-07-29 11:57:00,2025-07-31 16:36:00,MC-00863,H858737,P25,A1,closed,38.6,34.2,465,2025-08-18,20260106T061500Z-QE24M
L25-0686,P-18677-D,D,1150,MT-03,E-0121,2025-07-29 14:23:00,2025-07-31 17:53:00,MC-00902,H422148,P25,D1,closed,37.5,36.5,1142,2025-08-14,20260106T061500Z-QE24M
L25-0687,P-16180-A,A,825,MT-02,E-0120,2025-07-29 18:44:00,2025-07-31 06:01:00,MC-00864,H643256,M25,A2,closed,21.3,22.2,816,2025-08-11,20260106T061500Z-QE24M
L25-0688,P-10536-A,A,640,ML-02,E-0132,2025-07-29 20:21:00,2025-07-31 19:32:00,MC-00787,H786983,P25,A3,closed,33.2,31.7,632,2025-08-15,20260106T061500Z-QE24M
L25-0689,P-11163-D,D,2200,SW-03,E-0106,2025-07-29 22:24:00,2025-08-04 07:38:00,MC-00895,H823816,M25,D2,closed,53.2,53.9,2175,2025-08-14,20260106T061500Z-QE24M
L25-0690,P-16665-D,D,1265,ML-01,E-0129,2025-07-30 10:41:00,2025-08-04 12:14:00,MC-00816,H149559,M25,D1,closed,52.5,54.5,1254,2025-08-21,20260106T061500Z-QE24M
L25-0691,P-17147-C,C,1070,ML-05,E-0138,2025-07-30 16:59:00,2025-08-06 11:40:00,MC-00773,H876304,N10,C3,closed,79.7,75.8,1058,2025-08-25,20260106T061500Z-QE24M
L25-0692,P-12065-A,A,1050,GR-02,E-0142,2025-07-31 06:17:00,2025-08-04 08:23:00,MC-00910,H306531,S15,A2,closed,19.1,114.0,975,2025-08-18,20260106T061500Z-QE24M
L25-0693,P-16234-A,A,1045,MT-02,E-0119,2025-07-31 06:31:00,2025-08-01 06:58:00,MC-00864,H643256,M25,A2,closed,17.5,16.6,1025,2025-08-14,20260106T061500Z-QE24M
L25-0694,P-18293-A,A,430,MT-04,E-0123,2025-07-31 10:03:00,2025-07-31 22:31:00,MC-00862,H364708,P25,A2,closed,12.5,13.3,426,2025-08-21,20260106T061500Z-QE24M
L25-0695,P-10599-C,C,960,ML-03,E-0133,2025-07-31 10:20:00,2025-08-05 18:20:00,MC-00821,H866119,P25,C2,closed,59.0,59.9,957,2025-08-21,20260106T061500Z-QE24M
L25-0696,P-13447-D,D,1230,MT-05,E-0125,2025-07-31 13:35:00,2025-08-05 21:21:00,MC-00883,H319868,P25,D2,closed,58.8,59.1,1221,2025-08-29,20260106T061500Z-QE24M
L25-0697,P-10518-D,D,1195,ML-04,E-0136,2025-07-31 17:06:00,2025-08-06 08:51:00,MC-00890,H638676,P25,D3,closed,59.8,55.5,1190,2025-08-19,20260106T061500Z-QE24M
L25-0698,P-16150-B,B,655,ML-02,E-0132,2025-07-31 20:02:00,2025-08-04 20:15:00,MC-00900,H237591,M25,B2,closed,34.2,33.8,653,2025-08-18,20260106T061500Z-QE24M
L25-0699,P-12861-C,C,1625,MT-01,E-0118,2025-07-31 20:29:00,2025-08-04 20:54:00,MC-00891,H157017,P25,C2,closed,34.4,32.4,1595,2025-08-29,20260106T061500Z-QE24M
L25-0700,P-13633-A,A,4420,GR-01,E-0141,2025-08-01 06:28:00,2025-08-13 14:24:00,MC-00906,H851916,P25,A1,closed,75.9,72.3,4378,2025-08-27,20260106T061500Z-QE24M
L25-0701,P-11490-A,A,210,ML-06,E-0139,2025-08-01 08:35:00,2025-08-04 06:39:00,MC-00908,H418073,P25,A1,closed,15.1,15.2,210,2025-08-28,20260106T061500Z-QE24M
L25-0702,P-19271-A,A,1220,MT-04,E-0123,2025-08-01 08:42:00,2025-08-04 11:22:00,MC-00904,H648531,M25,A2,closed,19.7,17.8,1212,2025-08-21,20260106T061500Z-QE24M
L25-0703,P-18315-A,A,1605,MT-06,E-0127,2025-08-01 12:37:00,2025-08-05 14:47:00,MC-00866,H836034,P25,A1,closed,36.2,33.4,1591,2025-08-22,20260106T061500Z-QE24M
L25-0704,P-17509-D,D,525,SW-02,E-0104,2025-08-01 18:48:00,2025-08-04 16:47:00,MC-00893,H782648,M25,D1,closed,15.0,15.2,522,2025-08-13,20260106T061500Z-QE24M
L25-0705,P-13563-A,A,265,GR-04,E-0144,2025-08-04 06:17:00,2025-08-04 13:55:00,MC-00908,H418073,P25,A1,closed,7.6,7.7,262,2025-08-18,20260106T061500Z-QE24M
L25-0706,P-11413-A,A,240,ML-06,E-0145,2025-08-04 07:09:00,2025-08-04 21:47:00,MC-00889,H543210,P25,A2,closed,14.6,14.4,238,2025-09-05,20260106T061500Z-QE24M
L25-0707,P-12925-A,A,1005,MT-02,E-0119,2025-08-04 07:31:00,2025-08-05 11:57:00,MC-00889,H543210,P25,A1,closed,21.4,21.1,995,2025-08-26,20260106T061500Z-QE24M
L25-0708,P-15511-A,A,755,SW-05,E-0146,2025-08-04 07:51:00,2025-08-04 17:23:00,MC-00904,H648531,M25,A2,closed,9.5,9.5,751,2025-08-21,20260106T061500Z-QE24M
L25-0709,P-17559-B,B,315,SW-03,E-0105,2025-08-04 08:08:00,2025-08-04 18:38:00,MC-00904,H648531,M25,B3,closed,10.5,10.2,312,2025-08-20,20260106T061500Z-QE24M
L25-0710,P-18106-D,D,995,GR-03,E-0143,2025-08-04 08:48:00,2025-08-06 13:22:00,MC-00873,H578700,P25,D2,closed,21.6,25.1,985,2025-08-18,20260106T061500Z-QE24M
L25-0711,P-15156-A,A,920,SW-07,E-0145,2025-08-04 09:38:00,2025-08-07 07:20:00,MC-00866,H836034,P25,A3,closed,48.7,51.9,907,2025-09-02,20260106T061500Z-QE24M
L25-0712,P-16229-A,A,2530,MT-03,E-0121,2025-08-04 10:43:00,2025-08-07 17:07:00,MC-00867,H755718,M25,A2,closed,57.4,242.9,2442,2025-08-25,20260106T061500Z-QE24M
L25-0713,P-13321-A,A,860,MT-04,E-0123,2025-08-04 11:52:00,2025-08-05 14:13:00,MC-00918,H298568,K20,A3,closed,19.3,18.1,850,2025-08-20,20260106T061500Z-QE24M
L25-0714,P-10632-C,C,1085,ML-01,E-0129,2025-08-04 12:44:00,2025-08-07 21:31:00,MC-00897,H228278,M25,C1,closed,59.8,58.1,1070,2025-08-19,20260106T061500Z-QE24M
L25-0715,P-13863-B,B,1240,GR-04,E-0144,2025-08-04 14:25:00,2025-08-13 09:35:00,MC-00773,H876304,N10,B1,closed,54.7,52.6,1231,2025-08-26,20260106T061500Z-QE24M
L25-0716,P-17609-A,A,460,SW-08,E-0148,2025-08-04 17:21:00,2025-08-05 18:00:00,MC-00907,H627419,M25,A1,closed,17.6,18.0,451,2025-08-25,20260106T061500Z-QE24M
L25-0717,P-14524-A,A,2510,SW-05,E-0110,2025-08-04 17:53:00,2025-08-07 09:13:00,MC-00901,H989209,M25,A1,closed,42.3,39.5,2451,2025-08-22,20260106T061500Z-QE24M
L25-0718,P-16567-A,A,3580,ML-02,E-0132,2025-08-04 20:45:00,2025-08-15 09:47:00,MC-00816,H149559,M25,A3,closed,142.0,137.9,3567,2025-08-29,20260106T061500Z-QE24M
L25-0719,P-13458-B,B,870,MT-01,E-0118,2025-08-04 21:24:00,2025-08-05 16:06:00,MC-00917,H357677,K20,B3,closed,11.7,11.9,864,2025-09-02,20260106T061500Z-QE24M
L25-0720,P-11681-A,A,650,ML-06,E-0140,2025-08-04 22:17:00,2025-08-07 12:25:00,MC-00910,H306531,S15,A3,closed,41.1,39.8,648,2025-08-18,20260106T061500Z-QE24M
L25-0721,P-14992-A,A,1720,MT-02,E-0121,2025-08-05 13:06:00,2025-08-08 16:07:00,MC-00909,H774256,P25,A2,closed,54.0,54.8,1711,2025-09-08,20260106T061500Z-QE24M
L25-0722,P-19433-A,A,520,MT-04,E-0124,2025-08-05 14:43:00,2025-08-06 16:45:00,MC-00893,H782648,M25,A2,closed,19.0,17.8,515,2025-08-21,20260106T061500Z-QE24M
L25-0723,P-14928-A,A,1565,MT-01,E-0120,2025-08-05 16:36:00,2025-08-07 06:43:00,MC-00863,H858737,P25,A3,closed,24.1,23.7,1562,2025-09-08,20260106T061500Z-QE24M
L25-0724,P-16056-D,D,835,ML-03,E-0148,2025-08-05 18:50:00,2025-08-08 16:53:00,MC-00907,H627419,M25,D3,closed,49.1,45.6,829,2025-08-25,20260106T061500Z-QE24M
L25-0725,P-12878-C,C,710,MT-05,E-0126,2025-08-05 21:51:00,2025-08-07 06:07:00,MC-00908,H418073,P25,C3,closed,18.3,17.8,702,2025-08-28,20260106T061500Z-QE24M
L25-0726,P-12164-A,A,315,GR-02,E-0142,2025-08-06 08:21:00,2025-08-07 09:03:00,MC-00887,H339101,S15,A2,closed,9.2,8.6,314,2025-08-22,20260106T061500Z-QE24M
L25-0727,P-15035-A,A,215,SW-08,E-0115,2025-08-06 08:21:00,2025-08-06 16:07:00,MC-00863,H858737,P25,A3,closed,7.8,8.3,214,2025-09-05,20260106T061500Z-QE24M
L25-0728,P-10857-C,C,3080,ML-04,E-0146,2025-08-06 09:21:00,2025-08-19 19:31:00,MC-00897,H228278,M25,C3,closed,163.2,172.5,3062,2025-09-05,20260106T061500Z-QE24M
L25-0729,P-17741-A,A,900,SW-06,E-0111,2025-08-06 10:29:00,2025-08-08 15:38:00,MC-00896,H197964,M25,A1,closed,39.1,40.6,881,2025-08-29,20260106T061500Z-QE24M
L25-0730,P-16727-A,A,1110,ML-05,E-0137,2025-08-06 12:10:00,2025-08-11 08:01:00,MC-00879,H764600,M25,A3,closed,46.8,45.3,1082,2025-08-25,20260106T061500Z-QE24M
L25-0731,P-17901-A,A,1120,SW-04,E-0107,2025-08-06 14:09:00,2025-08-08 12:50:00,MC-00845,H433818,M35,A3,closed,32.7,29.0,1110,2025-09-03,20260106T061500Z-QE24M
L25-0732,P-14421-C,C,630,GR-02,E-0142,2025-08-07 09:33:00,2025-08-11 14:27:00,MC-00889,H543210,P25,C3,closed,21.9,22.6,625,2025-09-04,20260106T061500Z-QE24M
L25-0733,P-13675-A,A,1830,GR-03,E-0143,2025-08-07 09:35:00,2025-08-13 08:46:00,MC-00916,H887923,P25,A3,closed,33.2,29.5,1810,2025-09-08,20260106T061500Z-QE24M
L25-0734,P-11406-C,C,1680,ML-06,E-0139,2025-08-07 12:55:00,2025-08-13 09:15:00,MC-00906,H851916,P25,C1,closed,64.3,64.7,1665,2025-09-15,20260106T061500Z-QE24M
L25-0735,P-16760-D,D,660,ML-01,E-0130,2025-08-07 22:01:00,2025-08-11 18:44:00,MC-00916,H887923,P25,D3,closed,30.7,34.4,652,2025-08-25,20260106T061500Z-QE24M
L25-0736,P-19165-D,D,555,SW-06,E-0112,2025-08-08 16:08:00,2025-08-11 20:55:00,MC-00867,H755718,M25,D1,closed,21.8,21.3,543,2025-08-29,20260106T061500Z-QE24M
L25-0737,P-16209-A,A,1630,MT-02,E-0120,2025-08-08 16:37:00,2025-08-12 15:14:00,MC-00901,H989209,M25,A2,closed,32.6,34.1,1588,2025-08-26,20260106T061500Z-QE24M
L25-0738,P-19406-B,B,955,MT-04,E-0124,2025-08-08 20:01:00,2025-08-11 20:11:00,MC-00929,H995416,M25,B2,closed,17.2,17.8,923,2025-08-25,20260106T061500Z-QE24M
L25-0739,P-13328-A,A,1005,MT-05,E-0126,2025-08-08 20:14:00,2025-08-14 11:21:00,MC-00921,H206616,K20,A2,closed,59.1,58.6,996,2025-09-08,20260106T061500Z-QE24M
L25-0740,P-10420-B,B,395,ML-03,E-0133,2025-08-11 07:00:00,2025-08-11 20:48:00,MC-00903,H444171,P25,B1,closed,13.8,13.8,393,2025-08-28,20260106T061500Z-QE24M
L25-0741,P-11625-A,A,500,ML-05,E-0137,2025-08-11 08:37:00,2025-08-12 09:12:00,MC-00910,H306531,S15,A3,closed,17.6,17.4,495,2025-08-29,20260106T061500Z-QE24M
L25-0742,P-15211-C,C,1485,SW-07,E-0113,2025-08-11 08:38:00,2025-08-14 19:33:00,MC-00892,H954414,P25,C3,closed,61.9,58.6,1458,2025-09-08,20260106T061500Z-QE24M
L25-0743,P-19446-A,A,1165,MT-06,E-0127,2025-08-11 08:56:00,2025-08-13 14:14:00,MC-00934,H731792,M25,A1,closed,39.3,37.2,869,2025-08-25,20260106T061500Z-QE24M
L25-0744,P-16451-A,A,2390,MT-01,E-0117,2025-08-11 09:00:00,2025-08-14 08:24:00,MC-00881,H785566,M25,A2,closed,50.4,48.4,2282,2025-08-27,20260106T061500Z-QE24M
L25-0745,P-15347-C,C,2290,SW-01,E-0101,2025-08-11 10:20:00,2025-08-13 17:53:00,MC-00899,H293495,M25,C1,closed,41.5,42.4,2263,2025-08-25,20260106T061500Z-QE24M
L25-0746,P-14159-A,A,255,MT-03,E-0121,2025-08-11 14:24:00,2025-08-12 07:22:00,MC-00873,H578700,P25,A3,closed,10.0,10.1,227,2025-09-02,20260106T061500Z-QE24M
L25-0747,P-18824-A,A,595,MT-04,E-0124,2025-08-11 20:41:00,2025-08-13 10:54:00,MC-00908,H418073,P25,A3,closed,24.2,25.0,577,2025-09-08,20260106T061500Z-QE24M
L25-0748,P-11909-A,A,1830,ML-03,E-0134,2025-08-11 21:18:00,2025-08-19 20:49:00,MC-00930,H285822,N10,A3,closed,101.5,98.6,1815,2025-09-08,20260106T061500Z-QE24M
L25-0749,P-10304-A,A,650,GR-02,E-0142,2025-08-12 06:27:00,2025-08-14 06:32:00,MC-00909,H774256,P25,A1,closed,17.1,17.8,640,2025-09-04,20260106T061500Z-QE24M
L25-0750,P-16863-B,B,825,ML-01,E-0129,2025-08-12 07:59:00,2025-08-13 22:02:00,MC-00920,H192726,P25,B2,closed,31.1,33.4,821,2025-09-05,20260106T061500Z-QE24M
L25-0751,P-16180-A,A,775,MT-02,E-0120,2025-08-12 15:44:00,2025-08-13 18:55:00,MC-00876,H552656,M25,A2,closed,20.2,18.6,770,2025-08-28,20260106T061500Z-QE24M
L25-0752,P-12016-A,A,945,ML-05,E-0137,2025-08-13 06:10:00,2025-08-18 11:24:00,MC-00930,H285822,N10,A1,closed,56.2,57.8,929,2025-09-08,20260106T061500Z-QE24M
L25-0753,P-18180-D,D,600,GR-03,E-0143,2025-08-13 09:16:00,2025-08-14 13:10:00,MC-00927,H681595,P25,D3,closed,12.4,12.1,594,2025-09-09,20260106T061500Z-QE24M
L25-0754,P-14966-D,D,1295,MT-03,E-0125,2025-08-13 09:33:00,2025-08-15 18:29:00,MC-00892,H954414,P25,D1,closed,42.9,42.6,1286,2025-09-02,20260106T061500Z-QE24M
L25-0755,P-18035-B,B,550,GR-04,E-0144,2025-08-13 10:05:00,2025-08-15 13:19:00,MC-00873,H578700,P25,B2,closed,20.2,19.6,546,2025-09-15,20260106T061500Z-QE24M
L25-0756,P-13350-A,A,865,MT-04,E-0123,2025-08-13 11:24:00,2025-08-15 08:14:00,MC-00923,H594819,K20,A2,closed,30.8,33.2,856,2025-09-03,20260106T061500Z-QE24M
L25-0757,P-14108-A,A,1845,MT-02,E-0120,2025-08-13 19:25:00,2025-08-15 18:51:00,MC-00927,H681595,P25,A3,closed,33.4,34.3,1834,2025-09-10,20260106T061500Z-QE24M
L25-0758,P-13797-A,A,290,GR-01,E-0141,2025-08-14 06:24:00,2025-08-15 10:48:00,MC-00906,H851916,P25,A3,closed,12.9,13.2,284,2025-09-15,20260106T061500Z-QE24M
L25-0759,P-12257-A,A,710,GR-02,E-0142,2025-08-14 07:02:00,2025-08-19 08:33:00,MC-00914,H720013,S15,A3,closed,27.0,26.6,702,2025-08-28,20260106T061500Z-QE24M
L25-0760,P-14989-D,D,1310,MT-01,E-0121,2025-08-14 08:54:00,2025-08-15 20:53:00,MC-00911,H521699,P25,D3,closed,29.0,29.7,1299,2025-09-12,20260106T061500Z-QE24M
L25-0761,P-17937-B,B,1215,SW-06,E-0111,2025-08-14 10:56:00,2025-08-15 16:22:00,MC-00845,H433818,M35,B3,closed,22.4,23.6,1199,2025-09-18,20260106T061500Z-QE24M
L25-0762,P-12188-A,A,1365,GR-03,E-0143,2025-08-14 13:40:00,2025-08-25 08:22:00,MC-00914,H720013,S15,A2,closed,54.2,57.1,1359,2025-09-05,20260106T061500Z-QE24M
L25-0763,P-11173-A,A,2425,SW-01,E-0102,2025-08-14 21:01:00,2025-08-19 21:56:00,MC-00881,H785566,M25,A3,closed,51.9,50.8,2413,2025-09-04,20260106T061500Z-QE24M
L25-0764,P-15468-C,C,2310,SW-05,E-0109,2025-08-15 08:05:00,2025-08-27 09:27:00,MC-00907,H627419,M25,C2,closed,137.4,145.8,2305,2025-09-11,20260106T061500Z-QE24M
L25-0765,P-14117-A,A,1075,MT-04,E-0123,2025-08-15 08:44:00,2025-08-19 22:53:00,MC-00933,H839611,P25,A3,closed,48.1,55.9,1060,2025-09-11,20260106T061500Z-QE24M
L25-0766,P-17004-D,D,1000,SW-03,E-0105,2025-08-15 08:58:00,2025-08-18 19:28:00,MC-00905,H412358,M25,D1,closed,27.5,26.7,995,2025-09-08,20260106T061500Z-QE24M
L25-0767,P-11950-A,A,840,ML-06,E-0139,2025-08-15 09:34:00,2025-08-19 06:17:00,MC-00839,H938611,N10,A3,closed,30.7,29.7,835,2025-09-08,20260106T061500Z-QE24M
L25-0768,P-10184-A,A,595,GR-01,E-0141,2025-08-18 06:50:00,2025-08-19 11:32:00,MC-00924,H187805,P25,A1,closed,13.2,13.2,584,2025-09-15,20260106T061500Z-QE24M
L25-0769,P-19192-D,D,550,SW-04,E-0107,2025-08-18 08:01:00,2025-08-19 07:02:00,MC-00913,H509568,M25,D1,closed,16.0,14.5,546,2025-09-05,20260106T061500Z-QE24M
L25-0770,P-11099-A,A,475,ML-02,E-0131,2025-08-18 09:46:00,2025-08-19 15:38:00,MC-00911,H521699,P25,A1,closed,22.9,22.8,466,2025-09-15,20260106T061500Z-QE24M
L25-0771,P-19390-A,A,980,MT-06,E-0127,2025-08-18 09:46:00,2025-08-19 22:34:00,MC-00934,H731792,M25,A3,closed,29.8,30.6,968,2025-09-02,20260106T061500Z-QE24M
L25-0772,P-15763-A,A,1575,GR-04,E-0144,2025-08-18 09:50:00,2025-08-25 13:39:00,MC-00879,H764600,M25,A2,closed,46.3,45.9,1295,2025-09-15,20260106T061500Z-QE24M
L25-0773,P-14196-A,A,1560,MT-05,E-0125,2025-08-18 10:21:00,2025-08-22 19:27:00,MC-00942,H567006,P25,A2,closed,77.1,76.8,1542,2025-09-18,20260106T061500Z-QE24M
L25-0774,P-17153-C,C,680,ML-05,E-0137,2025-08-18 11:54:00,2025-08-20 20:34:00,MC-00796,H270982,N10,C3,closed,42.7,46.9,680,2025-09-05,20260106T061500Z-QE24M
L25-0775,P-17672-D,D,1570,SW-06,E-0112,2025-08-18 17:05:00,2025-08-20 19:19:00,MC-00912,H213612,M25,D1,closed,36.2,36.4,1551,2025-09-08,20260106T061500Z-QE24M
L25-0776,P-14103-B,B,2475,MT-03,E-0121,2025-08-19 06:58:00,2025-08-22 09:18:00,MC-00933,H839611,P25,B1,closed,53.3,55.8,2403,2025-09-11,20260106T061500Z-QE24M
L25-0777,P-14548-D,D,3950,SW-02,E-0103,2025-08-19 06:58:00,2025-08-29 17:29:00,MC-00951,H466580,M25,D1,closed,146.5,139.9,3882,2025-09-22,20260106T061500Z-QE24M
L25-0778,P-18143-B,B,1220,GR-02,E-0142,2025-08-19 09:03:00,2025-08-22 07:06:00,MC-00942,H567006,P25,B2,closed,23.5,24.8,1209,2025-09-22,20260106T061500Z-QE24M
L25-0779,P-14952-A,A,1285,MT-02,E-0118,2025-08-19 19:07:00,2025-08-22 15:40:00,MC-00924,H187805,P25,A1,closed,47.5,45.2,1275,2025-09-19,20260106T061500Z-QE24M
L25-0780,P-12023-C,C,3050,ML-03,E-0134,2025-08-19 21:19:00,2025-09-09 06:25:00,MC-00935,H709668,N10,C2,closed,223.1,227.0,3040,2025-09-29,20260106T061500Z-QE24M
L25-0781,P-11920-C,C,4765,ML-01,E-0130,2025-08-20 19:06:00,2025-09-08 06:19:00,MC-00931,H689219,N10,C2,closed,191.2,287.2,3574,2025-09-24,20260106T061500Z-QE24M
L25-0782,P-17335-D,D,285,SW-08,E-0116,2025-08-21 15:27:00,2025-08-22 08:43:00,MC-00851,H462437,N10,D1,closed,10.3,10.6,283,2025-09-11,20260106T061500Z-QE24M
L25-0783,P-13403-A,A,830,MT-04,E-0124,2025-08-21 21:14:00,2025-08-22 19:32:00,MC-00944,H668828,P25,A2,closed,15.3,14.8,826,2025-09-22,20260106T061500Z-QE24M
L25-0784,P-10729-A,A,1215,ML-04,E-0136,2025-08-21 21:59:00,2025-08-26 07:48:00,MC-00913,H509568,M25,A2,closed,36.8,38.1,1156,2025-09-11,20260106T061500Z-QE24M
L25-0785,P-11282-A,A,1080,SW-07,E-0113,2025-08-22 07:54:00,2025-08-25 09:44:00,MC-00954,H515400,M25,A2,closed,18.8,17.6,1050,2025-09-15,20260106T061500Z-QE24M
L25-0786,P-16180-A,A,785,MT-02,E-0120,2025-08-22 16:10:00,2025-08-25 19:34:00,MC-00876,H552656,M25,A2,closed,20.4,20.3,769,2025-09-08,20260106T061500Z-QE24M
L25-0787,P-17038-D,D,1000,SW-03,E-0106,2025-08-22 16:35:00,2025-08-26 12:35:00,MC-00876,H552656,M25,D2,closed,30.0,28.8,994,2025-09-08,20260106T061500Z-QE24M
L25-0788,P-18988-B,B,960,SW-08,E-0116,2025-08-22 19:15:00,2025-08-25 19:29:00,MC-00957,H682386,M25,B1,closed,17.2,17.1,956,2025-09-10,20260106T061500Z-QE24M
L25-0789,P-11584-A,A,1825,ML-06,E-0139,2025-08-25 07:13:00,2025-09-08 11:44:00,MC-00922,H428995,P25,A1,closed,157.5,155.5,1659,2025-09-26,20260106T061500Z-QE24M
L25-0790,P-13483-A,A,875,MT-01,E-0117,2025-08-25 07:29:00,2025-08-26 07:55:00,MC-00948,H995842,K20,A1,closed,17.4,18.0,871,2025-09-11,20260106T061500Z-QE24M
L25-0791,P-11320-D,D,1160,SW-01,E-0101,2025-08-25 08:09:00,2025-08-26 10:58:00,MC-00895,H823816,M25,D3,closed,19.8,19.6,1141,2025-09-12,20260106T061500Z-QE24M
L25-0792,P-17014-A,A,1000,SW-04,E-0107,2025-08-25 09:00:00,2025-08-27 08:50:00,MC-00913,H509568,M25,A1,closed,33.8,67.3,978,2025-09-08,20260106T061500Z-QE24M
L25-0793,P-12338-A,A,1495,MT-05,E-0125,2025-08-25 09:08:00,2025-08-26 22:48:00,MC-00922,H428995,P25,A1,closed,30.7,30.2,1486,2025-09-23,20260106T061500Z-QE24M
L25-0794,P-16645-A,A,840,ML-05,E-0137,2025-08-25 09:30:00,2025-08-28 06:10:00,MC-00898,H263567,M25,A1,closed,47.7,45.8,833,2025-09-15,20260106T061500Z-QE24M
L25-0795,P-11167-D,D,1100,SW-07,E-0113,2025-08-25 10:14:00,2025-08-26 20:15:00,MC-00881,H785566,M25,D3,closed,27.0,24.7,820,2025-09-12,20260106T061500Z-QE24M
L25-0796,P-13948-B,B,190,GR-04,E-0144,2025-08-25 14:09:00,2025-08-26 11:43:00,MC-00936,H468048,N10,B1,closed,6.1,5.6,187,2025-09-10,20260106T061500Z-QE24M
L25-0797,P-16352-D,D,1505,MT-02,E-0120,2025-08-25 20:04:00,2025-08-29 09:30:00,MC-00949,H168606,M25,D2,closed,57.4,62.6,1486,2025-09-15,20260106T061500Z-QE24M
L25-0798,P-14918-A,A,1565,MT-03,E-0117,2025-08-26 08:04:00,2025-08-28 22:58:00,MC-00924,H187805,P25,A1,closed,48.9,47.3,1559,2025-09-15,20260106T061500Z-QE24M
L25-0799,P-10967-A,A,1225,ML-02,E-0131,2025-08-26 09:55:00,2025-09-03 17:20:00,MC-00959,H694927,P25,A2,closed,92.4,91.0,1214,2025-09-25,20260106T061500Z-QE24M
L25-0800,P-14300-D,D,910,GR-01,E-0141,2025-08-26 10:15:00,2025-09-02 09:44:00,MC-00916,H887923,P25,D3,closed,33.5,33.1,903,2025-09-22,20260106T061500Z-QE24M
L25-0801,P-19209-C,C,325,SW-07,E-0147,2025-08-26 20:45:00,2025-08-27 20:05:00,MC-00957,H682386,M25,C1,closed,16.3,18.1,325,2025-09-15,20260106T061500Z-QE24M
L25-0802,P-11201-A,A,1100,SW-08,E-0115,2025-08-27 09:05:00,2025-08-28 21:07:00,MC-00949,H168606,M25,A3,closed,29.0,29.5,1077,2025-09-19,20260106T061500Z-QE24M
L25-0803,P-13926-A,A,4625,GR-03,E-0143,2025-08-27 10:15:00,2025-09-16 11:27:00,MC-00939,H491276,N10,A1,closed,111.7,110.1,4597,2025-10-06,20260106T061500Z-QE24M
L25-0804,P-17764-A,A,700,SW-06,E-0111,2025-08-27 10:40:00,2025-08-28 06:56:00,MC-00847,H200164,M35,A3,closed,13.3,13.0,697,2025-09-22,20260106T061500Z-QE24M
L25-0805,P-14168-B,B,895,MT-01,E-0117,2025-08-27 10:53:00,2025-08-28 20:09:00,MC-00937,H660717,P25,B3,closed,26.3,24.3,882,2025-09-24,20260106T061500Z-QE24M
L25-0806,P-10711-C,C,370,ML-04,E-0135,2025-08-27 13:02:00,2025-08-28 13:28:00,MC-00957,H682386,M25,C1,closed,17.4,17.7,364,2025-09-15,20260106T061500Z-QE24M
L25-0807,P-14473-A,A,1020,SW-04,E-0108,2025-08-27 16:24:00,2025-08-28 20:46:00,MC-00938,H339805,M25,A2,closed,21.4,21.4,1012,2025-09-08,20260106T061500Z-QE24M
L25-0808,P-13174-A,A,835,SW-07,E-0114,2025-08-27 22:03:00,2025-09-02 16:38:00,MC-00937,H660717,P25,A3,closed,45.6,43.9,827,2025-09-29,20260106T061500Z-QE24M
L25-0809,P-15200-C,C,1420,SW-03,E-0145,2025-08-28 06:26:00,2025-09-02 09:17:00,MC-00969,H751352,P25,C3,closed,36.8,41.6,1403,2025-09-19,20260106T061500Z-QE24M
L25-0810,P-10378-D,D,765,ML-05,E-0137,2025-08-28 06:40:00,2025-09-02 06:31:00,MC-00926,H502136,P25,D1,closed,33.9,34.6,757,2025-09-19,20260106T061500Z-QE24M
L25-0811,P-11253-B,B,2235,SW-01,E-0101,2025-08-28 07:58:00,2025-09-04 21:34:00,MC-00898,H263567,M25,B1,closed,81.6,90.2,2194,2025-09-11,20260106T061500Z-QE24M
L25-0812,P-13994-A,A,370,GR-04,E-0144,2025-08-28 08:11:00,2025-09-03 07:16:00,MC-00962,H945758,N10,A2,closed,24.6,23.6,367,2025-09-17,20260106T061500Z-QE24M
L25-0813,P-15261-A,A,825,SW-06,E-0112,2025-08-28 21:38:00,2025-08-29 21:32:00,MC-00911,H521699,P25,A1,closed,16.9,15.9,816,2025-09-16,20260106T061500Z-QE24M
L25-0814,P-10994-A,A,535,ML-04,E-0135,2025-08-29 09:35:00,2025-09-02 14:18:00,MC-00945,H430842,P25,A2,closed,21.7,21.3,533,2025-10-01,20260106T061500Z-QE24M
L25-0815,P-13502-C,C,850,MT-06,E-0127,2025-08-29 10:03:00,2025-09-02 16:01:00,MC-00953,H947159,P25,C3,closed,23.0,24.1,842,2025-10-02,20260106T061500Z-QE24M
L25-0816,P-12328-A,A,2390,MT-02,E-0119,2025-08-29 11:16:00,2025-09-03 11:20:00,MC-00922,H428995,P25,A2,closed,34.1,35.1,2377,2025-09-23,20260106T061500Z-QE24M
L25-0817,P-14103-B,B,2645,MT-03,E-0122,2025-08-29 18:41:00,2025-09-05 07:28:00,MC-00937,H660717,P25,B1,closed,56.8,58.0,2577,2025-09-25,20260106T061500Z-QE24M
L25-0818,P-19461-D,D,715,MT-04,E-0123,2025-09-02 06:37:00,2025-09-02 22:07:00,MC-00899,H293495,M25,D2,closed,15.5,15.7,691,2025-09-15,20260106T061500Z-QE24M
L25-0819,P-11494-C,C,510,ML-05,E-0137,2025-09-02 07:01:00,2025-09-03 15:17:00,MC-00970,H985807,P25,C1,closed,25.3,27.0,492,2025-09-22,20260106T061500Z-QE24M
L25-0820,P-13806-A,A,1590,GR-02,E-0142,2025-09-02 07:04:00,2025-09-09 11:17:00,MC-00965,H964768,P25,A2,closed,46.7,45.5,1575,2025-09-29,20260106T061500Z-QE24M
L25-0821,P-14212-C,C,830,MT-01,E-0117,2025-09-02 07:53:00,2025-09-03 08:58:00,MC-00940,H160490,P25,C2,closed,18.1,19.1,803,2025-10-02,20260106T061500Z-QE24M
L25-0822,P-15489-A,A,1150,SW-05,E-0109,2025-09-02 09:04:00,2025-09-03 22:51:00,MC-00934,H731792,M25,A1,closed,30.8,31.0,1143,2025-09-18,20260106T061500Z-QE24M
L25-0823,P-12645-A,A,1695,SW-03,E-0105,2025-09-02 11:36:00,2025-09-04 08:51:00,MC-00928,H409036,M35,A3,closed,31.2,30.7,1667,2025-09-25,20260106T061500Z-QE24M
L25-0824,P-10407-A,A,680,ML-04,E-0136,2025-09-02 14:48:00,2025-09-04 08:51:00,MC-00787,H786983,P25,A3,closed,28.0,26.8,676,2025-09-16,20260106T061500Z-QE24M
L25-0825,P-12384-A,A,480,MT-06,E-0128,2025-09-02 16:31:00,2025-09-03 14:07:00,MC-00947,H310225,P25,A2,closed,14.6,15.4,470,2025-10-02,20260106T061500Z-QE24M
L25-0826,P-15181-A,A,1650,SW-07,E-0114,2025-09-02 17:08:00,2025-09-04 16:40:00,MC-00945,H430842,P25,A3,closed,33.5,34.6,1632,2025-09-29,20260106T061500Z-QE24M
L25-0827,P-15009-A,A,3225,SW-02,E-0103,2025-09-03 07:06:00,2025-09-10 11:06:00,MC-00969,H751352,P25,A1,closed,89.0,93.6,3200,2025-10-03,20260106T061500Z-QE24M
L25-0828,P-14350-D,D,1420,GR-01,E-0145,2025-09-03 07:40:00,2025-09-11 11:59:00,MC-00947,H310225,P25,D1,closed,55.3,57.0,1079,2025-09-29,20260106T061500Z-QE24M
L25-0829,P-17447-A,A,2635,SW-08,E-0115,2025-09-03 09:46:00,2025-09-10 21:18:00,MC-00932,H483530,N10,A3,closed,96.5,104.5,2579,2025-09-22,20260106T061500Z-QE24M
L25-0830,P-16180-A,A,845,MT-02,E-0119,2025-09-03 11:50:00,2025-09-04 16:34:00,MC-00941,H999707,M25,A2,closed,21.7,20.9,839,2025-09-19,20260106T061500Z-QE24M
L25-0831,P-17225-C,C,1220,ML-05,E-0138,2025-09-03 15:47:00,2025-09-09 19:55:00,MC-00962,H945758,N10,C3,closed,72.1,67.8,1069,2025-09-25,20260106T061500Z-QE24M
L25-0832,P-10385-D,D,1160,ML-02,E-0147,2025-09-03 17:50:00,2025-09-09 21:17:00,MC-00964,H170928,P25,D3,closed,71.4,66.4,1107,2025-09-29,20260106T061500Z-QE24M
L25-0833,P-14175-A,A,810,MT-06,E-0128,2025-09-03 21:52:00,2025-09-05 22:12:00,MC-00942,H567006,P25,A3,closed,34.3,33.1,791,2025-10-13,20260106T061500Z-QE24M
L25-0834,P-18023-B,B,580,GR-04,E-0144,2025-09-04 06:10:00,2025-09-05 09:10:00,MC-00860,H911804,P25,B1,closed,11.5,12.3,558,2025-09-24,20260106T061500Z-QE24M
L25-0835,P-11930-A,A,545,ML-04,E-0135,2025-09-04 09:21:00,2025-09-05 21:14:00,MC-00935,H709668,N10,A1,closed,28.9,30.0,532,2025-09-12,20260106T061500Z-QE24M
L25-0836,P-12543-C,C,920,MT-02,E-0120,2025-09-04 17:04:00,2025-09-09 08:10:00,MC-00966,H546713,P25,C2,closed,42.1,42.5,910,2025-10-08,20260106T061500Z-QE24M
L25-0837,P-12678-A,A,845,SW-04,E-0107,2025-09-05 06:04:00,2025-09-08 11:05:00,MC-00982,H466323,M35,A1,closed,22.0,19.4,833,2025-09-22,20260106T061500Z-QE24M
L25-0838,P-13317-A,A,995,MT-04,E-0123,2025-09-05 07:39:00,2025-09-08 18:52:00,MC-00925,H114161,P25,A3,closed,28.2,26.0,982,2025-10-06,20260106T061500Z-QE24M
L25-0839,P-12558-A,A,460,MT-05,E-0125,2025-09-05 09:25:00,2025-09-05 19:42:00,MC-00952,H304432,P25,A1,closed,10.3,10.4,455,2025-09-24,20260106T061500Z-QE24M
L25-0840,P-13094-D,D,860,SW-03,E-0105,2025-09-05 09:26:00,2025-09-08 14:38:00,MC-00942,H567006,P25,D1,closed,22.2,78.2,856,2025-09-22,20260106T061500Z-QE24M
L25-0841,P-13648-A,A,2575,GR-04,E-0144,2025-09-05 09:40:00,2025-09-16 13:41:00,MC-00952,H304432,P25,A3,closed,63.5,62.7,2561,2025-10-07,20260106T061500Z-QE24M
L25-0842,P-16571-D,D,985,ML-04,E-0136,2025-09-05 21:44:00,2025-09-10 17:34:00,MC-00955,H367440,M25,D3,closed,46.8,42.3,974,2025-09-25,20260106T061500Z-QE24M
L25-0843,P-10567-A,A,405,ML-01,E-0129,2025-09-08 06:49:00,2025-09-09 14:09:00,MC-00787,H786983,P25,A2,closed,24.3,22.6,353,2025-09-19,20260106T061500Z-QE24M
L25-0844,P-13380-B,B,885,MT-03,E-0121,2025-09-08 09:58:00,2025-09-09 14:59:00,MC-00983,H145331,K20,B3,closed,22.0,22.6,880,2025-09-26,20260106T061500Z-QE24M
L25-0845,P-13357-A,A,1140,MT-01,E-0117,2025-09-08 10:30:00,2025-09-09 15:30:00,MC-00989,H949203,P25,A3,closed,22.0,22.1,1134,2025-10-01,20260106T061500Z-QE24M
L25-0846,P-17326-D,D,1180,SW-04,E-0107,2025-09-08 11:35:00,2025-09-10 09:30:00,MC-00932,H483530,N10,D3,closed,31.9,29.4,1167,2025-09-26,20260106T061500Z-QE24M
L25-0847,P-11354-C,C,265,ML-06,E-0139,2025-09-08 12:14:00,2025-09-09 11:34:00,MC-00952,H304432,P25,C1,closed,16.3,16.1,261,2025-09-24,20260106T061500Z-QE24M
L25-0848,P-11329-A,A,1165,SW-06,E-0112,2025-09-08 14:35:00,2025-09-10 14:15:00,MC-00898,H263567,M25,A2,closed,33.7,33.0,1150,2025-09-25,20260106T061500Z-QE24M
L25-0849,P-11163-D,D,2200,SW-03,E-0106,2025-09-08 15:08:00,2025-09-11 17:22:00,MC-00898,H263567,M25,D2,closed,53.2,54.1,2184,2025-09-23,20260106T061500Z-QE24M
L25-0850,P-18526-A,A,3240,MT-04,E-0124,2025-09-08 19:22:00,2025-09-18 13:48:00,MC-00903,H444171,P25,A3,closed,130.4,125.8,3177,2025-10-02,20260106T061500Z-QE24M
L25-0851,P-10574-A,A,1365,ML-03,E-0133,2025-09-09 06:55:00,2025-09-15 19:57:00,MC-00915,H896138,P25,A3,closed,81.0,88.9,1336,2025-10-03,20260106T061500Z-QE24M
L25-0852,P-18327-D,D,1480,MT-02,E-0119,2025-09-09 08:40:00,2025-09-11 12:57:00,MC-00969,H751352,P25,D1,closed,38.3,39.3,1439,2025-10-02,20260106T061500Z-QE24M
L25-0853,P-16282-A,A,970,MT-06,E-0127,2025-09-09 10:29:00,2025-09-11 21:31:00,MC-00954,H515400,M25,A1,closed,45.0,46.2,964,2025-09-26,20260106T061500Z-QE24M
L25-0854,P-12141-B,B,1395,GR-02,E-0142,2025-09-09 11:47:00,2025-09-19 12:07:00,MC-00914,H720013,S15,B1,closed,68.3,70.6,1385,2025-10-06,20260106T061500Z-QE24M
L25-0855,P-11884-A,A,215,ML-06,E-0139,2025-09-09 12:04:00,2025-09-10 08:52:00,MC-00830,H629848,S15,A3,closed,13.8,13.8,210,2025-09-25,20260106T061500Z-QE24M
L25-0856,P-16596-C,C,345,ML-01,E-0130,2025-09-09 14:39:00,2025-09-10 12:20:00,MC-00950,H211082,M25,C2,closed,14.7,14.6,340,2025-09-26,20260106T061500Z-QE24M
L25-0857,P-19318-A,A,1420,MT-03,E-0122,2025-09-09 15:29:00,2025-09-11 14:19:00,MC-00956,H451305,M25,A3,closed,32.8,34.7,1409,2025-09-15,20260106T061500Z-QE24M
L25-0858,P-11962-A,A,485,ML-05,E-0138,2025-09-09 20:25:00,2025-09-11 16:30:00,MC-00968,H414250,N10,A3,closed,30.1,29.9,485,2025-09-29,20260106T061500Z-QE24M
L25-0859,P-16652-A,A,1295,ML-02,E-0132,2025-09-09 21:47:00,2025-09-15 15:55:00,MC-00955,H367440,M25,A3,closed,62.1,58.0,1262,2025-09-22,20260106T061500Z-QE24M
L25-0860,P-12868-D,D,650,MT-05,E-0126,2025-09-09 22:54:00,2025-09-11 07:04:00,MC-00958,H344371,P25,D1,closed,18.2,18.5,643,2025-09-29,20260106T061500Z-QE24M
L25-0861,P-12004-A,A,940,ML-06,E-0139,2025-09-10 09:22:00,2025-09-15 06:38:00,MC-00978,H983654,N10,A1,closed,48.3,49.8,939,2025-10-02,20260106T061500Z-QE24M
L25-0862,P-16870-A,A,305,ML-01,E-0129,2025-09-10 12:50:00,2025-09-11 17:41:00,MC-00961,H632314,P25,A3,closed,21.9,21.2,303,2025-09-26,20260106T061500Z-QE24M
L25-0863,P-11909-A,A,1735,ML-04,E-0136,2025-09-10 18:04:00,2025-09-18 12:28:00,MC-00968,H414250,N10,A3,closed,96.4,104.4,1714,2025-09-30,20260106T061500Z-QE24M
L25-0864,P-15376-A,A,945,SW-06,E-0111,2025-09-11 07:01:00,2025-09-12 07:39:00,MC-00956,H451305,M25,A1,closed,17.6,18.4,930,2025-10-06,20260106T061500Z-QE24M
L25-0865,P-15057-A,A,1525,SW-02,E-0145,2025-09-11 09:27:00,2025-09-15 14:48:00,MC-00959,H694927,P25,A3,closed,39.3,38.3,1507,2025-10-06,20260106T061500Z-QE24M
L25-0866,P-15401-A,A,965,SW-05,E-0109,2025-09-11 10:32:00,2025-09-12 16:38:00,MC-00912,H213612,M25,A3,closed,23.1,24.6,953,2025-09-16,20260106T061500Z-QE24M
L25-0867,P-13307-B,B,865,MT-02,E-0119,2025-09-11 13:27:00,2025-09-12 20:04:00,MC-00995,H503423,P25,B2,closed,23.6,24.9,857,2025-10-03,20260106T061500Z-QE24M
L25-0868,P-11449-A,A,1165,ML-05,E-0138,2025-09-11 17:00:00,2025-09-16 22:35:00,MC-00970,H985807,P25,A1,closed,56.6,58.0,1160,2025-09-22,20260106T061500Z-QE24M
L25-0869,P-18620-A,A,915,MT-01,E-0118,2025-09-11 22:49:00,2025-09-15 15:55:00,MC-00964,H170928,P25,A3,closed,27.1,27.6,886,2025-10-03,20260106T061500Z-QE24M
L25-1193,P-18958-C,C,820,SW-01,E-0101,2025-09-12 08:41:00,2025-09-15 13:24:00,MC-01330,H323011,M25,C2,closed,21.7,20.2,816,2025-10-01,20260106T061500Z-QE24M
L25-1194,P-15234-A,A,660,SW-05,E-0147,2025-09-12 17:08:00,2025-09-15 19:25:00,MC-01331,H887706,P25,A2,closed,19.3,18.9,658,2025-10-09,20260106T061500Z-QE24M
L25-0870,P-13431-A,A,885,MT-06,E-0128,2025-09-12 17:12:00,2025-09-15 19:43:00,MC-00991,H425541,P25,A3,closed,19.5,156.5,875,2025-09-29,20260106T061500Z-QE24M
L25-0871,P-14872-A,A,490,SW-06,E-0112,2025-09-12 17:41:00,2025-09-15 13:59:00,MC-00956,H451305,M25,A1,closed,13.3,13.4,489,2025-09-29,20260106T061500Z-QE24M
L25-0872,P-14773-A,A,995,SW-04,E-0108,2025-09-12 19:11:00,2025-09-16 14:33:00,MC-00919,H267884,M25,A3,closed,29.4,27.8,980,2025-10-02,20260106T061500Z-QE24M
L25-0873,P-17004-D,D,1000,SW-03,E-0106,2025-09-12 21:11:00,2025-09-16 14:41:00,MC-00913,H509568,M25,D1,closed,27.5,29.8,989,2025-10-06,20260106T061500Z-QE24M
L25-0874,P-16180-A,A,820,MT-02,E-0119,2025-09-15 06:16:00,2025-09-16 10:26:00,MC-00941,H999707,M25,A2,closed,21.2,20.3,811,2025-10-06,20260106T061500Z-QE24M
L25-0875,P-11301-A,A,1120,SW-08,E-0115,2025-09-15 06:43:00,2025-09-16 11:01:00,MC-00971,H321000,M25,A3,closed,21.3,20.0,1100,2025-10-01,20260106T061500Z-QE24M
L25-0876,P-16183-C,C,1200,MT-05,E-0125,2025-09-15 06:58:00,2025-09-16 14:46:00,MC-00943,H100239,M25,C2,closed,24.8,22.7,1190,2025-09-25,20260106T061500Z-QE24M
L25-0877,P-17096-D,D,490,ML-06,E-0145,2025-09-15 07:08:00,2025-09-16 12:10:00,MC-00992,H142528,N10,D3,closed,22.0,21.1,481,2025-09-26,20260106T061500Z-QE24M
L25-0878,P-18251-A,A,1020,MT-03,E-0121,2025-09-15 08:05:00,2025-09-17 17:43:00,MC-00969,H751352,P25,A3,closed,43.6,40.7,1013,2025-10-13,20260106T061500Z-QE24M
L25-0879,P-16016-A,A,315,ML-01,E-0145,2025-09-15 10:13:00,2025-09-16 14:48:00,MC-00919,H267884,M25,A3,closed,21.6,21.8,287,2025-10-06,20260106T061500Z-QE24M
L25-0880,P-16001-D,D,1410,ML-02,E-0132,2025-09-15 16:25:00,2025-09-18 14:14:00,MC-00960,H777664,M25,D3,closed,48.8,49.1,1405,2025-09-29,20260106T061500Z-QE24M
L25-0881,P-16272-A,A,660,MT-06,E-0128,2025-09-15 20:13:00,2025-09-16 21:31:00,MC-00950,H211082,M25,A1,closed,18.3,19.4,647,2025-10-03,20260106T061500Z-QE24M
L25-0882,P-11984-A,A,190,ML-03,E-0133,2025-09-16 07:14:00,2025-09-16 17:50:00,MC-00931,H689219,N10,A2,closed,10.6,10.3,189,2025-10-02,20260106T061500Z-QE24M
L25-0883,P-14859-A,A,900,SW-08,E-0115,2025-09-16 11:31:00,2025-09-18 06:28:00,MC-00987,H946883,M25,A1,closed,28.9,29.2,896,2025-10-03,20260106T061500Z-QE24M
L25-0884,P-11437-B,B,320,ML-06,E-0139,2025-09-16 12:40:00,2025-09-17 13:55:00,MC-00970,H985807,P25,B1,closed,18.3,19.7,314,2025-09-22,20260106T061500Z-QE24M
L25-0885,P-18488-C,C,1140,MT-05,E-0126,2025-09-16 15:16:00,2025-09-17 17:37:00,MC-00996,H907061,P25,C3,closed,19.3,18.9,1115,2025-10-06,20260106T061500Z-QE24M
L25-0886,P-17956-A,A,435,SW-05,E-0110,2025-09-16 22:28:00,2025-09-17 18:11:00,MC-00982,H466323,M35,A3,closed,12.7,12.7,428,2025-10-13,20260106T061500Z-QE24M
L25-0887,P-11871-A,A,845,ML-05,E-0137,2025-09-17 06:05:00,2025-09-19 22:50:00,MC-00976,H354792,S15,A1,closed,50.7,47.7,784,2025-10-06,20260106T061500Z-QE24M
L25-0888,P-14108-A,A,1940,MT-02,E-0119,2025-09-17 06:45:00,2025-09-19 07:46:00,MC-00940,H160490,P25,A3,closed,35.0,34.5,1935,2025-10-23,20260106T061500Z-QE24M
L25-0889,P-12972-A,A,1080,MT-01,E-0117,2025-09-17 06:50:00,2025-09-18 18:13:00,MC-00961,H632314,P25,A3,closed,28.4,28.0,1060,2025-10-10,20260106T061500Z-QE24M
L25-0890,P-11831-D,D,590,ML-06,E-0139,2025-09-17 14:25:00,2025-09-19 08:30:00,MC-00976,H354792,S15,D3,closed,28.1,29.1,588,2025-10-06,20260106T061500Z-QE24M
L25-0891,P-14140-A,A,890,MT-05,E-0126,2025-09-17 18:07:00,2025-09-19 16:29:00,MC-00985,H414627,P25,A3,closed,32.4,30.1,876,2025-10-08,20260106T061500Z-QE24M
L25-0892,P-14612-C,C,405,SW-05,E-0147,2025-09-17 18:41:00,2025-09-18 14:24:00,MC-00957,H682386,M25,C2,closed,12.7,12.9,403,2025-10-06,20260106T061500Z-QE24M
L25-0893,P-11265-A,A,1130,SW-07,E-0113,2025-09-18 08:50:00,2025-09-19 09:54:00,MC-00972,H553705,M25,A1,closed,18.1,17.0,1119,2025-10-03,20260106T061500Z-QE24M
L25-0894,P-19125-B,B,940,SW-08,E-0115,2025-09-18 09:03:00,2025-09-23 15:44:00,MC-00977,H972691,M25,B1,closed,57.7,64.5,930,2025-09-29,20260106T061500Z-QE24M
L25-0895,P-11007-C,C,1955,ML-04,E-0135,2025-09-18 12:58:00,2025-09-29 11:40:00,MC-00959,H694927,P25,C3,closed,117.7,130.9,1927,2025-10-29,20260106T061500Z-QE24M
L25-0896,P-15206-A,A,205,SW-05,E-0110,2025-09-18 16:00:00,2025-09-19 09:58:00,MC-00981,H738074,P25,A2,closed,11.0,11.1,192,2025-10-20,20260106T061500Z-QE24M
L25-0897,P-14134-A,A,1385,MT-06,E-0128,2025-09-18 16:10:00,2025-09-22 11:29:00,MC-00985,H414627,P25,A1,closed,29.3,29.1,1373,2025-10-13,20260106T061500Z-QE24M
L25-0898,P-15742-C,C,195,GR-04,E-0144,2025-09-19 11:55:00,2025-09-22 08:32:00,MC-00971,H321000,M25,C2,closed,5.1,5.8,195,2025-10-06,20260106T061500Z-QE24M
L25-0899,P-12988-A,A,740,MT-03,E-0122,2025-09-19 22:24:00,2025-09-23 18:39:00,MC-00966,H546713,P25,A3,closed,30.3,28.1,724,2025-10-13,20260106T061500Z-QE24M
L25-0900,P-11889-B,B,725,ML-06,E-0139,2025-09-22 06:37:00,2025-09-24 14:31:00,MC-00830,H629848,S15,B1,closed,41.9,38.5,629,2025-10-13,20260106T061500Z-QE24M
L25-0901,P-15577-C,C,920,GR-03,E-0143,2025-09-22 06:53:00,2025-09-24 10:49:00,MC-01008,H600197,M25,C3,closed,20.9,20.9,907,2025-10-06,20260106T061500Z-QE24M
L25-0902,P-12284-B,B,855,GR-04,E-0144,2025-09-22 09:02:00,2025-09-25 06:37:00,MC-00946,H765803,S15,B2,closed,23.1,24.7,842,2025-10-02,20260106T061500Z-QE24M
L25-0903,P-14328-A,A,535,GR-01,E-0141,2025-09-22 09:23:00,2025-09-24 07:57:00,MC-00970,H985807,P25,A2,closed,15.6,16.0,521,2025-10-20,20260106T061500Z-QE24M
L25-0904,P-14371-D,D,1510,GR-02,E-0142,2025-09-22 10:20:00,2025-09-26 11:33:00,MC-00967,H314099,P25,D3,closed,35.2,34.7,1501,2025-10-23,20260106T061500Z-QE24M
L25-0905,P-15986-A,A,1105,ML-01,E-0145,2025-09-22 10:22:00,2025-09-25 11:43:00,MC-00919,H267884,M25,A3,closed,52.4,50.3,1098,2025-10-15,20260106T061500Z-QE24M
L25-0906,P-16107-A,A,1420,ML-03,E-0148,2025-09-22 18:14:00,2025-09-29 20:00:00,MC-00987,H946883,M25,A2,closed,86.8,91.0,1388,2025-10-17,20260106T061500Z-QE24M
L25-0907,P-18384-C,C,1070,MT-04,E-0123,2025-09-23 09:57:00,2025-09-24 17:42:00,MC-00959,H694927,P25,C1,closed,24.8,24.7,1058,2025-10-10,20260106T061500Z-QE24M
L25-0908,P-14989-D,D,1325,MT-02,E-0125,2025-09-23 14:20:00,2025-09-25 09:36:00,MC-00981,H738074,P25,D3,closed,29.3,29.0,1308,2025-10-20,20260106T061500Z-QE24M
L25-0909,P-15142-A,A,1375,SW-08,E-0116,2025-09-23 16:14:00,2025-09-26 11:19:00,MC-00963,H446632,P25,A3,closed,46.1,49.7,1372,2025-10-27,20260106T061500Z-QE24M
L25-0910,P-15615-C,C,1210,GR-01,E-0141,2025-09-24 08:27:00,2025-09-25 14:27:00,MC-00971,H321000,M25,C1,closed,14.5,14.5,1208,2025-10-13,20260106T061500Z-QE24M
L25-0911,P-12223-A,A,465,GR-03,E-0143,2025-09-24 11:19:00,2025-09-26 07:38:00,MC-00980,H131765,S15,A2,closed,13.3,12.8,461,2025-10-09,20260106T061500Z-QE24M
L25-0912,P-17087-A,A,280,ML-05,E-0137,2025-09-24 11:57:00,2025-09-25 10:02:00,MC-00962,H945758,N10,A3,closed,15.1,17.0,279,2025-10-10,20260106T061500Z-QE24M
L25-0913,P-10928-A,A,1060,ML-06,E-0140,2025-09-24 15:01:00,2025-10-01 17:39:00,MC-01006,H993277,P25,A3,closed,87.6,92.3,986,2025-11-03,20260106T061500Z-QE24M
L25-0914,P-18380-A,A,1255,MT-04,E-0124,2025-09-24 18:12:00,2025-09-26 18:10:00,MC-00984,H909840,P25,A2,closed,34.0,32.7,1242,2025-10-13,20260106T061500Z-QE24M
L25-0915,P-10327-A,A,830,GR-04,E-0144,2025-09-25 07:07:00,2025-10-01 13:37:00,MC-00984,H909840,P25,A2,closed,40.5,39.9,820,2025-10-29,20260106T061500Z-QE24M
L25-0916,P-17038-D,D,1000,SW-05,E-0109,2025-09-25 10:16:00,2025-09-29 06:16:00,MC-00943,H100239,M25,D2,closed,30.0,29.9,770,2025-10-20,20260106T061500Z-QE24M
L25-0917,P-11373-D,D,250,ML-05,E-0137,2025-09-25 13:33:00,2025-09-26 16:41:00,MC-00988,H818583,P25,D2,closed,20.1,20.4,244,2025-10-24,20260106T061500Z-QE24M
L25-0918,P-11923-A,A,1165,ML-02,E-0132,2025-09-25 14:51:00,2025-09-30 14:26:00,MC-00978,H983654,N10,A3,closed,50.6,46.9,1156,2025-10-20,20260106T061500Z-QE24M
L25-0919,P-18210-D,D,1690,MT-03,E-0122,2025-09-25 16:22:00,2025-10-01 11:39:00,MC-00963,H446632,P25,D1,closed,63.3,62.6,1665,2025-10-27,20260106T061500Z-QE24M
L25-0920,P-18508-A,A,685,MT-01,E-0118,2025-09-25 21:22:00,2025-09-26 20:02:00,MC-01001,H743245,P25,A3,closed,15.7,15.7,594,2025-10-13,20260106T061500Z-QE24M
L25-0921,P-18136-D,D,740,GR-01,E-0141,2025-09-26 06:27:00,2025-10-01 08:07:00,MC-00985,H414627,P25,D1,closed,27.2,24.9,729,2025-10-21,20260106T061500Z-QE24M
L25-0922,P-11347-A,A,1170,SW-03,E-0105,2025-09-26 06:57:00,2025-09-30 07:56:00,MC-00950,H211082,M25,A3,closed,35.0,37.7,1155,2025-10-10,20260106T061500Z-QE24M
L25-0923,P-18051-D,D,1080,GR-03,E-0146,2025-09-26 08:08:00,2025-09-30 10:09:00,MC-00940,H160490,P25,D3,closed,19.0,18.7,1070,2025-10-27,20260106T061500Z-QE24M
L25-0924,P-15362-C,C,505,SW-01,E-0101,2025-09-26 13:32:00,2025-09-29 20:45:00,MC-00934,H731792,M25,C3,closed,24.2,23.0,499,2025-10-13,20260106T061500Z-QE24M
L25-0925,P-12907-D,D,630,MT-05,E-0126,2025-09-26 18:45:00,2025-09-29 22:43:00,MC-01015,H923194,P25,D1,closed,21.0,22.1,623,2025-10-20,20260106T061500Z-QE24M
L25-0926,P-12828-B,B,1575,MT-01,E-0118,2025-09-26 20:54:00,2025-10-01 22:31:00,MC-00967,H314099,P25,B3,closed,52.6,52.0,1549,2025-10-30,20260106T061500Z-QE24M
L25-0927,P-11856-B,B,1565,ML-05,E-0137,2025-09-29 06:37:00,2025-10-06 07:49:00,MC-00914,H720013,S15,B3,closed,86.2,85.7,1542,2025-10-16,20260106T061500Z-QE24M
L25-0928,P-13158-A,A,335,SW-02,E-0145,2025-09-29 07:21:00,2025-09-29 16:43:00,MC-00990,H807324,P25,A2,closed,9.4,9.2,327,2025-10-27,20260106T061500Z-QE24M
L25-0929,P-14257-A,A,1855,GR-02,E-0142,2025-09-29 10:00:00,2025-10-07 09:37:00,MC-00988,H818583,P25,A2,closed,50.6,49.9,1840,2025-10-28,20260106T061500Z-QE24M
L25-0930,P-14928-A,A,1580,MT-02,E-0119,2025-09-29 10:30:00,2025-09-30 17:49:00,MC-00994,H354930,P25,A3,closed,24.3,24.0,1576,2025-10-23,20260106T061500Z-QE24M
L25-0931,P-11226-C,C,1595,SW-06,E-0111,2025-09-29 10:44:00,2025-10-01 22:16:00,MC-00971,H321000,M25,C1,closed,45.5,47.1,1579,2025-10-17,20260106T061500Z-QE24M
L25-0932,P-16464-B,B,800,MT-06,E-0127,2025-09-29 10:56:00,2025-09-30 15:52:00,MC-01011,H384633,M25,B1,closed,21.9,24.3,798,2025-10-16,20260106T061500Z-QE24M
L25-0933,P-10604-A,A,235,ML-04,E-0135,2025-09-29 12:10:00,2025-09-30 07:17:00,MC-00943,H100239,M25,A2,closed,12.1,11.9,228,2025-10-15,20260106T061500Z-QE24M
L25-0934,P-14629-A,A,620,SW-08,E-0116,2025-09-29 18:41:00,2025-09-30 15:19:00,MC-00979,H349291,M25,A1,closed,13.6,13.7,617,2025-10-13,20260106T061500Z-QE24M
L25-0935,P-16751-A,A,2130,ML-02,E-0132,2025-09-30 14:56:00,2025-10-06 13:28:00,MC-00993,H238442,M25,A1,closed,66.5,66.8,2122,2025-10-27,20260106T061500Z-QE24M
L25-0936,P-15885-A,A,800,ML-06,E-0140,2025-10-01 18:09:00,2025-10-03 18:05:00,MC-00919,H267884,M25,A2,closed,33.9,37.2,793,2025-10-24,20260106T061500Z-QE24M
L25-0937,P-13755-A,A,320,GR-03,E-0143,2025-10-02 08:50:00,2025-10-03 09:54:00,MC-01015,H923194,P25,A2,closed,9.6,9.3,318,2025-11-05,20260106T061500Z-QE24M
L25-0938,P-16263-A,A,1515,MT-02,E-0119,2025-10-02 09:21:00,2025-10-06 13:42:00,MC-01032,H175579,M25,A2,closed,38.4,38.9,1452,2025-10-20,20260106T061500Z-QE24M
L25-0939,P-19426-D,D,970,MT-04,E-0123,2025-10-02 09:36:00,2025-10-03 09:40:00,MC-00973,H980016,M25,D2,closed,17.1,17.1,963,2025-10-22,20260106T061500Z-QE24M
L25-0940,P-12614-A,A,530,SW-08,E-0116,2025-10-02 18:44:00,2025-10-03 15:14:00,MC-00982,H466323,M35,A2,closed,13.5,14.3,508,2025-10-29,20260106T061500Z-QE24M
L25-0941,P-10743-D,D,270,ML-01,E-0129,2025-10-03 07:19:00,2025-10-03 21:02:00,MC-01032,H175579,M25,D3,closed,13.7,14.7,269,2025-10-22,20260106T061500Z-QE24M
L25-0942,P-14438-A,A,1020,GR-03,E-0143,2025-10-03 10:24:00,2025-10-08 08:18:00,MC-00975,H441903,P25,A1,closed,23.4,24.4,1007,2025-10-31,20260106T061500Z-QE24M
L25-0943,P-17255-D,D,1365,SW-04,E-0107,2025-10-03 11:37:00,2025-10-07 07:27:00,MC-00992,H142528,N10,D2,closed,29.8,28.0,1362,2025-10-24,20260106T061500Z-QE24M
L25-0944,P-17014-A,A,1000,SW-03,E-0106,2025-10-03 17:30:00,2025-10-07 17:20:00,MC-00979,H349291,M25,A1,closed,33.8,35.4,997,2025-10-20,20260106T061500Z-QE24M
L25-0945,P-11502-A,A,3635,ML-06,E-0140,2025-10-03 18:35:00,2025-10-21 09:01:00,MC-01019,H318223,P25,A1,closed,194.4,192.9,3506,2025-11-17,20260106T061500Z-QE24M
L25-0946,P-15723-A,A,1865,GR-01,E-0141,2025-10-06 06:47:00,2025-10-15 10:16:00,MC-01011,H384633,M25,A1,closed,63.0,61.2,1854,2025-10-30,20260106T061500Z-QE24M
L25-0947,P-14918-A,A,1675,MT-05,E-0121,2025-10-06 07:07:00,2025-10-09 08:15:00,MC-01006,H993277,P25,A1,closed,52.1,51.2,1671,2025-10-24,20260106T061500Z-QE24M
L25-0948,P-18566-A,A,925,MT-01,E-0117,2025-10-06 07:12:00,2025-10-07 13:42:00,MC-00964,H170928,P25,A3,closed,23.5,24.1,919,2025-10-22,20260106T061500Z-QE24M
L25-0949,P-14693-A,A,1485,SW-01,E-0101,2025-10-06 07:25:00,2025-10-09 10:25:00,MC-00974,H211009,M25,A2,closed,54.0,50.8,1292,2025-10-23,20260106T061500Z-QE24M
L25-0950,P-10123-A,A,1270,GR-04,E-0144,2025-10-06 07:31:00,2025-10-14 13:42:00,MC-01045,H948064,P25,A3,closed,57.2,57.7,1263,2025-11-13,20260106T061500Z-QE24M
L25-0951,P-17053-A,A,1060,ML-05,E-0137,2025-10-06 08:19:00,2025-10-09 10:51:00,MC-00936,H468048,N10,A1,closed,53.5,52.0,1057,2025-10-24,20260106T061500Z-QE24M
L25-0952,P-12861-C,C,1585,MT-04,E-0146,2025-10-06 08:49:00,2025-10-08 08:27:00,MC-01019,H318223,P25,C2,closed,33.6,33.5,1554,2025-10-31,20260106T061500Z-QE24M
L25-0953,P-12435-A,A,215,MT-06,E-0127,2025-10-06 10:12:00,2025-10-06 18:52:00,MC-00988,H818583,P25,A1,closed,8.7,7.8,215,2025-10-30,20260106T061500Z-QE24M
L25-0954,P-14992-A,A,1595,MT-03,E-0119,2025-10-06 10:57:00,2025-10-09 10:16:00,MC-00984,H909840,P25,A2,closed,50.3,48.6,1588,2025-11-10,20260106T061500Z-QE24M
L25-0955,P-10653-D,D,310,ML-02,E-0131,2025-10-06 13:58:00,2025-10-07 17:42:00,MC-01018,H775864,M25,D2,closed,20.7,20.6,302,2025-10-27,20260106T061500Z-QE24M
L25-0956,P-16180-A,A,790,MT-02,E-0119,2025-10-06 14:12:00,2025-10-07 17:43:00,MC-01036,H508394,M25,A2,closed,20.5,20.4,784,2025-10-21,20260106T061500Z-QE24M
L25-0957,P-18856-A,A,1075,MT-06,E-0128,2025-10-06 19:22:00,2025-10-08 19:43:00,MC-01043,H509436,P25,A2,closed,34.4,35.4,1067,2025-11-03,20260106T061500Z-QE24M
L25-0958,P-11909-A,A,1705,ML-03,E-0134,2025-10-06 19:44:00,2025-10-14 12:32:00,MC-00968,H414250,N10,A3,closed,94.8,98.9,1671,2025-10-24,20260106T061500Z-QE24M
L25-0959,P-18589-A,A,5100,MT-01,E-0117,2025-10-07 14:12:00,2025-10-16 10:24:00,MC-01023,H657527,P25,A2,closed,115.2,216.2,5025,2025-10-29,20260106T061500Z-QE24M
L25-0960,P-13328-A,A,1120,MT-02,E-0120,2025-10-07 18:13:00,2025-10-13 15:45:00,MC-00999,H872769,P25,A2,closed,65.5,64.3,1109,2025-11-10,20260106T061500Z-QE24M
L25-0961,P-10725-B,B,2020,ML-02,E-0131,2025-10-08 06:07:00,2025-10-15 15:01:00,MC-00997,H588566,M25,B2,closed,93.9,90.6,1967,2025-10-30,20260106T061500Z-QE24M
L25-0962,P-18413-C,C,1585,MT-04,E-0123,2025-10-08 08:57:00,2025-10-10 14:40:00,MC-01045,H948064,P25,C3,closed,39.7,37.7,1533,2025-11-03,20260106T061500Z-QE24M
L25-0963,P-12722-A,A,430,SW-04,E-0108,2025-10-08 16:17:00,2025-10-09 12:06:00,MC-01013,H200887,M35,A1,closed,12.8,12.8,422,2025-10-27,20260106T061500Z-QE24M
L25-0964,P-11163-D,D,2200,SW-03,E-0106,2025-10-08 18:25:00,2025-10-13 20:39:00,MC-01002,H961644,M25,D2,closed,53.2,48.1,2172,2025-10-24,20260106T061500Z-QE24M
L25-0965,P-13502-C,C,850,MT-06,E-0128,2025-10-08 20:13:00,2025-10-10 09:12:00,MC-01027,H507978,K20,C3,closed,23.0,23.2,847,2025-11-03,20260106T061500Z-QE24M
L25-0966,P-13458-B,B,875,MT-05,E-0125,2025-10-09 08:45:00,2025-10-09 20:30:00,MC-01039,H876713,P25,B3,closed,11.8,13.0,866,2025-10-30,20260106T061500Z-QE24M
L25-0967,P-17881-C,C,555,SW-01,E-0101,2025-10-09 10:55:00,2025-10-10 12:49:00,MC-00875,H529947,M35,C3,closed,18.9,18.9,549,2025-11-03,20260106T061500Z-QE24M
L25-0968,P-17046-A,A,525,ML-05,E-0146,2025-10-09 11:21:00,2025-10-10 18:47:00,MC-01005,H486564,N10,A1,closed,24.4,23.3,511,2025-10-30,20260106T061500Z-QE24M
L25-0969,P-10178-D,D,865,GR-02,E-0142,2025-10-10 08:36:00,2025-10-14 13:55:00,MC-01045,H948064,P25,D3,closed,22.3,21.5,857,2025-11-10,20260106T061500Z-QE24M
L25-0970,P-13923-B,B,1010,GR-03,E-0143,2025-10-10 10:11:00,2025-10-15 10:24:00,MC-00936,H468048,N10,B2,closed,25.7,24.3,1005,2025-10-30,20260106T061500Z-QE24M
L25-0971,P-18795-A,A,1000,MT-04,E-0124,2025-10-10 16:09:00,2025-10-14 17:19:00,MC-01026,H334534,P25,A2,closed,35.2,35.1,979,2025-11-11,20260106T061500Z-QE24M
L25-0972,P-10469-D,D,875,ML-04,E-0136,2025-10-10 18:19:00,2025-10-15 06:11:00,MC-00915,H896138,P25,D1,closed,38.9,39.6,858,2025-10-27,20260106T061500Z-QE24M
L25-0973,P-10775-A,A,710,ML-01,E-0130,2025-10-10 20:25:00,2025-10-15 17:23:00,MC-01018,H775864,M25,A2,closed,48.0,47.4,699,2025-10-29,20260106T061500Z-QE24M
L25-0974,P-12756-B,B,1670,SW-05,E-0109,2025-10-13 06:26:00,2025-10-14 21:39:00,MC-01010,H602959,M35,B3,closed,32.2,37.4,1632,2025-11-06,20260106T061500Z-QE24M
L25-0975,P-19059-A,A,975,SW-04,E-0107,2025-10-13 06:50:00,2025-10-14 13:38:00,MC-00997,H588566,M25,A2,closed,23.8,24.1,969,2025-10-22,20260106T061500Z-QE24M
L25-0976,P-17684-D,D,580,SW-07,E-0113,2025-10-13 06:50:00,2025-10-14 07:43:00,MC-00986,H989857,M25,D3,closed,17.9,17.5,576,2025-10-27,20260106T061500Z-QE24M
L25-0977,P-12835-A,A,555,MT-05,E-0125,2025-10-13 07:46:00,2025-10-13 21:46:00,MC-01043,H509436,P25,A1,closed,14.0,14.2,547,2025-11-04,20260106T061500Z-QE24M
L25-0978,P-11724-A,A,1530,ML-05,E-0137,2025-10-13 07:58:00,2025-10-17 12:50:00,MC-00980,H131765,S15,A2,closed,72.9,73.3,1507,2025-11-03,20260106T061500Z-QE24M
L25-0979,P-14103-B,B,2545,MT-03,E-0121,2025-10-13 08:03:00,2025-10-16 11:48:00,MC-01053,H524033,P25,B1,closed,54.7,53.8,2484,2025-11-03,20260106T061500Z-QE24M
L25-0980,P-16180-A,A,805,MT-02,E-0120,2025-10-13 16:15:00,2025-10-14 20:05:00,MC-01038,H575382,M25,A2,closed,20.8,20.9,797,2025-10-30,20260106T061500Z-QE24M
L25-0981,P-18883-A,A,795,MT-06,E-0148,2025-10-13 19:08:00,2025-10-15 06:49:00,MC-01026,H334534,P25,A1,closed,21.7,21.8,788,2025-11-10,20260106T061500Z-QE24M
L25-0982,P-14966-D,D,1370,MT-05,E-0120,2025-10-13 22:16:00,2025-10-16 16:31:00,MC-01006,H993277,P25,D1,closed,45.2,46.2,1366,2025-11-07,20260106T061500Z-QE24M
L25-1195,P-14808-C,C,820,SW-02,E-0103,2025-10-14 07:32:00,2025-10-15 10:53:00,MC-01334,H549418,M25,C3,closed,20.4,20.7,813,2025-10-31,20260106T061500Z-QE24M
L25-0983,P-14499-A,A,1170,SW-07,E-0113,2025-10-14 08:47:00,2025-10-15 11:22:00,MC-01030,H852534,M25,A1,closed,19.6,19.9,1147,2025-10-31,20260106T061500Z-QE24M
L25-0984,P-16887-A,A,855,ML-03,E-0133,2025-10-14 13:02:00,2025-10-16 20:30:00,MC-00975,H441903,P25,A2,closed,41.5,39.2,838,2025-11-11,20260106T061500Z-QE24M
L25-0985,P-10284-A,A,425,GR-04,E-0144,2025-10-14 14:12:00,2025-10-16 09:33:00,MC-01034,H941835,P25,A2,closed,12.3,11.8,421,2025-11-14,20260106T061500Z-QE24M
L25-0986,P-12144-A,A,770,GR-02,E-0142,2025-10-14 14:25:00,2025-10-17 14:07:00,MC-00946,H765803,S15,A1,closed,25.2,25.5,758,2025-11-04,20260106T061500Z-QE24M
L25-0987,P-14108-A,A,1875,MT-02,E-0120,2025-10-14 20:35:00,2025-10-16 20:32:00,MC-01053,H524033,P25,A3,closed,33.9,34.4,1857,2025-11-06,20260106T061500Z-QE24M
L25-0988,P-18914-D,D,1055,MT-04,E-0124,2025-10-14 21:32:00,2025-10-16 12:10:00,MC-01046,H437991,P25,D2,closed,24.6,23.9,1044,2025-11-13,20260106T061500Z-QE24M
L25-0989,P-15298-A,A,540,SW-05,E-0110,2025-10-14 22:09:00,2025-10-16 06:05:00,MC-01021,H459141,M25,A3,closed,17.9,18.1,402,2025-11-03,20260106T061500Z-QE24M
L25-0990,P-10869-D,D,1925,ML-04,E-0135,2025-10-15 06:41:00,2025-10-22 12:36:00,MC-01037,H511306,P25,D2,closed,90.9,92.5,1912,2025-11-11,20260106T061500Z-QE24M
L25-1196,P-19343-A,A,635,MT-06,E-0127,2025-10-15 07:19:00,2025-10-16 07:30:00,MC-01332,H193662,M25,A1,closed,17.2,16.9,617,2025-10-31,20260106T061500Z-QE24M
L25-1197,P-14077-B,B,1195,GR-01,E-0141,2025-10-15 10:46:00,2025-10-21 07:51:00,MC-01337,H224994,N10,B3,closed,31.1,29.8,1192,2025-11-05,20260106T061500Z-QE24M
L25-0991,P-17369-A,A,655,SW-07,E-0113,2025-10-15 11:52:00,2025-10-17 19:17:00,MC-01000,H494196,N10,A1,closed,41.4,39.6,635,2025-10-31,20260106T061500Z-QE24M
L25-0992,P-15372-B,B,295,SW-04,E-0107,2025-10-15 12:18:00,2025-10-15 22:55:00,MC-01004,H101066,M25,B2,closed,10.6,10.6,285,2025-10-29,20260106T061500Z-QE24M
L25-0993,P-13214-A,A,1090,SW-03,E-0106,2025-10-15 14:31:00,2025-10-16 17:46:00,MC-00990,H807324,P25,A3,closed,20.3,19.4,1085,2025-11-06,20260106T061500Z-QE24M
L25-0994,P-15861-B,B,3300,ML-02,E-0132,2025-10-15 15:31:00,2025-10-29 09:07:00,MC-01022,H339700,M25,B2,closed,163.6,177.2,3239,2025-11-17,20260106T061500Z-QE24M
L25-0995,P-17532-A,A,775,SW-06,E-0148,2025-10-15 16:39:00,2025-10-17 19:37:00,MC-01007,H362134,M25,A3,closed,37.0,33.7,759,2025-10-31,20260106T061500Z-QE24M
L25-0996,P-12802-A,A,1480,SW-02,E-0104,2025-10-15 18:53:00,2025-10-21 07:25:00,MC-01003,H139486,M35,A2,closed,56.5,56.5,1462,2025-11-18,20260106T061500Z-QE24M
L25-0997,P-16912-A,A,720,ML-01,E-0129,2025-10-16 07:33:00,2025-10-20 08:57:00,MC-01046,H437991,P25,A3,closed,35.4,38.0,716,2025-11-19,20260106T061500Z-QE24M
L25-0998,P-14524-A,A,2500,SW-08,E-0115,2025-10-16 08:19:00,2025-10-20 16:29:00,MC-01030,H852534,M25,A1,closed,42.2,42.2,2471,2025-11-10,20260106T061500Z-QE24M
L25-0999,P-18650-A,A,370,MT-06,E-0127,2025-10-16 10:07:00,2025-10-16 21:56:00,MC-01056,H832818,P25,A1,closed,11.8,12.8,369,2025-11-03,20260106T061500Z-QE24M
L25-1000,P-18462-A,A,5035,MT-01,E-0117,2025-10-16 10:54:00,2025-10-28 13:51:00,MC-01028,H837003,P25,A2,closed,138.9,134.5,4991,2025-11-10,20260106T061500Z-QE24M
L25-1001,P-14952-A,A,1405,MT-03,E-0125,2025-10-16 12:18:00,2025-10-21 13:01:00,MC-01035,H566666,P25,A1,closed,51.7,56.8,1401,2025-11-20,20260106T061500Z-QE24M
L25-1002,P-16289-C,C,1575,MT-05,E-0126,2025-10-16 17:01:00,2025-10-20 06:29:00,MC-01012,H831472,M25,C3,closed,23.5,24.0,1568,2025-11-03,20260106T061500Z-QE24M
L25-1003,P-17014-A,A,1000,SW-05,E-0110,2025-10-16 22:40:00,2025-10-20 22:30:00,MC-01031,H875754,M25,A1,closed,33.8,31.6,984,2025-11-03,20260106T061500Z-QE24M
L25-1004,P-14843-C,C,295,SW-01,E-0102,2025-10-16 22:50:00,2025-10-17 16:30:00,MC-01022,H339700,M25,C1,closed,10.7,10.8,269,2025-11-04,20260106T061500Z-QE24M
L25-1198,P-14253-B,B,1165,GR-03,E-0143,2025-10-17 07:11:00,2025-10-24 07:06:00,MC-01333,H967486,P25,B3,closed,42.4,42.5,1048,2025-11-25,20260106T061500Z-QE24M
L25-1005,P-11033-A,A,210,ML-03,E-0133,2025-10-17 07:50:00,2025-10-17 20:25:00,MC-01037,H511306,P25,A3,closed,12.6,13.8,210,2025-11-10,20260106T061500Z-QE24M
L25-1006,P-11663-A,A,1705,ML-05,E-0137,2025-10-17 13:20:00,2025-10-24 22:51:00,MC-00946,H765803,S15,A1,closed,94.5,94.5,1681,2025-11-10,20260106T061500Z-QE24M
L25-1007,P-17329-D,D,1295,SW-07,E-0114,2025-10-17 19:47:00,2025-10-21 12:19:00,MC-00992,H142528,N10,D2,closed,26.5,28.5,1285,2025-11-03,20260106T061500Z-QE24M
L25-1008,P-12589-C,C,695,SW-03,E-0105,2025-10-20 06:20:00,2025-10-21 08:26:00,MC-01003,H139486,M35,C1,closed,19.1,94.2,688,2025-11-11,20260106T061500Z-QE24M
L25-1009,P-12738-A,A,345,SW-01,E-0101,2025-10-20 07:11:00,2025-10-20 14:44:00,MC-01073,H730056,M35,A3,closed,7.5,7.9,343,2025-11-03,20260106T061500Z-QE24M
L25-1010,P-18406-A,A,1335,MT-02,E-0119,2025-10-20 07:20:00,2025-10-21 14:55:00,MC-01037,H511306,P25,A3,closed,24.6,24.4,1325,2025-11-21,20260106T061500Z-QE24M
L25-1011,P-18347-A,A,2150,MT-04,E-0123,2025-10-20 09:25:00,2025-10-21 12:16:00,MC-01040,H498558,P25,A3,closed,19.8,20.5,2132,2025-10-31,20260106T061500Z-QE24M
L25-1012,P-16637-A,A,465,ML-01,E-0129,2025-10-20 09:27:00,2025-10-21 13:21:00,MC-01011,H384633,M25,A3,closed,20.9,20.2,457,2025-11-06,20260106T061500Z-QE24M
L25-1013,P-16524-A,A,1745,ML-03,E-0133,2025-10-20 09:35:00,2025-10-24 17:18:00,MC-01012,H831472,M25,A1,closed,75.7,75.7,1723,2025-11-14,20260106T061500Z-QE24M
L25-1014,P-14066-C,C,480,GR-02,E-0142,2025-10-20 09:49:00,2025-10-22 07:59:00,MC-01005,H486564,N10,C1,closed,15.2,15.0,476,2025-11-07,20260106T061500Z-QE24M
L25-1015,P-15367-A,A,815,SW-08,E-0116,2025-10-20 18:57:00,2025-10-22 10:30:00,MC-01009,H242128,M25,A2,closed,25.5,26.5,811,2025-11-03,20260106T061500Z-QE24M
L25-1016,P-17312-B,B,480,SW-05,E-0110,2025-10-20 23:00:00,2025-10-21 20:12:00,MC-01000,H494196,N10,B3,closed,14.2,14.2,473,2025-11-07,20260106T061500Z-QE24M
L25-1017,P-12114-A,A,450,GR-04,E-0144,2025-10-21 08:50:00,2025-10-22 11:35:00,MC-00980,H131765,S15,A2,closed,11.2,11.4,449,2025-11-03,20260106T061500Z-QE24M
L25-1018,P-17158-A,A,590,ML-06,E-0139,2025-10-21 09:31:00,2025-10-23 09:18:00,MC-01020,H318706,N10,A1,closed,33.8,33.1,521,2025-11-10,20260106T061500Z-QE24M
L25-1019,P-18503-A,A,1965,MT-04,E-0123,2025-10-21 12:46:00,2025-10-24 14:52:00,MC-00964,H170928,P25,A3,closed,53.1,51.8,1943,2025-11-10,20260106T061500Z-QE24M
L25-1020,P-18813-A,A,635,MT-03,E-0121,2025-10-21 13:31:00,2025-10-22 11:22:00,MC-00975,H441903,P25,A2,closed,14.9,14.4,633,2025-11-03,20260106T061500Z-QE24M
L25-1021,P-16839-B,B,2745,ML-01,E-0129,2025-10-21 13:51:00,2025-10-29 21:55:00,MC-01056,H832818,P25,B1,closed,110.1,112.9,2586,2025-11-24,20260106T061500Z-QE24M
L25-1022,P-16316-C,C,3845,MT-02,E-0120,2025-10-21 15:25:00,2025-10-28 16:05:00,MC-01014,H923789,M25,C2,closed,85.7,84.0,3576,2025-11-10,20260106T061500Z-QE24M
L25-1023,P-14681-B,B,820,SW-02,E-0104,2025-10-21 15:54:00,2025-10-23 11:08:00,MC-01075,H934574,M25,B2,closed,29.2,28.8,810,2025-11-10,20260106T061500Z-QE24M
L25-1024,P-17795-A,A,4885,SW-05,E-0110,2025-10-21 20:42:00,2025-10-31 12:16:00,MC-01017,H180509,M35,A2,closed,127.6,130.6,4838,2025-11-17,20260106T061500Z-QE24M
L25-1025,P-13608-D,D,1145,GR-01,E-0141,2025-10-22 06:02:00,2025-10-27 07:46:00,MC-00998,H312932,P25,D1,closed,27.2,28.1,1127,2025-11-21,20260106T061500Z-QE24M
L25-1026,P-14196-A,A,1525,MT-06,E-0127,2025-10-22 08:08:00,2025-10-28 15:34:00,MC-01052,H954745,P25,A2,closed,75.4,79.4,1224,2025-12-01,20260106T061500Z-QE24M
L25-1027,P-17841-B,B,935,SW-07,E-0113,2025-10-22 10:24:00,2025-10-24 07:37:00,MC-01073,H730056,M35,B1,closed,31.2,33.1,921,2025-11-19,20260106T061500Z-QE24M
L25-1028,P-17707-D,D,1885,SW-08,E-0115,2025-10-22 11:00:00,2025-10-27 06:59:00,MC-01021,H459141,M25,D2,closed,47.0,45.9,1860,2025-11-17,20260106T061500Z-QE24M
L25-1029,P-10688-A,A,910,ML-04,E-0135,2025-10-22 13:06:00,2025-10-27 17:07:00,MC-01038,H575382,M25,A2,closed,55.0,58.2,902,2025-11-06,20260106T061500Z-QE24M
L25-1030,P-15270-A,A,1445,SW-04,E-0107,2025-10-22 14:04:00,2025-10-24 14:08:00,MC-01035,H566666,P25,A1,closed,34.1,30.7,1439,2025-11-07,20260106T061500Z-QE24M
L25-1031,P-15789-B,B,1185,GR-02,E-0142,2025-10-23 08:25:00,2025-10-29 10:23:00,MC-01012,H831472,M25,B3,closed,36.0,35.5,1172,2025-11-17,20260106T061500Z-QE24M
L25-1032,P-11462-A,A,920,ML-06,E-0139,2025-10-23 09:48:00,2025-10-27 16:22:00,MC-01048,H499402,P25,A3,closed,40.6,37.2,913,2025-11-21,20260106T061500Z-QE24M
L25-1033,P-14762-C,C,520,SW-06,E-0111,2025-10-23 12:23:00,2025-10-24 11:08:00,MC-01022,H339700,M25,C1,closed,15.7,15.7,516,2025-11-10,20260106T061500Z-QE24M
L25-1034,P-19299-A,A,2515,MT-03,E-0122,2025-10-23 15:10:00,2025-10-30 12:23:00,MC-01021,H459141,M25,A1,closed,82.2,85.8,2469,2025-11-14,20260106T061500Z-QE24M
L25-1035,P-14574-C,C,535,SW-03,E-0106,2025-10-23 18:30:00,2025-10-24 15:17:00,MC-01038,H575382,M25,C1,closed,13.8,13.1,531,2025-11-10,20260106T061500Z-QE24M
L25-1036,P-13307-B,B,875,MT-04,E-0124,2025-10-24 15:22:00,2025-10-27 22:13:00,MC-01016,H760746,K20,B2,closed,23.9,26.9,870,2025-12-01,20260106T061500Z-QE24M
L25-1037,P-16900-D,D,1895,ML-03,E-0134,2025-10-24 17:48:00,2025-11-04 15:49:00,MC-01048,H499402,P25,D3,closed,117.0,112.4,1884,2025-11-21,20260106T061500Z-QE24M
L25-1038,P-11529-B,B,3150,ML-05,E-0137,2025-10-27 06:21:00,2025-11-05 06:54:00,MC-01056,H832818,P25,B3,closed,119.5,124.4,3094,2025-12-04,20260106T061500Z-QE24M
L25-1039,P-13971-C,C,600,GR-01,E-0141,2025-10-27 08:16:00,2025-10-29 09:40:00,MC-01020,H318706,N10,C1,closed,18.4,18.3,500,2025-11-14,20260106T061500Z-QE24M
L25-1040,P-12248-D,D,490,GR-03,E-0143,2025-10-27 08:17:00,2025-10-28 10:33:00,MC-00980,H131765,S15,D3,closed,10.8,11.4,487,2025-11-03,20260106T061500Z-QE24M
L25-1041,P-16499-A,A,1320,MT-05,E-0125,2025-10-27 08:55:00,2025-10-28 19:33:00,MC-01014,H923789,M25,A2,closed,27.6,29.3,1059,2025-11-13,20260106T061500Z-QE24M
L25-1042,P-14746-D,D,1180,SW-08,E-0115,2025-10-27 09:13:00,2025-10-30 08:37:00,MC-01009,H242128,M25,D2,closed,50.4,52.4,1171,2025-11-12,20260106T061500Z-QE24M
L25-1043,P-19014-A,A,935,SW-07,E-0113,2025-10-27 09:19:00,2025-10-28 16:40:00,MC-01055,H981241,M25,A3,closed,24.3,22.0,900,2025-11-10,20260106T061500Z-QE24M
L25-1044,P-12208-D,D,640,GR-04,E-0144,2025-10-27 10:28:00,2025-10-29 10:58:00,MC-01057,H492547,S15,D3,closed,17.5,17.4,636,2025-11-11,20260106T061500Z-QE24M
L25-1045,P-15035-A,A,220,SW-04,E-0107,2025-10-27 10:39:00,2025-10-27 18:31:00,MC-01045,H948064,P25,A3,closed,7.9,8.9,217,2025-11-24,20260106T061500Z-QE24M
L25-1046,P-17389-B,B,385,SW-03,E-0106,2025-10-27 15:49:00,2025-10-28 12:09:00,MC-01069,H393118,N10,B1,closed,13.3,14.4,382,2025-11-10,20260106T061500Z-QE24M
L25-1047,P-11700-B,B,1245,ML-06,E-0140,2025-10-27 16:52:00,2025-10-31 09:45:00,MC-01081,H392580,S15,B2,closed,60.9,63.8,1077,2025-11-07,20260106T061500Z-QE24M
L25-1048,P-12023-C,C,2795,ML-04,E-0136,2025-10-27 17:37:00,2025-11-12 18:19:00,MC-01033,H758744,N10,C2,closed,204.7,209.8,2783,2025-11-25,20260106T061500Z-QE24M
L25-1049,P-14521-C,C,2540,SW-04,E-0108,2025-10-27 19:01:00,2025-10-30 17:10:00,MC-01031,H875754,M25,C3,closed,49.1,46.7,2465,2025-11-10,20260106T061500Z-QE24M
L25-1050,P-18710-A,A,1450,MT-04,E-0124,2025-10-27 22:43:00,2025-10-29 19:02:00,MC-01051,H263535,P25,A1,closed,30.3,27.7,1438,2025-11-24,20260106T061500Z-QE24M
L25-1051,P-11347-A,A,1035,SW-03,E-0105,2025-10-28 12:39:00,2025-10-30 09:57:00,MC-01024,H949895,M25,A3,closed,31.3,31.3,1028,2025-11-17,20260106T061500Z-QE24M
L25-1052,P-16312-A,A,2365,MT-01,E-0117,2025-10-28 14:21:00,2025-10-31 16:48:00,MC-01014,H923789,M25,A3,closed,53.5,51.7,2330,2025-11-21,20260106T061500Z-QE24M
L25-1053,P-16385-A,A,610,MT-06,E-0128,2025-10-28 16:04:00,2025-10-29 21:11:00,MC-01024,H949895,M25,A3,closed,22.1,23.6,603,2025-11-17,20260106T061500Z-QE24M
L25-1054,P-16180-A,A,845,MT-02,E-0120,2025-10-28 16:35:00,2025-10-29 21:19:00,MC-01055,H981241,M25,A2,closed,21.7,22.5,841,2025-11-13,20260106T061500Z-QE24M
L25-1055,P-18841-A,A,1710,MT-05,E-0126,2025-10-28 20:03:00,2025-10-31 06:32:00,MC-01063,H213826,P25,A1,closed,37.5,38.6,1685,2025-11-24,20260106T061500Z-QE24M
L25-1199,P-13174-A,A,865,SW-07,E-0113,2025-10-29 08:17:00,2025-10-31 21:24:00,MC-01335,H663667,P25,A3,closed,47.1,46.3,862,2025-12-01,20260106T061500Z-QE24M
L25-1056,P-10845-A,A,710,ML-02,E-0146,2025-10-29 09:37:00,2025-10-31 15:18:00,MC-01075,H934574,M25,A2,closed,39.7,39.8,685,2025-11-17,20260106T061500Z-QE24M
L25-1057,P-11301-A,A,1180,SW-02,E-0103,2025-10-29 14:09:00,2025-10-30 19:26:00,MC-01014,H923789,M25,A3,closed,22.3,22.1,1159,2025-11-13,20260106T061500Z-QE24M
L25-1058,P-18628-B,B,1165,MT-04,E-0124,2025-10-29 19:32:00,2025-10-31 12:02:00,MC-01065,H196794,P25,B1,closed,26.5,25.6,1158,2025-11-17,20260106T061500Z-QE24M
L25-1059,P-13447-D,D,1140,MT-06,E-0128,2025-10-29 21:41:00,2025-11-04 08:22:00,MC-01044,H141798,P25,D2,closed,54.7,55.9,1123,2025-12-05,20260106T061500Z-QE24M
L25-1060,P-13369-A,A,860,MT-02,E-0120,2025-10-29 21:49:00,2025-10-31 11:19:00,MC-01047,H275086,P25,A2,closed,23.5,22.3,851,2025-11-25,20260106T061500Z-QE24M
L25-1061,P-16860-C,C,2625,ML-01,E-0130,2025-10-29 22:25:00,2025-11-11 18:06:00,MC-01063,H213826,P25,C3,closed,148.7,223.2,2613,2025-12-08,20260106T061500Z-QE24M
L25-1062,P-15662-A,A,350,GR-01,E-0141,2025-10-30 09:05:00,2025-10-31 08:32:00,MC-01012,H831472,M25,A1,closed,8.0,376.6,287,2025-11-17,20260106T061500Z-QE24M
L25-1063,P-17732-C,C,1190,SW-08,E-0115,2025-10-30 09:07:00,2025-11-03 22:45:00,MC-01021,H459141,M25,C1,closed,47.6,46.2,1182,2025-11-21,20260106T061500Z-QE24M
L25-1064,P-18778-A,A,240,MT-03,E-0121,2025-10-30 12:53:00,2025-10-30 21:08:00,MC-00998,H312932,P25,A1,closed,8.2,8.2,233,2025-11-26,20260106T061500Z-QE24M
L25-1065,P-12458-A,A,1000,MT-03,E-0122,2025-10-30 21:38:00,2025-11-03 14:28:00,MC-01025,H938528,P25,A2,closed,26.8,27.6,986,2025-12-05,20260106T061500Z-QE24M
L25-1066,P-14140-A,A,1020,MT-05,E-0125,2025-10-31 07:02:00,2025-11-04 09:42:00,MC-01041,H698221,P25,A3,closed,36.7,39.9,1000,2025-11-21,20260106T061500Z-QE24M
L25-1067,P-18115-C,C,1080,GR-01,E-0141,2025-10-31 09:02:00,2025-11-05 12:06:00,MC-01053,H524033,P25,C3,closed,28.6,29.7,1072,2025-11-24,20260106T061500Z-QE24M
L25-1068,P-16903-B,B,900,ML-06,E-0145,2025-10-31 10:15:00,2025-11-05 17:27:00,MC-01063,H213826,P25,B2,closed,58.2,56.0,854,2025-12-02,20260106T061500Z-QE24M
L25-1069,P-14117-A,A,1040,MT-02,E-0119,2025-10-31 11:49:00,2025-11-05 07:30:00,MC-01059,H445212,P25,A3,closed,46.7,48.5,1027,2025-12-01,20260106T061500Z-QE24M
L25-1070,P-13350-A,A,895,MT-04,E-0123,2025-10-31 12:32:00,2025-11-04 10:19:00,MC-01077,H963240,K20,A2,closed,31.8,32.0,883,2025-11-19,20260106T061500Z-QE24M
L25-1071,P-13017-A,A,3925,SW-04,E-0108,2025-10-31 21:13:00,2025-11-13 11:13:00,MC-01072,H520438,P25,A2,closed,143.0,129.7,3891,2025-12-01,20260106T061500Z-QE24M
L25-1072,P-17644-A,A,510,SW-07,E-0113,2025-11-03 07:15:00,2025-11-03 18:45:00,MC-01054,H790964,M25,A1,closed,11.5,11.4,497,2025-11-18,20260106T061500Z-QE24M
L25-1073,P-14134-A,A,1415,MT-01,E-0117,2025-11-03 07:40:00,2025-11-04 20:34:00,MC-01072,H520438,P25,A1,closed,29.9,30.1,1386,2025-11-13,20260106T061500Z-QE24M
L25-1074,P-12594-C,C,765,SW-01,E-0101,2025-11-03 07:55:00,2025-11-04 10:45:00,MC-01073,H730056,M35,C2,closed,19.8,19.1,761,2025-12-05,20260106T061500Z-QE24M
L25-1075,P-11329-A,A,1120,SW-05,E-0109,2025-11-03 08:13:00,2025-11-05 06:43:00,MC-01042,H231519,M25,A2,closed,32.5,32.7,1109,2025-11-24,20260106T061500Z-QE24M
L25-1076,P-13229-B,B,390,SW-06,E-0111,2025-11-03 08:48:00,2025-11-03 21:53:00,MC-01058,H213659,P25,B2,closed,13.1,13.7,387,2025-12-01,20260106T061500Z-QE24M
L25-1077,P-14048-A,A,860,GR-03,E-0143,2025-11-03 09:35:00,2025-11-06 06:43:00,MC-00992,H142528,N10,A3,closed,22.6,22.3,856,2025-11-24,20260106T061500Z-QE24M
L25-1078,P-13863-B,B,1220,GR-02,E-0142,2025-11-03 09:39:00,2025-11-11 12:29:00,MC-01050,H132621,N10,B1,closed,53.8,50.0,1209,2025-11-26,20260106T061500Z-QE24M
L25-1079,P-14462-A,A,700,SW-02,E-0103,2025-11-03 09:48:00,2025-11-04 12:15:00,MC-01078,H591503,M25,A3,closed,19.4,18.6,694,2025-11-24,20260106T061500Z-QE24M
L25-1080,P-16034-D,D,1485,ML-02,E-0131,2025-11-03 10:21:00,2025-11-10 06:33:00,MC-01054,H790964,M25,D1,closed,81.2,76.3,1438,2025-11-21,20260106T061500Z-QE24M
L25-1081,P-14103-B,B,2605,MT-03,E-0122,2025-11-03 14:58:00,2025-11-06 19:56:00,MC-01082,H694155,P25,B1,closed,56.0,57.5,2570,2025-11-17,20260106T061500Z-QE24M
L25-1082,P-17934-A,A,915,SW-07,E-0114,2025-11-03 19:15:00,2025-11-06 13:20:00,MC-01017,H180509,M35,A2,closed,45.1,44.0,907,2025-12-08,20260106T061500Z-QE24M
L25-1083,P-14587-C,C,2185,SW-06,E-0112,2025-11-03 22:23:00,2025-11-06 11:10:00,MC-01031,H875754,M25,C2,closed,39.8,41.0,2028,2025-11-24,20260106T061500Z-QE24M
L25-1084,P-17287-A,A,680,SW-08,E-0115,2025-11-04 06:15:00,2025-11-04 17:24:00,MC-01069,H393118,N10,A3,closed,11.2,10.1,664,2025-11-14,20260106T061500Z-QE24M
L25-1085,P-12861-C,C,1620,MT-06,E-0127,2025-11-04 08:52:00,2025-11-06 09:11:00,MC-01061,H638572,P25,C2,closed,34.3,36.0,1595,2025-12-04,20260106T061500Z-QE24M
L25-1086,P-18940-A,A,675,MT-05,E-0125,2025-11-04 10:12:00,2025-11-05 10:16:00,MC-01068,H313628,P25,A1,closed,17.1,17.7,647,2025-12-03,20260106T061500Z-QE24M
L25-1087,P-13317-A,A,945,MT-04,E-0123,2025-11-04 10:49:00,2025-11-05 20:45:00,MC-01085,H426027,K20,A3,closed,26.9,27.6,933,2025-12-03,20260106T061500Z-QE24M
L25-1088,P-14719-A,A,1235,SW-01,E-0101,2025-11-04 14:03:00,2025-11-06 14:20:00,MC-01060,H466394,M25,A2,closed,34.3,35.1,1208,2025-11-24,20260106T061500Z-QE24M
L25-1089,P-16933-A,A,920,ML-03,E-0134,2025-11-04 16:19:00,2025-11-07 22:17:00,MC-01068,H313628,P25,A3,closed,57.0,57.3,908,2025-12-08,20260106T061500Z-QE24M
L25-1090,P-12828-B,B,1540,MT-01,E-0118,2025-11-04 21:04:00,2025-11-07 21:34:00,MC-01025,H938528,P25,B3,closed,51.5,52.7,1516,2025-12-01,20260106T061500Z-QE24M
L25-1091,P-17038-D,D,1000,SW-05,E-0109,2025-11-05 07:13:00,2025-11-06 20:13:00,MC-01055,H981241,M25,D2,closed,30.0,31.6,992,2025-11-21,20260106T061500Z-QE24M
L25-1092,P-11909-A,A,1970,ML-05,E-0137,2025-11-05 07:24:00,2025-11-13 14:27:00,MC-01033,H758744,N10,A3,closed,109.1,101.7,1724,2025-12-01,20260106T061500Z-QE24M
L25-1093,P-14108-A,A,1890,MT-02,E-0119,2025-11-05 08:00:00,2025-11-07 08:11:00,MC-01082,H694155,P25,A3,closed,34.2,34.1,1875,2025-12-03,20260106T061500Z-QE24M
L25-1094,P-18153-B,B,595,GR-04,E-0144,2025-11-05 08:46:00,2025-11-07 06:10:00,MC-01088,H884696,P25,B1,closed,14.4,16.7,594,2025-11-25,20260106T061500Z-QE24M
L25-1095,P-11320-D,D,1115,SW-03,E-0145,2025-11-05 09:22:00,2025-11-06 11:32:00,MC-01042,H231519,M25,D3,closed,19.2,224.8,1089,2025-11-17,20260106T061500Z-QE24M
L25-1096,P-19323-B,B,1100,MT-05,E-0125,2025-11-05 10:46:00,2025-11-06 22:48:00,MC-01029,H675731,M25,B3,closed,29.0,26.2,1085,2025-11-24,20260106T061500Z-QE24M
L25-1097,P-11984-A,A,200,ML-06,E-0140,2025-11-05 17:57:00,2025-11-06 11:57:00,MC-00931,H689219,N10,A2,closed,11.0,11.5,200,2025-11-18,20260106T061500Z-QE24M
L25-1098,P-16335-A,A,320,MT-04,E-0147,2025-11-05 21:15:00,2025-11-06 14:31:00,MC-01062,H329375,M25,A3,closed,10.3,11.1,317,2025-11-24,20260106T061500Z-QE24M
L25-1099,P-12075-A,A,4170,GR-03,E-0143,2025-11-06 07:13:00,2025-11-25 06:45:00,MC-01081,H392580,S15,A3,closed,110.0,114.8,4134,2025-12-08,20260106T061500Z-QE24M
L25-1100,P-18642-D,D,465,MT-06,E-0127,2025-11-06 09:41:00,2025-11-07 07:23:00,MC-01098,H939362,P25,D2,closed,14.7,14.3,464,2025-11-24,20260106T061500Z-QE24M
L25-1101,P-10607-C,C,245,ML-06,E-0139,2025-11-06 12:27:00,2025-11-07 15:31:00,MC-01080,H549242,M25,C1,closed,20.1,18.6,243,2025-11-24,20260106T061500Z-QE24M
L25-1102,P-13321-A,A,875,MT-04,E-0124,2025-11-06 15:01:00,2025-11-07 17:38:00,MC-01091,H775309,P25,A3,closed,19.6,19.9,867,2025-11-26,20260106T061500Z-QE24M
L25-1200,P-18757-A,A,575,MT-03,E-0122,2025-11-06 20:26:00,2025-11-07 14:52:00,MC-01347,H887319,P25,A2,closed,11.4,11.3,551,2025-12-03,20260106T061500Z-QE24M
L25-1201,P-12367-A,A,1070,MT-06,E-0127,2025-11-07 07:53:00,2025-11-10 22:57:00,MC-01348,H709271,P25,A1,closed,32.1,31.6,1053,2025-12-11,20260106T061500Z-QE24M
L25-1103,P-16180-A,A,800,MT-02,E-0119,2025-11-07 08:41:00,2025-11-10 12:25:00,MC-01055,H981241,M25,A2,closed,20.7,20.7,792,2025-11-24,20260106T061500Z-QE24M
L25-1104,P-17178-A,A,900,ML-06,E-0140,2025-11-07 16:01:00,2025-11-12 10:46:00,MC-01064,H837118,N10,A1,closed,45.8,44.5,896,2025-11-25,20260106T061500Z-QE24M
L25-1105,P-13012-A,A,630,MT-05,E-0126,2025-11-07 19:55:00,2025-11-11 08:02:00,MC-01025,H938528,P25,A3,closed,22.1,22.3,619,2025-12-08,20260106T061500Z-QE24M
L25-1106,P-18202-A,A,510,MT-01,E-0118,2025-11-07 22:04:00,2025-11-10 18:26:00,MC-01079,H612146,P25,A3,closed,13.4,13.6,507,2025-12-08,20260106T061500Z-QE24M
L25-1107,P-15977-A,A,475,ML-03,E-0134,2025-11-07 22:47:00,2025-11-11 12:37:00,MC-01060,H466394,M25,A2,closed,23.8,21.9,464,2025-12-01,20260106T061500Z-QE24M
L25-1108,P-15642-A,A,720,GR-01,E-0141,2025-11-10 06:02:00,2025-11-12 12:19:00,MC-01062,H329375,M25,A1,closed,23.3,22.2,712,2025-12-01,20260106T061500Z-QE24M
L25-1202,P-18968-A,A,1260,SW-01,E-0101,2025-11-10 07:51:00,2025-11-12 15:42:00,MC-01330,H323011,M25,A2,closed,41.9,42.2,1225,2025-12-01,20260106T061500Z-QE24M
L25-1109,P-17004-D,D,1000,SW-07,E-0113,2025-11-10 08:11:00,2025-11-11 18:41:00,MC-01080,H549242,M25,D1,closed,27.5,27.7,996,2025-11-24,20260106T061500Z-QE24M
L25-1110,P-11923-A,A,1145,ML-02,E-0131,2025-11-10 08:55:00,2025-11-13 07:40:00,MC-00978,H983654,N10,A3,closed,49.8,53.3,1136,2025-11-24,20260106T061500Z-QE24M
L25-1111,P-14715-D,D,415,SW-03,E-0105,2025-11-10 09:11:00,2025-11-10 20:38:00,MC-01029,H675731,M25,D1,closed,11.4,11.5,370,2025-11-20,20260106T061500Z-QE24M
L25-1112,P-13403-A,A,915,MT-02,E-0119,2025-11-10 12:55:00,2025-11-11 12:29:00,MC-01076,H275785,P25,A2,closed,16.6,18.3,902,2025-12-08,20260106T061500Z-QE24M
L25-1113,P-10749-A,A,470,ML-03,E-0133,2025-11-11 13:07:00,2025-11-12 21:03:00,MC-01078,H591503,M25,A2,closed,24.9,26.0,464,2025-11-26,20260106T061500Z-QE24M
L25-1114,P-16831-C,C,550,ML-01,E-0130,2025-11-11 18:36:00,2025-11-13 14:00:00,MC-01061,H638572,P25,C1,closed,29.4,29.1,546,2025-12-05,20260106T061500Z-QE24M
L25-1115,P-18556-B,B,330,MT-01,E-0117,2025-11-12 06:03:00,2025-11-13 10:05:00,MC-01071,H940675,P25,B2,closed,21.0,21.0,322,2025-12-01,20260106T061500Z-QE24M
L25-1116,P-19072-D,D,1820,SW-06,E-0111,2025-11-12 06:08:00,2025-11-14 10:56:00,MC-01078,H591503,M25,D2,closed,38.8,38.2,1814,2025-11-19,20260106T061500Z-QE24M
L25-1203,P-12558-A,A,455,MT-05,E-0125,2025-11-12 06:58:00,2025-11-12 17:10:00,MC-01342,H418821,P25,A1,closed,10.2,9.9,450,2025-12-05,20260106T061500Z-QE24M
L25-1117,P-14966-D,D,1445,MT-03,E-0121,2025-11-12 07:31:00,2025-11-14 21:05:00,MC-01079,H612146,P25,D1,closed,47.6,47.3,1431,2025-12-04,20260106T061500Z-QE24M
L25-1118,P-18450-A,A,1295,MT-04,E-0145,2025-11-12 07:50:00,2025-11-13 18:39:00,MC-01028,H837003,P25,A2,closed,27.8,25.6,1289,2025-11-24,20260106T061500Z-QE24M
L25-1204,P-14401-A,A,1680,GR-02,E-0142,2025-11-12 10:13:00,2025-11-20 08:42:00,MC-01333,H967486,P25,A2,closed,49.5,48.8,1669,2025-12-08,20260106T061500Z-QE24M
L25-1119,P-11745-D,D,1490,ML-06,E-0139,2025-11-12 11:16:00,2025-11-17 17:25:00,MC-01081,H392580,S15,D1,closed,57.1,55.0,1442,2025-12-08,20260106T061500Z-QE24M
L25-1120,P-12925-A,A,1085,MT-02,E-0120,2025-11-12 14:57:00,2025-11-13 20:51:00,MC-01068,H313628,P25,A1,closed,22.9,22.8,1062,2025-12-04,20260106T061500Z-QE24M
L25-1121,P-12004-A,A,935,ML-04,E-0136,2025-11-12 18:49:00,2025-11-17 15:51:00,MC-01049,H727929,N10,A1,closed,48.0,46.7,932,2025-12-08,20260106T061500Z-QE24M
L25-1122,P-13483-A,A,845,MT-06,E-0127,2025-11-13 06:01:00,2025-11-13 22:58:00,MC-01100,H162720,P25,A1,closed,16.9,17.6,840,2025-12-04,20260106T061500Z-QE24M
L25-1123,P-14928-A,A,1500,MT-05,E-0117,2025-11-13 07:39:00,2025-11-14 13:54:00,MC-01070,H948973,P25,A3,closed,23.2,22.5,1283,2025-12-12,20260106T061500Z-QE24M
L25-1124,P-13267-B,B,870,SW-01,E-0146,2025-11-13 10:03:00,2025-11-14 14:28:00,MC-01074,H148654,P25,B2,closed,21.4,19.9,868,2025-12-01,20260106T061500Z-QE24M
L25-1125,P-18604-C,C,1665,MT-01,E-0117,2025-11-13 10:35:00,2025-11-17 09:50:00,MC-01102,H476957,P25,C2,closed,33.2,36.7,1658,2025-12-03,20260106T061500Z-QE24M
L25-1126,P-14212-C,C,930,MT-02,E-0120,2025-11-13 21:21:00,2025-11-17 07:14:00,MC-01092,H323574,P25,C2,closed,19.9,21.0,905,2025-12-15,20260106T061500Z-QE24M
L25-1127,P-11282-A,A,1060,SW-02,E-0103,2025-11-14 08:06:00,2025-11-17 09:38:00,MC-01105,H116794,M25,A2,closed,18.5,17.6,1050,2025-12-05,20260106T061500Z-QE24M
L25-1128,P-11163-D,D,2200,SW-03,E-0105,2025-11-14 09:11:00,2025-11-19 11:25:00,MC-01066,H984023,M25,D2,closed,53.2,52.6,2175,2025-12-08,20260106T061500Z-QE24M
L25-1129,P-18065-A,A,1100,GR-04,E-0144,2025-11-14 09:54:00,2025-11-19 08:40:00,MC-01095,H676704,P25,A2,closed,24.3,24.2,1094,2025-12-04,20260106T061500Z-QE24M
L25-1130,P-15083-A,A,840,SW-01,E-0102,2025-11-14 14:58:00,2025-11-17 16:22:00,MC-01086,H141869,P25,A2,closed,18.4,17.6,835,2025-12-12,20260106T061500Z-QE24M
L25-1205,P-14328-A,A,530,GR-01,E-0141,2025-11-17 06:19:00,2025-11-18 13:16:00,MC-01348,H709271,P25,A2,closed,15.5,16.0,495,2025-12-12,20260106T061500Z-QE24M
L25-1131,P-14952-A,A,1445,MT-05,E-0117,2025-11-17 06:22:00,2025-11-20 08:28:00,MC-01079,H612146,P25,A1,closed,53.1,51.5,1432,2025-12-18,20260106T061500Z-QE24M
L25-1206,P-11828-C,C,845,ML-05,E-0137,2025-11-17 06:35:00,2025-11-19 15:35:00,MC-01357,H490646,S15,C2,closed,43.0,45.5,841,2025-11-24,20260106T061500Z-QE24M
L25-1133,P-14885-D,D,400,SW-08,E-0115,2025-11-17 08:26:00,2025-11-18 10:06:00,MC-01111,H504769,M25,D1,closed,18.7,19.9,398,2025-12-01,20260106T061500Z-QE24M
L25-1136,P-11173-A,A,2425,SW-01,E-0147,2025-11-17 16:52:00,2025-11-20 17:46:00,MC-01093,H139690,M25,A3,closed,51.9,50.2,2416,2025-12-09,20260106T061500Z-QE24M
L25-1137,P-11930-A,A,545,ML-06,E-0140,2025-11-17 17:55:00,2025-11-19 12:48:00,MC-01107,H741086,N10,A1,closed,28.9,30.1,536,2025-12-01,20260106T061500Z-QE24M
L25-1207,P-14548-D,D,3960,SW-06,E-0111,2025-11-18 06:54:00,2025-12-02 17:47:00,MC-01353,H284261,M25,D1,closed,146.9,137.4,3887,2025-12-15,20260106T061500Z-QE24M
L25-1138,P-14168-B,B,880,MT-02,E-0119,2025-11-18 07:15:00,2025-11-19 16:08:00,MC-01096,H390952,P25,B3,closed,25.9,27.5,873,2025-12-19,20260106T061500Z-QE24M
L25-1134,P-10147-B,B,1455,GR-01,E-0141,2025-11-18 13:46:00,2025-11-25 06:46:00,MC-01070,H948973,P25,B1,closed,35.5,60.9,1437,2025-12-10,20260106T061500Z-QE24M
L25-1140,P-10900-A,A,4600,ML-01,E-0130,2025-11-18 20:01:00,2025-12-03 12:37:00,MC-01086,H141869,P25,A3,closed,145.6,157.5,3634,2025-12-16,20260106T061500Z-QE24M
L25-1141,P-11962-A,A,470,ML-02,E-0132,2025-11-18 20:20:00,2025-11-20 15:34:00,MC-01107,H741086,N10,A3,closed,29.2,28.2,469,2025-12-08,20260106T061500Z-QE24M
L25-1142,P-18420-D,D,975,MT-01,E-0117,2025-11-19 06:27:00,2025-11-20 14:14:00,MC-01087,H568811,P25,D3,closed,24.8,28.0,962,2025-12-18,20260106T061500Z-QE24M
L25-1143,P-12164-A,A,275,GR-04,E-0144,2025-11-19 09:10:00,2025-11-20 09:05:00,MC-01101,H437527,S15,A2,closed,8.4,8.1,274,2025-12-05,20260106T061500Z-QE24M
L25-1144,P-11768-A,A,2795,ML-06,E-0139,2025-11-19 13:18:00,2025-12-02 20:17:00,MC-01112,H439462,S15,A3,closed,126.0,119.1,2781,2025-12-15,20260106T061500Z-QE24M
L25-1132,P-17077-A,A,550,ML-05,E-0137,2025-11-19 16:05:00,2025-11-21 08:16:00,MC-01064,H837118,N10,A2,closed,26.2,24.2,545,2025-12-08,20260106T061500Z-QE24M
L25-1208,P-16403-B,B,870,MT-02,E-0120,2025-11-19 16:38:00,2025-11-20 19:01:00,MC-01350,H151842,M25,B1,closed,19.4,19.3,822,2025-12-04,20260106T061500Z-QE24M
L25-1209,P-10989-A,A,610,ML-03,E-0133,2025-11-20 06:26:00,2025-11-24 07:03:00,MC-01349,H108994,P25,A1,closed,34.6,37.3,607,2025-12-18,20260106T061500Z-QE24M
L25-1145,P-11265-A,A,1140,SW-07,E-0113,2025-11-20 08:14:00,2025-11-21 09:26:00,MC-01093,H139690,M25,A1,closed,18.2,17.3,1133,2025-12-08,20260106T061500Z-QE24M
L25-1146,P-16237-A,A,2350,MT-05,E-0145,2025-11-20 08:58:00,2025-11-25 15:48:00,MC-01080,H549242,M25,A2,closed,57.8,56.6,2332,2025-12-12,20260106T061500Z-QE24M
L25-1135,P-13821-A,A,1585,GR-02,E-0142,2025-11-20 09:12:00,2025-12-01 07:28:00,MC-01061,H638572,P25,A1,open,40.8,40.5,,,20260106T061500Z-QE24M
L25-1147,P-14063-D,D,1085,GR-04,E-0144,2025-11-20 09:35:00,2025-11-25 13:18:00,MC-01069,H393118,N10,D1,closed,29.2,29.4,1073,2025-12-12,20260106T061500Z-QE24M
L25-1148,P-14175-A,A,765,MT-06,E-0146,2025-11-20 09:41:00,2025-11-24 08:16:00,MC-01110,H347554,P25,A3,closed,32.6,32.1,737,2025-12-15,20260106T061500Z-QE24M
L25-1139,P-17220-A,A,900,ML-05,E-0147,2025-11-21 08:46:00,2025-11-25 07:28:00,MC-01069,H393118,N10,A2,closed,32.7,31.4,887,2025-12-15,20260106T061500Z-QE24M
L25-1149,P-13285-C,C,2235,SW-05,E-0145,2025-11-21 09:17:00,2025-12-01 17:18:00,MC-01108,H407350,P25,C1,closed,76.0,82.6,2013,2025-12-15,20260106T061500Z-QE24M
L25-1210,P-12756-B,B,1770,SW-01,E-0101,2025-11-21 09:45:00,2025-11-25 09:44:00,MC-01336,H110409,M35,B3,closed,34.0,36.7,1701,2025-12-22,20260106T061500Z-QE24M
L25-1150,P-13122-B,B,1475,SW-04,E-0107,2025-11-21 10:26:00,2025-11-26 22:40:00,MC-01108,H407350,P25,B3,closed,63.2,63.8,1425,2025-12-15,20260106T061500Z-QE24M
L25-1152,P-11201-A,A,1020,SW-08,E-0116,2025-11-21 22:32:00,2025-11-25 15:41:00,MC-01093,H139690,M25,A3,closed,27.1,26.2,980,2025-12-11,20260106T061500Z-QE24M
L25-1153,P-12947-A,A,1065,MT-02,E-0119,2025-11-24 06:12:00,2025-11-25 16:31:00,MC-01084,H399322,P25,A1,closed,27.3,27.1,1050,2025-12-08,20260106T061500Z-QE24M
L25-1154,P-12016-A,A,905,ML-02,E-0131,2025-11-24 06:49:00,2025-12-01 09:48:00,MC-01114,H668003,N10,A1,closed,54.0,60.3,898,2025-12-22,20260106T061500Z-QE24M
L25-1155,P-12701-A,A,980,SW-02,E-0103,2025-11-24 06:54:00,2025-11-24 21:30:00,MC-01073,H730056,M35,A1,closed,14.6,14.5,967,2025-12-18,20260106T061500Z-QE24M
L25-1157,P-19370-B,B,2030,MT-04,E-0123,2025-11-24 07:47:00,2025-12-01 19:00:00,MC-01060,H466394,M25,B3,closed,62.2,64.3,1990,2025-12-22,20260106T061500Z-QE24M
L25-1158,P-12565-B,B,1730,SW-03,E-0105,2025-11-24 08:06:00,2025-11-26 17:28:00,MC-01089,H968017,M35,B2,open,43.4,44.2,,,20260106T061500Z-QE24M
L25-1161,P-12835-A,A,570,MT-03,E-0121,2025-11-24 09:14:00,2025-11-25 06:32:00,MC-01084,H399322,P25,A1,closed,14.3,13.8,565,2025-12-18,20260106T061500Z-QE24M
L25-1162,P-12777-A,A,465,SW-07,E-0113,2025-11-24 09:26:00,2025-11-25 06:54:00,MC-01089,H968017,M35,A1,closed,14.5,141.3,458,2025-12-04,20260106T061500Z-QE24M
L25-1211,P-13229-B,B,405,SW-02,E-0104,2025-11-24 22:00:00,2025-11-25 18:27:00,MC-01356,H257135,P25,B2,closed,13.5,12.4,399,2025-12-22,20260106T061500Z-QE24M
L25-1212,P-10574-A,A,1430,ML-04,E-0135,2025-11-25 06:04:00,2025-12-03 22:49:00,MC-01338,H134323,P25,A3,closed,84.7,88.9,1403,2025-12-22,20260106T061500Z-QE24M
L25-1213,P-10378-D,D,670,ML-03,E-0133,2025-11-25 06:52:00,2025-11-26 19:54:00,MC-01341,H348898,P25,D1,closed,30.0,32.1,662,2025-12-12,20260106T061500Z-QE24M
L25-1214,P-18347-A,A,1990,MT-03,E-0121,2025-11-25 07:02:00,2025-11-26 08:38:00,MC-01340,H663944,P25,A3,closed,18.6,19.2,1974,2025-12-22,20260106T061500Z-QE24M
L25-1163,P-12303-D,D,945,GR-03,E-0143,2025-11-25 07:15:00,2025-12-01 12:47:00,MC-01112,H439462,S15,D3,closed,22.5,23.4,915,2025-12-12,20260106T061500Z-QE24M
L25-1151,P-13842-D,D,620,GR-01,E-0141,2025-11-25 07:16:00,2025-12-02 07:11:00,MC-01115,H344373,N10,D3,closed,25.4,24.7,603,2025-12-16,20260106T061500Z-QE24M
L25-1215,P-17053-A,A,1045,ML-05,E-0137,2025-11-25 07:58:00,2025-12-02 09:47:00,MC-01363,H989617,N10,A1,closed,52.8,50.8,1040,2025-12-15,20260106T061500Z-QE24M
L25-1216,P-10563-D,D,1265,ML-04,E-0135,2025-11-25 08:31:00,2025-12-03 08:01:00,MC-01338,H134323,P25,D1,closed,67.5,66.6,1257,2025-12-05,20260106T061500Z-QE24M
L25-1217,P-16289-C,C,1760,MT-01,E-0117,2025-11-25 09:29:00,2025-11-26 18:22:00,MC-01339,H938777,M25,C3,closed,25.9,25.0,1566,2025-12-17,20260106T061500Z-QE24M
L25-1160,P-14909-A,A,1180,SW-01,E-0101,2025-11-25 10:14:00,2025-12-01 13:15:00,MC-01090,H847511,M25,A2,closed,37.0,38.1,901,2025-12-04,20260106T061500Z-QE24M
L25-1164,P-13976-B,B,800,GR-04,E-0144,2025-11-25 13:48:00,2025-12-03 06:56:00,MC-01103,H492712,N10,B3,closed,27.1,28.9,795,2025-12-16,20260106T061500Z-QE24M
L25-1165,P-18234-B,B,1020,MT-05,E-0126,2025-11-25 16:18:00,2025-11-26 21:51:00,MC-01087,H568811,P25,B2,closed,22.6,21.0,1016,2025-12-22,20260106T061500Z-QE24M
L25-1166,P-16180-A,A,860,MT-02,E-0120,2025-11-25 17:01:00,2025-11-26 22:05:00,MC-01067,H622243,M25,A2,closed,22.1,22.4,842,2025-12-15,20260106T061500Z-QE24M
L25-1218,P-18234-B,B,945,MT-06,E-0127,2025-11-26 07:49:00,2025-12-01 11:56:00,MC-01331,H887706,P25,B2,open,21.1,22.3,,,20260106T061500Z-QE24M
L25-1167,P-13149-C,C,3380,SW-08,E-0115,2025-11-26 10:12:00,2025-12-08 10:55:00,MC-01108,H407350,P25,C3,open,102.7,99.1,,,20260106T061500Z-QE24M
L25-1168,P-11167-D,D,1100,SW-02,E-0104,2025-11-26 20:30:00,2025-12-02 13:31:00,MC-01097,H364521,M25,D3,closed,27.0,28.1,1085,2025-12-15,20260106T061500Z-QE24M
L25-1169,P-11950-A,A,910,ML-03,E-0134,2025-11-26 22:18:00,2025-12-02 21:20:00,MC-01049,H727929,N10,A3,closed,33.0,263.5,905,2025-12-15,20260106T061500Z-QE24M
L25-1170,P-12868-D,D,730,MT-05,E-0126,2025-11-26 22:21:00,2025-12-02 08:23:00,MC-01084,H399322,P25,D1,closed,20.0,20.3,723,2025-12-15,20260106T061500Z-QE24M
L25-1219,P-17672-D,D,1690,SW-03,E-0105,2025-12-01 06:05:00,2025-12-03 10:52:00,MC-01332,H193662,M25,D1,closed,38.8,38.6,1670,2025-12-15,20260106T061500Z-QE24M
L25-1220,P-17741-A,A,940,SW-04,E-0107,2025-12-01 06:10:00,2025-12-03 12:56:00,MC-01345,H649550,M25,A1,closed,40.8,41.9,932,2025-12-17,20260106T061500Z-QE24M
L25-1174,P-16180-A,A,780,MT-02,E-0119,2025-12-01 07:40:00,2025-12-02 10:58:00,MC-01083,H586152,M25,A2,closed,20.3,21.7,769,2025-12-16,20260106T061500Z-QE24M
L25-1175,P-17004-D,D,1000,SW-07,E-0113,2025-12-01 07:40:00,2025-12-02 18:10:00,MC-01099,H711800,M25,D1,closed,27.5,28.3,995,2025-12-15,20260106T061500Z-QE24M
L25-1159,P-12040-C,C,845,GR-02,E-0142,2025-12-01 07:58:00,2025-12-03 14:24:00,MC-01057,H492547,S15,C3,closed,23.4,22.3,804,2025-12-22,20260106T061500Z-QE24M
L25-1176,P-16147-A,A,845,ML-02,E-0131,2025-12-01 10:18:00,2025-12-03 13:06:00,MC-01116,H466717,M25,A3,closed,36.8,33.9,843,2025-12-17,20260106T061500Z-QE24M
L25-1221,P-18251-A,A,1025,MT-06,E-0127,2025-12-01 12:26:00,2025-12-03 22:16:00,MC-01331,H887706,P25,A3,open,43.8,44.1,,,20260106T061500Z-QE24M
L25-1222,P-13994-A,A,390,GR-03,E-0143,2025-12-01 13:17:00,2025-12-04 13:32:00,MC-01354,H140669,N10,A2,closed,25.8,25.3,364,2025-12-22,20260106T061500Z-QE24M
L25-1223,P-15200-C,C,1315,SW-01,E-0101,2025-12-01 13:45:00,2025-12-03 14:05:00,MC-01352,H945579,P25,C3,closed,34.3,35.9,1300,2025-12-19,20260106T061500Z-QE24M
L25-1171,P-17038-D,D,1000,SW-05,E-0110,2025-12-01 17:48:00,2025-12-03 13:48:00,MC-01067,H622243,M25,D2,closed,30.0,31.4,996,2025-12-16,20260106T061500Z-QE24M
L25-1224,P-14371-D,D,1520,GR-01,E-0141,2025-12-02 07:41:00,2025-12-08 09:07:00,MC-01333,H967486,P25,D3,open,35.4,33.7,,,20260106T061500Z-QE24M
L25-1177,P-12878-C,C,705,MT-05,E-0125,2025-12-02 08:53:00,2025-12-03 10:02:00,MC-01094,H164541,P25,C3,open,18.2,19.6,,,20260106T061500Z-QE24M
L25-1172,P-11803-A,A,560,ML-05,E-0137,2025-12-02 10:17:00,2025-12-03 22:42:00,MC-01106,H772052,S15,A1,closed,29.4,29.2,542,2025-12-16,20260106T061500Z-QE24M
L25-1225,P-16352-D,D,1625,MT-02,E-0119,2025-12-02 11:28:00,2025-12-05 22:14:00,MC-01339,H938777,M25,D2,open,61.8,65.1,,,20260106T061500Z-QE24M
L25-1178,P-11253-B,B,2395,SW-02,E-0103,2025-12-02 14:01:00,2025-12-09 16:15:00,MC-01066,H984023,M25,B1,closed,87.2,87.1,2342,2025-12-11,20260106T061500Z-QE24M
L25-1156,P-17500-A,A,1265,SW-06,E-0111,2025-12-02 18:17:00,2025-12-04 19:07:00,MC-01104,H380912,M25,A3,closed,34.8,36.8,1244,2025-12-15,20260106T061500Z-QE24M
L25-1226,P-15524-A,A,475,SW-07,E-0114,2025-12-02 18:40:00,2025-12-04 10:23:00,MC-01344,H702927,M25,A2,closed,25.7,27.8,463,2025-12-19,20260106T061500Z-QE24M
L25-1227,P-10869-D,D,1915,ML-06,E-0140,2025-12-02 20:47:00,2025-12-10 09:14:00,MC-01340,H663944,P25,D2,open,90.5,94.9,,,20260106T061500Z-QE24M
L25-1228,P-16715-A,A,1235,ML-03,E-0134,2025-12-02 21:50:00,2025-12-05 17:53:00,MC-01350,H151842,M25,A2,closed,47.0,49.5,1220,2025-12-22,20260106T061500Z-QE24M
L25-1229,P-18620-A,A,910,MT-04,E-0123,2025-12-03 06:23:00,2025-12-04 16:21:00,MC-01341,H348898,P25,A3,closed,27.0,25.5,894,2025-12-22,20260106T061500Z-QE24M
L25-1230,P-12248-D,D,530,GR-04,E-0144,2025-12-03 07:26:00,2025-12-04 10:20:00,MC-01359,H238096,S15,D3,closed,11.4,10.7,528,2025-12-08,20260106T061500Z-QE24M
L25-1181,P-14918-A,A,1695,MT-01,E-0119,2025-12-03 08:20:00,2025-12-08 10:03:00,MC-01087,H568811,P25,A1,open,52.7,53.5,,,20260106T061500Z-QE24M
L25-1179,P-12884-C,C,635,MT-05,E-0125,2025-12-03 10:32:00,2025-12-04 07:13:00,MC-01109,H958923,P25,C3,open,13.7,14.6,,,20260106T061500Z-QE24M
L25-1173,P-19137-C,C,1770,SW-03,E-0105,2025-12-03 11:22:00,2025-12-09 11:33:00,MC-01083,H586152,M25,C3,closed,68.2,69.1,1757,2025-12-22,20260106T061500Z-QE24M
L25-1231,P-10923-A,A,3495,ML-01,E-0129,2025-12-03 13:07:00,2025-12-17 17:57:00,MC-01340,H663944,P25,A2,open,174.8,165.3,,,20260106T061500Z-QE24M
L25-1232,P-14715-D,D,390,SW-04,E-0107,2025-12-03 13:26:00,2025-12-04 07:21:00,MC-01345,H649550,M25,D1,closed,10.9,11.6,387,2025-12-22,20260106T061500Z-QE24M
L25-1233,P-16933-A,A,1055,ML-02,E-0131,2025-12-03 13:36:00,2025-12-09 10:30:00,MC-01342,H418821,P25,A3,open,64.9,62.9,,,20260106T061500Z-QE24M
L25-1180,P-17014-A,A,1000,SW-05,E-0109,2025-12-03 14:18:00,2025-12-05 14:08:00,MC-01099,H711800,M25,A1,open,33.8,31.3,,,20260106T061500Z-QE24M
L25-1234,P-11529-B,B,3255,ML-05,E-0137,2025-12-04 06:12:00,2025-12-15 10:38:00,MC-01368,H718923,P25,B3,open,123.4,112.0,,,20260106T061500Z-QE24M
L25-1182,P-14992-A,A,1750,MT-05,E-0117,2025-12-04 07:43:00,2025-12-09 11:38:00,MC-01086,H141869,P25,A2,open,54.9,53.6,,,20260106T061500Z-QE24M
L25-1183,P-14103-B,B,2275,MT-06,E-0127,2025-12-04 08:28:00,2025-12-09 06:44:00,MC-01108,H407350,P25,B1,open,49.3,45.8,,,20260106T061500Z-QE24M
L25-1235,P-12164-A,A,280,GR-02,E-0142,2025-12-04 08:37:00,2025-12-05 08:37:00,MC-01359,H238096,S15,A2,open,8.5,8.5,,,20260106T061500Z-QE24M
L25-1236,P-15667-C,C,595,GR-04,E-0144,2025-12-04 10:50:00,2025-12-09 09:27:00,MC-01350,H151842,M25,C1,closed,24.1,23.2,594,2025-12-23,20260106T061500Z-QE24M
L25-1237,P-10257-C,C,650,GR-03,E-0146,2025-12-04 14:02:00,2025-12-09 14:10:00,MC-01352,H945579,P25,C2,open,25.6,24.9,,,20260106T061500Z-QE24M
L25-1238,P-17934-A,A,865,SW-01,E-0101,2025-12-05 06:40:00,2025-12-09 15:28:00,MC-01362,H508635,M35,A2,open,42.8,40.8,,,20260106T061500Z-QE24M
L25-1239,P-10147-B,B,1370,GR-02,E-0142,2025-12-08 06:49:00,2025-12-12 06:25:00,MC-01349,H108994,P25,B1,open,33.6,33.4,,,20260106T061500Z-QE24M
L25-1185,P-11909-A,A,1735,ML-03,E-0145,2025-12-08 07:59:00,2025-12-15 19:23:00,MC-01114,H668003,N10,A3,open,96.4,96.1,,,20260106T061500Z-QE24M
L25-1240,P-12435-A,A,190,MT-03,E-0121,2025-12-08 09:44:00,2025-12-08 17:44:00,MC-01342,H418821,P25,A1,open,8.0,8.2,,,20260106T061500Z-QE24M
L25-1187,P-14108-A,A,1745,MT-02,E-0120,2025-12-08 15:00:00,2025-12-10 12:47:00,MC-01118,H100664,P25,A3,open,31.8,29.5,,,20260106T061500Z-QE24M
L25-1241,P-16616-D,D,1905,ML-02,E-0131,2025-12-09 11:00:00,2025-12-18 13:25:00,MC-01373,H363595,M25,D1,closed,121.4,127.9,1874,2025-12-23,20260106T061500Z-QE24M
L25-1186,P-11226-C,C,1455,SW-03,E-0105,2025-12-09 12:03:00,2025-12-11 19:51:00,MC-01105,H116794,M25,C1,open,41.8,41.9,,,20260106T061500Z-QE24M
L25-1188,P-14159-A,A,255,MT-05,E-0126,2025-12-09 21:42:00,2025-12-10 14:40:00,MC-01119,H534707,P25,A3,open,10.0,9.5,,,20260106T061500Z-QE24M
L25-1242,P-12065-A,A,1090,GR-03,E-0143,2025-12-10 06:10:00,2025-12-12 08:53:00,MC-01377,H143795,S15,A2,open,19.7,20.0,,,20260106T061500Z-QE24M
L25-1243,P-10567-A,A,420,ML-04,E-0135,2025-12-10 06:20:00,2025-12-11 14:27:00,MC-01343,H728398,P25,A2,open,25.1,23.6,,,20260106T061500Z-QE24M
L25-1244,P-14587-C,C,2230,SW-06,E-0146,2025-12-10 08:01:00,2025-12-12 14:34:00,MC-01346,H201158,M25,C2,open,40.5,42.0,,,20260106T061500Z-QE24M
L25-1190,P-14989-D,D,1280,MT-03,E-0121,2025-12-10 09:07:00,2025-12-11 20:30:00,MC-01117,H605509,P25,D3,open,28.4,26.9,,,20260106T061500Z-QE24M
L25-1184,P-11072-B,B,520,ML-06,E-0139,2025-12-10 09:44:00,2025-12-12 07:09:00,MC-01070,H948973,P25,B3,open,31.4,30.9,,,20260106T061500Z-QE24M
L25-1245,P-19370-B,B,1930,MT-05,E-0126,2025-12-10 15:10:00,2025-12-16 06:27:00,MC-01344,H702927,M25,B3,open,59.3,59.2,,,20260106T061500Z-QE24M
L25-1246,P-10887-B,B,540,ML-04,E-0136,2025-12-11 14:57:00,2025-12-15 14:12:00,MC-01369,H989894,P25,B2,open,33.2,32.3,,,20260106T061500Z-QE24M
L25-1247,P-14438-A,A,1015,GR-02,E-0142,2025-12-12 06:55:00,2025-12-16 13:13:00,MC-01365,H536005,P25,A1,open,23.3,23.5,,,20260106T061500Z-QE24M
L25-1248,P-11642-D,D,940,ML-06,E-0139,2025-12-12 07:39:00,2025-12-15 22:29:00,MC-01364,H319238,S15,D3,open,31.8,30.3,,,20260106T061500Z-QE24M
L25-1249,P-19461-D,D,680,MT-04,E-0123,2025-12-12 08:10:00,2025-12-15 06:04:00,MC-01351,H419334,M25,D2,open,14.9,15.4,,,20260106T061500Z-QE24M
L25-1250,P-10284-A,A,440,GR-03,E-0143,2025-12-15 06:14:00,2025-12-16 10:25:00,MC-01378,H616051,P25,A2,open,12.7,12.0,,,20260106T061500Z-QE24M
L25-1251,P-11226-C,C,1445,SW-06,E-0111,2025-12-15 09:28:00,2025-12-17 17:00:00,MC-01350,H151842,M25,C1,open,41.5,43.6,,,20260106T061500Z-QE24M
L25-1252,P-14462-A,A,630,SW-02,E-0103,2025-12-15 09:32:00,2025-12-16 10:20:00,MC-01353,H284261,M25,A3,open,17.8,16.7,,,20260106T061500Z-QE24M
L25-1253,P-11745-D,D,1605,ML-05,E-0137,2025-12-15 11:08:00,2025-12-18 21:27:00,MC-01371,H872486,S15,D1,open,61.3,61.4,,,20260106T061500Z-QE24M
L25-1254,P-16831-C,C,505,ML-04,E-0136,2025-12-15 14:42:00,2025-12-17 07:56:00,MC-01368,H718923,P25,C1,open,27.2,28.9,,,20260106T061500Z-QE24M
L25-1255,P-16863-B,B,760,ML-03,E-0134,2025-12-15 19:53:00,2025-12-17 14:43:00,MC-01370,H534555,P25,B2,open,28.8,29.8,,,20260106T061500Z-QE24M
L25-1256,P-17225-C,C,1340,ML-06,E-0140,2025-12-15 22:59:00,2025-12-22 16:55:00,MC-01354,H140669,N10,C3,open,78.9,79.4,,,20260106T061500Z-QE24M
L25-1257,P-13267-B,B,920,SW-01,E-0101,2025-12-16 09:09:00,2025-12-17 14:37:00,MC-01355,H795848,P25,B2,open,22.5,22.3,,,20260106T061500Z-QE24M
L25-1258,P-15270-A,A,1435,SW-07,E-0113,2025-12-16 09:29:00,2025-12-18 09:20:00,MC-01352,H945579,P25,A1,open,33.9,35.5,,,20260106T061500Z-QE24M
L25-1259,P-12479-D,D,1375,MT-02,E-0119,2025-12-16 10:30:00,2025-12-17 14:36:00,MC-01374,H952542,P25,D3,open,21.1,20.1,,,20260106T061500Z-QE24M
L25-1260,P-18051-D,D,1050,GR-03,E-0143,2025-12-16 10:55:00,2025-12-18 12:30:00,MC-01335,H663667,P25,D3,open,18.6,18.8,,,20260106T061500Z-QE24M
L25-1261,P-15905-D,D,825,ML-04,E-0135,2025-12-17 08:26:00,2025-12-19 21:59:00,MC-01344,H702927,M25,D2,open,47.5,49.1,,,20260106T061500Z-QE24M
L25-1262,P-13122-B,B,1505,SW-05,E-0109,2025-12-17 08:40:00,2025-12-22 22:07:00,MC-01358,H759032,P25,B3,open,64.5,61.8,,,20260106T061500Z-QE24M
L25-1263,P-14300-D,D,845,GR-01,E-0141,2025-12-17 10:07:00,2025-12-23 07:26:00,MC-01367,H161347,P25,D3,open,31.3,32.7,,,20260106T061500Z-QE24M
L25-1264,P-16107-A,A,1485,ML-03,E-0134,2025-12-17 15:13:00,,MC-01351,H419334,M25,A2,open,90.6,88.7,,,20260106T061500Z-QE24M
L25-1191,P-11163-D,D,2200,SW-03,E-0147,2025-12-17 15:14:00,2025-12-22 17:28:00,MC-01113,H995115,M25,D2,open,53.2,53.3,,,20260106T061500Z-QE24M
L25-1189,P-11920-C,C,4970,ML-01,E-0129,2025-12-17 18:27:00,,MC-00931,H689219,N10,C2,open,199.3,195.5,,,20260106T061500Z-QE24M
L25-1265,P-16219-B,B,1155,MT-01,E-0117,2025-12-18 08:40:00,2025-12-19 14:07:00,MC-01353,H284261,M25,B3,open,22.4,21.2,,,20260106T061500Z-QE24M
L25-1266,P-13017-A,A,4275,SW-04,E-0107,2025-12-18 09:02:00,,MC-01372,H518846,P25,A2,open,155.5,148.0,,,20260106T061500Z-QE24M
L25-1267,P-10536-A,A,695,ML-02,E-0146,2025-12-18 13:55:00,2025-12-22 15:42:00,MC-01343,H728398,P25,A3,open,35.8,33.7,,,20260106T061500Z-QE24M
L25-1192,P-16180-A,A,800,MT-02,E-0120,2025-12-18 19:40:00,2025-12-22 06:24:00,MC-01083,H586152,M25,A2,open,20.7,20.7,,,20260106T061500Z-QE24M
L25-1268,P-11413-A,A,245,ML-05,E-0138,2025-12-18 21:57:00,2025-12-19 19:50:00,MC-01382,H729095,P25,A2,open,14.9,13.9,,,20260106T061500Z-QE24M
L25-1269,P-18065-A,A,1105,GR-04,E-0144,2025-12-19 06:03:00,2025-12-23 13:25:00,MC-01375,H960921,P25,A2,open,24.4,25.2,,,20260106T061500Z-QE24M
L25-1270,P-18115-C,C,975,GR-03,E-0143,2025-12-19 08:21:00,,MC-01358,H759032,P25,C3,open,26.1,26.5,,,20260106T061500Z-QE24M
L25-1271,P-10845-A,A,720,ML-05,E-0138,2025-12-19 20:20:00,,MC-01360,H169834,M25,A2,open,40.2,38.7,,,20260106T061500Z-QE24M
L25-1272,P-11923-A,A,1140,ML-04,E-0136,2025-12-19 22:29:00,,MC-01361,H714625,N10,A3,open,49.5,56.0,,,20260106T061500Z-QE24M
L25-1273,P-12208-D,D,700,GR-02,E-0142,2025-12-22 06:52:00,,MC-01380,H585482,S15,D3,open,18.9,18.5,,,20260106T061500Z-QE24M
L25-1274,P-18589-A,A,5135,MT-02,E-0119,2025-12-22 06:54:00,,MC-01366,H590024,P25,A2,open,116.0,115.3,,,20260106T061500Z-QE24M
L25-1275,P-16953-D,D,670,ML-02,E-0132,2025-12-22 16:12:00,,MC-01376,H403764,P25,D1,open,27.9,25.5,,,20260106T061500Z-QE24M
L25-1276,P-11381-A,A,480,ML-06,E-0140,2025-12-22 17:25:00,,MC-01370,H534555,P25,A2,open,23.1,22.6,,,20260106T061500Z-QE24M
L25-1277,P-15642-A,A,690,GR-01,E-0141,2025-12-23 08:06:00,,MC-01379,H186428,M25,A1,open,22.4,22.5,,,20260106T061500Z-QE24M
L25-1278,P-18566-A,A,885,MT-01,E-0117,2025-12-23 08:36:00,,MC-01341,H348898,P25,A3,open,22.6,21.7,,,20260106T061500Z-QE24M
