material_cert_id,supplier_id,grade,heat_number,bar_diameter_mm,hardness_hrc,receiving_hardness_hrc,tensile_mpa,c_pct,mn_pct,cr_pct,mo_pct,ni_pct,quantity_bars,received_date,export_batch_id
MC-00001,S-001,1018,H591105,25.4,,,428,0.176,0.784,0.048,0.01,0.051,42,2023-10-10,20260106T061500Z-QE24M
MC-00002,S-008,304,H469304,38.1,,,621,0.052,1.566,18.713,0.201,8.292,80,2023-10-17,20260106T061500Z-QE24M
MC-00003,S-001,1018,H621071,19.05,,,433,0.187,0.786,0.048,0.01,0.053,34,2023-10-18,20260106T061500Z-QE24M
MC-00004,S-013,7075,H930607,50.8,,,581,,,,,,38,2023-10-18,20260106T061500Z-QE24M
MC-00005,S-008,304,H561695,38.1,,,613,0.051,1.448,17.96,0.205,8.321,32,2023-10-23,20260106T061500Z-QE24M
MC-00006,S-005,8620,H712682,19.05,18.7,18.4,621,0.206,0.842,0.506,0.201,0.533,26,2023-10-23,20260106T061500Z-QE24M
MC-00007,S-009,316,H256251,31.75,,,603,0.039,1.54,16.076,2.225,10.187,78,2023-10-25,20260106T061500Z-QE24M
MC-00008,S-006,303,H321070,38.1,,,627,0.077,1.52,16.495,0.306,8.841,117,2023-10-27,20260106T061500Z-QE24M
MC-00009,S-008,304,H250097,31.75,,,592,0.051,1.55,17.767,0.194,7.895,25,2023-11-01,20260106T061500Z-QE24M
MC-00010,S-002,1045,H414267,38.1,20.4,,650,0.448,0.726,0.051,0.01,0.049,73,2023-11-06,20260106T061500Z-QE24M
MC-00011,S-005,8620,H249813,25.4,24.8,,634,0.19,0.83,0.52,0.193,0.565,118,2023-11-06,20260106T061500Z-QE24M
MC-00012,S-009,316,H155685,38.1,,,605,0.039,1.583,17.057,2.208,10.043,74,2023-11-08,20260106T061500Z-QE24M
MC-00013,S-010,316,H311397,25.4,,,586,0.039,1.485,16.474,2.161,9.795,79,2023-11-10,20260106T061500Z-QE24M
MC-00014,S-004,4140,H408295,31.75,28.8,28.3,1030,0.427,0.932,0.916,0.21,0.105,53,2023-11-13,20260106T061500Z-QE24M
MC-00015,S-006,303,H103751,19.05,,,606,0.083,1.511,17.039,0.306,8.402,89,2023-11-14,20260106T061500Z-QE24M
MC-00016,S-004,4140,H865701,31.75,31.3,31.4,1018,0.427,0.905,0.895,0.194,0.099,120,2023-11-14,20260106T061500Z-QE24M
MC-00017,S-003,4140,H533360,38.1,28.2,28.9,1012,0.42,0.89,0.93,0.209,0.105,90,2023-11-14,20260106T061500Z-QE24M
MC-00018,S-009,316,H112507,38.1,,,559,0.039,1.498,16.336,2.12,9.904,78,2023-11-20,20260106T061500Z-QE24M
MC-00019,S-005,8620,H643602,19.05,18.8,,658,0.191,0.796,0.475,0.192,0.578,103,2023-11-21,20260106T061500Z-QE24M
MC-00020,S-011,17-4,H328220,25.4,34.4,34.1,1088,0.041,0.594,15.385,0.106,4.274,60,2023-11-27,20260106T061500Z-QE24M
MC-00021,S-007,303,H920209,19.05,,,639,0.083,1.692,17.317,0.298,8.572,96,2023-11-27,20260106T061500Z-QE24M
MC-00022,S-008,304,H891270,38.1,,,598,0.051,1.564,17.911,0.211,8.645,120,2023-11-27,20260106T061500Z-QE24M
MC-00023,S-005,8620,H730343,25.4,19.5,,616,0.203,0.798,0.505,0.195,0.58,81,2023-11-27,20260106T061500Z-QE24M
MC-00024,S-002,1045,H568050,38.1,17.5,,626,0.457,0.751,0.052,0.01,0.049,23,2023-11-30,20260106T061500Z-QE24M
MC-00025,S-008,304,H546592,25.4,,,598,0.05,1.49,19.384,0.209,7.911,54,2023-11-30,20260106T061500Z-QE24M
MC-00026,S-013,7075,H540458,25.4,,,565,,,,,,117,2023-11-30,20260106T061500Z-QE24M
MC-00027,S-005,8620,H711457,25.4,18.4,,635,0.203,0.825,0.517,0.202,0.544,45,2023-11-30,20260106T061500Z-QE24M
MC-00028,S-001,1018,H685645,50.8,,,425,0.184,0.706,0.049,0.01,0.048,44,2023-12-04,20260106T061500Z-QE24M
MC-00029,S-005,8620,H364520,31.75,21.6,21.3,609,0.193,0.776,0.499,0.208,0.581,103,2023-12-04,20260106T061500Z-QE24M
MC-00030,S-014,Ti-6Al-4V,H854171,19.05,33.9,33.4,969,,,,,,96,2023-12-06,20260106T061500Z-QE24M
MC-00031,S-004,4140,H359312,25.4,31.8,32.0,1029,0.414,0.869,0.893,0.206,0.096,35,2023-12-08,20260106T061500Z-QE24M
MC-00032,S-012,6061,H258890,38.1,,,323,,,,,,113,2023-12-11,20260106T061500Z-QE24M
MC-00033,S-009,316,H180693,31.75,,,560,0.042,1.481,17.652,2.151,10.184,58,2023-12-12,20260106T061500Z-QE24M
MC-00034,S-002,1045,H236191,31.75,17.1,17.2,639,0.439,0.737,0.053,0.011,0.048,62,2023-12-13,20260106T061500Z-QE24M
MC-00035,S-005,8620,H896405,25.4,19.4,19.4,645,0.2,0.834,0.482,0.204,0.547,30,2023-12-13,20260106T061500Z-QE24M
MC-00036,S-012,6061,H581552,19.05,,,311,,,,,,63,2023-12-15,20260106T061500Z-QE24M
MC-00037,S-002,1045,H433758,38.1,15.6,,640,0.452,0.734,0.052,0.01,0.05,30,2023-12-18,20260106T061500Z-QE24M
MC-00038,S-004,4140,H635764,31.75,31.1,,999,0.416,0.885,0.914,0.204,0.102,37,2023-12-18,20260106T061500Z-QE24M
MC-00039,S-003,4140,H951151,44.45,30.3,30.6,1000,0.413,0.857,0.963,0.197,0.095,56,2023-12-18,20260106T061500Z-QE24M
MC-00040,S-012,6061,H359299,38.1,,,300,,,,,,82,2023-12-20,20260106T061500Z-QE24M
MC-00041,S-003,4140,H363473,31.75,30.5,,1031,0.388,0.881,0.948,0.207,0.096,103,2023-12-26,20260106T061500Z-QE24M
MC-00042,S-005,8620,H961341,19.05,22.3,,605,0.196,0.761,0.497,0.209,0.583,110,2023-12-26,20260106T061500Z-QE24M
MC-00043,S-014,Ti-6Al-4V,H397950,50.8,34.7,,980,,,,,,21,2023-12-26,20260106T061500Z-QE24M
MC-00044,S-005,8620,H682442,31.75,17.9,,614,0.202,0.813,0.509,0.203,0.518,59,2023-12-27,20260106T061500Z-QE24M
MC-00045,S-002,1045,H905714,31.75,21.4,,621,0.437,0.736,0.052,0.011,0.051,115,2024-01-02,20260106T061500Z-QE24M
MC-00046,S-010,316,H441986,25.4,,,592,0.041,1.458,17.108,2.142,10.057,88,2024-01-02,20260106T061500Z-QE24M
MC-00047,S-004,4140,H518293,63.5,33.0,34.1,1062,0.404,0.907,0.917,0.202,0.101,61,2024-01-02,20260106T061500Z-QE24M
MC-00048,S-014,Ti-6Al-4V,H458639,38.1,36.9,36.7,961,,,,,,35,2024-01-08,20260106T061500Z-QE24M
MC-00049,S-006,303,H160571,50.8,,,636,0.08,1.567,16.663,0.288,8.426,116,2024-01-09,20260106T061500Z-QE24M
MC-00050,S-004,4140,H333642,63.5,32.9,,992,0.401,0.879,0.939,0.205,0.105,45,2024-01-09,20260106T061500Z-QE24M
MC-00051,S-002,1045,H911607,25.4,17.4,17.9,645,0.476,0.732,0.051,0.009,0.053,65,2024-01-10,20260106T061500Z-QE24M
MC-00052,S-006,303,H838087,50.8,,,605,0.079,1.637,17.825,0.315,8.633,84,2024-01-10,20260106T061500Z-QE24M
MC-00053,S-012,6061,H457839,50.8,,,315,,,,,,73,2024-01-11,20260106T061500Z-QE24M
MC-00054,S-008,304,H710677,38.1,,,629,0.051,1.419,17.609,0.199,8.22,68,2024-01-15,20260106T061500Z-QE24M
MC-00055,S-009,316,H335145,38.1,,,595,0.041,1.552,15.877,2.069,10.014,60,2024-01-15,20260106T061500Z-QE24M
MC-00056,S-012,6061,H260637,19.05,,,298,,,,,,37,2024-01-15,20260106T061500Z-QE24M
MC-00057,S-002,1045,H152628,38.1,18.2,18.5,625,0.447,0.761,0.051,0.01,0.05,52,2024-01-17,20260106T061500Z-QE24M
MC-00058,S-010,316,H101962,38.1,,,569,0.039,1.546,16.785,2.061,10.161,41,2024-01-18,20260106T061500Z-QE24M
MC-00059,S-006,303,H948078,50.8,,,605,0.078,1.51,18.223,0.295,8.512,90,2024-01-19,20260106T061500Z-QE24M
MC-00060,S-002,1045,H613125,25.4,19.6,,634,0.436,0.789,0.05,0.01,0.052,108,2024-01-22,20260106T061500Z-QE24M
MC-00061,S-011,17-4,H660582,38.1,32.7,,1058,0.042,0.633,16.352,0.095,4.475,94,2024-01-22,20260106T061500Z-QE24M
MC-00062,S-003,4140,H689194,31.75,30.3,,1056,0.42,0.84,0.946,0.198,0.106,70,2024-01-22,20260106T061500Z-QE24M
MC-00063,S-002,1045,H206289,25.4,17.3,17.7,621,0.466,0.776,0.048,0.01,0.053,46,2024-01-23,20260106T061500Z-QE24M
MC-00064,S-011,17-4,H511638,38.1,34.3,,1056,0.041,0.598,16.512,0.1,4.537,108,2024-01-23,20260106T061500Z-QE24M
MC-00065,S-006,303,H260381,38.1,,,623,0.079,1.626,17.969,0.31,8.814,90,2024-01-23,20260106T061500Z-QE24M
MC-00066,S-009,316,H674422,31.75,,,563,0.04,1.43,16.373,2.21,10.286,41,2024-01-23,20260106T061500Z-QE24M
MC-00067,S-009,316,H573549,31.75,,,603,0.038,1.527,16.14,2.119,9.959,34,2024-01-24,20260106T061500Z-QE24M
MC-00068,S-011,17-4,H574171,31.75,29.2,30.3,1063,0.041,0.636,15.705,0.102,4.538,46,2024-01-25,20260106T061500Z-QE24M
MC-00069,S-008,304,H768258,31.75,,,629,0.052,1.581,19.139,0.208,8.182,56,2024-01-25,20260106T061500Z-QE24M
MC-00070,S-002,1045,H567181,38.1,17.8,,644,0.439,0.78,0.053,0.01,0.053,59,2024-01-26,20260106T061500Z-QE24M
MC-00071,S-001,1018,H432516,25.4,,,451,0.19,0.743,0.05,0.01,0.048,47,2024-01-29,20260106T061500Z-QE24M
MC-00072,S-007,303,H633442,50.8,,,605,0.084,1.614,18.159,0.288,8.231,67,2024-01-29,20260106T061500Z-QE24M
MC-00073,S-008,304,H536764,25.4,,,618,0.049,1.412,18.153,0.204,8.147,113,2024-01-29,20260106T061500Z-QE24M
MC-00074,S-003,4140,H779921,25.4,27.7,27.4,1016,0.4,0.929,0.95,0.192,0.104,46,2024-01-29,20260106T061500Z-QE24M
MC-00075,S-003,4140,H663799,44.45,28.7,,1056,0.422,0.883,0.915,0.191,0.097,27,2024-01-29,20260106T061500Z-QE24M
MC-00076,S-004,4140,H362043,63.5,30.4,,1018,0.427,0.871,0.97,0.202,0.097,40,2024-01-29,20260106T061500Z-QE24M
MC-00077,S-005,8620,H283670,19.05,22.0,,641,0.207,0.792,0.481,0.194,0.524,62,2024-01-29,20260106T061500Z-QE24M
MC-00078,S-005,8620,H235741,31.75,15.9,,643,0.2,0.784,0.509,0.203,0.58,86,2024-01-29,20260106T061500Z-QE24M
MC-00079,S-008,304,H863241,38.1,,,585,0.048,1.433,19.381,0.194,8.594,45,2024-01-30,20260106T061500Z-QE24M
MC-00080,S-003,4140,H376001,25.4,31.6,32.2,1030,0.434,0.842,1.003,0.197,0.097,20,2024-01-30,20260106T061500Z-QE24M
MC-00081,S-004,4140,H860599,44.45,28.6,29.2,1046,0.415,0.874,0.97,0.193,0.096,72,2024-01-30,20260106T061500Z-QE24M
MC-00082,S-003,4140,H332606,63.5,34.3,,1002,0.423,0.846,0.933,0.199,0.102,73,2024-01-30,20260106T061500Z-QE24M
MC-00083,S-013,7075,H900148,50.8,,,562,,,,,,40,2024-01-30,20260106T061500Z-QE24M
MC-00084,S-005,8620,H442136,31.75,18.4,,613,0.2,0.768,0.508,0.193,0.572,29,2024-01-30,20260106T061500Z-QE24M
MC-00085,S-004,4140,H912754,25.4,28.9,28.8,1067,0.406,0.913,0.992,0.201,0.097,37,2024-01-31,20260106T061500Z-QE24M
MC-00086,S-004,4140,H262208,44.45,25.0,,1028,0.428,0.903,1.004,0.202,0.101,34,2024-01-31,20260106T061500Z-QE24M
MC-00087,S-003,4140,H441553,63.5,30.3,30.9,1019,0.432,0.903,0.99,0.212,0.105,81,2024-01-31,20260106T061500Z-QE24M
MC-00088,S-004,4140,H229938,25.4,24.2,,981,0.406,0.834,0.919,0.195,0.102,95,2024-02-01,20260106T061500Z-QE24M
MC-00089,S-003,4140,H252346,38.1,32.1,32.5,982,0.407,0.855,0.975,0.188,0.103,61,2024-02-01,20260106T061500Z-QE24M
MC-00090,S-004,4140,H828176,44.45,26.7,27.0,1017,0.43,0.831,0.964,0.19,0.094,58,2024-02-01,20260106T061500Z-QE24M
MC-00091,S-007,303,H665328,19.05,,,622,0.079,1.53,17.469,0.285,8.222,32,2024-02-02,20260106T061500Z-QE24M
MC-00092,S-001,1018,H927081,50.8,,,459,0.175,0.74,0.05,0.009,0.048,82,2024-02-05,20260106T061500Z-QE24M
MC-00093,S-007,303,H914861,19.05,,,647,0.079,1.642,17.492,0.312,8.094,20,2024-02-05,20260106T061500Z-QE24M
MC-00094,S-005,8620,H504163,25.4,20.4,20.2,619,0.194,0.815,0.491,0.205,0.52,28,2024-02-05,20260106T061500Z-QE24M
MC-00095,S-006,303,H715931,38.1,,,626,0.076,1.569,18.182,0.291,8.706,51,2024-02-06,20260106T061500Z-QE24M
MC-00096,S-013,7075,H269930,19.05,,,538,,,,,,95,2024-02-06,20260106T061500Z-QE24M
MC-00097,S-001,1018,H178096,19.05,,,429,0.177,0.774,0.053,0.01,0.051,78,2024-02-09,20260106T061500Z-QE24M
MC-00098,S-013,7075,H167194,50.8,,,551,,,,,,36,2024-02-12,20260106T061500Z-QE24M
MC-00099,S-002,1045,H482626,38.1,17.0,17.2,631,0.477,0.752,0.047,0.01,0.053,84,2024-02-13,20260106T061500Z-QE24M
MC-00100,S-011,17-4,H229364,25.4,33.9,33.5,1117,0.041,0.571,15.434,0.1,4.501,37,2024-02-13,20260106T061500Z-QE24M
MC-00101,S-008,304,H392431,25.4,,,627,0.05,1.487,17.277,0.209,8.157,21,2024-02-13,20260106T061500Z-QE24M
MC-00102,S-004,4140,H405011,44.45,29.3,29.4,1059,0.429,0.835,1.003,0.197,0.105,45,2024-02-13,20260106T061500Z-QE24M
MC-00103,S-013,7075,H267568,50.8,,,560,,,,,,110,2024-02-13,20260106T061500Z-QE24M
MC-00104,S-014,Ti-6Al-4V,H871641,38.1,32.8,,929,,,,,,52,2024-02-13,20260106T061500Z-QE24M
MC-00105,S-011,17-4,H751607,31.75,31.5,,1062,0.039,0.594,15.46,0.095,4.308,67,2024-02-14,20260106T061500Z-QE24M
MC-00106,S-013,7075,H437200,25.4,,,552,,,,,,120,2024-02-14,20260106T061500Z-QE24M
MC-00107,S-010,316,H403254,31.75,,,596,0.042,1.565,17.123,2.085,10.482,100,2024-02-15,20260106T061500Z-QE24M
MC-00108,S-003,4140,H331351,38.1,31.4,,995,0.398,0.871,0.92,0.19,0.1,113,2024-02-15,20260106T061500Z-QE24M
MC-00109,S-003,4140,H546056,38.1,26.4,,1002,0.393,0.923,0.927,0.192,0.095,51,2024-02-16,20260106T061500Z-QE24M
MC-00110,S-010,316,H354881,31.75,,,581,0.041,1.581,17.51,2.214,9.836,28,2024-02-19,20260106T061500Z-QE24M
MC-00111,S-004,4140,H317011,38.1,31.4,31.3,1069,0.417,0.933,0.975,0.196,0.096,26,2024-02-19,20260106T061500Z-QE24M
MC-00112,S-014,Ti-6Al-4V,H464262,19.05,34.7,34.8,915,,,,,,91,2024-02-19,20260106T061500Z-QE24M
MC-00113,S-009,316,H743196,31.75,,,570,0.039,1.42,16.121,2.223,10.356,118,2024-02-20,20260106T061500Z-QE24M
MC-00114,S-003,4140,H643677,31.75,27.5,27.5,979,0.429,0.832,0.964,0.211,0.102,98,2024-02-20,20260106T061500Z-QE24M
MC-00115,S-014,Ti-6Al-4V,H140840,19.05,32.2,32.1,939,,,,,,47,2024-02-20,20260106T061500Z-QE24M
MC-00116,S-009,316,H476683,31.75,,,590,0.042,1.529,17.504,2.11,9.701,34,2024-02-21,20260106T061500Z-QE24M
MC-00117,S-014,Ti-6Al-4V,H175628,19.05,33.7,,962,,,,,,22,2024-02-21,20260106T061500Z-QE24M
MC-00118,S-007,303,H765633,50.8,,,623,0.077,1.63,18.358,0.296,8.347,92,2024-02-22,20260106T061500Z-QE24M
MC-00119,S-007,303,H601239,50.8,,,610,0.076,1.671,18.427,0.302,9.081,59,2024-02-23,20260106T061500Z-QE24M
MC-00120,S-004,4140,H942267,25.4,29.0,29.2,1037,0.407,0.869,0.986,0.211,0.098,119,2024-02-23,20260106T061500Z-QE24M
MC-00121,S-003,4140,H285252,44.45,32.4,,1017,0.424,0.845,0.948,0.19,0.1,96,2024-02-23,20260106T061500Z-QE24M
MC-00122,S-005,8620,H130583,31.75,23.2,,610,0.194,0.758,0.501,0.195,0.558,23,2024-02-23,20260106T061500Z-QE24M
MC-00123,S-002,1045,H643251,25.4,23.1,22.6,615,0.462,0.726,0.053,0.01,0.051,72,2024-02-26,20260106T061500Z-QE24M
MC-00124,S-007,303,H525520,19.05,,,618,0.075,1.652,18.401,0.304,8.244,97,2024-02-26,20260106T061500Z-QE24M
MC-00125,S-008,304,H633468,25.4,,,603,0.052,1.442,18.783,0.212,7.941,84,2024-02-26,20260106T061500Z-QE24M
MC-00126,S-008,304,H897811,38.1,,,602,0.053,1.529,18.367,0.191,8.541,100,2024-02-26,20260106T061500Z-QE24M
MC-00127,S-010,316,H435628,25.4,,,565,0.04,1.497,17.209,2.158,9.725,63,2024-02-26,20260106T061500Z-QE24M
MC-00128,S-004,4140,H483761,25.4,29.4,,1030,0.406,0.918,0.966,0.206,0.099,22,2024-02-26,20260106T061500Z-QE24M
MC-00129,S-012,6061,H935698,19.05,,,298,,,,,,64,2024-02-26,20260106T061500Z-QE24M
MC-00130,S-005,8620,H885050,31.75,22.1,,660,0.198,0.829,0.503,0.195,0.556,93,2024-02-26,20260106T061500Z-QE24M
MC-00131,S-002,1045,H104248,25.4,14.7,,601,0.468,0.792,0.052,0.01,0.052,102,2024-02-27,20260106T061500Z-QE24M
MC-00132,S-008,304,H875620,38.1,,,591,0.048,1.437,18.183,0.206,7.938,77,2024-02-27,20260106T061500Z-QE24M
MC-00133,S-003,4140,H578757,25.4,24.9,25.5,986,0.418,0.919,0.95,0.194,0.095,67,2024-02-27,20260106T061500Z-QE24M
MC-00134,S-005,8620,H744447,31.75,20.3,,610,0.211,0.785,0.478,0.207,0.537,41,2024-02-27,20260106T061500Z-QE24M
MC-00135,S-014,Ti-6Al-4V,H430065,50.8,35.1,,949,,,,,,98,2024-02-27,20260106T061500Z-QE24M
MC-00136,S-006,303,H583892,19.05,,,628,0.083,1.649,17.323,0.295,8.7,45,2024-02-28,20260106T061500Z-QE24M
MC-00137,S-010,316,H636610,25.4,,,594,0.039,1.489,16.213,2.187,10.464,22,2024-02-28,20260106T061500Z-QE24M
MC-00138,S-003,4140,H727277,44.45,26.8,,1005,0.407,0.892,0.928,0.206,0.105,20,2024-03-01,20260106T061500Z-QE24M
MC-00139,S-013,7075,H177178,25.4,,,578,,,,,,62,2024-03-01,20260106T061500Z-QE24M
MC-00140,S-008,304,H184956,25.4,,,620,0.048,1.459,19.32,0.195,8.283,68,2024-03-04,20260106T061500Z-QE24M
MC-00141,S-009,316,H879393,31.75,,,600,0.038,1.566,17.612,2.2,10.737,86,2024-03-04,20260106T061500Z-QE24M
MC-00142,S-010,316,H408131,38.1,,,596,0.039,1.562,16.556,2.219,9.941,59,2024-03-04,20260106T061500Z-QE24M
MC-00143,S-003,4140,H825016,44.45,31.2,31.3,1008,0.434,0.892,0.996,0.207,0.102,73,2024-03-04,20260106T061500Z-QE24M
MC-00144,S-012,6061,H611330,38.1,,,307,,,,,,118,2024-03-04,20260106T061500Z-QE24M
MC-00145,S-013,7075,H449623,19.05,,,577,,,,,,34,2024-03-04,20260106T061500Z-QE24M
MC-00146,S-005,8620,H587442,19.05,21.5,,613,0.19,0.765,0.476,0.204,0.574,115,2024-03-04,20260106T061500Z-QE24M
MC-00147,S-005,8620,H792219,25.4,19.7,20.2,622,0.206,0.831,0.508,0.189,0.57,88,2024-03-04,20260106T061500Z-QE24M
MC-00148,S-008,304,H646648,25.4,,,602,0.052,1.556,18.666,0.207,8.211,79,2024-03-05,20260106T061500Z-QE24M
MC-00149,S-005,8620,H878112,19.05,21.3,,648,0.189,0.803,0.477,0.198,0.544,24,2024-03-05,20260106T061500Z-QE24M
MC-00150,S-008,304,H432832,25.4,,,590,0.051,1.462,17.31,0.209,8.492,102,2024-03-06,20260106T061500Z-QE24M
MC-00151,S-008,304,H621647,31.75,,,577,0.048,1.472,17.674,0.211,8.635,77,2024-03-06,20260106T061500Z-QE24M
MC-00152,S-009,316,H114827,25.4,,,599,0.039,1.532,16.995,2.065,9.889,72,2024-03-06,20260106T061500Z-QE24M
MC-00153,S-002,1045,H901886,38.1,24.2,,635,0.453,0.723,0.05,0.011,0.048,31,2024-03-07,20260106T061500Z-QE24M
MC-00154,S-008,304,H810865,25.4,,,614,0.051,1.583,18.78,0.19,7.962,99,2024-03-07,20260106T061500Z-QE24M
MC-00155,S-008,304,H193398,31.75,,,610,0.051,1.51,17.259,0.201,8.149,97,2024-03-07,20260106T061500Z-QE24M
MC-00156,S-003,4140,H876563,25.4,30.3,,996,0.386,0.839,0.896,0.197,0.103,46,2024-03-07,20260106T061500Z-QE24M
MC-00157,S-002,1045,H953490,38.1,17.2,,633,0.443,0.739,0.052,0.01,0.049,28,2024-03-08,20260106T061500Z-QE24M
MC-00158,S-003,4140,H161547,25.4,31.6,,1005,0.426,0.845,0.931,0.204,0.097,20,2024-03-08,20260106T061500Z-QE24M
MC-00159,S-008,304,H932455,38.1,,,579,0.05,1.562,18.607,0.202,7.86,113,2024-03-11,20260106T061500Z-QE24M
MC-00160,S-005,8620,H652332,25.4,24.3,,641,0.199,0.783,0.514,0.195,0.579,60,2024-03-13,20260106T061500Z-QE24M
MC-00161,S-002,1045,H516717,31.75,19.9,,614,0.47,0.771,0.048,0.011,0.049,86,2024-03-14,20260106T061500Z-QE24M
MC-00162,S-009,316,H906971,31.75,,,562,0.04,1.535,16.609,2.129,9.727,103,2024-03-14,20260106T061500Z-QE24M
MC-00163,S-003,4140,H188251,25.4,28.2,,991,0.42,0.832,0.905,0.199,0.099,59,2024-03-15,20260106T061500Z-QE24M
MC-00164,S-009,316,H668498,25.4,,,569,0.04,1.539,17.362,2.178,10.538,44,2024-03-18,20260106T061500Z-QE24M
MC-00165,S-010,316,H924534,38.1,,,563,0.041,1.585,17.148,2.031,10.893,33,2024-03-18,20260106T061500Z-QE24M
MC-00166,S-004,4140,H898694,25.4,30.5,,1046,0.391,0.91,1.002,0.196,0.096,80,2024-03-18,20260106T061500Z-QE24M
MC-00167,S-013,7075,H783631,19.05,,,571,,,,,,25,2024-03-18,20260106T061500Z-QE24M
MC-00168,S-013,7075,H665076,50.8,,,587,,,,,,26,2024-03-18,20260106T061500Z-QE24M
MC-00169,S-005,8620,H249312,19.05,21.5,21.0,624,0.199,0.823,0.511,0.206,0.544,113,2024-03-18,20260106T061500Z-QE24M
MC-00170,S-011,17-4,H248401,31.75,30.6,,1116,0.041,0.569,16.479,0.097,4.149,42,2024-03-19,20260106T061500Z-QE24M
MC-00171,S-009,316,H534058,25.4,,,565,0.039,1.553,17.096,2.136,9.779,79,2024-03-19,20260106T061500Z-QE24M
MC-00172,S-013,7075,H515573,19.05,,,541,,,,,,58,2024-03-19,20260106T061500Z-QE24M
MC-00173,S-002,1045,H599774,38.1,19.5,,638,0.427,0.763,0.05,0.01,0.05,54,2024-03-20,20260106T061500Z-QE24M
MC-00174,S-001,1018,H278833,25.4,,,435,0.18,0.714,0.05,0.01,0.047,56,2024-03-21,20260106T061500Z-QE24M
MC-00175,S-002,1045,H505874,38.1,20.4,,640,0.44,0.785,0.051,0.01,0.049,23,2024-03-21,20260106T061500Z-QE24M
MC-00176,S-004,4140,H586850,38.1,27.6,27.0,1022,0.422,0.835,0.903,0.209,0.1,119,2024-03-21,20260106T061500Z-QE24M
MC-00177,S-014,Ti-6Al-4V,H593049,50.8,34.0,,937,,,,,,40,2024-03-21,20260106T061500Z-QE24M
MC-00178,S-001,1018,H790434,25.4,,,423,0.175,0.758,0.049,0.01,0.051,39,2024-03-22,20260106T061500Z-QE24M
MC-00179,S-007,303,H978240,50.8,,,620,0.081,1.616,18.244,0.316,8.64,34,2024-03-22,20260106T061500Z-QE24M
MC-00180,S-005,8620,H187547,25.4,20.1,,653,0.204,0.822,0.485,0.203,0.563,24,2024-03-22,20260106T061500Z-QE24M
MC-00181,S-006,303,H494718,38.1,,,609,0.083,1.573,18.377,0.31,8.579,76,2024-03-25,20260106T061500Z-QE24M
MC-00182,S-003,4140,H178887,44.45,30.8,,1036,0.398,0.87,0.895,0.192,0.106,29,2024-03-26,20260106T061500Z-QE24M
MC-00183,S-005,8620,H709246,31.75,18.7,,644,0.205,0.756,0.475,0.2,0.545,118,2024-03-26,20260106T061500Z-QE24M
MC-00184,S-010,316,H264943,31.75,,,577,0.039,1.504,17.242,2.021,10.1,54,2024-03-27,20260106T061500Z-QE24M
MC-00185,S-004,4140,H638530,44.45,28.9,28.6,1017,0.406,0.907,0.91,0.189,0.095,60,2024-03-27,20260106T061500Z-QE24M
MC-00186,S-008,304,H541263,25.4,,,629,0.049,1.429,17.25,0.206,8.664,116,2024-03-28,20260106T061500Z-QE24M
MC-00187,S-012,6061,H400160,19.05,,,319,,,,,,21,2024-03-28,20260106T061500Z-QE24M
MC-00188,S-013,7075,H997943,25.4,,,544,,,,,,36,2024-03-28,20260106T061500Z-QE24M
MC-00189,S-006,303,H900380,50.8,,,639,0.081,1.638,16.556,0.298,8.414,83,2024-03-29,20260106T061500Z-QE24M
MC-00190,S-010,316,H983665,31.75,,,559,0.039,1.516,17.67,2.036,9.938,114,2024-03-29,20260106T061500Z-QE24M
MC-00191,S-013,7075,H925436,25.4,,,558,,,,,,47,2024-03-29,20260106T061500Z-QE24M
MC-00192,S-005,8620,H709811,25.4,19.4,19.7,639,0.21,0.786,0.496,0.205,0.564,119,2024-04-01,20260106T061500Z-QE24M
MC-00193,S-014,Ti-6Al-4V,H713950,19.05,33.3,33.1,913,,,,,,54,2024-04-01,20260106T061500Z-QE24M
MC-00194,S-004,4140,H757873,25.4,31.8,32.3,1032,0.418,0.836,0.98,0.192,0.106,105,2024-04-02,20260106T061500Z-QE24M
MC-00195,S-003,4140,H260018,31.75,34.0,33.5,1058,0.422,0.933,0.982,0.196,0.106,43,2024-04-02,20260106T061500Z-QE24M
MC-00196,S-005,8620,H758652,25.4,20.2,19.8,633,0.205,0.847,0.478,0.2,0.562,34,2024-04-02,20260106T061500Z-QE24M
MC-00197,S-004,4140,H525686,31.75,33.9,33.8,1031,0.415,0.903,0.957,0.189,0.101,86,2024-04-03,20260106T061500Z-QE24M
MC-00198,S-003,4140,H281145,63.5,31.7,30.8,1026,0.414,0.841,0.929,0.197,0.096,93,2024-04-03,20260106T061500Z-QE24M
MC-00199,S-004,4140,H522516,31.75,28.7,28.5,993,0.432,0.85,0.939,0.208,0.095,104,2024-04-04,20260106T061500Z-QE24M
MC-00200,S-003,4140,H108380,38.1,30.7,30.5,1068,0.403,0.893,0.952,0.205,0.095,92,2024-04-04,20260106T061500Z-QE24M
MC-00201,S-003,4140,H700235,38.1,29.4,29.0,1019,0.418,0.845,0.908,0.191,0.1,95,2024-04-05,20260106T061500Z-QE24M
MC-00202,S-002,1045,H814933,25.4,23.0,22.7,615,0.44,0.748,0.052,0.01,0.052,41,2024-04-08,20260106T061500Z-QE24M
MC-00203,S-008,304,H832494,25.4,,,619,0.048,1.564,18.088,0.199,8.407,60,2024-04-08,20260106T061500Z-QE24M
MC-00204,S-008,304,H543141,38.1,,,588,0.053,1.5,19.316,0.194,8.655,46,2024-04-08,20260106T061500Z-QE24M
MC-00205,S-010,316,H202043,38.1,,,558,0.039,1.542,15.848,2.223,10.049,38,2024-04-08,20260106T061500Z-QE24M
MC-00206,S-003,4140,H714924,38.1,28.7,,1050,0.411,0.911,0.937,0.204,0.098,45,2024-04-08,20260106T061500Z-QE24M
MC-00207,S-004,4140,H561406,44.45,30.0,30.3,1061,0.425,0.933,0.98,0.199,0.096,83,2024-04-08,20260106T061500Z-QE24M
MC-00208,S-003,4140,H293620,44.45,31.7,,984,0.404,0.903,0.97,0.21,0.102,116,2024-04-09,20260106T061500Z-QE24M
MC-00209,S-003,4140,H903779,31.75,30.2,30.3,1001,0.434,0.891,0.951,0.189,0.098,67,2024-04-10,20260106T061500Z-QE24M
MC-00210,S-007,303,H105646,38.1,,,617,0.081,1.678,18.465,0.317,8.507,117,2024-04-11,20260106T061500Z-QE24M
MC-00211,S-012,6061,H313794,19.05,,,309,,,,,,24,2024-04-11,20260106T061500Z-QE24M
MC-00212,S-002,1045,H561868,38.1,19.7,,626,0.458,0.716,0.049,0.01,0.051,67,2024-04-12,20260106T061500Z-QE24M
MC-00213,S-006,303,H437770,19.05,,,608,0.082,1.65,16.52,0.315,8.097,73,2024-04-12,20260106T061500Z-QE24M
MC-00214,S-008,304,H156651,31.75,,,609,0.048,1.559,18.87,0.204,7.88,51,2024-04-12,20260106T061500Z-QE24M
MC-00215,S-003,4140,H709513,25.4,28.5,28.0,1044,0.429,0.842,0.951,0.209,0.098,39,2024-04-12,20260106T061500Z-QE24M
MC-00216,S-003,4140,H842099,63.5,32.1,,986,0.431,0.845,0.931,0.197,0.102,74,2024-04-12,20260106T061500Z-QE24M
MC-00217,S-001,1018,H681814,25.4,,,440,0.183,0.782,0.052,0.01,0.047,114,2024-04-15,20260106T061500Z-QE24M
MC-00218,S-006,303,H408527,19.05,,,637,0.08,1.61,16.788,0.292,8.769,80,2024-04-15,20260106T061500Z-QE24M
MC-00219,S-003,4140,H247711,25.4,25.5,,1037,0.391,0.898,0.946,0.191,0.105,83,2024-04-15,20260106T061500Z-QE24M
MC-00220,S-003,4140,H906553,63.5,31.5,31.2,1014,0.416,0.837,0.948,0.205,0.101,65,2024-04-15,20260106T061500Z-QE24M
MC-00221,S-005,8620,H208870,19.05,20.4,,611,0.202,0.788,0.481,0.205,0.534,60,2024-04-15,20260106T061500Z-QE24M
MC-00222,S-005,8620,H829607,25.4,26.2,25.8,630,0.192,0.827,0.488,0.2,0.522,108,2024-04-15,20260106T061500Z-QE24M
MC-00223,S-001,1018,H332342,25.4,,,458,0.176,0.736,0.049,0.01,0.052,101,2024-04-16,20260106T061500Z-QE24M
MC-00224,S-006,303,H484327,19.05,,,599,0.079,1.532,17.086,0.291,8.911,47,2024-04-16,20260106T061500Z-QE24M
MC-00225,S-005,8620,H552901,19.05,20.2,,614,0.198,0.758,0.514,0.191,0.534,79,2024-04-16,20260106T061500Z-QE24M
MC-00226,S-011,17-4,H477031,38.1,32.4,31.9,1119,0.04,0.634,15.781,0.103,4.421,43,2024-04-17,20260106T061500Z-QE24M
MC-00227,S-003,4140,H801241,31.75,28.9,29.4,998,0.393,0.872,0.951,0.206,0.102,58,2024-04-17,20260106T061500Z-QE24M
MC-00228,S-001,1018,H424033,19.05,,,431,0.19,0.731,0.052,0.01,0.05,113,2024-04-19,20260106T061500Z-QE24M
MC-00229,S-011,17-4,H513036,25.4,31.9,,1090,0.04,0.62,15.051,0.096,4.165,73,2024-04-19,20260106T061500Z-QE24M
MC-00230,S-001,1018,H317150,19.05,,,445,0.188,0.765,0.053,0.011,0.051,66,2024-04-22,20260106T061500Z-QE24M
MC-00231,S-007,303,H623004,19.05,,,647,0.077,1.541,17.049,0.286,8.743,66,2024-04-22,20260106T061500Z-QE24M
MC-00232,S-003,4140,H598576,44.45,24.7,24.7,1013,0.421,0.867,0.906,0.199,0.097,86,2024-04-22,20260106T061500Z-QE24M
MC-00233,S-003,4140,H464154,63.5,32.8,33.0,1033,0.42,0.929,0.942,0.205,0.103,29,2024-04-22,20260106T061500Z-QE24M
MC-00234,S-007,303,H868946,38.1,,,629,0.081,1.553,18.162,0.282,8.578,85,2024-04-23,20260106T061500Z-QE24M
MC-00235,S-009,316,H619370,25.4,,,598,0.04,1.458,17.567,2.181,9.908,54,2024-04-23,20260106T061500Z-QE24M
MC-00236,S-004,4140,H712650,63.5,33.4,32.9,979,0.425,0.921,0.935,0.197,0.097,65,2024-04-23,20260106T061500Z-QE24M
MC-00237,S-006,303,H279006,50.8,,,602,0.084,1.606,17.231,0.305,8.59,46,2024-04-24,20260106T061500Z-QE24M
MC-00238,S-010,316,H316247,25.4,,,571,0.038,1.571,15.973,2.15,10.092,96,2024-04-24,20260106T061500Z-QE24M
MC-00239,S-008,304,H277142,31.75,,,594,0.05,1.584,18.461,0.204,7.854,88,2024-04-26,20260106T061500Z-QE24M
MC-00240,S-003,4140,H203769,25.4,31.2,,1058,0.41,0.901,1.005,0.21,0.105,32,2024-04-26,20260106T061500Z-QE24M
MC-00241,S-013,7075,H373368,25.4,,,546,,,,,,71,2024-04-26,20260106T061500Z-QE24M
MC-00242,S-008,304,H600737,25.4,,,609,0.05,1.436,19.246,0.204,8.416,26,2024-04-29,20260106T061500Z-QE24M
MC-00243,S-008,304,H598577,31.75,,,623,0.05,1.539,18.445,0.201,8.671,86,2024-04-29,20260106T061500Z-QE24M
MC-00244,S-013,7075,H147439,25.4,,,580,,,,,,112,2024-04-29,20260106T061500Z-QE24M
MC-00245,S-005,8620,H822348,19.05,22.3,22.8,652,0.211,0.814,0.483,0.207,0.567,67,2024-04-29,20260106T061500Z-QE24M
MC-00246,S-014,Ti-6Al-4V,H411269,50.8,34.5,34.4,978,,,,,,40,2024-04-29,20260106T061500Z-QE24M
MC-00247,S-008,304,H748596,25.4,,,611,0.051,1.528,17.824,0.209,8.512,37,2024-04-30,20260106T061500Z-QE24M
MC-00248,S-013,7075,H384294,25.4,,,561,,,,,,50,2024-04-30,20260106T061500Z-QE24M
MC-00249,S-005,8620,H718865,31.75,20.0,19.2,637,0.202,0.76,0.521,0.206,0.542,98,2024-05-01,20260106T061500Z-QE24M
MC-00250,S-003,4140,H675055,38.1,27.4,,1048,0.396,0.881,0.93,0.206,0.102,47,2024-05-03,20260106T061500Z-QE24M
MC-00251,S-010,316,H148676,31.75,,,591,0.041,1.451,17.334,2.101,9.867,65,2024-05-06,20260106T061500Z-QE24M
MC-00252,S-014,Ti-6Al-4V,H159494,19.05,35.2,34.9,993,,,,,,36,2024-05-06,20260106T061500Z-QE24M
MC-00253,S-002,1045,H988524,31.75,22.0,,630,0.45,0.791,0.051,0.01,0.049,56,2024-05-07,20260106T061500Z-QE24M
MC-00254,S-005,8620,H769321,25.4,23.9,23.8,661,0.2,0.808,0.51,0.212,0.524,119,2024-05-07,20260106T061500Z-QE24M
MC-00255,S-002,1045,H739525,31.75,22.6,22.5,622,0.468,0.782,0.051,0.01,0.052,32,2024-05-08,20260106T061500Z-QE24M
MC-00256,S-009,316,H671143,38.1,,,602,0.038,1.532,15.963,2.19,10.258,104,2024-05-08,20260106T061500Z-QE24M
MC-00257,S-004,4140,H896016,38.1,30.6,,1006,0.388,0.923,0.905,0.209,0.104,83,2024-05-08,20260106T061500Z-QE24M
MC-00258,S-004,4140,H862155,38.1,30.2,,1054,0.428,0.887,0.955,0.208,0.104,91,2024-05-09,20260106T061500Z-QE24M
MC-00259,S-013,7075,H996428,19.05,,,576,,,,,,29,2024-05-09,20260106T061500Z-QE24M
MC-00260,S-004,4140,H365298,38.1,30.7,,1015,0.428,0.849,0.975,0.194,0.102,120,2024-05-10,20260106T061500Z-QE24M
MC-00261,S-010,316,H431011,31.75,,,579,0.039,1.471,16.569,2.165,9.914,71,2024-05-13,20260106T061500Z-QE24M
MC-00262,S-009,316,H723014,31.75,,,579,0.041,1.468,16.131,2.113,10.189,75,2024-05-14,20260106T061500Z-QE24M
MC-00263,S-013,7075,H220171,50.8,,,574,,,,,,55,2024-05-15,20260106T061500Z-QE24M
MC-00264,S-008,304,H874320,38.1,,,579,0.053,1.564,17.429,0.207,7.878,83,2024-05-16,20260106T061500Z-QE24M
MC-00265,S-009,316,H144070,38.1,,,577,0.042,1.577,17.393,2.011,10.165,57,2024-05-16,20260106T061500Z-QE24M
MC-00266,S-003,4140,H430965,25.4,31.6,31.8,1041,0.391,0.9,0.963,0.192,0.102,32,2024-05-16,20260106T061500Z-QE24M
MC-00267,S-013,7075,H746219,25.4,,,585,,,,,,96,2024-05-16,20260106T061500Z-QE24M
MC-00268,S-004,4140,H931061,25.4,34.0,33.8,1025,0.424,0.916,0.949,0.192,0.099,80,2024-05-17,20260106T061500Z-QE24M
MC-00269,S-014,Ti-6Al-4V,H697031,38.1,37.0,,994,,,,,,64,2024-05-17,20260106T061500Z-QE24M
MC-00270,S-007,303,H806690,50.8,,,616,0.075,1.646,17.682,0.312,8.513,34,2024-05-20,20260106T061500Z-QE24M
MC-00271,S-004,4140,H947432,25.4,30.1,29.9,1029,0.392,0.882,0.982,0.202,0.105,103,2024-05-20,20260106T061500Z-QE24M
MC-00272,S-004,4140,H552995,38.1,35.9,35.2,1033,0.398,0.931,0.962,0.209,0.101,55,2024-05-20,20260106T061500Z-QE24M
MC-00273,S-002,1045,H658363,38.1,17.7,,648,0.464,0.778,0.047,0.01,0.053,91,2024-05-22,20260106T061500Z-QE24M
MC-00274,S-011,17-4,H258715,31.75,35.0,35.4,1058,0.042,0.575,15.741,0.098,4.285,48,2024-05-22,20260106T061500Z-QE24M
MC-00275,S-004,4140,H575997,63.5,33.4,,1000,0.432,0.928,0.895,0.202,0.096,47,2024-05-22,20260106T061500Z-QE24M
MC-00276,S-012,6061,H769793,38.1,,,323,,,,,,98,2024-05-22,20260106T061500Z-QE24M
MC-00277,S-005,8620,H458059,31.75,14.6,14.0,653,0.207,0.825,0.507,0.206,0.537,112,2024-05-22,20260106T061500Z-QE24M
MC-00278,S-002,1045,H802940,38.1,20.4,,631,0.467,0.748,0.048,0.01,0.05,61,2024-05-23,20260106T061500Z-QE24M
MC-00279,S-005,8620,H527119,19.05,18.1,,648,0.208,0.797,0.527,0.193,0.538,30,2024-05-23,20260106T061500Z-QE24M
MC-00280,S-002,1045,H123175,38.1,17.0,17.4,632,0.429,0.724,0.053,0.01,0.049,93,2024-05-24,20260106T061500Z-QE24M
MC-00281,S-007,303,H329968,19.05,,,638,0.082,1.572,16.917,0.313,8.489,88,2024-05-24,20260106T061500Z-QE24M
MC-00282,S-005,8620,H264297,19.05,19.4,19.1,624,0.209,0.776,0.505,0.21,0.57,99,2024-05-24,20260106T061500Z-QE24M
MC-00283,S-002,1045,H621215,25.4,20.1,20.3,618,0.43,0.709,0.05,0.009,0.05,70,2024-05-28,20260106T061500Z-QE24M
MC-00284,S-002,1045,H338256,38.1,18.0,17.6,649,0.445,0.747,0.052,0.01,0.049,80,2024-05-28,20260106T061500Z-QE24M
MC-00285,S-003,4140,H625291,31.75,31.0,,1067,0.427,0.91,1.007,0.205,0.099,83,2024-05-28,20260106T061500Z-QE24M
MC-00286,S-012,6061,H747671,50.8,,,313,,,,,,35,2024-05-28,20260106T061500Z-QE24M
MC-00287,S-002,1045,H888987,25.4,20.0,20.3,640,0.448,0.762,0.048,0.01,0.052,97,2024-05-29,20260106T061500Z-QE24M
MC-00288,S-003,4140,H523570,31.75,27.6,28.5,1025,0.423,0.853,0.906,0.211,0.103,110,2024-05-29,20260106T061500Z-QE24M
MC-00289,S-008,304,H385581,25.4,,,610,0.05,1.482,17.28,0.196,8.517,85,2024-05-30,20260106T061500Z-QE24M
MC-00290,S-010,316,H694309,25.4,,,586,0.039,1.503,17.526,2.033,10.569,22,2024-05-30,20260106T061500Z-QE24M
MC-00291,S-004,4140,H757632,25.4,30.6,,1016,0.409,0.834,0.934,0.206,0.105,95,2024-05-30,20260106T061500Z-QE24M
MC-00292,S-003,4140,H159376,44.45,27.9,,1037,0.397,0.9,1.002,0.194,0.106,30,2024-05-31,20260106T061500Z-QE24M
MC-00293,S-002,1045,H918335,38.1,16.3,,648,0.472,0.757,0.047,0.01,0.051,114,2024-06-03,20260106T061500Z-QE24M
MC-00294,S-011,17-4,H937420,31.75,33.9,33.9,1132,0.039,0.617,16.092,0.105,4.243,73,2024-06-03,20260106T061500Z-QE24M
MC-00295,S-007,303,H183927,19.05,,,612,0.076,1.647,17.346,0.286,8.503,115,2024-06-03,20260106T061500Z-QE24M
MC-00296,S-003,4140,H899039,44.45,27.8,,1070,0.389,0.867,0.99,0.197,0.099,39,2024-06-03,20260106T061500Z-QE24M
MC-00297,S-011,17-4,H330133,31.75,32.7,,1070,0.039,0.622,15.375,0.101,4.284,72,2024-06-04,20260106T061500Z-QE24M
MC-00298,S-007,303,H381626,38.1,,,610,0.077,1.597,18.132,0.316,8.242,96,2024-06-04,20260106T061500Z-QE24M
MC-00299,S-004,4140,H576410,25.4,29.1,29.0,1038,0.401,0.876,0.972,0.2,0.101,90,2024-06-04,20260106T061500Z-QE24M
MC-00300,S-005,8620,H662929,25.4,17.3,,642,0.194,0.786,0.508,0.209,0.569,42,2024-06-04,20260106T061500Z-QE24M
MC-00301,S-003,4140,H344794,25.4,30.9,,1025,0.392,0.849,0.927,0.189,0.099,72,2024-06-05,20260106T061500Z-QE24M
MC-00302,S-012,6061,H128173,19.05,,,315,,,,,,120,2024-06-05,20260106T061500Z-QE24M
MC-00303,S-005,8620,H628744,25.4,20.0,20.4,606,0.212,0.816,0.525,0.209,0.532,60,2024-06-05,20260106T061500Z-QE24M
MC-00304,S-003,4140,H303039,25.4,28.4,28.6,1054,0.415,0.911,0.995,0.198,0.103,80,2024-06-06,20260106T061500Z-QE24M
MC-00305,S-005,8620,H496600,25.4,20.8,,609,0.197,0.827,0.502,0.201,0.555,110,2024-06-06,20260106T061500Z-QE24M
MC-00306,S-001,1018,H391545,50.8,,,457,0.188,0.783,0.05,0.01,0.051,52,2024-06-07,20260106T061500Z-QE24M
MC-00307,S-004,4140,H559805,25.4,30.8,,1034,0.434,0.921,0.906,0.209,0.099,37,2024-06-07,20260106T061500Z-QE24M
MC-00308,S-013,7075,H786410,50.8,,,560,,,,,,95,2024-06-07,20260106T061500Z-QE24M
MC-00309,S-002,1045,H299476,38.1,17.4,17.1,609,0.472,0.794,0.05,0.01,0.052,50,2024-06-10,20260106T061500Z-QE24M
MC-00310,S-011,17-4,H445254,25.4,31.8,32.6,1108,0.042,0.606,14.745,0.1,4.253,49,2024-06-10,20260106T061500Z-QE24M
MC-00311,S-011,17-4,H166869,31.75,33.0,32.4,1074,0.039,0.611,15.234,0.104,4.315,25,2024-06-10,20260106T061500Z-QE24M
MC-00312,S-011,17-4,H560049,38.1,33.0,,1075,0.04,0.597,15.592,0.103,4.332,75,2024-06-10,20260106T061500Z-QE24M
MC-00313,S-008,304,H758576,38.1,,,596,0.052,1.418,17.367,0.21,7.929,50,2024-06-10,20260106T061500Z-QE24M
MC-00314,S-004,4140,H774270,31.75,33.8,33.9,1046,0.409,0.89,0.933,0.194,0.101,59,2024-06-10,20260106T061500Z-QE24M
MC-00315,S-013,7075,H863864,19.05,,,546,,,,,,113,2024-06-10,20260106T061500Z-QE24M
MC-00316,S-014,Ti-6Al-4V,H392124,19.05,32.5,,989,,,,,,92,2024-06-10,20260106T061500Z-QE24M
MC-00317,S-002,1045,H213327,38.1,21.7,21.4,648,0.426,0.713,0.049,0.01,0.047,25,2024-06-11,20260106T061500Z-QE24M
MC-00318,S-013,7075,H945881,19.05,,,542,,,,,,87,2024-06-11,20260106T061500Z-QE24M
MC-00319,S-009,316,H162230,31.75,,,578,0.042,1.43,17.082,2.085,10.563,82,2024-06-14,20260106T061500Z-QE24M
MC-00320,S-010,316,H946010,38.1,,,569,0.042,1.552,16.669,2.16,10.057,115,2024-06-14,20260106T061500Z-QE24M
MC-00321,S-004,4140,H292801,44.45,29.1,29.5,994,0.415,0.869,0.908,0.195,0.105,97,2024-06-14,20260106T061500Z-QE24M
MC-00322,S-010,316,H649184,38.1,,,598,0.041,1.434,16.25,2.225,10.283,69,2024-06-17,20260106T061500Z-QE24M
MC-00323,S-003,4140,H784434,38.1,32.4,32.4,1068,0.391,0.903,0.964,0.193,0.105,117,2024-06-17,20260106T061500Z-QE24M
MC-00324,S-003,4140,H788752,38.1,31.4,,1022,0.423,0.862,0.965,0.195,0.096,34,2024-06-18,20260106T061500Z-QE24M
MC-00325,S-007,303,H190121,38.1,,,641,0.078,1.592,17.727,0.307,9.112,53,2024-06-19,20260106T061500Z-QE24M
MC-00326,S-004,4140,H925220,38.1,34.0,,1059,0.388,0.842,0.953,0.208,0.105,72,2024-06-19,20260106T061500Z-QE24M
MC-00327,S-005,8620,H339017,31.75,25.1,24.4,652,0.201,0.828,0.507,0.201,0.529,61,2024-06-19,20260106T061500Z-QE24M
MC-00328,S-004,4140,H368971,38.1,37.8,,996,0.396,0.83,0.999,0.189,0.099,54,2024-06-20,20260106T061500Z-QE24M
MC-00329,S-012,6061,H491046,19.05,,,311,,,,,,98,2024-06-20,20260106T061500Z-QE24M
MC-00330,S-007,303,H318336,50.8,,,642,0.08,1.686,17.155,0.289,8.537,32,2024-06-21,20260106T061500Z-QE24M
MC-00331,S-008,304,H191584,38.1,,,626,0.048,1.425,18.133,0.21,8.354,100,2024-06-21,20260106T061500Z-QE24M
MC-00332,S-004,4140,H761491,38.1,29.3,29.4,1014,0.404,0.865,0.922,0.209,0.101,50,2024-06-21,20260106T061500Z-QE24M
MC-00333,S-004,4140,H442073,63.5,32.8,32.6,1068,0.393,0.861,0.901,0.205,0.096,117,2024-06-21,20260106T061500Z-QE24M
MC-00334,S-002,1045,H876479,31.75,18.4,18.6,621,0.432,0.714,0.049,0.01,0.05,100,2024-06-24,20260106T061500Z-QE24M
MC-00335,S-007,303,H336294,50.8,,,625,0.077,1.668,18.351,0.298,8.961,74,2024-06-24,20260106T061500Z-QE24M
MC-00336,S-008,304,H626046,25.4,,,596,0.052,1.587,17.385,0.192,7.906,110,2024-06-24,20260106T061500Z-QE24M
MC-00337,S-010,316,H494123,31.75,,,599,0.041,1.433,16.348,2.099,10.352,109,2024-06-24,20260106T061500Z-QE24M
MC-00338,S-004,4140,H156932,25.4,32.3,32.6,989,0.424,0.929,0.981,0.192,0.1,63,2024-06-24,20260106T061500Z-QE24M
MC-00339,S-004,4140,H481843,63.5,29.4,29.5,984,0.422,0.859,0.996,0.21,0.102,76,2024-06-24,20260106T061500Z-QE24M
MC-00340,S-005,8620,H560087,31.75,17.8,18.7,656,0.192,0.842,0.513,0.205,0.539,45,2024-06-24,20260106T061500Z-QE24M
MC-00341,S-007,303,H167413,50.8,,,607,0.082,1.643,17.05,0.286,8.507,65,2024-06-25,20260106T061500Z-QE24M
MC-00342,S-008,304,H816324,25.4,,,628,0.049,1.491,19.179,0.19,7.728,64,2024-06-25,20260106T061500Z-QE24M
MC-00343,S-006,303,H890453,50.8,,,606,0.081,1.652,17.221,0.297,8.527,38,2024-06-26,20260106T061500Z-QE24M
MC-00344,S-001,1018,H543947,25.4,,,448,0.171,0.779,0.049,0.01,0.051,117,2024-06-27,20260106T061500Z-QE24M
MC-00345,S-013,7075,H656626,50.8,,,575,,,,,,118,2024-06-27,20260106T061500Z-QE24M
MC-00346,S-008,304,H606636,25.4,,,615,0.053,1.491,18.471,0.207,7.887,92,2024-07-01,20260106T061500Z-QE24M
MC-00347,S-005,8620,H828937,19.05,17.8,17.8,607,0.197,0.846,0.52,0.198,0.52,80,2024-07-02,20260106T061500Z-QE24M
MC-00348,S-010,316,H632854,31.75,,,567,0.042,1.488,17.685,2.178,10.112,78,2024-07-03,20260106T061500Z-QE24M
MC-00349,S-005,8620,H885045,19.05,20.4,20.3,618,0.191,0.753,0.475,0.192,0.579,80,2024-07-03,20260106T061500Z-QE24M
MC-00350,S-007,303,H276698,19.05,,,647,0.079,1.599,18.47,0.287,9.021,25,2024-07-05,20260106T061500Z-QE24M
MC-00351,S-009,316,H200491,25.4,,,600,0.039,1.417,17.06,2.18,10.462,47,2024-07-05,20260106T061500Z-QE24M
MC-00352,S-005,8620,H748797,19.05,19.2,,660,0.189,0.762,0.523,0.198,0.556,28,2024-07-05,20260106T061500Z-QE24M
MC-00353,S-007,303,H598923,19.05,,,623,0.08,1.633,18.03,0.307,8.846,39,2024-07-08,20260106T061500Z-QE24M
MC-00354,S-004,4140,H707083,44.45,26.9,27.6,1069,0.42,0.838,0.949,0.198,0.1,104,2024-07-08,20260106T061500Z-QE24M
MC-00355,S-013,7075,H893251,25.4,,,574,,,,,,85,2024-07-08,20260106T061500Z-QE24M
MC-00356,S-009,316,H214414,25.4,,,561,0.038,1.442,17.382,2.141,10.301,63,2024-07-09,20260106T061500Z-QE24M
MC-00357,S-002,1045,H716270,25.4,16.9,,643,0.443,0.727,0.051,0.01,0.049,26,2024-07-10,20260106T061500Z-QE24M
MC-00358,S-006,303,H928327,50.8,,,610,0.078,1.573,18.335,0.286,8.864,51,2024-07-10,20260106T061500Z-QE24M
MC-00359,S-004,4140,H748437,25.4,30.8,,1012,0.434,0.861,0.982,0.202,0.1,111,2024-07-10,20260106T061500Z-QE24M
MC-00360,S-010,316,H285993,31.75,,,572,0.04,1.54,16.802,2.032,9.864,34,2024-07-11,20260106T061500Z-QE24M
MC-00361,S-003,4140,H262515,63.5,28.2,,999,0.39,0.873,0.982,0.199,0.096,53,2024-07-12,20260106T061500Z-QE24M
MC-00362,S-011,17-4,H367699,25.4,31.1,,1152,0.039,0.615,15.75,0.099,4.446,61,2024-07-15,20260106T061500Z-QE24M
MC-00363,S-009,316,H721316,25.4,,,574,0.038,1.52,17.726,2.044,9.826,35,2024-07-15,20260106T061500Z-QE24M
MC-00364,S-005,8620,H509193,19.05,19.5,19.6,627,0.209,0.831,0.524,0.205,0.528,116,2024-07-15,20260106T061500Z-QE24M
MC-00365,S-005,8620,H869863,25.4,24.3,,648,0.189,0.82,0.477,0.209,0.581,56,2024-07-15,20260106T061500Z-QE24M
MC-00366,S-014,Ti-6Al-4V,H549614,50.8,35.5,,941,,,,,,80,2024-07-15,20260106T061500Z-QE24M
MC-00367,S-005,8620,H151614,31.75,18.8,18.9,622,0.206,0.792,0.487,0.189,0.571,28,2024-07-17,20260106T061500Z-QE24M
MC-00368,S-005,8620,H967938,31.75,27.3,26.7,622,0.209,0.759,0.496,0.194,0.579,54,2024-07-18,20260106T061500Z-QE24M
MC-00369,S-002,1045,H943836,38.1,17.8,,635,0.423,0.713,0.048,0.01,0.049,59,2024-07-19,20260106T061500Z-QE24M
MC-00370,S-003,4140,H898119,63.5,35.8,35.6,996,0.417,0.916,0.996,0.198,0.095,80,2024-07-22,20260106T061500Z-QE24M
MC-00371,S-006,303,H523123,38.1,,,640,0.079,1.511,17.966,0.297,8.982,88,2024-07-23,20260106T061500Z-QE24M
MC-00372,S-010,316,H543247,38.1,,,603,0.041,1.431,16.405,2.013,10.619,86,2024-07-23,20260106T061500Z-QE24M
MC-00373,S-013,7075,H362087,25.4,,,580,,,,,,77,2024-07-23,20260106T061500Z-QE24M
MC-00374,S-011,17-4,H681294,25.4,33.2,,1141,0.04,0.624,16.291,0.102,4.29,33,2024-07-24,20260106T061500Z-QE24M
MC-00375,S-010,316,H971526,38.1,,,579,0.039,1.416,16.007,2.018,10.492,89,2024-07-24,20260106T061500Z-QE24M
MC-00376,S-004,4140,H531643,38.1,29.0,,1019,0.411,0.924,0.991,0.21,0.094,24,2024-07-24,20260106T061500Z-QE24M
MC-00377,S-010,316,H328270,31.75,,,566,0.041,1.499,17.769,2.065,9.782,46,2024-07-26,20260106T061500Z-QE24M
MC-00378,S-008,304,H519901,25.4,,,583,0.051,1.456,18.617,0.21,8.688,37,2024-07-29,20260106T061500Z-QE24M
MC-00379,S-008,304,H458199,38.1,,,599,0.049,1.412,17.478,0.206,8.213,115,2024-07-29,20260106T061500Z-QE24M
MC-00380,S-009,316,H854490,31.75,,,589,0.038,1.508,17.588,1.989,10.833,71,2024-07-29,20260106T061500Z-QE24M
MC-00381,S-009,316,H793072,38.1,,,605,0.041,1.44,16.011,2.155,10.517,120,2024-07-29,20260106T061500Z-QE24M
MC-00382,S-003,4140,H254450,38.1,31.7,31.7,1050,0.409,0.928,0.959,0.198,0.098,109,2024-07-29,20260106T061500Z-QE24M
MC-00383,S-004,4140,H544902,44.45,29.9,,1053,0.414,0.858,0.935,0.197,0.096,85,2024-07-29,20260106T061500Z-QE24M
MC-00384,S-008,304,H140797,38.1,,,578,0.051,1.53,17.352,0.208,8.51,62,2024-07-30,20260106T061500Z-QE24M
MC-00385,S-009,316,H794424,38.1,,,591,0.041,1.477,16.484,2.016,10.025,56,2024-07-30,20260106T061500Z-QE24M
MC-00386,S-004,4140,H154881,44.45,32.4,32.5,1021,0.408,0.875,0.973,0.211,0.097,79,2024-07-30,20260106T061500Z-QE24M
MC-00387,S-008,304,H742840,31.75,,,601,0.052,1.441,18.397,0.188,8.334,50,2024-07-31,20260106T061500Z-QE24M
MC-00388,S-003,4140,H570507,44.45,29.8,,1039,0.413,0.905,1.002,0.197,0.098,43,2024-07-31,20260106T061500Z-QE24M
MC-00389,S-012,6061,H913315,19.05,,,307,,,,,,40,2024-07-31,20260106T061500Z-QE24M
MC-00390,S-004,4140,H567250,25.4,29.4,29.8,1015,0.432,0.876,0.919,0.193,0.104,65,2024-08-01,20260106T061500Z-QE24M
MC-00391,S-004,4140,H955958,31.75,31.2,31.3,1018,0.387,0.932,0.99,0.201,0.104,113,2024-08-01,20260106T061500Z-QE24M
MC-00392,S-003,4140,H690629,44.45,30.5,30.1,1012,0.404,0.838,0.915,0.202,0.101,62,2024-08-01,20260106T061500Z-QE24M
MC-00393,S-012,6061,H670867,19.05,,,311,,,,,,58,2024-08-01,20260106T061500Z-QE24M
MC-00394,S-002,1045,H329871,38.1,15.2,,636,0.424,0.781,0.053,0.01,0.053,43,2024-08-02,20260106T061500Z-QE24M
MC-00395,S-002,1045,H609020,31.75,16.9,17.5,622,0.423,0.732,0.048,0.01,0.048,43,2024-08-05,20260106T061500Z-QE24M
MC-00396,S-007,303,H191623,19.05,,,598,0.08,1.653,16.996,0.289,8.403,32,2024-08-05,20260106T061500Z-QE24M
MC-00397,S-009,316,H267459,25.4,,,562,0.039,1.487,17.1,2.052,9.875,76,2024-08-05,20260106T061500Z-QE24M
MC-00398,S-013,7075,H706127,25.4,,,577,,,,,,101,2024-08-05,20260106T061500Z-QE24M
MC-00399,S-006,303,H127859,19.05,,,624,0.082,1.583,16.649,0.303,8.338,83,2024-08-06,20260106T061500Z-QE24M
MC-00400,S-002,1045,H637487,38.1,18.7,19.0,619,0.451,0.768,0.049,0.01,0.049,40,2024-08-12,20260106T061500Z-QE24M
MC-00401,S-006,303,H866894,50.8,,,600,0.084,1.55,17.492,0.309,8.351,90,2024-08-12,20260106T061500Z-QE24M
MC-00402,S-009,316,H102766,31.75,,,572,0.039,1.434,17.358,2.181,10.395,21,2024-08-12,20260106T061500Z-QE24M
MC-00403,S-003,4140,H417846,25.4,32.4,,1037,0.424,0.845,0.93,0.211,0.104,65,2024-08-12,20260106T061500Z-QE24M
MC-00404,S-004,4140,H716152,44.45,29.5,,996,0.407,0.876,0.916,0.21,0.096,58,2024-08-12,20260106T061500Z-QE24M
MC-00405,S-005,8620,H101945,25.4,21.6,21.9,637,0.205,0.804,0.519,0.196,0.559,66,2024-08-12,20260106T061500Z-QE24M
MC-00406,S-009,316,H561446,31.75,,,607,0.04,1.505,16.664,2.205,10.641,84,2024-08-13,20260106T061500Z-QE24M
MC-00407,S-003,4140,H855051,25.4,33.8,,1051,0.409,0.862,0.924,0.197,0.098,119,2024-08-13,20260106T061500Z-QE24M
MC-00408,S-005,8620,H236792,25.4,20.9,20.8,651,0.188,0.755,0.523,0.197,0.55,59,2024-08-13,20260106T061500Z-QE24M
MC-00409,S-006,303,H557290,38.1,,,620,0.083,1.539,16.764,0.314,8.832,74,2024-08-14,20260106T061500Z-QE24M
MC-00410,S-007,303,H312899,38.1,,,641,0.077,1.685,17.763,0.311,8.804,48,2024-08-15,20260106T061500Z-QE24M
MC-00411,S-014,Ti-6Al-4V,H220823,19.05,34.0,33.9,946,,,,,,70,2024-08-15,20260106T061500Z-QE24M
MC-00412,S-001,1018,H169467,25.4,,,445,0.171,0.714,0.049,0.011,0.051,84,2024-08-19,20260106T061500Z-QE24M
MC-00413,S-006,303,H108760,19.05,,,625,0.083,1.62,17.052,0.31,8.113,64,2024-08-19,20260106T061500Z-QE24M
MC-00414,S-008,304,H981431,25.4,,,615,0.049,1.482,17.541,0.196,8.368,107,2024-08-19,20260106T061500Z-QE24M
MC-00415,S-005,8620,H855883,31.75,19.8,19.6,605,0.197,0.804,0.474,0.192,0.556,111,2024-08-19,20260106T061500Z-QE24M
MC-00416,S-002,1045,H688731,25.4,19.3,19.4,633,0.428,0.74,0.049,0.01,0.05,93,2024-08-20,20260106T061500Z-QE24M
MC-00417,S-012,6061,H776709,38.1,,,300,,,,,,64,2024-08-20,20260106T061500Z-QE24M
MC-00418,S-005,8620,H781362,19.05,19.7,20.1,621,0.211,0.841,0.484,0.199,0.579,67,2024-08-20,20260106T061500Z-QE24M
MC-00419,S-011,17-4,H693877,38.1,33.0,32.9,1110,0.042,0.633,15.691,0.104,4.372,114,2024-08-21,20260106T061500Z-QE24M
MC-00420,S-010,316,H255372,25.4,,,572,0.041,1.559,17.779,1.985,10.201,26,2024-08-22,20260106T061500Z-QE24M
MC-00421,S-003,4140,H664540,38.1,26.2,26.8,1061,0.418,0.901,0.898,0.204,0.103,63,2024-08-22,20260106T061500Z-QE24M
MC-00422,S-006,303,H822990,50.8,,,624,0.079,1.687,17.331,0.291,8.135,88,2024-08-23,20260106T061500Z-QE24M
MC-00423,S-002,1045,H669428,38.1,20.2,19.4,615,0.448,0.729,0.05,0.01,0.051,27,2024-08-26,20260106T061500Z-QE24M
MC-00424,S-007,303,H240162,50.8,,,611,0.078,1.632,17.763,0.314,8.165,97,2024-08-26,20260106T061500Z-QE24M
MC-00425,S-009,316,H359741,31.75,,,564,0.041,1.581,17.518,2.064,10.191,103,2024-08-26,20260106T061500Z-QE24M
MC-00426,S-004,4140,H619641,31.75,29.0,29.6,1050,0.422,0.884,0.96,0.201,0.095,29,2024-08-26,20260106T061500Z-QE24M
MC-00427,S-004,4140,H650498,63.5,30.2,30.4,1058,0.429,0.928,0.926,0.203,0.096,70,2024-08-26,20260106T061500Z-QE24M
MC-00428,S-012,6061,H152699,19.05,,,322,,,,,,115,2024-08-26,20260106T061500Z-QE24M
MC-00429,S-010,316,H517032,31.75,,,599,0.039,1.471,16.085,2.018,10.848,68,2024-08-27,20260106T061500Z-QE24M
MC-00430,S-003,4140,H590399,38.1,30.2,29.8,1001,0.426,0.873,0.997,0.197,0.102,26,2024-08-27,20260106T061500Z-QE24M
MC-00431,S-004,4140,H552969,63.5,33.2,33.3,1046,0.401,0.897,0.982,0.208,0.095,119,2024-08-27,20260106T061500Z-QE24M
MC-00432,S-014,Ti-6Al-4V,H964184,50.8,34.0,33.8,928,,,,,,117,2024-08-27,20260106T061500Z-QE24M
MC-00433,S-001,1018,H582898,25.4,,,430,0.181,0.754,0.051,0.009,0.048,72,2024-08-29,20260106T061500Z-QE24M
MC-00434,S-010,316,H466662,25.4,,,558,0.038,1.496,17.647,2.162,9.964,29,2024-08-29,20260106T061500Z-QE24M
MC-00435,S-004,4140,H770003,31.75,29.9,29.3,1056,0.423,0.855,0.959,0.189,0.1,31,2024-08-30,20260106T061500Z-QE24M
MC-00436,S-001,1018,H548027,19.05,,,439,0.18,0.745,0.05,0.01,0.053,101,2024-09-03,20260106T061500Z-QE24M
MC-00437,S-008,304,H675675,25.4,,,583,0.049,1.496,17.492,0.208,8.458,47,2024-09-03,20260106T061500Z-QE24M
MC-00438,S-004,4140,H639845,63.5,33.7,33.3,1055,0.417,0.843,0.896,0.197,0.099,110,2024-09-03,20260106T061500Z-QE24M
MC-00439,S-008,304,H748455,25.4,,,601,0.05,1.497,19.299,0.196,7.716,20,2024-09-04,20260106T061500Z-QE24M
MC-00440,S-005,8620,H613854,19.05,21.0,,626,0.208,0.785,0.483,0.191,0.568,25,2024-09-04,20260106T061500Z-QE24M
MC-00441,S-004,4140,H968114,44.45,27.0,,1043,0.416,0.853,0.987,0.203,0.104,70,2024-09-06,20260106T061500Z-QE24M
MC-00442,S-005,8620,H749546,25.4,17.7,,659,0.206,0.826,0.521,0.194,0.518,46,2024-09-06,20260106T061500Z-QE24M
MC-00443,S-008,304,H210308,38.1,,,607,0.052,1.423,18.99,0.192,8.076,41,2024-09-09,20260106T061500Z-QE24M
MC-00444,S-004,4140,H352380,44.45,30.1,,1056,0.411,0.882,0.991,0.195,0.098,66,2024-09-09,20260106T061500Z-QE24M
MC-00445,S-008,304,H950593,25.4,,,590,0.048,1.589,19.257,0.191,7.803,82,2024-09-10,20260106T061500Z-QE24M
MC-00446,S-002,1045,H372057,38.1,16.1,,598,0.438,0.749,0.047,0.01,0.048,58,2024-09-11,20260106T061500Z-QE24M
MC-00447,S-007,303,H315187,38.1,,,613,0.081,1.612,17.283,0.296,8.49,93,2024-09-11,20260106T061500Z-QE24M
MC-00448,S-005,8620,H595133,19.05,19.6,19.9,625,0.2,0.78,0.484,0.197,0.558,99,2024-09-11,20260106T061500Z-QE24M
MC-00449,S-003,4140,H663435,38.1,35.0,,1066,0.408,0.836,0.907,0.19,0.102,115,2024-09-12,20260106T061500Z-QE24M
MC-00450,S-010,316,H812150,31.75,,,563,0.041,1.42,16.318,2.085,10.507,104,2024-09-13,20260106T061500Z-QE24M
MC-00451,S-003,4140,H961971,25.4,28.2,,987,0.43,0.893,1.002,0.193,0.105,72,2024-09-16,20260106T061500Z-QE24M
MC-00452,S-004,4140,H511399,44.45,26.7,,1008,0.402,0.932,0.912,0.204,0.101,52,2024-09-16,20260106T061500Z-QE24M
MC-00453,S-005,8620,H714004,31.75,17.4,17.6,630,0.206,0.79,0.526,0.2,0.535,75,2024-09-16,20260106T061500Z-QE24M
MC-00454,S-007,303,H557963,50.8,,,612,0.079,1.614,16.668,0.287,8.121,50,2024-09-17,20260106T061500Z-QE24M
MC-00455,S-008,304,H116452,31.75,,,595,0.052,1.413,17.407,0.2,8.0,116,2024-09-17,20260106T061500Z-QE24M
MC-00456,S-003,4140,H650550,25.4,29.4,29.7,1015,0.43,0.887,0.907,0.203,0.095,51,2024-09-17,20260106T061500Z-QE24M
MC-00457,S-003,4140,H987926,44.45,27.3,,1057,0.43,0.831,0.974,0.192,0.096,68,2024-09-17,20260106T061500Z-QE24M
MC-00458,S-005,8620,H281719,31.75,18.9,19.1,617,0.193,0.771,0.52,0.2,0.53,51,2024-09-17,20260106T061500Z-QE24M
MC-00459,S-004,4140,H977024,25.4,32.0,32.0,1004,0.412,0.834,0.994,0.201,0.1,50,2024-09-18,20260106T061500Z-QE24M
MC-00460,S-004,4140,H682918,25.4,30.7,,1010,0.394,0.889,0.906,0.2,0.105,51,2024-09-19,20260106T061500Z-QE24M
MC-00461,S-010,316,H308309,25.4,,,563,0.038,1.587,17.249,2.113,9.83,43,2024-09-23,20260106T061500Z-QE24M
MC-00462,S-009,316,H493024,38.1,,,594,0.041,1.54,16.726,2.119,9.745,45,2024-09-23,20260106T061500Z-QE24M
MC-00463,S-005,8620,H530299,19.05,19.8,,631,0.201,0.79,0.472,0.209,0.54,69,2024-09-23,20260106T061500Z-QE24M
MC-00464,S-010,316,H205436,25.4,,,605,0.04,1.419,16.658,2.058,10.541,99,2024-09-24,20260106T061500Z-QE24M
MC-00465,S-006,303,H467982,50.8,,,641,0.075,1.657,18.331,0.31,8.655,110,2024-09-26,20260106T061500Z-QE24M
MC-00466,S-009,316,H998889,25.4,,,601,0.039,1.553,17.306,2.155,10.132,113,2024-09-26,20260106T061500Z-QE24M
MC-00467,S-005,8620,H744567,19.05,20.2,,623,0.192,0.773,0.516,0.198,0.521,67,2024-09-26,20260106T061500Z-QE24M
MC-00468,S-006,303,H792983,19.05,,,632,0.083,1.575,16.869,0.293,8.291,104,2024-09-30,20260106T061500Z-QE24M
MC-00469,S-003,4140,H172317,25.4,31.9,31.2,981,0.39,0.841,0.947,0.195,0.106,103,2024-09-30,20260106T061500Z-QE24M
MC-00470,S-003,4140,H699756,31.75,29.6,29.7,1040,0.402,0.896,0.942,0.19,0.101,78,2024-09-30,20260106T061500Z-QE24M
MC-00471,S-003,4140,H544217,44.45,27.6,27.9,1058,0.43,0.844,0.967,0.201,0.098,108,2024-09-30,20260106T061500Z-QE24M
MC-00472,S-013,7075,H111260,25.4,,,582,,,,,,84,2024-09-30,20260106T061500Z-QE24M
MC-00473,S-006,303,H345767,19.05,,,600,0.083,1.556,18.112,0.292,9.034,104,2024-10-01,20260106T061500Z-QE24M
MC-00474,S-009,316,H645065,31.75,,,568,0.04,1.535,17.599,1.985,10.412,54,2024-10-01,20260106T061500Z-QE24M
MC-00475,S-014,Ti-6Al-4V,H876918,19.05,33.0,33.4,922,,,,,,44,2024-10-01,20260106T061500Z-QE24M
MC-00476,S-011,17-4,H269109,25.4,35.7,35.4,1145,0.038,0.62,15.006,0.096,4.204,73,2024-10-03,20260106T061500Z-QE24M
MC-00477,S-007,303,H608357,19.05,,,644,0.084,1.579,17.455,0.284,8.937,77,2024-10-04,20260106T061500Z-QE24M
MC-00478,S-006,303,H482217,50.8,,,641,0.082,1.666,16.795,0.316,8.681,64,2024-10-04,20260106T061500Z-QE24M
MC-00479,S-009,316,H244151,38.1,,,568,0.038,1.465,17.7,2.145,9.945,48,2024-10-04,20260106T061500Z-QE24M
MC-00480,S-004,4140,H461094,63.5,31.9,,1031,0.421,0.898,0.914,0.206,0.102,103,2024-10-04,20260106T061500Z-QE24M
MC-00481,S-014,Ti-6Al-4V,H977443,38.1,33.7,33.0,963,,,,,,31,2024-10-04,20260106T061500Z-QE24M
MC-00482,S-002,1045,H879867,25.4,18.2,18.2,610,0.474,0.779,0.051,0.01,0.048,49,2024-10-07,20260106T061500Z-QE24M
MC-00483,S-006,303,H169048,50.8,,,646,0.078,1.578,16.533,0.3,8.108,119,2024-10-07,20260106T061500Z-QE24M
MC-00484,S-010,316,H797164,38.1,,,597,0.039,1.465,16.079,2.015,9.853,32,2024-10-07,20260106T061500Z-QE24M
MC-00485,S-004,4140,H420933,38.1,30.7,,1006,0.414,0.852,0.958,0.206,0.098,112,2024-10-07,20260106T061500Z-QE24M
MC-00486,S-005,8620,H535946,25.4,18.1,18.8,630,0.189,0.753,0.495,0.189,0.519,28,2024-10-07,20260106T061500Z-QE24M
MC-00487,S-003,4140,H876215,25.4,31.3,31.6,1019,0.419,0.848,0.928,0.207,0.099,52,2024-10-08,20260106T061500Z-QE24M
MC-00488,S-003,4140,H192109,31.75,35.6,35.3,1005,0.432,0.868,0.916,0.211,0.106,100,2024-10-08,20260106T061500Z-QE24M
MC-00489,S-013,7075,H102211,19.05,,,538,,,,,,82,2024-10-08,20260106T061500Z-QE24M
MC-00490,S-005,8620,H667468,31.75,21.0,,608,0.206,0.798,0.499,0.197,0.535,106,2024-10-08,20260106T061500Z-QE24M
MC-00491,S-002,1045,H303147,31.75,17.0,,628,0.438,0.785,0.049,0.01,0.05,86,2024-10-09,20260106T061500Z-QE24M
MC-00492,S-004,4140,H231764,31.75,34.7,,1058,0.389,0.908,0.935,0.204,0.1,112,2024-10-09,20260106T061500Z-QE24M
MC-00493,S-002,1045,H649501,31.75,21.8,21.9,596,0.432,0.721,0.053,0.01,0.048,115,2024-10-10,20260106T061500Z-QE24M
MC-00494,S-009,316,H985702,31.75,,,596,0.039,1.417,16.617,2.004,9.803,74,2024-10-10,20260106T061500Z-QE24M
MC-00495,S-003,4140,H651922,44.45,28.5,27.9,1038,0.398,0.832,0.956,0.205,0.097,58,2024-10-14,20260106T061500Z-QE24M
MC-00496,S-009,316,H780150,31.75,,,564,0.04,1.479,16.312,2.218,10.272,41,2024-10-15,20260106T061500Z-QE24M
MC-00497,S-010,316,H736246,38.1,,,607,0.039,1.421,17.133,2.225,10.612,114,2024-10-15,20260106T061500Z-QE24M
MC-00498,S-001,1018,H577574,50.8,,,440,0.178,0.747,0.051,0.01,0.049,52,2024-10-16,20260106T061500Z-QE24M
MC-00499,S-001,1018,H665941,19.05,,,448,0.181,0.75,0.05,0.01,0.052,42,2024-10-17,20260106T061500Z-QE24M
MC-00500,S-003,4140,H144928,44.45,30.4,,1016,0.434,0.916,0.921,0.21,0.103,59,2024-10-18,20260106T061500Z-QE24M
MC-00501,S-012,6061,H202757,19.05,,,316,,,,,,33,2024-10-18,20260106T061500Z-QE24M
MC-00502,S-001,1018,H698279,25.4,,,446,0.175,0.753,0.049,0.01,0.048,60,2024-10-21,20260106T061500Z-QE24M
MC-00503,S-002,1045,H438326,38.1,16.0,15.4,647,0.427,0.773,0.049,0.01,0.048,101,2024-10-21,20260106T061500Z-QE24M
MC-00504,S-012,6061,H259523,19.05,,,323,,,,,,61,2024-10-21,20260106T061500Z-QE24M
MC-00505,S-002,1045,H455167,38.1,20.7,,643,0.466,0.737,0.052,0.01,0.05,43,2024-10-22,20260106T061500Z-QE24M
MC-00506,S-011,17-4,H101509,31.75,33.3,33.6,1145,0.04,0.582,15.232,0.105,4.178,96,2024-10-22,20260106T061500Z-QE24M
MC-00507,S-008,304,H969937,38.1,,,588,0.047,1.586,17.772,0.209,8.345,104,2024-10-22,20260106T061500Z-QE24M
MC-00508,S-004,4140,H315732,38.1,28.6,,994,0.406,0.9,0.96,0.195,0.105,41,2024-10-22,20260106T061500Z-QE24M
MC-00509,S-003,4140,H402498,63.5,30.8,30.5,1006,0.428,0.9,0.985,0.211,0.098,113,2024-10-22,20260106T061500Z-QE24M
MC-00510,S-013,7075,H546189,25.4,,,568,,,,,,113,2024-10-22,20260106T061500Z-QE24M
MC-00511,S-002,1045,H349741,38.1,18.3,,595,0.463,0.792,0.047,0.009,0.049,92,2024-10-23,20260106T061500Z-QE24M
MC-00512,S-007,303,H216044,38.1,,,630,0.08,1.563,17.691,0.288,8.491,54,2024-10-23,20260106T061500Z-QE24M
MC-00513,S-008,304,H431345,38.1,,,623,0.048,1.551,17.791,0.207,8.258,111,2024-10-23,20260106T061500Z-QE24M
MC-00514,S-004,4140,H884967,38.1,31.1,30.8,984,0.396,0.883,1.003,0.197,0.101,42,2024-10-23,20260106T061500Z-QE24M
MC-00515,S-003,4140,H727083,63.5,29.5,29.5,1032,0.413,0.902,0.934,0.195,0.098,116,2024-10-23,20260106T061500Z-QE24M
MC-00516,S-013,7075,H493852,25.4,,,541,,,,,,84,2024-10-23,20260106T061500Z-QE24M
MC-00517,S-014,Ti-6Al-4V,H843480,19.05,36.3,35.8,996,,,,,,20,2024-10-23,20260106T061500Z-QE24M
MC-00518,S-004,4140,H459490,38.1,34.3,33.8,1046,0.391,0.933,0.899,0.204,0.103,58,2024-10-24,20260106T061500Z-QE24M
MC-00519,S-007,303,H947552,38.1,,,642,0.082,1.651,18.414,0.295,8.828,88,2024-10-28,20260106T061500Z-QE24M
MC-00520,S-014,Ti-6Al-4V,H704355,50.8,34.5,,997,,,,,,93,2024-10-30,20260106T061500Z-QE24M
MC-00521,S-005,8620,H907105,19.05,20.9,20.7,635,0.196,0.755,0.526,0.194,0.521,91,2024-10-31,20260106T061500Z-QE24M
MC-00522,S-014,Ti-6Al-4V,H636213,38.1,33.0,,956,,,,,,115,2024-10-31,20260106T061500Z-QE24M
MC-00523,S-008,304,H797813,31.75,,,620,0.05,1.546,18.293,0.199,7.819,47,2024-11-01,20260106T061500Z-QE24M
MC-00524,S-005,8620,H831853,19.05,19.8,,608,0.198,0.844,0.52,0.206,0.535,107,2024-11-01,20260106T061500Z-QE24M
MC-00525,S-011,17-4,H160137,31.75,33.0,33.6,1079,0.04,0.604,15.925,0.104,4.288,85,2024-11-04,20260106T061500Z-QE24M
MC-00526,S-006,303,H272847,50.8,,,631,0.079,1.534,16.846,0.308,8.587,46,2024-11-04,20260106T061500Z-QE24M
MC-00527,S-009,316,H261570,25.4,,,585,0.042,1.445,16.339,2.219,10.682,35,2024-11-04,20260106T061500Z-QE24M
MC-00528,S-003,4140,H584890,25.4,25.9,25.9,981,0.405,0.833,0.904,0.2,0.096,35,2024-11-04,20260106T061500Z-QE24M
MC-00529,S-012,6061,H813452,50.8,,,300,,,,,,59,2024-11-04,20260106T061500Z-QE24M
MC-00530,S-008,304,H452319,31.75,,,608,0.05,1.528,19.313,0.206,8.599,82,2024-11-05,20260106T061500Z-QE24M
MC-00531,S-003,4140,H518598,25.4,32.6,,981,0.397,0.898,0.929,0.201,0.098,92,2024-11-05,20260106T061500Z-QE24M
MC-00532,S-004,4140,H586017,31.75,35.0,35.1,1050,0.409,0.857,0.956,0.205,0.096,63,2024-11-05,20260106T061500Z-QE24M
MC-00533,S-002,1045,H367328,38.1,16.8,17.4,641,0.439,0.715,0.048,0.01,0.051,40,2024-11-06,20260106T061500Z-QE24M
MC-00534,S-004,4140,H267890,25.4,32.1,32.1,1047,0.418,0.92,0.907,0.203,0.097,21,2024-11-06,20260106T061500Z-QE24M
MC-00535,S-004,4140,H785992,31.75,33.5,33.2,1046,0.408,0.841,0.965,0.198,0.103,112,2024-11-06,20260106T061500Z-QE24M
MC-00536,S-012,6061,H450779,38.1,,,318,,,,,,44,2024-11-06,20260106T061500Z-QE24M
MC-00537,S-009,316,H195868,38.1,,,562,0.04,1.495,16.227,2.186,10.544,35,2024-11-07,20260106T061500Z-QE24M
MC-00538,S-012,6061,H327990,38.1,,,305,,,,,,64,2024-11-07,20260106T061500Z-QE24M
MC-00539,S-013,7075,H403540,19.05,,,544,,,,,,61,2024-11-08,20260106T061500Z-QE24M
MC-00540,S-001,1018,H889001,19.05,,,422,0.175,0.724,0.048,0.01,0.051,61,2024-11-11,20260106T061500Z-QE24M
MC-00541,S-008,304,H261294,25.4,,,588,0.052,1.588,18.087,0.193,8.498,90,2024-11-11,20260106T061500Z-QE24M
MC-00542,S-008,304,H249276,38.1,,,628,0.05,1.501,18.861,0.189,7.988,75,2024-11-11,20260106T061500Z-QE24M
MC-00543,S-013,7075,H161222,50.8,,,577,,,,,,118,2024-11-11,20260106T061500Z-QE24M
MC-00544,S-005,8620,H299491,25.4,21.7,21.4,623,0.204,0.788,0.494,0.19,0.556,35,2024-11-11,20260106T061500Z-QE24M
MC-00545,S-014,Ti-6Al-4V,H493712,19.05,35.9,,940,,,,,,101,2024-11-11,20260106T061500Z-QE24M
MC-00546,S-008,304,H434794,25.4,,,609,0.051,1.517,18.476,0.203,8.095,56,2024-11-12,20260106T061500Z-QE24M
MC-00547,S-008,304,H633653,38.1,,,598,0.047,1.42,18.232,0.19,8.315,97,2024-11-12,20260106T061500Z-QE24M
MC-00548,S-005,8620,H127393,25.4,27.3,,633,0.196,0.768,0.512,0.209,0.558,65,2024-11-12,20260106T061500Z-QE24M
MC-00549,S-014,Ti-6Al-4V,H394489,19.05,34.6,34.4,987,,,,,,99,2024-11-12,20260106T061500Z-QE24M
MC-00550,S-007,303,H585092,19.05,,,635,0.083,1.606,17.858,0.317,8.889,86,2024-11-13,20260106T061500Z-QE24M
MC-00551,S-006,303,H242269,38.1,,,634,0.076,1.595,18.446,0.299,8.874,90,2024-11-13,20260106T061500Z-QE24M
MC-00552,S-006,303,H963279,19.05,,,604,0.083,1.522,17.432,0.302,8.416,99,2024-11-14,20260106T061500Z-QE24M
MC-00553,S-009,316,H699071,31.75,,,572,0.041,1.57,16.136,2.007,9.932,67,2024-11-14,20260106T061500Z-QE24M
MC-00554,S-011,17-4,H634226,38.1,34.0,,1153,0.042,0.611,15.765,0.101,4.658,82,2024-11-18,20260106T061500Z-QE24M
MC-00555,S-004,4140,H719499,25.4,29.3,29.5,1005,0.402,0.831,0.909,0.194,0.101,30,2024-11-18,20260106T061500Z-QE24M
MC-00556,S-004,4140,H353083,44.45,31.4,31.0,1011,0.395,0.907,0.942,0.203,0.102,65,2024-11-18,20260106T061500Z-QE24M
MC-00557,S-004,4140,H792546,44.45,28.2,28.1,1023,0.412,0.91,0.916,0.206,0.096,57,2024-11-19,20260106T061500Z-QE24M
MC-00558,S-003,4140,H251768,44.45,29.9,,1059,0.413,0.903,0.996,0.199,0.097,27,2024-11-20,20260106T061500Z-QE24M
MC-00559,S-005,8620,H358671,19.05,17.6,,636,0.202,0.754,0.517,0.194,0.578,85,2024-11-21,20260106T061500Z-QE24M
MC-00560,S-005,8620,H344463,31.75,19.0,19.8,637,0.207,0.78,0.477,0.199,0.522,68,2024-11-21,20260106T061500Z-QE24M
MC-00561,S-001,1018,H516111,50.8,,,427,0.172,0.73,0.049,0.01,0.05,47,2024-11-25,20260106T061500Z-QE24M
MC-00562,S-007,303,H408494,50.8,,,648,0.078,1.595,17.412,0.309,8.396,31,2024-11-25,20260106T061500Z-QE24M
MC-00563,S-008,304,H349418,31.75,,,598,0.05,1.427,19.032,0.194,8.066,39,2024-11-25,20260106T061500Z-QE24M
MC-00564,S-013,7075,H481837,25.4,,,545,,,,,,90,2024-11-25,20260106T061500Z-QE24M
MC-00565,S-007,303,H812280,50.8,,,635,0.083,1.648,18.024,0.316,8.415,86,2024-11-26,20260106T061500Z-QE24M
MC-00566,S-005,8620,H608099,25.4,21.6,21.4,655,0.202,0.805,0.506,0.2,0.525,33,2024-11-27,20260106T061500Z-QE24M
MC-00567,S-002,1045,H260157,25.4,19.9,,647,0.447,0.786,0.053,0.01,0.047,25,2024-12-02,20260106T061500Z-QE24M
MC-00568,S-008,304,H801561,25.4,,,598,0.051,1.571,18.957,0.2,7.738,94,2024-12-02,20260106T061500Z-QE24M
MC-00569,S-008,304,H579308,38.1,,,584,0.048,1.588,19.316,0.2,7.776,41,2024-12-02,20260106T061500Z-QE24M
MC-00570,S-003,4140,H685635,44.45,28.9,28.3,1055,0.434,0.866,1.004,0.202,0.104,100,2024-12-02,20260106T061500Z-QE24M
MC-00571,S-014,Ti-6Al-4V,H257896,19.05,33.7,33.8,949,,,,,,100,2024-12-02,20260106T061500Z-QE24M
MC-00572,S-002,1045,H771195,31.75,21.0,,643,0.474,0.738,0.053,0.01,0.047,90,2024-12-03,20260106T061500Z-QE24M
MC-00573,S-008,304,H229440,25.4,,,583,0.048,1.524,17.344,0.206,7.744,104,2024-12-03,20260106T061500Z-QE24M
MC-00574,S-010,316,H561911,31.75,,,595,0.039,1.522,16.699,2.196,10.911,109,2024-12-03,20260106T061500Z-QE24M
MC-00575,S-010,316,H998391,31.75,,,608,0.042,1.498,17.568,2.081,10.601,110,2024-12-04,20260106T061500Z-QE24M
MC-00576,S-006,303,H538125,19.05,,,621,0.079,1.617,17.527,0.308,8.623,89,2024-12-09,20260106T061500Z-QE24M
MC-00577,S-009,316,H664560,38.1,,,584,0.04,1.538,16.017,2.125,10.316,112,2024-12-09,20260106T061500Z-QE24M
MC-00578,S-003,4140,H953073,44.45,31.0,,1062,0.419,0.839,0.906,0.204,0.105,62,2024-12-09,20260106T061500Z-QE24M
MC-00579,S-013,7075,H746965,19.05,,,539,,,,,,102,2024-12-09,20260106T061500Z-QE24M
MC-00580,S-005,8620,H544606,25.4,21.9,,629,0.197,0.818,0.509,0.198,0.517,65,2024-12-09,20260106T061500Z-QE24M
MC-00581,S-004,4140,H562839,25.4,32.7,32.1,1039,0.4,0.869,0.908,0.208,0.105,111,2024-12-12,20260106T061500Z-QE24M
MC-00582,S-013,7075,H656121,19.05,,,564,,,,,,117,2024-12-12,20260106T061500Z-QE24M
MC-00583,S-013,7075,H851405,25.4,,,564,,,,,,42,2024-12-13,20260106T061500Z-QE24M
MC-00584,S-009,316,H972295,38.1,,,560,0.041,1.547,16.049,2.145,10.695,102,2024-12-17,20260106T061500Z-QE24M
MC-00585,S-005,8620,H532096,25.4,20.1,,647,0.208,0.795,0.496,0.208,0.556,62,2024-12-18,20260106T061500Z-QE24M
MC-00586,S-003,4140,H588075,44.45,35.5,,989,0.385,0.923,0.961,0.205,0.097,53,2024-12-19,20260106T061500Z-QE24M
MC-00587,S-003,4140,H320090,63.5,28.8,,997,0.396,0.932,0.906,0.198,0.095,64,2024-12-19,20260106T061500Z-QE24M
MC-00588,S-002,1045,H410995,31.75,19.5,,644,0.43,0.736,0.051,0.01,0.052,120,2024-12-23,20260106T061500Z-QE24M
MC-00589,S-008,304,H284120,38.1,,,593,0.051,1.559,18.522,0.197,8.509,102,2024-12-23,20260106T061500Z-QE24M
MC-00590,S-005,8620,H246703,19.05,24.1,23.8,617,0.193,0.821,0.474,0.204,0.545,79,2024-12-23,20260106T061500Z-QE24M
MC-00591,S-005,8620,H629326,31.75,20.0,19.6,659,0.203,0.839,0.516,0.189,0.564,21,2024-12-23,20260106T061500Z-QE24M
MC-00592,S-002,1045,H250556,38.1,20.2,19.2,616,0.466,0.71,0.051,0.01,0.052,24,2024-12-26,20260106T061500Z-QE24M
MC-00593,S-003,4140,H852777,63.5,32.7,,990,0.39,0.862,0.952,0.212,0.102,48,2024-12-26,20260106T061500Z-QE24M
MC-00594,S-012,6061,H104634,38.1,,,312,,,,,,79,2024-12-26,20260106T061500Z-QE24M
MC-00595,S-002,1045,H765962,38.1,18.2,18.2,606,0.454,0.706,0.051,0.01,0.053,74,2024-12-27,20260106T061500Z-QE24M
MC-00596,S-007,303,H763617,50.8,,,611,0.077,1.656,17.727,0.284,8.735,112,2024-12-27,20260106T061500Z-QE24M
MC-00597,S-010,316,H844623,25.4,,,578,0.04,1.566,16.757,1.996,10.428,25,2024-12-27,20260106T061500Z-QE24M
MC-00598,S-004,4140,H119472,63.5,30.8,30.4,993,0.416,0.885,0.917,0.204,0.099,22,2024-12-27,20260106T061500Z-QE24M
MC-00599,S-002,1045,H641727,31.75,22.7,22.6,632,0.457,0.744,0.051,0.01,0.051,46,2024-12-30,20260106T061500Z-QE24M
MC-00600,S-002,1045,H772389,38.1,15.5,15.8,613,0.463,0.788,0.053,0.01,0.049,35,2024-12-30,20260106T061500Z-QE24M
MC-00601,S-008,304,H829302,31.75,,,576,0.05,1.572,19.134,0.2,7.915,54,2024-12-30,20260106T061500Z-QE24M
MC-00602,S-004,4140,H114194,63.5,29.1,29.1,1029,0.424,0.898,0.952,0.2,0.105,114,2024-12-30,20260106T061500Z-QE24M
MC-00603,S-013,7075,H514522,25.4,,,583,,,,,,110,2024-12-30,20260106T061500Z-QE24M
MC-00604,S-005,8620,H662855,25.4,22.8,,611,0.205,0.785,0.516,0.188,0.524,85,2024-12-30,20260106T061500Z-QE24M
MC-00605,S-011,17-4,H756938,25.4,33.3,32.6,1096,0.038,0.629,14.854,0.095,4.392,62,2025-01-02,20260106T061500Z-QE24M
MC-00606,S-006,303,H457031,38.1,,,647,0.079,1.574,17.817,0.309,8.781,32,2025-01-02,20260106T061500Z-QE24M
MC-00607,S-008,304,H548784,38.1,,,597,0.049,1.425,18.079,0.19,8.091,75,2025-01-02,20260106T061500Z-QE24M
MC-00608,S-005,8620,H512340,19.05,21.4,,621,0.189,0.777,0.472,0.191,0.526,90,2025-01-02,20260106T061500Z-QE24M
MC-00609,S-014,Ti-6Al-4V,H130866,38.1,32.3,,947,,,,,,83,2025-01-02,20260106T061500Z-QE24M
MC-00610,S-014,Ti-6Al-4V,H926825,50.8,32.1,,978,,,,,,57,2025-01-02,20260106T061500Z-QE24M
MC-00611,S-006,303,H172444,19.05,,,603,0.082,1.51,17.871,0.291,8.483,101,2025-01-03,20260106T061500Z-QE24M
MC-00612,S-005,8620,H648540,19.05,20.6,20.7,661,0.197,0.798,0.526,0.197,0.576,102,2025-01-03,20260106T061500Z-QE24M
MC-00613,S-002,1045,H362769,38.1,18.4,,628,0.448,0.739,0.052,0.01,0.048,42,2025-01-06,20260106T061500Z-QE24M
MC-00614,S-006,303,H840236,19.05,,,599,0.083,1.689,17.144,0.293,8.26,69,2025-01-06,20260106T061500Z-QE24M
MC-00615,S-012,6061,H898099,19.05,,,313,,,,,,26,2025-01-06,20260106T061500Z-QE24M
MC-00616,S-012,6061,H660469,50.8,,,324,,,,,,45,2025-01-06,20260106T061500Z-QE24M
MC-00617,S-013,7075,H252858,50.8,,,555,,,,,,49,2025-01-06,20260106T061500Z-QE24M
MC-00618,S-007,303,H471471,19.05,,,642,0.078,1.688,18.077,0.309,8.573,36,2025-01-07,20260106T061500Z-QE24M
MC-00619,S-008,304,H464028,25.4,,,576,0.05,1.457,19.011,0.19,8.459,78,2025-01-07,20260106T061500Z-QE24M
MC-00620,S-010,316,H499833,25.4,,,557,0.04,1.555,16.829,2.161,10.624,49,2025-01-07,20260106T061500Z-QE24M
MC-00621,S-012,6061,H285159,19.05,,,305,,,,,,82,2025-01-07,20260106T061500Z-QE24M
MC-00622,S-002,1045,H413202,38.1,18.0,18.1,632,0.429,0.712,0.049,0.01,0.051,73,2025-01-08,20260106T061500Z-QE24M
MC-00623,S-010,316,H400011,25.4,,,568,0.039,1.552,15.913,2.028,10.608,57,2025-01-08,20260106T061500Z-QE24M
MC-00624,S-004,4140,H933854,38.1,34.2,,979,0.406,0.874,1.001,0.209,0.1,103,2025-01-08,20260106T061500Z-QE24M
MC-00625,S-011,17-4,H749734,38.1,33.6,,1141,0.039,0.628,15.965,0.094,4.292,72,2025-01-09,20260106T061500Z-QE24M
MC-00626,S-008,304,H843979,25.4,,,628,0.048,1.546,18.105,0.209,8.402,100,2025-01-09,20260106T061500Z-QE24M
MC-00627,S-008,304,H495781,31.75,,,579,0.052,1.427,17.64,0.202,8.033,46,2025-01-09,20260106T061500Z-QE24M
MC-00628,S-004,4140,H449064,25.4,31.1,,1069,0.414,0.883,0.922,0.19,0.104,78,2025-01-09,20260106T061500Z-QE24M
MC-00629,S-004,4140,H377037,38.1,30.3,30.0,1014,0.395,0.892,0.928,0.189,0.099,60,2025-01-09,20260106T061500Z-QE24M
MC-00630,S-005,8620,H924497,31.75,20.9,20.4,657,0.203,0.779,0.494,0.19,0.529,56,2025-01-09,20260106T061500Z-QE24M
MC-00631,S-007,303,H542358,50.8,,,640,0.077,1.603,18.063,0.311,8.093,56,2025-01-10,20260106T061500Z-QE24M
MC-00632,S-008,304,H960976,25.4,,,605,0.052,1.481,18.749,0.209,8.683,26,2025-01-10,20260106T061500Z-QE24M
MC-00633,S-005,8620,H898631,19.05,19.5,19.2,605,0.194,0.758,0.484,0.191,0.571,105,2025-01-10,20260106T061500Z-QE24M
MC-00634,S-011,17-4,H395243,25.4,36.0,,1115,0.038,0.589,14.736,0.102,4.592,68,2025-01-13,20260106T061500Z-QE24M
MC-00635,S-006,303,H794589,38.1,,,648,0.082,1.66,16.694,0.283,8.832,114,2025-01-13,20260106T061500Z-QE24M
MC-00636,S-010,316,H770641,31.75,,,557,0.039,1.43,15.92,2.088,10.513,68,2025-01-13,20260106T061500Z-QE24M
MC-00637,S-003,4140,H537360,25.4,30.5,,1008,0.407,0.863,0.947,0.201,0.106,85,2025-01-13,20260106T061500Z-QE24M
MC-00638,S-012,6061,H516134,38.1,,,309,,,,,,98,2025-01-13,20260106T061500Z-QE24M
MC-00639,S-001,1018,H507001,25.4,,,439,0.176,0.716,0.048,0.009,0.048,80,2025-01-14,20260106T061500Z-QE24M
MC-00640,S-006,303,H519814,38.1,,,636,0.085,1.543,16.973,0.283,8.492,44,2025-01-14,20260106T061500Z-QE24M
MC-00641,S-010,316,H135265,31.75,,,574,0.039,1.48,16.997,2.177,10.501,87,2025-01-14,20260106T061500Z-QE24M
MC-00642,S-001,1018,H434847,19.05,,,453,0.178,0.752,0.053,0.009,0.051,55,2025-01-15,20260106T061500Z-QE24M
MC-00643,S-001,1018,H529813,25.4,,,443,0.183,0.715,0.053,0.01,0.051,97,2025-01-15,20260106T061500Z-QE24M
MC-00644,S-012,6061,H785339,19.05,,,299,,,,,,26,2025-01-15,20260106T061500Z-QE24M
MC-00645,S-004,4140,H823741,31.75,27.4,27.7,1066,0.412,0.881,1.0,0.208,0.096,117,2025-01-16,20260106T061500Z-QE24M
MC-00646,S-008,304,H282846,25.4,,,583,0.048,1.442,18.358,0.21,7.995,68,2025-01-17,20260106T061500Z-QE24M
MC-00647,S-009,316,H506704,38.1,,,578,0.04,1.51,16.247,2.014,10.062,72,2025-01-17,20260106T061500Z-QE24M
MC-00648,S-003,4140,H470869,31.75,29.2,,1005,0.401,0.873,0.922,0.201,0.099,120,2025-01-17,20260106T061500Z-QE24M
MC-00649,S-003,4140,H532657,38.1,32.1,32.6,989,0.402,0.852,0.988,0.19,0.098,55,2025-01-17,20260106T061500Z-QE24M
MC-00650,S-003,4140,H783400,38.1,33.7,33.4,1056,0.406,0.847,0.977,0.189,0.102,69,2025-01-20,20260106T061500Z-QE24M
MC-00651,S-011,17-4,H644989,31.75,34.5,34.7,1061,0.04,0.58,16.407,0.103,4.205,87,2025-01-22,20260106T061500Z-QE24M
MC-00652,S-004,4140,H234183,44.45,34.3,33.6,1064,0.408,0.871,0.94,0.201,0.1,53,2025-01-22,20260106T061500Z-QE24M
MC-00653,S-011,17-4,H797540,31.75,35.9,34.6,1124,0.041,0.617,16.173,0.102,4.255,101,2025-01-23,20260106T061500Z-QE24M
MC-00654,S-004,4140,H932999,44.45,24.9,25.8,986,0.41,0.906,0.966,0.2,0.101,28,2025-01-23,20260106T061500Z-QE24M
MC-00655,S-005,8620,H548016,25.4,15.8,,645,0.194,0.81,0.52,0.205,0.572,102,2025-01-24,20260106T061500Z-QE24M
MC-00656,S-007,303,H143621,19.05,,,602,0.08,1.552,17.157,0.303,8.891,72,2025-01-27,20260106T061500Z-QE24M
MC-00657,S-005,8620,H255792,25.4,22.2,,621,0.197,0.795,0.524,0.205,0.579,118,2025-01-27,20260106T061500Z-QE24M
MC-00658,S-001,1018,H751166,50.8,,,436,0.181,0.79,0.051,0.01,0.047,116,2025-01-28,20260106T061500Z-QE24M
MC-00659,S-009,316,H354958,31.75,,,593,0.04,1.524,17.609,2.16,10.25,93,2025-01-29,20260106T061500Z-QE24M
MC-00660,S-006,303,H897494,50.8,,,626,0.078,1.616,18.478,0.314,8.91,21,2025-01-30,20260106T061500Z-QE24M
MC-00661,S-010,316,H260199,25.4,,,569,0.042,1.439,17.534,2.187,10.609,111,2025-01-30,20260106T061500Z-QE24M
MC-00662,S-005,8620,H190931,19.05,19.9,20.0,655,0.203,0.782,0.495,0.205,0.542,49,2025-01-30,20260106T061500Z-QE24M
MC-00663,S-002,1045,H290661,38.1,18.6,,615,0.447,0.772,0.049,0.01,0.051,91,2025-02-03,20260106T061500Z-QE24M
MC-00664,S-004,4140,H831067,44.45,26.7,25.9,983,0.393,0.857,0.98,0.197,0.1,82,2025-02-03,20260106T061500Z-QE24M
MC-00665,S-002,1045,H638953,38.1,17.1,17.2,619,0.444,0.752,0.049,0.011,0.049,58,2025-02-04,20260106T061500Z-QE24M
MC-00666,S-003,4140,H807621,38.1,32.3,32.1,1026,0.391,0.909,0.908,0.196,0.096,85,2025-02-04,20260106T061500Z-QE24M
MC-00667,S-004,4140,H666737,44.45,30.7,30.7,1008,0.399,0.93,0.955,0.193,0.103,44,2025-02-04,20260106T061500Z-QE24M
MC-00668,S-013,7075,H524800,50.8,,,575,,,,,,95,2025-02-04,20260106T061500Z-QE24M
MC-00669,S-009,316,H333627,25.4,,,579,0.041,1.484,16.559,2.046,10.362,76,2025-02-05,20260106T061500Z-QE24M
MC-00670,S-003,4140,H127115,38.1,27.3,27.0,1062,0.397,0.864,0.975,0.208,0.097,74,2025-02-05,20260106T061500Z-QE24M
MC-00671,S-003,4140,H950445,44.45,31.2,,993,0.404,0.88,0.943,0.211,0.096,80,2025-02-05,20260106T061500Z-QE24M
MC-00672,S-003,4140,H173316,25.4,28.7,,1059,0.408,0.83,0.992,0.19,0.099,89,2025-02-06,20260106T061500Z-QE24M
MC-00673,S-003,4140,H592993,25.4,31.7,,1023,0.417,0.845,0.922,0.193,0.101,84,2025-02-07,20260106T061500Z-QE24M
MC-00674,S-002,1045,H288235,31.75,22.8,22.6,646,0.468,0.775,0.051,0.011,0.05,43,2025-02-10,20260106T061500Z-QE24M
MC-00675,S-008,304,H844661,38.1,,,581,0.051,1.571,17.461,0.199,8.072,64,2025-02-10,20260106T061500Z-QE24M
MC-00676,S-003,4140,H468360,25.4,33.4,,1026,0.413,0.871,0.939,0.191,0.096,96,2025-02-10,20260106T061500Z-QE24M
MC-00677,S-004,4140,H902432,38.1,31.2,,1061,0.414,0.844,0.988,0.203,0.097,21,2025-02-10,20260106T061500Z-QE24M
MC-00678,S-008,304,H338362,38.1,,,600,0.05,1.529,19.032,0.208,7.868,109,2025-02-11,20260106T061500Z-QE24M
MC-00679,S-005,8620,H817467,31.75,22.0,,624,0.193,0.813,0.522,0.188,0.567,116,2025-02-11,20260106T061500Z-QE24M
MC-00680,S-007,303,H235810,19.05,,,613,0.081,1.628,17.041,0.284,8.583,49,2025-02-12,20260106T061500Z-QE24M
MC-00681,S-009,316,H812832,31.75,,,608,0.042,1.5,16.029,2.142,9.938,92,2025-02-12,20260106T061500Z-QE24M
MC-00682,S-009,316,H904698,31.75,,,564,0.042,1.433,16.398,1.983,10.63,105,2025-02-13,20260106T061500Z-QE24M
MC-00683,S-003,4140,H478956,44.45,28.7,29.1,1018,0.397,0.912,0.976,0.207,0.1,103,2025-02-13,20260106T061500Z-QE24M
MC-00684,S-005,8620,H457249,25.4,22.0,21.8,642,0.209,0.835,0.475,0.2,0.528,76,2025-02-13,20260106T061500Z-QE24M
MC-00685,S-009,316,H347469,31.75,,,600,0.038,1.54,16.351,1.988,10.473,104,2025-02-14,20260106T061500Z-QE24M
MC-00686,S-004,4140,H948163,44.45,28.9,,1054,0.431,0.861,0.926,0.203,0.094,88,2025-02-14,20260106T061500Z-QE24M
MC-00687,S-011,17-4,H561520,31.75,33.8,33.7,1139,0.039,0.58,15.083,0.095,4.42,32,2025-02-17,20260106T061500Z-QE24M
MC-00688,S-006,303,H305950,50.8,,,623,0.079,1.567,18.545,0.286,9.001,48,2025-02-17,20260106T061500Z-QE24M
MC-00689,S-008,304,H621149,25.4,,,592,0.052,1.448,18.915,0.209,8.382,67,2025-02-17,20260106T061500Z-QE24M
MC-00690,S-003,4140,H861115,63.5,34.2,33.7,1015,0.418,0.93,0.938,0.212,0.098,31,2025-02-17,20260106T061500Z-QE24M
MC-00691,S-013,7075,H758261,25.4,,,584,,,,,,29,2025-02-17,20260106T061500Z-QE24M
MC-00692,S-005,8620,H832980,19.05,19.8,20.8,645,0.203,0.765,0.524,0.19,0.562,61,2025-02-17,20260106T061500Z-QE24M
MC-00693,S-011,17-4,H202797,31.75,35.5,35.6,1106,0.038,0.625,15.278,0.1,4.579,60,2025-02-18,20260106T061500Z-QE24M
MC-00694,S-007,303,H331478,19.05,,,599,0.082,1.678,17.334,0.313,8.53,61,2025-02-18,20260106T061500Z-QE24M
MC-00695,S-007,303,H153896,50.8,,,634,0.076,1.69,16.536,0.302,8.784,95,2025-02-18,20260106T061500Z-QE24M
MC-00696,S-003,4140,H524775,63.5,30.3,30.8,1065,0.412,0.838,0.924,0.209,0.096,105,2025-02-18,20260106T061500Z-QE24M
MC-00697,S-006,303,H721396,19.05,,,638,0.079,1.609,17.463,0.286,8.376,21,2025-02-19,20260106T061500Z-QE24M
MC-00698,S-013,7075,H871604,25.4,,,563,,,,,,99,2025-02-19,20260106T061500Z-QE24M
MC-00699,S-002,1045,H842209,25.4,17.2,17.3,607,0.471,0.789,0.053,0.01,0.052,76,2025-02-20,20260106T061500Z-QE24M
MC-00700,S-004,4140,H640120,44.45,32.6,33.0,994,0.39,0.839,0.949,0.191,0.096,101,2025-02-20,20260106T061500Z-QE24M
MC-00701,S-003,4140,H790384,25.4,33.6,33.8,1062,0.386,0.917,0.967,0.201,0.097,67,2025-02-24,20260106T061500Z-QE24M
MC-00702,S-003,4140,H211887,63.5,31.9,31.8,1058,0.415,0.904,0.946,0.195,0.105,104,2025-02-24,20260106T061500Z-QE24M
MC-00703,S-012,6061,H159698,38.1,,,317,,,,,,73,2025-02-24,20260106T061500Z-QE24M
MC-00704,S-011,17-4,H158318,25.4,32.3,,1131,0.04,0.616,15.681,0.104,4.268,81,2025-02-25,20260106T061500Z-QE24M
MC-00705,S-009,316,H987339,25.4,,,590,0.041,1.483,17.629,2.192,10.325,51,2025-02-25,20260106T061500Z-QE24M
MC-00706,S-003,4140,H195377,25.4,32.9,,1015,0.405,0.836,0.956,0.209,0.106,101,2025-02-25,20260106T061500Z-QE24M
MC-00707,S-003,4140,H505272,63.5,34.9,,1050,0.411,0.919,0.939,0.204,0.099,116,2025-02-25,20260106T061500Z-QE24M
MC-00708,S-009,316,H253934,25.4,,,591,0.039,1.567,16.535,2.046,10.726,32,2025-02-27,20260106T061500Z-QE24M
MC-00709,S-003,4140,H373950,31.75,30.1,29.5,1046,0.413,0.881,0.924,0.202,0.104,45,2025-02-28,20260106T061500Z-QE24M
MC-00710,S-010,316,H142989,38.1,,,580,0.04,1.481,17.734,2.171,10.265,79,2025-03-03,20260106T061500Z-QE24M
MC-00711,S-003,4140,H600873,31.75,30.9,30.5,1003,0.41,0.912,0.989,0.201,0.103,96,2025-03-03,20260106T061500Z-QE24M
MC-00712,S-004,4140,H395342,38.1,28.2,28.4,999,0.426,0.911,0.916,0.188,0.1,118,2025-03-03,20260106T061500Z-QE24M
MC-00713,S-013,7075,H392698,50.8,,,585,,,,,,20,2025-03-03,20260106T061500Z-QE24M
MC-00714,S-003,4140,H534182,31.75,31.9,32.9,1034,0.407,0.903,0.903,0.209,0.101,34,2025-03-04,20260106T061500Z-QE24M
MC-00715,S-004,4140,H694656,63.5,29.2,29.2,1032,0.396,0.898,0.918,0.204,0.099,20,2025-03-07,20260106T061500Z-QE24M
MC-00716,S-007,303,H937328,38.1,,,637,0.076,1.56,17.761,0.308,8.4,82,2025-03-10,20260106T061500Z-QE24M
MC-00717,S-005,8620,H543369,19.05,21.5,20.8,652,0.211,0.821,0.499,0.191,0.553,94,2025-03-10,20260106T061500Z-QE24M
MC-00718,S-007,303,H662630,38.1,,,643,0.08,1.671,17.294,0.3,8.161,77,2025-03-12,20260106T061500Z-QE24M
MC-00719,S-005,8620,H752266,25.4,17.9,18.1,656,0.204,0.829,0.505,0.203,0.526,54,2025-03-12,20260106T061500Z-QE24M
MC-00720,S-002,1045,H764685,25.4,18.2,18.7,624,0.428,0.745,0.051,0.009,0.05,35,2025-03-13,20260106T061500Z-QE24M
MC-00721,S-009,316,H892672,25.4,,,604,0.038,1.54,16.281,2.187,10.415,117,2025-03-13,20260106T061500Z-QE24M
MC-00722,S-008,304,H308995,25.4,,,593,0.051,1.511,17.743,0.204,8.354,53,2025-03-17,20260106T061500Z-QE24M
MC-00723,S-009,316,H765106,31.75,,,604,0.041,1.45,17.362,2.067,10.029,82,2025-03-17,20260106T061500Z-QE24M
MC-00724,S-004,4140,H505881,25.4,31.6,31.2,1055,0.395,0.919,1.002,0.198,0.096,52,2025-03-17,20260106T061500Z-QE24M
MC-00725,S-008,304,H612332,25.4,,,589,0.051,1.564,17.403,0.192,8.523,24,2025-03-18,20260106T061500Z-QE24M
MC-00726,S-012,6061,H341861,19.05,,,302,,,,,,25,2025-03-18,20260106T061500Z-QE24M
MC-00727,S-002,1045,H886924,38.1,19.5,20.0,603,0.467,0.773,0.051,0.01,0.052,97,2025-03-19,20260106T061500Z-QE24M
MC-00728,S-010,316,H444904,25.4,,,583,0.041,1.536,16.147,2.131,10.812,100,2025-03-19,20260106T061500Z-QE24M
MC-00729,S-012,6061,H312131,19.05,,,325,,,,,,74,2025-03-19,20260106T061500Z-QE24M
MC-00730,S-012,6061,H290179,19.05,,,322,,,,,,95,2025-03-20,20260106T061500Z-QE24M
MC-00731,S-014,Ti-6Al-4V,H444349,19.05,35.3,36.2,955,,,,,,53,2025-03-20,20260106T061500Z-QE24M
MC-00732,S-014,Ti-6Al-4V,H784394,38.1,29.5,,914,,,,,,55,2025-03-20,20260106T061500Z-QE24M
MC-00733,S-011,17-4,H870150,25.4,32.9,,1068,0.039,0.597,15.137,0.103,4.143,31,2025-03-21,20260106T061500Z-QE24M
MC-00734,S-007,303,H951814,50.8,,,649,0.079,1.523,17.369,0.288,8.684,44,2025-03-21,20260106T061500Z-QE24M
MC-00735,S-013,7075,H830123,19.05,,,573,,,,,,34,2025-03-24,20260106T061500Z-QE24M
MC-00736,S-014,Ti-6Al-4V,H360834,19.05,30.9,30.8,991,,,,,,29,2025-03-24,20260106T061500Z-QE24M
MC-00737,S-006,303,H355803,38.1,,,646,0.079,1.565,18.005,0.306,8.444,84,2025-03-25,20260106T061500Z-QE24M
MC-00738,S-004,4140,H438152,25.4,30.6,31.1,1044,0.391,0.864,0.922,0.192,0.106,50,2025-03-25,20260106T061500Z-QE24M
MC-00739,S-005,8620,H819424,31.75,22.0,,609,0.2,0.833,0.493,0.195,0.581,63,2025-03-25,20260106T061500Z-QE24M
MC-00740,S-004,4140,H946755,25.4,34.0,34.3,987,0.389,0.902,0.978,0.202,0.101,118,2025-03-26,20260106T061500Z-QE24M
MC-00741,S-002,1045,H977139,31.75,23.7,23.3,620,0.444,0.71,0.052,0.01,0.05,21,2025-03-31,20260106T061500Z-QE24M
MC-00742,S-007,303,H616064,50.8,,,603,0.079,1.68,18.236,0.308,8.347,44,2025-03-31,20260106T061500Z-QE24M
MC-00743,S-004,4140,H225238,44.45,32.8,,1047,0.386,0.907,0.971,0.189,0.104,47,2025-03-31,20260106T061500Z-QE24M
MC-00744,S-005,8620,H513398,31.75,18.4,18.4,647,0.209,0.778,0.527,0.204,0.537,72,2025-03-31,20260106T061500Z-QE24M
MC-00745,S-007,303,H912879,50.8,,,635,0.079,1.638,16.967,0.287,8.217,105,2025-04-01,20260106T061500Z-QE24M
MC-00746,S-008,304,H112982,38.1,,,610,0.053,1.457,18.728,0.205,8.324,40,2025-04-01,20260106T061500Z-QE24M
MC-00747,S-013,7075,H336275,19.05,,,572,,,,,,56,2025-04-01,20260106T061500Z-QE24M
MC-00748,S-002,1045,H406090,38.1,19.9,20.1,648,0.438,0.712,0.051,0.01,0.05,60,2025-04-02,20260106T061500Z-QE24M
MC-00749,S-006,303,H365930,19.05,,,641,0.083,1.58,16.756,0.311,8.695,29,2025-04-02,20260106T061500Z-QE24M
MC-00750,S-005,8620,H468340,19.05,17.2,17.3,630,0.191,0.816,0.488,0.201,0.563,87,2025-04-02,20260106T061500Z-QE24M
MC-00751,S-002,1045,H228913,38.1,19.1,19.6,640,0.447,0.74,0.049,0.011,0.05,103,2025-04-03,20260106T061500Z-QE24M
MC-00752,S-002,1045,H661949,38.1,21.6,20.7,645,0.454,0.727,0.05,0.01,0.053,40,2025-04-04,20260106T061500Z-QE24M
MC-00753,S-003,4140,H915736,38.1,33.7,,1045,0.419,0.904,0.971,0.19,0.103,20,2025-04-04,20260106T061500Z-QE24M
MC-00754,S-012,6061,H118518,19.05,,,311,,,,,,49,2025-04-04,20260106T061500Z-QE24M
MC-00755,S-007,303,H727587,19.05,,,609,0.078,1.547,17.399,0.287,8.115,23,2025-04-07,20260106T061500Z-QE24M
MC-00756,S-012,6061,H286411,50.8,,,305,,,,,,33,2025-04-07,20260106T061500Z-QE24M
MC-00757,S-013,7075,H973598,19.05,,,544,,,,,,36,2025-04-07,20260106T061500Z-QE24M
MC-00758,S-005,8620,H267472,25.4,22.9,,613,0.203,0.84,0.503,0.192,0.571,91,2025-04-07,20260106T061500Z-QE24M
MC-00759,S-001,1018,H635805,25.4,,,450,0.171,0.745,0.05,0.01,0.053,29,2025-04-08,20260106T061500Z-QE24M
MC-00760,S-005,8620,H161882,25.4,18.6,,647,0.195,0.808,0.486,0.194,0.525,89,2025-04-08,20260106T061500Z-QE24M
MC-00761,S-005,8620,H398519,25.4,16.2,16.6,616,0.196,0.796,0.476,0.204,0.552,25,2025-04-09,20260106T061500Z-QE24M
MC-00762,S-012,6061,H469704,38.1,,,297,,,,,,68,2025-04-14,20260106T061500Z-QE24M
MC-00763,S-004,4140,H929803,25.4,28.4,,1004,0.392,0.876,0.986,0.191,0.1,90,2025-04-15,20260106T061500Z-QE24M
MC-00764,S-006,303,H453618,38.1,,,648,0.082,1.529,16.485,0.313,8.407,51,2025-04-16,20260106T061500Z-QE24M
MC-00765,S-004,4140,H170328,31.75,30.2,30.2,1063,0.434,0.843,0.995,0.204,0.095,58,2025-04-16,20260106T061500Z-QE24M
MC-00766,S-001,1018,H180771,19.05,,,424,0.178,0.708,0.051,0.01,0.048,116,2025-04-18,20260106T061500Z-QE24M
MC-00767,S-002,1045,H344863,38.1,17.5,17.3,597,0.425,0.726,0.047,0.011,0.052,74,2025-04-18,20260106T061500Z-QE24M
MC-00768,S-004,4140,H337303,31.75,29.8,30.4,1051,0.432,0.889,0.935,0.202,0.103,107,2025-04-21,20260106T061500Z-QE24M
MC-00769,S-003,4140,H734319,38.1,32.6,,991,0.392,0.898,0.952,0.2,0.1,73,2025-04-21,20260106T061500Z-QE24M
MC-00770,S-010,316,H291069,25.4,,,594,0.041,1.577,16.413,2.108,10.756,56,2025-04-22,20260106T061500Z-QE24M
MC-00771,S-010,316,H982666,38.1,,,557,0.04,1.499,17.193,2.059,10.017,35,2025-04-22,20260106T061500Z-QE24M
MC-00772,S-003,4140,H900146,38.1,27.0,,1023,0.418,0.899,0.987,0.19,0.101,52,2025-04-22,20260106T061500Z-QE24M
MC-00773,S-013,7075,H876304,50.8,,,585,,,,,,25,2025-04-22,20260106T061500Z-QE24M
MC-00774,S-008,304,H215741,38.1,,,617,0.051,1.492,19.139,0.194,7.732,47,2025-04-23,20260106T061500Z-QE24M
MC-00775,S-009,316,H788789,25.4,,,589,0.038,1.521,16.929,2.207,10.435,72,2025-04-23,20260106T061500Z-QE24M
MC-00776,S-009,316,H355501,31.75,,,597,0.038,1.48,17.172,2.187,10.67,98,2025-04-23,20260106T061500Z-QE24M
MC-00777,S-010,316,H145571,38.1,,,590,0.038,1.446,16.339,2.118,10.144,62,2025-04-23,20260106T061500Z-QE24M
MC-00778,S-002,1045,H862094,38.1,21.0,20.6,645,0.445,0.737,0.047,0.01,0.049,36,2025-04-24,20260106T061500Z-QE24M
MC-00779,S-010,316,H216618,38.1,,,596,0.041,1.453,16.857,2.176,9.696,28,2025-04-24,20260106T061500Z-QE24M
MC-00780,S-002,1045,H562111,38.1,16.5,,601,0.461,0.745,0.05,0.009,0.051,76,2025-04-25,20260106T061500Z-QE24M
MC-00781,S-006,303,H743190,50.8,,,597,0.083,1.513,17.976,0.317,8.865,116,2025-04-28,20260106T061500Z-QE24M
MC-00782,S-008,304,H598395,31.75,,,584,0.052,1.585,18.08,0.194,8.684,109,2025-04-28,20260106T061500Z-QE24M
MC-00783,S-009,316,H314524,25.4,,,603,0.04,1.56,16.034,2.221,10.231,30,2025-04-28,20260106T061500Z-QE24M
MC-00784,S-010,316,H973664,31.75,,,607,0.042,1.449,17.734,2.167,9.691,22,2025-04-28,20260106T061500Z-QE24M
MC-00785,S-003,4140,H474412,25.4,30.3,30.4,1004,0.431,0.858,0.961,0.2,0.099,108,2025-04-28,20260106T061500Z-QE24M
MC-00786,S-004,4140,H102873,63.5,27.3,27.7,1005,0.413,0.916,0.904,0.198,0.102,51,2025-04-28,20260106T061500Z-QE24M
MC-00787,S-001,1018,H786983,25.4,,,430,0.187,0.727,0.047,0.01,0.051,113,2025-04-29,20260106T061500Z-QE24M
MC-00788,S-008,304,H873875,31.75,,,621,0.051,1.483,18.472,0.196,8.293,26,2025-04-29,20260106T061500Z-QE24M
MC-00789,S-004,4140,H196553,63.5,33.8,34.0,997,0.404,0.92,0.909,0.19,0.097,52,2025-04-29,20260106T061500Z-QE24M
MC-00790,S-014,Ti-6Al-4V,H804985,50.8,33.7,33.8,963,,,,,,113,2025-04-30,20260106T061500Z-QE24M
MC-00791,S-008,304,H393124,38.1,,,611,0.05,1.417,17.882,0.2,7.866,105,2025-05-02,20260106T061500Z-QE24M
MC-00792,S-013,7075,H575659,19.05,,,574,,,,,,45,2025-05-02,20260106T061500Z-QE24M
MC-00793,S-005,8620,H313371,19.05,17.9,17.9,648,0.201,0.764,0.476,0.188,0.553,30,2025-05-02,20260106T061500Z-QE24M
MC-00794,S-009,316,H400280,25.4,,,572,0.042,1.44,16.358,2.026,10.627,62,2025-05-05,20260106T061500Z-QE24M
MC-00795,S-003,4140,H719567,25.4,30.9,,1018,0.418,0.881,0.979,0.197,0.106,42,2025-05-05,20260106T061500Z-QE24M
MC-00796,S-013,7075,H270982,19.05,,,585,,,,,,48,2025-05-05,20260106T061500Z-QE24M
MC-00797,S-004,4140,H701161,44.45,34.9,34.6,1007,0.386,0.832,0.915,0.189,0.097,45,2025-05-06,20260106T061500Z-QE24M
MC-00798,S-009,316,H870532,25.4,,,558,0.041,1.455,17.548,1.992,9.865,32,2025-05-07,20260106T061500Z-QE24M
MC-00799,S-008,304,H791292,38.1,,,618,0.051,1.515,19.119,0.189,7.944,24,2025-05-08,20260106T061500Z-QE24M
MC-00800,S-014,Ti-6Al-4V,H944470,50.8,35.1,,954,,,,,,100,2025-05-08,20260106T061500Z-QE24M
MC-00801,S-012,6061,H552617,19.05,,,313,,,,,,50,2025-05-09,20260106T061500Z-QE24M
MC-00802,S-012,6061,H726630,19.05,,,297,,,,,,75,2025-05-12,20260106T061500Z-QE24M
MC-00803,S-002,1045,H892814,25.4,18.3,18.5,632,0.452,0.744,0.049,0.01,0.053,32,2025-05-13,20260106T061500Z-QE24M
MC-00804,S-002,1045,H567266,25.4,18.9,,625,0.445,0.779,0.052,0.01,0.05,95,2025-05-14,20260106T061500Z-QE24M
MC-00805,S-003,4140,H136002,38.1,28.5,28.5,1057,0.417,0.877,0.996,0.21,0.099,59,2025-05-14,20260106T061500Z-QE24M
MC-00806,S-007,303,H580369,19.05,,,608,0.078,1.557,17.616,0.298,8.931,106,2025-05-16,20260106T061500Z-QE24M
MC-00807,S-008,304,H894235,25.4,,,623,0.052,1.572,18.279,0.192,8.032,49,2025-05-16,20260106T061500Z-QE24M
MC-00808,S-003,4140,H703254,31.75,29.4,29.2,985,0.386,0.877,0.927,0.188,0.105,89,2025-05-16,20260106T061500Z-QE24M
MC-00809,S-005,8620,H796106,25.4,20.5,20.6,647,0.209,0.775,0.493,0.206,0.519,62,2025-05-16,20260106T061500Z-QE24M
MC-00810,S-005,8620,H300839,31.75,23.9,24.3,606,0.207,0.832,0.476,0.208,0.532,93,2025-05-16,20260106T061500Z-QE24M
MC-00811,S-007,303,H415207,19.05,,,626,0.081,1.539,17.887,0.307,9.034,20,2025-05-19,20260106T061500Z-QE24M
MC-00812,S-010,316,H640182,31.75,,,589,0.04,1.464,17.183,2.025,10.103,48,2025-05-19,20260106T061500Z-QE24M
MC-00813,S-005,8620,H984382,25.4,20.9,20.7,638,0.189,0.84,0.498,0.209,0.559,54,2025-05-19,20260106T061500Z-QE24M
MC-00814,S-010,316,H214936,31.75,,,607,0.041,1.503,17.593,2.013,9.98,97,2025-05-20,20260106T061500Z-QE24M
MC-00815,S-003,4140,H991744,44.45,30.6,30.7,1052,0.424,0.858,0.911,0.209,0.095,101,2025-05-20,20260106T061500Z-QE24M
MC-00816,S-007,303,H149559,19.05,,,619,0.078,1.567,18.08,0.316,8.659,24,2025-05-21,20260106T061500Z-QE24M
MC-00817,S-010,316,H504231,31.75,,,607,0.038,1.429,17.06,2.124,9.995,55,2025-05-21,20260106T061500Z-QE24M
MC-00818,S-004,4140,H548182,25.4,33.3,,983,0.406,0.849,0.918,0.188,0.098,51,2025-05-21,20260106T061500Z-QE24M
MC-00819,S-003,4140,H912673,44.45,30.5,29.5,991,0.418,0.84,0.919,0.195,0.097,52,2025-05-21,20260106T061500Z-QE24M
MC-00820,S-004,4140,H198603,25.4,27.2,28.1,1009,0.39,0.875,0.939,0.198,0.099,64,2025-05-22,20260106T061500Z-QE24M
MC-00821,S-001,1018,H866119,19.05,,,444,0.186,0.753,0.053,0.011,0.05,70,2025-05-23,20260106T061500Z-QE24M
MC-00822,S-004,4140,H907337,25.4,28.8,28.4,993,0.401,0.925,0.943,0.19,0.104,29,2025-05-23,20260106T061500Z-QE24M
MC-00823,S-006,303,H983754,50.8,,,606,0.078,1.619,17.407,0.31,8.62,93,2025-05-26,20260106T061500Z-QE24M
MC-00824,S-009,316,H146172,38.1,,,583,0.039,1.414,17.247,2.06,10.606,60,2025-05-26,20260106T061500Z-QE24M
MC-00825,S-002,1045,H417918,31.75,17.6,18.0,597,0.475,0.729,0.052,0.01,0.051,78,2025-05-28,20260106T061500Z-QE24M
MC-00826,S-006,303,H258181,50.8,,,639,0.081,1.608,17.629,0.298,8.924,31,2025-05-28,20260106T061500Z-QE24M
MC-00827,S-008,304,H182046,25.4,,,603,0.049,1.466,18.494,0.211,8.683,74,2025-05-28,20260106T061500Z-QE24M
MC-00828,S-009,316,H239961,31.75,,,574,0.042,1.584,17.686,2.025,10.84,107,2025-05-28,20260106T061500Z-QE24M
MC-00829,S-005,8620,H311528,25.4,19.5,19.3,648,0.191,0.768,0.528,0.194,0.553,97,2025-05-28,20260106T061500Z-QE24M
MC-00830,S-014,Ti-6Al-4V,H629848,38.1,33.0,,925,,,,,,35,2025-05-28,20260106T061500Z-QE24M
MC-00831,S-002,1045,H585983,38.1,18.1,17.3,637,0.462,0.706,0.05,0.01,0.052,31,2025-05-30,20260106T061500Z-QE24M
MC-00832,S-011,17-4,H233776,31.75,34.9,,1097,0.039,0.571,15.959,0.104,4.147,41,2025-05-30,20260106T061500Z-QE24M
MC-00833,S-008,304,H209578,38.1,,,602,0.052,1.526,18.206,0.211,7.864,81,2025-05-30,20260106T061500Z-QE24M
MC-00834,S-004,4140,H958388,63.5,31.6,31.3,1011,0.422,0.882,0.975,0.188,0.1,89,2025-05-30,20260106T061500Z-QE24M
MC-00835,S-005,8620,H373967,31.75,18.6,,636,0.205,0.77,0.471,0.198,0.577,120,2025-05-30,20260106T061500Z-QE24M
MC-00836,S-002,1045,H503823,38.1,20.6,20.6,616,0.464,0.749,0.052,0.01,0.05,54,2025-06-02,20260106T061500Z-QE24M
MC-00837,S-011,17-4,H497530,38.1,32.3,32.4,1068,0.04,0.603,15.244,0.104,4.532,79,2025-06-02,20260106T061500Z-QE24M
MC-00838,S-003,4140,H120776,63.5,30.3,29.8,1039,0.419,0.931,0.942,0.208,0.1,67,2025-06-02,20260106T061500Z-QE24M
MC-00839,S-012,6061,H938611,38.1,,,309,,,,,,115,2025-06-02,20260106T061500Z-QE24M
MC-00840,S-002,1045,H816978,38.1,17.0,,650,0.44,0.772,0.051,0.01,0.048,42,2025-06-03,20260106T061500Z-QE24M
MC-00841,S-003,4140,H581277,63.5,29.1,29.0,996,0.4,0.92,0.966,0.196,0.095,47,2025-06-03,20260106T061500Z-QE24M
MC-00842,S-013,7075,H335276,25.4,,,583,,,,,,105,2025-06-04,20260106T061500Z-QE24M
MC-00843,S-005,8620,H359565,25.4,17.4,,620,0.204,0.773,0.503,0.209,0.568,101,2025-06-05,20260106T061500Z-QE24M
MC-00844,S-002,1045,H639170,31.75,21.9,21.0,608,0.448,0.74,0.053,0.01,0.053,120,2025-06-09,20260106T061500Z-QE24M
MC-00845,S-011,17-4,H433818,31.75,31.8,31.3,1110,0.039,0.588,15.301,0.099,4.533,114,2025-06-09,20260106T061500Z-QE24M
MC-00846,S-006,303,H929277,50.8,,,600,0.082,1.667,17.373,0.287,8.436,63,2025-06-09,20260106T061500Z-QE24M
MC-00847,S-011,17-4,H200164,38.1,34.5,,1093,0.041,0.625,16.515,0.095,4.545,29,2025-06-10,20260106T061500Z-QE24M
MC-00848,S-004,4140,H349414,38.1,30.7,,1002,0.39,0.833,0.905,0.189,0.098,86,2025-06-10,20260106T061500Z-QE24M
MC-00849,S-013,7075,H964222,25.4,,,583,,,,,,42,2025-06-10,20260106T061500Z-QE24M
MC-00850,S-003,4140,H421235,44.45,26.3,26.4,1017,0.39,0.844,0.946,0.203,0.098,115,2025-06-11,20260106T061500Z-QE24M
MC-00851,S-013,7075,H462437,25.4,,,541,,,,,,33,2025-06-11,20260106T061500Z-QE24M
MC-00852,S-006,303,H364193,38.1,,,648,0.076,1.617,17.597,0.31,8.649,104,2025-06-12,20260106T061500Z-QE24M
MC-00853,S-004,4140,H306510,38.1,31.1,30.0,1031,0.418,0.928,0.938,0.19,0.103,44,2025-06-13,20260106T061500Z-QE24M
MC-00854,S-008,304,H994921,31.75,,,609,0.053,1.5,18.331,0.2,8.468,105,2025-06-16,20260106T061500Z-QE24M
MC-00855,S-004,4140,H385215,25.4,27.1,26.9,988,0.387,0.864,0.924,0.194,0.099,20,2025-06-16,20260106T061500Z-QE24M
MC-00856,S-005,8620,H310110,19.05,16.9,,656,0.193,0.769,0.528,0.207,0.562,67,2025-06-16,20260106T061500Z-QE24M
MC-00857,S-008,304,H980678,25.4,,,579,0.05,1.51,18.009,0.207,7.735,53,2025-06-18,20260106T061500Z-QE24M
MC-00858,S-008,304,H871732,25.4,,,624,0.047,1.444,17.254,0.196,8.291,89,2025-06-19,20260106T061500Z-QE24M
MC-00859,S-005,8620,H137187,31.75,22.1,,658,0.19,0.77,0.476,0.197,0.546,78,2025-06-19,20260106T061500Z-QE24M
MC-00860,S-002,1045,H911804,25.4,20.4,20.1,639,0.445,0.73,0.048,0.009,0.047,28,2025-06-20,20260106T061500Z-QE24M
MC-00861,S-008,304,H779149,25.4,,,612,0.048,1.454,17.231,0.197,8.326,77,2025-06-20,20260106T061500Z-QE24M
MC-00862,S-005,8620,H364708,19.05,20.5,21.1,633,0.189,0.764,0.502,0.202,0.53,34,2025-06-23,20260106T061500Z-QE24M
MC-00863,S-005,8620,H858737,31.75,20.7,20.1,627,0.194,0.784,0.513,0.2,0.546,98,2025-06-23,20260106T061500Z-QE24M
MC-00864,S-009,316,H643256,31.75,,,598,0.042,1.519,16.758,2.026,9.693,61,2025-06-24,20260106T061500Z-QE24M
MC-00865,S-003,4140,H218134,31.75,30.3,,1029,0.402,0.931,0.923,0.19,0.102,76,2025-06-24,20260106T061500Z-QE24M
MC-00866,S-005,8620,H836034,19.05,20.5,19.9,621,0.193,0.824,0.514,0.19,0.538,87,2025-06-24,20260106T061500Z-QE24M
MC-00867,S-010,316,H755718,31.75,,,569,0.042,1.447,17.505,2.06,9.866,61,2025-06-25,20260106T061500Z-QE24M
MC-00868,S-003,4140,H309627,25.4,28.3,28.2,1062,0.414,0.915,0.91,0.201,0.094,56,2025-06-25,20260106T061500Z-QE24M
MC-00869,S-003,4140,H825810,31.75,30.1,,1006,0.421,0.86,0.962,0.194,0.102,105,2025-06-25,20260106T061500Z-QE24M
MC-00870,S-003,4140,H255723,44.45,28.1,28.0,1026,0.403,0.836,0.963,0.189,0.105,51,2025-06-25,20260106T061500Z-QE24M
MC-00871,S-003,4140,H653392,31.75,32.7,,1057,0.397,0.931,0.937,0.203,0.105,30,2025-06-26,20260106T061500Z-QE24M
MC-00872,S-004,4140,H492372,44.45,31.4,30.6,1051,0.431,0.835,0.983,0.209,0.1,73,2025-06-26,20260106T061500Z-QE24M
MC-00873,S-002,1045,H578700,31.75,16.2,17.1,598,0.474,0.793,0.049,0.01,0.052,23,2025-06-27,20260106T061500Z-QE24M
MC-00874,S-004,4140,H934572,31.75,31.9,31.3,1044,0.423,0.84,1.005,0.2,0.1,32,2025-06-27,20260106T061500Z-QE24M
MC-00875,S-011,17-4,H529947,25.4,31.7,31.8,1089,0.039,0.621,16.076,0.106,4.511,120,2025-06-30,20260106T061500Z-QE24M
MC-00876,S-010,316,H552656,31.75,,,582,0.041,1.473,17.148,2.198,10.196,65,2025-06-30,20260106T061500Z-QE24M
MC-00877,S-004,4140,H644480,31.75,30.0,,1034,0.397,0.881,0.995,0.194,0.102,81,2025-06-30,20260106T061500Z-QE24M
MC-00878,S-004,4140,H730114,44.45,27.3,27.7,1000,0.431,0.899,0.99,0.195,0.103,31,2025-06-30,20260106T061500Z-QE24M
MC-00879,S-006,303,H764600,19.05,,,638,0.081,1.543,17.814,0.309,8.212,61,2025-07-01,20260106T061500Z-QE24M
MC-00880,S-003,4140,H122949,44.45,32.5,32.8,1064,0.423,0.928,0.938,0.198,0.106,109,2025-07-01,20260106T061500Z-QE24M
MC-00881,S-006,303,H785566,38.1,,,649,0.083,1.611,17.253,0.315,8.693,92,2025-07-02,20260106T061500Z-QE24M
MC-00882,S-007,303,H561621,50.8,,,617,0.083,1.558,16.776,0.308,8.272,30,2025-07-02,20260106T061500Z-QE24M
MC-00883,S-003,4140,H319868,44.45,28.6,28.7,987,0.398,0.923,0.951,0.208,0.104,80,2025-07-02,20260106T061500Z-QE24M
MC-00884,S-002,1045,H422455,38.1,12.9,13.3,633,0.462,0.714,0.048,0.01,0.052,78,2025-07-03,20260106T061500Z-QE24M
MC-00885,S-008,304,H993381,25.4,,,611,0.049,1.564,18.611,0.189,8.066,72,2025-07-03,20260106T061500Z-QE24M
MC-00886,S-003,4140,H455517,25.4,31.3,31.1,1049,0.386,0.873,0.984,0.192,0.097,25,2025-07-07,20260106T061500Z-QE24M
MC-00887,S-014,Ti-6Al-4V,H339101,19.05,33.4,32.8,961,,,,,,104,2025-07-07,20260106T061500Z-QE24M
MC-00888,S-003,4140,H938720,25.4,30.7,30.3,980,0.397,0.922,0.961,0.199,0.101,45,2025-07-08,20260106T061500Z-QE24M
MC-00889,S-003,4140,H543210,25.4,31.3,30.3,1061,0.42,0.85,0.94,0.191,0.096,49,2025-07-09,20260106T061500Z-QE24M
MC-00890,S-001,1018,H638676,50.8,,,428,0.186,0.768,0.051,0.01,0.047,41,2025-07-10,20260106T061500Z-QE24M
MC-00891,S-004,4140,H157017,38.1,31.7,31.1,1020,0.411,0.9,0.912,0.202,0.095,100,2025-07-11,20260106T061500Z-QE24M
MC-00892,S-005,8620,H954414,25.4,20.0,20.2,639,0.194,0.835,0.508,0.203,0.573,95,2025-07-11,20260106T061500Z-QE24M
MC-00893,S-008,304,H782648,38.1,,,616,0.05,1.572,18.903,0.209,7.808,85,2025-07-14,20260106T061500Z-QE24M
MC-00894,S-009,316,H287644,38.1,,,559,0.038,1.584,16.366,1.985,10.252,25,2025-07-14,20260106T061500Z-QE24M
MC-00895,S-007,303,H823816,50.8,,,622,0.082,1.56,16.981,0.311,8.917,34,2025-07-15,20260106T061500Z-QE24M
MC-00896,S-008,304,H197964,38.1,,,600,0.047,1.439,17.897,0.194,7.785,97,2025-07-15,20260106T061500Z-QE24M
MC-00897,S-010,316,H228278,38.1,,,576,0.038,1.493,17.429,2.032,10.549,102,2025-07-15,20260106T061500Z-QE24M
MC-00898,S-007,303,H263567,50.8,,,601,0.08,1.61,17.376,0.309,8.364,59,2025-07-16,20260106T061500Z-QE24M
MC-00899,S-008,304,H293495,38.1,,,590,0.05,1.574,18.855,0.209,8.538,80,2025-07-16,20260106T061500Z-QE24M
MC-00900,S-008,304,H237591,25.4,,,604,0.052,1.543,18.097,0.19,8.411,29,2025-07-17,20260106T061500Z-QE24M
MC-00901,S-010,316,H989209,25.4,,,607,0.042,1.435,16.291,2.043,10.024,101,2025-07-17,20260106T061500Z-QE24M
MC-00902,S-004,4140,H422148,31.75,30.4,30.6,1033,0.4,0.931,0.934,0.208,0.099,95,2025-07-17,20260106T061500Z-QE24M
MC-00903,S-001,1018,H444171,50.8,,,456,0.176,0.729,0.049,0.01,0.051,99,2025-07-18,20260106T061500Z-QE24M
MC-00904,S-008,304,H648531,25.4,,,600,0.053,1.486,17.438,0.202,8.263,45,2025-07-18,20260106T061500Z-QE24M
MC-00905,S-010,316,H412358,25.4,,,576,0.039,1.449,16.152,2.046,9.787,59,2025-07-18,20260106T061500Z-QE24M
MC-00906,S-004,4140,H851916,31.75,28.4,28.8,1017,0.392,0.92,0.894,0.198,0.1,30,2025-07-18,20260106T061500Z-QE24M
MC-00907,S-008,304,H627419,25.4,,,606,0.049,1.45,18.83,0.198,8.31,24,2025-07-21,20260106T061500Z-QE24M
MC-00908,S-004,4140,H418073,38.1,31.3,31.1,1031,0.406,0.908,0.989,0.199,0.097,42,2025-07-23,20260106T061500Z-QE24M
MC-00909,S-005,8620,H774256,19.05,25.9,26.1,641,0.211,0.793,0.526,0.21,0.532,98,2025-07-23,20260106T061500Z-QE24M
MC-00910,S-014,Ti-6Al-4V,H306531,50.8,36.0,,957,,,,,,103,2025-07-23,20260106T061500Z-QE24M
MC-00911,S-005,8620,H521699,19.05,19.9,19.9,656,0.208,0.819,0.491,0.194,0.569,49,2025-07-24,20260106T061500Z-QE24M
MC-00912,S-008,304,H213612,25.4,,,591,0.048,1.424,17.273,0.2,7.818,105,2025-07-25,20260106T061500Z-QE24M
MC-00913,S-010,316,H509568,25.4,,,588,0.04,1.436,15.96,2.208,10.448,67,2025-07-25,20260106T061500Z-QE24M
MC-00914,S-014,Ti-6Al-4V,H720013,50.8,32.4,32.1,922,,,,,,73,2025-07-25,20260106T061500Z-QE24M
MC-00915,S-001,1018,H896138,50.8,,,455,0.182,0.768,0.048,0.011,0.047,81,2025-07-28,20260106T061500Z-QE24M
MC-00916,S-004,4140,H887923,25.4,33.0,32.5,996,0.387,0.889,0.956,0.197,0.095,52,2025-07-28,20260106T061500Z-QE24M
MC-00917,S-003,4140,H357677,44.45,31.1,31.6,1047,0.398,0.927,0.927,0.193,0.103,52,2025-07-28,20260106T061500Z-QE24M
MC-00918,S-004,4140,H298568,63.5,32.2,32.5,1032,0.397,0.858,0.977,0.204,0.099,113,2025-07-28,20260106T061500Z-QE24M
MC-00919,S-008,304,H267884,25.4,,,628,0.052,1.548,18.949,0.189,8.167,38,2025-07-29,20260106T061500Z-QE24M
MC-00920,S-003,4140,H192726,38.1,27.5,,1012,0.421,0.877,0.948,0.191,0.103,66,2025-07-29,20260106T061500Z-QE24M
MC-00921,S-004,4140,H206616,63.5,33.5,34.3,1021,0.391,0.914,0.939,0.201,0.102,73,2025-07-29,20260106T061500Z-QE24M
MC-00922,S-003,4140,H428995,38.1,29.6,29.7,1019,0.422,0.93,0.918,0.207,0.099,64,2025-07-30,20260106T061500Z-QE24M
MC-00923,S-004,4140,H594819,63.5,31.2,31.0,1056,0.434,0.85,0.901,0.192,0.105,116,2025-07-30,20260106T061500Z-QE24M
MC-00924,S-005,8620,H187805,25.4,17.0,,656,0.191,0.839,0.499,0.191,0.561,97,2025-07-31,20260106T061500Z-QE24M
MC-00925,S-004,4140,H114161,63.5,29.5,29.9,989,0.427,0.841,1.0,0.2,0.105,89,2025-08-01,20260106T061500Z-QE24M
MC-00926,S-001,1018,H502136,19.05,,,456,0.191,0.752,0.049,0.01,0.049,119,2025-08-04,20260106T061500Z-QE24M
MC-00927,S-002,1045,H681595,38.1,18.3,,617,0.442,0.79,0.048,0.01,0.05,25,2025-08-04,20260106T061500Z-QE24M
MC-00928,S-011,17-4,H409036,31.75,32.4,,1090,0.041,0.62,16.376,0.1,4.149,61,2025-08-04,20260106T061500Z-QE24M
MC-00929,S-008,304,H995416,31.75,,,625,0.049,1.546,18.246,0.194,8.088,78,2025-08-04,20260106T061500Z-QE24M
MC-00930,S-012,6061,H285822,19.05,,,303,,,,,,57,2025-08-04,20260106T061500Z-QE24M
MC-00931,S-012,6061,H689219,50.8,,,310,,,,,,64,2025-08-04,20260106T061500Z-QE24M
MC-00932,S-013,7075,H483530,19.05,,,544,,,,,,71,2025-08-04,20260106T061500Z-QE24M
MC-00933,S-002,1045,H839611,38.1,21.2,,639,0.43,0.714,0.05,0.01,0.052,64,2025-08-05,20260106T061500Z-QE24M
MC-00934,S-008,304,H731792,31.75,,,617,0.049,1.469,17.798,0.199,8.656,107,2025-08-05,20260106T061500Z-QE24M
MC-00935,S-012,6061,H709668,19.05,,,324,,,,,,31,2025-08-05,20260106T061500Z-QE24M
MC-00936,S-013,7075,H468048,50.8,,,571,,,,,,32,2025-08-05,20260106T061500Z-QE24M
MC-00937,S-002,1045,H660717,38.1,19.0,,635,0.45,0.765,0.049,0.01,0.051,107,2025-08-06,20260106T061500Z-QE24M
MC-00938,S-010,316,H339805,31.75,,,575,0.041,1.521,16.396,2.152,10.706,92,2025-08-06,20260106T061500Z-QE24M
MC-00939,S-013,7075,H491276,25.4,,,586,,,,,,114,2025-08-06,20260106T061500Z-QE24M
MC-00940,S-002,1045,H160490,38.1,20.3,,649,0.442,0.763,0.048,0.009,0.047,72,2025-08-07,20260106T061500Z-QE24M
MC-00941,S-010,316,H999707,31.75,,,583,0.038,1.502,16.426,2.0,10.329,76,2025-08-07,20260106T061500Z-QE24M
MC-00942,S-002,1045,H567006,31.75,16.8,16.1,640,0.463,0.713,0.052,0.01,0.048,93,2025-08-08,20260106T061500Z-QE24M
MC-00943,S-009,316,H100239,31.75,,,576,0.041,1.5,17.714,2.217,9.762,42,2025-08-08,20260106T061500Z-QE24M
MC-00944,S-003,4140,H668828,44.45,29.9,30.1,1027,0.425,0.881,0.973,0.211,0.102,39,2025-08-11,20260106T061500Z-QE24M
MC-00945,S-005,8620,H430842,19.05,23.3,23.4,634,0.208,0.764,0.519,0.2,0.527,106,2025-08-11,20260106T061500Z-QE24M
MC-00946,S-014,Ti-6Al-4V,H765803,38.1,30.4,,953,,,,,,76,2025-08-11,20260106T061500Z-QE24M
MC-00947,S-004,4140,H310225,25.4,29.3,29.3,1024,0.416,0.903,0.977,0.199,0.1,62,2025-08-12,20260106T061500Z-QE24M
MC-00948,S-004,4140,H995842,44.45,32.2,32.7,1053,0.429,0.916,0.939,0.202,0.103,51,2025-08-12,20260106T061500Z-QE24M
MC-00949,S-007,303,H168606,38.1,,,620,0.08,1.596,17.38,0.29,8.459,51,2025-08-13,20260106T061500Z-QE24M
MC-00950,S-007,303,H211082,50.8,,,634,0.08,1.62,16.498,0.299,8.416,94,2025-08-13,20260106T061500Z-QE24M
MC-00951,S-010,316,H466580,38.1,,,569,0.04,1.517,17.647,2.044,10.598,44,2025-08-13,20260106T061500Z-QE24M
MC-00952,S-003,4140,H304432,25.4,29.7,,1009,0.423,0.921,0.92,0.21,0.104,86,2025-08-13,20260106T061500Z-QE24M
MC-00953,S-004,4140,H947159,44.45,27.5,28.3,1033,0.419,0.9,0.927,0.203,0.103,95,2025-08-13,20260106T061500Z-QE24M
MC-00954,S-006,303,H515400,19.05,,,636,0.081,1.542,18.191,0.283,8.618,103,2025-08-14,20260106T061500Z-QE24M
MC-00955,S-007,303,H367440,38.1,,,642,0.077,1.692,17.791,0.302,8.52,57,2025-08-14,20260106T061500Z-QE24M
MC-00956,S-008,304,H451305,38.1,,,582,0.052,1.434,17.463,0.207,8.396,51,2025-08-14,20260106T061500Z-QE24M
MC-00957,S-010,316,H682386,38.1,,,593,0.039,1.441,16.337,2.149,9.973,50,2025-08-14,20260106T061500Z-QE24M
MC-00958,S-003,4140,H344371,25.4,29.1,29.8,980,0.393,0.881,1.002,0.208,0.103,47,2025-08-14,20260106T061500Z-QE24M
MC-00959,S-005,8620,H694927,31.75,20.7,20.2,622,0.205,0.759,0.505,0.192,0.547,64,2025-08-14,20260106T061500Z-QE24M
MC-00960,S-008,304,H777664,38.1,,,625,0.051,1.53,19.181,0.198,8.463,31,2025-08-15,20260106T061500Z-QE24M
MC-00961,S-003,4140,H632314,25.4,28.2,28.6,1062,0.432,0.837,0.954,0.2,0.101,111,2025-08-15,20260106T061500Z-QE24M
MC-00962,S-013,7075,H945758,25.4,,,583,,,,,,88,2025-08-15,20260106T061500Z-QE24M
MC-00963,S-005,8620,H446632,31.75,23.6,23.1,647,0.193,0.76,0.491,0.202,0.574,116,2025-08-15,20260106T061500Z-QE24M
MC-00964,S-001,1018,H170928,19.05,,,428,0.175,0.715,0.05,0.01,0.049,96,2025-08-18,20260106T061500Z-QE24M
MC-00965,S-003,4140,H964768,31.75,28.4,28.6,1001,0.391,0.876,0.971,0.207,0.102,93,2025-08-18,20260106T061500Z-QE24M
MC-00966,S-003,4140,H546713,31.75,31.5,31.2,1009,0.388,0.924,0.928,0.197,0.101,58,2025-08-19,20260106T061500Z-QE24M
MC-00967,S-004,4140,H314099,31.75,31.2,,1001,0.408,0.927,0.912,0.188,0.104,107,2025-08-20,20260106T061500Z-QE24M
MC-00968,S-012,6061,H414250,19.05,,,303,,,,,,71,2025-08-20,20260106T061500Z-QE24M
MC-00969,S-005,8620,H751352,25.4,23.1,22.5,637,0.21,0.836,0.497,0.208,0.558,67,2025-08-20,20260106T061500Z-QE24M
MC-00970,S-004,4140,H985807,38.1,32.0,31.0,1043,0.423,0.863,0.962,0.19,0.101,25,2025-08-21,20260106T061500Z-QE24M
MC-00971,S-006,303,H321000,19.05,,,614,0.081,1.611,17.572,0.302,8.518,36,2025-08-22,20260106T061500Z-QE24M
MC-00972,S-007,303,H553705,38.1,,,605,0.08,1.567,16.716,0.302,8.635,48,2025-08-25,20260106T061500Z-QE24M
MC-00973,S-008,304,H980016,31.75,,,599,0.05,1.479,17.517,0.199,7.846,61,2025-08-25,20260106T061500Z-QE24M
MC-00974,S-010,316,H211009,38.1,,,596,0.041,1.578,17.4,2.166,10.537,78,2025-08-25,20260106T061500Z-QE24M
MC-00975,S-004,4140,H441903,31.75,30.1,30.2,1042,0.394,0.902,0.967,0.208,0.1,54,2025-08-25,20260106T061500Z-QE24M
MC-00976,S-014,Ti-6Al-4V,H354792,19.05,34.2,,929,,,,,,24,2025-08-25,20260106T061500Z-QE24M
MC-00977,S-010,316,H972691,25.4,,,595,0.042,1.498,17.628,2.052,10.404,53,2025-08-26,20260106T061500Z-QE24M
MC-00978,S-012,6061,H983654,38.1,,,318,,,,,,30,2025-08-26,20260106T061500Z-QE24M
MC-00979,S-009,316,H349291,25.4,,,607,0.041,1.502,17.195,2.025,9.896,69,2025-08-27,20260106T061500Z-QE24M
MC-00980,S-014,Ti-6Al-4V,H131765,19.05,35.0,35.8,961,,,,,,33,2025-08-27,20260106T061500Z-QE24M
MC-00981,S-005,8620,H738074,19.05,20.1,,659,0.207,0.839,0.483,0.209,0.561,50,2025-08-28,20260106T061500Z-QE24M
MC-00982,S-011,17-4,H466323,31.75,34.7,,1102,0.042,0.58,16.33,0.101,4.361,90,2025-08-29,20260106T061500Z-QE24M
MC-00983,S-004,4140,H145331,44.45,30.2,30.9,1035,0.403,0.89,0.925,0.191,0.104,106,2025-08-29,20260106T061500Z-QE24M
MC-00984,S-005,8620,H909840,19.05,18.7,18.9,608,0.196,0.844,0.509,0.198,0.551,87,2025-08-29,20260106T061500Z-QE24M
MC-00985,S-002,1045,H414627,25.4,14.0,14.8,626,0.437,0.744,0.052,0.011,0.051,60,2025-09-01,20260106T061500Z-QE24M
MC-00986,S-008,304,H989857,31.75,,,602,0.05,1.574,17.635,0.209,8.036,104,2025-09-01,20260106T061500Z-QE24M
MC-00987,S-008,304,H946883,38.1,,,599,0.051,1.412,19.294,0.188,8.296,83,2025-09-01,20260106T061500Z-QE24M
MC-00988,S-003,4140,H818583,25.4,28.6,28.9,1019,0.431,0.919,0.968,0.191,0.1,49,2025-09-01,20260106T061500Z-QE24M
MC-00989,S-004,4140,H949203,44.45,29.3,28.9,1002,0.404,0.867,1.001,0.195,0.104,66,2025-09-01,20260106T061500Z-QE24M
MC-00990,S-002,1045,H807324,25.4,21.8,,602,0.44,0.766,0.049,0.01,0.048,110,2025-09-03,20260106T061500Z-QE24M
MC-00991,S-003,4140,H425541,44.45,27.0,27.5,1000,0.39,0.904,0.951,0.197,0.099,51,2025-09-03,20260106T061500Z-QE24M
MC-00992,S-013,7075,H142528,19.05,,,583,,,,,,57,2025-09-03,20260106T061500Z-QE24M
MC-00993,S-007,303,H238442,50.8,,,603,0.078,1.692,18.428,0.306,8.784,37,2025-09-04,20260106T061500Z-QE24M
MC-00994,S-005,8620,H354930,31.75,20.6,21.4,661,0.209,0.843,0.492,0.21,0.582,61,2025-09-04,20260106T061500Z-QE24M
MC-00995,S-003,4140,H503423,63.5,30.3,30.1,992,0.388,0.827,0.894,0.211,0.098,75,2025-09-05,20260106T061500Z-QE24M
MC-00996,S-001,1018,H907061,25.4,,,447,0.169,0.789,0.05,0.01,0.049,76,2025-09-08,20260106T061500Z-QE24M
MC-00997,S-009,316,H588566,38.1,,,578,0.041,1.547,16.888,2.128,9.9,63,2025-09-08,20260106T061500Z-QE24M
MC-00998,S-004,4140,H312932,31.75,26.6,,1063,0.408,0.902,0.925,0.193,0.098,102,2025-09-08,20260106T061500Z-QE24M
MC-00999,S-003,4140,H872769,63.5,27.9,28.0,1058,0.414,0.868,0.935,0.197,0.103,73,2025-09-08,20260106T061500Z-QE24M
MC-01000,S-013,7075,H494196,50.8,,,564,,,,,,48,2025-09-08,20260106T061500Z-QE24M
MC-01001,S-001,1018,H743245,25.4,,,452,0.173,0.783,0.047,0.01,0.048,45,2025-09-09,20260106T061500Z-QE24M
MC-01002,S-007,303,H961644,50.8,,,625,0.084,1.645,17.915,0.304,8.183,91,2025-09-09,20260106T061500Z-QE24M
MC-01003,S-011,17-4,H139486,38.1,30.5,30.3,1111,0.041,0.635,15.504,0.101,4.457,83,2025-09-10,20260106T061500Z-QE24M
MC-01004,S-008,304,H101066,38.1,,,610,0.053,1.522,17.898,0.195,8.492,95,2025-09-10,20260106T061500Z-QE24M
MC-01005,S-013,7075,H486564,25.4,,,539,,,,,,88,2025-09-10,20260106T061500Z-QE24M
MC-01006,S-005,8620,H993277,25.4,21.5,21.1,614,0.209,0.828,0.483,0.203,0.569,21,2025-09-10,20260106T061500Z-QE24M
MC-01007,S-008,304,H362134,38.1,,,592,0.051,1.521,17.236,0.209,8.631,62,2025-09-11,20260106T061500Z-QE24M
MC-01008,S-007,303,H600197,38.1,,,636,0.083,1.636,18.537,0.317,8.416,115,2025-09-12,20260106T061500Z-QE24M
MC-01009,S-008,304,H242128,38.1,,,627,0.05,1.528,17.5,0.207,7.762,107,2025-09-12,20260106T061500Z-QE24M
MC-01010,S-011,17-4,H602959,25.4,32.5,32.5,1143,0.039,0.566,15.326,0.094,4.589,98,2025-09-15,20260106T061500Z-QE24M
MC-01011,S-006,303,H384633,19.05,,,612,0.081,1.664,17.704,0.306,8.316,66,2025-09-15,20260106T061500Z-QE24M
MC-01012,S-006,303,H831472,38.1,,,630,0.077,1.693,16.976,0.317,8.917,116,2025-09-15,20260106T061500Z-QE24M
MC-01013,S-011,17-4,H200887,31.75,32.4,,1071,0.042,0.573,14.763,0.097,4.389,96,2025-09-16,20260106T061500Z-QE24M
MC-01014,S-007,303,H923789,19.05,,,611,0.079,1.543,18.532,0.301,8.683,61,2025-09-16,20260106T061500Z-QE24M
MC-01015,S-004,4140,H923194,38.1,32.1,32.0,1018,0.428,0.871,0.965,0.207,0.104,30,2025-09-16,20260106T061500Z-QE24M
MC-01016,S-003,4140,H760746,63.5,34.3,34.7,1033,0.421,0.908,0.9,0.205,0.106,73,2025-09-16,20260106T061500Z-QE24M
MC-01017,S-011,17-4,H180509,31.75,33.0,32.5,1102,0.042,0.581,14.671,0.099,4.574,50,2025-09-17,20260106T061500Z-QE24M
MC-01018,S-009,316,H775864,25.4,,,561,0.041,1.457,15.98,2.202,10.51,103,2025-09-17,20260106T061500Z-QE24M
MC-01019,S-004,4140,H318223,38.1,30.2,29.6,1064,0.404,0.87,0.918,0.201,0.102,99,2025-09-17,20260106T061500Z-QE24M
MC-01020,S-013,7075,H318706,25.4,,,543,,,,,,37,2025-09-18,20260106T061500Z-QE24M
MC-01021,S-008,304,H459141,25.4,,,629,0.052,1.586,18.963,0.204,8.554,27,2025-09-19,20260106T061500Z-QE24M
MC-01022,S-008,304,H339700,31.75,,,591,0.047,1.433,19.3,0.199,8.275,111,2025-09-19,20260106T061500Z-QE24M
MC-01023,S-001,1018,H657527,25.4,,,441,0.178,0.712,0.049,0.01,0.051,61,2025-09-22,20260106T061500Z-QE24M
MC-01024,S-006,303,H949895,50.8,,,626,0.081,1.666,16.989,0.284,8.951,74,2025-09-22,20260106T061500Z-QE24M
MC-01025,S-004,4140,H938528,31.75,32.9,32.0,1002,0.425,0.867,0.917,0.207,0.103,89,2025-09-22,20260106T061500Z-QE24M
MC-01026,S-004,4140,H334534,38.1,27.1,27.4,1063,0.428,0.897,0.897,0.19,0.099,106,2025-09-22,20260106T061500Z-QE24M
MC-01027,S-003,4140,H507978,44.45,31.6,31.4,1058,0.412,0.869,0.951,0.211,0.104,75,2025-09-22,20260106T061500Z-QE24M
MC-01028,S-001,1018,H837003,25.4,,,443,0.184,0.746,0.051,0.01,0.047,27,2025-09-23,20260106T061500Z-QE24M
MC-01029,S-008,304,H675731,38.1,,,595,0.053,1.576,17.474,0.197,8.403,30,2025-09-23,20260106T061500Z-QE24M
MC-01030,S-010,316,H852534,25.4,,,602,0.039,1.44,16.485,2.076,10.671,30,2025-09-23,20260106T061500Z-QE24M
MC-01031,S-010,316,H875754,25.4,,,583,0.04,1.476,17.208,2.199,10.437,77,2025-09-24,20260106T061500Z-QE24M
MC-01032,S-009,316,H175579,31.75,,,579,0.04,1.426,17.153,2.077,9.781,93,2025-09-24,20260106T061500Z-QE24M
MC-01033,S-012,6061,H758744,19.05,,,304,,,,,,119,2025-09-24,20260106T061500Z-QE24M
MC-01034,S-005,8620,H941835,19.05,20.1,19.3,605,0.194,0.794,0.477,0.203,0.564,115,2025-09-24,20260106T061500Z-QE24M
MC-01035,S-005,8620,H566666,25.4,20.1,19.8,648,0.189,0.783,0.522,0.188,0.582,58,2025-09-24,20260106T061500Z-QE24M
MC-01036,S-009,316,H508394,31.75,,,603,0.04,1.53,17.716,2.093,10.646,106,2025-09-25,20260106T061500Z-QE24M
MC-01037,S-005,8620,H511306,19.05,21.0,19.9,652,0.204,0.771,0.494,0.198,0.573,55,2025-09-25,20260106T061500Z-QE24M
MC-01038,S-009,316,H575382,31.75,,,587,0.038,1.426,17.282,2.02,10.379,27,2025-09-26,20260106T061500Z-QE24M
MC-01039,S-004,4140,H876713,44.45,28.6,28.6,1043,0.39,0.851,0.909,0.205,0.096,25,2025-09-26,20260106T061500Z-QE24M
MC-01040,S-005,8620,H498558,19.05,20.8,21.2,644,0.19,0.833,0.486,0.205,0.583,72,2025-09-26,20260106T061500Z-QE24M
MC-01041,S-002,1045,H698221,25.4,17.3,17.4,607,0.431,0.769,0.053,0.011,0.053,112,2025-09-29,20260106T061500Z-QE24M
MC-01042,S-006,303,H231519,50.8,,,612,0.084,1.621,17.743,0.289,8.318,72,2025-09-29,20260106T061500Z-QE24M
MC-01043,S-004,4140,H509436,25.4,30.3,,994,0.417,0.882,0.951,0.198,0.1,118,2025-09-29,20260106T061500Z-QE24M
MC-01044,S-004,4140,H141798,44.45,30.2,29.6,1028,0.386,0.917,0.966,0.208,0.095,39,2025-09-29,20260106T061500Z-QE24M
MC-01045,S-005,8620,H948064,31.75,17.1,,658,0.2,0.769,0.506,0.19,0.579,71,2025-09-29,20260106T061500Z-QE24M
MC-01046,S-004,4140,H437991,25.4,28.9,,1019,0.433,0.861,0.985,0.19,0.099,60,2025-09-30,20260106T061500Z-QE24M
MC-01047,S-004,4140,H275086,44.45,29.5,29.8,988,0.403,0.843,0.964,0.199,0.101,33,2025-09-30,20260106T061500Z-QE24M
MC-01048,S-004,4140,H499402,25.4,29.1,29.7,1065,0.425,0.885,0.919,0.207,0.098,25,2025-10-02,20260106T061500Z-QE24M
MC-01049,S-012,6061,H727929,38.1,,,314,,,,,,45,2025-10-02,20260106T061500Z-QE24M
MC-01050,S-013,7075,H132621,50.8,,,552,,,,,,111,2025-10-02,20260106T061500Z-QE24M
MC-01051,S-004,4140,H263535,25.4,31.2,31.8,1006,0.404,0.864,0.948,0.204,0.105,34,2025-10-03,20260106T061500Z-QE24M
MC-01052,S-002,1045,H954745,31.75,14.8,,636,0.45,0.718,0.052,0.01,0.053,114,2025-10-06,20260106T061500Z-QE24M
MC-01053,S-002,1045,H524033,38.1,21.8,22.3,619,0.454,0.707,0.048,0.009,0.048,48,2025-10-06,20260106T061500Z-QE24M
MC-01054,S-008,304,H790964,25.4,,,620,0.052,1.499,17.906,0.192,8.255,58,2025-10-06,20260106T061500Z-QE24M
MC-01055,S-010,316,H981241,31.75,,,599,0.042,1.513,17.16,2.172,10.169,99,2025-10-06,20260106T061500Z-QE24M
MC-01056,S-003,4140,H832818,38.1,32.1,32.4,1037,0.398,0.849,0.938,0.19,0.104,99,2025-10-06,20260106T061500Z-QE24M
MC-01057,S-014,Ti-6Al-4V,H492547,38.1,34.6,34.5,952,,,,,,49,2025-10-06,20260106T061500Z-QE24M
MC-01058,S-002,1045,H213659,31.75,17.5,17.8,649,0.434,0.706,0.048,0.01,0.049,44,2025-10-07,20260106T061500Z-QE24M
MC-01059,S-002,1045,H445212,38.1,19.4,19.1,608,0.465,0.763,0.052,0.011,0.051,54,2025-10-07,20260106T061500Z-QE24M
MC-01060,S-008,304,H466394,25.4,,,587,0.049,1.519,17.557,0.205,7.923,100,2025-10-07,20260106T061500Z-QE24M
MC-01061,S-003,4140,H638572,38.1,30.4,,1033,0.402,0.921,0.958,0.2,0.096,82,2025-10-07,20260106T061500Z-QE24M
MC-01062,S-006,303,H329375,50.8,,,634,0.081,1.679,17.793,0.318,8.186,96,2025-10-10,20260106T061500Z-QE24M
MC-01063,S-003,4140,H213826,25.4,32.7,,1036,0.402,0.907,0.976,0.21,0.098,62,2025-10-10,20260106T061500Z-QE24M
MC-01064,S-013,7075,H837118,19.05,,,580,,,,,,102,2025-10-10,20260106T061500Z-QE24M
MC-01065,S-001,1018,H196794,19.05,,,457,0.185,0.744,0.049,0.01,0.05,30,2025-10-13,20260106T061500Z-QE24M
MC-01066,S-006,303,H984023,50.8,,,620,0.082,1.647,17.034,0.291,8.491,59,2025-10-13,20260106T061500Z-QE24M
MC-01067,S-010,316,H622243,31.75,,,599,0.039,1.494,17.28,2.144,10.272,24,2025-10-13,20260106T061500Z-QE24M
MC-01068,S-003,4140,H313628,25.4,29.4,,1035,0.407,0.904,1.0,0.201,0.096,101,2025-10-13,20260106T061500Z-QE24M
MC-01069,S-013,7075,H393118,25.4,,,544,,,,,,43,2025-10-13,20260106T061500Z-QE24M
MC-01070,S-005,8620,H948973,31.75,19.1,,621,0.208,0.776,0.483,0.199,0.518,112,2025-10-13,20260106T061500Z-QE24M
MC-01071,S-001,1018,H940675,19.05,,,453,0.19,0.784,0.052,0.01,0.049,106,2025-10-14,20260106T061500Z-QE24M
MC-01072,S-002,1045,H520438,25.4,19.9,19.7,614,0.47,0.722,0.053,0.01,0.051,36,2025-10-14,20260106T061500Z-QE24M
MC-01073,S-011,17-4,H730056,25.4,34.5,34.4,1066,0.042,0.622,15.363,0.096,4.585,94,2025-10-14,20260106T061500Z-QE24M
MC-01074,S-002,1045,H148654,25.4,16.7,,642,0.433,0.743,0.051,0.01,0.05,105,2025-10-15,20260106T061500Z-QE24M
MC-01075,S-009,316,H934574,38.1,,,564,0.041,1.568,17.603,2.027,10.06,42,2025-10-15,20260106T061500Z-QE24M
MC-01076,S-004,4140,H275785,44.45,31.0,30.0,1028,0.432,0.89,0.912,0.206,0.095,88,2025-10-15,20260106T061500Z-QE24M
MC-01077,S-003,4140,H963240,63.5,32.8,32.3,998,0.412,0.853,0.985,0.2,0.096,36,2025-10-15,20260106T061500Z-QE24M
MC-01078,S-009,316,H591503,38.1,,,608,0.041,1.449,16.756,2.189,9.921,96,2025-10-16,20260106T061500Z-QE24M
MC-01079,S-005,8620,H612146,25.4,22.1,,612,0.204,0.76,0.509,0.199,0.521,66,2025-10-16,20260106T061500Z-QE24M
MC-01080,S-010,316,H549242,25.4,,,608,0.042,1.423,16.416,2.11,10.309,119,2025-10-17,20260106T061500Z-QE24M
MC-01081,S-014,Ti-6Al-4V,H392580,19.05,30.3,31.0,945,,,,,,76,2025-10-17,20260106T061500Z-QE24M
MC-01082,S-002,1045,H694155,38.1,22.9,22.5,611,0.452,0.734,0.047,0.01,0.05,93,2025-10-20,20260106T061500Z-QE24M
MC-01083,S-009,316,H586152,31.75,,,572,0.039,1.492,15.867,2.081,9.912,112,2025-10-20,20260106T061500Z-QE24M
MC-01084,S-004,4140,H399322,25.4,32.7,32.3,1015,0.386,0.9,0.924,0.194,0.095,86,2025-10-20,20260106T061500Z-QE24M
MC-01085,S-004,4140,H426027,63.5,36.5,37.3,1001,0.434,0.882,0.952,0.212,0.1,77,2025-10-20,20260106T061500Z-QE24M
MC-01086,S-005,8620,H141869,19.05,24.1,23.7,606,0.205,0.762,0.503,0.201,0.576,54,2025-10-20,20260106T061500Z-QE24M
MC-01087,S-005,8620,H568811,25.4,21.2,,628,0.194,0.792,0.47,0.195,0.542,101,2025-10-20,20260106T061500Z-QE24M
MC-01088,S-002,1045,H884696,38.1,20.3,19.9,631,0.457,0.71,0.05,0.01,0.049,76,2025-10-21,20260106T061500Z-QE24M
MC-01089,S-011,17-4,H968017,38.1,37.0,36.5,1154,0.039,0.596,16.316,0.096,4.571,94,2025-10-21,20260106T061500Z-QE24M
MC-01090,S-008,304,H847511,25.4,,,582,0.048,1.474,19.128,0.209,8.021,38,2025-10-21,20260106T061500Z-QE24M
MC-01091,S-004,4140,H775309,63.5,27.2,26.8,1065,0.394,0.919,0.976,0.195,0.099,119,2025-10-21,20260106T061500Z-QE24M
MC-01092,S-002,1045,H323574,38.1,19.4,19.8,640,0.457,0.795,0.047,0.01,0.049,49,2025-10-22,20260106T061500Z-QE24M
MC-01093,S-006,303,H139690,38.1,,,612,0.078,1.588,16.471,0.304,9.052,71,2025-10-22,20260106T061500Z-QE24M
MC-01094,S-003,4140,H164541,38.1,28.3,,1000,0.394,0.902,0.955,0.201,0.106,66,2025-10-22,20260106T061500Z-QE24M
MC-01095,S-002,1045,H676704,25.4,18.4,,616,0.462,0.735,0.049,0.01,0.05,105,2025-10-23,20260106T061500Z-QE24M
MC-01096,S-002,1045,H390952,38.1,21.0,,602,0.43,0.706,0.05,0.009,0.052,35,2025-10-23,20260106T061500Z-QE24M
MC-01097,S-007,303,H364521,38.1,,,601,0.083,1.671,17.532,0.294,8.536,66,2025-10-23,20260106T061500Z-QE24M
MC-01098,S-001,1018,H939362,50.8,,,452,0.176,0.77,0.048,0.01,0.049,43,2025-10-24,20260106T061500Z-QE24M
MC-01099,S-010,316,H711800,25.4,,,587,0.041,1.559,16.633,2.098,10.718,112,2025-10-27,20260106T061500Z-QE24M
MC-01100,S-003,4140,H162720,44.45,29.9,29.0,1024,0.413,0.904,0.937,0.19,0.097,46,2025-10-27,20260106T061500Z-QE24M
MC-01101,S-014,Ti-6Al-4V,H437527,19.05,35.8,35.9,991,,,,,,107,2025-10-27,20260106T061500Z-QE24M
MC-01102,S-001,1018,H476957,25.4,,,428,0.188,0.791,0.048,0.01,0.053,68,2025-10-28,20260106T061500Z-QE24M
MC-01103,S-013,7075,H492712,25.4,,,557,,,,,,70,2025-10-28,20260106T061500Z-QE24M
MC-01104,S-008,304,H380912,31.75,,,612,0.05,1.488,17.996,0.193,8.048,112,2025-10-31,20260106T061500Z-QE24M
MC-01105,S-007,303,H116794,19.05,,,614,0.08,1.556,17.259,0.311,8.105,105,2025-11-03,20260106T061500Z-QE24M
MC-01106,S-014,Ti-6Al-4V,H772052,19.05,34.2,34.3,982,,,,,,103,2025-11-03,20260106T061500Z-QE24M
MC-01107,S-012,6061,H741086,19.05,,,304,,,,,,92,2025-11-04,20260106T061500Z-QE24M
MC-01108,S-002,1045,H407350,38.1,19.5,,607,0.454,0.763,0.051,0.01,0.052,36,2025-11-05,20260106T061500Z-QE24M
MC-01109,S-003,4140,H958923,38.1,32.3,32.4,1035,0.412,0.927,0.913,0.191,0.102,100,2025-11-05,20260106T061500Z-QE24M
MC-01110,S-002,1045,H347554,31.75,21.6,21.0,622,0.434,0.778,0.052,0.01,0.053,96,2025-11-10,20260106T061500Z-QE24M
MC-01111,S-008,304,H504769,38.1,,,586,0.051,1.424,18.744,0.19,8.021,28,2025-11-10,20260106T061500Z-QE24M
MC-01112,S-014,Ti-6Al-4V,H439462,50.8,33.7,,989,,,,,,115,2025-11-10,20260106T061500Z-QE24M
MC-01113,S-007,303,H995115,50.8,,,614,0.077,1.61,16.647,0.297,8.948,98,2025-11-12,20260106T061500Z-QE24M
MC-01114,S-012,6061,H668003,19.05,,,304,,,,,,118,2025-11-17,20260106T061500Z-QE24M
MC-01115,S-013,7075,H344373,50.8,,,544,,,,,,42,2025-11-17,20260106T061500Z-QE24M
MC-01116,S-008,304,H466717,31.75,,,619,0.051,1.483,17.615,0.196,8.422,112,2025-11-18,20260106T061500Z-QE24M
MC-01117,S-005,8620,H605509,19.05,20.4,,615,0.207,0.815,0.478,0.204,0.577,86,2025-11-24,20260106T061500Z-QE24M
MC-01118,S-002,1045,H100664,38.1,19.8,19.9,619,0.466,0.741,0.051,0.011,0.05,45,2025-11-25,20260106T061500Z-QE24M
MC-01119,S-002,1045,H534707,31.75,22.0,21.6,621,0.45,0.734,0.052,0.01,0.047,102,2025-12-01,20260106T061500Z-QE24M
