part_id,op_no,operation,machine_type,cycle_time_min,outside_process,inspection_plan_id,export_batch_id
P-10116-B,10,Turn,multi_axis,1.93,,IP-10116-10,20260106T061500Z-QE24M
P-10116-B,20,Grind,grind,1.51,,IP-10116-20,20260106T061500Z-QE24M
P-10116-B,30,Deburr and wash,bench,0.3,,,20260106T061500Z-QE24M
P-10116-B,40,Outside: heat treat,supplier,0.0,heat treat,IP-10116-40,20260106T061500Z-QE24M
P-10116-B,50,Final inspection and pack,inspection,0.2,,IP-10116-50,20260106T061500Z-QE24M
P-10123-A,10,Turn,multi_axis,0.76,,IP-10123-10,20260106T061500Z-QE24M
P-10123-A,20,Grind,grind,2.56,,IP-10123-20,20260106T061500Z-QE24M
P-10123-A,30,Deburr and wash,bench,0.3,,,20260106T061500Z-QE24M
P-10123-A,40,Outside: heat treat,supplier,0.0,heat treat,IP-10123-40,20260106T061500Z-QE24M
P-10123-A,50,Outside: plating,supplier,0.0,plating,IP-10123-50,20260106T061500Z-QE24M
P-10123-A,60,Final inspection and pack,inspection,0.2,,IP-10123-60,20260106T061500Z-QE24M
P-10147-B,10,Turn,multi_axis,1.35,,IP-10147-10,20260106T061500Z-QE24M
P-10147-B,20,Grind,grind,1.34,,IP-10147-20,20260106T061500Z-QE24M
P-10147-B,30,Deburr and wash,bench,0.3,,,20260106T061500Z-QE24M
P-10147-B,40,Outside: plating,supplier,0.0,plating,IP-10147-40,20260106T061500Z-QE24M
P-10147-B,50,Final inspection and pack,inspection,0.2,,IP-10147-50,20260106T061500Z-QE24M
P-10161-A,10,Turn,multi_axis,1.96,,IP-10161-10,20260106T061500Z-QE24M
P-10161-A,20,Grind,grind,1.03,,IP-10161-20,20260106T061500Z-QE24M
P-10161-A,30,Deburr and wash,bench,0.3,,,20260106T061500Z-QE24M
P-10161-A,40,Outside: plating,supplier,0.0,plating,IP-10161-40,20260106T061500Z-QE24M
P-10161-A,50,Final inspection and pack,inspection,0.2,,IP-10161-50,20260106T061500Z-QE24M
P-10178-D,10,Turn,multi_axis,1.19,,IP-10178-10,20260106T061500Z-QE24M
P-10178-D,20,Grind,grind,1.34,,IP-10178-20,20260106T061500Z-QE24M
P-10178-D,30,Deburr and wash,bench,0.3,,,20260106T061500Z-QE24M
P-10178-D,40,Outside: heat treat,supplier,0.0,heat treat,IP-10178-40,20260106T061500Z-QE24M
P-10178-D,50,Outside: plating,supplier,0.0,plating,IP-10178-50,20260106T061500Z-QE24M
P-10178-D,60,Final inspection and pack,inspection,0.2,,IP-10178-60,20260106T061500Z-QE24M
P-10184-A,10,Turn,multi_axis,1.55,,IP-10184-10,20260106T061500Z-QE24M
P-10184-A,20,Grind,grind,1.03,,IP-10184-20,20260106T061500Z-QE24M
P-10184-A,30,Deburr and wash,bench,0.3,,,20260106T061500Z-QE24M
P-10184-A,40,Outside: heat treat,supplier,0.0,heat treat,IP-10184-40,20260106T061500Z-QE24M
P-10184-A,50,Outside: plating,supplier,0.0,plating,IP-10184-50,20260106T061500Z-QE24M
P-10184-A,60,Final inspection and pack,inspection,0.2,,IP-10184-60,20260106T061500Z-QE24M
P-10212-A,10,Turn,multi_axis,0.95,,IP-10212-10,20260106T061500Z-QE24M
P-10212-A,20,Grind,grind,1.29,,IP-10212-20,20260106T061500Z-QE24M
P-10212-A,30,Deburr and wash,bench,0.3,,,20260106T061500Z-QE24M
P-10212-A,40,Outside: heat treat,supplier,0.0,heat treat,IP-10212-40,20260106T061500Z-QE24M
P-10212-A,50,Outside: plating,supplier,0.0,plating,IP-10212-50,20260106T061500Z-QE24M
P-10212-A,60,Final inspection and pack,inspection,0.2,,IP-10212-60,20260106T061500Z-QE24M
P-10215-A,10,Turn,multi_axis,1.99,,IP-10215-10,20260106T061500Z-QE24M
P-10215-A,20,Grind,grind,1.7,,IP-10215-20,20260106T061500Z-QE24M
P-10215-A,30,Deburr and wash,bench,0.3,,,20260106T061500Z-QE24M
P-10215-A,40,Outside: heat treat,supplier,0.0,heat treat,IP-10215-40,20260106T061500Z-QE24M
P-10215-A,50,Outside: plating,supplier,0.0,plating,IP-10215-50,20260106T061500Z-QE24M
P-10215-A,60,Final inspection and pack,inspection,0.2,,IP-10215-60,20260106T061500Z-QE24M
P-10235-A,10,Turn,multi_axis,0.6,,IP-10235-10,20260106T061500Z-QE24M
P-10235-A,20,Grind,grind,1.22,,IP-10235-20,20260106T061500Z-QE24M
P-10235-A,30,Deburr and wash,bench,0.3,,,20260106T061500Z-QE24M
P-10235-A,40,Outside: heat treat,supplier,0.0,heat treat,IP-10235-40,20260106T061500Z-QE24M
P-10235-A,50,Outside: plating,supplier,0.0,plating,IP-10235-50,20260106T061500Z-QE24M
P-10235-A,60,Final inspection and pack,inspection,0.2,,IP-10235-60,20260106T061500Z-QE24M
P-10257-C,10,Turn,multi_axis,2.1,,IP-10257-10,20260106T061500Z-QE24M
P-10257-C,20,Grind,grind,2.09,,IP-10257-20,20260106T061500Z-QE24M
P-10257-C,30,Deburr and wash,bench,0.3,,,20260106T061500Z-QE24M
P-10257-C,40,Outside: heat treat,supplier,0.0,heat treat,IP-10257-40,20260106T061500Z-QE24M
P-10257-C,50,Outside: plating,supplier,0.0,plating,IP-10257-50,20260106T061500Z-QE24M
P-10257-C,60,Final inspection and pack,inspection,0.2,,IP-10257-60,20260106T061500Z-QE24M
P-10284-A,10,Turn,multi_axis,1.68,,IP-10284-10,20260106T061500Z-QE24M
P-10284-A,20,Grind,grind,1.32,,IP-10284-20,20260106T061500Z-QE24M
P-10284-A,30,Deburr and wash,bench,0.3,,,20260106T061500Z-QE24M
P-10284-A,40,Outside: heat treat,supplier,0.0,heat treat,IP-10284-40,20260106T061500Z-QE24M
P-10284-A,50,Outside: plating,supplier,0.0,plating,IP-10284-50,20260106T061500Z-QE24M
P-10284-A,60,Final inspection and pack,inspection,0.2,,IP-10284-60,20260106T061500Z-QE24M
P-10304-A,10,Turn,multi_axis,0.81,,IP-10304-10,20260106T061500Z-QE24M
P-10304-A,20,Grind,grind,1.3,,IP-10304-20,20260106T061500Z-QE24M
P-10304-A,30,Deburr and wash,bench,0.3,,,20260106T061500Z-QE24M
P-10304-A,40,Outside: heat treat,supplier,0.0,heat treat,IP-10304-40,20260106T061500Z-QE24M
P-10304-A,50,Outside: plating,supplier,0.0,plating,IP-10304-50,20260106T061500Z-QE24M
P-10304-A,60,Final inspection and pack,inspection,0.2,,IP-10304-60,20260106T061500Z-QE24M
P-10313-B,10,Turn,multi_axis,2.74,,IP-10313-10,20260106T061500Z-QE24M
P-10313-B,20,Grind,grind,1.58,,IP-10313-20,20260106T061500Z-QE24M
P-10313-B,30,Deburr and wash,bench,0.3,,,20260106T061500Z-QE24M
P-10313-B,40,Outside: heat treat,supplier,0.0,heat treat,IP-10313-40,20260106T061500Z-QE24M
P-10313-B,50,Outside: plating,supplier,0.0,plating,IP-10313-50,20260106T061500Z-QE24M
P-10313-B,60,Final inspection and pack,inspection,0.2,,IP-10313-60,20260106T061500Z-QE24M
P-10327-A,10,Turn,multi_axis,2.24,,IP-10327-10,20260106T061500Z-QE24M
P-10327-A,20,Grind,grind,2.71,,IP-10327-20,20260106T061500Z-QE24M
P-10327-A,30,Deburr and wash,bench,0.3,,,20260106T061500Z-QE24M
P-10327-A,40,Outside: heat treat,supplier,0.0,heat treat,IP-10327-40,20260106T061500Z-QE24M
P-10327-A,50,Outside: plating,supplier,0.0,plating,IP-10327-50,20260106T061500Z-QE24M
P-10327-A,60,Final inspection and pack,inspection,0.2,,IP-10327-60,20260106T061500Z-QE24M
P-10355-D,10,Turn,multi_axis,1.42,,IP-10355-10,20260106T061500Z-QE24M
P-10355-D,20,Grind,grind,1.19,,IP-10355-20,20260106T061500Z-QE24M
P-10355-D,30,Deburr and wash,bench,0.3,,,20260106T061500Z-QE24M
P-10355-D,40,Outside: heat treat,supplier,0.0,heat treat,IP-10355-40,20260106T061500Z-QE24M
P-10355-D,50,Outside: plating,supplier,0.0,plating,IP-10355-50,20260106T061500Z-QE24M
P-10355-D,60,Final inspection and pack,inspection,0.2,,IP-10355-60,20260106T061500Z-QE24M
P-10365-A,10,Turn,multi_axis,1.46,,IP-10365-10,20260106T061500Z-QE24M
P-10365-A,20,Grind,grind,1.74,,IP-10365-20,20260106T061500Z-QE24M
P-10365-A,30,Deburr and wash,bench,0.3,,,20260106T061500Z-QE24M
P-10365-A,40,Outside: heat treat,supplier,0.0,heat treat,IP-10365-40,20260106T061500Z-QE24M
P-10365-A,50,Outside: plating,supplier,0.0,plating,IP-10365-50,20260106T061500Z-QE24M
P-10365-A,60,Final inspection and pack,inspection,0.2,,IP-10365-60,20260106T061500Z-QE24M
P-10373-C,10,Mill op 1,mill,2.22,,IP-10373-10,20260106T061500Z-QE24M
P-10373-C,20,Mill op 2,mill,1.09,,IP-10373-20,20260106T061500Z-QE24M
P-10373-C,30,Deburr and wash,bench,0.3,,,20260106T061500Z-QE24M
P-10373-C,40,Outside: plating,supplier,0.0,plating,IP-10373-40,20260106T061500Z-QE24M
P-10373-C,50,Final inspection and pack,inspection,0.2,,IP-10373-50,20260106T061500Z-QE24M
P-10378-D,10,Mill op 1,mill,1.49,,IP-10378-10,20260106T061500Z-QE24M
P-10378-D,20,Mill op 2,mill,0.93,,IP-10378-20,20260106T061500Z-QE24M
P-10378-D,30,Deburr and wash,bench,0.3,,,20260106T061500Z-QE24M
P-10378-D,40,Outside: plating,supplier,0.0,plating,IP-10378-40,20260106T061500Z-QE24M
P-10378-D,50,Final inspection and pack,inspection,0.2,,IP-10378-50,20260106T061500Z-QE24M
P-10385-D,10,Mill op 1,mill,1.95,,IP-10385-10,20260106T061500Z-QE24M
P-10385-D,20,Mill op 2,mill,1.59,,IP-10385-20,20260106T061500Z-QE24M
P-10385-D,30,Deburr and wash,bench,0.3,,,20260106T061500Z-QE24M
P-10385-D,40,Outside: plating,supplier,0.0,plating,IP-10385-40,20260106T061500Z-QE24M
P-10385-D,50,Final inspection and pack,inspection,0.2,,IP-10385-50,20260106T061500Z-QE24M
P-10407-A,10,Mill op 1,mill,0.91,,IP-10407-10,20260106T061500Z-QE24M
P-10407-A,20,Mill op 2,mill,1.3,,IP-10407-20,20260106T061500Z-QE24M
P-10407-A,30,Deburr and wash,bench,0.3,,,20260106T061500Z-QE24M
P-10407-A,40,Outside: plating,supplier,0.0,plating,IP-10407-40,20260106T061500Z-QE24M
P-10407-A,50,Final inspection and pack,inspection,0.2,,IP-10407-50,20260106T061500Z-QE24M
P-10420-B,10,Mill op 1,mill,1.04,,IP-10420-10,20260106T061500Z-QE24M
P-10420-B,20,Mill op 2,mill,0.6,,IP-10420-20,20260106T061500Z-QE24M
P-10420-B,30,Deburr and wash,bench,0.3,,,20260106T061500Z-QE24M
P-10420-B,40,Outside: plating,supplier,0.0,plating,IP-10420-40,20260106T061500Z-QE24M
P-10420-B,50,Final inspection and pack,inspection,0.2,,IP-10420-50,20260106T061500Z-QE24M
P-10444-B,10,Mill op 1,mill,1.01,,IP-10444-10,20260106T061500Z-QE24M
P-10444-B,20,Mill op 2,mill,1.27,,IP-10444-20,20260106T061500Z-QE24M
P-10444-B,30,Deburr and wash,bench,0.3,,,20260106T061500Z-QE24M
P-10444-B,40,Outside: plating,supplier,0.0,plating,IP-10444-40,20260106T061500Z-QE24M
P-10444-B,50,Final inspection and pack,inspection,0.2,,IP-10444-50,20260106T061500Z-QE24M
P-10460-A,10,Mill op 1,mill,2.12,,IP-10460-10,20260106T061500Z-QE24M
P-10460-A,20,Mill op 2,mill,1.67,,IP-10460-20,20260106T061500Z-QE24M
P-10460-A,30,Deburr and wash,bench,0.3,,,20260106T061500Z-QE24M
P-10460-A,40,Outside: plating,supplier,0.0,plating,IP-10460-40,20260106T061500Z-QE24M
P-10460-A,50,Final inspection and pack,inspection,0.2,,IP-10460-50,20260106T061500Z-QE24M
P-10463-C,10,Mill op 1,mill,1.51,,IP-10463-10,20260106T061500Z-QE24M
P-10463-C,20,Mill op 2,mill,1.77,,IP-10463-20,20260106T061500Z-QE24M
P-10463-C,30,Deburr and wash,bench,0.3,,,20260106T061500Z-QE24M
P-10463-C,40,Outside: plating,supplier,0.0,plating,IP-10463-40,20260106T061500Z-QE24M
P-10463-C,50,Final inspection and pack,inspection,0.2,,IP-10463-50,20260106T061500Z-QE24M
P-10469-D,10,Mill op 1,mill,1.44,,IP-10469-10,20260106T061500Z-QE24M
P-10469-D,20,Mill op 2,mill,1.02,,IP-10469-20,20260106T061500Z-QE24M
P-10469-D,30,Deburr and wash,bench,0.3,,,20260106T061500Z-QE24M
P-10469-D,40,Outside: plating,supplier,0.0,plating,IP-10469-40,20260106T061500Z-QE24M
P-10469-D,50,Final inspection and pack,inspection,0.2,,IP-10469-50,20260106T061500Z-QE24M
P-10497-B,10,Mill op 1,mill,1.11,,IP-10497-10,20260106T061500Z-QE24M
P-10497-B,20,Mill op 2,mill,2.13,,IP-10497-20,20260106T061500Z-QE24M
P-10497-B,30,Deburr and wash,bench,0.3,,,20260106T061500Z-QE24M
P-10497-B,40,Outside: plating,supplier,0.0,plating,IP-10497-40,20260106T061500Z-QE24M
P-10497-B,50,Final inspection and pack,inspection,0.2,,IP-10497-50,20260106T061500Z-QE24M
P-10518-D,10,Mill op 1,mill,1.59,,IP-10518-10,20260106T061500Z-QE24M
P-10518-D,20,Mill op 2,mill,1.26,,IP-10518-20,20260106T061500Z-QE24M
P-10518-D,30,Deburr and wash,bench,0.3,,,20260106T061500Z-QE24M
P-10518-D,40,Outside: plating,supplier,0.0,plating,IP-10518-40,20260106T061500Z-QE24M
P-10518-D,50,Final inspection and pack,inspection,0.2,,IP-10518-50,20260106T061500Z-QE24M
P-10536-A,10,Mill op 1,mill,1.27,,IP-10536-10,20260106T061500Z-QE24M
P-10536-A,20,Mill op 2,mill,1.56,,IP-10536-20,20260106T061500Z-QE24M
P-10536-A,30,Deburr and wash,bench,0.3,,,20260106T061500Z-QE24M
P-10536-A,40,Outside: plating,supplier,0.0,plating,IP-10536-40,20260106T061500Z-QE24M
P-10536-A,50,Final inspection and pack,inspection,0.2,,IP-10536-50,20260106T061500Z-QE24M
P-10563-D,10,Mill op 1,mill,1.98,,IP-10563-10,20260106T061500Z-QE24M
P-10563-D,20,Mill op 2,mill,1.08,,IP-10563-20,20260106T061500Z-QE24M
P-10563-D,30,Deburr and wash,bench,0.3,,,20260106T061500Z-QE24M
P-10563-D,40,Final inspection and pack,inspection,0.2,,IP-10563-40,20260106T061500Z-QE24M
P-10567-A,10,Mill op 1,mill,1.8,,IP-10567-10,20260106T061500Z-QE24M
P-10567-A,20,Mill op 2,mill,1.36,,IP-10567-20,20260106T061500Z-QE24M
P-10567-A,30,Deburr and wash,bench,0.3,,,20260106T061500Z-QE24M
P-10567-A,40,Outside: plating,supplier,0.0,plating,IP-10567-40,20260106T061500Z-QE24M
P-10567-A,50,Final inspection and pack,inspection,0.2,,IP-10567-50,20260106T061500Z-QE24M
P-10574-A,10,Mill op 1,mill,0.74,,IP-10574-10,20260106T061500Z-QE24M
P-10574-A,20,Mill op 2,mill,2.69,,IP-10574-20,20260106T061500Z-QE24M
P-10574-A,30,Deburr and wash,bench,0.3,,,20260106T061500Z-QE24M
P-10574-A,40,Outside: plating,supplier,0.0,plating,IP-10574-40,20260106T061500Z-QE24M
P-10574-A,50,Final inspection and pack,inspection,0.2,,IP-10574-50,20260106T061500Z-QE24M
P-10599-C,10,Mill op 1,mill,1.8,,IP-10599-10,20260106T061500Z-QE24M
P-10599-C,20,Mill op 2,mill,1.7,,IP-10599-20,20260106T061500Z-QE24M
P-10599-C,30,Deburr and wash,bench,0.3,,,20260106T061500Z-QE24M
P-10599-C,40,Outside: plating,supplier,0.0,plating,IP-10599-40,20260106T061500Z-QE24M
P-10599-C,50,Final inspection and pack,inspection,0.2,,IP-10599-50,20260106T061500Z-QE24M
P-10604-A,10,Mill op 1,mill,1.59,,IP-10604-10,20260106T061500Z-QE24M
P-10604-A,20,Mill op 2,mill,0.74,,IP-10604-20,20260106T061500Z-QE24M
P-10604-A,30,Deburr and wash,bench,0.3,,,20260106T061500Z-QE24M
P-10604-A,40,Outside: passivation,supplier,0.0,passivation,IP-10604-40,20260106T061500Z-QE24M
P-10604-A,50,Final inspection and pack,inspection,0.2,,IP-10604-50,20260106T061500Z-QE24M
P-10607-C,10,Mill op 1,mill,1.5,,IP-10607-10,20260106T061500Z-QE24M
P-10607-C,20,Mill op 2,mill,2.68,,IP-10607-20,20260106T061500Z-QE24M
P-10607-C,30,Deburr and wash,bench,0.3,,,20260106T061500Z-QE24M
P-10607-C,40,Outside: passivation,supplier,0.0,passivation,IP-10607-40,20260106T061500Z-QE24M
P-10607-C,50,Final inspection and pack,inspection,0.2,,IP-10607-50,20260106T061500Z-QE24M
P-10632-C,10,Mill op 1,mill,1.9,,IP-10632-10,20260106T061500Z-QE24M
P-10632-C,20,Mill op 2,mill,1.24,,IP-10632-20,20260106T061500Z-QE24M
P-10632-C,30,Deburr and wash,bench,0.3,,,20260106T061500Z-QE24M
P-10632-C,40,Outside: passivation,supplier,0.0,passivation,IP-10632-40,20260106T061500Z-QE24M
P-10632-C,50,Final inspection and pack,inspection,0.2,,IP-10632-50,20260106T061500Z-QE24M
P-10653-D,10,Mill op 1,mill,1.76,,IP-10653-10,20260106T061500Z-QE24M
P-10653-D,20,Mill op 2,mill,1.67,,IP-10653-20,20260106T061500Z-QE24M
P-10653-D,30,Deburr and wash,bench,0.3,,,20260106T061500Z-QE24M
P-10653-D,40,Outside: passivation,supplier,0.0,passivation,IP-10653-40,20260106T061500Z-QE24M
P-10653-D,50,Final inspection and pack,inspection,0.2,,IP-10653-50,20260106T061500Z-QE24M
P-10680-D,10,Mill op 1,mill,1.27,,IP-10680-10,20260106T061500Z-QE24M
P-10680-D,20,Mill op 2,mill,2.47,,IP-10680-20,20260106T061500Z-QE24M
P-10680-D,30,Deburr and wash,bench,0.3,,,20260106T061500Z-QE24M
P-10680-D,40,Outside: passivation,supplier,0.0,passivation,IP-10680-40,20260106T061500Z-QE24M
P-10680-D,50,Final inspection and pack,inspection,0.2,,IP-10680-50,20260106T061500Z-QE24M
P-10688-A,10,Mill op 1,mill,0.84,,IP-10688-10,20260106T061500Z-QE24M
P-10688-A,20,Mill op 2,mill,2.59,,IP-10688-20,20260106T061500Z-QE24M
P-10688-A,30,Deburr and wash,bench,0.3,,,20260106T061500Z-QE24M
P-10688-A,40,Outside: passivation,supplier,0.0,passivation,IP-10688-40,20260106T061500Z-QE24M
P-10688-A,50,Final inspection and pack,inspection,0.2,,IP-10688-50,20260106T061500Z-QE24M
P-10711-C,10,Mill op 1,mill,0.69,,IP-10711-10,20260106T061500Z-QE24M
P-10711-C,20,Mill op 2,mill,1.65,,IP-10711-20,20260106T061500Z-QE24M
P-10711-C,30,Deburr and wash,bench,0.3,,,20260106T061500Z-QE24M
P-10711-C,40,Outside: passivation,supplier,0.0,passivation,IP-10711-40,20260106T061500Z-QE24M
P-10711-C,50,Final inspection and pack,inspection,0.2,,IP-10711-50,20260106T061500Z-QE24M
P-10725-B,10,Mill op 1,mill,0.78,,IP-10725-10,20260106T061500Z-QE24M
P-10725-B,20,Mill op 2,mill,1.92,,IP-10725-20,20260106T061500Z-QE24M
P-10725-B,30,Deburr and wash,bench,0.3,,,20260106T061500Z-QE24M
P-10725-B,40,Outside: passivation,supplier,0.0,passivation,IP-10725-40,20260106T061500Z-QE24M
P-10725-B,50,Final inspection and pack,inspection,0.2,,IP-10725-50,20260106T061500Z-QE24M
P-10729-A,10,Mill op 1,mill,0.97,,IP-10729-10,20260106T061500Z-QE24M
P-10729-A,20,Mill op 2,mill,0.7,,IP-10729-20,20260106T061500Z-QE24M
P-10729-A,30,Deburr and wash,bench,0.3,,,20260106T061500Z-QE24M
P-10729-A,40,Outside: passivation,supplier,0.0,passivation,IP-10729-40,20260106T061500Z-QE24M
P-10729-A,50,Final inspection and pack,inspection,0.2,,IP-10729-50,20260106T061500Z-QE24M
P-10743-D,10,Mill op 1,mill,1.01,,IP-10743-10,20260106T061500Z-QE24M
P-10743-D,20,Mill op 2,mill,1.37,,IP-10743-20,20260106T061500Z-QE24M
P-10743-D,30,Deburr and wash,bench,0.3,,,20260106T061500Z-QE24M
P-10743-D,40,Outside: passivation,supplier,0.0,passivation,IP-10743-40,20260106T061500Z-QE24M
P-10743-D,50,Final inspection and pack,inspection,0.2,,IP-10743-50,20260106T061500Z-QE24M
P-10749-A,10,Mill op 1,mill,1.44,,IP-10749-10,20260106T061500Z-QE24M
P-10749-A,20,Mill op 2,mill,1.36,,IP-10749-20,20260106T061500Z-QE24M
P-10749-A,30,Deburr and wash,bench,0.3,,,20260106T061500Z-QE24M
P-10749-A,40,Outside: passivation,supplier,0.0,passivation,IP-10749-40,20260106T061500Z-QE24M
P-10749-A,50,Final inspection and pack,inspection,0.2,,IP-10749-50,20260106T061500Z-QE24M
P-10761-A,10,Mill op 1,mill,1.11,,IP-10761-10,20260106T061500Z-QE24M
P-10761-A,20,Mill op 2,mill,1.57,,IP-10761-20,20260106T061500Z-QE24M
P-10761-A,30,Deburr and wash,bench,0.3,,,20260106T061500Z-QE24M
P-10761-A,40,Outside: passivation,supplier,0.0,passivation,IP-10761-40,20260106T061500Z-QE24M
P-10761-A,50,Final inspection and pack,inspection,0.2,,IP-10761-50,20260106T061500Z-QE24M
P-10775-A,10,Mill op 1,mill,1.52,,IP-10775-10,20260106T061500Z-QE24M
P-10775-A,20,Mill op 2,mill,2.28,,IP-10775-20,20260106T061500Z-QE24M
P-10775-A,30,Deburr and wash,bench,0.3,,,20260106T061500Z-QE24M
P-10775-A,40,Outside: passivation,supplier,0.0,passivation,IP-10775-40,20260106T061500Z-QE24M
P-10775-A,50,Final inspection and pack,inspection,0.2,,IP-10775-50,20260106T061500Z-QE24M
P-10798-C,10,Mill op 1,mill,1.36,,IP-10798-10,20260106T061500Z-QE24M
P-10798-C,20,Mill op 2,mill,2.52,,IP-10798-20,20260106T061500Z-QE24M
P-10798-C,30,Deburr and wash,bench,0.3,,,20260106T061500Z-QE24M
P-10798-C,40,Outside: passivation,supplier,0.0,passivation,IP-10798-40,20260106T061500Z-QE24M
P-10798-C,50,Final inspection and pack,inspection,0.2,,IP-10798-50,20260106T061500Z-QE24M
P-10824-A,10,Mill op 1,mill,1.02,,IP-10824-10,20260106T061500Z-QE24M
P-10824-A,20,Mill op 2,mill,1.01,,IP-10824-20,20260106T061500Z-QE24M
P-10824-A,30,Deburr and wash,bench,0.3,,,20260106T061500Z-QE24M
P-10824-A,40,Outside: passivation,supplier,0.0,passivation,IP-10824-40,20260106T061500Z-QE24M
P-10824-A,50,Final inspection and pack,inspection,0.2,,IP-10824-50,20260106T061500Z-QE24M
P-10845-A,10,Mill op 1,mill,1.51,,IP-10845-10,20260106T061500Z-QE24M
P-10845-A,20,Mill op 2,mill,1.59,,IP-10845-20,20260106T061500Z-QE24M
P-10845-A,30,Deburr and wash,bench,0.3,,,20260106T061500Z-QE24M
P-10845-A,40,Outside: passivation,supplier,0.0,passivation,IP-10845-40,20260106T061500Z-QE24M
P-10845-A,50,Final inspection and pack,inspection,0.2,,IP-10845-50,20260106T061500Z-QE24M
P-10857-C,10,Mill op 1,mill,1.38,,IP-10857-10,20260106T061500Z-QE24M
P-10857-C,20,Mill op 2,mill,1.74,,IP-10857-20,20260106T061500Z-QE24M
P-10857-C,30,Deburr and wash,bench,0.3,,,20260106T061500Z-QE24M
P-10857-C,40,Outside: passivation,supplier,0.0,passivation,IP-10857-40,20260106T061500Z-QE24M
P-10857-C,50,Final inspection and pack,inspection,0.2,,IP-10857-50,20260106T061500Z-QE24M
P-10869-D,10,Mill op 1,mill,1.03,,IP-10869-10,20260106T061500Z-QE24M
P-10869-D,20,Mill op 2,mill,1.71,,IP-10869-20,20260106T061500Z-QE24M
P-10869-D,30,Deburr and wash,bench,0.3,,,20260106T061500Z-QE24M
P-10869-D,40,Outside: heat treat,supplier,0.0,heat treat,IP-10869-40,20260106T061500Z-QE24M
P-10869-D,50,Outside: plating,supplier,0.0,plating,IP-10869-50,20260106T061500Z-QE24M
P-10869-D,60,Final inspection and pack,inspection,0.2,,IP-10869-60,20260106T061500Z-QE24M
P-10887-B,10,Mill op 1,mill,1.33,,IP-10887-10,20260106T061500Z-QE24M
P-10887-B,20,Mill op 2,mill,2.03,,IP-10887-20,20260106T061500Z-QE24M
P-10887-B,30,Deburr and wash,bench,0.3,,,20260106T061500Z-QE24M
P-10887-B,40,Outside: heat treat,supplier,0.0,heat treat,IP-10887-40,20260106T061500Z-QE24M
P-10887-B,50,Final inspection and pack,inspection,0.2,,IP-10887-50,20260106T061500Z-QE24M
P-10900-A,10,Mill op 1,mill,0.66,,IP-10900-10,20260106T061500Z-QE24M
P-10900-A,20,Mill op 2,mill,1.2,,IP-10900-20,20260106T061500Z-QE24M
P-10900-A,30,Deburr and wash,bench,0.3,,,20260106T061500Z-QE24M
P-10900-A,40,Outside: heat treat,supplier,0.0,heat treat,IP-10900-40,20260106T061500Z-QE24M
P-10900-A,50,Final inspection and pack,inspection,0.2,,IP-10900-50,20260106T061500Z-QE24M
P-10923-A,10,Mill op 1,mill,1.46,,IP-10923-10,20260106T061500Z-QE24M
P-10923-A,20,Mill op 2,mill,1.49,,IP-10923-20,20260106T061500Z-QE24M
P-10923-A,30,Deburr and wash,bench,0.3,,,20260106T061500Z-QE24M
P-10923-A,40,Outside: plating,supplier,0.0,plating,IP-10923-40,20260106T061500Z-QE24M
P-10923-A,50,Final inspection and pack,inspection,0.2,,IP-10923-50,20260106T061500Z-QE24M
P-10928-A,10,Mill op 1,mill,2.0,,IP-10928-10,20260106T061500Z-QE24M
P-10928-A,20,Mill op 2,mill,2.79,,IP-10928-20,20260106T061500Z-QE24M
P-10928-A,30,Deburr and wash,bench,0.3,,,20260106T061500Z-QE24M
P-10928-A,40,Outside: heat treat,supplier,0.0,heat treat,IP-10928-40,20260106T061500Z-QE24M
P-10928-A,50,Outside: plating,supplier,0.0,plating,IP-10928-50,20260106T061500Z-QE24M
P-10928-A,60,Final inspection and pack,inspection,0.2,,IP-10928-60,20260106T061500Z-QE24M
P-10941-C,10,Mill op 1,mill,1.71,,IP-10941-10,20260106T061500Z-QE24M
P-10941-C,20,Mill op 2,mill,1.13,,IP-10941-20,20260106T061500Z-QE24M
P-10941-C,30,Deburr and wash,bench,0.3,,,20260106T061500Z-QE24M
P-10941-C,40,Outside: heat treat,supplier,0.0,heat treat,IP-10941-40,20260106T061500Z-QE24M
P-10941-C,50,Final inspection and pack,inspection,0.2,,IP-10941-50,20260106T061500Z-QE24M
P-10967-A,10,Mill op 1,mill,1.78,,IP-10967-10,20260106T061500Z-QE24M
P-10967-A,20,Mill op 2,mill,2.6,,IP-10967-20,20260106T061500Z-QE24M
P-10967-A,30,Deburr and wash,bench,0.3,,,20260106T061500Z-QE24M
P-10967-A,40,Outside: heat treat,supplier,0.0,heat treat,IP-10967-40,20260106T061500Z-QE24M
P-10967-A,50,Outside: plating,supplier,0.0,plating,IP-10967-50,20260106T061500Z-QE24M
P-10967-A,60,Final inspection and pack,inspection,0.2,,IP-10967-60,20260106T061500Z-QE24M
P-10989-A,10,Mill op 1,mill,2.1,,IP-10989-10,20260106T061500Z-QE24M
P-10989-A,20,Mill op 2,mill,1.01,,IP-10989-20,20260106T061500Z-QE24M
P-10989-A,30,Deburr and wash,bench,0.3,,,20260106T061500Z-QE24M
P-10989-A,40,Outside: heat treat,supplier,0.0,heat treat,IP-10989-40,20260106T061500Z-QE24M
P-10989-A,50,Outside: plating,supplier,0.0,plating,IP-10989-50,20260106T061500Z-QE24M
P-10989-A,60,Final inspection and pack,inspection,0.2,,IP-10989-60,20260106T061500Z-QE24M
P-10994-A,10,Mill op 1,mill,1.42,,IP-10994-10,20260106T061500Z-QE24M
P-10994-A,20,Mill op 2,mill,0.68,,IP-10994-20,20260106T061500Z-QE24M
P-10994-A,30,Deburr and wash,bench,0.3,,,20260106T061500Z-QE24M
P-10994-A,40,Outside: heat treat,supplier,0.0,heat treat,IP-10994-40,20260106T061500Z-QE24M
P-10994-A,50,Outside: plating,supplier,0.0,plating,IP-10994-50,20260106T061500Z-QE24M
P-10994-A,60,Final inspection and pack,inspection,0.2,,IP-10994-60,20260106T061500Z-QE24M
P-11007-C,10,Mill op 1,mill,2.26,,IP-11007-10,20260106T061500Z-QE24M
P-11007-C,20,Mill op 2,mill,1.26,,IP-11007-20,20260106T061500Z-QE24M
P-11007-C,30,Deburr and wash,bench,0.3,,,20260106T061500Z-QE24M
P-11007-C,40,Outside: heat treat,supplier,0.0,heat treat,IP-11007-40,20260106T061500Z-QE24M
P-11007-C,50,Outside: plating,supplier,0.0,plating,IP-11007-50,20260106T061500Z-QE24M
P-11007-C,60,Final inspection and pack,inspection,0.2,,IP-11007-60,20260106T061500Z-QE24M
P-11033-A,10,Mill op 1,mill,1.14,,IP-11033-10,20260106T061500Z-QE24M
P-11033-A,20,Mill op 2,mill,1.6,,IP-11033-20,20260106T061500Z-QE24M
P-11033-A,30,Deburr and wash,bench,0.3,,,20260106T061500Z-QE24M
P-11033-A,40,Outside: heat treat,supplier,0.0,heat treat,IP-11033-40,20260106T061500Z-QE24M
P-11033-A,50,Outside: plating,supplier,0.0,plating,IP-11033-50,20260106T061500Z-QE24M
P-11033-A,60,Final inspection and pack,inspection,0.2,,IP-11033-60,20260106T061500Z-QE24M
P-11045-A,10,Mill op 1,mill,2.05,,IP-11045-10,20260106T061500Z-QE24M
P-11045-A,20,Mill op 2,mill,2.5,,IP-11045-20,20260106T061500Z-QE24M
P-11045-A,30,Deburr and wash,bench,0.3,,,20260106T061500Z-QE24M
P-11045-A,40,Outside: plating,supplier,0.0,plating,IP-11045-40,20260106T061500Z-QE24M
P-11045-A,50,Final inspection and pack,inspection,0.2,,IP-11045-50,20260106T061500Z-QE24M
P-11072-B,10,Mill op 1,mill,1.57,,IP-11072-10,20260106T061500Z-QE24M
P-11072-B,20,Mill op 2,mill,1.71,,IP-11072-20,20260106T061500Z-QE24M
P-11072-B,30,Deburr and wash,bench,0.3,,,20260106T061500Z-QE24M
P-11072-B,40,Outside: heat treat,supplier,0.0,heat treat,IP-11072-40,20260106T061500Z-QE24M
P-11072-B,50,Outside: plating,supplier,0.0,plating,IP-11072-50,20260106T061500Z-QE24M
P-11072-B,60,Final inspection and pack,inspection,0.2,,IP-11072-60,20260106T061500Z-QE24M
P-11099-A,10,Mill op 1,mill,1.06,,IP-11099-10,20260106T061500Z-QE24M
P-11099-A,20,Mill op 2,mill,1.45,,IP-11099-20,20260106T061500Z-QE24M
P-11099-A,30,Deburr and wash,bench,0.3,,,20260106T061500Z-QE24M
P-11099-A,40,Outside: heat treat,supplier,0.0,heat treat,IP-11099-40,20260106T061500Z-QE24M
P-11099-A,50,Outside: plating,supplier,0.0,plating,IP-11099-50,20260106T061500Z-QE24M
P-11099-A,60,Final inspection and pack,inspection,0.2,,IP-11099-60,20260106T061500Z-QE24M
P-11115-B,10,Mill op 1,mill,1.03,,IP-11115-10,20260106T061500Z-QE24M
P-11115-B,20,Mill op 2,mill,0.9,,IP-11115-20,20260106T061500Z-QE24M
P-11115-B,30,Deburr and wash,bench,0.3,,,20260106T061500Z-QE24M
P-11115-B,40,Outside: heat treat,supplier,0.0,heat treat,IP-11115-40,20260106T061500Z-QE24M
P-11115-B,50,Outside: plating,supplier,0.0,plating,IP-11115-50,20260106T061500Z-QE24M
P-11115-B,60,Final inspection and pack,inspection,0.2,,IP-11115-60,20260106T061500Z-QE24M
P-11126-A,10,Mill op 1,mill,0.98,,IP-11126-10,20260106T061500Z-QE24M
P-11126-A,20,Mill op 2,mill,1.59,,IP-11126-20,20260106T061500Z-QE24M
P-11126-A,30,Deburr and wash,bench,0.3,,,20260106T061500Z-QE24M
P-11126-A,40,Outside: plating,supplier,0.0,plating,IP-11126-40,20260106T061500Z-QE24M
P-11126-A,50,Final inspection and pack,inspection,0.2,,IP-11126-50,20260106T061500Z-QE24M
P-11142-B,10,Mill op 1,mill,1.02,,IP-11142-10,20260106T061500Z-QE24M
P-11142-B,20,Mill op 2,mill,1.52,,IP-11142-20,20260106T061500Z-QE24M
P-11142-B,30,Deburr and wash,bench,0.3,,,20260106T061500Z-QE24M
P-11142-B,40,Outside: heat treat,supplier,0.0,heat treat,IP-11142-40,20260106T061500Z-QE24M
P-11142-B,50,Outside: plating,supplier,0.0,plating,IP-11142-50,20260106T061500Z-QE24M
P-11142-B,60,Final inspection and pack,inspection,0.2,,IP-11142-60,20260106T061500Z-QE24M
P-11163-D,10,Swiss turn,swiss,1.37,,IP-11163-10,20260106T061500Z-QE24M
P-11163-D,20,Deburr and wash,bench,0.3,,,20260106T061500Z-QE24M
P-11163-D,30,Outside: passivation,supplier,0.0,passivation,IP-11163-30,20260106T061500Z-QE24M
P-11163-D,40,Final inspection and pack,inspection,0.2,,IP-11163-40,20260106T061500Z-QE24M
P-11167-D,10,Swiss turn,swiss,1.31,,IP-11167-10,20260106T061500Z-QE24M
P-11167-D,20,Deburr and wash,bench,0.3,,,20260106T061500Z-QE24M
P-11167-D,30,Outside: passivation,supplier,0.0,passivation,IP-11167-30,20260106T061500Z-QE24M
P-11167-D,40,Final inspection and pack,inspection,0.2,,IP-11167-40,20260106T061500Z-QE24M
P-11173-A,10,Swiss turn,swiss,1.21,,IP-11173-10,20260106T061500Z-QE24M
P-11173-A,20,Deburr and wash,bench,0.3,,,20260106T061500Z-QE24M
P-11173-A,30,Outside: passivation,supplier,0.0,passivation,IP-11173-30,20260106T061500Z-QE24M
P-11173-A,40,Final inspection and pack,inspection,0.2,,IP-11173-40,20260106T061500Z-QE24M
P-11201-A,10,Swiss turn,swiss,1.42,,IP-11201-10,20260106T061500Z-QE24M
P-11201-A,20,Deburr and wash,bench,0.3,,,20260106T061500Z-QE24M
P-11201-A,30,Outside: passivation,supplier,0.0,passivation,IP-11201-30,20260106T061500Z-QE24M
P-11201-A,40,Final inspection and pack,inspection,0.2,,IP-11201-40,20260106T061500Z-QE24M
P-11226-C,10,Swiss turn,swiss,1.6,,IP-11226-10,20260106T061500Z-QE24M
P-11226-C,20,Deburr and wash,bench,0.3,,,20260106T061500Z-QE24M
P-11226-C,30,Outside: passivation,supplier,0.0,passivation,IP-11226-30,20260106T061500Z-QE24M
P-11226-C,40,Final inspection and pack,inspection,0.2,,IP-11226-40,20260106T061500Z-QE24M
P-11253-B,10,Swiss turn,swiss,2.11,,IP-11253-10,20260106T061500Z-QE24M
P-11253-B,20,Deburr and wash,bench,0.3,,,20260106T061500Z-QE24M
P-11253-B,30,Final inspection and pack,inspection,0.2,,IP-11253-30,20260106T061500Z-QE24M
P-11265-A,10,Swiss turn,swiss,0.8,,IP-11265-10,20260106T061500Z-QE24M
P-11265-A,20,Deburr and wash,bench,0.3,,,20260106T061500Z-QE24M
P-11265-A,30,Outside: passivation,supplier,0.0,passivation,IP-11265-30,20260106T061500Z-QE24M
P-11265-A,40,Final inspection and pack,inspection,0.2,,IP-11265-40,20260106T061500Z-QE24M
P-11282-A,10,Swiss turn,swiss,0.88,,IP-11282-10,20260106T061500Z-QE24M
P-11282-A,20,Deburr and wash,bench,0.3,,,20260106T061500Z-QE24M
P-11282-A,30,Outside: passivation,supplier,0.0,passivation,IP-11282-30,20260106T061500Z-QE24M
P-11282-A,40,Final inspection and pack,inspection,0.2,,IP-11282-40,20260106T061500Z-QE24M
P-11301-A,10,Swiss turn,swiss,0.98,,IP-11301-10,20260106T061500Z-QE24M
P-11301-A,20,Deburr and wash,bench,0.3,,,20260106T061500Z-QE24M
P-11301-A,30,Outside: passivation,supplier,0.0,passivation,IP-11301-30,20260106T061500Z-QE24M
P-11301-A,40,Final inspection and pack,inspection,0.2,,IP-11301-40,20260106T061500Z-QE24M
P-11320-D,10,Swiss turn,swiss,0.87,,IP-11320-10,20260106T061500Z-QE24M
P-11320-D,20,Deburr and wash,bench,0.3,,,20260106T061500Z-QE24M
P-11320-D,30,Outside: passivation,supplier,0.0,passivation,IP-11320-30,20260106T061500Z-QE24M
P-11320-D,40,Final inspection and pack,inspection,0.2,,IP-11320-40,20260106T061500Z-QE24M
P-11329-A,10,Swiss turn,swiss,1.58,,IP-11329-10,20260106T061500Z-QE24M
P-11329-A,20,Deburr and wash,bench,0.3,,,20260106T061500Z-QE24M
P-11329-A,30,Outside: passivation,supplier,0.0,passivation,IP-11329-30,20260106T061500Z-QE24M
P-11329-A,40,Final inspection and pack,inspection,0.2,,IP-11329-40,20260106T061500Z-QE24M
P-11347-A,10,Swiss turn,swiss,1.64,,IP-11347-10,20260106T061500Z-QE24M
P-11347-A,20,Deburr and wash,bench,0.3,,,20260106T061500Z-QE24M
P-11347-A,30,Outside: passivation,supplier,0.0,passivation,IP-11347-30,20260106T061500Z-QE24M
P-11347-A,40,Final inspection and pack,inspection,0.2,,IP-11347-40,20260106T061500Z-QE24M
P-11354-C,10,Mill op 1,mill,1.72,,IP-11354-10,20260106T061500Z-QE24M
P-11354-C,20,Mill op 2,mill,1.3,,IP-11354-20,20260106T061500Z-QE24M
P-11354-C,30,Deburr and wash,bench,0.3,,,20260106T061500Z-QE24M
P-11354-C,40,Outside: plating,supplier,0.0,plating,IP-11354-40,20260106T061500Z-QE24M
P-11354-C,50,Final inspection and pack,inspection,0.2,,IP-11354-50,20260106T061500Z-QE24M
P-11373-D,10,Mill op 1,mill,2.93,,IP-11373-10,20260106T061500Z-QE24M
P-11373-D,20,Mill op 2,mill,1.18,,IP-11373-20,20260106T061500Z-QE24M
P-11373-D,30,Deburr and wash,bench,0.3,,,20260106T061500Z-QE24M
P-11373-D,40,Outside: heat treat,supplier,0.0,heat treat,IP-11373-40,20260106T061500Z-QE24M
P-11373-D,50,Outside: plating,supplier,0.0,plating,IP-11373-50,20260106T061500Z-QE24M
P-11373-D,60,Final inspection and pack,inspection,0.2,,IP-11373-60,20260106T061500Z-QE24M
P-11381-A,10,Mill op 1,mill,1.19,,IP-11381-10,20260106T061500Z-QE24M
P-11381-A,20,Mill op 2,mill,1.32,,IP-11381-20,20260106T061500Z-QE24M
P-11381-A,30,Deburr and wash,bench,0.3,,,20260106T061500Z-QE24M
P-11381-A,40,Outside: heat treat,supplier,0.0,heat treat,IP-11381-40,20260106T061500Z-QE24M
P-11381-A,50,Outside: plating,supplier,0.0,plating,IP-11381-50,20260106T061500Z-QE24M
P-11381-A,60,Final inspection and pack,inspection,0.2,,IP-11381-60,20260106T061500Z-QE24M
P-11406-C,10,Mill op 1,mill,0.81,,IP-11406-10,20260106T061500Z-QE24M
P-11406-C,20,Mill op 2,mill,1.38,,IP-11406-20,20260106T061500Z-QE24M
P-11406-C,30,Deburr and wash,bench,0.3,,,20260106T061500Z-QE24M
P-11406-C,40,Outside: heat treat,supplier,0.0,heat treat,IP-11406-40,20260106T061500Z-QE24M
P-11406-C,50,Outside: plating,supplier,0.0,plating,IP-11406-50,20260106T061500Z-QE24M
P-11406-C,60,Final inspection and pack,inspection,0.2,,IP-11406-60,20260106T061500Z-QE24M
P-11413-A,10,Mill op 1,mill,1.67,,IP-11413-10,20260106T061500Z-QE24M
P-11413-A,20,Mill op 2,mill,1.24,,IP-11413-20,20260106T061500Z-QE24M
P-11413-A,30,Deburr and wash,bench,0.3,,,20260106T061500Z-QE24M
P-11413-A,40,Outside: heat treat,supplier,0.0,heat treat,IP-11413-40,20260106T061500Z-QE24M
P-11413-A,50,Outside: plating,supplier,0.0,plating,IP-11413-50,20260106T061500Z-QE24M
P-11413-A,60,Final inspection and pack,inspection,0.2,,IP-11413-60,20260106T061500Z-QE24M
P-11417-A,10,Mill op 1,mill,1.97,,IP-11417-10,20260106T061500Z-QE24M
P-11417-A,20,Mill op 2,mill,1.3,,IP-11417-20,20260106T061500Z-QE24M
P-11417-A,30,Deburr and wash,bench,0.3,,,20260106T061500Z-QE24M
P-11417-A,40,Final inspection and pack,inspection,0.2,,IP-11417-40,20260106T061500Z-QE24M
P-11437-B,10,Mill op 1,mill,1.21,,IP-11437-10,20260106T061500Z-QE24M
P-11437-B,20,Mill op 2,mill,1.65,,IP-11437-20,20260106T061500Z-QE24M
P-11437-B,30,Deburr and wash,bench,0.3,,,20260106T061500Z-QE24M
P-11437-B,40,Final inspection and pack,inspection,0.2,,IP-11437-40,20260106T061500Z-QE24M
P-11441-A,10,Mill op 1,mill,1.32,,IP-11441-10,20260106T061500Z-QE24M
P-11441-A,20,Mill op 2,mill,1.51,,IP-11441-20,20260106T061500Z-QE24M
P-11441-A,30,Deburr and wash,bench,0.3,,,20260106T061500Z-QE24M
P-11441-A,40,Outside: plating,supplier,0.0,plating,IP-11441-40,20260106T061500Z-QE24M
P-11441-A,50,Final inspection and pack,inspection,0.2,,IP-11441-50,20260106T061500Z-QE24M
P-11449-A,10,Mill op 1,mill,1.11,,IP-11449-10,20260106T061500Z-QE24M
P-11449-A,20,Mill op 2,mill,1.65,,IP-11449-20,20260106T061500Z-QE24M
P-11449-A,30,Deburr and wash,bench,0.3,,,20260106T061500Z-QE24M
P-11449-A,40,Final inspection and pack,inspection,0.2,,IP-11449-40,20260106T061500Z-QE24M
P-11462-A,10,Mill op 1,mill,1.11,,IP-11462-10,20260106T061500Z-QE24M
P-11462-A,20,Mill op 2,mill,1.34,,IP-11462-20,20260106T061500Z-QE24M
P-11462-A,30,Deburr and wash,bench,0.3,,,20260106T061500Z-QE24M
P-11462-A,40,Outside: heat treat,supplier,0.0,heat treat,IP-11462-40,20260106T061500Z-QE24M
P-11462-A,50,Outside: plating,supplier,0.0,plating,IP-11462-50,20260106T061500Z-QE24M
P-11462-A,60,Final inspection and pack,inspection,0.2,,IP-11462-60,20260106T061500Z-QE24M
P-11490-A,10,Mill op 1,mill,2.06,,IP-11490-10,20260106T061500Z-QE24M
P-11490-A,20,Mill op 2,mill,1.39,,IP-11490-20,20260106T061500Z-QE24M
P-11490-A,30,Deburr and wash,bench,0.3,,,20260106T061500Z-QE24M
P-11490-A,40,Outside: heat treat,supplier,0.0,heat treat,IP-11490-40,20260106T061500Z-QE24M
P-11490-A,50,Outside: plating,supplier,0.0,plating,IP-11490-50,20260106T061500Z-QE24M
P-11490-A,60,Final inspection and pack,inspection,0.2,,IP-11490-60,20260106T061500Z-QE24M
P-11494-C,10,Mill op 1,mill,1.39,,IP-11494-10,20260106T061500Z-QE24M
P-11494-C,20,Mill op 2,mill,1.23,,IP-11494-20,20260106T061500Z-QE24M
P-11494-C,30,Deburr and wash,bench,0.3,,,20260106T061500Z-QE24M
P-11494-C,40,Outside: plating,supplier,0.0,plating,IP-11494-40,20260106T061500Z-QE24M
P-11494-C,50,Final inspection and pack,inspection,0.2,,IP-11494-50,20260106T061500Z-QE24M
P-11502-A,10,Mill op 1,mill,1.93,,IP-11502-10,20260106T061500Z-QE24M
P-11502-A,20,Mill op 2,mill,1.23,,IP-11502-20,20260106T061500Z-QE24M
P-11502-A,30,Deburr and wash,bench,0.3,,,20260106T061500Z-QE24M
P-11502-A,40,Outside: heat treat,supplier,0.0,heat treat,IP-11502-40,20260106T061500Z-QE24M
P-11502-A,50,Outside: plating,supplier,0.0,plating,IP-11502-50,20260106T061500Z-QE24M
P-11502-A,60,Final inspection and pack,inspection,0.2,,IP-11502-60,20260106T061500Z-QE24M
P-11529-B,10,Mill op 1,mill,1.26,,IP-11529-10,20260106T061500Z-QE24M
P-11529-B,20,Mill op 2,mill,0.96,,IP-11529-20,20260106T061500Z-QE24M
P-11529-B,30,Deburr and wash,bench,0.3,,,20260106T061500Z-QE24M
P-11529-B,40,Outside: heat treat,supplier,0.0,heat treat,IP-11529-40,20260106T061500Z-QE24M
P-11529-B,50,Outside: plating,supplier,0.0,plating,IP-11529-50,20260106T061500Z-QE24M
P-11529-B,60,Final inspection and pack,inspection,0.2,,IP-11529-60,20260106T061500Z-QE24M
P-11557-C,10,Mill op 1,mill,2.08,,IP-11557-10,20260106T061500Z-QE24M
P-11557-C,20,Mill op 2,mill,1.44,,IP-11557-20,20260106T061500Z-QE24M
P-11557-C,30,Deburr and wash,bench,0.3,,,20260106T061500Z-QE24M
P-11557-C,40,Outside: heat treat,supplier,0.0,heat treat,IP-11557-40,20260106T061500Z-QE24M
P-11557-C,50,Outside: plating,supplier,0.0,plating,IP-11557-50,20260106T061500Z-QE24M
P-11557-C,60,Final inspection and pack,inspection,0.2,,IP-11557-60,20260106T061500Z-QE24M
P-11584-A,10,Mill op 1,mill,1.64,,IP-11584-10,20260106T061500Z-QE24M
P-11584-A,20,Mill op 2,mill,3.44,,IP-11584-20,20260106T061500Z-QE24M
P-11584-A,30,Deburr and wash,bench,0.3,,,20260106T061500Z-QE24M
P-11584-A,40,Outside: heat treat,supplier,0.0,heat treat,IP-11584-40,20260106T061500Z-QE24M
P-11584-A,50,Outside: plating,supplier,0.0,plating,IP-11584-50,20260106T061500Z-QE24M
P-11584-A,60,Final inspection and pack,inspection,0.2,,IP-11584-60,20260106T061500Z-QE24M
P-11598-C,10,Mill op 1,mill,1.27,,IP-11598-10,20260106T061500Z-QE24M
P-11598-C,20,Mill op 2,mill,0.97,,IP-11598-20,20260106T061500Z-QE24M
P-11598-C,30,Deburr and wash,bench,0.3,,,20260106T061500Z-QE24M
P-11598-C,40,Outside: plating,supplier,0.0,plating,IP-11598-40,20260106T061500Z-QE24M
P-11598-C,50,Final inspection and pack,inspection,0.2,,IP-11598-50,20260106T061500Z-QE24M
P-11625-A,10,Mill op 1,mill,0.71,,IP-11625-10,20260106T061500Z-QE24M
P-11625-A,20,Mill op 2,mill,1.04,,IP-11625-20,20260106T061500Z-QE24M
P-11625-A,30,Deburr and wash,bench,0.3,,,20260106T061500Z-QE24M
P-11625-A,40,Outside: passivation,supplier,0.0,passivation,IP-11625-40,20260106T061500Z-QE24M
P-11625-A,50,Final inspection and pack,inspection,0.2,,IP-11625-50,20260106T061500Z-QE24M
P-11642-D,10,Mill op 1,mill,1.09,,IP-11642-10,20260106T061500Z-QE24M
P-11642-D,20,Mill op 2,mill,0.75,,IP-11642-20,20260106T061500Z-QE24M
P-11642-D,30,Deburr and wash,bench,0.3,,,20260106T061500Z-QE24M
P-11642-D,40,Outside: passivation,supplier,0.0,passivation,IP-11642-40,20260106T061500Z-QE24M
P-11642-D,50,Final inspection and pack,inspection,0.2,,IP-11642-50,20260106T061500Z-QE24M
P-11663-A,10,Mill op 1,mill,0.94,,IP-11663-10,20260106T061500Z-QE24M
P-11663-A,20,Mill op 2,mill,2.28,,IP-11663-20,20260106T061500Z-QE24M
P-11663-A,30,Deburr and wash,bench,0.3,,,20260106T061500Z-QE24M
P-11663-A,40,Outside: passivation,supplier,0.0,passivation,IP-11663-40,20260106T061500Z-QE24M
P-11663-A,50,Final inspection and pack,inspection,0.2,,IP-11663-50,20260106T061500Z-QE24M
P-11681-A,10,Mill op 1,mill,2.75,,IP-11681-10,20260106T061500Z-QE24M
P-11681-A,20,Mill op 2,mill,0.77,,IP-11681-20,20260106T061500Z-QE24M
P-11681-A,30,Deburr and wash,bench,0.3,,,20260106T061500Z-QE24M
P-11681-A,40,Outside: passivation,supplier,0.0,passivation,IP-11681-40,20260106T061500Z-QE24M
P-11681-A,50,Final inspection and pack,inspection,0.2,,IP-11681-50,20260106T061500Z-QE24M
P-11700-B,10,Mill op 1,mill,1.56,,IP-11700-10,20260106T061500Z-QE24M
P-11700-B,20,Mill op 2,mill,1.23,,IP-11700-20,20260106T061500Z-QE24M
P-11700-B,30,Deburr and wash,bench,0.3,,,20260106T061500Z-QE24M
P-11700-B,40,Final inspection and pack,inspection,0.2,,IP-11700-40,20260106T061500Z-QE24M
P-11724-A,10,Mill op 1,mill,1.13,,IP-11724-10,20260106T061500Z-QE24M
P-11724-A,20,Mill op 2,mill,1.61,,IP-11724-20,20260106T061500Z-QE24M
P-11724-A,30,Deburr and wash,bench,0.3,,,20260106T061500Z-QE24M
P-11724-A,40,Outside: passivation,supplier,0.0,passivation,IP-11724-40,20260106T061500Z-QE24M
P-11724-A,50,Final inspection and pack,inspection,0.2,,IP-11724-50,20260106T061500Z-QE24M
P-11745-D,10,Mill op 1,mill,1.04,,IP-11745-10,20260106T061500Z-QE24M
P-11745-D,20,Mill op 2,mill,1.14,,IP-11745-20,20260106T061500Z-QE24M
P-11745-D,30,Deburr and wash,bench,0.3,,,20260106T061500Z-QE24M
P-11745-D,40,Outside: passivation,supplier,0.0,passivation,IP-11745-40,20260106T061500Z-QE24M
P-11745-D,50,Final inspection and pack,inspection,0.2,,IP-11745-50,20260106T061500Z-QE24M
P-11768-A,10,Mill op 1,mill,1.58,,IP-11768-10,20260106T061500Z-QE24M
P-11768-A,20,Mill op 2,mill,1.06,,IP-11768-20,20260106T061500Z-QE24M
P-11768-A,30,Deburr and wash,bench,0.3,,,20260106T061500Z-QE24M
P-11768-A,40,Outside: passivation,supplier,0.0,passivation,IP-11768-40,20260106T061500Z-QE24M
P-11768-A,50,Final inspection and pack,inspection,0.2,,IP-11768-50,20260106T061500Z-QE24M
P-11794-A,10,Mill op 1,mill,0.45,,IP-11794-10,20260106T061500Z-QE24M
P-11794-A,20,Mill op 2,mill,1.17,,IP-11794-20,20260106T061500Z-QE24M
P-11794-A,30,Deburr and wash,bench,0.3,,,20260106T061500Z-QE24M
P-11794-A,40,Outside: passivation,supplier,0.0,passivation,IP-11794-40,20260106T061500Z-QE24M
P-11794-A,50,Final inspection and pack,inspection,0.2,,IP-11794-50,20260106T061500Z-QE24M
P-11803-A,10,Mill op 1,mill,1.29,,IP-11803-10,20260106T061500Z-QE24M
P-11803-A,20,Mill op 2,mill,1.54,,IP-11803-20,20260106T061500Z-QE24M
P-11803-A,30,Deburr and wash,bench,0.3,,,20260106T061500Z-QE24M
P-11803-A,40,Outside: passivation,supplier,0.0,passivation,IP-11803-40,20260106T061500Z-QE24M
P-11803-A,50,Final inspection and pack,inspection,0.2,,IP-11803-50,20260106T061500Z-QE24M
P-11828-C,10,Mill op 1,mill,1.45,,IP-11828-10,20260106T061500Z-QE24M
P-11828-C,20,Mill op 2,mill,1.39,,IP-11828-20,20260106T061500Z-QE24M
P-11828-C,30,Deburr and wash,bench,0.3,,,20260106T061500Z-QE24M
P-11828-C,40,Final inspection and pack,inspection,0.2,,IP-11828-40,20260106T061500Z-QE24M
P-11831-D,10,Mill op 1,mill,1.32,,IP-11831-10,20260106T061500Z-QE24M
P-11831-D,20,Mill op 2,mill,1.23,,IP-11831-20,20260106T061500Z-QE24M
P-11831-D,30,Deburr and wash,bench,0.3,,,20260106T061500Z-QE24M
P-11831-D,40,Outside: passivation,supplier,0.0,passivation,IP-11831-40,20260106T061500Z-QE24M
P-11831-D,50,Final inspection and pack,inspection,0.2,,IP-11831-50,20260106T061500Z-QE24M
P-11847-D,10,Mill op 1,mill,1.86,,IP-11847-10,20260106T061500Z-QE24M
P-11847-D,20,Mill op 2,mill,2.36,,IP-11847-20,20260106T061500Z-QE24M
P-11847-D,30,Deburr and wash,bench,0.3,,,20260106T061500Z-QE24M
P-11847-D,40,Outside: passivation,supplier,0.0,passivation,IP-11847-40,20260106T061500Z-QE24M
P-11847-D,50,Final inspection and pack,inspection,0.2,,IP-11847-50,20260106T061500Z-QE24M
P-11856-B,10,Mill op 1,mill,1.66,,IP-11856-10,20260106T061500Z-QE24M
P-11856-B,20,Mill op 2,mill,1.53,,IP-11856-20,20260106T061500Z-QE24M
P-11856-B,30,Deburr and wash,bench,0.3,,,20260106T061500Z-QE24M
P-11856-B,40,Outside: passivation,supplier,0.0,passivation,IP-11856-40,20260106T061500Z-QE24M
P-11856-B,50,Final inspection and pack,inspection,0.2,,IP-11856-50,20260106T061500Z-QE24M
P-11871-A,10,Mill op 1,mill,1.7,,IP-11871-10,20260106T061500Z-QE24M
P-11871-A,20,Mill op 2,mill,1.69,,IP-11871-20,20260106T061500Z-QE24M
P-11871-A,30,Deburr and wash,bench,0.3,,,20260106T061500Z-QE24M
P-11871-A,40,Outside: passivation,supplier,0.0,passivation,IP-11871-40,20260106T061500Z-QE24M
P-11871-A,50,Final inspection and pack,inspection,0.2,,IP-11871-50,20260106T061500Z-QE24M
P-11884-A,10,Mill op 1,mill,1.78,,IP-11884-10,20260106T061500Z-QE24M
P-11884-A,20,Mill op 2,mill,1.23,,IP-11884-20,20260106T061500Z-QE24M
P-11884-A,30,Deburr and wash,bench,0.3,,,20260106T061500Z-QE24M
P-11884-A,40,Outside: passivation,supplier,0.0,passivation,IP-11884-40,20260106T061500Z-QE24M
P-11884-A,50,Final inspection and pack,inspection,0.2,,IP-11884-50,20260106T061500Z-QE24M
P-11889-B,10,Mill op 1,mill,1.32,,IP-11889-10,20260106T061500Z-QE24M
P-11889-B,20,Mill op 2,mill,1.9,,IP-11889-20,20260106T061500Z-QE24M
P-11889-B,30,Deburr and wash,bench,0.3,,,20260106T061500Z-QE24M
P-11889-B,40,Outside: passivation,supplier,0.0,passivation,IP-11889-40,20260106T061500Z-QE24M
P-11889-B,50,Final inspection and pack,inspection,0.2,,IP-11889-50,20260106T061500Z-QE24M
P-11909-A,10,Mill op 1,mill,1.5,,IP-11909-10,20260106T061500Z-QE24M
P-11909-A,20,Mill op 2,mill,1.73,,IP-11909-20,20260106T061500Z-QE24M
P-11909-A,30,Deburr and wash,bench,0.3,,,20260106T061500Z-QE24M
P-11909-A,40,Outside: anodizing,supplier,0.0,anodizing,IP-11909-40,20260106T061500Z-QE24M
P-11909-A,50,Final inspection and pack,inspection,0.2,,IP-11909-50,20260106T061500Z-QE24M
P-11920-C,10,Mill op 1,mill,1.18,,IP-11920-10,20260106T061500Z-QE24M
P-11920-C,20,Mill op 2,mill,1.19,,IP-11920-20,20260106T061500Z-QE24M
P-11920-C,30,Deburr and wash,bench,0.3,,,20260106T061500Z-QE24M
P-11920-C,40,Outside: anodizing,supplier,0.0,anodizing,IP-11920-40,20260106T061500Z-QE24M
P-11920-C,50,Final inspection and pack,inspection,0.2,,IP-11920-50,20260106T061500Z-QE24M
P-11923-A,10,Mill op 1,mill,1.11,,IP-11923-10,20260106T061500Z-QE24M
P-11923-A,20,Mill op 2,mill,1.34,,IP-11923-20,20260106T061500Z-QE24M
P-11923-A,30,Deburr and wash,bench,0.3,,,20260106T061500Z-QE24M
P-11923-A,40,Outside: anodizing,supplier,0.0,anodizing,IP-11923-40,20260106T061500Z-QE24M
P-11923-A,50,Final inspection and pack,inspection,0.2,,IP-11923-50,20260106T061500Z-QE24M
P-11930-A,10,Mill op 1,mill,1.96,,IP-11930-10,20260106T061500Z-QE24M
P-11930-A,20,Mill op 2,mill,0.89,,IP-11930-20,20260106T061500Z-QE24M
P-11930-A,30,Deburr and wash,bench,0.3,,,20260106T061500Z-QE24M
P-11930-A,40,Final inspection and pack,inspection,0.2,,IP-11930-40,20260106T061500Z-QE24M
P-11950-A,10,Mill op 1,mill,0.93,,IP-11950-10,20260106T061500Z-QE24M
P-11950-A,20,Mill op 2,mill,1.05,,IP-11950-20,20260106T061500Z-QE24M
P-11950-A,30,Deburr and wash,bench,0.3,,,20260106T061500Z-QE24M
P-11950-A,40,Outside: anodizing,supplier,0.0,anodizing,IP-11950-40,20260106T061500Z-QE24M
P-11950-A,50,Final inspection and pack,inspection,0.2,,IP-11950-50,20260106T061500Z-QE24M
P-11962-A,10,Mill op 1,mill,1.53,,IP-11962-10,20260106T061500Z-QE24M
P-11962-A,20,Mill op 2,mill,1.82,,IP-11962-20,20260106T061500Z-QE24M
P-11962-A,30,Deburr and wash,bench,0.3,,,20260106T061500Z-QE24M
P-11962-A,40,Outside: anodizing,supplier,0.0,anodizing,IP-11962-40,20260106T061500Z-QE24M
P-11962-A,50,Final inspection and pack,inspection,0.2,,IP-11962-50,20260106T061500Z-QE24M
P-11984-A,10,Mill op 1,mill,1.58,,IP-11984-10,20260106T061500Z-QE24M
P-11984-A,20,Mill op 2,mill,0.82,,IP-11984-20,20260106T061500Z-QE24M
P-11984-A,30,Deburr and wash,bench,0.3,,,20260106T061500Z-QE24M
P-11984-A,40,Outside: anodizing,supplier,0.0,anodizing,IP-11984-40,20260106T061500Z-QE24M
P-11984-A,50,Final inspection and pack,inspection,0.2,,IP-11984-50,20260106T061500Z-QE24M
P-12004-A,10,Mill op 1,mill,2.17,,IP-12004-10,20260106T061500Z-QE24M
P-12004-A,20,Mill op 2,mill,0.72,,IP-12004-20,20260106T061500Z-QE24M
P-12004-A,30,Deburr and wash,bench,0.3,,,20260106T061500Z-QE24M
P-12004-A,40,Outside: anodizing,supplier,0.0,anodizing,IP-12004-40,20260106T061500Z-QE24M
P-12004-A,50,Final inspection and pack,inspection,0.2,,IP-12004-50,20260106T061500Z-QE24M
P-12016-A,10,Mill op 1,mill,2.31,,IP-12016-10,20260106T061500Z-QE24M
P-12016-A,20,Mill op 2,mill,1.07,,IP-12016-20,20260106T061500Z-QE24M
P-12016-A,30,Deburr and wash,bench,0.3,,,20260106T061500Z-QE24M
P-12016-A,40,Outside: anodizing,supplier,0.0,anodizing,IP-12016-40,20260106T061500Z-QE24M
P-12016-A,50,Final inspection and pack,inspection,0.2,,IP-12016-50,20260106T061500Z-QE24M
P-12023-C,10,Mill op 1,mill,2.08,,IP-12023-10,20260106T061500Z-QE24M
P-12023-C,20,Mill op 2,mill,2.25,,IP-12023-20,20260106T061500Z-QE24M
P-12023-C,30,Deburr and wash,bench,0.3,,,20260106T061500Z-QE24M
P-12023-C,40,Outside: anodizing,supplier,0.0,anodizing,IP-12023-40,20260106T061500Z-QE24M
P-12023-C,50,Final inspection and pack,inspection,0.2,,IP-12023-50,20260106T061500Z-QE24M
P-12040-C,10,Turn,multi_axis,1.44,,IP-12040-10,20260106T061500Z-QE24M
P-12040-C,20,Grind,grind,1.45,,IP-12040-20,20260106T061500Z-QE24M
P-12040-C,30,Deburr and wash,bench,0.3,,,20260106T061500Z-QE24M
P-12040-C,40,Outside: passivation,supplier,0.0,passivation,IP-12040-40,20260106T061500Z-QE24M
P-12040-C,50,Final inspection and pack,inspection,0.2,,IP-12040-50,20260106T061500Z-QE24M
P-12065-A,10,Turn,multi_axis,0.75,,IP-12065-10,20260106T061500Z-QE24M
P-12065-A,20,Grind,grind,0.92,,IP-12065-20,20260106T061500Z-QE24M
P-12065-A,30,Deburr and wash,bench,0.3,,,20260106T061500Z-QE24M
P-12065-A,40,Outside: passivation,supplier,0.0,passivation,IP-12065-40,20260106T061500Z-QE24M
P-12065-A,50,Final inspection and pack,inspection,0.2,,IP-12065-50,20260106T061500Z-QE24M
P-12075-A,10,Turn,multi_axis,1.31,,IP-12075-10,20260106T061500Z-QE24M
P-12075-A,20,Grind,grind,1.54,,IP-12075-20,20260106T061500Z-QE24M
P-12075-A,30,Deburr and wash,bench,0.3,,,20260106T061500Z-QE24M
P-12075-A,40,Outside: passivation,supplier,0.0,passivation,IP-12075-40,20260106T061500Z-QE24M
P-12075-A,50,Final inspection and pack,inspection,0.2,,IP-12075-50,20260106T061500Z-QE24M
P-12092-A,10,Turn,multi_axis,1.41,,IP-12092-10,20260106T061500Z-QE24M
P-12092-A,20,Grind,grind,1.2,,IP-12092-20,20260106T061500Z-QE24M
P-12092-A,30,Deburr and wash,bench,0.3,,,20260106T061500Z-QE24M
P-12092-A,40,Outside: passivation,supplier,0.0,passivation,IP-12092-40,20260106T061500Z-QE24M
P-12092-A,50,Final inspection and pack,inspection,0.2,,IP-12092-50,20260106T061500Z-QE24M
P-12114-A,10,Turn,multi_axis,1.15,,IP-12114-10,20260106T061500Z-QE24M
P-12114-A,20,Grind,grind,1.1,,IP-12114-20,20260106T061500Z-QE24M
P-12114-A,30,Deburr and wash,bench,0.3,,,20260106T061500Z-QE24M
P-12114-A,40,Outside: passivation,supplier,0.0,passivation,IP-12114-40,20260106T061500Z-QE24M
P-12114-A,50,Final inspection and pack,inspection,0.2,,IP-12114-50,20260106T061500Z-QE24M
P-12141-B,10,Turn,multi_axis,2.21,,IP-12141-10,20260106T061500Z-QE24M
P-12141-B,20,Grind,grind,2.81,,IP-12141-20,20260106T061500Z-QE24M
P-12141-B,30,Deburr and wash,bench,0.3,,,20260106T061500Z-QE24M
P-12141-B,40,Outside: passivation,supplier,0.0,passivation,IP-12141-40,20260106T061500Z-QE24M
P-12141-B,50,Final inspection and pack,inspection,0.2,,IP-12141-50,20260106T061500Z-QE24M
P-12144-A,10,Turn,multi_axis,2.34,,IP-12144-10,20260106T061500Z-QE24M
P-12144-A,20,Grind,grind,1.73,,IP-12144-20,20260106T061500Z-QE24M
P-12144-A,30,Deburr and wash,bench,0.3,,,20260106T061500Z-QE24M
P-12144-A,40,Outside: passivation,supplier,0.0,passivation,IP-12144-40,20260106T061500Z-QE24M
P-12144-A,50,Final inspection and pack,inspection,0.2,,IP-12144-50,20260106T061500Z-QE24M
P-12164-A,10,Turn,multi_axis,0.63,,IP-12164-10,20260106T061500Z-QE24M
P-12164-A,20,Grind,grind,1.18,,IP-12164-20,20260106T061500Z-QE24M
P-12164-A,30,Deburr and wash,bench,0.3,,,20260106T061500Z-QE24M
P-12164-A,40,Outside: passivation,supplier,0.0,passivation,IP-12164-40,20260106T061500Z-QE24M
P-12164-A,50,Final inspection and pack,inspection,0.2,,IP-12164-50,20260106T061500Z-QE24M
P-12188-A,10,Turn,multi_axis,0.84,,IP-12188-10,20260106T061500Z-QE24M
P-12188-A,20,Grind,grind,2.25,,IP-12188-20,20260106T061500Z-QE24M
P-12188-A,30,Deburr and wash,bench,0.3,,,20260106T061500Z-QE24M
P-12188-A,40,Outside: passivation,supplier,0.0,passivation,IP-12188-40,20260106T061500Z-QE24M
P-12188-A,50,Final inspection and pack,inspection,0.2,,IP-12188-50,20260106T061500Z-QE24M
P-12204-A,10,Turn,multi_axis,2.03,,IP-12204-10,20260106T061500Z-QE24M
P-12204-A,20,Grind,grind,0.82,,IP-12204-20,20260106T061500Z-QE24M
P-12204-A,30,Deburr and wash,bench,0.3,,,20260106T061500Z-QE24M
P-12204-A,40,Outside: passivation,supplier,0.0,passivation,IP-12204-40,20260106T061500Z-QE24M
P-12204-A,50,Final inspection and pack,inspection,0.2,,IP-12204-50,20260106T061500Z-QE24M
P-12208-D,10,Turn,multi_axis,1.76,,IP-12208-10,20260106T061500Z-QE24M
P-12208-D,20,Grind,grind,1.36,,IP-12208-20,20260106T061500Z-QE24M
P-12208-D,30,Deburr and wash,bench,0.3,,,20260106T061500Z-QE24M
P-12208-D,40,Outside: passivation,supplier,0.0,passivation,IP-12208-40,20260106T061500Z-QE24M
P-12208-D,50,Final inspection and pack,inspection,0.2,,IP-12208-50,20260106T061500Z-QE24M
P-12213-C,10,Turn,multi_axis,1.09,,IP-12213-10,20260106T061500Z-QE24M
P-12213-C,20,Grind,grind,1.87,,IP-12213-20,20260106T061500Z-QE24M
P-12213-C,30,Deburr and wash,bench,0.3,,,20260106T061500Z-QE24M
P-12213-C,40,Outside: passivation,supplier,0.0,passivation,IP-12213-40,20260106T061500Z-QE24M
P-12213-C,50,Final inspection and pack,inspection,0.2,,IP-12213-50,20260106T061500Z-QE24M
P-12223-A,10,Turn,multi_axis,1.31,,IP-12223-10,20260106T061500Z-QE24M
P-12223-A,20,Grind,grind,1.33,,IP-12223-20,20260106T061500Z-QE24M
P-12223-A,30,Deburr and wash,bench,0.3,,,20260106T061500Z-QE24M
P-12223-A,40,Outside: passivation,supplier,0.0,passivation,IP-12223-40,20260106T061500Z-QE24M
P-12223-A,50,Final inspection and pack,inspection,0.2,,IP-12223-50,20260106T061500Z-QE24M
P-12248-D,10,Turn,multi_axis,0.95,,IP-12248-10,20260106T061500Z-QE24M
P-12248-D,20,Grind,grind,0.95,,IP-12248-20,20260106T061500Z-QE24M
P-12248-D,30,Deburr and wash,bench,0.3,,,20260106T061500Z-QE24M
P-12248-D,40,Final inspection and pack,inspection,0.2,,IP-12248-40,20260106T061500Z-QE24M
P-12257-A,10,Turn,multi_axis,1.77,,IP-12257-10,20260106T061500Z-QE24M
P-12257-A,20,Grind,grind,2.03,,IP-12257-20,20260106T061500Z-QE24M
P-12257-A,30,Deburr and wash,bench,0.3,,,20260106T061500Z-QE24M
P-12257-A,40,Outside: passivation,supplier,0.0,passivation,IP-12257-40,20260106T061500Z-QE24M
P-12257-A,50,Final inspection and pack,inspection,0.2,,IP-12257-50,20260106T061500Z-QE24M
P-12284-B,10,Turn,multi_axis,1.46,,IP-12284-10,20260106T061500Z-QE24M
P-12284-B,20,Grind,grind,1.41,,IP-12284-20,20260106T061500Z-QE24M
P-12284-B,30,Deburr and wash,bench,0.3,,,20260106T061500Z-QE24M
P-12284-B,40,Final inspection and pack,inspection,0.2,,IP-12284-40,20260106T061500Z-QE24M
P-12303-D,10,Turn,multi_axis,1.52,,IP-12303-10,20260106T061500Z-QE24M
P-12303-D,20,Grind,grind,1.24,,IP-12303-20,20260106T061500Z-QE24M
P-12303-D,30,Deburr and wash,bench,0.3,,,20260106T061500Z-QE24M
P-12303-D,40,Outside: passivation,supplier,0.0,passivation,IP-12303-40,20260106T061500Z-QE24M
P-12303-D,50,Final inspection and pack,inspection,0.2,,IP-12303-50,20260106T061500Z-QE24M
P-12314-A,10,Turn complete,multi_axis,1.89,,IP-12314-10,20260106T061500Z-QE24M
P-12314-A,20,Deburr and wash,bench,0.3,,,20260106T061500Z-QE24M
P-12314-A,30,Outside: plating,supplier,0.0,plating,IP-12314-30,20260106T061500Z-QE24M
P-12314-A,40,Final inspection and pack,inspection,0.2,,IP-12314-40,20260106T061500Z-QE24M
P-12328-A,10,Turn complete,multi_axis,0.78,,IP-12328-10,20260106T061500Z-QE24M
P-12328-A,20,Deburr and wash,bench,0.3,,,20260106T061500Z-QE24M
P-12328-A,30,Outside: heat treat,supplier,0.0,heat treat,IP-12328-30,20260106T061500Z-QE24M
P-12328-A,40,Outside: plating,supplier,0.0,plating,IP-12328-40,20260106T061500Z-QE24M
P-12328-A,50,Final inspection and pack,inspection,0.2,,IP-12328-50,20260106T061500Z-QE24M
P-12338-A,10,Turn complete,multi_axis,1.11,,IP-12338-10,20260106T061500Z-QE24M
P-12338-A,20,Deburr and wash,bench,0.3,,,20260106T061500Z-QE24M
P-12338-A,30,Outside: heat treat,supplier,0.0,heat treat,IP-12338-30,20260106T061500Z-QE24M
P-12338-A,40,Outside: plating,supplier,0.0,plating,IP-12338-40,20260106T061500Z-QE24M
P-12338-A,50,Final inspection and pack,inspection,0.2,,IP-12338-50,20260106T061500Z-QE24M
P-12343-A,10,Turn complete,multi_axis,1.43,,IP-12343-10,20260106T061500Z-QE24M
P-12343-A,20,Deburr and wash,bench,0.3,,,20260106T061500Z-QE24M
P-12343-A,30,Outside: plating,supplier,0.0,plating,IP-12343-30,20260106T061500Z-QE24M
P-12343-A,40,Final inspection and pack,inspection,0.2,,IP-12343-40,20260106T061500Z-QE24M
P-12367-A,10,Turn complete,multi_axis,1.63,,IP-12367-10,20260106T061500Z-QE24M
P-12367-A,20,Deburr and wash,bench,0.3,,,20260106T061500Z-QE24M
P-12367-A,30,Outside: heat treat,supplier,0.0,heat treat,IP-12367-30,20260106T061500Z-QE24M
P-12367-A,40,Outside: plating,supplier,0.0,plating,IP-12367-40,20260106T061500Z-QE24M
P-12367-A,50,Final inspection and pack,inspection,0.2,,IP-12367-50,20260106T061500Z-QE24M
P-12370-B,10,Turn complete,multi_axis,1.26,,IP-12370-10,20260106T061500Z-QE24M
P-12370-B,20,Deburr and wash,bench,0.3,,,20260106T061500Z-QE24M
P-12370-B,30,Outside: plating,supplier,0.0,plating,IP-12370-30,20260106T061500Z-QE24M
P-12370-B,40,Final inspection and pack,inspection,0.2,,IP-12370-40,20260106T061500Z-QE24M
P-12384-A,10,Turn complete,multi_axis,1.45,,IP-12384-10,20260106T061500Z-QE24M
P-12384-A,20,Deburr and wash,bench,0.3,,,20260106T061500Z-QE24M
P-12384-A,30,Outside: heat treat,supplier,0.0,heat treat,IP-12384-30,20260106T061500Z-QE24M
P-12384-A,40,Outside: plating,supplier,0.0,plating,IP-12384-40,20260106T061500Z-QE24M
P-12384-A,50,Final inspection and pack,inspection,0.2,,IP-12384-50,20260106T061500Z-QE24M
P-12407-A,10,Turn complete,multi_axis,1.1,,IP-12407-10,20260106T061500Z-QE24M
P-12407-A,20,Deburr and wash,bench,0.3,,,20260106T061500Z-QE24M
P-12407-A,30,Outside: plating,supplier,0.0,plating,IP-12407-30,20260106T061500Z-QE24M
P-12407-A,40,Final inspection and pack,inspection,0.2,,IP-12407-40,20260106T061500Z-QE24M
P-12435-A,10,Turn complete,multi_axis,1.58,,IP-12435-10,20260106T061500Z-QE24M
P-12435-A,20,Deburr and wash,bench,0.3,,,20260106T061500Z-QE24M
P-12435-A,30,Outside: heat treat,supplier,0.0,heat treat,IP-12435-30,20260106T061500Z-QE24M
P-12435-A,40,Outside: plating,supplier,0.0,plating,IP-12435-40,20260106T061500Z-QE24M
P-12435-A,50,Final inspection and pack,inspection,0.2,,IP-12435-50,20260106T061500Z-QE24M
P-12458-A,10,Turn complete,multi_axis,1.43,,IP-12458-10,20260106T061500Z-QE24M
P-12458-A,20,Deburr and wash,bench,0.3,,,20260106T061500Z-QE24M
P-12458-A,30,Outside: heat treat,supplier,0.0,heat treat,IP-12458-30,20260106T061500Z-QE24M
P-12458-A,40,Outside: plating,supplier,0.0,plating,IP-12458-40,20260106T061500Z-QE24M
P-12458-A,50,Final inspection and pack,inspection,0.2,,IP-12458-50,20260106T061500Z-QE24M
P-12479-D,10,Turn complete,multi_axis,0.79,,IP-12479-10,20260106T061500Z-QE24M
P-12479-D,20,Deburr and wash,bench,0.3,,,20260106T061500Z-QE24M
P-12479-D,30,Outside: heat treat,supplier,0.0,heat treat,IP-12479-30,20260106T061500Z-QE24M
P-12479-D,40,Outside: plating,supplier,0.0,plating,IP-12479-40,20260106T061500Z-QE24M
P-12479-D,50,Final inspection and pack,inspection,0.2,,IP-12479-50,20260106T061500Z-QE24M
P-12489-A,10,Turn complete,multi_axis,2.06,,IP-12489-10,20260106T061500Z-QE24M
P-12489-A,20,Deburr and wash,bench,0.3,,,20260106T061500Z-QE24M
P-12489-A,30,Outside: heat treat,supplier,0.0,heat treat,IP-12489-30,20260106T061500Z-QE24M
P-12489-A,40,Outside: plating,supplier,0.0,plating,IP-12489-40,20260106T061500Z-QE24M
P-12489-A,50,Final inspection and pack,inspection,0.2,,IP-12489-50,20260106T061500Z-QE24M
P-12498-B,10,Turn complete,multi_axis,1.86,,IP-12498-10,20260106T061500Z-QE24M
P-12498-B,20,Deburr and wash,bench,0.3,,,20260106T061500Z-QE24M
P-12498-B,30,Outside: heat treat,supplier,0.0,heat treat,IP-12498-30,20260106T061500Z-QE24M
P-12498-B,40,Outside: plating,supplier,0.0,plating,IP-12498-40,20260106T061500Z-QE24M
P-12498-B,50,Final inspection and pack,inspection,0.2,,IP-12498-50,20260106T061500Z-QE24M
P-12515-B,10,Turn complete,multi_axis,2.5,,IP-12515-10,20260106T061500Z-QE24M
P-12515-B,20,Deburr and wash,bench,0.3,,,20260106T061500Z-QE24M
P-12515-B,30,Outside: heat treat,supplier,0.0,heat treat,IP-12515-30,20260106T061500Z-QE24M
P-12515-B,40,Outside: plating,supplier,0.0,plating,IP-12515-40,20260106T061500Z-QE24M
P-12515-B,50,Final inspection and pack,inspection,0.2,,IP-12515-50,20260106T061500Z-QE24M
P-12543-C,10,Turn complete,multi_axis,2.55,,IP-12543-10,20260106T061500Z-QE24M
P-12543-C,20,Deburr and wash,bench,0.3,,,20260106T061500Z-QE24M
P-12543-C,30,Outside: heat treat,supplier,0.0,heat treat,IP-12543-30,20260106T061500Z-QE24M
P-12543-C,40,Outside: plating,supplier,0.0,plating,IP-12543-40,20260106T061500Z-QE24M
P-12543-C,50,Final inspection and pack,inspection,0.2,,IP-12543-50,20260106T061500Z-QE24M
P-12558-A,10,Turn complete,multi_axis,0.95,,IP-12558-10,20260106T061500Z-QE24M
P-12558-A,20,Deburr and wash,bench,0.3,,,20260106T061500Z-QE24M
P-12558-A,30,Outside: plating,supplier,0.0,plating,IP-12558-30,20260106T061500Z-QE24M
P-12558-A,40,Final inspection and pack,inspection,0.2,,IP-12558-40,20260106T061500Z-QE24M
P-12565-B,10,Swiss turn,swiss,1.4,,IP-12565-10,20260106T061500Z-QE24M
P-12565-B,20,Deburr and wash,bench,0.3,,,20260106T061500Z-QE24M
P-12565-B,30,Outside: heat treat,supplier,0.0,heat treat,IP-12565-30,20260106T061500Z-QE24M
P-12565-B,40,Outside: passivation,supplier,0.0,passivation,IP-12565-40,20260106T061500Z-QE24M
P-12565-B,50,Final inspection and pack,inspection,0.2,,IP-12565-50,20260106T061500Z-QE24M
P-12589-C,10,Swiss turn,swiss,1.39,,IP-12589-10,20260106T061500Z-QE24M
P-12589-C,20,Deburr and wash,bench,0.3,,,20260106T061500Z-QE24M
P-12589-C,30,Outside: heat treat,supplier,0.0,heat treat,IP-12589-30,20260106T061500Z-QE24M
P-12589-C,40,Outside: passivation,supplier,0.0,passivation,IP-12589-40,20260106T061500Z-QE24M
P-12589-C,50,Final inspection and pack,inspection,0.2,,IP-12589-50,20260106T061500Z-QE24M
P-12594-C,10,Swiss turn,swiss,1.32,,IP-12594-10,20260106T061500Z-QE24M
P-12594-C,20,Deburr and wash,bench,0.3,,,20260106T061500Z-QE24M
P-12594-C,30,Outside: heat treat,supplier,0.0,heat treat,IP-12594-30,20260106T061500Z-QE24M
P-12594-C,40,Outside: passivation,supplier,0.0,passivation,IP-12594-40,20260106T061500Z-QE24M
P-12594-C,50,Final inspection and pack,inspection,0.2,,IP-12594-50,20260106T061500Z-QE24M
P-12614-A,10,Swiss turn,swiss,1.19,,IP-12614-10,20260106T061500Z-QE24M
P-12614-A,20,Deburr and wash,bench,0.3,,,20260106T061500Z-QE24M
P-12614-A,30,Outside: heat treat,supplier,0.0,heat treat,IP-12614-30,20260106T061500Z-QE24M
P-12614-A,40,Outside: passivation,supplier,0.0,passivation,IP-12614-40,20260106T061500Z-QE24M
P-12614-A,50,Final inspection and pack,inspection,0.2,,IP-12614-50,20260106T061500Z-QE24M
P-12618-A,10,Swiss turn,swiss,1.22,,IP-12618-10,20260106T061500Z-QE24M
P-12618-A,20,Deburr and wash,bench,0.3,,,20260106T061500Z-QE24M
P-12618-A,30,Outside: heat treat,supplier,0.0,heat treat,IP-12618-30,20260106T061500Z-QE24M
P-12618-A,40,Outside: passivation,supplier,0.0,passivation,IP-12618-40,20260106T061500Z-QE24M
P-12618-A,50,Final inspection and pack,inspection,0.2,,IP-12618-50,20260106T061500Z-QE24M
P-12642-D,10,Swiss turn,swiss,1.44,,IP-12642-10,20260106T061500Z-QE24M
P-12642-D,20,Deburr and wash,bench,0.3,,,20260106T061500Z-QE24M
P-12642-D,30,Outside: heat treat,supplier,0.0,heat treat,IP-12642-30,20260106T061500Z-QE24M
P-12642-D,40,Outside: passivation,supplier,0.0,passivation,IP-12642-40,20260106T061500Z-QE24M
P-12642-D,50,Final inspection and pack,inspection,0.2,,IP-12642-50,20260106T061500Z-QE24M
P-12645-A,10,Swiss turn,swiss,1.0,,IP-12645-10,20260106T061500Z-QE24M
P-12645-A,20,Deburr and wash,bench,0.3,,,20260106T061500Z-QE24M
P-12645-A,30,Outside: heat treat,supplier,0.0,heat treat,IP-12645-30,20260106T061500Z-QE24M
P-12645-A,40,Outside: passivation,supplier,0.0,passivation,IP-12645-40,20260106T061500Z-QE24M
P-12645-A,50,Final inspection and pack,inspection,0.2,,IP-12645-50,20260106T061500Z-QE24M
P-12671-A,10,Swiss turn,swiss,2.1,,IP-12671-10,20260106T061500Z-QE24M
P-12671-A,20,Deburr and wash,bench,0.3,,,20260106T061500Z-QE24M
P-12671-A,30,Outside: passivation,supplier,0.0,passivation,IP-12671-30,20260106T061500Z-QE24M
P-12671-A,40,Final inspection and pack,inspection,0.2,,IP-12671-40,20260106T061500Z-QE24M
P-12678-A,10,Swiss turn,swiss,1.35,,IP-12678-10,20260106T061500Z-QE24M
P-12678-A,20,Deburr and wash,bench,0.3,,,20260106T061500Z-QE24M
P-12678-A,30,Outside: passivation,supplier,0.0,passivation,IP-12678-30,20260106T061500Z-QE24M
P-12678-A,40,Final inspection and pack,inspection,0.2,,IP-12678-40,20260106T061500Z-QE24M
P-12695-A,10,Swiss turn,swiss,1.09,,IP-12695-10,20260106T061500Z-QE24M
P-12695-A,20,Deburr and wash,bench,0.3,,,20260106T061500Z-QE24M
P-12695-A,30,Outside: heat treat,supplier,0.0,heat treat,IP-12695-30,20260106T061500Z-QE24M
P-12695-A,40,Outside: passivation,supplier,0.0,passivation,IP-12695-40,20260106T061500Z-QE24M
P-12695-A,50,Final inspection and pack,inspection,0.2,,IP-12695-50,20260106T061500Z-QE24M
P-12701-A,10,Swiss turn,swiss,0.71,,IP-12701-10,20260106T061500Z-QE24M
P-12701-A,20,Deburr and wash,bench,0.3,,,20260106T061500Z-QE24M
P-12701-A,30,Outside: heat treat,supplier,0.0,heat treat,IP-12701-30,20260106T061500Z-QE24M
P-12701-A,40,Outside: passivation,supplier,0.0,passivation,IP-12701-40,20260106T061500Z-QE24M
P-12701-A,50,Final inspection and pack,inspection,0.2,,IP-12701-50,20260106T061500Z-QE24M
P-12722-A,10,Swiss turn,swiss,1.37,,IP-12722-10,20260106T061500Z-QE24M
P-12722-A,20,Deburr and wash,bench,0.3,,,20260106T061500Z-QE24M
P-12722-A,30,Outside: heat treat,supplier,0.0,heat treat,IP-12722-30,20260106T061500Z-QE24M
P-12722-A,40,Outside: passivation,supplier,0.0,passivation,IP-12722-40,20260106T061500Z-QE24M
P-12722-A,50,Final inspection and pack,inspection,0.2,,IP-12722-50,20260106T061500Z-QE24M
P-12738-A,10,Swiss turn,swiss,0.79,,IP-12738-10,20260106T061500Z-QE24M
P-12738-A,20,Deburr and wash,bench,0.3,,,20260106T061500Z-QE24M
P-12738-A,30,Outside: passivation,supplier,0.0,passivation,IP-12738-30,20260106T061500Z-QE24M
P-12738-A,40,Final inspection and pack,inspection,0.2,,IP-12738-40,20260106T061500Z-QE24M
P-12750-D,10,Swiss turn,swiss,1.68,,IP-12750-10,20260106T061500Z-QE24M
P-12750-D,20,Deburr and wash,bench,0.3,,,20260106T061500Z-QE24M
P-12750-D,30,Outside: heat treat,supplier,0.0,heat treat,IP-12750-30,20260106T061500Z-QE24M
P-12750-D,40,Outside: passivation,supplier,0.0,passivation,IP-12750-40,20260106T061500Z-QE24M
P-12750-D,50,Final inspection and pack,inspection,0.2,,IP-12750-50,20260106T061500Z-QE24M
P-12756-B,10,Swiss turn,swiss,1.05,,IP-12756-10,20260106T061500Z-QE24M
P-12756-B,20,Deburr and wash,bench,0.3,,,20260106T061500Z-QE24M
P-12756-B,30,Outside: heat treat,supplier,0.0,heat treat,IP-12756-30,20260106T061500Z-QE24M
P-12756-B,40,Outside: passivation,supplier,0.0,passivation,IP-12756-40,20260106T061500Z-QE24M
P-12756-B,50,Final inspection and pack,inspection,0.2,,IP-12756-50,20260106T061500Z-QE24M
P-12777-A,10,Swiss turn,swiss,1.48,,IP-12777-10,20260106T061500Z-QE24M
P-12777-A,20,Deburr and wash,bench,0.3,,,20260106T061500Z-QE24M
P-12777-A,30,Final inspection and pack,inspection,0.2,,IP-12777-30,20260106T061500Z-QE24M
P-12802-A,10,Swiss turn,swiss,2.17,,IP-12802-10,20260106T061500Z-QE24M
P-12802-A,20,Deburr and wash,bench,0.3,,,20260106T061500Z-QE24M
P-12802-A,30,Outside: heat treat,supplier,0.0,heat treat,IP-12802-30,20260106T061500Z-QE24M
P-12802-A,40,Outside: passivation,supplier,0.0,passivation,IP-12802-40,20260106T061500Z-QE24M
P-12802-A,50,Final inspection and pack,inspection,0.2,,IP-12802-50,20260106T061500Z-QE24M
P-12828-B,10,Turn complete,multi_axis,1.89,,IP-12828-10,20260106T061500Z-QE24M
P-12828-B,20,Deburr and wash,bench,0.3,,,20260106T061500Z-QE24M
P-12828-B,30,Outside: heat treat,supplier,0.0,heat treat,IP-12828-30,20260106T061500Z-QE24M
P-12828-B,40,Outside: plating,supplier,0.0,plating,IP-12828-40,20260106T061500Z-QE24M
P-12828-B,50,Final inspection and pack,inspection,0.2,,IP-12828-50,20260106T061500Z-QE24M
P-12835-A,10,Turn complete,multi_axis,1.19,,IP-12835-10,20260106T061500Z-QE24M
P-12835-A,20,Deburr and wash,bench,0.3,,,20260106T061500Z-QE24M
P-12835-A,30,Outside: heat treat,supplier,0.0,heat treat,IP-12835-30,20260106T061500Z-QE24M
P-12835-A,40,Outside: plating,supplier,0.0,plating,IP-12835-40,20260106T061500Z-QE24M
P-12835-A,50,Final inspection and pack,inspection,0.2,,IP-12835-50,20260106T061500Z-QE24M
P-12861-C,10,Turn complete,multi_axis,1.16,,IP-12861-10,20260106T061500Z-QE24M
P-12861-C,20,Deburr and wash,bench,0.3,,,20260106T061500Z-QE24M
P-12861-C,30,Outside: heat treat,supplier,0.0,heat treat,IP-12861-30,20260106T061500Z-QE24M
P-12861-C,40,Outside: plating,supplier,0.0,plating,IP-12861-40,20260106T061500Z-QE24M
P-12861-C,50,Final inspection and pack,inspection,0.2,,IP-12861-50,20260106T061500Z-QE24M
P-12868-D,10,Turn complete,multi_axis,1.4,,IP-12868-10,20260106T061500Z-QE24M
P-12868-D,20,Deburr and wash,bench,0.3,,,20260106T061500Z-QE24M
P-12868-D,30,Outside: plating,supplier,0.0,plating,IP-12868-30,20260106T061500Z-QE24M
P-12868-D,40,Final inspection and pack,inspection,0.2,,IP-12868-40,20260106T061500Z-QE24M
P-12878-C,10,Turn complete,multi_axis,1.29,,IP-12878-10,20260106T061500Z-QE24M
P-12878-C,20,Deburr and wash,bench,0.3,,,20260106T061500Z-QE24M
P-12878-C,30,Outside: heat treat,supplier,0.0,heat treat,IP-12878-30,20260106T061500Z-QE24M
P-12878-C,40,Outside: plating,supplier,0.0,plating,IP-12878-40,20260106T061500Z-QE24M
P-12878-C,50,Final inspection and pack,inspection,0.2,,IP-12878-50,20260106T061500Z-QE24M
P-12884-C,10,Turn complete,multi_axis,1.01,,IP-12884-10,20260106T061500Z-QE24M
P-12884-C,20,Deburr and wash,bench,0.3,,,20260106T061500Z-QE24M
P-12884-C,30,Outside: plating,supplier,0.0,plating,IP-12884-30,20260106T061500Z-QE24M
P-12884-C,40,Final inspection and pack,inspection,0.2,,IP-12884-40,20260106T061500Z-QE24M
P-12907-D,10,Turn complete,multi_axis,1.71,,IP-12907-10,20260106T061500Z-QE24M
P-12907-D,20,Deburr and wash,bench,0.3,,,20260106T061500Z-QE24M
P-12907-D,30,Outside: heat treat,supplier,0.0,heat treat,IP-12907-30,20260106T061500Z-QE24M
P-12907-D,40,Outside: plating,supplier,0.0,plating,IP-12907-40,20260106T061500Z-QE24M
P-12907-D,50,Final inspection and pack,inspection,0.2,,IP-12907-50,20260106T061500Z-QE24M
P-12925-A,10,Turn complete,multi_axis,1.1,,IP-12925-10,20260106T061500Z-QE24M
P-12925-A,20,Deburr and wash,bench,0.3,,,20260106T061500Z-QE24M
P-12925-A,30,Outside: heat treat,supplier,0.0,heat treat,IP-12925-30,20260106T061500Z-QE24M
P-12925-A,40,Outside: plating,supplier,0.0,plating,IP-12925-40,20260106T061500Z-QE24M
P-12925-A,50,Final inspection and pack,inspection,0.2,,IP-12925-50,20260106T061500Z-QE24M
P-12947-A,10,Turn complete,multi_axis,1.37,,IP-12947-10,20260106T061500Z-QE24M
P-12947-A,20,Deburr and wash,bench,0.3,,,20260106T061500Z-QE24M
P-12947-A,30,Outside: plating,supplier,0.0,plating,IP-12947-30,20260106T061500Z-QE24M
P-12947-A,40,Final inspection and pack,inspection,0.2,,IP-12947-40,20260106T061500Z-QE24M
P-12972-A,10,Turn complete,multi_axis,1.41,,IP-12972-10,20260106T061500Z-QE24M
P-12972-A,20,Deburr and wash,bench,0.3,,,20260106T061500Z-QE24M
P-12972-A,30,Outside: heat treat,supplier,0.0,heat treat,IP-12972-30,20260106T061500Z-QE24M
P-12972-A,40,Outside: plating,supplier,0.0,plating,IP-12972-40,20260106T061500Z-QE24M
P-12972-A,50,Final inspection and pack,inspection,0.2,,IP-12972-50,20260106T061500Z-QE24M
P-12988-A,10,Turn complete,multi_axis,2.21,,IP-12988-10,20260106T061500Z-QE24M
P-12988-A,20,Deburr and wash,bench,0.3,,,20260106T061500Z-QE24M
P-12988-A,30,Outside: plating,supplier,0.0,plating,IP-12988-30,20260106T061500Z-QE24M
P-12988-A,40,Final inspection and pack,inspection,0.2,,IP-12988-40,20260106T061500Z-QE24M
P-13012-A,10,Turn complete,multi_axis,1.82,,IP-13012-10,20260106T061500Z-QE24M
P-13012-A,20,Deburr and wash,bench,0.3,,,20260106T061500Z-QE24M
P-13012-A,30,Outside: heat treat,supplier,0.0,heat treat,IP-13012-30,20260106T061500Z-QE24M
P-13012-A,40,Outside: plating,supplier,0.0,plating,IP-13012-40,20260106T061500Z-QE24M
P-13012-A,50,Final inspection and pack,inspection,0.2,,IP-13012-50,20260106T061500Z-QE24M
P-13017-A,10,Swiss turn,swiss,2.14,,IP-13017-10,20260106T061500Z-QE24M
P-13017-A,20,Deburr and wash,bench,0.3,,,20260106T061500Z-QE24M
P-13017-A,30,Outside: heat treat,supplier,0.0,heat treat,IP-13017-30,20260106T061500Z-QE24M
P-13017-A,40,Outside: plating,supplier,0.0,plating,IP-13017-40,20260106T061500Z-QE24M
P-13017-A,50,Final inspection and pack,inspection,0.2,,IP-13017-50,20260106T061500Z-QE24M
P-13045-B,10,Swiss turn,swiss,1.97,,IP-13045-10,20260106T061500Z-QE24M
P-13045-B,20,Deburr and wash,bench,0.3,,,20260106T061500Z-QE24M
P-13045-B,30,Outside: heat treat,supplier,0.0,heat treat,IP-13045-30,20260106T061500Z-QE24M
P-13045-B,40,Outside: plating,supplier,0.0,plating,IP-13045-40,20260106T061500Z-QE24M
P-13045-B,50,Final inspection and pack,inspection,0.2,,IP-13045-50,20260106T061500Z-QE24M
P-13067-C,10,Swiss turn,swiss,2.15,,IP-13067-10,20260106T061500Z-QE24M
P-13067-C,20,Deburr and wash,bench,0.3,,,20260106T061500Z-QE24M
P-13067-C,30,Outside: plating,supplier,0.0,plating,IP-13067-30,20260106T061500Z-QE24M
P-13067-C,40,Final inspection and pack,inspection,0.2,,IP-13067-40,20260106T061500Z-QE24M
P-13094-D,10,Swiss turn,swiss,1.34,,IP-13094-10,20260106T061500Z-QE24M
P-13094-D,20,Deburr and wash,bench,0.3,,,20260106T061500Z-QE24M
P-13094-D,30,Outside: plating,supplier,0.0,plating,IP-13094-30,20260106T061500Z-QE24M
P-13094-D,40,Final inspection and pack,inspection,0.2,,IP-13094-40,20260106T061500Z-QE24M
P-13122-B,10,Swiss turn,swiss,2.45,,IP-13122-10,20260106T061500Z-QE24M
P-13122-B,20,Deburr and wash,bench,0.3,,,20260106T061500Z-QE24M
P-13122-B,30,Outside: plating,supplier,0.0,plating,IP-13122-30,20260106T061500Z-QE24M
P-13122-B,40,Final inspection and pack,inspection,0.2,,IP-13122-40,20260106T061500Z-QE24M
P-13138-C,10,Swiss turn,swiss,2.74,,IP-13138-10,20260106T061500Z-QE24M
P-13138-C,20,Deburr and wash,bench,0.3,,,20260106T061500Z-QE24M
P-13138-C,30,Outside: heat treat,supplier,0.0,heat treat,IP-13138-30,20260106T061500Z-QE24M
P-13138-C,40,Outside: plating,supplier,0.0,plating,IP-13138-40,20260106T061500Z-QE24M
P-13138-C,50,Final inspection and pack,inspection,0.2,,IP-13138-50,20260106T061500Z-QE24M
P-13145-D,10,Swiss turn,swiss,0.64,,IP-13145-10,20260106T061500Z-QE24M
P-13145-D,20,Deburr and wash,bench,0.3,,,20260106T061500Z-QE24M
P-13145-D,30,Outside: plating,supplier,0.0,plating,IP-13145-30,20260106T061500Z-QE24M
P-13145-D,40,Final inspection and pack,inspection,0.2,,IP-13145-40,20260106T061500Z-QE24M
P-13149-C,10,Swiss turn,swiss,1.77,,IP-13149-10,20260106T061500Z-QE24M
P-13149-C,20,Deburr and wash,bench,0.3,,,20260106T061500Z-QE24M
P-13149-C,30,Outside: heat treat,supplier,0.0,heat treat,IP-13149-30,20260106T061500Z-QE24M
P-13149-C,40,Outside: plating,supplier,0.0,plating,IP-13149-40,20260106T061500Z-QE24M
P-13149-C,50,Final inspection and pack,inspection,0.2,,IP-13149-50,20260106T061500Z-QE24M
P-13158-A,10,Swiss turn,swiss,1.14,,IP-13158-10,20260106T061500Z-QE24M
P-13158-A,20,Deburr and wash,bench,0.3,,,20260106T061500Z-QE24M
P-13158-A,30,Outside: heat treat,supplier,0.0,heat treat,IP-13158-30,20260106T061500Z-QE24M
P-13158-A,40,Outside: plating,supplier,0.0,plating,IP-13158-40,20260106T061500Z-QE24M
P-13158-A,50,Final inspection and pack,inspection,0.2,,IP-13158-50,20260106T061500Z-QE24M
P-13174-A,10,Swiss turn,swiss,3.06,,IP-13174-10,20260106T061500Z-QE24M
P-13174-A,20,Deburr and wash,bench,0.3,,,20260106T061500Z-QE24M
P-13174-A,30,Outside: heat treat,supplier,0.0,heat treat,IP-13174-30,20260106T061500Z-QE24M
P-13174-A,40,Outside: plating,supplier,0.0,plating,IP-13174-40,20260106T061500Z-QE24M
P-13174-A,50,Final inspection and pack,inspection,0.2,,IP-13174-50,20260106T061500Z-QE24M
P-13193-A,10,Swiss turn,swiss,1.43,,IP-13193-10,20260106T061500Z-QE24M
P-13193-A,20,Deburr and wash,bench,0.3,,,20260106T061500Z-QE24M
P-13193-A,30,Outside: plating,supplier,0.0,plating,IP-13193-30,20260106T061500Z-QE24M
P-13193-A,40,Final inspection and pack,inspection,0.2,,IP-13193-40,20260106T061500Z-QE24M
P-13214-A,10,Swiss turn,swiss,0.95,,IP-13214-10,20260106T061500Z-QE24M
P-13214-A,20,Deburr and wash,bench,0.3,,,20260106T061500Z-QE24M
P-13214-A,30,Outside: heat treat,supplier,0.0,heat treat,IP-13214-30,20260106T061500Z-QE24M
P-13214-A,40,Outside: plating,supplier,0.0,plating,IP-13214-40,20260106T061500Z-QE24M
P-13214-A,50,Final inspection and pack,inspection,0.2,,IP-13214-50,20260106T061500Z-QE24M
P-13229-B,10,Swiss turn,swiss,1.55,,IP-13229-10,20260106T061500Z-QE24M
P-13229-B,20,Deburr and wash,bench,0.3,,,20260106T061500Z-QE24M
P-13229-B,30,Outside: heat treat,supplier,0.0,heat treat,IP-13229-30,20260106T061500Z-QE24M
P-13229-B,40,Outside: plating,supplier,0.0,plating,IP-13229-40,20260106T061500Z-QE24M
P-13229-B,50,Final inspection and pack,inspection,0.2,,IP-13229-50,20260106T061500Z-QE24M
P-13248-A,10,Swiss turn,swiss,0.99,,IP-13248-10,20260106T061500Z-QE24M
P-13248-A,20,Deburr and wash,bench,0.3,,,20260106T061500Z-QE24M
P-13248-A,30,Outside: plating,supplier,0.0,plating,IP-13248-30,20260106T061500Z-QE24M
P-13248-A,40,Final inspection and pack,inspection,0.2,,IP-13248-40,20260106T061500Z-QE24M
P-13267-B,10,Swiss turn,swiss,1.27,,IP-13267-10,20260106T061500Z-QE24M
P-13267-B,20,Deburr and wash,bench,0.3,,,20260106T061500Z-QE24M
P-13267-B,30,Outside: plating,supplier,0.0,plating,IP-13267-30,20260106T061500Z-QE24M
P-13267-B,40,Final inspection and pack,inspection,0.2,,IP-13267-40,20260106T061500Z-QE24M
P-13285-C,10,Swiss turn,swiss,1.96,,IP-13285-10,20260106T061500Z-QE24M
P-13285-C,20,Deburr and wash,bench,0.3,,,20260106T061500Z-QE24M
P-13285-C,30,Outside: plating,supplier,0.0,plating,IP-13285-30,20260106T061500Z-QE24M
P-13285-C,40,Final inspection and pack,inspection,0.2,,IP-13285-40,20260106T061500Z-QE24M
P-13307-B,10,Turn complete,multi_axis,1.43,,IP-13307-10,20260106T061500Z-QE24M
P-13307-B,20,Deburr and wash,bench,0.3,,,20260106T061500Z-QE24M
P-13307-B,30,Outside: heat treat,supplier,0.0,heat treat,IP-13307-30,20260106T061500Z-QE24M
P-13307-B,40,Outside: plating,supplier,0.0,plating,IP-13307-40,20260106T061500Z-QE24M
P-13307-B,50,Final inspection and pack,inspection,0.2,,IP-13307-50,20260106T061500Z-QE24M
P-13317-A,10,Turn complete,multi_axis,1.52,,IP-13317-10,20260106T061500Z-QE24M
P-13317-A,20,Deburr and wash,bench,0.3,,,20260106T061500Z-QE24M
P-13317-A,30,Outside: heat treat,supplier,0.0,heat treat,IP-13317-30,20260106T061500Z-QE24M
P-13317-A,40,Outside: plating,supplier,0.0,plating,IP-13317-40,20260106T061500Z-QE24M
P-13317-A,50,Final inspection and pack,inspection,0.2,,IP-13317-50,20260106T061500Z-QE24M
P-13321-A,10,Turn complete,multi_axis,1.14,,IP-13321-10,20260106T061500Z-QE24M
P-13321-A,20,Deburr and wash,bench,0.3,,,20260106T061500Z-QE24M
P-13321-A,30,Outside: plating,supplier,0.0,plating,IP-13321-30,20260106T061500Z-QE24M
P-13321-A,40,Final inspection and pack,inspection,0.2,,IP-13321-40,20260106T061500Z-QE24M
P-13328-A,10,Turn complete,multi_axis,3.35,,IP-13328-10,20260106T061500Z-QE24M
P-13328-A,20,Deburr and wash,bench,0.3,,,20260106T061500Z-QE24M
P-13328-A,30,Outside: heat treat,supplier,0.0,heat treat,IP-13328-30,20260106T061500Z-QE24M
P-13328-A,40,Outside: plating,supplier,0.0,plating,IP-13328-40,20260106T061500Z-QE24M
P-13328-A,50,Final inspection and pack,inspection,0.2,,IP-13328-50,20260106T061500Z-QE24M
P-13350-A,10,Turn complete,multi_axis,1.93,,IP-13350-10,20260106T061500Z-QE24M
P-13350-A,20,Deburr and wash,bench,0.3,,,20260106T061500Z-QE24M
P-13350-A,30,Outside: plating,supplier,0.0,plating,IP-13350-30,20260106T061500Z-QE24M
P-13350-A,40,Final inspection and pack,inspection,0.2,,IP-13350-40,20260106T061500Z-QE24M
P-13357-A,10,Turn complete,multi_axis,1.0,,IP-13357-10,20260106T061500Z-QE24M
P-13357-A,20,Deburr and wash,bench,0.3,,,20260106T061500Z-QE24M
P-13357-A,30,Outside: heat treat,supplier,0.0,heat treat,IP-13357-30,20260106T061500Z-QE24M
P-13357-A,40,Outside: plating,supplier,0.0,plating,IP-13357-40,20260106T061500Z-QE24M
P-13357-A,50,Final inspection and pack,inspection,0.2,,IP-13357-50,20260106T061500Z-QE24M
P-13369-A,10,Turn complete,multi_axis,1.43,,IP-13369-10,20260106T061500Z-QE24M
P-13369-A,20,Deburr and wash,bench,0.3,,,20260106T061500Z-QE24M
P-13369-A,30,Outside: heat treat,supplier,0.0,heat treat,IP-13369-30,20260106T061500Z-QE24M
P-13369-A,40,Outside: plating,supplier,0.0,plating,IP-13369-40,20260106T061500Z-QE24M
P-13369-A,50,Final inspection and pack,inspection,0.2,,IP-13369-50,20260106T061500Z-QE24M
P-13380-B,10,Turn complete,multi_axis,1.29,,IP-13380-10,20260106T061500Z-QE24M
P-13380-B,20,Deburr and wash,bench,0.3,,,20260106T061500Z-QE24M
P-13380-B,30,Outside: heat treat,supplier,0.0,heat treat,IP-13380-30,20260106T061500Z-QE24M
P-13380-B,40,Outside: plating,supplier,0.0,plating,IP-13380-40,20260106T061500Z-QE24M
P-13380-B,50,Final inspection and pack,inspection,0.2,,IP-13380-50,20260106T061500Z-QE24M
P-13403-A,10,Turn complete,multi_axis,0.89,,IP-13403-10,20260106T061500Z-QE24M
P-13403-A,20,Deburr and wash,bench,0.3,,,20260106T061500Z-QE24M
P-13403-A,30,Outside: heat treat,supplier,0.0,heat treat,IP-13403-30,20260106T061500Z-QE24M
P-13403-A,40,Outside: plating,supplier,0.0,plating,IP-13403-40,20260106T061500Z-QE24M
P-13403-A,50,Final inspection and pack,inspection,0.2,,IP-13403-50,20260106T061500Z-QE24M
P-13431-A,10,Turn complete,multi_axis,1.12,,IP-13431-10,20260106T061500Z-QE24M
P-13431-A,20,Deburr and wash,bench,0.3,,,20260106T061500Z-QE24M
P-13431-A,30,Outside: plating,supplier,0.0,plating,IP-13431-30,20260106T061500Z-QE24M
P-13431-A,40,Final inspection and pack,inspection,0.2,,IP-13431-40,20260106T061500Z-QE24M
P-13447-D,10,Turn complete,multi_axis,2.72,,IP-13447-10,20260106T061500Z-QE24M
P-13447-D,20,Deburr and wash,bench,0.3,,,20260106T061500Z-QE24M
P-13447-D,30,Outside: heat treat,supplier,0.0,heat treat,IP-13447-30,20260106T061500Z-QE24M
P-13447-D,40,Outside: plating,supplier,0.0,plating,IP-13447-40,20260106T061500Z-QE24M
P-13447-D,50,Final inspection and pack,inspection,0.2,,IP-13447-50,20260106T061500Z-QE24M
P-13458-B,10,Turn complete,multi_axis,0.6,,IP-13458-10,20260106T061500Z-QE24M
P-13458-B,20,Deburr and wash,bench,0.3,,,20260106T061500Z-QE24M
P-13458-B,30,Outside: heat treat,supplier,0.0,heat treat,IP-13458-30,20260106T061500Z-QE24M
P-13458-B,40,Outside: plating,supplier,0.0,plating,IP-13458-40,20260106T061500Z-QE24M
P-13458-B,50,Final inspection and pack,inspection,0.2,,IP-13458-50,20260106T061500Z-QE24M
P-13483-A,10,Turn complete,multi_axis,0.99,,IP-13483-10,20260106T061500Z-QE24M
P-13483-A,20,Deburr and wash,bench,0.3,,,20260106T061500Z-QE24M
P-13483-A,30,Outside: heat treat,supplier,0.0,heat treat,IP-13483-30,20260106T061500Z-QE24M
P-13483-A,40,Outside: plating,supplier,0.0,plating,IP-13483-40,20260106T061500Z-QE24M
P-13483-A,50,Final inspection and pack,inspection,0.2,,IP-13483-50,20260106T061500Z-QE24M
P-13502-C,10,Turn complete,multi_axis,1.41,,IP-13502-10,20260106T061500Z-QE24M
P-13502-C,20,Deburr and wash,bench,0.3,,,20260106T061500Z-QE24M
P-13502-C,30,Outside: heat treat,supplier,0.0,heat treat,IP-13502-30,20260106T061500Z-QE24M
P-13502-C,40,Outside: plating,supplier,0.0,plating,IP-13502-40,20260106T061500Z-QE24M
P-13502-C,50,Final inspection and pack,inspection,0.2,,IP-13502-50,20260106T061500Z-QE24M
P-13530-B,10,Turn,multi_axis,2.05,,IP-13530-10,20260106T061500Z-QE24M
P-13530-B,20,Grind,grind,1.14,,IP-13530-20,20260106T061500Z-QE24M
P-13530-B,30,Deburr and wash,bench,0.3,,,20260106T061500Z-QE24M
P-13530-B,40,Outside: heat treat,supplier,0.0,heat treat,IP-13530-40,20260106T061500Z-QE24M
P-13530-B,50,Outside: plating,supplier,0.0,plating,IP-13530-50,20260106T061500Z-QE24M
P-13530-B,60,Final inspection and pack,inspection,0.2,,IP-13530-60,20260106T061500Z-QE24M
P-13557-A,10,Turn,multi_axis,1.4,,IP-13557-10,20260106T061500Z-QE24M
P-13557-A,20,Grind,grind,0.54,,IP-13557-20,20260106T061500Z-QE24M
P-13557-A,30,Deburr and wash,bench,0.3,,,20260106T061500Z-QE24M
P-13557-A,40,Outside: plating,supplier,0.0,plating,IP-13557-40,20260106T061500Z-QE24M
P-13557-A,50,Final inspection and pack,inspection,0.2,,IP-13557-50,20260106T061500Z-QE24M
P-13563-A,10,Turn,multi_axis,1.81,,IP-13563-10,20260106T061500Z-QE24M
P-13563-A,20,Grind,grind,1.05,,IP-13563-20,20260106T061500Z-QE24M
P-13563-A,30,Deburr and wash,bench,0.3,,,20260106T061500Z-QE24M
P-13563-A,40,Outside: plating,supplier,0.0,plating,IP-13563-40,20260106T061500Z-QE24M
P-13563-A,50,Final inspection and pack,inspection,0.2,,IP-13563-50,20260106T061500Z-QE24M
P-13590-A,10,Turn,multi_axis,1.72,,IP-13590-10,20260106T061500Z-QE24M
P-13590-A,20,Grind,grind,1.14,,IP-13590-20,20260106T061500Z-QE24M
P-13590-A,30,Deburr and wash,bench,0.3,,,20260106T061500Z-QE24M
P-13590-A,40,Outside: plating,supplier,0.0,plating,IP-13590-40,20260106T061500Z-QE24M
P-13590-A,50,Final inspection and pack,inspection,0.2,,IP-13590-50,20260106T061500Z-QE24M
P-13608-D,10,Turn,multi_axis,1.09,,IP-13608-10,20260106T061500Z-QE24M
P-13608-D,20,Grind,grind,1.27,,IP-13608-20,20260106T061500Z-QE24M
P-13608-D,30,Deburr and wash,bench,0.3,,,20260106T061500Z-QE24M
P-13608-D,40,Outside: heat treat,supplier,0.0,heat treat,IP-13608-40,20260106T061500Z-QE24M
P-13608-D,50,Outside: plating,supplier,0.0,plating,IP-13608-50,20260106T061500Z-QE24M
P-13608-D,60,Final inspection and pack,inspection,0.2,,IP-13608-60,20260106T061500Z-QE24M
P-13633-A,10,Turn,multi_axis,1.37,,IP-13633-10,20260106T061500Z-QE24M
P-13633-A,20,Grind,grind,0.99,,IP-13633-20,20260106T061500Z-QE24M
P-13633-A,30,Deburr and wash,bench,0.3,,,20260106T061500Z-QE24M
P-13633-A,40,Outside: plating,supplier,0.0,plating,IP-13633-40,20260106T061500Z-QE24M
P-13633-A,50,Final inspection and pack,inspection,0.2,,IP-13633-50,20260106T061500Z-QE24M
P-13648-A,10,Turn,multi_axis,1.43,,IP-13648-10,20260106T061500Z-QE24M
P-13648-A,20,Grind,grind,1.41,,IP-13648-20,20260106T061500Z-QE24M
P-13648-A,30,Deburr and wash,bench,0.3,,,20260106T061500Z-QE24M
P-13648-A,40,Outside: heat treat,supplier,0.0,heat treat,IP-13648-40,20260106T061500Z-QE24M
P-13648-A,50,Outside: plating,supplier,0.0,plating,IP-13648-50,20260106T061500Z-QE24M
P-13648-A,60,Final inspection and pack,inspection,0.2,,IP-13648-60,20260106T061500Z-QE24M
P-13669-A,10,Turn,multi_axis,2.51,,IP-13669-10,20260106T061500Z-QE24M
P-13669-A,20,Grind,grind,1.66,,IP-13669-20,20260106T061500Z-QE24M
P-13669-A,30,Deburr and wash,bench,0.3,,,20260106T061500Z-QE24M
P-13669-A,40,Outside: plating,supplier,0.0,plating,IP-13669-40,20260106T061500Z-QE24M
P-13669-A,50,Final inspection and pack,inspection,0.2,,IP-13669-50,20260106T061500Z-QE24M
P-13675-A,10,Turn,multi_axis,1.49,,IP-13675-10,20260106T061500Z-QE24M
P-13675-A,20,Grind,grind,0.99,,IP-13675-20,20260106T061500Z-QE24M
P-13675-A,30,Deburr and wash,bench,0.3,,,20260106T061500Z-QE24M
P-13675-A,40,Outside: heat treat,supplier,0.0,heat treat,IP-13675-40,20260106T061500Z-QE24M
P-13675-A,50,Outside: plating,supplier,0.0,plating,IP-13675-50,20260106T061500Z-QE24M
P-13675-A,60,Final inspection and pack,inspection,0.2,,IP-13675-60,20260106T061500Z-QE24M
P-13684-B,10,Turn,multi_axis,2.97,,IP-13684-10,20260106T061500Z-QE24M
P-13684-B,20,Grind,grind,0.48,,IP-13684-20,20260106T061500Z-QE24M
P-13684-B,30,Deburr and wash,bench,0.3,,,20260106T061500Z-QE24M
P-13684-B,40,Outside: heat treat,supplier,0.0,heat treat,IP-13684-40,20260106T061500Z-QE24M
P-13684-B,50,Outside: plating,supplier,0.0,plating,IP-13684-50,20260106T061500Z-QE24M
P-13684-B,60,Final inspection and pack,inspection,0.2,,IP-13684-60,20260106T061500Z-QE24M
P-13711-B,10,Turn,multi_axis,1.73,,IP-13711-10,20260106T061500Z-QE24M
P-13711-B,20,Grind,grind,1.13,,IP-13711-20,20260106T061500Z-QE24M
P-13711-B,30,Deburr and wash,bench,0.3,,,20260106T061500Z-QE24M
P-13711-B,40,Outside: plating,supplier,0.0,plating,IP-13711-40,20260106T061500Z-QE24M
P-13711-B,50,Final inspection and pack,inspection,0.2,,IP-13711-50,20260106T061500Z-QE24M
P-13739-B,10,Turn,multi_axis,2.42,,IP-13739-10,20260106T061500Z-QE24M
P-13739-B,20,Grind,grind,1.25,,IP-13739-20,20260106T061500Z-QE24M
P-13739-B,30,Deburr and wash,bench,0.3,,,20260106T061500Z-QE24M
P-13739-B,40,Outside: plating,supplier,0.0,plating,IP-13739-40,20260106T061500Z-QE24M
P-13739-B,50,Final inspection and pack,inspection,0.2,,IP-13739-50,20260106T061500Z-QE24M
P-13755-A,10,Turn,multi_axis,1.0,,IP-13755-10,20260106T061500Z-QE24M
P-13755-A,20,Grind,grind,1.23,,IP-13755-20,20260106T061500Z-QE24M
P-13755-A,30,Deburr and wash,bench,0.3,,,20260106T061500Z-QE24M
P-13755-A,40,Outside: heat treat,supplier,0.0,heat treat,IP-13755-40,20260106T061500Z-QE24M
P-13755-A,50,Outside: plating,supplier,0.0,plating,IP-13755-50,20260106T061500Z-QE24M
P-13755-A,60,Final inspection and pack,inspection,0.2,,IP-13755-60,20260106T061500Z-QE24M
P-13783-A,10,Turn,multi_axis,1.27,,IP-13783-10,20260106T061500Z-QE24M
P-13783-A,20,Grind,grind,1.88,,IP-13783-20,20260106T061500Z-QE24M
P-13783-A,30,Deburr and wash,bench,0.3,,,20260106T061500Z-QE24M
P-13783-A,40,Outside: heat treat,supplier,0.0,heat treat,IP-13783-40,20260106T061500Z-QE24M
P-13783-A,50,Final inspection and pack,inspection,0.2,,IP-13783-50,20260106T061500Z-QE24M
P-13797-A,10,Turn,multi_axis,2.37,,IP-13797-10,20260106T061500Z-QE24M
P-13797-A,20,Grind,grind,2.05,,IP-13797-20,20260106T061500Z-QE24M
P-13797-A,30,Deburr and wash,bench,0.3,,,20260106T061500Z-QE24M
P-13797-A,40,Outside: heat treat,supplier,0.0,heat treat,IP-13797-40,20260106T061500Z-QE24M
P-13797-A,50,Outside: plating,supplier,0.0,plating,IP-13797-50,20260106T061500Z-QE24M
P-13797-A,60,Final inspection and pack,inspection,0.2,,IP-13797-60,20260106T061500Z-QE24M
P-13806-A,10,Turn,multi_axis,2.42,,IP-13806-10,20260106T061500Z-QE24M
P-13806-A,20,Grind,grind,1.65,,IP-13806-20,20260106T061500Z-QE24M
P-13806-A,30,Deburr and wash,bench,0.3,,,20260106T061500Z-QE24M
P-13806-A,40,Outside: heat treat,supplier,0.0,heat treat,IP-13806-40,20260106T061500Z-QE24M
P-13806-A,50,Outside: plating,supplier,0.0,plating,IP-13806-50,20260106T061500Z-QE24M
P-13806-A,60,Final inspection and pack,inspection,0.2,,IP-13806-60,20260106T061500Z-QE24M
P-13821-A,10,Turn,multi_axis,1.62,,IP-13821-10,20260106T061500Z-QE24M
P-13821-A,20,Grind,grind,1.43,,IP-13821-20,20260106T061500Z-QE24M
P-13821-A,30,Deburr and wash,bench,0.3,,,20260106T061500Z-QE24M
P-13821-A,40,Outside: heat treat,supplier,0.0,heat treat,IP-13821-40,20260106T061500Z-QE24M
P-13821-A,50,Outside: plating,supplier,0.0,plating,IP-13821-50,20260106T061500Z-QE24M
P-13821-A,60,Final inspection and pack,inspection,0.2,,IP-13821-60,20260106T061500Z-QE24M
P-13842-D,10,Turn,multi_axis,1.32,,IP-13842-10,20260106T061500Z-QE24M
P-13842-D,20,Grind,grind,2.17,,IP-13842-20,20260106T061500Z-QE24M
P-13842-D,30,Deburr and wash,bench,0.3,,,20260106T061500Z-QE24M
P-13842-D,40,Outside: anodizing,supplier,0.0,anodizing,IP-13842-40,20260106T061500Z-QE24M
P-13842-D,50,Final inspection and pack,inspection,0.2,,IP-13842-50,20260106T061500Z-QE24M
P-13863-B,10,Turn,multi_axis,1.26,,IP-13863-10,20260106T061500Z-QE24M
P-13863-B,20,Grind,grind,2.5,,IP-13863-20,20260106T061500Z-QE24M
P-13863-B,30,Deburr and wash,bench,0.3,,,20260106T061500Z-QE24M
P-13863-B,40,Outside: anodizing,supplier,0.0,anodizing,IP-13863-40,20260106T061500Z-QE24M
P-13863-B,50,Final inspection and pack,inspection,0.2,,IP-13863-50,20260106T061500Z-QE24M
P-13888-A,10,Turn,multi_axis,2.21,,IP-13888-10,20260106T061500Z-QE24M
P-13888-A,20,Grind,grind,2.08,,IP-13888-20,20260106T061500Z-QE24M
P-13888-A,30,Deburr and wash,bench,0.3,,,20260106T061500Z-QE24M
P-13888-A,40,Outside: anodizing,supplier,0.0,anodizing,IP-13888-40,20260106T061500Z-QE24M
P-13888-A,50,Final inspection and pack,inspection,0.2,,IP-13888-50,20260106T061500Z-QE24M
P-13901-A,10,Turn,multi_axis,0.94,,IP-13901-10,20260106T061500Z-QE24M
P-13901-A,20,Grind,grind,0.75,,IP-13901-20,20260106T061500Z-QE24M
P-13901-A,30,Deburr and wash,bench,0.3,,,20260106T061500Z-QE24M
P-13901-A,40,Outside: anodizing,supplier,0.0,anodizing,IP-13901-40,20260106T061500Z-QE24M
P-13901-A,50,Final inspection and pack,inspection,0.2,,IP-13901-50,20260106T061500Z-QE24M
P-13923-B,10,Turn,multi_axis,1.29,,IP-13923-10,20260106T061500Z-QE24M
P-13923-B,20,Grind,grind,1.35,,IP-13923-20,20260106T061500Z-QE24M
P-13923-B,30,Deburr and wash,bench,0.3,,,20260106T061500Z-QE24M
P-13923-B,40,Outside: anodizing,supplier,0.0,anodizing,IP-13923-40,20260106T061500Z-QE24M
P-13923-B,50,Final inspection and pack,inspection,0.2,,IP-13923-50,20260106T061500Z-QE24M
P-13926-A,10,Turn,multi_axis,1.51,,IP-13926-10,20260106T061500Z-QE24M
P-13926-A,20,Grind,grind,1.41,,IP-13926-20,20260106T061500Z-QE24M
P-13926-A,30,Deburr and wash,bench,0.3,,,20260106T061500Z-QE24M
P-13926-A,40,Outside: anodizing,supplier,0.0,anodizing,IP-13926-40,20260106T061500Z-QE24M
P-13926-A,50,Final inspection and pack,inspection,0.2,,IP-13926-50,20260106T061500Z-QE24M
P-13941-A,10,Turn,multi_axis,2.44,,IP-13941-10,20260106T061500Z-QE24M
P-13941-A,20,Grind,grind,1.73,,IP-13941-20,20260106T061500Z-QE24M
P-13941-A,30,Deburr and wash,bench,0.3,,,20260106T061500Z-QE24M
P-13941-A,40,Outside: anodizing,supplier,0.0,anodizing,IP-13941-40,20260106T061500Z-QE24M
P-13941-A,50,Final inspection and pack,inspection,0.2,,IP-13941-50,20260106T061500Z-QE24M
P-13948-B,10,Turn,multi_axis,0.95,,IP-13948-10,20260106T061500Z-QE24M
P-13948-B,20,Grind,grind,0.97,,IP-13948-20,20260106T061500Z-QE24M
P-13948-B,30,Deburr and wash,bench,0.3,,,20260106T061500Z-QE24M
P-13948-B,40,Outside: anodizing,supplier,0.0,anodizing,IP-13948-40,20260106T061500Z-QE24M
P-13948-B,50,Final inspection and pack,inspection,0.2,,IP-13948-50,20260106T061500Z-QE24M
P-13971-C,10,Turn,multi_axis,1.1,,IP-13971-10,20260106T061500Z-QE24M
P-13971-C,20,Grind,grind,1.54,,IP-13971-20,20260106T061500Z-QE24M
P-13971-C,30,Deburr and wash,bench,0.3,,,20260106T061500Z-QE24M
P-13971-C,40,Outside: anodizing,supplier,0.0,anodizing,IP-13971-40,20260106T061500Z-QE24M
P-13971-C,50,Final inspection and pack,inspection,0.2,,IP-13971-50,20260106T061500Z-QE24M
P-13976-B,10,Turn,multi_axis,0.87,,IP-13976-10,20260106T061500Z-QE24M
P-13976-B,20,Grind,grind,1.81,,IP-13976-20,20260106T061500Z-QE24M
P-13976-B,30,Deburr and wash,bench,0.3,,,20260106T061500Z-QE24M
P-13976-B,40,Outside: anodizing,supplier,0.0,anodizing,IP-13976-40,20260106T061500Z-QE24M
P-13976-B,50,Final inspection and pack,inspection,0.2,,IP-13976-50,20260106T061500Z-QE24M
P-13994-A,10,Turn,multi_axis,2.25,,IP-13994-10,20260106T061500Z-QE24M
P-13994-A,20,Grind,grind,3.5,,IP-13994-20,20260106T061500Z-QE24M
P-13994-A,30,Deburr and wash,bench,0.3,,,20260106T061500Z-QE24M
P-13994-A,40,Outside: anodizing,supplier,0.0,anodizing,IP-13994-40,20260106T061500Z-QE24M
P-13994-A,50,Final inspection and pack,inspection,0.2,,IP-13994-50,20260106T061500Z-QE24M
P-14015-A,10,Turn,multi_axis,1.04,,IP-14015-10,20260106T061500Z-QE24M
P-14015-A,20,Grind,grind,1.38,,IP-14015-20,20260106T061500Z-QE24M
P-14015-A,30,Deburr and wash,bench,0.3,,,20260106T061500Z-QE24M
P-14015-A,40,Outside: anodizing,supplier,0.0,anodizing,IP-14015-40,20260106T061500Z-QE24M
P-14015-A,50,Final inspection and pack,inspection,0.2,,IP-14015-50,20260106T061500Z-QE24M
P-14042-C,10,Turn,multi_axis,0.84,,IP-14042-10,20260106T061500Z-QE24M
P-14042-C,20,Grind,grind,1.28,,IP-14042-20,20260106T061500Z-QE24M
P-14042-C,30,Deburr and wash,bench,0.3,,,20260106T061500Z-QE24M
P-14042-C,40,Outside: anodizing,supplier,0.0,anodizing,IP-14042-40,20260106T061500Z-QE24M
P-14042-C,50,Final inspection and pack,inspection,0.2,,IP-14042-50,20260106T061500Z-QE24M
P-14048-A,10,Turn,multi_axis,1.9,,IP-14048-10,20260106T061500Z-QE24M
P-14048-A,20,Grind,grind,1.37,,IP-14048-20,20260106T061500Z-QE24M
P-14048-A,30,Deburr and wash,bench,0.3,,,20260106T061500Z-QE24M
P-14048-A,40,Outside: anodizing,supplier,0.0,anodizing,IP-14048-40,20260106T061500Z-QE24M
P-14048-A,50,Final inspection and pack,inspection,0.2,,IP-14048-50,20260106T061500Z-QE24M
P-14063-D,10,Turn,multi_axis,0.94,,IP-14063-10,20260106T061500Z-QE24M
P-14063-D,20,Grind,grind,1.45,,IP-14063-20,20260106T061500Z-QE24M
P-14063-D,30,Deburr and wash,bench,0.3,,,20260106T061500Z-QE24M
P-14063-D,40,Outside: anodizing,supplier,0.0,anodizing,IP-14063-40,20260106T061500Z-QE24M
P-14063-D,50,Final inspection and pack,inspection,0.2,,IP-14063-50,20260106T061500Z-QE24M
P-14066-C,10,Turn,multi_axis,1.44,,IP-14066-10,20260106T061500Z-QE24M
P-14066-C,20,Grind,grind,1.52,,IP-14066-20,20260106T061500Z-QE24M
P-14066-C,30,Deburr and wash,bench,0.3,,,20260106T061500Z-QE24M
P-14066-C,40,Outside: anodizing,supplier,0.0,anodizing,IP-14066-40,20260106T061500Z-QE24M
P-14066-C,50,Final inspection and pack,inspection,0.2,,IP-14066-50,20260106T061500Z-QE24M
P-14077-B,10,Turn,multi_axis,1.04,,IP-14077-10,20260106T061500Z-QE24M
P-14077-B,20,Grind,grind,1.41,,IP-14077-20,20260106T061500Z-QE24M
P-14077-B,30,Deburr and wash,bench,0.3,,,20260106T061500Z-QE24M
P-14077-B,40,Outside: anodizing,supplier,0.0,anodizing,IP-14077-40,20260106T061500Z-QE24M
P-14077-B,50,Final inspection and pack,inspection,0.2,,IP-14077-50,20260106T061500Z-QE24M
P-14103-B,10,Turn complete,multi_axis,1.22,,IP-14103-10,20260106T061500Z-QE24M
P-14103-B,20,Deburr and wash,bench,0.3,,,20260106T061500Z-QE24M
P-14103-B,30,Outside: plating,supplier,0.0,plating,IP-14103-30,20260106T061500Z-QE24M
P-14103-B,40,Final inspection and pack,inspection,0.2,,IP-14103-40,20260106T061500Z-QE24M
P-14108-A,10,Turn complete,multi_axis,0.99,,IP-14108-10,20260106T061500Z-QE24M
P-14108-A,20,Deburr and wash,bench,0.3,,,20260106T061500Z-QE24M
P-14108-A,30,Outside: heat treat,supplier,0.0,heat treat,IP-14108-30,20260106T061500Z-QE24M
P-14108-A,40,Outside: plating,supplier,0.0,plating,IP-14108-40,20260106T061500Z-QE24M
P-14108-A,50,Final inspection and pack,inspection,0.2,,IP-14108-50,20260106T061500Z-QE24M
P-14117-A,10,Turn complete,multi_axis,2.52,,IP-14117-10,20260106T061500Z-QE24M
P-14117-A,20,Deburr and wash,bench,0.3,,,20260106T061500Z-QE24M
P-14117-A,30,Outside: heat treat,supplier,0.0,heat treat,IP-14117-30,20260106T061500Z-QE24M
P-14117-A,40,Outside: plating,supplier,0.0,plating,IP-14117-40,20260106T061500Z-QE24M
P-14117-A,50,Final inspection and pack,inspection,0.2,,IP-14117-50,20260106T061500Z-QE24M
P-14134-A,10,Turn complete,multi_axis,1.14,,IP-14134-10,20260106T061500Z-QE24M
P-14134-A,20,Deburr and wash,bench,0.3,,,20260106T061500Z-QE24M
P-14134-A,30,Outside: plating,supplier,0.0,plating,IP-14134-30,20260106T061500Z-QE24M
P-14134-A,40,Final inspection and pack,inspection,0.2,,IP-14134-40,20260106T061500Z-QE24M
P-14140-A,10,Turn complete,multi_axis,1.98,,IP-14140-10,20260106T061500Z-QE24M
P-14140-A,20,Deburr and wash,bench,0.3,,,20260106T061500Z-QE24M
P-14140-A,30,Outside: heat treat,supplier,0.0,heat treat,IP-14140-30,20260106T061500Z-QE24M
P-14140-A,40,Final inspection and pack,inspection,0.2,,IP-14140-40,20260106T061500Z-QE24M
P-14159-A,10,Turn complete,multi_axis,1.64,,IP-14159-10,20260106T061500Z-QE24M
P-14159-A,20,Deburr and wash,bench,0.3,,,20260106T061500Z-QE24M
P-14159-A,30,Outside: plating,supplier,0.0,plating,IP-14159-30,20260106T061500Z-QE24M
P-14159-A,40,Final inspection and pack,inspection,0.2,,IP-14159-40,20260106T061500Z-QE24M
P-14168-B,10,Turn complete,multi_axis,1.56,,IP-14168-10,20260106T061500Z-QE24M
P-14168-B,20,Deburr and wash,bench,0.3,,,20260106T061500Z-QE24M
P-14168-B,30,Outside: heat treat,supplier,0.0,heat treat,IP-14168-30,20260106T061500Z-QE24M
P-14168-B,40,Outside: plating,supplier,0.0,plating,IP-14168-40,20260106T061500Z-QE24M
P-14168-B,50,Final inspection and pack,inspection,0.2,,IP-14168-50,20260106T061500Z-QE24M
P-14175-A,10,Turn complete,multi_axis,2.32,,IP-14175-10,20260106T061500Z-QE24M
P-14175-A,20,Deburr and wash,bench,0.3,,,20260106T061500Z-QE24M
P-14175-A,30,Outside: heat treat,supplier,0.0,heat treat,IP-14175-30,20260106T061500Z-QE24M
P-14175-A,40,Outside: plating,supplier,0.0,plating,IP-14175-40,20260106T061500Z-QE24M
P-14175-A,50,Final inspection and pack,inspection,0.2,,IP-14175-50,20260106T061500Z-QE24M
P-14196-A,10,Turn complete,multi_axis,2.85,,IP-14196-10,20260106T061500Z-QE24M
P-14196-A,20,Deburr and wash,bench,0.3,,,20260106T061500Z-QE24M
P-14196-A,30,Outside: heat treat,supplier,0.0,heat treat,IP-14196-30,20260106T061500Z-QE24M
P-14196-A,40,Outside: plating,supplier,0.0,plating,IP-14196-40,20260106T061500Z-QE24M
P-14196-A,50,Final inspection and pack,inspection,0.2,,IP-14196-50,20260106T061500Z-QE24M
P-14212-C,10,Turn complete,multi_axis,1.09,,IP-14212-10,20260106T061500Z-QE24M
P-14212-C,20,Deburr and wash,bench,0.3,,,20260106T061500Z-QE24M
P-14212-C,30,Outside: heat treat,supplier,0.0,heat treat,IP-14212-30,20260106T061500Z-QE24M
P-14212-C,40,Outside: plating,supplier,0.0,plating,IP-14212-40,20260106T061500Z-QE24M
P-14212-C,50,Final inspection and pack,inspection,0.2,,IP-14212-50,20260106T061500Z-QE24M
P-14225-A,10,Turn,multi_axis,1.61,,IP-14225-10,20260106T061500Z-QE24M
P-14225-A,20,Grind,grind,1.71,,IP-14225-20,20260106T061500Z-QE24M
P-14225-A,30,Deburr and wash,bench,0.3,,,20260106T061500Z-QE24M
P-14225-A,40,Outside: plating,supplier,0.0,plating,IP-14225-40,20260106T061500Z-QE24M
P-14225-A,50,Final inspection and pack,inspection,0.2,,IP-14225-50,20260106T061500Z-QE24M
P-14253-B,10,Turn,multi_axis,1.73,,IP-14253-10,20260106T061500Z-QE24M
P-14253-B,20,Grind,grind,2.03,,IP-14253-20,20260106T061500Z-QE24M
P-14253-B,30,Deburr and wash,bench,0.3,,,20260106T061500Z-QE24M
P-14253-B,40,Outside: heat treat,supplier,0.0,heat treat,IP-14253-40,20260106T061500Z-QE24M
P-14253-B,50,Outside: plating,supplier,0.0,plating,IP-14253-50,20260106T061500Z-QE24M
P-14253-B,60,Final inspection and pack,inspection,0.2,,IP-14253-60,20260106T061500Z-QE24M
P-14257-A,10,Turn,multi_axis,0.91,,IP-14257-10,20260106T061500Z-QE24M
P-14257-A,20,Grind,grind,1.54,,IP-14257-20,20260106T061500Z-QE24M
P-14257-A,30,Deburr and wash,bench,0.3,,,20260106T061500Z-QE24M
P-14257-A,40,Outside: heat treat,supplier,0.0,heat treat,IP-14257-40,20260106T061500Z-QE24M
P-14257-A,50,Outside: plating,supplier,0.0,plating,IP-14257-50,20260106T061500Z-QE24M
P-14257-A,60,Final inspection and pack,inspection,0.2,,IP-14257-60,20260106T061500Z-QE24M
P-14275-A,10,Turn,multi_axis,1.18,,IP-14275-10,20260106T061500Z-QE24M
P-14275-A,20,Grind,grind,1.54,,IP-14275-20,20260106T061500Z-QE24M
P-14275-A,30,Deburr and wash,bench,0.3,,,20260106T061500Z-QE24M
P-14275-A,40,Outside: plating,supplier,0.0,plating,IP-14275-40,20260106T061500Z-QE24M
P-14275-A,50,Final inspection and pack,inspection,0.2,,IP-14275-50,20260106T061500Z-QE24M
P-14292-A,10,Turn,multi_axis,1.81,,IP-14292-10,20260106T061500Z-QE24M
P-14292-A,20,Grind,grind,1.2,,IP-14292-20,20260106T061500Z-QE24M
P-14292-A,30,Deburr and wash,bench,0.3,,,20260106T061500Z-QE24M
P-14292-A,40,Outside: heat treat,supplier,0.0,heat treat,IP-14292-40,20260106T061500Z-QE24M
P-14292-A,50,Outside: plating,supplier,0.0,plating,IP-14292-50,20260106T061500Z-QE24M
P-14292-A,60,Final inspection and pack,inspection,0.2,,IP-14292-60,20260106T061500Z-QE24M
P-14300-D,10,Turn,multi_axis,1.75,,IP-14300-10,20260106T061500Z-QE24M
P-14300-D,20,Grind,grind,2.01,,IP-14300-20,20260106T061500Z-QE24M
P-14300-D,30,Deburr and wash,bench,0.3,,,20260106T061500Z-QE24M
P-14300-D,40,Outside: heat treat,supplier,0.0,heat treat,IP-14300-40,20260106T061500Z-QE24M
P-14300-D,50,Outside: plating,supplier,0.0,plating,IP-14300-50,20260106T061500Z-QE24M
P-14300-D,60,Final inspection and pack,inspection,0.2,,IP-14300-60,20260106T061500Z-QE24M
P-14328-A,10,Turn,multi_axis,1.3,,IP-14328-10,20260106T061500Z-QE24M
P-14328-A,20,Grind,grind,1.41,,IP-14328-20,20260106T061500Z-QE24M
P-14328-A,30,Deburr and wash,bench,0.3,,,20260106T061500Z-QE24M
P-14328-A,40,Outside: heat treat,supplier,0.0,heat treat,IP-14328-40,20260106T061500Z-QE24M
P-14328-A,50,Outside: plating,supplier,0.0,plating,IP-14328-50,20260106T061500Z-QE24M
P-14328-A,60,Final inspection and pack,inspection,0.2,,IP-14328-60,20260106T061500Z-QE24M
P-14350-D,10,Turn,multi_axis,0.66,,IP-14350-10,20260106T061500Z-QE24M
P-14350-D,20,Grind,grind,2.21,,IP-14350-20,20260106T061500Z-QE24M
P-14350-D,30,Deburr and wash,bench,0.3,,,20260106T061500Z-QE24M
P-14350-D,40,Outside: plating,supplier,0.0,plating,IP-14350-40,20260106T061500Z-QE24M
P-14350-D,50,Final inspection and pack,inspection,0.2,,IP-14350-50,20260106T061500Z-QE24M
P-14363-A,10,Turn,multi_axis,1.18,,IP-14363-10,20260106T061500Z-QE24M
P-14363-A,20,Grind,grind,1.01,,IP-14363-20,20260106T061500Z-QE24M
P-14363-A,30,Deburr and wash,bench,0.3,,,20260106T061500Z-QE24M
P-14363-A,40,Outside: heat treat,supplier,0.0,heat treat,IP-14363-40,20260106T061500Z-QE24M
P-14363-A,50,Outside: plating,supplier,0.0,plating,IP-14363-50,20260106T061500Z-QE24M
P-14363-A,60,Final inspection and pack,inspection,0.2,,IP-14363-60,20260106T061500Z-QE24M
P-14371-D,10,Turn,multi_axis,1.74,,IP-14371-10,20260106T061500Z-QE24M
P-14371-D,20,Grind,grind,1.28,,IP-14371-20,20260106T061500Z-QE24M
P-14371-D,30,Deburr and wash,bench,0.3,,,20260106T061500Z-QE24M
P-14371-D,40,Outside: heat treat,supplier,0.0,heat treat,IP-14371-40,20260106T061500Z-QE24M
P-14371-D,50,Outside: plating,supplier,0.0,plating,IP-14371-50,20260106T061500Z-QE24M
P-14371-D,60,Final inspection and pack,inspection,0.2,,IP-14371-60,20260106T061500Z-QE24M
P-14384-D,10,Turn,multi_axis,2.2,,IP-14384-10,20260106T061500Z-QE24M
P-14384-D,20,Grind,grind,1.96,,IP-14384-20,20260106T061500Z-QE24M
P-14384-D,30,Deburr and wash,bench,0.3,,,20260106T061500Z-QE24M
P-14384-D,40,Outside: heat treat,supplier,0.0,heat treat,IP-14384-40,20260106T061500Z-QE24M
P-14384-D,50,Outside: plating,supplier,0.0,plating,IP-14384-50,20260106T061500Z-QE24M
P-14384-D,60,Final inspection and pack,inspection,0.2,,IP-14384-60,20260106T061500Z-QE24M
P-14391-C,10,Turn,multi_axis,0.87,,IP-14391-10,20260106T061500Z-QE24M
P-14391-C,20,Grind,grind,1.0,,IP-14391-20,20260106T061500Z-QE24M
P-14391-C,30,Deburr and wash,bench,0.3,,,20260106T061500Z-QE24M
P-14391-C,40,Outside: heat treat,supplier,0.0,heat treat,IP-14391-40,20260106T061500Z-QE24M
P-14391-C,50,Outside: plating,supplier,0.0,plating,IP-14391-50,20260106T061500Z-QE24M
P-14391-C,60,Final inspection and pack,inspection,0.2,,IP-14391-60,20260106T061500Z-QE24M
P-14401-A,10,Turn,multi_axis,2.33,,IP-14401-10,20260106T061500Z-QE24M
P-14401-A,20,Grind,grind,1.66,,IP-14401-20,20260106T061500Z-QE24M
P-14401-A,30,Deburr and wash,bench,0.3,,,20260106T061500Z-QE24M
P-14401-A,40,Outside: plating,supplier,0.0,plating,IP-14401-40,20260106T061500Z-QE24M
P-14401-A,50,Final inspection and pack,inspection,0.2,,IP-14401-50,20260106T061500Z-QE24M
P-14421-C,10,Turn,multi_axis,1.56,,IP-14421-10,20260106T061500Z-QE24M
P-14421-C,20,Grind,grind,1.8,,IP-14421-20,20260106T061500Z-QE24M
P-14421-C,30,Deburr and wash,bench,0.3,,,20260106T061500Z-QE24M
P-14421-C,40,Outside: heat treat,supplier,0.0,heat treat,IP-14421-40,20260106T061500Z-QE24M
P-14421-C,50,Outside: plating,supplier,0.0,plating,IP-14421-50,20260106T061500Z-QE24M
P-14421-C,60,Final inspection and pack,inspection,0.2,,IP-14421-60,20260106T061500Z-QE24M
P-14438-A,10,Turn,multi_axis,2.65,,IP-14438-10,20260106T061500Z-QE24M
P-14438-A,20,Grind,grind,1.2,,IP-14438-20,20260106T061500Z-QE24M
P-14438-A,30,Deburr and wash,bench,0.3,,,20260106T061500Z-QE24M
P-14438-A,40,Outside: heat treat,supplier,0.0,heat treat,IP-14438-40,20260106T061500Z-QE24M
P-14438-A,50,Outside: plating,supplier,0.0,plating,IP-14438-50,20260106T061500Z-QE24M
P-14438-A,60,Final inspection and pack,inspection,0.2,,IP-14438-60,20260106T061500Z-QE24M
P-14457-C,10,Turn,multi_axis,1.27,,IP-14457-10,20260106T061500Z-QE24M
P-14457-C,20,Grind,grind,1.46,,IP-14457-20,20260106T061500Z-QE24M
P-14457-C,30,Deburr and wash,bench,0.3,,,20260106T061500Z-QE24M
P-14457-C,40,Outside: heat treat,supplier,0.0,heat treat,IP-14457-40,20260106T061500Z-QE24M
P-14457-C,50,Outside: plating,supplier,0.0,plating,IP-14457-50,20260106T061500Z-QE24M
P-14457-C,60,Final inspection and pack,inspection,0.2,,IP-14457-60,20260106T061500Z-QE24M
P-14462-A,10,Swiss turn,swiss,1.41,,IP-14462-10,20260106T061500Z-QE24M
P-14462-A,20,Deburr and wash,bench,0.3,,,20260106T061500Z-QE24M
P-14462-A,30,Outside: passivation,supplier,0.0,passivation,IP-14462-30,20260106T061500Z-QE24M
P-14462-A,40,Final inspection and pack,inspection,0.2,,IP-14462-40,20260106T061500Z-QE24M
P-14473-A,10,Swiss turn,swiss,1.08,,IP-14473-10,20260106T061500Z-QE24M
P-14473-A,20,Deburr and wash,bench,0.3,,,20260106T061500Z-QE24M
P-14473-A,30,Outside: passivation,supplier,0.0,passivation,IP-14473-30,20260106T061500Z-QE24M
P-14473-A,40,Final inspection and pack,inspection,0.2,,IP-14473-40,20260106T061500Z-QE24M
P-14485-A,10,Swiss turn,swiss,1.4,,IP-14485-10,20260106T061500Z-QE24M
P-14485-A,20,Deburr and wash,bench,0.3,,,20260106T061500Z-QE24M
P-14485-A,30,Outside: passivation,supplier,0.0,passivation,IP-14485-30,20260106T061500Z-QE24M
P-14485-A,40,Final inspection and pack,inspection,0.2,,IP-14485-40,20260106T061500Z-QE24M
P-14499-A,10,Swiss turn,swiss,0.85,,IP-14499-10,20260106T061500Z-QE24M
P-14499-A,20,Deburr and wash,bench,0.3,,,20260106T061500Z-QE24M
P-14499-A,30,Outside: passivation,supplier,0.0,passivation,IP-14499-30,20260106T061500Z-QE24M
P-14499-A,40,Final inspection and pack,inspection,0.2,,IP-14499-40,20260106T061500Z-QE24M
P-14521-C,10,Swiss turn,swiss,1.09,,IP-14521-10,20260106T061500Z-QE24M
P-14521-C,20,Deburr and wash,bench,0.3,,,20260106T061500Z-QE24M
P-14521-C,30,Outside: passivation,supplier,0.0,passivation,IP-14521-30,20260106T061500Z-QE24M
P-14521-C,40,Final inspection and pack,inspection,0.2,,IP-14521-40,20260106T061500Z-QE24M
P-14524-A,10,Swiss turn,swiss,0.94,,IP-14524-10,20260106T061500Z-QE24M
P-14524-A,20,Deburr and wash,bench,0.3,,,20260106T061500Z-QE24M
P-14524-A,30,Outside: passivation,supplier,0.0,passivation,IP-14524-30,20260106T061500Z-QE24M
P-14524-A,40,Final inspection and pack,inspection,0.2,,IP-14524-40,20260106T061500Z-QE24M
P-14530-A,10,Swiss turn,swiss,0.78,,IP-14530-10,20260106T061500Z-QE24M
P-14530-A,20,Deburr and wash,bench,0.3,,,20260106T061500Z-QE24M
P-14530-A,30,Outside: passivation,supplier,0.0,passivation,IP-14530-30,20260106T061500Z-QE24M
P-14530-A,40,Final inspection and pack,inspection,0.2,,IP-14530-40,20260106T061500Z-QE24M
P-14548-D,10,Swiss turn,swiss,2.18,,IP-14548-10,20260106T061500Z-QE24M
P-14548-D,20,Deburr and wash,bench,0.3,,,20260106T061500Z-QE24M
P-14548-D,30,Outside: passivation,supplier,0.0,passivation,IP-14548-30,20260106T061500Z-QE24M
P-14548-D,40,Final inspection and pack,inspection,0.2,,IP-14548-40,20260106T061500Z-QE24M
P-14566-D,10,Swiss turn,swiss,1.06,,IP-14566-10,20260106T061500Z-QE24M
P-14566-D,20,Deburr and wash,bench,0.3,,,20260106T061500Z-QE24M
P-14566-D,30,Final inspection and pack,inspection,0.2,,IP-14566-30,20260106T061500Z-QE24M
P-14574-C,10,Swiss turn,swiss,1.21,,IP-14574-10,20260106T061500Z-QE24M
P-14574-C,20,Deburr and wash,bench,0.3,,,20260106T061500Z-QE24M
P-14574-C,30,Outside: passivation,supplier,0.0,passivation,IP-14574-30,20260106T061500Z-QE24M
P-14574-C,40,Final inspection and pack,inspection,0.2,,IP-14574-40,20260106T061500Z-QE24M
P-14587-C,10,Swiss turn,swiss,1.01,,IP-14587-10,20260106T061500Z-QE24M
P-14587-C,20,Deburr and wash,bench,0.3,,,20260106T061500Z-QE24M
P-14587-C,30,Outside: passivation,supplier,0.0,passivation,IP-14587-30,20260106T061500Z-QE24M
P-14587-C,40,Final inspection and pack,inspection,0.2,,IP-14587-40,20260106T061500Z-QE24M
P-14612-C,10,Swiss turn,swiss,1.44,,IP-14612-10,20260106T061500Z-QE24M
P-14612-C,20,Deburr and wash,bench,0.3,,,20260106T061500Z-QE24M
P-14612-C,30,Outside: passivation,supplier,0.0,passivation,IP-14612-30,20260106T061500Z-QE24M
P-14612-C,40,Final inspection and pack,inspection,0.2,,IP-14612-40,20260106T061500Z-QE24M
P-14629-A,10,Swiss turn,swiss,1.03,,IP-14629-10,20260106T061500Z-QE24M
P-14629-A,20,Deburr and wash,bench,0.3,,,20260106T061500Z-QE24M
P-14629-A,30,Outside: passivation,supplier,0.0,passivation,IP-14629-30,20260106T061500Z-QE24M
P-14629-A,40,Final inspection and pack,inspection,0.2,,IP-14629-40,20260106T061500Z-QE24M
P-14656-A,10,Swiss turn,swiss,1.83,,IP-14656-10,20260106T061500Z-QE24M
P-14656-A,20,Deburr and wash,bench,0.3,,,20260106T061500Z-QE24M
P-14656-A,30,Outside: passivation,supplier,0.0,passivation,IP-14656-30,20260106T061500Z-QE24M
P-14656-A,40,Final inspection and pack,inspection,0.2,,IP-14656-40,20260106T061500Z-QE24M
P-14681-B,10,Swiss turn,swiss,1.92,,IP-14681-10,20260106T061500Z-QE24M
P-14681-B,20,Deburr and wash,bench,0.3,,,20260106T061500Z-QE24M
P-14681-B,30,Outside: passivation,supplier,0.0,passivation,IP-14681-30,20260106T061500Z-QE24M
P-14681-B,40,Final inspection and pack,inspection,0.2,,IP-14681-40,20260106T061500Z-QE24M
P-14693-A,10,Swiss turn,swiss,2.06,,IP-14693-10,20260106T061500Z-QE24M
P-14693-A,20,Deburr and wash,bench,0.3,,,20260106T061500Z-QE24M
P-14693-A,30,Outside: passivation,supplier,0.0,passivation,IP-14693-30,20260106T061500Z-QE24M
P-14693-A,40,Final inspection and pack,inspection,0.2,,IP-14693-40,20260106T061500Z-QE24M
P-14707-A,10,Swiss turn,swiss,1.48,,IP-14707-10,20260106T061500Z-QE24M
P-14707-A,20,Deburr and wash,bench,0.3,,,20260106T061500Z-QE24M
P-14707-A,30,Outside: passivation,supplier,0.0,passivation,IP-14707-30,20260106T061500Z-QE24M
P-14707-A,40,Final inspection and pack,inspection,0.2,,IP-14707-40,20260106T061500Z-QE24M
P-14715-D,10,Swiss turn,swiss,1.22,,IP-14715-10,20260106T061500Z-QE24M
P-14715-D,20,Deburr and wash,bench,0.3,,,20260106T061500Z-QE24M
P-14715-D,30,Outside: passivation,supplier,0.0,passivation,IP-14715-30,20260106T061500Z-QE24M
P-14715-D,40,Final inspection and pack,inspection,0.2,,IP-14715-40,20260106T061500Z-QE24M
P-14719-A,10,Swiss turn,swiss,1.52,,IP-14719-10,20260106T061500Z-QE24M
P-14719-A,20,Deburr and wash,bench,0.3,,,20260106T061500Z-QE24M
P-14719-A,30,Outside: passivation,supplier,0.0,passivation,IP-14719-30,20260106T061500Z-QE24M
P-14719-A,40,Final inspection and pack,inspection,0.2,,IP-14719-40,20260106T061500Z-QE24M
P-14746-D,10,Swiss turn,swiss,2.41,,IP-14746-10,20260106T061500Z-QE24M
P-14746-D,20,Deburr and wash,bench,0.3,,,20260106T061500Z-QE24M
P-14746-D,30,Outside: passivation,supplier,0.0,passivation,IP-14746-30,20260106T061500Z-QE24M
P-14746-D,40,Final inspection and pack,inspection,0.2,,IP-14746-40,20260106T061500Z-QE24M
P-14762-C,10,Swiss turn,swiss,1.47,,IP-14762-10,20260106T061500Z-QE24M
P-14762-C,20,Deburr and wash,bench,0.3,,,20260106T061500Z-QE24M
P-14762-C,30,Outside: passivation,supplier,0.0,passivation,IP-14762-30,20260106T061500Z-QE24M
P-14762-C,40,Final inspection and pack,inspection,0.2,,IP-14762-40,20260106T061500Z-QE24M
P-14773-A,10,Swiss turn,swiss,1.59,,IP-14773-10,20260106T061500Z-QE24M
P-14773-A,20,Deburr and wash,bench,0.3,,,20260106T061500Z-QE24M
P-14773-A,30,Outside: passivation,supplier,0.0,passivation,IP-14773-30,20260106T061500Z-QE24M
P-14773-A,40,Final inspection and pack,inspection,0.2,,IP-14773-40,20260106T061500Z-QE24M
P-14795-A,10,Swiss turn,swiss,2.32,,IP-14795-10,20260106T061500Z-QE24M
P-14795-A,20,Deburr and wash,bench,0.3,,,20260106T061500Z-QE24M
P-14795-A,30,Outside: passivation,supplier,0.0,passivation,IP-14795-30,20260106T061500Z-QE24M
P-14795-A,40,Final inspection and pack,inspection,0.2,,IP-14795-40,20260106T061500Z-QE24M
P-14808-C,10,Swiss turn,swiss,1.27,,IP-14808-10,20260106T061500Z-QE24M
P-14808-C,20,Deburr and wash,bench,0.3,,,20260106T061500Z-QE24M
P-14808-C,30,Outside: passivation,supplier,0.0,passivation,IP-14808-30,20260106T061500Z-QE24M
P-14808-C,40,Final inspection and pack,inspection,0.2,,IP-14808-40,20260106T061500Z-QE24M
P-14811-C,10,Swiss turn,swiss,1.5,,IP-14811-10,20260106T061500Z-QE24M
P-14811-C,20,Deburr and wash,bench,0.3,,,20260106T061500Z-QE24M
P-14811-C,30,Outside: passivation,supplier,0.0,passivation,IP-14811-30,20260106T061500Z-QE24M
P-14811-C,40,Final inspection and pack,inspection,0.2,,IP-14811-40,20260106T061500Z-QE24M
P-14819-A,10,Swiss turn,swiss,1.79,,IP-14819-10,20260106T061500Z-QE24M
P-14819-A,20,Deburr and wash,bench,0.3,,,20260106T061500Z-QE24M
P-14819-A,30,Outside: passivation,supplier,0.0,passivation,IP-14819-30,20260106T061500Z-QE24M
P-14819-A,40,Final inspection and pack,inspection,0.2,,IP-14819-40,20260106T061500Z-QE24M
P-14827-C,10,Swiss turn,swiss,1.49,,IP-14827-10,20260106T061500Z-QE24M
P-14827-C,20,Deburr and wash,bench,0.3,,,20260106T061500Z-QE24M
P-14827-C,30,Outside: passivation,supplier,0.0,passivation,IP-14827-30,20260106T061500Z-QE24M
P-14827-C,40,Final inspection and pack,inspection,0.2,,IP-14827-40,20260106T061500Z-QE24M
P-14843-C,10,Swiss turn,swiss,1.56,,IP-14843-10,20260106T061500Z-QE24M
P-14843-C,20,Deburr and wash,bench,0.3,,,20260106T061500Z-QE24M
P-14843-C,30,Outside: passivation,supplier,0.0,passivation,IP-14843-30,20260106T061500Z-QE24M
P-14843-C,40,Final inspection and pack,inspection,0.2,,IP-14843-40,20260106T061500Z-QE24M
P-14855-D,10,Swiss turn,swiss,0.95,,IP-14855-10,20260106T061500Z-QE24M
P-14855-D,20,Deburr and wash,bench,0.3,,,20260106T061500Z-QE24M
P-14855-D,30,Outside: passivation,supplier,0.0,passivation,IP-14855-30,20260106T061500Z-QE24M
P-14855-D,40,Final inspection and pack,inspection,0.2,,IP-14855-40,20260106T061500Z-QE24M
P-14859-A,10,Swiss turn,swiss,1.73,,IP-14859-10,20260106T061500Z-QE24M
P-14859-A,20,Deburr and wash,bench,0.3,,,20260106T061500Z-QE24M
P-14859-A,30,Outside: passivation,supplier,0.0,passivation,IP-14859-30,20260106T061500Z-QE24M
P-14859-A,40,Final inspection and pack,inspection,0.2,,IP-14859-40,20260106T061500Z-QE24M
P-14869-A,10,Swiss turn,swiss,1.66,,IP-14869-10,20260106T061500Z-QE24M
P-14869-A,20,Deburr and wash,bench,0.3,,,20260106T061500Z-QE24M
P-14869-A,30,Outside: passivation,supplier,0.0,passivation,IP-14869-30,20260106T061500Z-QE24M
P-14869-A,40,Final inspection and pack,inspection,0.2,,IP-14869-40,20260106T061500Z-QE24M
P-14872-A,10,Swiss turn,swiss,1.26,,IP-14872-10,20260106T061500Z-QE24M
P-14872-A,20,Deburr and wash,bench,0.3,,,20260106T061500Z-QE24M
P-14872-A,30,Outside: passivation,supplier,0.0,passivation,IP-14872-30,20260106T061500Z-QE24M
P-14872-A,40,Final inspection and pack,inspection,0.2,,IP-14872-40,20260106T061500Z-QE24M
P-14885-D,10,Swiss turn,swiss,2.35,,IP-14885-10,20260106T061500Z-QE24M
P-14885-D,20,Deburr and wash,bench,0.3,,,20260106T061500Z-QE24M
P-14885-D,30,Outside: passivation,supplier,0.0,passivation,IP-14885-30,20260106T061500Z-QE24M
P-14885-D,40,Final inspection and pack,inspection,0.2,,IP-14885-40,20260106T061500Z-QE24M
P-14909-A,10,Swiss turn,swiss,1.73,,IP-14909-10,20260106T061500Z-QE24M
P-14909-A,20,Deburr and wash,bench,0.3,,,20260106T061500Z-QE24M
P-14909-A,30,Final inspection and pack,inspection,0.2,,IP-14909-30,20260106T061500Z-QE24M
P-14918-A,10,Turn complete,multi_axis,1.76,,IP-14918-10,20260106T061500Z-QE24M
P-14918-A,20,Deburr and wash,bench,0.3,,,20260106T061500Z-QE24M
P-14918-A,30,Outside: plating,supplier,0.0,plating,IP-14918-30,20260106T061500Z-QE24M
P-14918-A,40,Final inspection and pack,inspection,0.2,,IP-14918-40,20260106T061500Z-QE24M
P-14928-A,10,Turn complete,multi_axis,0.81,,IP-14928-10,20260106T061500Z-QE24M
P-14928-A,20,Deburr and wash,bench,0.3,,,20260106T061500Z-QE24M
P-14928-A,30,Outside: heat treat,supplier,0.0,heat treat,IP-14928-30,20260106T061500Z-QE24M
P-14928-A,40,Outside: plating,supplier,0.0,plating,IP-14928-40,20260106T061500Z-QE24M
P-14928-A,50,Final inspection and pack,inspection,0.2,,IP-14928-50,20260106T061500Z-QE24M
P-14952-A,10,Turn complete,multi_axis,2.08,,IP-14952-10,20260106T061500Z-QE24M
P-14952-A,20,Deburr and wash,bench,0.3,,,20260106T061500Z-QE24M
P-14952-A,30,Outside: heat treat,supplier,0.0,heat treat,IP-14952-30,20260106T061500Z-QE24M
P-14952-A,40,Outside: plating,supplier,0.0,plating,IP-14952-40,20260106T061500Z-QE24M
P-14952-A,50,Final inspection and pack,inspection,0.2,,IP-14952-50,20260106T061500Z-QE24M
P-14966-D,10,Turn complete,multi_axis,1.85,,IP-14966-10,20260106T061500Z-QE24M
P-14966-D,20,Deburr and wash,bench,0.3,,,20260106T061500Z-QE24M
P-14966-D,30,Outside: plating,supplier,0.0,plating,IP-14966-30,20260106T061500Z-QE24M
P-14966-D,40,Final inspection and pack,inspection,0.2,,IP-14966-40,20260106T061500Z-QE24M
P-14989-D,10,Turn complete,multi_axis,1.19,,IP-14989-10,20260106T061500Z-QE24M
P-14989-D,20,Deburr and wash,bench,0.3,,,20260106T061500Z-QE24M
P-14989-D,30,Outside: heat treat,supplier,0.0,heat treat,IP-14989-30,20260106T061500Z-QE24M
P-14989-D,40,Outside: plating,supplier,0.0,plating,IP-14989-40,20260106T061500Z-QE24M
P-14989-D,50,Final inspection and pack,inspection,0.2,,IP-14989-50,20260106T061500Z-QE24M
P-14992-A,10,Turn complete,multi_axis,1.78,,IP-14992-10,20260106T061500Z-QE24M
P-14992-A,20,Deburr and wash,bench,0.3,,,20260106T061500Z-QE24M
P-14992-A,30,Outside: heat treat,supplier,0.0,heat treat,IP-14992-30,20260106T061500Z-QE24M
P-14992-A,40,Outside: plating,supplier,0.0,plating,IP-14992-40,20260106T061500Z-QE24M
P-14992-A,50,Final inspection and pack,inspection,0.2,,IP-14992-50,20260106T061500Z-QE24M
P-15009-A,10,Swiss turn,swiss,1.6,,IP-15009-10,20260106T061500Z-QE24M
P-15009-A,20,Deburr and wash,bench,0.3,,,20260106T061500Z-QE24M
P-15009-A,30,Outside: heat treat,supplier,0.0,heat treat,IP-15009-30,20260106T061500Z-QE24M
P-15009-A,40,Outside: plating,supplier,0.0,plating,IP-15009-40,20260106T061500Z-QE24M
P-15009-A,50,Final inspection and pack,inspection,0.2,,IP-15009-50,20260106T061500Z-QE24M
P-15035-A,10,Swiss turn,swiss,1.33,,IP-15035-10,20260106T061500Z-QE24M
P-15035-A,20,Deburr and wash,bench,0.3,,,20260106T061500Z-QE24M
P-15035-A,30,Outside: heat treat,supplier,0.0,heat treat,IP-15035-30,20260106T061500Z-QE24M
P-15035-A,40,Outside: plating,supplier,0.0,plating,IP-15035-40,20260106T061500Z-QE24M
P-15035-A,50,Final inspection and pack,inspection,0.2,,IP-15035-50,20260106T061500Z-QE24M
P-15057-A,10,Swiss turn,swiss,1.43,,IP-15057-10,20260106T061500Z-QE24M
P-15057-A,20,Deburr and wash,bench,0.3,,,20260106T061500Z-QE24M
P-15057-A,30,Outside: heat treat,supplier,0.0,heat treat,IP-15057-30,20260106T061500Z-QE24M
P-15057-A,40,Outside: plating,supplier,0.0,plating,IP-15057-40,20260106T061500Z-QE24M
P-15057-A,50,Final inspection and pack,inspection,0.2,,IP-15057-50,20260106T061500Z-QE24M
P-15083-A,10,Swiss turn,swiss,1.1,,IP-15083-10,20260106T061500Z-QE24M
P-15083-A,20,Deburr and wash,bench,0.3,,,20260106T061500Z-QE24M
P-15083-A,30,Outside: heat treat,supplier,0.0,heat treat,IP-15083-30,20260106T061500Z-QE24M
P-15083-A,40,Outside: plating,supplier,0.0,plating,IP-15083-40,20260106T061500Z-QE24M
P-15083-A,50,Final inspection and pack,inspection,0.2,,IP-15083-50,20260106T061500Z-QE24M
P-15099-A,10,Swiss turn,swiss,0.51,,IP-15099-10,20260106T061500Z-QE24M
P-15099-A,20,Deburr and wash,bench,0.3,,,20260106T061500Z-QE24M
P-15099-A,30,Outside: heat treat,supplier,0.0,heat treat,IP-15099-30,20260106T061500Z-QE24M
P-15099-A,40,Outside: plating,supplier,0.0,plating,IP-15099-40,20260106T061500Z-QE24M
P-15099-A,50,Final inspection and pack,inspection,0.2,,IP-15099-50,20260106T061500Z-QE24M
P-15123-A,10,Swiss turn,swiss,0.65,,IP-15123-10,20260106T061500Z-QE24M
P-15123-A,20,Deburr and wash,bench,0.3,,,20260106T061500Z-QE24M
P-15123-A,30,Outside: heat treat,supplier,0.0,heat treat,IP-15123-30,20260106T061500Z-QE24M
P-15123-A,40,Outside: plating,supplier,0.0,plating,IP-15123-40,20260106T061500Z-QE24M
P-15123-A,50,Final inspection and pack,inspection,0.2,,IP-15123-50,20260106T061500Z-QE24M
P-15133-B,10,Swiss turn,swiss,1.52,,IP-15133-10,20260106T061500Z-QE24M
P-15133-B,20,Deburr and wash,bench,0.3,,,20260106T061500Z-QE24M
P-15133-B,30,Outside: heat treat,supplier,0.0,heat treat,IP-15133-30,20260106T061500Z-QE24M
P-15133-B,40,Outside: plating,supplier,0.0,plating,IP-15133-40,20260106T061500Z-QE24M
P-15133-B,50,Final inspection and pack,inspection,0.2,,IP-15133-50,20260106T061500Z-QE24M
P-15142-A,10,Swiss turn,swiss,1.88,,IP-15142-10,20260106T061500Z-QE24M
P-15142-A,20,Deburr and wash,bench,0.3,,,20260106T061500Z-QE24M
P-15142-A,30,Outside: heat treat,supplier,0.0,heat treat,IP-15142-30,20260106T061500Z-QE24M
P-15142-A,40,Outside: plating,supplier,0.0,plating,IP-15142-40,20260106T061500Z-QE24M
P-15142-A,50,Final inspection and pack,inspection,0.2,,IP-15142-50,20260106T061500Z-QE24M
P-15156-A,10,Swiss turn,swiss,2.98,,IP-15156-10,20260106T061500Z-QE24M
P-15156-A,20,Deburr and wash,bench,0.3,,,20260106T061500Z-QE24M
P-15156-A,30,Outside: heat treat,supplier,0.0,heat treat,IP-15156-30,20260106T061500Z-QE24M
P-15156-A,40,Outside: plating,supplier,0.0,plating,IP-15156-40,20260106T061500Z-QE24M
P-15156-A,50,Final inspection and pack,inspection,0.2,,IP-15156-50,20260106T061500Z-QE24M
P-15181-A,10,Swiss turn,swiss,1.11,,IP-15181-10,20260106T061500Z-QE24M
P-15181-A,20,Deburr and wash,bench,0.3,,,20260106T061500Z-QE24M
P-15181-A,30,Outside: heat treat,supplier,0.0,heat treat,IP-15181-30,20260106T061500Z-QE24M
P-15181-A,40,Outside: plating,supplier,0.0,plating,IP-15181-40,20260106T061500Z-QE24M
P-15181-A,50,Final inspection and pack,inspection,0.2,,IP-15181-50,20260106T061500Z-QE24M
P-15200-C,10,Swiss turn,swiss,1.43,,IP-15200-10,20260106T061500Z-QE24M
P-15200-C,20,Deburr and wash,bench,0.3,,,20260106T061500Z-QE24M
P-15200-C,30,Outside: heat treat,supplier,0.0,heat treat,IP-15200-30,20260106T061500Z-QE24M
P-15200-C,40,Outside: plating,supplier,0.0,plating,IP-15200-40,20260106T061500Z-QE24M
P-15200-C,50,Final inspection and pack,inspection,0.2,,IP-15200-50,20260106T061500Z-QE24M
P-15206-A,10,Swiss turn,swiss,2.33,,IP-15206-10,20260106T061500Z-QE24M
P-15206-A,20,Deburr and wash,bench,0.3,,,20260106T061500Z-QE24M
P-15206-A,30,Outside: heat treat,supplier,0.0,heat treat,IP-15206-30,20260106T061500Z-QE24M
P-15206-A,40,Outside: plating,supplier,0.0,plating,IP-15206-40,20260106T061500Z-QE24M
P-15206-A,50,Final inspection and pack,inspection,0.2,,IP-15206-50,20260106T061500Z-QE24M
P-15211-C,10,Swiss turn,swiss,2.38,,IP-15211-10,20260106T061500Z-QE24M
P-15211-C,20,Deburr and wash,bench,0.3,,,20260106T061500Z-QE24M
P-15211-C,30,Outside: heat treat,supplier,0.0,heat treat,IP-15211-30,20260106T061500Z-QE24M
P-15211-C,40,Outside: plating,supplier,0.0,plating,IP-15211-40,20260106T061500Z-QE24M
P-15211-C,50,Final inspection and pack,inspection,0.2,,IP-15211-50,20260106T061500Z-QE24M
P-15234-A,10,Swiss turn,swiss,1.48,,IP-15234-10,20260106T061500Z-QE24M
P-15234-A,20,Deburr and wash,bench,0.3,,,20260106T061500Z-QE24M
P-15234-A,30,Outside: heat treat,supplier,0.0,heat treat,IP-15234-30,20260106T061500Z-QE24M
P-15234-A,40,Outside: plating,supplier,0.0,plating,IP-15234-40,20260106T061500Z-QE24M
P-15234-A,50,Final inspection and pack,inspection,0.2,,IP-15234-50,20260106T061500Z-QE24M
P-15261-A,10,Swiss turn,swiss,1.01,,IP-15261-10,20260106T061500Z-QE24M
P-15261-A,20,Deburr and wash,bench,0.3,,,20260106T061500Z-QE24M
P-15261-A,30,Outside: heat treat,supplier,0.0,heat treat,IP-15261-30,20260106T061500Z-QE24M
P-15261-A,40,Final inspection and pack,inspection,0.2,,IP-15261-40,20260106T061500Z-QE24M
P-15270-A,10,Swiss turn,swiss,1.29,,IP-15270-10,20260106T061500Z-QE24M
P-15270-A,20,Deburr and wash,bench,0.3,,,20260106T061500Z-QE24M
P-15270-A,30,Outside: plating,supplier,0.0,plating,IP-15270-30,20260106T061500Z-QE24M
P-15270-A,40,Final inspection and pack,inspection,0.2,,IP-15270-40,20260106T061500Z-QE24M
P-15298-A,10,Swiss turn,swiss,1.66,,IP-15298-10,20260106T061500Z-QE24M
P-15298-A,20,Deburr and wash,bench,0.3,,,20260106T061500Z-QE24M
P-15298-A,30,Outside: passivation,supplier,0.0,passivation,IP-15298-30,20260106T061500Z-QE24M
P-15298-A,40,Final inspection and pack,inspection,0.2,,IP-15298-40,20260106T061500Z-QE24M
P-15324-C,10,Swiss turn,swiss,0.95,,IP-15324-10,20260106T061500Z-QE24M
P-15324-C,20,Deburr and wash,bench,0.3,,,20260106T061500Z-QE24M
P-15324-C,30,Outside: passivation,supplier,0.0,passivation,IP-15324-30,20260106T061500Z-QE24M
P-15324-C,40,Final inspection and pack,inspection,0.2,,IP-15324-40,20260106T061500Z-QE24M
P-15347-C,10,Swiss turn,swiss,1.01,,IP-15347-10,20260106T061500Z-QE24M
P-15347-C,20,Deburr and wash,bench,0.3,,,20260106T061500Z-QE24M
P-15347-C,30,Outside: passivation,supplier,0.0,passivation,IP-15347-30,20260106T061500Z-QE24M
P-15347-C,40,Final inspection and pack,inspection,0.2,,IP-15347-40,20260106T061500Z-QE24M
P-15362-C,10,Swiss turn,swiss,2.52,,IP-15362-10,20260106T061500Z-QE24M
P-15362-C,20,Deburr and wash,bench,0.3,,,20260106T061500Z-QE24M
P-15362-C,30,Outside: passivation,supplier,0.0,passivation,IP-15362-30,20260106T061500Z-QE24M
P-15362-C,40,Final inspection and pack,inspection,0.2,,IP-15362-40,20260106T061500Z-QE24M
P-15367-A,10,Swiss turn,swiss,1.66,,IP-15367-10,20260106T061500Z-QE24M
P-15367-A,20,Deburr and wash,bench,0.3,,,20260106T061500Z-QE24M
P-15367-A,30,Outside: passivation,supplier,0.0,passivation,IP-15367-30,20260106T061500Z-QE24M
P-15367-A,40,Final inspection and pack,inspection,0.2,,IP-15367-40,20260106T061500Z-QE24M
P-15372-B,10,Swiss turn,swiss,1.55,,IP-15372-10,20260106T061500Z-QE24M
P-15372-B,20,Deburr and wash,bench,0.3,,,20260106T061500Z-QE24M
P-15372-B,30,Outside: passivation,supplier,0.0,passivation,IP-15372-30,20260106T061500Z-QE24M
P-15372-B,40,Final inspection and pack,inspection,0.2,,IP-15372-40,20260106T061500Z-QE24M
P-15376-A,10,Swiss turn,swiss,0.93,,IP-15376-10,20260106T061500Z-QE24M
P-15376-A,20,Deburr and wash,bench,0.3,,,20260106T061500Z-QE24M
P-15376-A,30,Outside: passivation,supplier,0.0,passivation,IP-15376-30,20260106T061500Z-QE24M
P-15376-A,40,Final inspection and pack,inspection,0.2,,IP-15376-40,20260106T061500Z-QE24M
P-15382-A,10,Swiss turn,swiss,1.75,,IP-15382-10,20260106T061500Z-QE24M
P-15382-A,20,Deburr and wash,bench,0.3,,,20260106T061500Z-QE24M
P-15382-A,30,Outside: passivation,supplier,0.0,passivation,IP-15382-30,20260106T061500Z-QE24M
P-15382-A,40,Final inspection and pack,inspection,0.2,,IP-15382-40,20260106T061500Z-QE24M
P-15401-A,10,Swiss turn,swiss,1.25,,IP-15401-10,20260106T061500Z-QE24M
P-15401-A,20,Deburr and wash,bench,0.3,,,20260106T061500Z-QE24M
P-15401-A,30,Final inspection and pack,inspection,0.2,,IP-15401-30,20260106T061500Z-QE24M
P-15419-B,10,Swiss turn,swiss,2.73,,IP-15419-10,20260106T061500Z-QE24M
P-15419-B,20,Deburr and wash,bench,0.3,,,20260106T061500Z-QE24M
P-15419-B,30,Outside: passivation,supplier,0.0,passivation,IP-15419-30,20260106T061500Z-QE24M
P-15419-B,40,Final inspection and pack,inspection,0.2,,IP-15419-40,20260106T061500Z-QE24M
P-15438-D,10,Swiss turn,swiss,1.94,,IP-15438-10,20260106T061500Z-QE24M
P-15438-D,20,Deburr and wash,bench,0.3,,,20260106T061500Z-QE24M
P-15438-D,30,Outside: passivation,supplier,0.0,passivation,IP-15438-30,20260106T061500Z-QE24M
P-15438-D,40,Final inspection and pack,inspection,0.2,,IP-15438-40,20260106T061500Z-QE24M
P-15450-B,10,Swiss turn,swiss,1.76,,IP-15450-10,20260106T061500Z-QE24M
P-15450-B,20,Deburr and wash,bench,0.3,,,20260106T061500Z-QE24M
P-15450-B,30,Outside: passivation,supplier,0.0,passivation,IP-15450-30,20260106T061500Z-QE24M
P-15450-B,40,Final inspection and pack,inspection,0.2,,IP-15450-40,20260106T061500Z-QE24M
P-15468-C,10,Swiss turn,swiss,3.49,,IP-15468-10,20260106T061500Z-QE24M
P-15468-C,20,Deburr and wash,bench,0.3,,,20260106T061500Z-QE24M
P-15468-C,30,Outside: passivation,supplier,0.0,passivation,IP-15468-30,20260106T061500Z-QE24M
P-15468-C,40,Final inspection and pack,inspection,0.2,,IP-15468-40,20260106T061500Z-QE24M
P-15489-A,10,Swiss turn,swiss,1.45,,IP-15489-10,20260106T061500Z-QE24M
P-15489-A,20,Deburr and wash,bench,0.3,,,20260106T061500Z-QE24M
P-15489-A,30,Outside: passivation,supplier,0.0,passivation,IP-15489-30,20260106T061500Z-QE24M
P-15489-A,40,Final inspection and pack,inspection,0.2,,IP-15489-40,20260106T061500Z-QE24M
P-15511-A,10,Swiss turn,swiss,0.52,,IP-15511-10,20260106T061500Z-QE24M
P-15511-A,20,Deburr and wash,bench,0.3,,,20260106T061500Z-QE24M
P-15511-A,30,Outside: passivation,supplier,0.0,passivation,IP-15511-30,20260106T061500Z-QE24M
P-15511-A,40,Final inspection and pack,inspection,0.2,,IP-15511-40,20260106T061500Z-QE24M
P-15524-A,10,Swiss turn,swiss,2.87,,IP-15524-10,20260106T061500Z-QE24M
P-15524-A,20,Deburr and wash,bench,0.3,,,20260106T061500Z-QE24M
P-15524-A,30,Outside: passivation,supplier,0.0,passivation,IP-15524-30,20260106T061500Z-QE24M
P-15524-A,40,Final inspection and pack,inspection,0.2,,IP-15524-40,20260106T061500Z-QE24M
P-15532-C,10,Swiss turn,swiss,1.11,,IP-15532-10,20260106T061500Z-QE24M
P-15532-C,20,Deburr and wash,bench,0.3,,,20260106T061500Z-QE24M
P-15532-C,30,Outside: passivation,supplier,0.0,passivation,IP-15532-30,20260106T061500Z-QE24M
P-15532-C,40,Final inspection and pack,inspection,0.2,,IP-15532-40,20260106T061500Z-QE24M
P-15552-A,10,Turn,multi_axis,1.29,,IP-15552-10,20260106T061500Z-QE24M
P-15552-A,20,Grind,grind,1.09,,IP-15552-20,20260106T061500Z-QE24M
P-15552-A,30,Deburr and wash,bench,0.3,,,20260106T061500Z-QE24M
P-15552-A,40,Outside: passivation,supplier,0.0,passivation,IP-15552-40,20260106T061500Z-QE24M
P-15552-A,50,Final inspection and pack,inspection,0.2,,IP-15552-50,20260106T061500Z-QE24M
P-15564-A,10,Turn,multi_axis,1.65,,IP-15564-10,20260106T061500Z-QE24M
P-15564-A,20,Grind,grind,3.02,,IP-15564-20,20260106T061500Z-QE24M
P-15564-A,30,Deburr and wash,bench,0.3,,,20260106T061500Z-QE24M
P-15564-A,40,Outside: passivation,supplier,0.0,passivation,IP-15564-40,20260106T061500Z-QE24M
P-15564-A,50,Final inspection and pack,inspection,0.2,,IP-15564-50,20260106T061500Z-QE24M
P-15577-C,10,Turn,multi_axis,2.01,,IP-15577-10,20260106T061500Z-QE24M
P-15577-C,20,Grind,grind,1.17,,IP-15577-20,20260106T061500Z-QE24M
P-15577-C,30,Deburr and wash,bench,0.3,,,20260106T061500Z-QE24M
P-15577-C,40,Outside: passivation,supplier,0.0,passivation,IP-15577-40,20260106T061500Z-QE24M
P-15577-C,50,Final inspection and pack,inspection,0.2,,IP-15577-50,20260106T061500Z-QE24M
P-15589-C,10,Turn,multi_axis,1.16,,IP-15589-10,20260106T061500Z-QE24M
P-15589-C,20,Grind,grind,1.14,,IP-15589-20,20260106T061500Z-QE24M
P-15589-C,30,Deburr and wash,bench,0.3,,,20260106T061500Z-QE24M
P-15589-C,40,Outside: passivation,supplier,0.0,passivation,IP-15589-40,20260106T061500Z-QE24M
P-15589-C,50,Final inspection and pack,inspection,0.2,,IP-15589-50,20260106T061500Z-QE24M
P-15615-C,10,Turn,multi_axis,2.03,,IP-15615-10,20260106T061500Z-QE24M
P-15615-C,20,Grind,grind,0.57,,IP-15615-20,20260106T061500Z-QE24M
P-15615-C,30,Deburr and wash,bench,0.3,,,20260106T061500Z-QE24M
P-15615-C,40,Outside: passivation,supplier,0.0,passivation,IP-15615-40,20260106T061500Z-QE24M
P-15615-C,50,Final inspection and pack,inspection,0.2,,IP-15615-50,20260106T061500Z-QE24M
P-15642-A,10,Turn,multi_axis,1.34,,IP-15642-10,20260106T061500Z-QE24M
P-15642-A,20,Grind,grind,1.69,,IP-15642-20,20260106T061500Z-QE24M
P-15642-A,30,Deburr and wash,bench,0.3,,,20260106T061500Z-QE24M
P-15642-A,40,Outside: passivation,supplier,0.0,passivation,IP-15642-40,20260106T061500Z-QE24M
P-15642-A,50,Final inspection and pack,inspection,0.2,,IP-15642-50,20260106T061500Z-QE24M
P-15662-A,10,Turn,multi_axis,1.66,,IP-15662-10,20260106T061500Z-QE24M
P-15662-A,20,Grind,grind,0.85,,IP-15662-20,20260106T061500Z-QE24M
P-15662-A,30,Deburr and wash,bench,0.3,,,20260106T061500Z-QE24M
P-15662-A,40,Outside: passivation,supplier,0.0,passivation,IP-15662-40,20260106T061500Z-QE24M
P-15662-A,50,Final inspection and pack,inspection,0.2,,IP-15662-50,20260106T061500Z-QE24M
P-15667-C,10,Turn,multi_axis,1.07,,IP-15667-10,20260106T061500Z-QE24M
P-15667-C,20,Grind,grind,2.13,,IP-15667-20,20260106T061500Z-QE24M
P-15667-C,30,Deburr and wash,bench,0.3,,,20260106T061500Z-QE24M
P-15667-C,40,Outside: passivation,supplier,0.0,passivation,IP-15667-40,20260106T061500Z-QE24M
P-15667-C,50,Final inspection and pack,inspection,0.2,,IP-15667-50,20260106T061500Z-QE24M
P-15681-A,10,Turn,multi_axis,1.72,,IP-15681-10,20260106T061500Z-QE24M
P-15681-A,20,Grind,grind,2.01,,IP-15681-20,20260106T061500Z-QE24M
P-15681-A,30,Deburr and wash,bench,0.3,,,20260106T061500Z-QE24M
P-15681-A,40,Outside: passivation,supplier,0.0,passivation,IP-15681-40,20260106T061500Z-QE24M
P-15681-A,50,Final inspection and pack,inspection,0.2,,IP-15681-50,20260106T061500Z-QE24M
P-15697-A,10,Turn,multi_axis,1.94,,IP-15697-10,20260106T061500Z-QE24M
P-15697-A,20,Grind,grind,2.2,,IP-15697-20,20260106T061500Z-QE24M
P-15697-A,30,Deburr and wash,bench,0.3,,,20260106T061500Z-QE24M
P-15697-A,40,Outside: passivation,supplier,0.0,passivation,IP-15697-40,20260106T061500Z-QE24M
P-15697-A,50,Final inspection and pack,inspection,0.2,,IP-15697-50,20260106T061500Z-QE24M
P-15701-A,10,Turn,multi_axis,2.36,,IP-15701-10,20260106T061500Z-QE24M
P-15701-A,20,Grind,grind,1.48,,IP-15701-20,20260106T061500Z-QE24M
P-15701-A,30,Deburr and wash,bench,0.3,,,20260106T061500Z-QE24M
P-15701-A,40,Outside: passivation,supplier,0.0,passivation,IP-15701-40,20260106T061500Z-QE24M
P-15701-A,50,Final inspection and pack,inspection,0.2,,IP-15701-50,20260106T061500Z-QE24M
P-15723-A,10,Turn,multi_axis,0.99,,IP-15723-10,20260106T061500Z-QE24M
P-15723-A,20,Grind,grind,1.93,,IP-15723-20,20260106T061500Z-QE24M
P-15723-A,30,Deburr and wash,bench,0.3,,,20260106T061500Z-QE24M
P-15723-A,40,Outside: passivation,supplier,0.0,passivation,IP-15723-40,20260106T061500Z-QE24M
P-15723-A,50,Final inspection and pack,inspection,0.2,,IP-15723-50,20260106T061500Z-QE24M
P-15742-C,10,Turn,multi_axis,1.57,,IP-15742-10,20260106T061500Z-QE24M
P-15742-C,20,Grind,grind,0.65,,IP-15742-20,20260106T061500Z-QE24M
P-15742-C,30,Deburr and wash,bench,0.3,,,20260106T061500Z-QE24M
P-15742-C,40,Outside: passivation,supplier,0.0,passivation,IP-15742-40,20260106T061500Z-QE24M
P-15742-C,50,Final inspection and pack,inspection,0.2,,IP-15742-50,20260106T061500Z-QE24M
P-15763-A,10,Turn,multi_axis,2.12,,IP-15763-10,20260106T061500Z-QE24M
P-15763-A,20,Grind,grind,1.65,,IP-15763-20,20260106T061500Z-QE24M
P-15763-A,30,Deburr and wash,bench,0.3,,,20260106T061500Z-QE24M
P-15763-A,40,Outside: passivation,supplier,0.0,passivation,IP-15763-40,20260106T061500Z-QE24M
P-15763-A,50,Final inspection and pack,inspection,0.2,,IP-15763-50,20260106T061500Z-QE24M
P-15789-B,10,Turn,multi_axis,1.26,,IP-15789-10,20260106T061500Z-QE24M
P-15789-B,20,Grind,grind,1.67,,IP-15789-20,20260106T061500Z-QE24M
P-15789-B,30,Deburr and wash,bench,0.3,,,20260106T061500Z-QE24M
P-15789-B,40,Outside: passivation,supplier,0.0,passivation,IP-15789-40,20260106T061500Z-QE24M
P-15789-B,50,Final inspection and pack,inspection,0.2,,IP-15789-50,20260106T061500Z-QE24M
P-15814-B,10,Turn,multi_axis,1.24,,IP-15814-10,20260106T061500Z-QE24M
P-15814-B,20,Grind,grind,1.87,,IP-15814-20,20260106T061500Z-QE24M
P-15814-B,30,Deburr and wash,bench,0.3,,,20260106T061500Z-QE24M
P-15814-B,40,Outside: passivation,supplier,0.0,passivation,IP-15814-40,20260106T061500Z-QE24M
P-15814-B,50,Final inspection and pack,inspection,0.2,,IP-15814-50,20260106T061500Z-QE24M
P-15839-B,10,Turn,multi_axis,2.35,,IP-15839-10,20260106T061500Z-QE24M
P-15839-B,20,Grind,grind,1.69,,IP-15839-20,20260106T061500Z-QE24M
P-15839-B,30,Deburr and wash,bench,0.3,,,20260106T061500Z-QE24M
P-15839-B,40,Outside: passivation,supplier,0.0,passivation,IP-15839-40,20260106T061500Z-QE24M
P-15839-B,50,Final inspection and pack,inspection,0.2,,IP-15839-50,20260106T061500Z-QE24M
P-15861-B,10,Mill op 1,mill,1.25,,IP-15861-10,20260106T061500Z-QE24M
P-15861-B,20,Mill op 2,mill,1.67,,IP-15861-20,20260106T061500Z-QE24M
P-15861-B,30,Deburr and wash,bench,0.3,,,20260106T061500Z-QE24M
P-15861-B,40,Outside: passivation,supplier,0.0,passivation,IP-15861-40,20260106T061500Z-QE24M
P-15861-B,50,Final inspection and pack,inspection,0.2,,IP-15861-50,20260106T061500Z-QE24M
P-15885-A,10,Mill op 1,mill,1.19,,IP-15885-10,20260106T061500Z-QE24M
P-15885-A,20,Mill op 2,mill,1.13,,IP-15885-20,20260106T061500Z-QE24M
P-15885-A,30,Deburr and wash,bench,0.3,,,20260106T061500Z-QE24M
P-15885-A,40,Outside: passivation,supplier,0.0,passivation,IP-15885-40,20260106T061500Z-QE24M
P-15885-A,50,Final inspection and pack,inspection,0.2,,IP-15885-50,20260106T061500Z-QE24M
P-15905-D,10,Mill op 1,mill,1.06,,IP-15905-10,20260106T061500Z-QE24M
P-15905-D,20,Mill op 2,mill,2.18,,IP-15905-20,20260106T061500Z-QE24M
P-15905-D,30,Deburr and wash,bench,0.3,,,20260106T061500Z-QE24M
P-15905-D,40,Outside: passivation,supplier,0.0,passivation,IP-15905-40,20260106T061500Z-QE24M
P-15905-D,50,Final inspection and pack,inspection,0.2,,IP-15905-50,20260106T061500Z-QE24M
P-15926-A,10,Mill op 1,mill,0.84,,IP-15926-10,20260106T061500Z-QE24M
P-15926-A,20,Mill op 2,mill,0.96,,IP-15926-20,20260106T061500Z-QE24M
P-15926-A,30,Deburr and wash,bench,0.3,,,20260106T061500Z-QE24M
P-15926-A,40,Outside: passivation,supplier,0.0,passivation,IP-15926-40,20260106T061500Z-QE24M
P-15926-A,50,Final inspection and pack,inspection,0.2,,IP-15926-50,20260106T061500Z-QE24M
P-15949-A,10,Mill op 1,mill,1.77,,IP-15949-10,20260106T061500Z-QE24M
P-15949-A,20,Mill op 2,mill,1.59,,IP-15949-20,20260106T061500Z-QE24M
P-15949-A,30,Deburr and wash,bench,0.3,,,20260106T061500Z-QE24M
P-15949-A,40,Outside: passivation,supplier,0.0,passivation,IP-15949-40,20260106T061500Z-QE24M
P-15949-A,50,Final inspection and pack,inspection,0.2,,IP-15949-50,20260106T061500Z-QE24M
P-15977-A,10,Mill op 1,mill,1.67,,IP-15977-10,20260106T061500Z-QE24M
P-15977-A,20,Mill op 2,mill,0.96,,IP-15977-20,20260106T061500Z-QE24M
P-15977-A,30,Deburr and wash,bench,0.3,,,20260106T061500Z-QE24M
P-15977-A,40,Outside: passivation,supplier,0.0,passivation,IP-15977-40,20260106T061500Z-QE24M
P-15977-A,50,Final inspection and pack,inspection,0.2,,IP-15977-50,20260106T061500Z-QE24M
P-15986-A,10,Mill op 1,mill,1.4,,IP-15986-10,20260106T061500Z-QE24M
P-15986-A,20,Mill op 2,mill,1.28,,IP-15986-20,20260106T061500Z-QE24M
P-15986-A,30,Deburr and wash,bench,0.3,,,20260106T061500Z-QE24M
P-15986-A,40,Outside: passivation,supplier,0.0,passivation,IP-15986-40,20260106T061500Z-QE24M
P-15986-A,50,Final inspection and pack,inspection,0.2,,IP-15986-50,20260106T061500Z-QE24M
P-16001-D,10,Mill op 1,mill,0.71,,IP-16001-10,20260106T061500Z-QE24M
P-16001-D,20,Mill op 2,mill,1.24,,IP-16001-20,20260106T061500Z-QE24M
P-16001-D,30,Deburr and wash,bench,0.3,,,20260106T061500Z-QE24M
P-16001-D,40,Outside: passivation,supplier,0.0,passivation,IP-16001-40,20260106T061500Z-QE24M
P-16001-D,50,Final inspection and pack,inspection,0.2,,IP-16001-50,20260106T061500Z-QE24M
P-16016-A,10,Mill op 1,mill,1.53,,IP-16016-10,20260106T061500Z-QE24M
P-16016-A,20,Mill op 2,mill,2.01,,IP-16016-20,20260106T061500Z-QE24M
P-16016-A,30,Deburr and wash,bench,0.3,,,20260106T061500Z-QE24M
P-16016-A,40,Outside: passivation,supplier,0.0,passivation,IP-16016-40,20260106T061500Z-QE24M
P-16016-A,50,Final inspection and pack,inspection,0.2,,IP-16016-50,20260106T061500Z-QE24M
P-16034-D,10,Mill op 1,mill,1.09,,IP-16034-10,20260106T061500Z-QE24M
P-16034-D,20,Mill op 2,mill,2.07,,IP-16034-20,20260106T061500Z-QE24M
P-16034-D,30,Deburr and wash,bench,0.3,,,20260106T061500Z-QE24M
P-16034-D,40,Outside: passivation,supplier,0.0,passivation,IP-16034-40,20260106T061500Z-QE24M
P-16034-D,50,Final inspection and pack,inspection,0.2,,IP-16034-50,20260106T061500Z-QE24M
P-16056-D,10,Mill op 1,mill,1.57,,IP-16056-10,20260106T061500Z-QE24M
P-16056-D,20,Mill op 2,mill,1.74,,IP-16056-20,20260106T061500Z-QE24M
P-16056-D,30,Deburr and wash,bench,0.3,,,20260106T061500Z-QE24M
P-16056-D,40,Outside: passivation,supplier,0.0,passivation,IP-16056-40,20260106T061500Z-QE24M
P-16056-D,50,Final inspection and pack,inspection,0.2,,IP-16056-50,20260106T061500Z-QE24M
P-16080-A,10,Mill op 1,mill,2.21,,IP-16080-10,20260106T061500Z-QE24M
P-16080-A,20,Mill op 2,mill,1.74,,IP-16080-20,20260106T061500Z-QE24M
P-16080-A,30,Deburr and wash,bench,0.3,,,20260106T061500Z-QE24M
P-16080-A,40,Outside: passivation,supplier,0.0,passivation,IP-16080-40,20260106T061500Z-QE24M
P-16080-A,50,Final inspection and pack,inspection,0.2,,IP-16080-50,20260106T061500Z-QE24M
P-16107-A,10,Mill op 1,mill,1.24,,IP-16107-10,20260106T061500Z-QE24M
P-16107-A,20,Mill op 2,mill,2.3,,IP-16107-20,20260106T061500Z-QE24M
P-16107-A,30,Deburr and wash,bench,0.3,,,20260106T061500Z-QE24M
P-16107-A,40,Outside: passivation,supplier,0.0,passivation,IP-16107-40,20260106T061500Z-QE24M
P-16107-A,50,Final inspection and pack,inspection,0.2,,IP-16107-50,20260106T061500Z-QE24M
P-16128-A,10,Mill op 1,mill,1.47,,IP-16128-10,20260106T061500Z-QE24M
P-16128-A,20,Mill op 2,mill,1.33,,IP-16128-20,20260106T061500Z-QE24M
P-16128-A,30,Deburr and wash,bench,0.3,,,20260106T061500Z-QE24M
P-16128-A,40,Outside: passivation,supplier,0.0,passivation,IP-16128-40,20260106T061500Z-QE24M
P-16128-A,50,Final inspection and pack,inspection,0.2,,IP-16128-50,20260106T061500Z-QE24M
P-16147-A,10,Mill op 1,mill,1.45,,IP-16147-10,20260106T061500Z-QE24M
P-16147-A,20,Mill op 2,mill,0.95,,IP-16147-20,20260106T061500Z-QE24M
P-16147-A,30,Deburr and wash,bench,0.3,,,20260106T061500Z-QE24M
P-16147-A,40,Outside: passivation,supplier,0.0,passivation,IP-16147-40,20260106T061500Z-QE24M
P-16147-A,50,Final inspection and pack,inspection,0.2,,IP-16147-50,20260106T061500Z-QE24M
P-16150-B,10,Mill op 1,mill,1.6,,IP-16150-10,20260106T061500Z-QE24M
P-16150-B,20,Mill op 2,mill,1.26,,IP-16150-20,20260106T061500Z-QE24M
P-16150-B,30,Deburr and wash,bench,0.3,,,20260106T061500Z-QE24M
P-16150-B,40,Outside: passivation,supplier,0.0,passivation,IP-16150-40,20260106T061500Z-QE24M
P-16150-B,50,Final inspection and pack,inspection,0.2,,IP-16150-50,20260106T061500Z-QE24M
P-16156-A,10,Mill op 1,mill,1.96,,IP-16156-10,20260106T061500Z-QE24M
P-16156-A,20,Mill op 2,mill,1.26,,IP-16156-20,20260106T061500Z-QE24M
P-16156-A,30,Deburr and wash,bench,0.3,,,20260106T061500Z-QE24M
P-16156-A,40,Outside: passivation,supplier,0.0,passivation,IP-16156-40,20260106T061500Z-QE24M
P-16156-A,50,Final inspection and pack,inspection,0.2,,IP-16156-50,20260106T061500Z-QE24M
P-16180-A,10,Turn complete,multi_axis,1.33,,IP-16180-10,20260106T061500Z-QE24M
P-16180-A,20,Deburr and wash,bench,0.3,,,20260106T061500Z-QE24M
P-16180-A,30,Outside: passivation,supplier,0.0,passivation,IP-16180-30,20260106T061500Z-QE24M
P-16180-A,40,Final inspection and pack,inspection,0.2,,IP-16180-40,20260106T061500Z-QE24M
P-16183-C,10,Turn complete,multi_axis,1.09,,IP-16183-10,20260106T061500Z-QE24M
P-16183-C,20,Deburr and wash,bench,0.3,,,20260106T061500Z-QE24M
P-16183-C,30,Outside: passivation,supplier,0.0,passivation,IP-16183-30,20260106T061500Z-QE24M
P-16183-C,40,Final inspection and pack,inspection,0.2,,IP-16183-40,20260106T061500Z-QE24M
P-16209-A,10,Turn complete,multi_axis,1.09,,IP-16209-10,20260106T061500Z-QE24M
P-16209-A,20,Deburr and wash,bench,0.3,,,20260106T061500Z-QE24M
P-16209-A,30,Outside: passivation,supplier,0.0,passivation,IP-16209-30,20260106T061500Z-QE24M
P-16209-A,40,Final inspection and pack,inspection,0.2,,IP-16209-40,20260106T061500Z-QE24M
P-16219-B,10,Turn complete,multi_axis,1.01,,IP-16219-10,20260106T061500Z-QE24M
P-16219-B,20,Deburr and wash,bench,0.3,,,20260106T061500Z-QE24M
P-16219-B,30,Outside: passivation,supplier,0.0,passivation,IP-16219-30,20260106T061500Z-QE24M
P-16219-B,40,Final inspection and pack,inspection,0.2,,IP-16219-40,20260106T061500Z-QE24M
P-16229-A,10,Turn complete,multi_axis,1.29,,IP-16229-10,20260106T061500Z-QE24M
P-16229-A,20,Deburr and wash,bench,0.3,,,20260106T061500Z-QE24M
P-16229-A,30,Outside: passivation,supplier,0.0,passivation,IP-16229-30,20260106T061500Z-QE24M
P-16229-A,40,Final inspection and pack,inspection,0.2,,IP-16229-40,20260106T061500Z-QE24M
P-16234-A,10,Turn complete,multi_axis,0.83,,IP-16234-10,20260106T061500Z-QE24M
P-16234-A,20,Deburr and wash,bench,0.3,,,20260106T061500Z-QE24M
P-16234-A,30,Outside: passivation,supplier,0.0,passivation,IP-16234-30,20260106T061500Z-QE24M
P-16234-A,40,Final inspection and pack,inspection,0.2,,IP-16234-40,20260106T061500Z-QE24M
P-16237-A,10,Turn complete,multi_axis,1.4,,IP-16237-10,20260106T061500Z-QE24M
P-16237-A,20,Deburr and wash,bench,0.3,,,20260106T061500Z-QE24M
P-16237-A,30,Outside: passivation,supplier,0.0,passivation,IP-16237-30,20260106T061500Z-QE24M
P-16237-A,40,Final inspection and pack,inspection,0.2,,IP-16237-40,20260106T061500Z-QE24M
P-16263-A,10,Turn complete,multi_axis,1.4,,IP-16263-10,20260106T061500Z-QE24M
P-16263-A,20,Deburr and wash,bench,0.3,,,20260106T061500Z-QE24M
P-16263-A,30,Outside: passivation,supplier,0.0,passivation,IP-16263-30,20260106T061500Z-QE24M
P-16263-A,40,Final inspection and pack,inspection,0.2,,IP-16263-40,20260106T061500Z-QE24M
P-16272-A,10,Turn complete,multi_axis,1.39,,IP-16272-10,20260106T061500Z-QE24M
P-16272-A,20,Deburr and wash,bench,0.3,,,20260106T061500Z-QE24M
P-16272-A,30,Outside: passivation,supplier,0.0,passivation,IP-16272-30,20260106T061500Z-QE24M
P-16272-A,40,Final inspection and pack,inspection,0.2,,IP-16272-40,20260106T061500Z-QE24M
P-16282-A,10,Turn complete,multi_axis,2.6,,IP-16282-10,20260106T061500Z-QE24M
P-16282-A,20,Deburr and wash,bench,0.3,,,20260106T061500Z-QE24M
P-16282-A,30,Outside: passivation,supplier,0.0,passivation,IP-16282-30,20260106T061500Z-QE24M
P-16282-A,40,Final inspection and pack,inspection,0.2,,IP-16282-40,20260106T061500Z-QE24M
P-16289-C,10,Turn complete,multi_axis,0.78,,IP-16289-10,20260106T061500Z-QE24M
P-16289-C,20,Deburr and wash,bench,0.3,,,20260106T061500Z-QE24M
P-16289-C,30,Outside: passivation,supplier,0.0,passivation,IP-16289-30,20260106T061500Z-QE24M
P-16289-C,40,Final inspection and pack,inspection,0.2,,IP-16289-40,20260106T061500Z-QE24M
P-16312-A,10,Turn complete,multi_axis,1.28,,IP-16312-10,20260106T061500Z-QE24M
P-16312-A,20,Deburr and wash,bench,0.3,,,20260106T061500Z-QE24M
P-16312-A,30,Outside: passivation,supplier,0.0,passivation,IP-16312-30,20260106T061500Z-QE24M
P-16312-A,40,Final inspection and pack,inspection,0.2,,IP-16312-40,20260106T061500Z-QE24M
P-16316-C,10,Turn complete,multi_axis,1.29,,IP-16316-10,20260106T061500Z-QE24M
P-16316-C,20,Deburr and wash,bench,0.3,,,20260106T061500Z-QE24M
P-16316-C,30,Outside: passivation,supplier,0.0,passivation,IP-16316-30,20260106T061500Z-QE24M
P-16316-C,40,Final inspection and pack,inspection,0.2,,IP-16316-40,20260106T061500Z-QE24M
P-16335-A,10,Turn complete,multi_axis,1.36,,IP-16335-10,20260106T061500Z-QE24M
P-16335-A,20,Deburr and wash,bench,0.3,,,20260106T061500Z-QE24M
P-16335-A,30,Outside: passivation,supplier,0.0,passivation,IP-16335-30,20260106T061500Z-QE24M
P-16335-A,40,Final inspection and pack,inspection,0.2,,IP-16335-40,20260106T061500Z-QE24M
P-16348-A,10,Turn complete,multi_axis,1.28,,IP-16348-10,20260106T061500Z-QE24M
P-16348-A,20,Deburr and wash,bench,0.3,,,20260106T061500Z-QE24M
P-16348-A,30,Outside: passivation,supplier,0.0,passivation,IP-16348-30,20260106T061500Z-QE24M
P-16348-A,40,Final inspection and pack,inspection,0.2,,IP-16348-40,20260106T061500Z-QE24M
P-16352-D,10,Turn complete,multi_axis,2.17,,IP-16352-10,20260106T061500Z-QE24M
P-16352-D,20,Deburr and wash,bench,0.3,,,20260106T061500Z-QE24M
P-16352-D,30,Outside: passivation,supplier,0.0,passivation,IP-16352-30,20260106T061500Z-QE24M
P-16352-D,40,Final inspection and pack,inspection,0.2,,IP-16352-40,20260106T061500Z-QE24M
P-16366-D,10,Turn complete,multi_axis,1.58,,IP-16366-10,20260106T061500Z-QE24M
P-16366-D,20,Deburr and wash,bench,0.3,,,20260106T061500Z-QE24M
P-16366-D,30,Outside: passivation,supplier,0.0,passivation,IP-16366-30,20260106T061500Z-QE24M
P-16366-D,40,Final inspection and pack,inspection,0.2,,IP-16366-40,20260106T061500Z-QE24M
P-16385-A,10,Turn complete,multi_axis,1.88,,IP-16385-10,20260106T061500Z-QE24M
P-16385-A,20,Deburr and wash,bench,0.3,,,20260106T061500Z-QE24M
P-16385-A,30,Outside: passivation,supplier,0.0,passivation,IP-16385-30,20260106T061500Z-QE24M
P-16385-A,40,Final inspection and pack,inspection,0.2,,IP-16385-40,20260106T061500Z-QE24M
P-16403-B,10,Turn complete,multi_axis,1.13,,IP-16403-10,20260106T061500Z-QE24M
P-16403-B,20,Deburr and wash,bench,0.3,,,20260106T061500Z-QE24M
P-16403-B,30,Outside: passivation,supplier,0.0,passivation,IP-16403-30,20260106T061500Z-QE24M
P-16403-B,40,Final inspection and pack,inspection,0.2,,IP-16403-40,20260106T061500Z-QE24M
P-16423-C,10,Turn complete,multi_axis,2.18,,IP-16423-10,20260106T061500Z-QE24M
P-16423-C,20,Deburr and wash,bench,0.3,,,20260106T061500Z-QE24M
P-16423-C,30,Outside: passivation,supplier,0.0,passivation,IP-16423-30,20260106T061500Z-QE24M
P-16423-C,40,Final inspection and pack,inspection,0.2,,IP-16423-40,20260106T061500Z-QE24M
P-16451-A,10,Turn complete,multi_axis,1.19,,IP-16451-10,20260106T061500Z-QE24M
P-16451-A,20,Deburr and wash,bench,0.3,,,20260106T061500Z-QE24M
P-16451-A,30,Outside: passivation,supplier,0.0,passivation,IP-16451-30,20260106T061500Z-QE24M
P-16451-A,40,Final inspection and pack,inspection,0.2,,IP-16451-40,20260106T061500Z-QE24M
P-16464-B,10,Turn complete,multi_axis,1.42,,IP-16464-10,20260106T061500Z-QE24M
P-16464-B,20,Deburr and wash,bench,0.3,,,20260106T061500Z-QE24M
P-16464-B,30,Outside: passivation,supplier,0.0,passivation,IP-16464-30,20260106T061500Z-QE24M
P-16464-B,40,Final inspection and pack,inspection,0.2,,IP-16464-40,20260106T061500Z-QE24M
P-16473-D,10,Turn complete,multi_axis,3.39,,IP-16473-10,20260106T061500Z-QE24M
P-16473-D,20,Deburr and wash,bench,0.3,,,20260106T061500Z-QE24M
P-16473-D,30,Outside: passivation,supplier,0.0,passivation,IP-16473-30,20260106T061500Z-QE24M
P-16473-D,40,Final inspection and pack,inspection,0.2,,IP-16473-40,20260106T061500Z-QE24M
P-16499-A,10,Turn complete,multi_axis,1.12,,IP-16499-10,20260106T061500Z-QE24M
P-16499-A,20,Deburr and wash,bench,0.3,,,20260106T061500Z-QE24M
P-16499-A,30,Outside: passivation,supplier,0.0,passivation,IP-16499-30,20260106T061500Z-QE24M
P-16499-A,40,Final inspection and pack,inspection,0.2,,IP-16499-40,20260106T061500Z-QE24M
P-16524-A,10,Mill op 1,mill,1.52,,IP-16524-10,20260106T061500Z-QE24M
P-16524-A,20,Mill op 2,mill,0.98,,IP-16524-20,20260106T061500Z-QE24M
P-16524-A,30,Deburr and wash,bench,0.3,,,20260106T061500Z-QE24M
P-16524-A,40,Outside: passivation,supplier,0.0,passivation,IP-16524-40,20260106T061500Z-QE24M
P-16524-A,50,Final inspection and pack,inspection,0.2,,IP-16524-50,20260106T061500Z-QE24M
P-16548-D,10,Mill op 1,mill,1.22,,IP-16548-10,20260106T061500Z-QE24M
P-16548-D,20,Mill op 2,mill,1.54,,IP-16548-20,20260106T061500Z-QE24M
P-16548-D,30,Deburr and wash,bench,0.3,,,20260106T061500Z-QE24M
P-16548-D,40,Outside: passivation,supplier,0.0,passivation,IP-16548-40,20260106T061500Z-QE24M
P-16548-D,50,Final inspection and pack,inspection,0.2,,IP-16548-50,20260106T061500Z-QE24M
P-16567-A,10,Mill op 1,mill,1.04,,IP-16567-10,20260106T061500Z-QE24M
P-16567-A,20,Mill op 2,mill,1.29,,IP-16567-20,20260106T061500Z-QE24M
P-16567-A,30,Deburr and wash,bench,0.3,,,20260106T061500Z-QE24M
P-16567-A,40,Outside: passivation,supplier,0.0,passivation,IP-16567-40,20260106T061500Z-QE24M
P-16567-A,50,Final inspection and pack,inspection,0.2,,IP-16567-50,20260106T061500Z-QE24M
P-16571-D,10,Mill op 1,mill,1.52,,IP-16571-10,20260106T061500Z-QE24M
P-16571-D,20,Mill op 2,mill,1.15,,IP-16571-20,20260106T061500Z-QE24M
P-16571-D,30,Deburr and wash,bench,0.3,,,20260106T061500Z-QE24M
P-16571-D,40,Outside: passivation,supplier,0.0,passivation,IP-16571-40,20260106T061500Z-QE24M
P-16571-D,50,Final inspection and pack,inspection,0.2,,IP-16571-50,20260106T061500Z-QE24M
P-16596-C,10,Mill op 1,mill,0.71,,IP-16596-10,20260106T061500Z-QE24M
P-16596-C,20,Mill op 2,mill,1.32,,IP-16596-20,20260106T061500Z-QE24M
P-16596-C,30,Deburr and wash,bench,0.3,,,20260106T061500Z-QE24M
P-16596-C,40,Outside: passivation,supplier,0.0,passivation,IP-16596-40,20260106T061500Z-QE24M
P-16596-C,50,Final inspection and pack,inspection,0.2,,IP-16596-50,20260106T061500Z-QE24M
P-16605-A,10,Mill op 1,mill,1.36,,IP-16605-10,20260106T061500Z-QE24M
P-16605-A,20,Mill op 2,mill,0.78,,IP-16605-20,20260106T061500Z-QE24M
P-16605-A,30,Deburr and wash,bench,0.3,,,20260106T061500Z-QE24M
P-16605-A,40,Outside: passivation,supplier,0.0,passivation,IP-16605-40,20260106T061500Z-QE24M
P-16605-A,50,Final inspection and pack,inspection,0.2,,IP-16605-50,20260106T061500Z-QE24M
P-16616-D,10,Mill op 1,mill,1.97,,IP-16616-10,20260106T061500Z-QE24M
P-16616-D,20,Mill op 2,mill,1.76,,IP-16616-20,20260106T061500Z-QE24M
P-16616-D,30,Deburr and wash,bench,0.3,,,20260106T061500Z-QE24M
P-16616-D,40,Final inspection and pack,inspection,0.2,,IP-16616-40,20260106T061500Z-QE24M
P-16637-A,10,Mill op 1,mill,1.15,,IP-16637-10,20260106T061500Z-QE24M
P-16637-A,20,Mill op 2,mill,1.16,,IP-16637-20,20260106T061500Z-QE24M
P-16637-A,30,Deburr and wash,bench,0.3,,,20260106T061500Z-QE24M
P-16637-A,40,Outside: passivation,supplier,0.0,passivation,IP-16637-40,20260106T061500Z-QE24M
P-16637-A,50,Final inspection and pack,inspection,0.2,,IP-16637-50,20260106T061500Z-QE24M
P-16645-A,10,Mill op 1,mill,2.52,,IP-16645-10,20260106T061500Z-QE24M
P-16645-A,20,Mill op 2,mill,0.67,,IP-16645-20,20260106T061500Z-QE24M
P-16645-A,30,Deburr and wash,bench,0.3,,,20260106T061500Z-QE24M
P-16645-A,40,Outside: passivation,supplier,0.0,passivation,IP-16645-40,20260106T061500Z-QE24M
P-16645-A,50,Final inspection and pack,inspection,0.2,,IP-16645-50,20260106T061500Z-QE24M
P-16652-A,10,Mill op 1,mill,1.66,,IP-16652-10,20260106T061500Z-QE24M
P-16652-A,20,Mill op 2,mill,1.08,,IP-16652-20,20260106T061500Z-QE24M
P-16652-A,30,Deburr and wash,bench,0.3,,,20260106T061500Z-QE24M
P-16652-A,40,Final inspection and pack,inspection,0.2,,IP-16652-40,20260106T061500Z-QE24M
P-16665-D,10,Mill op 1,mill,1.61,,IP-16665-10,20260106T061500Z-QE24M
P-16665-D,20,Mill op 2,mill,0.74,,IP-16665-20,20260106T061500Z-QE24M
P-16665-D,30,Deburr and wash,bench,0.3,,,20260106T061500Z-QE24M
P-16665-D,40,Outside: passivation,supplier,0.0,passivation,IP-16665-40,20260106T061500Z-QE24M
P-16665-D,50,Final inspection and pack,inspection,0.2,,IP-16665-50,20260106T061500Z-QE24M
P-16688-C,10,Mill op 1,mill,1.21,,IP-16688-10,20260106T061500Z-QE24M
P-16688-C,20,Mill op 2,mill,2.16,,IP-16688-20,20260106T061500Z-QE24M
P-16688-C,30,Deburr and wash,bench,0.3,,,20260106T061500Z-QE24M
P-16688-C,40,Outside: passivation,supplier,0.0,passivation,IP-16688-40,20260106T061500Z-QE24M
P-16688-C,50,Final inspection and pack,inspection,0.2,,IP-16688-50,20260106T061500Z-QE24M
P-16715-A,10,Mill op 1,mill,1.29,,IP-16715-10,20260106T061500Z-QE24M
P-16715-A,20,Mill op 2,mill,0.85,,IP-16715-20,20260106T061500Z-QE24M
P-16715-A,30,Deburr and wash,bench,0.3,,,20260106T061500Z-QE24M
P-16715-A,40,Outside: passivation,supplier,0.0,passivation,IP-16715-40,20260106T061500Z-QE24M
P-16715-A,50,Final inspection and pack,inspection,0.2,,IP-16715-50,20260106T061500Z-QE24M
P-16721-B,10,Mill op 1,mill,2.04,,IP-16721-10,20260106T061500Z-QE24M
P-16721-B,20,Mill op 2,mill,1.31,,IP-16721-20,20260106T061500Z-QE24M
P-16721-B,30,Deburr and wash,bench,0.3,,,20260106T061500Z-QE24M
P-16721-B,40,Outside: passivation,supplier,0.0,passivation,IP-16721-40,20260106T061500Z-QE24M
P-16721-B,50,Final inspection and pack,inspection,0.2,,IP-16721-50,20260106T061500Z-QE24M
P-16727-A,10,Mill op 1,mill,1.13,,IP-16727-10,20260106T061500Z-QE24M
P-16727-A,20,Mill op 2,mill,1.24,,IP-16727-20,20260106T061500Z-QE24M
P-16727-A,30,Deburr and wash,bench,0.3,,,20260106T061500Z-QE24M
P-16727-A,40,Outside: passivation,supplier,0.0,passivation,IP-16727-40,20260106T061500Z-QE24M
P-16727-A,50,Final inspection and pack,inspection,0.2,,IP-16727-50,20260106T061500Z-QE24M
P-16751-A,10,Mill op 1,mill,0.93,,IP-16751-10,20260106T061500Z-QE24M
P-16751-A,20,Mill op 2,mill,0.86,,IP-16751-20,20260106T061500Z-QE24M
P-16751-A,30,Deburr and wash,bench,0.3,,,20260106T061500Z-QE24M
P-16751-A,40,Outside: passivation,supplier,0.0,passivation,IP-16751-40,20260106T061500Z-QE24M
P-16751-A,50,Final inspection and pack,inspection,0.2,,IP-16751-50,20260106T061500Z-QE24M
P-16760-D,10,Mill op 1,mill,0.94,,IP-16760-10,20260106T061500Z-QE24M
P-16760-D,20,Mill op 2,mill,1.58,,IP-16760-20,20260106T061500Z-QE24M
P-16760-D,30,Deburr and wash,bench,0.3,,,20260106T061500Z-QE24M
P-16760-D,40,Outside: plating,supplier,0.0,plating,IP-16760-40,20260106T061500Z-QE24M
P-16760-D,50,Final inspection and pack,inspection,0.2,,IP-16760-50,20260106T061500Z-QE24M
P-16788-A,10,Mill op 1,mill,0.37,,IP-16788-10,20260106T061500Z-QE24M
P-16788-A,20,Mill op 2,mill,1.98,,IP-16788-20,20260106T061500Z-QE24M
P-16788-A,30,Deburr and wash,bench,0.3,,,20260106T061500Z-QE24M
P-16788-A,40,Outside: plating,supplier,0.0,plating,IP-16788-40,20260106T061500Z-QE24M
P-16788-A,50,Final inspection and pack,inspection,0.2,,IP-16788-50,20260106T061500Z-QE24M
P-16813-B,10,Mill op 1,mill,1.54,,IP-16813-10,20260106T061500Z-QE24M
P-16813-B,20,Mill op 2,mill,1.39,,IP-16813-20,20260106T061500Z-QE24M
P-16813-B,30,Deburr and wash,bench,0.3,,,20260106T061500Z-QE24M
P-16813-B,40,Outside: heat treat,supplier,0.0,heat treat,IP-16813-40,20260106T061500Z-QE24M
P-16813-B,50,Outside: plating,supplier,0.0,plating,IP-16813-50,20260106T061500Z-QE24M
P-16813-B,60,Final inspection and pack,inspection,0.2,,IP-16813-60,20260106T061500Z-QE24M
P-16831-C,10,Mill op 1,mill,1.21,,IP-16831-10,20260106T061500Z-QE24M
P-16831-C,20,Mill op 2,mill,1.67,,IP-16831-20,20260106T061500Z-QE24M
P-16831-C,30,Deburr and wash,bench,0.3,,,20260106T061500Z-QE24M
P-16831-C,40,Outside: heat treat,supplier,0.0,heat treat,IP-16831-40,20260106T061500Z-QE24M
P-16831-C,50,Outside: plating,supplier,0.0,plating,IP-16831-50,20260106T061500Z-QE24M
P-16831-C,60,Final inspection and pack,inspection,0.2,,IP-16831-60,20260106T061500Z-QE24M
P-16839-B,10,Mill op 1,mill,0.64,,IP-16839-10,20260106T061500Z-QE24M
P-16839-B,20,Mill op 2,mill,1.7,,IP-16839-20,20260106T061500Z-QE24M
P-16839-B,30,Deburr and wash,bench,0.3,,,20260106T061500Z-QE24M
P-16839-B,40,Outside: heat treat,supplier,0.0,heat treat,IP-16839-40,20260106T061500Z-QE24M
P-16839-B,50,Outside: plating,supplier,0.0,plating,IP-16839-50,20260106T061500Z-QE24M
P-16839-B,60,Final inspection and pack,inspection,0.2,,IP-16839-60,20260106T061500Z-QE24M
P-16860-C,10,Mill op 1,mill,1.97,,IP-16860-10,20260106T061500Z-QE24M
P-16860-C,20,Mill op 2,mill,1.36,,IP-16860-20,20260106T061500Z-QE24M
P-16860-C,30,Deburr and wash,bench,0.3,,,20260106T061500Z-QE24M
P-16860-C,40,Outside: heat treat,supplier,0.0,heat treat,IP-16860-40,20260106T061500Z-QE24M
P-16860-C,50,Outside: plating,supplier,0.0,plating,IP-16860-50,20260106T061500Z-QE24M
P-16860-C,60,Final inspection and pack,inspection,0.2,,IP-16860-60,20260106T061500Z-QE24M
P-16863-B,10,Mill op 1,mill,0.8,,IP-16863-10,20260106T061500Z-QE24M
P-16863-B,20,Mill op 2,mill,1.24,,IP-16863-20,20260106T061500Z-QE24M
P-16863-B,30,Deburr and wash,bench,0.3,,,20260106T061500Z-QE24M
P-16863-B,40,Outside: heat treat,supplier,0.0,heat treat,IP-16863-40,20260106T061500Z-QE24M
P-16863-B,50,Outside: plating,supplier,0.0,plating,IP-16863-50,20260106T061500Z-QE24M
P-16863-B,60,Final inspection and pack,inspection,0.2,,IP-16863-60,20260106T061500Z-QE24M
P-16870-A,10,Mill op 1,mill,1.18,,IP-16870-10,20260106T061500Z-QE24M
P-16870-A,20,Mill op 2,mill,2.53,,IP-16870-20,20260106T061500Z-QE24M
P-16870-A,30,Deburr and wash,bench,0.3,,,20260106T061500Z-QE24M
P-16870-A,40,Outside: plating,supplier,0.0,plating,IP-16870-40,20260106T061500Z-QE24M
P-16870-A,50,Final inspection and pack,inspection,0.2,,IP-16870-50,20260106T061500Z-QE24M
P-16887-A,10,Mill op 1,mill,1.4,,IP-16887-10,20260106T061500Z-QE24M
P-16887-A,20,Mill op 2,mill,1.3,,IP-16887-20,20260106T061500Z-QE24M
P-16887-A,30,Deburr and wash,bench,0.3,,,20260106T061500Z-QE24M
P-16887-A,40,Outside: heat treat,supplier,0.0,heat treat,IP-16887-40,20260106T061500Z-QE24M
P-16887-A,50,Outside: plating,supplier,0.0,plating,IP-16887-50,20260106T061500Z-QE24M
P-16887-A,60,Final inspection and pack,inspection,0.2,,IP-16887-60,20260106T061500Z-QE24M
P-16900-D,10,Mill op 1,mill,1.84,,IP-16900-10,20260106T061500Z-QE24M
P-16900-D,20,Mill op 2,mill,1.77,,IP-16900-20,20260106T061500Z-QE24M
P-16900-D,30,Deburr and wash,bench,0.3,,,20260106T061500Z-QE24M
P-16900-D,40,Outside: heat treat,supplier,0.0,heat treat,IP-16900-40,20260106T061500Z-QE24M
P-16900-D,50,Outside: plating,supplier,0.0,plating,IP-16900-50,20260106T061500Z-QE24M
P-16900-D,60,Final inspection and pack,inspection,0.2,,IP-16900-60,20260106T061500Z-QE24M
P-16903-B,10,Mill op 1,mill,2.09,,IP-16903-10,20260106T061500Z-QE24M
P-16903-B,20,Mill op 2,mill,1.59,,IP-16903-20,20260106T061500Z-QE24M
P-16903-B,30,Deburr and wash,bench,0.3,,,20260106T061500Z-QE24M
P-16903-B,40,Outside: heat treat,supplier,0.0,heat treat,IP-16903-40,20260106T061500Z-QE24M
P-16903-B,50,Outside: plating,supplier,0.0,plating,IP-16903-50,20260106T061500Z-QE24M
P-16903-B,60,Final inspection and pack,inspection,0.2,,IP-16903-60,20260106T061500Z-QE24M
P-16912-A,10,Mill op 1,mill,1.16,,IP-16912-10,20260106T061500Z-QE24M
P-16912-A,20,Mill op 2,mill,1.54,,IP-16912-20,20260106T061500Z-QE24M
P-16912-A,30,Deburr and wash,bench,0.3,,,20260106T061500Z-QE24M
P-16912-A,40,Outside: heat treat,supplier,0.0,heat treat,IP-16912-40,20260106T061500Z-QE24M
P-16912-A,50,Outside: plating,supplier,0.0,plating,IP-16912-50,20260106T061500Z-QE24M
P-16912-A,60,Final inspection and pack,inspection,0.2,,IP-16912-60,20260106T061500Z-QE24M
P-16933-A,10,Mill op 1,mill,2.3,,IP-16933-10,20260106T061500Z-QE24M
P-16933-A,20,Mill op 2,mill,1.22,,IP-16933-20,20260106T061500Z-QE24M
P-16933-A,30,Deburr and wash,bench,0.3,,,20260106T061500Z-QE24M
P-16933-A,40,Outside: heat treat,supplier,0.0,heat treat,IP-16933-40,20260106T061500Z-QE24M
P-16933-A,50,Outside: plating,supplier,0.0,plating,IP-16933-50,20260106T061500Z-QE24M
P-16933-A,60,Final inspection and pack,inspection,0.2,,IP-16933-60,20260106T061500Z-QE24M
P-16953-D,10,Mill op 1,mill,1.08,,IP-16953-10,20260106T061500Z-QE24M
P-16953-D,20,Mill op 2,mill,1.15,,IP-16953-20,20260106T061500Z-QE24M
P-16953-D,30,Deburr and wash,bench,0.3,,,20260106T061500Z-QE24M
P-16953-D,40,Outside: plating,supplier,0.0,plating,IP-16953-40,20260106T061500Z-QE24M
P-16953-D,50,Final inspection and pack,inspection,0.2,,IP-16953-50,20260106T061500Z-QE24M
P-16971-B,10,Mill op 1,mill,1.59,,IP-16971-10,20260106T061500Z-QE24M
P-16971-B,20,Mill op 2,mill,2.42,,IP-16971-20,20260106T061500Z-QE24M
P-16971-B,30,Deburr and wash,bench,0.3,,,20260106T061500Z-QE24M
P-16971-B,40,Outside: heat treat,supplier,0.0,heat treat,IP-16971-40,20260106T061500Z-QE24M
P-16971-B,50,Outside: plating,supplier,0.0,plating,IP-16971-50,20260106T061500Z-QE24M
P-16971-B,60,Final inspection and pack,inspection,0.2,,IP-16971-60,20260106T061500Z-QE24M
P-16995-D,10,Mill op 1,mill,1.03,,IP-16995-10,20260106T061500Z-QE24M
P-16995-D,20,Mill op 2,mill,1.08,,IP-16995-20,20260106T061500Z-QE24M
P-16995-D,30,Deburr and wash,bench,0.3,,,20260106T061500Z-QE24M
P-16995-D,40,Outside: heat treat,supplier,0.0,heat treat,IP-16995-40,20260106T061500Z-QE24M
P-16995-D,50,Outside: plating,supplier,0.0,plating,IP-16995-50,20260106T061500Z-QE24M
P-16995-D,60,Final inspection and pack,inspection,0.2,,IP-16995-60,20260106T061500Z-QE24M
P-17004-D,10,Swiss turn,swiss,1.47,,IP-17004-10,20260106T061500Z-QE24M
P-17004-D,20,Deburr and wash,bench,0.3,,,20260106T061500Z-QE24M
P-17004-D,30,Outside: passivation,supplier,0.0,passivation,IP-17004-30,20260106T061500Z-QE24M
P-17004-D,40,Final inspection and pack,inspection,0.2,,IP-17004-40,20260106T061500Z-QE24M
P-17014-A,10,Swiss turn,swiss,1.85,,IP-17014-10,20260106T061500Z-QE24M
P-17014-A,20,Deburr and wash,bench,0.3,,,20260106T061500Z-QE24M
P-17014-A,30,Outside: passivation,supplier,0.0,passivation,IP-17014-30,20260106T061500Z-QE24M
P-17014-A,40,Final inspection and pack,inspection,0.2,,IP-17014-40,20260106T061500Z-QE24M
P-17038-D,10,Swiss turn,swiss,1.62,,IP-17038-10,20260106T061500Z-QE24M
P-17038-D,20,Deburr and wash,bench,0.3,,,20260106T061500Z-QE24M
P-17038-D,30,Outside: passivation,supplier,0.0,passivation,IP-17038-30,20260106T061500Z-QE24M
P-17038-D,40,Final inspection and pack,inspection,0.2,,IP-17038-40,20260106T061500Z-QE24M
P-17046-A,10,Mill op 1,mill,1.07,,IP-17046-10,20260106T061500Z-QE24M
P-17046-A,20,Mill op 2,mill,1.38,,IP-17046-20,20260106T061500Z-QE24M
P-17046-A,30,Deburr and wash,bench,0.3,,,20260106T061500Z-QE24M
P-17046-A,40,Outside: anodizing,supplier,0.0,anodizing,IP-17046-40,20260106T061500Z-QE24M
P-17046-A,50,Final inspection and pack,inspection,0.2,,IP-17046-50,20260106T061500Z-QE24M
P-17053-A,10,Mill op 1,mill,1.5,,IP-17053-10,20260106T061500Z-QE24M
P-17053-A,20,Mill op 2,mill,1.36,,IP-17053-20,20260106T061500Z-QE24M
P-17053-A,30,Deburr and wash,bench,0.3,,,20260106T061500Z-QE24M
P-17053-A,40,Outside: anodizing,supplier,0.0,anodizing,IP-17053-40,20260106T061500Z-QE24M
P-17053-A,50,Final inspection and pack,inspection,0.2,,IP-17053-50,20260106T061500Z-QE24M
P-17077-A,10,Mill op 1,mill,1.6,,IP-17077-10,20260106T061500Z-QE24M
P-17077-A,20,Mill op 2,mill,0.93,,IP-17077-20,20260106T061500Z-QE24M
P-17077-A,30,Deburr and wash,bench,0.3,,,20260106T061500Z-QE24M
P-17077-A,40,Outside: anodizing,supplier,0.0,anodizing,IP-17077-40,20260106T061500Z-QE24M
P-17077-A,50,Final inspection and pack,inspection,0.2,,IP-17077-50,20260106T061500Z-QE24M
P-17087-A,10,Mill op 1,mill,0.94,,IP-17087-10,20260106T061500Z-QE24M
P-17087-A,20,Mill op 2,mill,1.65,,IP-17087-20,20260106T061500Z-QE24M
P-17087-A,30,Deburr and wash,bench,0.3,,,20260106T061500Z-QE24M
P-17087-A,40,Outside: anodizing,supplier,0.0,anodizing,IP-17087-40,20260106T061500Z-QE24M
P-17087-A,50,Final inspection and pack,inspection,0.2,,IP-17087-50,20260106T061500Z-QE24M
P-17096-D,10,Mill op 1,mill,0.89,,IP-17096-10,20260106T061500Z-QE24M
P-17096-D,20,Mill op 2,mill,1.44,,IP-17096-20,20260106T061500Z-QE24M
P-17096-D,30,Deburr and wash,bench,0.3,,,20260106T061500Z-QE24M
P-17096-D,40,Outside: anodizing,supplier,0.0,anodizing,IP-17096-40,20260106T061500Z-QE24M
P-17096-D,50,Final inspection and pack,inspection,0.2,,IP-17096-50,20260106T061500Z-QE24M
P-17100-A,10,Mill op 1,mill,0.67,,IP-17100-10,20260106T061500Z-QE24M
P-17100-A,20,Mill op 2,mill,1.14,,IP-17100-20,20260106T061500Z-QE24M
P-17100-A,30,Deburr and wash,bench,0.3,,,20260106T061500Z-QE24M
P-17100-A,40,Outside: anodizing,supplier,0.0,anodizing,IP-17100-40,20260106T061500Z-QE24M
P-17100-A,50,Final inspection and pack,inspection,0.2,,IP-17100-50,20260106T061500Z-QE24M
P-17116-A,10,Mill op 1,mill,0.98,,IP-17116-10,20260106T061500Z-QE24M
P-17116-A,20,Mill op 2,mill,1.42,,IP-17116-20,20260106T061500Z-QE24M
P-17116-A,30,Deburr and wash,bench,0.3,,,20260106T061500Z-QE24M
P-17116-A,40,Outside: anodizing,supplier,0.0,anodizing,IP-17116-40,20260106T061500Z-QE24M
P-17116-A,50,Final inspection and pack,inspection,0.2,,IP-17116-50,20260106T061500Z-QE24M
P-17127-A,10,Mill op 1,mill,1.16,,IP-17127-10,20260106T061500Z-QE24M
P-17127-A,20,Mill op 2,mill,0.94,,IP-17127-20,20260106T061500Z-QE24M
P-17127-A,30,Deburr and wash,bench,0.3,,,20260106T061500Z-QE24M
P-17127-A,40,Outside: anodizing,supplier,0.0,anodizing,IP-17127-40,20260106T061500Z-QE24M
P-17127-A,50,Final inspection and pack,inspection,0.2,,IP-17127-50,20260106T061500Z-QE24M
P-17131-A,10,Mill op 1,mill,1.09,,IP-17131-10,20260106T061500Z-QE24M
P-17131-A,20,Mill op 2,mill,0.92,,IP-17131-20,20260106T061500Z-QE24M
P-17131-A,30,Deburr and wash,bench,0.3,,,20260106T061500Z-QE24M
P-17131-A,40,Outside: anodizing,supplier,0.0,anodizing,IP-17131-40,20260106T061500Z-QE24M
P-17131-A,50,Final inspection and pack,inspection,0.2,,IP-17131-50,20260106T061500Z-QE24M
P-17147-C,10,Mill op 1,mill,1.48,,IP-17147-10,20260106T061500Z-QE24M
P-17147-C,20,Mill op 2,mill,2.82,,IP-17147-20,20260106T061500Z-QE24M
P-17147-C,30,Deburr and wash,bench,0.3,,,20260106T061500Z-QE24M
P-17147-C,40,Outside: anodizing,supplier,0.0,anodizing,IP-17147-40,20260106T061500Z-QE24M
P-17147-C,50,Final inspection and pack,inspection,0.2,,IP-17147-50,20260106T061500Z-QE24M
P-17153-C,10,Mill op 1,mill,2.37,,IP-17153-10,20260106T061500Z-QE24M
P-17153-C,20,Mill op 2,mill,1.13,,IP-17153-20,20260106T061500Z-QE24M
P-17153-C,30,Deburr and wash,bench,0.3,,,20260106T061500Z-QE24M
P-17153-C,40,Outside: anodizing,supplier,0.0,anodizing,IP-17153-40,20260106T061500Z-QE24M
P-17153-C,50,Final inspection and pack,inspection,0.2,,IP-17153-50,20260106T061500Z-QE24M
P-17158-A,10,Mill op 1,mill,1.76,,IP-17158-10,20260106T061500Z-QE24M
P-17158-A,20,Mill op 2,mill,1.37,,IP-17158-20,20260106T061500Z-QE24M
P-17158-A,30,Deburr and wash,bench,0.3,,,20260106T061500Z-QE24M
P-17158-A,40,Outside: anodizing,supplier,0.0,anodizing,IP-17158-40,20260106T061500Z-QE24M
P-17158-A,50,Final inspection and pack,inspection,0.2,,IP-17158-50,20260106T061500Z-QE24M
P-17178-A,10,Mill op 1,mill,1.85,,IP-17178-10,20260106T061500Z-QE24M
P-17178-A,20,Mill op 2,mill,1.0,,IP-17178-20,20260106T061500Z-QE24M
P-17178-A,30,Deburr and wash,bench,0.3,,,20260106T061500Z-QE24M
P-17178-A,40,Outside: anodizing,supplier,0.0,anodizing,IP-17178-40,20260106T061500Z-QE24M
P-17178-A,50,Final inspection and pack,inspection,0.2,,IP-17178-50,20260106T061500Z-QE24M
P-17202-A,10,Mill op 1,mill,1.66,,IP-17202-10,20260106T061500Z-QE24M
P-17202-A,20,Mill op 2,mill,2.16,,IP-17202-20,20260106T061500Z-QE24M
P-17202-A,30,Deburr and wash,bench,0.3,,,20260106T061500Z-QE24M
P-17202-A,40,Outside: anodizing,supplier,0.0,anodizing,IP-17202-40,20260106T061500Z-QE24M
P-17202-A,50,Final inspection and pack,inspection,0.2,,IP-17202-50,20260106T061500Z-QE24M
P-17220-A,10,Mill op 1,mill,0.91,,IP-17220-10,20260106T061500Z-QE24M
P-17220-A,20,Mill op 2,mill,1.07,,IP-17220-20,20260106T061500Z-QE24M
P-17220-A,30,Deburr and wash,bench,0.3,,,20260106T061500Z-QE24M
P-17220-A,40,Outside: anodizing,supplier,0.0,anodizing,IP-17220-40,20260106T061500Z-QE24M
P-17220-A,50,Final inspection and pack,inspection,0.2,,IP-17220-50,20260106T061500Z-QE24M
P-17225-C,10,Mill op 1,mill,1.27,,IP-17225-10,20260106T061500Z-QE24M
P-17225-C,20,Mill op 2,mill,2.13,,IP-17225-20,20260106T061500Z-QE24M
P-17225-C,30,Deburr and wash,bench,0.3,,,20260106T061500Z-QE24M
P-17225-C,40,Outside: anodizing,supplier,0.0,anodizing,IP-17225-40,20260106T061500Z-QE24M
P-17225-C,50,Final inspection and pack,inspection,0.2,,IP-17225-50,20260106T061500Z-QE24M
P-17247-D,10,Swiss turn,swiss,1.05,,IP-17247-10,20260106T061500Z-QE24M
P-17247-D,20,Deburr and wash,bench,0.3,,,20260106T061500Z-QE24M
P-17247-D,30,Outside: anodizing,supplier,0.0,anodizing,IP-17247-30,20260106T061500Z-QE24M
P-17247-D,40,Final inspection and pack,inspection,0.2,,IP-17247-40,20260106T061500Z-QE24M
P-17255-D,10,Swiss turn,swiss,1.18,,IP-17255-10,20260106T061500Z-QE24M
P-17255-D,20,Deburr and wash,bench,0.3,,,20260106T061500Z-QE24M
P-17255-D,30,Outside: anodizing,supplier,0.0,anodizing,IP-17255-30,20260106T061500Z-QE24M
P-17255-D,40,Final inspection and pack,inspection,0.2,,IP-17255-40,20260106T061500Z-QE24M
P-17282-B,10,Swiss turn,swiss,1.6,,IP-17282-10,20260106T061500Z-QE24M
P-17282-B,20,Deburr and wash,bench,0.3,,,20260106T061500Z-QE24M
P-17282-B,30,Outside: anodizing,supplier,0.0,anodizing,IP-17282-30,20260106T061500Z-QE24M
P-17282-B,40,Final inspection and pack,inspection,0.2,,IP-17282-40,20260106T061500Z-QE24M
P-17287-A,10,Swiss turn,swiss,0.72,,IP-17287-10,20260106T061500Z-QE24M
P-17287-A,20,Deburr and wash,bench,0.3,,,20260106T061500Z-QE24M
P-17287-A,30,Outside: anodizing,supplier,0.0,anodizing,IP-17287-30,20260106T061500Z-QE24M
P-17287-A,40,Final inspection and pack,inspection,0.2,,IP-17287-40,20260106T061500Z-QE24M
P-17312-B,10,Swiss turn,swiss,1.4,,IP-17312-10,20260106T061500Z-QE24M
P-17312-B,20,Deburr and wash,bench,0.3,,,20260106T061500Z-QE24M
P-17312-B,30,Outside: anodizing,supplier,0.0,anodizing,IP-17312-30,20260106T061500Z-QE24M
P-17312-B,40,Final inspection and pack,inspection,0.2,,IP-17312-40,20260106T061500Z-QE24M
P-17319-A,10,Swiss turn,swiss,2.15,,IP-17319-10,20260106T061500Z-QE24M
P-17319-A,20,Deburr and wash,bench,0.3,,,20260106T061500Z-QE24M
P-17319-A,30,Outside: anodizing,supplier,0.0,anodizing,IP-17319-30,20260106T061500Z-QE24M
P-17319-A,40,Final inspection and pack,inspection,0.2,,IP-17319-40,20260106T061500Z-QE24M
P-17326-D,10,Swiss turn,swiss,1.47,,IP-17326-10,20260106T061500Z-QE24M
P-17326-D,20,Deburr and wash,bench,0.3,,,20260106T061500Z-QE24M
P-17326-D,30,Outside: anodizing,supplier,0.0,anodizing,IP-17326-30,20260106T061500Z-QE24M
P-17326-D,40,Final inspection and pack,inspection,0.2,,IP-17326-40,20260106T061500Z-QE24M
P-17329-D,10,Swiss turn,swiss,1.09,,IP-17329-10,20260106T061500Z-QE24M
P-17329-D,20,Deburr and wash,bench,0.3,,,20260106T061500Z-QE24M
P-17329-D,30,Outside: anodizing,supplier,0.0,anodizing,IP-17329-30,20260106T061500Z-QE24M
P-17329-D,40,Final inspection and pack,inspection,0.2,,IP-17329-40,20260106T061500Z-QE24M
P-17335-D,10,Swiss turn,swiss,1.53,,IP-17335-10,20260106T061500Z-QE24M
P-17335-D,20,Deburr and wash,bench,0.3,,,20260106T061500Z-QE24M
P-17335-D,30,Outside: anodizing,supplier,0.0,anodizing,IP-17335-30,20260106T061500Z-QE24M
P-17335-D,40,Final inspection and pack,inspection,0.2,,IP-17335-40,20260106T061500Z-QE24M
P-17351-A,10,Swiss turn,swiss,1.27,,IP-17351-10,20260106T061500Z-QE24M
P-17351-A,20,Deburr and wash,bench,0.3,,,20260106T061500Z-QE24M
P-17351-A,30,Outside: anodizing,supplier,0.0,anodizing,IP-17351-30,20260106T061500Z-QE24M
P-17351-A,40,Final inspection and pack,inspection,0.2,,IP-17351-40,20260106T061500Z-QE24M
P-17369-A,10,Swiss turn,swiss,3.52,,IP-17369-10,20260106T061500Z-QE24M
P-17369-A,20,Deburr and wash,bench,0.3,,,20260106T061500Z-QE24M
P-17369-A,30,Outside: anodizing,supplier,0.0,anodizing,IP-17369-30,20260106T061500Z-QE24M
P-17369-A,40,Final inspection and pack,inspection,0.2,,IP-17369-40,20260106T061500Z-QE24M
P-17389-B,10,Swiss turn,swiss,1.61,,IP-17389-10,20260106T061500Z-QE24M
P-17389-B,20,Deburr and wash,bench,0.3,,,20260106T061500Z-QE24M
P-17389-B,30,Outside: anodizing,supplier,0.0,anodizing,IP-17389-30,20260106T061500Z-QE24M
P-17389-B,40,Final inspection and pack,inspection,0.2,,IP-17389-40,20260106T061500Z-QE24M
P-17416-A,10,Swiss turn,swiss,2.21,,IP-17416-10,20260106T061500Z-QE24M
P-17416-A,20,Deburr and wash,bench,0.3,,,20260106T061500Z-QE24M
P-17416-A,30,Outside: anodizing,supplier,0.0,anodizing,IP-17416-30,20260106T061500Z-QE24M
P-17416-A,40,Final inspection and pack,inspection,0.2,,IP-17416-40,20260106T061500Z-QE24M
P-17441-A,10,Swiss turn,swiss,1.4,,IP-17441-10,20260106T061500Z-QE24M
P-17441-A,20,Deburr and wash,bench,0.3,,,20260106T061500Z-QE24M
P-17441-A,30,Outside: anodizing,supplier,0.0,anodizing,IP-17441-30,20260106T061500Z-QE24M
P-17441-A,40,Final inspection and pack,inspection,0.2,,IP-17441-40,20260106T061500Z-QE24M
P-17447-A,10,Swiss turn,swiss,2.13,,IP-17447-10,20260106T061500Z-QE24M
P-17447-A,20,Deburr and wash,bench,0.3,,,20260106T061500Z-QE24M
P-17447-A,30,Outside: anodizing,supplier,0.0,anodizing,IP-17447-30,20260106T061500Z-QE24M
P-17447-A,40,Final inspection and pack,inspection,0.2,,IP-17447-40,20260106T061500Z-QE24M
P-17469-D,10,Swiss turn,swiss,1.3,,IP-17469-10,20260106T061500Z-QE24M
P-17469-D,20,Deburr and wash,bench,0.3,,,20260106T061500Z-QE24M
P-17469-D,30,Outside: anodizing,supplier,0.0,anodizing,IP-17469-30,20260106T061500Z-QE24M
P-17469-D,40,Final inspection and pack,inspection,0.2,,IP-17469-40,20260106T061500Z-QE24M
P-17474-C,10,Swiss turn,swiss,1.1,,IP-17474-10,20260106T061500Z-QE24M
P-17474-C,20,Deburr and wash,bench,0.3,,,20260106T061500Z-QE24M
P-17474-C,30,Outside: passivation,supplier,0.0,passivation,IP-17474-30,20260106T061500Z-QE24M
P-17474-C,40,Final inspection and pack,inspection,0.2,,IP-17474-40,20260106T061500Z-QE24M
P-17484-A,10,Swiss turn,swiss,2.17,,IP-17484-10,20260106T061500Z-QE24M
P-17484-A,20,Deburr and wash,bench,0.3,,,20260106T061500Z-QE24M
P-17484-A,30,Outside: passivation,supplier,0.0,passivation,IP-17484-30,20260106T061500Z-QE24M
P-17484-A,40,Final inspection and pack,inspection,0.2,,IP-17484-40,20260106T061500Z-QE24M
P-17500-A,10,Swiss turn,swiss,1.51,,IP-17500-10,20260106T061500Z-QE24M
P-17500-A,20,Deburr and wash,bench,0.3,,,20260106T061500Z-QE24M
P-17500-A,30,Outside: passivation,supplier,0.0,passivation,IP-17500-30,20260106T061500Z-QE24M
P-17500-A,40,Final inspection and pack,inspection,0.2,,IP-17500-40,20260106T061500Z-QE24M
P-17509-D,10,Swiss turn,swiss,1.37,,IP-17509-10,20260106T061500Z-QE24M
P-17509-D,20,Deburr and wash,bench,0.3,,,20260106T061500Z-QE24M
P-17509-D,30,Outside: passivation,supplier,0.0,passivation,IP-17509-30,20260106T061500Z-QE24M
P-17509-D,40,Final inspection and pack,inspection,0.2,,IP-17509-40,20260106T061500Z-QE24M
P-17532-A,10,Swiss turn,swiss,2.63,,IP-17532-10,20260106T061500Z-QE24M
P-17532-A,20,Deburr and wash,bench,0.3,,,20260106T061500Z-QE24M
P-17532-A,30,Outside: passivation,supplier,0.0,passivation,IP-17532-30,20260106T061500Z-QE24M
P-17532-A,40,Final inspection and pack,inspection,0.2,,IP-17532-40,20260106T061500Z-QE24M
P-17559-B,10,Swiss turn,swiss,1.43,,IP-17559-10,20260106T061500Z-QE24M
P-17559-B,20,Deburr and wash,bench,0.3,,,20260106T061500Z-QE24M
P-17559-B,30,Outside: passivation,supplier,0.0,passivation,IP-17559-30,20260106T061500Z-QE24M
P-17559-B,40,Final inspection and pack,inspection,0.2,,IP-17559-40,20260106T061500Z-QE24M
P-17582-A,10,Swiss turn,swiss,0.91,,IP-17582-10,20260106T061500Z-QE24M
P-17582-A,20,Deburr and wash,bench,0.3,,,20260106T061500Z-QE24M
P-17582-A,30,Outside: passivation,supplier,0.0,passivation,IP-17582-30,20260106T061500Z-QE24M
P-17582-A,40,Final inspection and pack,inspection,0.2,,IP-17582-40,20260106T061500Z-QE24M
P-17609-A,10,Swiss turn,swiss,1.91,,IP-17609-10,20260106T061500Z-QE24M
P-17609-A,20,Deburr and wash,bench,0.3,,,20260106T061500Z-QE24M
P-17609-A,30,Outside: passivation,supplier,0.0,passivation,IP-17609-30,20260106T061500Z-QE24M
P-17609-A,40,Final inspection and pack,inspection,0.2,,IP-17609-40,20260106T061500Z-QE24M
P-17627-A,10,Swiss turn,swiss,1.7,,IP-17627-10,20260106T061500Z-QE24M
P-17627-A,20,Deburr and wash,bench,0.3,,,20260106T061500Z-QE24M
P-17627-A,30,Outside: passivation,supplier,0.0,passivation,IP-17627-30,20260106T061500Z-QE24M
P-17627-A,40,Final inspection and pack,inspection,0.2,,IP-17627-40,20260106T061500Z-QE24M
P-17644-A,10,Swiss turn,swiss,1.0,,IP-17644-10,20260106T061500Z-QE24M
P-17644-A,20,Deburr and wash,bench,0.3,,,20260106T061500Z-QE24M
P-17644-A,30,Outside: passivation,supplier,0.0,passivation,IP-17644-30,20260106T061500Z-QE24M
P-17644-A,40,Final inspection and pack,inspection,0.2,,IP-17644-40,20260106T061500Z-QE24M
P-17672-D,10,Swiss turn,swiss,1.27,,IP-17672-10,20260106T061500Z-QE24M
P-17672-D,20,Deburr and wash,bench,0.3,,,20260106T061500Z-QE24M
P-17672-D,30,Outside: passivation,supplier,0.0,passivation,IP-17672-30,20260106T061500Z-QE24M
P-17672-D,40,Final inspection and pack,inspection,0.2,,IP-17672-40,20260106T061500Z-QE24M
P-17684-D,10,Swiss turn,swiss,1.54,,IP-17684-10,20260106T061500Z-QE24M
P-17684-D,20,Deburr and wash,bench,0.3,,,20260106T061500Z-QE24M
P-17684-D,30,Outside: passivation,supplier,0.0,passivation,IP-17684-30,20260106T061500Z-QE24M
P-17684-D,40,Final inspection and pack,inspection,0.2,,IP-17684-40,20260106T061500Z-QE24M
P-17707-D,10,Swiss turn,swiss,1.4,,IP-17707-10,20260106T061500Z-QE24M
P-17707-D,20,Deburr and wash,bench,0.3,,,20260106T061500Z-QE24M
P-17707-D,30,Outside: passivation,supplier,0.0,passivation,IP-17707-30,20260106T061500Z-QE24M
P-17707-D,40,Final inspection and pack,inspection,0.2,,IP-17707-40,20260106T061500Z-QE24M
P-17732-C,10,Swiss turn,swiss,2.25,,IP-17732-10,20260106T061500Z-QE24M
P-17732-C,20,Deburr and wash,bench,0.3,,,20260106T061500Z-QE24M
P-17732-C,30,Outside: passivation,supplier,0.0,passivation,IP-17732-30,20260106T061500Z-QE24M
P-17732-C,40,Final inspection and pack,inspection,0.2,,IP-17732-40,20260106T061500Z-QE24M
P-17741-A,10,Swiss turn,swiss,2.41,,IP-17741-10,20260106T061500Z-QE24M
P-17741-A,20,Deburr and wash,bench,0.3,,,20260106T061500Z-QE24M
P-17741-A,30,Outside: passivation,supplier,0.0,passivation,IP-17741-30,20260106T061500Z-QE24M
P-17741-A,40,Final inspection and pack,inspection,0.2,,IP-17741-40,20260106T061500Z-QE24M
P-17751-B,10,Swiss turn,swiss,1.38,,IP-17751-10,20260106T061500Z-QE24M
P-17751-B,20,Deburr and wash,bench,0.3,,,20260106T061500Z-QE24M
P-17751-B,30,Final inspection and pack,inspection,0.2,,IP-17751-30,20260106T061500Z-QE24M
P-17764-A,10,Swiss turn,swiss,0.88,,IP-17764-10,20260106T061500Z-QE24M
P-17764-A,20,Deburr and wash,bench,0.3,,,20260106T061500Z-QE24M
P-17764-A,30,Outside: heat treat,supplier,0.0,heat treat,IP-17764-30,20260106T061500Z-QE24M
P-17764-A,40,Outside: passivation,supplier,0.0,passivation,IP-17764-40,20260106T061500Z-QE24M
P-17764-A,50,Final inspection and pack,inspection,0.2,,IP-17764-50,20260106T061500Z-QE24M
P-17784-A,10,Swiss turn,swiss,1.15,,IP-17784-10,20260106T061500Z-QE24M
P-17784-A,20,Deburr and wash,bench,0.3,,,20260106T061500Z-QE24M
P-17784-A,30,Final inspection and pack,inspection,0.2,,IP-17784-30,20260106T061500Z-QE24M
P-17789-B,10,Swiss turn,swiss,2.02,,IP-17789-10,20260106T061500Z-QE24M
P-17789-B,20,Deburr and wash,bench,0.3,,,20260106T061500Z-QE24M
P-17789-B,30,Outside: heat treat,supplier,0.0,heat treat,IP-17789-30,20260106T061500Z-QE24M
P-17789-B,40,Outside: passivation,supplier,0.0,passivation,IP-17789-40,20260106T061500Z-QE24M
P-17789-B,50,Final inspection and pack,inspection,0.2,,IP-17789-50,20260106T061500Z-QE24M
P-17795-A,10,Swiss turn,swiss,1.53,,IP-17795-10,20260106T061500Z-QE24M
P-17795-A,20,Deburr and wash,bench,0.3,,,20260106T061500Z-QE24M
P-17795-A,30,Outside: passivation,supplier,0.0,passivation,IP-17795-30,20260106T061500Z-QE24M
P-17795-A,40,Final inspection and pack,inspection,0.2,,IP-17795-40,20260106T061500Z-QE24M
P-17814-A,10,Swiss turn,swiss,1.69,,IP-17814-10,20260106T061500Z-QE24M
P-17814-A,20,Deburr and wash,bench,0.3,,,20260106T061500Z-QE24M
P-17814-A,30,Outside: heat treat,supplier,0.0,heat treat,IP-17814-30,20260106T061500Z-QE24M
P-17814-A,40,Outside: passivation,supplier,0.0,passivation,IP-17814-40,20260106T061500Z-QE24M
P-17814-A,50,Final inspection and pack,inspection,0.2,,IP-17814-50,20260106T061500Z-QE24M
P-17841-B,10,Swiss turn,swiss,1.81,,IP-17841-10,20260106T061500Z-QE24M
P-17841-B,20,Deburr and wash,bench,0.3,,,20260106T061500Z-QE24M
P-17841-B,30,Outside: heat treat,supplier,0.0,heat treat,IP-17841-30,20260106T061500Z-QE24M
P-17841-B,40,Outside: passivation,supplier,0.0,passivation,IP-17841-40,20260106T061500Z-QE24M
P-17841-B,50,Final inspection and pack,inspection,0.2,,IP-17841-50,20260106T061500Z-QE24M
P-17849-A,10,Swiss turn,swiss,1.26,,IP-17849-10,20260106T061500Z-QE24M
P-17849-A,20,Deburr and wash,bench,0.3,,,20260106T061500Z-QE24M
P-17849-A,30,Outside: heat treat,supplier,0.0,heat treat,IP-17849-30,20260106T061500Z-QE24M
P-17849-A,40,Outside: passivation,supplier,0.0,passivation,IP-17849-40,20260106T061500Z-QE24M
P-17849-A,50,Final inspection and pack,inspection,0.2,,IP-17849-50,20260106T061500Z-QE24M
P-17854-A,10,Swiss turn,swiss,1.86,,IP-17854-10,20260106T061500Z-QE24M
P-17854-A,20,Deburr and wash,bench,0.3,,,20260106T061500Z-QE24M
P-17854-A,30,Outside: heat treat,supplier,0.0,heat treat,IP-17854-30,20260106T061500Z-QE24M
P-17854-A,40,Outside: passivation,supplier,0.0,passivation,IP-17854-40,20260106T061500Z-QE24M
P-17854-A,50,Final inspection and pack,inspection,0.2,,IP-17854-50,20260106T061500Z-QE24M
P-17881-C,10,Swiss turn,swiss,1.72,,IP-17881-10,20260106T061500Z-QE24M
P-17881-C,20,Deburr and wash,bench,0.3,,,20260106T061500Z-QE24M
P-17881-C,30,Outside: heat treat,supplier,0.0,heat treat,IP-17881-30,20260106T061500Z-QE24M
P-17881-C,40,Outside: passivation,supplier,0.0,passivation,IP-17881-40,20260106T061500Z-QE24M
P-17881-C,50,Final inspection and pack,inspection,0.2,,IP-17881-50,20260106T061500Z-QE24M
P-17901-A,10,Swiss turn,swiss,1.59,,IP-17901-10,20260106T061500Z-QE24M
P-17901-A,20,Deburr and wash,bench,0.3,,,20260106T061500Z-QE24M
P-17901-A,30,Outside: heat treat,supplier,0.0,heat treat,IP-17901-30,20260106T061500Z-QE24M
P-17901-A,40,Outside: passivation,supplier,0.0,passivation,IP-17901-40,20260106T061500Z-QE24M
P-17901-A,50,Final inspection and pack,inspection,0.2,,IP-17901-50,20260106T061500Z-QE24M
P-17915-C,10,Swiss turn,swiss,3.0,,IP-17915-10,20260106T061500Z-QE24M
P-17915-C,20,Deburr and wash,bench,0.3,,,20260106T061500Z-QE24M
P-17915-C,30,Outside: heat treat,supplier,0.0,heat treat,IP-17915-30,20260106T061500Z-QE24M
P-17915-C,40,Outside: passivation,supplier,0.0,passivation,IP-17915-40,20260106T061500Z-QE24M
P-17915-C,50,Final inspection and pack,inspection,0.2,,IP-17915-50,20260106T061500Z-QE24M
P-17934-A,10,Swiss turn,swiss,2.76,,IP-17934-10,20260106T061500Z-QE24M
P-17934-A,20,Deburr and wash,bench,0.3,,,20260106T061500Z-QE24M
P-17934-A,30,Outside: heat treat,supplier,0.0,heat treat,IP-17934-30,20260106T061500Z-QE24M
P-17934-A,40,Outside: passivation,supplier,0.0,passivation,IP-17934-40,20260106T061500Z-QE24M
P-17934-A,50,Final inspection and pack,inspection,0.2,,IP-17934-50,20260106T061500Z-QE24M
P-17937-B,10,Swiss turn,swiss,0.96,,IP-17937-10,20260106T061500Z-QE24M
P-17937-B,20,Deburr and wash,bench,0.3,,,20260106T061500Z-QE24M
P-17937-B,30,Outside: heat treat,supplier,0.0,heat treat,IP-17937-30,20260106T061500Z-QE24M
P-17937-B,40,Outside: passivation,supplier,0.0,passivation,IP-17937-40,20260106T061500Z-QE24M
P-17937-B,50,Final inspection and pack,inspection,0.2,,IP-17937-50,20260106T061500Z-QE24M
P-17956-A,10,Swiss turn,swiss,1.34,,IP-17956-10,20260106T061500Z-QE24M
P-17956-A,20,Deburr and wash,bench,0.3,,,20260106T061500Z-QE24M
P-17956-A,30,Outside: heat treat,supplier,0.0,heat treat,IP-17956-30,20260106T061500Z-QE24M
P-17956-A,40,Outside: passivation,supplier,0.0,passivation,IP-17956-40,20260106T061500Z-QE24M
P-17956-A,50,Final inspection and pack,inspection,0.2,,IP-17956-50,20260106T061500Z-QE24M
P-17974-C,10,Swiss turn,swiss,2.67,,IP-17974-10,20260106T061500Z-QE24M
P-17974-C,20,Deburr and wash,bench,0.3,,,20260106T061500Z-QE24M
P-17974-C,30,Outside: heat treat,supplier,0.0,heat treat,IP-17974-30,20260106T061500Z-QE24M
P-17974-C,40,Outside: passivation,supplier,0.0,passivation,IP-17974-40,20260106T061500Z-QE24M
P-17974-C,50,Final inspection and pack,inspection,0.2,,IP-17974-50,20260106T061500Z-QE24M
P-17995-A,10,Swiss turn,swiss,1.31,,IP-17995-10,20260106T061500Z-QE24M
P-17995-A,20,Deburr and wash,bench,0.3,,,20260106T061500Z-QE24M
P-17995-A,30,Outside: heat treat,supplier,0.0,heat treat,IP-17995-30,20260106T061500Z-QE24M
P-17995-A,40,Outside: passivation,supplier,0.0,passivation,IP-17995-40,20260106T061500Z-QE24M
P-17995-A,50,Final inspection and pack,inspection,0.2,,IP-17995-50,20260106T061500Z-QE24M
P-18023-B,10,Turn,multi_axis,0.87,,IP-18023-10,20260106T061500Z-QE24M
P-18023-B,20,Grind,grind,0.88,,IP-18023-20,20260106T061500Z-QE24M
P-18023-B,30,Deburr and wash,bench,0.3,,,20260106T061500Z-QE24M
P-18023-B,40,Outside: heat treat,supplier,0.0,heat treat,IP-18023-40,20260106T061500Z-QE24M
P-18023-B,50,Outside: plating,supplier,0.0,plating,IP-18023-50,20260106T061500Z-QE24M
P-18023-B,60,Final inspection and pack,inspection,0.2,,IP-18023-60,20260106T061500Z-QE24M
P-18035-B,10,Turn,multi_axis,1.38,,IP-18035-10,20260106T061500Z-QE24M
P-18035-B,20,Grind,grind,1.88,,IP-18035-20,20260106T061500Z-QE24M
P-18035-B,30,Deburr and wash,bench,0.3,,,20260106T061500Z-QE24M
P-18035-B,40,Outside: heat treat,supplier,0.0,heat treat,IP-18035-40,20260106T061500Z-QE24M
P-18035-B,50,Outside: plating,supplier,0.0,plating,IP-18035-50,20260106T061500Z-QE24M
P-18035-B,60,Final inspection and pack,inspection,0.2,,IP-18035-60,20260106T061500Z-QE24M
P-18051-D,10,Turn,multi_axis,2.03,,IP-18051-10,20260106T061500Z-QE24M
P-18051-D,20,Grind,grind,0.89,,IP-18051-20,20260106T061500Z-QE24M
P-18051-D,30,Deburr and wash,bench,0.3,,,20260106T061500Z-QE24M
P-18051-D,40,Outside: heat treat,supplier,0.0,heat treat,IP-18051-40,20260106T061500Z-QE24M
P-18051-D,50,Outside: plating,supplier,0.0,plating,IP-18051-50,20260106T061500Z-QE24M
P-18051-D,60,Final inspection and pack,inspection,0.2,,IP-18051-60,20260106T061500Z-QE24M
P-18065-A,10,Turn,multi_axis,1.18,,IP-18065-10,20260106T061500Z-QE24M
P-18065-A,20,Grind,grind,1.16,,IP-18065-20,20260106T061500Z-QE24M
P-18065-A,30,Deburr and wash,bench,0.3,,,20260106T061500Z-QE24M
P-18065-A,40,Outside: heat treat,supplier,0.0,heat treat,IP-18065-40,20260106T061500Z-QE24M
P-18065-A,50,Final inspection and pack,inspection,0.2,,IP-18065-50,20260106T061500Z-QE24M
P-18079-A,10,Turn,multi_axis,1.82,,IP-18079-10,20260106T061500Z-QE24M
P-18079-A,20,Grind,grind,1.73,,IP-18079-20,20260106T061500Z-QE24M
P-18079-A,30,Deburr and wash,bench,0.3,,,20260106T061500Z-QE24M
P-18079-A,40,Outside: heat treat,supplier,0.0,heat treat,IP-18079-40,20260106T061500Z-QE24M
P-18079-A,50,Outside: plating,supplier,0.0,plating,IP-18079-50,20260106T061500Z-QE24M
P-18079-A,60,Final inspection and pack,inspection,0.2,,IP-18079-60,20260106T061500Z-QE24M
P-18084-D,10,Turn,multi_axis,2.24,,IP-18084-10,20260106T061500Z-QE24M
P-18084-D,20,Grind,grind,0.78,,IP-18084-20,20260106T061500Z-QE24M
P-18084-D,30,Deburr and wash,bench,0.3,,,20260106T061500Z-QE24M
P-18084-D,40,Final inspection and pack,inspection,0.2,,IP-18084-40,20260106T061500Z-QE24M
P-18087-D,10,Turn,multi_axis,1.27,,IP-18087-10,20260106T061500Z-QE24M
P-18087-D,20,Grind,grind,1.12,,IP-18087-20,20260106T061500Z-QE24M
P-18087-D,30,Deburr and wash,bench,0.3,,,20260106T061500Z-QE24M
P-18087-D,40,Outside: plating,supplier,0.0,plating,IP-18087-40,20260106T061500Z-QE24M
P-18087-D,50,Final inspection and pack,inspection,0.2,,IP-18087-50,20260106T061500Z-QE24M
P-18106-D,10,Turn,multi_axis,1.43,,IP-18106-10,20260106T061500Z-QE24M
P-18106-D,20,Grind,grind,1.12,,IP-18106-20,20260106T061500Z-QE24M
P-18106-D,30,Deburr and wash,bench,0.3,,,20260106T061500Z-QE24M
P-18106-D,40,Outside: plating,supplier,0.0,plating,IP-18106-40,20260106T061500Z-QE24M
P-18106-D,50,Final inspection and pack,inspection,0.2,,IP-18106-50,20260106T061500Z-QE24M
P-18115-C,10,Turn,multi_axis,1.52,,IP-18115-10,20260106T061500Z-QE24M
P-18115-C,20,Grind,grind,1.42,,IP-18115-20,20260106T061500Z-QE24M
P-18115-C,30,Deburr and wash,bench,0.3,,,20260106T061500Z-QE24M
P-18115-C,40,Outside: heat treat,supplier,0.0,heat treat,IP-18115-40,20260106T061500Z-QE24M
P-18115-C,50,Outside: plating,supplier,0.0,plating,IP-18115-50,20260106T061500Z-QE24M
P-18115-C,60,Final inspection and pack,inspection,0.2,,IP-18115-60,20260106T061500Z-QE24M
P-18136-D,10,Turn,multi_axis,0.96,,IP-18136-10,20260106T061500Z-QE24M
P-18136-D,20,Grind,grind,1.96,,IP-18136-20,20260106T061500Z-QE24M
P-18136-D,30,Deburr and wash,bench,0.3,,,20260106T061500Z-QE24M
P-18136-D,40,Outside: heat treat,supplier,0.0,heat treat,IP-18136-40,20260106T061500Z-QE24M
P-18136-D,50,Outside: plating,supplier,0.0,plating,IP-18136-50,20260106T061500Z-QE24M
P-18136-D,60,Final inspection and pack,inspection,0.2,,IP-18136-60,20260106T061500Z-QE24M
P-18143-B,10,Turn,multi_axis,2.34,,IP-18143-10,20260106T061500Z-QE24M
P-18143-B,20,Grind,grind,1.01,,IP-18143-20,20260106T061500Z-QE24M
P-18143-B,30,Deburr and wash,bench,0.3,,,20260106T061500Z-QE24M
P-18143-B,40,Outside: heat treat,supplier,0.0,heat treat,IP-18143-40,20260106T061500Z-QE24M
P-18143-B,50,Outside: plating,supplier,0.0,plating,IP-18143-50,20260106T061500Z-QE24M
P-18143-B,60,Final inspection and pack,inspection,0.2,,IP-18143-60,20260106T061500Z-QE24M
P-18153-B,10,Turn,multi_axis,1.16,,IP-18153-10,20260106T061500Z-QE24M
P-18153-B,20,Grind,grind,1.15,,IP-18153-20,20260106T061500Z-QE24M
P-18153-B,30,Deburr and wash,bench,0.3,,,20260106T061500Z-QE24M
P-18153-B,40,Outside: plating,supplier,0.0,plating,IP-18153-40,20260106T061500Z-QE24M
P-18153-B,50,Final inspection and pack,inspection,0.2,,IP-18153-50,20260106T061500Z-QE24M
P-18156-A,10,Turn,multi_axis,2.0,,IP-18156-10,20260106T061500Z-QE24M
P-18156-A,20,Grind,grind,1.88,,IP-18156-20,20260106T061500Z-QE24M
P-18156-A,30,Deburr and wash,bench,0.3,,,20260106T061500Z-QE24M
P-18156-A,40,Outside: heat treat,supplier,0.0,heat treat,IP-18156-40,20260106T061500Z-QE24M
P-18156-A,50,Outside: plating,supplier,0.0,plating,IP-18156-50,20260106T061500Z-QE24M
P-18156-A,60,Final inspection and pack,inspection,0.2,,IP-18156-60,20260106T061500Z-QE24M
P-18159-A,10,Turn,multi_axis,2.1,,IP-18159-10,20260106T061500Z-QE24M
P-18159-A,20,Grind,grind,1.3,,IP-18159-20,20260106T061500Z-QE24M
P-18159-A,30,Deburr and wash,bench,0.3,,,20260106T061500Z-QE24M
P-18159-A,40,Outside: heat treat,supplier,0.0,heat treat,IP-18159-40,20260106T061500Z-QE24M
P-18159-A,50,Outside: plating,supplier,0.0,plating,IP-18159-50,20260106T061500Z-QE24M
P-18159-A,60,Final inspection and pack,inspection,0.2,,IP-18159-60,20260106T061500Z-QE24M
P-18165-B,10,Turn,multi_axis,0.82,,IP-18165-10,20260106T061500Z-QE24M
P-18165-B,20,Grind,grind,1.81,,IP-18165-20,20260106T061500Z-QE24M
P-18165-B,30,Deburr and wash,bench,0.3,,,20260106T061500Z-QE24M
P-18165-B,40,Outside: heat treat,supplier,0.0,heat treat,IP-18165-40,20260106T061500Z-QE24M
P-18165-B,50,Outside: plating,supplier,0.0,plating,IP-18165-50,20260106T061500Z-QE24M
P-18165-B,60,Final inspection and pack,inspection,0.2,,IP-18165-60,20260106T061500Z-QE24M
P-18180-D,10,Turn,multi_axis,1.44,,IP-18180-10,20260106T061500Z-QE24M
P-18180-D,20,Grind,grind,0.94,,IP-18180-20,20260106T061500Z-QE24M
P-18180-D,30,Deburr and wash,bench,0.3,,,20260106T061500Z-QE24M
P-18180-D,40,Outside: heat treat,supplier,0.0,heat treat,IP-18180-40,20260106T061500Z-QE24M
P-18180-D,50,Outside: plating,supplier,0.0,plating,IP-18180-50,20260106T061500Z-QE24M
P-18180-D,60,Final inspection and pack,inspection,0.2,,IP-18180-60,20260106T061500Z-QE24M
P-18202-A,10,Turn complete,multi_axis,1.22,,IP-18202-10,20260106T061500Z-QE24M
P-18202-A,20,Deburr and wash,bench,0.3,,,20260106T061500Z-QE24M
P-18202-A,30,Outside: heat treat,supplier,0.0,heat treat,IP-18202-30,20260106T061500Z-QE24M
P-18202-A,40,Outside: plating,supplier,0.0,plating,IP-18202-40,20260106T061500Z-QE24M
P-18202-A,50,Final inspection and pack,inspection,0.2,,IP-18202-50,20260106T061500Z-QE24M
P-18210-D,10,Turn complete,multi_axis,2.14,,IP-18210-10,20260106T061500Z-QE24M
P-18210-D,20,Deburr and wash,bench,0.3,,,20260106T061500Z-QE24M
P-18210-D,30,Outside: heat treat,supplier,0.0,heat treat,IP-18210-30,20260106T061500Z-QE24M
P-18210-D,40,Outside: plating,supplier,0.0,plating,IP-18210-40,20260106T061500Z-QE24M
P-18210-D,50,Final inspection and pack,inspection,0.2,,IP-18210-50,20260106T061500Z-QE24M
P-18234-B,10,Turn complete,multi_axis,1.15,,IP-18234-10,20260106T061500Z-QE24M
P-18234-B,20,Deburr and wash,bench,0.3,,,20260106T061500Z-QE24M
P-18234-B,30,Outside: heat treat,supplier,0.0,heat treat,IP-18234-30,20260106T061500Z-QE24M
P-18234-B,40,Outside: plating,supplier,0.0,plating,IP-18234-40,20260106T061500Z-QE24M
P-18234-B,50,Final inspection and pack,inspection,0.2,,IP-18234-50,20260106T061500Z-QE24M
P-18251-A,10,Turn complete,multi_axis,2.39,,IP-18251-10,20260106T061500Z-QE24M
P-18251-A,20,Deburr and wash,bench,0.3,,,20260106T061500Z-QE24M
P-18251-A,30,Outside: heat treat,supplier,0.0,heat treat,IP-18251-30,20260106T061500Z-QE24M
P-18251-A,40,Outside: plating,supplier,0.0,plating,IP-18251-40,20260106T061500Z-QE24M
P-18251-A,50,Final inspection and pack,inspection,0.2,,IP-18251-50,20260106T061500Z-QE24M
P-18269-B,10,Turn complete,multi_axis,2.31,,IP-18269-10,20260106T061500Z-QE24M
P-18269-B,20,Deburr and wash,bench,0.3,,,20260106T061500Z-QE24M
P-18269-B,30,Outside: heat treat,supplier,0.0,heat treat,IP-18269-30,20260106T061500Z-QE24M
P-18269-B,40,Outside: plating,supplier,0.0,plating,IP-18269-40,20260106T061500Z-QE24M
P-18269-B,50,Final inspection and pack,inspection,0.2,,IP-18269-50,20260106T061500Z-QE24M
P-18293-A,10,Turn complete,multi_axis,1.32,,IP-18293-10,20260106T061500Z-QE24M
P-18293-A,20,Deburr and wash,bench,0.3,,,20260106T061500Z-QE24M
P-18293-A,30,Outside: heat treat,supplier,0.0,heat treat,IP-18293-30,20260106T061500Z-QE24M
P-18293-A,40,Outside: plating,supplier,0.0,plating,IP-18293-40,20260106T061500Z-QE24M
P-18293-A,50,Final inspection and pack,inspection,0.2,,IP-18293-50,20260106T061500Z-QE24M
P-18315-A,10,Turn complete,multi_axis,1.24,,IP-18315-10,20260106T061500Z-QE24M
P-18315-A,20,Deburr and wash,bench,0.3,,,20260106T061500Z-QE24M
P-18315-A,30,Outside: plating,supplier,0.0,plating,IP-18315-30,20260106T061500Z-QE24M
P-18315-A,40,Final inspection and pack,inspection,0.2,,IP-18315-40,20260106T061500Z-QE24M
P-18327-D,10,Turn complete,multi_axis,1.43,,IP-18327-10,20260106T061500Z-QE24M
P-18327-D,20,Deburr and wash,bench,0.3,,,20260106T061500Z-QE24M
P-18327-D,30,Outside: heat treat,supplier,0.0,heat treat,IP-18327-30,20260106T061500Z-QE24M
P-18327-D,40,Outside: plating,supplier,0.0,plating,IP-18327-40,20260106T061500Z-QE24M
P-18327-D,50,Final inspection and pack,inspection,0.2,,IP-18327-50,20260106T061500Z-QE24M
P-18338-C,10,Turn complete,multi_axis,1.16,,IP-18338-10,20260106T061500Z-QE24M
P-18338-C,20,Deburr and wash,bench,0.3,,,20260106T061500Z-QE24M
P-18338-C,30,Outside: plating,supplier,0.0,plating,IP-18338-30,20260106T061500Z-QE24M
P-18338-C,40,Final inspection and pack,inspection,0.2,,IP-18338-40,20260106T061500Z-QE24M
P-18347-A,10,Turn complete,multi_axis,0.47,,IP-18347-10,20260106T061500Z-QE24M
P-18347-A,20,Deburr and wash,bench,0.3,,,20260106T061500Z-QE24M
P-18347-A,30,Outside: plating,supplier,0.0,plating,IP-18347-30,20260106T061500Z-QE24M
P-18347-A,40,Final inspection and pack,inspection,0.2,,IP-18347-40,20260106T061500Z-QE24M
P-18353-B,10,Turn complete,multi_axis,1.05,,IP-18353-10,20260106T061500Z-QE24M
P-18353-B,20,Deburr and wash,bench,0.3,,,20260106T061500Z-QE24M
P-18353-B,30,Outside: heat treat,supplier,0.0,heat treat,IP-18353-30,20260106T061500Z-QE24M
P-18353-B,40,Outside: plating,supplier,0.0,plating,IP-18353-40,20260106T061500Z-QE24M
P-18353-B,50,Final inspection and pack,inspection,0.2,,IP-18353-50,20260106T061500Z-QE24M
P-18380-A,10,Turn complete,multi_axis,1.48,,IP-18380-10,20260106T061500Z-QE24M
P-18380-A,20,Deburr and wash,bench,0.3,,,20260106T061500Z-QE24M
P-18380-A,30,Outside: heat treat,supplier,0.0,heat treat,IP-18380-30,20260106T061500Z-QE24M
P-18380-A,40,Final inspection and pack,inspection,0.2,,IP-18380-40,20260106T061500Z-QE24M
P-18384-C,10,Turn complete,multi_axis,1.22,,IP-18384-10,20260106T061500Z-QE24M
P-18384-C,20,Deburr and wash,bench,0.3,,,20260106T061500Z-QE24M
P-18384-C,30,Outside: plating,supplier,0.0,plating,IP-18384-30,20260106T061500Z-QE24M
P-18384-C,40,Final inspection and pack,inspection,0.2,,IP-18384-40,20260106T061500Z-QE24M
P-18406-A,10,Turn complete,multi_axis,0.97,,IP-18406-10,20260106T061500Z-QE24M
P-18406-A,20,Deburr and wash,bench,0.3,,,20260106T061500Z-QE24M
P-18406-A,30,Outside: heat treat,supplier,0.0,heat treat,IP-18406-30,20260106T061500Z-QE24M
P-18406-A,40,Outside: plating,supplier,0.0,plating,IP-18406-40,20260106T061500Z-QE24M
P-18406-A,50,Final inspection and pack,inspection,0.2,,IP-18406-50,20260106T061500Z-QE24M
P-18413-C,10,Turn complete,multi_axis,1.39,,IP-18413-10,20260106T061500Z-QE24M
P-18413-C,20,Deburr and wash,bench,0.3,,,20260106T061500Z-QE24M
P-18413-C,30,Outside: heat treat,supplier,0.0,heat treat,IP-18413-30,20260106T061500Z-QE24M
P-18413-C,40,Outside: plating,supplier,0.0,plating,IP-18413-40,20260106T061500Z-QE24M
P-18413-C,50,Final inspection and pack,inspection,0.2,,IP-18413-50,20260106T061500Z-QE24M
P-18420-D,10,Turn complete,multi_axis,1.34,,IP-18420-10,20260106T061500Z-QE24M
P-18420-D,20,Deburr and wash,bench,0.3,,,20260106T061500Z-QE24M
P-18420-D,30,Outside: heat treat,supplier,0.0,heat treat,IP-18420-30,20260106T061500Z-QE24M
P-18420-D,40,Outside: plating,supplier,0.0,plating,IP-18420-40,20260106T061500Z-QE24M
P-18420-D,50,Final inspection and pack,inspection,0.2,,IP-18420-50,20260106T061500Z-QE24M
P-18445-A,10,Turn complete,multi_axis,1.58,,IP-18445-10,20260106T061500Z-QE24M
P-18445-A,20,Deburr and wash,bench,0.3,,,20260106T061500Z-QE24M
P-18445-A,30,Outside: plating,supplier,0.0,plating,IP-18445-30,20260106T061500Z-QE24M
P-18445-A,40,Final inspection and pack,inspection,0.2,,IP-18445-40,20260106T061500Z-QE24M
P-18450-A,10,Turn complete,multi_axis,1.15,,IP-18450-10,20260106T061500Z-QE24M
P-18450-A,20,Deburr and wash,bench,0.3,,,20260106T061500Z-QE24M
P-18450-A,30,Outside: plating,supplier,0.0,plating,IP-18450-30,20260106T061500Z-QE24M
P-18450-A,40,Final inspection and pack,inspection,0.2,,IP-18450-40,20260106T061500Z-QE24M
P-18462-A,10,Turn complete,multi_axis,1.62,,IP-18462-10,20260106T061500Z-QE24M
P-18462-A,20,Deburr and wash,bench,0.3,,,20260106T061500Z-QE24M
P-18462-A,30,Outside: plating,supplier,0.0,plating,IP-18462-30,20260106T061500Z-QE24M
P-18462-A,40,Final inspection and pack,inspection,0.2,,IP-18462-40,20260106T061500Z-QE24M
P-18471-A,10,Turn complete,multi_axis,1.28,,IP-18471-10,20260106T061500Z-QE24M
P-18471-A,20,Deburr and wash,bench,0.3,,,20260106T061500Z-QE24M
P-18471-A,30,Outside: plating,supplier,0.0,plating,IP-18471-30,20260106T061500Z-QE24M
P-18471-A,40,Final inspection and pack,inspection,0.2,,IP-18471-40,20260106T061500Z-QE24M
P-18488-C,10,Turn complete,multi_axis,0.86,,IP-18488-10,20260106T061500Z-QE24M
P-18488-C,20,Deburr and wash,bench,0.3,,,20260106T061500Z-QE24M
P-18488-C,30,Outside: plating,supplier,0.0,plating,IP-18488-30,20260106T061500Z-QE24M
P-18488-C,40,Final inspection and pack,inspection,0.2,,IP-18488-40,20260106T061500Z-QE24M
P-18503-A,10,Turn complete,multi_axis,1.53,,IP-18503-10,20260106T061500Z-QE24M
P-18503-A,20,Deburr and wash,bench,0.3,,,20260106T061500Z-QE24M
P-18503-A,30,Outside: plating,supplier,0.0,plating,IP-18503-30,20260106T061500Z-QE24M
P-18503-A,40,Final inspection and pack,inspection,0.2,,IP-18503-40,20260106T061500Z-QE24M
P-18508-A,10,Turn complete,multi_axis,1.11,,IP-18508-10,20260106T061500Z-QE24M
P-18508-A,20,Deburr and wash,bench,0.3,,,20260106T061500Z-QE24M
P-18508-A,30,Outside: plating,supplier,0.0,plating,IP-18508-30,20260106T061500Z-QE24M
P-18508-A,40,Final inspection and pack,inspection,0.2,,IP-18508-40,20260106T061500Z-QE24M
P-18526-A,10,Turn complete,multi_axis,2.36,,IP-18526-10,20260106T061500Z-QE24M
P-18526-A,20,Deburr and wash,bench,0.3,,,20260106T061500Z-QE24M
P-18526-A,30,Outside: plating,supplier,0.0,plating,IP-18526-30,20260106T061500Z-QE24M
P-18526-A,40,Final inspection and pack,inspection,0.2,,IP-18526-40,20260106T061500Z-QE24M
P-18535-A,10,Turn complete,multi_axis,1.03,,IP-18535-10,20260106T061500Z-QE24M
P-18535-A,20,Deburr and wash,bench,0.3,,,20260106T061500Z-QE24M
P-18535-A,30,Outside: plating,supplier,0.0,plating,IP-18535-30,20260106T061500Z-QE24M
P-18535-A,40,Final inspection and pack,inspection,0.2,,IP-18535-40,20260106T061500Z-QE24M
P-18556-B,10,Turn complete,multi_axis,3.28,,IP-18556-10,20260106T061500Z-QE24M
P-18556-B,20,Deburr and wash,bench,0.3,,,20260106T061500Z-QE24M
P-18556-B,30,Outside: plating,supplier,0.0,plating,IP-18556-30,20260106T061500Z-QE24M
P-18556-B,40,Final inspection and pack,inspection,0.2,,IP-18556-40,20260106T061500Z-QE24M
P-18566-A,10,Turn complete,multi_axis,1.33,,IP-18566-10,20260106T061500Z-QE24M
P-18566-A,20,Deburr and wash,bench,0.3,,,20260106T061500Z-QE24M
P-18566-A,30,Outside: plating,supplier,0.0,plating,IP-18566-30,20260106T061500Z-QE24M
P-18566-A,40,Final inspection and pack,inspection,0.2,,IP-18566-40,20260106T061500Z-QE24M
P-18589-A,10,Turn complete,multi_axis,1.32,,IP-18589-10,20260106T061500Z-QE24M
P-18589-A,20,Deburr and wash,bench,0.3,,,20260106T061500Z-QE24M
P-18589-A,30,Outside: plating,supplier,0.0,plating,IP-18589-30,20260106T061500Z-QE24M
P-18589-A,40,Final inspection and pack,inspection,0.2,,IP-18589-40,20260106T061500Z-QE24M
P-18604-C,10,Turn complete,multi_axis,1.09,,IP-18604-10,20260106T061500Z-QE24M
P-18604-C,20,Deburr and wash,bench,0.3,,,20260106T061500Z-QE24M
P-18604-C,30,Outside: plating,supplier,0.0,plating,IP-18604-30,20260106T061500Z-QE24M
P-18604-C,40,Final inspection and pack,inspection,0.2,,IP-18604-40,20260106T061500Z-QE24M
P-18620-A,10,Turn complete,multi_axis,1.58,,IP-18620-10,20260106T061500Z-QE24M
P-18620-A,20,Deburr and wash,bench,0.3,,,20260106T061500Z-QE24M
P-18620-A,30,Outside: plating,supplier,0.0,plating,IP-18620-30,20260106T061500Z-QE24M
P-18620-A,40,Final inspection and pack,inspection,0.2,,IP-18620-40,20260106T061500Z-QE24M
P-18628-B,10,Turn complete,multi_axis,1.21,,IP-18628-10,20260106T061500Z-QE24M
P-18628-B,20,Deburr and wash,bench,0.3,,,20260106T061500Z-QE24M
P-18628-B,30,Outside: plating,supplier,0.0,plating,IP-18628-30,20260106T061500Z-QE24M
P-18628-B,40,Final inspection and pack,inspection,0.2,,IP-18628-40,20260106T061500Z-QE24M
P-18642-D,10,Turn complete,multi_axis,1.51,,IP-18642-10,20260106T061500Z-QE24M
P-18642-D,20,Deburr and wash,bench,0.3,,,20260106T061500Z-QE24M
P-18642-D,30,Outside: plating,supplier,0.0,plating,IP-18642-30,20260106T061500Z-QE24M
P-18642-D,40,Final inspection and pack,inspection,0.2,,IP-18642-40,20260106T061500Z-QE24M
P-18650-A,10,Turn complete,multi_axis,1.43,,IP-18650-10,20260106T061500Z-QE24M
P-18650-A,20,Deburr and wash,bench,0.3,,,20260106T061500Z-QE24M
P-18650-A,30,Outside: plating,supplier,0.0,plating,IP-18650-30,20260106T061500Z-QE24M
P-18650-A,40,Final inspection and pack,inspection,0.2,,IP-18650-40,20260106T061500Z-QE24M
P-18677-D,10,Turn complete,multi_axis,1.8,,IP-18677-10,20260106T061500Z-QE24M
P-18677-D,20,Deburr and wash,bench,0.3,,,20260106T061500Z-QE24M
P-18677-D,30,Outside: plating,supplier,0.0,plating,IP-18677-30,20260106T061500Z-QE24M
P-18677-D,40,Final inspection and pack,inspection,0.2,,IP-18677-40,20260106T061500Z-QE24M
P-18703-A,10,Turn complete,multi_axis,1.2,,IP-18703-10,20260106T061500Z-QE24M
P-18703-A,20,Deburr and wash,bench,0.3,,,20260106T061500Z-QE24M
P-18703-A,30,Outside: heat treat,supplier,0.0,heat treat,IP-18703-30,20260106T061500Z-QE24M
P-18703-A,40,Outside: plating,supplier,0.0,plating,IP-18703-40,20260106T061500Z-QE24M
P-18703-A,50,Final inspection and pack,inspection,0.2,,IP-18703-50,20260106T061500Z-QE24M
P-18710-A,10,Turn complete,multi_axis,1.13,,IP-18710-10,20260106T061500Z-QE24M
P-18710-A,20,Deburr and wash,bench,0.3,,,20260106T061500Z-QE24M
P-18710-A,30,Outside: heat treat,supplier,0.0,heat treat,IP-18710-30,20260106T061500Z-QE24M
P-18710-A,40,Outside: plating,supplier,0.0,plating,IP-18710-40,20260106T061500Z-QE24M
P-18710-A,50,Final inspection and pack,inspection,0.2,,IP-18710-50,20260106T061500Z-QE24M
P-18738-A,10,Turn complete,multi_axis,1.52,,IP-18738-10,20260106T061500Z-QE24M
P-18738-A,20,Deburr and wash,bench,0.3,,,20260106T061500Z-QE24M
P-18738-A,30,Outside: plating,supplier,0.0,plating,IP-18738-30,20260106T061500Z-QE24M
P-18738-A,40,Final inspection and pack,inspection,0.2,,IP-18738-40,20260106T061500Z-QE24M
P-18757-A,10,Turn complete,multi_axis,0.88,,IP-18757-10,20260106T061500Z-QE24M
P-18757-A,20,Deburr and wash,bench,0.3,,,20260106T061500Z-QE24M
P-18757-A,30,Outside: heat treat,supplier,0.0,heat treat,IP-18757-30,20260106T061500Z-QE24M
P-18757-A,40,Outside: plating,supplier,0.0,plating,IP-18757-40,20260106T061500Z-QE24M
P-18757-A,50,Final inspection and pack,inspection,0.2,,IP-18757-50,20260106T061500Z-QE24M
P-18778-A,10,Turn complete,multi_axis,1.31,,IP-18778-10,20260106T061500Z-QE24M
P-18778-A,20,Deburr and wash,bench,0.3,,,20260106T061500Z-QE24M
P-18778-A,30,Outside: heat treat,supplier,0.0,heat treat,IP-18778-30,20260106T061500Z-QE24M
P-18778-A,40,Outside: plating,supplier,0.0,plating,IP-18778-40,20260106T061500Z-QE24M
P-18778-A,50,Final inspection and pack,inspection,0.2,,IP-18778-50,20260106T061500Z-QE24M
P-18795-A,10,Turn complete,multi_axis,1.93,,IP-18795-10,20260106T061500Z-QE24M
P-18795-A,20,Deburr and wash,bench,0.3,,,20260106T061500Z-QE24M
P-18795-A,30,Outside: heat treat,supplier,0.0,heat treat,IP-18795-30,20260106T061500Z-QE24M
P-18795-A,40,Outside: plating,supplier,0.0,plating,IP-18795-40,20260106T061500Z-QE24M
P-18795-A,50,Final inspection and pack,inspection,0.2,,IP-18795-50,20260106T061500Z-QE24M
P-18813-A,10,Turn complete,multi_axis,1.12,,IP-18813-10,20260106T061500Z-QE24M
P-18813-A,20,Deburr and wash,bench,0.3,,,20260106T061500Z-QE24M
P-18813-A,30,Outside: plating,supplier,0.0,plating,IP-18813-30,20260106T061500Z-QE24M
P-18813-A,40,Final inspection and pack,inspection,0.2,,IP-18813-40,20260106T061500Z-QE24M
P-18824-A,10,Turn complete,multi_axis,2.14,,IP-18824-10,20260106T061500Z-QE24M
P-18824-A,20,Deburr and wash,bench,0.3,,,20260106T061500Z-QE24M
P-18824-A,30,Outside: heat treat,supplier,0.0,heat treat,IP-18824-30,20260106T061500Z-QE24M
P-18824-A,40,Outside: plating,supplier,0.0,plating,IP-18824-40,20260106T061500Z-QE24M
P-18824-A,50,Final inspection and pack,inspection,0.2,,IP-18824-50,20260106T061500Z-QE24M
P-18841-A,10,Turn complete,multi_axis,1.21,,IP-18841-10,20260106T061500Z-QE24M
P-18841-A,20,Deburr and wash,bench,0.3,,,20260106T061500Z-QE24M
P-18841-A,30,Outside: heat treat,supplier,0.0,heat treat,IP-18841-30,20260106T061500Z-QE24M
P-18841-A,40,Outside: plating,supplier,0.0,plating,IP-18841-40,20260106T061500Z-QE24M
P-18841-A,50,Final inspection and pack,inspection,0.2,,IP-18841-50,20260106T061500Z-QE24M
P-18856-A,10,Turn complete,multi_axis,1.75,,IP-18856-10,20260106T061500Z-QE24M
P-18856-A,20,Deburr and wash,bench,0.3,,,20260106T061500Z-QE24M
P-18856-A,30,Outside: heat treat,supplier,0.0,heat treat,IP-18856-30,20260106T061500Z-QE24M
P-18856-A,40,Outside: plating,supplier,0.0,plating,IP-18856-40,20260106T061500Z-QE24M
P-18856-A,50,Final inspection and pack,inspection,0.2,,IP-18856-50,20260106T061500Z-QE24M
P-18883-A,10,Turn complete,multi_axis,1.41,,IP-18883-10,20260106T061500Z-QE24M
P-18883-A,20,Deburr and wash,bench,0.3,,,20260106T061500Z-QE24M
P-18883-A,30,Outside: heat treat,supplier,0.0,heat treat,IP-18883-30,20260106T061500Z-QE24M
P-18883-A,40,Outside: plating,supplier,0.0,plating,IP-18883-40,20260106T061500Z-QE24M
P-18883-A,50,Final inspection and pack,inspection,0.2,,IP-18883-50,20260106T061500Z-QE24M
P-18904-D,10,Turn complete,multi_axis,1.75,,IP-18904-10,20260106T061500Z-QE24M
P-18904-D,20,Deburr and wash,bench,0.3,,,20260106T061500Z-QE24M
P-18904-D,30,Outside: plating,supplier,0.0,plating,IP-18904-30,20260106T061500Z-QE24M
P-18904-D,40,Final inspection and pack,inspection,0.2,,IP-18904-40,20260106T061500Z-QE24M
P-18914-D,10,Turn complete,multi_axis,1.23,,IP-18914-10,20260106T061500Z-QE24M
P-18914-D,20,Deburr and wash,bench,0.3,,,20260106T061500Z-QE24M
P-18914-D,30,Outside: heat treat,supplier,0.0,heat treat,IP-18914-30,20260106T061500Z-QE24M
P-18914-D,40,Outside: plating,supplier,0.0,plating,IP-18914-40,20260106T061500Z-QE24M
P-18914-D,50,Final inspection and pack,inspection,0.2,,IP-18914-50,20260106T061500Z-QE24M
P-18940-A,10,Turn complete,multi_axis,1.25,,IP-18940-10,20260106T061500Z-QE24M
P-18940-A,20,Deburr and wash,bench,0.3,,,20260106T061500Z-QE24M
P-18940-A,30,Outside: heat treat,supplier,0.0,heat treat,IP-18940-30,20260106T061500Z-QE24M
P-18940-A,40,Outside: plating,supplier,0.0,plating,IP-18940-40,20260106T061500Z-QE24M
P-18940-A,50,Final inspection and pack,inspection,0.2,,IP-18940-50,20260106T061500Z-QE24M
P-18958-C,10,Swiss turn,swiss,1.37,,IP-18958-10,20260106T061500Z-QE24M
P-18958-C,20,Deburr and wash,bench,0.3,,,20260106T061500Z-QE24M
P-18958-C,30,Outside: passivation,supplier,0.0,passivation,IP-18958-30,20260106T061500Z-QE24M
P-18958-C,40,Final inspection and pack,inspection,0.2,,IP-18958-40,20260106T061500Z-QE24M
P-18968-A,10,Swiss turn,swiss,1.85,,IP-18968-10,20260106T061500Z-QE24M
P-18968-A,20,Deburr and wash,bench,0.3,,,20260106T061500Z-QE24M
P-18968-A,30,Outside: passivation,supplier,0.0,passivation,IP-18968-30,20260106T061500Z-QE24M
P-18968-A,40,Final inspection and pack,inspection,0.2,,IP-18968-40,20260106T061500Z-QE24M
P-18978-A,10,Swiss turn,swiss,1.09,,IP-18978-10,20260106T061500Z-QE24M
P-18978-A,20,Deburr and wash,bench,0.3,,,20260106T061500Z-QE24M
P-18978-A,30,Outside: passivation,supplier,0.0,passivation,IP-18978-30,20260106T061500Z-QE24M
P-18978-A,40,Final inspection and pack,inspection,0.2,,IP-18978-40,20260106T061500Z-QE24M
P-18988-B,10,Swiss turn,swiss,0.89,,IP-18988-10,20260106T061500Z-QE24M
P-18988-B,20,Deburr and wash,bench,0.3,,,20260106T061500Z-QE24M
P-18988-B,30,Outside: passivation,supplier,0.0,passivation,IP-18988-30,20260106T061500Z-QE24M
P-18988-B,40,Final inspection and pack,inspection,0.2,,IP-18988-40,20260106T061500Z-QE24M
P-19014-A,10,Swiss turn,swiss,1.37,,IP-19014-10,20260106T061500Z-QE24M
P-19014-A,20,Deburr and wash,bench,0.3,,,20260106T061500Z-QE24M
P-19014-A,30,Outside: passivation,supplier,0.0,passivation,IP-19014-30,20260106T061500Z-QE24M
P-19014-A,40,Final inspection and pack,inspection,0.2,,IP-19014-40,20260106T061500Z-QE24M
P-19027-C,10,Swiss turn,swiss,1.23,,IP-19027-10,20260106T061500Z-QE24M
P-19027-C,20,Deburr and wash,bench,0.3,,,20260106T061500Z-QE24M
P-19027-C,30,Outside: passivation,supplier,0.0,passivation,IP-19027-30,20260106T061500Z-QE24M
P-19027-C,40,Final inspection and pack,inspection,0.2,,IP-19027-40,20260106T061500Z-QE24M
P-19044-A,10,Swiss turn,swiss,1.2,,IP-19044-10,20260106T061500Z-QE24M
P-19044-A,20,Deburr and wash,bench,0.3,,,20260106T061500Z-QE24M
P-19044-A,30,Outside: passivation,supplier,0.0,passivation,IP-19044-30,20260106T061500Z-QE24M
P-19044-A,40,Final inspection and pack,inspection,0.2,,IP-19044-40,20260106T061500Z-QE24M
P-19059-A,10,Swiss turn,swiss,1.28,,IP-19059-10,20260106T061500Z-QE24M
P-19059-A,20,Deburr and wash,bench,0.3,,,20260106T061500Z-QE24M
P-19059-A,30,Outside: passivation,supplier,0.0,passivation,IP-19059-30,20260106T061500Z-QE24M
P-19059-A,40,Final inspection and pack,inspection,0.2,,IP-19059-40,20260106T061500Z-QE24M
P-19072-D,10,Swiss turn,swiss,1.18,,IP-19072-10,20260106T061500Z-QE24M
P-19072-D,20,Deburr and wash,bench,0.3,,,20260106T061500Z-QE24M
P-19072-D,30,Final inspection and pack,inspection,0.2,,IP-19072-30,20260106T061500Z-QE24M
P-19098-A,10,Swiss turn,swiss,1.32,,IP-19098-10,20260106T061500Z-QE24M
P-19098-A,20,Deburr and wash,bench,0.3,,,20260106T061500Z-QE24M
P-19098-A,30,Outside: passivation,supplier,0.0,passivation,IP-19098-30,20260106T061500Z-QE24M
P-19098-A,40,Final inspection and pack,inspection,0.2,,IP-19098-40,20260106T061500Z-QE24M
P-19125-B,10,Swiss turn,swiss,3.49,,IP-19125-10,20260106T061500Z-QE24M
P-19125-B,20,Deburr and wash,bench,0.3,,,20260106T061500Z-QE24M
P-19125-B,30,Final inspection and pack,inspection,0.2,,IP-19125-30,20260106T061500Z-QE24M
P-19137-C,10,Swiss turn,swiss,2.21,,IP-19137-10,20260106T061500Z-QE24M
P-19137-C,20,Deburr and wash,bench,0.3,,,20260106T061500Z-QE24M
P-19137-C,30,Outside: passivation,supplier,0.0,passivation,IP-19137-30,20260106T061500Z-QE24M
P-19137-C,40,Final inspection and pack,inspection,0.2,,IP-19137-40,20260106T061500Z-QE24M
P-19165-D,10,Swiss turn,swiss,2.03,,IP-19165-10,20260106T061500Z-QE24M
P-19165-D,20,Deburr and wash,bench,0.3,,,20260106T061500Z-QE24M
P-19165-D,30,Outside: passivation,supplier,0.0,passivation,IP-19165-30,20260106T061500Z-QE24M
P-19165-D,40,Final inspection and pack,inspection,0.2,,IP-19165-40,20260106T061500Z-QE24M
P-19192-D,10,Swiss turn,swiss,1.42,,IP-19192-10,20260106T061500Z-QE24M
P-19192-D,20,Deburr and wash,bench,0.3,,,20260106T061500Z-QE24M
P-19192-D,30,Outside: passivation,supplier,0.0,passivation,IP-19192-30,20260106T061500Z-QE24M
P-19192-D,40,Final inspection and pack,inspection,0.2,,IP-19192-40,20260106T061500Z-QE24M
P-19209-C,10,Swiss turn,swiss,2.46,,IP-19209-10,20260106T061500Z-QE24M
P-19209-C,20,Deburr and wash,bench,0.3,,,20260106T061500Z-QE24M
P-19209-C,30,Outside: passivation,supplier,0.0,passivation,IP-19209-30,20260106T061500Z-QE24M
P-19209-C,40,Final inspection and pack,inspection,0.2,,IP-19209-40,20260106T061500Z-QE24M
P-19228-C,10,Swiss turn,swiss,1.54,,IP-19228-10,20260106T061500Z-QE24M
P-19228-C,20,Deburr and wash,bench,0.3,,,20260106T061500Z-QE24M
P-19228-C,30,Outside: passivation,supplier,0.0,passivation,IP-19228-30,20260106T061500Z-QE24M
P-19228-C,40,Final inspection and pack,inspection,0.2,,IP-19228-40,20260106T061500Z-QE24M
P-19243-A,10,Turn complete,multi_axis,0.98,,IP-19243-10,20260106T061500Z-QE24M
P-19243-A,20,Deburr and wash,bench,0.3,,,20260106T061500Z-QE24M
P-19243-A,30,Outside: passivation,supplier,0.0,passivation,IP-19243-30,20260106T061500Z-QE24M
P-19243-A,40,Final inspection and pack,inspection,0.2,,IP-19243-40,20260106T061500Z-QE24M
P-19271-A,10,Turn complete,multi_axis,0.82,,IP-19271-10,20260106T061500Z-QE24M
P-19271-A,20,Deburr and wash,bench,0.3,,,20260106T061500Z-QE24M
P-19271-A,30,Outside: passivation,supplier,0.0,passivation,IP-19271-30,20260106T061500Z-QE24M
P-19271-A,40,Final inspection and pack,inspection,0.2,,IP-19271-40,20260106T061500Z-QE24M
P-19299-A,10,Turn complete,multi_axis,1.89,,IP-19299-10,20260106T061500Z-QE24M
P-19299-A,20,Deburr and wash,bench,0.3,,,20260106T061500Z-QE24M
P-19299-A,30,Outside: passivation,supplier,0.0,passivation,IP-19299-30,20260106T061500Z-QE24M
P-19299-A,40,Final inspection and pack,inspection,0.2,,IP-19299-40,20260106T061500Z-QE24M
P-19306-A,10,Turn complete,multi_axis,0.99,,IP-19306-10,20260106T061500Z-QE24M
P-19306-A,20,Deburr and wash,bench,0.3,,,20260106T061500Z-QE24M
P-19306-A,30,Final inspection and pack,inspection,0.2,,IP-19306-30,20260106T061500Z-QE24M
P-19318-A,10,Turn complete,multi_axis,1.26,,IP-19318-10,20260106T061500Z-QE24M
P-19318-A,20,Deburr and wash,bench,0.3,,,20260106T061500Z-QE24M
P-19318-A,30,Final inspection and pack,inspection,0.2,,IP-19318-30,20260106T061500Z-QE24M
P-19323-B,10,Turn complete,multi_axis,1.42,,IP-19323-10,20260106T061500Z-QE24M
P-19323-B,20,Deburr and wash,bench,0.3,,,20260106T061500Z-QE24M
P-19323-B,30,Outside: passivation,supplier,0.0,passivation,IP-19323-30,20260106T061500Z-QE24M
P-19323-B,40,Final inspection and pack,inspection,0.2,,IP-19323-40,20260106T061500Z-QE24M
P-19343-A,10,Turn complete,multi_axis,1.34,,IP-19343-10,20260106T061500Z-QE24M
P-19343-A,20,Deburr and wash,bench,0.3,,,20260106T061500Z-QE24M
P-19343-A,30,Outside: passivation,supplier,0.0,passivation,IP-19343-30,20260106T061500Z-QE24M
P-19343-A,40,Final inspection and pack,inspection,0.2,,IP-19343-40,20260106T061500Z-QE24M
P-19350-A,10,Turn complete,multi_axis,1.35,,IP-19350-10,20260106T061500Z-QE24M
P-19350-A,20,Deburr and wash,bench,0.3,,,20260106T061500Z-QE24M
P-19350-A,30,Outside: passivation,supplier,0.0,passivation,IP-19350-30,20260106T061500Z-QE24M
P-19350-A,40,Final inspection and pack,inspection,0.2,,IP-19350-40,20260106T061500Z-QE24M
P-19370-B,10,Turn complete,multi_axis,1.75,,IP-19370-10,20260106T061500Z-QE24M
P-19370-B,20,Deburr and wash,bench,0.3,,,20260106T061500Z-QE24M
P-19370-B,30,Outside: passivation,supplier,0.0,passivation,IP-19370-30,20260106T061500Z-QE24M
P-19370-B,40,Final inspection and pack,inspection,0.2,,IP-19370-40,20260106T061500Z-QE24M
P-19390-A,10,Turn complete,multi_axis,1.64,,IP-19390-10,20260106T061500Z-QE24M
P-19390-A,20,Deburr and wash,bench,0.3,,,20260106T061500Z-QE24M
P-19390-A,30,Outside: passivation,supplier,0.0,passivation,IP-19390-30,20260106T061500Z-QE24M
P-19390-A,40,Final inspection and pack,inspection,0.2,,IP-19390-40,20260106T061500Z-QE24M
P-19406-B,10,Turn complete,multi_axis,0.89,,IP-19406-10,20260106T061500Z-QE24M
P-19406-B,20,Deburr and wash,bench,0.3,,,20260106T061500Z-QE24M
P-19406-B,30,Outside: passivation,supplier,0.0,passivation,IP-19406-30,20260106T061500Z-QE24M
P-19406-B,40,Final inspection and pack,inspection,0.2,,IP-19406-40,20260106T061500Z-QE24M
P-19426-D,10,Turn complete,multi_axis,0.87,,IP-19426-10,20260106T061500Z-QE24M
P-19426-D,20,Deburr and wash,bench,0.3,,,20260106T061500Z-QE24M
P-19426-D,30,Outside: passivation,supplier,0.0,passivation,IP-19426-30,20260106T061500Z-QE24M
P-19426-D,40,Final inspection and pack,inspection,0.2,,IP-19426-40,20260106T061500Z-QE24M
P-19433-A,10,Turn complete,multi_axis,1.85,,IP-19433-10,20260106T061500Z-QE24M
P-19433-A,20,Deburr and wash,bench,0.3,,,20260106T061500Z-QE24M
P-19433-A,30,Outside: passivation,supplier,0.0,passivation,IP-19433-30,20260106T061500Z-QE24M
P-19433-A,40,Final inspection and pack,inspection,0.2,,IP-19433-40,20260106T061500Z-QE24M
P-19446-A,10,Turn complete,multi_axis,1.87,,IP-19446-10,20260106T061500Z-QE24M
P-19446-A,20,Deburr and wash,bench,0.3,,,20260106T061500Z-QE24M
P-19446-A,30,Outside: passivation,supplier,0.0,passivation,IP-19446-30,20260106T061500Z-QE24M
P-19446-A,40,Final inspection and pack,inspection,0.2,,IP-19446-40,20260106T061500Z-QE24M
P-19449-A,10,Turn complete,multi_axis,1.54,,IP-19449-10,20260106T061500Z-QE24M
P-19449-A,20,Deburr and wash,bench,0.3,,,20260106T061500Z-QE24M
P-19449-A,30,Outside: passivation,supplier,0.0,passivation,IP-19449-30,20260106T061500Z-QE24M
P-19449-A,40,Final inspection and pack,inspection,0.2,,IP-19449-40,20260106T061500Z-QE24M
P-19461-D,10,Turn complete,multi_axis,1.05,,IP-19461-10,20260106T061500Z-QE24M
P-19461-D,20,Deburr and wash,bench,0.3,,,20260106T061500Z-QE24M
P-19461-D,30,Outside: passivation,supplier,0.0,passivation,IP-19461-30,20260106T061500Z-QE24M
P-19461-D,40,Final inspection and pack,inspection,0.2,,IP-19461-40,20260106T061500Z-QE24M
