transaction_id,job_id,quantity,cost,reason_code,transaction_date,ncr_id,export_batch_id
ST-000001,L23-1219,23,269.84,process,2024-01-03,,20260106T061500Z-QE24M
ST-000002,L23-1221,16,512.85,process,2024-01-03,,20260106T061500Z-QE24M
ST-000003,L23-1217,76,958.17,NCR,2024-01-04,NCR-23-0882,20260106T061500Z-QE24M
ST-000004,L23-1222,13,182.82,process,2024-01-05,,20260106T061500Z-QE24M
ST-000005,L24-0001,5,19.23,setup,2024-01-08,,20260106T061500Z-QE24M
ST-000006,L24-0002,7,23.05,setup,2024-01-09,,20260106T061500Z-QE24M
ST-000007,L24-0003,5,44.78,setup,2024-01-10,,20260106T061500Z-QE24M
ST-000008,L24-0003,10,179.13,process,2024-01-11,,20260106T061500Z-QE24M
ST-000009,L24-0002,26,171.26,process,2024-01-12,,20260106T061500Z-QE24M
ST-000010,L24-0004,2,15.56,setup,2024-01-12,,20260106T061500Z-QE24M
ST-000011,L24-0005,6,24.02,setup,2024-01-15,,20260106T061500Z-QE24M
ST-000012,L24-0006,8,25.65,setup,2024-01-15,,20260106T061500Z-QE24M
ST-000013,L24-0007,5,13.97,setup,2024-01-15,,20260106T061500Z-QE24M
ST-000014,L24-0004,5,77.8,process,2024-01-16,,20260106T061500Z-QE24M
ST-000015,L24-0006,1,6.41,process,2024-01-16,,20260106T061500Z-QE24M
ST-000016,L24-0008,4,55.33,setup,2024-01-16,,20260106T061500Z-QE24M
ST-000017,L24-0009,2,30.9,setup,2024-01-16,,20260106T061500Z-QE24M
ST-000018,L24-0005,5,40.04,process,2024-01-17,,20260106T061500Z-QE24M
ST-000019,L24-0008,1,27.66,process,2024-01-17,,20260106T061500Z-QE24M
ST-000020,L24-0009,8,247.18,process,2024-01-17,,20260106T061500Z-QE24M
ST-000021,L24-0010,5,58.66,setup,2024-01-17,,20260106T061500Z-QE24M
ST-000022,L24-0011,2,19.26,setup,2024-01-17,,20260106T061500Z-QE24M
ST-000023,L24-0010,5,117.32,process,2024-01-18,,20260106T061500Z-QE24M
ST-000024,L24-0012,2,16.11,setup,2024-01-19,,20260106T061500Z-QE24M
ST-000025,L24-0013,7,30.18,setup,2024-01-19,,20260106T061500Z-QE24M
ST-000026,L24-0014,7,30.65,setup,2024-01-22,,20260106T061500Z-QE24M
ST-000027,L24-0015,6,42.19,setup,2024-01-22,,20260106T061500Z-QE24M
ST-000028,L24-0016,7,25.14,setup,2024-01-22,,20260106T061500Z-QE24M
ST-000029,L24-0017,1,3.99,setup,2024-01-22,,20260106T061500Z-QE24M
ST-000030,L24-0018,2,5.64,setup,2024-01-22,,20260106T061500Z-QE24M
ST-000031,L24-0019,5,19.23,setup,2024-01-22,,20260106T061500Z-QE24M
ST-000032,L24-0020,6,116.61,setup,2024-01-22,,20260106T061500Z-QE24M
ST-000033,L24-0021,7,99.05,setup,2024-01-22,,20260106T061500Z-QE24M
ST-000034,L24-0016,19,136.46,process,2024-01-23,,20260106T061500Z-QE24M
ST-000035,L24-0019,3,23.08,process,2024-01-23,,20260106T061500Z-QE24M
ST-000036,L24-0008,119,3527.16,NCR,2024-01-24,NCR-24-0005,20260106T061500Z-QE24M
ST-000037,L24-0012,9,144.96,process,2024-01-24,,20260106T061500Z-QE24M
ST-000038,L24-0013,29,250.1,process,2024-01-24,,20260106T061500Z-QE24M
ST-000039,L24-0021,4,113.2,process,2024-01-24,,20260106T061500Z-QE24M
ST-000040,L24-0022,7,80.26,setup,2024-01-24,,20260106T061500Z-QE24M
ST-000041,L24-0023,6,14.24,setup,2024-01-24,,20260106T061500Z-QE24M
ST-000042,L24-0024,4,16.17,setup,2024-01-24,,20260106T061500Z-QE24M
ST-000043,L24-0025,4,21.5,setup,2024-01-24,,20260106T061500Z-QE24M
ST-000044,L24-0026,7,86.0,setup,2024-01-24,,20260106T061500Z-QE24M
ST-000045,L24-0027,5,77.88,setup,2024-01-25,,20260106T061500Z-QE24M
ST-000046,L24-0014,2,17.51,process,2024-01-26,,20260106T061500Z-QE24M
ST-000047,L24-0022,6,137.59,process,2024-01-26,,20260106T061500Z-QE24M
ST-000048,L24-0023,12,56.95,process,2024-01-26,,20260106T061500Z-QE24M
ST-000049,L24-0025,18,193.54,process,2024-01-26,,20260106T061500Z-QE24M
ST-000050,L24-0027,8,249.2,process,2024-01-26,,20260106T061500Z-QE24M
ST-000051,L24-0028,6,20.03,setup,2024-01-26,,20260106T061500Z-QE24M
ST-000052,L23-1225,22,1737.63,NCR,2024-01-27,NCR-24-0004,20260106T061500Z-QE24M
ST-000053,L24-0020,47,1826.94,process,2024-01-29,,20260106T061500Z-QE24M
ST-000054,L24-0024,3,24.26,process,2024-01-29,,20260106T061500Z-QE24M
ST-000055,L24-0026,11,270.27,process,2024-01-29,,20260106T061500Z-QE24M
ST-000056,L24-0029,7,18.64,setup,2024-01-29,,20260106T061500Z-QE24M
ST-000057,L24-0031,8,41.69,setup,2024-01-29,,20260106T061500Z-QE24M
ST-000058,L24-0032,4,17.09,setup,2024-01-29,,20260106T061500Z-QE24M
ST-000059,L24-0033,2,6.86,setup,2024-01-29,,20260106T061500Z-QE24M
ST-000060,L24-0034,2,18.14,setup,2024-01-29,,20260106T061500Z-QE24M
ST-000061,L24-0035,7,91.12,setup,2024-01-29,,20260106T061500Z-QE24M
ST-000062,L24-0036,1,3.52,setup,2024-01-29,,20260106T061500Z-QE24M
ST-000063,L24-0037,5,16.99,setup,2024-01-29,,20260106T061500Z-QE24M
ST-000064,L24-0035,18,468.59,process,2024-01-30,,20260106T061500Z-QE24M
ST-000065,L24-0038,5,46.39,setup,2024-01-30,,20260106T061500Z-QE24M
ST-000066,L24-0015,10,140.63,process,2024-01-31,,20260106T061500Z-QE24M
ST-000067,L24-0031,11,114.65,process,2024-01-31,,20260106T061500Z-QE24M
ST-000068,L24-0033,14,96.04,process,2024-01-31,,20260106T061500Z-QE24M
ST-000069,L24-0040,3,12.75,setup,2024-01-31,,20260106T061500Z-QE24M
ST-000070,L24-0018,131,791.9,NCR,2024-02-01,NCR-24-0006,20260106T061500Z-QE24M
ST-000071,L24-0029,3,15.98,process,2024-02-01,,20260106T061500Z-QE24M
ST-000072,L24-0037,5,33.98,process,2024-02-01,,20260106T061500Z-QE24M
ST-000073,L24-0038,5,92.78,process,2024-02-01,,20260106T061500Z-QE24M
ST-000074,L24-0040,10,84.98,process,2024-02-01,,20260106T061500Z-QE24M
ST-000075,L24-0041,6,22.7,setup,2024-02-01,,20260106T061500Z-QE24M
ST-000076,L24-0042,7,39.05,setup,2024-02-01,,20260106T061500Z-QE24M
ST-000077,L24-0043,3,4.07,setup,2024-02-01,,20260106T061500Z-QE24M
ST-000078,L24-0044,4,79.45,setup,2024-02-01,,20260106T061500Z-QE24M
ST-000079,L24-0045,5,71.92,setup,2024-02-01,,20260106T061500Z-QE24M
ST-000080,L24-0046,5,14.16,setup,2024-02-01,,20260106T061500Z-QE24M
ST-000081,L24-0011,86,1656.7,process,2024-02-02,,20260106T061500Z-QE24M
ST-000082,L24-0041,1,7.57,process,2024-02-02,,20260106T061500Z-QE24M
ST-000083,L24-0047,2,22.67,setup,2024-02-02,,20260106T061500Z-QE24M
ST-000084,L24-0048,3,20.24,setup,2024-02-02,,20260106T061500Z-QE24M
ST-000085,L24-0049,4,72.73,setup,2024-02-02,,20260106T061500Z-QE24M
ST-000086,L24-0050,2,42.46,setup,2024-02-02,,20260106T061500Z-QE24M
ST-000087,L24-0051,2,27.26,setup,2024-02-02,,20260106T061500Z-QE24M
ST-000088,L24-0028,21,140.24,process,2024-02-05,,20260106T061500Z-QE24M
ST-000089,L24-0034,9,163.3,process,2024-02-05,,20260106T061500Z-QE24M
ST-000090,L24-0045,1,28.77,process,2024-02-05,,20260106T061500Z-QE24M
ST-000091,L24-0046,36,203.87,process,2024-02-05,,20260106T061500Z-QE24M
ST-000092,L24-0047,2,45.33,process,2024-02-05,,20260106T061500Z-QE24M
ST-000093,L24-0048,5,67.48,process,2024-02-05,,20260106T061500Z-QE24M
ST-000094,L24-0049,2,72.73,process,2024-02-05,,20260106T061500Z-QE24M
ST-000095,L24-0052,3,27.81,setup,2024-02-05,,20260106T061500Z-QE24M
ST-000096,L24-0053,4,14.45,setup,2024-02-05,,20260106T061500Z-QE24M
ST-000097,L24-0054,7,30.87,setup,2024-02-05,,20260106T061500Z-QE24M
ST-000098,L24-0055,3,28.16,setup,2024-02-05,,20260106T061500Z-QE24M
ST-000099,L24-0056,5,12.86,setup,2024-02-05,,20260106T061500Z-QE24M
ST-000100,L24-0057,1,13.08,setup,2024-02-05,,20260106T061500Z-QE24M
ST-000101,L24-0058,4,55.8,setup,2024-02-05,,20260106T061500Z-QE24M
ST-000102,L24-0059,4,50.37,setup,2024-02-05,,20260106T061500Z-QE24M
ST-000103,L24-0060,6,39.33,setup,2024-02-05,,20260106T061500Z-QE24M
ST-000104,L24-0015,367,5529.77,NCR,2024-02-06,NCR-24-0008,20260106T061500Z-QE24M
ST-000105,L24-0044,8,317.8,process,2024-02-06,,20260106T061500Z-QE24M
ST-000106,L24-0051,4,109.06,process,2024-02-06,,20260106T061500Z-QE24M
ST-000107,L24-0053,30,216.72,process,2024-02-06,,20260106T061500Z-QE24M
ST-000108,L24-0058,12,334.82,process,2024-02-06,,20260106T061500Z-QE24M
ST-000109,L24-0061,7,96.06,setup,2024-02-06,,20260106T061500Z-QE24M
ST-000110,L24-0062,2,19.53,setup,2024-02-06,,20260106T061500Z-QE24M
ST-000111,L24-0063,7,88.27,setup,2024-02-06,,20260106T061500Z-QE24M
ST-000112,L24-0064,7,27.68,setup,2024-02-06,,20260106T061500Z-QE24M
ST-000113,L24-0054,17,149.94,process,2024-02-07,,20260106T061500Z-QE24M
ST-000114,L24-0055,6,112.64,process,2024-02-07,,20260106T061500Z-QE24M
ST-000115,L24-0056,1,5.14,process,2024-02-07,,20260106T061500Z-QE24M
ST-000116,L24-0059,13,327.42,process,2024-02-07,,20260106T061500Z-QE24M
ST-000117,L24-0064,5,39.55,process,2024-02-07,,20260106T061500Z-QE24M
ST-000118,L24-0065,4,70.74,setup,2024-02-07,,20260106T061500Z-QE24M
ST-000119,L24-0066,3,11.54,setup,2024-02-07,,20260106T061500Z-QE24M
ST-000120,L24-0052,19,352.32,process,2024-02-08,,20260106T061500Z-QE24M
ST-000121,L24-0060,1,13.11,process,2024-02-08,,20260106T061500Z-QE24M
ST-000122,L24-0061,2,54.89,process,2024-02-08,,20260106T061500Z-QE24M
ST-000123,L24-0063,4,100.88,process,2024-02-08,,20260106T061500Z-QE24M
ST-000124,L24-0066,12,92.32,process,2024-02-08,,20260106T061500Z-QE24M
ST-000125,L24-0067,4,22.96,setup,2024-02-08,,20260106T061500Z-QE24M
ST-000126,L24-0042,10,111.58,process,2024-02-09,,20260106T061500Z-QE24M
ST-000127,L24-0067,14,160.72,process,2024-02-09,,20260106T061500Z-QE24M
ST-000128,L24-0069,3,23.9,setup,2024-02-09,,20260106T061500Z-QE24M
ST-000129,L24-0051,57,1665.11,NCR,2024-02-10,NCR-24-0013,20260106T061500Z-QE24M
ST-000130,L24-0062,3,58.59,process,2024-02-12,,20260106T061500Z-QE24M
ST-000131,L24-0065,22,778.16,process,2024-02-12,,20260106T061500Z-QE24M
ST-000132,L24-0070,6,85.13,setup,2024-02-12,,20260106T061500Z-QE24M
ST-000133,L24-0071,4,78.46,setup,2024-02-12,,20260106T061500Z-QE24M
ST-000134,L24-0072,2,6.76,setup,2024-02-12,,20260106T061500Z-QE24M
ST-000135,L24-0073,4,72.39,setup,2024-02-12,,20260106T061500Z-QE24M
ST-000136,L24-0074,7,33.47,setup,2024-02-12,,20260106T061500Z-QE24M
ST-000137,L24-0075,5,23.61,setup,2024-02-12,,20260106T061500Z-QE24M
ST-000138,L24-0076,1,4.33,setup,2024-02-12,,20260106T061500Z-QE24M
ST-000139,L24-0077,7,89.01,setup,2024-02-12,,20260106T061500Z-QE24M
ST-000140,L24-0078,5,28.1,setup,2024-02-12,,20260106T061500Z-QE24M
ST-000141,L24-0073,2,72.39,process,2024-02-13,,20260106T061500Z-QE24M
ST-000142,L24-0074,23,219.93,process,2024-02-13,,20260106T061500Z-QE24M
ST-000143,L24-0079,3,42.47,setup,2024-02-13,,20260106T061500Z-QE24M
ST-000144,L24-0069,11,175.25,process,2024-02-14,,20260106T061500Z-QE24M
ST-000145,L24-0071,12,470.74,process,2024-02-14,,20260106T061500Z-QE24M
ST-000146,L24-0077,15,381.46,process,2024-02-14,,20260106T061500Z-QE24M
ST-000147,L24-0078,1,11.24,process,2024-02-14,,20260106T061500Z-QE24M
ST-000148,L24-0079,12,339.78,process,2024-02-14,,20260106T061500Z-QE24M
ST-000149,L24-0080,5,156.66,process,2024-02-14,,20260106T061500Z-QE24M
ST-000150,L24-0080,3,47.0,setup,2024-02-14,,20260106T061500Z-QE24M
ST-000151,L24-0081,5,80.13,setup,2024-02-14,,20260106T061500Z-QE24M
ST-000152,L24-0082,5,19.65,setup,2024-02-14,,20260106T061500Z-QE24M
ST-000153,L24-0083,7,62.79,setup,2024-02-14,,20260106T061500Z-QE24M
ST-000154,L24-0084,4,33.52,setup,2024-02-14,,20260106T061500Z-QE24M
ST-000155,L24-0085,3,39.19,setup,2024-02-14,,20260106T061500Z-QE24M
ST-000156,L24-0086,6,37.0,setup,2024-02-14,,20260106T061500Z-QE24M
ST-000157,L24-0070,3,85.13,process,2024-02-15,,20260106T061500Z-QE24M
ST-000158,L24-0075,17,160.53,process,2024-02-15,,20260106T061500Z-QE24M
ST-000159,L24-0086,9,111.01,process,2024-02-15,,20260106T061500Z-QE24M
ST-000160,L24-0087,3,27.27,setup,2024-02-15,,20260106T061500Z-QE24M
ST-000161,L24-0088,4,20.57,setup,2024-02-15,,20260106T061500Z-QE24M
ST-000162,L24-0089,4,17.89,setup,2024-02-15,,20260106T061500Z-QE24M
ST-000163,L24-0082,15,117.92,process,2024-02-16,,20260106T061500Z-QE24M
ST-000164,L24-0083,1,17.94,process,2024-02-16,,20260106T061500Z-QE24M
ST-000165,L24-0085,6,156.74,process,2024-02-16,,20260106T061500Z-QE24M
ST-000166,L24-0087,1,18.18,process,2024-02-16,,20260106T061500Z-QE24M
ST-000167,L24-0088,4,41.13,process,2024-02-16,,20260106T061500Z-QE24M
ST-000168,L24-0090,6,70.39,setup,2024-02-16,,20260106T061500Z-QE24M
ST-000169,L24-0091,7,64.95,setup,2024-02-16,,20260106T061500Z-QE24M
ST-000170,L24-0092,3,35.65,setup,2024-02-16,,20260106T061500Z-QE24M
ST-000171,L24-0089,5,44.73,process,2024-02-19,,20260106T061500Z-QE24M
ST-000172,L24-0090,2,46.93,process,2024-02-19,,20260106T061500Z-QE24M
ST-000173,L24-0093,2,6.59,setup,2024-02-19,,20260106T061500Z-QE24M
ST-000174,L24-0094,3,12.94,setup,2024-02-19,,20260106T061500Z-QE24M
ST-000175,L24-0095,5,19.23,setup,2024-02-19,,20260106T061500Z-QE24M
ST-000176,L24-0096,2,9.03,setup,2024-02-19,,20260106T061500Z-QE24M
ST-000177,L24-0074,189,1936.31,NCR,2024-02-20,NCR-24-0020,20260106T061500Z-QE24M
ST-000178,L24-0091,2,37.11,process,2024-02-20,,20260106T061500Z-QE24M
ST-000179,L24-0096,3,27.09,process,2024-02-20,,20260106T061500Z-QE24M
ST-000180,L24-0097,2,12.98,setup,2024-02-20,,20260106T061500Z-QE24M
ST-000181,L24-0098,6,46.83,setup,2024-02-20,,20260106T061500Z-QE24M
ST-000182,L24-0099,4,59.25,setup,2024-02-20,,20260106T061500Z-QE24M
ST-000183,L24-0081,7,224.37,process,2024-02-21,,20260106T061500Z-QE24M
ST-000184,L24-0085,31,867.69,NCR,2024-02-21,NCR-24-0022,20260106T061500Z-QE24M
ST-000185,L24-0097,15,194.67,process,2024-02-21,,20260106T061500Z-QE24M
ST-000186,L24-0100,2,12.0,setup,2024-02-21,,20260106T061500Z-QE24M
ST-000187,L24-0101,5,57.14,setup,2024-02-21,,20260106T061500Z-QE24M
ST-000188,L24-0102,2,17.41,setup,2024-02-21,,20260106T061500Z-QE24M
ST-000189,L24-0093,15,98.8,process,2024-02-22,,20260106T061500Z-QE24M
ST-000190,L24-0094,4,34.5,process,2024-02-22,,20260106T061500Z-QE24M
ST-000191,L24-0098,1,15.61,process,2024-02-22,,20260106T061500Z-QE24M
ST-000192,L24-0100,1,12.0,process,2024-02-22,,20260106T061500Z-QE24M
ST-000193,L24-0103,2,8.01,setup,2024-02-22,,20260106T061500Z-QE24M
ST-000194,L24-0104,8,34.66,setup,2024-02-22,,20260106T061500Z-QE24M
ST-000195,L24-0101,12,274.26,process,2024-02-23,,20260106T061500Z-QE24M
ST-000196,L24-0105,4,20.51,setup,2024-02-23,,20260106T061500Z-QE24M
ST-000197,L24-0106,4,22.37,setup,2024-02-23,,20260106T061500Z-QE24M
ST-000198,L24-0103,7,56.06,process,2024-02-26,,20260106T061500Z-QE24M
ST-000199,L24-0107,7,42.58,setup,2024-02-26,,20260106T061500Z-QE24M
ST-000200,L24-0108,3,10.02,setup,2024-02-26,,20260106T061500Z-QE24M
ST-000201,L24-0109,11,221.07,process,2024-02-26,,20260106T061500Z-QE24M
ST-000202,L24-0109,2,20.1,setup,2024-02-26,,20260106T061500Z-QE24M
ST-000203,L24-0110,2,30.06,setup,2024-02-26,,20260106T061500Z-QE24M
ST-000204,L24-0111,6,80.51,setup,2024-02-26,,20260106T061500Z-QE24M
ST-000205,L24-0112,6,69.43,setup,2024-02-26,,20260106T061500Z-QE24M
ST-000206,L24-0107,1,12.17,process,2024-02-27,,20260106T061500Z-QE24M
ST-000207,L24-0111,9,241.54,process,2024-02-27,,20260106T061500Z-QE24M
ST-000208,L24-0113,8,185.19,setup,2024-02-27,,20260106T061500Z-QE24M
ST-000209,L24-0114,5,27.82,setup,2024-02-27,,20260106T061500Z-QE24M
ST-000210,L24-0115,5,32.99,setup,2024-02-27,,20260106T061500Z-QE24M
ST-000211,L24-0116,2,4.71,setup,2024-02-27,,20260106T061500Z-QE24M
ST-000212,L24-0117,5,75.83,setup,2024-02-27,,20260106T061500Z-QE24M
ST-000213,L24-0105,11,112.8,process,2024-02-28,,20260106T061500Z-QE24M
ST-000214,L24-0110,17,511.1,process,2024-02-28,,20260106T061500Z-QE24M
ST-000215,L24-0117,13,394.3,process,2024-02-28,,20260106T061500Z-QE24M
ST-000216,L24-0118,3,23.3,setup,2024-02-28,,20260106T061500Z-QE24M
ST-000217,L24-0119,3,19.93,process,2024-02-28,,20260106T061500Z-QE24M
ST-000218,L24-0119,2,6.64,setup,2024-02-28,,20260106T061500Z-QE24M
ST-000219,L24-0120,3,21.0,setup,2024-02-28,,20260106T061500Z-QE24M
ST-000220,L24-0122,7,31.58,setup,2024-02-28,,20260106T061500Z-QE24M
ST-000221,L24-0113,15,694.47,process,2024-02-29,,20260106T061500Z-QE24M
ST-000222,L24-0123,6,74.38,setup,2024-02-29,,20260106T061500Z-QE24M
ST-000223,L24-0124,4,25.55,setup,2024-02-29,,20260106T061500Z-QE24M
ST-000224,L24-0125,5,37.66,setup,2024-02-29,,20260106T061500Z-QE24M
ST-000225,L24-0126,5,64.07,setup,2024-02-29,,20260106T061500Z-QE24M
ST-000226,L24-0112,7,161.99,process,2024-03-01,,20260106T061500Z-QE24M
ST-000227,L24-0115,24,316.68,process,2024-03-01,,20260106T061500Z-QE24M
ST-000228,L24-0127,8,99.62,setup,2024-03-01,,20260106T061500Z-QE24M
ST-000229,L24-0128,3,33.9,setup,2024-03-01,,20260106T061500Z-QE24M
ST-000230,L24-0129,6,37.55,setup,2024-03-01,,20260106T061500Z-QE24M
ST-000231,L24-0130,3,46.85,setup,2024-03-01,,20260106T061500Z-QE24M
ST-000232,L24-0084,26,435.71,process,2024-03-04,,20260106T061500Z-QE24M
ST-000233,L24-0108,11,73.46,process,2024-03-04,,20260106T061500Z-QE24M
ST-000234,L24-0114,14,155.82,process,2024-03-04,,20260106T061500Z-QE24M
ST-000235,L24-0120,62,868.0,process,2024-03-04,,20260106T061500Z-QE24M
ST-000236,L24-0127,1,24.91,process,2024-03-04,,20260106T061500Z-QE24M
ST-000237,L24-0131,2,35.15,setup,2024-03-04,,20260106T061500Z-QE24M
ST-000238,L24-0132,7,50.91,setup,2024-03-04,,20260106T061500Z-QE24M
ST-000239,L24-0133,6,74.82,setup,2024-03-04,,20260106T061500Z-QE24M
ST-000240,L24-0134,3,6.7,setup,2024-03-04,,20260106T061500Z-QE24M
ST-000241,L24-0135,4,54.73,setup,2024-03-04,,20260106T061500Z-QE24M
ST-000242,L24-0136,2,6.52,setup,2024-03-04,,20260106T061500Z-QE24M
ST-000243,L24-0137,2,9.8,setup,2024-03-04,,20260106T061500Z-QE24M
ST-000244,L24-0138,5,47.95,setup,2024-03-04,,20260106T061500Z-QE24M
ST-000245,L24-0139,6,44.86,setup,2024-03-04,,20260106T061500Z-QE24M
ST-000246,L24-0140,6,30.74,setup,2024-03-04,,20260106T061500Z-QE24M
ST-000247,L24-0141,3,7.44,setup,2024-03-04,,20260106T061500Z-QE24M
ST-000248,L24-0118,3,46.6,process,2024-03-05,,20260106T061500Z-QE24M
ST-000249,L24-0130,11,343.57,process,2024-03-05,,20260106T061500Z-QE24M
ST-000250,L24-0133,4,99.76,process,2024-03-05,,20260106T061500Z-QE24M
ST-000251,L24-0135,2,54.73,process,2024-03-05,,20260106T061500Z-QE24M
ST-000252,L24-0136,1,6.52,process,2024-03-05,,20260106T061500Z-QE24M
ST-000253,L24-0137,4,39.2,process,2024-03-05,,20260106T061500Z-QE24M
ST-000254,L24-0142,6,60.9,setup,2024-03-05,,20260106T061500Z-QE24M
ST-000255,L24-0143,2,7.69,setup,2024-03-05,,20260106T061500Z-QE24M
ST-000256,L24-0144,5,66.5,setup,2024-03-05,,20260106T061500Z-QE24M
ST-000257,L24-0125,2,30.13,process,2024-03-06,,20260106T061500Z-QE24M
ST-000258,L24-0128,1,22.6,process,2024-03-06,,20260106T061500Z-QE24M
ST-000259,L24-0129,17,212.77,process,2024-03-06,,20260106T061500Z-QE24M
ST-000260,L24-0139,11,164.47,process,2024-03-06,,20260106T061500Z-QE24M
ST-000261,L24-0143,3,23.08,process,2024-03-06,,20260106T061500Z-QE24M
ST-000262,L24-0145,5,23.17,setup,2024-03-06,,20260106T061500Z-QE24M
ST-000263,L24-0146,5,44.73,setup,2024-03-06,,20260106T061500Z-QE24M
ST-000264,L24-0147,4,55.44,setup,2024-03-06,,20260106T061500Z-QE24M
ST-000265,L24-0148,7,46.45,setup,2024-03-06,,20260106T061500Z-QE24M
ST-000266,L24-0149,6,16.93,setup,2024-03-06,,20260106T061500Z-QE24M
ST-000267,L24-0150,4,79.7,setup,2024-03-06,,20260106T061500Z-QE24M
ST-000268,L24-0102,22,383.0,process,2024-03-07,,20260106T061500Z-QE24M
ST-000269,L24-0122,9,81.21,process,2024-03-07,,20260106T061500Z-QE24M
ST-000270,L24-0131,10,351.54,process,2024-03-07,,20260106T061500Z-QE24M
ST-000271,L24-0135,21,615.67,NCR,2024-03-07,NCR-24-0036,20260106T061500Z-QE24M
ST-000272,L24-0151,3,7.43,setup,2024-03-07,,20260106T061500Z-QE24M
ST-000273,L24-0152,2,10.58,setup,2024-03-07,,20260106T061500Z-QE24M
ST-000274,L24-0153,6,20.66,setup,2024-03-07,,20260106T061500Z-QE24M
ST-000275,L24-0154,5,24.41,setup,2024-03-07,,20260106T061500Z-QE24M
ST-000276,L24-0114,405,4829.62,NCR,2024-03-08,NCR-24-0033,20260106T061500Z-QE24M
ST-000277,L24-0123,120,3187.8,NCR,2024-03-08,NCR-24-0034,20260106T061500Z-QE24M
ST-000278,L24-0132,66,960.04,process,2024-03-08,,20260106T061500Z-QE24M
ST-000279,L24-0141,44,218.37,process,2024-03-08,,20260106T061500Z-QE24M
ST-000280,L24-0148,3,39.82,process,2024-03-08,,20260106T061500Z-QE24M
ST-000281,L24-0155,8,47.63,setup,2024-03-08,,20260106T061500Z-QE24M
ST-000282,L24-0156,7,58.97,setup,2024-03-08,,20260106T061500Z-QE24M
ST-000283,L24-0157,3,21.77,setup,2024-03-08,,20260106T061500Z-QE24M
ST-000284,L24-0029,102,776.22,NCR,2024-03-11,NCR-24-0040,20260106T061500Z-QE24M
ST-000285,L24-0146,11,196.81,process,2024-03-11,,20260106T061500Z-QE24M
ST-000286,L24-0158,8,14.06,setup,2024-03-11,,20260106T061500Z-QE24M
ST-000287,L24-0159,3,17.17,setup,2024-03-11,,20260106T061500Z-QE24M
ST-000288,L24-0160,7,36.04,setup,2024-03-11,,20260106T061500Z-QE24M
ST-000289,L24-0161,2,17.69,setup,2024-03-11,,20260106T061500Z-QE24M
ST-000290,L24-0162,7,20.48,setup,2024-03-11,,20260106T061500Z-QE24M
ST-000291,L24-0163,6,25.87,setup,2024-03-11,,20260106T061500Z-QE24M
ST-000292,L24-0164,2,9.04,setup,2024-03-11,,20260106T061500Z-QE24M
ST-000293,L24-0165,4,23.25,setup,2024-03-11,,20260106T061500Z-QE24M
ST-000294,L24-0166,3,33.01,process,2024-03-11,,20260106T061500Z-QE24M
ST-000295,L24-0166,2,11.0,setup,2024-03-11,,20260106T061500Z-QE24M
ST-000296,L24-0167,6,62.01,setup,2024-03-11,,20260106T061500Z-QE24M
ST-000297,L24-0168,7,39.81,setup,2024-03-11,,20260106T061500Z-QE24M
ST-000298,L24-0169,7,105.62,setup,2024-03-11,,20260106T061500Z-QE24M
ST-000299,L24-0170,4,8.44,setup,2024-03-11,,20260106T061500Z-QE24M
ST-000300,L24-0171,2,18.82,setup,2024-03-11,,20260106T061500Z-QE24M
ST-000301,L24-0172,3,10.02,setup,2024-03-11,,20260106T061500Z-QE24M
ST-000302,L24-0153,2,13.78,process,2024-03-12,,20260106T061500Z-QE24M
ST-000303,L24-0157,7,101.58,process,2024-03-12,,20260106T061500Z-QE24M
ST-000304,L24-0158,9,31.63,process,2024-03-12,,20260106T061500Z-QE24M
ST-000305,L24-0162,2,11.7,process,2024-03-12,,20260106T061500Z-QE24M
ST-000306,L24-0169,2,60.35,process,2024-03-12,,20260106T061500Z-QE24M
ST-000307,L24-0170,2,8.44,process,2024-03-12,,20260106T061500Z-QE24M
ST-000308,L24-0171,3,56.47,process,2024-03-12,,20260106T061500Z-QE24M
ST-000309,L24-0173,5,15.84,setup,2024-03-12,,20260106T061500Z-QE24M
ST-000310,L24-0174,2,8.75,setup,2024-03-12,,20260106T061500Z-QE24M
ST-000311,L24-0175,3,13.21,setup,2024-03-12,,20260106T061500Z-QE24M
ST-000312,L24-0176,5,50.05,setup,2024-03-12,,20260106T061500Z-QE24M
ST-000313,L24-0155,4,47.63,process,2024-03-13,,20260106T061500Z-QE24M
ST-000314,L24-0159,22,251.79,process,2024-03-13,,20260106T061500Z-QE24M
ST-000315,L24-0160,3,30.89,process,2024-03-13,,20260106T061500Z-QE24M
ST-000316,L24-0165,4,46.51,process,2024-03-13,,20260106T061500Z-QE24M
ST-000317,L24-0173,9,57.02,process,2024-03-13,,20260106T061500Z-QE24M
ST-000318,L24-0177,3,17.65,setup,2024-03-13,,20260106T061500Z-QE24M
ST-000319,L24-0178,6,30.2,setup,2024-03-13,,20260106T061500Z-QE24M
ST-000320,L24-0179,4,27.19,setup,2024-03-13,,20260106T061500Z-QE24M
ST-000321,L24-0180,8,108.36,setup,2024-03-13,,20260106T061500Z-QE24M
ST-000322,L24-0181,4,53.55,setup,2024-03-13,,20260106T061500Z-QE24M
ST-000323,L24-0182,6,78.37,setup,2024-03-13,,20260106T061500Z-QE24M
ST-000324,L24-0152,16,169.23,process,2024-03-14,,20260106T061500Z-QE24M
ST-000325,L24-0161,24,424.54,process,2024-03-14,,20260106T061500Z-QE24M
ST-000326,L24-0163,43,370.83,process,2024-03-14,,20260106T061500Z-QE24M
ST-000327,L24-0164,4,36.18,process,2024-03-14,,20260106T061500Z-QE24M
ST-000328,L24-0170,19,85.93,NCR,2024-03-14,NCR-24-0044,20260106T061500Z-QE24M
ST-000329,L24-0174,29,253.75,process,2024-03-14,,20260106T061500Z-QE24M
ST-000330,L24-0177,1,11.77,process,2024-03-14,,20260106T061500Z-QE24M
ST-000331,L24-0181,1,26.78,process,2024-03-14,,20260106T061500Z-QE24M
ST-000332,L24-0183,5,21.96,setup,2024-03-14,,20260106T061500Z-QE24M
ST-000333,L24-0184,6,92.69,setup,2024-03-14,,20260106T061500Z-QE24M
ST-000334,L24-0185,6,22.93,setup,2024-03-14,,20260106T061500Z-QE24M
ST-000335,L24-0186,7,25.41,setup,2024-03-14,,20260106T061500Z-QE24M
ST-000336,L24-0187,6,127.87,setup,2024-03-14,,20260106T061500Z-QE24M
ST-000337,L24-0161,590,11181.97,NCR,2024-03-15,NCR-24-0046,20260106T061500Z-QE24M
ST-000338,L24-0178,12,120.79,process,2024-03-15,,20260106T061500Z-QE24M
ST-000339,L24-0182,15,391.86,process,2024-03-15,,20260106T061500Z-QE24M
ST-000340,L24-0188,4,22.37,setup,2024-03-15,,20260106T061500Z-QE24M
ST-000341,L24-0189,5,19.23,setup,2024-03-15,,20260106T061500Z-QE24M
ST-000342,L24-0144,40,1140.0,NCR,2024-03-16,NCR-24-0038,20260106T061500Z-QE24M
ST-000343,L24-0162,32,200.64,NCR,2024-03-17,NCR-24-0043,20260106T061500Z-QE24M
ST-000344,L24-0176,29,580.58,process,2024-03-18,,20260106T061500Z-QE24M
ST-000345,L24-0190,2,4.12,setup,2024-03-18,,20260106T061500Z-QE24M
ST-000346,L24-0191,5,49.1,setup,2024-03-18,,20260106T061500Z-QE24M
ST-000347,L24-0192,2,20.45,setup,2024-03-18,,20260106T061500Z-QE24M
ST-000348,L24-0193,5,65.38,setup,2024-03-18,,20260106T061500Z-QE24M
ST-000349,L24-0194,3,7.57,setup,2024-03-18,,20260106T061500Z-QE24M
ST-000350,L24-0195,8,98.28,setup,2024-03-18,,20260106T061500Z-QE24M
ST-000351,L24-0196,6,24.44,setup,2024-03-18,,20260106T061500Z-QE24M
ST-000352,L24-0197,4,40.03,setup,2024-03-18,,20260106T061500Z-QE24M
ST-000353,L24-0198,2,17.36,setup,2024-03-18,,20260106T061500Z-QE24M
ST-000354,L24-0180,362,10507.05,NCR,2024-03-19,NCR-24-0052,20260106T061500Z-QE24M
ST-000355,L24-0180,24,650.16,process,2024-03-19,,20260106T061500Z-QE24M
ST-000356,L24-0191,5,98.21,process,2024-03-19,,20260106T061500Z-QE24M
ST-000357,L24-0193,4,104.61,process,2024-03-19,,20260106T061500Z-QE24M
ST-000358,L24-0198,3,52.08,process,2024-03-19,,20260106T061500Z-QE24M
ST-000359,L24-0199,6,15.02,setup,2024-03-19,,20260106T061500Z-QE24M
ST-000360,L24-0200,7,62.7,setup,2024-03-19,,20260106T061500Z-QE24M
ST-000361,L24-0201,1,6.03,setup,2024-03-19,,20260106T061500Z-QE24M
ST-000362,L24-0202,3,30.08,setup,2024-03-19,,20260106T061500Z-QE24M
ST-000363,L24-0203,5,28.21,setup,2024-03-19,,20260106T061500Z-QE24M
ST-000364,L24-0156,41,690.81,process,2024-03-20,,20260106T061500Z-QE24M
ST-000365,L24-0168,1,11.38,process,2024-03-20,,20260106T061500Z-QE24M
ST-000366,L24-0172,28,186.98,process,2024-03-20,,20260106T061500Z-QE24M
ST-000367,L24-0185,17,129.95,process,2024-03-20,,20260106T061500Z-QE24M
ST-000368,L24-0187,56,2386.89,process,2024-03-20,,20260106T061500Z-QE24M
ST-000369,L24-0195,23,565.11,process,2024-03-20,,20260106T061500Z-QE24M
ST-000370,L24-0204,4,53.0,setup,2024-03-20,,20260106T061500Z-QE24M
ST-000371,L24-0205,3,12.8,setup,2024-03-20,,20260106T061500Z-QE24M
ST-000372,L24-0206,5,7.33,setup,2024-03-20,,20260106T061500Z-QE24M
ST-000373,L24-0207,7,88.22,setup,2024-03-20,,20260106T061500Z-QE24M
ST-000374,L24-0208,5,38.9,setup,2024-03-20,,20260106T061500Z-QE24M
ST-000375,L24-0186,17,123.4,process,2024-03-21,,20260106T061500Z-QE24M
ST-000376,L24-0200,10,179.13,process,2024-03-21,,20260106T061500Z-QE24M
ST-000377,L24-0202,8,160.44,process,2024-03-21,,20260106T061500Z-QE24M
ST-000378,L24-0203,30,338.52,process,2024-03-21,,20260106T061500Z-QE24M
ST-000379,L24-0204,8,212.02,process,2024-03-21,,20260106T061500Z-QE24M
ST-000380,L24-0209,2,6.76,setup,2024-03-21,,20260106T061500Z-QE24M
ST-000381,L24-0210,5,17.71,setup,2024-03-21,,20260106T061500Z-QE24M
ST-000382,L24-0211,7,29.42,setup,2024-03-21,,20260106T061500Z-QE24M
ST-000383,L24-0212,7,38.76,setup,2024-03-21,,20260106T061500Z-QE24M
ST-000384,L24-0213,4,50.11,setup,2024-03-21,,20260106T061500Z-QE24M
ST-000385,L24-0214,8,114.07,setup,2024-03-21,,20260106T061500Z-QE24M
ST-000386,L24-0215,5,27.79,setup,2024-03-21,,20260106T061500Z-QE24M
ST-000387,L24-0216,6,24.34,setup,2024-03-21,,20260106T061500Z-QE24M
ST-000388,L24-0217,1,9.56,setup,2024-03-21,,20260106T061500Z-QE24M
ST-000389,L24-0183,1,8.78,process,2024-03-22,,20260106T061500Z-QE24M
ST-000390,L24-0190,66,272.12,process,2024-03-22,,20260106T061500Z-QE24M
ST-000391,L24-0206,5,14.66,process,2024-03-22,,20260106T061500Z-QE24M
ST-000392,L24-0214,7,199.63,process,2024-03-22,,20260106T061500Z-QE24M
ST-000393,L24-0218,2,29.34,setup,2024-03-22,,20260106T061500Z-QE24M
ST-000394,L24-0219,8,24.64,setup,2024-03-22,,20260106T061500Z-QE24M
ST-000395,L24-0220,6,33.52,setup,2024-03-22,,20260106T061500Z-QE24M
ST-000396,L24-0221,2,6.59,setup,2024-03-22,,20260106T061500Z-QE24M
ST-000397,L24-0222,2,56.17,setup,2024-03-22,,20260106T061500Z-QE24M
ST-000398,L24-0208,1,15.56,process,2024-03-25,,20260106T061500Z-QE24M
ST-000399,L24-0213,22,551.17,process,2024-03-25,,20260106T061500Z-QE24M
ST-000400,L24-0218,1,29.34,process,2024-03-25,,20260106T061500Z-QE24M
ST-000401,L24-0223,6,21.34,setup,2024-03-25,,20260106T061500Z-QE24M
ST-000402,L24-0224,2,10.93,setup,2024-03-25,,20260106T061500Z-QE24M
ST-000403,L24-0225,5,27.98,setup,2024-03-25,,20260106T061500Z-QE24M
ST-000404,L24-0226,3,12.35,setup,2024-03-25,,20260106T061500Z-QE24M
ST-000405,L24-0227,4,33.95,setup,2024-03-25,,20260106T061500Z-QE24M
ST-000406,L24-0228,8,21.17,setup,2024-03-25,,20260106T061500Z-QE24M
ST-000407,L24-0229,4,45.85,setup,2024-03-25,,20260106T061500Z-QE24M
ST-000408,L24-0230,4,61.04,setup,2024-03-25,,20260106T061500Z-QE24M
ST-000409,L24-0231,5,58.66,setup,2024-03-25,,20260106T061500Z-QE24M
ST-000410,L24-0232,6,21.8,setup,2024-03-25,,20260106T061500Z-QE24M
ST-000411,L24-0233,3,12.8,setup,2024-03-25,,20260106T061500Z-QE24M
ST-000412,L24-0234,2,26.31,setup,2024-03-25,,20260106T061500Z-QE24M
ST-000413,L24-0053,212,2187.84,NCR,2024-03-26,NCR-24-0051,20260106T061500Z-QE24M
ST-000414,L24-0211,27,226.99,process,2024-03-26,,20260106T061500Z-QE24M
ST-000415,L24-0223,9,64.01,process,2024-03-26,,20260106T061500Z-QE24M
ST-000416,L24-0224,11,120.2,process,2024-03-26,,20260106T061500Z-QE24M
ST-000417,L24-0225,3,33.58,process,2024-03-26,,20260106T061500Z-QE24M
ST-000418,L24-0231,2,46.93,process,2024-03-26,,20260106T061500Z-QE24M
ST-000419,L24-0235,8,104.83,setup,2024-03-26,,20260106T061500Z-QE24M
ST-000420,L24-0236,5,22.66,setup,2024-03-26,,20260106T061500Z-QE24M
ST-000421,L24-0237,3,11.54,setup,2024-03-26,,20260106T061500Z-QE24M
ST-000422,L24-0238,5,76.05,setup,2024-03-26,,20260106T061500Z-QE24M
ST-000423,L24-0212,19,210.41,process,2024-03-27,,20260106T061500Z-QE24M
ST-000424,L24-0221,25,164.68,process,2024-03-27,,20260106T061500Z-QE24M
ST-000425,L24-0226,8,65.86,process,2024-03-27,,20260106T061500Z-QE24M
ST-000426,L24-0227,5,84.88,process,2024-03-27,,20260106T061500Z-QE24M
ST-000427,L24-0228,2,10.58,process,2024-03-27,,20260106T061500Z-QE24M
ST-000428,L24-0233,16,136.53,process,2024-03-27,,20260106T061500Z-QE24M
ST-000429,L24-0234,3,78.92,process,2024-03-27,,20260106T061500Z-QE24M
ST-000430,L24-0237,6,46.16,process,2024-03-27,,20260106T061500Z-QE24M
ST-000431,L24-0238,4,121.69,process,2024-03-27,,20260106T061500Z-QE24M
ST-000432,L24-0239,7,120.22,setup,2024-03-27,,20260106T061500Z-QE24M
ST-000433,L24-0241,7,51.57,setup,2024-03-27,,20260106T061500Z-QE24M
ST-000434,L24-0242,8,36.09,setup,2024-03-27,,20260106T061500Z-QE24M
ST-000435,L24-0243,1,15.79,setup,2024-03-27,,20260106T061500Z-QE24M
ST-000436,L24-0244,4,15.46,setup,2024-03-27,,20260106T061500Z-QE24M
ST-000437,L24-0245,4,16.02,setup,2024-03-27,,20260106T061500Z-QE24M
ST-000438,L24-0188,18,201.35,process,2024-03-28,,20260106T061500Z-QE24M
ST-000439,L24-0235,4,104.83,process,2024-03-28,,20260106T061500Z-QE24M
ST-000440,L24-0239,1,34.35,process,2024-03-28,,20260106T061500Z-QE24M
ST-000441,L24-0241,5,73.68,process,2024-03-28,,20260106T061500Z-QE24M
ST-000442,L24-0244,9,69.55,process,2024-03-28,,20260106T061500Z-QE24M
ST-000443,L24-0246,3,66.63,setup,2024-03-28,,20260106T061500Z-QE24M
ST-000444,L24-0247,7,43.17,setup,2024-03-28,,20260106T061500Z-QE24M
ST-000445,L24-0248,3,13.0,setup,2024-03-28,,20260106T061500Z-QE24M
ST-000446,L24-0249,4,44.81,setup,2024-03-28,,20260106T061500Z-QE24M
ST-000447,L24-0250,1,3.97,setup,2024-03-28,,20260106T061500Z-QE24M
ST-000448,L24-0196,68,554.06,process,2024-03-29,,20260106T061500Z-QE24M
ST-000449,L24-0207,27,680.59,process,2024-03-29,,20260106T061500Z-QE24M
ST-000450,L24-0219,53,326.48,process,2024-03-29,,20260106T061500Z-QE24M
ST-000451,L24-0236,4,36.26,process,2024-03-29,,20260106T061500Z-QE24M
ST-000452,L24-0245,14,112.11,process,2024-03-29,,20260106T061500Z-QE24M
ST-000453,L24-0247,15,185.01,process,2024-03-29,,20260106T061500Z-QE24M
ST-000454,L24-0248,5,43.33,process,2024-03-29,,20260106T061500Z-QE24M
ST-000455,L24-0251,2,9.7,setup,2024-03-29,,20260106T061500Z-QE24M
ST-000456,L24-0252,5,17.2,setup,2024-03-29,,20260106T061500Z-QE24M
ST-000457,L24-0253,3,12.82,setup,2024-03-29,,20260106T061500Z-QE24M
ST-000458,L24-0254,5,105.28,setup,2024-03-29,,20260106T061500Z-QE24M
ST-000459,L24-0255,5,25.6,setup,2024-03-29,,20260106T061500Z-QE24M
ST-000460,L24-0256,4,9.93,setup,2024-03-29,,20260106T061500Z-QE24M
ST-000461,L24-0246,38,1808.61,NCR,2024-03-30,NCR-24-0065,20260106T061500Z-QE24M
ST-000462,L24-0255,5,51.2,process,2024-04-01,,20260106T061500Z-QE24M
ST-000463,L24-0257,3,11.97,setup,2024-04-01,,20260106T061500Z-QE24M
ST-000464,L24-0258,5,60.44,setup,2024-04-01,,20260106T061500Z-QE24M
ST-000465,L24-0259,2,8.55,setup,2024-04-01,,20260106T061500Z-QE24M
ST-000466,L24-0260,7,33.47,setup,2024-04-01,,20260106T061500Z-QE24M
ST-000467,L24-0261,2,28.32,setup,2024-04-01,,20260106T061500Z-QE24M
ST-000468,L24-0262,2,24.91,setup,2024-04-01,,20260106T061500Z-QE24M
ST-000469,L24-0263,5,13.32,setup,2024-04-01,,20260106T061500Z-QE24M
ST-000470,L24-0264,3,43.0,setup,2024-04-01,,20260106T061500Z-QE24M
ST-000471,L24-0210,45,318.78,process,2024-04-02,,20260106T061500Z-QE24M
ST-000472,L24-0233,257,2349.62,NCR,2024-04-02,NCR-24-0060,20260106T061500Z-QE24M
ST-000473,L24-0249,3,67.22,process,2024-04-02,,20260106T061500Z-QE24M
ST-000474,L24-0260,8,76.5,process,2024-04-02,,20260106T061500Z-QE24M
ST-000475,L24-0264,3,86.0,process,2024-04-02,,20260106T061500Z-QE24M
ST-000476,L24-0265,7,78.72,setup,2024-04-02,,20260106T061500Z-QE24M
ST-000477,L24-0266,8,32.34,setup,2024-04-02,,20260106T061500Z-QE24M
ST-000478,L24-0267,4,24.81,setup,2024-04-02,,20260106T061500Z-QE24M
ST-000479,L24-0268,2,10.09,setup,2024-04-02,,20260106T061500Z-QE24M
ST-000480,L24-0269,6,42.76,setup,2024-04-02,,20260106T061500Z-QE24M
ST-000481,L24-0270,8,52.44,setup,2024-04-02,,20260106T061500Z-QE24M
ST-000482,L24-0271,2,28.46,setup,2024-04-02,,20260106T061500Z-QE24M
ST-000483,L24-0230,11,335.72,process,2024-04-03,,20260106T061500Z-QE24M
ST-000484,L24-0232,28,203.45,process,2024-04-03,,20260106T061500Z-QE24M
ST-000485,L24-0237,72,593.46,NCR,2024-04-03,NCR-24-0063,20260106T061500Z-QE24M
ST-000486,L24-0242,16,144.37,process,2024-04-03,,20260106T061500Z-QE24M
ST-000487,L24-0262,4,99.62,process,2024-04-03,,20260106T061500Z-QE24M
ST-000488,L24-0272,7,22.44,setup,2024-04-03,,20260106T061500Z-QE24M
ST-000489,L24-0273,2,61.89,setup,2024-04-03,,20260106T061500Z-QE24M
ST-000490,L24-0274,4,58.95,setup,2024-04-03,,20260106T061500Z-QE24M
ST-000491,L24-0276,7,19.82,setup,2024-04-03,,20260106T061500Z-QE24M
ST-000492,L24-0277,2,4.1,setup,2024-04-03,,20260106T061500Z-QE24M
ST-000493,L24-0278,6,21.97,setup,2024-04-03,,20260106T061500Z-QE24M
ST-000494,L24-0279,8,43.79,setup,2024-04-03,,20260106T061500Z-QE24M
ST-000495,L24-0231,114,2865.96,NCR,2024-04-04,NCR-24-0061,20260106T061500Z-QE24M
ST-000496,L24-0268,6,60.56,process,2024-04-04,,20260106T061500Z-QE24M
ST-000497,L24-0272,19,121.83,process,2024-04-04,,20260106T061500Z-QE24M
ST-000498,L24-0273,1,61.89,process,2024-04-04,,20260106T061500Z-QE24M
ST-000499,L24-0280,4,23.97,setup,2024-04-04,,20260106T061500Z-QE24M
ST-000500,L24-0281,4,18.21,setup,2024-04-04,,20260106T061500Z-QE24M
ST-000501,L24-0282,2,11.58,setup,2024-04-04,,20260106T061500Z-QE24M
ST-000502,L24-0283,7,80.73,setup,2024-04-04,,20260106T061500Z-QE24M
ST-000503,L24-0284,2,13.08,setup,2024-04-04,,20260106T061500Z-QE24M
ST-000504,L24-0266,1,8.09,process,2024-04-05,,20260106T061500Z-QE24M
ST-000505,L24-0270,8,104.89,process,2024-04-05,,20260106T061500Z-QE24M
ST-000506,L24-0276,21,118.92,process,2024-04-05,,20260106T061500Z-QE24M
ST-000507,L24-0277,9,36.85,process,2024-04-05,,20260106T061500Z-QE24M
ST-000508,L24-0279,2,21.9,process,2024-04-05,,20260106T061500Z-QE24M
ST-000509,L24-0285,2,5.59,setup,2024-04-05,,20260106T061500Z-QE24M
ST-000510,L24-0259,30,256.41,process,2024-04-08,,20260106T061500Z-QE24M
ST-000511,L24-0265,10,224.91,process,2024-04-08,,20260106T061500Z-QE24M
ST-000512,L24-0267,18,223.27,process,2024-04-08,,20260106T061500Z-QE24M
ST-000513,L24-0282,1,11.58,process,2024-04-08,,20260106T061500Z-QE24M
ST-000514,L24-0283,14,322.91,process,2024-04-08,,20260106T061500Z-QE24M
ST-000515,L24-0284,2,26.15,process,2024-04-08,,20260106T061500Z-QE24M
ST-000516,L24-0286,2,23.17,setup,2024-04-08,,20260106T061500Z-QE24M
ST-000517,L24-0287,5,46.39,setup,2024-04-08,,20260106T061500Z-QE24M
ST-000518,L24-0288,5,61.53,setup,2024-04-08,,20260106T061500Z-QE24M
ST-000519,L24-0289,3,8.61,setup,2024-04-08,,20260106T061500Z-QE24M
ST-000520,L24-0290,6,81.4,setup,2024-04-08,,20260106T061500Z-QE24M
ST-000521,L24-0291,6,22.03,setup,2024-04-08,,20260106T061500Z-QE24M
ST-000522,L24-0252,34,233.95,process,2024-04-09,,20260106T061500Z-QE24M
ST-000523,L24-0281,2,18.21,process,2024-04-09,,20260106T061500Z-QE24M
ST-000524,L24-0292,1,6.9,setup,2024-04-09,,20260106T061500Z-QE24M
ST-000525,L24-0293,4,16.02,setup,2024-04-09,,20260106T061500Z-QE24M
ST-000526,L24-0294,5,35.17,setup,2024-04-09,,20260106T061500Z-QE24M
ST-000527,L24-0284,87,1218.87,NCR,2024-04-10,NCR-24-0073,20260106T061500Z-QE24M
ST-000528,L24-0285,6,33.52,process,2024-04-10,,20260106T061500Z-QE24M
ST-000529,L24-0287,4,74.23,process,2024-04-10,,20260106T061500Z-QE24M
ST-000530,L24-0289,9,51.66,process,2024-04-10,,20260106T061500Z-QE24M
ST-000531,L24-0290,13,352.72,process,2024-04-10,,20260106T061500Z-QE24M
ST-000532,L24-0291,22,161.55,process,2024-04-10,,20260106T061500Z-QE24M
ST-000533,L24-0293,9,72.07,process,2024-04-10,,20260106T061500Z-QE24M
ST-000534,L24-0295,4,81.3,setup,2024-04-10,,20260106T061500Z-QE24M
ST-000535,L24-0296,4,72.84,setup,2024-04-10,,20260106T061500Z-QE24M
ST-000536,L24-0297,7,104.69,setup,2024-04-10,,20260106T061500Z-QE24M
ST-000537,L24-0298,6,73.71,setup,2024-04-10,,20260106T061500Z-QE24M
ST-000538,L24-0295,3,121.95,process,2024-04-11,,20260106T061500Z-QE24M
ST-000539,L24-0299,2,24.94,setup,2024-04-11,,20260106T061500Z-QE24M
ST-000540,L24-0300,3,51.61,setup,2024-04-11,,20260106T061500Z-QE24M
ST-000541,L24-0301,3,14.12,setup,2024-04-11,,20260106T061500Z-QE24M
ST-000542,L24-0302,6,71.25,setup,2024-04-11,,20260106T061500Z-QE24M
ST-000543,L24-0303,6,78.41,setup,2024-04-11,,20260106T061500Z-QE24M
ST-000544,L24-0304,2,7.67,setup,2024-04-11,,20260106T061500Z-QE24M
ST-000545,L24-0305,4,77.97,setup,2024-04-11,,20260106T061500Z-QE24M
ST-000546,L24-0306,3,12.01,setup,2024-04-11,,20260106T061500Z-QE24M
ST-000547,L24-0296,31,1129.05,process,2024-04-12,,20260106T061500Z-QE24M
ST-000548,L24-0299,5,124.7,process,2024-04-12,,20260106T061500Z-QE24M
ST-000549,L24-0302,4,95.0,process,2024-04-12,,20260106T061500Z-QE24M
ST-000550,L24-0307,1,4.56,setup,2024-04-12,,20260106T061500Z-QE24M
ST-000551,L24-0308,4,15.39,setup,2024-04-12,,20260106T061500Z-QE24M
ST-000552,L24-0309,5,22.63,setup,2024-04-12,,20260106T061500Z-QE24M
ST-000553,L24-0310,6,143.09,setup,2024-04-12,,20260106T061500Z-QE24M
ST-000554,L24-0293,432,3706.56,NCR,2024-04-15,NCR-24-0077,20260106T061500Z-QE24M
ST-000555,L24-0298,2,49.14,process,2024-04-15,,20260106T061500Z-QE24M
ST-000556,L24-0300,24,825.72,process,2024-04-15,,20260106T061500Z-QE24M
ST-000557,L24-0308,1,7.69,process,2024-04-15,,20260106T061500Z-QE24M
ST-000558,L24-0311,8,114.55,setup,2024-04-15,,20260106T061500Z-QE24M
ST-000559,L24-0312,6,20.68,setup,2024-04-15,,20260106T061500Z-QE24M
ST-000560,L24-0313,8,140.81,setup,2024-04-15,,20260106T061500Z-QE24M
ST-000561,L24-0314,8,88.12,setup,2024-04-15,,20260106T061500Z-QE24M
ST-000562,L24-0315,4,54.53,setup,2024-04-15,,20260106T061500Z-QE24M
ST-000563,L24-0316,8,51.63,setup,2024-04-15,,20260106T061500Z-QE24M
ST-000564,L24-0317,8,70.11,setup,2024-04-15,,20260106T061500Z-QE24M
ST-000565,L24-0278,53,388.07,process,2024-04-16,,20260106T061500Z-QE24M
ST-000566,L24-0280,183,2349.72,NCR,2024-04-16,NCR-24-0074,20260106T061500Z-QE24M
ST-000567,L24-0306,25,200.2,process,2024-04-16,,20260106T061500Z-QE24M
ST-000568,L24-0309,14,126.71,process,2024-04-16,,20260106T061500Z-QE24M
ST-000569,L24-0310,12,572.38,process,2024-04-16,,20260106T061500Z-QE24M
ST-000570,L24-0317,12,210.34,process,2024-04-16,,20260106T061500Z-QE24M
ST-000571,L24-0318,6,51.2,setup,2024-04-16,,20260106T061500Z-QE24M
ST-000572,L24-0319,5,18.29,setup,2024-04-16,,20260106T061500Z-QE24M
ST-000573,L24-0320,2,8.73,setup,2024-04-16,,20260106T061500Z-QE24M
ST-000574,L24-0321,4,111.19,setup,2024-04-16,,20260106T061500Z-QE24M
ST-000575,L24-0322,3,39.94,setup,2024-04-16,,20260106T061500Z-QE24M
ST-000576,L24-0323,3,39.05,setup,2024-04-16,,20260106T061500Z-QE24M
ST-000577,L24-0324,5,18.2,setup,2024-04-16,,20260106T061500Z-QE24M
ST-000578,L24-0325,4,13.36,setup,2024-04-16,,20260106T061500Z-QE24M
ST-000579,L24-0326,2,6.64,setup,2024-04-16,,20260106T061500Z-QE24M
ST-000580,L24-0286,36,834.12,process,2024-04-17,,20260106T061500Z-QE24M
ST-000581,L24-0311,39,1116.84,process,2024-04-17,,20260106T061500Z-QE24M
ST-000582,L24-0315,3,81.8,process,2024-04-17,,20260106T061500Z-QE24M
ST-000583,L24-0319,8,58.52,process,2024-04-17,,20260106T061500Z-QE24M
ST-000584,L24-0320,2,17.46,process,2024-04-17,,20260106T061500Z-QE24M
ST-000585,L24-0323,19,494.63,process,2024-04-17,,20260106T061500Z-QE24M
ST-000586,L24-0326,3,19.93,process,2024-04-17,,20260106T061500Z-QE24M
ST-000587,L24-0327,6,20.03,setup,2024-04-17,,20260106T061500Z-QE24M
ST-000588,L24-0328,2,8.15,setup,2024-04-17,,20260106T061500Z-QE24M
ST-000589,L24-0329,8,48.66,setup,2024-04-17,,20260106T061500Z-QE24M
ST-000590,L24-0330,6,89.8,setup,2024-04-17,,20260106T061500Z-QE24M
ST-000591,L24-0331,8,14.22,setup,2024-04-17,,20260106T061500Z-QE24M
ST-000592,L24-0332,2,16.2,setup,2024-04-17,,20260106T061500Z-QE24M
ST-000593,L24-0314,19,418.55,process,2024-04-18,,20260106T061500Z-QE24M
ST-000594,L24-0316,4,51.63,process,2024-04-18,,20260106T061500Z-QE24M
ST-000595,L24-0333,3,15.89,setup,2024-04-18,,20260106T061500Z-QE24M
ST-000596,L24-0334,2,6.26,setup,2024-04-18,,20260106T061500Z-QE24M
ST-000597,L24-0335,2,10.44,setup,2024-04-18,,20260106T061500Z-QE24M
ST-000598,L24-0304,70,537.04,process,2024-04-19,,20260106T061500Z-QE24M
ST-000599,L24-0329,37,450.14,process,2024-04-19,,20260106T061500Z-QE24M
ST-000600,L24-0332,9,145.84,process,2024-04-19,,20260106T061500Z-QE24M
ST-000601,L24-0336,1,6.96,setup,2024-04-19,,20260106T061500Z-QE24M
ST-000602,L24-0337,6,83.16,setup,2024-04-19,,20260106T061500Z-QE24M
ST-000603,L24-0338,4,56.76,setup,2024-04-19,,20260106T061500Z-QE24M
ST-000604,L24-0339,5,17.04,setup,2024-04-19,,20260106T061500Z-QE24M
ST-000605,L24-0340,5,76.58,setup,2024-04-19,,20260106T061500Z-QE24M
ST-000606,L24-0272,79,687.46,NCR,2024-04-20,NCR-24-0082,20260106T061500Z-QE24M
ST-000607,L24-0328,4,32.59,process,2024-04-22,,20260106T061500Z-QE24M
ST-000608,L24-0333,7,74.14,process,2024-04-22,,20260106T061500Z-QE24M
ST-000609,L24-0341,5,31.6,setup,2024-04-22,,20260106T061500Z-QE24M
ST-000610,L24-0342,2,9.33,setup,2024-04-22,,20260106T061500Z-QE24M
ST-000611,L24-0343,3,47.37,setup,2024-04-22,,20260106T061500Z-QE24M
ST-000612,L24-0344,6,20.58,setup,2024-04-22,,20260106T061500Z-QE24M
ST-000613,L24-0345,4,69.01,setup,2024-04-22,,20260106T061500Z-QE24M
ST-000614,L24-0346,4,70.81,setup,2024-04-22,,20260106T061500Z-QE24M
ST-000615,L24-0347,1,18.34,setup,2024-04-22,,20260106T061500Z-QE24M
ST-000616,L24-0348,2,11.63,setup,2024-04-22,,20260106T061500Z-QE24M
ST-000617,L24-0350,3,9.2,setup,2024-04-22,,20260106T061500Z-QE24M
ST-000618,L24-0351,7,115.3,setup,2024-04-22,,20260106T061500Z-QE24M
ST-000619,L24-0274,48,1414.9,process,2024-04-23,,20260106T061500Z-QE24M
ST-000620,L24-0298,56,1474.2,NCR,2024-04-23,NCR-24-0080,20260106T061500Z-QE24M
ST-000621,L24-0324,53,385.84,process,2024-04-23,,20260106T061500Z-QE24M
ST-000622,L24-0341,2,25.28,process,2024-04-23,,20260106T061500Z-QE24M
ST-000623,L24-0342,9,83.98,process,2024-04-23,,20260106T061500Z-QE24M
ST-000624,L24-0344,5,34.3,process,2024-04-23,,20260106T061500Z-QE24M
ST-000625,L24-0346,6,212.44,process,2024-04-23,,20260106T061500Z-QE24M
ST-000626,L24-0350,8,49.06,process,2024-04-23,,20260106T061500Z-QE24M
ST-000627,L24-0352,2,11.24,setup,2024-04-23,,20260106T061500Z-QE24M
ST-000628,L24-0353,4,54.99,setup,2024-04-23,,20260106T061500Z-QE24M
ST-000629,L24-0354,6,24.15,setup,2024-04-23,,20260106T061500Z-QE24M
ST-000630,L24-0355,8,28.59,setup,2024-04-23,,20260106T061500Z-QE24M
ST-000631,L24-0356,5,40.81,setup,2024-04-23,,20260106T061500Z-QE24M
ST-000632,L24-0338,11,312.16,process,2024-04-24,,20260106T061500Z-QE24M
ST-000633,L24-0356,5,81.62,process,2024-04-24,,20260106T061500Z-QE24M
ST-000634,L24-0357,2,5.98,setup,2024-04-24,,20260106T061500Z-QE24M
ST-000635,L24-0358,2,6.59,setup,2024-04-24,,20260106T061500Z-QE24M
ST-000636,L24-0360,6,23.08,setup,2024-04-24,,20260106T061500Z-QE24M
ST-000637,L24-0361,2,22.38,setup,2024-04-24,,20260106T061500Z-QE24M
ST-000638,L24-0318,2,34.13,process,2024-04-25,,20260106T061500Z-QE24M
ST-000639,L24-0325,13,86.81,process,2024-04-25,,20260106T061500Z-QE24M
ST-000640,L24-0340,2,61.26,process,2024-04-25,,20260106T061500Z-QE24M
ST-000641,L24-0345,1,34.5,process,2024-04-25,,20260106T061500Z-QE24M
ST-000642,L24-0352,6,67.41,process,2024-04-25,,20260106T061500Z-QE24M
ST-000643,L24-0357,4,23.94,process,2024-04-25,,20260106T061500Z-QE24M
ST-000644,L24-0361,2,44.76,process,2024-04-25,,20260106T061500Z-QE24M
ST-000645,L24-0362,6,73.42,process,2024-04-25,,20260106T061500Z-QE24M
ST-000646,L24-0362,3,18.35,setup,2024-04-25,,20260106T061500Z-QE24M
ST-000647,L24-0363,4,41.93,setup,2024-04-25,,20260106T061500Z-QE24M
ST-000648,L24-0364,2,11.04,setup,2024-04-25,,20260106T061500Z-QE24M
ST-000649,L24-0365,4,15.83,setup,2024-04-25,,20260106T061500Z-QE24M
ST-000650,L24-0366,3,50.59,process,2024-04-25,,20260106T061500Z-QE24M
ST-000651,L24-0366,2,16.86,setup,2024-04-25,,20260106T061500Z-QE24M
ST-000652,L24-0367,6,14.8,setup,2024-04-25,,20260106T061500Z-QE24M
ST-000653,L24-0368,3,23.34,setup,2024-04-25,,20260106T061500Z-QE24M
ST-000654,L24-0369,2,70.47,setup,2024-04-25,,20260106T061500Z-QE24M
ST-000655,L24-0370,2,36.18,setup,2024-04-25,,20260106T061500Z-QE24M
ST-000656,L24-0371,4,17.64,setup,2024-04-25,,20260106T061500Z-QE24M
ST-000657,L24-0372,5,12.84,setup,2024-04-25,,20260106T061500Z-QE24M
ST-000658,L24-0303,40,1045.52,process,2024-04-26,,20260106T061500Z-QE24M
ST-000659,L24-0353,3,82.49,process,2024-04-26,,20260106T061500Z-QE24M
ST-000660,L24-0355,8,57.18,process,2024-04-26,,20260106T061500Z-QE24M
ST-000661,L24-0373,4,22.57,setup,2024-04-26,,20260106T061500Z-QE24M
ST-000662,L24-0374,2,10.75,setup,2024-04-26,,20260106T061500Z-QE24M
ST-000663,L24-0375,7,30.18,setup,2024-04-26,,20260106T061500Z-QE24M
ST-000664,L24-0376,6,71.99,setup,2024-04-26,,20260106T061500Z-QE24M
ST-000665,L24-0377,4,102.4,setup,2024-04-26,,20260106T061500Z-QE24M
ST-000666,L24-0360,59,486.31,NCR,2024-04-27,NCR-24-0095,20260106T061500Z-QE24M
ST-000667,L24-0308,38,396.74,NCR,2024-04-29,NCR-24-0091,20260106T061500Z-QE24M
ST-000668,L24-0358,51,335.94,process,2024-04-29,,20260106T061500Z-QE24M
ST-000669,L24-0371,15,132.3,process,2024-04-29,,20260106T061500Z-QE24M
ST-000670,L24-0373,6,67.7,process,2024-04-29,,20260106T061500Z-QE24M
ST-000671,L24-0376,7,167.97,process,2024-04-29,,20260106T061500Z-QE24M
ST-000672,L24-0378,2,15.76,setup,2024-04-29,,20260106T061500Z-QE24M
ST-000673,L24-0379,6,26.44,setup,2024-04-29,,20260106T061500Z-QE24M
ST-000674,L24-0380,5,73.54,setup,2024-04-29,,20260106T061500Z-QE24M
ST-000675,L24-0381,1,9.24,setup,2024-04-29,,20260106T061500Z-QE24M
ST-000676,L24-0382,7,18.01,setup,2024-04-29,,20260106T061500Z-QE24M
ST-000677,L24-0383,4,8.15,setup,2024-04-29,,20260106T061500Z-QE24M
ST-000678,L24-0384,2,4.75,setup,2024-04-29,,20260106T061500Z-QE24M
ST-000679,L24-0385,3,6.67,setup,2024-04-29,,20260106T061500Z-QE24M
ST-000680,L24-0386,6,90.61,setup,2024-04-29,,20260106T061500Z-QE24M
ST-000681,L24-0387,3,11.79,setup,2024-04-29,,20260106T061500Z-QE24M
ST-000682,L24-0388,8,41.33,setup,2024-04-29,,20260106T061500Z-QE24M
ST-000683,L24-0389,3,34.4,setup,2024-04-29,,20260106T061500Z-QE24M
ST-000684,L24-0351,45,1482.39,process,2024-04-30,,20260106T061500Z-QE24M
ST-000685,L24-0367,3,14.8,process,2024-04-30,,20260106T061500Z-QE24M
ST-000686,L24-0368,8,124.49,process,2024-04-30,,20260106T061500Z-QE24M
ST-000687,L24-0374,8,86.02,process,2024-04-30,,20260106T061500Z-QE24M
ST-000688,L24-0382,1,5.14,process,2024-04-30,,20260106T061500Z-QE24M
ST-000689,L24-0386,3,90.61,process,2024-04-30,,20260106T061500Z-QE24M
ST-000690,L24-0390,5,22.12,setup,2024-04-30,,20260106T061500Z-QE24M
ST-000691,L24-0391,4,11.17,setup,2024-04-30,,20260106T061500Z-QE24M
ST-000692,L24-0392,3,11.15,setup,2024-04-30,,20260106T061500Z-QE24M
ST-000693,L24-0393,2,10.4,setup,2024-04-30,,20260106T061500Z-QE24M
ST-000694,L24-0394,6,50.27,setup,2024-04-30,,20260106T061500Z-QE24M
ST-000695,L24-0395,2,11.33,setup,2024-04-30,,20260106T061500Z-QE24M
ST-000696,L24-0396,7,51.18,setup,2024-04-30,,20260106T061500Z-QE24M
ST-000697,L24-0372,4,20.55,process,2024-05-01,,20260106T061500Z-QE24M
ST-000698,L24-0375,18,155.23,process,2024-05-01,,20260106T061500Z-QE24M
ST-000699,L24-0378,5,78.82,process,2024-05-01,,20260106T061500Z-QE24M
ST-000700,L24-0384,20,94.92,process,2024-05-01,,20260106T061500Z-QE24M
ST-000701,L24-0385,10,44.45,process,2024-05-01,,20260106T061500Z-QE24M
ST-000702,L24-0387,4,31.44,process,2024-05-01,,20260106T061500Z-QE24M
ST-000703,L24-0388,10,103.32,process,2024-05-01,,20260106T061500Z-QE24M
ST-000704,L24-0392,7,52.04,process,2024-05-01,,20260106T061500Z-QE24M
ST-000705,L24-0397,4,19.42,setup,2024-05-01,,20260106T061500Z-QE24M
ST-000706,L24-0398,8,35.03,setup,2024-05-01,,20260106T061500Z-QE24M
ST-000707,L24-0399,5,39.02,setup,2024-05-01,,20260106T061500Z-QE24M
ST-000708,L24-0400,6,53.09,setup,2024-05-01,,20260106T061500Z-QE24M
ST-000709,L24-0380,11,323.55,process,2024-05-02,,20260106T061500Z-QE24M
ST-000710,L24-0389,9,206.39,process,2024-05-02,,20260106T061500Z-QE24M
ST-000711,L24-0397,22,213.6,process,2024-05-02,,20260106T061500Z-QE24M
ST-000712,L24-0401,7,37.17,setup,2024-05-02,,20260106T061500Z-QE24M
ST-000713,L24-0402,2,14.55,setup,2024-05-02,,20260106T061500Z-QE24M
ST-000714,L24-0403,3,13.78,setup,2024-05-02,,20260106T061500Z-QE24M
ST-000715,L24-0404,7,48.9,setup,2024-05-02,,20260106T061500Z-QE24M
ST-000716,L24-0405,2,11.95,setup,2024-05-02,,20260106T061500Z-QE24M
ST-000717,L24-0377,8,409.58,process,2024-05-03,,20260106T061500Z-QE24M
ST-000718,L24-0379,24,211.51,process,2024-05-03,,20260106T061500Z-QE24M
ST-000719,L24-0399,2,31.22,process,2024-05-03,,20260106T061500Z-QE24M
ST-000720,L24-0406,6,48.32,setup,2024-05-03,,20260106T061500Z-QE24M
ST-000721,L24-0407,5,28.89,setup,2024-05-03,,20260106T061500Z-QE24M
ST-000722,L24-0408,2,9.93,setup,2024-05-03,,20260106T061500Z-QE24M
ST-000723,L24-0409,3,25.19,setup,2024-05-03,,20260106T061500Z-QE24M
ST-000724,L24-0354,30,241.5,process,2024-05-06,,20260106T061500Z-QE24M
ST-000725,L24-0363,3,62.89,process,2024-05-06,,20260106T061500Z-QE24M
ST-000726,L24-0400,7,123.87,process,2024-05-06,,20260106T061500Z-QE24M
ST-000727,L24-0403,6,55.1,process,2024-05-06,,20260106T061500Z-QE24M
ST-000728,L24-0409,1,16.79,process,2024-05-06,,20260106T061500Z-QE24M
ST-000729,L24-0410,6,20.39,setup,2024-05-06,,20260106T061500Z-QE24M
ST-000730,L24-0411,7,56.42,setup,2024-05-06,,20260106T061500Z-QE24M
ST-000731,L24-0412,2,24.79,setup,2024-05-06,,20260106T061500Z-QE24M
ST-000732,L24-0413,1,2.36,setup,2024-05-06,,20260106T061500Z-QE24M
ST-000733,L24-0414,4,43.79,setup,2024-05-06,,20260106T061500Z-QE24M
ST-000734,L24-0415,5,27.98,setup,2024-05-06,,20260106T061500Z-QE24M
ST-000735,L24-0416,3,42.57,setup,2024-05-06,,20260106T061500Z-QE24M
ST-000736,L24-0417,3,27.76,setup,2024-05-06,,20260106T061500Z-QE24M
ST-000737,L24-0418,7,12.72,setup,2024-05-06,,20260106T061500Z-QE24M
ST-000738,L24-0419,4,37.35,setup,2024-05-06,,20260106T061500Z-QE24M
ST-000739,L24-0389,156,3832.92,NCR,2024-05-07,NCR-24-0102,20260106T061500Z-QE24M
ST-000740,L24-0391,24,134.06,process,2024-05-07,,20260106T061500Z-QE24M
ST-000741,L24-0420,6,146.87,setup,2024-05-07,,20260106T061500Z-QE24M
ST-000742,L24-0421,4,14.31,setup,2024-05-07,,20260106T061500Z-QE24M
ST-000743,L24-0422,4,53.2,setup,2024-05-07,,20260106T061500Z-QE24M
ST-000744,L24-0423,6,33.35,setup,2024-05-07,,20260106T061500Z-QE24M
ST-000745,L24-0424,1,18.74,setup,2024-05-07,,20260106T061500Z-QE24M
ST-000746,L24-0425,4,14.36,setup,2024-05-07,,20260106T061500Z-QE24M
ST-000747,L24-0370,55,1990.06,process,2024-05-08,,20260106T061500Z-QE24M
ST-000748,L24-0410,6,40.78,process,2024-05-08,,20260106T061500Z-QE24M
ST-000749,L24-0414,7,153.27,process,2024-05-08,,20260106T061500Z-QE24M
ST-000750,L24-0418,2,7.27,process,2024-05-08,,20260106T061500Z-QE24M
ST-000751,L24-0422,3,79.8,process,2024-05-08,,20260106T061500Z-QE24M
ST-000752,L24-0426,4,62.47,setup,2024-05-08,,20260106T061500Z-QE24M
ST-000753,L24-0427,4,12.91,setup,2024-05-08,,20260106T061500Z-QE24M
ST-000754,L24-0428,4,45.02,setup,2024-05-08,,20260106T061500Z-QE24M
ST-000755,L24-0396,47,687.28,process,2024-05-09,,20260106T061500Z-QE24M
ST-000756,L24-0402,94,1367.32,process,2024-05-09,,20260106T061500Z-QE24M
ST-000757,L24-0412,4,99.18,process,2024-05-09,,20260106T061500Z-QE24M
ST-000758,L24-0423,9,100.04,process,2024-05-09,,20260106T061500Z-QE24M
ST-000759,L24-0425,26,186.73,process,2024-05-09,,20260106T061500Z-QE24M
ST-000760,L24-0426,4,124.94,process,2024-05-09,,20260106T061500Z-QE24M
ST-000761,L24-0429,6,23.08,setup,2024-05-09,,20260106T061500Z-QE24M
ST-000762,L24-0430,5,69.16,setup,2024-05-09,,20260106T061500Z-QE24M
ST-000763,L24-0431,5,27.4,setup,2024-05-09,,20260106T061500Z-QE24M
ST-000764,L24-0289,21,163.59,NCR,2024-05-10,NCR-24-0115,20260106T061500Z-QE24M
ST-000765,L24-0388,221,2446.47,NCR,2024-05-10,NCR-24-0101,20260106T061500Z-QE24M
ST-000766,L24-0421,82,586.63,process,2024-05-10,,20260106T061500Z-QE24M
ST-000767,L24-0430,52,1541.28,NCR,2024-05-11,NCR-24-0116,20260106T061500Z-QE24M
ST-000768,L24-0377,34,2362.42,NCR,2024-05-13,NCR-24-0111,20260106T061500Z-QE24M
ST-000769,L24-0427,5,32.27,process,2024-05-13,,20260106T061500Z-QE24M
ST-000770,L24-0432,6,29.29,setup,2024-05-13,,20260106T061500Z-QE24M
ST-000771,L24-0433,2,33.46,setup,2024-05-13,,20260106T061500Z-QE24M
ST-000772,L24-0434,8,138.99,setup,2024-05-13,,20260106T061500Z-QE24M
ST-000773,L24-0435,7,67.42,setup,2024-05-13,,20260106T061500Z-QE24M
ST-000774,L24-0436,2,11.96,setup,2024-05-13,,20260106T061500Z-QE24M
ST-000775,L24-0437,5,58.66,setup,2024-05-13,,20260106T061500Z-QE24M
ST-000776,L24-0438,3,37.83,setup,2024-05-13,,20260106T061500Z-QE24M
ST-000777,L24-0439,3,39.19,setup,2024-05-13,,20260106T061500Z-QE24M
ST-000778,L24-0440,6,14.93,setup,2024-05-13,,20260106T061500Z-QE24M
ST-000779,L24-0285,16,127.68,NCR,2024-05-14,NCR-24-0110,20260106T061500Z-QE24M
ST-000780,L24-0432,1,9.76,process,2024-05-14,,20260106T061500Z-QE24M
ST-000781,L24-0433,7,234.22,process,2024-05-14,,20260106T061500Z-QE24M
ST-000782,L24-0434,5,173.74,process,2024-05-14,,20260106T061500Z-QE24M
ST-000783,L24-0441,3,114.87,setup,2024-05-14,,20260106T061500Z-QE24M
ST-000784,L24-0442,3,6.44,setup,2024-05-14,,20260106T061500Z-QE24M
ST-000785,L24-0443,4,24.01,setup,2024-05-14,,20260106T061500Z-QE24M
ST-000786,L24-0444,4,49.95,setup,2024-05-14,,20260106T061500Z-QE24M
ST-000787,L24-0438,2,50.44,process,2024-05-15,,20260106T061500Z-QE24M
ST-000788,L24-0439,20,522.48,process,2024-05-15,,20260106T061500Z-QE24M
ST-000789,L24-0443,5,60.02,process,2024-05-15,,20260106T061500Z-QE24M
ST-000790,L24-0445,5,42.32,setup,2024-05-15,,20260106T061500Z-QE24M
ST-000791,L24-0446,5,75.44,setup,2024-05-15,,20260106T061500Z-QE24M
ST-000792,L24-0428,19,427.73,process,2024-05-16,,20260106T061500Z-QE24M
ST-000793,L24-0442,2,8.58,process,2024-05-16,,20260106T061500Z-QE24M
ST-000794,L24-0444,9,224.78,process,2024-05-16,,20260106T061500Z-QE24M
ST-000795,L24-0446,1,30.18,process,2024-05-16,,20260106T061500Z-QE24M
ST-000796,L24-0447,2,24.91,setup,2024-05-16,,20260106T061500Z-QE24M
ST-000797,L24-0448,2,44.64,setup,2024-05-16,,20260106T061500Z-QE24M
ST-000798,L24-0449,2,16.8,setup,2024-05-16,,20260106T061500Z-QE24M
ST-000799,L24-0450,1,6.34,setup,2024-05-16,,20260106T061500Z-QE24M
ST-000800,L24-0451,2,11.64,setup,2024-05-16,,20260106T061500Z-QE24M
ST-000801,L24-0420,7,342.71,process,2024-05-17,,20260106T061500Z-QE24M
ST-000802,L24-0449,11,184.8,process,2024-05-17,,20260106T061500Z-QE24M
ST-000803,L24-0452,3,12.94,setup,2024-05-17,,20260106T061500Z-QE24M
ST-000804,L24-0453,4,53.75,setup,2024-05-17,,20260106T061500Z-QE24M
ST-000805,L24-0454,7,18.64,setup,2024-05-17,,20260106T061500Z-QE24M
ST-000806,L24-0455,1,9.26,process,2024-05-17,,20260106T061500Z-QE24M
ST-000807,L24-0455,4,18.52,setup,2024-05-17,,20260106T061500Z-QE24M
ST-000808,L24-0456,6,17.56,setup,2024-05-17,,20260106T061500Z-QE24M
ST-000809,L24-0391,68,515.51,NCR,2024-05-20,NCR-24-0120,20260106T061500Z-QE24M
ST-000810,L24-0438,68,1837.53,NCR,2024-05-20,NCR-24-0121,20260106T061500Z-QE24M
ST-000811,L24-0445,6,101.56,process,2024-05-20,,20260106T061500Z-QE24M
ST-000812,L24-0457,3,27.84,setup,2024-05-20,,20260106T061500Z-QE24M
ST-000813,L24-0458,4,13.17,setup,2024-05-20,,20260106T061500Z-QE24M
ST-000814,L24-0459,5,46.29,setup,2024-05-20,,20260106T061500Z-QE24M
ST-000815,L24-0460,4,58.53,setup,2024-05-20,,20260106T061500Z-QE24M
ST-000816,L24-0461,7,31.38,setup,2024-05-20,,20260106T061500Z-QE24M
ST-000817,L24-0463,8,32.03,setup,2024-05-20,,20260106T061500Z-QE24M
ST-000818,L24-0465,7,15.9,setup,2024-05-20,,20260106T061500Z-QE24M
ST-000819,L24-0466,8,41.69,setup,2024-05-20,,20260106T061500Z-QE24M
ST-000820,L24-0467,2,5.59,setup,2024-05-20,,20260106T061500Z-QE24M
ST-000821,L24-0451,5,58.2,process,2024-05-21,,20260106T061500Z-QE24M
ST-000822,L24-0453,10,268.73,process,2024-05-21,,20260106T061500Z-QE24M
ST-000823,L24-0456,7,40.96,process,2024-05-21,,20260106T061500Z-QE24M
ST-000824,L24-0468,4,13.51,setup,2024-05-21,,20260106T061500Z-QE24M
ST-000825,L24-0469,5,34.82,setup,2024-05-21,,20260106T061500Z-QE24M
ST-000826,L24-0470,2,15.04,setup,2024-05-21,,20260106T061500Z-QE24M
ST-000827,L24-0471,2,9.81,setup,2024-05-21,,20260106T061500Z-QE24M
ST-000828,L24-0452,35,301.84,process,2024-05-22,,20260106T061500Z-QE24M
ST-000829,L24-0457,9,167.01,process,2024-05-22,,20260106T061500Z-QE24M
ST-000830,L24-0463,2,16.02,process,2024-05-22,,20260106T061500Z-QE24M
ST-000831,L24-0465,2,9.09,process,2024-05-22,,20260106T061500Z-QE24M
ST-000832,L24-0466,3,31.27,process,2024-05-22,,20260106T061500Z-QE24M
ST-000833,L24-0472,3,46.35,setup,2024-05-22,,20260106T061500Z-QE24M
ST-000834,L24-0473,6,23.42,setup,2024-05-22,,20260106T061500Z-QE24M
ST-000835,L24-0474,2,29.99,setup,2024-05-22,,20260106T061500Z-QE24M
ST-000836,L24-0475,7,37.31,setup,2024-05-22,,20260106T061500Z-QE24M
ST-000837,L24-0476,2,29.15,setup,2024-05-22,,20260106T061500Z-QE24M
ST-000838,L24-0477,3,12.02,setup,2024-05-22,,20260106T061500Z-QE24M
ST-000839,L24-0478,3,41.5,setup,2024-05-22,,20260106T061500Z-QE24M
ST-000840,L24-0479,3,42.47,setup,2024-05-22,,20260106T061500Z-QE24M
ST-000841,L24-0480,7,23.37,setup,2024-05-22,,20260106T061500Z-QE24M
ST-000842,L24-0365,62,666.16,NCR,2024-05-23,NCR-24-0119,20260106T061500Z-QE24M
ST-000843,L24-0458,38,250.31,process,2024-05-23,,20260106T061500Z-QE24M
ST-000844,L24-0460,22,643.87,process,2024-05-23,,20260106T061500Z-QE24M
ST-000845,L24-0467,10,55.86,process,2024-05-23,,20260106T061500Z-QE24M
ST-000846,L24-0469,4,55.72,process,2024-05-23,,20260106T061500Z-QE24M
ST-000847,L24-0472,6,185.39,process,2024-05-23,,20260106T061500Z-QE24M
ST-000848,L24-0474,1,29.99,process,2024-05-23,,20260106T061500Z-QE24M
ST-000849,L24-0478,2,55.33,process,2024-05-23,,20260106T061500Z-QE24M
ST-000850,L24-0479,10,283.15,process,2024-05-23,,20260106T061500Z-QE24M
ST-000851,L24-0481,7,37.26,setup,2024-05-23,,20260106T061500Z-QE24M
ST-000852,L24-0482,3,8.46,setup,2024-05-23,,20260106T061500Z-QE24M
ST-000853,L24-0483,3,29.23,setup,2024-05-23,,20260106T061500Z-QE24M
ST-000854,L24-0484,7,39.03,setup,2024-05-23,,20260106T061500Z-QE24M
ST-000855,L24-0485,7,94.82,setup,2024-05-23,,20260106T061500Z-QE24M
ST-000856,L24-0486,5,19.23,setup,2024-05-23,,20260106T061500Z-QE24M
ST-000857,L24-0487,8,29.04,setup,2024-05-23,,20260106T061500Z-QE24M
ST-000858,L24-0441,9,689.22,process,2024-05-24,,20260106T061500Z-QE24M
ST-000859,L24-0477,26,208.39,process,2024-05-24,,20260106T061500Z-QE24M
ST-000860,L24-0487,17,123.4,process,2024-05-24,,20260106T061500Z-QE24M
ST-000861,L24-0488,4,14.69,setup,2024-05-24,,20260106T061500Z-QE24M
ST-000862,L24-0489,8,71.65,setup,2024-05-24,,20260106T061500Z-QE24M
ST-000863,L24-0469,69,1029.82,NCR,2024-05-28,NCR-24-0130,20260106T061500Z-QE24M
ST-000864,L24-0486,6,46.16,process,2024-05-28,,20260106T061500Z-QE24M
ST-000865,L24-0491,6,64.2,setup,2024-05-28,,20260106T061500Z-QE24M
ST-000866,L24-0492,2,34.66,setup,2024-05-28,,20260106T061500Z-QE24M
ST-000867,L24-0493,2,27.36,setup,2024-05-28,,20260106T061500Z-QE24M
ST-000868,L24-0494,3,16.08,setup,2024-05-28,,20260106T061500Z-QE24M
ST-000869,L24-0495,6,126.02,setup,2024-05-28,,20260106T061500Z-QE24M
ST-000870,L24-0496,5,20.37,setup,2024-05-28,,20260106T061500Z-QE24M
ST-000871,L24-0497,5,43.66,setup,2024-05-28,,20260106T061500Z-QE24M
ST-000872,L24-0435,200,3852.8,process,2024-05-29,,20260106T061500Z-QE24M
ST-000873,L24-0482,3,16.93,process,2024-05-29,,20260106T061500Z-QE24M
ST-000874,L24-0484,7,78.06,process,2024-05-29,,20260106T061500Z-QE24M
ST-000875,L24-0488,3,22.03,process,2024-05-29,,20260106T061500Z-QE24M
ST-000876,L24-0489,4,71.65,process,2024-05-29,,20260106T061500Z-QE24M
ST-000877,L24-0493,17,465.17,process,2024-05-29,,20260106T061500Z-QE24M
ST-000878,L24-0498,2,9.15,setup,2024-05-29,,20260106T061500Z-QE24M
ST-000879,L24-0499,8,111.27,setup,2024-05-29,,20260106T061500Z-QE24M
ST-000880,L24-0500,7,34.81,setup,2024-05-29,,20260106T061500Z-QE24M
ST-000881,L24-0501,3,22.93,setup,2024-05-29,,20260106T061500Z-QE24M
ST-000882,L24-0502,3,18.35,setup,2024-05-29,,20260106T061500Z-QE24M
ST-000883,L24-0503,6,91.56,setup,2024-05-29,,20260106T061500Z-QE24M
ST-000884,L24-0504,2,11.31,setup,2024-05-29,,20260106T061500Z-QE24M
ST-000885,L24-0505,2,19.93,setup,2024-05-29,,20260106T061500Z-QE24M
ST-000886,L24-0485,15,406.35,process,2024-05-30,,20260106T061500Z-QE24M
ST-000887,L24-0494,9,96.45,process,2024-05-30,,20260106T061500Z-QE24M
ST-000888,L24-0497,8,139.72,process,2024-05-30,,20260106T061500Z-QE24M
ST-000889,L24-0502,4,48.94,process,2024-05-30,,20260106T061500Z-QE24M
ST-000890,L24-0506,2,43.55,setup,2024-05-30,,20260106T061500Z-QE24M
ST-000891,L24-0507,4,61.8,setup,2024-05-30,,20260106T061500Z-QE24M
ST-000892,L24-0508,7,137.3,setup,2024-05-30,,20260106T061500Z-QE24M
ST-000893,L24-0509,5,63.58,setup,2024-05-30,,20260106T061500Z-QE24M
ST-000894,L24-0480,7,46.75,process,2024-05-31,,20260106T061500Z-QE24M
ST-000895,L24-0495,18,756.13,process,2024-05-31,,20260106T061500Z-QE24M
ST-000896,L24-0500,54,537.14,process,2024-05-31,,20260106T061500Z-QE24M
ST-000897,L24-0505,10,199.29,process,2024-05-31,,20260106T061500Z-QE24M
ST-000898,L24-0506,10,435.54,process,2024-05-31,,20260106T061500Z-QE24M
ST-000899,L24-0510,8,32.73,setup,2024-05-31,,20260106T061500Z-QE24M
ST-000900,L24-0511,2,24.38,setup,2024-05-31,,20260106T061500Z-QE24M
ST-000901,L24-0512,4,13.05,setup,2024-05-31,,20260106T061500Z-QE24M
ST-000902,L24-0513,2,14.35,setup,2024-05-31,,20260106T061500Z-QE24M
ST-000903,L24-0482,271,1638.2,NCR,2024-06-01,NCR-24-0135,20260106T061500Z-QE24M
ST-000904,L24-0384,8,54.24,NCR,2024-06-02,NCR-24-0134,20260106T061500Z-QE24M
ST-000905,L24-0499,2,55.64,process,2024-06-03,,20260106T061500Z-QE24M
ST-000906,L24-0509,24,610.34,process,2024-06-03,,20260106T061500Z-QE24M
ST-000907,L24-0514,1,9.31,process,2024-06-03,,20260106T061500Z-QE24M
ST-000908,L24-0514,3,13.97,setup,2024-06-03,,20260106T061500Z-QE24M
ST-000909,L24-0515,8,94.42,setup,2024-06-03,,20260106T061500Z-QE24M
ST-000910,L24-0516,2,23.46,setup,2024-06-03,,20260106T061500Z-QE24M
ST-000911,L24-0517,3,12.06,setup,2024-06-03,,20260106T061500Z-QE24M
ST-000912,L24-0518,3,17.76,setup,2024-06-03,,20260106T061500Z-QE24M
ST-000913,L24-0519,8,27.8,setup,2024-06-03,,20260106T061500Z-QE24M
ST-000914,L24-0520,4,23.46,setup,2024-06-03,,20260106T061500Z-QE24M
ST-000915,L24-0475,32,341.15,process,2024-06-04,,20260106T061500Z-QE24M
ST-000916,L24-0501,4,61.15,process,2024-06-04,,20260106T061500Z-QE24M
ST-000917,L24-0508,8,313.82,process,2024-06-04,,20260106T061500Z-QE24M
ST-000918,L24-0510,23,188.21,process,2024-06-04,,20260106T061500Z-QE24M
ST-000919,L24-0521,2,19.71,setup,2024-06-04,,20260106T061500Z-QE24M
ST-000920,L24-0522,4,20.57,setup,2024-06-04,,20260106T061500Z-QE24M
ST-000921,L24-0523,7,87.17,setup,2024-06-04,,20260106T061500Z-QE24M
ST-000922,L24-0524,2,8.62,setup,2024-06-04,,20260106T061500Z-QE24M
ST-000923,L24-0525,6,91.27,setup,2024-06-04,,20260106T061500Z-QE24M
ST-000924,L24-0526,7,26.93,setup,2024-06-04,,20260106T061500Z-QE24M
ST-000925,L24-0516,3,70.39,process,2024-06-05,,20260106T061500Z-QE24M
ST-000926,L24-0518,68,804.92,process,2024-06-05,,20260106T061500Z-QE24M
ST-000927,L24-0525,3,91.27,process,2024-06-05,,20260106T061500Z-QE24M
ST-000928,L24-0527,2,12.33,setup,2024-06-05,,20260106T061500Z-QE24M
ST-000929,L24-0504,35,395.92,process,2024-06-06,,20260106T061500Z-QE24M
ST-000930,L24-0517,19,152.82,process,2024-06-06,,20260106T061500Z-QE24M
ST-000931,L24-0521,3,59.14,process,2024-06-06,,20260106T061500Z-QE24M
ST-000932,L24-0528,8,94.56,setup,2024-06-06,,20260106T061500Z-QE24M
ST-000933,L24-0529,6,29.92,setup,2024-06-06,,20260106T061500Z-QE24M
ST-000934,L24-0530,3,19.0,setup,2024-06-06,,20260106T061500Z-QE24M
ST-000935,L24-0476,86,2507.33,process,2024-06-07,,20260106T061500Z-QE24M
ST-000936,L24-0522,29,298.21,process,2024-06-07,,20260106T061500Z-QE24M
ST-000937,L24-0527,13,160.34,process,2024-06-07,,20260106T061500Z-QE24M
ST-000938,L24-0531,7,43.34,setup,2024-06-07,,20260106T061500Z-QE24M
ST-000939,L24-0532,3,11.61,setup,2024-06-07,,20260106T061500Z-QE24M
ST-000940,L24-0533,1,6.61,setup,2024-06-07,,20260106T061500Z-QE24M
ST-000941,L24-0496,121,985.91,process,2024-06-10,,20260106T061500Z-QE24M
ST-000942,L24-0504,190,2302.8,NCR,2024-06-10,NCR-24-0147,20260106T061500Z-QE24M
ST-000943,L24-0530,7,88.69,process,2024-06-10,,20260106T061500Z-QE24M
ST-000944,L24-0531,2,24.77,process,2024-06-10,,20260106T061500Z-QE24M
ST-000945,L24-0534,4,15.04,setup,2024-06-10,,20260106T061500Z-QE24M
ST-000946,L24-0535,2,19.8,setup,2024-06-10,,20260106T061500Z-QE24M
ST-000947,L24-0520,46,539.67,process,2024-06-11,,20260106T061500Z-QE24M
ST-000948,L24-0529,1,9.98,process,2024-06-11,,20260106T061500Z-QE24M
ST-000949,L24-0532,7,54.19,process,2024-06-11,,20260106T061500Z-QE24M
ST-000950,L24-0537,6,27.8,setup,2024-06-11,,20260106T061500Z-QE24M
ST-000951,L24-0538,3,13.71,setup,2024-06-11,,20260106T061500Z-QE24M
ST-000952,L24-0476,251,7840.61,NCR,2024-06-12,NCR-24-0142,20260106T061500Z-QE24M
ST-000953,L24-0503,72,2354.4,NCR,2024-06-12,NCR-24-0143,20260106T061500Z-QE24M
ST-000954,L24-0519,12,83.41,process,2024-06-12,,20260106T061500Z-QE24M
ST-000955,L24-0528,8,189.11,process,2024-06-12,,20260106T061500Z-QE24M
ST-000956,L24-0534,1,7.52,process,2024-06-12,,20260106T061500Z-QE24M
ST-000957,L24-0539,4,47.49,setup,2024-06-12,,20260106T061500Z-QE24M
ST-000958,L24-0540,4,62.3,setup,2024-06-12,,20260106T061500Z-QE24M
ST-000959,L24-0541,2,16.88,setup,2024-06-12,,20260106T061500Z-QE24M
ST-000960,L24-0542,7,27.49,setup,2024-06-12,,20260106T061500Z-QE24M
ST-000961,L24-0535,1,19.8,process,2024-06-13,,20260106T061500Z-QE24M
ST-000962,L24-0540,13,404.95,process,2024-06-13,,20260106T061500Z-QE24M
ST-000963,L24-0542,16,125.66,process,2024-06-13,,20260106T061500Z-QE24M
ST-000964,L24-0543,3,40.55,setup,2024-06-13,,20260106T061500Z-QE24M
ST-000965,L24-0544,7,43.0,setup,2024-06-13,,20260106T061500Z-QE24M
ST-000966,L24-0545,5,16.89,setup,2024-06-13,,20260106T061500Z-QE24M
ST-000967,L24-0546,7,26.93,setup,2024-06-13,,20260106T061500Z-QE24M
ST-000968,L24-0547,5,21.56,setup,2024-06-13,,20260106T061500Z-QE24M
ST-000969,L24-0549,3,19.3,setup,2024-06-13,,20260106T061500Z-QE24M
ST-000970,L24-0515,7,165.23,process,2024-06-14,,20260106T061500Z-QE24M
ST-000971,L24-0524,5,43.08,process,2024-06-14,,20260106T061500Z-QE24M
ST-000972,L24-0538,23,210.27,process,2024-06-14,,20260106T061500Z-QE24M
ST-000973,L24-0546,3,23.08,process,2024-06-14,,20260106T061500Z-QE24M
ST-000974,L24-0549,3,38.6,process,2024-06-14,,20260106T061500Z-QE24M
ST-000975,L24-0550,6,26.0,setup,2024-06-14,,20260106T061500Z-QE24M
ST-000976,L24-0551,4,72.63,setup,2024-06-14,,20260106T061500Z-QE24M
ST-000977,L24-0552,4,13.36,setup,2024-06-14,,20260106T061500Z-QE24M
ST-000978,L24-0553,2,15.61,setup,2024-06-14,,20260106T061500Z-QE24M
ST-000979,L24-0537,2,18.54,process,2024-06-17,,20260106T061500Z-QE24M
ST-000980,L24-0539,4,94.98,process,2024-06-17,,20260106T061500Z-QE24M
ST-000981,L24-0541,396,7160.67,NCR,2024-06-17,NCR-24-0156,20260106T061500Z-QE24M
ST-000982,L24-0541,14,236.28,process,2024-06-17,,20260106T061500Z-QE24M
ST-000983,L24-0543,9,243.31,process,2024-06-17,,20260106T061500Z-QE24M
ST-000984,L24-0544,3,36.86,process,2024-06-17,,20260106T061500Z-QE24M
ST-000985,L24-0550,2,17.33,process,2024-06-17,,20260106T061500Z-QE24M
ST-000986,L24-0554,7,27.51,setup,2024-06-17,,20260106T061500Z-QE24M
ST-000987,L24-0555,6,73.29,setup,2024-06-17,,20260106T061500Z-QE24M
ST-000988,L24-0556,3,9.55,setup,2024-06-17,,20260106T061500Z-QE24M
ST-000989,L24-0557,3,9.51,setup,2024-06-17,,20260106T061500Z-QE24M
ST-000990,L24-0558,6,48.32,setup,2024-06-17,,20260106T061500Z-QE24M
ST-000991,L24-0559,5,26.13,setup,2024-06-17,,20260106T061500Z-QE24M
ST-000992,L24-0560,2,22.93,setup,2024-06-17,,20260106T061500Z-QE24M
ST-000993,L24-0561,4,13.17,setup,2024-06-17,,20260106T061500Z-QE24M
ST-000994,L24-0547,23,198.35,process,2024-06-18,,20260106T061500Z-QE24M
ST-000995,L24-0551,5,181.58,process,2024-06-18,,20260106T061500Z-QE24M
ST-000996,L24-0553,7,109.27,process,2024-06-18,,20260106T061500Z-QE24M
ST-000997,L24-0562,6,24.26,setup,2024-06-18,,20260106T061500Z-QE24M
ST-000998,L24-0563,2,19.18,setup,2024-06-18,,20260106T061500Z-QE24M
ST-000999,L24-0564,2,24.57,setup,2024-06-18,,20260106T061500Z-QE24M
ST-001000,L24-0565,5,39.08,setup,2024-06-18,,20260106T061500Z-QE24M
ST-001001,L24-0566,8,74.23,setup,2024-06-18,,20260106T061500Z-QE24M
ST-001002,L24-0567,4,20.5,setup,2024-06-18,,20260106T061500Z-QE24M
ST-001003,L24-0554,17,133.64,process,2024-06-19,,20260106T061500Z-QE24M
ST-001004,L24-0555,67,1753.72,NCR,2024-06-19,NCR-24-0158,20260106T061500Z-QE24M
ST-001005,L24-0556,11,70.07,process,2024-06-19,,20260106T061500Z-QE24M
ST-001006,L24-0568,2,26.78,setup,2024-06-19,,20260106T061500Z-QE24M
ST-001007,L24-0569,6,40.38,setup,2024-06-19,,20260106T061500Z-QE24M
ST-001008,L24-0570,5,21.37,setup,2024-06-19,,20260106T061500Z-QE24M
ST-001009,L24-0557,43,272.71,process,2024-06-20,,20260106T061500Z-QE24M
ST-001010,L24-0558,5,80.54,process,2024-06-20,,20260106T061500Z-QE24M
ST-001011,L24-0560,11,252.25,process,2024-06-20,,20260106T061500Z-QE24M
ST-001012,L24-0566,2,37.11,process,2024-06-20,,20260106T061500Z-QE24M
ST-001013,L24-0568,12,321.3,process,2024-06-20,,20260106T061500Z-QE24M
ST-001014,L24-0571,3,12.33,setup,2024-06-20,,20260106T061500Z-QE24M
ST-001015,L24-0572,5,28.44,setup,2024-06-20,,20260106T061500Z-QE24M
ST-001016,L24-0574,2,40.65,setup,2024-06-20,,20260106T061500Z-QE24M
ST-001017,L24-0575,2,5.64,setup,2024-06-20,,20260106T061500Z-QE24M
ST-001018,L24-0576,7,46.45,setup,2024-06-20,,20260106T061500Z-QE24M
ST-001019,L24-0577,5,35.16,setup,2024-06-20,,20260106T061500Z-QE24M
ST-001020,L24-0559,2,20.9,process,2024-06-21,,20260106T061500Z-QE24M
ST-001021,L24-0561,28,184.44,process,2024-06-21,,20260106T061500Z-QE24M
ST-001022,L24-0562,5,40.42,process,2024-06-21,,20260106T061500Z-QE24M
ST-001023,L24-0564,18,442.26,process,2024-06-21,,20260106T061500Z-QE24M
ST-001024,L24-0565,14,218.83,process,2024-06-21,,20260106T061500Z-QE24M
ST-001025,L24-0579,7,14.43,setup,2024-06-21,,20260106T061500Z-QE24M
ST-001026,L24-0580,8,25.65,setup,2024-06-21,,20260106T061500Z-QE24M
ST-001027,L24-0581,4,38.12,setup,2024-06-21,,20260106T061500Z-QE24M
ST-001028,L24-0582,4,14.53,setup,2024-06-21,,20260106T061500Z-QE24M
ST-001029,L24-0583,7,43.68,setup,2024-06-21,,20260106T061500Z-QE24M
ST-001030,L24-0574,10,406.49,process,2024-06-24,,20260106T061500Z-QE24M
ST-001031,L24-0580,15,96.18,process,2024-06-24,,20260106T061500Z-QE24M
ST-001032,L24-0584,5,62.96,setup,2024-06-24,,20260106T061500Z-QE24M
ST-001033,L24-0585,3,17.38,setup,2024-06-24,,20260106T061500Z-QE24M
ST-001034,L24-0586,2,4.05,setup,2024-06-24,,20260106T061500Z-QE24M
ST-001035,L24-0587,2,17.42,setup,2024-06-24,,20260106T061500Z-QE24M
ST-001036,L24-0588,2,6.8,setup,2024-06-24,,20260106T061500Z-QE24M
ST-001037,L24-0589,4,95.4,setup,2024-06-24,,20260106T061500Z-QE24M
ST-001038,L24-0590,2,8.01,setup,2024-06-24,,20260106T061500Z-QE24M
ST-001039,L24-0591,3,13.36,setup,2024-06-24,,20260106T061500Z-QE24M
ST-001040,L24-0592,6,85.55,setup,2024-06-24,,20260106T061500Z-QE24M
ST-001041,L24-0547,202,1866.48,NCR,2024-06-25,NCR-24-0157,20260106T061500Z-QE24M
ST-001042,L24-0552,6,40.07,process,2024-06-25,,20260106T061500Z-QE24M
ST-001043,L24-0569,12,161.53,process,2024-06-25,,20260106T061500Z-QE24M
ST-001044,L24-0574,112,4877.88,NCR,2024-06-25,NCR-24-0163,20260106T061500Z-QE24M
ST-001045,L24-0575,11,62.06,process,2024-06-25,,20260106T061500Z-QE24M
ST-001046,L24-0587,5,87.12,process,2024-06-25,,20260106T061500Z-QE24M
ST-001047,L24-0593,5,12.86,setup,2024-06-25,,20260106T061500Z-QE24M
ST-001048,L24-0594,3,40.49,setup,2024-06-25,,20260106T061500Z-QE24M
ST-001049,L24-0595,7,42.63,setup,2024-06-25,,20260106T061500Z-QE24M
ST-001050,L24-0596,6,58.86,setup,2024-06-25,,20260106T061500Z-QE24M
ST-001051,L24-0597,2,4.75,setup,2024-06-25,,20260106T061500Z-QE24M
ST-001052,L24-0584,6,151.12,process,2024-06-26,,20260106T061500Z-QE24M
ST-001053,L24-0585,8,92.68,process,2024-06-26,,20260106T061500Z-QE24M
ST-001054,L24-0587,152,2837.46,NCR,2024-06-26,NCR-24-0165,20260106T061500Z-QE24M
ST-001055,L24-0588,5,33.98,process,2024-06-26,,20260106T061500Z-QE24M
ST-001056,L24-0589,31,1478.64,process,2024-06-26,,20260106T061500Z-QE24M
ST-001057,L24-0590,9,72.07,process,2024-06-26,,20260106T061500Z-QE24M
ST-001058,L24-0593,11,56.59,process,2024-06-26,,20260106T061500Z-QE24M
ST-001059,L24-0598,8,63.06,setup,2024-06-26,,20260106T061500Z-QE24M
ST-001060,L24-0599,6,66.65,setup,2024-06-26,,20260106T061500Z-QE24M
ST-001061,L24-0600,3,13.23,setup,2024-06-26,,20260106T061500Z-QE24M
ST-001062,L24-0601,4,14.07,setup,2024-06-26,,20260106T061500Z-QE24M
ST-001063,L24-0602,8,56.08,setup,2024-06-26,,20260106T061500Z-QE24M
ST-001064,L24-0571,18,147.92,process,2024-06-27,,20260106T061500Z-QE24M
ST-001065,L24-0579,17,70.09,process,2024-06-27,,20260106T061500Z-QE24M
ST-001066,L24-0582,4,29.06,process,2024-06-27,,20260106T061500Z-QE24M
ST-001067,L24-0594,46,1241.63,process,2024-06-27,,20260106T061500Z-QE24M
ST-001068,L24-0599,2,44.44,process,2024-06-27,,20260106T061500Z-QE24M
ST-001069,L24-0603,6,48.49,setup,2024-06-27,,20260106T061500Z-QE24M
ST-001070,L24-0604,3,39.05,setup,2024-06-27,,20260106T061500Z-QE24M
ST-001071,L24-0605,5,31.52,setup,2024-06-27,,20260106T061500Z-QE24M
ST-001072,L24-0606,3,23.34,setup,2024-06-27,,20260106T061500Z-QE24M
ST-001073,L24-0607,2,6.44,setup,2024-06-27,,20260106T061500Z-QE24M
ST-001074,L24-0608,2,5.59,setup,2024-06-27,,20260106T061500Z-QE24M
ST-001075,L24-0583,36,449.32,process,2024-06-28,,20260106T061500Z-QE24M
ST-001076,L24-0597,27,128.14,process,2024-06-28,,20260106T061500Z-QE24M
ST-001077,L24-0600,24,211.68,process,2024-06-28,,20260106T061500Z-QE24M
ST-001078,L24-0601,12,84.42,process,2024-06-28,,20260106T061500Z-QE24M
ST-001079,L24-0603,1,16.16,process,2024-06-28,,20260106T061500Z-QE24M
ST-001080,L24-0604,5,130.16,process,2024-06-28,,20260106T061500Z-QE24M
ST-001081,L24-0605,6,75.64,process,2024-06-28,,20260106T061500Z-QE24M
ST-001082,L24-0609,5,32.78,setup,2024-06-28,,20260106T061500Z-QE24M
ST-001083,L24-0610,6,74.38,setup,2024-06-28,,20260106T061500Z-QE24M
ST-001084,L24-0611,5,54.92,setup,2024-06-28,,20260106T061500Z-QE24M
ST-001085,L24-0572,10,113.75,process,2024-07-01,,20260106T061500Z-QE24M
ST-001086,L24-0595,1,12.18,process,2024-07-01,,20260106T061500Z-QE24M
ST-001087,L24-0607,8,51.52,process,2024-07-01,,20260106T061500Z-QE24M
ST-001088,L24-0612,5,26.48,setup,2024-07-01,,20260106T061500Z-QE24M
ST-001089,L24-0613,4,15.39,setup,2024-07-01,,20260106T061500Z-QE24M
ST-001090,L24-0614,6,79.02,setup,2024-07-01,,20260106T061500Z-QE24M
ST-001091,L24-0615,5,87.88,setup,2024-07-01,,20260106T061500Z-QE24M
ST-001092,L24-0616,7,105.23,setup,2024-07-01,,20260106T061500Z-QE24M
ST-001093,L24-0617,4,13.72,setup,2024-07-01,,20260106T061500Z-QE24M
ST-001094,L24-0618,4,116.4,setup,2024-07-01,,20260106T061500Z-QE24M
ST-001095,L24-0619,6,15.33,setup,2024-07-01,,20260106T061500Z-QE24M
ST-001096,L24-0577,7,98.44,process,2024-07-02,,20260106T061500Z-QE24M
ST-001097,L24-0602,15,210.32,process,2024-07-02,,20260106T061500Z-QE24M
ST-001098,L24-0606,8,124.49,process,2024-07-02,,20260106T061500Z-QE24M
ST-001099,L24-0608,8,44.69,process,2024-07-02,,20260106T061500Z-QE24M
ST-001100,L24-0620,4,46.9,setup,2024-07-02,,20260106T061500Z-QE24M
ST-001101,L24-0621,6,31.44,setup,2024-07-02,,20260106T061500Z-QE24M
ST-001102,L24-0622,3,8.3,setup,2024-07-02,,20260106T061500Z-QE24M
ST-001103,L24-0623,1,4.56,setup,2024-07-02,,20260106T061500Z-QE24M
ST-001104,L24-0624,3,58.31,setup,2024-07-02,,20260106T061500Z-QE24M
ST-001105,L24-0625,8,26.57,setup,2024-07-02,,20260106T061500Z-QE24M
ST-001106,L24-0612,6,63.55,process,2024-07-03,,20260106T061500Z-QE24M
ST-001107,L24-0614,12,316.09,process,2024-07-03,,20260106T061500Z-QE24M
ST-001108,L24-0617,4,27.44,process,2024-07-03,,20260106T061500Z-QE24M
ST-001109,L24-0618,16,931.17,process,2024-07-03,,20260106T061500Z-QE24M
ST-001110,L24-0619,16,81.76,process,2024-07-03,,20260106T061500Z-QE24M
ST-001111,L24-0625,4,26.57,process,2024-07-03,,20260106T061500Z-QE24M
ST-001112,L24-0626,5,80.13,setup,2024-07-03,,20260106T061500Z-QE24M
ST-001113,L24-0627,1,15.71,process,2024-07-03,,20260106T061500Z-QE24M
ST-001114,L24-0627,6,47.14,setup,2024-07-03,,20260106T061500Z-QE24M
ST-001115,L24-0628,6,226.11,setup,2024-07-03,,20260106T061500Z-QE24M
ST-001116,L24-0629,6,21.97,setup,2024-07-03,,20260106T061500Z-QE24M
ST-001117,L24-0630,2,6.68,setup,2024-07-03,,20260106T061500Z-QE24M
ST-001118,L24-0615,94,3540.51,NCR,2024-07-04,NCR-24-0176,20260106T061500Z-QE24M
ST-001119,L24-0610,1,24.79,process,2024-07-05,,20260106T061500Z-QE24M
ST-001120,L24-0615,4,140.62,process,2024-07-05,,20260106T061500Z-QE24M
ST-001121,L24-0616,7,210.46,process,2024-07-05,,20260106T061500Z-QE24M
ST-001122,L24-0631,5,26.88,setup,2024-07-05,,20260106T061500Z-QE24M
ST-001123,L24-0632,5,69.3,setup,2024-07-05,,20260106T061500Z-QE24M
ST-001124,L24-0633,5,29.82,setup,2024-07-05,,20260106T061500Z-QE24M
ST-001125,L24-0634,7,99.32,setup,2024-07-05,,20260106T061500Z-QE24M
ST-001126,L24-0635,4,11.56,setup,2024-07-05,,20260106T061500Z-QE24M
ST-001127,L24-0636,8,30.83,setup,2024-07-05,,20260106T061500Z-QE24M
ST-001128,L24-0620,2,46.9,process,2024-07-08,,20260106T061500Z-QE24M
ST-001129,L24-0631,8,86.02,process,2024-07-08,,20260106T061500Z-QE24M
ST-001130,L24-0637,7,11.17,setup,2024-07-08,,20260106T061500Z-QE24M
ST-001131,L24-0638,7,25.28,setup,2024-07-08,,20260106T061500Z-QE24M
ST-001132,L24-0639,3,36.86,setup,2024-07-08,,20260106T061500Z-QE24M
ST-001133,L24-0640,4,8.54,setup,2024-07-08,,20260106T061500Z-QE24M
ST-001134,L24-0641,4,67.96,setup,2024-07-08,,20260106T061500Z-QE24M
ST-001135,L24-0642,8,108.53,setup,2024-07-08,,20260106T061500Z-QE24M
ST-001136,L24-0643,6,71.99,setup,2024-07-08,,20260106T061500Z-QE24M
ST-001137,L24-0644,2,16.84,setup,2024-07-08,,20260106T061500Z-QE24M
ST-001138,L24-0645,5,70.75,setup,2024-07-08,,20260106T061500Z-QE24M
ST-001139,L24-0646,2,4.96,setup,2024-07-08,,20260106T061500Z-QE24M
ST-001140,L24-0609,41,537.55,process,2024-07-09,,20260106T061500Z-QE24M
ST-001141,L24-0611,83,1823.18,process,2024-07-09,,20260106T061500Z-QE24M
ST-001142,L24-0628,8,602.95,process,2024-07-09,,20260106T061500Z-QE24M
ST-001143,L24-0640,2,8.54,process,2024-07-09,,20260106T061500Z-QE24M
ST-001144,L24-0643,14,335.94,process,2024-07-09,,20260106T061500Z-QE24M
ST-001145,L24-0644,6,101.01,process,2024-07-09,,20260106T061500Z-QE24M
ST-001146,L24-0645,7,198.11,process,2024-07-09,,20260106T061500Z-QE24M
ST-001147,L24-0647,3,35.72,setup,2024-07-09,,20260106T061500Z-QE24M
ST-001148,L24-0648,6,20.96,setup,2024-07-09,,20260106T061500Z-QE24M
ST-001149,L24-0649,7,33.47,setup,2024-07-09,,20260106T061500Z-QE24M
ST-001150,L24-0610,38,1009.47,NCR,2024-07-10,NCR-24-0178,20260106T061500Z-QE24M
ST-001151,L24-0624,47,1826.94,process,2024-07-10,,20260106T061500Z-QE24M
ST-001152,L24-0639,21,515.97,process,2024-07-10,,20260106T061500Z-QE24M
ST-001153,L24-0642,2,54.26,process,2024-07-10,,20260106T061500Z-QE24M
ST-001154,L24-0649,16,152.99,process,2024-07-10,,20260106T061500Z-QE24M
ST-001155,L24-0650,3,25.14,setup,2024-07-10,,20260106T061500Z-QE24M
ST-001156,L24-0651,2,7.18,setup,2024-07-10,,20260106T061500Z-QE24M
ST-001157,L24-0652,3,11.97,setup,2024-07-10,,20260106T061500Z-QE24M
ST-001158,L24-0653,5,55.02,process,2024-07-10,,20260106T061500Z-QE24M
ST-001159,L24-0653,4,22.01,setup,2024-07-10,,20260106T061500Z-QE24M
ST-001160,L24-0655,5,54.7,setup,2024-07-10,,20260106T061500Z-QE24M
ST-001161,L24-0626,33,1057.75,process,2024-07-11,,20260106T061500Z-QE24M
ST-001162,L24-0633,5,59.64,process,2024-07-11,,20260106T061500Z-QE24M
ST-001163,L24-0636,4,30.83,process,2024-07-11,,20260106T061500Z-QE24M
ST-001164,L24-0648,6,41.92,process,2024-07-11,,20260106T061500Z-QE24M
ST-001165,L24-0651,40,287.28,process,2024-07-11,,20260106T061500Z-QE24M
ST-001166,L24-0656,3,7.99,setup,2024-07-11,,20260106T061500Z-QE24M
ST-001167,L24-0657,6,53.74,setup,2024-07-11,,20260106T061500Z-QE24M
ST-001168,L24-0637,4,12.77,process,2024-07-12,,20260106T061500Z-QE24M
ST-001169,L24-0659,8,100.88,setup,2024-07-12,,20260106T061500Z-QE24M
ST-001170,L24-0660,7,42.07,setup,2024-07-12,,20260106T061500Z-QE24M
ST-001171,L24-0661,5,20.81,setup,2024-07-12,,20260106T061500Z-QE24M
ST-001172,L24-0662,3,12.94,setup,2024-07-12,,20260106T061500Z-QE24M
ST-001173,L24-0632,65,1930.5,NCR,2024-07-14,NCR-24-0179,20260106T061500Z-QE24M
ST-001174,L24-0642,75,2180.25,NCR,2024-07-14,NCR-24-0181,20260106T061500Z-QE24M
ST-001175,L24-0657,6,107.48,process,2024-07-15,,20260106T061500Z-QE24M
ST-001176,L24-0663,4,56.63,setup,2024-07-15,,20260106T061500Z-QE24M
ST-001177,L24-0664,8,22.65,setup,2024-07-15,,20260106T061500Z-QE24M
ST-001178,L24-0665,7,38.24,setup,2024-07-15,,20260106T061500Z-QE24M
ST-001179,L24-0666,2,13.11,setup,2024-07-15,,20260106T061500Z-QE24M
ST-001180,L24-0667,6,43.64,setup,2024-07-15,,20260106T061500Z-QE24M
ST-001181,L24-0668,4,15.39,setup,2024-07-15,,20260106T061500Z-QE24M
ST-001182,L24-0655,29,634.58,process,2024-07-16,,20260106T061500Z-QE24M
ST-001183,L24-0660,14,168.27,process,2024-07-16,,20260106T061500Z-QE24M
ST-001184,L24-0663,9,254.83,process,2024-07-16,,20260106T061500Z-QE24M
ST-001185,L24-0664,31,175.55,process,2024-07-16,,20260106T061500Z-QE24M
ST-001186,L24-0665,3,32.78,process,2024-07-16,,20260106T061500Z-QE24M
ST-001187,L24-0669,3,35.2,setup,2024-07-16,,20260106T061500Z-QE24M
ST-001188,L24-0670,4,21.35,setup,2024-07-16,,20260106T061500Z-QE24M
ST-001189,L24-0671,5,65.31,setup,2024-07-16,,20260106T061500Z-QE24M
ST-001190,L24-0672,5,44.03,setup,2024-07-16,,20260106T061500Z-QE24M
ST-001191,L24-0673,4,14.56,setup,2024-07-16,,20260106T061500Z-QE24M
ST-001192,L24-0674,2,28.77,setup,2024-07-16,,20260106T061500Z-QE24M
ST-001193,L24-0629,42,307.52,process,2024-07-17,,20260106T061500Z-QE24M
ST-001194,L24-0662,5,43.12,process,2024-07-17,,20260106T061500Z-QE24M
ST-001195,L24-0665,57,667.33,NCR,2024-07-17,NCR-24-0187,20260106T061500Z-QE24M
ST-001196,L24-0668,7,53.85,process,2024-07-17,,20260106T061500Z-QE24M
ST-001197,L24-0675,2,10.73,setup,2024-07-17,,20260106T061500Z-QE24M
ST-001198,L24-0676,6,51.97,setup,2024-07-17,,20260106T061500Z-QE24M
ST-001199,L24-0677,3,43.59,setup,2024-07-17,,20260106T061500Z-QE24M
ST-001200,L24-0666,8,104.89,process,2024-07-18,,20260106T061500Z-QE24M
ST-001201,L24-0671,33,862.09,process,2024-07-18,,20260106T061500Z-QE24M
ST-001202,L24-0674,7,201.39,process,2024-07-18,,20260106T061500Z-QE24M
ST-001203,L24-0678,6,44.2,setup,2024-07-18,,20260106T061500Z-QE24M
ST-001204,L24-0679,6,15.48,setup,2024-07-18,,20260106T061500Z-QE24M
ST-001205,L24-0680,6,30.41,setup,2024-07-18,,20260106T061500Z-QE24M
ST-001206,L24-0681,5,56.47,setup,2024-07-18,,20260106T061500Z-QE24M
ST-001207,L24-0682,6,80.51,setup,2024-07-18,,20260106T061500Z-QE24M
ST-001208,L24-0683,8,49.62,setup,2024-07-18,,20260106T061500Z-QE24M
ST-001209,L24-0678,1,14.74,process,2024-07-19,,20260106T061500Z-QE24M
ST-001210,L24-0679,260,1437.15,NCR,2024-07-19,NCR-24-0192,20260106T061500Z-QE24M
ST-001211,L24-0679,5,25.8,process,2024-07-19,,20260106T061500Z-QE24M
ST-001212,L24-0684,7,216.29,process,2024-07-19,,20260106T061500Z-QE24M
ST-001213,L24-0684,6,92.69,setup,2024-07-19,,20260106T061500Z-QE24M
ST-001214,L24-0685,2,7.04,setup,2024-07-19,,20260106T061500Z-QE24M
ST-001215,L24-0686,7,26.02,setup,2024-07-19,,20260106T061500Z-QE24M
ST-001216,L24-0687,6,55.67,setup,2024-07-19,,20260106T061500Z-QE24M
ST-001217,L24-0688,6,107.88,setup,2024-07-19,,20260106T061500Z-QE24M
ST-001218,L24-0689,5,48.16,setup,2024-07-19,,20260106T061500Z-QE24M
ST-001219,L24-0620,132,4200.9,NCR,2024-07-20,NCR-24-0189,20260106T061500Z-QE24M
ST-001220,L24-0597,91,586.13,NCR,2024-07-21,NCR-24-0182,20260106T061500Z-QE24M
ST-001221,L24-0667,54,785.48,process,2024-07-22,,20260106T061500Z-QE24M
ST-001222,L24-0677,19,552.08,process,2024-07-22,,20260106T061500Z-QE24M
ST-001223,L24-0681,27,609.9,process,2024-07-22,,20260106T061500Z-QE24M
ST-001224,L24-0682,5,134.19,process,2024-07-22,,20260106T061500Z-QE24M
ST-001225,L24-0686,5,37.17,process,2024-07-22,,20260106T061500Z-QE24M
ST-001226,L24-0690,2,8.15,setup,2024-07-22,,20260106T061500Z-QE24M
ST-001227,L24-0691,3,8.84,setup,2024-07-22,,20260106T061500Z-QE24M
ST-001228,L24-0692,2,22.67,setup,2024-07-22,,20260106T061500Z-QE24M
ST-001229,L24-0693,4,22.23,setup,2024-07-22,,20260106T061500Z-QE24M
ST-001230,L24-0694,4,13.36,setup,2024-07-22,,20260106T061500Z-QE24M
ST-001231,L24-0695,2,22.88,setup,2024-07-22,,20260106T061500Z-QE24M
ST-001232,L24-0696,6,108.55,setup,2024-07-22,,20260106T061500Z-QE24M
ST-001233,L24-0697,3,31.02,setup,2024-07-22,,20260106T061500Z-QE24M
ST-001234,L24-0673,51,371.28,process,2024-07-23,,20260106T061500Z-QE24M
ST-001235,L24-0685,22,154.92,process,2024-07-23,,20260106T061500Z-QE24M
ST-001236,L24-0687,14,259.8,process,2024-07-23,,20260106T061500Z-QE24M
ST-001237,L24-0698,5,62.26,setup,2024-07-23,,20260106T061500Z-QE24M
ST-001238,L24-0699,8,46.65,setup,2024-07-23,,20260106T061500Z-QE24M
ST-001239,L24-0700,4,57.55,setup,2024-07-23,,20260106T061500Z-QE24M
ST-001240,L24-0701,7,49.54,setup,2024-07-23,,20260106T061500Z-QE24M
ST-001241,L24-0702,5,16.47,setup,2024-07-23,,20260106T061500Z-QE24M
ST-001242,L24-0703,8,32.03,setup,2024-07-23,,20260106T061500Z-QE24M
ST-001243,L24-0675,39,418.51,process,2024-07-24,,20260106T061500Z-QE24M
ST-001244,L24-0686,213,1696.54,NCR,2024-07-24,NCR-24-0194,20260106T061500Z-QE24M
ST-001245,L24-0692,22,498.65,process,2024-07-24,,20260106T061500Z-QE24M
ST-001246,L24-0698,9,224.15,process,2024-07-24,,20260106T061500Z-QE24M
ST-001247,L24-0699,8,93.3,process,2024-07-24,,20260106T061500Z-QE24M
ST-001248,L24-0701,2,28.31,process,2024-07-24,,20260106T061500Z-QE24M
ST-001249,L24-0704,1,8.94,setup,2024-07-24,,20260106T061500Z-QE24M
ST-001250,L24-0688,37,1330.48,process,2024-07-25,,20260106T061500Z-QE24M
ST-001251,L24-0690,4,32.59,process,2024-07-25,,20260106T061500Z-QE24M
ST-001252,L24-0694,245,1752.98,NCR,2024-07-25,NCR-24-0196,20260106T061500Z-QE24M
ST-001253,L24-0700,9,258.99,process,2024-07-25,,20260106T061500Z-QE24M
ST-001254,L24-0703,1,8.01,process,2024-07-25,,20260106T061500Z-QE24M
ST-001255,L24-0705,4,17.51,setup,2024-07-25,,20260106T061500Z-QE24M
ST-001256,L24-0706,8,40.54,setup,2024-07-25,,20260106T061500Z-QE24M
ST-001257,L24-0707,2,6.16,setup,2024-07-25,,20260106T061500Z-QE24M
ST-001258,L24-0708,4,27.19,setup,2024-07-25,,20260106T061500Z-QE24M
ST-001259,L24-0647,24,571.54,process,2024-07-26,,20260106T061500Z-QE24M
ST-001260,L24-0650,16,268.13,process,2024-07-26,,20260106T061500Z-QE24M
ST-001261,L24-0697,7,144.75,process,2024-07-26,,20260106T061500Z-QE24M
ST-001262,L24-0702,41,270.07,process,2024-07-26,,20260106T061500Z-QE24M
ST-001263,L24-0706,28,283.81,process,2024-07-26,,20260106T061500Z-QE24M
ST-001264,L24-0708,7,95.16,process,2024-07-26,,20260106T061500Z-QE24M
ST-001265,L24-0710,3,45.31,setup,2024-07-29,,20260106T061500Z-QE24M
ST-001266,L24-0711,7,120.42,setup,2024-07-29,,20260106T061500Z-QE24M
ST-001267,L24-0712,7,219.32,process,2024-07-29,,20260106T061500Z-QE24M
ST-001268,L24-0712,7,109.66,setup,2024-07-29,,20260106T061500Z-QE24M
ST-001269,L24-0713,2,24.28,process,2024-07-29,,20260106T061500Z-QE24M
ST-001270,L24-0713,7,42.48,setup,2024-07-29,,20260106T061500Z-QE24M
ST-001271,L24-0714,1,9.73,setup,2024-07-29,,20260106T061500Z-QE24M
ST-001272,L24-0715,2,37.9,process,2024-07-29,,20260106T061500Z-QE24M
ST-001273,L24-0715,2,18.95,setup,2024-07-29,,20260106T061500Z-QE24M
ST-001274,L24-0716,3,30.68,setup,2024-07-29,,20260106T061500Z-QE24M
ST-001275,L24-0717,2,10.44,setup,2024-07-29,,20260106T061500Z-QE24M
ST-001276,L24-0718,2,10.4,setup,2024-07-29,,20260106T061500Z-QE24M
ST-001277,L24-0719,2,7.45,setup,2024-07-29,,20260106T061500Z-QE24M
ST-001278,L24-0720,7,33.05,setup,2024-07-29,,20260106T061500Z-QE24M
ST-001279,L24-0721,2,14.96,setup,2024-07-29,,20260106T061500Z-QE24M
ST-001280,L24-0694,19,126.88,process,2024-07-30,,20260106T061500Z-QE24M
ST-001281,L24-0710,3,90.61,process,2024-07-30,,20260106T061500Z-QE24M
ST-001282,L24-0722,8,22.34,setup,2024-07-30,,20260106T061500Z-QE24M
ST-001283,L24-0723,2,13.08,setup,2024-07-30,,20260106T061500Z-QE24M
ST-001284,L24-0724,3,55.01,setup,2024-07-30,,20260106T061500Z-QE24M
ST-001285,L24-0725,2,35.31,setup,2024-07-30,,20260106T061500Z-QE24M
ST-001286,L24-0705,9,78.81,process,2024-07-31,,20260106T061500Z-QE24M
ST-001287,L24-0711,28,963.34,process,2024-07-31,,20260106T061500Z-QE24M
ST-001288,L24-0723,9,117.68,process,2024-07-31,,20260106T061500Z-QE24M
ST-001289,L24-0726,5,19.32,setup,2024-07-31,,20260106T061500Z-QE24M
ST-001290,L24-0727,17,195.16,process,2024-07-31,,20260106T061500Z-QE24M
ST-001291,L24-0727,2,11.48,setup,2024-07-31,,20260106T061500Z-QE24M
ST-001292,L24-0728,8,54.38,setup,2024-07-31,,20260106T061500Z-QE24M
ST-001293,L24-0729,4,15.39,setup,2024-07-31,,20260106T061500Z-QE24M
ST-001294,L24-0730,4,22.89,setup,2024-07-31,,20260106T061500Z-QE24M
ST-001295,L24-0731,7,40.42,setup,2024-07-31,,20260106T061500Z-QE24M
ST-001296,L24-0696,60,2170.98,process,2024-08-01,,20260106T061500Z-QE24M
ST-001297,L24-0725,28,988.62,process,2024-08-01,,20260106T061500Z-QE24M
ST-001298,L24-0729,3,23.08,process,2024-08-01,,20260106T061500Z-QE24M
ST-001299,L24-0732,4,46.13,setup,2024-08-01,,20260106T061500Z-QE24M
ST-001300,L24-0733,8,107.8,setup,2024-08-01,,20260106T061500Z-QE24M
ST-001301,L24-0707,31,190.96,process,2024-08-02,,20260106T061500Z-QE24M
ST-001302,L24-0720,24,226.63,process,2024-08-02,,20260106T061500Z-QE24M
ST-001303,L24-0728,2,27.19,process,2024-08-02,,20260106T061500Z-QE24M
ST-001304,L24-0730,13,148.78,process,2024-08-02,,20260106T061500Z-QE24M
ST-001305,L24-0734,3,23.65,setup,2024-08-02,,20260106T061500Z-QE24M
ST-001306,L24-0735,5,66.26,setup,2024-08-02,,20260106T061500Z-QE24M
ST-001307,L24-0736,5,25.23,setup,2024-08-02,,20260106T061500Z-QE24M
ST-001308,L24-0721,54,865.48,NCR,2024-08-03,NCR-24-0203,20260106T061500Z-QE24M
ST-001309,L24-0722,19,106.13,process,2024-08-05,,20260106T061500Z-QE24M
ST-001310,L24-0731,5,57.75,process,2024-08-05,,20260106T061500Z-QE24M
ST-001311,L24-0732,23,530.5,process,2024-08-05,,20260106T061500Z-QE24M
ST-001312,L24-0735,8,212.02,process,2024-08-05,,20260106T061500Z-QE24M
ST-001313,L24-0737,8,249.42,process,2024-08-05,,20260106T061500Z-QE24M
ST-001314,L24-0737,3,46.77,setup,2024-08-05,,20260106T061500Z-QE24M
ST-001315,L24-0738,8,72.58,setup,2024-08-05,,20260106T061500Z-QE24M
ST-001316,L24-0739,4,17.0,setup,2024-08-05,,20260106T061500Z-QE24M
ST-001317,L24-0740,2,11.96,setup,2024-08-05,,20260106T061500Z-QE24M
ST-001318,L24-0741,3,40.9,setup,2024-08-05,,20260106T061500Z-QE24M
ST-001319,L24-0689,97,1868.61,process,2024-08-06,,20260106T061500Z-QE24M
ST-001320,L24-0709,37,437.62,NCR,2024-08-06,NCR-24-0200,20260106T061500Z-QE24M
ST-001321,L24-0734,5,78.82,process,2024-08-06,,20260106T061500Z-QE24M
ST-001322,L24-0736,2,20.19,process,2024-08-06,,20260106T061500Z-QE24M
ST-001323,L24-0739,10,84.98,process,2024-08-06,,20260106T061500Z-QE24M
ST-001324,L24-0742,3,39.23,setup,2024-08-06,,20260106T061500Z-QE24M
ST-001325,L24-0743,5,19.23,setup,2024-08-06,,20260106T061500Z-QE24M
ST-001326,L24-0744,6,26.36,setup,2024-08-06,,20260106T061500Z-QE24M
ST-001327,L24-0745,3,23.34,setup,2024-08-06,,20260106T061500Z-QE24M
ST-001328,L24-0746,2,4.96,setup,2024-08-06,,20260106T061500Z-QE24M
ST-001329,L24-0719,40,297.92,process,2024-08-07,,20260106T061500Z-QE24M
ST-001330,L24-0742,7,183.06,process,2024-08-07,,20260106T061500Z-QE24M
ST-001331,L24-0743,1,7.69,process,2024-08-07,,20260106T061500Z-QE24M
ST-001332,L24-0747,7,45.42,setup,2024-08-07,,20260106T061500Z-QE24M
ST-001333,L24-0748,3,12.27,setup,2024-08-07,,20260106T061500Z-QE24M
ST-001334,L24-0740,22,263.03,process,2024-08-08,,20260106T061500Z-QE24M
ST-001335,L24-0747,6,77.87,process,2024-08-08,,20260106T061500Z-QE24M
ST-001336,L24-0749,4,49.88,setup,2024-08-08,,20260106T061500Z-QE24M
ST-001337,L24-0750,4,59.25,setup,2024-08-08,,20260106T061500Z-QE24M
ST-001338,L24-0751,4,29.61,setup,2024-08-08,,20260106T061500Z-QE24M
ST-001339,L24-0752,3,11.35,setup,2024-08-08,,20260106T061500Z-QE24M
ST-001340,L24-0719,248,1979.04,NCR,2024-08-09,NCR-24-0206,20260106T061500Z-QE24M
ST-001341,L24-0733,13,350.35,process,2024-08-09,,20260106T061500Z-QE24M
ST-001342,L24-0745,6,93.37,process,2024-08-09,,20260106T061500Z-QE24M
ST-001343,L24-0748,12,98.2,process,2024-08-09,,20260106T061500Z-QE24M
ST-001344,L24-0750,1,29.62,process,2024-08-09,,20260106T061500Z-QE24M
ST-001345,L24-0752,6,45.4,process,2024-08-09,,20260106T061500Z-QE24M
ST-001346,L24-0753,6,81.65,setup,2024-08-09,,20260106T061500Z-QE24M
ST-001347,L24-0754,7,14.31,setup,2024-08-09,,20260106T061500Z-QE24M
ST-001348,L24-0755,7,19.55,setup,2024-08-09,,20260106T061500Z-QE24M
ST-001349,L24-0526,6,65.94,NCR,2024-08-11,NCR-24-0210,20260106T061500Z-QE24M
ST-001350,L24-0738,25,453.6,process,2024-08-12,,20260106T061500Z-QE24M
ST-001351,L24-0746,55,272.96,process,2024-08-12,,20260106T061500Z-QE24M
ST-001352,L24-0756,5,69.16,setup,2024-08-12,,20260106T061500Z-QE24M
ST-001353,L24-0757,7,28.03,setup,2024-08-12,,20260106T061500Z-QE24M
ST-001354,L24-0758,4,41.93,setup,2024-08-12,,20260106T061500Z-QE24M
ST-001355,L24-0759,4,72.39,setup,2024-08-12,,20260106T061500Z-QE24M
ST-001356,L24-0754,3,12.26,process,2024-08-13,,20260106T061500Z-QE24M
ST-001357,L24-0757,2,16.02,process,2024-08-13,,20260106T061500Z-QE24M
ST-001358,L24-0760,5,191.45,setup,2024-08-13,,20260106T061500Z-QE24M
ST-001359,L24-0761,4,49.14,setup,2024-08-13,,20260106T061500Z-QE24M
ST-001360,L24-0744,8,70.28,process,2024-08-14,,20260106T061500Z-QE24M
ST-001361,L24-0762,7,30.18,setup,2024-08-14,,20260106T061500Z-QE24M
ST-001362,L24-0763,1,10.6,process,2024-08-14,,20260106T061500Z-QE24M
ST-001363,L24-0763,5,26.5,setup,2024-08-14,,20260106T061500Z-QE24M
ST-001364,L24-0764,5,16.89,setup,2024-08-14,,20260106T061500Z-QE24M
ST-001365,L24-0765,2,7.52,setup,2024-08-14,,20260106T061500Z-QE24M
ST-001366,L24-0766,6,19.76,setup,2024-08-14,,20260106T061500Z-QE24M
ST-001367,L24-0767,8,121.32,setup,2024-08-14,,20260106T061500Z-QE24M
ST-001368,L24-0767,4,121.32,process,2024-08-15,,20260106T061500Z-QE24M
ST-001369,L24-0768,3,15.36,setup,2024-08-15,,20260106T061500Z-QE24M
ST-001370,L24-0769,8,61.21,setup,2024-08-15,,20260106T061500Z-QE24M
ST-001371,L24-0770,5,75.44,setup,2024-08-15,,20260106T061500Z-QE24M
ST-001372,L24-0753,16,435.46,process,2024-08-16,,20260106T061500Z-QE24M
ST-001373,L24-0761,20,491.4,process,2024-08-16,,20260106T061500Z-QE24M
ST-001374,L24-0768,6,61.45,process,2024-08-16,,20260106T061500Z-QE24M
ST-001375,L24-0770,4,120.71,process,2024-08-16,,20260106T061500Z-QE24M
ST-001376,L24-0771,4,46.93,setup,2024-08-16,,20260106T061500Z-QE24M
ST-001377,L24-0772,2,5.33,setup,2024-08-16,,20260106T061500Z-QE24M
ST-001378,L24-0773,7,19.82,setup,2024-08-16,,20260106T061500Z-QE24M
ST-001379,L24-0774,1,2.36,setup,2024-08-16,,20260106T061500Z-QE24M
ST-001380,L24-0775,4,24.67,setup,2024-08-16,,20260106T061500Z-QE24M
ST-001381,L24-0756,105,3112.2,NCR,2024-08-17,NCR-24-0218,20260106T061500Z-QE24M
ST-001382,L24-0729,68,709.95,NCR,2024-08-18,NCR-24-0216,20260106T061500Z-QE24M
ST-001383,L24-0750,86,2729.64,NCR,2024-08-18,NCR-24-0214,20260106T061500Z-QE24M
ST-001384,L24-0762,30,258.72,process,2024-08-19,,20260106T061500Z-QE24M
ST-001385,L24-0766,26,171.26,process,2024-08-19,,20260106T061500Z-QE24M
ST-001386,L24-0769,3,45.91,process,2024-08-19,,20260106T061500Z-QE24M
ST-001387,L24-0771,5,117.32,process,2024-08-19,,20260106T061500Z-QE24M
ST-001388,L24-0775,5,61.67,process,2024-08-19,,20260106T061500Z-QE24M
ST-001389,L24-0776,7,65.37,setup,2024-08-19,,20260106T061500Z-QE24M
ST-001390,L24-0777,1,2.49,setup,2024-08-19,,20260106T061500Z-QE24M
ST-001391,L24-0778,4,22.57,setup,2024-08-19,,20260106T061500Z-QE24M
ST-001392,L24-0779,2,6.68,setup,2024-08-19,,20260106T061500Z-QE24M
ST-001393,L24-0780,1,15.45,setup,2024-08-19,,20260106T061500Z-QE24M
ST-001394,L24-0781,4,15.39,setup,2024-08-19,,20260106T061500Z-QE24M
ST-001395,L24-0765,5,37.62,process,2024-08-20,,20260106T061500Z-QE24M
ST-001396,L24-0773,18,101.93,process,2024-08-20,,20260106T061500Z-QE24M
ST-001397,L24-0782,5,83.65,setup,2024-08-20,,20260106T061500Z-QE24M
ST-001398,L24-0783,7,64.8,setup,2024-08-20,,20260106T061500Z-QE24M
ST-001399,L24-0784,8,55.72,setup,2024-08-20,,20260106T061500Z-QE24M
ST-001400,L24-0785,5,44.78,setup,2024-08-20,,20260106T061500Z-QE24M
ST-001401,L24-0786,8,31.67,setup,2024-08-20,,20260106T061500Z-QE24M
ST-001402,L24-0787,6,78.1,setup,2024-08-20,,20260106T061500Z-QE24M
ST-001403,L24-0758,1,20.96,process,2024-08-21,,20260106T061500Z-QE24M
ST-001404,L24-0772,7,37.29,process,2024-08-21,,20260106T061500Z-QE24M
ST-001405,L24-0778,4,45.14,process,2024-08-21,,20260106T061500Z-QE24M
ST-001406,L24-0788,3,46.85,setup,2024-08-21,,20260106T061500Z-QE24M
ST-001407,L24-0789,7,179.19,setup,2024-08-21,,20260106T061500Z-QE24M
ST-001408,L24-0790,3,14.34,setup,2024-08-21,,20260106T061500Z-QE24M
ST-001409,L24-0791,7,37.17,setup,2024-08-21,,20260106T061500Z-QE24M
ST-001410,L24-0792,5,20.21,setup,2024-08-21,,20260106T061500Z-QE24M
ST-001411,L24-0784,6,83.58,process,2024-08-22,,20260106T061500Z-QE24M
ST-001412,L24-0785,5,89.56,process,2024-08-22,,20260106T061500Z-QE24M
ST-001413,L24-0786,3,23.75,process,2024-08-22,,20260106T061500Z-QE24M
ST-001414,L24-0787,7,182.23,process,2024-08-22,,20260106T061500Z-QE24M
ST-001415,L24-0788,5,156.17,process,2024-08-22,,20260106T061500Z-QE24M
ST-001416,L24-0790,13,124.31,process,2024-08-22,,20260106T061500Z-QE24M
ST-001417,L24-0793,7,40.77,setup,2024-08-22,,20260106T061500Z-QE24M
ST-001418,L24-0794,4,53.55,setup,2024-08-22,,20260106T061500Z-QE24M
ST-001419,L24-0760,4,306.32,process,2024-08-23,,20260106T061500Z-QE24M
ST-001420,L24-0785,32,777.94,NCR,2024-08-23,NCR-24-0227,20260106T061500Z-QE24M
ST-001421,L24-0793,1,11.65,process,2024-08-23,,20260106T061500Z-QE24M
ST-001422,L24-0795,7,102.43,setup,2024-08-23,,20260106T061500Z-QE24M
ST-001423,L24-0796,4,70.31,setup,2024-08-23,,20260106T061500Z-QE24M
ST-001424,L24-0797,1,7.95,setup,2024-08-23,,20260106T061500Z-QE24M
ST-001425,L24-0798,5,39.02,setup,2024-08-23,,20260106T061500Z-QE24M
ST-001426,L24-0799,6,68.8,setup,2024-08-23,,20260106T061500Z-QE24M
ST-001427,L24-0792,10,80.85,process,2024-08-26,,20260106T061500Z-QE24M
ST-001428,L24-0800,6,55.67,setup,2024-08-26,,20260106T061500Z-QE24M
ST-001429,L24-0801,3,21.93,setup,2024-08-26,,20260106T061500Z-QE24M
ST-001430,L24-0802,3,23.17,setup,2024-08-26,,20260106T061500Z-QE24M
ST-001431,L24-0803,7,16.61,setup,2024-08-26,,20260106T061500Z-QE24M
ST-001432,L24-0751,19,281.29,process,2024-08-28,,20260106T061500Z-QE24M
ST-001433,L24-0779,36,240.41,process,2024-08-28,,20260106T061500Z-QE24M
ST-001434,L24-0784,40,756.2,NCR,2024-08-28,NCR-24-0225,20260106T061500Z-QE24M
ST-001435,L24-0796,1,35.15,process,2024-08-28,,20260106T061500Z-QE24M
ST-001436,L24-0800,23,426.81,process,2024-08-28,,20260106T061500Z-QE24M
ST-001437,L24-0802,33,509.82,process,2024-08-28,,20260106T061500Z-QE24M
ST-001438,L24-0803,24,113.9,process,2024-08-28,,20260106T061500Z-QE24M
ST-001439,L24-0804,2,9.15,setup,2024-08-28,,20260106T061500Z-QE24M
ST-001440,L24-0805,4,13.29,setup,2024-08-28,,20260106T061500Z-QE24M
ST-001441,L24-0795,11,321.94,process,2024-08-29,,20260106T061500Z-QE24M
ST-001442,L24-0806,4,54.89,setup,2024-08-29,,20260106T061500Z-QE24M
ST-001443,L24-0807,3,29.29,setup,2024-08-29,,20260106T061500Z-QE24M
ST-001444,L24-0808,2,11.16,setup,2024-08-29,,20260106T061500Z-QE24M
ST-001445,L24-0809,5,111.06,setup,2024-08-29,,20260106T061500Z-QE24M
ST-001446,L24-0810,1,3.97,setup,2024-08-29,,20260106T061500Z-QE24M
ST-001447,L24-0811,2,11.24,setup,2024-08-29,,20260106T061500Z-QE24M
ST-001448,L24-0812,1,3.85,setup,2024-08-29,,20260106T061500Z-QE24M
ST-001449,L24-0813,2,7.98,setup,2024-08-29,,20260106T061500Z-QE24M
ST-001450,L24-0814,1,2.15,setup,2024-08-29,,20260106T061500Z-QE24M
ST-001451,L24-0791,30,318.57,process,2024-08-30,,20260106T061500Z-QE24M
ST-001452,L24-0804,2,18.3,process,2024-08-30,,20260106T061500Z-QE24M
ST-001453,L24-0809,2,88.84,process,2024-08-30,,20260106T061500Z-QE24M
ST-001454,L24-0815,5,57.31,setup,2024-08-30,,20260106T061500Z-QE24M
ST-001455,L24-0816,3,8.46,setup,2024-08-30,,20260106T061500Z-QE24M
ST-001456,L24-0817,2,19.82,setup,2024-08-30,,20260106T061500Z-QE24M
ST-001457,L24-0818,4,15.96,setup,2024-08-30,,20260106T061500Z-QE24M
ST-001458,L24-0819,3,7.72,setup,2024-08-30,,20260106T061500Z-QE24M
ST-001459,L24-0779,325,2325.37,NCR,2024-09-03,NCR-24-0230,20260106T061500Z-QE24M
ST-001460,L24-0806,69,2029.12,NCR,2024-09-03,NCR-24-0234,20260106T061500Z-QE24M
ST-001461,L24-0806,1,27.45,process,2024-09-03,,20260106T061500Z-QE24M
ST-001462,L24-0813,5,39.9,process,2024-09-03,,20260106T061500Z-QE24M
ST-001463,L24-0820,5,12.84,setup,2024-09-03,,20260106T061500Z-QE24M
ST-001464,L24-0821,1,7.53,setup,2024-09-03,,20260106T061500Z-QE24M
ST-001465,L24-0822,3,13.0,setup,2024-09-03,,20260106T061500Z-QE24M
ST-001466,L24-0823,7,24.01,setup,2024-09-03,,20260106T061500Z-QE24M
ST-001467,L24-0824,3,11.79,setup,2024-09-03,,20260106T061500Z-QE24M
ST-001468,L24-0825,6,38.98,setup,2024-09-03,,20260106T061500Z-QE24M
ST-001469,L24-0801,61,892.0,process,2024-09-04,,20260106T061500Z-QE24M
ST-001470,L24-0815,5,114.62,process,2024-09-04,,20260106T061500Z-QE24M
ST-001471,L24-0819,7,36.01,process,2024-09-04,,20260106T061500Z-QE24M
ST-001472,L24-0822,6,52.0,process,2024-09-04,,20260106T061500Z-QE24M
ST-001473,L24-0826,5,57.92,setup,2024-09-04,,20260106T061500Z-QE24M
ST-001474,L24-0827,7,70.34,setup,2024-09-04,,20260106T061500Z-QE24M
ST-001475,L24-0828,5,33.74,setup,2024-09-04,,20260106T061500Z-QE24M
ST-001476,L24-0829,5,62.26,setup,2024-09-04,,20260106T061500Z-QE24M
ST-001477,L24-0816,9,50.78,process,2024-09-05,,20260106T061500Z-QE24M
ST-001478,L24-0817,3,59.47,process,2024-09-05,,20260106T061500Z-QE24M
ST-001479,L24-0823,5,34.3,process,2024-09-05,,20260106T061500Z-QE24M
ST-001480,L24-0824,16,125.78,process,2024-09-05,,20260106T061500Z-QE24M
ST-001481,L24-0827,2,40.19,process,2024-09-05,,20260106T061500Z-QE24M
ST-001482,L24-0828,2,26.99,process,2024-09-05,,20260106T061500Z-QE24M
ST-001483,L24-0830,6,45.86,setup,2024-09-05,,20260106T061500Z-QE24M
ST-001484,L24-0831,2,12.44,setup,2024-09-05,,20260106T061500Z-QE24M
ST-001485,L24-0832,7,38.96,setup,2024-09-05,,20260106T061500Z-QE24M
ST-001486,L24-0833,2,14.65,setup,2024-09-05,,20260106T061500Z-QE24M
ST-001487,L24-0834,8,40.4,setup,2024-09-05,,20260106T061500Z-QE24M
ST-001488,L24-0808,16,178.53,process,2024-09-06,,20260106T061500Z-QE24M
ST-001489,L24-0820,32,164.42,process,2024-09-06,,20260106T061500Z-QE24M
ST-001490,L24-0825,23,298.82,process,2024-09-06,,20260106T061500Z-QE24M
ST-001491,L24-0835,3,12.01,setup,2024-09-06,,20260106T061500Z-QE24M
ST-001492,L24-0836,3,13.94,setup,2024-09-06,,20260106T061500Z-QE24M
ST-001493,L24-0837,5,56.02,setup,2024-09-06,,20260106T061500Z-QE24M
ST-001494,L24-0838,2,4.93,setup,2024-09-06,,20260106T061500Z-QE24M
ST-001495,L24-0832,191,2277.68,NCR,2024-09-08,NCR-24-0241,20260106T061500Z-QE24M
ST-001496,L24-0730,138,2143.48,NCR,2024-09-09,NCR-24-0236,20260106T061500Z-QE24M
ST-001497,L24-0835,10,80.08,process,2024-09-09,,20260106T061500Z-QE24M
ST-001498,L24-0839,8,59.0,setup,2024-09-09,,20260106T061500Z-QE24M
ST-001499,L24-0840,7,50.91,setup,2024-09-09,,20260106T061500Z-QE24M
ST-001500,L24-0841,4,14.36,setup,2024-09-09,,20260106T061500Z-QE24M
ST-001501,L24-0842,8,59.81,setup,2024-09-09,,20260106T061500Z-QE24M
ST-001502,L24-0843,3,39.21,setup,2024-09-09,,20260106T061500Z-QE24M
ST-001503,L24-0844,3,13.67,setup,2024-09-09,,20260106T061500Z-QE24M
ST-001504,L24-0830,7,107.02,process,2024-09-10,,20260106T061500Z-QE24M
ST-001505,L24-0831,8,99.51,process,2024-09-10,,20260106T061500Z-QE24M
ST-001506,L24-0834,42,424.24,process,2024-09-10,,20260106T061500Z-QE24M
ST-001507,L24-0841,26,186.73,process,2024-09-10,,20260106T061500Z-QE24M
ST-001508,L24-0845,4,52.42,setup,2024-09-10,,20260106T061500Z-QE24M
ST-001509,L24-0846,4,58.31,setup,2024-09-10,,20260106T061500Z-QE24M
ST-001510,L24-0847,7,91.43,setup,2024-09-10,,20260106T061500Z-QE24M
ST-001511,L24-0787,76,2685.12,NCR,2024-09-11,NCR-24-0239,20260106T061500Z-QE24M
ST-001512,L24-0833,7,102.56,process,2024-09-11,,20260106T061500Z-QE24M
ST-001513,L24-0838,6,29.61,process,2024-09-11,,20260106T061500Z-QE24M
ST-001514,L24-0842,26,388.75,process,2024-09-11,,20260106T061500Z-QE24M
ST-001515,L24-0848,4,140.94,setup,2024-09-11,,20260106T061500Z-QE24M
ST-001516,L24-0845,14,366.91,process,2024-09-12,,20260106T061500Z-QE24M
ST-001517,L24-0847,20,522.48,process,2024-09-12,,20260106T061500Z-QE24M
ST-001518,L24-0849,3,11.54,setup,2024-09-12,,20260106T061500Z-QE24M
ST-001519,L24-0850,3,21.77,setup,2024-09-12,,20260106T061500Z-QE24M
ST-001520,L24-0851,6,62.33,setup,2024-09-12,,20260106T061500Z-QE24M
ST-001521,L24-0852,2,9.33,setup,2024-09-12,,20260106T061500Z-QE24M
ST-001522,L24-0826,33,764.61,process,2024-09-13,,20260106T061500Z-QE24M
ST-001523,L24-0850,2,29.02,process,2024-09-13,,20260106T061500Z-QE24M
ST-001524,L24-0853,2,10.95,setup,2024-09-13,,20260106T061500Z-QE24M
ST-001525,L24-0854,3,69.45,setup,2024-09-13,,20260106T061500Z-QE24M
ST-001526,L24-0827,116,2497.77,NCR,2024-09-15,NCR-24-0238,20260106T061500Z-QE24M
ST-001527,L24-0834,222,2402.6,NCR,2024-09-15,NCR-24-0242,20260106T061500Z-QE24M
ST-001528,L24-0840,38,552.75,process,2024-09-16,,20260106T061500Z-QE24M
ST-001529,L24-0852,8,74.65,process,2024-09-16,,20260106T061500Z-QE24M
ST-001530,L24-0855,5,66.57,setup,2024-09-16,,20260106T061500Z-QE24M
ST-001531,L24-0856,5,69.76,setup,2024-09-16,,20260106T061500Z-QE24M
ST-001532,L24-0857,2,31.33,setup,2024-09-16,,20260106T061500Z-QE24M
ST-001533,L24-0858,2,5.71,setup,2024-09-16,,20260106T061500Z-QE24M
ST-001534,L24-0859,3,13.21,setup,2024-09-16,,20260106T061500Z-QE24M
ST-001535,L24-0860,3,8.36,setup,2024-09-16,,20260106T061500Z-QE24M
ST-001536,L24-0861,5,22.77,setup,2024-09-16,,20260106T061500Z-QE24M
ST-001537,L24-0851,16,332.42,process,2024-09-17,,20260106T061500Z-QE24M
ST-001538,L24-0853,6,65.69,process,2024-09-17,,20260106T061500Z-QE24M
ST-001539,L24-0854,11,509.28,process,2024-09-17,,20260106T061500Z-QE24M
ST-001540,L24-0855,1,26.63,process,2024-09-17,,20260106T061500Z-QE24M
ST-001541,L24-0856,9,251.12,process,2024-09-17,,20260106T061500Z-QE24M
ST-001542,L24-0857,16,501.31,process,2024-09-17,,20260106T061500Z-QE24M
ST-001543,L24-0863,5,22.56,setup,2024-09-17,,20260106T061500Z-QE24M
ST-001544,L24-0864,5,46.39,setup,2024-09-17,,20260106T061500Z-QE24M
ST-001545,L24-0865,6,20.03,setup,2024-09-17,,20260106T061500Z-QE24M
ST-001546,L24-0866,3,13.14,setup,2024-09-18,,20260106T061500Z-QE24M
ST-001547,L24-0867,2,27.26,setup,2024-09-18,,20260106T061500Z-QE24M
ST-001548,L24-0868,5,42.44,setup,2024-09-18,,20260106T061500Z-QE24M
ST-001549,L24-0869,7,30.18,setup,2024-09-18,,20260106T061500Z-QE24M
ST-001550,L24-0870,2,9.06,setup,2024-09-18,,20260106T061500Z-QE24M
ST-001551,L24-0859,5,44.03,process,2024-09-19,,20260106T061500Z-QE24M
ST-001552,L24-0861,2,18.21,process,2024-09-19,,20260106T061500Z-QE24M
ST-001553,L24-0864,7,129.9,process,2024-09-19,,20260106T061500Z-QE24M
ST-001554,L24-0867,14,381.71,process,2024-09-19,,20260106T061500Z-QE24M
ST-001555,L24-0871,4,12.82,setup,2024-09-19,,20260106T061500Z-QE24M
ST-001556,L24-0872,4,13.76,setup,2024-09-19,,20260106T061500Z-QE24M
ST-001557,L24-0839,32,471.97,process,2024-09-20,,20260106T061500Z-QE24M
ST-001558,L24-0855,61,1740.33,NCR,2024-09-20,NCR-24-0252,20260106T061500Z-QE24M
ST-001559,L24-0858,12,68.54,process,2024-09-20,,20260106T061500Z-QE24M
ST-001560,L24-0868,1,16.97,process,2024-09-20,,20260106T061500Z-QE24M
ST-001561,L24-0871,15,96.18,process,2024-09-20,,20260106T061500Z-QE24M
ST-001562,L24-0873,6,37.38,setup,2024-09-20,,20260106T061500Z-QE24M
ST-001563,L24-0874,4,28.0,setup,2024-09-20,,20260106T061500Z-QE24M
ST-001564,L24-0875,6,39.58,setup,2024-09-20,,20260106T061500Z-QE24M
ST-001565,L24-0876,3,63.68,setup,2024-09-20,,20260106T061500Z-QE24M
ST-001566,L24-0877,2,8.55,setup,2024-09-20,,20260106T061500Z-QE24M
ST-001567,L24-0878,7,21.56,setup,2024-09-20,,20260106T061500Z-QE24M
ST-001568,L24-0869,24,206.98,process,2024-09-23,,20260106T061500Z-QE24M
ST-001569,L24-0870,15,135.98,process,2024-09-23,,20260106T061500Z-QE24M
ST-001570,L24-0879,6,26.25,setup,2024-09-23,,20260106T061500Z-QE24M
ST-001571,L24-0880,2,10.75,setup,2024-09-23,,20260106T061500Z-QE24M
ST-001572,L24-0881,5,21.1,process,2024-09-23,,20260106T061500Z-QE24M
ST-001573,L24-0881,5,10.55,setup,2024-09-23,,20260106T061500Z-QE24M
ST-001574,L24-0882,8,69.86,setup,2024-09-23,,20260106T061500Z-QE24M
ST-001575,L24-0883,4,14.07,setup,2024-09-23,,20260106T061500Z-QE24M
ST-001576,L24-0843,46,1202.35,process,2024-09-24,,20260106T061500Z-QE24M
ST-001577,L24-0863,2,18.05,process,2024-09-24,,20260106T061500Z-QE24M
ST-001578,L24-0866,11,96.33,process,2024-09-24,,20260106T061500Z-QE24M
ST-001579,L24-0875,21,277.09,process,2024-09-24,,20260106T061500Z-QE24M
ST-001580,L24-0877,2,17.09,process,2024-09-24,,20260106T061500Z-QE24M
ST-001581,L24-0883,1,7.04,process,2024-09-24,,20260106T061500Z-QE24M
ST-001582,L24-0884,6,23.02,setup,2024-09-24,,20260106T061500Z-QE24M
ST-001583,L24-0885,8,95.68,setup,2024-09-24,,20260106T061500Z-QE24M
ST-001584,L24-0886,6,36.5,setup,2024-09-24,,20260106T061500Z-QE24M
ST-001585,L24-0887,6,48.32,setup,2024-09-24,,20260106T061500Z-QE24M
ST-001586,L24-0888,2,9.76,setup,2024-09-24,,20260106T061500Z-QE24M
ST-001587,L24-0889,8,26.35,setup,2024-09-24,,20260106T061500Z-QE24M
ST-001588,L24-0890,7,86.0,setup,2024-09-24,,20260106T061500Z-QE24M
ST-001589,L24-0846,110,3207.05,process,2024-09-25,,20260106T061500Z-QE24M
ST-001590,L24-0865,16,106.85,process,2024-09-25,,20260106T061500Z-QE24M
ST-001591,L24-0873,5,62.3,process,2024-09-25,,20260106T061500Z-QE24M
ST-001592,L24-0874,75,1050.0,process,2024-09-25,,20260106T061500Z-QE24M
ST-001593,L24-0876,2,84.91,process,2024-09-25,,20260106T061500Z-QE24M
ST-001594,L24-0879,11,96.25,process,2024-09-25,,20260106T061500Z-QE24M
ST-001595,L24-0880,15,161.28,process,2024-09-25,,20260106T061500Z-QE24M
ST-001596,L24-0882,10,174.65,process,2024-09-25,,20260106T061500Z-QE24M
ST-001597,L24-0891,2,7.43,setup,2024-09-25,,20260106T061500Z-QE24M
ST-001598,L24-0892,8,67.03,setup,2024-09-25,,20260106T061500Z-QE24M
ST-001599,L24-0893,3,8.9,setup,2024-09-25,,20260106T061500Z-QE24M
ST-001600,L24-0894,7,23.79,setup,2024-09-25,,20260106T061500Z-QE24M
ST-001601,L24-0895,4,43.33,setup,2024-09-25,,20260106T061500Z-QE24M
ST-001602,L24-0896,7,25.41,setup,2024-09-25,,20260106T061500Z-QE24M
ST-001603,L24-0886,25,304.15,process,2024-09-26,,20260106T061500Z-QE24M
ST-001604,L24-0888,6,58.59,process,2024-09-26,,20260106T061500Z-QE24M
ST-001605,L24-0891,3,22.3,process,2024-09-26,,20260106T061500Z-QE24M
ST-001606,L24-0897,3,11.54,setup,2024-09-26,,20260106T061500Z-QE24M
ST-001607,L24-0898,7,73.23,setup,2024-09-26,,20260106T061500Z-QE24M
ST-001608,L24-0899,8,38.81,setup,2024-09-26,,20260106T061500Z-QE24M
ST-001609,L24-0872,4,27.52,process,2024-09-27,,20260106T061500Z-QE24M
ST-001610,L24-0887,8,128.86,process,2024-09-27,,20260106T061500Z-QE24M
ST-001611,L24-0889,33,217.37,process,2024-09-27,,20260106T061500Z-QE24M
ST-001612,L24-0890,6,147.42,process,2024-09-27,,20260106T061500Z-QE24M
ST-001613,L24-0894,2,13.59,process,2024-09-27,,20260106T061500Z-QE24M
ST-001614,L24-0895,1,21.66,process,2024-09-27,,20260106T061500Z-QE24M
ST-001615,L24-0897,4,30.77,process,2024-09-27,,20260106T061500Z-QE24M
ST-001616,L24-0900,5,56.23,setup,2024-09-27,,20260106T061500Z-QE24M
ST-001617,L24-0901,6,21.29,setup,2024-09-27,,20260106T061500Z-QE24M
ST-001618,L24-0902,3,7.99,setup,2024-09-27,,20260106T061500Z-QE24M
ST-001619,L24-0903,3,19.67,setup,2024-09-27,,20260106T061500Z-QE24M
ST-001620,L24-0893,46,292.56,NCR,2024-09-28,NCR-24-0261,20260106T061500Z-QE24M
ST-001621,L24-0878,33,203.28,process,2024-09-30,,20260106T061500Z-QE24M
ST-001622,L24-0898,32,669.54,process,2024-09-30,,20260106T061500Z-QE24M
ST-001623,L24-0899,6,58.21,process,2024-09-30,,20260106T061500Z-QE24M
ST-001624,L24-0904,6,23.73,setup,2024-09-30,,20260106T061500Z-QE24M
ST-001625,L24-0905,2,24.91,setup,2024-09-30,,20260106T061500Z-QE24M
ST-001626,L24-0906,4,17.93,setup,2024-09-30,,20260106T061500Z-QE24M
ST-001627,L24-0907,3,46.72,setup,2024-09-30,,20260106T061500Z-QE24M
ST-001628,L24-0908,5,45.45,setup,2024-09-30,,20260106T061500Z-QE24M
ST-001629,L24-0843,484,13554.42,NCR,2024-10-01,NCR-24-0255,20260106T061500Z-QE24M
ST-001630,L24-0904,5,39.55,process,2024-10-01,,20260106T061500Z-QE24M
ST-001631,L24-0905,3,74.72,process,2024-10-01,,20260106T061500Z-QE24M
ST-001632,L24-0907,18,560.7,process,2024-10-01,,20260106T061500Z-QE24M
ST-001633,L24-0909,4,13.51,setup,2024-10-01,,20260106T061500Z-QE24M
ST-001634,L24-0910,1,12.47,setup,2024-10-01,,20260106T061500Z-QE24M
ST-001635,L24-0911,5,23.78,setup,2024-10-01,,20260106T061500Z-QE24M
ST-001636,L24-0912,6,26.46,setup,2024-10-01,,20260106T061500Z-QE24M
ST-001637,L24-0884,167,1281.22,process,2024-10-02,,20260106T061500Z-QE24M
ST-001638,L24-0900,127,3060.38,NCR,2024-10-02,NCR-24-0266,20260106T061500Z-QE24M
ST-001639,L24-0900,17,382.35,process,2024-10-02,,20260106T061500Z-QE24M
ST-001640,L24-0902,3,15.98,process,2024-10-02,,20260106T061500Z-QE24M
ST-001641,L24-0903,12,157.33,process,2024-10-02,,20260106T061500Z-QE24M
ST-001642,L24-0913,1,14.99,setup,2024-10-02,,20260106T061500Z-QE24M
ST-001643,L24-0914,2,23.46,setup,2024-10-02,,20260106T061500Z-QE24M
ST-001644,L24-0915,3,41.58,setup,2024-10-02,,20260106T061500Z-QE24M
ST-001645,L24-0916,5,66.5,setup,2024-10-02,,20260106T061500Z-QE24M
ST-001646,L24-0917,1,14.23,setup,2024-10-02,,20260106T061500Z-QE24M
ST-001647,L24-0896,12,87.11,process,2024-10-03,,20260106T061500Z-QE24M
ST-001648,L24-0911,8,76.1,process,2024-10-03,,20260106T061500Z-QE24M
ST-001649,L24-0912,6,52.92,process,2024-10-03,,20260106T061500Z-QE24M
ST-001650,L24-0914,11,258.1,process,2024-10-03,,20260106T061500Z-QE24M
ST-001651,L24-0915,2,55.44,process,2024-10-03,,20260106T061500Z-QE24M
ST-001652,L24-0916,4,106.4,process,2024-10-03,,20260106T061500Z-QE24M
ST-001653,L24-0918,2,28.66,setup,2024-10-03,,20260106T061500Z-QE24M
ST-001654,L24-0919,3,19.47,setup,2024-10-03,,20260106T061500Z-QE24M
ST-001655,L24-0906,1,8.97,process,2024-10-04,,20260106T061500Z-QE24M
ST-001656,L24-0918,6,171.99,process,2024-10-04,,20260106T061500Z-QE24M
ST-001657,L24-0919,4,51.91,process,2024-10-04,,20260106T061500Z-QE24M
ST-001658,L24-0920,6,76.29,setup,2024-10-04,,20260106T061500Z-QE24M
ST-001659,L24-0921,8,72.58,setup,2024-10-04,,20260106T061500Z-QE24M
ST-001660,L24-0922,5,63.05,setup,2024-10-04,,20260106T061500Z-QE24M
ST-001661,L24-0923,7,10.27,setup,2024-10-04,,20260106T061500Z-QE24M
ST-001662,L24-0791,67,965.57,NCR,2024-10-06,NCR-24-0262,20260106T061500Z-QE24M
ST-001663,L24-0915,104,3088.8,NCR,2024-10-07,NCR-24-0267,20260106T061500Z-QE24M
ST-001664,L24-0920,15,381.46,process,2024-10-07,,20260106T061500Z-QE24M
ST-001665,L24-0924,5,29.08,setup,2024-10-07,,20260106T061500Z-QE24M
ST-001666,L24-0925,2,19.26,setup,2024-10-07,,20260106T061500Z-QE24M
ST-001667,L24-0926,8,50.06,setup,2024-10-07,,20260106T061500Z-QE24M
ST-001668,L24-0927,7,99.1,setup,2024-10-07,,20260106T061500Z-QE24M
ST-001669,L24-0928,5,88.01,setup,2024-10-07,,20260106T061500Z-QE24M
ST-001670,L24-0929,2,7.32,setup,2024-10-07,,20260106T061500Z-QE24M
ST-001671,L24-0930,8,123.59,setup,2024-10-07,,20260106T061500Z-QE24M
ST-001672,L24-0931,3,12.81,setup,2024-10-07,,20260106T061500Z-QE24M
ST-001673,L24-0923,1,2.93,process,2024-10-08,,20260106T061500Z-QE24M
ST-001674,L24-0924,6,69.8,process,2024-10-08,,20260106T061500Z-QE24M
ST-001675,L24-0927,5,141.57,process,2024-10-08,,20260106T061500Z-QE24M
ST-001676,L24-0932,5,19.23,setup,2024-10-08,,20260106T061500Z-QE24M
ST-001677,L24-0933,3,18.01,setup,2024-10-08,,20260106T061500Z-QE24M
ST-001678,L24-0934,8,41.19,setup,2024-10-08,,20260106T061500Z-QE24M
ST-001679,L24-0935,3,7.86,setup,2024-10-08,,20260106T061500Z-QE24M
ST-001680,L24-0926,8,100.13,process,2024-10-09,,20260106T061500Z-QE24M
ST-001681,L24-0932,1,7.69,process,2024-10-09,,20260106T061500Z-QE24M
ST-001682,L24-0933,4,48.02,process,2024-10-09,,20260106T061500Z-QE24M
ST-001683,L24-0936,4,14.87,setup,2024-10-09,,20260106T061500Z-QE24M
ST-001684,L24-0937,6,42.19,setup,2024-10-09,,20260106T061500Z-QE24M
ST-001685,L24-0892,4,67.03,process,2024-10-10,,20260106T061500Z-QE24M
ST-001686,L24-0935,24,125.83,process,2024-10-10,,20260106T061500Z-QE24M
ST-001687,L24-0936,18,133.81,process,2024-10-10,,20260106T061500Z-QE24M
ST-001688,L24-0938,3,58.84,setup,2024-10-10,,20260106T061500Z-QE24M
ST-001689,L24-0939,2,6.68,setup,2024-10-10,,20260106T061500Z-QE24M
ST-001690,L24-0940,4,39.59,setup,2024-10-10,,20260106T061500Z-QE24M
ST-001691,L24-0921,3,54.43,process,2024-10-11,,20260106T061500Z-QE24M
ST-001692,L24-0934,10,102.97,process,2024-10-11,,20260106T061500Z-QE24M
ST-001693,L24-0941,2,25.21,setup,2024-10-11,,20260106T061500Z-QE24M
ST-001694,L24-0942,5,76.05,setup,2024-10-11,,20260106T061500Z-QE24M
ST-001695,L24-0917,80,2439.0,NCR,2024-10-12,NCR-24-0268,20260106T061500Z-QE24M
ST-001696,L24-0745,11,244.53,NCR,2024-10-13,NCR-24-0277,20260106T061500Z-QE24M
ST-001697,L24-0938,34,1333.75,process,2024-10-14,,20260106T061500Z-QE24M
ST-001698,L24-0942,1,30.42,process,2024-10-14,,20260106T061500Z-QE24M
ST-001699,L24-0943,4,48.36,setup,2024-10-14,,20260106T061500Z-QE24M
ST-001700,L24-0944,2,24.38,setup,2024-10-14,,20260106T061500Z-QE24M
ST-001701,L24-0945,2,5.59,setup,2024-10-14,,20260106T061500Z-QE24M
ST-001702,L24-0946,3,30.06,setup,2024-10-14,,20260106T061500Z-QE24M
ST-001703,L24-0947,4,17.25,setup,2024-10-14,,20260106T061500Z-QE24M
ST-001704,L24-0948,7,27.32,setup,2024-10-14,,20260106T061500Z-QE24M
ST-001705,L24-0940,3,59.39,process,2024-10-15,,20260106T061500Z-QE24M
ST-001706,L24-0949,2,55.59,setup,2024-10-15,,20260106T061500Z-QE24M
ST-001707,L24-0950,8,87.58,setup,2024-10-15,,20260106T061500Z-QE24M
ST-001708,L24-0951,2,19.11,setup,2024-10-15,,20260106T061500Z-QE24M
ST-001709,L24-0922,106,2864.38,NCR,2024-10-16,NCR-24-0273,20260106T061500Z-QE24M
ST-001710,L24-0952,5,42.16,setup,2024-10-16,,20260106T061500Z-QE24M
ST-001711,L24-0929,43,314.85,process,2024-10-17,,20260106T061500Z-QE24M
ST-001712,L24-0947,40,344.96,process,2024-10-17,,20260106T061500Z-QE24M
ST-001713,L24-0954,4,51.72,setup,2024-10-17,,20260106T061500Z-QE24M
ST-001714,L24-0955,8,195.83,setup,2024-10-17,,20260106T061500Z-QE24M
ST-001715,L24-0956,5,16.69,setup,2024-10-17,,20260106T061500Z-QE24M
ST-001716,L24-0957,8,109.45,setup,2024-10-17,,20260106T061500Z-QE24M
ST-001717,L24-0958,4,6.38,setup,2024-10-17,,20260106T061500Z-QE24M
ST-001718,L24-0959,3,8.46,setup,2024-10-17,,20260106T061500Z-QE24M
ST-001719,L24-0937,9,126.57,process,2024-10-18,,20260106T061500Z-QE24M
ST-001720,L24-0957,5,136.82,process,2024-10-18,,20260106T061500Z-QE24M
ST-001721,L24-0960,8,95.0,setup,2024-10-18,,20260106T061500Z-QE24M
ST-001722,L24-0961,7,27.1,setup,2024-10-18,,20260106T061500Z-QE24M
ST-001723,L24-0962,2,19.18,setup,2024-10-18,,20260106T061500Z-QE24M
ST-001724,L24-0963,2,7.69,setup,2024-10-18,,20260106T061500Z-QE24M
ST-001725,L24-0964,5,10.18,setup,2024-10-18,,20260106T061500Z-QE24M
ST-001726,L24-0965,4,13.97,setup,2024-10-18,,20260106T061500Z-QE24M
ST-001727,L24-0947,531,4906.44,NCR,2024-10-21,NCR-24-0282,20260106T061500Z-QE24M
ST-001728,L24-0954,118,3269.19,NCR,2024-10-21,NCR-24-0287,20260106T061500Z-QE24M
ST-001729,L24-0960,9,213.76,process,2024-10-21,,20260106T061500Z-QE24M
ST-001730,L24-0962,1,19.18,process,2024-10-21,,20260106T061500Z-QE24M
ST-001731,L24-0966,6,44.2,setup,2024-10-21,,20260106T061500Z-QE24M
ST-001732,L24-0967,4,35.83,setup,2024-10-21,,20260106T061500Z-QE24M
ST-001733,L24-0968,8,69.64,setup,2024-10-21,,20260106T061500Z-QE24M
ST-001734,L24-0969,8,46.34,setup,2024-10-21,,20260106T061500Z-QE24M
ST-001735,L24-0970,2,27.66,setup,2024-10-21,,20260106T061500Z-QE24M
ST-001736,L24-0971,6,19.57,setup,2024-10-21,,20260106T061500Z-QE24M
ST-001737,L24-0925,107,2061.25,process,2024-10-22,,20260106T061500Z-QE24M
ST-001738,L24-0941,56,1411.59,process,2024-10-22,,20260106T061500Z-QE24M
ST-001739,L24-0959,3,16.93,process,2024-10-22,,20260106T061500Z-QE24M
ST-001740,L24-0961,9,69.68,process,2024-10-22,,20260106T061500Z-QE24M
ST-001741,L24-0963,9,69.24,process,2024-10-22,,20260106T061500Z-QE24M
ST-001742,L24-0964,4,16.3,process,2024-10-22,,20260106T061500Z-QE24M
ST-001743,L24-0965,11,76.85,process,2024-10-22,,20260106T061500Z-QE24M
ST-001744,L24-0966,2,29.47,process,2024-10-22,,20260106T061500Z-QE24M
ST-001745,L24-0967,11,197.04,process,2024-10-22,,20260106T061500Z-QE24M
ST-001746,L24-0970,6,165.98,process,2024-10-22,,20260106T061500Z-QE24M
ST-001747,L24-0972,5,20.02,setup,2024-10-22,,20260106T061500Z-QE24M
ST-001748,L24-0973,3,17.89,setup,2024-10-22,,20260106T061500Z-QE24M
ST-001749,L24-0974,4,25.66,setup,2024-10-22,,20260106T061500Z-QE24M
ST-001750,L24-0975,6,31.94,setup,2024-10-22,,20260106T061500Z-QE24M
ST-001751,L24-0976,5,16.47,setup,2024-10-22,,20260106T061500Z-QE24M
ST-001752,L24-0977,7,93.93,setup,2024-10-22,,20260106T061500Z-QE24M
ST-001753,L24-0969,2,23.17,process,2024-10-23,,20260106T061500Z-QE24M
ST-001754,L24-0972,2,16.02,process,2024-10-23,,20260106T061500Z-QE24M
ST-001755,L24-0978,5,25.71,setup,2024-10-23,,20260106T061500Z-QE24M
ST-001756,L24-0979,7,100.72,setup,2024-10-23,,20260106T061500Z-QE24M
ST-001757,L24-0977,5,134.19,process,2024-10-24,,20260106T061500Z-QE24M
ST-001758,L24-0929,140,1391.18,NCR,2024-10-25,NCR-24-0285,20260106T061500Z-QE24M
ST-001759,L24-0956,21,140.24,process,2024-10-25,,20260106T061500Z-QE24M
ST-001760,L24-0976,43,283.24,process,2024-10-25,,20260106T061500Z-QE24M
ST-001761,L24-0981,7,54.46,setup,2024-10-25,,20260106T061500Z-QE24M
ST-001762,L24-0982,8,36.74,setup,2024-10-25,,20260106T061500Z-QE24M
ST-001763,L24-0983,4,15.71,setup,2024-10-25,,20260106T061500Z-QE24M
ST-001764,L24-0984,2,6.9,setup,2024-10-25,,20260106T061500Z-QE24M
ST-001765,L24-0985,6,85.13,setup,2024-10-25,,20260106T061500Z-QE24M
ST-001766,L24-0958,57,194.94,NCR,2024-10-26,NCR-24-0291,20260106T061500Z-QE24M
ST-001767,L24-0973,8,95.42,process,2024-10-28,,20260106T061500Z-QE24M
ST-001768,L24-0978,29,298.21,process,2024-10-28,,20260106T061500Z-QE24M
ST-001769,L24-0979,10,287.77,process,2024-10-28,,20260106T061500Z-QE24M
ST-001770,L24-0984,4,27.58,process,2024-10-28,,20260106T061500Z-QE24M
ST-001771,L24-0986,2,20.45,setup,2024-10-28,,20260106T061500Z-QE24M
ST-001772,L24-0987,5,61.99,setup,2024-10-28,,20260106T061500Z-QE24M
ST-001773,L24-0988,3,23.82,setup,2024-10-28,,20260106T061500Z-QE24M
ST-001774,L24-0989,6,27.07,setup,2024-10-28,,20260106T061500Z-QE24M
ST-001775,L24-0990,6,68.56,setup,2024-10-28,,20260106T061500Z-QE24M
ST-001776,L24-0991,7,44.25,setup,2024-10-28,,20260106T061500Z-QE24M
ST-001777,L24-0992,3,51.52,setup,2024-10-28,,20260106T061500Z-QE24M
ST-001778,L24-0993,2,11.58,setup,2024-10-28,,20260106T061500Z-QE24M
ST-001779,L24-0981,1,15.56,process,2024-10-29,,20260106T061500Z-QE24M
ST-001780,L24-0982,3,27.55,process,2024-10-29,,20260106T061500Z-QE24M
ST-001781,L24-0983,49,384.85,process,2024-10-29,,20260106T061500Z-QE24M
ST-001782,L24-0994,5,55.54,setup,2024-10-29,,20260106T061500Z-QE24M
ST-001783,L24-0995,4,17.89,setup,2024-10-29,,20260106T061500Z-QE24M
ST-001784,L24-0996,2,18.56,setup,2024-10-29,,20260106T061500Z-QE24M
ST-001785,L24-0997,2,15.02,setup,2024-10-29,,20260106T061500Z-QE24M
ST-001786,L24-0998,3,16.01,setup,2024-10-29,,20260106T061500Z-QE24M
ST-001787,L24-0999,5,27.68,setup,2024-10-29,,20260106T061500Z-QE24M
ST-001788,L24-1000,3,33.77,setup,2024-10-29,,20260106T061500Z-QE24M
ST-001789,L24-0974,4,51.32,process,2024-10-30,,20260106T061500Z-QE24M
ST-001790,L24-0990,10,228.55,process,2024-10-30,,20260106T061500Z-QE24M
ST-001791,L24-0997,3,45.07,process,2024-10-30,,20260106T061500Z-QE24M
ST-001792,L24-1001,8,158.9,setup,2024-10-30,,20260106T061500Z-QE24M
ST-001793,L24-1002,6,87.17,setup,2024-10-30,,20260106T061500Z-QE24M
ST-001794,L24-1003,4,64.11,setup,2024-10-30,,20260106T061500Z-QE24M
ST-001795,L24-0987,3,74.38,process,2024-10-31,,20260106T061500Z-QE24M
ST-001796,L24-0995,1,8.95,process,2024-10-31,,20260106T061500Z-QE24M
ST-001797,L24-0996,19,352.58,process,2024-10-31,,20260106T061500Z-QE24M
ST-001798,L24-1004,3,24.96,setup,2024-10-31,,20260106T061500Z-QE24M
ST-001799,L24-1005,6,46.89,setup,2024-10-31,,20260106T061500Z-QE24M
ST-001800,L24-1006,6,24.44,setup,2024-10-31,,20260106T061500Z-QE24M
ST-001801,L24-1007,7,42.43,setup,2024-10-31,,20260106T061500Z-QE24M
ST-001802,L24-1008,2,6.44,setup,2024-10-31,,20260106T061500Z-QE24M
ST-001803,L24-1009,7,32.14,setup,2024-10-31,,20260106T061500Z-QE24M
ST-001804,L24-1009,1,9.18,process,2024-11-01,,20260106T061500Z-QE24M
ST-001805,L24-1010,4,49.22,setup,2024-11-01,,20260106T061500Z-QE24M
ST-001806,L24-1011,3,19.93,process,2024-11-01,,20260106T061500Z-QE24M
ST-001807,L24-1011,7,23.25,setup,2024-11-01,,20260106T061500Z-QE24M
ST-001808,L24-1012,4,14.17,setup,2024-11-01,,20260106T061500Z-QE24M
ST-001809,L24-1013,3,10.82,setup,2024-11-01,,20260106T061500Z-QE24M
ST-001810,L24-1014,3,16.78,setup,2024-11-01,,20260106T061500Z-QE24M
ST-001811,L24-1015,7,93.71,setup,2024-11-01,,20260106T061500Z-QE24M
ST-001812,L24-1016,4,35.38,setup,2024-11-01,,20260106T061500Z-QE24M
ST-001813,L24-1017,4,7.11,setup,2024-11-01,,20260106T061500Z-QE24M
ST-001814,L24-0969,77,955.76,NCR,2024-11-02,NCR-24-0292,20260106T061500Z-QE24M
ST-001815,L24-0968,2,34.82,process,2024-11-04,,20260106T061500Z-QE24M
ST-001816,L24-0999,3,33.22,process,2024-11-04,,20260106T061500Z-QE24M
ST-001817,L24-1001,6,238.35,process,2024-11-04,,20260106T061500Z-QE24M
ST-001818,L24-1002,10,290.57,process,2024-11-04,,20260106T061500Z-QE24M
ST-001819,L24-1008,9,57.96,process,2024-11-04,,20260106T061500Z-QE24M
ST-001820,L24-1015,3,80.32,process,2024-11-04,,20260106T061500Z-QE24M
ST-001821,L24-1018,2,21.4,setup,2024-11-04,,20260106T061500Z-QE24M
ST-001822,L24-1019,5,14.16,setup,2024-11-04,,20260106T061500Z-QE24M
ST-001823,L24-1020,8,30.77,setup,2024-11-04,,20260106T061500Z-QE24M
ST-001824,L24-1021,8,33.63,setup,2024-11-04,,20260106T061500Z-QE24M
ST-001825,L24-1022,2,35.41,setup,2024-11-04,,20260106T061500Z-QE24M
ST-001826,L24-1023,3,15.2,setup,2024-11-04,,20260106T061500Z-QE24M
ST-001827,L24-1024,8,34.19,setup,2024-11-04,,20260106T061500Z-QE24M
ST-001828,L24-1025,4,13.36,setup,2024-11-04,,20260106T061500Z-QE24M
ST-001829,L24-1026,5,21.56,setup,2024-11-04,,20260106T061500Z-QE24M
ST-001830,L24-1027,2,37.92,setup,2024-11-04,,20260106T061500Z-QE24M
ST-001831,L24-1028,2,7.64,setup,2024-11-04,,20260106T061500Z-QE24M
ST-001832,L24-1029,8,47.8,setup,2024-11-04,,20260106T061500Z-QE24M
ST-001833,L24-1030,5,17.95,setup,2024-11-04,,20260106T061500Z-QE24M
ST-001834,L24-1005,6,93.79,process,2024-11-05,,20260106T061500Z-QE24M
ST-001835,L24-1019,32,181.22,process,2024-11-05,,20260106T061500Z-QE24M
ST-001836,L24-1020,10,76.93,process,2024-11-05,,20260106T061500Z-QE24M
ST-001837,L24-1022,5,177.03,process,2024-11-05,,20260106T061500Z-QE24M
ST-001838,L24-1031,5,40.67,setup,2024-11-05,,20260106T061500Z-QE24M
ST-001839,L24-1032,2,8.9,setup,2024-11-05,,20260106T061500Z-QE24M
ST-001840,L24-0988,5,79.41,process,2024-11-06,,20260106T061500Z-QE24M
ST-001841,L24-1000,28,630.34,process,2024-11-06,,20260106T061500Z-QE24M
ST-001842,L24-1003,8,256.42,process,2024-11-06,,20260106T061500Z-QE24M
ST-001843,L24-1013,11,79.31,process,2024-11-06,,20260106T061500Z-QE24M
ST-001844,L24-1030,47,337.55,process,2024-11-06,,20260106T061500Z-QE24M
ST-001845,L24-1031,6,97.61,process,2024-11-06,,20260106T061500Z-QE24M
ST-001846,L24-1033,6,103.21,setup,2024-11-06,,20260106T061500Z-QE24M
ST-001847,L24-1034,8,68.26,setup,2024-11-06,,20260106T061500Z-QE24M
ST-001848,L24-1035,3,15.42,setup,2024-11-06,,20260106T061500Z-QE24M
ST-001849,L24-1036,5,26.79,setup,2024-11-06,,20260106T061500Z-QE24M
ST-001850,L24-1004,36,599.0,process,2024-11-07,,20260106T061500Z-QE24M
ST-001851,L24-1016,36,636.8,process,2024-11-07,,20260106T061500Z-QE24M
ST-001852,L24-1021,45,378.32,process,2024-11-07,,20260106T061500Z-QE24M
ST-001853,L24-1023,4,40.54,process,2024-11-07,,20260106T061500Z-QE24M
ST-001854,L24-1026,22,189.73,process,2024-11-07,,20260106T061500Z-QE24M
ST-001855,L24-1027,11,417.11,process,2024-11-07,,20260106T061500Z-QE24M
ST-001856,L24-1028,25,191.1,process,2024-11-07,,20260106T061500Z-QE24M
ST-001857,L24-1035,3,30.85,process,2024-11-07,,20260106T061500Z-QE24M
ST-001858,L24-1037,3,13.54,setup,2024-11-07,,20260106T061500Z-QE24M
ST-001859,L24-1038,7,79.33,setup,2024-11-07,,20260106T061500Z-QE24M
ST-001860,L24-1039,6,45.19,setup,2024-11-07,,20260106T061500Z-QE24M
ST-001861,L24-1040,5,74.78,setup,2024-11-07,,20260106T061500Z-QE24M
ST-001862,L24-1041,3,21.38,setup,2024-11-07,,20260106T061500Z-QE24M
ST-001863,L24-1042,6,70.39,setup,2024-11-07,,20260106T061500Z-QE24M
ST-001864,L24-1033,13,447.26,process,2024-11-08,,20260106T061500Z-QE24M
ST-001865,L24-1036,10,107.17,process,2024-11-08,,20260106T061500Z-QE24M
ST-001866,L24-1038,1,22.67,process,2024-11-08,,20260106T061500Z-QE24M
ST-001867,L24-1041,2,28.5,process,2024-11-08,,20260106T061500Z-QE24M
ST-001868,L24-1043,6,109.1,setup,2024-11-08,,20260106T061500Z-QE24M
ST-001869,L24-1044,2,7.73,setup,2024-11-08,,20260106T061500Z-QE24M
ST-001870,L24-1024,17,145.3,process,2024-11-11,,20260106T061500Z-QE24M
ST-001871,L24-1045,8,109.98,setup,2024-11-11,,20260106T061500Z-QE24M
ST-001872,L24-1046,7,87.69,setup,2024-11-11,,20260106T061500Z-QE24M
ST-001873,L24-1047,6,24.02,setup,2024-11-11,,20260106T061500Z-QE24M
ST-001874,L24-1048,4,52.07,setup,2024-11-11,,20260106T061500Z-QE24M
ST-001875,L24-1049,4,8.44,setup,2024-11-11,,20260106T061500Z-QE24M
ST-001876,L24-1025,15,100.17,process,2024-11-12,,20260106T061500Z-QE24M
ST-001877,L24-1039,2,30.13,process,2024-11-12,,20260106T061500Z-QE24M
ST-001878,L24-1040,2,59.82,process,2024-11-12,,20260106T061500Z-QE24M
ST-001879,L24-1044,13,100.46,process,2024-11-12,,20260106T061500Z-QE24M
ST-001880,L24-1048,12,312.4,process,2024-11-12,,20260106T061500Z-QE24M
ST-001881,L24-1049,1,4.22,process,2024-11-12,,20260106T061500Z-QE24M
ST-001882,L24-1050,3,25.32,setup,2024-11-12,,20260106T061500Z-QE24M
ST-001883,L24-1051,3,41.17,setup,2024-11-12,,20260106T061500Z-QE24M
ST-001884,L24-1052,6,28.69,setup,2024-11-12,,20260106T061500Z-QE24M
ST-001885,L24-1053,6,42.06,setup,2024-11-12,,20260106T061500Z-QE24M
ST-001886,L24-1054,4,24.67,setup,2024-11-12,,20260106T061500Z-QE24M
ST-001887,L24-1055,2,8.67,setup,2024-11-12,,20260106T061500Z-QE24M
ST-001888,L24-1012,59,417.96,process,2024-11-13,,20260106T061500Z-QE24M
ST-001889,L24-1046,10,250.53,process,2024-11-13,,20260106T061500Z-QE24M
ST-001890,L24-1047,18,144.14,process,2024-11-13,,20260106T061500Z-QE24M
ST-001891,L24-1052,14,133.87,process,2024-11-13,,20260106T061500Z-QE24M
ST-001892,L24-1054,18,222.01,process,2024-11-13,,20260106T061500Z-QE24M
ST-001893,L24-1056,2,19.93,setup,2024-11-13,,20260106T061500Z-QE24M
ST-001894,L24-1057,3,37.78,setup,2024-11-13,,20260106T061500Z-QE24M
ST-001895,L24-1058,4,35.06,setup,2024-11-13,,20260106T061500Z-QE24M
ST-001896,L24-1059,3,12.08,setup,2024-11-13,,20260106T061500Z-QE24M
ST-001897,L24-1060,8,104.61,setup,2024-11-13,,20260106T061500Z-QE24M
ST-001898,L24-1061,8,26.35,setup,2024-11-13,,20260106T061500Z-QE24M
ST-001899,L24-1062,5,20.11,setup,2024-11-13,,20260106T061500Z-QE24M
ST-001900,L24-1063,3,21.82,setup,2024-11-13,,20260106T061500Z-QE24M
ST-001901,L24-1006,90,733.32,process,2024-11-14,,20260106T061500Z-QE24M
ST-001902,L24-1051,10,274.47,process,2024-11-14,,20260106T061500Z-QE24M
ST-001903,L24-1056,8,159.43,process,2024-11-14,,20260106T061500Z-QE24M
ST-001904,L24-1058,16,280.45,process,2024-11-14,,20260106T061500Z-QE24M
ST-001905,L24-1064,4,49.81,setup,2024-11-14,,20260106T061500Z-QE24M
ST-001906,L24-1065,6,66.7,process,2024-11-14,,20260106T061500Z-QE24M
ST-001907,L24-1065,2,11.12,setup,2024-11-14,,20260106T061500Z-QE24M
ST-001908,L24-1034,9,153.59,process,2024-11-15,,20260106T061500Z-QE24M
ST-001909,L24-1045,1,27.5,process,2024-11-15,,20260106T061500Z-QE24M
ST-001910,L24-1057,12,302.23,process,2024-11-15,,20260106T061500Z-QE24M
ST-001911,L24-1060,2,52.3,process,2024-11-15,,20260106T061500Z-QE24M
ST-001912,L24-1066,3,92.69,process,2024-11-15,,20260106T061500Z-QE24M
ST-001913,L24-1066,6,92.69,setup,2024-11-15,,20260106T061500Z-QE24M
ST-001914,L24-1067,8,44.6,setup,2024-11-15,,20260106T061500Z-QE24M
ST-001915,L24-1068,3,11.54,setup,2024-11-15,,20260106T061500Z-QE24M
ST-001916,L24-1069,7,123.8,setup,2024-11-15,,20260106T061500Z-QE24M
ST-001917,L24-1070,2,18.12,setup,2024-11-15,,20260106T061500Z-QE24M
ST-001918,L24-1071,3,42.45,setup,2024-11-15,,20260106T061500Z-QE24M
ST-001919,L24-1072,4,21.32,setup,2024-11-15,,20260106T061500Z-QE24M
ST-001920,L24-1028,424,3472.56,NCR,2024-11-16,NCR-24-0300,20260106T061500Z-QE24M
ST-001921,L24-0986,15,416.38,NCR,2024-11-17,NCR-24-0308,20260106T061500Z-QE24M
ST-001922,L24-1029,64,764.74,process,2024-11-18,,20260106T061500Z-QE24M
ST-001923,L24-1050,7,118.14,process,2024-11-18,,20260106T061500Z-QE24M
ST-001924,L24-1053,21,294.44,process,2024-11-18,,20260106T061500Z-QE24M
ST-001925,L24-1061,17,111.98,process,2024-11-18,,20260106T061500Z-QE24M
ST-001926,L24-1068,5,38.46,process,2024-11-18,,20260106T061500Z-QE24M
ST-001927,L24-1071,9,254.71,process,2024-11-18,,20260106T061500Z-QE24M
ST-001928,L24-1073,6,66.09,setup,2024-11-18,,20260106T061500Z-QE24M
ST-001929,L24-1074,3,7.72,setup,2024-11-18,,20260106T061500Z-QE24M
ST-001930,L24-1075,6,42.21,setup,2024-11-18,,20260106T061500Z-QE24M
ST-001931,L24-1076,2,24.18,setup,2024-11-18,,20260106T061500Z-QE24M
ST-001932,L24-1077,5,25.6,setup,2024-11-18,,20260106T061500Z-QE24M
ST-001933,L24-1078,4,16.46,setup,2024-11-18,,20260106T061500Z-QE24M
ST-001934,L24-1079,3,23.9,setup,2024-11-18,,20260106T061500Z-QE24M
ST-001935,L24-1080,4,10.65,setup,2024-11-18,,20260106T061500Z-QE24M
ST-001936,L24-1081,2,11.98,setup,2024-11-18,,20260106T061500Z-QE24M
ST-001937,L24-1082,7,40.82,setup,2024-11-18,,20260106T061500Z-QE24M
ST-001938,L24-1083,7,20.04,setup,2024-11-18,,20260106T061500Z-QE24M
ST-001939,L24-1084,8,45.78,setup,2024-11-18,,20260106T061500Z-QE24M
ST-001940,L24-1062,20,160.86,process,2024-11-19,,20260106T061500Z-QE24M
ST-001941,L24-1074,3,15.43,process,2024-11-19,,20260106T061500Z-QE24M
ST-001942,L24-1075,4,56.28,process,2024-11-19,,20260106T061500Z-QE24M
ST-001943,L24-1085,3,13.0,setup,2024-11-19,,20260106T061500Z-QE24M
ST-001944,L24-1086,5,65.4,setup,2024-11-19,,20260106T061500Z-QE24M
ST-001945,L24-1063,37,538.2,process,2024-11-20,,20260106T061500Z-QE24M
ST-001946,L24-1067,8,89.21,process,2024-11-20,,20260106T061500Z-QE24M
ST-001947,L24-1069,13,459.82,process,2024-11-20,,20260106T061500Z-QE24M
ST-001948,L24-1073,12,264.35,process,2024-11-20,,20260106T061500Z-QE24M
ST-001949,L24-1082,2,23.32,process,2024-11-20,,20260106T061500Z-QE24M
ST-001950,L24-1087,2,3.51,setup,2024-11-20,,20260106T061500Z-QE24M
ST-001951,L24-1088,4,20.85,setup,2024-11-20,,20260106T061500Z-QE24M
ST-001952,L24-1089,6,26.27,setup,2024-11-20,,20260106T061500Z-QE24M
ST-001953,L24-1079,16,254.91,process,2024-11-21,,20260106T061500Z-QE24M
ST-001954,L24-1081,3,35.95,process,2024-11-21,,20260106T061500Z-QE24M
ST-001955,L24-1084,11,125.9,process,2024-11-21,,20260106T061500Z-QE24M
ST-001956,L24-1087,14,49.2,process,2024-11-21,,20260106T061500Z-QE24M
ST-001957,L24-1090,4,47.49,setup,2024-11-21,,20260106T061500Z-QE24M
ST-001958,L24-1091,2,26.12,setup,2024-11-21,,20260106T061500Z-QE24M
ST-001959,L24-1092,2,20.01,setup,2024-11-21,,20260106T061500Z-QE24M
ST-001960,L24-1093,5,30.05,setup,2024-11-21,,20260106T061500Z-QE24M
ST-001961,L24-1094,4,39.24,setup,2024-11-21,,20260106T061500Z-QE24M
ST-001962,L24-1095,6,108.59,setup,2024-11-21,,20260106T061500Z-QE24M
ST-001963,L24-1096,3,11.88,setup,2024-11-21,,20260106T061500Z-QE24M
ST-001964,L24-1094,4,78.48,process,2024-11-22,,20260106T061500Z-QE24M
ST-001965,L24-1097,7,120.76,setup,2024-11-22,,20260106T061500Z-QE24M
ST-001966,L24-1098,4,14.52,setup,2024-11-22,,20260106T061500Z-QE24M
ST-001967,L24-1099,3,28.16,setup,2024-11-22,,20260106T061500Z-QE24M
ST-001968,L24-1100,3,44.44,setup,2024-11-22,,20260106T061500Z-QE24M
ST-001969,L24-0972,153,1662.8,NCR,2024-11-24,NCR-24-0312,20260106T061500Z-QE24M
ST-001970,L24-1059,126,1014.3,process,2024-11-25,,20260106T061500Z-QE24M
ST-001971,L24-1091,22,574.73,process,2024-11-25,,20260106T061500Z-QE24M
ST-001972,L24-1093,1,12.02,process,2024-11-25,,20260106T061500Z-QE24M
ST-001973,L24-1098,19,137.92,process,2024-11-25,,20260106T061500Z-QE24M
ST-001974,L24-1101,2,6.95,setup,2024-11-25,,20260106T061500Z-QE24M
ST-001975,L24-1102,8,98.28,setup,2024-11-25,,20260106T061500Z-QE24M
ST-001976,L24-1103,7,278.96,process,2024-11-25,,20260106T061500Z-QE24M
ST-001977,L24-1103,3,59.78,setup,2024-11-25,,20260106T061500Z-QE24M
ST-001978,L24-1104,1,3.99,setup,2024-11-25,,20260106T061500Z-QE24M
ST-001979,L24-1105,3,9.79,setup,2024-11-25,,20260106T061500Z-QE24M
ST-001980,L24-1106,2,23.76,setup,2024-11-25,,20260106T061500Z-QE24M
ST-001981,L24-1107,2,22.6,setup,2024-11-25,,20260106T061500Z-QE24M
ST-001982,L24-1108,4,18.83,setup,2024-11-25,,20260106T061500Z-QE24M
ST-001983,L24-1109,2,27.09,setup,2024-11-25,,20260106T061500Z-QE24M
ST-001984,L24-1110,7,62.62,setup,2024-11-25,,20260106T061500Z-QE24M
ST-001985,L24-1111,8,67.4,setup,2024-11-25,,20260106T061500Z-QE24M
ST-001986,L24-1112,3,58.31,setup,2024-11-25,,20260106T061500Z-QE24M
ST-001987,L24-1113,6,36.5,setup,2024-11-25,,20260106T061500Z-QE24M
ST-001988,L24-1089,11,96.33,process,2024-11-26,,20260106T061500Z-QE24M
ST-001989,L24-1090,4,94.98,process,2024-11-26,,20260106T061500Z-QE24M
ST-001990,L24-1097,1,34.5,process,2024-11-26,,20260106T061500Z-QE24M
ST-001991,L24-1099,11,206.51,process,2024-11-26,,20260106T061500Z-QE24M
ST-001992,L24-1105,1,6.52,process,2024-11-26,,20260106T061500Z-QE24M
ST-001993,L24-1114,7,64.9,setup,2024-11-26,,20260106T061500Z-QE24M
ST-001994,L24-1115,4,9.49,setup,2024-11-26,,20260106T061500Z-QE24M
ST-001995,L24-1116,6,13.33,setup,2024-11-26,,20260106T061500Z-QE24M
ST-001996,L24-1117,3,23.34,setup,2024-11-26,,20260106T061500Z-QE24M
ST-001997,L24-1083,12,68.71,process,2024-11-27,,20260106T061500Z-QE24M
ST-001998,L24-1102,9,221.13,process,2024-11-27,,20260106T061500Z-QE24M
ST-001999,L24-1107,4,90.41,process,2024-11-27,,20260106T061500Z-QE24M
ST-002000,L24-1118,5,18.79,setup,2024-11-27,,20260106T061500Z-QE24M
ST-002001,L24-1119,4,49.81,setup,2024-11-27,,20260106T061500Z-QE24M
ST-002002,L24-1120,4,5.43,setup,2024-11-27,,20260106T061500Z-QE24M
ST-002003,L24-0992,73,3403.0,NCR,2024-12-01,NCR-24-0322,20260106T061500Z-QE24M
ST-002004,L24-1107,34,823.4,NCR,2024-12-01,NCR-24-0325,20260106T061500Z-QE24M
ST-002005,L24-1072,16,170.58,process,2024-12-02,,20260106T061500Z-QE24M
ST-002006,L24-1098,59,458.87,NCR,2024-12-02,NCR-24-0321,20260106T061500Z-QE24M
ST-002007,L24-1109,30,812.7,process,2024-12-02,,20260106T061500Z-QE24M
ST-002008,L24-1110,48,858.82,process,2024-12-02,,20260106T061500Z-QE24M
ST-002009,L24-1115,11,52.21,process,2024-12-02,,20260106T061500Z-QE24M
ST-002010,L24-1116,8,35.56,process,2024-12-02,,20260106T061500Z-QE24M
ST-002011,L24-1121,5,76.58,setup,2024-12-02,,20260106T061500Z-QE24M
ST-002012,L24-1122,4,51.46,process,2024-12-02,,20260106T061500Z-QE24M
ST-002013,L24-1122,2,12.87,setup,2024-12-02,,20260106T061500Z-QE24M
ST-002014,L24-1123,2,16.11,setup,2024-12-02,,20260106T061500Z-QE24M
ST-002015,L24-1124,5,25.83,setup,2024-12-02,,20260106T061500Z-QE24M
ST-002016,L24-1125,4,37.11,setup,2024-12-02,,20260106T061500Z-QE24M
ST-002017,L24-1126,4,46.93,setup,2024-12-02,,20260106T061500Z-QE24M
ST-002018,L24-1127,2,7.86,setup,2024-12-02,,20260106T061500Z-QE24M
ST-002019,L24-1128,2,13.2,setup,2024-12-02,,20260106T061500Z-QE24M
ST-002020,L24-1129,8,37.07,setup,2024-12-02,,20260106T061500Z-QE24M
ST-002021,L24-1130,8,20.02,setup,2024-12-02,,20260106T061500Z-QE24M
ST-002022,L24-1131,2,11.38,setup,2024-12-02,,20260106T061500Z-QE24M
ST-002023,L24-1132,8,67.2,setup,2024-12-02,,20260106T061500Z-QE24M
ST-002024,L24-1133,4,57.04,setup,2024-12-02,,20260106T061500Z-QE24M
ST-002025,L24-1134,1,11.19,setup,2024-12-02,,20260106T061500Z-QE24M
ST-002026,L24-1135,7,156.24,setup,2024-12-02,,20260106T061500Z-QE24M
ST-002027,L24-1114,5,92.71,process,2024-12-03,,20260106T061500Z-QE24M
ST-002028,L24-1117,10,155.61,process,2024-12-03,,20260106T061500Z-QE24M
ST-002029,L24-1124,14,144.65,process,2024-12-03,,20260106T061500Z-QE24M
ST-002030,L24-1126,3,70.39,process,2024-12-03,,20260106T061500Z-QE24M
ST-002031,L24-1127,37,290.86,process,2024-12-03,,20260106T061500Z-QE24M
ST-002032,L24-1132,5,84.0,process,2024-12-03,,20260106T061500Z-QE24M
ST-002033,L24-1136,4,25.21,setup,2024-12-03,,20260106T061500Z-QE24M
ST-002034,L24-1137,1,6.9,setup,2024-12-03,,20260106T061500Z-QE24M
ST-002035,L24-1138,2,13.11,setup,2024-12-03,,20260106T061500Z-QE24M
ST-002036,L24-1139,4,92.6,setup,2024-12-03,,20260106T061500Z-QE24M
ST-002037,L24-1140,7,100.7,setup,2024-12-03,,20260106T061500Z-QE24M
ST-002038,L24-1141,4,15.39,setup,2024-12-03,,20260106T061500Z-QE24M
ST-002039,L24-1142,5,25.23,setup,2024-12-03,,20260106T061500Z-QE24M
ST-002040,L24-1143,7,92.76,setup,2024-12-03,,20260106T061500Z-QE24M
ST-002041,L24-1112,62,2410.0,process,2024-12-04,,20260106T061500Z-QE24M
ST-002042,L24-1123,7,112.75,process,2024-12-04,,20260106T061500Z-QE24M
ST-002043,L24-1125,11,204.13,process,2024-12-04,,20260106T061500Z-QE24M
ST-002044,L24-1128,38,501.41,process,2024-12-04,,20260106T061500Z-QE24M
ST-002045,L24-1130,2,10.01,process,2024-12-04,,20260106T061500Z-QE24M
ST-002046,L24-1135,6,267.83,process,2024-12-04,,20260106T061500Z-QE24M
ST-002047,L24-1136,1,12.61,process,2024-12-04,,20260106T061500Z-QE24M
ST-002048,L24-1140,3,86.31,process,2024-12-04,,20260106T061500Z-QE24M
ST-002049,L24-1141,4,30.77,process,2024-12-04,,20260106T061500Z-QE24M
ST-002050,L24-1143,1,26.5,process,2024-12-04,,20260106T061500Z-QE24M
ST-002051,L24-1144,3,12.13,setup,2024-12-04,,20260106T061500Z-QE24M
ST-002052,L24-1145,1,2.36,setup,2024-12-04,,20260106T061500Z-QE24M
ST-002053,L24-1146,2,17.72,setup,2024-12-04,,20260106T061500Z-QE24M
ST-002054,L24-1147,7,106.82,setup,2024-12-04,,20260106T061500Z-QE24M
ST-002055,L24-1148,5,61.42,setup,2024-12-04,,20260106T061500Z-QE24M
ST-002056,L24-1149,6,16.76,setup,2024-12-04,,20260106T061500Z-QE24M
ST-002057,L24-1150,3,25.14,setup,2024-12-04,,20260106T061500Z-QE24M
ST-002058,L24-1151,6,25.64,setup,2024-12-04,,20260106T061500Z-QE24M
ST-002059,L24-0998,30,434.62,NCR,2024-12-05,NCR-24-0326,20260106T061500Z-QE24M
ST-002060,L24-1101,19,132.07,process,2024-12-05,,20260106T061500Z-QE24M
ST-002061,L24-1129,3,27.8,process,2024-12-05,,20260106T061500Z-QE24M
ST-002062,L24-1133,12,366.66,NCR,2024-12-05,NCR-24-0328,20260106T061500Z-QE24M
ST-002063,L24-1139,41,1898.22,process,2024-12-05,,20260106T061500Z-QE24M
ST-002064,L24-1152,3,40.9,setup,2024-12-05,,20260106T061500Z-QE24M
ST-002065,L24-1153,7,22.44,setup,2024-12-05,,20260106T061500Z-QE24M
ST-002066,L24-1154,3,54.47,setup,2024-12-05,,20260106T061500Z-QE24M
ST-002067,L24-1121,11,336.95,process,2024-12-06,,20260106T061500Z-QE24M
ST-002068,L24-1138,11,144.22,process,2024-12-06,,20260106T061500Z-QE24M
ST-002069,L24-1153,11,70.53,process,2024-12-06,,20260106T061500Z-QE24M
ST-002070,L24-1155,6,20.22,setup,2024-12-06,,20260106T061500Z-QE24M
ST-002071,L24-1156,2,27.13,setup,2024-12-06,,20260106T061500Z-QE24M
ST-002072,L24-1141,111,914.92,NCR,2024-12-07,NCR-24-0331,20260106T061500Z-QE24M
ST-002073,L24-1111,22,370.68,process,2024-12-09,,20260106T061500Z-QE24M
ST-002074,L24-1144,9,72.76,process,2024-12-09,,20260106T061500Z-QE24M
ST-002075,L24-1148,17,417.69,process,2024-12-09,,20260106T061500Z-QE24M
ST-002076,L24-1149,1,5.59,process,2024-12-09,,20260106T061500Z-QE24M
ST-002077,L24-1152,11,299.92,process,2024-12-09,,20260106T061500Z-QE24M
ST-002078,L24-1157,8,124.6,setup,2024-12-09,,20260106T061500Z-QE24M
ST-002079,L24-1158,3,24.18,setup,2024-12-09,,20260106T061500Z-QE24M
ST-002080,L24-1159,8,26.35,setup,2024-12-09,,20260106T061500Z-QE24M
ST-002081,L24-1160,4,39.84,setup,2024-12-09,,20260106T061500Z-QE24M
ST-002082,L24-1161,2,9.81,setup,2024-12-09,,20260106T061500Z-QE24M
ST-002083,L24-1162,4,22.48,setup,2024-12-09,,20260106T061500Z-QE24M
ST-002084,L24-1163,4,49.95,setup,2024-12-09,,20260106T061500Z-QE24M
ST-002085,L24-1164,5,33.98,setup,2024-12-09,,20260106T061500Z-QE24M
ST-002086,L24-1165,3,7.43,setup,2024-12-09,,20260106T061500Z-QE24M
ST-002087,L24-1166,2,8.82,setup,2024-12-09,,20260106T061500Z-QE24M
ST-002088,L24-1167,3,23.42,setup,2024-12-09,,20260106T061500Z-QE24M
ST-002089,L24-1155,11,74.15,process,2024-12-10,,20260106T061500Z-QE24M
ST-002090,L24-1156,5,135.66,process,2024-12-10,,20260106T061500Z-QE24M
ST-002091,L24-1157,5,155.75,process,2024-12-10,,20260106T061500Z-QE24M
ST-002092,L24-1161,3,29.44,process,2024-12-10,,20260106T061500Z-QE24M
ST-002093,L24-1163,19,474.54,process,2024-12-10,,20260106T061500Z-QE24M
ST-002094,L24-1164,1,13.59,process,2024-12-10,,20260106T061500Z-QE24M
ST-002095,L24-1168,1,14.43,setup,2024-12-10,,20260106T061500Z-QE24M
ST-002096,L24-1169,2,31.58,setup,2024-12-10,,20260106T061500Z-QE24M
ST-002097,L24-1170,3,10.13,setup,2024-12-10,,20260106T061500Z-QE24M
ST-002098,L24-1171,4,45.86,setup,2024-12-10,,20260106T061500Z-QE24M
ST-002099,L24-1131,15,170.62,process,2024-12-11,,20260106T061500Z-QE24M
ST-002100,L24-1158,8,128.97,process,2024-12-11,,20260106T061500Z-QE24M
ST-002101,L24-1160,14,278.91,process,2024-12-11,,20260106T061500Z-QE24M
ST-002102,L24-1166,24,211.68,process,2024-12-11,,20260106T061500Z-QE24M
ST-002103,L24-1167,9,140.49,process,2024-12-11,,20260106T061500Z-QE24M
ST-002104,L24-1170,1,6.76,process,2024-12-11,,20260106T061500Z-QE24M
ST-002105,L24-1172,2,9.11,setup,2024-12-11,,20260106T061500Z-QE24M
ST-002106,L24-1173,5,106.56,setup,2024-12-11,,20260106T061500Z-QE24M
ST-002107,L24-1174,3,12.02,setup,2024-12-11,,20260106T061500Z-QE24M
ST-002108,L24-1175,7,28.03,setup,2024-12-11,,20260106T061500Z-QE24M
ST-002109,L24-1176,2,14.95,setup,2024-12-11,,20260106T061500Z-QE24M
ST-002110,L24-1177,3,10.2,setup,2024-12-11,,20260106T061500Z-QE24M
ST-002111,L24-1159,23,151.5,process,2024-12-12,,20260106T061500Z-QE24M
ST-002112,L24-1164,89,1296.29,NCR,2024-12-12,NCR-24-0334,20260106T061500Z-QE24M
ST-002113,L24-1165,3,14.87,process,2024-12-12,,20260106T061500Z-QE24M
ST-002114,L24-1178,2,5.05,setup,2024-12-12,,20260106T061500Z-QE24M
ST-002115,L24-1179,8,35.22,setup,2024-12-12,,20260106T061500Z-QE24M
ST-002116,L24-1181,3,10.02,setup,2024-12-12,,20260106T061500Z-QE24M
ST-002117,L24-1147,8,244.16,process,2024-12-13,,20260106T061500Z-QE24M
ST-002118,L24-1174,4,32.06,process,2024-12-13,,20260106T061500Z-QE24M
ST-002119,L24-1175,11,88.09,process,2024-12-13,,20260106T061500Z-QE24M
ST-002120,L24-1182,5,106.14,setup,2024-12-13,,20260106T061500Z-QE24M
ST-002121,L24-1183,6,23.08,setup,2024-12-13,,20260106T061500Z-QE24M
ST-002122,L24-1184,7,99.1,setup,2024-12-13,,20260106T061500Z-QE24M
ST-002123,L24-1185,3,23.65,setup,2024-12-13,,20260106T061500Z-QE24M
ST-002124,L24-1186,3,28.9,setup,2024-12-13,,20260106T061500Z-QE24M
ST-002125,L24-1173,38,1619.67,process,2024-12-16,,20260106T061500Z-QE24M
ST-002126,L24-1176,32,478.46,process,2024-12-16,,20260106T061500Z-QE24M
ST-002127,L24-1178,5,25.23,process,2024-12-16,,20260106T061500Z-QE24M
ST-002128,L24-1179,3,26.42,process,2024-12-16,,20260106T061500Z-QE24M
ST-002129,L24-1183,2,15.39,process,2024-12-16,,20260106T061500Z-QE24M
ST-002130,L24-1187,8,43.01,setup,2024-12-16,,20260106T061500Z-QE24M
ST-002131,L24-1188,2,30.18,setup,2024-12-16,,20260106T061500Z-QE24M
ST-002132,L24-1189,4,17.25,setup,2024-12-16,,20260106T061500Z-QE24M
ST-002133,L24-1190,3,53.16,setup,2024-12-16,,20260106T061500Z-QE24M
ST-002134,L24-1191,2,12.67,setup,2024-12-16,,20260106T061500Z-QE24M
ST-002135,L24-1192,3,8.46,setup,2024-12-16,,20260106T061500Z-QE24M
ST-002136,L24-1193,6,20.58,setup,2024-12-16,,20260106T061500Z-QE24M
ST-002137,L24-1171,253,6216.21,NCR,2024-12-17,NCR-24-0340,20260106T061500Z-QE24M
ST-002138,L24-1188,6,181.06,process,2024-12-17,,20260106T061500Z-QE24M
ST-002139,L24-1194,6,53.74,setup,2024-12-17,,20260106T061500Z-QE24M
ST-002140,L24-1195,4,48.86,setup,2024-12-17,,20260106T061500Z-QE24M
ST-002141,L24-1182,4,169.82,process,2024-12-18,,20260106T061500Z-QE24M
ST-002142,L24-1187,3,32.26,process,2024-12-18,,20260106T061500Z-QE24M
ST-002143,L24-1191,8,101.36,process,2024-12-18,,20260106T061500Z-QE24M
ST-002144,L24-1193,6,41.16,process,2024-12-18,,20260106T061500Z-QE24M
ST-002145,L24-1189,14,120.74,process,2024-12-19,,20260106T061500Z-QE24M
ST-002146,L24-1194,6,107.48,process,2024-12-19,,20260106T061500Z-QE24M
ST-002147,L24-1195,5,122.15,process,2024-12-19,,20260106T061500Z-QE24M
ST-002148,L24-1196,3,15.37,setup,2024-12-19,,20260106T061500Z-QE24M
ST-002149,L24-1172,37,457.65,NCR,2024-12-20,NCR-24-0341,20260106T061500Z-QE24M
ST-002150,L24-1190,16,567.06,process,2024-12-20,,20260106T061500Z-QE24M
ST-002151,L24-1197,7,109.32,setup,2024-12-20,,20260106T061500Z-QE24M
ST-002152,L24-1167,201,3361.73,NCR,2024-12-21,NCR-24-0337,20260106T061500Z-QE24M
ST-002153,L24-1150,28,469.22,process,2024-12-23,,20260106T061500Z-QE24M
ST-002154,L24-1181,14,93.49,process,2024-12-23,,20260106T061500Z-QE24M
ST-002155,L24-1198,3,13.28,setup,2024-12-23,,20260106T061500Z-QE24M
ST-002156,L24-1199,7,59.41,setup,2024-12-26,,20260106T061500Z-QE24M
ST-002157,L24-1200,5,22.66,setup,2024-12-26,,20260106T061500Z-QE24M
ST-002158,L24-1201,2,10.93,setup,2024-12-26,,20260106T061500Z-QE24M
ST-002159,L24-1202,4,49.88,setup,2024-12-26,,20260106T061500Z-QE24M
ST-002160,L24-1203,5,49.28,setup,2024-12-26,,20260106T061500Z-QE24M
ST-002161,L24-1204,3,10.32,setup,2024-12-26,,20260106T061500Z-QE24M
ST-002162,L24-1205,3,15.72,setup,2024-12-26,,20260106T061500Z-QE24M
ST-002163,L24-1201,2,21.85,process,2024-12-27,,20260106T061500Z-QE24M
ST-002164,L24-1202,7,174.59,process,2024-12-27,,20260106T061500Z-QE24M
ST-002165,L24-1206,2,43.55,setup,2024-12-27,,20260106T061500Z-QE24M
ST-002166,L24-1207,8,94.42,setup,2024-12-27,,20260106T061500Z-QE24M
ST-002167,L24-1206,14,609.76,process,2024-12-30,,20260106T061500Z-QE24M
ST-002168,L24-1208,1,33.98,process,2024-12-30,,20260106T061500Z-QE24M
ST-002169,L24-1208,8,135.91,setup,2024-12-30,,20260106T061500Z-QE24M
ST-002170,L24-1209,6,105.46,setup,2024-12-30,,20260106T061500Z-QE24M
ST-002171,L24-1210,8,64.65,setup,2024-12-30,,20260106T061500Z-QE24M
ST-002172,L24-1211,4,14.53,setup,2024-12-30,,20260106T061500Z-QE24M
ST-002173,L24-1212,6,46.6,setup,2024-12-30,,20260106T061500Z-QE24M
ST-002174,L24-1213,5,133.0,process,2024-12-30,,20260106T061500Z-QE24M
ST-002175,L24-1213,5,66.5,setup,2024-12-30,,20260106T061500Z-QE24M
ST-002176,L24-1214,3,25.99,setup,2024-12-30,,20260106T061500Z-QE24M
ST-002177,L24-1198,9,79.7,process,2025-01-02,,20260106T061500Z-QE24M
ST-002178,L24-1200,4,36.26,process,2025-01-02,,20260106T061500Z-QE24M
ST-002179,L24-1203,5,98.56,process,2025-01-02,,20260106T061500Z-QE24M
ST-002180,L24-1214,8,138.6,process,2025-01-02,,20260106T061500Z-QE24M
ST-002181,L25-0001,3,21.77,setup,2025-01-02,,20260106T061500Z-QE24M
ST-002182,L25-0002,3,17.92,setup,2025-01-02,,20260106T061500Z-QE24M
ST-002183,L25-0003,3,33.87,setup,2025-01-02,,20260106T061500Z-QE24M
ST-002184,L25-0004,3,87.3,setup,2025-01-02,,20260106T061500Z-QE24M
ST-002185,L25-0005,7,22.3,setup,2025-01-02,,20260106T061500Z-QE24M
ST-002186,L25-0006,3,27.84,setup,2025-01-02,,20260106T061500Z-QE24M
ST-002187,L25-0007,5,19.23,setup,2025-01-02,,20260106T061500Z-QE24M
ST-002188,L25-0008,2,8.15,setup,2025-01-02,,20260106T061500Z-QE24M
ST-002189,L25-0009,8,28.9,setup,2025-01-02,,20260106T061500Z-QE24M
ST-002190,L24-1209,9,316.39,process,2025-01-03,,20260106T061500Z-QE24M
ST-002191,L25-0001,4,58.04,process,2025-01-03,,20260106T061500Z-QE24M
ST-002192,L25-0003,3,67.75,process,2025-01-03,,20260106T061500Z-QE24M
ST-002193,L25-0010,6,12.37,setup,2025-01-03,,20260106T061500Z-QE24M
ST-002194,L25-0011,4,23.28,setup,2025-01-03,,20260106T061500Z-QE24M
ST-002195,L25-0004,103,6422.56,NCR,2025-01-05,NCR-25-0002,20260106T061500Z-QE24M
ST-002196,L24-1186,151,2908.86,process,2025-01-06,,20260106T061500Z-QE24M
ST-002197,L25-0004,19,1105.76,process,2025-01-06,,20260106T061500Z-QE24M
ST-002198,L25-0005,9,57.33,process,2025-01-06,,20260106T061500Z-QE24M
ST-002199,L25-0006,21,389.7,process,2025-01-06,,20260106T061500Z-QE24M
ST-002200,L25-0009,14,101.14,process,2025-01-06,,20260106T061500Z-QE24M
ST-002201,L25-0012,8,55.89,setup,2025-01-06,,20260106T061500Z-QE24M
ST-002202,L25-0013,8,23.13,setup,2025-01-06,,20260106T061500Z-QE24M
ST-002203,L25-0014,4,18.1,setup,2025-01-06,,20260106T061500Z-QE24M
ST-002204,L25-0015,2,47.7,setup,2025-01-06,,20260106T061500Z-QE24M
ST-002205,L25-0016,4,13.78,setup,2025-01-06,,20260106T061500Z-QE24M
ST-002206,L24-1211,5,36.33,process,2025-01-07,,20260106T061500Z-QE24M
ST-002207,L24-1212,7,108.73,process,2025-01-07,,20260106T061500Z-QE24M
ST-002208,L25-0013,11,63.6,process,2025-01-07,,20260106T061500Z-QE24M
ST-002209,L25-0017,1,3.97,setup,2025-01-07,,20260106T061500Z-QE24M
ST-002210,L25-0018,8,121.32,setup,2025-01-07,,20260106T061500Z-QE24M
ST-002211,L24-1204,8,55.05,process,2025-01-08,,20260106T061500Z-QE24M
ST-002212,L25-0008,2,16.3,process,2025-01-08,,20260106T061500Z-QE24M
ST-002213,L25-0014,12,108.61,process,2025-01-08,,20260106T061500Z-QE24M
ST-002214,L25-0015,160,8176.8,NCR,2025-01-08,NCR-25-0008,20260106T061500Z-QE24M
ST-002215,L25-0015,10,476.98,process,2025-01-08,,20260106T061500Z-QE24M
ST-002216,L25-0018,2,60.66,process,2025-01-08,,20260106T061500Z-QE24M
ST-002217,L25-0019,1,28.08,setup,2025-01-08,,20260106T061500Z-QE24M
ST-002218,L25-0020,8,71.76,setup,2025-01-08,,20260106T061500Z-QE24M
ST-002219,L25-0016,7,48.22,process,2025-01-09,,20260106T061500Z-QE24M
ST-002220,L25-0022,3,19.67,setup,2025-01-09,,20260106T061500Z-QE24M
ST-002221,L25-0023,5,70.94,setup,2025-01-09,,20260106T061500Z-QE24M
ST-002222,L25-0024,7,28.03,setup,2025-01-09,,20260106T061500Z-QE24M
ST-002223,L25-0025,8,34.13,setup,2025-01-09,,20260106T061500Z-QE24M
ST-002224,L25-0010,54,222.64,process,2025-01-10,,20260106T061500Z-QE24M
ST-002225,L25-0020,2,35.88,process,2025-01-10,,20260106T061500Z-QE24M
ST-002226,L25-0026,8,26.35,setup,2025-01-10,,20260106T061500Z-QE24M
ST-002227,L25-0027,4,20.9,setup,2025-01-10,,20260106T061500Z-QE24M
ST-002228,L25-0028,2,23.81,setup,2025-01-10,,20260106T061500Z-QE24M
ST-002229,L25-0029,4,11.17,setup,2025-01-10,,20260106T061500Z-QE24M
ST-002230,L25-0030,4,54.07,setup,2025-01-10,,20260106T061500Z-QE24M
ST-002231,L25-0031,4,39.28,setup,2025-01-10,,20260106T061500Z-QE24M
ST-002232,L25-0032,5,18.15,setup,2025-01-10,,20260106T061500Z-QE24M
ST-002233,L25-0008,246,2147.58,NCR,2025-01-12,NCR-25-0004,20260106T061500Z-QE24M
ST-002234,L24-1207,18,424.87,process,2025-01-13,,20260106T061500Z-QE24M
ST-002235,L25-0024,3,24.02,process,2025-01-13,,20260106T061500Z-QE24M
ST-002236,L25-0031,11,216.06,process,2025-01-13,,20260106T061500Z-QE24M
ST-002237,L25-0033,5,48.16,setup,2025-01-13,,20260106T061500Z-QE24M
ST-002238,L25-0034,3,60.97,setup,2025-01-13,,20260106T061500Z-QE24M
ST-002239,L25-0035,8,20.58,setup,2025-01-13,,20260106T061500Z-QE24M
ST-002240,L25-0036,3,46.35,setup,2025-01-13,,20260106T061500Z-QE24M
ST-002241,L25-0037,6,23.08,setup,2025-01-13,,20260106T061500Z-QE24M
ST-002242,L25-0038,4,51.25,setup,2025-01-13,,20260106T061500Z-QE24M
ST-002243,L25-0039,8,110.66,setup,2025-01-13,,20260106T061500Z-QE24M
ST-002244,L24-1114,29,768.21,NCR,2025-01-14,NCR-25-0001,20260106T061500Z-QE24M
ST-002245,L25-0022,7,91.78,process,2025-01-14,,20260106T061500Z-QE24M
ST-002246,L25-0023,2,56.76,process,2025-01-14,,20260106T061500Z-QE24M
ST-002247,L25-0025,12,102.4,process,2025-01-14,,20260106T061500Z-QE24M
ST-002248,L25-0030,2,54.07,process,2025-01-14,,20260106T061500Z-QE24M
ST-002249,L25-0040,4,21.5,setup,2025-01-14,,20260106T061500Z-QE24M
ST-002250,L25-0041,2,12.0,setup,2025-01-14,,20260106T061500Z-QE24M
ST-002251,L25-0043,3,13.23,setup,2025-01-14,,20260106T061500Z-QE24M
ST-002252,L25-0044,2,5.98,setup,2025-01-14,,20260106T061500Z-QE24M
ST-002253,L25-0045,6,15.98,setup,2025-01-14,,20260106T061500Z-QE24M
ST-002254,L25-0026,24,158.09,process,2025-01-15,,20260106T061500Z-QE24M
ST-002255,L25-0035,3,15.43,process,2025-01-15,,20260106T061500Z-QE24M
ST-002256,L25-0040,10,107.52,process,2025-01-15,,20260106T061500Z-QE24M
ST-002257,L25-0041,18,216.09,process,2025-01-15,,20260106T061500Z-QE24M
ST-002258,L25-0046,6,25.87,setup,2025-01-15,,20260106T061500Z-QE24M
ST-002259,L25-0047,4,8.09,setup,2025-01-15,,20260106T061500Z-QE24M
ST-002260,L25-0048,2,10.09,setup,2025-01-15,,20260106T061500Z-QE24M
ST-002261,L25-0049,5,66.57,setup,2025-01-15,,20260106T061500Z-QE24M
ST-002262,L25-0050,3,29.19,setup,2025-01-15,,20260106T061500Z-QE24M
ST-002263,L25-0043,29,255.78,process,2025-01-16,,20260106T061500Z-QE24M
ST-002264,L25-0044,1,5.98,process,2025-01-16,,20260106T061500Z-QE24M
ST-002265,L25-0048,2,20.19,process,2025-01-16,,20260106T061500Z-QE24M
ST-002266,L25-0049,1,26.63,process,2025-01-16,,20260106T061500Z-QE24M
ST-002267,L25-0051,4,187.24,process,2025-01-16,,20260106T061500Z-QE24M
ST-002268,L25-0051,2,46.81,setup,2025-01-16,,20260106T061500Z-QE24M
ST-002269,L25-0052,4,21.18,setup,2025-01-16,,20260106T061500Z-QE24M
ST-002270,L25-0053,5,38.9,setup,2025-01-16,,20260106T061500Z-QE24M
ST-002271,L25-0054,3,45.31,setup,2025-01-16,,20260106T061500Z-QE24M
ST-002272,L25-0055,5,63.05,setup,2025-01-16,,20260106T061500Z-QE24M
ST-002273,L25-0056,7,100.7,setup,2025-01-16,,20260106T061500Z-QE24M
ST-002274,L25-0057,6,75.56,setup,2025-01-16,,20260106T061500Z-QE24M
ST-002275,L25-0058,6,74.38,setup,2025-01-16,,20260106T061500Z-QE24M
ST-002276,L25-0023,265,8057.33,NCR,2025-01-17,NCR-25-0010,20260106T061500Z-QE24M
ST-002277,L25-0045,1,5.33,process,2025-01-17,,20260106T061500Z-QE24M
ST-002278,L25-0047,8,32.37,process,2025-01-17,,20260106T061500Z-QE24M
ST-002279,L25-0054,6,181.23,process,2025-01-17,,20260106T061500Z-QE24M
ST-002280,L25-0059,2,8.53,setup,2025-01-17,,20260106T061500Z-QE24M
ST-002281,L25-0060,5,58.66,setup,2025-01-17,,20260106T061500Z-QE24M
ST-002282,L25-0032,14,101.63,process,2025-01-20,,20260106T061500Z-QE24M
ST-002283,L25-0046,52,448.45,process,2025-01-20,,20260106T061500Z-QE24M
ST-002284,L25-0053,7,108.93,process,2025-01-20,,20260106T061500Z-QE24M
ST-002285,L25-0061,7,89.01,setup,2025-01-20,,20260106T061500Z-QE24M
ST-002286,L25-0062,3,13.67,setup,2025-01-20,,20260106T061500Z-QE24M
ST-002287,L25-0063,7,97.02,setup,2025-01-20,,20260106T061500Z-QE24M
ST-002288,L25-0064,5,18.36,setup,2025-01-20,,20260106T061500Z-QE24M
ST-002289,L25-0065,3,10.02,setup,2025-01-20,,20260106T061500Z-QE24M
ST-002290,L25-0066,2,7.18,setup,2025-01-20,,20260106T061500Z-QE24M
ST-002291,L25-0067,2,7.69,setup,2025-01-20,,20260106T061500Z-QE24M
ST-002292,L25-0068,5,16.99,setup,2025-01-20,,20260106T061500Z-QE24M
ST-002293,L25-0069,7,62.7,setup,2025-01-20,,20260106T061500Z-QE24M
ST-002294,L25-0057,8,201.49,process,2025-01-21,,20260106T061500Z-QE24M
ST-002295,L25-0060,4,93.86,process,2025-01-21,,20260106T061500Z-QE24M
ST-002296,L25-0063,7,194.04,process,2025-01-21,,20260106T061500Z-QE24M
ST-002297,L25-0066,26,186.73,process,2025-01-21,,20260106T061500Z-QE24M
ST-002298,L25-0070,5,25.16,setup,2025-01-21,,20260106T061500Z-QE24M
ST-002299,L25-0071,6,26.27,setup,2025-01-21,,20260106T061500Z-QE24M
ST-002300,L25-0072,5,17.15,setup,2025-01-21,,20260106T061500Z-QE24M
ST-002301,L25-0073,6,73.71,setup,2025-01-21,,20260106T061500Z-QE24M
ST-002302,L25-0069,9,161.22,process,2025-01-22,,20260106T061500Z-QE24M
ST-002303,L25-0074,3,11.02,setup,2025-01-22,,20260106T061500Z-QE24M
ST-002304,L25-0075,5,14.63,setup,2025-01-22,,20260106T061500Z-QE24M
ST-002305,L25-0076,5,16.61,setup,2025-01-22,,20260106T061500Z-QE24M
ST-002306,L25-0061,28,762.93,NCR,2025-01-23,NCR-25-0022,20260106T061500Z-QE24M
ST-002307,L25-0070,6,60.4,process,2025-01-23,,20260106T061500Z-QE24M
ST-002308,L25-0072,5,34.3,process,2025-01-23,,20260106T061500Z-QE24M
ST-002309,L25-0075,1,5.85,process,2025-01-23,,20260106T061500Z-QE24M
ST-002310,L25-0077,3,10.97,setup,2025-01-23,,20260106T061500Z-QE24M
ST-002311,L25-0055,56,1513.26,NCR,2025-01-24,NCR-25-0019,20260106T061500Z-QE24M
ST-002312,L25-0073,33,810.81,process,2025-01-24,,20260106T061500Z-QE24M
ST-002313,L25-0074,1,7.35,process,2025-01-24,,20260106T061500Z-QE24M
ST-002314,L25-0078,6,40.38,setup,2025-01-24,,20260106T061500Z-QE24M
ST-002315,L25-0071,4,35.03,process,2025-01-27,,20260106T061500Z-QE24M
ST-002316,L25-0077,20,146.3,process,2025-01-27,,20260106T061500Z-QE24M
ST-002317,L25-0079,7,36.48,setup,2025-01-27,,20260106T061500Z-QE24M
ST-002318,L25-0080,1,4.75,setup,2025-01-27,,20260106T061500Z-QE24M
ST-002319,L25-0081,6,24.26,setup,2025-01-27,,20260106T061500Z-QE24M
ST-002320,L25-0082,3,54.27,setup,2025-01-27,,20260106T061500Z-QE24M
ST-002321,L25-0083,3,16.56,setup,2025-01-27,,20260106T061500Z-QE24M
ST-002322,L25-0084,8,98.28,setup,2025-01-27,,20260106T061500Z-QE24M
ST-002323,L25-0085,4,49.81,setup,2025-01-27,,20260106T061500Z-QE24M
ST-002324,L25-0028,27,642.98,process,2025-01-28,,20260106T061500Z-QE24M
ST-002325,L25-0065,9,60.1,process,2025-01-28,,20260106T061500Z-QE24M
ST-002326,L25-0085,2,49.81,process,2025-01-28,,20260106T061500Z-QE24M
ST-002327,L25-0086,3,28.16,setup,2025-01-28,,20260106T061500Z-QE24M
ST-002328,L25-0087,3,13.72,setup,2025-01-28,,20260106T061500Z-QE24M
ST-002329,L25-0088,4,46.28,setup,2025-01-28,,20260106T061500Z-QE24M
ST-002330,L25-0089,3,27.22,setup,2025-01-28,,20260106T061500Z-QE24M
ST-002331,L25-0033,156,3005.18,process,2025-01-29,,20260106T061500Z-QE24M
ST-002332,L25-0079,14,145.92,process,2025-01-29,,20260106T061500Z-QE24M
ST-002333,L25-0090,6,29.88,setup,2025-01-29,,20260106T061500Z-QE24M
ST-002334,L25-0091,5,127.99,setup,2025-01-29,,20260106T061500Z-QE24M
ST-002335,L25-0092,8,141.48,setup,2025-01-29,,20260106T061500Z-QE24M
ST-002336,L25-0093,4,58.95,setup,2025-01-29,,20260106T061500Z-QE24M
ST-002337,L25-0094,2,7.28,setup,2025-01-29,,20260106T061500Z-QE24M
ST-002338,L25-0095,7,33.96,setup,2025-01-29,,20260106T061500Z-QE24M
ST-002339,L25-0078,12,161.53,process,2025-01-30,,20260106T061500Z-QE24M
ST-002340,L25-0081,3,24.26,process,2025-01-30,,20260106T061500Z-QE24M
ST-002341,L25-0084,18,442.26,process,2025-01-30,,20260106T061500Z-QE24M
ST-002342,L25-0086,16,300.38,process,2025-01-30,,20260106T061500Z-QE24M
ST-002343,L25-0096,1,2.36,setup,2025-01-30,,20260106T061500Z-QE24M
ST-002344,L25-0097,2,6.13,setup,2025-01-30,,20260106T061500Z-QE24M
ST-002345,L25-0098,4,45.18,setup,2025-01-30,,20260106T061500Z-QE24M
ST-002346,L25-0099,7,34.18,setup,2025-01-30,,20260106T061500Z-QE24M
ST-002347,L25-0081,192,1663.2,NCR,2025-01-31,NCR-25-0032,20260106T061500Z-QE24M
ST-002348,L25-0092,22,778.16,process,2025-01-31,,20260106T061500Z-QE24M
ST-002349,L25-0100,1,36.67,process,2025-01-31,,20260106T061500Z-QE24M
ST-002350,L25-0100,3,55.01,setup,2025-01-31,,20260106T061500Z-QE24M
ST-002351,L25-0101,5,11.11,setup,2025-01-31,,20260106T061500Z-QE24M
ST-002352,L25-0102,3,19.6,setup,2025-01-31,,20260106T061500Z-QE24M
ST-002353,L25-0103,8,108.36,setup,2025-02-03,,20260106T061500Z-QE24M
ST-002354,L25-0104,7,31.38,setup,2025-02-03,,20260106T061500Z-QE24M
ST-002355,L25-0105,6,83.71,setup,2025-02-03,,20260106T061500Z-QE24M
ST-002356,L25-0106,1,1.36,setup,2025-02-03,,20260106T061500Z-QE24M
ST-002357,L25-0107,8,49.34,setup,2025-02-03,,20260106T061500Z-QE24M
ST-002358,L25-0108,6,26.0,setup,2025-02-03,,20260106T061500Z-QE24M
ST-002359,L25-0109,7,99.1,setup,2025-02-03,,20260106T061500Z-QE24M
ST-002360,L25-0110,6,37.21,setup,2025-02-03,,20260106T061500Z-QE24M
ST-002361,L25-0111,6,69.51,setup,2025-02-03,,20260106T061500Z-QE24M
ST-002362,L25-0112,2,7.71,setup,2025-02-03,,20260106T061500Z-QE24M
ST-002363,L25-0089,16,290.3,process,2025-02-04,,20260106T061500Z-QE24M
ST-002364,L25-0098,13,293.66,process,2025-02-04,,20260106T061500Z-QE24M
ST-002365,L25-0101,2,8.89,process,2025-02-04,,20260106T061500Z-QE24M
ST-002366,L25-0102,3,39.21,process,2025-02-04,,20260106T061500Z-QE24M
ST-002367,L25-0105,16,446.43,process,2025-02-04,,20260106T061500Z-QE24M
ST-002368,L25-0107,14,172.68,process,2025-02-04,,20260106T061500Z-QE24M
ST-002369,L25-0108,7,60.66,process,2025-02-04,,20260106T061500Z-QE24M
ST-002370,L25-0109,8,226.52,process,2025-02-04,,20260106T061500Z-QE24M
ST-002371,L25-0113,1,9.56,setup,2025-02-04,,20260106T061500Z-QE24M
ST-002372,L25-0114,5,16.89,setup,2025-02-04,,20260106T061500Z-QE24M
ST-002373,L25-0115,3,18.13,setup,2025-02-04,,20260106T061500Z-QE24M
ST-002374,L25-0116,8,53.98,setup,2025-02-04,,20260106T061500Z-QE24M
ST-002375,L25-0028,387,9874.3,NCR,2025-02-05,NCR-25-0027,20260106T061500Z-QE24M
ST-002376,L25-0094,33,240.24,process,2025-02-05,,20260106T061500Z-QE24M
ST-002377,L25-0117,3,24.16,setup,2025-02-05,,20260106T061500Z-QE24M
ST-002378,L25-0091,10,511.98,process,2025-02-06,,20260106T061500Z-QE24M
ST-002379,L25-0110,11,136.44,process,2025-02-06,,20260106T061500Z-QE24M
ST-002380,L25-0118,4,61.04,setup,2025-02-06,,20260106T061500Z-QE24M
ST-002381,L25-0119,5,19.77,setup,2025-02-06,,20260106T061500Z-QE24M
ST-002382,L25-0120,4,47.99,setup,2025-02-06,,20260106T061500Z-QE24M
ST-002383,L25-0121,2,4.75,setup,2025-02-06,,20260106T061500Z-QE24M
ST-002384,L25-0122,8,44.52,setup,2025-02-06,,20260106T061500Z-QE24M
ST-002385,L25-0082,91,3292.65,process,2025-02-07,,20260106T061500Z-QE24M
ST-002386,L25-0104,4,35.87,process,2025-02-07,,20260106T061500Z-QE24M
ST-002387,L25-0112,6,46.24,process,2025-02-07,,20260106T061500Z-QE24M
ST-002388,L25-0117,5,80.54,process,2025-02-07,,20260106T061500Z-QE24M
ST-002389,L25-0119,25,197.75,process,2025-02-07,,20260106T061500Z-QE24M
ST-002390,L25-0120,10,239.96,process,2025-02-07,,20260106T061500Z-QE24M
ST-002391,L25-0123,5,39.02,setup,2025-02-07,,20260106T061500Z-QE24M
ST-002392,L25-0124,3,33.9,setup,2025-02-07,,20260106T061500Z-QE24M
ST-002393,L25-0125,2,11.48,setup,2025-02-07,,20260106T061500Z-QE24M
ST-002394,L25-0126,3,8.38,setup,2025-02-07,,20260106T061500Z-QE24M
ST-002395,L25-0127,6,16.99,setup,2025-02-07,,20260106T061500Z-QE24M
ST-002396,L25-0128,5,98.07,setup,2025-02-07,,20260106T061500Z-QE24M
ST-002397,L25-0123,5,78.05,process,2025-02-10,,20260106T061500Z-QE24M
ST-002398,L25-0125,19,218.12,process,2025-02-10,,20260106T061500Z-QE24M
ST-002399,L25-0129,2,38.87,setup,2025-02-10,,20260106T061500Z-QE24M
ST-002400,L25-0130,4,25.82,setup,2025-02-10,,20260106T061500Z-QE24M
ST-002401,L25-0131,5,56.66,setup,2025-02-10,,20260106T061500Z-QE24M
ST-002402,L25-0132,5,86.01,setup,2025-02-10,,20260106T061500Z-QE24M
ST-002403,L25-0133,2,18.82,setup,2025-02-10,,20260106T061500Z-QE24M
ST-002404,L25-0134,5,19.65,setup,2025-02-10,,20260106T061500Z-QE24M
ST-002405,L25-0135,2,7.08,setup,2025-02-10,,20260106T061500Z-QE24M
ST-002406,L25-0136,5,20.02,setup,2025-02-10,,20260106T061500Z-QE24M
ST-002407,L25-0137,1,2.82,setup,2025-02-10,,20260106T061500Z-QE24M
ST-002408,L25-0138,6,24.44,setup,2025-02-10,,20260106T061500Z-QE24M
ST-002409,L24-1195,203,7084.7,NCR,2025-02-11,NCR-25-0040,20260106T061500Z-QE24M
ST-002410,L25-0059,42,486.38,NCR,2025-02-11,NCR-25-0039,20260106T061500Z-QE24M
ST-002411,L25-0121,33,156.62,process,2025-02-11,,20260106T061500Z-QE24M
ST-002412,L25-0124,10,226.03,process,2025-02-11,,20260106T061500Z-QE24M
ST-002413,L25-0127,36,203.87,process,2025-02-11,,20260106T061500Z-QE24M
ST-002414,L25-0139,1,35.23,setup,2025-02-11,,20260106T061500Z-QE24M
ST-002415,L25-0111,10,231.7,process,2025-02-12,,20260106T061500Z-QE24M
ST-002416,L25-0122,8,89.04,process,2025-02-12,,20260106T061500Z-QE24M
ST-002417,L25-0128,13,509.96,process,2025-02-12,,20260106T061500Z-QE24M
ST-002418,L25-0131,10,226.66,process,2025-02-12,,20260106T061500Z-QE24M
ST-002419,L25-0132,27,928.94,process,2025-02-12,,20260106T061500Z-QE24M
ST-002420,L25-0134,21,165.08,process,2025-02-12,,20260106T061500Z-QE24M
ST-002421,L25-0136,6,48.05,process,2025-02-12,,20260106T061500Z-QE24M
ST-002422,L25-0140,2,7.27,setup,2025-02-12,,20260106T061500Z-QE24M
ST-002423,L25-0141,6,34.34,setup,2025-02-12,,20260106T061500Z-QE24M
ST-002424,L25-0142,2,3.63,setup,2025-02-12,,20260106T061500Z-QE24M
ST-002425,L25-0143,6,32.19,setup,2025-02-12,,20260106T061500Z-QE24M
ST-002426,L25-0144,5,23.33,setup,2025-02-12,,20260106T061500Z-QE24M
ST-002427,L25-0145,4,52.07,setup,2025-02-12,,20260106T061500Z-QE24M
ST-002428,L25-0146,5,21.37,setup,2025-02-12,,20260106T061500Z-QE24M
ST-002429,L25-0147,2,18.68,setup,2025-02-12,,20260106T061500Z-QE24M
ST-002430,L25-0148,6,78.37,setup,2025-02-12,,20260106T061500Z-QE24M
ST-002431,L25-0149,2,4.07,setup,2025-02-12,,20260106T061500Z-QE24M
ST-002432,L25-0150,6,19.76,setup,2025-02-12,,20260106T061500Z-QE24M
ST-002433,L25-0126,18,100.55,process,2025-02-13,,20260106T061500Z-QE24M
ST-002434,L25-0142,3,10.9,process,2025-02-13,,20260106T061500Z-QE24M
ST-002435,L25-0144,14,130.63,process,2025-02-13,,20260106T061500Z-QE24M
ST-002436,L25-0145,13,338.43,process,2025-02-13,,20260106T061500Z-QE24M
ST-002437,L25-0151,4,60.13,setup,2025-02-13,,20260106T061500Z-QE24M
ST-002438,L25-0152,6,23.08,setup,2025-02-13,,20260106T061500Z-QE24M
ST-002439,L25-0129,51,1982.42,process,2025-02-14,,20260106T061500Z-QE24M
ST-002440,L25-0141,22,251.79,process,2025-02-14,,20260106T061500Z-QE24M
ST-002441,L25-0146,7,59.83,process,2025-02-14,,20260106T061500Z-QE24M
ST-002442,L25-0148,28,731.47,process,2025-02-14,,20260106T061500Z-QE24M
ST-002443,L25-0153,4,15.34,setup,2025-02-14,,20260106T061500Z-QE24M
ST-002444,L25-0154,5,28.89,setup,2025-02-14,,20260106T061500Z-QE24M
ST-002445,L25-0155,7,17.42,setup,2025-02-14,,20260106T061500Z-QE24M
ST-002446,L25-0156,5,66.26,setup,2025-02-14,,20260106T061500Z-QE24M
ST-002447,L25-0149,155,676.58,NCR,2025-02-16,NCR-25-0046,20260106T061500Z-QE24M
ST-002448,L25-0093,676,21349.77,NCR,2025-02-17,NCR-25-0048,20260106T061500Z-QE24M
ST-002449,L25-0152,8,61.54,process,2025-02-17,,20260106T061500Z-QE24M
ST-002450,L25-0156,3,79.51,process,2025-02-17,,20260106T061500Z-QE24M
ST-002451,L25-0157,2,9.27,setup,2025-02-17,,20260106T061500Z-QE24M
ST-002452,L25-0158,4,68.7,setup,2025-02-17,,20260106T061500Z-QE24M
ST-002453,L25-0159,5,78.33,setup,2025-02-17,,20260106T061500Z-QE24M
ST-002454,L25-0160,2,29.34,setup,2025-02-17,,20260106T061500Z-QE24M
ST-002455,L25-0161,3,39.21,setup,2025-02-17,,20260106T061500Z-QE24M
ST-002456,L25-0162,6,21.34,setup,2025-02-17,,20260106T061500Z-QE24M
ST-002457,L25-0163,2,8.62,setup,2025-02-17,,20260106T061500Z-QE24M
ST-002458,L25-0093,36,1061.17,process,2025-02-18,,20260106T061500Z-QE24M
ST-002459,L25-0150,24,158.09,process,2025-02-18,,20260106T061500Z-QE24M
ST-002460,L25-0151,13,390.84,process,2025-02-18,,20260106T061500Z-QE24M
ST-002461,L25-0154,9,104.01,process,2025-02-18,,20260106T061500Z-QE24M
ST-002462,L25-0160,9,264.1,process,2025-02-18,,20260106T061500Z-QE24M
ST-002463,L25-0162,8,56.9,process,2025-02-18,,20260106T061500Z-QE24M
ST-002464,L25-0164,4,33.52,setup,2025-02-18,,20260106T061500Z-QE24M
ST-002465,L25-0165,6,23.08,setup,2025-02-18,,20260106T061500Z-QE24M
ST-002466,L25-0166,5,56.66,setup,2025-02-18,,20260106T061500Z-QE24M
ST-002467,L25-0167,4,45.85,setup,2025-02-18,,20260106T061500Z-QE24M
ST-002468,L25-0168,7,38.32,setup,2025-02-18,,20260106T061500Z-QE24M
ST-002469,L25-0169,2,11.19,setup,2025-02-18,,20260106T061500Z-QE24M
ST-002470,L25-0170,3,17.45,setup,2025-02-18,,20260106T061500Z-QE24M
ST-002471,L25-0143,30,321.93,process,2025-02-19,,20260106T061500Z-QE24M
ST-002472,L25-0165,7,53.85,process,2025-02-19,,20260106T061500Z-QE24M
ST-002473,L25-0171,4,12.82,setup,2025-02-19,,20260106T061500Z-QE24M
ST-002474,L25-0172,6,41.79,setup,2025-02-19,,20260106T061500Z-QE24M
ST-002475,L25-0173,6,20.03,setup,2025-02-19,,20260106T061500Z-QE24M
ST-002476,L25-0174,3,18.25,setup,2025-02-19,,20260106T061500Z-QE24M
ST-002477,L25-0175,2,14.06,setup,2025-02-19,,20260106T061500Z-QE24M
ST-002478,L25-0176,8,38.25,setup,2025-02-19,,20260106T061500Z-QE24M
ST-002479,L25-0135,48,340.03,process,2025-02-20,,20260106T061500Z-QE24M
ST-002480,L25-0140,21,152.59,process,2025-02-20,,20260106T061500Z-QE24M
ST-002481,L25-0163,20,172.48,process,2025-02-20,,20260106T061500Z-QE24M
ST-002482,L25-0167,2,45.85,process,2025-02-20,,20260106T061500Z-QE24M
ST-002483,L25-0168,4,43.79,process,2025-02-20,,20260106T061500Z-QE24M
ST-002484,L25-0170,10,116.34,process,2025-02-20,,20260106T061500Z-QE24M
ST-002485,L25-0171,27,173.12,process,2025-02-20,,20260106T061500Z-QE24M
ST-002486,L25-0176,3,28.69,process,2025-02-20,,20260106T061500Z-QE24M
ST-002487,L25-0177,7,187.42,process,2025-02-20,,20260106T061500Z-QE24M
ST-002488,L25-0177,4,53.55,setup,2025-02-20,,20260106T061500Z-QE24M
ST-002489,L25-0178,7,24.33,setup,2025-02-20,,20260106T061500Z-QE24M
ST-002490,L25-0179,2,4.1,setup,2025-02-20,,20260106T061500Z-QE24M
ST-002491,L25-0180,5,80.13,setup,2025-02-20,,20260106T061500Z-QE24M
ST-002492,L25-0181,4,29.47,setup,2025-02-20,,20260106T061500Z-QE24M
ST-002493,L25-0182,6,93.45,setup,2025-02-20,,20260106T061500Z-QE24M
ST-002494,L25-0169,4,44.74,process,2025-02-21,,20260106T061500Z-QE24M
ST-002495,L25-0172,5,69.65,process,2025-02-21,,20260106T061500Z-QE24M
ST-002496,L25-0174,10,121.66,process,2025-02-21,,20260106T061500Z-QE24M
ST-002497,L25-0179,4,16.38,process,2025-02-21,,20260106T061500Z-QE24M
ST-002498,L25-0183,7,100.23,setup,2025-02-21,,20260106T061500Z-QE24M
ST-002499,L25-0184,2,8.23,setup,2025-02-21,,20260106T061500Z-QE24M
ST-002500,L25-0138,77,627.4,process,2025-02-24,,20260106T061500Z-QE24M
ST-002501,L25-0153,138,1058.74,process,2025-02-24,,20260106T061500Z-QE24M
ST-002502,L25-0181,6,88.41,process,2025-02-24,,20260106T061500Z-QE24M
ST-002503,L25-0182,4,124.6,process,2025-02-24,,20260106T061500Z-QE24M
ST-002504,L25-0185,4,60.35,setup,2025-02-24,,20260106T061500Z-QE24M
ST-002505,L25-0186,3,11.97,setup,2025-02-24,,20260106T061500Z-QE24M
ST-002506,L25-0187,6,68.8,setup,2025-02-24,,20260106T061500Z-QE24M
ST-002507,L25-0188,4,53.2,setup,2025-02-24,,20260106T061500Z-QE24M
ST-002508,L25-0189,2,2.93,setup,2025-02-24,,20260106T061500Z-QE24M
ST-002509,L25-0190,5,58.66,setup,2025-02-24,,20260106T061500Z-QE24M
ST-002510,L25-0191,3,28.77,setup,2025-02-24,,20260106T061500Z-QE24M
ST-002511,L25-0192,6,82.09,setup,2025-02-24,,20260106T061500Z-QE24M
ST-002512,L25-0158,168,6182.82,NCR,2025-02-25,NCR-25-0050,20260106T061500Z-QE24M
ST-002513,L25-0183,23,658.65,process,2025-02-25,,20260106T061500Z-QE24M
ST-002514,L25-0184,2,16.46,process,2025-02-25,,20260106T061500Z-QE24M
ST-002515,L25-0186,2,15.96,process,2025-02-25,,20260106T061500Z-QE24M
ST-002516,L25-0193,4,49.81,setup,2025-02-25,,20260106T061500Z-QE24M
ST-002517,L25-0194,3,66.63,setup,2025-02-25,,20260106T061500Z-QE24M
ST-002518,L25-0195,3,11.29,setup,2025-02-25,,20260106T061500Z-QE24M
ST-002519,L25-0196,6,43.64,setup,2025-02-25,,20260106T061500Z-QE24M
ST-002520,L25-0197,3,13.22,setup,2025-02-25,,20260106T061500Z-QE24M
ST-002521,L25-0198,2,10.26,setup,2025-02-25,,20260106T061500Z-QE24M
ST-002522,L25-0159,148,4968.36,NCR,2025-02-26,NCR-25-0051,20260106T061500Z-QE24M
ST-002523,L25-0193,4,99.62,process,2025-02-26,,20260106T061500Z-QE24M
ST-002524,L25-0199,7,139.04,setup,2025-02-26,,20260106T061500Z-QE24M
ST-002525,L25-0173,20,133.56,process,2025-02-27,,20260106T061500Z-QE24M
ST-002526,L25-0180,11,352.58,process,2025-02-27,,20260106T061500Z-QE24M
ST-002527,L25-0187,8,183.46,process,2025-02-27,,20260106T061500Z-QE24M
ST-002528,L25-0200,3,41.58,setup,2025-02-27,,20260106T061500Z-QE24M
ST-002529,L25-0201,6,30.89,setup,2025-02-27,,20260106T061500Z-QE24M
ST-002530,L25-0202,7,64.95,setup,2025-02-27,,20260106T061500Z-QE24M
ST-002531,L25-0175,19,267.2,process,2025-02-28,,20260106T061500Z-QE24M
ST-002532,L25-0178,11,76.46,process,2025-02-28,,20260106T061500Z-QE24M
ST-002533,L25-0198,11,112.8,process,2025-02-28,,20260106T061500Z-QE24M
ST-002534,L25-0200,2,55.44,process,2025-02-28,,20260106T061500Z-QE24M
ST-002535,L25-0203,5,27.96,setup,2025-02-28,,20260106T061500Z-QE24M
ST-002536,L25-0204,3,52.0,setup,2025-02-28,,20260106T061500Z-QE24M
ST-002537,L25-0205,2,9.04,setup,2025-02-28,,20260106T061500Z-QE24M
ST-002538,L25-0206,2,24.79,setup,2025-02-28,,20260106T061500Z-QE24M
ST-002539,L25-0207,5,27.93,setup,2025-02-28,,20260106T061500Z-QE24M
ST-002540,L25-0208,5,22.96,setup,2025-02-28,,20260106T061500Z-QE24M
ST-002541,L25-0200,149,4425.3,NCR,2025-03-01,NCR-25-0062,20260106T061500Z-QE24M
ST-002542,L25-0161,38,993.24,process,2025-03-03,,20260106T061500Z-QE24M
ST-002543,L25-0197,15,132.2,process,2025-03-03,,20260106T061500Z-QE24M
ST-002544,L25-0199,8,317.8,process,2025-03-03,,20260106T061500Z-QE24M
ST-002545,L25-0202,3,55.67,process,2025-03-03,,20260106T061500Z-QE24M
ST-002546,L25-0209,4,22.47,setup,2025-03-03,,20260106T061500Z-QE24M
ST-002547,L25-0210,8,74.17,setup,2025-03-03,,20260106T061500Z-QE24M
ST-002548,L25-0211,6,37.55,setup,2025-03-03,,20260106T061500Z-QE24M
ST-002549,L25-0212,2,11.19,setup,2025-03-03,,20260106T061500Z-QE24M
ST-002550,L25-0213,3,15.93,setup,2025-03-03,,20260106T061500Z-QE24M
ST-002551,L25-0214,6,45.13,setup,2025-03-03,,20260106T061500Z-QE24M
ST-002552,L25-0215,4,13.51,setup,2025-03-03,,20260106T061500Z-QE24M
ST-002553,L25-0216,2,29.15,setup,2025-03-03,,20260106T061500Z-QE24M
ST-002554,L25-0217,4,33.59,setup,2025-03-03,,20260106T061500Z-QE24M
ST-002555,L25-0196,49,712.75,process,2025-03-04,,20260106T061500Z-QE24M
ST-002556,L25-0208,4,36.74,process,2025-03-04,,20260106T061500Z-QE24M
ST-002557,L25-0212,6,67.16,process,2025-03-04,,20260106T061500Z-QE24M
ST-002558,L25-0217,7,117.55,process,2025-03-04,,20260106T061500Z-QE24M
ST-002559,L25-0218,4,13.36,setup,2025-03-04,,20260106T061500Z-QE24M
ST-002560,L25-0219,7,31.58,setup,2025-03-04,,20260106T061500Z-QE24M
ST-002561,L25-0220,3,45.63,setup,2025-03-04,,20260106T061500Z-QE24M
ST-002562,L25-0221,2,7.69,setup,2025-03-04,,20260106T061500Z-QE24M
ST-002563,L25-0205,11,99.48,process,2025-03-05,,20260106T061500Z-QE24M
ST-002564,L25-0207,1,11.17,process,2025-03-05,,20260106T061500Z-QE24M
ST-002565,L25-0211,6,75.1,process,2025-03-05,,20260106T061500Z-QE24M
ST-002566,L25-0220,9,273.8,process,2025-03-05,,20260106T061500Z-QE24M
ST-002567,L25-0222,5,18.3,setup,2025-03-05,,20260106T061500Z-QE24M
ST-002568,L25-0223,2,17.7,setup,2025-03-05,,20260106T061500Z-QE24M
ST-002569,L25-0164,5,83.79,process,2025-03-06,,20260106T061500Z-QE24M
ST-002570,L25-0206,9,223.15,process,2025-03-06,,20260106T061500Z-QE24M
ST-002571,L25-0210,2,37.09,process,2025-03-06,,20260106T061500Z-QE24M
ST-002572,L25-0221,9,69.24,process,2025-03-06,,20260106T061500Z-QE24M
ST-002573,L25-0224,4,17.5,setup,2025-03-06,,20260106T061500Z-QE24M
ST-002574,L25-0225,4,33.28,setup,2025-03-06,,20260106T061500Z-QE24M
ST-002575,L25-0226,3,25.6,setup,2025-03-06,,20260106T061500Z-QE24M
ST-002576,L25-0192,25,732.94,NCR,2025-03-07,NCR-25-0058,20260106T061500Z-QE24M
ST-002577,L25-0227,3,26.2,setup,2025-03-07,,20260106T061500Z-QE24M
ST-002578,L25-0228,4,22.62,setup,2025-03-07,,20260106T061500Z-QE24M
ST-002579,L25-0196,409,6374.26,NCR,2025-03-10,NCR-25-0063,20260106T061500Z-QE24M
ST-002580,L25-0223,4,70.78,process,2025-03-10,,20260106T061500Z-QE24M
ST-002581,L25-0224,6,52.5,process,2025-03-10,,20260106T061500Z-QE24M
ST-002582,L25-0229,2,26.15,setup,2025-03-10,,20260106T061500Z-QE24M
ST-002583,L25-0230,8,47.8,setup,2025-03-10,,20260106T061500Z-QE24M
ST-002584,L25-0231,3,52.73,setup,2025-03-10,,20260106T061500Z-QE24M
ST-002585,L25-0232,6,24.55,setup,2025-03-10,,20260106T061500Z-QE24M
ST-002586,L25-0233,2,35.96,setup,2025-03-10,,20260106T061500Z-QE24M
ST-002587,L25-0234,1,8.66,setup,2025-03-10,,20260106T061500Z-QE24M
ST-002588,L25-0213,7,74.33,process,2025-03-11,,20260106T061500Z-QE24M
ST-002589,L25-0227,17,296.9,process,2025-03-11,,20260106T061500Z-QE24M
ST-002590,L25-0229,11,287.67,process,2025-03-11,,20260106T061500Z-QE24M
ST-002591,L25-0235,3,12.81,setup,2025-03-11,,20260106T061500Z-QE24M
ST-002592,L25-0236,4,29.96,setup,2025-03-11,,20260106T061500Z-QE24M
ST-002593,L25-0237,3,46.35,setup,2025-03-11,,20260106T061500Z-QE24M
ST-002594,L25-0238,5,70.94,setup,2025-03-11,,20260106T061500Z-QE24M
ST-002595,L25-0218,12,80.14,process,2025-03-12,,20260106T061500Z-QE24M
ST-002596,L25-0232,2,16.37,process,2025-03-12,,20260106T061500Z-QE24M
ST-002597,L25-0235,9,76.86,process,2025-03-12,,20260106T061500Z-QE24M
ST-002598,L25-0237,1,30.9,process,2025-03-12,,20260106T061500Z-QE24M
ST-002599,L25-0239,7,96.24,setup,2025-03-12,,20260106T061500Z-QE24M
ST-002600,L25-0240,8,36.57,setup,2025-03-12,,20260106T061500Z-QE24M
ST-002601,L25-0241,2,12.98,setup,2025-03-12,,20260106T061500Z-QE24M
ST-002602,L25-0242,3,9.24,setup,2025-03-12,,20260106T061500Z-QE24M
ST-002603,L25-0225,19,316.14,process,2025-03-13,,20260106T061500Z-QE24M
ST-002604,L25-0241,3,38.93,process,2025-03-13,,20260106T061500Z-QE24M
ST-002605,L25-0243,7,25.04,setup,2025-03-13,,20260106T061500Z-QE24M
ST-002606,L25-0244,3,6.7,setup,2025-03-13,,20260106T061500Z-QE24M
ST-002607,L25-0245,5,20.02,setup,2025-03-13,,20260106T061500Z-QE24M
ST-002608,L25-0203,31,346.77,process,2025-03-14,,20260106T061500Z-QE24M
ST-002609,L25-0233,37,1330.48,process,2025-03-14,,20260106T061500Z-QE24M
ST-002610,L25-0238,8,227.02,process,2025-03-14,,20260106T061500Z-QE24M
ST-002611,L25-0240,6,54.85,process,2025-03-14,,20260106T061500Z-QE24M
ST-002612,L25-0246,2,39.85,setup,2025-03-14,,20260106T061500Z-QE24M
ST-002613,L25-0247,2,29.62,setup,2025-03-14,,20260106T061500Z-QE24M
ST-002614,L25-0248,7,70.34,setup,2025-03-14,,20260106T061500Z-QE24M
ST-002615,L25-0249,1,3.85,setup,2025-03-14,,20260106T061500Z-QE24M
ST-002616,L25-0228,17,192.3,process,2025-03-17,,20260106T061500Z-QE24M
ST-002617,L25-0247,4,118.5,process,2025-03-17,,20260106T061500Z-QE24M
ST-002618,L25-0248,3,60.29,process,2025-03-17,,20260106T061500Z-QE24M
ST-002619,L25-0250,4,23.16,setup,2025-03-17,,20260106T061500Z-QE24M
ST-002620,L25-0252,2,8.01,setup,2025-03-17,,20260106T061500Z-QE24M
ST-002621,L25-0216,70,2040.85,process,2025-03-18,,20260106T061500Z-QE24M
ST-002622,L25-0222,27,197.69,process,2025-03-18,,20260106T061500Z-QE24M
ST-002623,L25-0226,12,204.79,process,2025-03-18,,20260106T061500Z-QE24M
ST-002624,L25-0239,12,329.95,process,2025-03-18,,20260106T061500Z-QE24M
ST-002625,L25-0243,71,507.93,process,2025-03-18,,20260106T061500Z-QE24M
ST-002626,L25-0244,1,4.47,process,2025-03-18,,20260106T061500Z-QE24M
ST-002627,L25-0245,14,112.11,process,2025-03-18,,20260106T061500Z-QE24M
ST-002628,L25-0250,1,11.58,process,2025-03-18,,20260106T061500Z-QE24M
ST-002629,L25-0253,6,53.63,setup,2025-03-18,,20260106T061500Z-QE24M
ST-002630,L25-0254,2,18.12,setup,2025-03-18,,20260106T061500Z-QE24M
ST-002631,L25-0255,8,20.64,setup,2025-03-18,,20260106T061500Z-QE24M
ST-002632,L25-0256,2,29.99,setup,2025-03-18,,20260106T061500Z-QE24M
ST-002633,L25-0257,3,17.98,setup,2025-03-18,,20260106T061500Z-QE24M
ST-002634,L25-0258,2,21.88,setup,2025-03-18,,20260106T061500Z-QE24M
ST-002635,L25-0259,5,65.31,setup,2025-03-18,,20260106T061500Z-QE24M
ST-002636,L25-0260,2,9.31,setup,2025-03-18,,20260106T061500Z-QE24M
ST-002637,L25-0236,99,1588.95,NCR,2025-03-19,NCR-25-0069,20260106T061500Z-QE24M
ST-002638,L25-0252,11,88.09,process,2025-03-19,,20260106T061500Z-QE24M
ST-002639,L25-0261,2,28.46,setup,2025-03-19,,20260106T061500Z-QE24M
ST-002640,L25-0263,4,22.01,setup,2025-03-19,,20260106T061500Z-QE24M
ST-002641,L25-0239,279,8219.34,NCR,2025-03-20,NCR-25-0075,20260106T061500Z-QE24M
ST-002642,L25-0242,25,154.0,process,2025-03-20,,20260106T061500Z-QE24M
ST-002643,L25-0259,22,574.73,process,2025-03-20,,20260106T061500Z-QE24M
ST-002644,L25-0264,2,7.15,setup,2025-03-20,,20260106T061500Z-QE24M
ST-002645,L25-0265,6,26.46,setup,2025-03-20,,20260106T061500Z-QE24M
ST-002646,L25-0266,2,11.33,setup,2025-03-20,,20260106T061500Z-QE24M
ST-002647,L25-0267,7,72.72,setup,2025-03-20,,20260106T061500Z-QE24M
ST-002648,L25-0268,2,12.14,setup,2025-03-20,,20260106T061500Z-QE24M
ST-002649,L25-0269,7,45.77,setup,2025-03-20,,20260106T061500Z-QE24M
ST-002650,L25-0270,8,100.88,setup,2025-03-20,,20260106T061500Z-QE24M
ST-002651,L25-0271,1,2.48,setup,2025-03-20,,20260106T061500Z-QE24M
ST-002652,L25-0230,45,537.7,process,2025-03-21,,20260106T061500Z-QE24M
ST-002653,L25-0257,2,23.97,process,2025-03-21,,20260106T061500Z-QE24M
ST-002654,L25-0272,4,32.41,setup,2025-03-21,,20260106T061500Z-QE24M
ST-002655,L25-0273,7,23.05,setup,2025-03-21,,20260106T061500Z-QE24M
ST-002656,L25-0258,297,6963.17,NCR,2025-03-24,NCR-25-0080,20260106T061500Z-QE24M
ST-002657,L25-0258,28,612.7,process,2025-03-24,,20260106T061500Z-QE24M
ST-002658,L25-0265,16,141.12,process,2025-03-24,,20260106T061500Z-QE24M
ST-002659,L25-0269,4,52.3,process,2025-03-24,,20260106T061500Z-QE24M
ST-002660,L25-0270,2,50.44,process,2025-03-24,,20260106T061500Z-QE24M
ST-002661,L25-0274,4,14.36,setup,2025-03-24,,20260106T061500Z-QE24M
ST-002662,L25-0275,8,27.19,setup,2025-03-24,,20260106T061500Z-QE24M
ST-002663,L25-0276,7,26.48,setup,2025-03-24,,20260106T061500Z-QE24M
ST-002664,L25-0277,8,34.5,setup,2025-03-24,,20260106T061500Z-QE24M
ST-002665,L25-0278,2,35.31,setup,2025-03-24,,20260106T061500Z-QE24M
ST-002666,L25-0279,1,12.09,setup,2025-03-24,,20260106T061500Z-QE24M
ST-002667,L25-0280,2,30.9,setup,2025-03-24,,20260106T061500Z-QE24M
ST-002668,L25-0281,5,26.88,setup,2025-03-24,,20260106T061500Z-QE24M
ST-002669,L25-0282,5,69.16,setup,2025-03-24,,20260106T061500Z-QE24M
ST-002670,L25-0283,2,5.64,setup,2025-03-24,,20260106T061500Z-QE24M
ST-002671,L25-0264,23,164.38,process,2025-03-25,,20260106T061500Z-QE24M
ST-002672,L25-0267,7,145.43,process,2025-03-25,,20260106T061500Z-QE24M
ST-002673,L25-0272,2,32.41,process,2025-03-25,,20260106T061500Z-QE24M
ST-002674,L25-0274,16,114.91,process,2025-03-25,,20260106T061500Z-QE24M
ST-002675,L25-0276,4,30.27,process,2025-03-25,,20260106T061500Z-QE24M
ST-002676,L25-0280,4,123.59,process,2025-03-25,,20260106T061500Z-QE24M
ST-002677,L25-0284,3,9.96,setup,2025-03-25,,20260106T061500Z-QE24M
ST-002678,L25-0285,5,44.78,setup,2025-03-25,,20260106T061500Z-QE24M
ST-002679,L25-0286,4,41.93,setup,2025-03-25,,20260106T061500Z-QE24M
ST-002680,L25-0287,3,24.16,setup,2025-03-25,,20260106T061500Z-QE24M
ST-002681,L25-0288,6,23.58,setup,2025-03-25,,20260106T061500Z-QE24M
ST-002682,L25-0289,7,86.0,setup,2025-03-25,,20260106T061500Z-QE24M
ST-002683,L25-0273,21,138.33,process,2025-03-26,,20260106T061500Z-QE24M
ST-002684,L25-0275,6,40.78,process,2025-03-26,,20260106T061500Z-QE24M
ST-002685,L25-0278,27,953.32,process,2025-03-26,,20260106T061500Z-QE24M
ST-002686,L25-0281,4,43.01,process,2025-03-26,,20260106T061500Z-QE24M
ST-002687,L25-0282,182,5394.48,NCR,2025-03-26,NCR-25-0085,20260106T061500Z-QE24M
ST-002688,L25-0285,1,17.91,process,2025-03-26,,20260106T061500Z-QE24M
ST-002689,L25-0290,3,21.93,setup,2025-03-26,,20260106T061500Z-QE24M
ST-002690,L25-0291,3,18.19,setup,2025-03-26,,20260106T061500Z-QE24M
ST-002691,L25-0292,6,106.22,setup,2025-03-26,,20260106T061500Z-QE24M
ST-002692,L25-0293,4,33.52,setup,2025-03-26,,20260106T061500Z-QE24M
ST-002693,L25-0294,3,56.22,setup,2025-03-26,,20260106T061500Z-QE24M
ST-002694,L25-0295,2,28.3,setup,2025-03-26,,20260106T061500Z-QE24M
ST-002695,L25-0296,5,46.39,setup,2025-03-26,,20260106T061500Z-QE24M
ST-002696,L25-0277,19,163.86,process,2025-03-27,,20260106T061500Z-QE24M
ST-002697,L25-0283,11,62.06,process,2025-03-27,,20260106T061500Z-QE24M
ST-002698,L25-0288,12,94.33,process,2025-03-27,,20260106T061500Z-QE24M
ST-002699,L25-0292,3,106.22,process,2025-03-27,,20260106T061500Z-QE24M
ST-002700,L25-0295,2,56.6,process,2025-03-27,,20260106T061500Z-QE24M
ST-002701,L25-0297,1,12.45,setup,2025-03-27,,20260106T061500Z-QE24M
ST-002702,L25-0298,4,15.39,setup,2025-03-27,,20260106T061500Z-QE24M
ST-002703,L25-0287,11,177.18,process,2025-03-28,,20260106T061500Z-QE24M
ST-002704,L25-0289,23,565.11,process,2025-03-28,,20260106T061500Z-QE24M
ST-002705,L25-0296,9,167.01,process,2025-03-28,,20260106T061500Z-QE24M
ST-002706,L25-0298,4,30.77,process,2025-03-28,,20260106T061500Z-QE24M
ST-002707,L25-0299,4,18.23,setup,2025-03-28,,20260106T061500Z-QE24M
ST-002708,L25-0300,7,99.1,setup,2025-03-28,,20260106T061500Z-QE24M
ST-002709,L25-0301,8,67.2,setup,2025-03-28,,20260106T061500Z-QE24M
ST-002710,L25-0288,160,1347.6,NCR,2025-03-31,NCR-25-0086,20260106T061500Z-QE24M
ST-002711,L25-0300,1,28.32,process,2025-03-31,,20260106T061500Z-QE24M
ST-002712,L25-0301,7,117.6,process,2025-03-31,,20260106T061500Z-QE24M
ST-002713,L25-0303,5,14.16,setup,2025-03-31,,20260106T061500Z-QE24M
ST-002714,L25-0304,3,8.38,setup,2025-03-31,,20260106T061500Z-QE24M
ST-002715,L25-0305,8,62.24,setup,2025-03-31,,20260106T061500Z-QE24M
ST-002716,L25-0306,8,61.15,setup,2025-03-31,,20260106T061500Z-QE24M
ST-002717,L25-0307,6,15.98,setup,2025-03-31,,20260106T061500Z-QE24M
ST-002718,L25-0308,3,19.67,setup,2025-03-31,,20260106T061500Z-QE24M
ST-002719,L25-0309,4,38.12,setup,2025-03-31,,20260106T061500Z-QE24M
ST-002720,L25-0303,25,141.57,process,2025-04-01,,20260106T061500Z-QE24M
ST-002721,L25-0310,5,10.73,setup,2025-04-01,,20260106T061500Z-QE24M
ST-002722,L25-0311,3,39.31,setup,2025-04-01,,20260106T061500Z-QE24M
ST-002723,L25-0309,7,133.43,process,2025-04-02,,20260106T061500Z-QE24M
ST-002724,L25-0312,6,14.8,setup,2025-04-02,,20260106T061500Z-QE24M
ST-002725,L25-0313,8,93.86,setup,2025-04-02,,20260106T061500Z-QE24M
ST-002726,L25-0221,34,354.98,NCR,2025-04-03,NCR-25-0082,20260106T061500Z-QE24M
ST-002727,L25-0290,151,2208.07,process,2025-04-03,,20260106T061500Z-QE24M
ST-002728,L25-0301,164,2952.0,NCR,2025-04-03,NCR-25-0088,20260106T061500Z-QE24M
ST-002729,L25-0308,19,249.11,process,2025-04-03,,20260106T061500Z-QE24M
ST-002730,L25-0311,10,262.08,process,2025-04-03,,20260106T061500Z-QE24M
ST-002731,L25-0314,4,57.04,setup,2025-04-03,,20260106T061500Z-QE24M
ST-002732,L25-0315,1,3.26,setup,2025-04-03,,20260106T061500Z-QE24M
ST-002733,L25-0316,2,18.95,setup,2025-04-03,,20260106T061500Z-QE24M
ST-002734,L25-0317,5,62.35,setup,2025-04-03,,20260106T061500Z-QE24M
ST-002735,L25-0318,3,39.94,setup,2025-04-03,,20260106T061500Z-QE24M
ST-002736,L25-0306,1,15.29,process,2025-04-04,,20260106T061500Z-QE24M
ST-002737,L25-0313,1,23.46,process,2025-04-04,,20260106T061500Z-QE24M
ST-002738,L25-0319,4,58.53,setup,2025-04-04,,20260106T061500Z-QE24M
ST-002739,L25-0320,4,62.47,setup,2025-04-04,,20260106T061500Z-QE24M
ST-002740,L25-0314,14,427.77,NCR,2025-04-05,NCR-25-0093,20260106T061500Z-QE24M
ST-002741,L25-0312,12,59.22,process,2025-04-07,,20260106T061500Z-QE24M
ST-002742,L25-0320,1,31.23,process,2025-04-07,,20260106T061500Z-QE24M
ST-002743,L25-0321,4,31.22,setup,2025-04-07,,20260106T061500Z-QE24M
ST-002744,L25-0322,8,35.14,setup,2025-04-07,,20260106T061500Z-QE24M
ST-002745,L25-0323,5,30.84,setup,2025-04-07,,20260106T061500Z-QE24M
ST-002746,L25-0324,2,26.03,setup,2025-04-07,,20260106T061500Z-QE24M
ST-002747,L25-0325,2,36.18,setup,2025-04-07,,20260106T061500Z-QE24M
ST-002748,L25-0326,3,11.93,setup,2025-04-07,,20260106T061500Z-QE24M
ST-002749,L25-0327,6,100.38,setup,2025-04-07,,20260106T061500Z-QE24M
ST-002750,L25-0328,3,40.26,setup,2025-04-07,,20260106T061500Z-QE24M
ST-002751,L25-0329,5,21.56,setup,2025-04-07,,20260106T061500Z-QE24M
ST-002752,L25-0330,4,16.02,setup,2025-04-07,,20260106T061500Z-QE24M
ST-002753,L25-0321,2,31.22,process,2025-04-08,,20260106T061500Z-QE24M
ST-002754,L25-0323,20,246.68,process,2025-04-08,,20260106T061500Z-QE24M
ST-002755,L25-0324,17,442.56,process,2025-04-08,,20260106T061500Z-QE24M
ST-002756,L25-0326,13,103.38,process,2025-04-08,,20260106T061500Z-QE24M
ST-002757,L25-0328,2,53.68,process,2025-04-08,,20260106T061500Z-QE24M
ST-002758,L25-0331,6,18.79,setup,2025-04-08,,20260106T061500Z-QE24M
ST-002759,L25-0332,2,9.3,setup,2025-04-08,,20260106T061500Z-QE24M
ST-002760,L25-0333,2,40.65,setup,2025-04-08,,20260106T061500Z-QE24M
ST-002761,L25-0334,2,19.46,setup,2025-04-08,,20260106T061500Z-QE24M
ST-002762,L25-0335,7,95.43,setup,2025-04-08,,20260106T061500Z-QE24M
ST-002763,L25-0330,10,80.08,process,2025-04-09,,20260106T061500Z-QE24M
ST-002764,L25-0331,7,43.85,process,2025-04-09,,20260106T061500Z-QE24M
ST-002765,L25-0333,2,81.3,process,2025-04-09,,20260106T061500Z-QE24M
ST-002766,L25-0336,4,84.91,setup,2025-04-09,,20260106T061500Z-QE24M
ST-002767,L25-0337,5,90.49,setup,2025-04-09,,20260106T061500Z-QE24M
ST-002768,L25-0338,3,46.77,setup,2025-04-09,,20260106T061500Z-QE24M
ST-002769,L25-0339,8,32.45,setup,2025-04-09,,20260106T061500Z-QE24M
ST-002770,L25-0340,7,35.48,setup,2025-04-09,,20260106T061500Z-QE24M
ST-002771,L25-0341,4,20.79,setup,2025-04-09,,20260106T061500Z-QE24M
ST-002772,L25-0293,13,217.85,process,2025-04-10,,20260106T061500Z-QE24M
ST-002773,L25-0319,22,643.87,process,2025-04-10,,20260106T061500Z-QE24M
ST-002774,L25-0320,107,3580.76,NCR,2025-04-10,NCR-25-0097,20260106T061500Z-QE24M
ST-002775,L25-0329,14,120.74,process,2025-04-10,,20260106T061500Z-QE24M
ST-002776,L25-0335,3,81.8,process,2025-04-10,,20260106T061500Z-QE24M
ST-002777,L25-0338,4,124.71,process,2025-04-10,,20260106T061500Z-QE24M
ST-002778,L25-0340,63,638.57,process,2025-04-10,,20260106T061500Z-QE24M
ST-002779,L25-0342,8,168.03,setup,2025-04-10,,20260106T061500Z-QE24M
ST-002780,L25-0343,4,15.39,setup,2025-04-10,,20260106T061500Z-QE24M
ST-002781,L25-0344,5,39.41,setup,2025-04-10,,20260106T061500Z-QE24M
ST-002782,L25-0343,4,30.77,process,2025-04-11,,20260106T061500Z-QE24M
ST-002783,L25-0345,6,33.85,setup,2025-04-11,,20260106T061500Z-QE24M
ST-002784,L25-0317,25,668.06,NCR,2025-04-13,NCR-25-0095,20260106T061500Z-QE24M
ST-002785,L25-0342,15,630.1,process,2025-04-14,,20260106T061500Z-QE24M
ST-002786,L25-0345,5,56.42,process,2025-04-14,,20260106T061500Z-QE24M
ST-002787,L25-0346,6,33.45,setup,2025-04-14,,20260106T061500Z-QE24M
ST-002788,L25-0347,2,7.04,setup,2025-04-14,,20260106T061500Z-QE24M
ST-002789,L25-0348,6,15.43,setup,2025-04-14,,20260106T061500Z-QE24M
ST-002790,L25-0349,2,11.38,setup,2025-04-14,,20260106T061500Z-QE24M
ST-002791,L25-0339,3,24.34,process,2025-04-15,,20260106T061500Z-QE24M
ST-002792,L25-0347,17,119.71,process,2025-04-15,,20260106T061500Z-QE24M
ST-002793,L25-0350,2,4.75,setup,2025-04-15,,20260106T061500Z-QE24M
ST-002794,L25-0351,5,23.61,setup,2025-04-15,,20260106T061500Z-QE24M
ST-002795,L25-0352,5,91.05,setup,2025-04-15,,20260106T061500Z-QE24M
ST-002796,L25-0322,3,26.36,process,2025-04-16,,20260106T061500Z-QE24M
ST-002797,L25-0346,1,11.15,process,2025-04-16,,20260106T061500Z-QE24M
ST-002798,L25-0353,4,13.36,setup,2025-04-16,,20260106T061500Z-QE24M
ST-002799,L25-0354,6,44.25,setup,2025-04-16,,20260106T061500Z-QE24M
ST-002800,L25-0322,133,1251.86,NCR,2025-04-17,NCR-25-0104,20260106T061500Z-QE24M
ST-002801,L25-0325,52,1881.52,process,2025-04-17,,20260106T061500Z-QE24M
ST-002802,L25-0341,93,1035.79,NCR,2025-04-17,NCR-25-0102,20260106T061500Z-QE24M
ST-002803,L25-0350,27,128.14,process,2025-04-17,,20260106T061500Z-QE24M
ST-002804,L25-0352,34,1238.31,process,2025-04-17,,20260106T061500Z-QE24M
ST-002805,L25-0355,4,11.17,setup,2025-04-17,,20260106T061500Z-QE24M
ST-002806,L25-0356,3,26.87,setup,2025-04-17,,20260106T061500Z-QE24M
ST-002807,L25-0357,1,13.08,setup,2025-04-17,,20260106T061500Z-QE24M
ST-002808,L25-0358,4,24.81,setup,2025-04-17,,20260106T061500Z-QE24M
ST-002809,L25-0359,4,44.98,setup,2025-04-17,,20260106T061500Z-QE24M
ST-002810,L25-0351,14,132.2,process,2025-04-18,,20260106T061500Z-QE24M
ST-002811,L25-0360,4,20.48,setup,2025-04-18,,20260106T061500Z-QE24M
ST-002812,L25-0361,2,11.28,setup,2025-04-18,,20260106T061500Z-QE24M
ST-002813,L25-0362,6,46.68,setup,2025-04-18,,20260106T061500Z-QE24M
ST-002814,L25-0363,4,13.36,setup,2025-04-18,,20260106T061500Z-QE24M
ST-002815,L25-0356,6,107.48,process,2025-04-21,,20260106T061500Z-QE24M
ST-002816,L25-0360,1,10.24,process,2025-04-21,,20260106T061500Z-QE24M
ST-002817,L25-0364,5,8.89,setup,2025-04-21,,20260106T061500Z-QE24M
ST-002818,L25-0366,2,7.28,setup,2025-04-21,,20260106T061500Z-QE24M
ST-002819,L25-0367,6,27.32,setup,2025-04-21,,20260106T061500Z-QE24M
ST-002820,L25-0368,7,30.82,setup,2025-04-21,,20260106T061500Z-QE24M
ST-002821,L25-0369,7,37.07,setup,2025-04-21,,20260106T061500Z-QE24M
ST-002822,L25-0370,2,11.96,setup,2025-04-21,,20260106T061500Z-QE24M
ST-002823,L25-0371,7,25.7,setup,2025-04-21,,20260106T061500Z-QE24M
ST-002824,L25-0373,2,5.64,setup,2025-04-21,,20260106T061500Z-QE24M
ST-002825,L25-0374,3,10.55,setup,2025-04-21,,20260106T061500Z-QE24M
ST-002826,L25-0361,14,157.98,process,2025-04-22,,20260106T061500Z-QE24M
ST-002827,L25-0375,4,45.86,setup,2025-04-22,,20260106T061500Z-QE24M
ST-002828,L25-0376,8,70.11,setup,2025-04-22,,20260106T061500Z-QE24M
ST-002829,L25-0377,3,12.82,setup,2025-04-22,,20260106T061500Z-QE24M
ST-002830,L25-0378,3,9.88,setup,2025-04-22,,20260106T061500Z-QE24M
ST-002831,L25-0349,20,227.5,process,2025-04-23,,20260106T061500Z-QE24M
ST-002832,L25-0353,4,26.71,process,2025-04-23,,20260106T061500Z-QE24M
ST-002833,L25-0358,5,62.02,process,2025-04-23,,20260106T061500Z-QE24M
ST-002834,L25-0359,17,382.35,process,2025-04-23,,20260106T061500Z-QE24M
ST-002835,L25-0371,21,154.2,process,2025-04-23,,20260106T061500Z-QE24M
ST-002836,L25-0379,3,7.71,setup,2025-04-23,,20260106T061500Z-QE24M
ST-002837,L25-0380,6,23.08,setup,2025-04-23,,20260106T061500Z-QE24M
ST-002838,L25-0381,6,30.85,setup,2025-04-23,,20260106T061500Z-QE24M
ST-002839,L25-0382,1,13.15,setup,2025-04-23,,20260106T061500Z-QE24M
ST-002840,L25-0383,6,50.92,setup,2025-04-23,,20260106T061500Z-QE24M
ST-002841,L25-0367,5,45.54,process,2025-04-24,,20260106T061500Z-QE24M
ST-002842,L25-0368,1,8.81,process,2025-04-24,,20260106T061500Z-QE24M
ST-002843,L25-0373,2,11.28,process,2025-04-24,,20260106T061500Z-QE24M
ST-002844,L25-0375,1,22.93,process,2025-04-24,,20260106T061500Z-QE24M
ST-002845,L25-0377,2,17.09,process,2025-04-24,,20260106T061500Z-QE24M
ST-002846,L25-0380,6,46.16,process,2025-04-24,,20260106T061500Z-QE24M
ST-002847,L25-0384,2,8.76,setup,2025-04-24,,20260106T061500Z-QE24M
ST-002848,L25-0385,6,19.24,setup,2025-04-24,,20260106T061500Z-QE24M
ST-002849,L25-0386,2,4.27,setup,2025-04-24,,20260106T061500Z-QE24M
ST-002850,L25-0366,31,225.68,process,2025-04-25,,20260106T061500Z-QE24M
ST-002851,L25-0370,2,23.91,process,2025-04-25,,20260106T061500Z-QE24M
ST-002852,L25-0381,4,41.13,process,2025-04-25,,20260106T061500Z-QE24M
ST-002853,L25-0385,17,109.0,process,2025-04-25,,20260106T061500Z-QE24M
ST-002854,L25-0387,1,6.9,setup,2025-04-25,,20260106T061500Z-QE24M
ST-002855,L25-0388,4,48.76,setup,2025-04-25,,20260106T061500Z-QE24M
ST-002856,L25-0389,4,11.48,setup,2025-04-25,,20260106T061500Z-QE24M
ST-002857,L25-0349,176,2145.0,NCR,2025-04-28,NCR-25-0109,20260106T061500Z-QE24M
ST-002858,L25-0378,34,223.96,process,2025-04-28,,20260106T061500Z-QE24M
ST-002859,L25-0379,39,200.38,process,2025-04-28,,20260106T061500Z-QE24M
ST-002860,L25-0386,5,21.35,process,2025-04-28,,20260106T061500Z-QE24M
ST-002861,L25-0388,1,24.38,process,2025-04-28,,20260106T061500Z-QE24M
ST-002862,L25-0390,7,27.05,setup,2025-04-28,,20260106T061500Z-QE24M
ST-002863,L25-0391,6,43.64,setup,2025-04-28,,20260106T061500Z-QE24M
ST-002864,L25-0392,1,16.86,process,2025-04-28,,20260106T061500Z-QE24M
ST-002865,L25-0392,2,16.86,setup,2025-04-28,,20260106T061500Z-QE24M
ST-002866,L25-0393,8,120.26,setup,2025-04-28,,20260106T061500Z-QE24M
ST-002867,L25-0394,6,229.74,setup,2025-04-28,,20260106T061500Z-QE24M
ST-002868,L25-0389,1,5.74,process,2025-04-29,,20260106T061500Z-QE24M
ST-002869,L25-0390,5,38.64,process,2025-04-29,,20260106T061500Z-QE24M
ST-002870,L25-0395,17,195.16,process,2025-04-29,,20260106T061500Z-QE24M
ST-002871,L25-0395,3,17.22,setup,2025-04-29,,20260106T061500Z-QE24M
ST-002872,L25-0354,54,796.45,process,2025-04-30,,20260106T061500Z-QE24M
ST-002873,L25-0384,9,78.81,process,2025-04-30,,20260106T061500Z-QE24M
ST-002874,L25-0393,15,450.98,process,2025-04-30,,20260106T061500Z-QE24M
ST-002875,L25-0396,8,38.25,setup,2025-04-30,,20260106T061500Z-QE24M
ST-002876,L25-0397,2,4.71,setup,2025-04-30,,20260106T061500Z-QE24M
ST-002877,L25-0398,2,18.56,setup,2025-04-30,,20260106T061500Z-QE24M
ST-002878,L25-0399,5,36.28,setup,2025-04-30,,20260106T061500Z-QE24M
ST-002879,L25-0366,231,1801.8,NCR,2025-05-01,NCR-25-0113,20260106T061500Z-QE24M
ST-002880,L25-0396,13,124.31,process,2025-05-01,,20260106T061500Z-QE24M
ST-002881,L25-0400,4,17.33,setup,2025-05-01,,20260106T061500Z-QE24M
ST-002882,L25-0373,281,1698.64,NCR,2025-05-02,NCR-25-0115,20260106T061500Z-QE24M
ST-002883,L25-0391,73,1061.86,process,2025-05-02,,20260106T061500Z-QE24M
ST-002884,L25-0398,14,259.8,process,2025-05-02,,20260106T061500Z-QE24M
ST-002885,L25-0399,5,72.55,process,2025-05-02,,20260106T061500Z-QE24M
ST-002886,L25-0401,7,212.32,process,2025-05-02,,20260106T061500Z-QE24M
ST-002887,L25-0401,8,121.32,setup,2025-05-02,,20260106T061500Z-QE24M
ST-002888,L25-0402,5,10.55,setup,2025-05-02,,20260106T061500Z-QE24M
ST-002889,L25-0390,116,960.48,NCR,2025-05-05,NCR-25-0118,20260106T061500Z-QE24M
ST-002890,L25-0402,3,12.66,process,2025-05-05,,20260106T061500Z-QE24M
ST-002891,L25-0403,8,32.34,setup,2025-05-05,,20260106T061500Z-QE24M
ST-002892,L25-0404,4,23.25,setup,2025-05-05,,20260106T061500Z-QE24M
ST-002893,L25-0405,5,17.15,setup,2025-05-05,,20260106T061500Z-QE24M
ST-002894,L25-0406,6,57.79,setup,2025-05-05,,20260106T061500Z-QE24M
ST-002895,L25-0407,1,3.68,setup,2025-05-05,,20260106T061500Z-QE24M
ST-002896,L25-0408,4,59.82,setup,2025-05-05,,20260106T061500Z-QE24M
ST-002897,L25-0409,7,36.16,setup,2025-05-05,,20260106T061500Z-QE24M
ST-002898,L25-0411,2,7.69,setup,2025-05-05,,20260106T061500Z-QE24M
ST-002899,L25-0409,29,299.63,process,2025-05-06,,20260106T061500Z-QE24M
ST-002900,L25-0411,2,15.39,process,2025-05-06,,20260106T061500Z-QE24M
ST-002901,L25-0412,2,9.33,setup,2025-05-06,,20260106T061500Z-QE24M
ST-002902,L25-0413,7,28.03,setup,2025-05-06,,20260106T061500Z-QE24M
ST-002903,L25-0414,8,28.9,setup,2025-05-06,,20260106T061500Z-QE24M
ST-002904,L25-0405,12,82.32,process,2025-05-07,,20260106T061500Z-QE24M
ST-002905,L25-0412,10,93.31,process,2025-05-07,,20260106T061500Z-QE24M
ST-002906,L25-0415,4,46.13,setup,2025-05-07,,20260106T061500Z-QE24M
ST-002907,L25-0394,4,306.32,process,2025-05-08,,20260106T061500Z-QE24M
ST-002908,L25-0403,11,88.94,process,2025-05-08,,20260106T061500Z-QE24M
ST-002909,L25-0408,5,149.55,process,2025-05-08,,20260106T061500Z-QE24M
ST-002910,L25-0414,15,108.36,process,2025-05-08,,20260106T061500Z-QE24M
ST-002911,L25-0416,4,45.75,setup,2025-05-08,,20260106T061500Z-QE24M
ST-002912,L25-0417,5,19.63,setup,2025-05-08,,20260106T061500Z-QE24M
ST-002913,L25-0418,7,40.42,setup,2025-05-08,,20260106T061500Z-QE24M
ST-002914,L25-0419,2,15.93,setup,2025-05-08,,20260106T061500Z-QE24M
ST-002915,L25-0420,3,41.17,setup,2025-05-08,,20260106T061500Z-QE24M
ST-002916,L25-0415,22,507.43,process,2025-05-09,,20260106T061500Z-QE24M
ST-002917,L25-0421,2,7.64,setup,2025-05-09,,20260106T061500Z-QE24M
ST-002918,L25-0422,4,38.98,setup,2025-05-09,,20260106T061500Z-QE24M
ST-002919,L25-0423,3,36.92,setup,2025-05-09,,20260106T061500Z-QE24M
ST-002920,L25-0424,5,16.69,setup,2025-05-09,,20260106T061500Z-QE24M
ST-002921,L25-0418,6,69.3,process,2025-05-12,,20260106T061500Z-QE24M
ST-002922,L25-0425,2,24.91,setup,2025-05-12,,20260106T061500Z-QE24M
ST-002923,L25-0426,3,8.2,setup,2025-05-12,,20260106T061500Z-QE24M
ST-002924,L25-0427,8,44.63,setup,2025-05-12,,20260106T061500Z-QE24M
ST-002925,L25-0428,4,17.0,setup,2025-05-12,,20260106T061500Z-QE24M
ST-002926,L25-0429,3,14.65,setup,2025-05-12,,20260106T061500Z-QE24M
ST-002927,L25-0291,80,1385.6,NCR,2025-05-13,NCR-25-0131,20260106T061500Z-QE24M
ST-002928,L25-0416,12,274.51,process,2025-05-13,,20260106T061500Z-QE24M
ST-002929,L25-0419,35,557.62,process,2025-05-13,,20260106T061500Z-QE24M
ST-002930,L25-0425,5,124.53,process,2025-05-13,,20260106T061500Z-QE24M
ST-002931,L25-0426,4,21.87,process,2025-05-13,,20260106T061500Z-QE24M
ST-002932,L25-0430,6,48.3,setup,2025-05-13,,20260106T061500Z-QE24M
ST-002933,L25-0431,7,95.43,setup,2025-05-13,,20260106T061500Z-QE24M
ST-002934,L25-0432,2,18.51,setup,2025-05-13,,20260106T061500Z-QE24M
ST-002935,L25-0433,2,11.12,setup,2025-05-13,,20260106T061500Z-QE24M
ST-002936,L25-0434,8,34.5,setup,2025-05-13,,20260106T061500Z-QE24M
ST-002937,L25-0421,14,107.02,process,2025-05-14,,20260106T061500Z-QE24M
ST-002938,L25-0422,9,175.39,process,2025-05-14,,20260106T061500Z-QE24M
ST-002939,L25-0435,5,58.66,setup,2025-05-14,,20260106T061500Z-QE24M
ST-002940,L25-0436,7,28.76,setup,2025-05-14,,20260106T061500Z-QE24M
ST-002941,L25-0437,8,100.88,setup,2025-05-14,,20260106T061500Z-QE24M
ST-002942,L25-0438,4,57.33,setup,2025-05-14,,20260106T061500Z-QE24M
ST-002943,L25-0439,2,25.05,setup,2025-05-14,,20260106T061500Z-QE24M
ST-002944,L25-0417,16,125.66,process,2025-05-15,,20260106T061500Z-QE24M
ST-002945,L25-0431,2,54.53,process,2025-05-15,,20260106T061500Z-QE24M
ST-002946,L25-0433,1,11.12,process,2025-05-15,,20260106T061500Z-QE24M
ST-002947,L25-0435,1,23.46,process,2025-05-15,,20260106T061500Z-QE24M
ST-002948,L25-0438,4,114.66,process,2025-05-15,,20260106T061500Z-QE24M
ST-002949,L25-0440,6,22.3,setup,2025-05-15,,20260106T061500Z-QE24M
ST-002950,L25-0441,5,22.36,setup,2025-05-15,,20260106T061500Z-QE24M
ST-002951,L25-0442,1,18.34,setup,2025-05-15,,20260106T061500Z-QE24M
ST-002952,L25-0434,12,103.49,process,2025-05-16,,20260106T061500Z-QE24M
ST-002953,L25-0437,2,50.44,process,2025-05-16,,20260106T061500Z-QE24M
ST-002954,L25-0439,27,676.43,process,2025-05-16,,20260106T061500Z-QE24M
ST-002955,L25-0440,4,29.74,process,2025-05-16,,20260106T061500Z-QE24M
ST-002956,L25-0443,7,60.76,setup,2025-05-16,,20260106T061500Z-QE24M
ST-002957,L25-0444,3,9.88,setup,2025-05-16,,20260106T061500Z-QE24M
ST-002958,L25-0445,4,8.25,setup,2025-05-16,,20260106T061500Z-QE24M
ST-002959,L25-0424,14,93.49,process,2025-05-19,,20260106T061500Z-QE24M
ST-002960,L25-0427,21,234.32,process,2025-05-19,,20260106T061500Z-QE24M
ST-002961,L25-0446,4,36.36,setup,2025-05-19,,20260106T061500Z-QE24M
ST-002962,L25-0447,6,31.94,setup,2025-05-19,,20260106T061500Z-QE24M
ST-002963,L25-0448,6,42.0,setup,2025-05-19,,20260106T061500Z-QE24M
ST-002964,L25-0449,3,44.9,setup,2025-05-19,,20260106T061500Z-QE24M
ST-002965,L25-0450,3,14.92,setup,2025-05-19,,20260106T061500Z-QE24M
ST-002966,L25-0451,2,13.59,setup,2025-05-19,,20260106T061500Z-QE24M
ST-002967,L25-0406,102,1964.93,process,2025-05-20,,20260106T061500Z-QE24M
ST-002968,L25-0446,8,145.43,process,2025-05-20,,20260106T061500Z-QE24M
ST-002969,L25-0451,14,190.32,process,2025-05-20,,20260106T061500Z-QE24M
ST-002970,L25-0452,2,19.44,setup,2025-05-20,,20260106T061500Z-QE24M
ST-002971,L25-0444,38,250.31,process,2025-05-21,,20260106T061500Z-QE24M
ST-002972,L25-0450,50,497.35,process,2025-05-21,,20260106T061500Z-QE24M
ST-002973,L25-0453,3,92.69,process,2025-05-21,,20260106T061500Z-QE24M
ST-002974,L25-0453,5,77.24,setup,2025-05-21,,20260106T061500Z-QE24M
ST-002975,L25-0454,4,49.14,setup,2025-05-21,,20260106T061500Z-QE24M
ST-002976,L25-0436,17,139.71,process,2025-05-22,,20260106T061500Z-QE24M
ST-002977,L25-0447,5,53.24,process,2025-05-22,,20260106T061500Z-QE24M
ST-002978,L25-0448,82,1148.0,process,2025-05-22,,20260106T061500Z-QE24M
ST-002979,L25-0455,6,15.98,setup,2025-05-22,,20260106T061500Z-QE24M
ST-002980,L25-0456,8,19.85,setup,2025-05-22,,20260106T061500Z-QE24M
ST-002981,L25-0457,5,14.96,setup,2025-05-22,,20260106T061500Z-QE24M
ST-002982,L25-0458,3,9.24,setup,2025-05-22,,20260106T061500Z-QE24M
ST-002983,L25-0459,4,15.39,setup,2025-05-22,,20260106T061500Z-QE24M
ST-002984,L25-0400,104,1223.14,NCR,2025-05-23,NCR-25-0134,20260106T061500Z-QE24M
ST-002985,L25-0445,49,202.03,process,2025-05-23,,20260106T061500Z-QE24M
ST-002986,L25-0459,5,38.46,process,2025-05-23,,20260106T061500Z-QE24M
ST-002987,L25-0460,2,19.53,setup,2025-05-23,,20260106T061500Z-QE24M
ST-002988,L25-0461,2,24.47,process,2025-05-23,,20260106T061500Z-QE24M
ST-002989,L25-0461,8,48.94,setup,2025-05-23,,20260106T061500Z-QE24M
ST-002990,L25-0462,6,50.55,setup,2025-05-23,,20260106T061500Z-QE24M
ST-002991,L25-0427,157,1876.94,NCR,2025-05-25,NCR-25-0136,20260106T061500Z-QE24M
ST-002992,L25-0454,5,122.85,process,2025-05-26,,20260106T061500Z-QE24M
ST-002993,L25-0463,8,113.26,setup,2025-05-26,,20260106T061500Z-QE24M
ST-002994,L25-0464,6,90.61,setup,2025-05-26,,20260106T061500Z-QE24M
ST-002995,L25-0466,4,29.44,setup,2025-05-26,,20260106T061500Z-QE24M
ST-002996,L25-0467,1,6.92,process,2025-05-26,,20260106T061500Z-QE24M
ST-002997,L25-0467,3,10.37,setup,2025-05-26,,20260106T061500Z-QE24M
ST-002998,L25-0468,2,9.06,setup,2025-05-26,,20260106T061500Z-QE24M
ST-002999,L25-0469,6,24.13,setup,2025-05-26,,20260106T061500Z-QE24M
ST-003000,L25-0470,4,11.14,setup,2025-05-26,,20260106T061500Z-QE24M
ST-003001,L25-0471,6,88.87,setup,2025-05-26,,20260106T061500Z-QE24M
ST-003002,L25-0463,1,28.32,process,2025-05-28,,20260106T061500Z-QE24M
ST-003003,L25-0464,1,30.2,process,2025-05-28,,20260106T061500Z-QE24M
ST-003004,L25-0466,3,44.16,process,2025-05-28,,20260106T061500Z-QE24M
ST-003005,L25-0472,3,27.77,setup,2025-05-28,,20260106T061500Z-QE24M
ST-003006,L25-0473,3,35.63,setup,2025-05-28,,20260106T061500Z-QE24M
ST-003007,L25-0474,4,49.81,setup,2025-05-28,,20260106T061500Z-QE24M
ST-003008,L25-0475,7,31.6,setup,2025-05-28,,20260106T061500Z-QE24M
ST-003009,L25-0476,2,10.42,setup,2025-05-28,,20260106T061500Z-QE24M
ST-003010,L25-0477,6,73.71,setup,2025-05-28,,20260106T061500Z-QE24M
ST-003011,L25-0478,6,33.35,setup,2025-05-28,,20260106T061500Z-QE24M
ST-003012,L25-0452,21,408.22,process,2025-05-29,,20260106T061500Z-QE24M
ST-003013,L25-0456,27,134.0,process,2025-05-29,,20260106T061500Z-QE24M
ST-003014,L25-0472,3,55.54,process,2025-05-29,,20260106T061500Z-QE24M
ST-003015,L25-0473,13,308.76,process,2025-05-29,,20260106T061500Z-QE24M
ST-003016,L25-0475,4,36.12,process,2025-05-29,,20260106T061500Z-QE24M
ST-003017,L25-0478,1,11.12,process,2025-05-29,,20260106T061500Z-QE24M
ST-003018,L25-0479,5,71.92,setup,2025-05-29,,20260106T061500Z-QE24M
ST-003019,L25-0480,6,15.56,setup,2025-05-29,,20260106T061500Z-QE24M
ST-003020,L25-0481,2,26.34,setup,2025-05-29,,20260106T061500Z-QE24M
ST-003021,L25-0482,2,22.41,setup,2025-05-29,,20260106T061500Z-QE24M
ST-003022,L25-0483,6,21.78,setup,2025-05-29,,20260106T061500Z-QE24M
ST-003023,L25-0454,29,763.42,NCR,2025-05-30,NCR-25-0141,20260106T061500Z-QE24M
ST-003024,L25-0458,28,172.48,process,2025-05-30,,20260106T061500Z-QE24M
ST-003025,L25-0468,13,117.84,process,2025-05-30,,20260106T061500Z-QE24M
ST-003026,L25-0469,18,144.77,process,2025-05-30,,20260106T061500Z-QE24M
ST-003027,L25-0476,14,145.92,process,2025-05-30,,20260106T061500Z-QE24M
ST-003028,L25-0477,15,368.55,process,2025-05-30,,20260106T061500Z-QE24M
ST-003029,L25-0479,2,57.54,process,2025-05-30,,20260106T061500Z-QE24M
ST-003030,L25-0484,8,116.37,setup,2025-05-30,,20260106T061500Z-QE24M
ST-003031,L25-0485,4,23.46,setup,2025-05-30,,20260106T061500Z-QE24M
ST-003032,L25-0479,115,3544.88,NCR,2025-05-31,NCR-25-0147,20260106T061500Z-QE24M
ST-003033,L25-0481,62,1633.14,process,2025-06-02,,20260106T061500Z-QE24M
ST-003034,L25-0486,7,109.66,setup,2025-06-02,,20260106T061500Z-QE24M
ST-003035,L25-0487,9,104.83,process,2025-06-02,,20260106T061500Z-QE24M
ST-003036,L25-0487,8,46.59,setup,2025-06-02,,20260106T061500Z-QE24M
ST-003037,L25-0488,3,40.16,setup,2025-06-02,,20260106T061500Z-QE24M
ST-003038,L25-0489,7,23.37,setup,2025-06-02,,20260106T061500Z-QE24M
ST-003039,L25-0490,8,41.02,setup,2025-06-02,,20260106T061500Z-QE24M
ST-003040,L25-0491,3,21.09,setup,2025-06-02,,20260106T061500Z-QE24M
ST-003041,L25-0492,7,80.26,setup,2025-06-02,,20260106T061500Z-QE24M
ST-003042,L25-0488,1,26.78,process,2025-06-03,,20260106T061500Z-QE24M
ST-003043,L25-0493,8,32.03,setup,2025-06-03,,20260106T061500Z-QE24M
ST-003044,L25-0494,4,52.25,setup,2025-06-03,,20260106T061500Z-QE24M
ST-003045,L25-0495,3,26.11,setup,2025-06-03,,20260106T061500Z-QE24M
ST-003046,L25-0455,191,1090.13,NCR,2025-06-04,NCR-25-0143,20260106T061500Z-QE24M
ST-003047,L25-0462,23,387.53,process,2025-06-04,,20260106T061500Z-QE24M
ST-003048,L25-0493,1,8.01,process,2025-06-04,,20260106T061500Z-QE24M
ST-003049,L25-0484,1,29.09,process,2025-06-05,,20260106T061500Z-QE24M
ST-003050,L25-0492,13,298.12,process,2025-06-05,,20260106T061500Z-QE24M
ST-003051,L25-0494,23,600.85,process,2025-06-05,,20260106T061500Z-QE24M
ST-003052,L25-0496,5,37.38,setup,2025-06-05,,20260106T061500Z-QE24M
ST-003053,L25-0497,2,13.93,setup,2025-06-05,,20260106T061500Z-QE24M
ST-003054,L25-0485,13,152.52,process,2025-06-06,,20260106T061500Z-QE24M
ST-003055,L25-0497,1,13.93,process,2025-06-06,,20260106T061500Z-QE24M
ST-003056,L25-0498,3,28.77,setup,2025-06-06,,20260106T061500Z-QE24M
ST-003057,L25-0499,4,35.38,setup,2025-06-06,,20260106T061500Z-QE24M
ST-003058,L25-0500,5,19.23,setup,2025-06-06,,20260106T061500Z-QE24M
ST-003059,L25-0477,185,4870.12,NCR,2025-06-07,NCR-25-0144,20260106T061500Z-QE24M
ST-003060,L25-0496,31,463.51,process,2025-06-09,,20260106T061500Z-QE24M
ST-003061,L25-0498,15,287.7,process,2025-06-09,,20260106T061500Z-QE24M
ST-003062,L25-0501,3,12.22,setup,2025-06-09,,20260106T061500Z-QE24M
ST-003063,L25-0502,5,28.89,setup,2025-06-09,,20260106T061500Z-QE24M
ST-003064,L25-0503,3,39.05,setup,2025-06-09,,20260106T061500Z-QE24M
ST-003065,L25-0504,3,23.82,setup,2025-06-09,,20260106T061500Z-QE24M
ST-003066,L25-0505,6,31.35,setup,2025-06-09,,20260106T061500Z-QE24M
ST-003067,L25-0506,1,2.48,setup,2025-06-09,,20260106T061500Z-QE24M
ST-003068,L25-0507,6,70.39,setup,2025-06-09,,20260106T061500Z-QE24M
ST-003069,L25-0508,4,17.25,setup,2025-06-09,,20260106T061500Z-QE24M
ST-003070,L25-0485,392,4927.44,NCR,2025-06-10,NCR-25-0148,20260106T061500Z-QE24M
ST-003071,L25-0489,4,26.71,process,2025-06-10,,20260106T061500Z-QE24M
ST-003072,L25-0500,11,84.62,process,2025-06-10,,20260106T061500Z-QE24M
ST-003073,L25-0503,16,416.53,process,2025-06-10,,20260106T061500Z-QE24M
ST-003074,L25-0509,1,4.66,setup,2025-06-10,,20260106T061500Z-QE24M
ST-003075,L25-0510,3,15.42,setup,2025-06-10,,20260106T061500Z-QE24M
ST-003076,L25-0511,2,5.14,setup,2025-06-10,,20260106T061500Z-QE24M
ST-003077,L25-0512,5,39.02,setup,2025-06-10,,20260106T061500Z-QE24M
ST-003078,L25-0491,13,182.82,process,2025-06-11,,20260106T061500Z-QE24M
ST-003079,L25-0499,28,495.29,process,2025-06-11,,20260106T061500Z-QE24M
ST-003080,L25-0512,10,156.1,process,2025-06-11,,20260106T061500Z-QE24M
ST-003081,L25-0513,7,18.06,setup,2025-06-11,,20260106T061500Z-QE24M
ST-003082,L25-0514,4,32.21,setup,2025-06-11,,20260106T061500Z-QE24M
ST-003083,L25-0515,8,40.38,setup,2025-06-11,,20260106T061500Z-QE24M
ST-003084,L25-0516,6,55.67,setup,2025-06-11,,20260106T061500Z-QE24M
ST-003085,L25-0517,3,22.53,setup,2025-06-11,,20260106T061500Z-QE24M
ST-003086,L25-0501,2,16.3,process,2025-06-12,,20260106T061500Z-QE24M
ST-003087,L25-0508,27,232.85,process,2025-06-12,,20260106T061500Z-QE24M
ST-003088,L25-0511,1,5.14,process,2025-06-12,,20260106T061500Z-QE24M
ST-003089,L25-0513,3,15.48,process,2025-06-12,,20260106T061500Z-QE24M
ST-003090,L25-0518,3,13.23,setup,2025-06-12,,20260106T061500Z-QE24M
ST-003091,L25-0519,7,19.75,setup,2025-06-12,,20260106T061500Z-QE24M
ST-003092,L25-0520,2,7.69,setup,2025-06-12,,20260106T061500Z-QE24M
ST-003093,L25-0521,3,16.7,setup,2025-06-12,,20260106T061500Z-QE24M
ST-003094,L25-0522,7,14.33,setup,2025-06-12,,20260106T061500Z-QE24M
ST-003095,L25-0515,1,10.09,process,2025-06-13,,20260106T061500Z-QE24M
ST-003096,L25-0516,9,167.01,process,2025-06-13,,20260106T061500Z-QE24M
ST-003097,L25-0520,5,38.46,process,2025-06-13,,20260106T061500Z-QE24M
ST-003098,L25-0524,2,10.11,setup,2025-06-13,,20260106T061500Z-QE24M
ST-003099,L25-0525,8,99.18,setup,2025-06-13,,20260106T061500Z-QE24M
ST-003100,L25-0526,7,45.42,setup,2025-06-13,,20260106T061500Z-QE24M
ST-003101,L25-0527,5,17.74,setup,2025-06-13,,20260106T061500Z-QE24M
ST-003102,L25-0528,8,185.19,setup,2025-06-13,,20260106T061500Z-QE24M
ST-003103,L25-0518,31,273.42,process,2025-06-16,,20260106T061500Z-QE24M
ST-003104,L25-0522,3,12.28,process,2025-06-16,,20260106T061500Z-QE24M
ST-003105,L25-0526,3,38.93,process,2025-06-16,,20260106T061500Z-QE24M
ST-003106,L25-0527,4,28.39,process,2025-06-16,,20260106T061500Z-QE24M
ST-003107,L25-0529,8,143.84,setup,2025-06-16,,20260106T061500Z-QE24M
ST-003108,L25-0530,7,43.17,setup,2025-06-16,,20260106T061500Z-QE24M
ST-003109,L25-0531,3,38.44,setup,2025-06-16,,20260106T061500Z-QE24M
ST-003110,L25-0532,2,7.32,setup,2025-06-16,,20260106T061500Z-QE24M
ST-003111,L25-0533,2,20.02,setup,2025-06-16,,20260106T061500Z-QE24M
ST-003112,L25-0534,6,27.07,setup,2025-06-16,,20260106T061500Z-QE24M
ST-003113,L25-0495,15,261.14,process,2025-06-17,,20260106T061500Z-QE24M
ST-003114,L25-0504,2,31.77,process,2025-06-17,,20260106T061500Z-QE24M
ST-003115,L25-0519,4,22.57,process,2025-06-17,,20260106T061500Z-QE24M
ST-003116,L25-0528,10,462.98,process,2025-06-17,,20260106T061500Z-QE24M
ST-003117,L25-0530,18,222.01,process,2025-06-17,,20260106T061500Z-QE24M
ST-003118,L25-0535,6,83.16,setup,2025-06-17,,20260106T061500Z-QE24M
ST-003119,L25-0536,6,15.73,setup,2025-06-17,,20260106T061500Z-QE24M
ST-003120,L25-0537,8,104.89,setup,2025-06-17,,20260106T061500Z-QE24M
ST-003121,L25-0538,3,10.13,setup,2025-06-17,,20260106T061500Z-QE24M
ST-003122,L25-0539,3,11.28,setup,2025-06-17,,20260106T061500Z-QE24M
ST-003123,L25-0540,6,64.99,setup,2025-06-17,,20260106T061500Z-QE24M
ST-003124,L25-0541,2,26.84,setup,2025-06-17,,20260106T061500Z-QE24M
ST-003125,L25-0510,23,236.51,process,2025-06-18,,20260106T061500Z-QE24M
ST-003126,L25-0521,5,55.65,process,2025-06-18,,20260106T061500Z-QE24M
ST-003127,L25-0537,6,157.33,process,2025-06-18,,20260106T061500Z-QE24M
ST-003128,L25-0542,14,335.94,process,2025-06-18,,20260106T061500Z-QE24M
ST-003129,L25-0542,2,24.0,setup,2025-06-18,,20260106T061500Z-QE24M
ST-003130,L25-0543,2,39.23,setup,2025-06-18,,20260106T061500Z-QE24M
ST-003131,L25-0544,7,63.5,setup,2025-06-18,,20260106T061500Z-QE24M
ST-003132,L25-0545,3,45.63,setup,2025-06-18,,20260106T061500Z-QE24M
ST-003133,L25-0525,5,123.97,process,2025-06-19,,20260106T061500Z-QE24M
ST-003134,L25-0536,11,57.67,process,2025-06-19,,20260106T061500Z-QE24M
ST-003135,L25-0539,2,15.04,process,2025-06-19,,20260106T061500Z-QE24M
ST-003136,L25-0540,1,21.66,process,2025-06-19,,20260106T061500Z-QE24M
ST-003137,L25-0541,11,295.22,process,2025-06-19,,20260106T061500Z-QE24M
ST-003138,L25-0545,9,273.8,process,2025-06-19,,20260106T061500Z-QE24M
ST-003139,L25-0546,8,108.53,setup,2025-06-19,,20260106T061500Z-QE24M
ST-003140,L25-0547,2,8.67,setup,2025-06-19,,20260106T061500Z-QE24M
ST-003141,L25-0548,4,55.33,setup,2025-06-19,,20260106T061500Z-QE24M
ST-003142,L25-0549,3,39.9,setup,2025-06-19,,20260106T061500Z-QE24M
ST-003143,L25-0550,4,13.17,setup,2025-06-19,,20260106T061500Z-QE24M
ST-003144,L25-0551,4,21.85,setup,2025-06-19,,20260106T061500Z-QE24M
ST-003145,L25-0529,18,647.26,process,2025-06-20,,20260106T061500Z-QE24M
ST-003146,L25-0533,24,480.48,process,2025-06-20,,20260106T061500Z-QE24M
ST-003147,L25-0534,16,144.37,process,2025-06-20,,20260106T061500Z-QE24M
ST-003148,L25-0543,32,1255.3,process,2025-06-20,,20260106T061500Z-QE24M
ST-003149,L25-0548,2,55.33,process,2025-06-20,,20260106T061500Z-QE24M
ST-003150,L25-0549,1,26.6,process,2025-06-20,,20260106T061500Z-QE24M
ST-003151,L25-0544,82,1594.08,NCR,2025-06-23,NCR-25-0163,20260106T061500Z-QE24M
ST-003152,L25-0551,4,43.71,process,2025-06-23,,20260106T061500Z-QE24M
ST-003153,L25-0552,6,28.69,setup,2025-06-23,,20260106T061500Z-QE24M
ST-003154,L25-0553,7,44.91,setup,2025-06-23,,20260106T061500Z-QE24M
ST-003155,L25-0554,4,20.13,setup,2025-06-23,,20260106T061500Z-QE24M
ST-003156,L25-0555,3,10.9,setup,2025-06-23,,20260106T061500Z-QE24M
ST-003157,L25-0556,5,23.17,setup,2025-06-23,,20260106T061500Z-QE24M
ST-003158,L25-0557,5,67.58,setup,2025-06-23,,20260106T061500Z-QE24M
ST-003159,L25-0558,4,15.72,setup,2025-06-23,,20260106T061500Z-QE24M
ST-003160,L25-0550,38,250.31,process,2025-06-24,,20260106T061500Z-QE24M
ST-003161,L25-0552,17,162.55,process,2025-06-24,,20260106T061500Z-QE24M
ST-003162,L25-0559,4,64.11,setup,2025-06-24,,20260106T061500Z-QE24M
ST-003163,L25-0560,7,46.18,setup,2025-06-24,,20260106T061500Z-QE24M
ST-003164,L25-0561,3,11.71,setup,2025-06-24,,20260106T061500Z-QE24M
ST-003165,L25-0544,22,399.17,process,2025-06-25,,20260106T061500Z-QE24M
ST-003166,L25-0558,21,165.08,process,2025-06-25,,20260106T061500Z-QE24M
ST-003167,L25-0562,4,57.04,setup,2025-06-25,,20260106T061500Z-QE24M
ST-003168,L25-0563,8,46.34,setup,2025-06-25,,20260106T061500Z-QE24M
ST-003169,L25-0564,5,42.56,setup,2025-06-25,,20260106T061500Z-QE24M
ST-003170,L25-0556,4,37.07,process,2025-06-26,,20260106T061500Z-QE24M
ST-003171,L25-0562,5,142.59,process,2025-06-26,,20260106T061500Z-QE24M
ST-003172,L25-0565,5,56.47,setup,2025-06-26,,20260106T061500Z-QE24M
ST-003173,L25-0566,6,16.76,setup,2025-06-26,,20260106T061500Z-QE24M
ST-003174,L25-0567,4,11.86,setup,2025-06-26,,20260106T061500Z-QE24M
ST-003175,L25-0532,30,219.66,process,2025-06-27,,20260106T061500Z-QE24M
ST-003176,L25-0560,21,277.09,process,2025-06-27,,20260106T061500Z-QE24M
ST-003177,L25-0568,4,17.51,setup,2025-06-27,,20260106T061500Z-QE24M
ST-003178,L25-0569,1,3.97,setup,2025-06-27,,20260106T061500Z-QE24M
ST-003179,L25-0563,34,393.89,process,2025-06-30,,20260106T061500Z-QE24M
ST-003180,L25-0565,7,158.12,process,2025-06-30,,20260106T061500Z-QE24M
ST-003181,L25-0570,2,4.71,setup,2025-06-30,,20260106T061500Z-QE24M
ST-003182,L25-0571,5,27.4,setup,2025-06-30,,20260106T061500Z-QE24M
ST-003183,L25-0572,8,90.66,setup,2025-06-30,,20260106T061500Z-QE24M
ST-003184,L25-0573,8,27.52,setup,2025-06-30,,20260106T061500Z-QE24M
ST-003185,L25-0574,8,28.73,setup,2025-06-30,,20260106T061500Z-QE24M
ST-003186,L25-0575,5,36.52,setup,2025-06-30,,20260106T061500Z-QE24M
ST-003187,L25-0553,1,12.83,process,2025-07-01,,20260106T061500Z-QE24M
ST-003188,L25-0555,33,239.78,process,2025-07-01,,20260106T061500Z-QE24M
ST-003189,L25-0559,16,512.85,process,2025-07-01,,20260106T061500Z-QE24M
ST-003190,L25-0566,8,44.69,process,2025-07-01,,20260106T061500Z-QE24M
ST-003191,L25-0576,3,8.49,setup,2025-07-01,,20260106T061500Z-QE24M
ST-003192,L25-0577,5,11.86,setup,2025-07-01,,20260106T061500Z-QE24M
ST-003193,L25-0578,6,59.14,setup,2025-07-01,,20260106T061500Z-QE24M
ST-003194,L25-0579,4,15.39,setup,2025-07-01,,20260106T061500Z-QE24M
ST-003195,L25-0580,8,27.27,setup,2025-07-01,,20260106T061500Z-QE24M
ST-003196,L25-0581,4,67.96,setup,2025-07-01,,20260106T061500Z-QE24M
ST-003197,L25-0557,238,6893.67,NCR,2025-07-02,NCR-25-0168,20260106T061500Z-QE24M
ST-003198,L25-0574,34,244.19,process,2025-07-02,,20260106T061500Z-QE24M
ST-003199,L25-0576,23,130.25,process,2025-07-02,,20260106T061500Z-QE24M
ST-003200,L25-0579,10,76.93,process,2025-07-02,,20260106T061500Z-QE24M
ST-003201,L25-0580,9,61.36,process,2025-07-02,,20260106T061500Z-QE24M
ST-003202,L25-0581,3,101.93,process,2025-07-02,,20260106T061500Z-QE24M
ST-003203,L25-0582,3,14.65,setup,2025-07-02,,20260106T061500Z-QE24M
ST-003204,L25-0583,3,71.55,setup,2025-07-02,,20260106T061500Z-QE24M
ST-003205,L25-0584,6,19.24,setup,2025-07-02,,20260106T061500Z-QE24M
ST-003206,L25-0586,4,31.12,setup,2025-07-02,,20260106T061500Z-QE24M
ST-003207,L25-0587,7,101.7,setup,2025-07-02,,20260106T061500Z-QE24M
ST-003208,L25-0588,4,11.7,setup,2025-07-02,,20260106T061500Z-QE24M
ST-003209,L25-0564,29,493.7,process,2025-07-03,,20260106T061500Z-QE24M
ST-003210,L25-0568,3,26.27,process,2025-07-03,,20260106T061500Z-QE24M
ST-003211,L25-0584,8,51.3,process,2025-07-03,,20260106T061500Z-QE24M
ST-003212,L25-0589,8,93.8,setup,2025-07-03,,20260106T061500Z-QE24M
ST-003213,L25-0577,22,104.41,process,2025-07-07,,20260106T061500Z-QE24M
ST-003214,L25-0578,2,39.42,process,2025-07-07,,20260106T061500Z-QE24M
ST-003215,L25-0582,4,39.06,process,2025-07-07,,20260106T061500Z-QE24M
ST-003216,L25-0583,17,810.87,process,2025-07-07,,20260106T061500Z-QE24M
ST-003217,L25-0588,3,17.56,process,2025-07-07,,20260106T061500Z-QE24M
ST-003218,L25-0590,5,77.24,setup,2025-07-07,,20260106T061500Z-QE24M
ST-003219,L25-0591,4,13.36,setup,2025-07-07,,20260106T061500Z-QE24M
ST-003220,L25-0592,2,13.59,setup,2025-07-07,,20260106T061500Z-QE24M
ST-003221,L25-0593,2,23.92,setup,2025-07-07,,20260106T061500Z-QE24M
ST-003222,L25-0594,3,9.88,setup,2025-07-07,,20260106T061500Z-QE24M
ST-003223,L25-0595,2,23.91,process,2025-07-07,,20260106T061500Z-QE24M
ST-003224,L25-0595,2,11.96,setup,2025-07-07,,20260106T061500Z-QE24M
ST-003225,L25-0596,4,10.65,setup,2025-07-07,,20260106T061500Z-QE24M
ST-003226,L25-0597,2,24.94,setup,2025-07-07,,20260106T061500Z-QE24M
ST-003227,L25-0598,3,16.99,setup,2025-07-07,,20260106T061500Z-QE24M
ST-003228,L25-0599,2,9.41,setup,2025-07-07,,20260106T061500Z-QE24M
ST-003229,L25-0600,8,104.61,setup,2025-07-07,,20260106T061500Z-QE24M
ST-003230,L25-0586,4,62.24,process,2025-07-08,,20260106T061500Z-QE24M
ST-003231,L25-0587,15,435.85,process,2025-07-08,,20260106T061500Z-QE24M
ST-003232,L25-0593,6,143.51,process,2025-07-08,,20260106T061500Z-QE24M
ST-003233,L25-0597,10,249.41,process,2025-07-08,,20260106T061500Z-QE24M
ST-003234,L25-0599,12,112.98,process,2025-07-08,,20260106T061500Z-QE24M
ST-003235,L25-0601,3,8.57,setup,2025-07-08,,20260106T061500Z-QE24M
ST-003236,L25-0602,7,54.37,setup,2025-07-08,,20260106T061500Z-QE24M
ST-003237,L25-0603,5,17.78,setup,2025-07-08,,20260106T061500Z-QE24M
ST-003238,L25-0604,7,99.05,setup,2025-07-08,,20260106T061500Z-QE24M
ST-003239,L25-0605,3,11.88,setup,2025-07-08,,20260106T061500Z-QE24M
ST-003240,L25-0606,3,12.01,setup,2025-07-08,,20260106T061500Z-QE24M
ST-003241,L25-0607,5,40.51,setup,2025-07-08,,20260106T061500Z-QE24M
ST-003242,L25-0575,22,321.4,process,2025-07-09,,20260106T061500Z-QE24M
ST-003243,L25-0598,1,11.33,process,2025-07-09,,20260106T061500Z-QE24M
ST-003244,L25-0600,4,104.61,process,2025-07-09,,20260106T061500Z-QE24M
ST-003245,L25-0603,15,106.68,process,2025-07-09,,20260106T061500Z-QE24M
ST-003246,L25-0604,5,141.5,process,2025-07-09,,20260106T061500Z-QE24M
ST-003247,L25-0605,1,7.92,process,2025-07-09,,20260106T061500Z-QE24M
ST-003248,L25-0608,6,44.2,setup,2025-07-09,,20260106T061500Z-QE24M
ST-003249,L25-0609,2,10.25,setup,2025-07-09,,20260106T061500Z-QE24M
ST-003250,L25-0610,2,61.89,setup,2025-07-09,,20260106T061500Z-QE24M
ST-003251,L25-0611,7,26.02,setup,2025-07-09,,20260106T061500Z-QE24M
ST-003252,L25-0612,5,20.37,setup,2025-07-09,,20260106T061500Z-QE24M
ST-003253,L25-0573,14,96.33,process,2025-07-10,,20260106T061500Z-QE24M
ST-003254,L25-0594,20,131.74,process,2025-07-10,,20260106T061500Z-QE24M
ST-003255,L25-0606,14,112.11,process,2025-07-10,,20260106T061500Z-QE24M
ST-003256,L25-0608,12,176.82,process,2025-07-10,,20260106T061500Z-QE24M
ST-003257,L25-0611,22,163.55,process,2025-07-10,,20260106T061500Z-QE24M
ST-003258,L25-0613,10,66.43,process,2025-07-10,,20260106T061500Z-QE24M
ST-003259,L25-0613,3,9.96,setup,2025-07-10,,20260106T061500Z-QE24M
ST-003260,L25-0614,8,41.13,setup,2025-07-10,,20260106T061500Z-QE24M
ST-003261,L25-0615,6,62.01,setup,2025-07-10,,20260106T061500Z-QE24M
ST-003262,L25-0616,6,16.59,setup,2025-07-10,,20260106T061500Z-QE24M
ST-003263,L25-0617,8,71.65,setup,2025-07-10,,20260106T061500Z-QE24M
ST-003264,L25-0618,5,53.5,setup,2025-07-10,,20260106T061500Z-QE24M
ST-003265,L25-0619,6,74.72,setup,2025-07-10,,20260106T061500Z-QE24M
ST-003266,L25-0607,5,81.02,process,2025-07-11,,20260106T061500Z-QE24M
ST-003267,L25-0620,7,109.02,setup,2025-07-11,,20260106T061500Z-QE24M
ST-003268,L25-0621,6,27.15,setup,2025-07-11,,20260106T061500Z-QE24M
ST-003269,L25-0589,249,6256.12,NCR,2025-07-13,NCR-25-0177,20260106T061500Z-QE24M
ST-003270,L25-0601,17,97.1,process,2025-07-14,,20260106T061500Z-QE24M
ST-003271,L25-0602,3,46.6,process,2025-07-14,,20260106T061500Z-QE24M
ST-003272,L25-0615,3,62.01,process,2025-07-14,,20260106T061500Z-QE24M
ST-003273,L25-0616,3,16.59,process,2025-07-14,,20260106T061500Z-QE24M
ST-003274,L25-0617,5,89.56,process,2025-07-14,,20260106T061500Z-QE24M
ST-003275,L25-0620,2,62.3,process,2025-07-14,,20260106T061500Z-QE24M
ST-003276,L25-0621,23,208.17,process,2025-07-14,,20260106T061500Z-QE24M
ST-003277,L25-0622,2,19.93,setup,2025-07-14,,20260106T061500Z-QE24M
ST-003278,L25-0623,2,11.44,setup,2025-07-14,,20260106T061500Z-QE24M
ST-003279,L25-0624,7,67.42,setup,2025-07-14,,20260106T061500Z-QE24M
ST-003280,L25-0625,5,27.96,setup,2025-07-14,,20260106T061500Z-QE24M
ST-003281,L25-0626,2,34.5,setup,2025-07-14,,20260106T061500Z-QE24M
ST-003282,L25-0627,2,8.46,setup,2025-07-14,,20260106T061500Z-QE24M
ST-003283,L25-0628,7,58.65,setup,2025-07-14,,20260106T061500Z-QE24M
ST-003284,L25-0629,6,38.32,setup,2025-07-14,,20260106T061500Z-QE24M
ST-003285,L25-0630,4,29.09,setup,2025-07-14,,20260106T061500Z-QE24M
ST-003286,L25-0631,5,27.68,setup,2025-07-14,,20260106T061500Z-QE24M
ST-003287,L25-0632,6,62.77,setup,2025-07-14,,20260106T061500Z-QE24M
ST-003288,L25-0633,7,99.1,setup,2025-07-14,,20260106T061500Z-QE24M
ST-003289,L25-0634,5,97.18,setup,2025-07-14,,20260106T061500Z-QE24M
ST-003290,L25-0635,2,19.62,setup,2025-07-14,,20260106T061500Z-QE24M
ST-003291,L25-0591,4,26.71,process,2025-07-15,,20260106T061500Z-QE24M
ST-003292,L25-0614,48,493.58,process,2025-07-15,,20260106T061500Z-QE24M
ST-003293,L25-0622,3,59.79,process,2025-07-15,,20260106T061500Z-QE24M
ST-003294,L25-0633,11,311.47,process,2025-07-15,,20260106T061500Z-QE24M
ST-003295,L25-0636,4,15.39,setup,2025-07-15,,20260106T061500Z-QE24M
ST-003296,L25-0638,2,8.62,setup,2025-07-15,,20260106T061500Z-QE24M
ST-003297,L25-0623,36,412.02,process,2025-07-16,,20260106T061500Z-QE24M
ST-003298,L25-0632,45,941.53,process,2025-07-16,,20260106T061500Z-QE24M
ST-003299,L25-0635,1,19.62,process,2025-07-16,,20260106T061500Z-QE24M
ST-003300,L25-0636,9,69.24,process,2025-07-16,,20260106T061500Z-QE24M
ST-003301,L25-0639,2,11.91,setup,2025-07-16,,20260106T061500Z-QE24M
ST-003302,L25-0640,6,32.26,setup,2025-07-16,,20260106T061500Z-QE24M
ST-003303,L25-0641,4,19.08,setup,2025-07-16,,20260106T061500Z-QE24M
ST-003304,L25-0629,5,63.87,process,2025-07-17,,20260106T061500Z-QE24M
ST-003305,L25-0642,8,124.94,setup,2025-07-17,,20260106T061500Z-QE24M
ST-003306,L25-0643,3,19.91,setup,2025-07-17,,20260106T061500Z-QE24M
ST-003307,L25-0644,5,21.66,setup,2025-07-17,,20260106T061500Z-QE24M
ST-003308,L25-0640,9,96.77,process,2025-07-18,,20260106T061500Z-QE24M
ST-003309,L25-0642,4,124.94,process,2025-07-18,,20260106T061500Z-QE24M
ST-003310,L25-0644,3,26.0,process,2025-07-18,,20260106T061500Z-QE24M
ST-003311,L25-0645,4,24.14,setup,2025-07-18,,20260106T061500Z-QE24M
ST-003312,L25-0646,8,53.84,setup,2025-07-18,,20260106T061500Z-QE24M
ST-003313,L25-0647,4,60.35,setup,2025-07-18,,20260106T061500Z-QE24M
ST-003314,L25-0630,84,1221.86,process,2025-07-21,,20260106T061500Z-QE24M
ST-003315,L25-0634,61,2371.13,process,2025-07-21,,20260106T061500Z-QE24M
ST-003316,L25-0638,53,457.07,process,2025-07-21,,20260106T061500Z-QE24M
ST-003317,L25-0639,7,83.35,process,2025-07-21,,20260106T061500Z-QE24M
ST-003318,L25-0643,4,53.09,process,2025-07-21,,20260106T061500Z-QE24M
ST-003319,L25-0648,2,8.85,setup,2025-07-21,,20260106T061500Z-QE24M
ST-003320,L25-0649,7,76.64,setup,2025-07-21,,20260106T061500Z-QE24M
ST-003321,L25-0650,5,61.42,setup,2025-07-21,,20260106T061500Z-QE24M
ST-003322,L25-0651,7,39.86,setup,2025-07-21,,20260106T061500Z-QE24M
ST-003323,L25-0652,4,26.22,setup,2025-07-21,,20260106T061500Z-QE24M
ST-003324,L25-0653,7,24.01,setup,2025-07-21,,20260106T061500Z-QE24M
ST-003325,L25-0654,2,8.53,setup,2025-07-21,,20260106T061500Z-QE24M
ST-003326,L25-0655,5,12.62,setup,2025-07-21,,20260106T061500Z-QE24M
ST-003327,L25-0656,3,10.9,setup,2025-07-21,,20260106T061500Z-QE24M
ST-003328,L25-0657,3,10.2,setup,2025-07-21,,20260106T061500Z-QE24M
ST-003329,L25-0658,5,30.22,setup,2025-07-21,,20260106T061500Z-QE24M
ST-003330,L25-0659,3,6.81,setup,2025-07-21,,20260106T061500Z-QE24M
ST-003331,L25-0612,77,627.4,process,2025-07-22,,20260106T061500Z-QE24M
ST-003332,L25-0647,4,120.71,process,2025-07-22,,20260106T061500Z-QE24M
ST-003333,L25-0651,1,11.39,process,2025-07-22,,20260106T061500Z-QE24M
ST-003334,L25-0660,7,42.02,setup,2025-07-22,,20260106T061500Z-QE24M
ST-003335,L25-0661,2,8.81,setup,2025-07-22,,20260106T061500Z-QE24M
ST-003336,L25-0638,179,1653.96,NCR,2025-07-23,NCR-25-0188,20260106T061500Z-QE24M
ST-003337,L25-0646,291,4196.95,NCR,2025-07-23,NCR-25-0191,20260106T061500Z-QE24M
ST-003338,L25-0646,7,94.23,process,2025-07-23,,20260106T061500Z-QE24M
ST-003339,L25-0649,5,109.48,process,2025-07-23,,20260106T061500Z-QE24M
ST-003340,L25-0653,5,34.3,process,2025-07-23,,20260106T061500Z-QE24M
ST-003341,L25-0657,6,40.78,process,2025-07-23,,20260106T061500Z-QE24M
ST-003342,L25-0659,17,77.23,process,2025-07-23,,20260106T061500Z-QE24M
ST-003343,L25-0660,8,96.04,process,2025-07-23,,20260106T061500Z-QE24M
ST-003344,L25-0662,2,9.11,setup,2025-07-23,,20260106T061500Z-QE24M
ST-003345,L25-0663,5,58.66,setup,2025-07-23,,20260106T061500Z-QE24M
ST-003346,L25-0664,4,25.13,setup,2025-07-23,,20260106T061500Z-QE24M
ST-003347,L25-0650,15,368.55,process,2025-07-24,,20260106T061500Z-QE24M
ST-003348,L25-0652,7,91.78,process,2025-07-24,,20260106T061500Z-QE24M
ST-003349,L25-0654,8,68.26,process,2025-07-24,,20260106T061500Z-QE24M
ST-003350,L25-0665,2,70.81,process,2025-07-24,,20260106T061500Z-QE24M
ST-003351,L25-0665,5,88.51,setup,2025-07-24,,20260106T061500Z-QE24M
ST-003352,L25-0666,7,18.52,setup,2025-07-24,,20260106T061500Z-QE24M
ST-003353,L25-0667,5,40.56,setup,2025-07-24,,20260106T061500Z-QE24M
ST-003354,L25-0668,3,27.84,setup,2025-07-24,,20260106T061500Z-QE24M
ST-003355,L25-0603,13,125.48,NCR,2025-07-25,NCR-25-0194,20260106T061500Z-QE24M
ST-003356,L25-0625,45,503.37,process,2025-07-25,,20260106T061500Z-QE24M
ST-003357,L25-0640,82,944.64,NCR,2025-07-25,NCR-25-0187,20260106T061500Z-QE24M
ST-003358,L25-0656,3,21.8,process,2025-07-25,,20260106T061500Z-QE24M
ST-003359,L25-0662,1,9.11,process,2025-07-25,,20260106T061500Z-QE24M
ST-003360,L25-0669,3,12.13,setup,2025-07-25,,20260106T061500Z-QE24M
ST-003361,L25-0670,5,67.72,setup,2025-07-25,,20260106T061500Z-QE24M
ST-003362,L25-0671,2,15.04,setup,2025-07-25,,20260106T061500Z-QE24M
ST-003363,L25-0661,13,114.57,process,2025-07-28,,20260106T061500Z-QE24M
ST-003364,L25-0666,1,5.29,process,2025-07-28,,20260106T061500Z-QE24M
ST-003365,L25-0668,13,241.24,process,2025-07-28,,20260106T061500Z-QE24M
ST-003366,L25-0672,5,16.31,setup,2025-07-28,,20260106T061500Z-QE24M
ST-003367,L25-0673,8,101.72,setup,2025-07-28,,20260106T061500Z-QE24M
ST-003368,L25-0674,6,33.58,setup,2025-07-28,,20260106T061500Z-QE24M
ST-003369,L25-0675,2,24.38,setup,2025-07-28,,20260106T061500Z-QE24M
ST-003370,L25-0676,4,37.03,setup,2025-07-28,,20260106T061500Z-QE24M
ST-003371,L25-0677,2,25.19,setup,2025-07-28,,20260106T061500Z-QE24M
ST-003372,L25-0678,1,5.88,setup,2025-07-28,,20260106T061500Z-QE24M
ST-003373,L25-0679,2,11.63,setup,2025-07-28,,20260106T061500Z-QE24M
ST-003374,L25-0680,5,8.89,setup,2025-07-28,,20260106T061500Z-QE24M
ST-003375,L25-0628,15,251.37,process,2025-07-29,,20260106T061500Z-QE24M
ST-003376,L25-0673,9,228.88,process,2025-07-29,,20260106T061500Z-QE24M
ST-003377,L25-0674,4,44.77,process,2025-07-29,,20260106T061500Z-QE24M
ST-003378,L25-0676,6,111.09,process,2025-07-29,,20260106T061500Z-QE24M
ST-003379,L25-0679,9,104.71,process,2025-07-29,,20260106T061500Z-QE24M
ST-003380,L25-0681,2,24.98,setup,2025-07-29,,20260106T061500Z-QE24M
ST-003381,L25-0682,7,20.7,setup,2025-07-29,,20260106T061500Z-QE24M
ST-003382,L25-0683,6,174.59,setup,2025-07-29,,20260106T061500Z-QE24M
ST-003383,L25-0684,4,70.31,setup,2025-07-29,,20260106T061500Z-QE24M
ST-003384,L25-0685,2,15.3,setup,2025-07-29,,20260106T061500Z-QE24M
ST-003385,L25-0686,8,49.14,setup,2025-07-29,,20260106T061500Z-QE24M
ST-003386,L25-0687,8,30.77,setup,2025-07-29,,20260106T061500Z-QE24M
ST-003387,L25-0688,6,19.32,setup,2025-07-29,,20260106T061500Z-QE24M
ST-003388,L25-0689,3,12.94,setup,2025-07-29,,20260106T061500Z-QE24M
ST-003389,L25-0624,186,3583.1,process,2025-07-30,,20260106T061500Z-QE24M
ST-003390,L25-0669,10,80.85,process,2025-07-30,,20260106T061500Z-QE24M
ST-003391,L25-0677,15,377.79,process,2025-07-30,,20260106T061500Z-QE24M
ST-003392,L25-0681,19,474.54,process,2025-07-30,,20260106T061500Z-QE24M
ST-003393,L25-0690,6,21.44,setup,2025-07-30,,20260106T061500Z-QE24M
ST-003394,L25-0691,3,34.71,setup,2025-07-30,,20260106T061500Z-QE24M
ST-003395,L25-0670,9,243.81,process,2025-07-31,,20260106T061500Z-QE24M
ST-003396,L25-0683,4,232.79,process,2025-07-31,,20260106T061500Z-QE24M
ST-003397,L25-0685,3,45.91,process,2025-07-31,,20260106T061500Z-QE24M
ST-003398,L25-0687,1,7.69,process,2025-07-31,,20260106T061500Z-QE24M
ST-003399,L25-0688,2,12.88,process,2025-07-31,,20260106T061500Z-QE24M
ST-003400,L25-0692,3,34.39,setup,2025-07-31,,20260106T061500Z-QE24M
ST-003401,L25-0693,6,71.25,setup,2025-07-31,,20260106T061500Z-QE24M
ST-003402,L25-0694,4,9.93,setup,2025-07-31,,20260106T061500Z-QE24M
ST-003403,L25-0695,3,17.46,setup,2025-07-31,,20260106T061500Z-QE24M
ST-003404,L25-0696,3,42.57,setup,2025-07-31,,20260106T061500Z-QE24M
ST-003405,L25-0697,5,37.66,setup,2025-07-31,,20260106T061500Z-QE24M
ST-003406,L25-0698,2,11.24,setup,2025-07-31,,20260106T061500Z-QE24M
ST-003407,L25-0699,2,26.12,setup,2025-07-31,,20260106T061500Z-QE24M
ST-003408,L25-0667,9,146.03,process,2025-08-01,,20260106T061500Z-QE24M
ST-003409,L25-0684,12,421.85,process,2025-08-01,,20260106T061500Z-QE24M
ST-003410,L25-0693,14,332.51,process,2025-08-01,,20260106T061500Z-QE24M
ST-003411,L25-0700,3,114.87,setup,2025-08-01,,20260106T061500Z-QE24M
ST-003412,L25-0702,8,70.45,setup,2025-08-01,,20260106T061500Z-QE24M
ST-003413,L25-0703,2,4.05,setup,2025-08-01,,20260106T061500Z-QE24M
ST-003414,L25-0704,3,21.52,setup,2025-08-01,,20260106T061500Z-QE24M
ST-003415,L25-0628,284,5099.22,NCR,2025-08-02,NCR-25-0195,20260106T061500Z-QE24M
ST-003416,L25-0689,22,189.73,process,2025-08-04,,20260106T061500Z-QE24M
ST-003417,L25-0690,5,35.74,process,2025-08-04,,20260106T061500Z-QE24M
ST-003418,L25-0692,7,160.48,process,2025-08-04,,20260106T061500Z-QE24M
ST-003419,L25-0699,28,731.47,process,2025-08-04,,20260106T061500Z-QE24M
ST-003420,L25-0705,3,27.06,setup,2025-08-04,,20260106T061500Z-QE24M
ST-003421,L25-0706,2,31.58,setup,2025-08-04,,20260106T061500Z-QE24M
ST-003422,L25-0707,8,109.45,setup,2025-08-04,,20260106T061500Z-QE24M
ST-003423,L25-0708,4,15.23,setup,2025-08-04,,20260106T061500Z-QE24M
ST-003424,L25-0709,3,19.02,setup,2025-08-04,,20260106T061500Z-QE24M
ST-003425,L25-0710,5,17.22,setup,2025-08-04,,20260106T061500Z-QE24M
ST-003426,L25-0711,4,31.26,setup,2025-08-04,,20260106T061500Z-QE24M
ST-003427,L25-0712,4,28.0,setup,2025-08-04,,20260106T061500Z-QE24M
ST-003428,L25-0713,8,110.66,setup,2025-08-04,,20260106T061500Z-QE24M
ST-003429,L25-0714,7,97.36,setup,2025-08-04,,20260106T061500Z-QE24M
ST-003430,L25-0715,7,106.82,setup,2025-08-04,,20260106T061500Z-QE24M
ST-003431,L25-0716,3,66.63,setup,2025-08-04,,20260106T061500Z-QE24M
ST-003432,L25-0717,4,68.81,setup,2025-08-04,,20260106T061500Z-QE24M
ST-003433,L25-0718,4,17.23,setup,2025-08-04,,20260106T061500Z-QE24M
ST-003434,L25-0719,6,79.8,setup,2025-08-04,,20260106T061500Z-QE24M
ST-003435,L25-0720,2,22.41,setup,2025-08-04,,20260106T061500Z-QE24M
ST-003436,L25-0696,6,170.27,process,2025-08-05,,20260106T061500Z-QE24M
ST-003437,L25-0703,12,48.55,process,2025-08-05,,20260106T061500Z-QE24M
ST-003438,L25-0707,2,54.73,process,2025-08-05,,20260106T061500Z-QE24M
ST-003439,L25-0713,2,55.33,process,2025-08-05,,20260106T061500Z-QE24M
ST-003440,L25-0716,6,266.53,process,2025-08-05,,20260106T061500Z-QE24M
ST-003441,L25-0721,3,7.99,setup,2025-08-05,,20260106T061500Z-QE24M
ST-003442,L25-0722,5,37.4,setup,2025-08-05,,20260106T061500Z-QE24M
ST-003443,L25-0723,3,10.13,setup,2025-08-05,,20260106T061500Z-QE24M
ST-003444,L25-0724,3,36.27,setup,2025-08-05,,20260106T061500Z-QE24M
ST-003445,L25-0725,2,26.5,setup,2025-08-05,,20260106T061500Z-QE24M
ST-003446,L25-0691,9,208.28,process,2025-08-06,,20260106T061500Z-QE24M
ST-003447,L25-0710,5,34.44,process,2025-08-06,,20260106T061500Z-QE24M
ST-003448,L25-0726,1,10.23,setup,2025-08-06,,20260106T061500Z-QE24M
ST-003449,L25-0727,1,5.5,setup,2025-08-06,,20260106T061500Z-QE24M
ST-003450,L25-0728,6,70.81,setup,2025-08-06,,20260106T061500Z-QE24M
ST-003451,L25-0729,6,37.55,setup,2025-08-06,,20260106T061500Z-QE24M
ST-003452,L25-0730,8,14.98,setup,2025-08-06,,20260106T061500Z-QE24M
ST-003453,L25-0731,8,117.38,setup,2025-08-06,,20260106T061500Z-QE24M
ST-003454,L25-0711,9,140.68,process,2025-08-07,,20260106T061500Z-QE24M
ST-003455,L25-0712,84,1176.0,process,2025-08-07,,20260106T061500Z-QE24M
ST-003456,L25-0714,8,222.54,process,2025-08-07,,20260106T061500Z-QE24M
ST-003457,L25-0717,55,1892.28,process,2025-08-07,,20260106T061500Z-QE24M
ST-003458,L25-0725,6,159.01,process,2025-08-07,,20260106T061500Z-QE24M
ST-003459,L25-0732,5,22.77,setup,2025-08-07,,20260106T061500Z-QE24M
ST-003460,L25-0733,5,73.17,setup,2025-08-07,,20260106T061500Z-QE24M
ST-003461,L25-0734,3,45.95,setup,2025-08-07,,20260106T061500Z-QE24M
ST-003462,L25-0735,5,12.44,setup,2025-08-07,,20260106T061500Z-QE24M
ST-003463,L25-0721,6,31.96,process,2025-08-08,,20260106T061500Z-QE24M
ST-003464,L25-0724,3,72.53,process,2025-08-08,,20260106T061500Z-QE24M
ST-003465,L25-0729,13,162.71,process,2025-08-08,,20260106T061500Z-QE24M
ST-003466,L25-0731,2,58.69,process,2025-08-08,,20260106T061500Z-QE24M
ST-003467,L25-0736,3,36.64,setup,2025-08-08,,20260106T061500Z-QE24M
ST-003468,L25-0737,7,42.58,setup,2025-08-08,,20260106T061500Z-QE24M
ST-003469,L25-0738,5,18.15,setup,2025-08-08,,20260106T061500Z-QE24M
ST-003470,L25-0739,7,86.78,setup,2025-08-08,,20260106T061500Z-QE24M
ST-003471,L25-0730,20,74.9,process,2025-08-11,,20260106T061500Z-QE24M
ST-003472,L25-0735,3,14.93,process,2025-08-11,,20260106T061500Z-QE24M
ST-003473,L25-0736,9,219.87,process,2025-08-11,,20260106T061500Z-QE24M
ST-003474,L25-0738,27,195.99,process,2025-08-11,,20260106T061500Z-QE24M
ST-003475,L25-0740,2,6.68,setup,2025-08-11,,20260106T061500Z-QE24M
ST-003476,L25-0741,5,71.66,setup,2025-08-11,,20260106T061500Z-QE24M
ST-003477,L25-0742,4,10.28,setup,2025-08-11,,20260106T061500Z-QE24M
ST-003478,L25-0743,4,10.01,setup,2025-08-11,,20260106T061500Z-QE24M
ST-003479,L25-0744,7,29.42,setup,2025-08-11,,20260106T061500Z-QE24M
ST-003480,L25-0745,8,47.35,setup,2025-08-11,,20260106T061500Z-QE24M
ST-003481,L25-0746,2,6.64,setup,2025-08-11,,20260106T061500Z-QE24M
ST-003482,L25-0747,3,14.56,setup,2025-08-11,,20260106T061500Z-QE24M
ST-003483,L25-0748,4,13.36,setup,2025-08-11,,20260106T061500Z-QE24M
ST-003484,L25-0737,35,425.81,process,2025-08-12,,20260106T061500Z-QE24M
ST-003485,L25-0749,6,24.55,setup,2025-08-12,,20260106T061500Z-QE24M
ST-003486,L25-0750,4,8.15,setup,2025-08-12,,20260106T061500Z-QE24M
ST-003487,L25-0751,5,19.23,setup,2025-08-12,,20260106T061500Z-QE24M
ST-003488,L25-0700,39,2986.62,process,2025-08-13,,20260106T061500Z-QE24M
ST-003489,L25-0715,2,61.04,process,2025-08-13,,20260106T061500Z-QE24M
ST-003490,L25-0733,15,439.01,process,2025-08-13,,20260106T061500Z-QE24M
ST-003491,L25-0734,12,367.58,process,2025-08-13,,20260106T061500Z-QE24M
ST-003492,L25-0743,6,30.03,process,2025-08-13,,20260106T061500Z-QE24M
ST-003493,L25-0745,19,224.9,process,2025-08-13,,20260106T061500Z-QE24M
ST-003494,L25-0747,15,145.64,process,2025-08-13,,20260106T061500Z-QE24M
ST-003495,L25-0752,2,8.09,setup,2025-08-13,,20260106T061500Z-QE24M
ST-003496,L25-0753,5,25.71,setup,2025-08-13,,20260106T061500Z-QE24M
ST-003497,L25-0754,2,15.56,setup,2025-08-13,,20260106T061500Z-QE24M
ST-003498,L25-0755,3,14.25,setup,2025-08-13,,20260106T061500Z-QE24M
ST-003499,L25-0756,2,25.22,setup,2025-08-13,,20260106T061500Z-QE24M
ST-003500,L25-0757,4,16.02,setup,2025-08-13,,20260106T061500Z-QE24M
ST-003501,L25-0739,2,49.59,process,2025-08-14,,20260106T061500Z-QE24M
ST-003502,L25-0742,23,118.17,process,2025-08-14,,20260106T061500Z-QE24M
ST-003503,L25-0744,101,849.11,process,2025-08-14,,20260106T061500Z-QE24M
ST-003504,L25-0749,4,32.73,process,2025-08-14,,20260106T061500Z-QE24M
ST-003505,L25-0753,1,10.28,process,2025-08-14,,20260106T061500Z-QE24M
ST-003506,L25-0758,2,22.67,setup,2025-08-14,,20260106T061500Z-QE24M
ST-003507,L25-0759,7,64.66,setup,2025-08-14,,20260106T061500Z-QE24M
ST-003508,L25-0760,4,35.83,setup,2025-08-14,,20260106T061500Z-QE24M
ST-003509,L25-0761,2,43.55,setup,2025-08-14,,20260106T061500Z-QE24M
ST-003510,L25-0762,3,31.45,setup,2025-08-14,,20260106T061500Z-QE24M
ST-003511,L25-0763,8,52.44,setup,2025-08-14,,20260106T061500Z-QE24M
ST-003512,L25-0718,9,77.55,process,2025-08-15,,20260106T061500Z-QE24M
ST-003513,L25-0754,7,108.93,process,2025-08-15,,20260106T061500Z-QE24M
ST-003514,L25-0755,1,9.5,process,2025-08-15,,20260106T061500Z-QE24M
ST-003515,L25-0756,7,176.55,process,2025-08-15,,20260106T061500Z-QE24M
ST-003516,L25-0757,7,56.06,process,2025-08-15,,20260106T061500Z-QE24M
ST-003517,L25-0758,4,90.66,process,2025-08-15,,20260106T061500Z-QE24M
ST-003518,L25-0760,7,125.39,process,2025-08-15,,20260106T061500Z-QE24M
ST-003519,L25-0761,14,609.76,process,2025-08-15,,20260106T061500Z-QE24M
ST-003520,L25-0764,3,25.64,setup,2025-08-15,,20260106T061500Z-QE24M
ST-003521,L25-0765,3,34.4,setup,2025-08-15,,20260106T061500Z-QE24M
ST-003522,L25-0766,4,49.81,setup,2025-08-15,,20260106T061500Z-QE24M
ST-003523,L25-0767,4,17.09,setup,2025-08-15,,20260106T061500Z-QE24M
ST-003524,L25-0692,65,2022.31,NCR,2025-08-18,NCR-25-0217,20260106T061500Z-QE24M
ST-003525,L25-0752,14,113.19,process,2025-08-18,,20260106T061500Z-QE24M
ST-003526,L25-0766,1,24.91,process,2025-08-18,,20260106T061500Z-QE24M
ST-003527,L25-0768,8,29.37,setup,2025-08-18,,20260106T061500Z-QE24M
ST-003528,L25-0769,4,12.26,setup,2025-08-18,,20260106T061500Z-QE24M
ST-003529,L25-0770,2,6.99,setup,2025-08-18,,20260106T061500Z-QE24M
ST-003530,L25-0771,3,16.08,setup,2025-08-18,,20260106T061500Z-QE24M
ST-003531,L25-0772,8,44.63,setup,2025-08-18,,20260106T061500Z-QE24M
ST-003532,L25-0773,2,8.76,setup,2025-08-18,,20260106T061500Z-QE24M
ST-003533,L25-0775,5,71.59,setup,2025-08-18,,20260106T061500Z-QE24M
ST-003534,L25-0728,12,283.25,process,2025-08-19,,20260106T061500Z-QE24M
ST-003535,L25-0746,26,185.06,NCR,2025-08-19,NCR-25-0214,20260106T061500Z-QE24M
ST-003536,L25-0748,11,73.46,process,2025-08-19,,20260106T061500Z-QE24M
ST-003537,L25-0759,1,18.47,process,2025-08-19,,20260106T061500Z-QE24M
ST-003538,L25-0763,4,52.44,process,2025-08-19,,20260106T061500Z-QE24M
ST-003539,L25-0765,12,275.18,process,2025-08-19,,20260106T061500Z-QE24M
ST-003540,L25-0767,1,8.55,process,2025-08-19,,20260106T061500Z-QE24M
ST-003541,L25-0768,3,22.03,process,2025-08-19,,20260106T061500Z-QE24M
ST-003542,L25-0770,7,48.9,process,2025-08-19,,20260106T061500Z-QE24M
ST-003543,L25-0771,9,96.45,process,2025-08-19,,20260106T061500Z-QE24M
ST-003544,L25-0776,4,13.17,setup,2025-08-19,,20260106T061500Z-QE24M
ST-003545,L25-0777,5,20.12,setup,2025-08-19,,20260106T061500Z-QE24M
ST-003546,L25-0778,5,27.88,setup,2025-08-19,,20260106T061500Z-QE24M
ST-003547,L25-0779,5,14.1,setup,2025-08-19,,20260106T061500Z-QE24M
ST-003548,L25-0780,7,58.65,setup,2025-08-19,,20260106T061500Z-QE24M
ST-003549,L25-0775,14,400.92,process,2025-08-20,,20260106T061500Z-QE24M
ST-003550,L25-0781,6,57.79,setup,2025-08-20,,20260106T061500Z-QE24M
ST-003551,L25-0743,286,1533.68,NCR,2025-08-21,NCR-25-0218,20260106T061500Z-QE24M
ST-003552,L25-0782,2,55.59,setup,2025-08-21,,20260106T061500Z-QE24M
ST-003553,L25-0783,4,62.66,setup,2025-08-21,,20260106T061500Z-QE24M
ST-003554,L25-0784,2,23.06,setup,2025-08-21,,20260106T061500Z-QE24M
ST-003555,L25-0773,16,140.11,process,2025-08-22,,20260106T061500Z-QE24M
ST-003556,L25-0776,68,447.92,process,2025-08-22,,20260106T061500Z-QE24M
ST-003557,L25-0778,6,66.91,process,2025-08-22,,20260106T061500Z-QE24M
ST-003558,L25-0779,5,28.21,process,2025-08-22,,20260106T061500Z-QE24M
ST-003559,L25-0785,8,38.25,setup,2025-08-22,,20260106T061500Z-QE24M
ST-003560,L25-0786,5,19.23,setup,2025-08-22,,20260106T061500Z-QE24M
ST-003561,L25-0787,3,35.2,setup,2025-08-22,,20260106T061500Z-QE24M
ST-003562,L25-0788,3,27.27,setup,2025-08-22,,20260106T061500Z-QE24M
ST-003563,L25-0762,3,62.89,process,2025-08-25,,20260106T061500Z-QE24M
ST-003564,L25-0772,15,167.37,process,2025-08-25,,20260106T061500Z-QE24M
ST-003565,L25-0785,22,210.36,process,2025-08-25,,20260106T061500Z-QE24M
ST-003566,L25-0786,11,84.62,process,2025-08-25,,20260106T061500Z-QE24M
ST-003567,L25-0788,1,18.18,process,2025-08-25,,20260106T061500Z-QE24M
ST-003568,L25-0789,3,54.27,setup,2025-08-25,,20260106T061500Z-QE24M
ST-003569,L25-0790,4,53.55,setup,2025-08-25,,20260106T061500Z-QE24M
ST-003570,L25-0791,7,91.12,setup,2025-08-25,,20260106T061500Z-QE24M
ST-003571,L25-0792,5,46.39,setup,2025-08-25,,20260106T061500Z-QE24M
ST-003572,L25-0793,8,44.77,setup,2025-08-25,,20260106T061500Z-QE24M
ST-003573,L25-0794,7,17.35,setup,2025-08-25,,20260106T061500Z-QE24M
ST-003574,L25-0795,2,5.66,setup,2025-08-25,,20260106T061500Z-QE24M
ST-003575,L25-0796,3,20.7,setup,2025-08-25,,20260106T061500Z-QE24M
ST-003576,L25-0797,3,13.6,setup,2025-08-25,,20260106T061500Z-QE24M
ST-003577,L25-0784,57,1314.7,process,2025-08-26,,20260106T061500Z-QE24M
ST-003578,L25-0787,3,70.39,process,2025-08-26,,20260106T061500Z-QE24M
ST-003579,L25-0791,12,312.4,process,2025-08-26,,20260106T061500Z-QE24M
ST-003580,L25-0793,1,11.19,process,2025-08-26,,20260106T061500Z-QE24M
ST-003581,L25-0795,39,220.86,process,2025-08-26,,20260106T061500Z-QE24M
ST-003582,L25-0798,5,13.97,setup,2025-08-26,,20260106T061500Z-QE24M
ST-003583,L25-0799,7,31.58,setup,2025-08-26,,20260106T061500Z-QE24M
ST-003584,L25-0800,3,29.29,setup,2025-08-26,,20260106T061500Z-QE24M
ST-003585,L25-0764,2,34.19,process,2025-08-27,,20260106T061500Z-QE24M
ST-003586,L25-0792,17,315.47,process,2025-08-27,,20260106T061500Z-QE24M
ST-003587,L25-0802,7,25.14,setup,2025-08-27,,20260106T061500Z-QE24M
ST-003588,L25-0803,7,103.17,setup,2025-08-27,,20260106T061500Z-QE24M
ST-003589,L25-0804,3,33.57,setup,2025-08-27,,20260106T061500Z-QE24M
ST-003590,L25-0805,5,39.02,setup,2025-08-27,,20260106T061500Z-QE24M
ST-003591,L25-0806,3,50.19,setup,2025-08-27,,20260106T061500Z-QE24M
ST-003592,L25-0807,5,30.41,setup,2025-08-27,,20260106T061500Z-QE24M
ST-003593,L25-0808,7,27.93,setup,2025-08-27,,20260106T061500Z-QE24M
ST-003594,L25-0798,1,5.59,process,2025-08-28,,20260106T061500Z-QE24M
ST-003595,L25-0802,16,114.91,process,2025-08-28,,20260106T061500Z-QE24M
ST-003596,L25-0805,8,124.88,process,2025-08-28,,20260106T061500Z-QE24M
ST-003597,L25-0806,3,100.38,process,2025-08-28,,20260106T061500Z-QE24M
ST-003598,L25-0807,3,36.5,process,2025-08-28,,20260106T061500Z-QE24M
ST-003599,L25-0809,3,13.78,setup,2025-08-28,,20260106T061500Z-QE24M
ST-003600,L25-0810,4,5.87,setup,2025-08-28,,20260106T061500Z-QE24M
ST-003601,L25-0811,7,50.91,setup,2025-08-28,,20260106T061500Z-QE24M
ST-003602,L25-0812,3,29.74,setup,2025-08-28,,20260106T061500Z-QE24M
ST-003603,L25-0813,5,19.79,setup,2025-08-28,,20260106T061500Z-QE24M
ST-003604,L25-0777,63,507.15,process,2025-08-29,,20260106T061500Z-QE24M
ST-003605,L25-0797,16,145.04,process,2025-08-29,,20260106T061500Z-QE24M
ST-003606,L25-0813,4,31.67,process,2025-08-29,,20260106T061500Z-QE24M
ST-003607,L25-0814,2,10.37,setup,2025-08-29,,20260106T061500Z-QE24M
ST-003608,L25-0815,3,44.44,setup,2025-08-29,,20260106T061500Z-QE24M
ST-003609,L25-0816,2,7.04,setup,2025-08-29,,20260106T061500Z-QE24M
ST-003610,L25-0817,6,19.76,setup,2025-08-29,,20260106T061500Z-QE24M
ST-003611,L25-0772,257,3072.44,NCR,2025-08-30,NCR-25-0226,20260106T061500Z-QE24M
ST-003612,L25-0800,4,78.12,process,2025-09-01,,20260106T061500Z-QE24M
ST-003613,L25-0808,1,7.98,process,2025-09-01,,20260106T061500Z-QE24M
ST-003614,L25-0809,14,128.58,process,2025-09-01,,20260106T061500Z-QE24M
ST-003615,L25-0810,4,11.73,process,2025-09-01,,20260106T061500Z-QE24M
ST-003616,L25-0815,5,148.12,process,2025-09-01,,20260106T061500Z-QE24M
ST-003617,L25-0818,18,206.64,process,2025-09-01,,20260106T061500Z-QE24M
ST-003618,L25-0818,6,34.44,setup,2025-09-01,,20260106T061500Z-QE24M
ST-003619,L25-0819,5,124.49,setup,2025-09-01,,20260106T061500Z-QE24M
ST-003620,L25-0820,5,127.99,setup,2025-09-01,,20260106T061500Z-QE24M
ST-003621,L25-0821,8,49.34,setup,2025-09-01,,20260106T061500Z-QE24M
ST-003622,L25-0822,7,44.35,setup,2025-09-01,,20260106T061500Z-QE24M
ST-003623,L25-0823,2,25.05,setup,2025-09-01,,20260106T061500Z-QE24M
ST-003624,L25-0824,3,5.45,setup,2025-09-01,,20260106T061500Z-QE24M
ST-003625,L25-0825,6,32.02,setup,2025-09-01,,20260106T061500Z-QE24M
ST-003626,L25-0826,5,21.33,setup,2025-09-01,,20260106T061500Z-QE24M
ST-003627,L25-0799,4,36.09,process,2025-09-03,,20260106T061500Z-QE24M
ST-003628,L25-0816,11,77.39,process,2025-09-03,,20260106T061500Z-QE24M
ST-003629,L25-0819,13,647.37,process,2025-09-03,,20260106T061500Z-QE24M
ST-003630,L25-0821,19,234.35,process,2025-09-03,,20260106T061500Z-QE24M
ST-003631,L25-0825,4,42.7,process,2025-09-03,,20260106T061500Z-QE24M
ST-003632,L25-0827,6,25.64,setup,2025-09-03,,20260106T061500Z-QE24M
ST-003633,L25-0828,5,17.2,setup,2025-09-03,,20260106T061500Z-QE24M
ST-003634,L25-0829,3,49.41,setup,2025-09-03,,20260106T061500Z-QE24M
ST-003635,L25-0830,2,7.69,setup,2025-09-03,,20260106T061500Z-QE24M
ST-003636,L25-0831,3,29.15,setup,2025-09-03,,20260106T061500Z-QE24M
ST-003637,L25-0832,3,7.44,setup,2025-09-03,,20260106T061500Z-QE24M
ST-003638,L25-0833,2,8.82,setup,2025-09-03,,20260106T061500Z-QE24M
ST-003639,L25-0795,239,1450.13,NCR,2025-09-04,NCR-25-0229,20260106T061500Z-QE24M
ST-003640,L25-0811,34,494.56,process,2025-09-04,,20260106T061500Z-QE24M
ST-003641,L25-0823,26,651.38,process,2025-09-04,,20260106T061500Z-QE24M
ST-003642,L25-0824,1,3.63,process,2025-09-04,,20260106T061500Z-QE24M
ST-003643,L25-0826,13,110.93,process,2025-09-04,,20260106T061500Z-QE24M
ST-003644,L25-0830,4,30.77,process,2025-09-04,,20260106T061500Z-QE24M
ST-003645,L25-0834,6,66.65,setup,2025-09-04,,20260106T061500Z-QE24M
ST-003646,L25-0835,2,5.14,setup,2025-09-04,,20260106T061500Z-QE24M
ST-003647,L25-0836,2,8.23,setup,2025-09-04,,20260106T061500Z-QE24M
ST-003648,L25-0817,62,408.39,process,2025-09-05,,20260106T061500Z-QE24M
ST-003649,L25-0833,17,149.94,process,2025-09-05,,20260106T061500Z-QE24M
ST-003650,L25-0834,6,133.31,process,2025-09-05,,20260106T061500Z-QE24M
ST-003651,L25-0835,11,56.59,process,2025-09-05,,20260106T061500Z-QE24M
ST-003652,L25-0837,7,36.68,setup,2025-09-05,,20260106T061500Z-QE24M
ST-003653,L25-0838,7,95.43,setup,2025-09-05,,20260106T061500Z-QE24M
ST-003654,L25-0839,5,14.84,setup,2025-09-05,,20260106T061500Z-QE24M
ST-003655,L25-0840,2,5.24,setup,2025-09-05,,20260106T061500Z-QE24M
ST-003656,L25-0841,5,57.92,setup,2025-09-05,,20260106T061500Z-QE24M
ST-003657,L25-0842,3,6.44,setup,2025-09-05,,20260106T061500Z-QE24M
ST-003658,L25-0781,1062,21919.68,NCR,2025-09-08,NCR-25-0238,20260106T061500Z-QE24M
ST-003659,L25-0781,123,2369.47,process,2025-09-08,,20260106T061500Z-QE24M
ST-003660,L25-0789,106,3835.4,process,2025-09-08,,20260106T061500Z-QE24M
ST-003661,L25-0837,5,52.4,process,2025-09-08,,20260106T061500Z-QE24M
ST-003662,L25-0838,6,163.59,process,2025-09-08,,20260106T061500Z-QE24M
ST-003663,L25-0840,2,10.47,process,2025-09-08,,20260106T061500Z-QE24M
ST-003664,L25-0843,6,43.53,setup,2025-09-08,,20260106T061500Z-QE24M
ST-003665,L25-0844,2,30.18,setup,2025-09-08,,20260106T061500Z-QE24M
ST-003666,L25-0845,6,93.45,setup,2025-09-08,,20260106T061500Z-QE24M
ST-003667,L25-0846,3,71.55,setup,2025-09-08,,20260106T061500Z-QE24M
ST-003668,L25-0847,4,52.32,setup,2025-09-08,,20260106T061500Z-QE24M
ST-003669,L25-0848,8,27.44,setup,2025-09-08,,20260106T061500Z-QE24M
ST-003670,L25-0849,8,34.5,setup,2025-09-08,,20260106T061500Z-QE24M
ST-003671,L25-0850,7,24.79,setup,2025-09-08,,20260106T061500Z-QE24M
ST-003672,L25-0780,3,50.27,process,2025-09-09,,20260106T061500Z-QE24M
ST-003673,L25-0820,10,511.98,process,2025-09-09,,20260106T061500Z-QE24M
ST-003674,L25-0831,2,38.86,process,2025-09-09,,20260106T061500Z-QE24M
ST-003675,L25-0832,50,248.15,process,2025-09-09,,20260106T061500Z-QE24M
ST-003676,L25-0836,8,65.86,process,2025-09-09,,20260106T061500Z-QE24M
ST-003677,L25-0843,5,72.55,process,2025-09-09,,20260106T061500Z-QE24M
ST-003678,L25-0844,3,90.53,process,2025-09-09,,20260106T061500Z-QE24M
ST-003679,L25-0851,4,24.96,setup,2025-09-09,,20260106T061500Z-QE24M
ST-003680,L25-0852,3,15.15,setup,2025-09-09,,20260106T061500Z-QE24M
ST-003681,L25-0853,6,30.89,setup,2025-09-09,,20260106T061500Z-QE24M
ST-003682,L25-0854,7,171.35,setup,2025-09-09,,20260106T061500Z-QE24M
ST-003683,L25-0855,3,19.84,setup,2025-09-09,,20260106T061500Z-QE24M
ST-003684,L25-0856,5,24.53,setup,2025-09-09,,20260106T061500Z-QE24M
ST-003685,L25-0857,7,62.79,setup,2025-09-09,,20260106T061500Z-QE24M
ST-003686,L25-0859,4,28.04,setup,2025-09-09,,20260106T061500Z-QE24M
ST-003687,L25-0860,7,99.1,setup,2025-09-09,,20260106T061500Z-QE24M
ST-003688,L25-0827,19,162.39,process,2025-09-10,,20260106T061500Z-QE24M
ST-003689,L25-0829,53,1745.93,process,2025-09-10,,20260106T061500Z-QE24M
ST-003690,L25-0842,8,34.33,process,2025-09-10,,20260106T061500Z-QE24M
ST-003691,L25-0846,10,476.98,process,2025-09-10,,20260106T061500Z-QE24M
ST-003692,L25-0848,7,48.02,process,2025-09-10,,20260106T061500Z-QE24M
ST-003693,L25-0855,2,26.46,process,2025-09-10,,20260106T061500Z-QE24M
ST-003694,L25-0861,1,4.56,setup,2025-09-10,,20260106T061500Z-QE24M
ST-003695,L25-0862,2,7.93,setup,2025-09-10,,20260106T061500Z-QE24M
ST-003696,L25-0863,2,6.68,setup,2025-09-10,,20260106T061500Z-QE24M
ST-003697,L25-0828,16,110.1,process,2025-09-11,,20260106T061500Z-QE24M
ST-003698,L25-0843,41,637.45,NCR,2025-09-11,NCR-25-0240,20260106T061500Z-QE24M
ST-003699,L25-0849,8,68.99,process,2025-09-11,,20260106T061500Z-QE24M
ST-003700,L25-0852,38,383.84,process,2025-09-11,,20260106T061500Z-QE24M
ST-003701,L25-0857,4,71.76,process,2025-09-11,,20260106T061500Z-QE24M
ST-003702,L25-0864,2,14.15,setup,2025-09-11,,20260106T061500Z-QE24M
ST-003703,L25-0865,5,37.38,setup,2025-09-11,,20260106T061500Z-QE24M
ST-003704,L25-0866,2,9.7,setup,2025-09-11,,20260106T061500Z-QE24M
ST-003705,L25-0867,8,110.88,setup,2025-09-11,,20260106T061500Z-QE24M
ST-003706,L25-0868,5,74.78,setup,2025-09-11,,20260106T061500Z-QE24M
ST-003707,L25-0869,2,10.33,setup,2025-09-11,,20260106T061500Z-QE24M
ST-003708,L25-0864,13,184.0,process,2025-09-12,,20260106T061500Z-QE24M
ST-003709,L25-0866,10,97.02,process,2025-09-12,,20260106T061500Z-QE24M
ST-003710,L25-0870,4,49.88,setup,2025-09-12,,20260106T061500Z-QE24M
ST-003711,L25-0871,1,7.53,setup,2025-09-12,,20260106T061500Z-QE24M
ST-003712,L25-0872,4,60.41,setup,2025-09-12,,20260106T061500Z-QE24M
ST-003713,L25-0873,7,87.17,setup,2025-09-12,,20260106T061500Z-QE24M
ST-003714,L25-0828,320,2359.2,NCR,2025-09-14,NCR-25-0236,20260106T061500Z-QE24M
ST-003715,L25-0851,25,312.02,process,2025-09-15,,20260106T061500Z-QE24M
ST-003716,L25-0859,29,406.61,process,2025-09-15,,20260106T061500Z-QE24M
ST-003717,L25-0865,13,194.38,process,2025-09-15,,20260106T061500Z-QE24M
ST-003718,L25-0869,27,278.96,process,2025-09-15,,20260106T061500Z-QE24M
ST-003719,L25-0870,6,149.65,process,2025-09-15,,20260106T061500Z-QE24M
ST-003720,L25-0874,6,23.08,setup,2025-09-15,,20260106T061500Z-QE24M
ST-003721,L25-0875,7,22.44,setup,2025-09-15,,20260106T061500Z-QE24M
ST-003722,L25-0876,2,11.28,setup,2025-09-15,,20260106T061500Z-QE24M
ST-003723,L25-0877,2,44.64,setup,2025-09-15,,20260106T061500Z-QE24M
ST-003724,L25-0878,4,25.82,setup,2025-09-15,,20260106T061500Z-QE24M
ST-003725,L25-0879,4,49.22,setup,2025-09-15,,20260106T061500Z-QE24M
ST-003726,L25-0880,5,27.93,setup,2025-09-15,,20260106T061500Z-QE24M
ST-003727,L25-0881,7,26.48,setup,2025-09-15,,20260106T061500Z-QE24M
ST-003728,L25-0803,21,619.02,process,2025-09-16,,20260106T061500Z-QE24M
ST-003729,L25-0841,9,208.53,process,2025-09-16,,20260106T061500Z-QE24M
ST-003730,L25-0872,11,332.25,process,2025-09-16,,20260106T061500Z-QE24M
ST-003731,L25-0873,4,99.62,process,2025-09-16,,20260106T061500Z-QE24M
ST-003732,L25-0874,3,23.08,process,2025-09-16,,20260106T061500Z-QE24M
ST-003733,L25-0875,13,83.36,process,2025-09-16,,20260106T061500Z-QE24M
ST-003734,L25-0876,8,90.27,process,2025-09-16,,20260106T061500Z-QE24M
ST-003735,L25-0877,7,312.47,process,2025-09-16,,20260106T061500Z-QE24M
ST-003736,L25-0881,6,45.4,process,2025-09-16,,20260106T061500Z-QE24M
ST-003737,L25-0882,1,2.36,setup,2025-09-16,,20260106T061500Z-QE24M
ST-003738,L25-0883,2,36.36,setup,2025-09-16,,20260106T061500Z-QE24M
ST-003739,L25-0884,5,71.14,setup,2025-09-16,,20260106T061500Z-QE24M
ST-003740,L25-0885,6,23.73,setup,2025-09-16,,20260106T061500Z-QE24M
ST-003741,L25-0886,7,58.78,setup,2025-09-16,,20260106T061500Z-QE24M
ST-003742,L25-0878,3,38.72,process,2025-09-17,,20260106T061500Z-QE24M
ST-003743,L25-0884,1,28.46,process,2025-09-17,,20260106T061500Z-QE24M
ST-003744,L25-0885,19,150.29,process,2025-09-17,,20260106T061500Z-QE24M
ST-003745,L25-0887,2,11.98,setup,2025-09-17,,20260106T061500Z-QE24M
ST-003746,L25-0888,2,8.01,setup,2025-09-17,,20260106T061500Z-QE24M
ST-003747,L25-0889,4,53.68,setup,2025-09-17,,20260106T061500Z-QE24M
ST-003748,L25-0890,2,42.11,setup,2025-09-17,,20260106T061500Z-QE24M
ST-003749,L25-0891,7,23.79,setup,2025-09-17,,20260106T061500Z-QE24M
ST-003750,L25-0892,2,8.32,setup,2025-09-17,,20260106T061500Z-QE24M
ST-003751,L25-0831,146,3039.72,NCR,2025-09-18,NCR-25-0239,20260106T061500Z-QE24M
ST-003752,L25-0850,56,396.7,process,2025-09-18,,20260106T061500Z-QE24M
ST-003753,L25-0863,19,126.88,process,2025-09-18,,20260106T061500Z-QE24M
ST-003754,L25-0879,24,632.88,NCR,2025-09-18,NCR-25-0250,20260106T061500Z-QE24M
ST-003755,L25-0883,2,72.73,process,2025-09-18,,20260106T061500Z-QE24M
ST-003756,L25-0889,16,429.41,process,2025-09-18,,20260106T061500Z-QE24M
ST-003757,L25-0893,7,30.33,setup,2025-09-18,,20260106T061500Z-QE24M
ST-003758,L25-0894,3,12.22,setup,2025-09-18,,20260106T061500Z-QE24M
ST-003759,L25-0895,4,28.13,setup,2025-09-18,,20260106T061500Z-QE24M
ST-003760,L25-0896,4,8.44,setup,2025-09-18,,20260106T061500Z-QE24M
ST-003761,L25-0897,3,11.79,setup,2025-09-18,,20260106T061500Z-QE24M
ST-003762,L25-0854,3,146.87,process,2025-09-19,,20260106T061500Z-QE24M
ST-003763,L25-0888,3,24.02,process,2025-09-19,,20260106T061500Z-QE24M
ST-003764,L25-0891,7,47.58,process,2025-09-19,,20260106T061500Z-QE24M
ST-003765,L25-0893,4,34.66,process,2025-09-19,,20260106T061500Z-QE24M
ST-003766,L25-0896,9,37.99,process,2025-09-19,,20260106T061500Z-QE24M
ST-003767,L25-0899,2,26.15,setup,2025-09-19,,20260106T061500Z-QE24M
ST-003768,L25-0897,9,70.75,process,2025-09-22,,20260106T061500Z-QE24M
ST-003769,L25-0900,7,79.11,setup,2025-09-22,,20260106T061500Z-QE24M
ST-003770,L25-0901,8,64.48,setup,2025-09-22,,20260106T061500Z-QE24M
ST-003771,L25-0902,5,75.16,setup,2025-09-22,,20260106T061500Z-QE24M
ST-003772,L25-0903,3,11.61,setup,2025-09-22,,20260106T061500Z-QE24M
ST-003773,L25-0904,7,31.38,setup,2025-09-22,,20260106T061500Z-QE24M
ST-003774,L25-0905,3,63.68,setup,2025-09-22,,20260106T061500Z-QE24M
ST-003775,L25-0906,4,36.29,setup,2025-09-22,,20260106T061500Z-QE24M
ST-003776,L25-0894,7,57.04,process,2025-09-23,,20260106T061500Z-QE24M
ST-003777,L25-0899,14,366.13,process,2025-09-23,,20260106T061500Z-QE24M
ST-003778,L25-0907,8,28.9,setup,2025-09-23,,20260106T061500Z-QE24M
ST-003779,L25-0908,2,17.91,setup,2025-09-23,,20260106T061500Z-QE24M
ST-003780,L25-0909,3,16.78,setup,2025-09-23,,20260106T061500Z-QE24M
ST-003781,L25-0901,5,80.6,process,2025-09-24,,20260106T061500Z-QE24M
ST-003782,L25-0903,11,85.16,process,2025-09-24,,20260106T061500Z-QE24M
ST-003783,L25-0907,4,28.9,process,2025-09-24,,20260106T061500Z-QE24M
ST-003784,L25-0910,2,5.98,setup,2025-09-24,,20260106T061500Z-QE24M
ST-003785,L25-0911,4,22.48,setup,2025-09-24,,20260106T061500Z-QE24M
ST-003786,L25-0912,1,9.06,setup,2025-09-24,,20260106T061500Z-QE24M
ST-003787,L25-0913,3,58.47,setup,2025-09-24,,20260106T061500Z-QE24M
ST-003788,L25-0914,6,26.25,setup,2025-09-24,,20260106T061500Z-QE24M
ST-003789,L25-0902,8,240.52,process,2025-09-25,,20260106T061500Z-QE24M
ST-003790,L25-0905,4,169.82,process,2025-09-25,,20260106T061500Z-QE24M
ST-003791,L25-0908,15,268.7,process,2025-09-25,,20260106T061500Z-QE24M
ST-003792,L25-0915,2,3.19,setup,2025-09-25,,20260106T061500Z-QE24M
ST-003793,L25-0916,3,35.2,setup,2025-09-25,,20260106T061500Z-QE24M
ST-003794,L25-0917,4,140.94,setup,2025-09-25,,20260106T061500Z-QE24M
ST-003795,L25-0918,8,64.43,setup,2025-09-25,,20260106T061500Z-QE24M
ST-003796,L25-0919,8,87.53,setup,2025-09-25,,20260106T061500Z-QE24M
ST-003797,L25-0920,6,20.03,setup,2025-09-25,,20260106T061500Z-QE24M
ST-003798,L25-0904,2,17.93,process,2025-09-26,,20260106T061500Z-QE24M
ST-003799,L25-0914,7,61.25,process,2025-09-26,,20260106T061500Z-QE24M
ST-003800,L25-0917,2,140.94,process,2025-09-26,,20260106T061500Z-QE24M
ST-003801,L25-0921,6,30.41,setup,2025-09-26,,20260106T061500Z-QE24M
ST-003802,L25-0922,4,21.5,setup,2025-09-26,,20260106T061500Z-QE24M
ST-003803,L25-0923,3,15.89,setup,2025-09-26,,20260106T061500Z-QE24M
ST-003804,L25-0924,6,8.15,setup,2025-09-26,,20260106T061500Z-QE24M
ST-003805,L25-0925,7,99.81,setup,2025-09-26,,20260106T061500Z-QE24M
ST-003806,L25-0926,6,73.71,setup,2025-09-26,,20260106T061500Z-QE24M
ST-003807,L25-0895,24,337.51,process,2025-09-29,,20260106T061500Z-QE24M
ST-003808,L25-0906,28,508.03,process,2025-09-29,,20260106T061500Z-QE24M
ST-003809,L25-0916,4,93.86,process,2025-09-29,,20260106T061500Z-QE24M
ST-003810,L25-0927,5,18.15,setup,2025-09-29,,20260106T061500Z-QE24M
ST-003811,L25-0928,5,55.58,process,2025-09-29,,20260106T061500Z-QE24M
ST-003812,L25-0928,3,16.67,setup,2025-09-29,,20260106T061500Z-QE24M
ST-003813,L25-0929,4,21.24,setup,2025-09-29,,20260106T061500Z-QE24M
ST-003814,L25-0930,4,13.51,setup,2025-09-29,,20260106T061500Z-QE24M
ST-003815,L25-0931,2,4.75,setup,2025-09-29,,20260106T061500Z-QE24M
ST-003816,L25-0932,2,15.9,setup,2025-09-29,,20260106T061500Z-QE24M
ST-003817,L25-0933,2,39.85,setup,2025-09-29,,20260106T061500Z-QE24M
ST-003818,L25-0934,3,15.59,setup,2025-09-29,,20260106T061500Z-QE24M
ST-003819,L25-0789,57,2799.01,NCR,2025-09-30,NCR-25-0258,20260106T061500Z-QE24M
ST-003820,L25-0918,1,16.11,process,2025-09-30,,20260106T061500Z-QE24M
ST-003821,L25-0922,11,118.27,process,2025-09-30,,20260106T061500Z-QE24M
ST-003822,L25-0923,7,74.14,process,2025-09-30,,20260106T061500Z-QE24M
ST-003823,L25-0933,5,199.25,process,2025-09-30,,20260106T061500Z-QE24M
ST-003824,L25-0935,2,16.88,setup,2025-09-30,,20260106T061500Z-QE24M
ST-003825,L25-0913,6,233.9,process,2025-10-01,,20260106T061500Z-QE24M
ST-003826,L25-0915,8,25.54,process,2025-10-01,,20260106T061500Z-QE24M
ST-003827,L25-0919,17,371.99,process,2025-10-01,,20260106T061500Z-QE24M
ST-003828,L25-0921,5,50.68,process,2025-10-01,,20260106T061500Z-QE24M
ST-003829,L25-0926,20,491.4,process,2025-10-01,,20260106T061500Z-QE24M
ST-003830,L25-0931,14,66.44,process,2025-10-01,,20260106T061500Z-QE24M
ST-003831,L25-0936,6,50.92,setup,2025-10-01,,20260106T061500Z-QE24M
ST-003832,L25-0920,85,608.17,NCR,2025-10-02,NCR-25-0260,20260106T061500Z-QE24M
ST-003833,L25-0937,2,29.99,setup,2025-10-02,,20260106T061500Z-QE24M
ST-003834,L25-0938,8,75.1,setup,2025-10-02,,20260106T061500Z-QE24M
ST-003835,L25-0939,4,14.87,setup,2025-10-02,,20260106T061500Z-QE24M
ST-003836,L25-0940,3,35.99,setup,2025-10-02,,20260106T061500Z-QE24M
ST-003837,L25-0619,19,676.02,NCR,2025-10-03,NCR-25-0264,20260106T061500Z-QE24M
ST-003838,L25-0900,89,2155.36,NCR,2025-10-03,NCR-25-0253,20260106T061500Z-QE24M
ST-003839,L25-0936,1,16.97,process,2025-10-03,,20260106T061500Z-QE24M
ST-003840,L25-0939,3,22.3,process,2025-10-03,,20260106T061500Z-QE24M
ST-003841,L25-0940,19,455.92,process,2025-10-03,,20260106T061500Z-QE24M
ST-003842,L25-0941,1,18.34,setup,2025-10-03,,20260106T061500Z-QE24M
ST-003843,L25-0942,8,39.9,setup,2025-10-03,,20260106T061500Z-QE24M
ST-003844,L25-0943,3,60.97,setup,2025-10-03,,20260106T061500Z-QE24M
ST-003845,L25-0944,3,27.84,setup,2025-10-03,,20260106T061500Z-QE24M
ST-003846,L25-0945,4,58.31,setup,2025-10-03,,20260106T061500Z-QE24M
ST-003847,L25-0887,59,959.58,NCR,2025-10-04,NCR-25-0267,20260106T061500Z-QE24M
ST-003848,L25-0916,223,5606.22,NCR,2025-10-04,NCR-25-0262,20260106T061500Z-QE24M
ST-003849,L25-0927,18,130.66,process,2025-10-06,,20260106T061500Z-QE24M
ST-003850,L25-0935,6,101.26,process,2025-10-06,,20260106T061500Z-QE24M
ST-003851,L25-0938,5,93.87,process,2025-10-06,,20260106T061500Z-QE24M
ST-003852,L25-0946,3,10.43,setup,2025-10-06,,20260106T061500Z-QE24M
ST-003853,L25-0947,4,11.17,setup,2025-10-06,,20260106T061500Z-QE24M
ST-003854,L25-0948,6,36.01,setup,2025-10-06,,20260106T061500Z-QE24M
ST-003855,L25-0949,2,9.44,setup,2025-10-06,,20260106T061500Z-QE24M
ST-003856,L25-0950,7,30.75,setup,2025-10-06,,20260106T061500Z-QE24M
ST-003857,L25-0951,3,29.69,setup,2025-10-06,,20260106T061500Z-QE24M
ST-003858,L25-0952,8,104.5,setup,2025-10-06,,20260106T061500Z-QE24M
ST-003859,L25-0954,7,18.64,setup,2025-10-06,,20260106T061500Z-QE24M
ST-003860,L25-0955,5,66.57,setup,2025-10-06,,20260106T061500Z-QE24M
ST-003861,L25-0956,5,19.23,setup,2025-10-06,,20260106T061500Z-QE24M
ST-003862,L25-0957,7,40.82,setup,2025-10-06,,20260106T061500Z-QE24M
ST-003863,L25-0958,8,26.71,setup,2025-10-06,,20260106T061500Z-QE24M
ST-003864,L25-0929,11,116.81,process,2025-10-07,,20260106T061500Z-QE24M
ST-003865,L25-0955,3,79.88,process,2025-10-07,,20260106T061500Z-QE24M
ST-003866,L25-0956,1,7.69,process,2025-10-07,,20260106T061500Z-QE24M
ST-003867,L25-0959,6,43.87,setup,2025-10-07,,20260106T061500Z-QE24M
ST-003868,L25-0960,7,86.78,setup,2025-10-07,,20260106T061500Z-QE24M
ST-003869,L25-0938,50,1273.95,NCR,2025-10-08,NCR-25-0269,20260106T061500Z-QE24M
ST-003870,L25-0942,5,49.88,process,2025-10-08,,20260106T061500Z-QE24M
ST-003871,L25-0952,23,600.85,process,2025-10-08,,20260106T061500Z-QE24M
ST-003872,L25-0957,1,11.66,process,2025-10-08,,20260106T061500Z-QE24M
ST-003873,L25-0961,6,67.54,setup,2025-10-08,,20260106T061500Z-QE24M
ST-003874,L25-0962,2,13.2,setup,2025-10-08,,20260106T061500Z-QE24M
ST-003875,L25-0963,7,65.88,setup,2025-10-08,,20260106T061500Z-QE24M
ST-003876,L25-0964,5,21.56,setup,2025-10-08,,20260106T061500Z-QE24M
ST-003877,L25-0965,2,29.62,setup,2025-10-08,,20260106T061500Z-QE24M
ST-003878,L25-0949,10,94.43,process,2025-10-09,,20260106T061500Z-QE24M
ST-003879,L25-0963,1,18.82,process,2025-10-09,,20260106T061500Z-QE24M
ST-003880,L25-0966,4,106.4,process,2025-10-09,,20260106T061500Z-QE24M
ST-003881,L25-0966,5,66.5,setup,2025-10-09,,20260106T061500Z-QE24M
ST-003882,L25-0967,6,30.72,setup,2025-10-09,,20260106T061500Z-QE24M
ST-003883,L25-0968,2,14.07,setup,2025-10-09,,20260106T061500Z-QE24M
ST-003884,L25-0962,50,659.75,process,2025-10-10,,20260106T061500Z-QE24M
ST-003885,L25-0965,1,29.62,process,2025-10-10,,20260106T061500Z-QE24M
ST-003886,L25-0968,12,168.84,process,2025-10-10,,20260106T061500Z-QE24M
ST-003887,L25-0969,2,9.04,setup,2025-10-10,,20260106T061500Z-QE24M
ST-003888,L25-0970,3,23.65,setup,2025-10-10,,20260106T061500Z-QE24M
ST-003889,L25-0971,3,15.63,setup,2025-10-10,,20260106T061500Z-QE24M
ST-003890,L25-0972,6,19.11,setup,2025-10-10,,20260106T061500Z-QE24M
ST-003891,L25-0973,6,88.24,setup,2025-10-10,,20260106T061500Z-QE24M
ST-003892,L25-0949,181,1831.27,NCR,2025-10-13,NCR-25-0274,20260106T061500Z-QE24M
ST-003893,L25-0960,4,99.18,process,2025-10-13,,20260106T061500Z-QE24M
ST-003894,L25-0964,23,198.35,process,2025-10-13,,20260106T061500Z-QE24M
ST-003895,L25-0974,8,107.97,setup,2025-10-13,,20260106T061500Z-QE24M
ST-003896,L25-0975,3,13.09,setup,2025-10-13,,20260106T061500Z-QE24M
ST-003897,L25-0976,3,38.79,setup,2025-10-13,,20260106T061500Z-QE24M
ST-003898,L25-0977,5,154.49,process,2025-10-13,,20260106T061500Z-QE24M
ST-003899,L25-0977,3,46.35,setup,2025-10-13,,20260106T061500Z-QE24M
ST-003900,L25-0978,2,22.49,setup,2025-10-13,,20260106T061500Z-QE24M
ST-003901,L25-0979,4,13.17,setup,2025-10-13,,20260106T061500Z-QE24M
ST-003902,L25-0980,8,30.77,setup,2025-10-13,,20260106T061500Z-QE24M
ST-003903,L25-0981,3,18.57,setup,2025-10-13,,20260106T061500Z-QE24M
ST-003904,L25-0982,4,31.12,setup,2025-10-13,,20260106T061500Z-QE24M
ST-003905,L25-0958,26,173.63,process,2025-10-14,,20260106T061500Z-QE24M
ST-003906,L25-0969,6,54.26,process,2025-10-14,,20260106T061500Z-QE24M
ST-003907,L25-0971,18,187.61,process,2025-10-14,,20260106T061500Z-QE24M
ST-003908,L25-0974,30,809.76,process,2025-10-14,,20260106T061500Z-QE24M
ST-003909,L25-0975,3,26.19,process,2025-10-14,,20260106T061500Z-QE24M
ST-003910,L25-0976,1,25.86,process,2025-10-14,,20260106T061500Z-QE24M
ST-003911,L25-0983,5,18.29,setup,2025-10-14,,20260106T061500Z-QE24M
ST-003912,L25-0984,4,24.04,setup,2025-10-14,,20260106T061500Z-QE24M
ST-003913,L25-0985,4,11.7,setup,2025-10-14,,20260106T061500Z-QE24M
ST-003914,L25-0986,8,158.9,setup,2025-10-14,,20260106T061500Z-QE24M
ST-003915,L25-0987,2,8.01,setup,2025-10-14,,20260106T061500Z-QE24M
ST-003916,L25-0988,3,25.25,setup,2025-10-14,,20260106T061500Z-QE24M
ST-003917,L25-0989,5,32.44,setup,2025-10-14,,20260106T061500Z-QE24M
ST-003918,L25-0946,8,55.61,process,2025-10-15,,20260106T061500Z-QE24M
ST-003919,L25-0961,47,1058.06,process,2025-10-15,,20260106T061500Z-QE24M
ST-003920,L25-0970,2,31.53,process,2025-10-15,,20260106T061500Z-QE24M
ST-003921,L25-0972,11,70.07,process,2025-10-15,,20260106T061500Z-QE24M
ST-003922,L25-0973,5,147.07,process,2025-10-15,,20260106T061500Z-QE24M
ST-003923,L25-0981,4,49.53,process,2025-10-15,,20260106T061500Z-QE24M
ST-003924,L25-0983,18,131.67,process,2025-10-15,,20260106T061500Z-QE24M
ST-003925,L25-0990,2,11.31,setup,2025-10-15,,20260106T061500Z-QE24M
ST-003926,L25-0991,5,44.24,setup,2025-10-15,,20260106T061500Z-QE24M
ST-003927,L25-0992,4,42.39,process,2025-10-15,,20260106T061500Z-QE24M
ST-003928,L25-0992,6,31.79,setup,2025-10-15,,20260106T061500Z-QE24M
ST-003929,L25-0993,3,12.75,setup,2025-10-15,,20260106T061500Z-QE24M
ST-003930,L25-0994,8,104.55,setup,2025-10-15,,20260106T061500Z-QE24M
ST-003931,L25-0995,7,48.75,setup,2025-10-15,,20260106T061500Z-QE24M
ST-003932,L25-0996,3,25.39,setup,2025-10-15,,20260106T061500Z-QE24M
ST-003933,L25-0959,69,1008.99,process,2025-10-16,,20260106T061500Z-QE24M
ST-003934,L25-0979,57,375.46,process,2025-10-16,,20260106T061500Z-QE24M
ST-003935,L25-0984,13,156.25,process,2025-10-16,,20260106T061500Z-QE24M
ST-003936,L25-0987,16,128.13,process,2025-10-16,,20260106T061500Z-QE24M
ST-003937,L25-0988,8,134.68,process,2025-10-16,,20260106T061500Z-QE24M
ST-003938,L25-0989,6,77.87,process,2025-10-16,,20260106T061500Z-QE24M
ST-003939,L25-0993,2,17.0,process,2025-10-16,,20260106T061500Z-QE24M
ST-003940,L25-0997,4,19.03,setup,2025-10-16,,20260106T061500Z-QE24M
ST-003941,L25-0998,7,120.42,setup,2025-10-16,,20260106T061500Z-QE24M
ST-003942,L25-0999,1,3.23,setup,2025-10-16,,20260106T061500Z-QE24M
ST-003943,L25-1000,7,37.31,setup,2025-10-16,,20260106T061500Z-QE24M
ST-003944,L25-1001,2,5.64,setup,2025-10-16,,20260106T061500Z-QE24M
ST-003945,L25-1002,3,9.5,setup,2025-10-16,,20260106T061500Z-QE24M
ST-003946,L25-1003,3,27.84,setup,2025-10-16,,20260106T061500Z-QE24M
ST-003947,L25-0978,21,472.31,process,2025-10-17,,20260106T061500Z-QE24M
ST-003948,L25-0986,4,158.9,process,2025-10-17,,20260106T061500Z-QE24M
ST-003949,L25-0991,15,265.44,process,2025-10-17,,20260106T061500Z-QE24M
ST-003950,L25-0995,9,125.37,process,2025-10-17,,20260106T061500Z-QE24M
ST-003951,L25-1006,6,31.73,setup,2025-10-17,,20260106T061500Z-QE24M
ST-003952,L25-1007,2,16.16,setup,2025-10-17,,20260106T061500Z-QE24M
ST-003953,L25-1004,26,879.64,NCR,2025-10-18,NCR-25-0281,20260106T061500Z-QE24M
ST-003954,L25-0989,127,1765.94,NCR,2025-10-19,NCR-25-0279,20260106T061500Z-QE24M
ST-003955,L25-0998,22,756.91,process,2025-10-20,,20260106T061500Z-QE24M
ST-003956,L25-1002,4,25.34,process,2025-10-20,,20260106T061500Z-QE24M
ST-003957,L25-1003,13,241.24,process,2025-10-20,,20260106T061500Z-QE24M
ST-003958,L25-1008,5,69.76,setup,2025-10-20,,20260106T061500Z-QE24M
ST-003959,L25-1009,2,16.86,setup,2025-10-20,,20260106T061500Z-QE24M
ST-003960,L25-1010,4,40.11,setup,2025-10-20,,20260106T061500Z-QE24M
ST-003961,L25-1011,4,39.28,setup,2025-10-20,,20260106T061500Z-QE24M
ST-003962,L25-1012,5,23.33,setup,2025-10-20,,20260106T061500Z-QE24M
ST-003963,L25-1013,5,36.63,setup,2025-10-20,,20260106T061500Z-QE24M
ST-003964,L25-1014,2,17.32,setup,2025-10-20,,20260106T061500Z-QE24M
ST-003965,L25-1015,3,8.67,setup,2025-10-20,,20260106T061500Z-QE24M
ST-003966,L25-1016,7,42.83,setup,2025-10-20,,20260106T061500Z-QE24M
ST-003967,L25-0945,125,3644.37,process,2025-10-21,,20260106T061500Z-QE24M
ST-003968,L25-0996,15,253.89,process,2025-10-21,,20260106T061500Z-QE24M
ST-003969,L25-1001,2,11.28,process,2025-10-21,,20260106T061500Z-QE24M
ST-003970,L25-1007,8,129.3,process,2025-10-21,,20260106T061500Z-QE24M
ST-003971,L25-1008,2,55.8,process,2025-10-21,,20260106T061500Z-QE24M
ST-003972,L25-1010,6,120.33,process,2025-10-21,,20260106T061500Z-QE24M
ST-003973,L25-1011,14,274.99,process,2025-10-21,,20260106T061500Z-QE24M
ST-003974,L25-1012,3,27.99,process,2025-10-21,,20260106T061500Z-QE24M
ST-003975,L25-1017,1,10.02,setup,2025-10-21,,20260106T061500Z-QE24M
ST-003976,L25-1018,5,67.18,setup,2025-10-21,,20260106T061500Z-QE24M
ST-003977,L25-1019,7,55.76,setup,2025-10-21,,20260106T061500Z-QE24M
ST-003978,L25-1020,2,14.25,setup,2025-10-21,,20260106T061500Z-QE24M
ST-003979,L25-1021,3,11.51,setup,2025-10-21,,20260106T061500Z-QE24M
ST-003980,L25-1022,5,26.83,setup,2025-10-21,,20260106T061500Z-QE24M
ST-003981,L25-1023,7,51.57,setup,2025-10-21,,20260106T061500Z-QE24M
ST-003982,L25-1024,3,25.27,setup,2025-10-21,,20260106T061500Z-QE24M
ST-003983,L25-0990,11,124.43,process,2025-10-22,,20260106T061500Z-QE24M
ST-003984,L25-1014,2,34.64,process,2025-10-22,,20260106T061500Z-QE24M
ST-003985,L25-1015,1,5.78,process,2025-10-22,,20260106T061500Z-QE24M
ST-003986,L25-1025,5,59.36,setup,2025-10-22,,20260106T061500Z-QE24M
ST-003987,L25-1026,6,26.27,setup,2025-10-22,,20260106T061500Z-QE24M
ST-003988,L25-1027,4,68.7,setup,2025-10-22,,20260106T061500Z-QE24M
ST-003989,L25-1028,2,22.03,setup,2025-10-22,,20260106T061500Z-QE24M
ST-003990,L25-1029,3,15.97,setup,2025-10-22,,20260106T061500Z-QE24M
ST-003991,L25-1030,6,13.33,setup,2025-10-22,,20260106T061500Z-QE24M
ST-003992,L25-1018,7,188.11,process,2025-10-23,,20260106T061500Z-QE24M
ST-003993,L25-1023,3,44.2,process,2025-10-23,,20260106T061500Z-QE24M
ST-003994,L25-1031,2,5.59,setup,2025-10-23,,20260106T061500Z-QE24M
ST-003995,L25-1032,2,27.45,setup,2025-10-23,,20260106T061500Z-QE24M
ST-003996,L25-1033,4,17.81,setup,2025-10-23,,20260106T061500Z-QE24M
ST-003997,L25-1034,3,6.18,setup,2025-10-23,,20260106T061500Z-QE24M
ST-003998,L25-1035,4,40.6,setup,2025-10-23,,20260106T061500Z-QE24M
ST-003999,L25-1006,18,190.39,process,2025-10-24,,20260106T061500Z-QE24M
ST-004000,L25-1013,17,249.07,process,2025-10-24,,20260106T061500Z-QE24M
ST-004001,L25-1019,15,238.98,process,2025-10-24,,20260106T061500Z-QE24M
ST-004002,L25-1027,10,343.49,process,2025-10-24,,20260106T061500Z-QE24M
ST-004003,L25-1036,2,27.72,setup,2025-10-24,,20260106T061500Z-QE24M
ST-004004,L25-1037,2,11.38,setup,2025-10-24,,20260106T061500Z-QE24M
ST-004005,L25-1025,13,308.67,process,2025-10-27,,20260106T061500Z-QE24M
ST-004006,L25-1028,23,506.67,process,2025-10-27,,20260106T061500Z-QE24M
ST-004007,L25-1029,5,53.24,process,2025-10-27,,20260106T061500Z-QE24M
ST-004008,L25-1032,5,137.23,process,2025-10-27,,20260106T061500Z-QE24M
ST-004009,L25-1036,3,83.16,process,2025-10-27,,20260106T061500Z-QE24M
ST-004010,L25-1038,5,63.02,setup,2025-10-27,,20260106T061500Z-QE24M
ST-004011,L25-1039,7,79.99,setup,2025-10-27,,20260106T061500Z-QE24M
ST-004012,L25-1040,2,11.58,setup,2025-10-27,,20260106T061500Z-QE24M
ST-004013,L25-1041,3,25.99,setup,2025-10-27,,20260106T061500Z-QE24M
ST-004014,L25-1042,5,59.41,setup,2025-10-27,,20260106T061500Z-QE24M
ST-004015,L25-1043,4,15.71,setup,2025-10-27,,20260106T061500Z-QE24M
ST-004016,L25-1044,4,56.76,setup,2025-10-27,,20260106T061500Z-QE24M
ST-004017,L25-1045,3,16.51,setup,2025-10-27,,20260106T061500Z-QE24M
ST-004018,L25-1046,3,28.01,setup,2025-10-27,,20260106T061500Z-QE24M
ST-004019,L25-1047,5,44.73,setup,2025-10-27,,20260106T061500Z-QE24M
ST-004020,L25-1048,3,25.14,setup,2025-10-27,,20260106T061500Z-QE24M
ST-004021,L25-1049,4,14.31,setup,2025-10-27,,20260106T061500Z-QE24M
ST-004022,L25-1050,8,32.06,setup,2025-10-27,,20260106T061500Z-QE24M
ST-004023,L25-1000,37,394.46,process,2025-10-28,,20260106T061500Z-QE24M
ST-004024,L25-1022,21,225.35,process,2025-10-28,,20260106T061500Z-QE24M
ST-004025,L25-1040,1,11.58,process,2025-10-28,,20260106T061500Z-QE24M
ST-004026,L25-1041,1,17.32,process,2025-10-28,,20260106T061500Z-QE24M
ST-004027,L25-1043,31,243.47,process,2025-10-28,,20260106T061500Z-QE24M
ST-004028,L25-1051,7,37.63,setup,2025-10-28,,20260106T061500Z-QE24M
ST-004029,L25-1052,8,28.84,setup,2025-10-28,,20260106T061500Z-QE24M
ST-004030,L25-1053,5,19.32,setup,2025-10-28,,20260106T061500Z-QE24M
ST-004031,L25-1054,4,15.39,setup,2025-10-28,,20260106T061500Z-QE24M
ST-004032,L25-1055,7,40.06,setup,2025-10-28,,20260106T061500Z-QE24M
ST-004033,L25-0994,53,1385.31,process,2025-10-29,,20260106T061500Z-QE24M
ST-004034,L25-1021,156,1196.83,process,2025-10-29,,20260106T061500Z-QE24M
ST-004035,L25-1031,11,61.45,process,2025-10-29,,20260106T061500Z-QE24M
ST-004036,L25-1039,15,342.82,process,2025-10-29,,20260106T061500Z-QE24M
ST-004037,L25-1041,257,4770.56,NCR,2025-10-29,NCR-25-0294,20260106T061500Z-QE24M
ST-004038,L25-1050,4,32.06,process,2025-10-29,,20260106T061500Z-QE24M
ST-004039,L25-1053,2,15.46,process,2025-10-29,,20260106T061500Z-QE24M
ST-004040,L25-1056,3,58.84,setup,2025-10-29,,20260106T061500Z-QE24M
ST-004041,L25-1057,7,22.44,setup,2025-10-29,,20260106T061500Z-QE24M
ST-004042,L25-1058,7,44.25,setup,2025-10-29,,20260106T061500Z-QE24M
ST-004043,L25-1059,5,70.94,setup,2025-10-29,,20260106T061500Z-QE24M
ST-004044,L25-1060,7,109.32,setup,2025-10-29,,20260106T061500Z-QE24M
ST-004045,L25-1061,5,33.18,setup,2025-10-29,,20260106T061500Z-QE24M
ST-004046,L25-1034,43,177.29,process,2025-10-30,,20260106T061500Z-QE24M
ST-004047,L25-1042,4,95.06,process,2025-10-30,,20260106T061500Z-QE24M
ST-004048,L25-1049,71,507.93,process,2025-10-30,,20260106T061500Z-QE24M
ST-004049,L25-1057,14,89.77,process,2025-10-30,,20260106T061500Z-QE24M
ST-004050,L25-1062,8,50.43,setup,2025-10-30,,20260106T061500Z-QE24M
ST-004051,L25-1063,6,105.46,setup,2025-10-30,,20260106T061500Z-QE24M
ST-004052,L25-1064,7,55.0,setup,2025-10-30,,20260106T061500Z-QE24M
ST-004053,L25-1065,6,29.4,setup,2025-10-30,,20260106T061500Z-QE24M
ST-004054,L25-1024,44,741.36,process,2025-10-31,,20260106T061500Z-QE24M
ST-004055,L25-1047,26,465.19,process,2025-10-31,,20260106T061500Z-QE24M
ST-004056,L25-1052,27,194.67,process,2025-10-31,,20260106T061500Z-QE24M
ST-004057,L25-1055,18,206.01,process,2025-10-31,,20260106T061500Z-QE24M
ST-004058,L25-1056,22,863.02,process,2025-10-31,,20260106T061500Z-QE24M
ST-004059,L25-1060,2,62.47,process,2025-10-31,,20260106T061500Z-QE24M
ST-004060,L25-1066,3,10.2,setup,2025-10-31,,20260106T061500Z-QE24M
ST-004061,L25-1067,5,23.17,setup,2025-10-31,,20260106T061500Z-QE24M
ST-004062,L25-1068,7,26.97,setup,2025-10-31,,20260106T061500Z-QE24M
ST-004063,L25-1069,7,80.26,setup,2025-10-31,,20260106T061500Z-QE24M
ST-004064,L25-1070,3,37.83,setup,2025-10-31,,20260106T061500Z-QE24M
ST-004065,L25-1071,4,14.64,setup,2025-10-31,,20260106T061500Z-QE24M
ST-004066,L25-1039,78,1910.02,NCR,2025-11-01,NCR-25-0292,20260106T061500Z-QE24M
ST-004067,L25-1047,137,2626.29,NCR,2025-11-01,NCR-25-0297,20260106T061500Z-QE24M
ST-004068,L25-1022,243,2793.89,NCR,2025-11-03,NCR-25-0288,20260106T061500Z-QE24M
ST-004069,L25-1026,295,2767.84,NCR,2025-11-03,NCR-25-0289,20260106T061500Z-QE24M
ST-004070,L25-1063,2,70.31,process,2025-11-03,,20260106T061500Z-QE24M
ST-004071,L25-1065,8,78.4,process,2025-11-03,,20260106T061500Z-QE24M
ST-004072,L25-1072,11,387.23,process,2025-11-03,,20260106T061500Z-QE24M
ST-004073,L25-1072,2,35.2,setup,2025-11-03,,20260106T061500Z-QE24M
ST-004074,L25-1073,8,31.44,setup,2025-11-03,,20260106T061500Z-QE24M
ST-004075,L25-1074,4,61.8,setup,2025-11-03,,20260106T061500Z-QE24M
ST-004076,L25-1075,5,17.15,setup,2025-11-03,,20260106T061500Z-QE24M
ST-004077,L25-1076,3,19.3,setup,2025-11-03,,20260106T061500Z-QE24M
ST-004078,L25-1077,4,57.55,setup,2025-11-03,,20260106T061500Z-QE24M
ST-004079,L25-1078,3,45.78,setup,2025-11-03,,20260106T061500Z-QE24M
ST-004080,L25-1079,6,19.57,setup,2025-11-03,,20260106T061500Z-QE24M
ST-004081,L25-1080,7,136.05,setup,2025-11-03,,20260106T061500Z-QE24M
ST-004082,L25-1081,6,19.76,setup,2025-11-03,,20260106T061500Z-QE24M
ST-004083,L25-1082,7,127.11,setup,2025-11-03,,20260106T061500Z-QE24M
ST-004084,L25-1083,4,27.94,setup,2025-11-03,,20260106T061500Z-QE24M
ST-004085,L25-1037,9,102.38,process,2025-11-04,,20260106T061500Z-QE24M
ST-004086,L25-1059,12,340.54,process,2025-11-04,,20260106T061500Z-QE24M
ST-004087,L25-1066,17,115.55,process,2025-11-04,,20260106T061500Z-QE24M
ST-004088,L25-1070,9,226.99,process,2025-11-04,,20260106T061500Z-QE24M
ST-004089,L25-1073,21,165.08,process,2025-11-04,,20260106T061500Z-QE24M
ST-004090,L25-1084,12,363.97,process,2025-11-04,,20260106T061500Z-QE24M
ST-004091,L25-1084,4,60.66,setup,2025-11-04,,20260106T061500Z-QE24M
ST-004092,L25-1085,3,39.19,setup,2025-11-04,,20260106T061500Z-QE24M
ST-004093,L25-1086,8,70.11,setup,2025-11-04,,20260106T061500Z-QE24M
ST-004094,L25-1087,4,54.53,setup,2025-11-04,,20260106T061500Z-QE24M
ST-004095,L25-1088,6,138.89,setup,2025-11-04,,20260106T061500Z-QE24M
ST-004096,L25-1089,6,37.21,setup,2025-11-04,,20260106T061500Z-QE24M
ST-004097,L25-1090,6,73.71,setup,2025-11-04,,20260106T061500Z-QE24M
ST-004098,L25-1038,51,1285.56,process,2025-11-05,,20260106T061500Z-QE24M
ST-004099,L25-1067,3,27.8,process,2025-11-05,,20260106T061500Z-QE24M
ST-004100,L25-1069,6,137.59,process,2025-11-05,,20260106T061500Z-QE24M
ST-004101,L25-1075,6,41.16,process,2025-11-05,,20260106T061500Z-QE24M
ST-004102,L25-1086,20,350.56,process,2025-11-05,,20260106T061500Z-QE24M
ST-004103,L25-1087,8,218.12,process,2025-11-05,,20260106T061500Z-QE24M
ST-004104,L25-1091,8,93.86,setup,2025-11-05,,20260106T061500Z-QE24M
ST-004105,L25-1092,7,23.37,setup,2025-11-05,,20260106T061500Z-QE24M
ST-004106,L25-1093,3,12.01,setup,2025-11-05,,20260106T061500Z-QE24M
ST-004107,L25-1094,1,4.57,setup,2025-11-05,,20260106T061500Z-QE24M
ST-004108,L25-1095,2,26.03,setup,2025-11-05,,20260106T061500Z-QE24M
ST-004109,L25-1096,8,40.38,setup,2025-11-05,,20260106T061500Z-QE24M
ST-004110,L25-1098,3,17.92,setup,2025-11-05,,20260106T061500Z-QE24M
ST-004111,L25-0913,65,3438.86,NCR,2025-11-06,NCR-25-0295,20260106T061500Z-QE24M
ST-004112,L25-1081,29,191.02,process,2025-11-06,,20260106T061500Z-QE24M
ST-004113,L25-1082,1,36.32,process,2025-11-06,,20260106T061500Z-QE24M
ST-004114,L25-1083,1,13.97,process,2025-11-06,,20260106T061500Z-QE24M
ST-004115,L25-1085,22,574.73,process,2025-11-06,,20260106T061500Z-QE24M
ST-004116,L25-1088,21,972.26,process,2025-11-06,,20260106T061500Z-QE24M
ST-004117,L25-1095,24,624.79,process,2025-11-06,,20260106T061500Z-QE24M
ST-004118,L25-1096,7,70.66,process,2025-11-06,,20260106T061500Z-QE24M
ST-004119,L25-1099,3,35.72,setup,2025-11-06,,20260106T061500Z-QE24M
ST-004120,L25-1100,1,3.52,setup,2025-11-06,,20260106T061500Z-QE24M
ST-004121,L25-1101,2,10.44,setup,2025-11-06,,20260106T061500Z-QE24M
ST-004122,L25-1102,5,69.16,setup,2025-11-06,,20260106T061500Z-QE24M
ST-004123,L25-1062,55,742.91,NCR,2025-11-07,NCR-25-0298,20260106T061500Z-QE24M
ST-004124,L25-1089,6,74.42,process,2025-11-07,,20260106T061500Z-QE24M
ST-004125,L25-1090,18,442.26,process,2025-11-07,,20260106T061500Z-QE24M
ST-004126,L25-1093,12,96.1,process,2025-11-07,,20260106T061500Z-QE24M
ST-004127,L25-1102,3,82.99,process,2025-11-07,,20260106T061500Z-QE24M
ST-004128,L25-1103,4,15.39,setup,2025-11-07,,20260106T061500Z-QE24M
ST-004129,L25-1104,3,23.65,setup,2025-11-07,,20260106T061500Z-QE24M
ST-004130,L25-1105,5,70.75,setup,2025-11-07,,20260106T061500Z-QE24M
ST-004131,L25-1106,3,10.34,setup,2025-11-07,,20260106T061500Z-QE24M
ST-004132,L25-1107,1,14.43,setup,2025-11-07,,20260106T061500Z-QE24M
ST-004133,L25-1080,40,1554.84,process,2025-11-10,,20260106T061500Z-QE24M
ST-004134,L25-1103,4,30.77,process,2025-11-10,,20260106T061500Z-QE24M
ST-004135,L25-1108,3,13.21,setup,2025-11-10,,20260106T061500Z-QE24M
ST-004136,L25-1109,4,49.81,setup,2025-11-10,,20260106T061500Z-QE24M
ST-004137,L25-1110,8,64.43,setup,2025-11-10,,20260106T061500Z-QE24M
ST-004138,L25-1111,2,20.01,setup,2025-11-10,,20260106T061500Z-QE24M
ST-004139,L25-1112,8,125.33,setup,2025-11-10,,20260106T061500Z-QE24M
ST-004140,L25-1018,57,2078.82,NCR,2025-11-11,NCR-25-0302,20260106T061500Z-QE24M
ST-004141,L25-1061,7,92.9,process,2025-11-11,,20260106T061500Z-QE24M
ST-004142,L25-1078,8,244.16,process,2025-11-11,,20260106T061500Z-QE24M
ST-004143,L25-1105,6,169.81,process,2025-11-11,,20260106T061500Z-QE24M
ST-004144,L25-1112,5,156.66,process,2025-11-11,,20260106T061500Z-QE24M
ST-004145,L25-1113,6,86.31,setup,2025-11-11,,20260106T061500Z-QE24M
ST-004146,L25-1114,3,15.37,setup,2025-11-11,,20260106T061500Z-QE24M
ST-004147,L25-1048,9,150.82,process,2025-11-12,,20260106T061500Z-QE24M
ST-004148,L25-1104,1,15.76,process,2025-11-12,,20260106T061500Z-QE24M
ST-004149,L25-1108,5,44.03,process,2025-11-12,,20260106T061500Z-QE24M
ST-004150,L25-1111,43,922.03,NCR,2025-11-12,NCR-25-0311,20260106T061500Z-QE24M
ST-004151,L25-1115,2,9.41,setup,2025-11-12,,20260106T061500Z-QE24M
ST-004152,L25-1116,3,13.42,setup,2025-11-12,,20260106T061500Z-QE24M
ST-004153,L25-1117,2,15.56,setup,2025-11-12,,20260106T061500Z-QE24M
ST-004154,L25-1118,6,27.09,setup,2025-11-12,,20260106T061500Z-QE24M
ST-004155,L25-1119,5,106.56,setup,2025-11-12,,20260106T061500Z-QE24M
ST-004156,L25-1120,2,27.36,setup,2025-11-12,,20260106T061500Z-QE24M
ST-004157,L25-1121,2,9.11,setup,2025-11-12,,20260106T061500Z-QE24M
ST-004158,L25-1071,30,219.66,process,2025-11-13,,20260106T061500Z-QE24M
ST-004159,L25-1092,20,133.56,process,2025-11-13,,20260106T061500Z-QE24M
ST-004160,L25-1110,1,16.11,process,2025-11-13,,20260106T061500Z-QE24M
ST-004161,L25-1114,1,10.25,process,2025-11-13,,20260106T061500Z-QE24M
ST-004162,L25-1115,6,56.49,process,2025-11-13,,20260106T061500Z-QE24M
ST-004163,L25-1120,21,574.62,process,2025-11-13,,20260106T061500Z-QE24M
ST-004164,L25-1122,5,66.94,setup,2025-11-13,,20260106T061500Z-QE24M
ST-004165,L25-1123,5,16.89,setup,2025-11-13,,20260106T061500Z-QE24M
ST-004166,L25-1124,2,13.5,setup,2025-11-13,,20260106T061500Z-QE24M
ST-004167,L25-1125,4,21.9,setup,2025-11-13,,20260106T061500Z-QE24M
ST-004168,L25-1126,8,49.34,setup,2025-11-13,,20260106T061500Z-QE24M
ST-004169,L25-1092,219,1566.94,NCR,2025-11-14,NCR-25-0308,20260106T061500Z-QE24M
ST-004170,L25-1116,3,26.84,process,2025-11-14,,20260106T061500Z-QE24M
ST-004171,L25-1117,12,186.73,process,2025-11-14,,20260106T061500Z-QE24M
ST-004172,L25-1123,3,20.26,process,2025-11-14,,20260106T061500Z-QE24M
ST-004173,L25-1127,2,9.56,setup,2025-11-14,,20260106T061500Z-QE24M
ST-004174,L25-1128,3,12.94,setup,2025-11-14,,20260106T061500Z-QE24M
ST-004175,L25-1129,2,4.93,setup,2025-11-14,,20260106T061500Z-QE24M
ST-004176,L25-1130,4,7.03,setup,2025-11-14,,20260106T061500Z-QE24M
ST-004177,L25-1083,152,2882.22,NCR,2025-11-16,NCR-25-0305,20260106T061500Z-QE24M
ST-004178,L25-1119,43,1832.79,process,2025-11-17,,20260106T061500Z-QE24M
ST-004179,L25-1121,1,9.11,process,2025-11-17,,20260106T061500Z-QE24M
ST-004180,L25-1125,3,32.84,process,2025-11-17,,20260106T061500Z-QE24M
ST-004181,L25-1126,17,209.68,process,2025-11-17,,20260106T061500Z-QE24M
ST-004182,L25-1127,8,76.5,process,2025-11-17,,20260106T061500Z-QE24M
ST-004183,L25-1130,1,3.51,process,2025-11-17,,20260106T061500Z-QE24M
ST-004184,L25-1131,3,8.46,setup,2025-11-17,,20260106T061500Z-QE24M
ST-004185,L25-1132,5,90.49,setup,2025-11-17,,20260106T061500Z-QE24M
ST-004186,L25-1133,2,19.18,setup,2025-11-17,,20260106T061500Z-QE24M
ST-004187,L25-1134,5,29.82,setup,2025-11-17,,20260106T061500Z-QE24M
ST-004188,L25-1135,7,112.19,setup,2025-11-17,,20260106T061500Z-QE24M
ST-004189,L25-1136,4,26.22,setup,2025-11-17,,20260106T061500Z-QE24M
ST-004190,L25-1137,8,20.58,setup,2025-11-17,,20260106T061500Z-QE24M
ST-004191,L25-1138,7,54.64,setup,2025-11-18,,20260106T061500Z-QE24M
ST-004192,L25-1139,6,40.78,setup,2025-11-18,,20260106T061500Z-QE24M
ST-004193,L25-1140,7,28.52,setup,2025-11-18,,20260106T061500Z-QE24M
ST-004194,L25-1141,1,3.99,setup,2025-11-18,,20260106T061500Z-QE24M
ST-004195,L25-1128,22,189.73,process,2025-11-19,,20260106T061500Z-QE24M
ST-004196,L25-1129,4,19.74,process,2025-11-19,,20260106T061500Z-QE24M
ST-004197,L25-1137,1,5.14,process,2025-11-19,,20260106T061500Z-QE24M
ST-004198,L25-1142,8,43.71,setup,2025-11-19,,20260106T061500Z-QE24M
ST-004199,L25-1143,1,10.23,setup,2025-11-19,,20260106T061500Z-QE24M
ST-004200,L25-1144,7,59.73,setup,2025-11-19,,20260106T061500Z-QE24M
ST-004201,L25-1131,10,56.42,process,2025-11-20,,20260106T061500Z-QE24M
ST-004202,L25-1136,5,65.56,process,2025-11-20,,20260106T061500Z-QE24M
ST-004203,L25-1139,7,95.16,process,2025-11-20,,20260106T061500Z-QE24M
ST-004204,L25-1142,5,54.64,process,2025-11-20,,20260106T061500Z-QE24M
ST-004205,L25-1145,7,30.33,setup,2025-11-20,,20260106T061500Z-QE24M
ST-004206,L25-1146,2,7.64,setup,2025-11-20,,20260106T061500Z-QE24M
ST-004207,L25-1147,4,54.99,setup,2025-11-20,,20260106T061500Z-QE24M
ST-004208,L25-1148,5,22.05,setup,2025-11-20,,20260106T061500Z-QE24M
ST-004209,L25-1134,13,155.06,process,2025-11-21,,20260106T061500Z-QE24M
ST-004210,L25-1149,5,18.2,setup,2025-11-21,,20260106T061500Z-QE24M
ST-004211,L25-1150,3,12.06,setup,2025-11-21,,20260106T061500Z-QE24M
ST-004212,L25-1151,7,64.9,setup,2025-11-21,,20260106T061500Z-QE24M
ST-004213,L25-1152,6,21.55,setup,2025-11-21,,20260106T061500Z-QE24M
ST-004214,L25-1123,209,1512.64,NCR,2025-11-22,NCR-25-0319,20260106T061500Z-QE24M
ST-004215,L25-0834,10,317.4,NCR,2025-11-24,NCR-25-0320,20260106T061500Z-QE24M
ST-004216,L25-1135,15,480.79,process,2025-11-24,,20260106T061500Z-QE24M
ST-004217,L25-1148,23,202.86,process,2025-11-24,,20260106T061500Z-QE24M
ST-004218,L25-1153,2,25.43,setup,2025-11-24,,20260106T061500Z-QE24M
ST-004219,L25-1154,7,28.3,setup,2025-11-24,,20260106T061500Z-QE24M
ST-004220,L25-1155,6,100.8,process,2025-11-24,,20260106T061500Z-QE24M
ST-004221,L25-1155,7,58.8,setup,2025-11-24,,20260106T061500Z-QE24M
ST-004222,L25-1156,8,98.28,setup,2025-11-24,,20260106T061500Z-QE24M
ST-004223,L25-1157,2,27.09,setup,2025-11-24,,20260106T061500Z-QE24M
ST-004224,L25-1158,6,52.4,setup,2025-11-24,,20260106T061500Z-QE24M
ST-004225,L25-1159,4,70.74,setup,2025-11-24,,20260106T061500Z-QE24M
ST-004226,L25-1160,5,65.52,setup,2025-11-24,,20260106T061500Z-QE24M
ST-004227,L25-1161,5,77.24,setup,2025-11-24,,20260106T061500Z-QE24M
ST-004228,L25-1162,2,20.1,setup,2025-11-24,,20260106T061500Z-QE24M
ST-004229,L25-1099,33,785.86,process,2025-11-25,,20260106T061500Z-QE24M
ST-004230,L25-1146,16,122.3,process,2025-11-25,,20260106T061500Z-QE24M
ST-004231,L25-1147,8,219.97,process,2025-11-25,,20260106T061500Z-QE24M
ST-004232,L25-1152,34,244.19,process,2025-11-25,,20260106T061500Z-QE24M
ST-004233,L25-1153,13,330.6,process,2025-11-25,,20260106T061500Z-QE24M
ST-004234,L25-1162,5,100.48,process,2025-11-25,,20260106T061500Z-QE24M
ST-004235,L25-1163,8,100.74,setup,2025-11-25,,20260106T061500Z-QE24M
ST-004236,L25-1164,2,15.29,setup,2025-11-25,,20260106T061500Z-QE24M
ST-004237,L25-1165,4,26.15,setup,2025-11-25,,20260106T061500Z-QE24M
ST-004238,L25-1166,4,15.39,setup,2025-11-25,,20260106T061500Z-QE24M
ST-004239,L25-1150,47,378.02,process,2025-11-26,,20260106T061500Z-QE24M
ST-004240,L25-1151,10,185.43,process,2025-11-26,,20260106T061500Z-QE24M
ST-004241,L25-1156,13,319.41,process,2025-11-26,,20260106T061500Z-QE24M
ST-004242,L25-1158,11,192.11,process,2025-11-26,,20260106T061500Z-QE24M
ST-004243,L25-1160,10,262.08,process,2025-11-26,,20260106T061500Z-QE24M
ST-004244,L25-1166,14,107.7,process,2025-11-26,,20260106T061500Z-QE24M
ST-004245,L25-1167,3,9.24,setup,2025-11-26,,20260106T061500Z-QE24M
ST-004246,L25-1168,8,22.65,setup,2025-11-26,,20260106T061500Z-QE24M
ST-004247,L25-1169,2,8.55,setup,2025-11-26,,20260106T061500Z-QE24M
ST-004248,L25-1170,6,84.94,setup,2025-11-26,,20260106T061500Z-QE24M
ST-004249,L25-1149,18,131.04,process,2025-11-27,,20260106T061500Z-QE24M
ST-004250,L25-1157,38,1029.42,process,2025-11-27,,20260106T061500Z-QE24M
ST-004251,L25-1159,37,1308.73,process,2025-11-27,,20260106T061500Z-QE24M
ST-004252,L25-1163,22,554.09,process,2025-11-27,,20260106T061500Z-QE24M
ST-004253,L25-1171,4,46.93,setup,2025-11-27,,20260106T061500Z-QE24M
ST-004254,L25-1149,199,1552.2,NCR,2025-11-30,NCR-25-0327,20260106T061500Z-QE24M
ST-004255,L25-1160,264,7413.12,NCR,2025-11-30,NCR-25-0333,20260106T061500Z-QE24M
ST-004256,L25-1144,7,119.46,process,2025-12-01,,20260106T061500Z-QE24M
ST-004257,L25-1168,7,39.64,process,2025-12-01,,20260106T061500Z-QE24M
ST-004258,L25-1169,3,25.64,process,2025-12-01,,20260106T061500Z-QE24M
ST-004259,L25-1170,1,28.32,process,2025-12-01,,20260106T061500Z-QE24M
ST-004260,L25-1172,8,108.53,setup,2025-12-01,,20260106T061500Z-QE24M
ST-004261,L25-1173,8,44.52,setup,2025-12-01,,20260106T061500Z-QE24M
ST-004262,L25-1174,6,23.08,setup,2025-12-01,,20260106T061500Z-QE24M
ST-004263,L25-1175,5,62.26,setup,2025-12-01,,20260106T061500Z-QE24M
ST-004264,L25-1176,2,7.35,setup,2025-12-01,,20260106T061500Z-QE24M
ST-004265,L25-1177,3,39.75,setup,2025-12-01,,20260106T061500Z-QE24M
ST-004266,L25-1178,2,14.55,setup,2025-12-01,,20260106T061500Z-QE24M
ST-004267,L25-1140,86,700.73,process,2025-12-02,,20260106T061500Z-QE24M
ST-004268,L25-1164,3,45.86,process,2025-12-02,,20260106T061500Z-QE24M
ST-004269,L25-1172,10,271.32,process,2025-12-02,,20260106T061500Z-QE24M
ST-004270,L25-1174,5,38.46,process,2025-12-02,,20260106T061500Z-QE24M
ST-004271,L25-1177,10,265.02,process,2025-12-02,,20260106T061500Z-QE24M
ST-004272,L25-1179,3,45.63,setup,2025-12-02,,20260106T061500Z-QE24M
ST-004273,L25-1180,4,37.11,setup,2025-12-02,,20260106T061500Z-QE24M
ST-004274,L25-1167,180,1188.0,NCR,2025-12-03,NCR-25-0339,20260106T061500Z-QE24M
ST-004275,L25-1179,1,30.42,process,2025-12-03,,20260106T061500Z-QE24M
ST-004276,L25-1181,7,19.55,setup,2025-12-03,,20260106T061500Z-QE24M
ST-004277,L25-1182,5,13.32,setup,2025-12-03,,20260106T061500Z-QE24M
ST-004278,L25-1107,10,391.59,NCR,2025-12-04,NCR-25-0332,20260106T061500Z-QE24M
ST-004279,L25-1180,12,222.68,process,2025-12-04,,20260106T061500Z-QE24M
ST-004280,L25-1183,2,6.59,setup,2025-12-04,,20260106T061500Z-QE24M
ST-004281,L25-1068,39,407.92,NCR,2025-12-05,NCR-25-0335,20260106T061500Z-QE24M
ST-004282,L25-1167,37,227.92,process,2025-12-05,,20260106T061500Z-QE24M
ST-004283,L25-1173,5,55.65,process,2025-12-05,,20260106T061500Z-QE24M
ST-004284,L25-1184,5,24.41,setup,2025-12-05,,20260106T061500Z-QE24M
ST-004285,L25-1140,873,7621.29,NCR,2025-12-08,NCR-25-0341,20260106T061500Z-QE24M
ST-004286,L25-1178,51,741.85,process,2025-12-08,,20260106T061500Z-QE24M
ST-004287,L25-1181,2,11.17,process,2025-12-08,,20260106T061500Z-QE24M
ST-004288,L25-1185,3,10.02,setup,2025-12-08,,20260106T061500Z-QE24M
ST-004289,L25-1186,4,9.49,setup,2025-12-08,,20260106T061500Z-QE24M
ST-004290,L25-1187,4,16.02,setup,2025-12-08,,20260106T061500Z-QE24M
ST-004291,L25-1183,25,164.68,process,2025-12-09,,20260106T061500Z-QE24M
ST-004292,L25-1188,2,6.64,setup,2025-12-09,,20260106T061500Z-QE24M
ST-004293,L25-1186,11,52.21,process,2025-12-10,,20260106T061500Z-QE24M
ST-004294,L25-1187,10,80.08,process,2025-12-10,,20260106T061500Z-QE24M
ST-004295,L25-1189,7,67.42,setup,2025-12-10,,20260106T061500Z-QE24M
ST-004296,L25-1190,7,62.7,setup,2025-12-10,,20260106T061500Z-QE24M
ST-004297,L25-1190,3,53.74,process,2025-12-11,,20260106T061500Z-QE24M
ST-004298,L25-1179,13,423.74,NCR,2025-12-12,NCR-25-0343,20260106T061500Z-QE24M
ST-004299,L25-1185,16,106.85,process,2025-12-15,,20260106T061500Z-QE24M
ST-004300,L25-1191,8,34.5,setup,2025-12-17,,20260106T061500Z-QE24M
ST-004301,L25-1192,7,26.93,setup,2025-12-18,,20260106T061500Z-QE24M
ST-004302,L25-1191,13,112.11,process,2025-12-22,,20260106T061500Z-QE24M
ST-004303,L25-1189,89,1714.5,process,2025-12-29,,20260106T061500Z-QE24M
