calibration_id,gauge_id,due_date,pulled_date,done_date,returned_date,result,tolerance,check_point_1,as_found_error_1,as_left_error_1,check_point_2,as_found_error_2,as_left_error_2,check_point_3,as_found_error_3,as_left_error_3,check_point_4,as_found_error_4,as_left_error_4,check_point_5,as_found_error_5,as_left_error_5,reference_standard,performed_by,performed_by_id,certificate_no,export_batch_id
CAL-00001,G-0191,2023-01-04,2023-01-07,2023-01-09,2023-01-11,pass,0.02,75.0,-0.004,-0.004,150.0,-0.001,-0.001,225.0,-0.007,-0.007,,,,,,,gauge block set GB-02,technician,E-0163,,20260106T061500Z-QE24M
CAL-00002,G-0146,2023-01-09,2023-01-10,2023-01-11,2023-01-12,pass,0.02,37.5,-0.01,-0.01,75.0,-0.002,-0.002,112.5,0.0,0.0,,,,,,,gauge block set GB-02,technician,E-0163,,20260106T061500Z-QE24M
CAL-00003,G-0130,2023-01-11,2023-01-14,2023-01-14,2023-01-14,pass,0.02,37.5,-0.003,-0.003,75.0,0.001,0.001,112.5,-0.001,-0.001,,,,,,,gauge block set GB-02,technician,E-0163,,20260106T061500Z-QE24M
CAL-00004,G-0289,2023-01-16,2023-01-13,2023-01-19,2023-01-23,pass,0.001,25.5,0.0,0.0,,,,,,,,,,,,,laboratory reference,laboratory,S-057,LC-2386817,20260106T061500Z-QE24M
CAL-00005,G-0226,2023-01-19,2023-01-17,2023-01-20,2023-01-21,pass,0.005,12.5,0.0026,0.0026,,,,,,,,,,,,,thread setting plug set,technician,E-0163,,20260106T061500Z-QE24M
CAL-00006,G-0139,2023-01-24,2023-01-25,2023-01-27,2023-01-28,pass,0.02,37.5,0.003,0.003,75.0,0.008,0.008,112.5,-0.001,-0.001,,,,,,,gauge block set GB-02,technician,E-0163,,20260106T061500Z-QE24M
CAL-00007,G-0219,2023-01-24,2023-01-27,2023-01-27,2023-01-27,pass,0.005,12.5,-0.0007,-0.0007,,,,,,,,,,,,,thread setting plug set,technician,E-0163,,20260106T061500Z-QE24M
CAL-00008,G-0223,2023-01-26,2023-01-26,2023-01-27,2023-01-28,pass,0.005,12.5,0.0004,0.0004,,,,,,,,,,,,,thread setting plug set,technician,E-0163,,20260106T061500Z-QE24M
CAL-00009,G-0163,2023-01-26,2023-01-28,2023-01-30,2023-01-31,pass,0.02,37.5,-0.007,-0.007,75.0,0.001,0.001,112.5,0.001,0.001,,,,,,,gauge block set GB-02,technician,E-0163,,20260106T061500Z-QE24M
CAL-00010,G-0212,2023-01-31,2023-02-02,2023-02-05,2023-02-06,pass,0.005,12.5,0.0002,0.0002,,,,,,,,,,,,,thread setting plug set,technician,E-0163,,20260106T061500Z-QE24M
CAL-00011,G-0215,2023-02-04,2023-02-02,2023-02-05,2023-02-05,pass,0.005,12.5,0.0024,0.0024,,,,,,,,,,,,,thread setting plug set,technician,E-0163,,20260106T061500Z-QE24M
CAL-00012,G-0205,2023-02-07,2023-02-04,2023-02-07,2023-02-07,pass,0.005,12.5,0.0009,0.0009,,,,,,,,,,,,,thread setting plug set,technician,E-0163,,20260106T061500Z-QE24M
CAL-00013,G-0275,2023-02-09,2023-02-05,2023-02-12,2023-02-17,pass,0.001,25.5,-0.0004,-0.0004,,,,,,,,,,,,,laboratory reference,laboratory,S-057,LC-2393576,20260106T061500Z-QE24M
CAL-00014,G-0175,2023-02-19,2023-02-20,2023-02-21,2023-02-21,adjusted,0.02,37.5,0.002,-0.003,75.0,0.01,0.0,112.5,0.017,-0.001,,,,,,,gauge block set GB-02,technician,E-0163,,20260106T061500Z-QE24M
CAL-00015,G-0295,2023-02-21,2023-02-16,2023-02-21,2023-02-26,pass,0.001,25.5,0.0005,0.0005,,,,,,,,,,,,,laboratory reference,laboratory,S-057,LC-2384619,20260106T061500Z-QE24M
CAL-00016,G-0170,2023-02-22,2023-02-20,2023-02-22,2023-02-24,pass,0.02,37.5,0.003,0.003,75.0,-0.003,-0.003,112.5,-0.009,-0.009,,,,,,,gauge block set GB-02,technician,E-0163,,20260106T061500Z-QE24M
CAL-00017,G-0300,2023-03-01,2023-02-24,2023-03-02,2023-03-04,pass,0.001,25.5,0.0,0.0,,,,,,,,,,,,,laboratory reference,laboratory,S-057,LC-2371806,20260106T061500Z-QE24M
CAL-00018,G-0188,2023-03-04,2023-03-02,2023-03-04,2023-03-05,pass,0.02,75.0,-0.0,-0.0,150.0,-0.005,-0.005,225.0,0.002,0.002,,,,,,,gauge block set GB-02,technician,E-0163,,20260106T061500Z-QE24M
CAL-00019,G-0271,2023-03-02,2023-02-21,2023-03-04,2023-03-09,pass,0.001,25.5,-0.0002,-0.0002,,,,,,,,,,,,,laboratory reference,laboratory,S-057,LC-2368104,20260106T061500Z-QE24M
CAL-00020,G-0137,2023-03-05,2023-03-03,2023-03-06,2023-03-08,pass,0.02,37.5,-0.002,-0.002,75.0,-0.001,-0.001,112.5,-0.005,-0.005,,,,,,,gauge block set GB-02,technician,E-0163,,20260106T061500Z-QE24M
CAL-00021,G-0134,2023-03-08,2023-03-05,2023-03-08,2023-03-09,pass,0.02,37.5,-0.01,-0.01,75.0,-0.006,-0.006,112.5,-0.001,-0.001,,,,,,,gauge block set GB-02,technician,E-0163,,20260106T061500Z-QE24M
CAL-00022,G-0201,2023-03-03,2023-03-07,2023-03-08,2023-03-09,pass,0.005,12.5,0.0003,0.0003,,,,,,,,,,,,,thread setting plug set,technician,E-0163,,20260106T061500Z-QE24M
CAL-00023,G-0143,2023-03-11,2023-03-09,2023-03-11,2023-03-12,pass,0.02,37.5,-0.004,-0.004,75.0,-0.0,-0.0,112.5,-0.006,-0.006,,,,,,,gauge block set GB-02,technician,E-0163,,20260106T061500Z-QE24M
CAL-00024,G-0206,2023-03-08,2023-03-10,2023-03-13,2023-03-14,pass,0.005,12.5,0.0015,0.0015,,,,,,,,,,,,,thread setting plug set,technician,E-0163,,20260106T061500Z-QE24M
CAL-00025,G-0283,2023-03-11,2023-03-09,2023-03-14,2023-03-16,pass,0.001,25.5,0.0001,0.0001,,,,,,,,,,,,,laboratory reference,laboratory,S-057,LC-2346482,20260106T061500Z-QE24M
CAL-00026,G-0200,2023-03-12,2023-03-14,2023-03-17,2023-03-17,pass,0.005,12.5,0.0007,0.0007,,,,,,,,,,,,,thread setting plug set,technician,E-0163,,20260106T061500Z-QE24M
CAL-00027,G-0287,2023-03-16,2023-03-09,2023-03-17,2023-03-22,pass,0.001,25.5,-0.0003,-0.0003,,,,,,,,,,,,,laboratory reference,laboratory,S-057,LC-2389262,20260106T061500Z-QE24M
CAL-00028,G-0288,2023-03-16,2023-03-13,2023-03-18,2023-03-20,pass,0.001,25.5,-0.0003,-0.0003,,,,,,,,,,,,,laboratory reference,laboratory,S-057,LC-2352995,20260106T061500Z-QE24M
CAL-00029,G-0222,2023-03-17,2023-03-21,2023-03-22,2023-03-23,pass,0.005,12.5,-0.0001,-0.0001,,,,,,,,,,,,,thread setting plug set,technician,E-0163,,20260106T061500Z-QE24M
CAL-00030,G-0178,2023-03-21,2023-03-24,2023-03-25,2023-03-25,pass,0.02,37.5,0.001,0.001,75.0,-0.004,-0.004,112.5,-0.01,-0.01,,,,,,,gauge block set GB-02,technician,E-0163,,20260106T061500Z-QE24M
CAL-00031,G-0268,2023-03-26,2023-03-20,2023-03-26,2023-03-30,pass,0.001,25.5,-0.0004,-0.0004,,,,,,,,,,,,,laboratory reference,laboratory,S-057,LC-2383264,20260106T061500Z-QE24M
CAL-00032,G-0282,2023-03-24,2023-03-18,2023-03-29,2023-04-01,pass,0.001,25.5,-0.0001,-0.0001,,,,,,,,,,,,,laboratory reference,laboratory,S-057,LC-2393570,20260106T061500Z-QE24M
CAL-00033,G-0272,2023-04-04,2023-03-29,2023-04-04,2023-04-08,pass,0.001,25.5,-0.0001,-0.0001,,,,,,,,,,,,,laboratory reference,laboratory,S-057,LC-2388492,20260106T061500Z-QE24M
CAL-00034,G-0002,2023-04-01,2023-03-27,2023-04-06,2023-04-10,pass,0.002,0.0,0.0002,0.0002,175.0,-0.0,-0.0,350.0,0.0002,0.0002,525.0,-0.0005,-0.0005,700.0,0.0002,0.0002,ball bar and step gauge,laboratory,S-057,LC-2370102,20260106T061500Z-QE24M
CAL-00035,G-0294,2023-04-02,2023-03-30,2023-04-07,2023-04-12,pass,0.001,25.5,0.0003,0.0003,,,,,,,,,,,,,laboratory reference,laboratory,S-057,LC-2363075,20260106T061500Z-QE24M
CAL-00036,G-0264,2023-04-08,2023-04-05,2023-04-11,2023-04-15,pass,0.001,25.5,-0.0,-0.0,,,,,,,,,,,,,laboratory reference,laboratory,S-057,LC-2339891,20260106T061500Z-QE24M
CAL-00037,G-0229,2023-04-11,2023-04-09,2023-04-12,2023-04-14,pass,0.005,12.5,-0.0007,-0.0007,,,,,,,,,,,,,thread setting plug set,technician,E-0163,,20260106T061500Z-QE24M
CAL-00038,G-0164,2023-04-20,2023-04-20,2023-04-22,2023-04-23,pass,0.02,37.5,0.003,0.003,75.0,0.0,0.0,112.5,0.002,0.002,,,,,,,gauge block set GB-02,technician,E-0163,,20260106T061500Z-QE24M
CAL-00039,G-0273,2023-04-18,2023-04-15,2023-04-22,2023-04-25,pass,0.001,25.5,-0.0002,-0.0002,,,,,,,,,,,,,laboratory reference,laboratory,S-057,LC-2315038,20260106T061500Z-QE24M
CAL-00040,G-0131,2023-04-21,2023-04-22,2023-04-25,2023-04-27,pass,0.02,37.5,-0.0,-0.0,75.0,-0.001,-0.001,112.5,-0.002,-0.002,,,,,,,gauge block set GB-02,technician,E-0163,,20260106T061500Z-QE24M
CAL-00041,G-0278,2023-04-26,2023-04-21,2023-05-01,2023-05-04,pass,0.001,25.5,0.0002,0.0002,,,,,,,,,,,,,laboratory reference,laboratory,S-057,LC-2319466,20260106T061500Z-QE24M
CAL-00042,G-0203,2023-05-07,2023-05-10,2023-05-12,2023-05-14,pass,0.005,12.5,-0.0015,-0.0015,,,,,,,,,,,,,thread setting plug set,technician,E-0163,,20260106T061500Z-QE24M
CAL-00043,G-0128,2023-05-15,2023-05-15,2023-05-15,2023-05-17,pass,0.02,37.5,-0.0,-0.0,75.0,0.004,0.004,112.5,0.001,0.001,,,,,,,gauge block set GB-02,technician,E-0163,,20260106T061500Z-QE24M
CAL-00044,G-0286,2023-05-28,2023-05-20,2023-05-28,2023-05-30,pass,0.001,25.5,-0.0002,-0.0002,,,,,,,,,,,,,laboratory reference,laboratory,S-057,LC-2358161,20260106T061500Z-QE24M
CAL-00045,G-0290,2023-05-29,2023-05-24,2023-05-31,2023-06-04,pass,0.001,25.5,0.0003,0.0003,,,,,,,,,,,,,laboratory reference,laboratory,S-057,LC-2394776,20260106T061500Z-QE24M
CAL-00046,G-0263,2023-05-28,2023-05-21,2023-06-01,2023-06-06,pass,0.001,25.5,0.0002,0.0002,,,,,,,,,,,,,laboratory reference,laboratory,S-057,LC-2396355,20260106T061500Z-QE24M
CAL-00047,G-0208,2023-06-01,2023-06-01,2023-06-04,2023-06-05,pass,0.005,12.5,0.0001,0.0001,,,,,,,,,,,,,thread setting plug set,technician,E-0163,,20260106T061500Z-QE24M
CAL-00048,G-0151,2023-06-07,2023-06-10,2023-06-10,2023-06-10,pass,0.02,37.5,0.001,0.001,75.0,0.001,0.001,112.5,0.006,0.006,,,,,,,gauge block set GB-02,technician,E-0163,,20260106T061500Z-QE24M
CAL-00049,G-0166,2023-06-07,2023-06-10,2023-06-11,2023-06-12,pass,0.02,37.5,0.001,0.001,75.0,0.003,0.003,112.5,0.003,0.003,,,,,,,gauge block set GB-02,technician,E-0163,,20260106T061500Z-QE24M
CAL-00050,G-0202,2023-06-12,2023-06-15,2023-06-15,2023-06-17,pass,0.005,12.5,-0.0014,-0.0014,,,,,,,,,,,,,thread setting plug set,technician,E-0163,,20260106T061500Z-QE24M
CAL-00051,G-0218,2023-06-17,2023-06-17,2023-06-20,2023-06-20,pass,0.005,12.5,-0.0005,-0.0005,,,,,,,,,,,,,thread setting plug set,technician,E-0163,,20260106T061500Z-QE24M
CAL-00052,G-0169,2023-06-19,2023-06-19,2023-06-21,2023-06-23,pass,0.02,37.5,-0.0,-0.0,75.0,-0.003,-0.003,112.5,0.001,0.001,,,,,,,gauge block set GB-02,technician,E-0163,,20260106T061500Z-QE24M
CAL-00053,G-0284,2023-06-18,2023-06-14,2023-06-21,2023-06-26,pass,0.001,25.5,-0.0001,-0.0001,,,,,,,,,,,,,laboratory reference,laboratory,S-057,LC-2384480,20260106T061500Z-QE24M
CAL-00054,G-0227,2023-07-04,2023-07-03,2023-07-05,2023-07-07,pass,0.005,12.5,-0.0009,-0.0009,,,,,,,,,,,,,thread setting plug set,technician,E-0163,,20260106T061500Z-QE24M
CAL-00055,G-0092,2023-07-04,2023-07-03,2023-07-06,2023-07-07,pass,0.002,25.0,0.0002,0.0002,31.25,0.0005,0.0005,37.5,0.001,0.001,43.75,0.001,0.001,50.0,0.0006,0.0006,gauge block set GB-01,technician,E-0163,,20260106T061500Z-QE24M
CAL-00056,G-0116,2023-07-01,2023-07-06,2023-07-06,2023-07-07,pass,0.002,50.0,-0.0003,-0.0003,56.25,-0.0004,-0.0004,62.5,-0.0003,-0.0003,68.75,-0.0007,-0.0007,75.0,0.0005,0.0005,gauge block set GB-01,technician,E-0163,,20260106T061500Z-QE24M
CAL-00057,G-0228,2023-07-02,2023-07-04,2023-07-07,2023-07-07,pass,0.005,12.5,0.0014,0.0014,,,,,,,,,,,,,thread setting plug set,technician,E-0163,,20260106T061500Z-QE24M
CAL-00058,G-0150,2023-07-06,2023-07-06,2023-07-08,2023-07-10,pass,0.02,37.5,-0.007,-0.007,75.0,-0.007,-0.007,112.5,-0.007,-0.007,,,,,,,gauge block set GB-02,technician,E-0163,,20260106T061500Z-QE24M
CAL-00059,G-0199,2023-07-10,2023-07-10,2023-07-10,2023-07-12,pass,0.02,75.0,0.005,0.005,150.0,-0.004,-0.004,225.0,0.001,0.001,,,,,,,gauge block set GB-02,technician,E-0163,,20260106T061500Z-QE24M
CAL-00060,G-0298,2023-07-10,2023-07-05,2023-07-10,2023-07-12,pass,0.001,25.5,-0.0,-0.0,,,,,,,,,,,,,laboratory reference,laboratory,S-057,LC-2311357,20260106T061500Z-QE24M
CAL-00061,G-0083,2023-07-11,2023-07-10,2023-07-12,2023-07-13,pass,0.002,25.0,0.0001,0.0001,31.25,0.0003,0.0003,37.5,0.0004,0.0004,43.75,0.0002,0.0002,50.0,0.0002,0.0002,gauge block set GB-01,technician,E-0163,,20260106T061500Z-QE24M
CAL-00062,G-0100,2023-07-11,2023-07-09,2023-07-12,2023-07-13,pass,0.002,25.0,-0.0006,-0.0006,31.25,-0.0003,-0.0003,37.5,0.0001,0.0001,43.75,-0.0004,-0.0004,50.0,-0.0003,-0.0003,gauge block set GB-01,technician,E-0163,,20260106T061500Z-QE24M
CAL-00063,G-0185,2023-07-09,2023-07-10,2023-07-12,2023-07-13,pass,0.02,37.5,-0.0,-0.0,75.0,-0.001,-0.001,112.5,-0.006,-0.006,,,,,,,gauge block set GB-02,technician,E-0163,,20260106T061500Z-QE24M
CAL-00064,G-0090,2023-07-12,2023-07-12,2023-07-13,2023-07-14,adjusted,0.002,25.0,-0.0002,0.0001,31.25,-0.0008,-0.0001,37.5,-0.0004,0.0001,43.75,-0.0013,0.0,50.0,-0.0004,0.0001,gauge block set GB-01,technician,E-0163,,20260106T061500Z-QE24M
CAL-00065,G-0209,2023-07-08,2023-07-13,2023-07-13,2023-07-13,pass,0.005,12.5,-0.0024,-0.0024,,,,,,,,,,,,,thread setting plug set,technician,E-0163,,20260106T061500Z-QE24M
CAL-00066,G-0165,2023-07-10,2023-07-13,2023-07-14,2023-07-14,adjusted,0.02,37.5,0.0,0.002,75.0,0.01,-0.001,112.5,0.014,0.001,,,,,,,gauge block set GB-02,technician,E-0163,,20260106T061500Z-QE24M
CAL-00067,G-0088,2023-07-10,2023-07-13,2023-07-15,2023-07-15,pass,0.002,25.0,0.0001,0.0001,31.25,0.0007,0.0007,37.5,0.0003,0.0003,43.75,-0.0002,-0.0002,50.0,0.0004,0.0004,gauge block set GB-01,technician,E-0163,,20260106T061500Z-QE24M
CAL-00068,G-0040,2023-07-14,2023-07-17,2023-07-17,2023-07-19,pass,0.002,0.0,-0.0007,-0.0007,6.25,-0.0003,-0.0003,12.5,0.0003,0.0003,18.75,0.0001,0.0001,25.0,0.0005,0.0005,gauge block set GB-01,technician,E-0163,,20260106T061500Z-QE24M
CAL-00069,G-0179,2023-07-17,2023-07-15,2023-07-17,2023-07-17,pass,0.02,37.5,0.003,0.003,75.0,-0.005,-0.005,112.5,0.005,0.005,,,,,,,gauge block set GB-02,technician,E-0163,,20260106T061500Z-QE24M
CAL-00070,G-0033,2023-07-15,2023-07-17,2023-07-19,2023-07-19,pass,0.002,0.0,0.0008,0.0008,6.25,0.0003,0.0003,12.5,-0.0001,-0.0001,18.75,0.0002,0.0002,25.0,0.0,0.0,gauge block set GB-01,technician,E-0163,,20260106T061500Z-QE24M
CAL-00071,G-0081,2023-07-19,2023-07-16,2023-07-19,2023-07-19,pass,0.002,25.0,-0.0006,-0.0006,31.25,-0.0009,-0.0009,37.5,-0.0003,-0.0003,43.75,0.0001,0.0001,50.0,-0.0003,-0.0003,gauge block set GB-01,technician,E-0163,,20260106T061500Z-QE24M
CAL-00072,G-0195,2023-07-16,2023-07-19,2023-07-19,2023-07-21,pass,0.02,75.0,-0.001,-0.001,150.0,0.003,0.003,225.0,0.004,0.004,,,,,,,gauge block set GB-02,technician,E-0163,,20260106T061500Z-QE24M
CAL-00073,G-0042,2023-07-20,2023-07-20,2023-07-20,2023-07-20,pass,0.002,0.0,-0.0005,-0.0005,6.25,0.0006,0.0006,12.5,0.0004,0.0004,18.75,0.0005,0.0005,25.0,0.0001,0.0001,gauge block set GB-01,technician,E-0163,,20260106T061500Z-QE24M
CAL-00074,G-0129,2023-07-18,2023-07-18,2023-07-20,2023-07-22,pass,0.02,37.5,-0.0,-0.0,75.0,-0.003,-0.003,112.5,-0.003,-0.003,,,,,,,gauge block set GB-02,technician,E-0163,,20260106T061500Z-QE24M
CAL-00075,G-0053,2023-07-17,2023-07-20,2023-07-21,2023-07-21,pass,0.002,0.0,0.0002,0.0002,6.25,-0.0003,-0.0003,12.5,-0.0002,-0.0002,18.75,-0.0004,-0.0004,25.0,-0.0001,-0.0001,gauge block set GB-01,technician,E-0163,,20260106T061500Z-QE24M
CAL-00076,G-0135,2023-07-17,2023-07-22,2023-07-22,2023-07-24,pass,0.02,37.5,0.0,0.0,75.0,0.011,0.011,112.5,0.003,0.003,,,,,,,gauge block set GB-02,technician,E-0163,,20260106T061500Z-QE24M
CAL-00077,G-0117,2023-07-23,2023-07-20,2023-07-23,2023-07-23,pass,0.002,50.0,-0.0005,-0.0005,56.25,-0.0002,-0.0002,62.5,0.0003,0.0003,68.75,-0.0003,-0.0003,75.0,0.0003,0.0003,gauge block set GB-01,technician,E-0163,,20260106T061500Z-QE24M
CAL-00078,G-0075,2023-07-20,2023-07-24,2023-07-24,2023-07-24,pass,0.002,25.0,-0.0001,-0.0001,31.25,0.0007,0.0007,37.5,0.0002,0.0002,43.75,0.0005,0.0005,50.0,-0.0005,-0.0005,gauge block set GB-01,technician,E-0163,,20260106T061500Z-QE24M
CAL-00079,G-0008,2023-07-23,2023-07-25,2023-07-26,2023-07-26,pass,0.0025,18.0,0.0002,0.0002,22.25,0.0006,0.0006,26.5,0.0005,0.0005,30.75,0.0005,0.0005,35.0,0.0006,0.0006,setting ring set SR-02,technician,E-0163,,20260106T061500Z-QE24M
CAL-00080,G-0154,2023-07-26,2023-07-27,2023-07-27,2023-07-29,pass,0.02,37.5,0.007,0.007,75.0,-0.001,-0.001,112.5,0.009,0.009,,,,,,,gauge block set GB-02,technician,E-0163,,20260106T061500Z-QE24M
CAL-00081,G-0085,2023-07-26,2023-07-26,2023-07-29,2023-07-31,adjusted,0.002,25.0,-0.0016,0.0003,31.25,-0.0002,0.0,37.5,0.0003,-0.0001,43.75,-0.001,-0.0001,50.0,-0.0002,-0.0,gauge block set GB-01,technician,E-0163,,20260106T061500Z-QE24M
CAL-00082,G-0119,2023-07-26,2023-07-31,2023-07-31,2023-08-01,adjusted,0.002,50.0,0.0006,-0.0,56.25,-0.0005,-0.0002,62.5,0.0012,-0.0,68.75,-0.0001,-0.0003,75.0,-0.0,0.0001,gauge block set GB-01,technician,E-0163,,20260106T061500Z-QE24M
CAL-00083,G-0123,2023-07-26,2023-07-30,2023-07-31,2023-08-01,pass,0.002,50.0,0.0009,0.0009,56.25,-0.0004,-0.0004,62.5,0.0005,0.0005,68.75,0.0001,0.0001,75.0,0.0002,0.0002,gauge block set GB-01,technician,E-0163,,20260106T061500Z-QE24M
CAL-00084,G-0257,2023-07-31,2023-07-30,2023-07-31,2023-07-31,pass,0.002,0.25,-0.0005,-0.0005,0.5,-0.0005,-0.0005,0.75,-0.0001,-0.0001,,,,,,,dial calibrator DC-01,technician,E-0163,,20260106T061500Z-QE24M
CAL-00085,G-0080,2023-07-31,2023-08-02,2023-08-02,2023-08-02,adjusted,0.002,25.0,-0.0002,-0.0001,31.25,-0.0012,0.0003,37.5,-0.0,0.0002,43.75,0.0008,0.0003,50.0,-0.0008,0.0001,gauge block set GB-01,technician,E-0163,,20260106T061500Z-QE24M
CAL-00086,G-0292,2023-08-01,2023-07-28,2023-08-03,2023-08-06,pass,0.001,25.5,0.0,0.0,,,,,,,,,,,,,laboratory reference,laboratory,S-057,LC-2380626,20260106T061500Z-QE24M
CAL-00087,G-0039,2023-07-31,2023-08-02,2023-08-04,2023-08-05,adjusted,0.002,0.0,-0.0011,-0.0004,6.25,-0.0011,0.0001,12.5,-0.0005,0.0003,18.75,-0.0007,0.0002,25.0,-0.0007,-0.0001,gauge block set GB-01,technician,E-0163,,20260106T061500Z-QE24M
CAL-00088,G-0192,2023-07-30,2023-08-02,2023-08-04,2023-08-05,pass,0.02,75.0,-0.002,-0.002,150.0,-0.0,-0.0,225.0,-0.001,-0.001,,,,,,,gauge block set GB-02,technician,E-0163,,20260106T061500Z-QE24M
CAL-00089,G-0087,2023-08-02,2023-08-02,2023-08-05,2023-08-06,pass,0.002,25.0,-0.0003,-0.0003,31.25,0.001,0.001,37.5,0.0001,0.0001,43.75,0.0002,0.0002,50.0,-0.0002,-0.0002,gauge block set GB-01,technician,E-0163,,20260106T061500Z-QE24M
CAL-00090,G-0060,2023-08-03,2023-08-03,2023-08-06,2023-08-06,adjusted,0.002,0.0,0.0006,0.0002,6.25,0.0003,-0.0003,12.5,0.0016,-0.0002,18.75,0.0009,-0.0,25.0,0.0008,-0.0004,gauge block set GB-01,technician,E-0163,,20260106T061500Z-QE24M
CAL-00091,G-0096,2023-08-02,2023-08-04,2023-08-06,2023-08-07,pass,0.002,25.0,-0.0003,-0.0003,31.25,-0.0004,-0.0004,37.5,-0.0005,-0.0005,43.75,-0.0005,-0.0005,50.0,-0.0003,-0.0003,gauge block set GB-01,technician,E-0163,,20260106T061500Z-QE24M
CAL-00092,G-0217,2023-08-05,2023-08-06,2023-08-07,2023-08-08,pass,0.005,12.5,0.0019,0.0019,,,,,,,,,,,,,thread setting plug set,technician,E-0163,,20260106T061500Z-QE24M
CAL-00093,G-0291,2023-08-04,2023-07-28,2023-08-08,2023-08-12,pass,0.001,25.5,-0.0004,-0.0004,,,,,,,,,,,,,laboratory reference,laboratory,S-057,LC-2335595,20260106T061500Z-QE24M
CAL-00094,G-0181,2023-08-04,2023-08-08,2023-08-09,2023-08-09,pass,0.02,37.5,-0.0,-0.0,75.0,0.0,0.0,112.5,-0.005,-0.005,,,,,,,gauge block set GB-02,technician,E-0163,,20260106T061500Z-QE24M
CAL-00095,G-0038,2023-08-07,2023-08-07,2023-08-10,2023-08-12,pass,0.002,0.0,0.0002,0.0002,6.25,-0.0001,-0.0001,12.5,0.001,0.001,18.75,0.0001,0.0001,25.0,0.0006,0.0006,gauge block set GB-01,technician,E-0163,,20260106T061500Z-QE24M
CAL-00096,G-0269,2023-08-10,2023-08-03,2023-08-10,2023-08-14,pass,0.001,25.5,-0.0001,-0.0001,,,,,,,,,,,,,laboratory reference,laboratory,S-057,LC-2391546,20260106T061500Z-QE24M
CAL-00097,G-0153,2023-08-10,2023-08-11,2023-08-11,2023-08-12,pass,0.02,37.5,-0.007,-0.007,75.0,-0.004,-0.004,112.5,-0.006,-0.006,,,,,,,gauge block set GB-02,technician,E-0163,,20260106T061500Z-QE24M
CAL-00098,G-0262,2023-08-09,2023-08-11,2023-08-11,2023-08-13,pass,0.002,0.25,-0.0007,-0.0007,0.5,0.0001,0.0001,0.75,-0.0,-0.0,,,,,,,dial calibrator DC-01,technician,E-0163,,20260106T061500Z-QE24M
CAL-00099,G-0285,2023-08-08,2023-08-03,2023-08-11,2023-08-15,pass,0.001,25.5,0.0005,0.0005,,,,,,,,,,,,,laboratory reference,laboratory,S-057,LC-2321180,20260106T061500Z-QE24M
CAL-00100,G-0037,2023-08-11,2023-08-12,2023-08-13,2023-08-13,pass,0.002,0.0,-0.0003,-0.0003,6.25,-0.0005,-0.0005,12.5,-0.0007,-0.0007,18.75,0.0003,0.0003,25.0,-0.0003,-0.0003,gauge block set GB-01,technician,E-0163,,20260106T061500Z-QE24M
CAL-00101,G-0231,2023-08-09,2023-08-11,2023-08-13,2023-08-15,pass,0.05,5.333,0.004,0.004,10.667,-0.005,-0.005,,,,,,,,,,roughness specimen set,technician,E-0163,,20260106T061500Z-QE24M
CAL-00102,G-0059,2023-08-11,2023-08-14,2023-08-14,2023-08-15,pass,0.002,0.0,-0.0,-0.0,6.25,-0.0001,-0.0001,12.5,0.0002,0.0002,18.75,0.0002,0.0002,25.0,0.0004,0.0004,gauge block set GB-01,technician,E-0163,,20260106T061500Z-QE24M
CAL-00103,G-0069,2023-08-12,2023-08-14,2023-08-14,2023-08-16,pass,0.002,25.0,-0.0002,-0.0002,31.25,0.0001,0.0001,37.5,0.0004,0.0004,43.75,0.0001,0.0001,50.0,-0.0001,-0.0001,gauge block set GB-01,technician,E-0163,,20260106T061500Z-QE24M
CAL-00104,G-0171,2023-08-11,2023-08-11,2023-08-14,2023-08-15,pass,0.02,37.5,-0.004,-0.004,75.0,-0.004,-0.004,112.5,-0.003,-0.003,,,,,,,gauge block set GB-02,technician,E-0163,,20260106T061500Z-QE24M
CAL-00105,G-0204,2023-08-09,2023-08-13,2023-08-14,2023-08-14,pass,0.005,12.5,-0.0007,-0.0007,,,,,,,,,,,,,thread setting plug set,technician,E-0163,,20260106T061500Z-QE24M
CAL-00106,G-0265,2023-08-13,2023-08-13,2023-08-18,2023-08-23,pass,0.001,25.5,0.0,0.0,,,,,,,,,,,,,laboratory reference,laboratory,S-057,LC-2395083,20260106T061500Z-QE24M
CAL-00107,G-0102,2023-08-16,2023-08-17,2023-08-19,2023-08-20,pass,0.002,25.0,0.0007,0.0007,31.25,-0.0002,-0.0002,37.5,0.0008,0.0008,43.75,0.0005,0.0005,50.0,-0.0006,-0.0006,gauge block set GB-01,technician,E-0163,,20260106T061500Z-QE24M
CAL-00108,G-0112,2023-08-23,2023-08-23,2023-08-23,2023-08-24,pass,0.002,50.0,-0.0005,-0.0005,56.25,-0.0005,-0.0005,62.5,-0.0004,-0.0004,68.75,-0.0009,-0.0009,75.0,-0.0006,-0.0006,gauge block set GB-01,technician,E-0163,,20260106T061500Z-QE24M
CAL-00109,G-0158,2023-08-19,2023-08-20,2023-08-23,2023-08-23,pass,0.02,37.5,-0.002,-0.002,75.0,-0.007,-0.007,112.5,-0.002,-0.002,,,,,,,gauge block set GB-02,technician,E-0163,,20260106T061500Z-QE24M
CAL-00110,G-0043,2023-08-23,2023-08-23,2023-08-24,2023-08-25,pass,0.002,0.0,0.0003,0.0003,6.25,0.0009,0.0009,12.5,-0.0002,-0.0002,18.75,-0.0007,-0.0007,25.0,-0.0001,-0.0001,gauge block set GB-01,technician,E-0163,,20260106T061500Z-QE24M
CAL-00111,G-0297,2023-08-20,2023-08-18,2023-08-24,2023-08-28,pass,0.001,25.5,-0.0005,-0.0005,,,,,,,,,,,,,laboratory reference,laboratory,S-057,LC-2330609,20260106T061500Z-QE24M
CAL-00112,G-0221,2023-08-20,2023-08-23,2023-08-25,2023-08-26,pass,0.005,12.5,-0.0004,-0.0004,,,,,,,,,,,,,thread setting plug set,technician,E-0163,,20260106T061500Z-QE24M
CAL-00113,G-0082,2023-08-23,2023-08-26,2023-08-27,2023-08-27,pass,0.002,25.0,-0.0004,-0.0004,31.25,0.0009,0.0009,37.5,-0.0005,-0.0005,43.75,-0.0004,-0.0004,50.0,0.0004,0.0004,gauge block set GB-01,technician,E-0163,,20260106T061500Z-QE24M
CAL-00114,G-0045,2023-08-27,2023-08-25,2023-08-28,2023-08-28,pass,0.002,0.0,0.0002,0.0002,6.25,0.0,0.0,12.5,0.0001,0.0001,18.75,-0.0006,-0.0006,25.0,-0.0003,-0.0003,gauge block set GB-01,technician,E-0163,,20260106T061500Z-QE24M
CAL-00115,G-0210,2023-08-24,2023-08-28,2023-08-28,2023-08-28,pass,0.005,12.5,0.0005,0.0005,,,,,,,,,,,,,thread setting plug set,technician,E-0163,,20260106T061500Z-QE24M
CAL-00116,G-0003,2023-08-27,2023-08-25,2023-09-01,2023-09-04,pass,0.003,75.0,0.0002,0.0002,150.0,0.0004,0.0004,225.0,-0.0001,-0.0001,,,,,,,glass scale,laboratory,S-057,LC-2367850,20260106T061500Z-QE24M
CAL-00117,G-0078,2023-08-27,2023-08-30,2023-09-01,2023-09-02,adjusted,0.002,25.0,-0.0003,0.0002,31.25,-0.0014,0.0001,37.5,-0.0007,0.0001,43.75,-0.0003,0.0,50.0,-0.0004,0.0003,gauge block set GB-01,technician,E-0163,,20260106T061500Z-QE24M
CAL-00118,G-0140,2023-09-01,2023-08-30,2023-09-01,2023-09-01,pass,0.02,37.5,-0.0,-0.0,75.0,-0.002,-0.002,112.5,-0.007,-0.007,,,,,,,gauge block set GB-02,technician,E-0163,,20260106T061500Z-QE24M
CAL-00119,G-0126,2023-08-29,2023-08-30,2023-09-02,2023-09-02,pass,0.02,37.5,-0.002,-0.002,75.0,-0.001,-0.001,112.5,-0.001,-0.001,,,,,,,gauge block set GB-02,technician,E-0163,,20260106T061500Z-QE24M
CAL-00120,G-0141,2023-08-31,2023-09-02,2023-09-02,2023-09-03,pass,0.02,37.5,-0.004,-0.004,75.0,0.002,0.002,112.5,0.008,0.008,,,,,,,gauge block set GB-02,technician,E-0163,,20260106T061500Z-QE24M
CAL-00121,G-0213,2023-08-28,2023-08-31,2023-09-02,2023-09-04,pass,0.005,12.5,0.0012,0.0012,,,,,,,,,,,,,thread setting plug set,technician,E-0163,,20260106T061500Z-QE24M
CAL-00122,G-0256,2023-09-01,2023-08-31,2023-09-02,2023-09-04,pass,0.002,0.25,0.0006,0.0006,0.5,0.0004,0.0004,0.75,0.0007,0.0007,,,,,,,dial calibrator DC-01,technician,E-0163,,20260106T061500Z-QE24M
CAL-00123,G-0167,2023-09-01,2023-09-04,2023-09-04,2023-09-04,pass,0.02,37.5,0.006,0.006,75.0,0.008,0.008,112.5,-0.003,-0.003,,,,,,,gauge block set GB-02,technician,E-0163,,20260106T061500Z-QE24M
CAL-00124,G-0058,2023-09-01,2023-09-03,2023-09-05,2023-09-05,pass,0.002,0.0,0.0007,0.0007,6.25,0.0002,0.0002,12.5,0.0003,0.0003,18.75,0.0007,0.0007,25.0,0.0006,0.0006,gauge block set GB-01,technician,E-0163,,20260106T061500Z-QE24M
CAL-00125,G-0035,2023-09-06,2023-09-06,2023-09-06,2023-09-08,pass,0.002,0.0,-0.0,-0.0,6.25,-0.0004,-0.0004,12.5,0.0,0.0,18.75,-0.0009,-0.0009,25.0,-0.0003,-0.0003,gauge block set GB-01,technician,E-0163,,20260106T061500Z-QE24M
CAL-00126,G-0114,2023-09-02,2023-09-05,2023-09-06,2023-09-08,pass,0.002,50.0,0.0004,0.0004,56.25,0.0006,0.0006,62.5,-0.0002,-0.0002,68.75,0.0002,0.0002,75.0,0.0001,0.0001,gauge block set GB-01,technician,E-0163,,20260106T061500Z-QE24M
CAL-00127,G-0030,2023-09-02,2023-09-07,2023-09-07,2023-09-07,adjusted,0.002,0.0,0.0002,-0.0002,6.25,-0.001,-0.0,12.5,0.0002,0.0001,18.75,-0.0008,-0.0001,25.0,-0.0011,-0.0,gauge block set GB-01,technician,E-0163,,20260106T061500Z-QE24M
CAL-00128,G-0258,2023-09-08,2023-09-07,2023-09-08,2023-09-10,pass,0.002,0.25,-0.0003,-0.0003,0.5,-0.0003,-0.0003,0.75,-0.0006,-0.0006,,,,,,,dial calibrator DC-01,technician,E-0163,,20260106T061500Z-QE24M
CAL-00129,G-0099,2023-09-05,2023-09-08,2023-09-09,2023-09-10,pass,0.002,25.0,-0.0003,-0.0003,31.25,-0.0008,-0.0008,37.5,-0.0006,-0.0006,43.75,-0.0005,-0.0005,50.0,-0.0007,-0.0007,gauge block set GB-01,technician,E-0163,,20260106T061500Z-QE24M
CAL-00130,G-0279,2023-09-05,2023-09-01,2023-09-09,2023-09-14,pass,0.001,25.5,-0.0002,-0.0002,,,,,,,,,,,,,laboratory reference,laboratory,S-057,LC-2315718,20260106T061500Z-QE24M
CAL-00131,G-0120,2023-09-10,2023-09-10,2023-09-11,2023-09-12,pass,0.002,50.0,0.0001,0.0001,56.25,0.0005,0.0005,62.5,-0.0003,-0.0003,68.75,0.0003,0.0003,75.0,0.0007,0.0007,gauge block set GB-01,technician,E-0163,,20260106T061500Z-QE24M
CAL-00132,G-0299,2023-09-07,2023-09-02,2023-09-11,2023-09-15,pass,0.001,25.5,0.0,0.0,,,,,,,,,,,,,laboratory reference,laboratory,S-057,LC-2352634,20260106T061500Z-QE24M
CAL-00133,G-0214,2023-09-08,2023-09-09,2023-09-12,2023-09-14,pass,0.005,12.5,0.0001,0.0001,,,,,,,,,,,,,thread setting plug set,technician,E-0163,,20260106T061500Z-QE24M
CAL-00134,G-0267,2023-09-13,2023-09-08,2023-09-13,2023-09-16,pass,0.001,25.5,0.0001,0.0001,,,,,,,,,,,,,laboratory reference,laboratory,S-057,LC-2318513,20260106T061500Z-QE24M
CAL-00135,G-0071,2023-09-13,2023-09-13,2023-09-15,2023-09-16,pass,0.002,25.0,-0.0004,-0.0004,31.25,-0.0002,-0.0002,37.5,0.0003,0.0003,43.75,0.0004,0.0004,50.0,-0.0004,-0.0004,gauge block set GB-01,technician,E-0163,,20260106T061500Z-QE24M
CAL-00136,G-0224,2023-09-14,2023-09-14,2023-09-16,2023-09-17,pass,0.005,12.5,-0.0002,-0.0002,,,,,,,,,,,,,thread setting plug set,technician,E-0163,,20260106T061500Z-QE24M
CAL-00137,G-0051,2023-09-18,2023-09-16,2023-09-18,2023-09-19,pass,0.002,0.0,0.0002,0.0002,6.25,-0.0003,-0.0003,12.5,-0.0004,-0.0004,18.75,-0.0002,-0.0002,25.0,-0.0001,-0.0001,gauge block set GB-01,technician,E-0163,,20260106T061500Z-QE24M
CAL-00138,G-0095,2023-09-15,2023-09-18,2023-09-18,2023-09-19,adjusted,0.002,25.0,-0.0003,0.0,31.25,0.0002,-0.0,37.5,0.0001,-0.0001,43.75,-0.0016,-0.0001,50.0,-0.0001,0.0001,gauge block set GB-01,technician,E-0163,,20260106T061500Z-QE24M
CAL-00139,G-0193,2023-09-18,2023-09-17,2023-09-18,2023-09-18,pass,0.02,75.0,-0.011,-0.011,150.0,0.0,0.0,225.0,-0.007,-0.007,,,,,,,gauge block set GB-02,technician,E-0163,,20260106T061500Z-QE24M
CAL-00140,G-0056,2023-09-16,2023-09-17,2023-09-20,2023-09-21,adjusted,0.002,0.0,0.0008,0.0001,6.25,-0.0005,-0.0003,12.5,0.0001,-0.0002,18.75,0.0002,0.0001,25.0,0.0013,0.0002,gauge block set GB-01,technician,E-0163,,20260106T061500Z-QE24M
CAL-00141,G-0225,2023-09-16,2023-09-20,2023-09-21,2023-09-22,pass,0.005,12.5,-0.0004,-0.0004,,,,,,,,,,,,,thread setting plug set,technician,E-0163,,20260106T061500Z-QE24M
CAL-00142,G-0073,2023-09-22,2023-09-21,2023-09-22,2023-09-22,pass,0.002,25.0,-0.0003,-0.0003,31.25,0.0004,0.0004,37.5,-0.0002,-0.0002,43.75,0.0002,0.0002,50.0,-0.0002,-0.0002,gauge block set GB-01,technician,E-0163,,20260106T061500Z-QE24M
CAL-00143,G-0186,2023-09-22,2023-09-22,2023-09-22,2023-09-22,pass,0.02,75.0,0.005,0.005,150.0,0.003,0.003,225.0,0.009,0.009,,,,,,,gauge block set GB-02,technician,E-0163,,20260106T061500Z-QE24M
CAL-00144,G-0266,2023-09-18,2023-09-17,2023-09-22,2023-09-27,pass,0.001,25.5,-0.0002,-0.0002,,,,,,,,,,,,,laboratory reference,laboratory,S-057,LC-2394288,20260106T061500Z-QE24M
CAL-00145,G-0079,2023-09-23,2023-09-20,2023-09-23,2023-09-24,pass,0.002,25.0,-0.0002,-0.0002,31.25,0.0005,0.0005,37.5,-0.0003,-0.0003,43.75,0.0007,0.0007,50.0,-0.0004,-0.0004,gauge block set GB-01,technician,E-0163,,20260106T061500Z-QE24M
CAL-00146,G-0162,2023-09-22,2023-09-22,2023-09-23,2023-09-25,pass,0.02,37.5,-0.0,-0.0,75.0,0.005,0.005,112.5,-0.0,-0.0,,,,,,,gauge block set GB-02,technician,E-0163,,20260106T061500Z-QE24M
CAL-00147,G-0277,2023-09-23,2023-09-20,2023-09-26,2023-10-01,pass,0.001,25.5,0.0003,0.0003,,,,,,,,,,,,,laboratory reference,laboratory,S-057,LC-2373054,20260106T061500Z-QE24M
CAL-00148,G-0044,2023-09-27,2023-09-27,2023-09-29,2023-09-30,pass,0.002,0.0,0.0006,0.0006,6.25,0.0008,0.0008,12.5,-0.0001,-0.0001,18.75,-0.0002,-0.0002,25.0,0.0003,0.0003,gauge block set GB-01,technician,E-0163,,20260106T061500Z-QE24M
CAL-00149,G-0050,2023-09-27,2023-09-26,2023-09-29,2023-10-01,pass,0.002,0.0,0.0009,0.0009,6.25,0.0011,0.0011,12.5,0.0007,0.0007,18.75,0.0001,0.0001,25.0,0.0001,0.0001,gauge block set GB-01,technician,E-0163,,20260106T061500Z-QE24M
CAL-00150,G-0066,2023-09-24,2023-09-28,2023-09-29,2023-09-29,pass,0.002,25.0,0.0005,0.0005,31.25,-0.001,-0.001,37.5,0.0005,0.0005,43.75,0.0006,0.0006,50.0,-0.0004,-0.0004,gauge block set GB-01,technician,E-0163,,20260106T061500Z-QE24M
CAL-00151,G-0101,2023-09-26,2023-09-27,2023-09-29,2023-09-30,adjusted,0.002,25.0,-0.0001,0.0002,31.25,-0.0001,0.0003,37.5,-0.0004,0.0,43.75,0.0012,0.0,50.0,0.0005,-0.0001,gauge block set GB-01,technician,E-0163,,20260106T061500Z-QE24M
CAL-00152,G-0055,2023-09-26,2023-09-30,2023-09-30,2023-10-02,pass,0.002,0.0,0.0005,0.0005,6.25,0.0006,0.0006,12.5,-0.0002,-0.0002,18.75,0.0,0.0,25.0,0.0002,0.0002,gauge block set GB-01,technician,E-0163,,20260106T061500Z-QE24M
CAL-00153,G-0160,2023-09-27,2023-09-30,2023-09-30,2023-10-02,pass,0.02,37.5,0.005,0.005,75.0,0.004,0.004,112.5,0.005,0.005,,,,,,,gauge block set GB-02,technician,E-0163,,20260106T061500Z-QE24M
CAL-00154,G-0296,2023-09-25,2023-09-20,2023-09-30,2023-10-04,pass,0.001,25.5,0.0002,0.0002,,,,,,,,,,,,,laboratory reference,laboratory,S-057,LC-2394985,20260106T061500Z-QE24M
CAL-00155,G-0047,2023-09-28,2023-09-28,2023-10-01,2023-10-03,pass,0.002,0.0,0.0002,0.0002,6.25,0.0006,0.0006,12.5,-0.0005,-0.0005,18.75,-0.0,-0.0,25.0,0.0001,0.0001,gauge block set GB-01,technician,E-0163,,20260106T061500Z-QE24M
CAL-00156,G-0070,2023-09-29,2023-09-28,2023-10-01,2023-10-03,pass,0.002,25.0,0.0,0.0,31.25,-0.0003,-0.0003,37.5,0.0002,0.0002,43.75,0.0003,0.0003,50.0,-0.0004,-0.0004,gauge block set GB-01,technician,E-0163,,20260106T061500Z-QE24M
CAL-00157,G-0121,2023-10-02,2023-10-03,2023-10-04,2023-10-06,pass,0.002,50.0,-0.0001,-0.0001,56.25,0.0005,0.0005,62.5,-0.0001,-0.0001,68.75,-0.0001,-0.0001,75.0,0.0005,0.0005,gauge block set GB-01,technician,E-0163,,20260106T061500Z-QE24M
CAL-00158,G-0136,2023-09-29,2023-10-03,2023-10-04,2023-10-05,adjusted,0.02,37.5,-0.006,-0.002,75.0,-0.014,-0.001,112.5,-0.005,-0.001,,,,,,,gauge block set GB-02,technician,E-0163,,20260106T061500Z-QE24M
CAL-00159,G-0196,2023-09-30,2023-10-03,2023-10-04,2023-10-04,pass,0.02,75.0,-0.001,-0.001,150.0,-0.004,-0.004,225.0,-0.008,-0.008,,,,,,,gauge block set GB-02,technician,E-0163,,20260106T061500Z-QE24M
CAL-00160,G-0198,2023-09-29,2023-10-03,2023-10-04,2023-10-04,pass,0.02,75.0,-0.002,-0.002,150.0,-0.005,-0.005,225.0,-0.002,-0.002,,,,,,,gauge block set GB-02,technician,E-0163,,20260106T061500Z-QE24M
CAL-00161,G-0245,2023-09-30,2023-10-03,2023-10-04,2023-10-04,pass,0.002,0.25,0.0001,0.0001,0.5,0.0004,0.0004,0.75,0.0001,0.0001,,,,,,,dial calibrator DC-01,technician,E-0163,,20260106T061500Z-QE24M
CAL-00162,G-0015,2023-10-03,2023-10-03,2023-10-05,2023-10-07,pass,0.0025,10.0,-0.0009,-0.0009,12.0,-0.0002,-0.0002,14.0,-0.0004,-0.0004,16.0,-0.0001,-0.0001,18.0,-0.0003,-0.0003,setting ring set SR-02,technician,E-0163,,20260106T061500Z-QE24M
CAL-00163,G-0138,2023-10-03,2023-10-04,2023-10-05,2023-10-07,pass,0.02,37.5,-0.006,-0.006,75.0,-0.006,-0.006,112.5,-0.005,-0.005,,,,,,,gauge block set GB-02,technician,E-0163,,20260106T061500Z-QE24M
CAL-00164,G-0243,2023-10-04,2023-10-04,2023-10-05,2023-10-05,pass,0.002,0.25,-0.0009,-0.0009,0.5,-0.0006,-0.0006,0.75,-0.0004,-0.0004,,,,,,,dial calibrator DC-01,technician,E-0163,,20260106T061500Z-QE24M
CAL-00165,G-0108,2023-10-01,2023-10-05,2023-10-06,2023-10-07,pass,0.002,25.0,0.0006,0.0006,31.25,-0.0003,-0.0003,37.5,-0.0002,-0.0002,43.75,-0.0007,-0.0007,50.0,0.0002,0.0002,gauge block set GB-01,technician,E-0163,,20260106T061500Z-QE24M
CAL-00166,G-0125,2023-10-02,2023-10-03,2023-10-06,2023-10-07,adjusted,0.002,50.0,0.0013,-0.0002,56.25,0.0011,0.0001,62.5,0.0013,0.0001,68.75,0.0007,-0.0,75.0,0.001,-0.0,gauge block set GB-01,technician,E-0163,,20260106T061500Z-QE24M
CAL-00167,G-0091,2023-10-06,2023-10-04,2023-10-07,2023-10-09,pass,0.002,25.0,0.0003,0.0003,31.25,-0.0,-0.0,37.5,-0.0001,-0.0001,43.75,0.0004,0.0004,50.0,-0.0009,-0.0009,gauge block set GB-01,technician,E-0163,,20260106T061500Z-QE24M
CAL-00168,G-0093,2023-10-04,2023-10-07,2023-10-07,2023-10-09,pass,0.002,25.0,0.0005,0.0005,31.25,-0.0001,-0.0001,37.5,0.0001,0.0001,43.75,-0.0006,-0.0006,50.0,-0.0002,-0.0002,gauge block set GB-01,technician,E-0163,,20260106T061500Z-QE24M
CAL-00169,G-0133,2023-10-07,2023-10-05,2023-10-08,2023-10-10,pass,0.02,37.5,-0.007,-0.007,75.0,0.001,0.001,112.5,-0.004,-0.004,,,,,,,gauge block set GB-02,technician,E-0163,,20260106T061500Z-QE24M
CAL-00170,G-0014,2023-10-06,2023-10-07,2023-10-09,2023-10-11,pass,0.0025,10.0,-0.0003,-0.0003,12.0,0.0011,0.0011,14.0,-0.0003,-0.0003,16.0,0.0013,0.0013,18.0,0.0008,0.0008,setting ring set SR-02,technician,E-0163,,20260106T061500Z-QE24M
CAL-00171,G-0251,2023-10-05,2023-10-07,2023-10-09,2023-10-10,pass,0.002,0.25,0.0003,0.0003,0.5,-0.0001,-0.0001,0.75,0.0004,0.0004,,,,,,,dial calibrator DC-01,technician,E-0163,,20260106T061500Z-QE24M
CAL-00172,G-0173,2023-10-11,2023-10-09,2023-10-11,2023-10-11,pass,0.02,37.5,0.006,0.006,75.0,0.0,0.0,112.5,0.002,0.002,,,,,,,gauge block set GB-02,technician,E-0163,,20260106T061500Z-QE24M
CAL-00173,G-0242,2023-10-10,2023-10-09,2023-10-11,2023-10-13,pass,0.002,0.25,0.0001,0.0001,0.5,-0.0005,-0.0005,0.75,-0.0003,-0.0003,,,,,,,dial calibrator DC-01,technician,E-0163,,20260106T061500Z-QE24M
CAL-00174,G-0064,2023-10-12,2023-10-11,2023-10-12,2023-10-12,pass,0.002,0.0,0.0001,0.0001,6.25,-0.0003,-0.0003,12.5,-0.0007,-0.0007,18.75,-0.001,-0.001,25.0,-0.0006,-0.0006,gauge block set GB-01,technician,E-0163,,20260106T061500Z-QE24M
CAL-00175,G-0109,2023-10-09,2023-10-12,2023-10-12,2023-10-14,pass,0.002,50.0,-0.0002,-0.0002,56.25,-0.0004,-0.0004,62.5,-0.0004,-0.0004,68.75,0.0006,0.0006,75.0,-0.0009,-0.0009,gauge block set GB-01,technician,E-0163,,20260106T061500Z-QE24M
CAL-00176,G-0061,2023-10-10,2023-10-12,2023-10-14,2023-10-16,pass,0.002,0.0,0.001,0.001,6.25,0.0002,0.0002,12.5,0.0003,0.0003,18.75,-0.0,-0.0,25.0,0.0011,0.0011,gauge block set GB-01,technician,E-0163,,20260106T061500Z-QE24M
CAL-00177,G-0247,2023-10-11,2023-10-14,2023-10-14,2023-10-16,pass,0.002,0.25,-0.0006,-0.0006,0.5,-0.0001,-0.0001,0.75,-0.0005,-0.0005,,,,,,,dial calibrator DC-01,technician,E-0163,,20260106T061500Z-QE24M
CAL-00178,G-0230,2023-10-11,2023-10-14,2023-10-15,2023-10-17,pass,0.05,5.333,-0.0,-0.0,10.667,0.007,0.007,,,,,,,,,,roughness specimen set,technician,E-0163,,20260106T061500Z-QE24M
CAL-00179,G-0149,2023-10-13,2023-10-14,2023-10-16,2023-10-18,adjusted,0.02,37.5,-0.012,-0.003,75.0,-0.01,0.001,112.5,-0.006,0.002,,,,,,,gauge block set GB-02,technician,E-0163,,20260106T061500Z-QE24M
CAL-00180,G-0018,2023-10-17,2023-10-15,2023-10-18,2023-10-19,pass,0.0025,10.0,0.0005,0.0005,12.0,-0.0002,-0.0002,14.0,-0.0002,-0.0002,16.0,0.0008,0.0008,18.0,0.0004,0.0004,setting ring set SR-02,technician,E-0163,,20260106T061500Z-QE24M
CAL-00181,G-0012,2023-10-18,2023-10-18,2023-10-19,2023-10-21,adjusted,0.0025,6.0,-0.0004,0.0001,7.0,-0.0017,0.0002,8.0,-0.0008,-0.0002,9.0,-0.0011,0.0002,10.0,-0.0016,-0.0001,setting ring set SR-02,technician,E-0163,,20260106T061500Z-QE24M
CAL-00182,G-0048,2023-10-20,2023-10-19,2023-10-20,2023-10-21,pass,0.002,0.0,-0.0,-0.0,6.25,-0.0,-0.0,12.5,0.0007,0.0007,18.75,0.0005,0.0005,25.0,0.0,0.0,gauge block set GB-01,technician,E-0163,,20260106T061500Z-QE24M
CAL-00183,G-0145,2023-10-20,2023-10-18,2023-10-20,2023-10-21,pass,0.02,37.5,0.004,0.004,75.0,-0.005,-0.005,112.5,-0.001,-0.001,,,,,,,gauge block set GB-02,technician,E-0163,,20260106T061500Z-QE24M
CAL-00184,G-0280,2023-10-17,2023-10-12,2023-10-21,2023-10-25,pass,0.001,25.5,-0.0004,-0.0004,,,,,,,,,,,,,laboratory reference,laboratory,S-057,LC-2383562,20260106T061500Z-QE24M
CAL-00185,G-0216,2023-10-18,2023-10-22,2023-10-22,2023-10-22,pass,0.005,12.5,0.0007,0.0007,,,,,,,,,,,,,thread setting plug set,technician,E-0163,,20260106T061500Z-QE24M
CAL-00186,G-0036,2023-10-23,2023-10-22,2023-10-24,2023-10-26,pass,0.002,0.0,0.0,0.0,6.25,-0.0003,-0.0003,12.5,-0.0005,-0.0005,18.75,-0.0005,-0.0005,25.0,0.0,0.0,gauge block set GB-01,technician,E-0163,,20260106T061500Z-QE24M
CAL-00187,G-0281,2023-10-22,2023-10-15,2023-10-24,2023-10-26,pass,0.001,25.5,-0.0003,-0.0003,,,,,,,,,,,,,laboratory reference,laboratory,S-057,LC-2319973,20260106T061500Z-QE24M
CAL-00188,G-0161,2023-10-24,2023-10-22,2023-10-25,2023-10-27,pass,0.02,37.5,-0.004,-0.004,75.0,0.0,0.0,112.5,0.001,0.001,,,,,,,gauge block set GB-02,technician,E-0163,,20260106T061500Z-QE24M
CAL-00189,G-0113,2023-10-25,2023-10-24,2023-10-26,2023-10-26,pass,0.002,50.0,-0.0002,-0.0002,56.25,0.0009,0.0009,62.5,-0.0001,-0.0001,68.75,-0.0001,-0.0001,75.0,0.0001,0.0001,gauge block set GB-01,technician,E-0163,,20260106T061500Z-QE24M
CAL-00190,G-0189,2023-10-23,2023-10-25,2023-10-26,2023-10-28,pass,0.02,75.0,0.002,0.002,150.0,0.004,0.004,225.0,0.003,0.003,,,,,,,gauge block set GB-02,technician,E-0163,,20260106T061500Z-QE24M
CAL-00191,G-0028,2023-10-22,2023-10-27,2023-10-27,2023-10-27,pass,0.0025,35.0,0.0005,0.0005,38.75,-0.0007,-0.0007,42.5,-0.0011,-0.0011,46.25,-0.0007,-0.0007,50.0,-0.0002,-0.0002,setting ring set SR-02,technician,E-0163,,20260106T061500Z-QE24M
CAL-00192,G-0172,2023-10-25,2023-10-26,2023-10-27,2023-10-27,pass,0.02,37.5,0.004,0.004,75.0,0.008,0.008,112.5,-0.005,-0.005,,,,,,,gauge block set GB-02,technician,E-0163,,20260106T061500Z-QE24M
CAL-00193,G-0233,2023-10-22,2023-10-25,2023-10-27,2023-10-28,pass,0.002,0.25,-0.0004,-0.0004,0.5,-0.0003,-0.0003,0.75,0.0006,0.0006,,,,,,,dial calibrator DC-01,technician,E-0163,,20260106T061500Z-QE24M
CAL-00194,G-0054,2023-10-28,2023-10-27,2023-10-28,2023-10-28,pass,0.002,0.0,-0.0007,-0.0007,6.25,-0.0001,-0.0001,12.5,0.0006,0.0006,18.75,0.0002,0.0002,25.0,-0.0001,-0.0001,gauge block set GB-01,technician,E-0163,,20260106T061500Z-QE24M
CAL-00195,G-0127,2023-10-28,2023-10-28,2023-10-29,2023-10-29,pass,0.02,37.5,0.005,0.005,75.0,-0.002,-0.002,112.5,0.0,0.0,,,,,,,gauge block set GB-02,technician,E-0163,,20260106T061500Z-QE24M
CAL-00196,G-0159,2023-10-25,2023-10-28,2023-10-29,2023-10-31,adjusted,0.02,37.5,-0.012,-0.001,75.0,-0.002,0.001,112.5,0.003,-0.001,,,,,,,gauge block set GB-02,technician,E-0163,,20260106T061500Z-QE24M
CAL-00197,G-0132,2023-10-29,2023-10-28,2023-10-30,2023-10-30,pass,0.02,37.5,-0.001,-0.001,75.0,0.005,0.005,112.5,0.001,0.001,,,,,,,gauge block set GB-02,technician,E-0163,,20260106T061500Z-QE24M
CAL-00198,G-0190,2023-10-27,2023-10-30,2023-10-30,2023-10-31,pass,0.02,75.0,-0.004,-0.004,150.0,0.003,0.003,225.0,0.002,0.002,,,,,,,gauge block set GB-02,technician,E-0163,,20260106T061500Z-QE24M
CAL-00199,G-0241,2023-10-29,2023-10-27,2023-10-30,2023-11-01,pass,0.002,0.25,-0.0006,-0.0006,0.5,-0.0006,-0.0006,0.75,0.0008,0.0008,,,,,,,dial calibrator DC-01,technician,E-0163,,20260106T061500Z-QE24M
CAL-00200,G-0019,2023-10-26,2023-10-29,2023-10-31,2023-11-01,pass,0.0025,10.0,-0.0005,-0.0005,12.0,-0.0,-0.0,14.0,0.001,0.001,16.0,-0.0008,-0.0008,18.0,0.0001,0.0001,setting ring set SR-02,technician,E-0163,,20260106T061500Z-QE24M
CAL-00201,G-0155,2023-10-27,2023-10-30,2023-10-31,2023-11-01,adjusted,0.02,37.5,0.001,-0.0,75.0,0.016,0.001,112.5,0.017,-0.001,,,,,,,gauge block set GB-02,technician,E-0163,,20260106T061500Z-QE24M
CAL-00202,G-0211,2023-10-28,2023-10-28,2023-10-31,2023-11-01,pass,0.005,12.5,0.0004,0.0004,,,,,,,,,,,,,thread setting plug set,technician,E-0163,,20260106T061500Z-QE24M
CAL-00203,G-0041,2023-10-28,2023-10-31,2023-11-01,2023-11-01,pass,0.002,0.0,0.0003,0.0003,6.25,0.0003,0.0003,12.5,-0.0,-0.0,18.75,0.0007,0.0007,25.0,0.0004,0.0004,gauge block set GB-01,technician,E-0163,,20260106T061500Z-QE24M
CAL-00204,G-0052,2023-10-27,2023-10-31,2023-11-01,2023-11-01,pass,0.002,0.0,0.0001,0.0001,6.25,0.0009,0.0009,12.5,0.0006,0.0006,18.75,0.0011,0.0011,25.0,0.0006,0.0006,gauge block set GB-01,technician,E-0163,,20260106T061500Z-QE24M
CAL-00205,G-0105,2023-10-28,2023-10-29,2023-11-01,2023-11-03,pass,0.002,25.0,-0.0001,-0.0001,31.25,0.0003,0.0003,37.5,0.0005,0.0005,43.75,0.0,0.0,50.0,-0.0004,-0.0004,gauge block set GB-01,technician,E-0163,,20260106T061500Z-QE24M
CAL-00206,G-0068,2023-10-28,2023-11-02,2023-11-02,2023-11-03,pass,0.002,25.0,-0.0006,-0.0006,31.25,-0.0006,-0.0006,37.5,0.0007,0.0007,43.75,-0.0002,-0.0002,50.0,0.0005,0.0005,gauge block set GB-01,technician,E-0163,,20260106T061500Z-QE24M
CAL-00207,G-0246,2023-10-29,2023-10-30,2023-11-02,2023-11-02,pass,0.002,0.25,-0.0002,-0.0002,0.5,-0.0001,-0.0001,0.75,-0.0003,-0.0003,,,,,,,dial calibrator DC-01,technician,E-0163,,20260106T061500Z-QE24M
CAL-00208,G-0254,2023-10-29,2023-11-01,2023-11-02,2023-11-02,pass,0.002,0.25,-0.0001,-0.0001,0.5,-0.0,-0.0,0.75,0.0002,0.0002,,,,,,,dial calibrator DC-01,technician,E-0163,,20260106T061500Z-QE24M
CAL-00209,G-0076,2023-11-03,2023-11-02,2023-11-03,2023-11-04,pass,0.002,25.0,-0.0003,-0.0003,31.25,0.0001,0.0001,37.5,-0.0001,-0.0001,43.75,0.0001,0.0001,50.0,0.0002,0.0002,gauge block set GB-01,technician,E-0163,,20260106T061500Z-QE24M
CAL-00210,G-0180,2023-10-31,2023-10-31,2023-11-03,2023-11-05,pass,0.02,37.5,0.0,0.0,75.0,0.002,0.002,112.5,-0.002,-0.002,,,,,,,gauge block set GB-02,technician,E-0163,,20260106T061500Z-QE24M
CAL-00211,G-0236,2023-10-31,2023-11-01,2023-11-03,2023-11-04,pass,0.002,0.25,-0.0002,-0.0002,0.5,-0.0002,-0.0002,0.75,0.0007,0.0007,,,,,,,dial calibrator DC-01,technician,E-0163,,20260106T061500Z-QE24M
CAL-00212,G-0249,2023-11-01,2023-11-03,2023-11-03,2023-11-05,adjusted,0.002,0.25,-0.0012,0.0002,0.5,-0.0005,0.0001,0.75,-0.0014,-0.0,,,,,,,dial calibrator DC-01,technician,E-0163,,20260106T061500Z-QE24M
CAL-00213,G-0276,2023-11-03,2023-10-24,2023-11-03,2023-11-05,pass,0.001,25.5,-0.0001,-0.0001,,,,,,,,,,,,,laboratory reference,laboratory,S-057,LC-2325781,20260106T061500Z-QE24M
CAL-00214,G-0094,2023-11-04,2023-11-02,2023-11-04,2023-11-05,pass,0.002,25.0,0.0008,0.0008,31.25,0.0008,0.0008,37.5,0.0007,0.0007,43.75,0.0005,0.0005,50.0,-0.0002,-0.0002,gauge block set GB-01,technician,E-0163,,20260106T061500Z-QE24M
CAL-00215,G-0248,2023-11-02,2023-11-03,2023-11-04,2023-11-05,pass,0.002,0.25,0.0004,0.0004,0.5,0.0001,0.0001,0.75,0.0008,0.0008,,,,,,,dial calibrator DC-01,technician,E-0163,,20260106T061500Z-QE24M
CAL-00216,G-0005,2023-11-04,2023-11-02,2023-11-05,2023-11-07,pass,0.001,6.325,-0.0001,-0.0001,6.35,-0.0001,-0.0001,6.375,-0.0001,-0.0001,,,,,,,"setting masters, min and max",technician,E-0163,,20260106T061500Z-QE24M
CAL-00217,G-0011,2023-11-04,2023-11-05,2023-11-05,2023-11-06,pass,0.0025,6.0,-0.0001,-0.0001,7.0,0.0002,0.0002,8.0,0.0003,0.0003,9.0,-0.0005,-0.0005,10.0,0.0003,0.0003,setting ring set SR-02,technician,E-0163,,20260106T061500Z-QE24M
CAL-00218,G-0062,2023-11-02,2023-11-06,2023-11-06,2023-11-08,pass,0.002,0.0,-0.0002,-0.0002,6.25,0.0001,0.0001,12.5,0.0003,0.0003,18.75,0.0003,0.0003,25.0,0.0002,0.0002,gauge block set GB-01,technician,E-0163,,20260106T061500Z-QE24M
CAL-00219,G-0144,2023-11-03,2023-11-06,2023-11-06,2023-11-07,pass,0.02,37.5,-0.005,-0.005,75.0,0.009,0.009,112.5,-0.001,-0.001,,,,,,,gauge block set GB-02,technician,E-0163,,20260106T061500Z-QE24M
CAL-00220,G-0194,2023-11-03,2023-11-05,2023-11-06,2023-11-06,pass,0.02,75.0,-0.001,-0.001,150.0,0.007,0.007,225.0,0.002,0.002,,,,,,,gauge block set GB-02,technician,E-0163,,20260106T061500Z-QE24M
CAL-00221,G-0032,2023-11-04,2023-11-05,2023-11-08,2023-11-10,adjusted,0.002,0.0,0.0007,0.0001,6.25,0.0003,0.0001,12.5,0.0012,0.0,18.75,-0.0003,0.0,25.0,0.0006,0.0002,gauge block set GB-01,technician,E-0163,,20260106T061500Z-QE24M
CAL-00222,G-0115,2023-11-08,2023-11-06,2023-11-08,2023-11-08,pass,0.002,50.0,0.0005,0.0005,56.25,0.0004,0.0004,62.5,-0.0004,-0.0004,68.75,0.0005,0.0005,75.0,0.0003,0.0003,gauge block set GB-01,technician,E-0163,,20260106T061500Z-QE24M
CAL-00223,G-0152,2023-11-04,2023-11-06,2023-11-08,2023-11-08,pass,0.02,37.5,0.007,0.007,75.0,-0.004,-0.004,112.5,-0.004,-0.004,,,,,,,gauge block set GB-02,technician,E-0163,,20260106T061500Z-QE24M
CAL-00224,G-0009,2023-11-09,2023-11-06,2023-11-09,2023-11-10,pass,0.0025,6.0,0.0002,0.0002,7.0,0.0002,0.0002,8.0,0.0001,0.0001,9.0,-0.0002,-0.0002,10.0,0.0001,0.0001,setting ring set SR-02,technician,E-0163,,20260106T061500Z-QE24M
CAL-00225,G-0148,2023-11-04,2023-11-08,2023-11-09,2023-11-11,pass,0.02,37.5,0.003,0.003,75.0,0.006,0.006,112.5,-0.004,-0.004,,,,,,,gauge block set GB-02,technician,E-0163,,20260106T061500Z-QE24M
CAL-00226,G-0089,2023-11-09,2023-11-10,2023-11-10,2023-11-12,pass,0.002,25.0,-0.0007,-0.0007,31.25,-0.0007,-0.0007,37.5,-0.001,-0.001,43.75,-0.0006,-0.0006,50.0,-0.0003,-0.0003,gauge block set GB-01,technician,E-0163,,20260106T061500Z-QE24M
CAL-00227,G-0270,2023-11-10,2023-11-02,2023-11-11,2023-11-14,pass,0.001,25.5,-0.0002,-0.0002,,,,,,,,,,,,,laboratory reference,laboratory,S-057,LC-2387178,20260106T061500Z-QE24M
CAL-00228,G-0111,2023-11-12,2023-11-10,2023-11-12,2023-11-12,pass,0.002,50.0,0.0,0.0,56.25,0.0001,0.0001,62.5,0.0,0.0,68.75,-0.0003,-0.0003,75.0,0.0006,0.0006,gauge block set GB-01,technician,E-0163,,20260106T061500Z-QE24M
CAL-00229,G-0147,2023-11-08,2023-11-10,2023-11-12,2023-11-12,pass,0.02,37.5,0.002,0.002,75.0,-0.01,-0.01,112.5,0.006,0.006,,,,,,,gauge block set GB-02,technician,E-0163,,20260106T061500Z-QE24M
CAL-00230,G-0255,2023-11-09,2023-11-11,2023-11-12,2023-11-13,pass,0.002,0.25,-0.0001,-0.0001,0.5,-0.0002,-0.0002,0.75,-0.0005,-0.0005,,,,,,,dial calibrator DC-01,technician,E-0163,,20260106T061500Z-QE24M
CAL-00231,G-0020,2023-11-12,2023-11-11,2023-11-13,2023-11-14,pass,0.0025,18.0,0.0003,0.0003,22.25,0.0003,0.0003,26.5,-0.0007,-0.0007,30.75,0.0008,0.0008,35.0,0.0003,0.0003,setting ring set SR-02,technician,E-0163,,20260106T061500Z-QE24M
CAL-00232,G-0097,2023-11-10,2023-11-10,2023-11-13,2023-11-15,pass,0.002,25.0,0.0005,0.0005,31.25,0.0006,0.0006,37.5,0.001,0.001,43.75,0.0007,0.0007,50.0,0.0005,0.0005,gauge block set GB-01,technician,E-0163,,20260106T061500Z-QE24M
CAL-00233,G-0142,2023-11-15,2023-11-15,2023-11-16,2023-11-18,pass,0.02,37.5,-0.002,-0.002,75.0,0.003,0.003,112.5,0.002,0.002,,,,,,,gauge block set GB-02,technician,E-0163,,20260106T061500Z-QE24M
CAL-00234,G-0057,2023-11-17,2023-11-16,2023-11-19,2023-11-19,pass,0.002,0.0,0.0005,0.0005,6.25,0.0002,0.0002,12.5,0.0009,0.0009,18.75,0.0005,0.0005,25.0,0.0005,0.0005,gauge block set GB-01,technician,E-0163,,20260106T061500Z-QE24M
CAL-00235,G-0074,2023-11-16,2023-11-19,2023-11-19,2023-11-21,pass,0.002,25.0,0.0001,0.0001,31.25,0.0005,0.0005,37.5,0.0008,0.0008,43.75,0.0003,0.0003,50.0,0.0002,0.0002,gauge block set GB-01,technician,E-0163,,20260106T061500Z-QE24M
CAL-00236,G-0187,2023-11-19,2023-11-16,2023-11-19,2023-11-21,pass,0.02,75.0,-0.007,-0.007,150.0,0.002,0.002,225.0,0.004,0.004,,,,,,,gauge block set GB-02,technician,E-0163,,20260106T061500Z-QE24M
CAL-00237,G-0004,2023-11-19,2023-11-17,2023-11-20,2023-11-21,pass,0.001,19.025,0.0001,0.0001,19.05,-0.0002,-0.0002,19.075,0.0001,0.0001,,,,,,,"setting masters, min and max",technician,E-0163,,20260106T061500Z-QE24M
CAL-00238,G-0077,2023-11-17,2023-11-21,2023-11-21,2023-11-21,pass,0.002,25.0,0.0,0.0,31.25,0.0002,0.0002,37.5,0.0004,0.0004,43.75,0.0,0.0,50.0,0.0007,0.0007,gauge block set GB-01,technician,E-0163,,20260106T061500Z-QE24M
CAL-00239,G-0252,2023-11-18,2023-11-20,2023-11-21,2023-11-22,pass,0.002,0.25,0.0003,0.0003,0.5,0.001,0.001,0.75,0.0007,0.0007,,,,,,,dial calibrator DC-01,technician,E-0163,,20260106T061500Z-QE24M
CAL-00240,G-0293,2023-11-16,2023-11-11,2023-11-21,2023-11-26,pass,0.001,25.5,-0.0001,-0.0001,,,,,,,,,,,,,laboratory reference,laboratory,S-057,LC-2348610,20260106T061500Z-QE24M
CAL-00241,G-0007,2023-11-23,2023-11-24,2023-11-24,2023-11-24,pass,0.001,50.014,-0.0001,-0.0001,51.92,-0.0003,-0.0003,53.825,-0.0001,-0.0001,,,,,,,"setting masters, min and max",technician,E-0163,,20260106T061500Z-QE24M
CAL-00242,G-0025,2023-11-24,2023-11-22,2023-11-24,2023-11-26,pass,0.0025,18.0,0.0009,0.0009,22.25,0.0011,0.0011,26.5,-0.0005,-0.0005,30.75,-0.0006,-0.0006,35.0,-0.0004,-0.0004,setting ring set SR-02,technician,E-0163,,20260106T061500Z-QE24M
CAL-00243,G-0084,2023-11-19,2023-11-24,2023-11-24,2023-11-24,pass,0.002,25.0,-0.0006,-0.0006,31.25,-0.001,-0.001,37.5,0.0002,0.0002,43.75,-0.0007,-0.0007,50.0,-0.0001,-0.0001,gauge block set GB-01,technician,E-0163,,20260106T061500Z-QE24M
CAL-00244,G-0220,2023-11-24,2023-11-23,2023-11-24,2023-11-25,pass,0.005,12.5,0.0005,0.0005,,,,,,,,,,,,,thread setting plug set,technician,E-0163,,20260106T061500Z-QE24M
CAL-00245,G-0261,2023-11-22,2023-11-22,2023-11-24,2023-11-26,pass,0.002,0.25,0.0001,0.0001,0.5,0.001,0.001,0.75,0.0003,0.0003,,,,,,,dial calibrator DC-01,technician,E-0163,,20260106T061500Z-QE24M
CAL-00246,G-0274,2023-11-20,2023-11-14,2023-11-24,2023-11-28,pass,0.001,25.5,0.0004,0.0004,,,,,,,,,,,,,laboratory reference,laboratory,S-057,LC-2364441,20260106T061500Z-QE24M
CAL-00247,G-0103,2023-11-23,2023-11-22,2023-11-25,2023-11-27,pass,0.002,25.0,-0.0003,-0.0003,31.25,-0.0006,-0.0006,37.5,-0.0003,-0.0003,43.75,-0.0,-0.0,50.0,-0.0003,-0.0003,gauge block set GB-01,technician,E-0163,,20260106T061500Z-QE24M
CAL-00248,G-0063,2023-11-25,2023-11-26,2023-11-26,2023-11-27,adjusted,0.002,0.0,-0.0009,-0.0001,6.25,-0.0007,-0.0002,12.5,-0.0001,0.0001,18.75,-0.0012,0.0004,25.0,-0.0003,-0.0001,gauge block set GB-01,technician,E-0163,,20260106T061500Z-QE24M
CAL-00249,G-0156,2023-11-23,2023-11-28,2023-11-28,2023-11-30,pass,0.02,37.5,0.004,0.004,75.0,-0.002,-0.002,112.5,0.0,0.0,,,,,,,gauge block set GB-02,technician,E-0163,,20260106T061500Z-QE24M
CAL-00250,G-0197,2023-11-25,2023-11-28,2023-11-28,2023-11-29,pass,0.02,75.0,-0.001,-0.001,150.0,-0.007,-0.007,225.0,0.002,0.002,,,,,,,gauge block set GB-02,technician,E-0163,,20260106T061500Z-QE24M
CAL-00251,G-0104,2023-11-24,2023-11-27,2023-11-29,2023-11-30,pass,0.002,25.0,0.0007,0.0007,31.25,0.0,0.0,37.5,0.0006,0.0006,43.75,-0.0004,-0.0004,50.0,-0.0001,-0.0001,gauge block set GB-01,technician,E-0163,,20260106T061500Z-QE24M
CAL-00252,G-0098,2023-11-29,2023-11-27,2023-11-30,2023-12-02,pass,0.002,25.0,0.0007,0.0007,31.25,0.0011,0.0011,37.5,0.0007,0.0007,43.75,0.001,0.001,50.0,0.0009,0.0009,gauge block set GB-01,technician,E-0163,,20260106T061500Z-QE24M
CAL-00253,G-0107,2023-11-26,2023-11-29,2023-11-30,2023-12-02,pass,0.002,25.0,-0.0004,-0.0004,31.25,-0.0005,-0.0005,37.5,0.0001,0.0001,43.75,0.0001,0.0001,50.0,0.0001,0.0001,gauge block set GB-01,technician,E-0163,,20260106T061500Z-QE24M
CAL-00254,G-0183,2023-11-27,2023-11-29,2023-11-30,2023-11-30,adjusted,0.02,37.5,-0.008,0.0,75.0,-0.009,-0.002,112.5,-0.012,-0.002,,,,,,,gauge block set GB-02,technician,E-0163,,20260106T061500Z-QE24M
CAL-00255,G-0022,2023-12-01,2023-11-29,2023-12-01,2023-12-03,pass,0.0025,18.0,-0.0001,-0.0001,22.25,0.0001,0.0001,26.5,0.0003,0.0003,30.75,0.0001,0.0001,35.0,0.0004,0.0004,setting ring set SR-02,technician,E-0163,,20260106T061500Z-QE24M
CAL-00256,G-0031,2023-11-26,2023-11-28,2023-12-01,2023-12-01,pass,0.002,0.0,0.001,0.001,6.25,0.0008,0.0008,12.5,-0.0001,-0.0001,18.75,0.0009,0.0009,25.0,-0.0002,-0.0002,gauge block set GB-01,technician,E-0163,,20260106T061500Z-QE24M
CAL-00257,G-0259,2023-11-30,2023-12-01,2023-12-01,2023-12-01,pass,0.002,0.25,-0.0002,-0.0002,0.5,0.0004,0.0004,0.75,0.0002,0.0002,,,,,,,dial calibrator DC-01,technician,E-0163,,20260106T061500Z-QE24M
CAL-00258,G-0086,2023-12-03,2023-12-01,2023-12-03,2023-12-03,pass,0.002,25.0,0.0,0.0,31.25,-0.0001,-0.0001,37.5,-0.0007,-0.0007,43.75,-0.0003,-0.0003,50.0,-0.0001,-0.0001,gauge block set GB-01,technician,E-0163,,20260106T061500Z-QE24M
CAL-00259,G-0260,2023-11-30,2023-12-03,2023-12-03,2023-12-03,pass,0.002,0.25,0.0002,0.0002,0.5,0.0004,0.0004,0.75,0.0006,0.0006,,,,,,,dial calibrator DC-01,technician,E-0163,,20260106T061500Z-QE24M
CAL-00260,G-0001,2023-12-04,2023-11-29,2023-12-04,2023-12-09,pass,0.002,0.0,-0.0002,-0.0002,175.0,-0.0005,-0.0005,350.0,-0.0008,-0.0008,525.0,-0.0002,-0.0002,700.0,0.0,0.0,ball bar and step gauge,laboratory,S-057,LC-2335539,20260106T061500Z-QE24M
CAL-00261,G-0010,2023-11-30,2023-12-03,2023-12-04,2023-12-06,pass,0.0025,6.0,-0.0001,-0.0001,7.0,0.0003,0.0003,8.0,-0.0002,-0.0002,9.0,-0.0003,-0.0003,10.0,-0.0003,-0.0003,setting ring set SR-02,technician,E-0163,,20260106T061500Z-QE24M
CAL-00262,G-0049,2023-12-01,2023-12-01,2023-12-04,2023-12-04,pass,0.002,0.0,0.0001,0.0001,6.25,0.0001,0.0001,12.5,-0.0003,-0.0003,18.75,-0.001,-0.001,25.0,-0.001,-0.001,gauge block set GB-01,technician,E-0163,,20260106T061500Z-QE24M
CAL-00263,G-0110,2023-11-30,2023-12-03,2023-12-04,2023-12-05,adjusted,0.002,50.0,-0.0,-0.0003,56.25,-0.0011,0.0001,62.5,-0.0007,0.0003,68.75,-0.0006,-0.0002,75.0,-0.0003,-0.0,gauge block set GB-01,technician,E-0163,,20260106T061500Z-QE24M
CAL-00264,G-0207,2023-12-03,2023-12-03,2023-12-04,2023-12-05,pass,0.005,12.5,0.0017,0.0017,,,,,,,,,,,,,thread setting plug set,technician,E-0163,,20260106T061500Z-QE24M
CAL-00265,G-0029,2023-12-05,2023-12-04,2023-12-05,2023-12-06,pass,0.0025,35.0,-0.0014,-0.0014,38.75,-0.0001,-0.0001,42.5,-0.0005,-0.0005,46.25,0.0,0.0,50.0,-0.0007,-0.0007,setting ring set SR-02,technician,E-0163,,20260106T061500Z-QE24M
CAL-00266,G-0177,2023-12-02,2023-12-05,2023-12-05,2023-12-07,pass,0.02,37.5,-0.009,-0.009,75.0,-0.003,-0.003,112.5,-0.006,-0.006,,,,,,,gauge block set GB-02,technician,E-0163,,20260106T061500Z-QE24M
CAL-00267,G-0021,2023-12-01,2023-12-04,2023-12-06,2023-12-07,pass,0.0025,18.0,-0.0006,-0.0006,22.25,-0.0001,-0.0001,26.5,-0.0002,-0.0002,30.75,-0.0004,-0.0004,35.0,-0.0002,-0.0002,setting ring set SR-02,technician,E-0163,,20260106T061500Z-QE24M
CAL-00268,G-0232,2023-12-06,2023-12-06,2023-12-07,2023-12-09,pass,1.0,32.5,-0.0,-0.0,45.0,-0.1,-0.1,57.5,0.3,0.3,,,,,,,HRC test block set,technician,E-0163,,20260106T061500Z-QE24M
CAL-00269,G-0235,2023-12-03,2023-12-06,2023-12-07,2023-12-09,pass,0.002,0.25,-0.0002,-0.0002,0.5,-0.0007,-0.0007,0.75,-0.0001,-0.0001,,,,,,,dial calibrator DC-01,technician,E-0163,,20260106T061500Z-QE24M
CAL-00270,G-0023,2023-12-06,2023-12-06,2023-12-08,2023-12-09,pass,0.0025,18.0,-0.0009,-0.0009,22.25,-0.0012,-0.0012,26.5,-0.001,-0.001,30.75,-0.001,-0.001,35.0,-0.0006,-0.0006,setting ring set SR-02,technician,E-0163,,20260106T061500Z-QE24M
CAL-00271,G-0244,2023-12-06,2023-12-07,2023-12-08,2023-12-10,pass,0.002,0.25,0.0003,0.0003,0.5,-0.0002,-0.0002,0.75,0.0003,0.0003,,,,,,,dial calibrator DC-01,technician,E-0163,,20260106T061500Z-QE24M
CAL-00272,G-0034,2023-12-08,2023-12-08,2023-12-09,2023-12-10,pass,0.002,0.0,-0.0004,-0.0004,6.25,-0.0001,-0.0001,12.5,0.0001,0.0001,18.75,0.0009,0.0009,25.0,0.0006,0.0006,gauge block set GB-01,technician,E-0163,,20260106T061500Z-QE24M
CAL-00273,G-0238,2023-12-05,2023-12-08,2023-12-09,2023-12-09,pass,0.002,0.25,0.0009,0.0009,0.5,0.0005,0.0005,0.75,-0.0001,-0.0001,,,,,,,dial calibrator DC-01,technician,E-0163,,20260106T061500Z-QE24M
CAL-00274,G-0239,2023-12-05,2023-12-06,2023-12-09,2023-12-11,pass,0.002,0.25,0.0005,0.0005,0.5,0.0001,0.0001,0.75,-0.0001,-0.0001,,,,,,,dial calibrator DC-01,technician,E-0163,,20260106T061500Z-QE24M
CAL-00275,G-0168,2023-12-10,2023-12-10,2023-12-10,2023-12-11,pass,0.02,37.5,0.004,0.004,75.0,-0.001,-0.001,112.5,-0.002,-0.002,,,,,,,gauge block set GB-02,technician,E-0163,,20260106T061500Z-QE24M
CAL-00276,G-0157,2023-12-06,2023-12-10,2023-12-11,2023-12-11,pass,0.02,37.5,0.001,0.001,75.0,0.001,0.001,112.5,0.002,0.002,,,,,,,gauge block set GB-02,technician,E-0163,,20260106T061500Z-QE24M
CAL-00277,G-0253,2023-12-10,2023-12-10,2023-12-11,2023-12-13,adjusted,0.002,0.25,-0.0008,0.0,0.5,-0.0012,0.0001,0.75,-0.0007,-0.0003,,,,,,,dial calibrator DC-01,technician,E-0163,,20260106T061500Z-QE24M
CAL-00278,G-0176,2023-12-12,2023-12-12,2023-12-12,2023-12-12,pass,0.02,37.5,0.005,0.005,75.0,0.002,0.002,112.5,0.007,0.007,,,,,,,gauge block set GB-02,technician,E-0163,,20260106T061500Z-QE24M
CAL-00279,G-0122,2023-12-12,2023-12-11,2023-12-14,2023-12-15,adjusted,0.002,50.0,0.0,-0.0001,56.25,-0.0011,0.0001,62.5,-0.0003,-0.0001,68.75,-0.0001,0.0004,75.0,0.0001,0.0001,gauge block set GB-01,technician,E-0163,,20260106T061500Z-QE24M
CAL-00280,G-0182,2023-12-09,2023-12-13,2023-12-14,2023-12-16,pass,0.02,37.5,0.001,0.001,75.0,-0.002,-0.002,112.5,-0.001,-0.001,,,,,,,gauge block set GB-02,technician,E-0163,,20260106T061500Z-QE24M
CAL-00281,G-0067,2023-12-14,2023-12-15,2023-12-15,2023-12-15,pass,0.002,25.0,-0.0002,-0.0002,31.25,-0.0003,-0.0003,37.5,0.0,0.0,43.75,-0.0008,-0.0008,50.0,-0.0003,-0.0003,gauge block set GB-01,technician,E-0163,,20260106T061500Z-QE24M
CAL-00282,G-0006,2023-12-14,2023-12-14,2023-12-16,2023-12-16,pass,0.001,40.626,0.0002,0.0002,40.71,-0.0,-0.0,40.793,-0.0003,-0.0003,,,,,,,"setting masters, min and max",technician,E-0163,,20260106T061500Z-QE24M
CAL-00283,G-0118,2023-12-15,2023-12-15,2023-12-17,2023-12-18,pass,0.002,50.0,-0.0,-0.0,56.25,-0.0,-0.0,62.5,-0.0007,-0.0007,68.75,-0.0002,-0.0002,75.0,-0.0002,-0.0002,gauge block set GB-01,technician,E-0163,,20260106T061500Z-QE24M
CAL-00284,G-0046,2023-12-15,2023-12-19,2023-12-20,2023-12-21,pass,0.002,0.0,-0.0005,-0.0005,6.25,0.0004,0.0004,12.5,-0.0001,-0.0001,18.75,0.0002,0.0002,25.0,-0.0004,-0.0004,gauge block set GB-01,technician,E-0163,,20260106T061500Z-QE24M
CAL-00285,G-0124,2023-12-18,2023-12-19,2023-12-20,2023-12-22,pass,0.002,50.0,-0.0004,-0.0004,56.25,0.0007,0.0007,62.5,0.0003,0.0003,68.75,0.0003,0.0003,75.0,0.0004,0.0004,gauge block set GB-01,technician,E-0163,,20260106T061500Z-QE24M
CAL-00286,G-0016,2023-12-18,2023-12-21,2023-12-21,2023-12-21,pass,0.0025,10.0,0.0006,0.0006,12.0,0.0007,0.0007,14.0,0.0012,0.0012,16.0,0.0002,0.0002,18.0,0.0004,0.0004,setting ring set SR-02,technician,E-0163,,20260106T061500Z-QE24M
CAL-00287,G-0072,2023-12-17,2023-12-21,2023-12-21,2023-12-22,pass,0.002,25.0,-0.0004,-0.0004,31.25,0.0002,0.0002,37.5,-0.0001,-0.0001,43.75,-0.0002,-0.0002,50.0,-0.0004,-0.0004,gauge block set GB-01,technician,E-0163,,20260106T061500Z-QE24M
CAL-00288,G-0174,2023-12-20,2023-12-21,2023-12-21,2023-12-22,pass,0.02,37.5,0.005,0.005,75.0,-0.003,-0.003,112.5,0.003,0.003,,,,,,,gauge block set GB-02,technician,E-0163,,20260106T061500Z-QE24M
CAL-00289,G-0250,2023-12-21,2023-12-18,2023-12-21,2023-12-21,adjusted,0.002,0.25,0.0008,-0.0003,0.5,0.0013,0.0002,0.75,0.0014,-0.0002,,,,,,,dial calibrator DC-01,technician,E-0163,,20260106T061500Z-QE24M
CAL-00290,G-0065,2023-12-18,2023-12-20,2023-12-23,2023-12-23,pass,0.002,0.0,-0.0002,-0.0002,6.25,0.0004,0.0004,12.5,-0.0,-0.0,18.75,0.0005,0.0005,25.0,-0.0,-0.0,gauge block set GB-01,technician,E-0163,,20260106T061500Z-QE24M
CAL-00291,G-0234,2023-12-20,2023-12-25,2023-12-25,2023-12-25,pass,0.002,0.25,-0.0002,-0.0002,0.5,0.0004,0.0004,0.75,-0.0004,-0.0004,,,,,,,dial calibrator DC-01,technician,E-0163,,20260106T061500Z-QE24M
CAL-00292,G-0240,2023-12-21,2023-12-25,2023-12-25,2023-12-25,pass,0.002,0.25,0.0005,0.0005,0.5,0.0007,0.0007,0.75,0.0001,0.0001,,,,,,,dial calibrator DC-01,technician,E-0163,,20260106T061500Z-QE24M
CAL-00293,G-0184,2023-12-24,2023-12-23,2023-12-26,2023-12-26,pass,0.02,37.5,0.005,0.005,75.0,0.005,0.005,112.5,-0.001,-0.001,,,,,,,gauge block set GB-02,technician,E-0163,,20260106T061500Z-QE24M
CAL-00294,G-0026,2023-12-25,2023-12-26,2023-12-27,2023-12-28,pass,0.0025,35.0,0.0003,0.0003,38.75,0.0007,0.0007,42.5,0.0002,0.0002,46.25,-0.0005,-0.0005,50.0,0.0005,0.0005,setting ring set SR-02,technician,E-0163,,20260106T061500Z-QE24M
CAL-00295,G-0106,2023-12-27,2023-12-26,2023-12-27,2023-12-28,pass,0.002,25.0,0.0001,0.0001,31.25,0.0008,0.0008,37.5,0.0004,0.0004,43.75,0.0006,0.0006,50.0,-0.0007,-0.0007,gauge block set GB-01,technician,E-0163,,20260106T061500Z-QE24M
CAL-00296,G-0017,2023-12-24,2023-12-28,2023-12-28,2023-12-30,pass,0.0025,10.0,0.0004,0.0004,12.0,0.0001,0.0001,14.0,-0.0007,-0.0007,16.0,-0.0004,-0.0004,18.0,-0.0003,-0.0003,setting ring set SR-02,technician,E-0163,,20260106T061500Z-QE24M
CAL-00297,G-0013,2023-12-29,2023-12-26,2023-12-29,2023-12-30,pass,0.0025,6.0,0.0003,0.0003,7.0,0.0,0.0,8.0,-0.001,-0.001,9.0,-0.0005,-0.0005,10.0,-0.0004,-0.0004,setting ring set SR-02,technician,E-0163,,20260106T061500Z-QE24M
CAL-00298,G-0092,2024-01-06,2023-12-27,2023-12-29,2023-12-30,pass,0.002,25.0,0.0001,0.0001,31.25,0.0002,0.0002,37.5,-0.0001,-0.0001,43.75,-0.0002,-0.0002,50.0,0.0003,0.0003,gauge block set GB-01,technician,E-0163,,20260106T061500Z-QE24M
CAL-00299,G-0237,2023-12-29,2023-12-29,2023-12-29,2023-12-30,pass,0.002,0.25,-0.001,-0.001,0.5,-0.0007,-0.0007,0.75,-0.0003,-0.0003,,,,,,,dial calibrator DC-01,technician,E-0163,,20260106T061500Z-QE24M
CAL-00300,G-0024,2023-12-30,2023-12-29,2023-12-30,2024-01-01,pass,0.0025,18.0,-0.0003,-0.0003,22.25,0.0,0.0,26.5,-0.0001,-0.0001,30.75,0.0006,0.0006,35.0,-0.0004,-0.0004,setting ring set SR-02,technician,E-0163,,20260106T061500Z-QE24M
CAL-00301,G-0243,2024-01-05,2023-12-28,2023-12-30,2023-12-30,pass,0.002,0.25,0.0002,0.0002,0.5,-0.0003,-0.0003,0.75,-0.0005,-0.0005,,,,,,,dial calibrator DC-01,technician,E-0163,,20260106T061500Z-QE24M
CAL-00302,G-0027,2023-12-31,2023-12-31,2023-12-31,2023-12-31,pass,0.0025,35.0,0.0001,0.0001,38.75,-0.0004,-0.0004,42.5,-0.0009,-0.0009,46.25,-0.0002,-0.0002,50.0,-0.0002,-0.0002,setting ring set SR-02,technician,E-0163,,20260106T061500Z-QE24M
CAL-00303,G-0245,2024-01-04,2024-01-01,2024-01-01,2024-01-03,pass,0.002,0.25,-0.0002,-0.0002,0.5,-0.0002,-0.0002,0.75,-0.0005,-0.0005,,,,,,,dial calibrator DC-01,technician,E-0163,,20260106T061500Z-QE24M
CAL-00304,G-0150,2024-01-08,2024-01-03,2024-01-03,2024-01-04,adjusted,0.02,37.5,0.013,-0.001,75.0,-0.002,-0.001,112.5,0.001,0.002,,,,,,,gauge block set GB-02,technician,E-0163,,20260106T061500Z-QE24M
CAL-00305,G-0191,2024-01-09,2024-01-04,2024-01-07,2024-01-09,pass,0.02,75.0,-0.001,-0.001,150.0,0.002,0.002,225.0,0.0,0.0,,,,,,,gauge block set GB-02,technician,E-0163,,20260106T061500Z-QE24M
CAL-00306,G-0251,2024-01-09,2024-01-07,2024-01-07,2024-01-07,adjusted,0.002,0.25,-0.0014,0.0,0.5,-0.0001,0.0002,0.75,-0.0009,0.0001,,,,,,,dial calibrator DC-01,technician,E-0163,,20260106T061500Z-QE24M
CAL-00307,G-0014,2024-01-09,2024-01-07,2024-01-08,2024-01-09,pass,0.0025,10.0,-0.0007,-0.0007,12.0,-0.0005,-0.0005,14.0,-0.0003,-0.0003,16.0,-0.0002,-0.0002,18.0,-0.001,-0.001,setting ring set SR-02,technician,E-0163,,20260106T061500Z-QE24M
CAL-00308,G-0090,2024-01-13,2024-01-07,2024-01-08,2024-01-09,pass,0.002,25.0,0.0002,0.0002,31.25,-0.0004,-0.0004,37.5,-0.0007,-0.0007,43.75,0.0003,0.0003,50.0,-0.0001,-0.0001,gauge block set GB-01,technician,E-0163,,20260106T061500Z-QE24M
CAL-00309,G-0083,2024-01-12,2024-01-09,2024-01-09,2024-01-11,adjusted,0.002,25.0,-0.0,0.0001,31.25,0.0015,0.0,37.5,0.0007,-0.0001,43.75,-0.0004,-0.0003,50.0,0.0002,0.0,gauge block set GB-01,technician,E-0163,,20260106T061500Z-QE24M
CAL-00310,G-0033,2024-01-19,2024-01-07,2024-01-10,2024-01-12,pass,0.002,0.0,0.0,0.0,6.25,0.0008,0.0008,12.5,-0.0008,-0.0008,18.75,-0.0005,-0.0005,25.0,-0.0003,-0.0003,gauge block set GB-01,technician,E-0163,,20260106T061500Z-QE24M
CAL-00311,G-0081,2024-01-19,2024-01-09,2024-01-10,2024-01-12,pass,0.002,25.0,-0.0005,-0.0005,31.25,0.0003,0.0003,37.5,-0.0009,-0.0009,43.75,0.0001,0.0001,50.0,-0.0005,-0.0005,gauge block set GB-01,technician,E-0163,,20260106T061500Z-QE24M
CAL-00312,G-0146,2024-01-11,2024-01-08,2024-01-10,2024-01-10,pass,0.02,37.5,0.006,0.006,75.0,0.003,0.003,112.5,0.002,0.002,,,,,,,gauge block set GB-02,technician,E-0163,,20260106T061500Z-QE24M
CAL-00313,G-0042,2024-01-20,2024-01-08,2024-01-11,2024-01-12,pass,0.002,0.0,0.0002,0.0002,6.25,-0.0003,-0.0003,12.5,0.0007,0.0007,18.75,0.0003,0.0003,25.0,-0.0,-0.0,gauge block set GB-01,technician,E-0163,,20260106T061500Z-QE24M
CAL-00314,G-0165,2024-01-14,2024-01-10,2024-01-12,2024-01-13,pass,0.02,37.5,0.005,0.005,75.0,0.007,0.007,112.5,0.005,0.005,,,,,,,gauge block set GB-02,technician,E-0163,,20260106T061500Z-QE24M
CAL-00315,G-0195,2024-01-19,2024-01-10,2024-01-12,2024-01-12,pass,0.02,75.0,-0.001,-0.001,150.0,-0.004,-0.004,225.0,0.006,0.006,,,,,,,gauge block set GB-02,technician,E-0163,,20260106T061500Z-QE24M
CAL-00316,G-0018,2024-01-18,2024-01-13,2024-01-14,2024-01-16,pass,0.0025,10.0,0.0004,0.0004,12.0,0.0001,0.0001,14.0,0.0003,0.0003,16.0,-0.0011,-0.0011,18.0,0.0004,0.0004,setting ring set SR-02,technician,E-0163,,20260106T061500Z-QE24M
CAL-00317,G-0088,2024-01-15,2024-01-12,2024-01-14,2024-01-14,pass,0.002,25.0,0.0,0.0,31.25,-0.0001,-0.0001,37.5,-0.0006,-0.0006,43.75,0.0003,0.0003,50.0,0.0006,0.0006,gauge block set GB-01,technician,E-0163,,20260106T061500Z-QE24M
CAL-00318,G-0117,2024-01-23,2024-01-14,2024-01-14,2024-01-16,pass,0.002,50.0,0.0004,0.0004,56.25,0.0002,0.0002,62.5,0.0001,0.0001,68.75,0.001,0.001,75.0,0.001,0.001,gauge block set GB-01,technician,E-0163,,20260106T061500Z-QE24M
CAL-00319,G-0040,2024-01-17,2024-01-15,2024-01-15,2024-01-17,pass,0.002,0.0,0.0001,0.0001,6.25,0.0001,0.0001,12.5,-0.0008,-0.0008,18.75,0.0002,0.0002,25.0,-0.0002,-0.0002,gauge block set GB-01,technician,E-0163,,20260106T061500Z-QE24M
CAL-00320,G-0289,2024-01-19,2024-01-10,2024-01-15,2024-01-17,pass,0.001,25.5,-0.0002,-0.0002,,,,,,,,,,,,,laboratory reference,laboratory,S-057,LC-2410052,20260106T061500Z-QE24M
CAL-00321,G-0226,2024-01-20,2024-01-17,2024-01-17,2024-01-17,pass,0.005,12.5,0.002,0.002,,,,,,,,,,,,,thread setting plug set,technician,E-0163,,20260106T061500Z-QE24M
CAL-00322,G-0053,2024-01-21,2024-01-17,2024-01-20,2024-01-20,pass,0.002,0.0,0.0004,0.0004,6.25,0.0005,0.0005,12.5,0.0006,0.0006,18.75,0.0003,0.0003,25.0,0.0,0.0,gauge block set GB-01,technician,E-0163,,20260106T061500Z-QE24M
CAL-00323,G-0129,2024-01-20,2024-01-17,2024-01-20,2024-01-22,pass,0.02,37.5,0.009,0.009,75.0,0.011,0.011,112.5,-0.0,-0.0,,,,,,,gauge block set GB-02,technician,E-0163,,20260106T061500Z-QE24M
CAL-00324,G-0008,2024-01-26,2024-01-19,2024-01-22,2024-01-23,pass,0.0025,18.0,0.0006,0.0006,22.25,0.0015,0.0015,26.5,0.0007,0.0007,30.75,0.0009,0.0009,35.0,0.0007,0.0007,setting ring set SR-02,technician,E-0163,,20260106T061500Z-QE24M
CAL-00325,G-0241,2024-01-30,2024-01-21,2024-01-22,2024-01-24,pass,0.002,0.25,0.0003,0.0003,0.5,-0.0005,-0.0005,0.75,-0.0007,-0.0007,,,,,,,dial calibrator DC-01,technician,E-0163,,20260106T061500Z-QE24M
CAL-00326,G-0019,2024-01-31,2024-01-23,2024-01-23,2024-01-25,pass,0.0025,10.0,0.0008,0.0008,12.0,-0.0001,-0.0001,14.0,0.0011,0.0011,16.0,0.0004,0.0004,18.0,0.0005,0.0005,setting ring set SR-02,technician,E-0163,,20260106T061500Z-QE24M
CAL-00327,G-0246,2024-02-02,2024-01-21,2024-01-24,2024-01-24,pass,0.002,0.25,-0.0,-0.0,0.5,0.0006,0.0006,0.75,0.0002,0.0002,,,,,,,dial calibrator DC-01,technician,E-0163,,20260106T061500Z-QE24M
CAL-00328,G-0123,2024-01-31,2024-01-22,2024-01-25,2024-01-26,pass,0.002,50.0,0.0,0.0,56.25,0.0008,0.0008,62.5,0.0001,0.0001,68.75,-0.0002,-0.0002,75.0,0.0001,0.0001,gauge block set GB-01,technician,E-0163,,20260106T061500Z-QE24M
CAL-00329,G-0257,2024-01-31,2024-01-23,2024-01-26,2024-01-26,pass,0.002,0.25,-0.0001,-0.0001,0.5,-0.0005,-0.0005,0.75,-0.0001,-0.0001,,,,,,,dial calibrator DC-01,technician,E-0163,,20260106T061500Z-QE24M
CAL-00330,G-0249,2024-02-03,2024-01-28,2024-01-28,2024-01-28,pass,0.002,0.25,-0.0005,-0.0005,0.5,-0.0,-0.0,0.75,-0.0003,-0.0003,,,,,,,dial calibrator DC-01,technician,E-0163,,20260106T061500Z-QE24M
CAL-00331,G-0011,2024-02-05,2024-01-27,2024-01-29,2024-01-29,pass,0.0025,6.0,0.0,0.0,7.0,0.0004,0.0004,8.0,0.0004,0.0004,9.0,0.0004,0.0004,10.0,0.0012,0.0012,setting ring set SR-02,technician,E-0163,,20260106T061500Z-QE24M
CAL-00332,G-0080,2024-02-02,2024-01-27,2024-01-29,2024-01-29,pass,0.002,25.0,-0.0002,-0.0002,31.25,-0.0,-0.0,37.5,0.0002,0.0002,43.75,0.0003,0.0003,50.0,0.0008,0.0008,gauge block set GB-01,technician,E-0163,,20260106T061500Z-QE24M
CAL-00333,G-0087,2024-02-05,2024-01-28,2024-01-29,2024-01-30,adjusted,0.002,25.0,-0.0002,-0.0001,31.25,-0.0017,-0.0001,37.5,-0.0002,0.0,43.75,0.0007,0.0,50.0,-0.0001,-0.0,gauge block set GB-01,technician,E-0163,,20260106T061500Z-QE24M
CAL-00334,G-0119,2024-01-31,2024-01-27,2024-01-29,2024-01-31,pass,0.002,50.0,-0.0002,-0.0002,56.25,0.0008,0.0008,62.5,0.0001,0.0001,68.75,0.0001,0.0001,75.0,0.0007,0.0007,gauge block set GB-01,technician,E-0163,,20260106T061500Z-QE24M
CAL-00335,G-0248,2024-02-04,2024-01-28,2024-01-29,2024-01-31,pass,0.002,0.25,0.0009,0.0009,0.5,-0.0009,-0.0009,0.75,-0.0008,-0.0008,,,,,,,dial calibrator DC-01,technician,E-0163,,20260106T061500Z-QE24M
CAL-00336,G-0215,2024-02-05,2024-01-31,2024-01-31,2024-02-01,pass,0.005,12.5,0.0005,0.0005,,,,,,,,,,,,,thread setting plug set,technician,E-0163,,20260106T061500Z-QE24M
CAL-00337,G-0005,2024-02-05,2024-02-02,2024-02-03,2024-02-05,pass,0.001,6.325,0.0003,0.0003,6.35,0.0002,0.0002,6.375,0.0004,0.0004,,,,,,,"setting masters, min and max",technician,E-0163,,20260106T061500Z-QE24M
CAL-00338,G-0236,2024-02-03,2024-02-01,2024-02-03,2024-02-04,pass,0.002,0.25,0.0004,0.0004,0.5,0.0001,0.0001,0.75,0.0006,0.0006,,,,,,,dial calibrator DC-01,technician,E-0163,,20260106T061500Z-QE24M
CAL-00339,G-0139,2024-01-27,2024-02-03,2024-02-04,2024-02-04,pass,0.02,37.5,-0.003,-0.003,75.0,-0.002,-0.002,112.5,0.001,0.001,,,,,,,gauge block set GB-02,technician,E-0163,,20260106T061500Z-QE24M
CAL-00340,G-0233,2024-01-27,2024-02-04,2024-02-04,2024-02-04,pass,0.002,0.25,0.0006,0.0006,0.5,0.001,0.001,0.75,-0.0,-0.0,,,,,,,dial calibrator DC-01,technician,E-0163,,20260106T061500Z-QE24M
CAL-00341,G-0130,2024-01-14,2024-02-05,2024-02-05,2024-02-05,pass,0.02,37.5,-0.0,-0.0,75.0,-0.001,-0.001,112.5,-0.008,-0.008,,,,,,,gauge block set GB-02,technician,E-0163,,20260106T061500Z-QE24M
CAL-00342,G-0015,2024-01-05,2024-02-06,2024-02-06,2024-02-06,pass,0.0025,10.0,-0.0006,-0.0006,12.0,0.0011,0.0011,14.0,0.001,0.001,16.0,0.0008,0.0008,18.0,0.0002,0.0002,setting ring set SR-02,technician,E-0163,,20260106T061500Z-QE24M
CAL-00343,G-0085,2024-01-29,2024-02-05,2024-02-06,2024-02-07,pass,0.002,25.0,0.0008,0.0008,31.25,-0.0005,-0.0005,37.5,-0.0,-0.0,43.75,0.0004,0.0004,50.0,-0.0002,-0.0002,gauge block set GB-01,technician,E-0163,,20260106T061500Z-QE24M
CAL-00344,G-0096,2024-02-06,2024-02-05,2024-02-06,2024-02-08,pass,0.002,25.0,0.0004,0.0004,31.25,-0.0001,-0.0001,37.5,0.0004,0.0004,43.75,-0.0002,-0.0002,50.0,-0.0001,-0.0001,gauge block set GB-01,technician,E-0163,,20260106T061500Z-QE24M
CAL-00345,G-0171,2024-02-14,2024-02-04,2024-02-06,2024-02-07,pass,0.02,37.5,0.003,0.003,75.0,-0.003,-0.003,112.5,-0.005,-0.005,,,,,,,gauge block set GB-02,technician,E-0163,,20260106T061500Z-QE24M
CAL-00346,G-0009,2024-02-09,2024-02-06,2024-02-07,2024-02-08,pass,0.0025,6.0,0.0001,0.0001,7.0,-0.0001,-0.0001,8.0,0.0013,0.0013,9.0,0.0001,0.0001,10.0,0.0004,0.0004,setting ring set SR-02,technician,E-0163,,20260106T061500Z-QE24M
CAL-00347,G-0153,2024-02-11,2024-02-05,2024-02-07,2024-02-08,pass,0.02,37.5,0.002,0.002,75.0,0.007,0.007,112.5,-0.002,-0.002,,,,,,,gauge block set GB-02,technician,E-0163,,20260106T061500Z-QE24M
CAL-00348,G-0219,2024-01-27,2024-02-09,2024-02-10,2024-02-11,pass,0.005,12.5,0.0006,0.0006,,,,,,,,,,,,,thread setting plug set,technician,E-0163,,20260106T061500Z-QE24M
CAL-00349,G-0262,2024-02-11,2024-02-09,2024-02-10,2024-02-10,pass,0.002,0.25,0.0005,0.0005,0.5,0.0,0.0,0.75,0.0005,0.0005,,,,,,,dial calibrator DC-01,technician,E-0163,,20260106T061500Z-QE24M
CAL-00350,G-0075,2024-01-24,2024-02-09,2024-02-11,2024-02-11,pass,0.002,25.0,-0.0006,-0.0006,31.25,-0.0005,-0.0005,37.5,-0.0004,-0.0004,43.75,-0.0002,-0.0002,50.0,-0.0002,-0.0002,gauge block set GB-01,technician,E-0163,,20260106T061500Z-QE24M
CAL-00351,G-0100,2024-01-12,2024-02-10,2024-02-11,2024-02-11,pass,0.002,25.0,0.0001,0.0001,31.25,-0.0009,-0.0009,37.5,0.0006,0.0006,43.75,0.0002,0.0002,50.0,-0.0009,-0.0009,gauge block set GB-01,technician,E-0163,,20260106T061500Z-QE24M
CAL-00352,G-0116,2024-01-06,2024-02-09,2024-02-11,2024-02-13,pass,0.002,50.0,0.0002,0.0002,56.25,-0.0001,-0.0001,62.5,0.0004,0.0004,68.75,0.0005,0.0005,75.0,0.0005,0.0005,gauge block set GB-01,technician,E-0163,,20260106T061500Z-QE24M
CAL-00353,G-0231,2024-02-13,2024-02-09,2024-02-11,2024-02-13,pass,0.05,5.333,0.023,0.023,10.667,-0.001,-0.001,,,,,,,,,,roughness specimen set,technician,E-0163,,20260106T061500Z-QE24M
CAL-00354,G-0004,2024-02-20,2024-02-10,2024-02-12,2024-02-14,pass,0.001,19.025,-0.0001,-0.0001,19.05,-0.0,-0.0,19.075,0.0004,0.0004,,,,,,,"setting masters, min and max",technician,E-0163,,20260106T061500Z-QE24M
CAL-00355,G-0028,2024-01-27,2024-02-10,2024-02-12,2024-02-14,pass,0.0025,35.0,-0.0,-0.0,38.75,0.0,0.0,42.5,0.0002,0.0002,46.25,0.0007,0.0007,50.0,-0.0012,-0.0012,setting ring set SR-02,technician,E-0163,,20260106T061500Z-QE24M
CAL-00356,G-0059,2024-02-14,2024-02-10,2024-02-12,2024-02-14,pass,0.002,0.0,0.0008,0.0008,6.25,0.0002,0.0002,12.5,0.0002,0.0002,18.75,0.0001,0.0001,25.0,0.0005,0.0005,gauge block set GB-01,technician,E-0163,,20260106T061500Z-QE24M
CAL-00357,G-0170,2024-02-22,2024-02-14,2024-02-14,2024-02-16,pass,0.02,37.5,-0.004,-0.004,75.0,0.007,0.007,112.5,-0.008,-0.008,,,,,,,gauge block set GB-02,technician,E-0163,,20260106T061500Z-QE24M
CAL-00358,G-0223,2024-01-27,2024-02-14,2024-02-14,2024-02-16,pass,0.005,12.5,0.0001,0.0001,,,,,,,,,,,,,thread setting plug set,technician,E-0163,,20260106T061500Z-QE24M
CAL-00359,G-0007,2024-02-24,2024-02-17,2024-02-17,2024-02-18,pass,0.001,50.014,0.0005,0.0005,51.92,-0.0003,-0.0003,53.825,-0.0,-0.0,,,,,,,"setting masters, min and max",technician,E-0163,,20260106T061500Z-QE24M
CAL-00360,G-0082,2024-02-27,2024-02-17,2024-02-19,2024-02-20,pass,0.002,25.0,-0.0008,-0.0008,31.25,-0.0009,-0.0009,37.5,-0.0001,-0.0001,43.75,-0.0006,-0.0006,50.0,0.0002,0.0002,gauge block set GB-01,technician,E-0163,,20260106T061500Z-QE24M
CAL-00361,G-0102,2024-02-19,2024-02-19,2024-02-19,2024-02-19,pass,0.002,25.0,-0.0003,-0.0003,31.25,0.0001,0.0001,37.5,-0.0004,-0.0004,43.75,-0.0002,-0.0002,50.0,-0.0002,-0.0002,gauge block set GB-01,technician,E-0163,,20260106T061500Z-QE24M
CAL-00362,G-0012,2024-01-19,2024-02-21,2024-02-21,2024-02-21,pass,0.0025,6.0,-0.0001,-0.0001,7.0,-0.0009,-0.0009,8.0,0.0005,0.0005,9.0,0.0005,0.0005,10.0,0.0003,0.0003,setting ring set SR-02,technician,E-0163,,20260106T061500Z-QE24M
CAL-00363,G-0043,2024-02-24,2024-02-20,2024-02-21,2024-02-22,pass,0.002,0.0,-0.0006,-0.0006,6.25,-0.0002,-0.0002,12.5,0.0002,0.0002,18.75,-0.0005,-0.0005,25.0,-0.0001,-0.0001,gauge block set GB-01,technician,E-0163,,20260106T061500Z-QE24M
CAL-00364,G-0252,2024-02-21,2024-02-19,2024-02-21,2024-02-22,pass,0.002,0.25,-0.0005,-0.0005,0.5,-0.0006,-0.0006,0.75,0.0002,0.0002,,,,,,,dial calibrator DC-01,technician,E-0163,,20260106T061500Z-QE24M
CAL-00365,G-0135,2024-01-22,2024-02-22,2024-02-22,2024-02-24,pass,0.02,37.5,0.008,0.008,75.0,-0.002,-0.002,112.5,0.006,0.006,,,,,,,gauge block set GB-02,technician,E-0163,,20260106T061500Z-QE24M
CAL-00366,G-0141,2024-03-02,2024-02-19,2024-02-22,2024-02-22,pass,0.02,37.5,0.006,0.006,75.0,0.001,0.001,112.5,-0.005,-0.005,,,,,,,gauge block set GB-02,technician,E-0163,,20260106T061500Z-QE24M
CAL-00367,G-0163,2024-01-30,2024-02-20,2024-02-22,2024-02-24,pass,0.02,37.5,-0.001,-0.001,75.0,-0.005,-0.005,112.5,0.007,0.007,,,,,,,gauge block set GB-02,technician,E-0163,,20260106T061500Z-QE24M
CAL-00368,G-0247,2024-01-14,2024-02-22,2024-02-22,2024-02-23,pass,0.002,0.25,-0.0004,-0.0004,0.5,0.0003,0.0003,0.75,-0.0004,-0.0004,,,,,,,dial calibrator DC-01,technician,E-0163,,20260106T061500Z-QE24M
CAL-00369,G-0025,2024-02-24,2024-02-22,2024-02-23,2024-02-23,pass,0.0025,18.0,0.0009,0.0009,22.25,-0.0002,-0.0002,26.5,0.0011,0.0011,30.75,-0.0005,-0.0005,35.0,0.0003,0.0003,setting ring set SR-02,technician,E-0163,,20260106T061500Z-QE24M
CAL-00370,G-0256,2024-03-02,2024-02-21,2024-02-23,2024-02-23,pass,0.002,0.25,0.0004,0.0004,0.5,-0.0002,-0.0002,0.75,-0.0004,-0.0004,,,,,,,dial calibrator DC-01,technician,E-0163,,20260106T061500Z-QE24M
CAL-00371,G-0078,2024-03-01,2024-02-25,2024-02-27,2024-02-27,pass,0.002,25.0,-0.0003,-0.0003,31.25,-0.0009,-0.0009,37.5,-0.0006,-0.0006,43.75,-0.0004,-0.0004,50.0,0.0003,0.0003,gauge block set GB-01,technician,E-0163,,20260106T061500Z-QE24M
CAL-00372,G-0137,2024-03-06,2024-02-28,2024-02-28,2024-02-29,pass,0.02,37.5,-0.002,-0.002,75.0,-0.001,-0.001,112.5,-0.003,-0.003,,,,,,,gauge block set GB-02,technician,E-0163,,20260106T061500Z-QE24M
CAL-00373,G-0022,2024-03-01,2024-02-26,2024-02-29,2024-02-29,pass,0.0025,18.0,-0.0002,-0.0002,22.25,-0.0006,-0.0006,26.5,0.0002,0.0002,30.75,-0.0001,-0.0001,35.0,0.0002,0.0002,setting ring set SR-02,technician,E-0163,,20260106T061500Z-QE24M
CAL-00374,G-0126,2024-03-02,2024-02-28,2024-02-29,2024-03-01,pass,0.02,37.5,0.009,0.009,75.0,-0.004,-0.004,112.5,-0.003,-0.003,,,,,,,gauge block set GB-02,technician,E-0163,,20260106T061500Z-QE24M
CAL-00375,G-0188,2024-03-04,2024-02-27,2024-02-29,2024-02-29,pass,0.02,75.0,-0.005,-0.005,150.0,-0.002,-0.002,225.0,-0.005,-0.005,,,,,,,gauge block set GB-02,technician,E-0163,,20260106T061500Z-QE24M
CAL-00376,G-0010,2024-03-04,2024-02-27,2024-03-01,2024-03-02,pass,0.0025,6.0,-0.0005,-0.0005,7.0,0.0003,0.0003,8.0,0.0004,0.0004,9.0,-0.0008,-0.0008,10.0,-0.0008,-0.0008,setting ring set SR-02,technician,E-0163,,20260106T061500Z-QE24M
CAL-00377,G-0023,2024-03-08,2024-02-29,2024-03-01,2024-03-02,adjusted,0.0025,18.0,0.0004,-0.0001,22.25,0.0006,0.0001,26.5,0.0,-0.0003,30.75,0.0007,0.0001,35.0,0.0015,0.0002,setting ring set SR-02,technician,E-0163,,20260106T061500Z-QE24M
CAL-00378,G-0235,2024-03-07,2024-03-01,2024-03-01,2024-03-02,adjusted,0.002,0.25,-0.0006,0.0001,0.5,-0.0001,-0.0003,0.75,-0.0012,0.0,,,,,,,dial calibrator DC-01,technician,E-0163,,20260106T061500Z-QE24M
CAL-00379,G-0244,2024-03-08,2024-02-27,2024-03-01,2024-03-02,pass,0.002,0.25,-0.0002,-0.0002,0.5,0.0003,0.0003,0.75,0.0006,0.0006,,,,,,,dial calibrator DC-01,technician,E-0163,,20260106T061500Z-QE24M
CAL-00380,G-0114,2024-03-06,2024-02-29,2024-03-02,2024-03-03,pass,0.002,50.0,0.0001,0.0001,56.25,-0.0006,-0.0006,62.5,0.0005,0.0005,68.75,0.0008,0.0008,75.0,0.0006,0.0006,gauge block set GB-01,technician,E-0163,,20260106T061500Z-QE24M
CAL-00381,G-0134,2024-03-08,2024-02-28,2024-03-02,2024-03-04,pass,0.02,37.5,0.009,0.009,75.0,0.002,0.002,112.5,0.009,0.009,,,,,,,gauge block set GB-02,technician,E-0163,,20260106T061500Z-QE24M
CAL-00382,G-0271,2024-03-04,2024-02-26,2024-03-02,2024-03-05,pass,0.001,25.5,-0.0002,-0.0002,,,,,,,,,,,,,laboratory reference,laboratory,S-057,LC-2450839,20260106T061500Z-QE24M
CAL-00383,G-0037,2024-02-13,2024-03-01,2024-03-03,2024-03-03,pass,0.002,0.0,0.0002,0.0002,6.25,-0.0006,-0.0006,12.5,0.0,0.0,18.75,0.0002,0.0002,25.0,0.0001,0.0001,gauge block set GB-01,technician,E-0163,,20260106T061500Z-QE24M
CAL-00384,G-0099,2024-03-09,2024-03-03,2024-03-03,2024-03-03,pass,0.002,25.0,-0.0002,-0.0002,31.25,-0.0003,-0.0003,37.5,0.0006,0.0006,43.75,0.0007,0.0007,50.0,-0.0007,-0.0007,gauge block set GB-01,technician,E-0163,,20260106T061500Z-QE24M
CAL-00385,G-0258,2024-03-08,2024-03-03,2024-03-03,2024-03-04,adjusted,0.002,0.25,0.0012,0.0002,0.5,0.0006,0.0001,0.75,-0.0005,-0.0,,,,,,,dial calibrator DC-01,technician,E-0163,,20260106T061500Z-QE24M
CAL-00386,G-0021,2024-03-06,2024-03-01,2024-03-04,2024-03-04,pass,0.0025,18.0,0.0001,0.0001,22.25,-0.0004,-0.0004,26.5,-0.0008,-0.0008,30.75,0.0005,0.0005,35.0,0.0005,0.0005,setting ring set SR-02,technician,E-0163,,20260106T061500Z-QE24M
CAL-00387,G-0029,2024-03-05,2024-03-01,2024-03-04,2024-03-05,pass,0.0025,35.0,-0.0004,-0.0004,38.75,-0.0002,-0.0002,42.5,-0.0004,-0.0004,46.25,-0.0005,-0.0005,50.0,-0.0003,-0.0003,setting ring set SR-02,technician,E-0163,,20260106T061500Z-QE24M
CAL-00388,G-0238,2024-03-09,2024-03-04,2024-03-04,2024-03-04,pass,0.002,0.25,0.0001,0.0001,0.5,-0.0007,-0.0007,0.75,0.0004,0.0004,,,,,,,dial calibrator DC-01,technician,E-0163,,20260106T061500Z-QE24M
CAL-00389,G-0242,2024-01-11,2024-03-06,2024-03-06,2024-03-06,pass,0.002,0.25,0.0002,0.0002,0.5,-0.0001,-0.0001,0.75,-0.0005,-0.0005,,,,,,,dial calibrator DC-01,technician,E-0163,,20260106T061500Z-QE24M
CAL-00390,G-0205,2024-02-07,2024-03-05,2024-03-07,2024-03-07,pass,0.005,12.5,0.001,0.001,,,,,,,,,,,,,thread setting plug set,technician,E-0163,,20260106T061500Z-QE24M
CAL-00391,G-0071,2024-03-15,2024-03-06,2024-03-08,2024-03-10,pass,0.002,25.0,-0.0,-0.0,31.25,-0.0002,-0.0002,37.5,-0.0001,-0.0001,43.75,-0.0007,-0.0007,50.0,0.0003,0.0003,gauge block set GB-01,technician,E-0163,,20260106T061500Z-QE24M
CAL-00392,G-0239,2024-03-09,2024-03-08,2024-03-09,2024-03-10,pass,0.002,0.25,-0.0001,-0.0001,0.5,0.0006,0.0006,0.75,-0.0,-0.0,,,,,,,dial calibrator DC-01,technician,E-0163,,20260106T061500Z-QE24M
CAL-00393,G-0095,2024-03-18,2024-03-08,2024-03-10,2024-03-10,pass,0.002,25.0,-0.0,-0.0,31.25,-0.0009,-0.0009,37.5,0.0,0.0,43.75,-0.0006,-0.0006,50.0,0.0005,0.0005,gauge block set GB-01,technician,E-0163,,20260106T061500Z-QE24M
CAL-00394,G-0143,2024-03-11,2024-03-08,2024-03-10,2024-03-12,pass,0.02,37.5,0.004,0.004,75.0,0.007,0.007,112.5,-0.007,-0.007,,,,,,,gauge block set GB-02,technician,E-0163,,20260106T061500Z-QE24M
CAL-00395,G-0288,2024-03-18,2024-03-01,2024-03-10,2024-03-14,pass,0.001,25.5,0.0,0.0,,,,,,,,,,,,,laboratory reference,laboratory,S-057,LC-2458404,20260106T061500Z-QE24M
CAL-00396,G-0020,2024-02-13,2024-03-10,2024-03-12,2024-03-14,pass,0.0025,18.0,-0.0007,-0.0007,22.25,-0.0001,-0.0001,26.5,-0.0009,-0.0009,30.75,-0.0009,-0.0009,35.0,0.0012,0.0012,setting ring set SR-02,technician,E-0163,,20260106T061500Z-QE24M
CAL-00397,G-0200,2024-03-17,2024-03-11,2024-03-12,2024-03-14,pass,0.005,12.5,0.0001,0.0001,,,,,,,,,,,,,thread setting plug set,technician,E-0163,,20260106T061500Z-QE24M
CAL-00398,G-0016,2024-03-21,2024-03-13,2024-03-13,2024-03-15,adjusted,0.0025,10.0,0.0004,-0.0002,12.0,-0.0018,0.0001,14.0,-0.0004,0.0001,16.0,-0.0004,0.0002,18.0,-0.0,0.0,setting ring set SR-02,technician,E-0163,,20260106T061500Z-QE24M
CAL-00399,G-0060,2024-02-06,2024-03-13,2024-03-13,2024-03-13,adjusted,0.002,0.0,-0.0004,0.0001,6.25,0.0017,0.0001,12.5,0.001,0.0,18.75,0.0002,-0.0001,25.0,-0.0003,0.0,gauge block set GB-01,technician,E-0163,,20260106T061500Z-QE24M
CAL-00400,G-0056,2024-03-20,2024-03-14,2024-03-14,2024-03-16,pass,0.002,0.0,-0.0004,-0.0004,6.25,0.0001,0.0001,12.5,-0.0003,-0.0003,18.75,0.0004,0.0004,25.0,-0.0009,-0.0009,gauge block set GB-01,technician,E-0163,,20260106T061500Z-QE24M
CAL-00401,G-0192,2024-02-04,2024-03-15,2024-03-15,2024-03-16,pass,0.02,75.0,0.003,0.003,150.0,0.007,0.007,225.0,0.001,0.001,,,,,,,gauge block set GB-02,technician,E-0163,,20260106T061500Z-QE24M
CAL-00402,G-0006,2024-03-16,2024-03-16,2024-03-16,2024-03-17,pass,0.001,40.626,0.0001,0.0001,40.71,-0.0005,-0.0005,40.793,-0.0004,-0.0004,,,,,,,"setting masters, min and max",technician,E-0163,,20260106T061500Z-QE24M
CAL-00403,G-0069,2024-02-14,2024-03-15,2024-03-16,2024-03-17,pass,0.002,25.0,0.0004,0.0004,31.25,0.0004,0.0004,37.5,0.0002,0.0002,43.75,0.0007,0.0007,50.0,0.0006,0.0006,gauge block set GB-01,technician,E-0163,,20260106T061500Z-QE24M
CAL-00404,G-0079,2024-03-23,2024-03-15,2024-03-16,2024-03-18,pass,0.002,25.0,-0.0008,-0.0008,31.25,-0.0002,-0.0002,37.5,-0.0006,-0.0006,43.75,0.0003,0.0003,50.0,0.0001,0.0001,gauge block set GB-01,technician,E-0163,,20260106T061500Z-QE24M
CAL-00405,G-0162,2024-03-23,2024-03-13,2024-03-16,2024-03-16,adjusted,0.02,37.5,0.003,0.002,75.0,-0.014,-0.001,112.5,0.002,-0.001,,,,,,,gauge block set GB-02,technician,E-0163,,20260106T061500Z-QE24M
CAL-00406,G-0222,2024-03-22,2024-03-15,2024-03-16,2024-03-16,pass,0.005,12.5,0.0018,0.0018,,,,,,,,,,,,,thread setting plug set,technician,E-0163,,20260106T061500Z-QE24M
CAL-00407,G-0045,2024-02-28,2024-03-15,2024-03-17,2024-03-18,pass,0.002,0.0,0.0001,0.0001,6.25,-0.0002,-0.0002,12.5,0.0002,0.0002,18.75,-0.0001,-0.0001,25.0,-0.0008,-0.0008,gauge block set GB-01,technician,E-0163,,20260106T061500Z-QE24M
CAL-00408,G-0212,2024-02-05,2024-03-16,2024-03-17,2024-03-19,pass,0.005,12.5,0.0001,0.0001,,,,,,,,,,,,,thread setting plug set,technician,E-0163,,20260106T061500Z-QE24M
CAL-00409,G-0240,2024-03-25,2024-03-14,2024-03-17,2024-03-18,pass,0.002,0.25,-0.0003,-0.0003,0.5,-0.0006,-0.0006,0.75,0.0003,0.0003,,,,,,,dial calibrator DC-01,technician,E-0163,,20260106T061500Z-QE24M
CAL-00410,G-0275,2024-02-12,2024-03-10,2024-03-17,2024-03-21,pass,0.001,25.5,-0.0002,-0.0002,,,,,,,,,,,,,laboratory reference,laboratory,S-057,LC-2470939,20260106T061500Z-QE24M
CAL-00411,G-0178,2024-03-25,2024-03-18,2024-03-18,2024-03-18,pass,0.02,37.5,0.003,0.003,75.0,0.005,0.005,112.5,0.008,0.008,,,,,,,gauge block set GB-02,technician,E-0163,,20260106T061500Z-QE24M
CAL-00412,G-0044,2024-03-29,2024-03-19,2024-03-20,2024-03-22,pass,0.002,0.0,0.0008,0.0008,6.25,-0.0002,-0.0002,12.5,-0.0005,-0.0005,18.75,-0.0003,-0.0003,25.0,-0.0006,-0.0006,gauge block set GB-01,technician,E-0163,,20260106T061500Z-QE24M
CAL-00413,G-0268,2024-03-26,2024-03-12,2024-03-20,2024-03-24,pass,0.001,25.5,0.0005,0.0005,,,,,,,,,,,,,laboratory reference,laboratory,S-057,LC-2429702,20260106T061500Z-QE24M
CAL-00414,G-0234,2024-03-25,2024-03-20,2024-03-21,2024-03-23,pass,0.002,0.25,0.0004,0.0004,0.5,0.0008,0.0008,0.75,0.0009,0.0009,,,,,,,dial calibrator DC-01,technician,E-0163,,20260106T061500Z-QE24M
CAL-00415,G-0295,2024-02-21,2024-03-16,2024-03-21,2024-03-23,pass,0.001,25.5,-0.0001,-0.0001,,,,,,,,,,,,,laboratory reference,laboratory,S-057,LC-2483802,20260106T061500Z-QE24M
CAL-00416,G-0039,2024-02-04,2024-03-20,2024-03-22,2024-03-24,pass,0.002,0.0,0.0005,0.0005,6.25,0.0001,0.0001,12.5,0.0001,0.0001,18.75,-0.0002,-0.0002,25.0,0.0002,0.0002,gauge block set GB-01,technician,E-0163,,20260106T061500Z-QE24M
CAL-00417,G-0073,2024-03-22,2024-03-22,2024-03-22,2024-03-23,adjusted,0.002,25.0,-0.0009,0.0001,31.25,-0.0011,-0.0001,37.5,-0.0005,-0.0001,43.75,-0.0005,-0.0,50.0,-0.0006,0.0001,gauge block set GB-01,technician,E-0163,,20260106T061500Z-QE24M
CAL-00418,G-0017,2024-03-28,2024-03-22,2024-03-23,2024-03-24,adjusted,0.0025,10.0,0.0001,0.0001,12.0,-0.0003,-0.0003,14.0,-0.0012,-0.0001,16.0,-0.0009,0.0001,18.0,-0.0016,0.0003,setting ring set SR-02,technician,E-0163,,20260106T061500Z-QE24M
CAL-00419,G-0026,2024-03-27,2024-03-20,2024-03-23,2024-03-25,pass,0.0025,35.0,-0.0005,-0.0005,38.75,-0.001,-0.001,42.5,0.0001,0.0001,46.25,0.0005,0.0005,50.0,0.0006,0.0006,setting ring set SR-02,technician,E-0163,,20260106T061500Z-QE24M
CAL-00420,G-0055,2024-03-30,2024-03-20,2024-03-23,2024-03-23,pass,0.002,0.0,-0.0,-0.0,6.25,0.0007,0.0007,12.5,0.0,0.0,18.75,-0.0004,-0.0004,25.0,0.0,0.0,gauge block set GB-01,technician,E-0163,,20260106T061500Z-QE24M
CAL-00421,G-0066,2024-03-29,2024-03-21,2024-03-24,2024-03-26,pass,0.002,25.0,0.0005,0.0005,31.25,-0.0002,-0.0002,37.5,-0.0001,-0.0001,43.75,-0.0002,-0.0002,50.0,-0.0002,-0.0002,gauge block set GB-01,technician,E-0163,,20260106T061500Z-QE24M
CAL-00422,G-0047,2024-04-01,2024-03-22,2024-03-25,2024-03-27,pass,0.002,0.0,-0.0,-0.0,6.25,0.0005,0.0005,12.5,0.0005,0.0005,18.75,-0.0002,-0.0002,25.0,-0.0,-0.0,gauge block set GB-01,technician,E-0163,,20260106T061500Z-QE24M
CAL-00423,G-0070,2024-04-01,2024-03-24,2024-03-25,2024-03-26,pass,0.002,25.0,-0.0001,-0.0001,31.25,0.0003,0.0003,37.5,0.0005,0.0005,43.75,0.0008,0.0008,50.0,-0.0003,-0.0003,gauge block set GB-01,technician,E-0163,,20260106T061500Z-QE24M
CAL-00424,G-0027,2024-03-31,2024-03-26,2024-03-26,2024-03-27,pass,0.0025,35.0,0.0008,0.0008,38.75,0.0001,0.0001,42.5,0.0005,0.0005,46.25,-0.0003,-0.0003,50.0,-0.0004,-0.0004,setting ring set SR-02,technician,E-0163,,20260106T061500Z-QE24M
CAL-00425,G-0050,2024-03-29,2024-03-26,2024-03-26,2024-03-27,pass,0.002,0.0,0.0,0.0,6.25,-0.0005,-0.0005,12.5,-0.0004,-0.0004,18.75,0.0002,0.0002,25.0,0.0004,0.0004,gauge block set GB-01,technician,E-0163,,20260106T061500Z-QE24M
CAL-00426,G-0245,2024-04-01,2024-03-26,2024-03-26,2024-03-28,pass,0.002,0.25,0.0005,0.0005,0.5,0.0006,0.0006,0.75,0.0,0.0,,,,,,,dial calibrator DC-01,technician,E-0163,,20260106T061500Z-QE24M
CAL-00427,G-0101,2024-03-29,2024-03-25,2024-03-27,2024-03-29,adjusted,0.002,25.0,0.0007,-0.0,31.25,0.0006,-0.0003,37.5,-0.0001,-0.0001,43.75,0.0014,-0.0002,50.0,0.0001,0.0003,gauge block set GB-01,technician,E-0163,,20260106T061500Z-QE24M
CAL-00428,G-0198,2024-04-04,2024-03-24,2024-03-27,2024-03-28,pass,0.02,75.0,0.008,0.008,150.0,-0.004,-0.004,225.0,0.002,0.002,,,,,,,gauge block set GB-02,technician,E-0163,,20260106T061500Z-QE24M
CAL-00429,G-0243,2024-03-30,2024-03-28,2024-03-28,2024-03-29,pass,0.002,0.25,0.0001,0.0001,0.5,0.001,0.001,0.75,0.0005,0.0005,,,,,,,dial calibrator DC-01,technician,E-0163,,20260106T061500Z-QE24M
CAL-00430,G-0024,2024-03-30,2024-03-29,2024-03-29,2024-03-29,pass,0.0025,18.0,-0.0008,-0.0008,22.25,-0.0005,-0.0005,26.5,-0.0002,-0.0002,30.75,-0.0005,-0.0005,35.0,0.0001,0.0001,setting ring set SR-02,technician,E-0163,,20260106T061500Z-QE24M
CAL-00431,G-0237,2024-03-29,2024-03-26,2024-03-29,2024-03-30,pass,0.002,0.25,-0.0,-0.0,0.5,-0.0,-0.0,0.75,0.0002,0.0002,,,,,,,dial calibrator DC-01,technician,E-0163,,20260106T061500Z-QE24M
CAL-00432,G-0282,2024-03-29,2024-03-23,2024-03-29,2024-04-02,pass,0.001,25.5,0.0004,0.0004,,,,,,,,,,,,,laboratory reference,laboratory,S-057,LC-2413268,20260106T061500Z-QE24M
CAL-00433,G-0002,2024-04-06,2024-03-23,2024-04-01,2024-04-06,pass,0.002,0.0,0.0,0.0,175.0,0.0005,0.0005,350.0,0.0005,0.0005,525.0,-0.0005,-0.0005,700.0,-0.0002,-0.0002,ball bar and step gauge,laboratory,S-057,LC-2411238,20260106T061500Z-QE24M
CAL-00434,G-0091,2024-04-07,2024-03-30,2024-04-01,2024-04-02,pass,0.002,25.0,-0.0004,-0.0004,31.25,0.0002,0.0002,37.5,0.0005,0.0005,43.75,0.0003,0.0003,50.0,0.0003,0.0003,gauge block set GB-01,technician,E-0163,,20260106T061500Z-QE24M
CAL-00435,G-0112,2024-02-23,2024-04-01,2024-04-02,2024-04-04,pass,0.002,50.0,-0.0003,-0.0003,56.25,-0.0002,-0.0002,62.5,0.0003,0.0003,68.75,0.0008,0.0008,75.0,0.0002,0.0002,gauge block set GB-01,technician,E-0163,,20260106T061500Z-QE24M
CAL-00436,G-0093,2024-04-07,2024-04-03,2024-04-04,2024-04-04,pass,0.002,25.0,-0.0002,-0.0002,31.25,0.0003,0.0003,37.5,-0.0006,-0.0006,43.75,0.0003,0.0003,50.0,-0.0008,-0.0008,gauge block set GB-01,technician,E-0163,,20260106T061500Z-QE24M
CAL-00437,G-0121,2024-04-04,2024-04-01,2024-04-04,2024-04-05,pass,0.002,50.0,-0.0004,-0.0004,56.25,0.0008,0.0008,62.5,-0.0003,-0.0003,68.75,-0.0004,-0.0004,75.0,0.0003,0.0003,gauge block set GB-01,technician,E-0163,,20260106T061500Z-QE24M
CAL-00438,G-0283,2024-03-14,2024-03-29,2024-04-04,2024-04-08,pass,0.001,25.5,-0.0003,-0.0003,,,,,,,,,,,,,laboratory reference,laboratory,S-057,LC-2466825,20260106T061500Z-QE24M
CAL-00439,G-0035,2024-03-06,2024-04-03,2024-04-05,2024-04-06,pass,0.002,0.0,0.0002,0.0002,6.25,-0.0003,-0.0003,12.5,-0.0001,-0.0001,18.75,0.0002,0.0002,25.0,-0.0003,-0.0003,gauge block set GB-01,technician,E-0163,,20260106T061500Z-QE24M
CAL-00440,G-0138,2024-04-05,2024-04-04,2024-04-05,2024-04-07,pass,0.02,37.5,-0.003,-0.003,75.0,0.003,0.003,112.5,-0.007,-0.007,,,,,,,gauge block set GB-02,technician,E-0163,,20260106T061500Z-QE24M
CAL-00441,G-0251,2024-04-07,2024-04-02,2024-04-05,2024-04-07,pass,0.002,0.25,0.0002,0.0002,0.5,-0.0002,-0.0002,0.75,0.0003,0.0003,,,,,,,dial calibrator DC-01,technician,E-0163,,20260106T061500Z-QE24M
CAL-00442,G-0250,2024-03-21,2024-04-06,2024-04-06,2024-04-07,pass,0.002,0.25,-0.0002,-0.0002,0.5,0.0004,0.0004,0.75,-0.0002,-0.0002,,,,,,,dial calibrator DC-01,technician,E-0163,,20260106T061500Z-QE24M
CAL-00443,G-0014,2024-04-08,2024-04-05,2024-04-07,2024-04-07,pass,0.0025,10.0,-0.0003,-0.0003,12.0,-0.0004,-0.0004,14.0,-0.0005,-0.0005,16.0,0.001,0.001,18.0,0.0002,0.0002,setting ring set SR-02,technician,E-0163,,20260106T061500Z-QE24M
CAL-00444,G-0264,2024-04-11,2024-03-30,2024-04-07,2024-04-12,pass,0.001,25.5,-0.0002,-0.0002,,,,,,,,,,,,,laboratory reference,laboratory,S-057,LC-2447887,20260106T061500Z-QE24M
CAL-00445,G-0038,2024-02-10,2024-04-08,2024-04-08,2024-04-08,adjusted,0.002,0.0,0.0012,-0.0,6.25,0.0002,0.0001,12.5,0.0001,-0.0,18.75,-0.0001,-0.0002,25.0,0.0005,0.0,gauge block set GB-01,technician,E-0163,,20260106T061500Z-QE24M
CAL-00446,G-0058,2024-03-05,2024-04-06,2024-04-08,2024-04-10,pass,0.002,0.0,-0.0,-0.0,6.25,0.0004,0.0004,12.5,-0.0005,-0.0005,18.75,0.0002,0.0002,25.0,0.0005,0.0005,gauge block set GB-01,technician,E-0163,,20260106T061500Z-QE24M
CAL-00447,G-0109,2024-04-12,2024-04-09,2024-04-09,2024-04-10,pass,0.002,50.0,0.0007,0.0007,56.25,0.0001,0.0001,62.5,0.0007,0.0007,68.75,-0.0,-0.0,75.0,0.0003,0.0003,gauge block set GB-01,technician,E-0163,,20260106T061500Z-QE24M
CAL-00448,G-0230,2024-04-15,2024-04-11,2024-04-11,2024-04-13,pass,0.05,5.333,0.005,0.005,10.667,0.003,0.003,,,,,,,,,,roughness specimen set,technician,E-0163,,20260106T061500Z-QE24M
CAL-00449,G-0018,2024-04-14,2024-04-09,2024-04-12,2024-04-13,pass,0.0025,10.0,-0.0004,-0.0004,12.0,-0.0004,-0.0004,14.0,-0.0005,-0.0005,16.0,-0.0008,-0.0008,18.0,-0.0003,-0.0003,setting ring set SR-02,technician,E-0163,,20260106T061500Z-QE24M
CAL-00450,G-0175,2024-02-21,2024-04-10,2024-04-12,2024-04-14,pass,0.02,37.5,-0.001,-0.001,75.0,-0.003,-0.003,112.5,-0.006,-0.006,,,,,,,gauge block set GB-02,technician,E-0163,,20260106T061500Z-QE24M
CAL-00451,G-0206,2024-03-13,2024-04-12,2024-04-12,2024-04-14,pass,0.005,12.5,0.0006,0.0006,,,,,,,,,,,,,thread setting plug set,technician,E-0163,,20260106T061500Z-QE24M
CAL-00452,G-0300,2024-03-02,2024-04-05,2024-04-12,2024-04-17,pass,0.001,25.5,0.0003,0.0003,,,,,,,,,,,,,laboratory reference,laboratory,S-057,LC-2460572,20260106T061500Z-QE24M
CAL-00453,G-0048,2024-04-20,2024-04-10,2024-04-13,2024-04-15,adjusted,0.002,0.0,0.0004,0.0001,6.25,0.0007,-0.0003,12.5,0.0001,-0.0001,18.75,0.0012,-0.0001,25.0,0.0015,-0.0002,gauge block set GB-01,technician,E-0163,,20260106T061500Z-QE24M
CAL-00454,G-0186,2024-03-22,2024-04-11,2024-04-13,2024-04-13,pass,0.02,75.0,-0.001,-0.001,150.0,0.007,0.007,225.0,0.002,0.002,,,,,,,gauge block set GB-02,technician,E-0163,,20260106T061500Z-QE24M
CAL-00455,G-0201,2024-03-08,2024-04-14,2024-04-14,2024-04-14,pass,0.005,12.5,-0.0011,-0.0011,,,,,,,,,,,,,thread setting plug set,technician,E-0163,,20260106T061500Z-QE24M
CAL-00456,G-0287,2024-03-17,2024-04-09,2024-04-14,2024-04-18,pass,0.001,25.5,-0.0001,-0.0001,,,,,,,,,,,,,laboratory reference,laboratory,S-057,LC-2410103,20260106T061500Z-QE24M
CAL-00457,G-0019,2024-04-23,2024-04-14,2024-04-15,2024-04-16,pass,0.0025,10.0,0.0006,0.0006,12.0,-0.0005,-0.0005,14.0,0.0006,0.0006,16.0,0.0002,0.0002,18.0,-0.0002,-0.0002,setting ring set SR-02,technician,E-0163,,20260106T061500Z-QE24M
CAL-00458,G-0246,2024-04-24,2024-04-14,2024-04-17,2024-04-19,pass,0.002,0.25,0.0001,0.0001,0.5,0.0007,0.0007,0.75,0.0001,0.0001,,,,,,,dial calibrator DC-01,technician,E-0163,,20260106T061500Z-QE24M
CAL-00459,G-0113,2024-04-26,2024-04-16,2024-04-19,2024-04-19,pass,0.002,50.0,0.0005,0.0005,56.25,0.0001,0.0001,62.5,0.0006,0.0006,68.75,0.0006,0.0006,75.0,0.0006,0.0006,gauge block set GB-01,technician,E-0163,,20260106T061500Z-QE24M
CAL-00460,G-0241,2024-04-22,2024-04-17,2024-04-19,2024-04-20,pass,0.002,0.25,0.0,0.0,0.5,-0.0007,-0.0007,0.75,-0.0011,-0.0011,,,,,,,dial calibrator DC-01,technician,E-0163,,20260106T061500Z-QE24M
CAL-00461,G-0051,2024-03-18,2024-04-21,2024-04-22,2024-04-22,adjusted,0.002,0.0,0.0002,-0.0001,6.25,0.0011,-0.0001,12.5,0.0005,0.0001,18.75,0.0004,0.0003,25.0,-0.0002,0.0002,gauge block set GB-01,technician,E-0163,,20260106T061500Z-QE24M
CAL-00462,G-0249,2024-04-28,2024-04-19,2024-04-22,2024-04-22,pass,0.002,0.25,0.0007,0.0007,0.5,-0.0,-0.0,0.75,-0.0002,-0.0002,,,,,,,dial calibrator DC-01,technician,E-0163,,20260106T061500Z-QE24M
CAL-00463,G-0011,2024-04-29,2024-04-23,2024-04-23,2024-04-25,pass,0.0025,6.0,0.0007,0.0007,7.0,0.0002,0.0002,8.0,0.0004,0.0004,9.0,0.0006,0.0006,10.0,0.0009,0.0009,setting ring set SR-02,technician,E-0163,,20260106T061500Z-QE24M
CAL-00464,G-0131,2024-04-25,2024-04-23,2024-04-23,2024-04-24,pass,0.02,37.5,0.001,0.001,75.0,0.005,0.005,112.5,0.007,0.007,,,,,,,gauge block set GB-02,technician,E-0163,,20260106T061500Z-QE24M
CAL-00465,G-0189,2024-04-26,2024-04-23,2024-04-24,2024-04-25,pass,0.02,75.0,0.002,0.002,150.0,-0.003,-0.003,225.0,-0.006,-0.006,,,,,,,gauge block set GB-02,technician,E-0163,,20260106T061500Z-QE24M
CAL-00466,G-0236,2024-05-03,2024-04-23,2024-04-24,2024-04-26,adjusted,0.002,0.25,0.0004,-0.0,0.5,0.0011,-0.0001,0.75,0.0003,0.0,,,,,,,dial calibrator DC-01,technician,E-0163,,20260106T061500Z-QE24M
CAL-00467,G-0254,2024-05-02,2024-04-24,2024-04-24,2024-04-26,pass,0.002,0.25,0.0002,0.0002,0.5,0.0,0.0,0.75,0.0002,0.0002,,,,,,,dial calibrator DC-01,technician,E-0163,,20260106T061500Z-QE24M
CAL-00468,G-0132,2024-04-30,2024-04-23,2024-04-25,2024-04-27,pass,0.02,37.5,-0.003,-0.003,75.0,-0.005,-0.005,112.5,-0.006,-0.006,,,,,,,gauge block set GB-02,technician,E-0163,,20260106T061500Z-QE24M
CAL-00469,G-0278,2024-05-01,2024-04-16,2024-04-25,2024-04-29,pass,0.001,25.5,-0.0,-0.0,,,,,,,,,,,,,laboratory reference,laboratory,S-057,LC-2448123,20260106T061500Z-QE24M
CAL-00470,G-0248,2024-04-29,2024-04-24,2024-04-27,2024-04-29,pass,0.002,0.25,-0.0008,-0.0008,0.5,-0.0002,-0.0002,0.75,-0.0003,-0.0003,,,,,,,dial calibrator DC-01,technician,E-0163,,20260106T061500Z-QE24M
CAL-00471,G-0094,2024-05-04,2024-04-26,2024-04-28,2024-04-30,pass,0.002,25.0,-0.0001,-0.0001,31.25,0.0003,0.0003,37.5,-0.0003,-0.0003,43.75,-0.0007,-0.0007,50.0,-0.0004,-0.0004,gauge block set GB-01,technician,E-0163,,20260106T061500Z-QE24M
CAL-00472,G-0005,2024-05-03,2024-04-29,2024-04-29,2024-05-01,pass,0.001,6.325,-0.0001,-0.0001,6.35,0.0002,0.0002,6.375,0.0002,0.0002,,,,,,,"setting masters, min and max",technician,E-0163,,20260106T061500Z-QE24M
CAL-00473,G-0041,2024-05-01,2024-04-29,2024-04-29,2024-04-29,pass,0.002,0.0,-0.0004,-0.0004,6.25,-0.0004,-0.0004,12.5,0.0001,0.0001,18.75,-0.0005,-0.0005,25.0,0.0008,0.0008,gauge block set GB-01,technician,E-0163,,20260106T061500Z-QE24M
CAL-00474,G-0032,2024-05-08,2024-05-01,2024-05-01,2024-05-03,pass,0.002,0.0,0.0,0.0,6.25,-0.0005,-0.0005,12.5,-0.0009,-0.0009,18.75,0.0005,0.0005,25.0,0.0002,0.0002,gauge block set GB-01,technician,E-0163,,20260106T061500Z-QE24M
CAL-00475,G-0062,2024-05-06,2024-04-29,2024-05-01,2024-05-01,pass,0.002,0.0,-0.0004,-0.0004,6.25,-0.0011,-0.0011,12.5,0.0005,0.0005,18.75,-0.0003,-0.0003,25.0,-0.0003,-0.0003,gauge block set GB-01,technician,E-0163,,20260106T061500Z-QE24M
CAL-00476,G-0068,2024-05-02,2024-04-30,2024-05-01,2024-05-01,pass,0.002,25.0,-0.0005,-0.0005,31.25,0.0007,0.0007,37.5,-0.0001,-0.0001,43.75,-0.0001,-0.0001,50.0,0.0006,0.0006,gauge block set GB-01,technician,E-0163,,20260106T061500Z-QE24M
CAL-00477,G-0233,2024-05-04,2024-05-01,2024-05-01,2024-05-02,pass,0.002,0.25,0.0002,0.0002,0.5,0.0004,0.0004,0.75,-0.0002,-0.0002,,,,,,,dial calibrator DC-01,technician,E-0163,,20260106T061500Z-QE24M
CAL-00478,G-0009,2024-05-07,2024-05-02,2024-05-03,2024-05-05,pass,0.0025,6.0,0.0001,0.0001,7.0,0.0,0.0,8.0,0.0007,0.0007,9.0,-0.0004,-0.0004,10.0,0.0007,0.0007,setting ring set SR-02,technician,E-0163,,20260106T061500Z-QE24M
CAL-00479,G-0028,2024-05-12,2024-04-30,2024-05-03,2024-05-05,pass,0.0025,35.0,0.0005,0.0005,38.75,-0.0,-0.0,42.5,-0.0005,-0.0005,46.25,0.0001,0.0001,50.0,0.0005,0.0005,setting ring set SR-02,technician,E-0163,,20260106T061500Z-QE24M
CAL-00480,G-0111,2024-05-12,2024-04-30,2024-05-03,2024-05-03,pass,0.002,50.0,-0.0001,-0.0001,56.25,0.0003,0.0003,62.5,0.0,0.0,68.75,-0.0001,-0.0001,75.0,0.0004,0.0004,gauge block set GB-01,technician,E-0163,,20260106T061500Z-QE24M
CAL-00481,G-0144,2024-05-06,2024-05-02,2024-05-03,2024-05-04,pass,0.02,37.5,-0.004,-0.004,75.0,0.001,0.001,112.5,-0.005,-0.005,,,,,,,gauge block set GB-02,technician,E-0163,,20260106T061500Z-QE24M
CAL-00482,G-0115,2024-05-08,2024-05-01,2024-05-04,2024-05-04,pass,0.002,50.0,-0.0007,-0.0007,56.25,-0.0006,-0.0006,62.5,0.0004,0.0004,68.75,-0.0001,-0.0001,75.0,-0.001,-0.001,gauge block set GB-01,technician,E-0163,,20260106T061500Z-QE24M
CAL-00483,G-0013,2024-03-29,2024-05-03,2024-05-05,2024-05-06,pass,0.0025,6.0,-0.0008,-0.0008,7.0,-0.0001,-0.0001,8.0,-0.0002,-0.0002,9.0,-0.0,-0.0,10.0,-0.0006,-0.0006,setting ring set SR-02,technician,E-0163,,20260106T061500Z-QE24M
CAL-00484,G-0030,2024-03-07,2024-05-03,2024-05-05,2024-05-06,pass,0.002,0.0,0.0005,0.0005,6.25,0.0006,0.0006,12.5,0.0005,0.0005,18.75,-0.0002,-0.0002,25.0,0.0003,0.0003,gauge block set GB-01,technician,E-0163,,20260106T061500Z-QE24M
CAL-00485,G-0061,2024-04-14,2024-05-05,2024-05-05,2024-05-07,pass,0.002,0.0,0.0007,0.0007,6.25,-0.0002,-0.0002,12.5,0.0005,0.0005,18.75,0.0005,0.0005,25.0,0.0009,0.0009,gauge block set GB-01,technician,E-0163,,20260106T061500Z-QE24M
CAL-00486,G-0255,2024-05-12,2024-05-04,2024-05-05,2024-05-06,pass,0.002,0.25,-0.0001,-0.0001,0.5,0.0004,0.0004,0.75,0.0004,0.0004,,,,,,,dial calibrator DC-01,technician,E-0163,,20260106T061500Z-QE24M
CAL-00487,G-0004,2024-05-12,2024-05-03,2024-05-06,2024-05-08,pass,0.001,19.025,0.0001,0.0001,19.05,-0.0003,-0.0003,19.075,0.0002,0.0002,,,,,,,"setting masters, min and max",technician,E-0163,,20260106T061500Z-QE24M
CAL-00488,G-0036,2024-04-24,2024-05-06,2024-05-07,2024-05-09,pass,0.002,0.0,0.0005,0.0005,6.25,0.0005,0.0005,12.5,-0.0003,-0.0003,18.75,0.0007,0.0007,25.0,0.0007,0.0007,gauge block set GB-01,technician,E-0163,,20260106T061500Z-QE24M
CAL-00489,G-0164,2024-04-22,2024-05-05,2024-05-07,2024-05-07,pass,0.02,37.5,0.0,0.0,75.0,-0.007,-0.007,112.5,-0.008,-0.008,,,,,,,gauge block set GB-02,technician,E-0163,,20260106T061500Z-QE24M
CAL-00490,G-0007,2024-05-17,2024-05-08,2024-05-08,2024-05-08,pass,0.001,50.014,-0.0003,-0.0003,51.92,0.0003,0.0003,53.825,-0.0003,-0.0003,,,,,,,"setting masters, min and max",technician,E-0163,,20260106T061500Z-QE24M
CAL-00491,G-0089,2024-05-10,2024-05-07,2024-05-08,2024-05-08,pass,0.002,25.0,-0.0009,-0.0009,31.25,0.0002,0.0002,37.5,-0.0001,-0.0001,43.75,-0.0007,-0.0007,50.0,0.0006,0.0006,gauge block set GB-01,technician,E-0163,,20260106T061500Z-QE24M
CAL-00492,G-0147,2024-05-12,2024-05-05,2024-05-08,2024-05-10,pass,0.02,37.5,-0.004,-0.004,75.0,-0.003,-0.003,112.5,-0.002,-0.002,,,,,,,gauge block set GB-02,technician,E-0163,,20260106T061500Z-QE24M
CAL-00493,G-0128,2024-05-15,2024-05-10,2024-05-10,2024-05-12,pass,0.02,37.5,0.008,0.008,75.0,-0.003,-0.003,112.5,0.0,0.0,,,,,,,gauge block set GB-02,technician,E-0163,,20260106T061500Z-QE24M
CAL-00494,G-0229,2024-04-12,2024-05-10,2024-05-10,2024-05-11,pass,0.005,12.5,0.0005,0.0005,,,,,,,,,,,,,thread setting plug set,technician,E-0163,,20260106T061500Z-QE24M
CAL-00495,G-0054,2024-04-28,2024-05-12,2024-05-13,2024-05-13,pass,0.002,0.0,-0.0006,-0.0006,6.25,-0.0002,-0.0002,12.5,0.0004,0.0004,18.75,-0.0001,-0.0001,25.0,-0.0009,-0.0009,gauge block set GB-01,technician,E-0163,,20260106T061500Z-QE24M
CAL-00496,G-0057,2024-05-19,2024-05-10,2024-05-13,2024-05-13,pass,0.002,0.0,0.0005,0.0005,6.25,0.0007,0.0007,12.5,0.0006,0.0006,18.75,0.0002,0.0002,25.0,0.0007,0.0007,gauge block set GB-01,technician,E-0163,,20260106T061500Z-QE24M
CAL-00497,G-0247,2024-05-22,2024-05-14,2024-05-14,2024-05-16,pass,0.002,0.25,-0.0001,-0.0001,0.5,-0.0006,-0.0006,0.75,-0.0005,-0.0005,,,,,,,dial calibrator DC-01,technician,E-0163,,20260106T061500Z-QE24M
CAL-00498,G-0012,2024-05-21,2024-05-13,2024-05-15,2024-05-16,pass,0.0025,6.0,-0.0009,-0.0009,7.0,-0.0005,-0.0005,8.0,0.0006,0.0006,9.0,0.0011,0.0011,10.0,-0.0004,-0.0004,setting ring set SR-02,technician,E-0163,,20260106T061500Z-QE24M
CAL-00499,G-0084,2024-05-24,2024-05-14,2024-05-15,2024-05-16,pass,0.002,25.0,0.0,0.0,31.25,0.0003,0.0003,37.5,-0.0,-0.0,43.75,0.0002,0.0002,50.0,0.0007,0.0007,gauge block set GB-01,technician,E-0163,,20260106T061500Z-QE24M
CAL-00500,G-0120,2024-03-11,2024-05-13,2024-05-15,2024-05-17,pass,0.002,50.0,0.0002,0.0002,56.25,-0.0002,-0.0002,62.5,0.0001,0.0001,68.75,0.001,0.001,75.0,0.0003,0.0003,gauge block set GB-01,technician,E-0163,,20260106T061500Z-QE24M
CAL-00501,G-0077,2024-05-21,2024-05-15,2024-05-16,2024-05-18,pass,0.002,25.0,-0.0006,-0.0006,31.25,-0.0002,-0.0002,37.5,-0.0004,-0.0004,43.75,-0.0004,-0.0004,50.0,-0.0006,-0.0006,gauge block set GB-01,technician,E-0163,,20260106T061500Z-QE24M
CAL-00502,G-0261,2024-05-24,2024-05-17,2024-05-18,2024-05-19,pass,0.002,0.25,-0.0001,-0.0001,0.5,0.0001,0.0001,0.75,-0.0003,-0.0003,,,,,,,dial calibrator DC-01,technician,E-0163,,20260106T061500Z-QE24M
CAL-00503,G-0064,2024-04-12,2024-05-18,2024-05-19,2024-05-21,pass,0.002,0.0,0.0001,0.0001,6.25,-0.0,-0.0,12.5,-0.0006,-0.0006,18.75,0.0,0.0,25.0,0.0001,0.0001,gauge block set GB-01,technician,E-0163,,20260106T061500Z-QE24M
CAL-00504,G-0063,2024-05-26,2024-05-17,2024-05-20,2024-05-22,adjusted,0.002,0.0,-0.0007,-0.0001,6.25,0.0001,0.0001,12.5,0.0007,0.0001,18.75,0.0011,0.0001,25.0,0.0009,0.0002,gauge block set GB-01,technician,E-0163,,20260106T061500Z-QE24M
CAL-00505,G-0098,2024-05-30,2024-05-20,2024-05-21,2024-05-21,adjusted,0.002,25.0,-0.0005,0.0001,31.25,-0.0007,0.0002,37.5,-0.0012,0.0003,43.75,-0.0001,0.0002,50.0,0.0007,0.0001,gauge block set GB-01,technician,E-0163,,20260106T061500Z-QE24M
CAL-00506,G-0125,2024-04-06,2024-05-20,2024-05-21,2024-05-23,pass,0.002,50.0,0.0006,0.0006,56.25,0.0001,0.0001,62.5,0.0003,0.0003,68.75,0.0001,0.0001,75.0,0.0007,0.0007,gauge block set GB-01,technician,E-0163,,20260106T061500Z-QE24M
CAL-00507,G-0272,2024-04-04,2024-05-13,2024-05-21,2024-05-25,pass,0.001,25.5,-0.0001,-0.0001,,,,,,,,,,,,,laboratory reference,laboratory,S-057,LC-2424539,20260106T061500Z-QE24M
CAL-00508,G-0294,2024-04-07,2024-05-14,2024-05-21,2024-05-26,pass,0.001,25.5,-0.0003,-0.0003,,,,,,,,,,,,,laboratory reference,laboratory,S-057,LC-2459818,20260106T061500Z-QE24M
CAL-00509,G-0159,2024-04-29,2024-05-20,2024-05-22,2024-05-23,pass,0.02,37.5,0.005,0.005,75.0,0.004,0.004,112.5,0.008,0.008,,,,,,,gauge block set GB-02,technician,E-0163,,20260106T061500Z-QE24M
CAL-00510,G-0273,2024-04-22,2024-05-16,2024-05-22,2024-05-26,pass,0.001,25.5,0.0003,0.0003,,,,,,,,,,,,,laboratory reference,laboratory,S-057,LC-2448749,20260106T061500Z-QE24M
CAL-00511,G-0290,2024-05-31,2024-05-18,2024-05-24,2024-05-28,pass,0.001,25.5,0.0,0.0,,,,,,,,,,,,,laboratory reference,laboratory,S-057,LC-2460683,20260106T061500Z-QE24M
CAL-00512,G-0107,2024-05-30,2024-05-23,2024-05-25,2024-05-26,pass,0.002,25.0,-0.0001,-0.0001,31.25,0.0004,0.0004,37.5,-0.0011,-0.0011,43.75,0.0009,0.0009,50.0,0.0001,0.0001,gauge block set GB-01,technician,E-0163,,20260106T061500Z-QE24M
CAL-00513,G-0260,2024-06-03,2024-05-24,2024-05-26,2024-05-26,pass,0.002,0.25,-0.0003,-0.0003,0.5,-0.0001,-0.0001,0.75,-0.0004,-0.0004,,,,,,,dial calibrator DC-01,technician,E-0163,,20260106T061500Z-QE24M
CAL-00514,G-0010,2024-06-01,2024-05-26,2024-05-27,2024-05-27,pass,0.0025,6.0,-0.0001,-0.0001,7.0,-0.0001,-0.0001,8.0,-0.0004,-0.0004,9.0,0.0006,0.0006,10.0,0.0003,0.0003,setting ring set SR-02,technician,E-0163,,20260106T061500Z-QE24M
CAL-00515,G-0022,2024-05-29,2024-05-25,2024-05-27,2024-05-27,pass,0.0025,18.0,-0.0007,-0.0007,22.25,-0.0007,-0.0007,26.5,-0.0009,-0.0009,30.75,0.0,0.0,35.0,0.0007,0.0007,setting ring set SR-02,technician,E-0163,,20260106T061500Z-QE24M
CAL-00516,G-0029,2024-06-04,2024-05-25,2024-05-27,2024-05-29,pass,0.0025,35.0,-0.0004,-0.0004,38.75,0.0008,0.0008,42.5,-0.0004,-0.0004,46.25,-0.0011,-0.0011,50.0,-0.0004,-0.0004,setting ring set SR-02,technician,E-0163,,20260106T061500Z-QE24M
CAL-00517,G-0104,2024-05-29,2024-05-25,2024-05-27,2024-05-29,pass,0.002,25.0,0.0,0.0,31.25,-0.0001,-0.0001,37.5,-0.0001,-0.0001,43.75,0.0005,0.0005,50.0,0.0011,0.0011,gauge block set GB-01,technician,E-0163,,20260106T061500Z-QE24M
CAL-00518,G-0238,2024-06-04,2024-05-27,2024-05-27,2024-05-27,pass,0.002,0.25,0.0007,0.0007,0.5,0.0004,0.0004,0.75,0.0001,0.0001,,,,,,,dial calibrator DC-01,technician,E-0163,,20260106T061500Z-QE24M
CAL-00519,G-0244,2024-06-01,2024-05-24,2024-05-27,2024-05-27,failed,0.002,0.25,-0.0026,,0.5,-0.0032,,0.75,-0.0036,,,,,,,,dial calibrator DC-01,technician,E-0163,,20260106T061500Z-QE24M
CAL-00520,G-0235,2024-06-01,2024-05-28,2024-05-28,2024-05-28,pass,0.002,0.25,0.0005,0.0005,0.5,-0.0003,-0.0003,0.75,-0.0001,-0.0001,,,,,,,dial calibrator DC-01,technician,E-0163,,20260106T061500Z-QE24M
CAL-00521,G-0259,2024-06-01,2024-05-28,2024-05-28,2024-05-28,pass,0.002,0.25,-0.0005,-0.0005,0.5,-0.0007,-0.0007,0.75,-0.0006,-0.0006,,,,,,,dial calibrator DC-01,technician,E-0163,,20260106T061500Z-QE24M
CAL-00522,G-0177,2024-06-05,2024-05-26,2024-05-29,2024-05-30,adjusted,0.02,37.5,0.013,0.001,75.0,0.005,0.001,112.5,0.0,0.001,,,,,,,gauge block set GB-02,technician,E-0163,,20260106T061500Z-QE24M
CAL-00523,G-0049,2024-06-04,2024-05-27,2024-05-30,2024-05-31,pass,0.002,0.0,-0.0005,-0.0005,6.25,-0.0008,-0.0008,12.5,-0.0007,-0.0007,18.75,-0.0007,-0.0007,25.0,0.0003,0.0003,gauge block set GB-01,technician,E-0163,,20260106T061500Z-QE24M
CAL-00524,G-0023,2024-06-01,2024-05-30,2024-06-01,2024-06-03,pass,0.0025,18.0,-0.001,-0.001,22.25,-0.0011,-0.0011,26.5,-0.0003,-0.0003,30.75,-0.0005,-0.0005,35.0,-0.0,-0.0,setting ring set SR-02,technician,E-0163,,20260106T061500Z-QE24M
CAL-00525,G-0242,2024-06-06,2024-05-30,2024-06-01,2024-06-01,adjusted,0.002,0.25,0.0012,0.0002,0.5,0.0004,-0.0002,0.75,0.0002,0.0004,,,,,,,dial calibrator DC-01,technician,E-0163,,20260106T061500Z-QE24M
CAL-00526,G-0110,2024-06-04,2024-06-02,2024-06-02,2024-06-04,pass,0.002,50.0,-0.0,-0.0,56.25,-0.0,-0.0,62.5,0.0001,0.0001,68.75,0.0008,0.0008,75.0,0.0008,0.0008,gauge block set GB-01,technician,E-0163,,20260106T061500Z-QE24M
CAL-00527,G-0151,2024-06-10,2024-06-01,2024-06-03,2024-06-03,pass,0.02,37.5,0.01,0.01,75.0,-0.003,-0.003,112.5,0.001,0.001,,,,,,,gauge block set GB-02,technician,E-0163,,20260106T061500Z-QE24M
CAL-00528,G-0252,2024-05-21,2024-06-01,2024-06-03,2024-06-04,pass,0.002,0.25,-0.0005,-0.0005,0.5,-0.0,-0.0,0.75,0.0001,0.0001,,,,,,,dial calibrator DC-01,technician,E-0163,,20260106T061500Z-QE24M
CAL-00529,G-0286,2024-05-28,2024-05-23,2024-06-03,2024-06-08,pass,0.001,25.5,0.0005,0.0005,,,,,,,,,,,,,laboratory reference,laboratory,S-057,LC-2412151,20260106T061500Z-QE24M
CAL-00530,G-0232,2024-06-07,2024-06-01,2024-06-04,2024-06-06,pass,1.0,32.5,-0.2,-0.2,45.0,-0.3,-0.3,57.5,0.2,0.2,,,,,,,HRC test block set,technician,E-0163,,20260106T061500Z-QE24M
CAL-00531,G-0034,2024-06-09,2024-06-03,2024-06-06,2024-06-08,pass,0.002,0.0,-0.0002,-0.0002,6.25,-0.0002,-0.0002,12.5,-0.0005,-0.0005,18.75,-0.0006,-0.0006,25.0,-0.0008,-0.0008,gauge block set GB-01,technician,E-0163,,20260106T061500Z-QE24M
CAL-00532,G-0180,2024-05-03,2024-06-08,2024-06-08,2024-06-10,pass,0.02,37.5,-0.002,-0.002,75.0,0.006,0.006,112.5,0.006,0.006,,,,,,,gauge block set GB-02,technician,E-0163,,20260106T061500Z-QE24M
CAL-00533,G-0239,2024-06-09,2024-06-07,2024-06-08,2024-06-10,pass,0.002,0.25,-0.0,-0.0,0.5,-0.0003,-0.0003,0.75,-0.0003,-0.0003,,,,,,,dial calibrator DC-01,technician,E-0163,,20260106T061500Z-QE24M
CAL-00534,G-0240,2024-06-17,2024-06-05,2024-06-08,2024-06-10,pass,0.002,0.25,0.0001,0.0001,0.5,0.0005,0.0005,0.75,0.0002,0.0002,,,,,,,dial calibrator DC-01,technician,E-0163,,20260106T061500Z-QE24M
CAL-00535,G-0253,2024-06-11,2024-06-08,2024-06-08,2024-06-10,pass,0.002,0.25,-0.0004,-0.0004,0.5,0.0005,0.0005,0.75,-0.0002,-0.0002,,,,,,,dial calibrator DC-01,technician,E-0163,,20260106T061500Z-QE24M
CAL-00536,G-0006,2024-06-16,2024-06-07,2024-06-09,2024-06-09,pass,0.001,40.626,-0.0002,-0.0002,40.71,-0.0002,-0.0002,40.793,0.0001,0.0001,,,,,,,"setting masters, min and max",technician,E-0163,,20260106T061500Z-QE24M
CAL-00537,G-0168,2024-06-10,2024-06-09,2024-06-09,2024-06-10,adjusted,0.02,37.5,0.008,-0.001,75.0,0.014,-0.002,112.5,0.006,-0.0,,,,,,,gauge block set GB-02,technician,E-0163,,20260106T061500Z-QE24M
CAL-00538,G-0108,2024-04-06,2024-06-08,2024-06-10,2024-06-11,pass,0.002,25.0,0.0002,0.0002,31.25,0.0002,0.0002,37.5,0.0003,0.0003,43.75,0.0005,0.0005,50.0,0.0002,0.0002,gauge block set GB-01,technician,E-0163,,20260106T061500Z-QE24M
CAL-00539,G-0020,2024-06-12,2024-06-08,2024-06-11,2024-06-12,pass,0.0025,18.0,-0.0001,-0.0001,22.25,0.0005,0.0005,26.5,0.0006,0.0006,30.75,0.0004,0.0004,35.0,0.0004,0.0004,setting ring set SR-02,technician,E-0163,,20260106T061500Z-QE24M
CAL-00540,G-0118,2024-06-17,2024-06-11,2024-06-11,2024-06-13,pass,0.002,50.0,-0.0009,-0.0009,56.25,-0.0009,-0.0009,62.5,-0.0003,-0.0003,68.75,0.0002,0.0002,75.0,-0.0001,-0.0001,gauge block set GB-01,technician,E-0163,,20260106T061500Z-QE24M
CAL-00541,G-0016,2024-06-13,2024-06-11,2024-06-13,2024-06-13,pass,0.0025,10.0,0.0001,0.0001,12.0,-0.0007,-0.0007,14.0,0.0,0.0,16.0,0.0007,0.0007,18.0,-0.0,-0.0,setting ring set SR-02,technician,E-0163,,20260106T061500Z-QE24M
CAL-00542,G-0015,2024-05-06,2024-06-12,2024-06-14,2024-06-14,pass,0.0025,10.0,0.0009,0.0009,12.0,0.0014,0.0014,14.0,-0.0003,-0.0003,16.0,-0.0005,-0.0005,18.0,-0.0003,-0.0003,setting ring set SR-02,technician,E-0163,,20260106T061500Z-QE24M
CAL-00543,G-0124,2024-06-20,2024-06-12,2024-06-14,2024-06-16,adjusted,0.002,50.0,-0.0012,-0.0003,56.25,-0.0009,0.0001,62.5,-0.0015,-0.0002,68.75,-0.0002,-0.0001,75.0,-0.0004,0.0003,gauge block set GB-01,technician,E-0163,,20260106T061500Z-QE24M
CAL-00544,G-0156,2024-05-28,2024-06-12,2024-06-14,2024-06-16,pass,0.02,37.5,-0.003,-0.003,75.0,0.001,0.001,112.5,0.0,0.0,,,,,,,gauge block set GB-02,technician,E-0163,,20260106T061500Z-QE24M
CAL-00545,G-0046,2024-06-20,2024-06-14,2024-06-15,2024-06-16,pass,0.002,0.0,0.0009,0.0009,6.25,-0.0004,-0.0004,12.5,0.0001,0.0001,18.75,0.0009,0.0009,25.0,0.0005,0.0005,gauge block set GB-01,technician,E-0163,,20260106T061500Z-QE24M
CAL-00546,G-0025,2024-05-23,2024-06-14,2024-06-16,2024-06-18,pass,0.0025,18.0,0.0006,0.0006,22.25,-0.0008,-0.0008,26.5,0.0008,0.0008,30.75,0.0011,0.0011,35.0,0.0003,0.0003,setting ring set SR-02,technician,E-0163,,20260106T061500Z-QE24M
CAL-00547,G-0065,2024-06-23,2024-06-15,2024-06-17,2024-06-19,pass,0.002,0.0,0.0,0.0,6.25,0.0001,0.0001,12.5,-0.0009,-0.0009,18.75,0.0005,0.0005,25.0,-0.0,-0.0,gauge block set GB-01,technician,E-0163,,20260106T061500Z-QE24M
CAL-00548,G-0103,2024-05-25,2024-06-15,2024-06-17,2024-06-19,pass,0.002,25.0,-0.0,-0.0,31.25,0.0005,0.0005,37.5,-0.0004,-0.0004,43.75,0.0002,0.0002,50.0,-0.0008,-0.0008,gauge block set GB-01,technician,E-0163,,20260106T061500Z-QE24M
CAL-00549,G-0218,2024-06-20,2024-06-17,2024-06-17,2024-06-18,pass,0.005,12.5,0.0,0.0,,,,,,,,,,,,,thread setting plug set,technician,E-0163,,20260106T061500Z-QE24M
CAL-00550,G-0097,2024-05-13,2024-06-19,2024-06-19,2024-06-21,adjusted,0.002,25.0,0.0003,-0.0001,31.25,0.0007,0.0002,37.5,0.0004,0.0001,43.75,0.0004,0.0,50.0,0.0012,-0.0001,gauge block set GB-01,technician,E-0163,,20260106T061500Z-QE24M
CAL-00551,G-0183,2024-05-30,2024-06-18,2024-06-19,2024-06-19,pass,0.02,37.5,0.004,0.004,75.0,-0.004,-0.004,112.5,-0.001,-0.001,,,,,,,gauge block set GB-02,technician,E-0163,,20260106T061500Z-QE24M
CAL-00552,G-0027,2024-06-26,2024-06-18,2024-06-20,2024-06-22,pass,0.0025,35.0,0.0005,0.0005,38.75,0.0004,0.0004,42.5,0.0007,0.0007,46.25,-0.0002,-0.0002,50.0,0.0004,0.0004,setting ring set SR-02,technician,E-0163,,20260106T061500Z-QE24M
CAL-00553,G-0072,2024-06-21,2024-06-20,2024-06-20,2024-06-20,pass,0.002,25.0,0.0003,0.0003,31.25,-0.0002,-0.0002,37.5,0.0004,0.0004,43.75,0.0006,0.0006,50.0,-0.0005,-0.0005,gauge block set GB-01,technician,E-0163,,20260106T061500Z-QE24M
CAL-00554,G-0106,2024-06-27,2024-06-19,2024-06-20,2024-06-20,pass,0.002,25.0,-0.0002,-0.0002,31.25,-0.0002,-0.0002,37.5,-0.0002,-0.0002,43.75,0.0003,0.0003,50.0,0.0005,0.0005,gauge block set GB-01,technician,E-0163,,20260106T061500Z-QE24M
CAL-00555,G-0203,2024-05-12,2024-06-18,2024-06-20,2024-06-22,pass,0.005,12.5,-0.0006,-0.0006,,,,,,,,,,,,,thread setting plug set,technician,E-0163,,20260106T061500Z-QE24M
CAL-00556,G-0234,2024-06-21,2024-06-20,2024-06-20,2024-06-20,pass,0.002,0.25,-0.001,-0.001,0.5,0.0002,0.0002,0.75,-0.0004,-0.0004,,,,,,,dial calibrator DC-01,technician,E-0163,,20260106T061500Z-QE24M
CAL-00557,G-0237,2024-06-29,2024-06-20,2024-06-20,2024-06-22,adjusted,0.002,0.25,-0.0003,0.0001,0.5,-0.0004,0.0001,0.75,-0.0011,-0.0001,,,,,,,dial calibrator DC-01,technician,E-0163,,20260106T061500Z-QE24M
CAL-00558,G-0076,2024-05-03,2024-06-20,2024-06-21,2024-06-21,pass,0.002,25.0,-0.0001,-0.0001,31.25,-0.0007,-0.0007,37.5,0.0001,0.0001,43.75,0.0003,0.0003,50.0,-0.0001,-0.0001,gauge block set GB-01,technician,E-0163,,20260106T061500Z-QE24M
CAL-00559,G-0169,2024-06-21,2024-06-20,2024-06-21,2024-06-23,failed,0.02,37.5,-0.041,,75.0,-0.028,,112.5,-0.028,,,,,,,,gauge block set GB-02,technician,E-0163,,20260106T061500Z-QE24M
CAL-00560,G-0245,2024-06-26,2024-06-21,2024-06-21,2024-06-22,pass,0.002,0.25,-0.0005,-0.0005,0.5,0.0001,0.0001,0.75,0.0001,0.0001,,,,,,,dial calibrator DC-01,technician,E-0163,,20260106T061500Z-QE24M
CAL-00561,G-0105,2024-05-01,2024-06-22,2024-06-22,2024-06-24,pass,0.002,25.0,-0.0001,-0.0001,31.25,-0.0002,-0.0002,37.5,-0.0001,-0.0001,43.75,0.0002,0.0002,50.0,0.0003,0.0003,gauge block set GB-01,technician,E-0163,,20260106T061500Z-QE24M
CAL-00562,G-0026,2024-06-23,2024-06-23,2024-06-23,2024-06-25,pass,0.0025,35.0,-0.0005,-0.0005,38.75,0.0,0.0,42.5,-0.0001,-0.0001,46.25,0.0003,0.0003,50.0,0.0007,0.0007,setting ring set SR-02,technician,E-0163,,20260106T061500Z-QE24M
CAL-00563,G-0024,2024-06-29,2024-06-21,2024-06-24,2024-06-26,adjusted,0.0025,18.0,-0.0015,-0.0001,22.25,-0.0009,0.0001,26.5,-0.0019,0.0001,30.75,-0.0018,0.0005,35.0,-0.0021,-0.0003,setting ring set SR-02,technician,E-0163,,20260106T061500Z-QE24M
CAL-00564,G-0092,2024-06-29,2024-06-26,2024-06-27,2024-06-27,pass,0.002,25.0,0.0,0.0,31.25,0.0004,0.0004,37.5,0.0006,0.0006,43.75,0.0001,0.0001,50.0,0.0003,0.0003,gauge block set GB-01,technician,E-0163,,20260106T061500Z-QE24M
CAL-00565,G-0250,2024-07-06,2024-06-28,2024-06-29,2024-06-29,pass,0.002,0.25,-0.0006,-0.0006,0.5,-0.0005,-0.0005,0.75,-0.0005,-0.0005,,,,,,,dial calibrator DC-01,technician,E-0163,,20260106T061500Z-QE24M
CAL-00566,G-0083,2024-07-09,2024-06-29,2024-06-30,2024-06-30,pass,0.002,25.0,0.0005,0.0005,31.25,-0.0002,-0.0002,37.5,0.0004,0.0004,43.75,0.0004,0.0004,50.0,0.0002,0.0002,gauge block set GB-01,technician,E-0163,,20260106T061500Z-QE24M
CAL-00567,G-0014,2024-07-07,2024-06-29,2024-07-01,2024-07-01,pass,0.0025,10.0,0.0004,0.0004,12.0,-0.0004,-0.0004,14.0,-0.0003,-0.0003,16.0,0.0009,0.0009,18.0,0.0001,0.0001,setting ring set SR-02,technician,E-0163,,20260106T061500Z-QE24M
CAL-00568,G-0174,2024-06-21,2024-07-04,2024-07-04,2024-07-05,adjusted,0.02,37.5,0.004,0.003,75.0,0.014,-0.002,112.5,-0.002,0.004,,,,,,,gauge block set GB-02,technician,E-0163,,20260106T061500Z-QE24M
CAL-00569,G-0199,2024-07-10,2024-07-01,2024-07-04,2024-07-04,pass,0.02,75.0,0.004,0.004,150.0,0.009,0.009,225.0,0.006,0.006,,,,,,,gauge block set GB-02,technician,E-0163,,20260106T061500Z-QE24M
CAL-00570,G-0166,2024-06-11,2024-07-05,2024-07-06,2024-07-06,pass,0.02,37.5,0.001,0.001,75.0,0.0,0.0,112.5,0.003,0.003,,,,,,,gauge block set GB-02,technician,E-0163,,20260106T061500Z-QE24M
CAL-00571,G-0090,2024-07-08,2024-07-04,2024-07-07,2024-07-07,pass,0.002,25.0,0.0002,0.0002,31.25,-0.0003,-0.0003,37.5,-0.0001,-0.0001,43.75,0.0002,0.0002,50.0,-0.0,-0.0,gauge block set GB-01,technician,E-0163,,20260106T061500Z-QE24M
CAL-00572,G-0018,2024-07-12,2024-07-07,2024-07-08,2024-07-08,pass,0.0025,10.0,-0.0006,-0.0006,12.0,0.0005,0.0005,14.0,0.0009,0.0009,16.0,0.0012,0.0012,18.0,-0.0001,-0.0001,setting ring set SR-02,technician,E-0163,,20260106T061500Z-QE24M
CAL-00573,G-0040,2024-07-15,2024-07-06,2024-07-08,2024-07-10,pass,0.002,0.0,-0.001,-0.001,6.25,0.0002,0.0002,12.5,0.0001,0.0001,18.75,-0.0002,-0.0002,25.0,-0.0006,-0.0006,gauge block set GB-01,technician,E-0163,,20260106T061500Z-QE24M
CAL-00574,G-0021,2024-06-04,2024-07-09,2024-07-10,2024-07-10,adjusted,0.0025,18.0,0.0006,0.0004,22.25,0.0001,-0.0,26.5,0.0001,0.0001,30.75,0.0015,0.0002,35.0,0.0006,0.0003,setting ring set SR-02,technician,E-0163,,20260106T061500Z-QE24M
CAL-00575,G-0081,2024-07-10,2024-07-10,2024-07-10,2024-07-12,pass,0.002,25.0,0.0003,0.0003,31.25,0.0003,0.0003,37.5,0.0003,0.0003,43.75,0.0001,0.0001,50.0,0.0008,0.0008,gauge block set GB-01,technician,E-0163,,20260106T061500Z-QE24M
CAL-00576,G-0052,2024-05-01,2024-07-09,2024-07-11,2024-07-13,pass,0.002,0.0,0.0006,0.0006,6.25,-0.0004,-0.0004,12.5,0.0006,0.0006,18.75,-0.0008,-0.0008,25.0,0.0002,0.0002,gauge block set GB-01,technician,E-0163,,20260106T061500Z-QE24M
CAL-00577,G-0202,2024-06-15,2024-07-09,2024-07-11,2024-07-13,pass,0.005,12.5,-0.0011,-0.0011,,,,,,,,,,,,,thread setting plug set,technician,E-0163,,20260106T061500Z-QE24M
CAL-00578,G-0241,2024-07-19,2024-07-11,2024-07-11,2024-07-11,pass,0.002,0.25,-0.0006,-0.0006,0.5,-0.0001,-0.0001,0.75,-0.0004,-0.0004,,,,,,,dial calibrator DC-01,technician,E-0163,,20260106T061500Z-QE24M
CAL-00579,G-0284,2024-06-21,2024-07-02,2024-07-11,2024-07-16,pass,0.001,25.5,0.0,0.0,,,,,,,,,,,,,laboratory reference,laboratory,S-057,LC-2496118,20260106T061500Z-QE24M
CAL-00580,G-0165,2024-07-12,2024-07-12,2024-07-12,2024-07-14,pass,0.02,37.5,0.001,0.001,75.0,0.003,0.003,112.5,-0.004,-0.004,,,,,,,gauge block set GB-02,technician,E-0163,,20260106T061500Z-QE24M
CAL-00581,G-0209,2024-07-13,2024-07-11,2024-07-13,2024-07-15,pass,0.005,12.5,-0.0016,-0.0016,,,,,,,,,,,,,thread setting plug set,technician,E-0163,,20260106T061500Z-QE24M
CAL-00582,G-0088,2024-07-14,2024-07-11,2024-07-14,2024-07-15,pass,0.002,25.0,-0.0003,-0.0003,31.25,0.0007,0.0007,37.5,0.0,0.0,43.75,-0.0001,-0.0001,50.0,0.0,0.0,gauge block set GB-01,technician,E-0163,,20260106T061500Z-QE24M
CAL-00583,G-0179,2024-07-17,2024-07-11,2024-07-14,2024-07-14,pass,0.02,37.5,-0.004,-0.004,75.0,-0.009,-0.009,112.5,-0.006,-0.006,,,,,,,gauge block set GB-02,technician,E-0163,,20260106T061500Z-QE24M
CAL-00584,G-0019,2024-07-15,2024-07-14,2024-07-15,2024-07-15,pass,0.0025,10.0,-0.0004,-0.0004,12.0,-0.0,-0.0,14.0,0.0011,0.0011,16.0,-0.0002,-0.0002,18.0,-0.0011,-0.0011,setting ring set SR-02,technician,E-0163,,20260106T061500Z-QE24M
CAL-00585,G-0086,2024-06-03,2024-07-13,2024-07-15,2024-07-16,pass,0.002,25.0,-0.0009,-0.0009,31.25,-0.0002,-0.0002,37.5,-0.0002,-0.0002,43.75,-0.0001,-0.0001,50.0,-0.0007,-0.0007,gauge block set GB-01,technician,E-0163,,20260106T061500Z-QE24M
CAL-00586,G-0249,2024-07-22,2024-07-14,2024-07-16,2024-07-16,pass,0.002,0.25,-0.0001,-0.0001,0.5,0.0001,0.0001,0.75,-0.0002,-0.0002,,,,,,,dial calibrator DC-01,technician,E-0163,,20260106T061500Z-QE24M
CAL-00587,G-0011,2024-07-23,2024-07-15,2024-07-17,2024-07-18,pass,0.0025,6.0,-0.0004,-0.0004,7.0,-0.0003,-0.0003,8.0,-0.0002,-0.0002,9.0,-0.0002,-0.0002,10.0,0.0001,0.0001,setting ring set SR-02,technician,E-0163,,20260106T061500Z-QE24M
CAL-00588,G-0017,2024-06-23,2024-07-15,2024-07-17,2024-07-19,pass,0.0025,10.0,-0.0005,-0.0005,12.0,0.0003,0.0003,14.0,-0.0002,-0.0002,16.0,-0.0002,-0.0002,18.0,-0.0008,-0.0008,setting ring set SR-02,technician,E-0163,,20260106T061500Z-QE24M
CAL-00589,G-0074,2024-05-19,2024-07-16,2024-07-17,2024-07-19,pass,0.002,25.0,-0.0,-0.0,31.25,-0.0008,-0.0008,37.5,-0.0007,-0.0007,43.75,0.0002,0.0002,50.0,-0.0002,-0.0002,gauge block set GB-01,technician,E-0163,,20260106T061500Z-QE24M
CAL-00590,G-0129,2024-07-20,2024-07-16,2024-07-17,2024-07-17,pass,0.02,37.5,-0.003,-0.003,75.0,-0.002,-0.002,112.5,-0.01,-0.01,,,,,,,gauge block set GB-02,technician,E-0163,,20260106T061500Z-QE24M
CAL-00591,G-0008,2024-07-22,2024-07-15,2024-07-18,2024-07-20,pass,0.0025,18.0,0.001,0.001,22.25,0.001,0.001,26.5,0.0009,0.0009,30.75,0.0013,0.0013,35.0,0.0013,0.0013,setting ring set SR-02,technician,E-0163,,20260106T061500Z-QE24M
CAL-00592,G-0053,2024-07-20,2024-07-15,2024-07-18,2024-07-20,pass,0.002,0.0,0.0009,0.0009,6.25,0.001,0.001,12.5,0.0008,0.0008,18.75,0.0008,0.0008,25.0,0.0002,0.0002,gauge block set GB-01,technician,E-0163,,20260106T061500Z-QE24M
CAL-00593,G-0031,2024-06-01,2024-07-18,2024-07-19,2024-07-19,pass,0.002,0.0,0.0002,0.0002,6.25,0.0002,0.0002,12.5,-0.0,-0.0,18.75,0.0002,0.0002,25.0,0.0009,0.0009,gauge block set GB-01,technician,E-0163,,20260106T061500Z-QE24M
CAL-00594,G-0122,2024-06-14,2024-07-18,2024-07-19,2024-07-19,adjusted,0.002,50.0,-0.0004,0.0001,56.25,0.0013,-0.0001,62.5,0.0006,0.0,68.75,0.0012,-0.0001,75.0,0.0005,-0.0002,gauge block set GB-01,technician,E-0163,,20260106T061500Z-QE24M
CAL-00595,G-0123,2024-07-25,2024-07-18,2024-07-19,2024-07-20,pass,0.002,50.0,-0.0004,-0.0004,56.25,-0.0004,-0.0004,62.5,0.0,0.0,68.75,-0.0005,-0.0005,75.0,0.0002,0.0002,gauge block set GB-01,technician,E-0163,,20260106T061500Z-QE24M
CAL-00596,G-0263,2024-06-01,2024-07-08,2024-07-19,2024-07-21,pass,0.001,25.5,0.0003,0.0003,,,,,,,,,,,,,laboratory reference,laboratory,S-057,LC-2454717,20260106T061500Z-QE24M
CAL-00597,G-0080,2024-07-29,2024-07-19,2024-07-21,2024-07-22,pass,0.002,25.0,0.0005,0.0005,31.25,0.0001,0.0001,37.5,0.0007,0.0007,43.75,0.0001,0.0001,50.0,0.0002,0.0002,gauge block set GB-01,technician,E-0163,,20260106T061500Z-QE24M
CAL-00598,G-0243,2024-06-28,2024-07-20,2024-07-22,2024-07-24,pass,0.002,0.25,-0.0004,-0.0004,0.5,-0.0002,-0.0002,0.75,0.0002,0.0002,,,,,,,dial calibrator DC-01,technician,E-0163,,20260106T061500Z-QE24M
CAL-00599,G-0257,2024-07-26,2024-07-19,2024-07-22,2024-07-24,pass,0.002,0.25,0.0002,0.0002,0.5,-0.0,-0.0,0.75,-0.0008,-0.0008,,,,,,,dial calibrator DC-01,technician,E-0163,,20260106T061500Z-QE24M
CAL-00600,G-0236,2024-07-24,2024-07-22,2024-07-23,2024-07-23,pass,0.002,0.25,0.0006,0.0006,0.5,0.0,0.0,0.75,0.0002,0.0002,,,,,,,dial calibrator DC-01,technician,E-0163,,20260106T061500Z-QE24M
CAL-00601,G-0005,2024-07-29,2024-07-23,2024-07-25,2024-07-26,pass,0.001,6.325,-0.0002,-0.0002,6.35,-0.0,-0.0,6.375,0.0003,0.0003,,,,,,,"setting masters, min and max",technician,E-0163,,20260106T061500Z-QE24M
CAL-00602,G-0248,2024-07-27,2024-07-25,2024-07-25,2024-07-25,pass,0.002,0.25,-0.0,-0.0,0.5,-0.0003,-0.0003,0.75,0.0006,0.0006,,,,,,,dial calibrator DC-01,technician,E-0163,,20260106T061500Z-QE24M
CAL-00603,G-0087,2024-07-29,2024-07-25,2024-07-26,2024-07-26,pass,0.002,25.0,-0.0003,-0.0003,31.25,-0.0003,-0.0003,37.5,0.0003,0.0003,43.75,-0.0002,-0.0002,50.0,0.0009,0.0009,gauge block set GB-01,technician,E-0163,,20260106T061500Z-QE24M
CAL-00604,G-0028,2024-08-03,2024-07-28,2024-07-29,2024-07-31,pass,0.0025,35.0,-0.0,-0.0,38.75,-0.0007,-0.0007,42.5,-0.0011,-0.0011,46.25,0.0006,0.0006,50.0,-0.0001,-0.0001,setting ring set SR-02,technician,E-0163,,20260106T061500Z-QE24M
CAL-00605,G-0096,2024-08-06,2024-07-27,2024-07-29,2024-07-30,adjusted,0.002,25.0,-0.0003,0.0001,31.25,-0.0013,0.0,37.5,-0.0003,0.0002,43.75,-0.0006,0.0003,50.0,-0.0002,-0.0001,gauge block set GB-01,technician,E-0163,,20260106T061500Z-QE24M
CAL-00606,G-0233,2024-08-01,2024-07-26,2024-07-29,2024-07-31,adjusted,0.002,0.25,0.0009,-0.0003,0.5,0.0012,0.0,0.75,0.0017,-0.0001,,,,,,,dial calibrator DC-01,technician,E-0163,,20260106T061500Z-QE24M
CAL-00607,G-0013,2024-08-05,2024-07-29,2024-07-30,2024-07-30,pass,0.0025,6.0,0.0005,0.0005,7.0,-0.0005,-0.0005,8.0,-0.0007,-0.0007,9.0,0.0008,0.0008,10.0,0.0001,0.0001,setting ring set SR-02,technician,E-0163,,20260106T061500Z-QE24M
CAL-00608,G-0171,2024-08-06,2024-07-29,2024-07-31,2024-07-31,pass,0.02,37.5,-0.002,-0.002,75.0,-0.001,-0.001,112.5,0.0,0.0,,,,,,,gauge block set GB-02,technician,E-0163,,20260106T061500Z-QE24M
CAL-00609,G-0269,2024-08-10,2024-07-25,2024-08-01,2024-08-03,pass,0.001,25.5,-0.0005,-0.0005,,,,,,,,,,,,,laboratory reference,laboratory,S-057,LC-2414285,20260106T061500Z-QE24M
CAL-00610,G-0291,2024-08-08,2024-07-21,2024-08-01,2024-08-05,pass,0.001,25.5,0.0001,0.0001,,,,,,,,,,,,,laboratory reference,laboratory,S-057,LC-2472954,20260106T061500Z-QE24M
CAL-00611,G-0153,2024-08-07,2024-08-01,2024-08-02,2024-08-04,pass,0.02,37.5,0.0,0.0,75.0,-0.005,-0.005,112.5,-0.001,-0.001,,,,,,,gauge block set GB-02,technician,E-0163,,20260106T061500Z-QE24M
CAL-00612,G-0262,2024-08-10,2024-08-01,2024-08-02,2024-08-04,adjusted,0.002,0.25,0.0002,0.0002,0.5,-0.0004,0.0001,0.75,0.0012,0.0003,,,,,,,dial calibrator DC-01,technician,E-0163,,20260106T061500Z-QE24M
CAL-00613,G-0004,2024-08-06,2024-07-31,2024-08-03,2024-08-03,pass,0.001,19.025,0.0,0.0,19.05,0.0001,0.0001,19.075,-0.0002,-0.0002,,,,,,,"setting masters, min and max",technician,E-0163,,20260106T061500Z-QE24M
CAL-00614,G-0009,2024-08-03,2024-08-02,2024-08-03,2024-08-03,pass,0.0025,6.0,0.0006,0.0006,7.0,-0.0006,-0.0006,8.0,0.0001,0.0001,9.0,0.0001,0.0001,10.0,-0.0001,-0.0001,setting ring set SR-02,technician,E-0163,,20260106T061500Z-QE24M
CAL-00615,G-0251,2024-07-05,2024-08-05,2024-08-05,2024-08-05,pass,0.002,0.25,-0.0003,-0.0003,0.5,0.0001,0.0001,0.75,0.0009,0.0009,,,,,,,dial calibrator DC-01,technician,E-0163,,20260106T061500Z-QE24M
CAL-00616,G-0116,2024-08-11,2024-08-03,2024-08-06,2024-08-08,pass,0.002,50.0,0.0004,0.0004,56.25,0.0003,0.0003,62.5,0.0004,0.0004,68.75,-0.0001,-0.0001,75.0,-0.0004,-0.0004,gauge block set GB-01,technician,E-0163,,20260106T061500Z-QE24M
CAL-00617,G-0154,2024-07-27,2024-08-05,2024-08-06,2024-08-06,pass,0.02,37.5,-0.002,-0.002,75.0,0.006,0.006,112.5,-0.006,-0.006,,,,,,,gauge block set GB-02,technician,E-0163,,20260106T061500Z-QE24M
CAL-00618,G-0247,2024-08-14,2024-08-04,2024-08-06,2024-08-06,pass,0.002,0.25,-0.0001,-0.0001,0.5,0.0004,0.0004,0.75,-0.0004,-0.0004,,,,,,,dial calibrator DC-01,technician,E-0163,,20260106T061500Z-QE24M
CAL-00619,G-0208,2024-06-04,2024-08-06,2024-08-07,2024-08-07,pass,0.005,12.5,-0.0012,-0.0012,,,,,,,,,,,,,thread setting plug set,technician,E-0163,,20260106T061500Z-QE24M
CAL-00620,G-0217,2024-08-07,2024-08-04,2024-08-07,2024-08-08,adjusted,0.005,12.5,-0.0034,-0.0005,,,,,,,,,,,,,thread setting plug set,technician,E-0163,,20260106T061500Z-QE24M
CAL-00621,G-0007,2024-08-08,2024-08-07,2024-08-08,2024-08-10,pass,0.001,50.014,0.0002,0.0002,51.92,0.0004,0.0004,53.825,-0.0002,-0.0002,,,,,,,"setting masters, min and max",technician,E-0163,,20260106T061500Z-QE24M
CAL-00622,G-0012,2024-08-15,2024-08-06,2024-08-08,2024-08-09,pass,0.0025,6.0,0.0008,0.0008,7.0,-0.0007,-0.0007,8.0,0.0013,0.0013,9.0,0.0006,0.0006,10.0,0.0005,0.0005,setting ring set SR-02,technician,E-0163,,20260106T061500Z-QE24M
CAL-00623,G-0119,2024-07-29,2024-08-06,2024-08-08,2024-08-10,pass,0.002,50.0,0.0003,0.0003,56.25,0.0007,0.0007,62.5,0.0003,0.0003,68.75,0.0005,0.0005,75.0,0.0002,0.0002,gauge block set GB-01,technician,E-0163,,20260106T061500Z-QE24M
CAL-00624,G-0195,2024-07-12,2024-08-08,2024-08-08,2024-08-08,pass,0.02,75.0,0.002,0.002,150.0,-0.009,-0.009,225.0,0.001,0.001,,,,,,,gauge block set GB-02,technician,E-0163,,20260106T061500Z-QE24M
CAL-00625,G-0033,2024-07-10,2024-08-09,2024-08-09,2024-08-10,adjusted,0.002,0.0,0.0007,0.0001,6.25,0.0011,-0.0002,12.5,0.0012,-0.0001,18.75,0.0005,0.0001,25.0,0.0008,-0.0001,gauge block set GB-01,technician,E-0163,,20260106T061500Z-QE24M
CAL-00626,G-0075,2024-08-11,2024-08-09,2024-08-09,2024-08-09,pass,0.002,25.0,0.0007,0.0007,31.25,0.0007,0.0007,37.5,0.0001,0.0001,43.75,0.0006,0.0006,50.0,0.0006,0.0006,gauge block set GB-01,technician,E-0163,,20260106T061500Z-QE24M
CAL-00627,G-0185,2024-07-12,2024-08-08,2024-08-09,2024-08-10,pass,0.02,37.5,-0.008,-0.008,75.0,0.0,0.0,112.5,0.009,0.009,,,,,,,gauge block set GB-02,technician,E-0163,,20260106T061500Z-QE24M
CAL-00628,G-0082,2024-08-19,2024-08-09,2024-08-10,2024-08-11,pass,0.002,25.0,0.0003,0.0003,31.25,-0.0005,-0.0005,37.5,0.0006,0.0006,43.75,-0.0,-0.0,50.0,0.0004,0.0004,gauge block set GB-01,technician,E-0163,,20260106T061500Z-QE24M
CAL-00629,G-0231,2024-08-11,2024-08-08,2024-08-11,2024-08-13,pass,0.05,5.333,0.004,0.004,10.667,-0.0,-0.0,,,,,,,,,,roughness specimen set,technician,E-0163,,20260106T061500Z-QE24M
CAL-00630,G-0067,2024-06-15,2024-08-10,2024-08-12,2024-08-14,pass,0.002,25.0,-0.0003,-0.0003,31.25,0.0,0.0,37.5,0.0006,0.0006,43.75,0.0001,0.0001,50.0,-0.0004,-0.0004,gauge block set GB-01,technician,E-0163,,20260106T061500Z-QE24M
CAL-00631,G-0228,2024-07-07,2024-08-10,2024-08-12,2024-08-13,pass,0.005,12.5,0.0016,0.0016,,,,,,,,,,,,,thread setting plug set,technician,E-0163,,20260106T061500Z-QE24M
CAL-00632,G-0043,2024-08-21,2024-08-11,2024-08-13,2024-08-15,pass,0.002,0.0,0.001,0.001,6.25,0.0006,0.0006,12.5,0.0007,0.0007,18.75,-0.0003,-0.0003,25.0,0.0005,0.0005,gauge block set GB-01,technician,E-0163,,20260106T061500Z-QE24M
CAL-00633,G-0117,2024-07-14,2024-08-12,2024-08-13,2024-08-15,pass,0.002,50.0,0.0004,0.0004,56.25,0.0009,0.0009,62.5,0.0001,0.0001,68.75,0.0005,0.0005,75.0,0.0003,0.0003,gauge block set GB-01,technician,E-0163,,20260106T061500Z-QE24M
CAL-00634,G-0150,2024-07-03,2024-08-13,2024-08-13,2024-08-13,failed,0.02,37.5,0.031,,75.0,0.035,,112.5,0.028,,,,,,,,gauge block set GB-02,technician,E-0163,,20260106T061500Z-QE24M
CAL-00635,G-0298,2024-07-10,2024-08-08,2024-08-13,2024-08-15,pass,0.001,25.5,-0.0002,-0.0002,,,,,,,,,,,,,laboratory reference,laboratory,S-057,LC-2421789,20260106T061500Z-QE24M
CAL-00636,G-0042,2024-07-11,2024-08-12,2024-08-14,2024-08-15,pass,0.002,0.0,0.0007,0.0007,6.25,0.0006,0.0006,12.5,0.0005,0.0005,18.75,-0.0001,-0.0001,25.0,0.0003,0.0003,gauge block set GB-01,technician,E-0163,,20260106T061500Z-QE24M
CAL-00637,G-0135,2024-08-22,2024-08-14,2024-08-14,2024-08-15,pass,0.02,37.5,0.01,0.01,75.0,-0.0,-0.0,112.5,0.005,0.005,,,,,,,gauge block set GB-02,technician,E-0163,,20260106T061500Z-QE24M
CAL-00638,G-0246,2024-07-17,2024-08-13,2024-08-14,2024-08-14,pass,0.002,0.25,0.0003,0.0003,0.5,-0.0003,-0.0003,0.75,0.0002,0.0002,,,,,,,dial calibrator DC-01,technician,E-0163,,20260106T061500Z-QE24M
CAL-00639,G-0158,2024-08-23,2024-08-16,2024-08-17,2024-08-17,pass,0.02,37.5,0.004,0.004,75.0,-0.003,-0.003,112.5,0.001,0.001,,,,,,,gauge block set GB-02,technician,E-0163,,20260106T061500Z-QE24M
CAL-00640,G-0141,2024-08-22,2024-08-18,2024-08-20,2024-08-20,pass,0.02,37.5,0.002,0.002,75.0,-0.006,-0.006,112.5,0.005,0.005,,,,,,,gauge block set GB-02,technician,E-0163,,20260106T061500Z-QE24M
CAL-00641,G-0244,2024-08-27,2024-08-18,2024-08-20,2024-08-21,pass,0.002,0.25,0.0007,0.0007,0.5,-0.0002,-0.0002,0.75,-0.0003,-0.0003,,,,,,,dial calibrator DC-01,technician,E-0163,,20260106T061500Z-QE24M
CAL-00642,G-0227,2024-07-05,2024-08-22,2024-08-22,2024-08-22,pass,0.005,12.5,-0.0021,-0.0021,,,,,,,,,,,,,thread setting plug set,technician,E-0163,,20260106T061500Z-QE24M
CAL-00643,G-0256,2024-08-23,2024-08-21,2024-08-22,2024-08-24,pass,0.002,0.25,-0.0008,-0.0008,0.5,-0.0004,-0.0004,0.75,0.0001,0.0001,,,,,,,dial calibrator DC-01,technician,E-0163,,20260106T061500Z-QE24M
CAL-00644,G-0297,2024-08-24,2024-08-14,2024-08-23,2024-08-25,pass,0.001,25.5,0.0001,0.0001,,,,,,,,,,,,,laboratory reference,laboratory,S-057,LC-2412619,20260106T061500Z-QE24M
CAL-00645,G-0078,2024-08-27,2024-08-23,2024-08-25,2024-08-26,pass,0.002,25.0,-0.0005,-0.0005,31.25,-0.0001,-0.0001,37.5,-0.0007,-0.0007,43.75,-0.0002,-0.0002,50.0,0.0001,0.0001,gauge block set GB-01,technician,E-0163,,20260106T061500Z-QE24M
CAL-00646,G-0099,2024-09-03,2024-08-24,2024-08-25,2024-08-25,pass,0.002,25.0,-0.0001,-0.0001,31.25,-0.0003,-0.0003,37.5,0.0001,0.0001,43.75,-0.0002,-0.0002,50.0,-0.0009,-0.0009,gauge block set GB-01,technician,E-0163,,20260106T061500Z-QE24M
CAL-00647,G-0140,2024-09-01,2024-08-22,2024-08-25,2024-08-26,adjusted,0.02,37.5,-0.004,0.0,75.0,0.012,-0.001,112.5,0.012,-0.001,,,,,,,gauge block set GB-02,technician,E-0163,,20260106T061500Z-QE24M
CAL-00648,G-0023,2024-09-01,2024-08-23,2024-08-26,2024-08-26,pass,0.0025,18.0,-0.0001,-0.0001,22.25,0.0014,0.0014,26.5,0.0013,0.0013,30.75,-0.0004,-0.0004,35.0,0.0001,0.0001,setting ring set SR-02,technician,E-0163,,20260106T061500Z-QE24M
CAL-00649,G-0126,2024-08-29,2024-08-26,2024-08-26,2024-08-28,pass,0.02,37.5,-0.01,-0.01,75.0,0.009,0.009,112.5,0.005,0.005,,,,,,,gauge block set GB-02,technician,E-0163,,20260106T061500Z-QE24M
CAL-00650,G-0242,2024-09-01,2024-08-26,2024-08-26,2024-08-26,pass,0.002,0.25,0.0008,0.0008,0.5,-0.0006,-0.0006,0.75,0.0002,0.0002,,,,,,,dial calibrator DC-01,technician,E-0163,,20260106T061500Z-QE24M
CAL-00651,G-0238,2024-08-27,2024-08-26,2024-08-27,2024-08-28,pass,0.002,0.25,0.0001,0.0001,0.5,-0.0006,-0.0006,0.75,-0.0009,-0.0009,,,,,,,dial calibrator DC-01,technician,E-0163,,20260106T061500Z-QE24M
CAL-00652,G-0114,2024-09-02,2024-08-25,2024-08-28,2024-08-30,pass,0.002,50.0,0.0001,0.0001,56.25,-0.0007,-0.0007,62.5,-0.0007,-0.0007,68.75,-0.0003,-0.0003,75.0,-0.0002,-0.0002,gauge block set GB-01,technician,E-0163,,20260106T061500Z-QE24M
CAL-00653,G-0167,2024-09-04,2024-08-28,2024-08-28,2024-08-30,pass,0.02,37.5,0.005,0.005,75.0,-0.006,-0.006,112.5,0.003,0.003,,,,,,,gauge block set GB-02,technician,E-0163,,20260106T061500Z-QE24M
CAL-00654,G-0037,2024-09-03,2024-08-26,2024-08-29,2024-08-29,pass,0.002,0.0,0.0003,0.0003,6.25,0.0006,0.0006,12.5,-0.0009,-0.0009,18.75,-0.0001,-0.0001,25.0,0.0005,0.0005,gauge block set GB-01,technician,E-0163,,20260106T061500Z-QE24M
CAL-00655,G-0240,2024-09-08,2024-08-27,2024-08-30,2024-09-01,pass,0.002,0.25,0.0007,0.0007,0.5,-0.0003,-0.0003,0.75,-0.0007,-0.0007,,,,,,,dial calibrator DC-01,technician,E-0163,,20260106T061500Z-QE24M
CAL-00656,G-0003,2024-09-01,2024-08-27,2024-09-01,2024-09-05,pass,0.003,75.0,0.0013,0.0013,150.0,-0.0001,-0.0001,225.0,0.0003,0.0003,,,,,,,glass scale,laboratory,S-057,LC-2485760,20260106T061500Z-QE24M
CAL-00657,G-0006,2024-09-09,2024-08-29,2024-09-01,2024-09-01,pass,0.001,40.626,0.0,0.0,40.71,0.0002,0.0002,40.793,0.0002,0.0002,,,,,,,"setting masters, min and max",technician,E-0163,,20260106T061500Z-QE24M
CAL-00658,G-0252,2024-09-03,2024-08-29,2024-09-01,2024-09-01,pass,0.002,0.25,0.0004,0.0004,0.5,0.0005,0.0005,0.75,0.0006,0.0006,,,,,,,dial calibrator DC-01,technician,E-0163,,20260106T061500Z-QE24M
CAL-00659,G-0258,2024-09-03,2024-09-01,2024-09-03,2024-09-04,pass,0.002,0.25,-0.0006,-0.0006,0.5,0.0003,0.0003,0.75,0.001,0.001,,,,,,,dial calibrator DC-01,technician,E-0163,,20260106T061500Z-QE24M
CAL-00660,G-0029,2024-08-27,2024-09-04,2024-09-04,2024-09-06,pass,0.0025,35.0,0.0003,0.0003,38.75,-0.0009,-0.0009,42.5,0.0005,0.0005,46.25,0.0002,0.0002,50.0,0.001,0.001,setting ring set SR-02,technician,E-0163,,20260106T061500Z-QE24M
CAL-00661,G-0265,2024-08-18,2024-08-29,2024-09-04,2024-09-09,pass,0.001,25.5,-0.0004,-0.0004,,,,,,,,,,,,,laboratory reference,laboratory,S-057,LC-2459750,20260106T061500Z-QE24M
CAL-00662,G-0020,2024-09-11,2024-09-04,2024-09-05,2024-09-05,pass,0.0025,18.0,0.0,0.0,22.25,-0.0007,-0.0007,26.5,-0.0006,-0.0006,30.75,-0.0002,-0.0002,35.0,0.0001,0.0001,setting ring set SR-02,technician,E-0163,,20260106T061500Z-QE24M
CAL-00663,G-0056,2024-09-14,2024-09-02,2024-09-05,2024-09-06,adjusted,0.002,0.0,-0.0006,-0.0002,6.25,-0.0015,-0.0002,12.5,-0.0005,-0.0001,18.75,-0.0009,-0.0001,25.0,-0.0004,-0.0,gauge block set GB-01,technician,E-0163,,20260106T061500Z-QE24M
CAL-00664,G-0095,2024-09-10,2024-09-04,2024-09-05,2024-09-06,pass,0.002,25.0,-0.0002,-0.0002,31.25,-0.0001,-0.0001,37.5,0.0005,0.0005,43.75,-0.0001,-0.0001,50.0,-0.0009,-0.0009,gauge block set GB-01,technician,E-0163,,20260106T061500Z-QE24M
CAL-00665,G-0071,2024-09-08,2024-09-06,2024-09-06,2024-09-06,pass,0.002,25.0,-0.0002,-0.0002,31.25,0.0,0.0,37.5,0.0,0.0,43.75,-0.0008,-0.0008,50.0,0.0001,0.0001,gauge block set GB-01,technician,E-0163,,20260106T061500Z-QE24M
CAL-00666,G-0016,2024-09-13,2024-09-05,2024-09-08,2024-09-09,adjusted,0.0025,10.0,0.0006,-0.0002,12.0,0.0017,-0.0005,14.0,0.0013,0.0,16.0,0.002,0.0001,18.0,0.0009,0.0001,setting ring set SR-02,technician,E-0163,,20260106T061500Z-QE24M
CAL-00667,G-0162,2024-09-16,2024-09-07,2024-09-08,2024-09-10,pass,0.02,37.5,0.001,0.001,75.0,0.003,0.003,112.5,-0.006,-0.006,,,,,,,gauge block set GB-02,technician,E-0163,,20260106T061500Z-QE24M
CAL-00668,G-0210,2024-08-28,2024-09-08,2024-09-08,2024-09-09,pass,0.005,12.5,-0.0015,-0.0015,,,,,,,,,,,,,thread setting plug set,technician,E-0163,,20260106T061500Z-QE24M
CAL-00669,G-0015,2024-09-14,2024-09-08,2024-09-09,2024-09-11,pass,0.0025,10.0,-0.0004,-0.0004,12.0,-0.0003,-0.0003,14.0,0.0002,0.0002,16.0,0.0005,0.0005,18.0,0.0002,0.0002,setting ring set SR-02,technician,E-0163,,20260106T061500Z-QE24M
CAL-00670,G-0285,2024-08-11,2024-08-29,2024-09-09,2024-09-12,pass,0.001,25.5,-0.0003,-0.0003,,,,,,,,,,,,,laboratory reference,laboratory,S-057,LC-2458881,20260106T061500Z-QE24M
CAL-00671,G-0060,2024-09-13,2024-09-09,2024-09-10,2024-09-10,pass,0.002,0.0,0.0004,0.0004,6.25,-0.0003,-0.0003,12.5,0.0003,0.0003,18.75,-0.0005,-0.0005,25.0,0.0003,0.0003,gauge block set GB-01,technician,E-0163,,20260106T061500Z-QE24M
CAL-00672,G-0235,2024-08-28,2024-09-08,2024-09-10,2024-09-12,pass,0.002,0.25,-0.0009,-0.0009,0.5,-0.0009,-0.0009,0.75,-0.0,-0.0,,,,,,,dial calibrator DC-01,technician,E-0163,,20260106T061500Z-QE24M
CAL-00673,G-0100,2024-08-11,2024-09-09,2024-09-11,2024-09-13,pass,0.002,25.0,0.0009,0.0009,31.25,-0.0003,-0.0003,37.5,0.0001,0.0001,43.75,0.0,0.0,50.0,-0.0002,-0.0002,gauge block set GB-01,technician,E-0163,,20260106T061500Z-QE24M
CAL-00674,G-0193,2024-09-18,2024-09-10,2024-09-11,2024-09-12,pass,0.02,75.0,-0.003,-0.003,150.0,0.002,0.002,225.0,-0.001,-0.001,,,,,,,gauge block set GB-02,technician,E-0163,,20260106T061500Z-QE24M
CAL-00675,G-0025,2024-09-16,2024-09-12,2024-09-12,2024-09-13,pass,0.0025,18.0,0.0004,0.0004,22.25,-0.0002,-0.0002,26.5,-0.0005,-0.0005,30.75,0.0,0.0,35.0,0.0006,0.0006,setting ring set SR-02,technician,E-0163,,20260106T061500Z-QE24M
CAL-00676,G-0059,2024-08-12,2024-09-12,2024-09-12,2024-09-13,adjusted,0.002,0.0,0.0034,0.0003,6.25,0.003,0.0001,12.5,0.0035,0.0,18.75,0.0036,0.0,25.0,0.0032,0.0001,gauge block set GB-01,technician,E-0163,,20260106T061500Z-QE24M
CAL-00677,G-0079,2024-09-16,2024-09-11,2024-09-12,2024-09-12,pass,0.002,25.0,0.0003,0.0003,31.25,-0.0005,-0.0005,37.5,0.0003,0.0003,43.75,-0.0003,-0.0003,50.0,0.0005,0.0005,gauge block set GB-01,technician,E-0163,,20260106T061500Z-QE24M
CAL-00678,G-0181,2024-08-09,2024-09-11,2024-09-13,2024-09-14,pass,0.02,37.5,0.003,0.003,75.0,0.002,0.002,112.5,0.005,0.005,,,,,,,gauge block set GB-02,technician,E-0163,,20260106T061500Z-QE24M
CAL-00679,G-0224,2024-09-16,2024-09-11,2024-09-13,2024-09-14,pass,0.005,12.5,0.0002,0.0002,,,,,,,,,,,,,thread setting plug set,technician,E-0163,,20260106T061500Z-QE24M
CAL-00680,G-0027,2024-09-20,2024-09-13,2024-09-14,2024-09-16,pass,0.0025,35.0,0.0004,0.0004,38.75,-0.0001,-0.0001,42.5,-0.0005,-0.0005,46.25,-0.0006,-0.0006,50.0,0.0004,0.0004,setting ring set SR-02,technician,E-0163,,20260106T061500Z-QE24M
CAL-00681,G-0192,2024-09-15,2024-09-12,2024-09-14,2024-09-16,pass,0.02,75.0,0.005,0.005,150.0,0.004,0.004,225.0,0.01,0.01,,,,,,,gauge block set GB-02,technician,E-0163,,20260106T061500Z-QE24M
CAL-00682,G-0237,2024-09-20,2024-09-13,2024-09-14,2024-09-14,pass,0.002,0.25,0.0001,0.0001,0.5,0.0004,0.0004,0.75,-0.0007,-0.0007,,,,,,,dial calibrator DC-01,technician,E-0163,,20260106T061500Z-QE24M
CAL-00683,G-0024,2024-09-24,2024-09-15,2024-09-15,2024-09-15,adjusted,0.0025,18.0,-0.0004,0.0003,22.25,-0.0012,0.0001,26.5,-0.0018,-0.0,30.75,-0.0009,0.0003,35.0,-0.0012,-0.0001,setting ring set SR-02,technician,E-0163,,20260106T061500Z-QE24M
CAL-00684,G-0026,2024-09-23,2024-09-14,2024-09-15,2024-09-15,pass,0.0025,35.0,-0.0006,-0.0006,38.75,0.0011,0.0011,42.5,0.0005,0.0005,46.25,0.0,0.0,50.0,0.0009,0.0009,setting ring set SR-02,technician,E-0163,,20260106T061500Z-QE24M
CAL-00685,G-0069,2024-09-16,2024-09-15,2024-09-15,2024-09-17,pass,0.002,25.0,0.0003,0.0003,31.25,-0.0009,-0.0009,37.5,-0.0002,-0.0002,43.75,0.0002,0.0002,50.0,0.0002,0.0002,gauge block set GB-01,technician,E-0163,,20260106T061500Z-QE24M
CAL-00686,G-0022,2024-08-27,2024-09-15,2024-09-16,2024-09-18,pass,0.0025,18.0,-0.0006,-0.0006,22.25,0.0005,0.0005,26.5,-0.0,-0.0,30.75,0.0005,0.0005,35.0,0.0006,0.0006,setting ring set SR-02,technician,E-0163,,20260106T061500Z-QE24M
CAL-00687,G-0044,2024-09-20,2024-09-13,2024-09-16,2024-09-17,pass,0.002,0.0,0.0001,0.0001,6.25,-0.0003,-0.0003,12.5,-0.0004,-0.0004,18.75,-0.0005,-0.0005,25.0,-0.0002,-0.0002,gauge block set GB-01,technician,E-0163,,20260106T061500Z-QE24M
CAL-00688,G-0234,2024-09-20,2024-09-13,2024-09-16,2024-09-16,pass,0.002,0.25,-0.0005,-0.0005,0.5,-0.0007,-0.0007,0.75,-0.0004,-0.0004,,,,,,,dial calibrator DC-01,technician,E-0163,,20260106T061500Z-QE24M
CAL-00689,G-0292,2024-08-03,2024-09-07,2024-09-17,2024-09-19,adjusted,0.001,25.5,0.0007,-0.0001,,,,,,,,,,,,,laboratory reference,laboratory,S-057,LC-2456501,20260106T061500Z-QE24M
CAL-00690,G-0039,2024-09-22,2024-09-19,2024-09-19,2024-09-19,adjusted,0.002,0.0,-0.0002,-0.0,6.25,-0.0012,-0.0,12.5,-0.001,-0.0001,18.75,-0.0003,0.0002,25.0,0.0005,-0.0001,gauge block set GB-01,technician,E-0163,,20260106T061500Z-QE24M
CAL-00691,G-0050,2024-09-26,2024-09-19,2024-09-19,2024-09-19,pass,0.002,0.0,-0.0002,-0.0002,6.25,0.0004,0.0004,12.5,0.0002,0.0002,18.75,0.0,0.0,25.0,-0.0,-0.0,gauge block set GB-01,technician,E-0163,,20260106T061500Z-QE24M
CAL-00692,G-0055,2024-09-23,2024-09-19,2024-09-20,2024-09-20,pass,0.002,0.0,0.0003,0.0003,6.25,0.0005,0.0005,12.5,0.0004,0.0004,18.75,0.0002,0.0002,25.0,0.0005,0.0005,gauge block set GB-01,technician,E-0163,,20260106T061500Z-QE24M
CAL-00693,G-0085,2024-08-06,2024-09-20,2024-09-20,2024-09-21,pass,0.002,25.0,0.0001,0.0001,31.25,-0.0001,-0.0001,37.5,-0.0004,-0.0004,43.75,-0.0007,-0.0007,50.0,-0.0006,-0.0006,gauge block set GB-01,technician,E-0163,,20260106T061500Z-QE24M
CAL-00694,G-0221,2024-08-25,2024-09-19,2024-09-20,2024-09-20,pass,0.005,12.5,0.001,0.001,,,,,,,,,,,,,thread setting plug set,technician,E-0163,,20260106T061500Z-QE24M
CAL-00695,G-0102,2024-08-19,2024-09-20,2024-09-21,2024-09-23,pass,0.002,25.0,0.0,0.0,31.25,0.0002,0.0002,37.5,0.0007,0.0007,43.75,0.0001,0.0001,50.0,-0.0003,-0.0003,gauge block set GB-01,technician,E-0163,,20260106T061500Z-QE24M
CAL-00696,G-0250,2024-09-29,2024-09-18,2024-09-21,2024-09-21,pass,0.002,0.25,0.0002,0.0002,0.5,0.0001,0.0001,0.75,0.0001,0.0001,,,,,,,dial calibrator DC-01,technician,E-0163,,20260106T061500Z-QE24M
CAL-00697,G-0047,2024-09-25,2024-09-22,2024-09-22,2024-09-23,pass,0.002,0.0,0.0,0.0,6.25,0.0009,0.0009,12.5,0.001,0.001,18.75,0.0001,0.0001,25.0,0.0004,0.0004,gauge block set GB-01,technician,E-0163,,20260106T061500Z-QE24M
CAL-00698,G-0091,2024-10-01,2024-09-22,2024-09-22,2024-09-23,pass,0.002,25.0,-0.0001,-0.0001,31.25,-0.0004,-0.0004,37.5,-0.0002,-0.0002,43.75,0.0003,0.0003,50.0,0.0004,0.0004,gauge block set GB-01,technician,E-0163,,20260106T061500Z-QE24M
CAL-00699,G-0160,2024-09-30,2024-09-21,2024-09-22,2024-09-23,pass,0.02,37.5,-0.004,-0.004,75.0,-0.008,-0.008,112.5,-0.005,-0.005,,,,,,,gauge block set GB-02,technician,E-0163,,20260106T061500Z-QE24M
CAL-00700,G-0296,2024-09-30,2024-09-14,2024-09-22,2024-09-24,pass,0.001,25.5,0.0004,0.0004,,,,,,,,,,,,,laboratory reference,laboratory,S-057,LC-2465804,20260106T061500Z-QE24M
CAL-00701,G-0198,2024-09-27,2024-09-20,2024-09-23,2024-09-25,pass,0.02,75.0,0.003,0.003,150.0,0.005,0.005,225.0,0.008,0.008,,,,,,,gauge block set GB-02,technician,E-0163,,20260106T061500Z-QE24M
CAL-00702,G-0101,2024-09-27,2024-09-24,2024-09-24,2024-09-25,pass,0.002,25.0,0.0003,0.0003,31.25,0.0004,0.0004,37.5,0.0001,0.0001,43.75,-0.0006,-0.0006,50.0,-0.0006,-0.0006,gauge block set GB-01,technician,E-0163,,20260106T061500Z-QE24M
CAL-00703,G-0093,2024-10-04,2024-09-22,2024-09-25,2024-09-26,pass,0.002,25.0,0.0002,0.0002,31.25,0.0,0.0,37.5,0.0003,0.0003,43.75,0.0007,0.0007,50.0,0.001,0.001,gauge block set GB-01,technician,E-0163,,20260106T061500Z-QE24M
CAL-00704,G-0014,2024-10-01,2024-09-25,2024-09-26,2024-09-26,pass,0.0025,10.0,0.0004,0.0004,12.0,0.0006,0.0006,14.0,0.0003,0.0003,16.0,0.0,0.0,18.0,0.0,0.0,setting ring set SR-02,technician,E-0163,,20260106T061500Z-QE24M
CAL-00705,G-0138,2024-10-05,2024-09-27,2024-09-27,2024-09-27,pass,0.02,37.5,-0.003,-0.003,75.0,-0.005,-0.005,112.5,-0.002,-0.002,,,,,,,gauge block set GB-02,technician,E-0163,,20260106T061500Z-QE24M
CAL-00706,G-0035,2024-10-05,2024-09-28,2024-10-01,2024-10-03,pass,0.002,0.0,0.0001,0.0001,6.25,-0.0004,-0.0004,12.5,0.0009,0.0009,18.75,-0.0001,-0.0001,25.0,0.0005,0.0005,gauge block set GB-01,technician,E-0163,,20260106T061500Z-QE24M
CAL-00707,G-0173,2024-10-11,2024-10-03,2024-10-03,2024-10-05,pass,0.02,37.5,-0.003,-0.003,75.0,-0.01,-0.01,112.5,-0.004,-0.004,,,,,,,gauge block set GB-02,technician,E-0163,,20260106T061500Z-QE24M
CAL-00708,G-0073,2024-09-22,2024-10-02,2024-10-04,2024-10-06,pass,0.002,25.0,-0.0003,-0.0003,31.25,-0.0006,-0.0006,37.5,-0.0007,-0.0007,43.75,-0.0004,-0.0004,50.0,-0.0004,-0.0004,gauge block set GB-01,technician,E-0163,,20260106T061500Z-QE24M
CAL-00709,G-0038,2024-10-08,2024-10-02,2024-10-05,2024-10-05,pass,0.002,0.0,-0.0005,-0.0005,6.25,0.0001,0.0001,12.5,-0.0002,-0.0002,18.75,0.0001,0.0001,25.0,-0.0001,-0.0001,gauge block set GB-01,technician,E-0163,,20260106T061500Z-QE24M
CAL-00710,G-0045,2024-09-17,2024-10-04,2024-10-05,2024-10-05,pass,0.002,0.0,0.0003,0.0003,6.25,0.0001,0.0001,12.5,-0.0,-0.0,18.75,-0.0004,-0.0004,25.0,-0.0001,-0.0001,gauge block set GB-01,technician,E-0163,,20260106T061500Z-QE24M
CAL-00711,G-0058,2024-10-08,2024-10-03,2024-10-05,2024-10-05,pass,0.002,0.0,0.0002,0.0002,6.25,-0.0007,-0.0007,12.5,0.0004,0.0004,18.75,-0.0006,-0.0006,25.0,-0.0006,-0.0006,gauge block set GB-01,technician,E-0163,,20260106T061500Z-QE24M
CAL-00712,G-0066,2024-09-24,2024-10-04,2024-10-05,2024-10-07,pass,0.002,25.0,0.0001,0.0001,31.25,-0.0001,-0.0001,37.5,0.0004,0.0004,43.75,-0.0003,-0.0003,50.0,-0.0008,-0.0008,gauge block set GB-01,technician,E-0163,,20260106T061500Z-QE24M
CAL-00713,G-0230,2024-10-11,2024-10-06,2024-10-06,2024-10-08,pass,0.05,5.333,0.002,0.002,10.667,-0.0,-0.0,,,,,,,,,,roughness specimen set,technician,E-0163,,20260106T061500Z-QE24M
CAL-00714,G-0245,2024-09-21,2024-10-07,2024-10-07,2024-10-08,pass,0.002,0.25,0.0003,0.0003,0.5,0.0003,0.0003,0.75,-0.0,-0.0,,,,,,,dial calibrator DC-01,technician,E-0163,,20260106T061500Z-QE24M
CAL-00715,G-0149,2024-10-16,2024-10-08,2024-10-08,2024-10-08,adjusted,0.02,37.5,-0.001,-0.0,75.0,0.001,0.0,112.5,0.012,0.005,,,,,,,gauge block set GB-02,technician,E-0163,,20260106T061500Z-QE24M
CAL-00716,G-0204,2024-08-14,2024-10-06,2024-10-08,2024-10-09,pass,0.005,12.5,0.001,0.001,,,,,,,,,,,,,thread setting plug set,technician,E-0163,,20260106T061500Z-QE24M
CAL-00717,G-0186,2024-10-13,2024-10-06,2024-10-09,2024-10-10,pass,0.02,75.0,-0.006,-0.006,150.0,-0.006,-0.006,225.0,-0.001,-0.001,,,,,,,gauge block set GB-02,technician,E-0163,,20260106T061500Z-QE24M
CAL-00718,G-0241,2024-10-11,2024-10-07,2024-10-09,2024-10-10,pass,0.002,0.25,0.0003,0.0003,0.5,0.0002,0.0002,0.75,0.0005,0.0005,,,,,,,dial calibrator DC-01,technician,E-0163,,20260106T061500Z-QE24M
CAL-00719,G-0249,2024-10-16,2024-10-09,2024-10-09,2024-10-09,pass,0.002,0.25,0.0002,0.0002,0.5,-0.0004,-0.0004,0.75,-0.0006,-0.0006,,,,,,,dial calibrator DC-01,technician,E-0163,,20260106T061500Z-QE24M
CAL-00720,G-0279,2024-09-09,2024-10-05,2024-10-10,2024-10-13,pass,0.001,25.5,0.0002,0.0002,,,,,,,,,,,,,laboratory reference,laboratory,S-057,LC-2480497,20260106T061500Z-QE24M
CAL-00721,G-0048,2024-10-13,2024-10-10,2024-10-11,2024-10-12,adjusted,0.002,0.0,-0.0011,0.0003,6.25,-0.0009,0.0001,12.5,0.0001,-0.0002,18.75,-0.0011,-0.0,25.0,-0.0011,0.0001,gauge block set GB-01,technician,E-0163,,20260106T061500Z-QE24M
CAL-00722,G-0214,2024-09-12,2024-10-12,2024-10-12,2024-10-14,pass,0.005,12.5,-0.0001,-0.0001,,,,,,,,,,,,,thread setting plug set,technician,E-0163,,20260106T061500Z-QE24M
CAL-00723,G-0225,2024-09-21,2024-10-10,2024-10-12,2024-10-14,pass,0.005,12.5,-0.0005,-0.0005,,,,,,,,,,,,,thread setting plug set,technician,E-0163,,20260106T061500Z-QE24M
CAL-00724,G-0019,2024-10-15,2024-10-11,2024-10-13,2024-10-13,pass,0.0025,10.0,-0.0001,-0.0001,12.0,0.001,0.001,14.0,0.0004,0.0004,16.0,-0.0004,-0.0004,18.0,0.0013,0.0013,setting ring set SR-02,technician,E-0163,,20260106T061500Z-QE24M
CAL-00725,G-0070,2024-09-25,2024-10-13,2024-10-13,2024-10-14,pass,0.002,25.0,0.0,0.0,31.25,0.0003,0.0003,37.5,0.0002,0.0002,43.75,-0.0004,-0.0004,50.0,0.0,0.0,gauge block set GB-01,technician,E-0163,,20260106T061500Z-QE24M
CAL-00726,G-0017,2024-10-17,2024-10-12,2024-10-14,2024-10-15,adjusted,0.0025,10.0,0.0014,0.0003,12.0,-0.0001,-0.0001,14.0,0.0,-0.0,16.0,-0.0006,0.0005,18.0,0.0019,0.0002,setting ring set SR-02,technician,E-0163,,20260106T061500Z-QE24M
CAL-00727,G-0236,2024-10-23,2024-10-13,2024-10-14,2024-10-14,pass,0.002,0.25,0.0002,0.0002,0.5,-0.0,-0.0,0.75,0.0005,0.0005,,,,,,,dial calibrator DC-01,technician,E-0163,,20260106T061500Z-QE24M
CAL-00728,G-0010,2024-08-27,2024-10-14,2024-10-15,2024-10-17,pass,0.0025,6.0,-0.0008,-0.0008,7.0,-0.0,-0.0,8.0,0.0005,0.0005,9.0,0.0005,0.0005,10.0,-0.0002,-0.0002,setting ring set SR-02,technician,E-0163,,20260106T061500Z-QE24M
CAL-00729,G-0011,2024-10-17,2024-10-15,2024-10-16,2024-10-17,pass,0.0025,6.0,-0.0,-0.0,7.0,0.0006,0.0006,8.0,0.0008,0.0008,9.0,-0.0001,-0.0001,10.0,-0.0001,-0.0001,setting ring set SR-02,technician,E-0163,,20260106T061500Z-QE24M
CAL-00730,G-0113,2024-10-19,2024-10-15,2024-10-16,2024-10-16,pass,0.002,50.0,-0.0001,-0.0001,56.25,-0.0003,-0.0003,62.5,0.0005,0.0005,68.75,0.0003,0.0003,75.0,0.0001,0.0001,gauge block set GB-01,technician,E-0163,,20260106T061500Z-QE24M
CAL-00731,G-0145,2024-10-20,2024-10-14,2024-10-16,2024-10-18,pass,0.02,37.5,-0.001,-0.001,75.0,-0.004,-0.004,112.5,-0.006,-0.006,,,,,,,gauge block set GB-02,technician,E-0163,,20260106T061500Z-QE24M
CAL-00732,G-0299,2024-09-11,2024-10-09,2024-10-16,2024-10-18,pass,0.001,25.5,-0.0002,-0.0002,,,,,,,,,,,,,laboratory reference,laboratory,S-057,LC-2469945,20260106T061500Z-QE24M
CAL-00733,G-0189,2024-10-24,2024-10-14,2024-10-17,2024-10-19,pass,0.02,75.0,-0.005,-0.005,150.0,-0.004,-0.004,225.0,-0.005,-0.005,,,,,,,gauge block set GB-02,technician,E-0163,,20260106T061500Z-QE24M
CAL-00734,G-0248,2024-10-25,2024-10-15,2024-10-17,2024-10-18,pass,0.002,0.25,-0.0003,-0.0003,0.5,-0.0005,-0.0005,0.75,-0.0,-0.0,,,,,,,dial calibrator DC-01,technician,E-0163,,20260106T061500Z-QE24M
CAL-00735,G-0132,2024-10-25,2024-10-18,2024-10-18,2024-10-18,pass,0.02,37.5,0.003,0.003,75.0,-0.001,-0.001,112.5,-0.002,-0.002,,,,,,,gauge block set GB-02,technician,E-0163,,20260106T061500Z-QE24M
CAL-00736,G-0172,2024-10-27,2024-10-18,2024-10-18,2024-10-18,pass,0.02,37.5,-0.0,-0.0,75.0,0.007,0.007,112.5,0.005,0.005,,,,,,,gauge block set GB-02,technician,E-0163,,20260106T061500Z-QE24M
CAL-00737,G-0266,2024-09-22,2024-10-10,2024-10-18,2024-10-22,pass,0.001,25.5,-0.0002,-0.0002,,,,,,,,,,,,,laboratory reference,laboratory,S-057,LC-2484712,20260106T061500Z-QE24M
CAL-00738,G-0239,2024-09-08,2024-10-19,2024-10-19,2024-10-20,pass,0.002,0.25,-0.0003,-0.0003,0.5,0.0005,0.0005,0.75,-0.001,-0.001,,,,,,,dial calibrator DC-01,technician,E-0163,,20260106T061500Z-QE24M
CAL-00739,G-0041,2024-10-29,2024-10-19,2024-10-21,2024-10-22,pass,0.002,0.0,0.0001,0.0001,6.25,-0.0005,-0.0005,12.5,-0.0002,-0.0002,18.75,-0.0003,-0.0003,25.0,0.0001,0.0001,gauge block set GB-01,technician,E-0163,,20260106T061500Z-QE24M
CAL-00740,G-0233,2024-10-29,2024-10-21,2024-10-21,2024-10-23,adjusted,0.002,0.25,0.0,0.0004,0.5,-0.0001,-0.0,0.75,0.0012,0.0003,,,,,,,dial calibrator DC-01,technician,E-0163,,20260106T061500Z-QE24M
CAL-00741,G-0028,2024-10-29,2024-10-21,2024-10-22,2024-10-22,pass,0.0025,35.0,-0.001,-0.001,38.75,-0.0004,-0.0004,42.5,-0.0008,-0.0008,46.25,0.0,0.0,50.0,-0.0006,-0.0006,setting ring set SR-02,technician,E-0163,,20260106T061500Z-QE24M
CAL-00742,G-0213,2024-09-02,2024-10-22,2024-10-22,2024-10-24,pass,0.005,12.5,0.0009,0.0009,,,,,,,,,,,,,thread setting plug set,technician,E-0163,,20260106T061500Z-QE24M
CAL-00743,G-0243,2024-10-22,2024-10-21,2024-10-22,2024-10-22,pass,0.002,0.25,-0.0005,-0.0005,0.5,-0.001,-0.001,0.75,0.0002,0.0002,,,,,,,dial calibrator DC-01,technician,E-0163,,20260106T061500Z-QE24M
CAL-00744,G-0068,2024-11-01,2024-10-21,2024-10-23,2024-10-25,pass,0.002,25.0,-0.0008,-0.0008,31.25,-0.0003,-0.0003,37.5,-0.0001,-0.0001,43.75,-0.0001,-0.0001,50.0,-0.0,-0.0,gauge block set GB-01,technician,E-0163,,20260106T061500Z-QE24M
CAL-00745,G-0005,2024-10-25,2024-10-22,2024-10-24,2024-10-24,pass,0.001,6.325,-0.0001,-0.0001,6.35,0.0002,0.0002,6.375,-0.0,-0.0,,,,,,,"setting masters, min and max",technician,E-0163,,20260106T061500Z-QE24M
CAL-00746,G-0281,2024-10-24,2024-10-16,2024-10-24,2024-10-29,adjusted,0.001,25.5,-0.0006,-0.0,,,,,,,,,,,,,laboratory reference,laboratory,S-057,LC-2484056,20260106T061500Z-QE24M
CAL-00747,G-0094,2024-10-28,2024-10-24,2024-10-25,2024-10-26,adjusted,0.002,25.0,0.0011,0.0001,31.25,0.0005,-0.0001,37.5,0.0005,0.0,43.75,-0.0,0.0001,50.0,0.0002,-0.0001,gauge block set GB-01,technician,E-0163,,20260106T061500Z-QE24M
CAL-00748,G-0155,2024-10-31,2024-10-24,2024-10-25,2024-10-25,pass,0.02,37.5,-0.002,-0.002,75.0,-0.01,-0.01,112.5,-0.009,-0.009,,,,,,,gauge block set GB-02,technician,E-0163,,20260106T061500Z-QE24M
CAL-00749,G-0255,2024-11-05,2024-10-25,2024-10-27,2024-10-29,pass,0.002,0.25,-0.0005,-0.0005,0.5,0.0005,0.0005,0.75,0.0002,0.0002,,,,,,,dial calibrator DC-01,technician,E-0163,,20260106T061500Z-QE24M
CAL-00750,G-0013,2024-10-30,2024-10-26,2024-10-28,2024-10-28,pass,0.0025,6.0,-0.0012,-0.0012,7.0,-0.0003,-0.0003,8.0,-0.0008,-0.0008,9.0,-0.001,-0.001,10.0,-0.0008,-0.0008,setting ring set SR-02,technician,E-0163,,20260106T061500Z-QE24M
CAL-00751,G-0111,2024-11-03,2024-10-27,2024-10-28,2024-10-30,pass,0.002,50.0,-0.0005,-0.0005,56.25,-0.0003,-0.0003,62.5,0.0002,0.0002,68.75,-0.0009,-0.0009,75.0,-0.0002,-0.0002,gauge block set GB-01,technician,E-0163,,20260106T061500Z-QE24M
CAL-00752,G-0127,2024-10-29,2024-10-25,2024-10-28,2024-10-28,pass,0.02,37.5,-0.002,-0.002,75.0,0.004,0.004,112.5,0.002,0.002,,,,,,,gauge block set GB-02,technician,E-0163,,20260106T061500Z-QE24M
CAL-00753,G-0009,2024-11-03,2024-10-26,2024-10-29,2024-10-30,pass,0.0025,6.0,0.001,0.001,7.0,0.0011,0.0011,8.0,0.0007,0.0007,9.0,-0.0001,-0.0001,10.0,0.0007,0.0007,setting ring set SR-02,technician,E-0163,,20260106T061500Z-QE24M
CAL-00754,G-0247,2024-11-06,2024-10-26,2024-10-29,2024-10-29,pass,0.002,0.25,-0.0002,-0.0002,0.5,0.0004,0.0004,0.75,0.0002,0.0002,,,,,,,dial calibrator DC-01,technician,E-0163,,20260106T061500Z-QE24M
CAL-00755,G-0144,2024-11-03,2024-10-31,2024-10-31,2024-11-01,pass,0.02,37.5,-0.001,-0.001,75.0,-0.004,-0.004,112.5,-0.007,-0.007,,,,,,,gauge block set GB-02,technician,E-0163,,20260106T061500Z-QE24M
CAL-00756,G-0211,2024-10-31,2024-10-28,2024-10-31,2024-11-01,pass,0.005,12.5,0.0009,0.0009,,,,,,,,,,,,,thread setting plug set,technician,E-0163,,20260106T061500Z-QE24M
CAL-00757,G-0062,2024-11-01,2024-10-31,2024-11-01,2024-11-03,adjusted,0.002,0.0,-0.0014,0.0001,6.25,-0.0003,0.0003,12.5,-0.0008,0.0005,18.75,-0.0013,-0.0,25.0,-0.0004,0.0001,gauge block set GB-01,technician,E-0163,,20260106T061500Z-QE24M
CAL-00758,G-0004,2024-11-03,2024-11-03,2024-11-03,2024-11-03,pass,0.001,19.025,0.0003,0.0003,19.05,0.0002,0.0002,19.075,-0.0003,-0.0003,,,,,,,"setting masters, min and max",technician,E-0163,,20260106T061500Z-QE24M
CAL-00759,G-0018,2024-10-08,2024-11-03,2024-11-03,2024-11-05,pass,0.0025,10.0,-0.0004,-0.0004,12.0,0.0006,0.0006,14.0,0.0009,0.0009,16.0,0.0009,0.0009,18.0,0.0004,0.0004,setting ring set SR-02,technician,E-0163,,20260106T061500Z-QE24M
CAL-00760,G-0147,2024-11-08,2024-10-31,2024-11-03,2024-11-04,pass,0.02,37.5,0.002,0.002,75.0,0.002,0.002,112.5,0.006,0.006,,,,,,,gauge block set GB-02,technician,E-0163,,20260106T061500Z-QE24M
CAL-00761,G-0190,2024-10-30,2024-11-03,2024-11-03,2024-11-05,pass,0.02,75.0,-0.002,-0.002,150.0,0.004,0.004,225.0,0.003,0.003,,,,,,,gauge block set GB-02,technician,E-0163,,20260106T061500Z-QE24M
CAL-00762,G-0251,2024-11-05,2024-10-31,2024-11-03,2024-11-04,pass,0.002,0.25,0.0001,0.0001,0.5,0.0002,0.0002,0.75,0.0007,0.0007,,,,,,,dial calibrator DC-01,technician,E-0163,,20260106T061500Z-QE24M
CAL-00763,G-0054,2024-11-13,2024-11-02,2024-11-04,2024-11-06,pass,0.002,0.0,-0.0001,-0.0001,6.25,0.0004,0.0004,12.5,0.0001,0.0001,18.75,0.0001,0.0001,25.0,-0.0003,-0.0003,gauge block set GB-01,technician,E-0163,,20260106T061500Z-QE24M
CAL-00764,G-0061,2024-11-05,2024-11-02,2024-11-04,2024-11-05,adjusted,0.002,0.0,0.0002,-0.0002,6.25,0.0001,-0.0002,12.5,-0.0012,-0.0002,18.75,0.0004,-0.0003,25.0,0.0004,0.0001,gauge block set GB-01,technician,E-0163,,20260106T061500Z-QE24M
CAL-00765,G-0194,2024-11-06,2024-11-04,2024-11-04,2024-11-05,pass,0.02,75.0,0.007,0.007,150.0,-0.002,-0.002,225.0,-0.002,-0.002,,,,,,,gauge block set GB-02,technician,E-0163,,20260106T061500Z-QE24M
CAL-00766,G-0007,2024-11-08,2024-11-05,2024-11-05,2024-11-06,pass,0.001,50.014,-0.0002,-0.0002,51.92,0.0001,0.0001,53.825,-0.0002,-0.0002,,,,,,,"setting masters, min and max",technician,E-0163,,20260106T061500Z-QE24M
CAL-00767,G-0021,2024-10-10,2024-11-03,2024-11-05,2024-11-06,pass,0.0025,18.0,-0.0008,-0.0008,22.25,-0.0009,-0.0009,26.5,0.0003,0.0003,30.75,-0.0001,-0.0001,35.0,-0.0004,-0.0004,setting ring set SR-02,technician,E-0163,,20260106T061500Z-QE24M
CAL-00768,G-0136,2024-10-04,2024-11-05,2024-11-05,2024-11-07,pass,0.02,37.5,-0.002,-0.002,75.0,0.004,0.004,112.5,0.008,0.008,,,,,,,gauge block set GB-02,technician,E-0163,,20260106T061500Z-QE24M
CAL-00769,G-0148,2024-11-09,2024-11-03,2024-11-05,2024-11-06,pass,0.02,37.5,0.003,0.003,75.0,0.001,0.001,112.5,0.008,0.008,,,,,,,gauge block set GB-02,technician,E-0163,,20260106T061500Z-QE24M
CAL-00770,G-0161,2024-10-25,2024-11-03,2024-11-05,2024-11-06,pass,0.02,37.5,-0.003,-0.003,75.0,0.011,0.011,112.5,0.0,0.0,,,,,,,gauge block set GB-02,technician,E-0163,,20260106T061500Z-QE24M
CAL-00771,G-0012,2024-11-08,2024-11-03,2024-11-06,2024-11-07,pass,0.0025,6.0,-0.0001,-0.0001,7.0,-0.0006,-0.0006,8.0,-0.0011,-0.0011,9.0,-0.0008,-0.0008,10.0,-0.0008,-0.0008,setting ring set SR-02,technician,E-0163,,20260106T061500Z-QE24M
CAL-00772,G-0109,2024-10-09,2024-11-05,2024-11-06,2024-11-08,adjusted,0.002,50.0,-0.0005,-0.0001,56.25,-0.0009,-0.0,62.5,-0.0007,-0.0,68.75,-0.0013,0.0004,75.0,-0.0006,-0.0004,gauge block set GB-01,technician,E-0163,,20260106T061500Z-QE24M
CAL-00773,G-0254,2024-10-24,2024-11-07,2024-11-07,2024-11-08,pass,0.002,0.25,0.0009,0.0009,0.5,0.0003,0.0003,0.75,-0.0,-0.0,,,,,,,dial calibrator DC-01,technician,E-0163,,20260106T061500Z-QE24M
CAL-00774,G-0112,2024-10-02,2024-11-06,2024-11-08,2024-11-09,pass,0.002,50.0,-0.001,-0.001,56.25,-0.0005,-0.0005,62.5,-0.0005,-0.0005,68.75,-0.0005,-0.0005,75.0,0.0001,0.0001,gauge block set GB-01,technician,E-0163,,20260106T061500Z-QE24M
CAL-00775,G-0142,2024-11-16,2024-11-07,2024-11-08,2024-11-08,pass,0.02,37.5,-0.004,-0.004,75.0,-0.001,-0.001,112.5,-0.003,-0.003,,,,,,,gauge block set GB-02,technician,E-0163,,20260106T061500Z-QE24M
CAL-00776,G-0196,2024-10-04,2024-11-07,2024-11-08,2024-11-08,pass,0.02,75.0,-0.002,-0.002,150.0,0.005,0.005,225.0,0.005,0.005,,,,,,,gauge block set GB-02,technician,E-0163,,20260106T061500Z-QE24M
CAL-00777,G-0267,2024-09-13,2024-11-03,2024-11-08,2024-11-11,pass,0.001,25.5,-0.0,-0.0,,,,,,,,,,,,,laboratory reference,laboratory,S-057,LC-2412388,20260106T061500Z-QE24M
CAL-00778,G-0077,2024-11-16,2024-11-08,2024-11-09,2024-11-11,adjusted,0.002,25.0,-0.0011,0.0001,31.25,-0.0004,-0.0001,37.5,-0.0012,-0.0001,43.75,-0.0008,0.0,50.0,0.0,0.0001,gauge block set GB-01,technician,E-0163,,20260106T061500Z-QE24M
CAL-00779,G-0057,2024-11-13,2024-11-12,2024-11-12,2024-11-14,pass,0.002,0.0,-0.0007,-0.0007,6.25,-0.0004,-0.0004,12.5,-0.0004,-0.0004,18.75,0.0001,0.0001,25.0,-0.0001,-0.0001,gauge block set GB-01,technician,E-0163,,20260106T061500Z-QE24M
CAL-00780,G-0261,2024-11-18,2024-11-12,2024-11-12,2024-11-12,pass,0.002,0.25,0.0004,0.0004,0.5,0.0009,0.0009,0.75,-0.0002,-0.0002,,,,,,,dial calibrator DC-01,technician,E-0163,,20260106T061500Z-QE24M
CAL-00781,G-0277,2024-09-26,2024-11-01,2024-11-12,2024-11-14,pass,0.001,25.5,-0.0002,-0.0002,,,,,,,,,,,,,laboratory reference,laboratory,S-057,LC-2487490,20260106T061500Z-QE24M
CAL-00782,G-0120,2024-11-15,2024-11-10,2024-11-13,2024-11-14,pass,0.002,50.0,0.0006,0.0006,56.25,0.0003,0.0003,62.5,0.0009,0.0009,68.75,0.0002,0.0002,75.0,0.0006,0.0006,gauge block set GB-01,technician,E-0163,,20260106T061500Z-QE24M
CAL-00783,G-0121,2024-10-04,2024-11-15,2024-11-16,2024-11-16,pass,0.002,50.0,0.0005,0.0005,56.25,0.0002,0.0002,62.5,0.0002,0.0002,68.75,0.0,0.0,75.0,0.0003,0.0003,gauge block set GB-01,technician,E-0163,,20260106T061500Z-QE24M
CAL-00784,G-0064,2024-11-19,2024-11-17,2024-11-17,2024-11-17,pass,0.002,0.0,-0.0005,-0.0005,6.25,0.0003,0.0003,12.5,-0.0009,-0.0009,18.75,0.0006,0.0006,25.0,-0.0005,-0.0005,gauge block set GB-01,technician,E-0163,,20260106T061500Z-QE24M
CAL-00785,G-0098,2024-11-21,2024-11-15,2024-11-17,2024-11-18,pass,0.002,25.0,-0.0003,-0.0003,31.25,-0.0003,-0.0003,37.5,0.0003,0.0003,43.75,0.0004,0.0004,50.0,-0.0001,-0.0001,gauge block set GB-01,technician,E-0163,,20260106T061500Z-QE24M
CAL-00786,G-0187,2024-11-19,2024-11-15,2024-11-18,2024-11-19,pass,0.02,75.0,-0.01,-0.01,150.0,-0.001,-0.001,225.0,0.006,0.006,,,,,,,gauge block set GB-02,technician,E-0163,,20260106T061500Z-QE24M
CAL-00787,G-0244,2024-11-20,2024-11-18,2024-11-18,2024-11-20,adjusted,0.002,0.25,0.0016,0.0001,0.5,0.0003,-0.0002,0.75,-0.0004,0.0001,,,,,,,dial calibrator DC-01,technician,E-0163,,20260106T061500Z-QE24M
CAL-00788,G-0063,2024-11-20,2024-11-18,2024-11-19,2024-11-21,pass,0.002,0.0,-0.0007,-0.0007,6.25,0.0007,0.0007,12.5,-0.0002,-0.0002,18.75,-0.0006,-0.0006,25.0,-0.0006,-0.0006,gauge block set GB-01,technician,E-0163,,20260106T061500Z-QE24M
CAL-00789,G-0238,2024-11-27,2024-11-17,2024-11-19,2024-11-19,adjusted,0.002,0.25,0.0011,0.0001,0.5,0.001,0.0004,0.75,0.0017,-0.0001,,,,,,,dial calibrator DC-01,technician,E-0163,,20260106T061500Z-QE24M
CAL-00790,G-0260,2024-11-26,2024-11-18,2024-11-19,2024-11-19,adjusted,0.002,0.25,-0.0009,-0.0,0.5,-0.0012,0.0003,0.75,-0.0002,-0.0001,,,,,,,dial calibrator DC-01,technician,E-0163,,20260106T061500Z-QE24M
CAL-00791,G-0051,2024-10-22,2024-11-19,2024-11-20,2024-11-22,pass,0.002,0.0,0.001,0.001,6.25,0.0005,0.0005,12.5,0.0008,0.0008,18.75,0.001,0.001,25.0,0.0004,0.0004,gauge block set GB-01,technician,E-0163,,20260106T061500Z-QE24M
CAL-00792,G-0280,2024-10-21,2024-11-09,2024-11-20,2024-11-24,pass,0.001,25.5,0.0,0.0,,,,,,,,,,,,,laboratory reference,laboratory,S-057,LC-2469972,20260106T061500Z-QE24M
CAL-00793,G-0125,2024-11-21,2024-11-18,2024-11-21,2024-11-21,pass,0.002,50.0,0.0007,0.0007,56.25,0.0004,0.0004,62.5,0.0011,0.0011,68.75,0.0004,0.0004,75.0,0.0006,0.0006,gauge block set GB-01,technician,E-0163,,20260106T061500Z-QE24M
CAL-00794,G-0216,2024-10-22,2024-11-21,2024-11-21,2024-11-22,pass,0.005,12.5,0.0014,0.0014,,,,,,,,,,,,,thread setting plug set,technician,E-0163,,20260106T061500Z-QE24M
CAL-00795,G-0240,2024-11-30,2024-11-19,2024-11-21,2024-11-23,pass,0.002,0.25,-0.0001,-0.0001,0.5,-0.0002,-0.0002,0.75,-0.0006,-0.0006,,,,,,,dial calibrator DC-01,technician,E-0163,,20260106T061500Z-QE24M
CAL-00796,G-0259,2024-11-28,2024-11-20,2024-11-21,2024-11-22,pass,0.002,0.25,0.0003,0.0003,0.5,0.0001,0.0001,0.75,0.0004,0.0004,,,,,,,dial calibrator DC-01,technician,E-0163,,20260106T061500Z-QE24M
CAL-00797,G-0023,2024-11-26,2024-11-22,2024-11-23,2024-11-25,pass,0.0025,18.0,-0.0002,-0.0002,22.25,-0.0008,-0.0008,26.5,-0.0009,-0.0009,30.75,-0.0002,-0.0002,35.0,-0.0007,-0.0007,setting ring set SR-02,technician,E-0163,,20260106T061500Z-QE24M
CAL-00798,G-0110,2024-12-02,2024-11-21,2024-11-23,2024-11-23,pass,0.002,50.0,-0.0009,-0.0009,56.25,-0.0003,-0.0003,62.5,0.0002,0.0002,68.75,-0.0006,-0.0006,75.0,0.0002,0.0002,gauge block set GB-01,technician,E-0163,,20260106T061500Z-QE24M
CAL-00799,G-0104,2024-11-27,2024-11-22,2024-11-24,2024-11-25,pass,0.002,25.0,-0.0007,-0.0007,31.25,0.0,0.0,37.5,0.0002,0.0002,43.75,0.0005,0.0005,50.0,0.0004,0.0004,gauge block set GB-01,technician,E-0163,,20260106T061500Z-QE24M
CAL-00800,G-0242,2024-11-26,2024-11-21,2024-11-24,2024-11-26,pass,0.002,0.25,0.0008,0.0008,0.5,-0.0,-0.0,0.75,0.0009,0.0009,,,,,,,dial calibrator DC-01,technician,E-0163,,20260106T061500Z-QE24M
CAL-00801,G-0252,2024-12-01,2024-11-22,2024-11-24,2024-11-26,pass,0.002,0.25,-0.0002,-0.0002,0.5,-0.0004,-0.0004,0.75,0.0005,0.0005,,,,,,,dial calibrator DC-01,technician,E-0163,,20260106T061500Z-QE24M
CAL-00802,G-0006,2024-12-01,2024-11-24,2024-11-26,2024-11-26,pass,0.001,40.626,0.0,0.0,40.71,-0.0004,-0.0004,40.793,-0.0,-0.0,,,,,,,"setting masters, min and max",technician,E-0163,,20260106T061500Z-QE24M
CAL-00803,G-0177,2024-11-29,2024-11-25,2024-11-26,2024-11-27,pass,0.02,37.5,0.002,0.002,75.0,-0.004,-0.004,112.5,0.008,0.008,,,,,,,gauge block set GB-02,technician,E-0163,,20260106T061500Z-QE24M
CAL-00804,G-0197,2024-11-28,2024-11-25,2024-11-26,2024-11-27,pass,0.02,75.0,-0.007,-0.007,150.0,0.005,0.005,225.0,-0.003,-0.003,,,,,,,gauge block set GB-02,technician,E-0163,,20260106T061500Z-QE24M
CAL-00805,G-0049,2024-11-30,2024-11-26,2024-11-28,2024-11-29,pass,0.002,0.0,0.0002,0.0002,6.25,0.0003,0.0003,12.5,-0.0002,-0.0002,18.75,-0.0005,-0.0005,25.0,0.0006,0.0006,gauge block set GB-01,technician,E-0163,,20260106T061500Z-QE24M
CAL-00806,G-0232,2024-12-04,2024-11-27,2024-11-28,2024-11-28,adjusted,1.0,32.5,0.8,-0.0,45.0,0.2,0.0,57.5,0.1,0.0,,,,,,,HRC test block set,technician,E-0163,,20260106T061500Z-QE24M
CAL-00807,G-0020,2024-12-05,2024-11-29,2024-11-29,2024-12-01,pass,0.0025,18.0,0.0001,0.0001,22.25,0.0011,0.0011,26.5,0.0004,0.0004,30.75,0.0005,0.0005,35.0,0.0004,0.0004,setting ring set SR-02,technician,E-0163,,20260106T061500Z-QE24M
CAL-00808,G-0253,2024-12-08,2024-11-29,2024-11-29,2024-11-30,adjusted,0.002,0.25,0.0003,0.0001,0.5,0.0004,0.0002,0.75,0.0013,0.0001,,,,,,,dial calibrator DC-01,technician,E-0163,,20260106T061500Z-QE24M
CAL-00809,G-0157,2024-12-11,2024-11-30,2024-12-02,2024-12-02,pass,0.02,37.5,-0.0,-0.0,75.0,0.002,0.002,112.5,0.004,0.004,,,,,,,gauge block set GB-02,technician,E-0163,,20260106T061500Z-QE24M
CAL-00810,G-0107,2024-11-25,2024-12-03,2024-12-03,2024-12-05,adjusted,0.002,25.0,0.001,0.0001,31.25,0.0009,0.0001,37.5,0.0013,-0.0002,43.75,0.0011,0.0002,50.0,0.0013,-0.0,gauge block set GB-01,technician,E-0163,,20260106T061500Z-QE24M
CAL-00811,G-0180,2024-12-08,2024-12-02,2024-12-03,2024-12-04,pass,0.02,37.5,-0.002,-0.002,75.0,-0.001,-0.001,112.5,0.004,0.004,,,,,,,gauge block set GB-02,technician,E-0163,,20260106T061500Z-QE24M
CAL-00812,G-0108,2024-12-10,2024-12-04,2024-12-05,2024-12-07,adjusted,0.002,25.0,0.0013,0.0001,31.25,0.0003,-0.0001,37.5,0.0005,-0.0001,43.75,0.0002,-0.0001,50.0,0.0007,-0.0002,gauge block set GB-01,technician,E-0163,,20260106T061500Z-QE24M
CAL-00813,G-0118,2024-12-11,2024-12-03,2024-12-05,2024-12-05,pass,0.002,50.0,0.0003,0.0003,56.25,0.0002,0.0002,62.5,-0.0009,-0.0009,68.75,-0.0001,-0.0001,75.0,0.0003,0.0003,gauge block set GB-01,technician,E-0163,,20260106T061500Z-QE24M
CAL-00814,G-0034,2024-12-06,2024-12-04,2024-12-06,2024-12-07,pass,0.002,0.0,0.0002,0.0002,6.25,0.0,0.0,12.5,-0.0002,-0.0002,18.75,-0.0001,-0.0001,25.0,0.0001,0.0001,gauge block set GB-01,technician,E-0163,,20260106T061500Z-QE24M
CAL-00815,G-0235,2024-12-10,2024-12-06,2024-12-06,2024-12-08,adjusted,0.002,0.25,0.0002,-0.0003,0.5,-0.0007,0.0001,0.75,-0.0012,-0.0001,,,,,,,dial calibrator DC-01,technician,E-0163,,20260106T061500Z-QE24M
CAL-00816,G-0022,2024-12-16,2024-12-07,2024-12-07,2024-12-08,pass,0.0025,18.0,0.0002,0.0002,22.25,0.0007,0.0007,26.5,0.0004,0.0004,30.75,0.0011,0.0011,35.0,-0.0004,-0.0004,setting ring set SR-02,technician,E-0163,,20260106T061500Z-QE24M
CAL-00817,G-0024,2024-12-15,2024-12-04,2024-12-07,2024-12-09,pass,0.0025,18.0,-0.0004,-0.0004,22.25,0.0001,0.0001,26.5,0.0005,0.0005,30.75,-0.0,-0.0,35.0,0.0005,0.0005,setting ring set SR-02,technician,E-0163,,20260106T061500Z-QE24M
CAL-00818,G-0046,2024-12-15,2024-12-07,2024-12-07,2024-12-08,pass,0.002,0.0,0.0001,0.0001,6.25,-0.0001,-0.0001,12.5,0.0007,0.0007,18.75,0.0004,0.0004,25.0,0.0003,0.0003,gauge block set GB-01,technician,E-0163,,20260106T061500Z-QE24M
CAL-00819,G-0115,2024-11-04,2024-12-07,2024-12-07,2024-12-08,pass,0.002,50.0,0.0004,0.0004,56.25,-0.0003,-0.0003,62.5,0.0002,0.0002,68.75,-0.0002,-0.0002,75.0,0.0007,0.0007,gauge block set GB-01,technician,E-0163,,20260106T061500Z-QE24M
CAL-00820,G-0133,2024-10-08,2024-12-06,2024-12-07,2024-12-08,adjusted,0.02,37.5,0.008,0.0,75.0,0.013,0.001,112.5,-0.003,-0.003,,,,,,,gauge block set GB-02,technician,E-0163,,20260106T061500Z-QE24M
CAL-00821,G-0234,2024-12-16,2024-12-07,2024-12-07,2024-12-08,pass,0.002,0.25,0.0003,0.0003,0.5,0.0008,0.0008,0.75,0.0008,0.0008,,,,,,,dial calibrator DC-01,technician,E-0163,,20260106T061500Z-QE24M
CAL-00822,G-0015,2024-12-09,2024-12-06,2024-12-08,2024-12-08,pass,0.0025,10.0,-0.0004,-0.0004,12.0,-0.0006,-0.0006,14.0,0.0002,0.0002,16.0,-0.0005,-0.0005,18.0,0.0003,0.0003,setting ring set SR-02,technician,E-0163,,20260106T061500Z-QE24M
CAL-00823,G-0016,2024-12-08,2024-12-05,2024-12-08,2024-12-10,pass,0.0025,10.0,-0.0009,-0.0009,12.0,-0.0006,-0.0006,14.0,-0.0001,-0.0001,16.0,-0.0006,-0.0006,18.0,-0.0007,-0.0007,setting ring set SR-02,technician,E-0163,,20260106T061500Z-QE24M
CAL-00824,G-0036,2024-11-07,2024-12-06,2024-12-08,2024-12-10,pass,0.002,0.0,0.0006,0.0006,6.25,-0.0007,-0.0007,12.5,0.0001,0.0001,18.75,-0.0002,-0.0002,25.0,0.0001,0.0001,gauge block set GB-01,technician,E-0163,,20260106T061500Z-QE24M
CAL-00825,G-0025,2024-12-12,2024-12-07,2024-12-09,2024-12-10,pass,0.0025,18.0,-0.0001,-0.0001,22.25,0.0003,0.0003,26.5,-0.0006,-0.0006,30.75,-0.0,-0.0,35.0,-0.0003,-0.0003,setting ring set SR-02,technician,E-0163,,20260106T061500Z-QE24M
CAL-00826,G-0152,2024-11-08,2024-12-09,2024-12-10,2024-12-11,pass,0.02,37.5,0.005,0.005,75.0,-0.005,-0.005,112.5,-0.005,-0.005,,,,,,,gauge block set GB-02,technician,E-0163,,20260106T061500Z-QE24M
CAL-00827,G-0183,2024-12-19,2024-12-10,2024-12-10,2024-12-10,pass,0.02,37.5,-0.001,-0.001,75.0,-0.008,-0.008,112.5,0.001,0.001,,,,,,,gauge block set GB-02,technician,E-0163,,20260106T061500Z-QE24M
CAL-00828,G-0237,2024-12-14,2024-12-10,2024-12-10,2024-12-11,pass,0.002,0.25,-0.0002,-0.0002,0.5,0.0007,0.0007,0.75,-0.0002,-0.0002,,,,,,,dial calibrator DC-01,technician,E-0163,,20260106T061500Z-QE24M
CAL-00829,G-0065,2024-12-17,2024-12-10,2024-12-11,2024-12-12,pass,0.002,0.0,-0.0,-0.0,6.25,-0.0001,-0.0001,12.5,0.0005,0.0005,18.75,-0.0001,-0.0001,25.0,-0.0002,-0.0002,gauge block set GB-01,technician,E-0163,,20260106T061500Z-QE24M
CAL-00830,G-0293,2024-11-21,2024-12-03,2024-12-11,2024-12-13,pass,0.001,25.5,-0.0,-0.0,,,,,,,,,,,,,laboratory reference,laboratory,S-057,LC-2452392,20260106T061500Z-QE24M
CAL-00831,G-0026,2024-12-15,2024-12-12,2024-12-12,2024-12-12,pass,0.0025,35.0,-0.0001,-0.0001,38.75,-0.0007,-0.0007,42.5,-0.0002,-0.0002,46.25,-0.001,-0.001,50.0,0.0001,0.0001,setting ring set SR-02,technician,E-0163,,20260106T061500Z-QE24M
CAL-00832,G-0032,2024-11-01,2024-12-10,2024-12-12,2024-12-12,pass,0.002,0.0,-0.0006,-0.0006,6.25,0.0004,0.0004,12.5,0.0001,0.0001,18.75,0.0003,0.0003,25.0,-0.0,-0.0,gauge block set GB-01,technician,E-0163,,20260106T061500Z-QE24M
CAL-00833,G-0103,2024-12-17,2024-12-11,2024-12-13,2024-12-13,pass,0.002,25.0,0.0008,0.0008,31.25,0.0005,0.0005,37.5,0.0006,0.0006,43.75,-0.0002,-0.0002,50.0,0.0008,0.0008,gauge block set GB-01,technician,E-0163,,20260106T061500Z-QE24M
CAL-00834,G-0105,2024-12-22,2024-12-13,2024-12-13,2024-12-15,adjusted,0.002,25.0,-0.0001,-0.0,31.25,-0.0007,-0.0002,37.5,-0.0011,0.0001,43.75,0.0008,-0.0002,50.0,0.0,0.0004,gauge block set GB-01,technician,E-0163,,20260106T061500Z-QE24M
CAL-00835,G-0274,2024-11-24,2024-12-08,2024-12-13,2024-12-15,pass,0.001,25.5,-0.0004,-0.0004,,,,,,,,,,,,,laboratory reference,laboratory,S-057,LC-2427137,20260106T061500Z-QE24M
CAL-00836,G-0030,2024-11-05,2024-12-14,2024-12-14,2024-12-14,pass,0.002,0.0,-0.0001,-0.0001,6.25,0.0005,0.0005,12.5,0.0004,0.0004,18.75,-0.0004,-0.0004,25.0,-0.0002,-0.0002,gauge block set GB-01,technician,E-0163,,20260106T061500Z-QE24M
CAL-00837,G-0084,2024-11-15,2024-12-13,2024-12-14,2024-12-15,pass,0.002,25.0,-0.0003,-0.0003,31.25,0.0003,0.0003,37.5,0.0,0.0,43.75,0.0005,0.0005,50.0,0.0002,0.0002,gauge block set GB-01,technician,E-0163,,20260106T061500Z-QE24M
CAL-00838,G-0159,2024-11-22,2024-12-13,2024-12-14,2024-12-16,pass,0.02,37.5,0.002,0.002,75.0,0.004,0.004,112.5,0.005,0.005,,,,,,,gauge block set GB-02,technician,E-0163,,20260106T061500Z-QE24M
CAL-00839,G-0182,2024-12-14,2024-12-11,2024-12-14,2024-12-15,pass,0.02,37.5,0.002,0.002,75.0,-0.002,-0.002,112.5,0.003,0.003,,,,,,,gauge block set GB-02,technician,E-0163,,20260106T061500Z-QE24M
CAL-00840,G-0014,2024-12-26,2024-12-14,2024-12-17,2024-12-17,pass,0.0025,10.0,-0.0001,-0.0001,12.0,0.0002,0.0002,14.0,-0.0005,-0.0005,16.0,-0.0013,-0.0013,18.0,-0.0004,-0.0004,setting ring set SR-02,technician,E-0163,,20260106T061500Z-QE24M
CAL-00841,G-0250,2024-12-21,2024-12-15,2024-12-18,2024-12-18,pass,0.002,0.25,0.0001,0.0001,0.5,0.0002,0.0002,0.75,0.0006,0.0006,,,,,,,dial calibrator DC-01,technician,E-0163,,20260106T061500Z-QE24M
CAL-00842,G-0276,2024-11-03,2024-12-09,2024-12-18,2024-12-23,pass,0.001,25.5,-0.0002,-0.0002,,,,,,,,,,,,,laboratory reference,laboratory,S-057,LC-2481287,20260106T061500Z-QE24M
CAL-00843,G-0220,2024-11-24,2024-12-19,2024-12-19,2024-12-20,pass,0.005,12.5,-0.0008,-0.0008,,,,,,,,,,,,,thread setting plug set,technician,E-0163,,20260106T061500Z-QE24M
CAL-00844,G-0270,2024-11-11,2024-12-10,2024-12-19,2024-12-22,pass,0.001,25.5,0.0,0.0,,,,,,,,,,,,,laboratory reference,laboratory,S-057,LC-2445131,20260106T061500Z-QE24M
CAL-00845,G-0089,2024-11-08,2024-12-20,2024-12-20,2024-12-21,pass,0.002,25.0,0.0007,0.0007,31.25,0.0003,0.0003,37.5,0.0001,0.0001,43.75,0.0008,0.0008,50.0,0.0005,0.0005,gauge block set GB-01,technician,E-0163,,20260106T061500Z-QE24M
CAL-00846,G-0076,2024-12-21,2024-12-18,2024-12-21,2024-12-21,pass,0.002,25.0,-0.0,-0.0,31.25,-0.0008,-0.0008,37.5,-0.0002,-0.0002,43.75,-0.0008,-0.0008,50.0,0.0,0.0,gauge block set GB-01,technician,E-0163,,20260106T061500Z-QE24M
CAL-00847,G-0090,2025-01-07,2024-12-27,2024-12-29,2024-12-30,pass,0.002,25.0,0.0,0.0,31.25,0.0003,0.0003,37.5,-0.0007,-0.0007,43.75,0.0002,0.0002,50.0,-0.0004,-0.0004,gauge block set GB-01,technician,E-0163,,20260106T061500Z-QE24M
CAL-00848,G-0249,2025-01-09,2024-12-30,2024-12-31,2025-01-02,pass,0.002,0.25,-0.0001,-0.0001,0.5,-0.0009,-0.0009,0.75,0.0005,0.0005,,,,,,,dial calibrator DC-01,technician,E-0163,,20260106T061500Z-QE24M
CAL-00849,G-0246,2024-11-14,2024-12-31,2025-01-02,2025-01-03,pass,0.002,0.25,0.0,0.0,0.5,-0.0002,-0.0002,0.75,-0.0005,-0.0005,,,,,,,dial calibrator DC-01,technician,E-0163,,20260106T061500Z-QE24M
CAL-00850,G-0165,2025-01-12,2024-12-31,2025-01-03,2025-01-04,pass,0.02,37.5,-0.001,-0.001,75.0,0.003,0.003,112.5,0.006,0.006,,,,,,,gauge block set GB-02,technician,E-0163,,20260106T061500Z-QE24M
CAL-00851,G-0184,2024-12-26,2025-01-03,2025-01-03,2025-01-04,pass,0.02,37.5,-0.0,-0.0,75.0,0.003,0.003,112.5,-0.003,-0.003,,,,,,,gauge block set GB-02,technician,E-0163,,20260106T061500Z-QE24M
CAL-00852,G-0072,2024-12-20,2025-01-03,2025-01-04,2025-01-06,pass,0.002,25.0,-0.0002,-0.0002,31.25,-0.0004,-0.0004,37.5,0.0006,0.0006,43.75,-0.0005,-0.0005,50.0,0.0,0.0,gauge block set GB-01,technician,E-0163,,20260106T061500Z-QE24M
CAL-00853,G-0207,2024-12-04,2025-01-03,2025-01-04,2025-01-04,pass,0.005,12.5,0.0006,0.0006,,,,,,,,,,,,,thread setting plug set,technician,E-0163,,20260106T061500Z-QE24M
CAL-00854,G-0241,2025-01-09,2025-01-04,2025-01-04,2025-01-06,pass,0.002,0.25,0.0003,0.0003,0.5,0.0004,0.0004,0.75,0.0007,0.0007,,,,,,,dial calibrator DC-01,technician,E-0163,,20260106T061500Z-QE24M
CAL-00855,G-0040,2025-01-08,2025-01-02,2025-01-05,2025-01-06,adjusted,0.002,0.0,-0.0013,0.0,6.25,-0.0004,-0.0001,12.5,-0.0002,0.0001,18.75,-0.0006,-0.0003,25.0,-0.0011,0.0,gauge block set GB-01,technician,E-0163,,20260106T061500Z-QE24M
CAL-00856,G-0124,2024-12-14,2025-01-04,2025-01-06,2025-01-07,pass,0.002,50.0,0.0001,0.0001,56.25,0.0002,0.0002,62.5,-0.0001,-0.0001,68.75,-0.0003,-0.0003,75.0,0.0003,0.0003,gauge block set GB-01,technician,E-0163,,20260106T061500Z-QE24M
CAL-00857,G-0245,2025-01-07,2025-01-04,2025-01-06,2025-01-08,pass,0.002,0.25,-0.001,-0.001,0.5,-0.0009,-0.0009,0.75,-0.0005,-0.0005,,,,,,,dial calibrator DC-01,technician,E-0163,,20260106T061500Z-QE24M
CAL-00858,G-0010,2025-01-15,2025-01-04,2025-01-07,2025-01-08,pass,0.0025,6.0,-0.0,-0.0,7.0,-0.0002,-0.0002,8.0,-0.001,-0.001,9.0,0.0008,0.0008,10.0,0.0001,0.0001,setting ring set SR-02,technician,E-0163,,20260106T061500Z-QE24M
CAL-00859,G-0019,2025-01-13,2025-01-05,2025-01-07,2025-01-09,pass,0.0025,10.0,-0.001,-0.001,12.0,-0.0007,-0.0007,14.0,-0.0003,-0.0003,16.0,-0.0004,-0.0004,18.0,-0.0008,-0.0008,setting ring set SR-02,technician,E-0163,,20260106T061500Z-QE24M
CAL-00860,G-0011,2025-01-16,2025-01-08,2025-01-08,2025-01-08,pass,0.0025,6.0,-0.0007,-0.0007,7.0,0.0009,0.0009,8.0,-0.0006,-0.0006,9.0,0.0007,0.0007,10.0,-0.0001,-0.0001,setting ring set SR-02,technician,E-0163,,20260106T061500Z-QE24M
CAL-00861,G-0027,2024-12-14,2025-01-07,2025-01-08,2025-01-10,adjusted,0.0025,35.0,0.0,0.0002,38.75,-0.0001,0.0,42.5,-0.0007,0.0002,46.25,-0.0017,0.0001,50.0,-0.0007,0.0001,setting ring set SR-02,technician,E-0163,,20260106T061500Z-QE24M
CAL-00862,G-0001,2024-12-04,2024-12-31,2025-01-09,2025-01-12,pass,0.002,0.0,0.0004,0.0004,175.0,-0.0003,-0.0003,350.0,0.0004,0.0004,525.0,0.0003,0.0003,700.0,0.0001,0.0001,ball bar and step gauge,laboratory,S-057,LC-2525428,20260106T061500Z-QE24M
CAL-00863,G-0029,2024-12-04,2025-01-09,2025-01-09,2025-01-09,pass,0.0025,35.0,-0.0006,-0.0006,38.75,-0.0,-0.0,42.5,0.0003,0.0003,46.25,0.0006,0.0006,50.0,0.0002,0.0002,setting ring set SR-02,technician,E-0163,,20260106T061500Z-QE24M
CAL-00864,G-0017,2025-01-14,2025-01-10,2025-01-10,2025-01-10,pass,0.0025,10.0,-0.0005,-0.0005,12.0,0.0004,0.0004,14.0,0.0003,0.0003,16.0,0.0002,0.0002,18.0,-0.0012,-0.0012,setting ring set SR-02,technician,E-0163,,20260106T061500Z-QE24M
CAL-00865,G-0146,2025-01-10,2025-01-08,2025-01-10,2025-01-11,pass,0.02,37.5,0.003,0.003,75.0,-0.001,-0.001,112.5,-0.003,-0.003,,,,,,,gauge block set GB-02,technician,E-0163,,20260106T061500Z-QE24M
CAL-00866,G-0156,2024-12-14,2025-01-10,2025-01-10,2025-01-10,pass,0.02,37.5,-0.0,-0.0,75.0,-0.002,-0.002,112.5,-0.008,-0.008,,,,,,,gauge block set GB-02,technician,E-0163,,20260106T061500Z-QE24M
CAL-00867,G-0168,2024-12-09,2025-01-08,2025-01-10,2025-01-12,pass,0.02,37.5,0.001,0.001,75.0,0.003,0.003,112.5,-0.002,-0.002,,,,,,,gauge block set GB-02,technician,E-0163,,20260106T061500Z-QE24M
CAL-00868,G-0176,2024-12-12,2025-01-09,2025-01-10,2025-01-11,pass,0.02,37.5,0.006,0.006,75.0,0.006,0.006,112.5,0.008,0.008,,,,,,,gauge block set GB-02,technician,E-0163,,20260106T061500Z-QE24M
CAL-00869,G-0074,2025-01-17,2025-01-11,2025-01-11,2025-01-12,pass,0.002,25.0,-0.0005,-0.0005,31.25,0.0002,0.0002,37.5,-0.0007,-0.0007,43.75,0.0004,0.0004,50.0,-0.0006,-0.0006,gauge block set GB-01,technician,E-0163,,20260106T061500Z-QE24M
CAL-00870,G-0106,2024-12-20,2025-01-11,2025-01-11,2025-01-11,pass,0.002,25.0,-0.0003,-0.0003,31.25,-0.0006,-0.0006,37.5,-0.0002,-0.0002,43.75,0.0001,0.0001,50.0,-0.0001,-0.0001,gauge block set GB-01,technician,E-0163,,20260106T061500Z-QE24M
CAL-00871,G-0239,2025-01-19,2025-01-11,2025-01-11,2025-01-11,pass,0.002,0.25,0.0001,0.0001,0.5,0.0003,0.0003,0.75,-0.0002,-0.0002,,,,,,,dial calibrator DC-01,technician,E-0163,,20260106T061500Z-QE24M
CAL-00872,G-0031,2025-01-19,2025-01-12,2025-01-12,2025-01-14,pass,0.002,0.0,-0.0001,-0.0001,6.25,0.0002,0.0002,12.5,0.0002,0.0002,18.75,-0.0004,-0.0004,25.0,-0.0001,-0.0001,gauge block set GB-01,technician,E-0163,,20260106T061500Z-QE24M
CAL-00873,G-0233,2025-01-21,2025-01-10,2025-01-12,2025-01-14,pass,0.002,0.25,0.0002,0.0002,0.5,0.0003,0.0003,0.75,-0.0001,-0.0001,,,,,,,dial calibrator DC-01,technician,E-0163,,20260106T061500Z-QE24M
CAL-00874,G-0086,2025-01-15,2025-01-12,2025-01-13,2025-01-15,pass,0.002,25.0,-0.0003,-0.0003,31.25,0.0,0.0,37.5,0.0004,0.0004,43.75,-0.0002,-0.0002,50.0,0.0001,0.0001,gauge block set GB-01,technician,E-0163,,20260106T061500Z-QE24M
CAL-00875,G-0005,2025-01-24,2025-01-16,2025-01-16,2025-01-18,pass,0.001,6.325,0.0003,0.0003,6.35,0.0002,0.0002,6.375,-0.0004,-0.0004,,,,,,,"setting masters, min and max",technician,E-0163,,20260106T061500Z-QE24M
CAL-00876,G-0129,2025-01-17,2025-01-13,2025-01-16,2025-01-17,pass,0.02,37.5,0.01,0.01,75.0,0.001,0.001,112.5,0.002,0.002,,,,,,,gauge block set GB-02,technician,E-0163,,20260106T061500Z-QE24M
CAL-00877,G-0248,2025-01-17,2025-01-15,2025-01-17,2025-01-17,pass,0.002,0.25,-0.0008,-0.0008,0.5,0.0003,0.0003,0.75,-0.0005,-0.0005,,,,,,,dial calibrator DC-01,technician,E-0163,,20260106T061500Z-QE24M
CAL-00878,G-0053,2025-01-18,2025-01-16,2025-01-18,2025-01-19,pass,0.002,0.0,-0.0003,-0.0003,6.25,-0.0003,-0.0003,12.5,-0.001,-0.001,18.75,-0.0011,-0.0011,25.0,-0.0007,-0.0007,gauge block set GB-01,technician,E-0163,,20260106T061500Z-QE24M
CAL-00879,G-0122,2025-01-19,2025-01-18,2025-01-18,2025-01-20,pass,0.002,50.0,0.0004,0.0004,56.25,0.0002,0.0002,62.5,-0.0001,-0.0001,68.75,0.0002,0.0002,75.0,0.0003,0.0003,gauge block set GB-01,technician,E-0163,,20260106T061500Z-QE24M
CAL-00880,G-0243,2025-01-22,2025-01-18,2025-01-18,2025-01-20,pass,0.002,0.25,-0.0,-0.0,0.5,0.0,0.0,0.75,0.0002,0.0002,,,,,,,dial calibrator DC-01,technician,E-0163,,20260106T061500Z-QE24M
CAL-00881,G-0013,2025-01-28,2025-01-19,2025-01-20,2025-01-20,pass,0.0025,6.0,-0.0006,-0.0006,7.0,-0.0005,-0.0005,8.0,-0.0005,-0.0005,9.0,-0.0011,-0.0011,10.0,-0.0011,-0.0011,setting ring set SR-02,technician,E-0163,,20260106T061500Z-QE24M
CAL-00882,G-0097,2024-12-19,2025-01-18,2025-01-20,2025-01-21,pass,0.002,25.0,-0.0005,-0.0005,31.25,0.0007,0.0007,37.5,-0.0008,-0.0008,43.75,0.0009,0.0009,50.0,0.0005,0.0005,gauge block set GB-01,technician,E-0163,,20260106T061500Z-QE24M
CAL-00883,G-0009,2025-01-29,2025-01-18,2025-01-21,2025-01-22,pass,0.0025,6.0,0.0006,0.0006,7.0,-0.0001,-0.0001,8.0,0.0008,0.0008,9.0,0.0005,0.0005,10.0,-0.0002,-0.0002,setting ring set SR-02,technician,E-0163,,20260106T061500Z-QE24M
CAL-00884,G-0092,2024-12-27,2025-01-19,2025-01-21,2025-01-22,pass,0.002,25.0,0.0004,0.0004,31.25,-0.0004,-0.0004,37.5,-0.0004,-0.0004,43.75,-0.0004,-0.0004,50.0,0.0,0.0,gauge block set GB-01,technician,E-0163,,20260106T061500Z-QE24M
CAL-00885,G-0004,2025-02-03,2025-01-24,2025-01-25,2025-01-25,pass,0.001,19.025,0.0004,0.0004,19.05,0.0001,0.0001,19.075,-0.0003,-0.0003,,,,,,,"setting masters, min and max",technician,E-0163,,20260106T061500Z-QE24M
CAL-00886,G-0171,2025-01-31,2025-01-25,2025-01-25,2025-01-26,pass,0.02,37.5,-0.002,-0.002,75.0,-0.002,-0.002,112.5,-0.002,-0.002,,,,,,,gauge block set GB-02,technician,E-0163,,20260106T061500Z-QE24M
CAL-00887,G-0087,2025-01-26,2025-01-23,2025-01-26,2025-01-26,pass,0.002,25.0,0.0001,0.0001,31.25,-0.0005,-0.0005,37.5,-0.0007,-0.0007,43.75,0.0003,0.0003,50.0,-0.0003,-0.0003,gauge block set GB-01,technician,E-0163,,20260106T061500Z-QE24M
CAL-00888,G-0247,2025-01-29,2025-01-24,2025-01-26,2025-01-27,pass,0.002,0.25,0.0005,0.0005,0.5,-0.0003,-0.0003,0.75,-0.0008,-0.0008,,,,,,,dial calibrator DC-01,technician,E-0163,,20260106T061500Z-QE24M
CAL-00889,G-0007,2025-02-05,2025-01-27,2025-01-28,2025-01-30,pass,0.001,50.014,-0.0003,-0.0003,51.92,0.0001,0.0001,53.825,0.0004,0.0004,,,,,,,"setting masters, min and max",technician,E-0163,,20260106T061500Z-QE24M
CAL-00890,G-0262,2025-02-02,2025-01-28,2025-01-28,2025-01-29,pass,0.002,0.25,-0.0003,-0.0003,0.5,-0.0004,-0.0004,0.75,-0.0006,-0.0006,,,,,,,dial calibrator DC-01,technician,E-0163,,20260106T061500Z-QE24M
CAL-00891,G-0021,2025-02-05,2025-01-28,2025-01-29,2025-01-29,pass,0.0025,18.0,-0.0007,-0.0007,22.25,0.0005,0.0005,26.5,-0.0009,-0.0009,30.75,0.0006,0.0006,35.0,-0.001,-0.001,setting ring set SR-02,technician,E-0163,,20260106T061500Z-QE24M
CAL-00892,G-0215,2025-01-31,2025-01-27,2025-01-29,2025-01-31,pass,0.005,12.5,0.0016,0.0016,,,,,,,,,,,,,thread setting plug set,technician,E-0163,,20260106T061500Z-QE24M
CAL-00893,G-0251,2025-02-03,2025-01-29,2025-01-30,2025-01-31,pass,0.002,0.25,-0.0003,-0.0003,0.5,-0.0001,-0.0001,0.75,0.0002,0.0002,,,,,,,dial calibrator DC-01,technician,E-0163,,20260106T061500Z-QE24M
CAL-00894,G-0018,2025-02-03,2025-01-31,2025-01-31,2025-02-01,pass,0.0025,10.0,-0.0001,-0.0001,12.0,-0.0001,-0.0001,14.0,-0.0002,-0.0002,16.0,-0.0002,-0.0002,18.0,-0.0002,-0.0002,setting ring set SR-02,technician,E-0163,,20260106T061500Z-QE24M
CAL-00895,G-0195,2025-02-08,2025-01-30,2025-01-31,2025-02-02,pass,0.02,75.0,-0.001,-0.001,150.0,0.003,0.003,225.0,-0.003,-0.003,,,,,,,gauge block set GB-02,technician,E-0163,,20260106T061500Z-QE24M
CAL-00896,G-0083,2024-12-30,2025-02-02,2025-02-02,2025-02-04,pass,0.002,25.0,-0.001,-0.001,31.25,-0.0004,-0.0004,37.5,0.0001,0.0001,43.75,0.0004,0.0004,50.0,-0.0006,-0.0006,gauge block set GB-01,technician,E-0163,,20260106T061500Z-QE24M
CAL-00897,G-0012,2025-02-06,2025-02-03,2025-02-03,2025-02-03,pass,0.0025,6.0,-0.0009,-0.0009,7.0,0.0002,0.0002,8.0,0.0002,0.0002,9.0,0.0001,0.0001,10.0,0.0002,0.0002,setting ring set SR-02,technician,E-0163,,20260106T061500Z-QE24M
CAL-00898,G-0191,2025-01-07,2025-02-02,2025-02-04,2025-02-04,pass,0.02,75.0,-0.001,-0.001,150.0,-0.008,-0.008,225.0,0.003,0.003,,,,,,,gauge block set GB-02,technician,E-0163,,20260106T061500Z-QE24M
CAL-00899,G-0135,2025-02-14,2025-02-04,2025-02-05,2025-02-06,pass,0.02,37.5,-0.001,-0.001,75.0,-0.006,-0.006,112.5,-0.007,-0.007,,,,,,,gauge block set GB-02,technician,E-0163,,20260106T061500Z-QE24M
CAL-00900,G-0174,2025-01-04,2025-02-05,2025-02-05,2025-02-05,pass,0.02,37.5,0.0,0.0,75.0,0.001,0.001,112.5,-0.001,-0.001,,,,,,,gauge block set GB-02,technician,E-0163,,20260106T061500Z-QE24M
CAL-00901,G-0223,2025-02-14,2025-02-05,2025-02-05,2025-02-06,pass,0.005,12.5,-0.0007,-0.0007,,,,,,,,,,,,,thread setting plug set,technician,E-0163,,20260106T061500Z-QE24M
CAL-00902,G-0117,2025-02-13,2025-02-07,2025-02-07,2025-02-09,pass,0.002,50.0,-0.0003,-0.0003,56.25,-0.0001,-0.0001,62.5,-0.0001,-0.0001,68.75,0.0005,0.0005,75.0,0.0003,0.0003,gauge block set GB-01,technician,E-0163,,20260106T061500Z-QE24M
CAL-00903,G-0170,2025-02-14,2025-02-07,2025-02-07,2025-02-09,pass,0.02,37.5,-0.001,-0.001,75.0,-0.007,-0.007,112.5,-0.002,-0.002,,,,,,,gauge block set GB-02,technician,E-0163,,20260106T061500Z-QE24M
CAL-00904,G-0231,2025-02-11,2025-02-04,2025-02-07,2025-02-07,pass,0.05,5.333,0.001,0.001,10.667,0.002,0.002,,,,,,,,,,roughness specimen set,technician,E-0163,,20260106T061500Z-QE24M
CAL-00905,G-0033,2025-02-09,2025-02-08,2025-02-08,2025-02-10,pass,0.002,0.0,0.0004,0.0004,6.25,-0.0001,-0.0001,12.5,0.0,0.0,18.75,0.0002,0.0002,25.0,0.0001,0.0001,gauge block set GB-01,technician,E-0163,,20260106T061500Z-QE24M
CAL-00906,G-0042,2025-02-14,2025-02-07,2025-02-09,2025-02-10,adjusted,0.002,0.0,0.0007,-0.0002,6.25,0.0003,0.0001,12.5,0.0004,-0.0004,18.75,-0.0002,-0.0002,25.0,0.0011,-0.0001,gauge block set GB-01,technician,E-0163,,20260106T061500Z-QE24M
CAL-00907,G-0123,2025-01-19,2025-02-07,2025-02-09,2025-02-11,pass,0.002,50.0,-0.0003,-0.0003,56.25,-0.001,-0.001,62.5,-0.0002,-0.0002,68.75,-0.0006,-0.0006,75.0,-0.001,-0.001,gauge block set GB-01,technician,E-0163,,20260106T061500Z-QE24M
CAL-00908,G-0088,2025-01-14,2025-02-10,2025-02-10,2025-02-10,pass,0.002,25.0,-0.0006,-0.0006,31.25,0.0004,0.0004,37.5,0.0,0.0,43.75,-0.0007,-0.0007,50.0,-0.0002,-0.0002,gauge block set GB-01,technician,E-0163,,20260106T061500Z-QE24M
CAL-00909,G-0008,2025-01-18,2025-02-11,2025-02-11,2025-02-12,adjusted,0.0025,18.0,0.0031,0.0002,22.25,0.0031,0.0003,26.5,0.0043,0.0002,30.75,0.0049,0.0004,35.0,0.0059,0.0002,setting ring set SR-02,technician,E-0163,,20260106T061500Z-QE24M
CAL-00910,G-0043,2025-02-13,2025-02-10,2025-02-11,2025-02-13,pass,0.002,0.0,-0.0002,-0.0002,6.25,0.0007,0.0007,12.5,0.0001,0.0001,18.75,-0.0005,-0.0005,25.0,0.0002,0.0002,gauge block set GB-01,technician,E-0163,,20260106T061500Z-QE24M
CAL-00911,G-0081,2025-01-10,2025-02-12,2025-02-12,2025-02-13,pass,0.002,25.0,0.0011,0.0011,31.25,0.0,0.0,37.5,-0.0005,-0.0005,43.75,0.001,0.001,50.0,0.0004,0.0004,gauge block set GB-01,technician,E-0163,,20260106T061500Z-QE24M
CAL-00912,G-0236,2025-01-14,2025-02-12,2025-02-12,2025-02-14,pass,0.002,0.25,-0.0002,-0.0002,0.5,-0.0004,-0.0004,0.75,0.0006,0.0006,,,,,,,dial calibrator DC-01,technician,E-0163,,20260106T061500Z-QE24M
CAL-00913,G-0244,2025-02-18,2025-02-10,2025-02-12,2025-02-13,pass,0.002,0.25,-0.0001,-0.0001,0.5,-0.0002,-0.0002,0.75,-0.0,-0.0,,,,,,,dial calibrator DC-01,technician,E-0163,,20260106T061500Z-QE24M
CAL-00914,G-0289,2025-01-15,2025-02-07,2025-02-14,2025-02-17,pass,0.001,25.5,0.0003,0.0003,,,,,,,,,,,,,laboratory reference,laboratory,S-057,LC-2578544,20260106T061500Z-QE24M
CAL-00915,G-0240,2025-02-21,2025-02-13,2025-02-15,2025-02-15,pass,0.002,0.25,-0.0003,-0.0003,0.5,0.0008,0.0008,0.75,-0.0004,-0.0004,,,,,,,dial calibrator DC-01,technician,E-0163,,20260106T061500Z-QE24M
CAL-00916,G-0028,2025-01-22,2025-02-16,2025-02-16,2025-02-18,pass,0.0025,35.0,-0.0004,-0.0004,38.75,-0.0005,-0.0005,42.5,0.0002,0.0002,46.25,-0.0012,-0.0012,50.0,0.0008,0.0008,setting ring set SR-02,technician,E-0163,,20260106T061500Z-QE24M
CAL-00917,G-0099,2025-02-25,2025-02-16,2025-02-16,2025-02-16,pass,0.002,25.0,0.0002,0.0002,31.25,0.0004,0.0004,37.5,-0.0008,-0.0008,43.75,-0.0002,-0.0002,50.0,0.0,0.0,gauge block set GB-01,technician,E-0163,,20260106T061500Z-QE24M
CAL-00918,G-0238,2025-02-19,2025-02-15,2025-02-16,2025-02-17,pass,0.002,0.25,-0.0008,-0.0008,0.5,-0.0003,-0.0003,0.75,-0.0001,-0.0001,,,,,,,dial calibrator DC-01,technician,E-0163,,20260106T061500Z-QE24M
CAL-00919,G-0078,2025-02-25,2025-02-17,2025-02-17,2025-02-19,pass,0.002,25.0,-0.001,-0.001,31.25,0.0006,0.0006,37.5,-0.0004,-0.0004,43.75,-0.0004,-0.0004,50.0,-0.0006,-0.0006,gauge block set GB-01,technician,E-0163,,20260106T061500Z-QE24M
CAL-00920,G-0023,2025-02-23,2025-02-18,2025-02-19,2025-02-19,pass,0.0025,18.0,-0.0008,-0.0008,22.25,-0.0005,-0.0005,26.5,-0.0,-0.0,30.75,-0.0001,-0.0001,35.0,-0.0001,-0.0001,setting ring set SR-02,technician,E-0163,,20260106T061500Z-QE24M
CAL-00921,G-0163,2025-02-22,2025-02-19,2025-02-19,2025-02-21,pass,0.02,37.5,-0.003,-0.003,75.0,0.004,0.004,112.5,-0.001,-0.001,,,,,,,gauge block set GB-02,technician,E-0163,,20260106T061500Z-QE24M
CAL-00922,G-0256,2025-02-22,2025-02-19,2025-02-19,2025-02-19,pass,0.002,0.25,-0.0002,-0.0002,0.5,-0.0002,-0.0002,0.75,-0.0009,-0.0009,,,,,,,dial calibrator DC-01,technician,E-0163,,20260106T061500Z-QE24M
CAL-00923,G-0037,2025-02-28,2025-02-20,2025-02-20,2025-02-21,pass,0.002,0.0,0.0009,0.0009,6.25,0.0006,0.0006,12.5,0.0001,0.0001,18.75,0.0003,0.0003,25.0,-0.0004,-0.0004,gauge block set GB-01,technician,E-0163,,20260106T061500Z-QE24M
CAL-00924,G-0052,2025-01-11,2025-02-19,2025-02-20,2025-02-20,pass,0.002,0.0,0.0003,0.0003,6.25,-0.0008,-0.0008,12.5,-0.0002,-0.0002,18.75,-0.0,-0.0,25.0,0.0005,0.0005,gauge block set GB-01,technician,E-0163,,20260106T061500Z-QE24M
CAL-00925,G-0020,2025-02-28,2025-02-19,2025-02-21,2025-02-21,pass,0.0025,18.0,-0.0007,-0.0007,22.25,-0.0006,-0.0006,26.5,-0.001,-0.001,30.75,-0.0007,-0.0007,35.0,0.0003,0.0003,setting ring set SR-02,technician,E-0163,,20260106T061500Z-QE24M
CAL-00926,G-0080,2025-01-21,2025-02-19,2025-02-21,2025-02-23,adjusted,0.002,25.0,0.0009,-0.0001,31.25,-0.0004,0.0,37.5,0.0004,-0.0,43.75,0.0012,-0.0001,50.0,0.0002,0.0002,gauge block set GB-01,technician,E-0163,,20260106T061500Z-QE24M
CAL-00927,G-0126,2025-02-26,2025-02-21,2025-02-21,2025-02-23,pass,0.02,37.5,0.008,0.008,75.0,0.002,0.002,112.5,0.004,0.004,,,,,,,gauge block set GB-02,technician,E-0163,,20260106T061500Z-QE24M
CAL-00928,G-0242,2025-02-24,2025-02-19,2025-02-21,2025-02-22,pass,0.002,0.25,0.0002,0.0002,0.5,0.0007,0.0007,0.75,0.0006,0.0006,,,,,,,dial calibrator DC-01,technician,E-0163,,20260106T061500Z-QE24M
CAL-00929,G-0006,2025-02-26,2025-02-22,2025-02-25,2025-02-26,pass,0.001,40.626,-0.0003,-0.0003,40.71,0.0005,0.0005,40.793,-0.0001,-0.0001,,,,,,,"setting masters, min and max",technician,E-0163,,20260106T061500Z-QE24M
CAL-00930,G-0071,2025-03-06,2025-02-25,2025-02-25,2025-02-25,pass,0.002,25.0,0.0,0.0,31.25,0.0003,0.0003,37.5,-0.0005,-0.0005,43.75,-0.0011,-0.0011,50.0,-0.0004,-0.0004,gauge block set GB-01,technician,E-0163,,20260106T061500Z-QE24M
CAL-00931,G-0188,2025-02-28,2025-02-25,2025-02-25,2025-02-27,pass,0.02,75.0,-0.001,-0.001,150.0,0.0,0.0,225.0,0.002,0.002,,,,,,,gauge block set GB-02,technician,E-0163,,20260106T061500Z-QE24M
CAL-00932,G-0095,2025-03-05,2025-02-24,2025-02-26,2025-02-27,pass,0.002,25.0,0.0004,0.0004,31.25,-0.0005,-0.0005,37.5,-0.0005,-0.0005,43.75,0.0,0.0,50.0,-0.0002,-0.0002,gauge block set GB-01,technician,E-0163,,20260106T061500Z-QE24M
CAL-00933,G-0258,2025-03-03,2025-02-26,2025-02-26,2025-02-28,pass,0.002,0.25,-0.0001,-0.0001,0.5,0.0004,0.0004,0.75,0.0008,0.0008,,,,,,,dial calibrator DC-01,technician,E-0163,,20260106T061500Z-QE24M
CAL-00934,G-0114,2025-02-28,2025-02-24,2025-02-27,2025-02-28,pass,0.002,50.0,0.0005,0.0005,56.25,-0.0002,-0.0002,62.5,0.0004,0.0004,68.75,0.0004,0.0004,75.0,-0.0003,-0.0003,gauge block set GB-01,technician,E-0163,,20260106T061500Z-QE24M
CAL-00935,G-0025,2025-03-09,2025-02-28,2025-02-28,2025-03-02,pass,0.0025,18.0,0.0001,0.0001,22.25,0.0007,0.0007,26.5,0.0008,0.0008,30.75,-0.0,-0.0,35.0,-0.0002,-0.0002,setting ring set SR-02,technician,E-0163,,20260106T061500Z-QE24M
CAL-00936,G-0056,2025-03-05,2025-02-28,2025-02-28,2025-02-28,pass,0.002,0.0,0.0002,0.0002,6.25,-0.0003,-0.0003,12.5,-0.0003,-0.0003,18.75,-0.0001,-0.0001,25.0,-0.0,-0.0,gauge block set GB-01,technician,E-0163,,20260106T061500Z-QE24M
CAL-00937,G-0134,2025-03-02,2025-02-26,2025-02-28,2025-03-01,pass,0.02,37.5,-0.004,-0.004,75.0,0.001,0.001,112.5,-0.0,-0.0,,,,,,,gauge block set GB-02,technician,E-0163,,20260106T061500Z-QE24M
CAL-00938,G-0137,2025-02-28,2025-02-26,2025-02-28,2025-02-28,pass,0.02,37.5,0.002,0.002,75.0,0.002,0.002,112.5,0.004,0.004,,,,,,,gauge block set GB-02,technician,E-0163,,20260106T061500Z-QE24M
CAL-00939,G-0271,2025-03-02,2025-02-18,2025-02-28,2025-03-02,pass,0.001,25.5,0.0003,0.0003,,,,,,,,,,,,,laboratory reference,laboratory,S-057,LC-2550243,20260106T061500Z-QE24M
CAL-00940,G-0015,2025-03-08,2025-02-27,2025-03-02,2025-03-02,pass,0.0025,10.0,0.001,0.001,12.0,0.0007,0.0007,14.0,-0.0,-0.0,16.0,-0.0005,-0.0005,18.0,0.0002,0.0002,setting ring set SR-02,technician,E-0163,,20260106T061500Z-QE24M
CAL-00941,G-0205,2025-03-07,2025-02-28,2025-03-02,2025-03-04,pass,0.005,12.5,0.0003,0.0003,,,,,,,,,,,,,thread setting plug set,technician,E-0163,,20260106T061500Z-QE24M
CAL-00942,G-0235,2025-03-06,2025-03-01,2025-03-03,2025-03-03,pass,0.002,0.25,-0.0003,-0.0003,0.5,-0.0002,-0.0002,0.75,-0.0004,-0.0004,,,,,,,dial calibrator DC-01,technician,E-0163,,20260106T061500Z-QE24M
CAL-00943,G-0143,2025-03-10,2025-03-03,2025-03-05,2025-03-05,pass,0.02,37.5,0.003,0.003,75.0,-0.008,-0.008,112.5,-0.007,-0.007,,,,,,,gauge block set GB-02,technician,E-0163,,20260106T061500Z-QE24M
CAL-00944,G-0234,2025-03-07,2025-03-03,2025-03-05,2025-03-07,pass,0.002,0.25,-0.0006,-0.0006,0.5,-0.0003,-0.0003,0.75,0.0004,0.0004,,,,,,,dial calibrator DC-01,technician,E-0163,,20260106T061500Z-QE24M
CAL-00945,G-0075,2025-02-09,2025-03-05,2025-03-06,2025-03-07,pass,0.002,25.0,0.0003,0.0003,31.25,-0.0003,-0.0003,37.5,0.0007,0.0007,43.75,0.0006,0.0006,50.0,0.0006,0.0006,gauge block set GB-01,technician,E-0163,,20260106T061500Z-QE24M
CAL-00946,G-0192,2025-03-14,2025-03-05,2025-03-06,2025-03-08,adjusted,0.02,75.0,0.007,-0.001,150.0,0.004,0.001,225.0,0.014,-0.001,,,,,,,gauge block set GB-02,technician,E-0163,,20260106T061500Z-QE24M
CAL-00947,G-0237,2025-03-10,2025-03-05,2025-03-07,2025-03-07,pass,0.002,0.25,-0.0002,-0.0002,0.5,-0.0005,-0.0005,0.75,-0.0003,-0.0003,,,,,,,dial calibrator DC-01,technician,E-0163,,20260106T061500Z-QE24M
CAL-00948,G-0067,2025-02-12,2025-03-07,2025-03-08,2025-03-10,pass,0.002,25.0,0.0005,0.0005,31.25,-0.0,-0.0,37.5,0.0002,0.0002,43.75,-0.0003,-0.0003,50.0,-0.0001,-0.0001,gauge block set GB-01,technician,E-0163,,20260106T061500Z-QE24M
CAL-00949,G-0200,2025-03-12,2025-03-05,2025-03-08,2025-03-10,pass,0.005,12.5,-0.0001,-0.0001,,,,,,,,,,,,,thread setting plug set,technician,E-0163,,20260106T061500Z-QE24M
CAL-00950,G-0044,2025-03-16,2025-03-08,2025-03-09,2025-03-11,pass,0.002,0.0,0.0001,0.0001,6.25,-0.0003,-0.0003,12.5,0.0004,0.0004,18.75,0.0002,0.0002,25.0,0.0004,0.0004,gauge block set GB-01,technician,E-0163,,20260106T061500Z-QE24M
CAL-00951,G-0226,2025-01-17,2025-03-09,2025-03-09,2025-03-11,pass,0.005,12.5,0.0012,0.0012,,,,,,,,,,,,,thread setting plug set,technician,E-0163,,20260106T061500Z-QE24M
CAL-00952,G-0275,2025-03-17,2025-03-02,2025-03-09,2025-03-12,pass,0.001,25.5,0.0002,0.0002,,,,,,,,,,,,,laboratory reference,laboratory,S-057,LC-2520149,20260106T061500Z-QE24M
CAL-00953,G-0014,2025-03-17,2025-03-08,2025-03-10,2025-03-12,adjusted,0.0025,10.0,0.0003,0.0001,12.0,0.0005,0.0,14.0,0.0014,0.0001,16.0,0.0009,0.0001,18.0,0.0007,0.0003,setting ring set SR-02,technician,E-0163,,20260106T061500Z-QE24M
CAL-00954,G-0059,2025-03-12,2025-03-08,2025-03-10,2025-03-12,pass,0.002,0.0,-0.0006,-0.0006,6.25,0.0003,0.0003,12.5,0.0001,0.0001,18.75,-0.0002,-0.0002,25.0,-0.0006,-0.0006,gauge block set GB-01,technician,E-0163,,20260106T061500Z-QE24M
CAL-00955,G-0026,2025-03-12,2025-03-11,2025-03-11,2025-03-11,pass,0.0025,35.0,0.0008,0.0008,38.75,0.0003,0.0003,42.5,0.0008,0.0008,46.25,0.0011,0.0011,50.0,0.0005,0.0005,setting ring set SR-02,technician,E-0163,,20260106T061500Z-QE24M
CAL-00956,G-0178,2025-03-18,2025-03-08,2025-03-11,2025-03-12,pass,0.02,37.5,-0.006,-0.006,75.0,0.003,0.003,112.5,0.001,0.001,,,,,,,gauge block set GB-02,technician,E-0163,,20260106T061500Z-QE24M
CAL-00957,G-0250,2025-03-18,2025-03-08,2025-03-11,2025-03-13,pass,0.002,0.25,0.0004,0.0004,0.5,0.0001,0.0001,0.75,-0.0001,-0.0001,,,,,,,dial calibrator DC-01,technician,E-0163,,20260106T061500Z-QE24M
CAL-00958,G-0039,2025-03-19,2025-03-12,2025-03-12,2025-03-14,adjusted,0.002,0.0,0.0001,0.0002,6.25,0.0003,-0.0003,12.5,0.0006,-0.0001,18.75,0.0012,-0.0001,25.0,0.0007,0.0001,gauge block set GB-01,technician,E-0163,,20260106T061500Z-QE24M
CAL-00959,G-0139,2025-02-04,2025-03-11,2025-03-12,2025-03-13,pass,0.02,37.5,0.0,0.0,75.0,0.004,0.004,112.5,-0.006,-0.006,,,,,,,gauge block set GB-02,technician,E-0163,,20260106T061500Z-QE24M
CAL-00960,G-0141,2025-02-20,2025-03-12,2025-03-12,2025-03-14,pass,0.02,37.5,0.006,0.006,75.0,0.003,0.003,112.5,0.005,0.005,,,,,,,gauge block set GB-02,technician,E-0163,,20260106T061500Z-QE24M
CAL-00961,G-0252,2025-02-24,2025-03-12,2025-03-12,2025-03-14,pass,0.002,0.25,0.0005,0.0005,0.5,0.001,0.001,0.75,0.0008,0.0008,,,,,,,dial calibrator DC-01,technician,E-0163,,20260106T061500Z-QE24M
CAL-00962,G-0091,2025-03-22,2025-03-11,2025-03-13,2025-03-14,pass,0.002,25.0,-0.0006,-0.0006,31.25,-0.0006,-0.0006,37.5,-0.0005,-0.0005,43.75,-0.0,-0.0,50.0,0.0,0.0,gauge block set GB-01,technician,E-0163,,20260106T061500Z-QE24M
CAL-00963,G-0119,2025-02-08,2025-03-11,2025-03-13,2025-03-15,adjusted,0.002,50.0,0.0005,-0.0001,56.25,0.0001,-0.0002,62.5,0.0013,0.0001,68.75,0.0,0.0001,75.0,0.0008,-0.0001,gauge block set GB-01,technician,E-0163,,20260106T061500Z-QE24M
CAL-00964,G-0069,2025-03-15,2025-03-13,2025-03-14,2025-03-16,pass,0.002,25.0,-0.0003,-0.0003,31.25,-0.0001,-0.0001,37.5,-0.0009,-0.0009,43.75,-0.0004,-0.0004,50.0,-0.0,-0.0,gauge block set GB-01,technician,E-0163,,20260106T061500Z-QE24M
CAL-00965,G-0096,2025-01-29,2025-03-12,2025-03-14,2025-03-16,pass,0.002,25.0,0.0005,0.0005,31.25,-0.0006,-0.0006,37.5,-0.0002,-0.0002,43.75,-0.0003,-0.0003,50.0,0.0006,0.0006,gauge block set GB-01,technician,E-0163,,20260106T061500Z-QE24M
CAL-00966,G-0150,2025-02-13,2025-03-12,2025-03-14,2025-03-16,pass,0.02,37.5,0.002,0.002,75.0,-0.006,-0.006,112.5,-0.006,-0.006,,,,,,,gauge block set GB-02,technician,E-0163,,20260106T061500Z-QE24M
CAL-00967,G-0219,2025-02-10,2025-03-14,2025-03-14,2025-03-14,pass,0.005,12.5,0.0002,0.0002,,,,,,,,,,,,,thread setting plug set,technician,E-0163,,20260106T061500Z-QE24M
CAL-00968,G-0198,2025-03-23,2025-03-12,2025-03-15,2025-03-15,pass,0.02,75.0,-0.0,-0.0,150.0,0.008,0.008,225.0,0.006,0.006,,,,,,,gauge block set GB-02,technician,E-0163,,20260106T061500Z-QE24M
CAL-00969,G-0050,2025-03-19,2025-03-17,2025-03-17,2025-03-19,adjusted,0.002,0.0,-0.0001,0.0001,6.25,-0.0002,0.0,12.5,-0.0011,0.0001,18.75,-0.0006,-0.0001,25.0,-0.0004,-0.0001,gauge block set GB-01,technician,E-0163,,20260106T061500Z-QE24M
CAL-00970,G-0055,2025-03-20,2025-03-17,2025-03-17,2025-03-17,pass,0.002,0.0,-0.0004,-0.0004,6.25,-0.0006,-0.0006,12.5,-0.0008,-0.0008,18.75,-0.0004,-0.0004,25.0,-0.0009,-0.0009,gauge block set GB-01,technician,E-0163,,20260106T061500Z-QE24M
CAL-00971,G-0101,2025-03-24,2025-03-14,2025-03-17,2025-03-19,pass,0.002,25.0,0.0,0.0,31.25,0.0007,0.0007,37.5,-0.0001,-0.0001,43.75,0.0005,0.0005,50.0,-0.0002,-0.0002,gauge block set GB-01,technician,E-0163,,20260106T061500Z-QE24M
CAL-00972,G-0257,2025-01-22,2025-03-16,2025-03-18,2025-03-18,pass,0.002,0.25,0.0003,0.0003,0.5,0.0008,0.0008,0.75,0.0007,0.0007,,,,,,,dial calibrator DC-01,technician,E-0163,,20260106T061500Z-QE24M
CAL-00973,G-0295,2025-03-21,2025-03-11,2025-03-18,2025-03-23,pass,0.001,25.5,-0.0002,-0.0002,,,,,,,,,,,,,laboratory reference,laboratory,S-057,LC-2528981,20260106T061500Z-QE24M
CAL-00974,G-0102,2025-03-21,2025-03-18,2025-03-19,2025-03-19,pass,0.002,25.0,0.0003,0.0003,31.25,0.0006,0.0006,37.5,0.0008,0.0008,43.75,0.0006,0.0006,50.0,0.0004,0.0004,gauge block set GB-01,technician,E-0163,,20260106T061500Z-QE24M
CAL-00975,G-0082,2025-02-10,2025-03-19,2025-03-20,2025-03-20,pass,0.002,25.0,0.0004,0.0004,31.25,0.0005,0.0005,37.5,-0.0004,-0.0004,43.75,0.0002,0.0002,50.0,-0.0005,-0.0005,gauge block set GB-01,technician,E-0163,,20260106T061500Z-QE24M
CAL-00976,G-0138,2025-03-27,2025-03-18,2025-03-20,2025-03-22,pass,0.02,37.5,-0.008,-0.008,75.0,-0.003,-0.003,112.5,-0.009,-0.009,,,,,,,gauge block set GB-02,technician,E-0163,,20260106T061500Z-QE24M
CAL-00977,G-0153,2025-02-02,2025-03-20,2025-03-20,2025-03-21,pass,0.02,37.5,0.005,0.005,75.0,0.003,0.003,112.5,0.007,0.007,,,,,,,gauge block set GB-02,technician,E-0163,,20260106T061500Z-QE24M
CAL-00978,G-0066,2025-04-05,2025-03-27,2025-03-28,2025-03-29,pass,0.002,25.0,-0.0005,-0.0005,31.25,-0.0005,-0.0005,37.5,-0.0002,-0.0002,43.75,-0.0006,-0.0006,50.0,-0.0008,-0.0008,gauge block set GB-01,technician,E-0163,,20260106T061500Z-QE24M
CAL-00979,G-0035,2025-04-01,2025-03-27,2025-03-29,2025-03-29,pass,0.002,0.0,0.0011,0.0011,6.25,0.0005,0.0005,12.5,0.001,0.001,18.75,0.0003,0.0003,25.0,0.0006,0.0006,gauge block set GB-01,technician,E-0163,,20260106T061500Z-QE24M
CAL-00980,G-0058,2025-04-05,2025-03-29,2025-03-29,2025-03-29,pass,0.002,0.0,0.0002,0.0002,6.25,-0.001,-0.001,12.5,0.0002,0.0002,18.75,-0.0,-0.0,25.0,0.0009,0.0009,gauge block set GB-01,technician,E-0163,,20260106T061500Z-QE24M
CAL-00981,G-0249,2025-03-31,2025-03-29,2025-03-29,2025-03-29,pass,0.002,0.25,-0.0002,-0.0002,0.5,-0.0002,-0.0002,0.75,-0.0005,-0.0005,,,,,,,dial calibrator DC-01,technician,E-0163,,20260106T061500Z-QE24M
CAL-00982,G-0027,2025-04-08,2025-03-30,2025-03-30,2025-04-01,pass,0.0025,35.0,0.001,0.001,38.75,-0.0,-0.0,42.5,0.0006,0.0006,46.25,0.0009,0.0009,50.0,0.0007,0.0007,setting ring set SR-02,technician,E-0163,,20260106T061500Z-QE24M
CAL-00983,G-0038,2025-04-05,2025-03-29,2025-04-01,2025-04-02,pass,0.002,0.0,-0.0,-0.0,6.25,-0.0001,-0.0001,12.5,0.0003,0.0003,18.75,-0.0001,-0.0001,25.0,-0.0,-0.0,gauge block set GB-01,technician,E-0163,,20260106T061500Z-QE24M
CAL-00984,G-0230,2025-04-06,2025-03-31,2025-04-01,2025-04-03,pass,0.05,5.333,-0.002,-0.002,10.667,-0.003,-0.003,,,,,,,,,,roughness specimen set,technician,E-0163,,20260106T061500Z-QE24M
CAL-00985,G-0246,2025-04-02,2025-04-01,2025-04-01,2025-04-03,pass,0.002,0.25,-0.0002,-0.0002,0.5,-0.0002,-0.0002,0.75,0.0004,0.0004,,,,,,,dial calibrator DC-01,technician,E-0163,,20260106T061500Z-QE24M
CAL-00986,G-0010,2025-04-07,2025-04-02,2025-04-03,2025-04-04,pass,0.0025,6.0,-0.0008,-0.0008,7.0,-0.0007,-0.0007,8.0,0.0001,0.0001,9.0,-0.0006,-0.0006,10.0,0.0004,0.0004,setting ring set SR-02,technician,E-0163,,20260106T061500Z-QE24M
CAL-00987,G-0116,2025-02-06,2025-04-03,2025-04-03,2025-04-03,pass,0.002,50.0,0.0004,0.0004,56.25,0.0001,0.0001,62.5,-0.0003,-0.0003,68.75,0.0006,0.0006,75.0,-0.0,-0.0,gauge block set GB-01,technician,E-0163,,20260106T061500Z-QE24M
CAL-00988,G-0268,2025-03-20,2025-03-26,2025-04-03,2025-04-08,pass,0.001,25.5,0.0002,0.0002,,,,,,,,,,,,,laboratory reference,laboratory,S-057,LC-2542047,20260106T061500Z-QE24M
CAL-00989,G-0029,2025-04-09,2025-04-01,2025-04-04,2025-04-05,pass,0.0025,35.0,-0.0008,-0.0008,38.75,-0.0009,-0.0009,42.5,-0.0003,-0.0003,46.25,0.0001,0.0001,50.0,0.0001,0.0001,setting ring set SR-02,technician,E-0163,,20260106T061500Z-QE24M
CAL-00990,G-0093,2025-03-25,2025-04-02,2025-04-04,2025-04-04,adjusted,0.002,25.0,-0.0011,-0.0002,31.25,-0.0007,0.0,37.5,-0.0008,-0.0001,43.75,-0.0014,0.0001,50.0,0.0,-0.0001,gauge block set GB-01,technician,E-0163,,20260106T061500Z-QE24M
CAL-00991,G-0241,2025-04-04,2025-04-02,2025-04-04,2025-04-06,pass,0.002,0.25,-0.0002,-0.0002,0.5,0.0004,0.0004,0.75,-0.0007,-0.0007,,,,,,,dial calibrator DC-01,technician,E-0163,,20260106T061500Z-QE24M
CAL-00992,G-0045,2025-04-05,2025-04-03,2025-04-05,2025-04-06,pass,0.002,0.0,0.0002,0.0002,6.25,-0.0003,-0.0003,12.5,-0.0,-0.0,18.75,-0.0004,-0.0004,25.0,0.0006,0.0006,gauge block set GB-01,technician,E-0163,,20260106T061500Z-QE24M
CAL-00993,G-0130,2025-02-05,2025-04-03,2025-04-05,2025-04-07,pass,0.02,37.5,0.005,0.005,75.0,-0.007,-0.007,112.5,-0.002,-0.002,,,,,,,gauge block set GB-02,technician,E-0163,,20260106T061500Z-QE24M
CAL-00994,G-0264,2025-04-07,2025-03-31,2025-04-05,2025-04-07,pass,0.001,25.5,0.0002,0.0002,,,,,,,,,,,,,laboratory reference,laboratory,S-057,LC-2572845,20260106T061500Z-QE24M
CAL-00995,G-0245,2025-04-06,2025-04-04,2025-04-06,2025-04-07,pass,0.002,0.25,-0.0,-0.0,0.5,-0.0008,-0.0008,0.75,-0.0007,-0.0007,,,,,,,dial calibrator DC-01,technician,E-0163,,20260106T061500Z-QE24M
CAL-00996,G-0019,2025-04-07,2025-04-06,2025-04-07,2025-04-08,pass,0.0025,10.0,0.0011,0.0011,12.0,0.0006,0.0006,14.0,0.0007,0.0007,16.0,-0.0001,-0.0001,18.0,0.0005,0.0005,setting ring set SR-02,technician,E-0163,,20260106T061500Z-QE24M
CAL-00997,G-0005,2025-04-16,2025-04-07,2025-04-08,2025-04-08,pass,0.001,6.325,-0.0003,-0.0003,6.35,0.0,0.0,6.375,-0.0,-0.0,,,,,,,"setting masters, min and max",technician,E-0163,,20260106T061500Z-QE24M
CAL-00998,G-0100,2025-03-11,2025-04-08,2025-04-08,2025-04-09,pass,0.002,25.0,0.0004,0.0004,31.25,-0.0011,-0.0011,37.5,-0.0005,-0.0005,43.75,-0.0002,-0.0002,50.0,-0.0005,-0.0005,gauge block set GB-01,technician,E-0163,,20260106T061500Z-QE24M
CAL-00999,G-0239,2025-04-11,2025-04-05,2025-04-08,2025-04-10,pass,0.002,0.25,0.0002,0.0002,0.5,-0.0,-0.0,0.75,-0.0006,-0.0006,,,,,,,dial calibrator DC-01,technician,E-0163,,20260106T061500Z-QE24M
CAL-01000,G-0248,2025-04-17,2025-04-08,2025-04-08,2025-04-10,pass,0.002,0.25,0.0001,0.0001,0.5,0.0,0.0,0.75,0.0004,0.0004,,,,,,,dial calibrator DC-01,technician,E-0163,,20260106T061500Z-QE24M
CAL-01001,G-0132,2025-04-18,2025-04-06,2025-04-09,2025-04-11,pass,0.02,37.5,0.004,0.004,75.0,0.006,0.006,112.5,0.005,0.005,,,,,,,gauge block set GB-02,technician,E-0163,,20260106T061500Z-QE24M
CAL-01002,G-0175,2025-04-12,2025-04-08,2025-04-10,2025-04-11,pass,0.02,37.5,0.003,0.003,75.0,-0.007,-0.007,112.5,-0.001,-0.001,,,,,,,gauge block set GB-02,technician,E-0163,,20260106T061500Z-QE24M
CAL-01003,G-0243,2025-04-18,2025-04-07,2025-04-10,2025-04-12,pass,0.002,0.25,0.0004,0.0004,0.5,-0.0009,-0.0009,0.75,-0.0,-0.0,,,,,,,dial calibrator DC-01,technician,E-0163,,20260106T061500Z-QE24M
CAL-01004,G-0013,2025-04-20,2025-04-10,2025-04-11,2025-04-13,adjusted,0.0025,6.0,0.0014,0.0003,7.0,0.0008,0.0002,8.0,0.0005,-0.0,9.0,0.0004,0.0003,10.0,0.0015,-0.0,setting ring set SR-02,technician,E-0163,,20260106T061500Z-QE24M
CAL-01005,G-0206,2025-04-12,2025-04-10,2025-04-11,2025-04-12,pass,0.005,12.5,0.001,0.001,,,,,,,,,,,,,thread setting plug set,technician,E-0163,,20260106T061500Z-QE24M
CAL-01006,G-0079,2025-03-12,2025-04-12,2025-04-13,2025-04-14,pass,0.002,25.0,0.0,0.0,31.25,0.0001,0.0001,37.5,-0.0,-0.0,43.75,-0.0003,-0.0003,50.0,-0.0007,-0.0007,gauge block set GB-01,technician,E-0163,,20260106T061500Z-QE24M
CAL-01007,G-0212,2025-03-17,2025-04-11,2025-04-13,2025-04-13,pass,0.005,12.5,0.0002,0.0002,,,,,,,,,,,,,thread setting plug set,technician,E-0163,,20260106T061500Z-QE24M
CAL-01008,G-0282,2025-03-29,2025-04-05,2025-04-13,2025-04-17,pass,0.001,25.5,0.0002,0.0002,,,,,,,,,,,,,laboratory reference,laboratory,S-057,LC-2525585,20260106T061500Z-QE24M
CAL-01009,G-0016,2025-03-08,2025-04-14,2025-04-14,2025-04-16,pass,0.0025,10.0,0.0006,0.0006,12.0,0.0004,0.0004,14.0,-0.0002,-0.0002,16.0,-0.0007,-0.0007,18.0,-0.0003,-0.0003,setting ring set SR-02,technician,E-0163,,20260106T061500Z-QE24M
CAL-01010,G-0162,2025-03-08,2025-04-14,2025-04-14,2025-04-15,pass,0.02,37.5,-0.001,-0.001,75.0,-0.004,-0.004,112.5,-0.001,-0.001,,,,,,,gauge block set GB-02,technician,E-0163,,20260106T061500Z-QE24M
CAL-01011,G-0189,2025-04-17,2025-04-14,2025-04-15,2025-04-17,pass,0.02,75.0,-0.001,-0.001,150.0,-0.006,-0.006,225.0,-0.01,-0.01,,,,,,,gauge block set GB-02,technician,E-0163,,20260106T061500Z-QE24M
CAL-01012,G-0060,2025-03-10,2025-04-16,2025-04-16,2025-04-18,pass,0.002,0.0,0.0004,0.0004,6.25,-0.0001,-0.0001,12.5,0.0002,0.0002,18.75,-0.0003,-0.0003,25.0,0.0003,0.0003,gauge block set GB-01,technician,E-0163,,20260106T061500Z-QE24M
CAL-01013,G-0131,2025-04-23,2025-04-14,2025-04-16,2025-04-18,pass,0.02,37.5,0.004,0.004,75.0,0.007,0.007,112.5,-0.004,-0.004,,,,,,,gauge block set GB-02,technician,E-0163,,20260106T061500Z-QE24M
CAL-01014,G-0009,2025-04-21,2025-04-17,2025-04-18,2025-04-20,pass,0.0025,6.0,0.0004,0.0004,7.0,0.0003,0.0003,8.0,0.0008,0.0008,9.0,-0.0001,-0.0001,10.0,-0.0003,-0.0003,setting ring set SR-02,technician,E-0163,,20260106T061500Z-QE24M
CAL-01015,G-0041,2025-04-21,2025-04-18,2025-04-19,2025-04-21,adjusted,0.002,0.0,0.0011,0.0,6.25,0.0003,-0.0001,12.5,0.0003,-0.0,18.75,0.0008,0.0,25.0,0.0015,-0.0002,gauge block set GB-01,technician,E-0163,,20260106T061500Z-QE24M
CAL-01016,G-0085,2025-03-20,2025-04-17,2025-04-19,2025-04-20,pass,0.002,25.0,0.0001,0.0001,31.25,0.0006,0.0006,37.5,-0.0003,-0.0003,43.75,-0.0003,-0.0003,50.0,0.0003,0.0003,gauge block set GB-01,technician,E-0163,,20260106T061500Z-QE24M
CAL-01017,G-0047,2025-03-22,2025-04-18,2025-04-20,2025-04-21,adjusted,0.002,0.0,0.0012,0.0,6.25,0.0009,-0.0001,12.5,0.0006,-0.0002,18.75,0.0003,0.0001,25.0,-0.0002,-0.0,gauge block set GB-01,technician,E-0163,,20260106T061500Z-QE24M
CAL-01018,G-0004,2025-04-25,2025-04-20,2025-04-21,2025-04-23,pass,0.001,19.025,0.0,0.0,19.05,0.0004,0.0004,19.075,-0.0002,-0.0002,,,,,,,"setting masters, min and max",technician,E-0163,,20260106T061500Z-QE24M
CAL-01019,G-0007,2025-04-28,2025-04-21,2025-04-21,2025-04-21,pass,0.001,50.014,-0.0003,-0.0003,51.92,0.0005,0.0005,53.825,-0.0,-0.0,,,,,,,"setting masters, min and max",technician,E-0163,,20260106T061500Z-QE24M
CAL-01020,G-0021,2025-04-29,2025-04-20,2025-04-21,2025-04-22,pass,0.0025,18.0,0.0008,0.0008,22.25,0.0003,0.0003,26.5,0.0004,0.0004,30.75,0.0006,0.0006,35.0,0.0002,0.0002,setting ring set SR-02,technician,E-0163,,20260106T061500Z-QE24M
CAL-01021,G-0144,2025-04-30,2025-04-21,2025-04-21,2025-04-21,pass,0.02,37.5,-0.008,-0.008,75.0,0.003,0.003,112.5,-0.001,-0.001,,,,,,,gauge block set GB-02,technician,E-0163,,20260106T061500Z-QE24M
CAL-01022,G-0247,2025-04-26,2025-04-18,2025-04-21,2025-04-21,pass,0.002,0.25,0.0002,0.0002,0.5,-0.0004,-0.0004,0.75,0.0005,0.0005,,,,,,,dial calibrator DC-01,technician,E-0163,,20260106T061500Z-QE24M
CAL-01023,G-0222,2025-03-16,2025-04-20,2025-04-22,2025-04-24,pass,0.005,12.5,0.0003,0.0003,,,,,,,,,,,,,thread setting plug set,technician,E-0163,,20260106T061500Z-QE24M
CAL-01024,G-0062,2025-05-01,2025-04-20,2025-04-23,2025-04-24,adjusted,0.002,0.0,-0.0011,-0.0003,6.25,-0.0001,0.0001,12.5,0.0001,0.0003,18.75,-0.0002,0.0003,25.0,-0.0003,0.0001,gauge block set GB-01,technician,E-0163,,20260106T061500Z-QE24M
CAL-01025,G-0251,2025-04-30,2025-04-23,2025-04-26,2025-04-27,pass,0.002,0.25,0.0001,0.0001,0.5,-0.0007,-0.0007,0.75,-0.0004,-0.0004,,,,,,,dial calibrator DC-01,technician,E-0163,,20260106T061500Z-QE24M
CAL-01026,G-0255,2025-04-27,2025-04-24,2025-04-26,2025-04-26,pass,0.002,0.25,0.0009,0.0009,0.5,-0.0005,-0.0005,0.75,0.0002,0.0002,,,,,,,dial calibrator DC-01,technician,E-0163,,20260106T061500Z-QE24M
CAL-01027,G-0111,2025-04-28,2025-04-27,2025-04-27,2025-04-29,pass,0.002,50.0,-0.0002,-0.0002,56.25,-0.0004,-0.0004,62.5,0.0003,0.0003,68.75,-0.0004,-0.0004,75.0,-0.0005,-0.0005,gauge block set GB-01,technician,E-0163,,20260106T061500Z-QE24M
CAL-01028,G-0229,2025-05-10,2025-04-28,2025-05-01,2025-05-02,pass,0.005,12.5,0.0002,0.0002,,,,,,,,,,,,,thread setting plug set,technician,E-0163,,20260106T061500Z-QE24M
CAL-01029,G-0109,2025-05-06,2025-05-02,2025-05-03,2025-05-05,pass,0.002,50.0,0.0003,0.0003,56.25,0.0003,0.0003,62.5,0.0001,0.0001,68.75,0.0005,0.0005,75.0,0.0003,0.0003,gauge block set GB-01,technician,E-0163,,20260106T061500Z-QE24M
CAL-01030,G-0147,2025-05-03,2025-05-01,2025-05-03,2025-05-03,pass,0.02,37.5,0.003,0.003,75.0,-0.002,-0.002,112.5,0.004,0.004,,,,,,,gauge block set GB-02,technician,E-0163,,20260106T061500Z-QE24M
CAL-01031,G-0254,2025-05-07,2025-04-30,2025-05-03,2025-05-04,pass,0.002,0.25,0.001,0.001,0.5,0.0004,0.0004,0.75,0.0,0.0,,,,,,,dial calibrator DC-01,technician,E-0163,,20260106T061500Z-QE24M
CAL-01032,G-0002,2025-04-01,2025-04-26,2025-05-04,2025-05-09,pass,0.002,0.0,-0.0,-0.0,175.0,0.0005,0.0005,350.0,0.0004,0.0004,525.0,-0.0002,-0.0002,700.0,0.0007,0.0007,ball bar and step gauge,laboratory,S-057,LC-2588150,20260106T061500Z-QE24M
CAL-01033,G-0164,2025-05-07,2025-05-01,2025-05-04,2025-05-06,adjusted,0.02,37.5,-0.002,0.0,75.0,-0.007,0.001,112.5,-0.015,-0.002,,,,,,,gauge block set GB-02,technician,E-0163,,20260106T061500Z-QE24M
CAL-01034,G-0073,2025-04-04,2025-05-05,2025-05-05,2025-05-07,adjusted,0.002,25.0,0.0002,-0.0001,31.25,0.0013,0.0001,37.5,0.0008,0.0,43.75,0.0007,-0.0001,50.0,0.0,0.0002,gauge block set GB-01,technician,E-0163,,20260106T061500Z-QE24M
CAL-01035,G-0236,2025-05-12,2025-05-02,2025-05-05,2025-05-06,pass,0.002,0.25,0.0008,0.0008,0.5,0.0002,0.0002,0.75,-0.0,-0.0,,,,,,,dial calibrator DC-01,technician,E-0163,,20260106T061500Z-QE24M
CAL-01036,G-0057,2025-05-12,2025-05-06,2025-05-06,2025-05-07,pass,0.002,0.0,0.0003,0.0003,6.25,0.0004,0.0004,12.5,-0.0006,-0.0006,18.75,-0.0007,-0.0007,25.0,0.0003,0.0003,gauge block set GB-01,technician,E-0163,,20260106T061500Z-QE24M
CAL-01037,G-0300,2025-04-12,2025-04-26,2025-05-06,2025-05-10,pass,0.001,25.5,-0.0004,-0.0004,,,,,,,,,,,,,laboratory reference,laboratory,S-057,LC-2557247,20260106T061500Z-QE24M
CAL-01038,G-0011,2025-04-08,2025-05-06,2025-05-07,2025-05-09,pass,0.0025,6.0,-0.0006,-0.0006,7.0,0.0002,0.0002,8.0,-0.0,-0.0,9.0,-0.0007,-0.0007,10.0,-0.0008,-0.0008,setting ring set SR-02,technician,E-0163,,20260106T061500Z-QE24M
CAL-01039,G-0278,2025-04-25,2025-04-28,2025-05-07,2025-05-09,pass,0.001,25.5,0.0005,0.0005,,,,,,,,,,,,,laboratory reference,laboratory,S-057,LC-2561508,20260106T061500Z-QE24M
CAL-01040,G-0112,2025-05-08,2025-05-08,2025-05-08,2025-05-09,pass,0.002,50.0,0.0001,0.0001,56.25,0.0002,0.0002,62.5,-0.0002,-0.0002,68.75,-0.0004,-0.0004,75.0,-0.0002,-0.0002,gauge block set GB-01,technician,E-0163,,20260106T061500Z-QE24M
CAL-01041,G-0128,2025-05-10,2025-05-06,2025-05-08,2025-05-08,adjusted,0.02,37.5,0.007,0.002,75.0,0.013,-0.0,112.5,0.016,-0.0,,,,,,,gauge block set GB-02,technician,E-0163,,20260106T061500Z-QE24M
CAL-01042,G-0283,2025-04-04,2025-05-01,2025-05-10,2025-05-13,pass,0.001,25.5,0.0001,0.0001,,,,,,,,,,,,,laboratory reference,laboratory,S-057,LC-2541452,20260106T061500Z-QE24M
CAL-01043,G-0201,2025-04-14,2025-05-10,2025-05-11,2025-05-13,pass,0.005,12.5,-0.0,-0.0,,,,,,,,,,,,,thread setting plug set,technician,E-0163,,20260106T061500Z-QE24M
CAL-01044,G-0261,2025-05-12,2025-05-08,2025-05-11,2025-05-13,pass,0.002,0.25,-0.0009,-0.0009,0.5,-0.0006,-0.0006,0.75,-0.0001,-0.0001,,,,,,,dial calibrator DC-01,technician,E-0163,,20260106T061500Z-QE24M
CAL-01045,G-0287,2025-04-14,2025-05-02,2025-05-11,2025-05-15,pass,0.001,25.5,-0.0001,-0.0001,,,,,,,,,,,,,laboratory reference,laboratory,S-057,LC-2544672,20260106T061500Z-QE24M
CAL-01046,G-0288,2025-03-10,2025-05-05,2025-05-11,2025-05-15,pass,0.001,25.5,-0.0001,-0.0001,,,,,,,,,,,,,laboratory reference,laboratory,S-057,LC-2558749,20260106T061500Z-QE24M
CAL-01047,G-0020,2025-05-21,2025-05-13,2025-05-13,2025-05-15,adjusted,0.0025,18.0,0.0008,0.0001,22.25,0.001,-0.0002,26.5,0.002,-0.0,30.75,0.0005,-0.0002,35.0,0.0011,0.0001,setting ring set SR-02,technician,E-0163,,20260106T061500Z-QE24M
CAL-01048,G-0113,2025-04-16,2025-05-11,2025-05-13,2025-05-13,pass,0.002,50.0,0.0006,0.0006,56.25,-0.0004,-0.0004,62.5,-0.0,-0.0,68.75,0.0006,0.0006,75.0,0.0003,0.0003,gauge block set GB-01,technician,E-0163,,20260106T061500Z-QE24M
CAL-01049,G-0051,2025-05-20,2025-05-15,2025-05-17,2025-05-19,pass,0.002,0.0,0.001,0.001,6.25,-0.0,-0.0,12.5,-0.0004,-0.0004,18.75,0.0004,0.0004,25.0,-0.0002,-0.0002,gauge block set GB-01,technician,E-0163,,20260106T061500Z-QE24M
CAL-01050,G-0242,2025-05-21,2025-05-17,2025-05-17,2025-05-17,pass,0.002,0.25,-0.0005,-0.0005,0.5,0.0004,0.0004,0.75,0.0004,0.0004,,,,,,,dial calibrator DC-01,technician,E-0163,,20260106T061500Z-QE24M
CAL-01051,G-0259,2025-05-21,2025-05-17,2025-05-17,2025-05-17,pass,0.002,0.25,0.0003,0.0003,0.5,-0.0,-0.0,0.75,-0.0006,-0.0006,,,,,,,dial calibrator DC-01,technician,E-0163,,20260106T061500Z-QE24M
CAL-01052,G-0272,2025-05-21,2025-05-10,2025-05-17,2025-05-22,pass,0.001,25.5,-0.0003,-0.0003,,,,,,,,,,,,,laboratory reference,laboratory,S-057,LC-2540772,20260106T061500Z-QE24M
CAL-01053,G-0233,2025-04-12,2025-05-17,2025-05-18,2025-05-19,pass,0.002,0.25,-0.0001,-0.0001,0.5,0.0008,0.0008,0.75,-0.0001,-0.0001,,,,,,,dial calibrator DC-01,technician,E-0163,,20260106T061500Z-QE24M
CAL-01054,G-0186,2025-04-09,2025-05-17,2025-05-19,2025-05-19,adjusted,0.02,75.0,-0.016,0.002,150.0,-0.005,-0.001,225.0,-0.011,-0.001,,,,,,,gauge block set GB-02,technician,E-0163,,20260106T061500Z-QE24M
CAL-01055,G-0006,2025-05-25,2025-05-21,2025-05-21,2025-05-22,pass,0.001,40.626,0.0003,0.0003,40.71,-0.0,-0.0,40.793,0.0004,0.0004,,,,,,,"setting masters, min and max",technician,E-0163,,20260106T061500Z-QE24M
CAL-01056,G-0125,2025-05-21,2025-05-18,2025-05-21,2025-05-22,pass,0.002,50.0,-0.0003,-0.0003,56.25,-0.0006,-0.0006,62.5,-0.0007,-0.0007,68.75,-0.0003,-0.0003,75.0,0.0001,0.0001,gauge block set GB-01,technician,E-0163,,20260106T061500Z-QE24M
CAL-01057,G-0094,2025-04-25,2025-05-21,2025-05-22,2025-05-23,pass,0.002,25.0,-0.0001,-0.0001,31.25,0.001,0.001,37.5,-0.0004,-0.0004,43.75,0.0001,0.0001,50.0,0.0005,0.0005,gauge block set GB-01,technician,E-0163,,20260106T061500Z-QE24M
CAL-01058,G-0104,2025-05-24,2025-05-21,2025-05-23,2025-05-23,pass,0.002,25.0,-0.0003,-0.0003,31.25,0.0003,0.0003,37.5,0.0001,0.0001,43.75,0.0009,0.0009,50.0,0.0008,0.0008,gauge block set GB-01,technician,E-0163,,20260106T061500Z-QE24M
CAL-01059,G-0177,2025-05-26,2025-05-22,2025-05-23,2025-05-24,adjusted,0.02,37.5,-0.015,0.001,75.0,0.0,0.002,112.5,0.005,0.001,,,,,,,gauge block set GB-02,technician,E-0163,,20260106T061500Z-QE24M
CAL-01060,G-0232,2025-05-28,2025-05-24,2025-05-24,2025-05-25,adjusted,1.0,32.5,0.6,-0.0,45.0,-0.3,-0.1,57.5,-0.1,-0.0,,,,,,,HRC test block set,technician,E-0163,,20260106T061500Z-QE24M
CAL-01061,G-0290,2025-05-24,2025-05-13,2025-05-24,2025-05-27,pass,0.001,25.5,-0.0004,-0.0004,,,,,,,,,,,,,laboratory reference,laboratory,S-057,LC-2531803,20260106T061500Z-QE24M
CAL-01062,G-0253,2025-05-29,2025-05-25,2025-05-25,2025-05-25,pass,0.002,0.25,0.0003,0.0003,0.5,0.001,0.001,0.75,-0.0005,-0.0005,,,,,,,dial calibrator DC-01,technician,E-0163,,20260106T061500Z-QE24M
CAL-01063,G-0286,2025-06-03,2025-05-18,2025-05-26,2025-05-31,pass,0.001,25.5,0.0001,0.0001,,,,,,,,,,,,,laboratory reference,laboratory,S-057,LC-2574081,20260106T061500Z-QE24M
CAL-01064,G-0235,2025-06-03,2025-05-25,2025-05-28,2025-05-28,pass,0.002,0.25,-0.0005,-0.0005,0.5,-0.0002,-0.0002,0.75,-0.0001,-0.0001,,,,,,,dial calibrator DC-01,technician,E-0163,,20260106T061500Z-QE24M
CAL-01065,G-0151,2025-06-03,2025-05-28,2025-05-30,2025-06-01,pass,0.02,37.5,0.005,0.005,75.0,0.0,0.0,112.5,0.001,0.001,,,,,,,gauge block set GB-02,technician,E-0163,,20260106T061500Z-QE24M
CAL-01066,G-0180,2025-06-03,2025-05-29,2025-06-01,2025-06-02,pass,0.02,37.5,0.001,0.001,75.0,-0.004,-0.004,112.5,-0.002,-0.002,,,,,,,gauge block set GB-02,technician,E-0163,,20260106T061500Z-QE24M
CAL-01067,G-0036,2025-06-08,2025-06-03,2025-06-03,2025-06-03,pass,0.002,0.0,-0.0001,-0.0001,6.25,0.0003,0.0003,12.5,-0.0001,-0.0001,18.75,0.0008,0.0008,25.0,0.0006,0.0006,gauge block set GB-01,technician,E-0163,,20260106T061500Z-QE24M
CAL-01068,G-0098,2025-05-17,2025-06-01,2025-06-03,2025-06-03,pass,0.002,25.0,0.0,0.0,31.25,-0.0001,-0.0001,37.5,-0.0001,-0.0001,43.75,-0.0009,-0.0009,50.0,-0.0001,-0.0001,gauge block set GB-01,technician,E-0163,,20260106T061500Z-QE24M
CAL-01069,G-0238,2025-05-16,2025-06-03,2025-06-03,2025-06-04,pass,0.002,0.25,-0.0004,-0.0004,0.5,-0.0007,-0.0007,0.75,0.0007,0.0007,,,,,,,dial calibrator DC-01,technician,E-0163,,20260106T061500Z-QE24M
CAL-01070,G-0115,2025-06-07,2025-06-04,2025-06-04,2025-06-06,pass,0.002,50.0,-0.0001,-0.0001,56.25,0.0005,0.0005,62.5,0.0001,0.0001,68.75,-0.0001,-0.0001,75.0,0.0009,0.0009,gauge block set GB-01,technician,E-0163,,20260106T061500Z-QE24M
CAL-01071,G-0183,2025-06-10,2025-06-02,2025-06-04,2025-06-04,adjusted,0.02,37.5,0.006,-0.002,75.0,-0.006,0.003,112.5,0.011,0.001,,,,,,,gauge block set GB-02,technician,E-0163,,20260106T061500Z-QE24M
CAL-01072,G-0250,2025-06-11,2025-06-04,2025-06-04,2025-06-04,pass,0.002,0.25,0.0,0.0,0.5,-0.0009,-0.0009,0.75,-0.0007,-0.0007,,,,,,,dial calibrator DC-01,technician,E-0163,,20260106T061500Z-QE24M
CAL-01073,G-0064,2025-05-17,2025-06-07,2025-06-07,2025-06-07,pass,0.002,0.0,-0.0003,-0.0003,6.25,-0.0001,-0.0001,12.5,-0.0003,-0.0003,18.75,-0.0003,-0.0003,25.0,-0.0004,-0.0004,gauge block set GB-01,technician,E-0163,,20260106T061500Z-QE24M
CAL-01074,G-0105,2025-06-13,2025-06-06,2025-06-07,2025-06-07,pass,0.002,25.0,0.0001,0.0001,31.25,-0.0,-0.0,37.5,-0.0002,-0.0002,43.75,-0.0,-0.0,50.0,0.0003,0.0003,gauge block set GB-01,technician,E-0163,,20260106T061500Z-QE24M
CAL-01075,G-0048,2025-04-11,2025-06-08,2025-06-09,2025-06-10,pass,0.002,0.0,0.0001,0.0001,6.25,-0.0001,-0.0001,12.5,0.0002,0.0002,18.75,-0.0003,-0.0003,25.0,-0.0,-0.0,gauge block set GB-01,technician,E-0163,,20260106T061500Z-QE24M
CAL-01076,G-0110,2025-05-23,2025-06-09,2025-06-09,2025-06-11,pass,0.002,50.0,-0.0001,-0.0001,56.25,0.0001,0.0001,62.5,-0.0008,-0.0008,68.75,-0.0007,-0.0007,75.0,-0.0002,-0.0002,gauge block set GB-01,technician,E-0163,,20260106T061500Z-QE24M
CAL-01077,G-0252,2025-06-12,2025-06-06,2025-06-09,2025-06-11,pass,0.002,0.25,0.0005,0.0005,0.5,0.0005,0.0005,0.75,-0.0007,-0.0007,,,,,,,dial calibrator DC-01,technician,E-0163,,20260106T061500Z-QE24M
CAL-01078,G-0032,2025-06-12,2025-06-07,2025-06-10,2025-06-10,pass,0.002,0.0,-0.0005,-0.0005,6.25,-0.0007,-0.0007,12.5,-0.0003,-0.0003,18.75,-0.0004,-0.0004,25.0,-0.0008,-0.0008,gauge block set GB-01,technician,E-0163,,20260106T061500Z-QE24M
CAL-01079,G-0054,2025-05-04,2025-06-10,2025-06-10,2025-06-12,adjusted,0.002,0.0,0.0,-0.0002,6.25,0.0017,0.0,12.5,0.0003,-0.0001,18.75,0.0001,-0.0001,25.0,-0.0004,-0.0001,gauge block set GB-01,technician,E-0163,,20260106T061500Z-QE24M
CAL-01080,G-0103,2025-06-13,2025-06-07,2025-06-10,2025-06-10,adjusted,0.002,25.0,0.0007,0.0001,31.25,0.0007,-0.0001,37.5,0.0014,0.0,43.75,0.0003,0.0,50.0,0.0002,-0.0002,gauge block set GB-01,technician,E-0163,,20260106T061500Z-QE24M
CAL-01081,G-0030,2025-06-14,2025-06-08,2025-06-11,2025-06-12,pass,0.002,0.0,0.0004,0.0004,6.25,0.0003,0.0003,12.5,0.0006,0.0006,18.75,0.0003,0.0003,25.0,0.0001,0.0001,gauge block set GB-01,technician,E-0163,,20260106T061500Z-QE24M
CAL-01082,G-0084,2025-06-14,2025-06-12,2025-06-12,2025-06-14,pass,0.002,25.0,0.0004,0.0004,31.25,0.0007,0.0007,37.5,0.0001,0.0001,43.75,0.0004,0.0004,50.0,0.0011,0.0011,gauge block set GB-01,technician,E-0163,,20260106T061500Z-QE24M
CAL-01083,G-0049,2025-05-28,2025-06-13,2025-06-13,2025-06-13,adjusted,0.002,0.0,0.0005,-0.0001,6.25,0.0006,-0.0,12.5,0.0014,0.0001,18.75,-0.0002,0.0001,25.0,0.0002,-0.0001,gauge block set GB-01,technician,E-0163,,20260106T061500Z-QE24M
CAL-01084,G-0159,2025-06-14,2025-06-10,2025-06-13,2025-06-14,pass,0.02,37.5,-0.003,-0.003,75.0,-0.009,-0.009,112.5,0.004,0.004,,,,,,,gauge block set GB-02,technician,E-0163,,20260106T061500Z-QE24M
CAL-01085,G-0169,2025-06-21,2025-06-13,2025-06-14,2025-06-15,pass,0.02,37.5,-0.0,-0.0,75.0,0.001,0.001,112.5,-0.001,-0.001,,,,,,,gauge block set GB-02,technician,E-0163,,20260106T061500Z-QE24M
CAL-01086,G-0077,2025-05-09,2025-06-14,2025-06-15,2025-06-16,pass,0.002,25.0,-0.0,-0.0,31.25,-0.0005,-0.0005,37.5,-0.0003,-0.0003,43.75,0.0004,0.0004,50.0,0.0004,0.0004,gauge block set GB-01,technician,E-0163,,20260106T061500Z-QE24M
CAL-01087,G-0294,2025-05-21,2025-06-06,2025-06-17,2025-06-20,pass,0.001,25.5,-0.0002,-0.0002,,,,,,,,,,,,,laboratory reference,laboratory,S-057,LC-2519066,20260106T061500Z-QE24M
CAL-01088,G-0076,2025-06-21,2025-06-19,2025-06-19,2025-06-19,adjusted,0.002,25.0,0.0003,0.0002,31.25,0.0008,-0.0002,37.5,0.0008,-0.0002,43.75,-0.0003,-0.0,50.0,0.0011,-0.0001,gauge block set GB-01,technician,E-0163,,20260106T061500Z-QE24M
CAL-01089,G-0120,2025-05-13,2025-06-19,2025-06-21,2025-06-23,pass,0.002,50.0,-0.0006,-0.0006,56.25,-0.0006,-0.0006,62.5,-0.0002,-0.0002,68.75,-0.0001,-0.0001,75.0,-0.001,-0.001,gauge block set GB-01,technician,E-0163,,20260106T061500Z-QE24M
CAL-01090,G-0244,2025-05-12,2025-06-21,2025-06-22,2025-06-23,pass,0.002,0.25,0.0007,0.0007,0.5,-0.0006,-0.0006,0.75,-0.0004,-0.0004,,,,,,,dial calibrator DC-01,technician,E-0163,,20260106T061500Z-QE24M
CAL-01091,G-0249,2025-06-29,2025-06-22,2025-06-24,2025-06-25,adjusted,0.002,0.25,-0.001,-0.0005,0.5,0.0002,0.0001,0.75,-0.0011,0.0002,,,,,,,dial calibrator DC-01,technician,E-0163,,20260106T061500Z-QE24M
CAL-01092,G-0027,2025-06-30,2025-06-26,2025-06-26,2025-06-26,pass,0.0025,35.0,-0.0006,-0.0006,38.75,0.0002,0.0002,42.5,-0.0002,-0.0002,46.25,-0.0004,-0.0004,50.0,-0.0003,-0.0003,setting ring set SR-02,technician,E-0163,,20260106T061500Z-QE24M
CAL-01093,G-0029,2025-07-04,2025-06-26,2025-06-26,2025-06-27,adjusted,0.0025,35.0,-0.0018,0.0,38.75,-0.0005,0.0002,42.5,-0.0013,-0.0001,46.25,-0.001,-0.0002,50.0,-0.0005,-0.0002,setting ring set SR-02,technician,E-0163,,20260106T061500Z-QE24M
CAL-01094,G-0072,2025-07-04,2025-06-25,2025-06-26,2025-06-27,pass,0.002,25.0,0.0002,0.0002,31.25,0.0006,0.0006,37.5,-0.0003,-0.0003,43.75,-0.0007,-0.0007,50.0,-0.0,-0.0,gauge block set GB-01,technician,E-0163,,20260106T061500Z-QE24M
CAL-01095,G-0246,2025-07-01,2025-06-26,2025-06-28,2025-06-28,adjusted,0.002,0.25,0.0001,-0.0001,0.5,-0.0001,0.0002,0.75,-0.0015,-0.0001,,,,,,,dial calibrator DC-01,technician,E-0163,,20260106T061500Z-QE24M
CAL-01096,G-0019,2025-07-07,2025-06-29,2025-06-29,2025-07-01,adjusted,0.0025,10.0,0.0002,0.0004,12.0,0.0016,-0.0002,14.0,0.0005,0.0002,16.0,0.0002,0.0002,18.0,-0.0002,-0.0001,setting ring set SR-02,technician,E-0163,,20260106T061500Z-QE24M
CAL-01097,G-0040,2025-07-05,2025-06-29,2025-06-29,2025-06-29,pass,0.002,0.0,-0.0004,-0.0004,6.25,-0.0001,-0.0001,12.5,-0.0002,-0.0002,18.75,-0.0001,-0.0001,25.0,0.0001,0.0001,gauge block set GB-01,technician,E-0163,,20260106T061500Z-QE24M
CAL-01098,G-0124,2025-07-06,2025-06-28,2025-07-01,2025-07-02,pass,0.002,50.0,0.0004,0.0004,56.25,-0.0005,-0.0005,62.5,-0.0001,-0.0001,68.75,0.0001,0.0001,75.0,0.0004,0.0004,gauge block set GB-01,technician,E-0163,,20260106T061500Z-QE24M
CAL-01099,G-0010,2025-07-03,2025-06-29,2025-07-02,2025-07-04,pass,0.0025,6.0,-0.0005,-0.0005,7.0,0.0005,0.0005,8.0,-0.0004,-0.0004,9.0,-0.0004,-0.0004,10.0,-0.0002,-0.0002,setting ring set SR-02,technician,E-0163,,20260106T061500Z-QE24M
CAL-01100,G-0243,2025-07-10,2025-06-30,2025-07-02,2025-07-04,pass,0.002,0.25,0.0005,0.0005,0.5,-0.0,-0.0,0.75,0.0003,0.0003,,,,,,,dial calibrator DC-01,technician,E-0163,,20260106T061500Z-QE24M
CAL-01101,G-0108,2025-06-05,2025-07-01,2025-07-03,2025-07-03,adjusted,0.002,25.0,-0.0004,0.0002,31.25,-0.0004,-0.0002,37.5,-0.001,0.0,43.75,-0.0002,0.0,50.0,-0.0013,0.0002,gauge block set GB-01,technician,E-0163,,20260106T061500Z-QE24M
CAL-01102,G-0086,2025-07-13,2025-07-01,2025-07-04,2025-07-04,pass,0.002,25.0,-0.0001,-0.0001,31.25,0.0005,0.0005,37.5,0.0005,0.0005,43.75,0.0003,0.0003,50.0,0.0005,0.0005,gauge block set GB-01,technician,E-0163,,20260106T061500Z-QE24M
CAL-01103,G-0156,2025-07-10,2025-07-01,2025-07-04,2025-07-06,pass,0.02,37.5,0.003,0.003,75.0,-0.004,-0.004,112.5,0.007,0.007,,,,,,,gauge block set GB-02,technician,E-0163,,20260106T061500Z-QE24M
CAL-01104,G-0245,2025-07-06,2025-07-04,2025-07-04,2025-07-05,pass,0.002,0.25,-0.0005,-0.0005,0.5,-0.0008,-0.0008,0.75,0.0002,0.0002,,,,,,,dial calibrator DC-01,technician,E-0163,,20260106T061500Z-QE24M
CAL-01105,G-0248,2025-07-08,2025-07-04,2025-07-04,2025-07-05,pass,0.002,0.25,-0.0003,-0.0003,0.5,-0.0002,-0.0002,0.75,0.0003,0.0003,,,,,,,dial calibrator DC-01,technician,E-0163,,20260106T061500Z-QE24M
CAL-01106,G-0013,2025-07-11,2025-07-02,2025-07-05,2025-07-05,pass,0.0025,6.0,0.0006,0.0006,7.0,-0.0006,-0.0006,8.0,0.0007,0.0007,9.0,-0.0003,-0.0003,10.0,0.0002,0.0002,setting ring set SR-02,technician,E-0163,,20260106T061500Z-QE24M
CAL-01107,G-0284,2025-07-11,2025-06-28,2025-07-05,2025-07-10,pass,0.001,25.5,-0.0002,-0.0002,,,,,,,,,,,,,laboratory reference,laboratory,S-057,LC-2546822,20260106T061500Z-QE24M
CAL-01108,G-0166,2025-07-06,2025-07-04,2025-07-06,2025-07-08,pass,0.02,37.5,0.002,0.002,75.0,-0.006,-0.006,112.5,-0.002,-0.002,,,,,,,gauge block set GB-02,technician,E-0163,,20260106T061500Z-QE24M
CAL-01109,G-0168,2025-07-10,2025-07-04,2025-07-06,2025-07-07,pass,0.02,37.5,-0.003,-0.003,75.0,-0.005,-0.005,112.5,-0.001,-0.001,,,,,,,gauge block set GB-02,technician,E-0163,,20260106T061500Z-QE24M
CAL-01110,G-0005,2025-07-08,2025-07-07,2025-07-07,2025-07-09,pass,0.001,6.325,-0.0005,-0.0005,6.35,0.0,0.0,6.375,0.0003,0.0003,,,,,,,"setting masters, min and max",technician,E-0163,,20260106T061500Z-QE24M
CAL-01111,G-0031,2025-07-12,2025-07-09,2025-07-09,2025-07-10,pass,0.002,0.0,-0.0011,-0.0011,6.25,0.0005,0.0005,12.5,-0.0004,-0.0004,18.75,-0.0004,-0.0004,25.0,0.0,0.0,gauge block set GB-01,technician,E-0163,,20260106T061500Z-QE24M
CAL-01112,G-0009,2025-07-18,2025-07-09,2025-07-11,2025-07-11,pass,0.0025,6.0,-0.0007,-0.0007,7.0,-0.0001,-0.0001,8.0,0.0013,0.0013,9.0,0.001,0.001,10.0,0.0001,0.0001,setting ring set SR-02,technician,E-0163,,20260106T061500Z-QE24M
CAL-01113,G-0016,2025-07-14,2025-07-09,2025-07-11,2025-07-12,pass,0.0025,10.0,0.0,0.0,12.0,-0.0009,-0.0009,14.0,-0.0002,-0.0002,16.0,-0.0001,-0.0001,18.0,-0.0009,-0.0009,setting ring set SR-02,technician,E-0163,,20260106T061500Z-QE24M
CAL-01114,G-0034,2025-06-06,2025-07-10,2025-07-11,2025-07-11,pass,0.002,0.0,-0.0001,-0.0001,6.25,0.0005,0.0005,12.5,-0.0001,-0.0001,18.75,0.0007,0.0007,25.0,0.0002,0.0002,gauge block set GB-01,technician,E-0163,,20260106T061500Z-QE24M
CAL-01115,G-0247,2025-07-21,2025-07-09,2025-07-12,2025-07-12,pass,0.002,0.25,-0.0001,-0.0001,0.5,-0.0003,-0.0003,0.75,-0.0001,-0.0001,,,,,,,dial calibrator DC-01,technician,E-0163,,20260106T061500Z-QE24M
CAL-01116,G-0007,2025-07-21,2025-07-12,2025-07-13,2025-07-13,pass,0.001,50.014,0.0004,0.0004,51.92,0.0002,0.0002,53.825,-0.0003,-0.0003,,,,,,,"setting masters, min and max",technician,E-0163,,20260106T061500Z-QE24M
CAL-01117,G-0273,2025-05-22,2025-07-08,2025-07-13,2025-07-15,pass,0.001,25.5,0.0003,0.0003,,,,,,,,,,,,,laboratory reference,laboratory,S-057,LC-2571845,20260106T061500Z-QE24M
CAL-01118,G-0240,2025-05-15,2025-07-12,2025-07-14,2025-07-15,pass,0.002,0.25,-0.0002,-0.0002,0.5,-0.0005,-0.0005,0.75,0.0003,0.0003,,,,,,,dial calibrator DC-01,technician,E-0163,,20260106T061500Z-QE24M
CAL-01119,G-0063,2025-05-19,2025-07-14,2025-07-15,2025-07-16,pass,0.002,0.0,-0.0004,-0.0004,6.25,-0.0003,-0.0003,12.5,-0.0006,-0.0006,18.75,-0.0004,-0.0004,25.0,-0.0009,-0.0009,gauge block set GB-01,technician,E-0163,,20260106T061500Z-QE24M
CAL-01120,G-0171,2025-07-25,2025-07-14,2025-07-16,2025-07-17,pass,0.02,37.5,-0.004,-0.004,75.0,0.005,0.005,112.5,0.0,0.0,,,,,,,gauge block set GB-02,technician,E-0163,,20260106T061500Z-QE24M
CAL-01121,G-0203,2025-06-20,2025-07-15,2025-07-16,2025-07-18,pass,0.005,12.5,0.0002,0.0002,,,,,,,,,,,,,thread setting plug set,technician,E-0163,,20260106T061500Z-QE24M
CAL-01122,G-0004,2025-07-21,2025-07-14,2025-07-17,2025-07-17,pass,0.001,19.025,0.0002,0.0002,19.05,0.0004,0.0004,19.075,0.0002,0.0002,,,,,,,"setting masters, min and max",technician,E-0163,,20260106T061500Z-QE24M
CAL-01123,G-0090,2025-06-29,2025-07-15,2025-07-17,2025-07-17,adjusted,0.002,25.0,-0.0002,-0.0,31.25,-0.0005,0.0,37.5,0.0014,-0.0002,43.75,0.0006,0.0001,50.0,-0.001,0.0001,gauge block set GB-01,technician,E-0163,,20260106T061500Z-QE24M
CAL-01124,G-0026,2025-06-11,2025-07-18,2025-07-18,2025-07-19,pass,0.0025,35.0,0.0006,0.0006,38.75,0.001,0.001,42.5,0.0003,0.0003,46.25,0.0008,0.0008,50.0,0.0008,0.0008,setting ring set SR-02,technician,E-0163,,20260106T061500Z-QE24M
CAL-01125,G-0046,2025-06-07,2025-07-17,2025-07-18,2025-07-18,pass,0.002,0.0,0.0001,0.0001,6.25,-0.0006,-0.0006,12.5,0.0004,0.0004,18.75,0.0007,0.0007,25.0,0.0004,0.0004,gauge block set GB-01,technician,E-0163,,20260106T061500Z-QE24M
CAL-01126,G-0107,2025-06-03,2025-07-18,2025-07-18,2025-07-20,pass,0.002,25.0,-0.0,-0.0,31.25,-0.0002,-0.0002,37.5,-0.0001,-0.0001,43.75,0.0004,0.0004,50.0,-0.0005,-0.0005,gauge block set GB-01,technician,E-0163,,20260106T061500Z-QE24M
CAL-01127,G-0021,2025-07-21,2025-07-17,2025-07-19,2025-07-20,adjusted,0.0025,18.0,-0.0004,-0.0003,22.25,-0.0005,-0.0001,26.5,0.0005,-0.0003,30.75,-0.0004,-0.0001,35.0,-0.0015,0.0002,setting ring set SR-02,technician,E-0163,,20260106T061500Z-QE24M
CAL-01128,G-0087,2025-07-26,2025-07-18,2025-07-20,2025-07-21,pass,0.002,25.0,0.0002,0.0002,31.25,-0.0001,-0.0001,37.5,-0.0004,-0.0004,43.75,0.0003,0.0003,50.0,0.0004,0.0004,gauge block set GB-01,technician,E-0163,,20260106T061500Z-QE24M
CAL-01129,G-0118,2025-06-05,2025-07-21,2025-07-21,2025-07-23,pass,0.002,50.0,-0.0003,-0.0003,56.25,0.0003,0.0003,62.5,-0.0002,-0.0002,68.75,0.0003,0.0003,75.0,0.0006,0.0006,gauge block set GB-01,technician,E-0163,,20260106T061500Z-QE24M
CAL-01130,G-0218,2025-06-17,2025-07-21,2025-07-21,2025-07-23,pass,0.005,12.5,0.0007,0.0007,,,,,,,,,,,,,thread setting plug set,technician,E-0163,,20260106T061500Z-QE24M
CAL-01131,G-0015,2025-06-02,2025-07-22,2025-07-22,2025-07-24,pass,0.0025,10.0,-0.0004,-0.0004,12.0,0.0003,0.0003,14.0,0.0001,0.0001,16.0,-0.0002,-0.0002,18.0,0.0002,0.0002,setting ring set SR-02,technician,E-0163,,20260106T061500Z-QE24M
CAL-01132,G-0262,2025-07-28,2025-07-23,2025-07-24,2025-07-24,pass,0.002,0.25,0.0001,0.0001,0.5,-0.0003,-0.0003,0.75,-0.0009,-0.0009,,,,,,,dial calibrator DC-01,technician,E-0163,,20260106T061500Z-QE24M
CAL-01133,G-0195,2025-07-31,2025-07-25,2025-07-26,2025-07-26,pass,0.02,75.0,0.001,0.001,150.0,0.003,0.003,225.0,0.002,0.002,,,,,,,gauge block set GB-02,technician,E-0163,,20260106T061500Z-QE24M
CAL-01134,G-0083,2025-08-02,2025-07-29,2025-07-30,2025-07-30,pass,0.002,25.0,-0.0005,-0.0005,31.25,-0.0009,-0.0009,37.5,-0.0002,-0.0002,43.75,-0.0003,-0.0003,50.0,-0.001,-0.001,gauge block set GB-01,technician,E-0163,,20260106T061500Z-QE24M
CAL-01135,G-0154,2025-08-06,2025-07-31,2025-07-31,2025-07-31,pass,0.02,37.5,-0.005,-0.005,75.0,-0.001,-0.001,112.5,0.0,0.0,,,,,,,gauge block set GB-02,technician,E-0163,,20260106T061500Z-QE24M
CAL-01136,G-0088,2025-08-10,2025-08-01,2025-08-01,2025-08-01,pass,0.002,25.0,-0.0008,-0.0008,31.25,0.0005,0.0005,37.5,0.0002,0.0002,43.75,0.0005,0.0005,50.0,0.0003,0.0003,gauge block set GB-01,technician,E-0163,,20260106T061500Z-QE24M
CAL-01137,G-0174,2025-08-05,2025-07-29,2025-08-01,2025-08-01,pass,0.02,37.5,-0.002,-0.002,75.0,0.004,0.004,112.5,-0.008,-0.008,,,,,,,gauge block set GB-02,technician,E-0163,,20260106T061500Z-QE24M
CAL-01138,G-0089,2025-06-20,2025-08-01,2025-08-02,2025-08-03,pass,0.002,25.0,0.0003,0.0003,31.25,-0.0003,-0.0003,37.5,0.001,0.001,43.75,0.0007,0.0007,50.0,0.0005,0.0005,gauge block set GB-01,technician,E-0163,,20260106T061500Z-QE24M
CAL-01139,G-0231,2025-08-07,2025-08-01,2025-08-02,2025-08-03,pass,0.05,5.333,0.014,0.014,10.667,0.006,0.006,,,,,,,,,,roughness specimen set,technician,E-0163,,20260106T061500Z-QE24M
CAL-01140,G-0236,2025-08-05,2025-07-31,2025-08-02,2025-08-04,pass,0.002,0.25,-0.0002,-0.0002,0.5,0.0002,0.0002,0.75,-0.0008,-0.0008,,,,,,,dial calibrator DC-01,technician,E-0163,,20260106T061500Z-QE24M
CAL-01141,G-0135,2025-08-05,2025-08-01,2025-08-04,2025-08-06,pass,0.02,37.5,-0.005,-0.005,75.0,0.002,0.002,112.5,-0.002,-0.002,,,,,,,gauge block set GB-02,technician,E-0163,,20260106T061500Z-QE24M
CAL-01142,G-0217,2025-08-07,2025-08-01,2025-08-04,2025-08-06,pass,0.005,12.5,-0.0012,-0.0012,,,,,,,,,,,,,thread setting plug set,technician,E-0163,,20260106T061500Z-QE24M
CAL-01143,G-0043,2025-08-11,2025-08-04,2025-08-05,2025-08-05,pass,0.002,0.0,0.0004,0.0004,6.25,0.0007,0.0007,12.5,0.001,0.001,18.75,-0.0001,-0.0001,25.0,0.001,0.001,gauge block set GB-01,technician,E-0163,,20260106T061500Z-QE24M
CAL-01144,G-0123,2025-08-09,2025-08-04,2025-08-05,2025-08-05,pass,0.002,50.0,-0.0002,-0.0002,56.25,-0.0005,-0.0005,62.5,0.0003,0.0003,68.75,0.0,0.0,75.0,-0.0003,-0.0003,gauge block set GB-01,technician,E-0163,,20260106T061500Z-QE24M
CAL-01145,G-0185,2025-08-09,2025-08-05,2025-08-05,2025-08-05,adjusted,0.02,37.5,0.007,-0.003,75.0,0.012,0.001,112.5,0.002,0.0,,,,,,,gauge block set GB-02,technician,E-0163,,20260106T061500Z-QE24M
CAL-01146,G-0008,2025-08-11,2025-08-06,2025-08-06,2025-08-07,pass,0.0025,18.0,0.0005,0.0005,22.25,0.0008,0.0008,26.5,0.0008,0.0008,30.75,0.0014,0.0014,35.0,0.001,0.001,setting ring set SR-02,technician,E-0163,,20260106T061500Z-QE24M
CAL-01147,G-0011,2025-08-07,2025-08-06,2025-08-07,2025-08-07,adjusted,0.0025,6.0,-0.0005,-0.0,7.0,-0.0009,-0.0001,8.0,-0.0001,-0.0002,9.0,-0.0012,0.0,10.0,-0.0016,0.0,setting ring set SR-02,technician,E-0163,,20260106T061500Z-QE24M
CAL-01148,G-0020,2025-08-13,2025-08-07,2025-08-07,2025-08-08,pass,0.0025,18.0,0.0003,0.0003,22.25,0.0003,0.0003,26.5,0.0005,0.0005,30.75,-0.0001,-0.0001,35.0,-0.0001,-0.0001,setting ring set SR-02,technician,E-0163,,20260106T061500Z-QE24M
CAL-01149,G-0099,2025-08-16,2025-08-06,2025-08-08,2025-08-09,adjusted,0.002,25.0,0.0008,-0.0001,31.25,0.0008,-0.0,37.5,0.0006,0.0003,43.75,0.0001,-0.0004,50.0,0.0012,-0.0002,gauge block set GB-01,technician,E-0163,,20260106T061500Z-QE24M
CAL-01150,G-0202,2025-07-11,2025-08-09,2025-08-09,2025-08-10,pass,0.005,12.5,0.0007,0.0007,,,,,,,,,,,,,thread setting plug set,technician,E-0163,,20260106T061500Z-QE24M
CAL-01151,G-0233,2025-08-18,2025-08-10,2025-08-10,2025-08-11,pass,0.002,0.25,0.0004,0.0004,0.5,0.0005,0.0005,0.75,0.0002,0.0002,,,,,,,dial calibrator DC-01,technician,E-0163,,20260106T061500Z-QE24M
CAL-01152,G-0242,2025-08-17,2025-08-08,2025-08-10,2025-08-12,pass,0.002,0.25,-0.0007,-0.0007,0.5,0.0004,0.0004,0.75,0.0004,0.0004,,,,,,,dial calibrator DC-01,technician,E-0163,,20260106T061500Z-QE24M
CAL-01153,G-0074,2025-07-11,2025-08-10,2025-08-12,2025-08-12,pass,0.002,25.0,0.0002,0.0002,31.25,0.0006,0.0006,37.5,0.0004,0.0004,43.75,0.0001,0.0001,50.0,-0.0003,-0.0003,gauge block set GB-01,technician,E-0163,,20260106T061500Z-QE24M
CAL-01154,G-0080,2025-08-21,2025-08-11,2025-08-12,2025-08-14,pass,0.002,25.0,0.0003,0.0003,31.25,-0.0001,-0.0001,37.5,0.0002,0.0002,43.75,0.0007,0.0007,50.0,0.0003,0.0003,gauge block set GB-01,technician,E-0163,,20260106T061500Z-QE24M
CAL-01155,G-0179,2025-07-14,2025-08-12,2025-08-13,2025-08-15,pass,0.02,37.5,0.003,0.003,75.0,-0.001,-0.001,112.5,-0.002,-0.002,,,,,,,gauge block set GB-02,technician,E-0163,,20260106T061500Z-QE24M
CAL-01156,G-0078,2025-08-17,2025-08-13,2025-08-15,2025-08-17,pass,0.002,25.0,0.0003,0.0003,31.25,-0.0007,-0.0007,37.5,-0.0007,-0.0007,43.75,-0.0,-0.0,50.0,-0.0004,-0.0004,gauge block set GB-01,technician,E-0163,,20260106T061500Z-QE24M
CAL-01157,G-0092,2025-07-21,2025-08-14,2025-08-15,2025-08-17,pass,0.002,25.0,0.0003,0.0003,31.25,0.0001,0.0001,37.5,0.0001,0.0001,43.75,0.0005,0.0005,50.0,0.0003,0.0003,gauge block set GB-01,technician,E-0163,,20260106T061500Z-QE24M
CAL-01158,G-0122,2025-07-18,2025-08-14,2025-08-15,2025-08-16,pass,0.002,50.0,0.0004,0.0004,56.25,-0.0002,-0.0002,62.5,-0.0,-0.0,68.75,0.0006,0.0006,75.0,-0.0003,-0.0003,gauge block set GB-01,technician,E-0163,,20260106T061500Z-QE24M
CAL-01159,G-0251,2025-07-26,2025-08-15,2025-08-15,2025-08-15,pass,0.002,0.25,0.0001,0.0001,0.5,-0.0,-0.0,0.75,0.0002,0.0002,,,,,,,dial calibrator DC-01,technician,E-0163,,20260106T061500Z-QE24M
CAL-01160,G-0126,2025-08-21,2025-08-15,2025-08-16,2025-08-18,pass,0.02,37.5,-0.002,-0.002,75.0,0.007,0.007,112.5,0.001,0.001,,,,,,,gauge block set GB-02,technician,E-0163,,20260106T061500Z-QE24M
CAL-01161,G-0053,2025-07-18,2025-08-17,2025-08-17,2025-08-19,adjusted,0.002,0.0,-0.0017,-0.0001,6.25,-0.0006,0.0001,12.5,-0.0004,-0.0001,18.75,0.0001,0.0,25.0,-0.0008,-0.0001,gauge block set GB-01,technician,E-0163,,20260106T061500Z-QE24M
CAL-01162,G-0258,2025-08-26,2025-08-15,2025-08-17,2025-08-17,pass,0.002,0.25,0.0004,0.0004,0.5,0.0008,0.0008,0.75,0.0007,0.0007,,,,,,,dial calibrator DC-01,technician,E-0163,,20260106T061500Z-QE24M
CAL-01163,G-0006,2025-08-21,2025-08-16,2025-08-18,2025-08-18,pass,0.001,40.626,-0.0001,-0.0001,40.71,0.0,0.0,40.793,-0.0002,-0.0002,,,,,,,"setting masters, min and max",technician,E-0163,,20260106T061500Z-QE24M
CAL-01164,G-0165,2025-07-03,2025-08-18,2025-08-18,2025-08-19,pass,0.02,37.5,0.0,0.0,75.0,0.003,0.003,112.5,-0.01,-0.01,,,,,,,gauge block set GB-02,technician,E-0163,,20260106T061500Z-QE24M
CAL-01165,G-0095,2025-08-26,2025-08-16,2025-08-19,2025-08-21,pass,0.002,25.0,0.0008,0.0008,31.25,0.0003,0.0003,37.5,-0.0007,-0.0007,43.75,0.0005,0.0005,50.0,-0.0005,-0.0005,gauge block set GB-01,technician,E-0163,,20260106T061500Z-QE24M
CAL-01166,G-0129,2025-07-16,2025-08-19,2025-08-19,2025-08-21,pass,0.02,37.5,0.006,0.006,75.0,0.007,0.007,112.5,0.0,0.0,,,,,,,gauge block set GB-02,technician,E-0163,,20260106T061500Z-QE24M
CAL-01167,G-0199,2025-07-04,2025-08-19,2025-08-19,2025-08-19,pass,0.02,75.0,0.003,0.003,150.0,-0.002,-0.002,225.0,0.004,0.004,,,,,,,gauge block set GB-02,technician,E-0163,,20260106T061500Z-QE24M
CAL-01168,G-0037,2025-08-20,2025-08-18,2025-08-20,2025-08-21,pass,0.002,0.0,-0.0002,-0.0002,6.25,0.0,0.0,12.5,-0.0,-0.0,18.75,0.0,0.0,25.0,0.0006,0.0006,gauge block set GB-01,technician,E-0163,,20260106T061500Z-QE24M
CAL-01169,G-0056,2025-08-28,2025-08-18,2025-08-20,2025-08-22,pass,0.002,0.0,0.0,0.0,6.25,-0.0005,-0.0005,12.5,-0.0007,-0.0007,18.75,0.0003,0.0003,25.0,0.0003,0.0003,gauge block set GB-01,technician,E-0163,,20260106T061500Z-QE24M
CAL-01170,G-0071,2025-08-25,2025-08-17,2025-08-20,2025-08-21,adjusted,0.002,25.0,0.0003,-0.0001,31.25,-0.0002,0.0002,37.5,0.0005,0.0,43.75,0.0012,0.0001,50.0,0.0002,-0.0004,gauge block set GB-01,technician,E-0163,,20260106T061500Z-QE24M
CAL-01171,G-0106,2025-07-11,2025-08-20,2025-08-20,2025-08-21,pass,0.002,25.0,-0.0001,-0.0001,31.25,-0.0004,-0.0004,37.5,-0.0007,-0.0007,43.75,-0.0002,-0.0002,50.0,-0.0003,-0.0003,gauge block set GB-01,technician,E-0163,,20260106T061500Z-QE24M
CAL-01172,G-0227,2025-08-22,2025-08-19,2025-08-20,2025-08-20,pass,0.005,12.5,-0.0008,-0.0008,,,,,,,,,,,,,thread setting plug set,technician,E-0163,,20260106T061500Z-QE24M
CAL-01173,G-0140,2025-08-25,2025-08-18,2025-08-21,2025-08-22,pass,0.02,37.5,0.001,0.001,75.0,-0.003,-0.003,112.5,-0.002,-0.002,,,,,,,gauge block set GB-02,technician,E-0163,,20260106T061500Z-QE24M
CAL-01174,G-0097,2025-07-20,2025-08-21,2025-08-22,2025-08-24,adjusted,0.002,25.0,-0.0008,-0.0002,31.25,0.0,0.0,37.5,0.0004,-0.0002,43.75,0.0012,0.0001,50.0,-0.0001,-0.0002,gauge block set GB-01,technician,E-0163,,20260106T061500Z-QE24M
CAL-01175,G-0003,2025-09-01,2025-08-18,2025-08-26,2025-08-29,adjusted,0.003,75.0,-0.0007,-0.0005,150.0,-0.0015,-0.0002,225.0,-0.0017,0.0,,,,,,,glass scale,laboratory,S-057,LC-2565165,20260106T061500Z-QE24M
CAL-01176,G-0167,2025-08-28,2025-08-26,2025-08-26,2025-08-26,pass,0.02,37.5,-0.005,-0.005,75.0,-0.003,-0.003,112.5,-0.001,-0.001,,,,,,,gauge block set GB-02,technician,E-0163,,20260106T061500Z-QE24M
CAL-01177,G-0114,2025-08-27,2025-08-24,2025-08-27,2025-08-29,pass,0.002,50.0,0.0005,0.0005,56.25,0.0,0.0,62.5,0.0005,0.0005,68.75,0.0002,0.0002,75.0,0.0004,0.0004,gauge block set GB-01,technician,E-0163,,20260106T061500Z-QE24M
CAL-01178,G-0044,2025-09-09,2025-08-30,2025-08-31,2025-08-31,pass,0.002,0.0,-0.0009,-0.0009,6.25,-0.0005,-0.0005,12.5,0.0005,0.0005,18.75,-0.0002,-0.0002,25.0,0.0003,0.0003,gauge block set GB-01,technician,E-0163,,20260106T061500Z-QE24M
CAL-01179,G-0067,2025-09-08,2025-08-28,2025-08-31,2025-08-31,pass,0.002,25.0,0.0004,0.0004,31.25,-0.0002,-0.0002,37.5,0.0001,0.0001,43.75,-0.0003,-0.0003,50.0,0.0002,0.0002,gauge block set GB-01,technician,E-0163,,20260106T061500Z-QE24M
CAL-01180,G-0238,2025-09-03,2025-09-01,2025-09-01,2025-09-03,pass,0.002,0.25,0.0004,0.0004,0.5,-0.0005,-0.0005,0.75,0.0009,0.0009,,,,,,,dial calibrator DC-01,technician,E-0163,,20260106T061500Z-QE24M
CAL-01181,G-0252,2025-09-09,2025-09-02,2025-09-02,2025-09-02,pass,0.002,0.25,0.0001,0.0001,0.5,-0.0006,-0.0006,0.75,-0.0006,-0.0006,,,,,,,dial calibrator DC-01,technician,E-0163,,20260106T061500Z-QE24M
CAL-01182,G-0042,2025-08-09,2025-09-01,2025-09-03,2025-09-05,pass,0.002,0.0,-0.0007,-0.0007,6.25,-0.0004,-0.0004,12.5,-0.0006,-0.0006,18.75,-0.0001,-0.0001,25.0,-0.0,-0.0,gauge block set GB-01,technician,E-0163,,20260106T061500Z-QE24M
CAL-01183,G-0193,2025-09-11,2025-09-02,2025-09-03,2025-09-05,pass,0.02,75.0,0.002,0.002,150.0,0.001,0.001,225.0,0.003,0.003,,,,,,,gauge block set GB-02,technician,E-0163,,20260106T061500Z-QE24M
CAL-01184,G-0250,2025-09-04,2025-09-01,2025-09-03,2025-09-05,pass,0.002,0.25,-0.0001,-0.0001,0.5,-0.0007,-0.0007,0.75,-0.0003,-0.0003,,,,,,,dial calibrator DC-01,technician,E-0163,,20260106T061500Z-QE24M
CAL-01185,G-0263,2025-07-19,2025-08-27,2025-09-03,2025-09-07,pass,0.001,25.5,0.0001,0.0001,,,,,,,,,,,,,laboratory reference,laboratory,S-057,LC-2585945,20260106T061500Z-QE24M
CAL-01186,G-0265,2025-09-04,2025-08-28,2025-09-03,2025-09-07,pass,0.001,25.5,-0.0001,-0.0001,,,,,,,,,,,,,laboratory reference,laboratory,S-057,LC-2562712,20260106T061500Z-QE24M
CAL-01187,G-0091,2025-09-13,2025-09-07,2025-09-07,2025-09-09,pass,0.002,25.0,0.0001,0.0001,31.25,0.0004,0.0004,37.5,0.0003,0.0003,43.75,0.0002,0.0002,50.0,0.0005,0.0005,gauge block set GB-01,technician,E-0163,,20260106T061500Z-QE24M
CAL-01188,G-0297,2025-08-23,2025-08-30,2025-09-07,2025-09-10,pass,0.001,25.5,-0.0003,-0.0003,,,,,,,,,,,,,laboratory reference,laboratory,S-057,LC-2553015,20260106T061500Z-QE24M
CAL-01189,G-0059,2025-09-10,2025-09-05,2025-09-08,2025-09-10,pass,0.002,0.0,0.0004,0.0004,6.25,0.0005,0.0005,12.5,0.0006,0.0006,18.75,0.0011,0.0011,25.0,0.0003,0.0003,gauge block set GB-01,technician,E-0163,,20260106T061500Z-QE24M
CAL-01190,G-0141,2025-09-12,2025-09-05,2025-09-08,2025-09-10,pass,0.02,37.5,0.006,0.006,75.0,0.006,0.006,112.5,0.002,0.002,,,,,,,gauge block set GB-02,technician,E-0163,,20260106T061500Z-QE24M
CAL-01191,G-0291,2025-08-01,2025-09-01,2025-09-08,2025-09-10,pass,0.001,25.5,0.0004,0.0004,,,,,,,,,,,,,laboratory reference,laboratory,S-057,LC-2530925,20260106T061500Z-QE24M
CAL-01192,G-0055,2025-09-17,2025-09-07,2025-09-09,2025-09-09,pass,0.002,0.0,0.0002,0.0002,6.25,-0.0001,-0.0001,12.5,0.0006,0.0006,18.75,0.001,0.001,25.0,-0.0,-0.0,gauge block set GB-01,technician,E-0163,,20260106T061500Z-QE24M
CAL-01193,G-0081,2025-08-12,2025-09-09,2025-09-09,2025-09-09,pass,0.002,25.0,0.0,0.0,31.25,0.0008,0.0008,37.5,0.0003,0.0003,43.75,0.001,0.001,50.0,0.0005,0.0005,gauge block set GB-01,technician,E-0163,,20260106T061500Z-QE24M
CAL-01194,G-0096,2025-09-14,2025-09-06,2025-09-09,2025-09-09,pass,0.002,25.0,0.0,0.0,31.25,0.0004,0.0004,37.5,0.0003,0.0003,43.75,-0.0001,-0.0001,50.0,0.0001,0.0001,gauge block set GB-01,technician,E-0163,,20260106T061500Z-QE24M
CAL-01195,G-0198,2025-09-15,2025-09-08,2025-09-09,2025-09-09,pass,0.02,75.0,-0.0,-0.0,150.0,-0.003,-0.003,225.0,0.005,0.005,,,,,,,gauge block set GB-02,technician,E-0163,,20260106T061500Z-QE24M
CAL-01196,G-0150,2025-09-14,2025-09-09,2025-09-10,2025-09-10,pass,0.02,37.5,0.008,0.008,75.0,-0.001,-0.001,112.5,0.003,0.003,,,,,,,gauge block set GB-02,technician,E-0163,,20260106T061500Z-QE24M
CAL-01197,G-0181,2025-09-13,2025-09-07,2025-09-10,2025-09-10,pass,0.02,37.5,-0.001,-0.001,75.0,-0.002,-0.002,112.5,0.003,0.003,,,,,,,gauge block set GB-02,technician,E-0163,,20260106T061500Z-QE24M
CAL-01198,G-0209,2025-07-13,2025-09-09,2025-09-10,2025-09-12,pass,0.005,12.5,0.0001,0.0001,,,,,,,,,,,,,thread setting plug set,technician,E-0163,,20260106T061500Z-QE24M
CAL-01199,G-0069,2025-09-14,2025-09-10,2025-09-12,2025-09-14,pass,0.002,25.0,0.0007,0.0007,31.25,0.0006,0.0006,37.5,-0.0004,-0.0004,43.75,-0.0005,-0.0005,50.0,0.0008,0.0008,gauge block set GB-01,technician,E-0163,,20260106T061500Z-QE24M
CAL-01200,G-0138,2025-09-20,2025-09-12,2025-09-12,2025-09-14,pass,0.02,37.5,-0.005,-0.005,75.0,-0.005,-0.005,112.5,0.008,0.008,,,,,,,gauge block set GB-02,technician,E-0163,,20260106T061500Z-QE24M
CAL-01201,G-0228,2025-08-12,2025-09-12,2025-09-12,2025-09-13,pass,0.005,12.5,-0.0005,-0.0005,,,,,,,,,,,,,thread setting plug set,technician,E-0163,,20260106T061500Z-QE24M
CAL-01202,G-0221,2025-09-20,2025-09-11,2025-09-13,2025-09-13,pass,0.005,12.5,-0.0007,-0.0007,,,,,,,,,,,,,thread setting plug set,technician,E-0163,,20260106T061500Z-QE24M
CAL-01203,G-0033,2025-08-08,2025-09-14,2025-09-16,2025-09-16,pass,0.002,0.0,0.0002,0.0002,6.25,-0.0004,-0.0004,12.5,0.0001,0.0001,18.75,0.0,0.0,25.0,-0.0004,-0.0004,gauge block set GB-01,technician,E-0163,,20260106T061500Z-QE24M
CAL-01204,G-0208,2025-08-07,2025-09-14,2025-09-16,2025-09-16,pass,0.005,12.5,-0.0016,-0.0016,,,,,,,,,,,,,thread setting plug set,technician,E-0163,,20260106T061500Z-QE24M
CAL-01205,G-0257,2025-09-18,2025-09-15,2025-09-16,2025-09-17,pass,0.002,0.25,-0.0001,-0.0001,0.5,-0.0002,-0.0002,0.75,0.0008,0.0008,,,,,,,dial calibrator DC-01,technician,E-0163,,20260106T061500Z-QE24M
CAL-01206,G-0050,2025-09-17,2025-09-16,2025-09-17,2025-09-17,pass,0.002,0.0,0.0001,0.0001,6.25,-0.0005,-0.0005,12.5,0.001,0.001,18.75,0.0009,0.0009,25.0,0.0004,0.0004,gauge block set GB-01,technician,E-0163,,20260106T061500Z-QE24M
CAL-01207,G-0082,2025-09-20,2025-09-16,2025-09-17,2025-09-18,pass,0.002,25.0,0.0003,0.0003,31.25,0.0004,0.0004,37.5,0.0002,0.0002,43.75,0.0009,0.0009,50.0,0.0009,0.0009,gauge block set GB-01,technician,E-0163,,20260106T061500Z-QE24M
CAL-01208,G-0235,2025-08-28,2025-09-15,2025-09-17,2025-09-18,pass,0.002,0.25,-0.0,-0.0,0.5,0.0002,0.0002,0.75,0.0002,0.0002,,,,,,,dial calibrator DC-01,technician,E-0163,,20260106T061500Z-QE24M
CAL-01209,G-0298,2025-08-13,2025-09-08,2025-09-17,2025-09-22,pass,0.001,25.5,0.0001,0.0001,,,,,,,,,,,,,laboratory reference,laboratory,S-057,LC-2540264,20260106T061500Z-QE24M
CAL-01210,G-0153,2025-09-20,2025-09-18,2025-09-19,2025-09-21,adjusted,0.02,37.5,-0.012,-0.0,75.0,-0.008,-0.001,112.5,-0.007,0.0,,,,,,,gauge block set GB-02,technician,E-0163,,20260106T061500Z-QE24M
CAL-01211,G-0158,2025-08-17,2025-09-19,2025-09-19,2025-09-21,pass,0.02,37.5,-0.011,-0.011,75.0,-0.004,-0.004,112.5,-0.0,-0.0,,,,,,,gauge block set GB-02,technician,E-0163,,20260106T061500Z-QE24M
CAL-01212,G-0019,2025-09-29,2025-09-20,2025-09-20,2025-09-20,pass,0.0025,10.0,-0.0004,-0.0004,12.0,-0.0008,-0.0008,14.0,-0.0004,-0.0004,16.0,-0.0005,-0.0005,18.0,0.0002,0.0002,setting ring set SR-02,technician,E-0163,,20260106T061500Z-QE24M
CAL-01213,G-0269,2025-08-01,2025-09-13,2025-09-21,2025-09-25,pass,0.001,25.5,0.0,0.0,,,,,,,,,,,,,laboratory reference,laboratory,S-057,LC-2541081,20260106T061500Z-QE24M
CAL-01214,G-0027,2025-09-26,2025-09-22,2025-09-22,2025-09-24,pass,0.0025,35.0,0.0003,0.0003,38.75,-0.0006,-0.0006,42.5,-0.0006,-0.0006,46.25,-0.0005,-0.0005,50.0,-0.0005,-0.0005,setting ring set SR-02,technician,E-0163,,20260106T061500Z-QE24M
CAL-01215,G-0035,2025-09-29,2025-09-20,2025-09-22,2025-09-24,pass,0.002,0.0,0.0008,0.0008,6.25,0.001,0.001,12.5,0.0007,0.0007,18.75,-0.0001,-0.0001,25.0,-0.0002,-0.0002,gauge block set GB-01,technician,E-0163,,20260106T061500Z-QE24M
CAL-01216,G-0160,2025-09-22,2025-09-20,2025-09-22,2025-09-23,pass,0.02,37.5,-0.002,-0.002,75.0,0.002,0.002,112.5,0.004,0.004,,,,,,,gauge block set GB-02,technician,E-0163,,20260106T061500Z-QE24M
CAL-01217,G-0256,2025-08-19,2025-09-20,2025-09-22,2025-09-24,pass,0.002,0.25,0.0002,0.0002,0.5,0.0004,0.0004,0.75,0.0003,0.0003,,,,,,,dial calibrator DC-01,technician,E-0163,,20260106T061500Z-QE24M
CAL-01218,G-0249,2025-09-24,2025-09-22,2025-09-23,2025-09-25,adjusted,0.002,0.25,-0.0011,-0.0002,0.5,-0.0007,0.0,0.75,-0.0003,0.0001,,,,,,,dial calibrator DC-01,technician,E-0163,,20260106T061500Z-QE24M
CAL-01219,G-0116,2025-10-03,2025-09-22,2025-09-24,2025-09-24,pass,0.002,50.0,-0.0005,-0.0005,56.25,0.0006,0.0006,62.5,0.0002,0.0002,68.75,0.0005,0.0005,75.0,-0.0001,-0.0001,gauge block set GB-01,technician,E-0163,,20260106T061500Z-QE24M
CAL-01220,G-0230,2025-10-01,2025-09-25,2025-09-25,2025-09-27,pass,0.05,5.333,0.025,0.025,10.667,0.002,0.002,,,,,,,,,,roughness specimen set,technician,E-0163,,20260106T061500Z-QE24M
CAL-01221,G-0029,2025-09-26,2025-09-25,2025-09-26,2025-09-26,pass,0.0025,35.0,-0.0009,-0.0009,38.75,0.0008,0.0008,42.5,0.0002,0.0002,46.25,0.0001,0.0001,50.0,-0.0011,-0.0011,setting ring set SR-02,technician,E-0163,,20260106T061500Z-QE24M
CAL-01222,G-0245,2025-10-04,2025-09-26,2025-09-26,2025-09-27,pass,0.002,0.25,-0.0004,-0.0004,0.5,0.0001,0.0001,0.75,0.0002,0.0002,,,,,,,dial calibrator DC-01,technician,E-0163,,20260106T061500Z-QE24M
CAL-01223,G-0173,2025-10-03,2025-09-27,2025-09-27,2025-09-28,adjusted,0.02,37.5,0.003,-0.0,75.0,0.014,0.001,112.5,0.001,0.002,,,,,,,gauge block set GB-02,technician,E-0163,,20260106T061500Z-QE24M
CAL-01224,G-0243,2025-10-02,2025-09-26,2025-09-27,2025-09-29,pass,0.002,0.25,0.0003,0.0003,0.5,-0.0005,-0.0005,0.75,-0.0004,-0.0004,,,,,,,dial calibrator DC-01,technician,E-0163,,20260106T061500Z-QE24M
CAL-01225,G-0058,2025-09-29,2025-09-25,2025-09-28,2025-09-28,pass,0.002,0.0,-0.0001,-0.0001,6.25,0.0001,0.0001,12.5,-0.0001,-0.0001,18.75,0.0001,0.0001,25.0,-0.0003,-0.0003,gauge block set GB-01,technician,E-0163,,20260106T061500Z-QE24M
CAL-01226,G-0248,2025-10-04,2025-09-28,2025-09-29,2025-09-30,pass,0.002,0.25,-0.0001,-0.0001,0.5,0.0009,0.0009,0.75,0.0002,0.0002,,,,,,,dial calibrator DC-01,technician,E-0163,,20260106T061500Z-QE24M
CAL-01227,G-0010,2025-10-02,2025-09-27,2025-09-30,2025-10-02,pass,0.0025,6.0,0.0005,0.0005,7.0,-0.0001,-0.0001,8.0,-0.0006,-0.0006,9.0,-0.0007,-0.0007,10.0,-0.0004,-0.0004,setting ring set SR-02,technician,E-0163,,20260106T061500Z-QE24M
CAL-01228,G-0038,2025-10-01,2025-09-30,2025-10-01,2025-10-02,pass,0.002,0.0,0.0003,0.0003,6.25,0.0,0.0,12.5,0.0006,0.0006,18.75,-0.0004,-0.0004,25.0,-0.0002,-0.0002,gauge block set GB-01,technician,E-0163,,20260106T061500Z-QE24M
CAL-01229,G-0005,2025-10-07,2025-10-02,2025-10-02,2025-10-02,pass,0.001,6.325,-0.0002,-0.0002,6.35,0.0001,0.0001,6.375,-0.0,-0.0,,,,,,,"setting masters, min and max",technician,E-0163,,20260106T061500Z-QE24M
CAL-01230,G-0016,2025-10-11,2025-09-29,2025-10-02,2025-10-04,pass,0.0025,10.0,-0.0003,-0.0003,12.0,-0.0002,-0.0002,14.0,-0.0003,-0.0003,16.0,-0.0,-0.0,18.0,0.0006,0.0006,setting ring set SR-02,technician,E-0163,,20260106T061500Z-QE24M
CAL-01231,G-0132,2025-10-09,2025-09-29,2025-10-02,2025-10-03,pass,0.02,37.5,-0.006,-0.006,75.0,0.002,0.002,112.5,-0.003,-0.003,,,,,,,gauge block set GB-02,technician,E-0163,,20260106T061500Z-QE24M
CAL-01232,G-0093,2025-10-04,2025-10-03,2025-10-03,2025-10-05,pass,0.002,25.0,0.0003,0.0003,31.25,-0.0009,-0.0009,37.5,-0.0001,-0.0001,43.75,-0.0005,-0.0005,50.0,-0.0001,-0.0001,gauge block set GB-01,technician,E-0163,,20260106T061500Z-QE24M
CAL-01233,G-0045,2025-10-05,2025-10-03,2025-10-04,2025-10-04,pass,0.002,0.0,0.0003,0.0003,6.25,-0.0002,-0.0002,12.5,-0.0004,-0.0004,18.75,-0.0002,-0.0002,25.0,-0.0002,-0.0002,gauge block set GB-01,technician,E-0163,,20260106T061500Z-QE24M
CAL-01234,G-0100,2025-10-08,2025-10-01,2025-10-04,2025-10-06,pass,0.002,25.0,0.0004,0.0004,31.25,0.0002,0.0002,37.5,-0.0006,-0.0006,43.75,0.0004,0.0004,50.0,0.0005,0.0005,gauge block set GB-01,technician,E-0163,,20260106T061500Z-QE24M
CAL-01235,G-0247,2025-10-12,2025-10-04,2025-10-04,2025-10-04,adjusted,0.002,0.25,-0.0009,0.0002,0.5,-0.0013,-0.0002,0.75,-0.0002,-0.0001,,,,,,,dial calibrator DC-01,technician,E-0163,,20260106T061500Z-QE24M
CAL-01236,G-0079,2025-10-13,2025-10-02,2025-10-05,2025-10-07,pass,0.002,25.0,0.0002,0.0002,31.25,0.0002,0.0002,37.5,0.0006,0.0006,43.75,0.0005,0.0005,50.0,0.0008,0.0008,gauge block set GB-01,technician,E-0163,,20260106T061500Z-QE24M
CAL-01237,G-0149,2025-10-08,2025-10-02,2025-10-05,2025-10-06,pass,0.02,37.5,0.011,0.011,75.0,0.003,0.003,112.5,0.003,0.003,,,,,,,gauge block set GB-02,technician,E-0163,,20260106T061500Z-QE24M
CAL-01238,G-0224,2025-09-13,2025-10-06,2025-10-08,2025-10-10,pass,0.005,12.5,-0.0015,-0.0015,,,,,,,,,,,,,thread setting plug set,technician,E-0163,,20260106T061500Z-QE24M
CAL-01239,G-0026,2025-10-18,2025-10-07,2025-10-09,2025-10-10,pass,0.0025,35.0,-0.0008,-0.0008,38.75,-0.0013,-0.0013,42.5,0.0003,0.0003,46.25,-0.0004,-0.0004,50.0,-0.0007,-0.0007,setting ring set SR-02,technician,E-0163,,20260106T061500Z-QE24M
CAL-01240,G-0075,2025-09-06,2025-10-08,2025-10-10,2025-10-12,pass,0.002,25.0,-0.0006,-0.0006,31.25,-0.0006,-0.0006,37.5,-0.0003,-0.0003,43.75,0.0001,0.0001,50.0,-0.0004,-0.0004,gauge block set GB-01,technician,E-0163,,20260106T061500Z-QE24M
CAL-01241,G-0117,2025-08-07,2025-10-08,2025-10-10,2025-10-10,pass,0.002,50.0,0.0001,0.0001,56.25,-0.0006,-0.0006,62.5,-0.0003,-0.0003,68.75,-0.0004,-0.0004,75.0,-0.0004,-0.0004,gauge block set GB-01,technician,E-0163,,20260106T061500Z-QE24M
CAL-01242,G-0162,2025-10-14,2025-10-10,2025-10-10,2025-10-10,pass,0.02,37.5,-0.004,-0.004,75.0,-0.001,-0.001,112.5,0.006,0.006,,,,,,,gauge block set GB-02,technician,E-0163,,20260106T061500Z-QE24M
CAL-01243,G-0244,2025-09-22,2025-10-09,2025-10-10,2025-10-10,adjusted,0.002,0.25,-0.0008,-0.0001,0.5,-0.0012,0.0001,0.75,0.0005,0.0003,,,,,,,dial calibrator DC-01,technician,E-0163,,20260106T061500Z-QE24M
CAL-01244,G-0004,2025-10-17,2025-10-10,2025-10-11,2025-10-11,pass,0.001,19.025,-0.0004,-0.0004,19.05,0.0001,0.0001,19.075,0.0,0.0,,,,,,,"setting masters, min and max",technician,E-0163,,20260106T061500Z-QE24M
CAL-01245,G-0007,2025-10-13,2025-10-11,2025-10-11,2025-10-11,pass,0.001,50.014,0.0,0.0,51.92,0.0003,0.0003,53.825,-0.0004,-0.0004,,,,,,,"setting masters, min and max",technician,E-0163,,20260106T061500Z-QE24M
CAL-01246,G-0192,2025-09-06,2025-10-10,2025-10-11,2025-10-11,pass,0.02,75.0,0.004,0.004,150.0,-0.001,-0.001,225.0,0.003,0.003,,,,,,,gauge block set GB-02,technician,E-0163,,20260106T061500Z-QE24M
CAL-01247,G-0240,2025-10-14,2025-10-08,2025-10-11,2025-10-13,pass,0.002,0.25,-0.0001,-0.0001,0.5,0.0001,0.0001,0.75,0.0004,0.0004,,,,,,,dial calibrator DC-01,technician,E-0163,,20260106T061500Z-QE24M
CAL-01248,G-0246,2025-09-28,2025-10-10,2025-10-11,2025-10-12,pass,0.002,0.25,0.0004,0.0004,0.5,0.001,0.001,0.75,0.0008,0.0008,,,,,,,dial calibrator DC-01,technician,E-0163,,20260106T061500Z-QE24M
CAL-01249,G-0060,2025-10-16,2025-10-10,2025-10-12,2025-10-13,pass,0.002,0.0,0.0004,0.0004,6.25,0.0007,0.0007,12.5,0.0004,0.0004,18.75,-0.0005,-0.0005,25.0,0.0011,0.0011,gauge block set GB-01,technician,E-0163,,20260106T061500Z-QE24M
CAL-01250,G-0066,2025-09-28,2025-10-11,2025-10-12,2025-10-13,pass,0.002,25.0,0.0004,0.0004,31.25,-0.0002,-0.0002,37.5,-0.0002,-0.0002,43.75,0.0,0.0,50.0,0.0003,0.0003,gauge block set GB-01,technician,E-0163,,20260106T061500Z-QE24M
CAL-01251,G-0189,2025-10-15,2025-10-11,2025-10-12,2025-10-12,pass,0.02,75.0,0.005,0.005,150.0,0.001,0.001,225.0,0.01,0.01,,,,,,,gauge block set GB-02,technician,E-0163,,20260106T061500Z-QE24M
CAL-01252,G-0296,2025-09-22,2025-10-05,2025-10-13,2025-10-15,pass,0.001,25.5,-0.0002,-0.0002,,,,,,,,,,,,,laboratory reference,laboratory,S-057,LC-2559657,20260106T061500Z-QE24M
CAL-01253,G-0210,2025-09-08,2025-10-13,2025-10-14,2025-10-15,pass,0.005,12.5,0.0005,0.0005,,,,,,,,,,,,,thread setting plug set,technician,E-0163,,20260106T061500Z-QE24M
CAL-01254,G-0292,2025-09-17,2025-10-05,2025-10-14,2025-10-19,pass,0.001,25.5,-0.0001,-0.0001,,,,,,,,,,,,,laboratory reference,laboratory,S-057,LC-2564217,20260106T061500Z-QE24M
CAL-01255,G-0015,2025-10-22,2025-10-12,2025-10-15,2025-10-15,pass,0.0025,10.0,-0.001,-0.001,12.0,-0.0003,-0.0003,14.0,0.0005,0.0005,16.0,-0.0005,-0.0005,18.0,-0.0006,-0.0006,setting ring set SR-02,technician,E-0163,,20260106T061500Z-QE24M
CAL-01256,G-0266,2025-10-18,2025-10-07,2025-10-15,2025-10-20,pass,0.001,25.5,-0.0002,-0.0002,,,,,,,,,,,,,laboratory reference,laboratory,S-057,LC-2541306,20260106T061500Z-QE24M
CAL-01257,G-0101,2025-09-17,2025-10-16,2025-10-17,2025-10-19,pass,0.002,25.0,-0.0002,-0.0002,31.25,0.0002,0.0002,37.5,-0.0003,-0.0003,43.75,0.0002,0.0002,50.0,-0.0009,-0.0009,gauge block set GB-01,technician,E-0163,,20260106T061500Z-QE24M
CAL-01258,G-0102,2025-09-19,2025-10-17,2025-10-18,2025-10-19,pass,0.002,25.0,-0.0006,-0.0006,31.25,0.0001,0.0001,37.5,0.0002,0.0002,43.75,0.0002,0.0002,50.0,-0.0003,-0.0003,gauge block set GB-01,technician,E-0163,,20260106T061500Z-QE24M
CAL-01259,G-0111,2025-10-27,2025-10-19,2025-10-21,2025-10-21,pass,0.002,50.0,0.0003,0.0003,56.25,0.0006,0.0006,62.5,0.0008,0.0008,68.75,0.0,0.0,75.0,-0.0005,-0.0005,gauge block set GB-01,technician,E-0163,,20260106T061500Z-QE24M
CAL-01260,G-0119,2025-09-13,2025-10-20,2025-10-21,2025-10-21,pass,0.002,50.0,0.0004,0.0004,56.25,0.0004,0.0004,62.5,0.0003,0.0003,68.75,0.0008,0.0008,75.0,0.0,0.0,gauge block set GB-01,technician,E-0163,,20260106T061500Z-QE24M
CAL-01261,G-0144,2025-10-21,2025-10-21,2025-10-21,2025-10-21,pass,0.02,37.5,0.007,0.007,75.0,-0.005,-0.005,112.5,0.001,0.001,,,,,,,gauge block set GB-02,technician,E-0163,,20260106T061500Z-QE24M
CAL-01262,G-0211,2025-10-31,2025-10-21,2025-10-22,2025-10-22,pass,0.005,12.5,-0.0017,-0.0017,,,,,,,,,,,,,thread setting plug set,technician,E-0163,,20260106T061500Z-QE24M
CAL-01263,G-0213,2025-10-22,2025-10-20,2025-10-22,2025-10-24,pass,0.005,12.5,0.0009,0.0009,,,,,,,,,,,,,thread setting plug set,technician,E-0163,,20260106T061500Z-QE24M
CAL-01264,G-0285,2025-09-09,2025-10-13,2025-10-22,2025-10-24,pass,0.001,25.5,-0.0003,-0.0003,,,,,,,,,,,,,laboratory reference,laboratory,S-057,LC-2568389,20260106T061500Z-QE24M
CAL-01265,G-0062,2025-10-23,2025-10-22,2025-10-23,2025-10-23,pass,0.002,0.0,-0.0004,-0.0004,6.25,0.0001,0.0001,12.5,-0.0003,-0.0003,18.75,-0.0004,-0.0004,25.0,0.0011,0.0011,gauge block set GB-01,technician,E-0163,,20260106T061500Z-QE24M
CAL-01266,G-0127,2025-10-28,2025-10-22,2025-10-24,2025-10-26,pass,0.02,37.5,0.008,0.008,75.0,-0.002,-0.002,112.5,-0.004,-0.004,,,,,,,gauge block set GB-02,technician,E-0163,,20260106T061500Z-QE24M
CAL-01267,G-0155,2025-10-25,2025-10-21,2025-10-24,2025-10-25,pass,0.02,37.5,-0.008,-0.008,75.0,0.0,0.0,112.5,-0.004,-0.004,,,,,,,gauge block set GB-02,technician,E-0163,,20260106T061500Z-QE24M
CAL-01268,G-0281,2025-10-24,2025-10-18,2025-10-24,2025-10-28,pass,0.001,25.5,0.0002,0.0002,,,,,,,,,,,,,laboratory reference,laboratory,S-057,LC-2520206,20260106T061500Z-QE24M
CAL-01269,G-0255,2025-10-26,2025-10-25,2025-10-25,2025-10-25,pass,0.002,0.25,-0.0001,-0.0001,0.5,0.0001,0.0001,0.75,-0.0002,-0.0002,,,,,,,dial calibrator DC-01,technician,E-0163,,20260106T061500Z-QE24M
CAL-01270,G-0254,2025-11-03,2025-10-23,2025-10-26,2025-10-26,pass,0.002,0.25,0.0001,0.0001,0.5,0.0009,0.0009,0.75,0.0,0.0,,,,,,,dial calibrator DC-01,technician,E-0163,,20260106T061500Z-QE24M
CAL-01271,G-0161,2025-11-05,2025-10-25,2025-10-27,2025-10-27,pass,0.02,37.5,0.001,0.001,75.0,0.01,0.01,112.5,0.005,0.005,,,,,,,gauge block set GB-02,technician,E-0163,,20260106T061500Z-QE24M
CAL-01272,G-0020,2025-11-07,2025-10-27,2025-10-29,2025-10-29,pass,0.0025,18.0,-0.0003,-0.0003,22.25,-0.0005,-0.0005,26.5,0.0004,0.0004,30.75,0.0006,0.0006,35.0,-0.0002,-0.0002,setting ring set SR-02,technician,E-0163,,20260106T061500Z-QE24M
CAL-01273,G-0073,2025-11-05,2025-10-30,2025-10-30,2025-10-30,adjusted,0.002,25.0,0.0009,0.0001,31.25,0.0005,0.0001,37.5,0.0011,-0.0001,43.75,0.0014,0.0,50.0,0.0002,0.0,gauge block set GB-01,technician,E-0163,,20260106T061500Z-QE24M
CAL-01274,G-0136,2025-11-05,2025-10-30,2025-10-30,2025-11-01,pass,0.02,37.5,-0.001,-0.001,75.0,0.0,0.0,112.5,-0.002,-0.002,,,,,,,gauge block set GB-02,technician,E-0163,,20260106T061500Z-QE24M
CAL-01275,G-0147,2025-11-03,2025-10-30,2025-10-30,2025-10-31,pass,0.02,37.5,-0.002,-0.002,75.0,-0.001,-0.001,112.5,-0.005,-0.005,,,,,,,gauge block set GB-02,technician,E-0163,,20260106T061500Z-QE24M
CAL-01276,G-0190,2025-11-03,2025-10-27,2025-10-30,2025-10-31,pass,0.02,75.0,0.004,0.004,150.0,0.002,0.002,225.0,0.002,0.002,,,,,,,gauge block set GB-02,technician,E-0163,,20260106T061500Z-QE24M
CAL-01277,G-0194,2025-11-04,2025-10-30,2025-10-30,2025-10-31,pass,0.02,75.0,0.001,0.001,150.0,-0.004,-0.004,225.0,-0.0,-0.0,,,,,,,gauge block set GB-02,technician,E-0163,,20260106T061500Z-QE24M
CAL-01278,G-0236,2025-11-02,2025-10-30,2025-10-30,2025-11-01,pass,0.002,0.25,0.0006,0.0006,0.5,0.0001,0.0001,0.75,-0.0003,-0.0003,,,,,,,dial calibrator DC-01,technician,E-0163,,20260106T061500Z-QE24M
CAL-01279,G-0196,2025-11-08,2025-11-01,2025-11-01,2025-11-02,pass,0.02,75.0,-0.004,-0.004,150.0,-0.001,-0.001,225.0,-0.004,-0.004,,,,,,,gauge block set GB-02,technician,E-0163,,20260106T061500Z-QE24M
CAL-01280,G-0279,2025-10-10,2025-10-29,2025-11-04,2025-11-08,pass,0.001,25.5,0.0001,0.0001,,,,,,,,,,,,,laboratory reference,laboratory,S-057,LC-2551704,20260106T061500Z-QE24M
CAL-01281,G-0214,2025-10-12,2025-11-05,2025-11-05,2025-11-07,pass,0.005,12.5,0.0014,0.0014,,,,,,,,,,,,,thread setting plug set,technician,E-0163,,20260106T061500Z-QE24M
CAL-01282,G-0112,2025-11-08,2025-11-05,2025-11-06,2025-11-06,pass,0.002,50.0,-0.0006,-0.0006,56.25,-0.0003,-0.0003,62.5,0.0001,0.0001,68.75,-0.0009,-0.0009,75.0,-0.0006,-0.0006,gauge block set GB-01,technician,E-0163,,20260106T061500Z-QE24M
CAL-01283,G-0225,2025-10-12,2025-11-04,2025-11-06,2025-11-08,pass,0.005,12.5,0.0019,0.0019,,,,,,,,,,,,,thread setting plug set,technician,E-0163,,20260106T061500Z-QE24M
CAL-01284,G-0277,2025-11-12,2025-10-29,2025-11-06,2025-11-11,pass,0.001,25.5,0.0004,0.0004,,,,,,,,,,,,,laboratory reference,laboratory,S-057,LC-2516715,20260106T061500Z-QE24M
CAL-01285,G-0261,2025-11-11,2025-11-07,2025-11-08,2025-11-10,pass,0.002,0.25,-0.0001,-0.0001,0.5,0.0006,0.0006,0.75,-0.0005,-0.0005,,,,,,,dial calibrator DC-01,technician,E-0163,,20260106T061500Z-QE24M
CAL-01286,G-0299,2025-10-16,2025-11-03,2025-11-09,2025-11-13,pass,0.001,25.5,-0.0,-0.0,,,,,,,,,,,,,laboratory reference,laboratory,S-057,LC-2545804,20260106T061500Z-QE24M
CAL-01287,G-0013,2025-10-05,2025-11-09,2025-11-10,2025-11-11,pass,0.0025,6.0,-0.0004,-0.0004,7.0,0.0001,0.0001,8.0,0.0008,0.0008,9.0,0.0002,0.0002,10.0,-0.0004,-0.0004,setting ring set SR-02,technician,E-0163,,20260106T061500Z-QE24M
CAL-01288,G-0051,2025-11-17,2025-11-09,2025-11-12,2025-11-14,adjusted,0.002,0.0,-0.0013,0.0001,6.25,-0.0008,-0.0005,12.5,0.0001,-0.0001,18.75,-0.0005,0.0001,25.0,-0.0002,-0.0002,gauge block set GB-01,technician,E-0163,,20260106T061500Z-QE24M
CAL-01289,G-0113,2025-11-13,2025-11-10,2025-11-12,2025-11-12,pass,0.002,50.0,-0.0005,-0.0005,56.25,0.0007,0.0007,62.5,-0.0001,-0.0001,68.75,0.0004,0.0004,75.0,0.0002,0.0002,gauge block set GB-01,technician,E-0163,,20260106T061500Z-QE24M
CAL-01290,G-0204,2025-10-08,2025-11-13,2025-11-13,2025-11-14,pass,0.005,12.5,-0.0025,-0.0025,,,,,,,,,,,,,thread setting plug set,technician,E-0163,,20260106T061500Z-QE24M
CAL-01291,G-0251,2025-11-15,2025-11-11,2025-11-13,2025-11-13,pass,0.002,0.25,-0.0003,-0.0003,0.5,-0.0007,-0.0007,0.75,-0.0003,-0.0003,,,,,,,dial calibrator DC-01,technician,E-0163,,20260106T061500Z-QE24M
CAL-01292,G-0006,2025-11-18,2025-11-14,2025-11-14,2025-11-16,pass,0.001,40.626,0.0002,0.0002,40.71,-0.0,-0.0,40.793,0.0002,0.0002,,,,,,,"setting masters, min and max",technician,E-0163,,20260106T061500Z-QE24M
CAL-01293,G-0009,2025-10-11,2025-11-12,2025-11-14,2025-11-15,pass,0.0025,6.0,-0.0012,-0.0012,7.0,0.001,0.001,8.0,-0.0002,-0.0002,9.0,0.0009,0.0009,10.0,0.0,0.0,setting ring set SR-02,technician,E-0163,,20260106T061500Z-QE24M
CAL-01294,G-0125,2025-11-21,2025-11-13,2025-11-15,2025-11-16,pass,0.002,50.0,-0.0,-0.0,56.25,-0.0002,-0.0002,62.5,-0.0007,-0.0007,68.75,-0.0006,-0.0006,75.0,-0.0005,-0.0005,gauge block set GB-01,technician,E-0163,,20260106T061500Z-QE24M
CAL-01295,G-0145,2025-10-16,2025-11-14,2025-11-15,2025-11-15,pass,0.02,37.5,-0.007,-0.007,75.0,0.009,0.009,112.5,-0.002,-0.002,,,,,,,gauge block set GB-02,technician,E-0163,,20260106T061500Z-QE24M
CAL-01296,G-0216,2025-11-21,2025-11-14,2025-11-15,2025-11-17,adjusted,0.005,12.5,-0.003,-0.0001,,,,,,,,,,,,,thread setting plug set,technician,E-0163,,20260106T061500Z-QE24M
CAL-01297,G-0039,2025-09-12,2025-11-15,2025-11-16,2025-11-18,adjusted,0.002,0.0,0.0001,0.0001,6.25,0.0012,-0.0001,12.5,-0.0004,0.0003,18.75,-0.0003,0.0001,25.0,-0.0003,0.0,gauge block set GB-01,technician,E-0163,,20260106T061500Z-QE24M
CAL-01298,G-0094,2025-11-22,2025-11-13,2025-11-16,2025-11-17,pass,0.002,25.0,0.0003,0.0003,31.25,-0.0003,-0.0003,37.5,0.0002,0.0002,43.75,-0.0002,-0.0002,50.0,-0.0003,-0.0003,gauge block set GB-01,technician,E-0163,,20260106T061500Z-QE24M
CAL-01299,G-0259,2025-11-17,2025-11-15,2025-11-16,2025-11-17,pass,0.002,0.25,0.0009,0.0009,0.5,0.0007,0.0007,0.75,-0.0002,-0.0002,,,,,,,dial calibrator DC-01,technician,E-0163,,20260106T061500Z-QE24M
CAL-01300,G-0047,2025-10-20,2025-11-18,2025-11-20,2025-11-21,pass,0.002,0.0,-0.0004,-0.0004,6.25,0.0003,0.0003,12.5,0.0002,0.0002,18.75,-0.0004,-0.0004,25.0,0.0,0.0,gauge block set GB-01,technician,E-0163,,20260106T061500Z-QE24M
CAL-01301,G-0021,2025-10-19,2025-11-19,2025-11-21,2025-11-23,pass,0.0025,18.0,-0.0003,-0.0003,22.25,-0.0009,-0.0009,26.5,0.0003,0.0003,30.75,-0.0012,-0.0012,35.0,0.0001,0.0001,setting ring set SR-02,technician,E-0163,,20260106T061500Z-QE24M
CAL-01302,G-0104,2025-11-23,2025-11-20,2025-11-21,2025-11-21,pass,0.002,25.0,-0.0003,-0.0003,31.25,-0.0005,-0.0005,37.5,0.0001,0.0001,43.75,-0.0006,-0.0006,50.0,0.0,0.0,gauge block set GB-01,technician,E-0163,,20260106T061500Z-QE24M
CAL-01303,G-0177,2025-11-23,2025-11-20,2025-11-22,2025-11-22,adjusted,0.02,37.5,0.013,0.001,75.0,0.01,-0.001,112.5,0.007,0.0,,,,,,,gauge block set GB-02,technician,E-0163,,20260106T061500Z-QE24M
CAL-01304,G-0197,2025-11-26,2025-11-22,2025-11-23,2025-11-23,pass,0.02,75.0,0.001,0.001,150.0,0.008,0.008,225.0,-0.002,-0.002,,,,,,,gauge block set GB-02,technician,E-0163,,20260106T061500Z-QE24M
CAL-01305,G-0250,2025-12-03,2025-11-24,2025-11-26,2025-11-27,pass,0.002,0.25,-0.0009,-0.0009,0.5,-0.0005,-0.0005,0.75,-0.0008,-0.0008,,,,,,,dial calibrator DC-01,technician,E-0163,,20260106T061500Z-QE24M
CAL-01306,G-0133,2025-12-07,2025-11-29,2025-11-29,2025-11-30,adjusted,0.02,37.5,0.013,0.001,75.0,0.009,-0.0,112.5,-0.002,0.002,,,,,,,gauge block set GB-02,technician,E-0163,,20260106T061500Z-QE24M
CAL-01307,G-0098,2025-12-03,2025-11-28,2025-11-30,2025-12-02,pass,0.002,25.0,0.0004,0.0004,31.25,-0.0,-0.0,37.5,0.0001,0.0001,43.75,0.0009,0.0009,50.0,0.0004,0.0004,gauge block set GB-01,technician,E-0163,,20260106T061500Z-QE24M
CAL-01308,G-0105,2025-12-07,2025-11-30,2025-11-30,2025-12-01,pass,0.002,25.0,-0.0002,-0.0002,31.25,0.0006,0.0006,37.5,-0.0004,-0.0004,43.75,-0.0002,-0.0002,50.0,0.0002,0.0002,gauge block set GB-01,technician,E-0163,,20260106T061500Z-QE24M
CAL-01309,G-0110,2025-12-09,2025-11-27,2025-11-30,2025-12-02,adjusted,0.002,50.0,0.0008,0.0002,56.25,0.0011,-0.0001,62.5,0.0013,-0.0002,68.75,0.0003,0.0002,75.0,0.0004,-0.0001,gauge block set GB-01,technician,E-0163,,20260106T061500Z-QE24M
CAL-01310,G-0048,2025-12-09,2025-11-28,2025-12-01,2025-12-03,pass,0.002,0.0,0.0002,0.0002,6.25,0.0001,0.0001,12.5,-0.0001,-0.0001,18.75,-0.0003,-0.0003,25.0,0.0003,0.0003,gauge block set GB-01,technician,E-0163,,20260106T061500Z-QE24M
CAL-01311,G-0238,2025-12-01,2025-11-28,2025-12-01,2025-12-03,pass,0.002,0.25,-0.0005,-0.0005,0.5,-0.0006,-0.0006,0.75,-0.0006,-0.0006,,,,,,,dial calibrator DC-01,technician,E-0163,,20260106T061500Z-QE24M
CAL-01312,G-0064,2025-12-07,2025-11-30,2025-12-02,2025-12-03,pass,0.002,0.0,-0.0001,-0.0001,6.25,0.0008,0.0008,12.5,0.0004,0.0004,18.75,0.0006,0.0006,25.0,0.0002,0.0002,gauge block set GB-01,technician,E-0163,,20260106T061500Z-QE24M
CAL-01313,G-0183,2025-12-04,2025-12-01,2025-12-03,2025-12-03,pass,0.02,37.5,-0.002,-0.002,75.0,0.006,0.006,112.5,0.006,0.006,,,,,,,gauge block set GB-02,technician,E-0163,,20260106T061500Z-QE24M
CAL-01314,G-0148,2025-11-05,2025-12-04,2025-12-04,2025-12-04,pass,0.02,37.5,-0.005,-0.005,75.0,-0.002,-0.002,112.5,0.006,0.006,,,,,,,gauge block set GB-02,technician,E-0163,,20260106T061500Z-QE24M
CAL-01315,G-0152,2025-12-10,2025-12-04,2025-12-06,2025-12-07,pass,0.02,37.5,-0.001,-0.001,75.0,-0.003,-0.003,112.5,0.002,0.002,,,,,,,gauge block set GB-02,technician,E-0163,,20260106T061500Z-QE24M
CAL-01316,G-0054,2025-12-10,2025-12-06,2025-12-07,2025-12-09,pass,0.002,0.0,-0.0002,-0.0002,6.25,-0.0001,-0.0001,12.5,-0.0006,-0.0006,18.75,0.0001,0.0001,25.0,-0.0001,-0.0001,gauge block set GB-01,technician,E-0163,,20260106T061500Z-QE24M
CAL-01317,G-0109,2025-11-03,2025-12-06,2025-12-07,2025-12-09,pass,0.002,50.0,0.0005,0.0005,56.25,-0.0002,-0.0002,62.5,-0.0007,-0.0007,68.75,-0.0003,-0.0003,75.0,0.0005,0.0005,gauge block set GB-01,technician,E-0163,,20260106T061500Z-QE24M
CAL-01318,G-0172,2025-10-18,2025-12-07,2025-12-07,2025-12-07,pass,0.02,37.5,-0.001,-0.001,75.0,0.005,0.005,112.5,0.009,0.009,,,,,,,gauge block set GB-02,technician,E-0163,,20260106T061500Z-QE24M
CAL-01319,G-0041,2025-10-19,2025-12-08,2025-12-08,2025-12-10,pass,0.002,0.0,0.0004,0.0004,6.25,0.0008,0.0008,12.5,0.0003,0.0003,18.75,0.0001,0.0001,25.0,0.0005,0.0005,gauge block set GB-01,technician,E-0163,,20260106T061500Z-QE24M
CAL-01320,G-0103,2025-12-10,2025-12-05,2025-12-08,2025-12-08,adjusted,0.002,25.0,0.0011,0.0002,31.25,0.0001,-0.0,37.5,0.0002,0.0001,43.75,0.0001,0.0001,50.0,0.0002,0.0002,gauge block set GB-01,technician,E-0163,,20260106T061500Z-QE24M
CAL-01321,G-0253,2025-11-25,2025-12-07,2025-12-08,2025-12-09,pass,0.002,0.25,-0.0002,-0.0002,0.5,0.0001,0.0001,0.75,-0.0009,-0.0009,,,,,,,dial calibrator DC-01,technician,E-0163,,20260106T061500Z-QE24M
CAL-01322,G-0274,2025-12-13,2025-12-02,2025-12-08,2025-12-10,pass,0.001,25.5,0.0005,0.0005,,,,,,,,,,,,,laboratory reference,laboratory,S-057,LC-2513130,20260106T061500Z-QE24M
CAL-01323,G-0159,2025-12-13,2025-12-09,2025-12-09,2025-12-09,pass,0.02,37.5,0.006,0.006,75.0,0.006,0.006,112.5,0.005,0.005,,,,,,,gauge block set GB-02,technician,E-0163,,20260106T061500Z-QE24M
CAL-01324,G-0032,2025-12-10,2025-12-08,2025-12-10,2025-12-10,pass,0.002,0.0,0.0001,0.0001,6.25,0.0002,0.0002,12.5,-0.0002,-0.0002,18.75,-0.0002,-0.0002,25.0,-0.0006,-0.0006,gauge block set GB-01,technician,E-0163,,20260106T061500Z-QE24M
CAL-01325,G-0019,2025-12-20,2025-12-09,2025-12-11,2025-12-12,adjusted,0.0025,10.0,0.0007,0.0002,12.0,0.0018,-0.0001,14.0,0.0013,0.0001,16.0,0.0017,-0.0,18.0,0.0011,-0.0003,setting ring set SR-02,technician,E-0163,,20260106T061500Z-QE24M
CAL-01326,G-0142,2025-11-08,2025-12-11,2025-12-11,2025-12-13,adjusted,0.02,37.5,0.013,-0.002,75.0,0.005,-0.001,112.5,0.003,-0.002,,,,,,,gauge block set GB-02,technician,E-0163,,20260106T061500Z-QE24M
CAL-01327,G-0267,2025-11-08,2025-12-06,2025-12-11,2025-12-15,pass,0.001,25.5,-0.0002,-0.0002,,,,,,,,,,,,,laboratory reference,laboratory,S-057,LC-2577481,20260106T061500Z-QE24M
CAL-01328,G-0049,2025-12-13,2025-12-12,2025-12-12,2025-12-13,pass,0.002,0.0,0.0008,0.0008,6.25,0.0008,0.0008,12.5,0.0008,0.0008,18.75,-0.0001,-0.0001,25.0,0.0,0.0,gauge block set GB-01,technician,E-0163,,20260106T061500Z-QE24M
CAL-01329,G-0077,2025-12-15,2025-12-10,2025-12-12,2025-12-13,pass,0.002,25.0,0.0006,0.0006,31.25,0.0008,0.0008,37.5,-0.0005,-0.0005,43.75,0.0002,0.0002,50.0,0.0002,0.0002,gauge block set GB-01,technician,E-0163,,20260106T061500Z-QE24M
CAL-01330,G-0084,2025-12-12,2025-12-10,2025-12-12,2025-12-12,pass,0.002,25.0,0.0008,0.0008,31.25,-0.0001,-0.0001,37.5,0.0003,0.0003,43.75,-0.0003,-0.0003,50.0,0.0002,0.0002,gauge block set GB-01,technician,E-0163,,20260106T061500Z-QE24M
CAL-01331,G-0057,2025-11-06,2025-12-11,2025-12-13,2025-12-13,pass,0.002,0.0,-0.0001,-0.0001,6.25,-0.0001,-0.0001,12.5,-0.0004,-0.0004,18.75,0.0001,0.0001,25.0,-0.0001,-0.0001,gauge block set GB-01,technician,E-0163,,20260106T061500Z-QE24M
CAL-01332,G-0085,2025-10-19,2025-12-12,2025-12-13,2025-12-14,pass,0.002,25.0,-0.0002,-0.0002,31.25,-0.0006,-0.0006,37.5,0.0,0.0,43.75,-0.0009,-0.0009,50.0,0.0003,0.0003,gauge block set GB-01,technician,E-0163,,20260106T061500Z-QE24M
CAL-01333,G-0182,2025-12-14,2025-12-12,2025-12-14,2025-12-15,pass,0.02,37.5,-0.01,-0.01,75.0,0.003,0.003,112.5,0.001,0.001,,,,,,,gauge block set GB-02,technician,E-0163,,20260106T061500Z-QE24M
CAL-01334,G-0235,2025-12-17,2025-12-13,2025-12-14,2025-12-14,pass,0.002,0.25,-0.0003,-0.0003,0.5,0.0001,0.0001,0.75,-0.0003,-0.0003,,,,,,,dial calibrator DC-01,technician,E-0163,,20260106T061500Z-QE24M
CAL-01335,G-0027,2025-12-22,2025-12-13,2025-12-16,2025-12-17,pass,0.0025,35.0,0.0006,0.0006,38.75,0.0013,0.0013,42.5,0.0008,0.0008,46.25,0.0006,0.0006,50.0,-0.0005,-0.0005,setting ring set SR-02,technician,E-0163,,20260106T061500Z-QE24M
CAL-01336,G-0072,2025-12-26,2025-12-14,2025-12-17,2025-12-18,pass,0.002,25.0,-0.0008,-0.0008,31.25,-0.0009,-0.0009,37.5,-0.0004,-0.0004,43.75,-0.0003,-0.0003,50.0,-0.0004,-0.0004,gauge block set GB-01,technician,E-0163,,20260106T061500Z-QE24M
CAL-01337,G-0011,2025-11-07,2025-12-17,2025-12-18,2025-12-19,pass,0.0025,6.0,-0.0005,-0.0005,7.0,0.001,0.001,8.0,0.001,0.001,9.0,0.0003,0.0003,10.0,0.0003,0.0003,setting ring set SR-02,technician,E-0163,,20260106T061500Z-QE24M
CAL-01338,G-0242,2025-11-10,2025-12-16,2025-12-18,2025-12-18,pass,0.002,0.25,-0.0008,-0.0008,0.5,-0.0005,-0.0005,0.75,-0.0009,-0.0009,,,,,,,dial calibrator DC-01,technician,E-0163,,20260106T061500Z-QE24M
CAL-01339,G-0245,2025-12-26,2025-12-18,2025-12-18,2025-12-18,pass,0.002,0.25,-0.0007,-0.0007,0.5,0.001,0.001,0.75,-0.0,-0.0,,,,,,,dial calibrator DC-01,technician,E-0163,,20260106T061500Z-QE24M
CAL-01340,G-0076,2025-12-19,2025-12-19,2025-12-19,2025-12-21,pass,0.002,25.0,0.0004,0.0004,31.25,-0.0002,-0.0002,37.5,0.0008,0.0008,43.75,0.0006,0.0006,50.0,-0.0004,-0.0004,gauge block set GB-01,technician,E-0163,,20260106T061500Z-QE24M
CAL-01341,G-0243,2025-12-27,2025-12-18,2025-12-19,2025-12-21,pass,0.002,0.25,0.0001,0.0001,0.5,0.0,0.0,0.75,-0.0004,-0.0004,,,,,,,dial calibrator DC-01,technician,E-0163,,20260106T061500Z-QE24M
CAL-01342,G-0249,2025-12-23,2025-12-17,2025-12-20,2025-12-21,pass,0.002,0.25,-0.0007,-0.0007,0.5,-0.001,-0.001,0.75,-0.0008,-0.0008,,,,,,,dial calibrator DC-01,technician,E-0163,,20260106T061500Z-QE24M
CAL-01343,G-0186,2025-11-19,2025-12-19,2025-12-21,2025-12-22,pass,0.02,75.0,-0.003,-0.003,150.0,0.002,0.002,225.0,0.006,0.006,,,,,,,gauge block set GB-02,technician,E-0163,,20260106T061500Z-QE24M
CAL-01344,G-0280,2025-11-20,2025-12-14,2025-12-22,2025-12-24,pass,0.001,25.5,-0.0001,-0.0001,,,,,,,,,,,,,laboratory reference,laboratory,S-057,LC-2585413,20260106T061500Z-QE24M
CAL-01345,G-0029,2025-12-26,2025-12-23,2025-12-25,2025-12-26,pass,0.0025,35.0,0.0011,0.0011,38.75,0.0013,0.0013,42.5,0.001,0.001,46.25,0.0012,0.0012,50.0,0.0007,0.0007,setting ring set SR-02,technician,E-0163,,20260106T061500Z-QE24M
CAL-01346,G-0248,2025-12-29,2025-12-28,2025-12-29,2025-12-29,pass,0.002,0.25,0.0001,0.0001,0.5,0.0003,0.0003,0.75,0.0008,0.0008,,,,,,,dial calibrator DC-01,technician,E-0163,,20260106T061500Z-QE24M
CAL-01347,G-0040,2025-12-29,,,,,0.002,,,,,,,,,,,,,,,,,,,,20260106T061500Z-QE24M
CAL-01348,G-0180,2025-12-01,,,,,0.02,,,,,,,,,,,,,,,,,,,,20260106T061500Z-QE24M
CAL-01349,G-0270,2025-12-19,,,,,0.001,,,,,,,,,,,,,,,,,,,,20260106T061500Z-QE24M
CAL-01350,G-0157,2025-12-02,,,,,0.02,,,,,,,,,,,,,,,,,,,,20260106T061500Z-QE24M
CAL-01351,G-0036,2025-12-03,,,,,0.002,,,,,,,,,,,,,,,,,,,,20260106T061500Z-QE24M
CAL-01352,G-0232,2025-11-24,,,,,1.0,,,,,,,,,,,,,,,,,,,,20260106T061500Z-QE24M
CAL-01353,G-0252,2025-12-02,,,,,0.002,,,,,,,,,,,,,,,,,,,,20260106T061500Z-QE24M
CAL-01354,G-0120,2025-12-21,,,,,0.002,,,,,,,,,,,,,,,,,,,,20260106T061500Z-QE24M
CAL-01355,G-0220,2025-12-19,,,,,0.005,,,,,,,,,,,,,,,,,,,,20260106T061500Z-QE24M
CAL-01356,G-0115,2025-12-04,,,,,0.002,,,,,,,,,,,,,,,,,,,,20260106T061500Z-QE24M
CAL-01357,G-0233,2025-11-10,,,,,0.002,,,,,,,,,,,,,,,,,,,,20260106T061500Z-QE24M
CAL-01358,G-0276,2025-12-18,,,,,0.001,,,,,,,,,,,,,,,,,,,,20260106T061500Z-QE24M
CAL-01359,G-0293,2025-12-11,,,,,0.001,,,,,,,,,,,,,,,,,,,,20260106T061500Z-QE24M
CAL-01360,G-0030,2025-12-11,,,,,0.002,,,,,,,,,,,,,,,,,,,,20260106T061500Z-QE24M
CAL-01361,G-0010,2025-12-30,,,,,0.0025,,,,,,,,,,,,,,,,,,,,20260106T061500Z-QE24M
