line_id,period,category,source_type,source_record,amount,hours,gl_account,export_batch_id
CQ-000001,2024-01,CMM time,timesheet,CMM-1 2024-01,801.6,66.8,5835,20260106T061500Z-QE24M
CQ-000002,2024-01,CMM time,timesheet,CMM-2 2024-01,412.8,34.4,5835,20260106T061500Z-QE24M
CQ-000003,2024-01,CMM time,timesheet,VMS-1 2024-01,662.4,55.2,5835,20260106T061500Z-QE24M
CQ-000004,2024-01,SPC software,invoice,INV-39515,3500.0,,5875,20260106T061500Z-QE24M
CQ-000005,2024-01,calibration,invoice,LC-2410052,180.0,,5840,20260106T061500Z-QE24M
CQ-000006,2024-01,calibration,timesheet,calibration technician 2024-01,7359.12,167.3,5840,20260106T061500Z-QE24M
CQ-000007,2024-01,inspection labor,NCR,NCR-24-0001,233.7,5.7,5830,20260106T061500Z-QE24M
CQ-000008,2024-01,inspection labor,NCR,NCR-24-0002,217.3,5.3,5830,20260106T061500Z-QE24M
CQ-000009,2024-01,inspection labor,NCR,NCR-24-0007,405.9,9.9,5830,20260106T061500Z-QE24M
CQ-000010,2024-01,inspection labor,NCR,NCR-24-0009,86.1,2.1,5830,20260106T061500Z-QE24M
CQ-000011,2024-01,inspection labor,timesheet,CMM and vision 2024-01,20058.75,489.2,5830,20260106T061500Z-QE24M
CQ-000012,2024-01,inspection labor,timesheet,in-process and final 2024-01,19723.02,481.0,5830,20260106T061500Z-QE24M
CQ-000013,2024-01,inspection labor,timesheet,lead 2024-01,6912.07,168.6,5830,20260106T061500Z-QE24M
CQ-000014,2024-01,inspection labor,timesheet,receiving 2024-01,13877.45,338.5,5830,20260106T061500Z-QE24M
CQ-000015,2024-01,scrap,NCR,NCR-23-0882,958.17,,5810,20260106T061500Z-QE24M
CQ-000016,2024-01,scrap,NCR,NCR-24-0004,1737.63,,5810,20260106T061500Z-QE24M
CQ-000017,2024-01,scrap,NCR,NCR-24-0005,3527.16,,5810,20260106T061500Z-QE24M
CQ-000018,2024-01,scrap,job,1 jobs on GR-03,512.85,,5810,20260106T061500Z-QE24M
CQ-000019,2024-01,scrap,job,1 jobs on ML-01,19.26,,5810,20260106T061500Z-QE24M
CQ-000020,2024-01,scrap,job,1 jobs on ML-03,20.03,,5810,20260106T061500Z-QE24M
CQ-000021,2024-01,scrap,job,1 jobs on MT-06,269.84,,5810,20260106T061500Z-QE24M
CQ-000022,2024-01,scrap,job,1 jobs on SW-04,559.71,,5810,20260106T061500Z-QE24M
CQ-000023,2024-01,scrap,job,1 jobs on SW-06,71.19,,5810,20260106T061500Z-QE24M
CQ-000024,2024-01,scrap,job,1 jobs on SW-07,215.04,,5810,20260106T061500Z-QE24M
CQ-000025,2024-01,scrap,job,2 jobs on ML-02,201.5,,5810,20260106T061500Z-QE24M
CQ-000026,2024-01,scrap,job,2 jobs on ML-04,365.64,,5810,20260106T061500Z-QE24M
CQ-000027,2024-01,scrap,job,2 jobs on ML-05,21.08,,5810,20260106T061500Z-QE24M
CQ-000028,2024-01,scrap,job,2 jobs on ML-06,1961.69,,5810,20260106T061500Z-QE24M
CQ-000029,2024-01,scrap,job,2 jobs on SW-03,326.67,,5810,20260106T061500Z-QE24M
CQ-000030,2024-01,scrap,job,2 jobs on SW-08,193.66,,5810,20260106T061500Z-QE24M
CQ-000031,2024-01,scrap,job,3 jobs on MT-01,373.76,,5810,20260106T061500Z-QE24M
CQ-000032,2024-01,scrap,job,3 jobs on MT-04,586.44,,5810,20260106T061500Z-QE24M
CQ-000033,2024-01,scrap,job,3 jobs on SW-05,291.63,,5810,20260106T061500Z-QE24M
CQ-000034,2024-01,scrap,job,4 jobs on MT-03,301.58,,5810,20260106T061500Z-QE24M
CQ-000035,2024-01,scrap,job,4 jobs on MT-05,436.59,,5810,20260106T061500Z-QE24M
CQ-000036,2024-01,scrap,job,5 jobs on MT-02,676.59,,5810,20260106T061500Z-QE24M
CQ-000037,2024-01,sorting and containment,NCR,NCR-24-0001,2919.2,71.2,5850,20260106T061500Z-QE24M
CQ-000038,2024-01,sorting and containment,NCR,NCR-24-0007,717.5,17.5,5850,20260106T061500Z-QE24M
CQ-000039,2024-01,sorting and containment,NCR,NCR-24-0009,4161.5,101.5,5850,20260106T061500Z-QE24M
CQ-000040,2024-01,supplier audit travel,invoice,EXP-3025,4365.53,,5880,20260106T061500Z-QE24M
CQ-000041,2024-01,training,invoice,INV-66754,4514.65,,5870,20260106T061500Z-QE24M
CQ-000042,2024-01,training,invoice,INV-71388,2665.13,,5870,20260106T061500Z-QE24M
CQ-000043,2024-02,CMM time,timesheet,CMM-1 2024-02,1075.2,89.6,5835,20260106T061500Z-QE24M
CQ-000044,2024-02,CMM time,timesheet,CMM-2 2024-02,1195.2,99.6,5835,20260106T061500Z-QE24M
CQ-000045,2024-02,CMM time,timesheet,VMS-1 2024-02,1123.2,93.6,5835,20260106T061500Z-QE24M
CQ-000046,2024-02,SPC software,invoice,INV-21098,3500.0,,5875,20260106T061500Z-QE24M
CQ-000047,2024-02,calibration,timesheet,calibration technician 2024-02,6815.36,154.9,5840,20260106T061500Z-QE24M
CQ-000048,2024-02,inspection labor,NCR,NCR-24-0011,205.0,5.0,5830,20260106T061500Z-QE24M
CQ-000049,2024-02,inspection labor,NCR,NCR-24-0014,459.2,11.2,5830,20260106T061500Z-QE24M
CQ-000050,2024-02,inspection labor,NCR,NCR-24-0015,254.2,6.2,5830,20260106T061500Z-QE24M
CQ-000051,2024-02,inspection labor,NCR,NCR-24-0016,225.5,5.5,5830,20260106T061500Z-QE24M
CQ-000052,2024-02,inspection labor,NCR,NCR-24-0018,381.3,9.3,5830,20260106T061500Z-QE24M
CQ-000053,2024-02,inspection labor,NCR,NCR-24-0019,147.6,3.6,5830,20260106T061500Z-QE24M
CQ-000054,2024-02,inspection labor,NCR,NCR-24-0021,217.3,5.3,5830,20260106T061500Z-QE24M
CQ-000055,2024-02,inspection labor,NCR,NCR-24-0023,139.4,3.4,5830,20260106T061500Z-QE24M
CQ-000056,2024-02,inspection labor,NCR,NCR-24-0024,1283.3,31.3,5830,20260106T061500Z-QE24M
CQ-000057,2024-02,inspection labor,timesheet,CMM and vision 2024-02,19155.99,467.2,5830,20260106T061500Z-QE24M
CQ-000058,2024-02,inspection labor,timesheet,in-process and final 2024-02,16605.75,405.0,5830,20260106T061500Z-QE24M
CQ-000059,2024-02,inspection labor,timesheet,lead 2024-02,6386.25,155.8,5830,20260106T061500Z-QE24M
CQ-000060,2024-02,inspection labor,timesheet,receiving 2024-02,13288.67,324.1,5830,20260106T061500Z-QE24M
CQ-000061,2024-02,rework labor,NCR,NCR-24-0011,5635.0,122.5,5820,20260106T061500Z-QE24M
CQ-000062,2024-02,rework labor,NCR,NCR-24-0014,3155.6,68.6,5820,20260106T061500Z-QE24M
CQ-000063,2024-02,rework labor,NCR,NCR-24-0018,2507.0,54.5,5820,20260106T061500Z-QE24M
CQ-000064,2024-02,rework labor,NCR,NCR-24-0021,8588.2,186.7,5820,20260106T061500Z-QE24M
CQ-000065,2024-02,rework labor,NCR,NCR-24-0023,2332.2,50.7,5820,20260106T061500Z-QE24M
CQ-000066,2024-02,scrap,NCR,NCR-24-0006,791.9,,5810,20260106T061500Z-QE24M
CQ-000067,2024-02,scrap,NCR,NCR-24-0008,5529.77,,5810,20260106T061500Z-QE24M
CQ-000068,2024-02,scrap,NCR,NCR-24-0013,1665.11,,5810,20260106T061500Z-QE24M
CQ-000069,2024-02,scrap,NCR,NCR-24-0020,1936.31,,5810,20260106T061500Z-QE24M
CQ-000070,2024-02,scrap,NCR,NCR-24-0022,867.69,,5810,20260106T061500Z-QE24M
CQ-000071,2024-02,scrap,job,1 jobs on SW-06,62.62,,5810,20260106T061500Z-QE24M
CQ-000072,2024-02,scrap,job,2 jobs on ML-02,28.02,,5810,20260106T061500Z-QE24M
CQ-000073,2024-02,scrap,job,2 jobs on SW-01,140.16,,5810,20260106T061500Z-QE24M
CQ-000074,2024-02,scrap,job,3 jobs on GR-02,539.44,,5810,20260106T061500Z-QE24M
CQ-000075,2024-02,scrap,job,3 jobs on GR-03,1016.03,,5810,20260106T061500Z-QE24M
CQ-000076,2024-02,scrap,job,3 jobs on ML-03,722.96,,5810,20260106T061500Z-QE24M
CQ-000077,2024-02,scrap,job,3 jobs on ML-04,265.58,,5810,20260106T061500Z-QE24M
CQ-000078,2024-02,scrap,job,3 jobs on ML-05,181.44,,5810,20260106T061500Z-QE24M
CQ-000079,2024-02,scrap,job,3 jobs on ML-06,377.51,,5810,20260106T061500Z-QE24M
CQ-000080,2024-02,scrap,job,3 jobs on SW-02,1168.71,,5810,20260106T061500Z-QE24M
CQ-000081,2024-02,scrap,job,3 jobs on SW-05,394.69,,5810,20260106T061500Z-QE24M
CQ-000082,2024-02,scrap,job,3 jobs on SW-07,300.13,,5810,20260106T061500Z-QE24M
CQ-000083,2024-02,scrap,job,4 jobs on GR-04,779.04,,5810,20260106T061500Z-QE24M
CQ-000084,2024-02,scrap,job,4 jobs on ML-01,1741.53,,5810,20260106T061500Z-QE24M
CQ-000085,2024-02,scrap,job,4 jobs on MT-06,242.26,,5810,20260106T061500Z-QE24M
CQ-000086,2024-02,scrap,job,4 jobs on SW-04,203.96,,5810,20260106T061500Z-QE24M
CQ-000087,2024-02,scrap,job,4 jobs on SW-08,683.41,,5810,20260106T061500Z-QE24M
CQ-000088,2024-02,scrap,job,5 jobs on GR-01,1357.33,,5810,20260106T061500Z-QE24M
CQ-000089,2024-02,scrap,job,5 jobs on MT-01,464.65,,5810,20260106T061500Z-QE24M
CQ-000090,2024-02,scrap,job,5 jobs on MT-03,557.14,,5810,20260106T061500Z-QE24M
CQ-000091,2024-02,scrap,job,5 jobs on MT-05,645.49,,5810,20260106T061500Z-QE24M
CQ-000092,2024-02,scrap,job,5 jobs on SW-03,932.71,,5810,20260106T061500Z-QE24M
CQ-000093,2024-02,scrap,job,6 jobs on MT-04,920.25,,5810,20260106T061500Z-QE24M
CQ-000094,2024-02,scrap,job,8 jobs on MT-02,1306.07,,5810,20260106T061500Z-QE24M
CQ-000095,2024-02,sorting and containment,NCR,NCR-24-0016,1357.1,33.1,5850,20260106T061500Z-QE24M
CQ-000096,2024-02,sorting and containment,NCR,NCR-24-0024,1254.6,30.6,5850,20260106T061500Z-QE24M
CQ-000097,2024-02,supplier audit travel,invoice,EXP-9046,2612.51,,5880,20260106T061500Z-QE24M
CQ-000098,2024-02,training,invoice,INV-25624,6239.79,,5870,20260106T061500Z-QE24M
CQ-000099,2024-02,training,invoice,INV-82693,1720.24,,5870,20260106T061500Z-QE24M
CQ-000100,2024-03,CMM time,timesheet,CMM-1 2024-03,2126.4,177.2,5835,20260106T061500Z-QE24M
CQ-000101,2024-03,CMM time,timesheet,CMM-2 2024-03,1699.2,141.6,5835,20260106T061500Z-QE24M
CQ-000102,2024-03,CMM time,timesheet,VMS-1 2024-03,2073.6,172.8,5835,20260106T061500Z-QE24M
CQ-000103,2024-03,SPC software,invoice,INV-24252,3500.0,,5875,20260106T061500Z-QE24M
CQ-000104,2024-03,calibration,invoice,LC-2413268,180.0,,5840,20260106T061500Z-QE24M
CQ-000105,2024-03,calibration,invoice,LC-2429702,180.0,,5840,20260106T061500Z-QE24M
CQ-000106,2024-03,calibration,invoice,LC-2450839,180.0,,5840,20260106T061500Z-QE24M
CQ-000107,2024-03,calibration,invoice,LC-2458404,180.0,,5840,20260106T061500Z-QE24M
CQ-000108,2024-03,calibration,invoice,LC-2470939,180.0,,5840,20260106T061500Z-QE24M
CQ-000109,2024-03,calibration,invoice,LC-2483802,180.0,,5840,20260106T061500Z-QE24M
CQ-000110,2024-03,calibration,timesheet,calibration technician 2024-03,6961.01,158.2,5840,20260106T061500Z-QE24M
CQ-000111,2024-03,customer credit,complaint,CC-24-001,2714.28,,4090,20260106T061500Z-QE24M
CQ-000112,2024-03,customer credit,complaint,CC-24-002,2100.48,,4090,20260106T061500Z-QE24M
CQ-000113,2024-03,customer credit,complaint,CC-24-003,9958.28,,4090,20260106T061500Z-QE24M
CQ-000114,2024-03,inspection labor,NCR,NCR-24-0026,200.9,4.9,5830,20260106T061500Z-QE24M
CQ-000115,2024-03,inspection labor,NCR,NCR-24-0028,139.4,3.4,5830,20260106T061500Z-QE24M
CQ-000116,2024-03,inspection labor,NCR,NCR-24-0029,131.2,3.2,5830,20260106T061500Z-QE24M
CQ-000117,2024-03,inspection labor,NCR,NCR-24-0030,319.8,7.8,5830,20260106T061500Z-QE24M
CQ-000118,2024-03,inspection labor,NCR,NCR-24-0031,180.4,4.4,5830,20260106T061500Z-QE24M
CQ-000119,2024-03,inspection labor,NCR,NCR-24-0032,176.3,4.3,5830,20260106T061500Z-QE24M
CQ-000120,2024-03,inspection labor,NCR,NCR-24-0035,180.4,4.4,5830,20260106T061500Z-QE24M
CQ-000121,2024-03,inspection labor,NCR,NCR-24-0037,561.7,13.7,5830,20260106T061500Z-QE24M
CQ-000122,2024-03,inspection labor,NCR,NCR-24-0041,180.4,4.4,5830,20260106T061500Z-QE24M
CQ-000123,2024-03,inspection labor,NCR,NCR-24-0042,246.0,6.0,5830,20260106T061500Z-QE24M
CQ-000124,2024-03,inspection labor,NCR,NCR-24-0045,164.0,4.0,5830,20260106T061500Z-QE24M
CQ-000125,2024-03,inspection labor,NCR,NCR-24-0047,295.2,7.2,5830,20260106T061500Z-QE24M
CQ-000126,2024-03,inspection labor,NCR,NCR-24-0048,159.9,3.9,5830,20260106T061500Z-QE24M
CQ-000127,2024-03,inspection labor,NCR,NCR-24-0049,352.6,8.6,5830,20260106T061500Z-QE24M
CQ-000128,2024-03,inspection labor,NCR,NCR-24-0050,315.7,7.7,5830,20260106T061500Z-QE24M
CQ-000129,2024-03,inspection labor,NCR,NCR-24-0053,184.5,4.5,5830,20260106T061500Z-QE24M
CQ-000130,2024-03,inspection labor,NCR,NCR-24-0055,94.3,2.3,5830,20260106T061500Z-QE24M
CQ-000131,2024-03,inspection labor,NCR,NCR-24-0056,123.0,3.0,5830,20260106T061500Z-QE24M
CQ-000132,2024-03,inspection labor,NCR,NCR-24-0057,352.6,8.6,5830,20260106T061500Z-QE24M
CQ-000133,2024-03,inspection labor,NCR,NCR-24-0062,184.5,4.5,5830,20260106T061500Z-QE24M
CQ-000134,2024-03,inspection labor,NCR,NCR-24-0064,533.0,13.0,5830,20260106T061500Z-QE24M
CQ-000135,2024-03,inspection labor,timesheet,CMM and vision 2024-03,19915.51,485.7,5830,20260106T061500Z-QE24M
CQ-000136,2024-03,inspection labor,timesheet,in-process and final 2024-03,14480.16,353.2,5830,20260106T061500Z-QE24M
CQ-000137,2024-03,inspection labor,timesheet,lead 2024-03,6622.01,161.5,5830,20260106T061500Z-QE24M
CQ-000138,2024-03,inspection labor,timesheet,receiving 2024-03,13172.88,321.3,5830,20260106T061500Z-QE24M
CQ-000139,2024-03,return freight,complaint,CC-24-001,2245.61,,5860,20260106T061500Z-QE24M
CQ-000140,2024-03,return freight,complaint,CC-24-002,2694.24,,5860,20260106T061500Z-QE24M
CQ-000141,2024-03,return freight,complaint,CC-24-003,3217.4,,5860,20260106T061500Z-QE24M
CQ-000142,2024-03,rework labor,NCR,NCR-24-0028,3574.2,77.7,5820,20260106T061500Z-QE24M
CQ-000143,2024-03,rework labor,NCR,NCR-24-0031,2341.4,50.9,5820,20260106T061500Z-QE24M
CQ-000144,2024-03,rework labor,NCR,NCR-24-0035,5694.8,123.8,5820,20260106T061500Z-QE24M
CQ-000145,2024-03,rework labor,NCR,NCR-24-0037,3758.2,81.7,5820,20260106T061500Z-QE24M
CQ-000146,2024-03,rework labor,NCR,NCR-24-0041,5915.6,128.6,5820,20260106T061500Z-QE24M
CQ-000147,2024-03,rework labor,NCR,NCR-24-0047,6067.4,131.9,5820,20260106T061500Z-QE24M
CQ-000148,2024-03,rework labor,NCR,NCR-24-0056,1370.8,29.8,5820,20260106T061500Z-QE24M
CQ-000149,2024-03,rework labor,NCR,NCR-24-0057,2189.6,47.6,5820,20260106T061500Z-QE24M
CQ-000150,2024-03,scrap,NCR,NCR-24-0033,4829.62,,5810,20260106T061500Z-QE24M
CQ-000151,2024-03,scrap,NCR,NCR-24-0034,3187.8,,5810,20260106T061500Z-QE24M
CQ-000152,2024-03,scrap,NCR,NCR-24-0036,615.67,,5810,20260106T061500Z-QE24M
CQ-000153,2024-03,scrap,NCR,NCR-24-0038,1140.0,,5810,20260106T061500Z-QE24M
CQ-000154,2024-03,scrap,NCR,NCR-24-0040,776.22,,5810,20260106T061500Z-QE24M
CQ-000155,2024-03,scrap,NCR,NCR-24-0043,200.64,,5810,20260106T061500Z-QE24M
CQ-000156,2024-03,scrap,NCR,NCR-24-0044,85.93,,5810,20260106T061500Z-QE24M
CQ-000157,2024-03,scrap,NCR,NCR-24-0046,11181.97,,5810,20260106T061500Z-QE24M
CQ-000158,2024-03,scrap,NCR,NCR-24-0051,2187.84,,5810,20260106T061500Z-QE24M
CQ-000159,2024-03,scrap,NCR,NCR-24-0052,10507.05,,5810,20260106T061500Z-QE24M
CQ-000160,2024-03,scrap,NCR,NCR-24-0065,1808.61,,5810,20260106T061500Z-QE24M
CQ-000161,2024-03,scrap,job,11 jobs on MT-03,1646.77,,5810,20260106T061500Z-QE24M
CQ-000162,2024-03,scrap,job,3 jobs on SW-06,549.33,,5810,20260106T061500Z-QE24M
CQ-000163,2024-03,scrap,job,4 jobs on GR-04,124.91,,5810,20260106T061500Z-QE24M
CQ-000164,2024-03,scrap,job,4 jobs on ML-01,790.16,,5810,20260106T061500Z-QE24M
CQ-000165,2024-03,scrap,job,4 jobs on SW-04,761.96,,5810,20260106T061500Z-QE24M
CQ-000166,2024-03,scrap,job,4 jobs on SW-05,2137.45,,5810,20260106T061500Z-QE24M
CQ-000167,2024-03,scrap,job,5 jobs on GR-02,141.94,,5810,20260106T061500Z-QE24M
CQ-000168,2024-03,scrap,job,5 jobs on GR-03,135.25,,5810,20260106T061500Z-QE24M
CQ-000169,2024-03,scrap,job,5 jobs on ML-04,193.97,,5810,20260106T061500Z-QE24M
CQ-000170,2024-03,scrap,job,5 jobs on MT-01,824.14,,5810,20260106T061500Z-QE24M
CQ-000171,2024-03,scrap,job,5 jobs on SW-02,1275.95,,5810,20260106T061500Z-QE24M
CQ-000172,2024-03,scrap,job,5 jobs on SW-03,633.74,,5810,20260106T061500Z-QE24M
CQ-000173,2024-03,scrap,job,5 jobs on SW-07,554.85,,5810,20260106T061500Z-QE24M
CQ-000174,2024-03,scrap,job,6 jobs on GR-01,334.88,,5810,20260106T061500Z-QE24M
CQ-000175,2024-03,scrap,job,6 jobs on ML-02,912.15,,5810,20260106T061500Z-QE24M
CQ-000176,2024-03,scrap,job,6 jobs on MT-04,948.27,,5810,20260106T061500Z-QE24M
CQ-000177,2024-03,scrap,job,6 jobs on MT-06,1652.9,,5810,20260106T061500Z-QE24M
CQ-000178,2024-03,scrap,job,6 jobs on SW-01,918.81,,5810,20260106T061500Z-QE24M
CQ-000179,2024-03,scrap,job,6 jobs on SW-08,1268.07,,5810,20260106T061500Z-QE24M
CQ-000180,2024-03,scrap,job,7 jobs on ML-03,806.09,,5810,20260106T061500Z-QE24M
CQ-000181,2024-03,scrap,job,7 jobs on ML-05,837.95,,5810,20260106T061500Z-QE24M
CQ-000182,2024-03,scrap,job,7 jobs on MT-05,1482.04,,5810,20260106T061500Z-QE24M
CQ-000183,2024-03,scrap,job,8 jobs on ML-06,3938.08,,5810,20260106T061500Z-QE24M
CQ-000184,2024-03,scrap,job,9 jobs on MT-02,1041.98,,5810,20260106T061500Z-QE24M
CQ-000185,2024-03,sorting and containment,NCR,NCR-24-0032,1295.6,31.6,5850,20260106T061500Z-QE24M
CQ-000186,2024-03,sorting and containment,NCR,NCR-24-0045,1910.6,46.6,5850,20260106T061500Z-QE24M
CQ-000187,2024-03,sorting and containment,NCR,NCR-24-0048,2972.5,72.5,5850,20260106T061500Z-QE24M
CQ-000188,2024-03,sorting and containment,NCR,NCR-24-0050,2414.9,58.9,5850,20260106T061500Z-QE24M
CQ-000189,2024-03,sorting and containment,NCR,NCR-24-0062,3644.9,88.9,5850,20260106T061500Z-QE24M
CQ-000190,2024-03,sorting and containment,complaint,CC-24-001,3572.12,6.1,5850,20260106T061500Z-QE24M
CQ-000191,2024-03,sorting and containment,complaint,CC-24-002,5241.34,28.5,5850,20260106T061500Z-QE24M
CQ-000192,2024-03,sorting and containment,complaint,CC-24-003,7064.84,5.1,5850,20260106T061500Z-QE24M
CQ-000193,2024-03,supplier audit travel,invoice,EXP-7349,3991.66,,5880,20260106T061500Z-QE24M
CQ-000194,2024-03,training,invoice,INV-45397,2298.11,,5870,20260106T061500Z-QE24M
CQ-000195,2024-03,training,invoice,INV-59056,3705.68,,5870,20260106T061500Z-QE24M
CQ-000196,2024-04,CMM time,timesheet,CMM-1 2024-04,1958.4,163.2,5835,20260106T061500Z-QE24M
CQ-000197,2024-04,CMM time,timesheet,CMM-2 2024-04,1742.4,145.2,5835,20260106T061500Z-QE24M
CQ-000198,2024-04,CMM time,timesheet,VMS-1 2024-04,2049.6,170.8,5835,20260106T061500Z-QE24M
CQ-000199,2024-04,SPC software,invoice,INV-50539,3500.0,,5875,20260106T061500Z-QE24M
CQ-000200,2024-04,calibration,invoice,LC-2410103,180.0,,5840,20260106T061500Z-QE24M
CQ-000201,2024-04,calibration,invoice,LC-2411238,4200.0,,5840,20260106T061500Z-QE24M
CQ-000202,2024-04,calibration,invoice,LC-2447887,180.0,,5840,20260106T061500Z-QE24M
CQ-000203,2024-04,calibration,invoice,LC-2448123,180.0,,5840,20260106T061500Z-QE24M
CQ-000204,2024-04,calibration,invoice,LC-2460572,180.0,,5840,20260106T061500Z-QE24M
CQ-000205,2024-04,calibration,invoice,LC-2466825,180.0,,5840,20260106T061500Z-QE24M
CQ-000206,2024-04,calibration,timesheet,calibration technician 2024-04,7092.67,161.2,5840,20260106T061500Z-QE24M
CQ-000207,2024-04,customer credit,complaint,CC-24-004,9251.03,,4090,20260106T061500Z-QE24M
CQ-000208,2024-04,customer credit,complaint,CC-24-005,13129.74,,4090,20260106T061500Z-QE24M
CQ-000209,2024-04,inspection labor,NCR,NCR-24-0058,299.3,7.3,5830,20260106T061500Z-QE24M
CQ-000210,2024-04,inspection labor,NCR,NCR-24-0059,172.2,4.2,5830,20260106T061500Z-QE24M
CQ-000211,2024-04,inspection labor,NCR,NCR-24-0066,110.7,2.7,5830,20260106T061500Z-QE24M
CQ-000212,2024-04,inspection labor,NCR,NCR-24-0067,196.8,4.8,5830,20260106T061500Z-QE24M
CQ-000213,2024-04,inspection labor,NCR,NCR-24-0068,213.2,5.2,5830,20260106T061500Z-QE24M
CQ-000214,2024-04,inspection labor,NCR,NCR-24-0069,180.4,4.4,5830,20260106T061500Z-QE24M
CQ-000215,2024-04,inspection labor,NCR,NCR-24-0070,381.3,9.3,5830,20260106T061500Z-QE24M
CQ-000216,2024-04,inspection labor,NCR,NCR-24-0071,159.9,3.9,5830,20260106T061500Z-QE24M
CQ-000217,2024-04,inspection labor,NCR,NCR-24-0075,598.6,14.6,5830,20260106T061500Z-QE24M
CQ-000218,2024-04,inspection labor,NCR,NCR-24-0076,266.5,6.5,5830,20260106T061500Z-QE24M
CQ-000219,2024-04,inspection labor,NCR,NCR-24-0078,209.1,5.1,5830,20260106T061500Z-QE24M
CQ-000220,2024-04,inspection labor,NCR,NCR-24-0079,82.0,2.0,5830,20260106T061500Z-QE24M
CQ-000221,2024-04,inspection labor,NCR,NCR-24-0081,315.7,7.7,5830,20260106T061500Z-QE24M
CQ-000222,2024-04,inspection labor,NCR,NCR-24-0085,143.5,3.5,5830,20260106T061500Z-QE24M
CQ-000223,2024-04,inspection labor,NCR,NCR-24-0086,102.5,2.5,5830,20260106T061500Z-QE24M
CQ-000224,2024-04,inspection labor,NCR,NCR-24-0087,196.8,4.8,5830,20260106T061500Z-QE24M
CQ-000225,2024-04,inspection labor,NCR,NCR-24-0088,393.6,9.6,5830,20260106T061500Z-QE24M
CQ-000226,2024-04,inspection labor,NCR,NCR-24-0089,282.9,6.9,5830,20260106T061500Z-QE24M
CQ-000227,2024-04,inspection labor,NCR,NCR-24-0090,274.7,6.7,5830,20260106T061500Z-QE24M
CQ-000228,2024-04,inspection labor,NCR,NCR-24-0092,127.1,3.1,5830,20260106T061500Z-QE24M
CQ-000229,2024-04,inspection labor,NCR,NCR-24-0093,295.2,7.2,5830,20260106T061500Z-QE24M
CQ-000230,2024-04,inspection labor,NCR,NCR-24-0094,389.5,9.5,5830,20260106T061500Z-QE24M
CQ-000231,2024-04,inspection labor,timesheet,CMM and vision 2024-04,20508.44,500.2,5830,20260106T061500Z-QE24M
CQ-000232,2024-04,inspection labor,timesheet,in-process and final 2024-04,14868.54,362.6,5830,20260106T061500Z-QE24M
CQ-000233,2024-04,inspection labor,timesheet,lead 2024-04,6756.98,164.8,5830,20260106T061500Z-QE24M
CQ-000234,2024-04,inspection labor,timesheet,receiving 2024-04,13235.51,322.8,5830,20260106T061500Z-QE24M
CQ-000235,2024-04,return freight,complaint,CC-24-004,3673.8,,5860,20260106T061500Z-QE24M
CQ-000236,2024-04,return freight,complaint,CC-24-005,2010.28,,5860,20260106T061500Z-QE24M
CQ-000237,2024-04,rework labor,NCR,NCR-24-0070,3937.6,85.6,5820,20260106T061500Z-QE24M
CQ-000238,2024-04,rework labor,NCR,NCR-24-0075,2571.4,55.9,5820,20260106T061500Z-QE24M
CQ-000239,2024-04,rework labor,NCR,NCR-24-0081,8841.2,192.2,5820,20260106T061500Z-QE24M
CQ-000240,2024-04,rework labor,NCR,NCR-24-0089,3463.8,75.3,5820,20260106T061500Z-QE24M
CQ-000241,2024-04,rework labor,NCR,NCR-24-0090,2829.0,61.5,5820,20260106T061500Z-QE24M
CQ-000242,2024-04,rework labor,NCR,NCR-24-0093,3864.0,84.0,5820,20260106T061500Z-QE24M
CQ-000243,2024-04,rework labor,NCR,NCR-24-0094,2396.6,52.1,5820,20260106T061500Z-QE24M
CQ-000244,2024-04,scrap,NCR,NCR-24-0060,2349.62,,5810,20260106T061500Z-QE24M
CQ-000245,2024-04,scrap,NCR,NCR-24-0061,2865.96,,5810,20260106T061500Z-QE24M
CQ-000246,2024-04,scrap,NCR,NCR-24-0063,593.46,,5810,20260106T061500Z-QE24M
CQ-000247,2024-04,scrap,NCR,NCR-24-0073,1218.87,,5810,20260106T061500Z-QE24M
CQ-000248,2024-04,scrap,NCR,NCR-24-0074,2349.72,,5810,20260106T061500Z-QE24M
CQ-000249,2024-04,scrap,NCR,NCR-24-0077,3706.56,,5810,20260106T061500Z-QE24M
CQ-000250,2024-04,scrap,NCR,NCR-24-0080,1474.2,,5810,20260106T061500Z-QE24M
CQ-000251,2024-04,scrap,NCR,NCR-24-0082,687.46,,5810,20260106T061500Z-QE24M
CQ-000252,2024-04,scrap,NCR,NCR-24-0091,396.74,,5810,20260106T061500Z-QE24M
CQ-000253,2024-04,scrap,NCR,NCR-24-0095,486.31,,5810,20260106T061500Z-QE24M
CQ-000254,2024-04,scrap,job,3 jobs on GR-03,1779.7,,5810,20260106T061500Z-QE24M
CQ-000255,2024-04,scrap,job,4 jobs on ML-04,239.8,,5810,20260106T061500Z-QE24M
CQ-000256,2024-04,scrap,job,4 jobs on MT-03,474.54,,5810,20260106T061500Z-QE24M
CQ-000257,2024-04,scrap,job,4 jobs on MT-06,606.38,,5810,20260106T061500Z-QE24M
CQ-000258,2024-04,scrap,job,4 jobs on SW-03,724.61,,5810,20260106T061500Z-QE24M
CQ-000259,2024-04,scrap,job,4 jobs on SW-04,948.2,,5810,20260106T061500Z-QE24M
CQ-000260,2024-04,scrap,job,5 jobs on GR-02,607.61,,5810,20260106T061500Z-QE24M
CQ-000261,2024-04,scrap,job,5 jobs on ML-02,1622.49,,5810,20260106T061500Z-QE24M
CQ-000262,2024-04,scrap,job,5 jobs on SW-06,697.4,,5810,20260106T061500Z-QE24M
CQ-000263,2024-04,scrap,job,6 jobs on GR-01,1295.32,,5810,20260106T061500Z-QE24M
CQ-000264,2024-04,scrap,job,6 jobs on ML-01,236.87,,5810,20260106T061500Z-QE24M
CQ-000265,2024-04,scrap,job,6 jobs on SW-01,421.66,,5810,20260106T061500Z-QE24M
CQ-000266,2024-04,scrap,job,6 jobs on SW-02,1355.88,,5810,20260106T061500Z-QE24M
CQ-000267,2024-04,scrap,job,6 jobs on SW-05,1144.48,,5810,20260106T061500Z-QE24M
CQ-000268,2024-04,scrap,job,6 jobs on SW-07,1647.47,,5810,20260106T061500Z-QE24M
CQ-000269,2024-04,scrap,job,6 jobs on SW-08,2619.76,,5810,20260106T061500Z-QE24M
CQ-000270,2024-04,scrap,job,7 jobs on GR-04,601.75,,5810,20260106T061500Z-QE24M
CQ-000271,2024-04,scrap,job,7 jobs on ML-03,1042.26,,5810,20260106T061500Z-QE24M
CQ-000272,2024-04,scrap,job,7 jobs on MT-05,396.59,,5810,20260106T061500Z-QE24M
CQ-000273,2024-04,scrap,job,8 jobs on ML-05,2327.76,,5810,20260106T061500Z-QE24M
CQ-000274,2024-04,scrap,job,8 jobs on MT-02,1310.59,,5810,20260106T061500Z-QE24M
CQ-000275,2024-04,scrap,job,9 jobs on ML-06,697.29,,5810,20260106T061500Z-QE24M
CQ-000276,2024-04,scrap,job,9 jobs on MT-01,567.85,,5810,20260106T061500Z-QE24M
CQ-000277,2024-04,scrap,job,9 jobs on MT-04,568.57,,5810,20260106T061500Z-QE24M
CQ-000278,2024-04,sorting and containment,NCR,NCR-24-0058,1480.1,36.1,5850,20260106T061500Z-QE24M
CQ-000279,2024-04,sorting and containment,NCR,NCR-24-0078,3472.7,84.7,5850,20260106T061500Z-QE24M
CQ-000280,2024-04,sorting and containment,NCR,NCR-24-0079,930.7,22.7,5850,20260106T061500Z-QE24M
CQ-000281,2024-04,sorting and containment,NCR,NCR-24-0087,2156.6,52.6,5850,20260106T061500Z-QE24M
CQ-000282,2024-04,sorting and containment,NCR,NCR-24-0092,897.9,21.9,5850,20260106T061500Z-QE24M
CQ-000283,2024-04,sorting and containment,complaint,CC-24-004,4566.13,7.1,5850,20260106T061500Z-QE24M
CQ-000284,2024-04,sorting and containment,complaint,CC-24-005,3305.55,14.5,5850,20260106T061500Z-QE24M
CQ-000285,2024-04,supplier audit travel,invoice,EXP-9488,5206.02,,5880,20260106T061500Z-QE24M
CQ-000286,2024-04,training,invoice,INV-53436,1905.48,,5870,20260106T061500Z-QE24M
CQ-000287,2024-04,training,invoice,INV-78221,4549.4,,5870,20260106T061500Z-QE24M
CQ-000288,2024-05,CMM time,timesheet,CMM-1 2024-05,2280.0,190.0,5835,20260106T061500Z-QE24M
CQ-000289,2024-05,CMM time,timesheet,CMM-2 2024-05,1396.8,116.4,5835,20260106T061500Z-QE24M
CQ-000290,2024-05,CMM time,timesheet,VMS-1 2024-05,1761.6,146.8,5835,20260106T061500Z-QE24M
CQ-000291,2024-05,SPC software,invoice,INV-28397,3500.0,,5875,20260106T061500Z-QE24M
CQ-000292,2024-05,calibration,invoice,LC-2424539,180.0,,5840,20260106T061500Z-QE24M
CQ-000293,2024-05,calibration,invoice,LC-2448749,180.0,,5840,20260106T061500Z-QE24M
CQ-000294,2024-05,calibration,invoice,LC-2459818,180.0,,5840,20260106T061500Z-QE24M
CQ-000295,2024-05,calibration,invoice,LC-2460683,180.0,,5840,20260106T061500Z-QE24M
CQ-000296,2024-05,calibration,timesheet,calibration technician 2024-05,7106.76,161.5,5840,20260106T061500Z-QE24M
CQ-000297,2024-05,customer credit,complaint,CC-24-006,11489.53,,4090,20260106T061500Z-QE24M
CQ-000298,2024-05,customer credit,complaint,CC-24-007,2584.19,,4090,20260106T061500Z-QE24M
CQ-000299,2024-05,customer credit,complaint,CC-24-009,2202.12,,4090,20260106T061500Z-QE24M
CQ-000300,2024-05,customer credit,complaint,CC-24-010,8732.02,,4090,20260106T061500Z-QE24M
CQ-000301,2024-05,customer credit,complaint,CC-24-011,18570.85,,4090,20260106T061500Z-QE24M
CQ-000302,2024-05,inspection labor,NCR,NCR-24-0096,168.1,4.1,5830,20260106T061500Z-QE24M
CQ-000303,2024-05,inspection labor,NCR,NCR-24-0098,369.0,9.0,5830,20260106T061500Z-QE24M
CQ-000304,2024-05,inspection labor,NCR,NCR-24-0099,192.7,4.7,5830,20260106T061500Z-QE24M
CQ-000305,2024-05,inspection labor,NCR,NCR-24-0100,155.8,3.8,5830,20260106T061500Z-QE24M
CQ-000306,2024-05,inspection labor,NCR,NCR-24-0103,270.6,6.6,5830,20260106T061500Z-QE24M
CQ-000307,2024-05,inspection labor,NCR,NCR-24-0104,397.7,9.7,5830,20260106T061500Z-QE24M
CQ-000308,2024-05,inspection labor,NCR,NCR-24-0105,241.9,5.9,5830,20260106T061500Z-QE24M
CQ-000309,2024-05,inspection labor,NCR,NCR-24-0106,200.9,4.9,5830,20260106T061500Z-QE24M
CQ-000310,2024-05,inspection labor,NCR,NCR-24-0107,282.9,6.9,5830,20260106T061500Z-QE24M
CQ-000311,2024-05,inspection labor,NCR,NCR-24-0108,377.2,9.2,5830,20260106T061500Z-QE24M
CQ-000312,2024-05,inspection labor,NCR,NCR-24-0109,508.4,12.4,5830,20260106T061500Z-QE24M
CQ-000313,2024-05,inspection labor,NCR,NCR-24-0112,155.8,3.8,5830,20260106T061500Z-QE24M
CQ-000314,2024-05,inspection labor,NCR,NCR-24-0113,369.0,9.0,5830,20260106T061500Z-QE24M
CQ-000315,2024-05,inspection labor,NCR,NCR-24-0117,106.6,2.6,5830,20260106T061500Z-QE24M
CQ-000316,2024-05,inspection labor,NCR,NCR-24-0118,438.7,10.7,5830,20260106T061500Z-QE24M
CQ-000317,2024-05,inspection labor,NCR,NCR-24-0122,127.1,3.1,5830,20260106T061500Z-QE24M
CQ-000318,2024-05,inspection labor,NCR,NCR-24-0123,340.3,8.3,5830,20260106T061500Z-QE24M
CQ-000319,2024-05,inspection labor,NCR,NCR-24-0125,241.9,5.9,5830,20260106T061500Z-QE24M
CQ-000320,2024-05,inspection labor,NCR,NCR-24-0126,229.6,5.6,5830,20260106T061500Z-QE24M
CQ-000321,2024-05,inspection labor,NCR,NCR-24-0127,274.7,6.7,5830,20260106T061500Z-QE24M
CQ-000322,2024-05,inspection labor,NCR,NCR-24-0129,155.8,3.8,5830,20260106T061500Z-QE24M
CQ-000323,2024-05,inspection labor,NCR,NCR-24-0133,155.8,3.8,5830,20260106T061500Z-QE24M
CQ-000324,2024-05,inspection labor,timesheet,CMM and vision 2024-05,20839.28,508.3,5830,20260106T061500Z-QE24M
CQ-000325,2024-05,inspection labor,timesheet,in-process and final 2024-05,14355.33,350.1,5830,20260106T061500Z-QE24M
CQ-000326,2024-05,inspection labor,timesheet,lead 2024-05,6714.15,163.8,5830,20260106T061500Z-QE24M
CQ-000327,2024-05,inspection labor,timesheet,receiving 2024-05,13528.57,330.0,5830,20260106T061500Z-QE24M
CQ-000328,2024-05,return freight,complaint,CC-24-006,1314.76,,5860,20260106T061500Z-QE24M
CQ-000329,2024-05,return freight,complaint,CC-24-007,1138.32,,5860,20260106T061500Z-QE24M
CQ-000330,2024-05,return freight,complaint,CC-24-009,4117.8,,5860,20260106T061500Z-QE24M
CQ-000331,2024-05,return freight,complaint,CC-24-010,3054.26,,5860,20260106T061500Z-QE24M
CQ-000332,2024-05,return freight,complaint,CC-24-011,3082.35,,5860,20260106T061500Z-QE24M
CQ-000333,2024-05,rework labor,NCR,NCR-24-0098,1099.4,23.9,5820,20260106T061500Z-QE24M
CQ-000334,2024-05,rework labor,NCR,NCR-24-0105,1660.6,36.1,5820,20260106T061500Z-QE24M
CQ-000335,2024-05,rework labor,NCR,NCR-24-0106,6803.4,147.9,5820,20260106T061500Z-QE24M
CQ-000336,2024-05,rework labor,NCR,NCR-24-0109,3440.8,74.8,5820,20260106T061500Z-QE24M
CQ-000337,2024-05,rework labor,NCR,NCR-24-0123,11817.4,256.9,5820,20260106T061500Z-QE24M
CQ-000338,2024-05,rework labor,NCR,NCR-24-0125,3427.0,74.5,5820,20260106T061500Z-QE24M
CQ-000339,2024-05,rework labor,NCR,NCR-24-0126,3192.4,69.4,5820,20260106T061500Z-QE24M
CQ-000340,2024-05,rework labor,NCR,NCR-24-0129,3588.0,78.0,5820,20260106T061500Z-QE24M
CQ-000341,2024-05,scrap,NCR,NCR-24-0101,2446.47,,5810,20260106T061500Z-QE24M
CQ-000342,2024-05,scrap,NCR,NCR-24-0102,3832.92,,5810,20260106T061500Z-QE24M
CQ-000343,2024-05,scrap,NCR,NCR-24-0110,127.68,,5810,20260106T061500Z-QE24M
CQ-000344,2024-05,scrap,NCR,NCR-24-0111,2362.42,,5810,20260106T061500Z-QE24M
CQ-000345,2024-05,scrap,NCR,NCR-24-0115,163.59,,5810,20260106T061500Z-QE24M
CQ-000346,2024-05,scrap,NCR,NCR-24-0116,1541.28,,5810,20260106T061500Z-QE24M
CQ-000347,2024-05,scrap,NCR,NCR-24-0119,666.16,,5810,20260106T061500Z-QE24M
CQ-000348,2024-05,scrap,NCR,NCR-24-0120,515.51,,5810,20260106T061500Z-QE24M
CQ-000349,2024-05,scrap,NCR,NCR-24-0121,1837.53,,5810,20260106T061500Z-QE24M
CQ-000350,2024-05,scrap,NCR,NCR-24-0130,1029.82,,5810,20260106T061500Z-QE24M
CQ-000351,2024-05,scrap,job,3 jobs on ML-01,3941.46,,5810,20260106T061500Z-QE24M
CQ-000352,2024-05,scrap,job,3 jobs on ML-03,149.77,,5810,20260106T061500Z-QE24M
CQ-000353,2024-05,scrap,job,3 jobs on SW-04,1025.82,,5810,20260106T061500Z-QE24M
CQ-000354,2024-05,scrap,job,3 jobs on SW-08,97.0,,5810,20260106T061500Z-QE24M
CQ-000355,2024-05,scrap,job,4 jobs on ML-06,2488.89,,5810,20260106T061500Z-QE24M
CQ-000356,2024-05,scrap,job,4 jobs on SW-01,346.76,,5810,20260106T061500Z-QE24M
CQ-000357,2024-05,scrap,job,4 jobs on SW-02,1583.25,,5810,20260106T061500Z-QE24M
CQ-000358,2024-05,scrap,job,4 jobs on SW-05,527.23,,5810,20260106T061500Z-QE24M
CQ-000359,2024-05,scrap,job,5 jobs on GR-01,975.62,,5810,20260106T061500Z-QE24M
CQ-000360,2024-05,scrap,job,5 jobs on ML-04,570.95,,5810,20260106T061500Z-QE24M
CQ-000361,2024-05,scrap,job,5 jobs on SW-03,764.45,,5810,20260106T061500Z-QE24M
CQ-000362,2024-05,scrap,job,5 jobs on SW-06,907.61,,5810,20260106T061500Z-QE24M
CQ-000363,2024-05,scrap,job,6 jobs on GR-02,1861.26,,5810,20260106T061500Z-QE24M
CQ-000364,2024-05,scrap,job,6 jobs on GR-04,782.07,,5810,20260106T061500Z-QE24M
CQ-000365,2024-05,scrap,job,6 jobs on ML-02,498.29,,5810,20260106T061500Z-QE24M
CQ-000366,2024-05,scrap,job,6 jobs on ML-05,647.71,,5810,20260106T061500Z-QE24M
CQ-000367,2024-05,scrap,job,6 jobs on MT-01,600.07,,5810,20260106T061500Z-QE24M
CQ-000368,2024-05,scrap,job,6 jobs on MT-06,870.59,,5810,20260106T061500Z-QE24M
CQ-000369,2024-05,scrap,job,7 jobs on GR-03,587.94,,5810,20260106T061500Z-QE24M
CQ-000370,2024-05,scrap,job,7 jobs on MT-03,1201.33,,5810,20260106T061500Z-QE24M
CQ-000371,2024-05,scrap,job,7 jobs on MT-05,1755.26,,5810,20260106T061500Z-QE24M
CQ-000372,2024-05,scrap,job,8 jobs on SW-07,961.09,,5810,20260106T061500Z-QE24M
CQ-000373,2024-05,scrap,job,9 jobs on MT-02,1032.63,,5810,20260106T061500Z-QE24M
CQ-000374,2024-05,scrap,job,9 jobs on MT-04,1152.2,,5810,20260106T061500Z-QE24M
CQ-000375,2024-05,sorting and containment,NCR,NCR-24-0096,1922.9,46.9,5850,20260106T061500Z-QE24M
CQ-000376,2024-05,sorting and containment,NCR,NCR-24-0100,947.1,23.1,5850,20260106T061500Z-QE24M
CQ-000377,2024-05,sorting and containment,NCR,NCR-24-0103,1705.6,41.6,5850,20260106T061500Z-QE24M
CQ-000378,2024-05,sorting and containment,NCR,NCR-24-0104,4567.4,111.4,5850,20260106T061500Z-QE24M
CQ-000379,2024-05,sorting and containment,NCR,NCR-24-0107,1049.6,25.6,5850,20260106T061500Z-QE24M
CQ-000380,2024-05,sorting and containment,NCR,NCR-24-0112,2373.9,57.9,5850,20260106T061500Z-QE24M
CQ-000381,2024-05,sorting and containment,NCR,NCR-24-0113,2747.0,67.0,5850,20260106T061500Z-QE24M
CQ-000382,2024-05,sorting and containment,NCR,NCR-24-0118,7302.1,178.1,5850,20260106T061500Z-QE24M
CQ-000383,2024-05,sorting and containment,NCR,NCR-24-0133,4145.1,101.1,5850,20260106T061500Z-QE24M
CQ-000384,2024-05,sorting and containment,complaint,CC-24-006,2514.6,10.8,5850,20260106T061500Z-QE24M
CQ-000385,2024-05,sorting and containment,complaint,CC-24-007,10702.77,47.4,5850,20260106T061500Z-QE24M
CQ-000386,2024-05,sorting and containment,complaint,CC-24-009,1609.62,8.0,5850,20260106T061500Z-QE24M
CQ-000387,2024-05,sorting and containment,complaint,CC-24-010,8377.15,14.9,5850,20260106T061500Z-QE24M
CQ-000388,2024-05,sorting and containment,complaint,CC-24-011,2215.6,4.1,5850,20260106T061500Z-QE24M
CQ-000389,2024-05,supplier audit travel,invoice,EXP-6902,4879.67,,5880,20260106T061500Z-QE24M
CQ-000390,2024-05,training,invoice,INV-63994,4363.05,,5870,20260106T061500Z-QE24M
CQ-000391,2024-05,training,invoice,INV-66575,3355.6,,5870,20260106T061500Z-QE24M
CQ-000392,2024-06,CMM time,timesheet,CMM-1 2024-06,1728.0,144.0,5835,20260106T061500Z-QE24M
CQ-000393,2024-06,CMM time,timesheet,CMM-2 2024-06,1315.2,109.6,5835,20260106T061500Z-QE24M
CQ-000394,2024-06,CMM time,timesheet,VMS-1 2024-06,1569.6,130.8,5835,20260106T061500Z-QE24M
CQ-000395,2024-06,SPC software,invoice,INV-67988,3500.0,,5875,20260106T061500Z-QE24M
CQ-000396,2024-06,calibration,invoice,LC-2412151,180.0,,5840,20260106T061500Z-QE24M
CQ-000397,2024-06,calibration,timesheet,calibration technician 2024-06,6454.97,146.7,5840,20260106T061500Z-QE24M
CQ-000398,2024-06,customer credit,complaint,CC-24-012,12825.36,,4090,20260106T061500Z-QE24M
CQ-000399,2024-06,customer credit,complaint,CC-24-013,4724.77,,4090,20260106T061500Z-QE24M
CQ-000400,2024-06,customer credit,complaint,CC-24-014,5790.87,,4090,20260106T061500Z-QE24M
CQ-000401,2024-06,customer credit,complaint,CC-24-015,12203.68,,4090,20260106T061500Z-QE24M
CQ-000402,2024-06,customer credit,complaint,CC-24-016,3461.01,,4090,20260106T061500Z-QE24M
CQ-000403,2024-06,customer credit,complaint,CC-24-017,15303.15,,4090,20260106T061500Z-QE24M
CQ-000404,2024-06,customer credit,complaint,CC-24-018,14539.23,,4090,20260106T061500Z-QE24M
CQ-000405,2024-06,inspection labor,NCR,NCR-24-0136,229.6,5.6,5830,20260106T061500Z-QE24M
CQ-000406,2024-06,inspection labor,NCR,NCR-24-0137,102.5,2.5,5830,20260106T061500Z-QE24M
CQ-000407,2024-06,inspection labor,NCR,NCR-24-0138,192.7,4.7,5830,20260106T061500Z-QE24M
CQ-000408,2024-06,inspection labor,NCR,NCR-24-0139,315.7,7.7,5830,20260106T061500Z-QE24M
CQ-000409,2024-06,inspection labor,NCR,NCR-24-0141,344.4,8.4,5830,20260106T061500Z-QE24M
CQ-000410,2024-06,inspection labor,NCR,NCR-24-0144,311.6,7.6,5830,20260106T061500Z-QE24M
CQ-000411,2024-06,inspection labor,NCR,NCR-24-0145,155.8,3.8,5830,20260106T061500Z-QE24M
CQ-000412,2024-06,inspection labor,NCR,NCR-24-0146,369.0,9.0,5830,20260106T061500Z-QE24M
CQ-000413,2024-06,inspection labor,NCR,NCR-24-0148,176.3,4.3,5830,20260106T061500Z-QE24M
CQ-000414,2024-06,inspection labor,NCR,NCR-24-0149,209.1,5.1,5830,20260106T061500Z-QE24M
CQ-000415,2024-06,inspection labor,NCR,NCR-24-0150,176.3,4.3,5830,20260106T061500Z-QE24M
CQ-000416,2024-06,inspection labor,NCR,NCR-24-0151,340.3,8.3,5830,20260106T061500Z-QE24M
CQ-000417,2024-06,inspection labor,NCR,NCR-24-0152,184.5,4.5,5830,20260106T061500Z-QE24M
CQ-000418,2024-06,inspection labor,NCR,NCR-24-0153,270.6,6.6,5830,20260106T061500Z-QE24M
CQ-000419,2024-06,inspection labor,NCR,NCR-24-0154,110.7,2.7,5830,20260106T061500Z-QE24M
CQ-000420,2024-06,inspection labor,NCR,NCR-24-0155,192.7,4.7,5830,20260106T061500Z-QE24M
CQ-000421,2024-06,inspection labor,NCR,NCR-24-0159,528.9,12.9,5830,20260106T061500Z-QE24M
CQ-000422,2024-06,inspection labor,NCR,NCR-24-0161,397.7,9.7,5830,20260106T061500Z-QE24M
CQ-000423,2024-06,inspection labor,NCR,NCR-24-0162,151.7,3.7,5830,20260106T061500Z-QE24M
CQ-000424,2024-06,inspection labor,NCR,NCR-24-0166,184.5,4.5,5830,20260106T061500Z-QE24M
CQ-000425,2024-06,inspection labor,NCR,NCR-24-0167,233.7,5.7,5830,20260106T061500Z-QE24M
CQ-000426,2024-06,inspection labor,NCR,NCR-24-0169,246.0,6.0,5830,20260106T061500Z-QE24M
CQ-000427,2024-06,inspection labor,NCR,NCR-24-0170,118.9,2.9,5830,20260106T061500Z-QE24M
CQ-000428,2024-06,inspection labor,timesheet,CMM and vision 2024-06,18283.57,445.9,5830,20260106T061500Z-QE24M
CQ-000429,2024-06,inspection labor,timesheet,in-process and final 2024-06,12514.13,305.2,5830,20260106T061500Z-QE24M
CQ-000430,2024-06,inspection labor,timesheet,lead 2024-06,6300.2,153.7,5830,20260106T061500Z-QE24M
CQ-000431,2024-06,inspection labor,timesheet,receiving 2024-06,12551.32,306.1,5830,20260106T061500Z-QE24M
CQ-000432,2024-06,return freight,complaint,CC-24-012,6857.66,,5860,20260106T061500Z-QE24M
CQ-000433,2024-06,return freight,complaint,CC-24-013,2458.07,,5860,20260106T061500Z-QE24M
CQ-000434,2024-06,return freight,complaint,CC-24-014,2191.03,,5860,20260106T061500Z-QE24M
CQ-000435,2024-06,return freight,complaint,CC-24-015,1206.79,,5860,20260106T061500Z-QE24M
CQ-000436,2024-06,return freight,complaint,CC-24-016,1151.03,,5860,20260106T061500Z-QE24M
CQ-000437,2024-06,return freight,complaint,CC-24-017,2332.64,,5860,20260106T061500Z-QE24M
CQ-000438,2024-06,return freight,complaint,CC-24-018,1027.79,,5860,20260106T061500Z-QE24M
CQ-000439,2024-06,rework labor,NCR,NCR-24-0138,6877.0,149.5,5820,20260106T061500Z-QE24M
CQ-000440,2024-06,rework labor,NCR,NCR-24-0139,2226.4,48.4,5820,20260106T061500Z-QE24M
CQ-000441,2024-06,rework labor,NCR,NCR-24-0148,2626.6,57.1,5820,20260106T061500Z-QE24M
CQ-000442,2024-06,rework labor,NCR,NCR-24-0149,2723.2,59.2,5820,20260106T061500Z-QE24M
CQ-000443,2024-06,rework labor,NCR,NCR-24-0151,2810.6,61.1,5820,20260106T061500Z-QE24M
CQ-000444,2024-06,rework labor,NCR,NCR-24-0155,8459.4,183.9,5820,20260106T061500Z-QE24M
CQ-000445,2024-06,rework labor,NCR,NCR-24-0161,4540.2,98.7,5820,20260106T061500Z-QE24M
CQ-000446,2024-06,scrap,NCR,NCR-24-0134,54.24,,5810,20260106T061500Z-QE24M
CQ-000447,2024-06,scrap,NCR,NCR-24-0135,1638.2,,5810,20260106T061500Z-QE24M
CQ-000448,2024-06,scrap,NCR,NCR-24-0142,7840.61,,5810,20260106T061500Z-QE24M
CQ-000449,2024-06,scrap,NCR,NCR-24-0143,2354.4,,5810,20260106T061500Z-QE24M
CQ-000450,2024-06,scrap,NCR,NCR-24-0147,2302.8,,5810,20260106T061500Z-QE24M
CQ-000451,2024-06,scrap,NCR,NCR-24-0156,7160.67,,5810,20260106T061500Z-QE24M
CQ-000452,2024-06,scrap,NCR,NCR-24-0157,1866.48,,5810,20260106T061500Z-QE24M
CQ-000453,2024-06,scrap,NCR,NCR-24-0158,1753.72,,5810,20260106T061500Z-QE24M
CQ-000454,2024-06,scrap,NCR,NCR-24-0163,4877.88,,5810,20260106T061500Z-QE24M
CQ-000455,2024-06,scrap,NCR,NCR-24-0165,2837.46,,5810,20260106T061500Z-QE24M
CQ-000456,2024-06,scrap,job,1 jobs on SW-02,19.18,,5810,20260106T061500Z-QE24M
CQ-000457,2024-06,scrap,job,2 jobs on GR-02,153.84,,5810,20260106T061500Z-QE24M
CQ-000458,2024-06,scrap,job,2 jobs on SW-04,2021.18,,5810,20260106T061500Z-QE24M
CQ-000459,2024-06,scrap,job,2 jobs on SW-07,341.38,,5810,20260106T061500Z-QE24M
CQ-000460,2024-06,scrap,job,3 jobs on ML-04,1143.21,,5810,20260106T061500Z-QE24M
CQ-000461,2024-06,scrap,job,3 jobs on SW-03,369.37,,5810,20260106T061500Z-QE24M
CQ-000462,2024-06,scrap,job,3 jobs on SW-08,188.44,,5810,20260106T061500Z-QE24M
CQ-000463,2024-06,scrap,job,4 jobs on GR-01,259.36,,5810,20260106T061500Z-QE24M
CQ-000464,2024-06,scrap,job,4 jobs on ML-03,438.61,,5810,20260106T061500Z-QE24M
CQ-000465,2024-06,scrap,job,4 jobs on ML-06,694.19,,5810,20260106T061500Z-QE24M
CQ-000466,2024-06,scrap,job,4 jobs on MT-03,754.97,,5810,20260106T061500Z-QE24M
CQ-000467,2024-06,scrap,job,4 jobs on MT-04,509.5,,5810,20260106T061500Z-QE24M
CQ-000468,2024-06,scrap,job,4 jobs on MT-05,732.55,,5810,20260106T061500Z-QE24M
CQ-000469,2024-06,scrap,job,4 jobs on MT-06,1402.43,,5810,20260106T061500Z-QE24M
CQ-000470,2024-06,scrap,job,5 jobs on GR-04,616.7,,5810,20260106T061500Z-QE24M
CQ-000471,2024-06,scrap,job,5 jobs on ML-01,1044.83,,5810,20260106T061500Z-QE24M
CQ-000472,2024-06,scrap,job,5 jobs on MT-02,301.99,,5810,20260106T061500Z-QE24M
CQ-000473,2024-06,scrap,job,5 jobs on SW-01,1232.36,,5810,20260106T061500Z-QE24M
CQ-000474,2024-06,scrap,job,5 jobs on SW-05,1900.24,,5810,20260106T061500Z-QE24M
CQ-000475,2024-06,scrap,job,6 jobs on ML-02,446.07,,5810,20260106T061500Z-QE24M
CQ-000476,2024-06,scrap,job,6 jobs on ML-05,2893.06,,5810,20260106T061500Z-QE24M
CQ-000477,2024-06,scrap,job,6 jobs on SW-06,791.41,,5810,20260106T061500Z-QE24M
CQ-000478,2024-06,scrap,job,8 jobs on GR-03,1194.62,,5810,20260106T061500Z-QE24M
CQ-000479,2024-06,scrap,job,8 jobs on MT-01,1299.42,,5810,20260106T061500Z-QE24M
CQ-000480,2024-06,sorting and containment,NCR,NCR-24-0136,2988.9,72.9,5850,20260106T061500Z-QE24M
CQ-000481,2024-06,sorting and containment,NCR,NCR-24-0137,1463.7,35.7,5850,20260106T061500Z-QE24M
CQ-000482,2024-06,sorting and containment,NCR,NCR-24-0141,2291.9,55.9,5850,20260106T061500Z-QE24M
CQ-000483,2024-06,sorting and containment,NCR,NCR-24-0146,1385.8,33.8,5850,20260106T061500Z-QE24M
CQ-000484,2024-06,sorting and containment,NCR,NCR-24-0150,2136.1,52.1,5850,20260106T061500Z-QE24M
CQ-000485,2024-06,sorting and containment,NCR,NCR-24-0154,1742.5,42.5,5850,20260106T061500Z-QE24M
CQ-000486,2024-06,sorting and containment,NCR,NCR-24-0166,807.7,19.7,5850,20260106T061500Z-QE24M
CQ-000487,2024-06,sorting and containment,complaint,CC-24-012,2348.53,16.3,5850,20260106T061500Z-QE24M
CQ-000488,2024-06,sorting and containment,complaint,CC-24-013,4975.24,8.1,5850,20260106T061500Z-QE24M
CQ-000489,2024-06,sorting and containment,complaint,CC-24-014,1504.72,15.1,5850,20260106T061500Z-QE24M
CQ-000490,2024-06,sorting and containment,complaint,CC-24-015,2949.48,27.3,5850,20260106T061500Z-QE24M
CQ-000491,2024-06,sorting and containment,complaint,CC-24-016,1805.65,19.6,5850,20260106T061500Z-QE24M
CQ-000492,2024-06,sorting and containment,complaint,CC-24-017,3824.76,2.3,5850,20260106T061500Z-QE24M
CQ-000493,2024-06,sorting and containment,complaint,CC-24-018,7186.76,22.0,5850,20260106T061500Z-QE24M
CQ-000494,2024-06,supplier audit travel,invoice,EXP-2886,4669.82,,5880,20260106T061500Z-QE24M
CQ-000495,2024-06,training,invoice,INV-35659,1548.48,,5870,20260106T061500Z-QE24M
CQ-000496,2024-06,training,invoice,INV-89436,5242.07,,5870,20260106T061500Z-QE24M
CQ-000497,2024-07,CMM time,timesheet,CMM-1 2024-07,1756.8,146.4,5835,20260106T061500Z-QE24M
CQ-000498,2024-07,CMM time,timesheet,CMM-2 2024-07,1488.0,124.0,5835,20260106T061500Z-QE24M
CQ-000499,2024-07,CMM time,timesheet,VMS-1 2024-07,2059.2,171.6,5835,20260106T061500Z-QE24M
CQ-000500,2024-07,SPC software,invoice,INV-76060,3500.0,,5875,20260106T061500Z-QE24M
CQ-000501,2024-07,calibration,invoice,LC-2454717,180.0,,5840,20260106T061500Z-QE24M
CQ-000502,2024-07,calibration,invoice,LC-2496118,180.0,,5840,20260106T061500Z-QE24M
CQ-000503,2024-07,calibration,timesheet,calibration technician 2024-07,7168.39,162.9,5840,20260106T061500Z-QE24M
CQ-000504,2024-07,customer credit,complaint,CC-24-019,9812.19,,4090,20260106T061500Z-QE24M
CQ-000505,2024-07,customer credit,complaint,CC-24-020,7976.62,,4090,20260106T061500Z-QE24M
CQ-000506,2024-07,inspection labor,NCR,NCR-24-0164,135.3,3.3,5830,20260106T061500Z-QE24M
CQ-000507,2024-07,inspection labor,NCR,NCR-24-0168,360.8,8.8,5830,20260106T061500Z-QE24M
CQ-000508,2024-07,inspection labor,NCR,NCR-24-0171,86.1,2.1,5830,20260106T061500Z-QE24M
CQ-000509,2024-07,inspection labor,NCR,NCR-24-0172,282.9,6.9,5830,20260106T061500Z-QE24M
CQ-000510,2024-07,inspection labor,NCR,NCR-24-0173,164.0,4.0,5830,20260106T061500Z-QE24M
CQ-000511,2024-07,inspection labor,NCR,NCR-24-0175,405.9,9.9,5830,20260106T061500Z-QE24M
CQ-000512,2024-07,inspection labor,NCR,NCR-24-0180,213.2,5.2,5830,20260106T061500Z-QE24M
CQ-000513,2024-07,inspection labor,NCR,NCR-24-0183,225.5,5.5,5830,20260106T061500Z-QE24M
CQ-000514,2024-07,inspection labor,NCR,NCR-24-0184,385.4,9.4,5830,20260106T061500Z-QE24M
CQ-000515,2024-07,inspection labor,NCR,NCR-24-0185,738.0,18.0,5830,20260106T061500Z-QE24M
CQ-000516,2024-07,inspection labor,NCR,NCR-24-0186,102.5,2.5,5830,20260106T061500Z-QE24M
CQ-000517,2024-07,inspection labor,NCR,NCR-24-0188,241.9,5.9,5830,20260106T061500Z-QE24M
CQ-000518,2024-07,inspection labor,NCR,NCR-24-0190,213.2,5.2,5830,20260106T061500Z-QE24M
CQ-000519,2024-07,inspection labor,NCR,NCR-24-0191,123.0,3.0,5830,20260106T061500Z-QE24M
CQ-000520,2024-07,inspection labor,NCR,NCR-24-0193,131.2,3.2,5830,20260106T061500Z-QE24M
CQ-000521,2024-07,inspection labor,NCR,NCR-24-0197,143.5,3.5,5830,20260106T061500Z-QE24M
CQ-000522,2024-07,inspection labor,NCR,NCR-24-0199,512.5,12.5,5830,20260106T061500Z-QE24M
CQ-000523,2024-07,inspection labor,NCR,NCR-24-0201,65.6,1.6,5830,20260106T061500Z-QE24M
CQ-000524,2024-07,inspection labor,timesheet,CMM and vision 2024-07,20271.55,494.4,5830,20260106T061500Z-QE24M
CQ-000525,2024-07,inspection labor,timesheet,in-process and final 2024-07,16157.16,394.1,5830,20260106T061500Z-QE24M
CQ-000526,2024-07,inspection labor,timesheet,lead 2024-07,6950.4,169.5,5830,20260106T061500Z-QE24M
CQ-000527,2024-07,inspection labor,timesheet,receiving 2024-07,13384.18,326.4,5830,20260106T061500Z-QE24M
CQ-000528,2024-07,return freight,complaint,CC-24-019,3880.55,,5860,20260106T061500Z-QE24M
CQ-000529,2024-07,return freight,complaint,CC-24-020,1605.5,,5860,20260106T061500Z-QE24M
CQ-000530,2024-07,rework labor,NCR,NCR-24-0172,6352.6,138.1,5820,20260106T061500Z-QE24M
CQ-000531,2024-07,rework labor,NCR,NCR-24-0180,3068.2,66.7,5820,20260106T061500Z-QE24M
CQ-000532,2024-07,rework labor,NCR,NCR-24-0184,11366.6,247.1,5820,20260106T061500Z-QE24M
CQ-000533,2024-07,rework labor,NCR,NCR-24-0186,3551.2,77.2,5820,20260106T061500Z-QE24M
CQ-000534,2024-07,rework labor,NCR,NCR-24-0190,3611.0,78.5,5820,20260106T061500Z-QE24M
CQ-000535,2024-07,rework labor,NCR,NCR-24-0193,2465.6,53.6,5820,20260106T061500Z-QE24M
CQ-000536,2024-07,scrap,NCR,NCR-24-0176,3540.51,,5810,20260106T061500Z-QE24M
CQ-000537,2024-07,scrap,NCR,NCR-24-0178,1009.47,,5810,20260106T061500Z-QE24M
CQ-000538,2024-07,scrap,NCR,NCR-24-0179,1930.5,,5810,20260106T061500Z-QE24M
CQ-000539,2024-07,scrap,NCR,NCR-24-0181,2180.25,,5810,20260106T061500Z-QE24M
CQ-000540,2024-07,scrap,NCR,NCR-24-0182,586.13,,5810,20260106T061500Z-QE24M
CQ-000541,2024-07,scrap,NCR,NCR-24-0187,667.33,,5810,20260106T061500Z-QE24M
CQ-000542,2024-07,scrap,NCR,NCR-24-0189,4200.9,,5810,20260106T061500Z-QE24M
CQ-000543,2024-07,scrap,NCR,NCR-24-0192,1437.15,,5810,20260106T061500Z-QE24M
CQ-000544,2024-07,scrap,NCR,NCR-24-0194,1696.54,,5810,20260106T061500Z-QE24M
CQ-000545,2024-07,scrap,NCR,NCR-24-0196,1752.98,,5810,20260106T061500Z-QE24M
CQ-000546,2024-07,scrap,job,2 jobs on GR-04,1144.81,,5810,20260106T061500Z-QE24M
CQ-000547,2024-07,scrap,job,3 jobs on ML-01,1934.22,,5810,20260106T061500Z-QE24M
CQ-000548,2024-07,scrap,job,3 jobs on SW-06,995.52,,5810,20260106T061500Z-QE24M
CQ-000549,2024-07,scrap,job,4 jobs on GR-01,766.0,,5810,20260106T061500Z-QE24M
CQ-000550,2024-07,scrap,job,4 jobs on GR-03,1267.43,,5810,20260106T061500Z-QE24M
CQ-000551,2024-07,scrap,job,4 jobs on ML-02,1270.94,,5810,20260106T061500Z-QE24M
CQ-000552,2024-07,scrap,job,4 jobs on ML-03,2152.64,,5810,20260106T061500Z-QE24M
CQ-000553,2024-07,scrap,job,4 jobs on ML-06,287.87,,5810,20260106T061500Z-QE24M
CQ-000554,2024-07,scrap,job,4 jobs on SW-01,1291.95,,5810,20260106T061500Z-QE24M
CQ-000555,2024-07,scrap,job,4 jobs on SW-04,1013.41,,5810,20260106T061500Z-QE24M
CQ-000556,2024-07,scrap,job,5 jobs on GR-02,462.55,,5810,20260106T061500Z-QE24M
CQ-000557,2024-07,scrap,job,5 jobs on SW-03,309.51,,5810,20260106T061500Z-QE24M
CQ-000558,2024-07,scrap,job,6 jobs on ML-05,446.83,,5810,20260106T061500Z-QE24M
CQ-000559,2024-07,scrap,job,6 jobs on MT-01,758.89,,5810,20260106T061500Z-QE24M
CQ-000560,2024-07,scrap,job,6 jobs on MT-03,1038.15,,5810,20260106T061500Z-QE24M
CQ-000561,2024-07,scrap,job,6 jobs on MT-04,1609.34,,5810,20260106T061500Z-QE24M
CQ-000562,2024-07,scrap,job,6 jobs on SW-02,1725.21,,5810,20260106T061500Z-QE24M
CQ-000563,2024-07,scrap,job,6 jobs on SW-05,826.73,,5810,20260106T061500Z-QE24M
CQ-000564,2024-07,scrap,job,6 jobs on SW-08,2230.02,,5810,20260106T061500Z-QE24M
CQ-000565,2024-07,scrap,job,7 jobs on MT-02,641.87,,5810,20260106T061500Z-QE24M
CQ-000566,2024-07,scrap,job,7 jobs on SW-07,495.25,,5810,20260106T061500Z-QE24M
CQ-000567,2024-07,scrap,job,8 jobs on MT-05,1538.83,,5810,20260106T061500Z-QE24M
CQ-000568,2024-07,scrap,job,8 jobs on MT-06,709.58,,5810,20260106T061500Z-QE24M
CQ-000569,2024-07,scrap,job,9 jobs on ML-04,2522.74,,5810,20260106T061500Z-QE24M
CQ-000570,2024-07,sorting and containment,NCR,NCR-24-0168,1566.2,38.2,5850,20260106T061500Z-QE24M
CQ-000571,2024-07,sorting and containment,NCR,NCR-24-0173,2312.4,56.4,5850,20260106T061500Z-QE24M
CQ-000572,2024-07,sorting and containment,NCR,NCR-24-0183,1168.5,28.5,5850,20260106T061500Z-QE24M
CQ-000573,2024-07,sorting and containment,NCR,NCR-24-0185,676.5,16.5,5850,20260106T061500Z-QE24M
CQ-000574,2024-07,sorting and containment,NCR,NCR-24-0191,5444.8,132.8,5850,20260106T061500Z-QE24M
CQ-000575,2024-07,sorting and containment,complaint,CC-24-019,5019.79,24.2,5850,20260106T061500Z-QE24M
CQ-000576,2024-07,sorting and containment,complaint,CC-24-020,2868.84,11.3,5850,20260106T061500Z-QE24M
CQ-000577,2024-07,supplier audit travel,invoice,EXP-7953,3404.06,,5880,20260106T061500Z-QE24M
CQ-000578,2024-07,training,invoice,INV-45824,3070.98,,5870,20260106T061500Z-QE24M
CQ-000579,2024-07,training,invoice,INV-78391,3297.71,,5870,20260106T061500Z-QE24M
CQ-000580,2024-08,CMM time,timesheet,CMM-1 2024-08,1396.8,116.4,5835,20260106T061500Z-QE24M
CQ-000581,2024-08,CMM time,timesheet,CMM-2 2024-08,1176.0,98.0,5835,20260106T061500Z-QE24M
CQ-000582,2024-08,CMM time,timesheet,VMS-1 2024-08,1224.0,102.0,5835,20260106T061500Z-QE24M
CQ-000583,2024-08,SPC software,invoice,INV-86875,3500.0,,5875,20260106T061500Z-QE24M
CQ-000584,2024-08,calibration,invoice,LC-2412619,180.0,,5840,20260106T061500Z-QE24M
CQ-000585,2024-08,calibration,invoice,LC-2414285,180.0,,5840,20260106T061500Z-QE24M
CQ-000586,2024-08,calibration,invoice,LC-2421789,180.0,,5840,20260106T061500Z-QE24M
CQ-000587,2024-08,calibration,invoice,LC-2472954,180.0,,5840,20260106T061500Z-QE24M
CQ-000588,2024-08,calibration,timesheet,calibration technician 2024-08,7266.49,165.1,5840,20260106T061500Z-QE24M
CQ-000589,2024-08,customer credit,complaint,CC-24-021,11219.67,,4090,20260106T061500Z-QE24M
CQ-000590,2024-08,customer credit,complaint,CC-24-022,3889.96,,4090,20260106T061500Z-QE24M
CQ-000591,2024-08,customer credit,complaint,CC-24-024,11816.45,,4090,20260106T061500Z-QE24M
CQ-000592,2024-08,customer credit,complaint,CC-24-025,6394.36,,4090,20260106T061500Z-QE24M
CQ-000593,2024-08,customer credit,complaint,CC-24-026,7300.84,,4090,20260106T061500Z-QE24M
CQ-000594,2024-08,customer credit,complaint,CC-24-027,9355.03,,4090,20260106T061500Z-QE24M
CQ-000595,2024-08,inspection labor,NCR,NCR-24-0195,123.0,3.0,5830,20260106T061500Z-QE24M
CQ-000596,2024-08,inspection labor,NCR,NCR-24-0198,299.3,7.3,5830,20260106T061500Z-QE24M
CQ-000597,2024-08,inspection labor,NCR,NCR-24-0202,106.6,2.6,5830,20260106T061500Z-QE24M
CQ-000598,2024-08,inspection labor,NCR,NCR-24-0204,287.0,7.0,5830,20260106T061500Z-QE24M
CQ-000599,2024-08,inspection labor,NCR,NCR-24-0205,680.6,16.6,5830,20260106T061500Z-QE24M
CQ-000600,2024-08,inspection labor,NCR,NCR-24-0207,410.0,10.0,5830,20260106T061500Z-QE24M
CQ-000601,2024-08,inspection labor,NCR,NCR-24-0209,139.4,3.4,5830,20260106T061500Z-QE24M
CQ-000602,2024-08,inspection labor,NCR,NCR-24-0211,254.2,6.2,5830,20260106T061500Z-QE24M
CQ-000603,2024-08,inspection labor,NCR,NCR-24-0212,442.8,10.8,5830,20260106T061500Z-QE24M
CQ-000604,2024-08,inspection labor,NCR,NCR-24-0213,262.4,6.4,5830,20260106T061500Z-QE24M
CQ-000605,2024-08,inspection labor,NCR,NCR-24-0215,143.5,3.5,5830,20260106T061500Z-QE24M
CQ-000606,2024-08,inspection labor,NCR,NCR-24-0217,299.3,7.3,5830,20260106T061500Z-QE24M
CQ-000607,2024-08,inspection labor,NCR,NCR-24-0219,114.8,2.8,5830,20260106T061500Z-QE24M
CQ-000608,2024-08,inspection labor,NCR,NCR-24-0220,147.6,3.6,5830,20260106T061500Z-QE24M
CQ-000609,2024-08,inspection labor,NCR,NCR-24-0221,221.4,5.4,5830,20260106T061500Z-QE24M
CQ-000610,2024-08,inspection labor,NCR,NCR-24-0222,118.9,2.9,5830,20260106T061500Z-QE24M
CQ-000611,2024-08,inspection labor,NCR,NCR-24-0223,295.2,7.2,5830,20260106T061500Z-QE24M
CQ-000612,2024-08,inspection labor,NCR,NCR-24-0224,209.1,5.1,5830,20260106T061500Z-QE24M
CQ-000613,2024-08,inspection labor,NCR,NCR-24-0226,217.3,5.3,5830,20260106T061500Z-QE24M
CQ-000614,2024-08,inspection labor,NCR,NCR-24-0228,332.1,8.1,5830,20260106T061500Z-QE24M
CQ-000615,2024-08,inspection labor,NCR,NCR-24-0229,291.1,7.1,5830,20260106T061500Z-QE24M
CQ-000616,2024-08,inspection labor,timesheet,CMM and vision 2024-08,20281.19,494.7,5830,20260106T061500Z-QE24M
CQ-000617,2024-08,inspection labor,timesheet,in-process and final 2024-08,15136.5,369.2,5830,20260106T061500Z-QE24M
CQ-000618,2024-08,inspection labor,timesheet,lead 2024-08,6688.45,163.1,5830,20260106T061500Z-QE24M
CQ-000619,2024-08,inspection labor,timesheet,receiving 2024-08,13282.66,324.0,5830,20260106T061500Z-QE24M
CQ-000620,2024-08,return freight,complaint,CC-24-021,1270.32,,5860,20260106T061500Z-QE24M
CQ-000621,2024-08,return freight,complaint,CC-24-022,2286.37,,5860,20260106T061500Z-QE24M
CQ-000622,2024-08,return freight,complaint,CC-24-024,606.09,,5860,20260106T061500Z-QE24M
CQ-000623,2024-08,return freight,complaint,CC-24-025,2038.82,,5860,20260106T061500Z-QE24M
CQ-000624,2024-08,return freight,complaint,CC-24-026,1687.43,,5860,20260106T061500Z-QE24M
CQ-000625,2024-08,return freight,complaint,CC-24-027,919.61,,5860,20260106T061500Z-QE24M
CQ-000626,2024-08,rework labor,NCR,NCR-24-0195,1518.0,33.0,5820,20260106T061500Z-QE24M
CQ-000627,2024-08,rework labor,NCR,NCR-24-0207,3638.6,79.1,5820,20260106T061500Z-QE24M
CQ-000628,2024-08,rework labor,NCR,NCR-24-0215,2497.8,54.3,5820,20260106T061500Z-QE24M
CQ-000629,2024-08,rework labor,NCR,NCR-24-0220,2530.0,55.0,5820,20260106T061500Z-QE24M
CQ-000630,2024-08,rework labor,NCR,NCR-24-0222,4981.8,108.3,5820,20260106T061500Z-QE24M
CQ-000631,2024-08,rework labor,NCR,NCR-24-0224,8082.2,175.7,5820,20260106T061500Z-QE24M
CQ-000632,2024-08,rework labor,NCR,NCR-24-0226,2304.6,50.1,5820,20260106T061500Z-QE24M
CQ-000633,2024-08,scrap,NCR,NCR-24-0200,437.62,,5810,20260106T061500Z-QE24M
CQ-000634,2024-08,scrap,NCR,NCR-24-0203,865.48,,5810,20260106T061500Z-QE24M
CQ-000635,2024-08,scrap,NCR,NCR-24-0206,1979.04,,5810,20260106T061500Z-QE24M
CQ-000636,2024-08,scrap,NCR,NCR-24-0210,65.94,,5810,20260106T061500Z-QE24M
CQ-000637,2024-08,scrap,NCR,NCR-24-0214,2729.64,,5810,20260106T061500Z-QE24M
CQ-000638,2024-08,scrap,NCR,NCR-24-0216,709.95,,5810,20260106T061500Z-QE24M
CQ-000639,2024-08,scrap,NCR,NCR-24-0218,3112.2,,5810,20260106T061500Z-QE24M
CQ-000640,2024-08,scrap,NCR,NCR-24-0225,756.2,,5810,20260106T061500Z-QE24M
CQ-000641,2024-08,scrap,NCR,NCR-24-0227,777.94,,5810,20260106T061500Z-QE24M
CQ-000642,2024-08,scrap,job,1 jobs on SW-04,482.48,,5810,20260106T061500Z-QE24M
CQ-000643,2024-08,scrap,job,12 jobs on MT-02,789.0,,5810,20260106T061500Z-QE24M
CQ-000644,2024-08,scrap,job,2 jobs on ML-01,1876.59,,5810,20260106T061500Z-QE24M
CQ-000645,2024-08,scrap,job,2 jobs on MT-06,205.53,,5810,20260106T061500Z-QE24M
CQ-000646,2024-08,scrap,job,2 jobs on SW-01,373.0,,5810,20260106T061500Z-QE24M
CQ-000647,2024-08,scrap,job,2 jobs on SW-06,120.79,,5810,20260106T061500Z-QE24M
CQ-000648,2024-08,scrap,job,2 jobs on SW-07,188.26,,5810,20260106T061500Z-QE24M
CQ-000649,2024-08,scrap,job,3 jobs on GR-01,358.17,,5810,20260106T061500Z-QE24M
CQ-000650,2024-08,scrap,job,3 jobs on ML-04,590.36,,5810,20260106T061500Z-QE24M
CQ-000651,2024-08,scrap,job,3 jobs on SW-02,1232.73,,5810,20260106T061500Z-QE24M
CQ-000652,2024-08,scrap,job,4 jobs on GR-04,1226.42,,5810,20260106T061500Z-QE24M
CQ-000653,2024-08,scrap,job,4 jobs on ML-03,678.7,,5810,20260106T061500Z-QE24M
CQ-000654,2024-08,scrap,job,4 jobs on ML-06,3148.39,,5810,20260106T061500Z-QE24M
CQ-000655,2024-08,scrap,job,4 jobs on MT-01,251.06,,5810,20260106T061500Z-QE24M
CQ-000656,2024-08,scrap,job,4 jobs on SW-08,540.79,,5810,20260106T061500Z-QE24M
CQ-000657,2024-08,scrap,job,5 jobs on GR-02,469.84,,5810,20260106T061500Z-QE24M
CQ-000658,2024-08,scrap,job,5 jobs on GR-03,619.63,,5810,20260106T061500Z-QE24M
CQ-000659,2024-08,scrap,job,5 jobs on ML-02,722.58,,5810,20260106T061500Z-QE24M
CQ-000660,2024-08,scrap,job,5 jobs on MT-03,559.6,,5810,20260106T061500Z-QE24M
CQ-000661,2024-08,scrap,job,5 jobs on MT-04,771.82,,5810,20260106T061500Z-QE24M
CQ-000662,2024-08,scrap,job,5 jobs on MT-05,416.92,,5810,20260106T061500Z-QE24M
CQ-000663,2024-08,scrap,job,5 jobs on SW-05,754.28,,5810,20260106T061500Z-QE24M
CQ-000664,2024-08,scrap,job,6 jobs on ML-05,537.22,,5810,20260106T061500Z-QE24M
CQ-000665,2024-08,scrap,job,6 jobs on SW-03,1366.36,,5810,20260106T061500Z-QE24M
CQ-000666,2024-08,sorting and containment,NCR,NCR-24-0205,1160.3,28.3,5850,20260106T061500Z-QE24M
CQ-000667,2024-08,sorting and containment,NCR,NCR-24-0223,3173.4,77.4,5850,20260106T061500Z-QE24M
CQ-000668,2024-08,sorting and containment,NCR,NCR-24-0229,2783.9,67.9,5850,20260106T061500Z-QE24M
CQ-000669,2024-08,sorting and containment,complaint,CC-24-021,2273.79,12.0,5850,20260106T061500Z-QE24M
CQ-000670,2024-08,sorting and containment,complaint,CC-24-022,3373.27,21.1,5850,20260106T061500Z-QE24M
CQ-000671,2024-08,sorting and containment,complaint,CC-24-024,3097.45,10.0,5850,20260106T061500Z-QE24M
CQ-000672,2024-08,sorting and containment,complaint,CC-24-025,5077.58,16.2,5850,20260106T061500Z-QE24M
CQ-000673,2024-08,sorting and containment,complaint,CC-24-026,3862.07,18.9,5850,20260106T061500Z-QE24M
CQ-000674,2024-08,sorting and containment,complaint,CC-24-027,2754.71,19.3,5850,20260106T061500Z-QE24M
CQ-000675,2024-08,supplier audit travel,invoice,EXP-9935,3905.02,,5880,20260106T061500Z-QE24M
CQ-000676,2024-08,training,invoice,INV-68002,3495.62,,5870,20260106T061500Z-QE24M
CQ-000677,2024-08,training,invoice,INV-87566,3097.55,,5870,20260106T061500Z-QE24M
CQ-000678,2024-09,CMM time,timesheet,CMM-1 2024-09,1416.0,118.0,5835,20260106T061500Z-QE24M
CQ-000679,2024-09,CMM time,timesheet,CMM-2 2024-09,1545.6,128.8,5835,20260106T061500Z-QE24M
CQ-000680,2024-09,CMM time,timesheet,VMS-1 2024-09,1272.0,106.0,5835,20260106T061500Z-QE24M
CQ-000681,2024-09,SPC software,invoice,INV-50552,3500.0,,5875,20260106T061500Z-QE24M
CQ-000682,2024-09,calibration,invoice,LC-2456501,180.0,,5840,20260106T061500Z-QE24M
CQ-000683,2024-09,calibration,invoice,LC-2458881,180.0,,5840,20260106T061500Z-QE24M
CQ-000684,2024-09,calibration,invoice,LC-2459750,180.0,,5840,20260106T061500Z-QE24M
CQ-000685,2024-09,calibration,invoice,LC-2465804,180.0,,5840,20260106T061500Z-QE24M
CQ-000686,2024-09,calibration,invoice,LC-2485760,2800.0,,5840,20260106T061500Z-QE24M
CQ-000687,2024-09,calibration,timesheet,calibration technician 2024-09,6520.6,148.2,5840,20260106T061500Z-QE24M
CQ-000688,2024-09,customer credit,complaint,CC-24-028,24024.06,,4090,20260106T061500Z-QE24M
CQ-000689,2024-09,customer credit,complaint,CC-24-029,23137.96,,4090,20260106T061500Z-QE24M
CQ-000690,2024-09,customer credit,complaint,CC-24-030,6146.24,,4090,20260106T061500Z-QE24M
CQ-000691,2024-09,inspection labor,NCR,NCR-24-0231,147.6,3.6,5830,20260106T061500Z-QE24M
CQ-000692,2024-09,inspection labor,NCR,NCR-24-0232,258.3,6.3,5830,20260106T061500Z-QE24M
CQ-000693,2024-09,inspection labor,NCR,NCR-24-0233,159.9,3.9,5830,20260106T061500Z-QE24M
CQ-000694,2024-09,inspection labor,NCR,NCR-24-0235,250.1,6.1,5830,20260106T061500Z-QE24M
CQ-000695,2024-09,inspection labor,NCR,NCR-24-0237,213.2,5.2,5830,20260106T061500Z-QE24M
CQ-000696,2024-09,inspection labor,NCR,NCR-24-0240,159.9,3.9,5830,20260106T061500Z-QE24M
CQ-000697,2024-09,inspection labor,NCR,NCR-24-0243,323.9,7.9,5830,20260106T061500Z-QE24M
CQ-000698,2024-09,inspection labor,NCR,NCR-24-0244,57.4,1.4,5830,20260106T061500Z-QE24M
CQ-000699,2024-09,inspection labor,NCR,NCR-24-0245,549.4,13.4,5830,20260106T061500Z-QE24M
CQ-000700,2024-09,inspection labor,NCR,NCR-24-0247,159.9,3.9,5830,20260106T061500Z-QE24M
CQ-000701,2024-09,inspection labor,NCR,NCR-24-0248,237.8,5.8,5830,20260106T061500Z-QE24M
CQ-000702,2024-09,inspection labor,NCR,NCR-24-0249,262.4,6.4,5830,20260106T061500Z-QE24M
CQ-000703,2024-09,inspection labor,NCR,NCR-24-0250,237.8,5.8,5830,20260106T061500Z-QE24M
CQ-000704,2024-09,inspection labor,NCR,NCR-24-0251,278.8,6.8,5830,20260106T061500Z-QE24M
CQ-000705,2024-09,inspection labor,NCR,NCR-24-0253,114.8,2.8,5830,20260106T061500Z-QE24M
CQ-000706,2024-09,inspection labor,NCR,NCR-24-0254,131.2,3.2,5830,20260106T061500Z-QE24M
CQ-000707,2024-09,inspection labor,NCR,NCR-24-0257,225.5,5.5,5830,20260106T061500Z-QE24M
CQ-000708,2024-09,inspection labor,NCR,NCR-24-0258,241.9,5.9,5830,20260106T061500Z-QE24M
CQ-000709,2024-09,inspection labor,NCR,NCR-24-0260,213.2,5.2,5830,20260106T061500Z-QE24M
CQ-000710,2024-09,inspection labor,timesheet,CMM and vision 2024-09,17959.3,438.0,5830,20260106T061500Z-QE24M
CQ-000711,2024-09,inspection labor,timesheet,in-process and final 2024-09,14452.21,352.5,5830,20260106T061500Z-QE24M
CQ-000712,2024-09,inspection labor,timesheet,lead 2024-09,6024.89,146.9,5830,20260106T061500Z-QE24M
CQ-000713,2024-09,inspection labor,timesheet,receiving 2024-09,12304.67,300.1,5830,20260106T061500Z-QE24M
CQ-000714,2024-09,return freight,complaint,CC-24-028,2125.6,,5860,20260106T061500Z-QE24M
CQ-000715,2024-09,return freight,complaint,CC-24-029,2874.57,,5860,20260106T061500Z-QE24M
CQ-000716,2024-09,return freight,complaint,CC-24-030,1906.2,,5860,20260106T061500Z-QE24M
CQ-000717,2024-09,rework labor,NCR,NCR-24-0232,5290.0,115.0,5820,20260106T061500Z-QE24M
CQ-000718,2024-09,rework labor,NCR,NCR-24-0237,3896.2,84.7,5820,20260106T061500Z-QE24M
CQ-000719,2024-09,rework labor,NCR,NCR-24-0243,1734.2,37.7,5820,20260106T061500Z-QE24M
CQ-000720,2024-09,rework labor,NCR,NCR-24-0250,2060.8,44.8,5820,20260106T061500Z-QE24M
CQ-000721,2024-09,rework labor,NCR,NCR-24-0254,1849.2,40.2,5820,20260106T061500Z-QE24M
CQ-000722,2024-09,rework labor,NCR,NCR-24-0258,4811.6,104.6,5820,20260106T061500Z-QE24M
CQ-000723,2024-09,scrap,NCR,NCR-24-0230,2325.37,,5810,20260106T061500Z-QE24M
CQ-000724,2024-09,scrap,NCR,NCR-24-0234,2029.12,,5810,20260106T061500Z-QE24M
CQ-000725,2024-09,scrap,NCR,NCR-24-0236,2143.48,,5810,20260106T061500Z-QE24M
CQ-000726,2024-09,scrap,NCR,NCR-24-0238,2497.77,,5810,20260106T061500Z-QE24M
CQ-000727,2024-09,scrap,NCR,NCR-24-0239,2685.12,,5810,20260106T061500Z-QE24M
CQ-000728,2024-09,scrap,NCR,NCR-24-0241,2277.68,,5810,20260106T061500Z-QE24M
CQ-000729,2024-09,scrap,NCR,NCR-24-0242,2402.6,,5810,20260106T061500Z-QE24M
CQ-000730,2024-09,scrap,NCR,NCR-24-0252,1740.33,,5810,20260106T061500Z-QE24M
CQ-000731,2024-09,scrap,NCR,NCR-24-0261,292.56,,5810,20260106T061500Z-QE24M
CQ-000732,2024-09,scrap,job,2 jobs on GR-04,210.12,,5810,20260106T061500Z-QE24M
CQ-000733,2024-09,scrap,job,2 jobs on ML-03,1264.58,,5810,20260106T061500Z-QE24M
CQ-000734,2024-09,scrap,job,2 jobs on SW-04,305.24,,5810,20260106T061500Z-QE24M
CQ-000735,2024-09,scrap,job,2 jobs on SW-07,665.92,,5810,20260106T061500Z-QE24M
CQ-000736,2024-09,scrap,job,3 jobs on GR-03,1011.4,,5810,20260106T061500Z-QE24M
CQ-000737,2024-09,scrap,job,3 jobs on MT-03,611.17,,5810,20260106T061500Z-QE24M
CQ-000738,2024-09,scrap,job,3 jobs on MT-06,200.67,,5810,20260106T061500Z-QE24M
CQ-000739,2024-09,scrap,job,3 jobs on SW-01,775.66,,5810,20260106T061500Z-QE24M
CQ-000740,2024-09,scrap,job,3 jobs on SW-02,392.49,,5810,20260106T061500Z-QE24M
CQ-000741,2024-09,scrap,job,3 jobs on SW-06,764.66,,5810,20260106T061500Z-QE24M
CQ-000742,2024-09,scrap,job,4 jobs on GR-01,197.71,,5810,20260106T061500Z-QE24M
CQ-000743,2024-09,scrap,job,4 jobs on GR-02,295.33,,5810,20260106T061500Z-QE24M
CQ-000744,2024-09,scrap,job,4 jobs on ML-02,782.6,,5810,20260106T061500Z-QE24M
CQ-000745,2024-09,scrap,job,4 jobs on MT-01,446.29,,5810,20260106T061500Z-QE24M
CQ-000746,2024-09,scrap,job,4 jobs on SW-08,599.93,,5810,20260106T061500Z-QE24M
CQ-000747,2024-09,scrap,job,5 jobs on ML-05,3470.05,,5810,20260106T061500Z-QE24M
CQ-000748,2024-09,scrap,job,5 jobs on ML-06,805.19,,5810,20260106T061500Z-QE24M
CQ-000749,2024-09,scrap,job,5 jobs on MT-04,1231.41,,5810,20260106T061500Z-QE24M
CQ-000750,2024-09,scrap,job,5 jobs on SW-03,733.07,,5810,20260106T061500Z-QE24M
CQ-000751,2024-09,scrap,job,5 jobs on SW-05,731.87,,5810,20260106T061500Z-QE24M
CQ-000752,2024-09,scrap,job,6 jobs on ML-01,1035.62,,5810,20260106T061500Z-QE24M
CQ-000753,2024-09,scrap,job,6 jobs on ML-04,381.17,,5810,20260106T061500Z-QE24M
CQ-000754,2024-09,scrap,job,6 jobs on MT-02,992.34,,5810,20260106T061500Z-QE24M
CQ-000755,2024-09,scrap,job,7 jobs on MT-05,2719.86,,5810,20260106T061500Z-QE24M
CQ-000756,2024-09,sorting and containment,NCR,NCR-24-0231,2009.0,49.0,5850,20260106T061500Z-QE24M
CQ-000757,2024-09,sorting and containment,NCR,NCR-24-0233,1307.9,31.9,5850,20260106T061500Z-QE24M
CQ-000758,2024-09,sorting and containment,NCR,NCR-24-0240,438.7,10.7,5850,20260106T061500Z-QE24M
CQ-000759,2024-09,sorting and containment,NCR,NCR-24-0245,1529.3,37.3,5850,20260106T061500Z-QE24M
CQ-000760,2024-09,sorting and containment,NCR,NCR-24-0247,1668.7,40.7,5850,20260106T061500Z-QE24M
CQ-000761,2024-09,sorting and containment,NCR,NCR-24-0253,5301.3,129.3,5850,20260106T061500Z-QE24M
CQ-000762,2024-09,sorting and containment,NCR,NCR-24-0257,2550.2,62.2,5850,20260106T061500Z-QE24M
CQ-000763,2024-09,sorting and containment,NCR,NCR-24-0260,3386.6,82.6,5850,20260106T061500Z-QE24M
CQ-000764,2024-09,sorting and containment,complaint,CC-24-028,4821.78,22.2,5850,20260106T061500Z-QE24M
CQ-000765,2024-09,sorting and containment,complaint,CC-24-029,3350.19,13.5,5850,20260106T061500Z-QE24M
CQ-000766,2024-09,sorting and containment,complaint,CC-24-030,1586.81,6.8,5850,20260106T061500Z-QE24M
CQ-000767,2024-09,supplier audit travel,invoice,EXP-7202,4854.06,,5880,20260106T061500Z-QE24M
CQ-000768,2024-09,training,invoice,INV-68711,5324.76,,5870,20260106T061500Z-QE24M
CQ-000769,2024-09,training,invoice,INV-83432,2886.6,,5870,20260106T061500Z-QE24M
CQ-000770,2024-10,CMM time,timesheet,CMM-1 2024-10,1435.2,119.6,5835,20260106T061500Z-QE24M
CQ-000771,2024-10,CMM time,timesheet,CMM-2 2024-10,1272.0,106.0,5835,20260106T061500Z-QE24M
CQ-000772,2024-10,CMM time,timesheet,VMS-1 2024-10,1372.8,114.4,5835,20260106T061500Z-QE24M
CQ-000773,2024-10,SPC software,invoice,INV-35480,3500.0,,5875,20260106T061500Z-QE24M
CQ-000774,2024-10,calibration,invoice,LC-2469945,180.0,,5840,20260106T061500Z-QE24M
CQ-000775,2024-10,calibration,invoice,LC-2480497,180.0,,5840,20260106T061500Z-QE24M
CQ-000776,2024-10,calibration,invoice,LC-2484056,180.0,,5840,20260106T061500Z-QE24M
CQ-000777,2024-10,calibration,invoice,LC-2484712,180.0,,5840,20260106T061500Z-QE24M
CQ-000778,2024-10,calibration,timesheet,calibration technician 2024-10,7669.55,174.3,5840,20260106T061500Z-QE24M
CQ-000779,2024-10,customer credit,complaint,CC-24-031,8593.23,,4090,20260106T061500Z-QE24M
CQ-000780,2024-10,customer credit,complaint,CC-24-032,4214.78,,4090,20260106T061500Z-QE24M
CQ-000781,2024-10,customer credit,complaint,CC-24-033,4648.47,,4090,20260106T061500Z-QE24M
CQ-000782,2024-10,inspection labor,NCR,NCR-24-0256,196.8,4.8,5830,20260106T061500Z-QE24M
CQ-000783,2024-10,inspection labor,NCR,NCR-24-0259,196.8,4.8,5830,20260106T061500Z-QE24M
CQ-000784,2024-10,inspection labor,NCR,NCR-24-0263,332.1,8.1,5830,20260106T061500Z-QE24M
CQ-000785,2024-10,inspection labor,NCR,NCR-24-0265,500.2,12.2,5830,20260106T061500Z-QE24M
CQ-000786,2024-10,inspection labor,NCR,NCR-24-0269,213.2,5.2,5830,20260106T061500Z-QE24M
CQ-000787,2024-10,inspection labor,NCR,NCR-24-0270,451.0,11.0,5830,20260106T061500Z-QE24M
CQ-000788,2024-10,inspection labor,NCR,NCR-24-0272,184.5,4.5,5830,20260106T061500Z-QE24M
CQ-000789,2024-10,inspection labor,NCR,NCR-24-0274,209.1,5.1,5830,20260106T061500Z-QE24M
CQ-000790,2024-10,inspection labor,NCR,NCR-24-0275,98.4,2.4,5830,20260106T061500Z-QE24M
CQ-000791,2024-10,inspection labor,NCR,NCR-24-0276,192.7,4.7,5830,20260106T061500Z-QE24M
CQ-000792,2024-10,inspection labor,NCR,NCR-24-0278,221.4,5.4,5830,20260106T061500Z-QE24M
CQ-000793,2024-10,inspection labor,NCR,NCR-24-0279,258.3,6.3,5830,20260106T061500Z-QE24M
CQ-000794,2024-10,inspection labor,NCR,NCR-24-0280,176.3,4.3,5830,20260106T061500Z-QE24M
CQ-000795,2024-10,inspection labor,NCR,NCR-24-0283,241.9,5.9,5830,20260106T061500Z-QE24M
CQ-000796,2024-10,inspection labor,NCR,NCR-24-0284,188.6,4.6,5830,20260106T061500Z-QE24M
CQ-000797,2024-10,inspection labor,NCR,NCR-24-0286,135.3,3.3,5830,20260106T061500Z-QE24M
CQ-000798,2024-10,inspection labor,NCR,NCR-24-0288,200.9,4.9,5830,20260106T061500Z-QE24M
CQ-000799,2024-10,inspection labor,NCR,NCR-24-0289,147.6,3.6,5830,20260106T061500Z-QE24M
CQ-000800,2024-10,inspection labor,NCR,NCR-24-0294,295.2,7.2,5830,20260106T061500Z-QE24M
CQ-000801,2024-10,inspection labor,NCR,NCR-24-0295,209.1,5.1,5830,20260106T061500Z-QE24M
CQ-000802,2024-10,inspection labor,timesheet,CMM and vision 2024-10,21054.97,513.5,5830,20260106T061500Z-QE24M
CQ-000803,2024-10,inspection labor,timesheet,in-process and final 2024-10,16031.73,391.0,5830,20260106T061500Z-QE24M
CQ-000804,2024-10,inspection labor,timesheet,lead 2024-10,6973.51,170.1,5830,20260106T061500Z-QE24M
CQ-000805,2024-10,inspection labor,timesheet,receiving 2024-10,14128.4,344.6,5830,20260106T061500Z-QE24M
CQ-000806,2024-10,return freight,complaint,CC-24-031,1531.31,,5860,20260106T061500Z-QE24M
CQ-000807,2024-10,return freight,complaint,CC-24-032,1376.66,,5860,20260106T061500Z-QE24M
CQ-000808,2024-10,return freight,complaint,CC-24-033,2113.55,,5860,20260106T061500Z-QE24M
CQ-000809,2024-10,rework labor,NCR,NCR-24-0270,9811.8,213.3,5820,20260106T061500Z-QE24M
CQ-000810,2024-10,rework labor,NCR,NCR-24-0272,4646.0,101.0,5820,20260106T061500Z-QE24M
CQ-000811,2024-10,rework labor,NCR,NCR-24-0276,7557.8,164.3,5820,20260106T061500Z-QE24M
CQ-000812,2024-10,rework labor,NCR,NCR-24-0279,1720.4,37.4,5820,20260106T061500Z-QE24M
CQ-000813,2024-10,rework labor,NCR,NCR-24-0280,4650.6,101.1,5820,20260106T061500Z-QE24M
CQ-000814,2024-10,rework labor,NCR,NCR-24-0283,1228.2,26.7,5820,20260106T061500Z-QE24M
CQ-000815,2024-10,rework labor,NCR,NCR-24-0294,7235.8,157.3,5820,20260106T061500Z-QE24M
CQ-000816,2024-10,scrap,NCR,NCR-24-0255,13554.42,,5810,20260106T061500Z-QE24M
CQ-000817,2024-10,scrap,NCR,NCR-24-0262,965.57,,5810,20260106T061500Z-QE24M
CQ-000818,2024-10,scrap,NCR,NCR-24-0266,3060.38,,5810,20260106T061500Z-QE24M
CQ-000819,2024-10,scrap,NCR,NCR-24-0267,3088.8,,5810,20260106T061500Z-QE24M
CQ-000820,2024-10,scrap,NCR,NCR-24-0268,2439.0,,5810,20260106T061500Z-QE24M
CQ-000821,2024-10,scrap,NCR,NCR-24-0273,2864.38,,5810,20260106T061500Z-QE24M
CQ-000822,2024-10,scrap,NCR,NCR-24-0277,244.53,,5810,20260106T061500Z-QE24M
CQ-000823,2024-10,scrap,NCR,NCR-24-0282,4906.44,,5810,20260106T061500Z-QE24M
CQ-000824,2024-10,scrap,NCR,NCR-24-0285,1391.18,,5810,20260106T061500Z-QE24M
CQ-000825,2024-10,scrap,NCR,NCR-24-0287,3269.19,,5810,20260106T061500Z-QE24M
CQ-000826,2024-10,scrap,NCR,NCR-24-0291,194.94,,5810,20260106T061500Z-QE24M
CQ-000827,2024-10,scrap,job,1 jobs on SW-04,322.17,,5810,20260106T061500Z-QE24M
CQ-000828,2024-10,scrap,job,11 jobs on MT-02,1111.55,,5810,20260106T061500Z-QE24M
CQ-000829,2024-10,scrap,job,2 jobs on ML-04,2114.28,,5810,20260106T061500Z-QE24M
CQ-000830,2024-10,scrap,job,3 jobs on GR-03,366.31,,5810,20260106T061500Z-QE24M
CQ-000831,2024-10,scrap,job,3 jobs on SW-01,308.79,,5810,20260106T061500Z-QE24M
CQ-000832,2024-10,scrap,job,3 jobs on SW-03,808.07,,5810,20260106T061500Z-QE24M
CQ-000833,2024-10,scrap,job,3 jobs on SW-06,270.75,,5810,20260106T061500Z-QE24M
CQ-000834,2024-10,scrap,job,3 jobs on SW-07,167.21,,5810,20260106T061500Z-QE24M
CQ-000835,2024-10,scrap,job,3 jobs on SW-08,157.84,,5810,20260106T061500Z-QE24M
CQ-000836,2024-10,scrap,job,4 jobs on ML-01,1673.84,,5810,20260106T061500Z-QE24M
CQ-000837,2024-10,scrap,job,4 jobs on ML-02,322.41,,5810,20260106T061500Z-QE24M
CQ-000838,2024-10,scrap,job,4 jobs on MT-01,735.19,,5810,20260106T061500Z-QE24M
CQ-000839,2024-10,scrap,job,4 jobs on SW-02,122.46,,5810,20260106T061500Z-QE24M
CQ-000840,2024-10,scrap,job,5 jobs on GR-04,500.36,,5810,20260106T061500Z-QE24M
CQ-000841,2024-10,scrap,job,5 jobs on ML-03,1514.84,,5810,20260106T061500Z-QE24M
CQ-000842,2024-10,scrap,job,5 jobs on ML-06,1875.39,,5810,20260106T061500Z-QE24M
CQ-000843,2024-10,scrap,job,5 jobs on MT-03,697.25,,5810,20260106T061500Z-QE24M
CQ-000844,2024-10,scrap,job,5 jobs on MT-06,348.39,,5810,20260106T061500Z-QE24M
CQ-000845,2024-10,scrap,job,5 jobs on SW-05,822.77,,5810,20260106T061500Z-QE24M
CQ-000846,2024-10,scrap,job,6 jobs on GR-01,565.51,,5810,20260106T061500Z-QE24M
CQ-000847,2024-10,scrap,job,6 jobs on GR-02,548.52,,5810,20260106T061500Z-QE24M
CQ-000848,2024-10,scrap,job,6 jobs on MT-04,1008.6,,5810,20260106T061500Z-QE24M
CQ-000849,2024-10,scrap,job,6 jobs on MT-05,672.45,,5810,20260106T061500Z-QE24M
CQ-000850,2024-10,scrap,job,7 jobs on ML-05,731.2,,5810,20260106T061500Z-QE24M
CQ-000851,2024-10,sorting and containment,NCR,NCR-24-0256,799.5,19.5,5850,20260106T061500Z-QE24M
CQ-000852,2024-10,sorting and containment,NCR,NCR-24-0286,5949.1,145.1,5850,20260106T061500Z-QE24M
CQ-000853,2024-10,sorting and containment,complaint,CC-24-031,3151.41,5.0,5850,20260106T061500Z-QE24M
CQ-000854,2024-10,sorting and containment,complaint,CC-24-032,2697.68,12.7,5850,20260106T061500Z-QE24M
CQ-000855,2024-10,sorting and containment,complaint,CC-24-033,1531.55,9.7,5850,20260106T061500Z-QE24M
CQ-000856,2024-10,supplier audit travel,invoice,EXP-2774,2402.5,,5880,20260106T061500Z-QE24M
CQ-000857,2024-10,training,invoice,INV-28595,4087.42,,5870,20260106T061500Z-QE24M
CQ-000858,2024-10,training,invoice,INV-63591,3119.06,,5870,20260106T061500Z-QE24M
CQ-000859,2024-11,CMM time,timesheet,CMM-1 2024-11,2390.4,199.2,5835,20260106T061500Z-QE24M
CQ-000860,2024-11,CMM time,timesheet,CMM-2 2024-11,1387.2,115.6,5835,20260106T061500Z-QE24M
CQ-000861,2024-11,CMM time,timesheet,VMS-1 2024-11,1641.6,136.8,5835,20260106T061500Z-QE24M
CQ-000862,2024-11,SPC software,invoice,INV-39503,3500.0,,5875,20260106T061500Z-QE24M
CQ-000863,2024-11,calibration,invoice,LC-2412388,180.0,,5840,20260106T061500Z-QE24M
CQ-000864,2024-11,calibration,invoice,LC-2469972,180.0,,5840,20260106T061500Z-QE24M
CQ-000865,2024-11,calibration,invoice,LC-2487490,180.0,,5840,20260106T061500Z-QE24M
CQ-000866,2024-11,calibration,timesheet,calibration technician 2024-11,6351.01,144.3,5840,20260106T061500Z-QE24M
CQ-000867,2024-11,customer credit,complaint,CC-24-034,7768.25,,4090,20260106T061500Z-QE24M
CQ-000868,2024-11,customer credit,complaint,CC-24-035,7637.8,,4090,20260106T061500Z-QE24M
CQ-000869,2024-11,inspection labor,NCR,NCR-24-0293,237.8,5.8,5830,20260106T061500Z-QE24M
CQ-000870,2024-11,inspection labor,NCR,NCR-24-0296,266.5,6.5,5830,20260106T061500Z-QE24M
CQ-000871,2024-11,inspection labor,NCR,NCR-24-0298,73.8,1.8,5830,20260106T061500Z-QE24M
CQ-000872,2024-11,inspection labor,NCR,NCR-24-0299,496.1,12.1,5830,20260106T061500Z-QE24M
CQ-000873,2024-11,inspection labor,NCR,NCR-24-0301,172.2,4.2,5830,20260106T061500Z-QE24M
CQ-000874,2024-11,inspection labor,NCR,NCR-24-0302,582.2,14.2,5830,20260106T061500Z-QE24M
CQ-000875,2024-11,inspection labor,NCR,NCR-24-0303,287.0,7.0,5830,20260106T061500Z-QE24M
CQ-000876,2024-11,inspection labor,NCR,NCR-24-0306,414.1,10.1,5830,20260106T061500Z-QE24M
CQ-000877,2024-11,inspection labor,NCR,NCR-24-0307,225.5,5.5,5830,20260106T061500Z-QE24M
CQ-000878,2024-11,inspection labor,NCR,NCR-24-0309,278.8,6.8,5830,20260106T061500Z-QE24M
CQ-000879,2024-11,inspection labor,NCR,NCR-24-0311,151.7,3.7,5830,20260106T061500Z-QE24M
CQ-000880,2024-11,inspection labor,NCR,NCR-24-0313,328.0,8.0,5830,20260106T061500Z-QE24M
CQ-000881,2024-11,inspection labor,NCR,NCR-24-0315,377.2,9.2,5830,20260106T061500Z-QE24M
CQ-000882,2024-11,inspection labor,NCR,NCR-24-0317,360.8,8.8,5830,20260106T061500Z-QE24M
CQ-000883,2024-11,inspection labor,NCR,NCR-24-0318,192.7,4.7,5830,20260106T061500Z-QE24M
CQ-000884,2024-11,inspection labor,NCR,NCR-24-0320,278.8,6.8,5830,20260106T061500Z-QE24M
CQ-000885,2024-11,inspection labor,NCR,NCR-24-0324,168.1,4.1,5830,20260106T061500Z-QE24M
CQ-000886,2024-11,inspection labor,timesheet,CMM and vision 2024-11,17091.07,416.9,5830,20260106T061500Z-QE24M
CQ-000887,2024-11,inspection labor,timesheet,in-process and final 2024-11,12275.02,299.4,5830,20260106T061500Z-QE24M
CQ-000888,2024-11,inspection labor,timesheet,lead 2024-11,5670.21,138.3,5830,20260106T061500Z-QE24M
CQ-000889,2024-11,inspection labor,timesheet,receiving 2024-11,11420.66,278.6,5830,20260106T061500Z-QE24M
CQ-000890,2024-11,return freight,complaint,CC-24-034,2056.43,,5860,20260106T061500Z-QE24M
CQ-000891,2024-11,return freight,complaint,CC-24-035,4684.96,,5860,20260106T061500Z-QE24M
CQ-000892,2024-11,rework labor,NCR,NCR-24-0293,4429.8,96.3,5820,20260106T061500Z-QE24M
CQ-000893,2024-11,rework labor,NCR,NCR-24-0298,5340.6,116.1,5820,20260106T061500Z-QE24M
CQ-000894,2024-11,rework labor,NCR,NCR-24-0306,3017.6,65.6,5820,20260106T061500Z-QE24M
CQ-000895,2024-11,rework labor,NCR,NCR-24-0307,7723.4,167.9,5820,20260106T061500Z-QE24M
CQ-000896,2024-11,rework labor,NCR,NCR-24-0309,2962.4,64.4,5820,20260106T061500Z-QE24M
CQ-000897,2024-11,rework labor,NCR,NCR-24-0313,7521.0,163.5,5820,20260106T061500Z-QE24M
CQ-000898,2024-11,scrap,NCR,NCR-24-0292,955.76,,5810,20260106T061500Z-QE24M
CQ-000899,2024-11,scrap,NCR,NCR-24-0300,3472.56,,5810,20260106T061500Z-QE24M
CQ-000900,2024-11,scrap,NCR,NCR-24-0308,416.38,,5810,20260106T061500Z-QE24M
CQ-000901,2024-11,scrap,NCR,NCR-24-0312,1662.8,,5810,20260106T061500Z-QE24M
CQ-000902,2024-11,scrap,job,2 jobs on GR-04,120.64,,5810,20260106T061500Z-QE24M
CQ-000903,2024-11,scrap,job,3 jobs on ML-03,1209.24,,5810,20260106T061500Z-QE24M
CQ-000904,2024-11,scrap,job,4 jobs on GR-02,1335.31,,5810,20260106T061500Z-QE24M
CQ-000905,2024-11,scrap,job,4 jobs on ML-01,857.88,,5810,20260106T061500Z-QE24M
CQ-000906,2024-11,scrap,job,4 jobs on ML-04,1130.91,,5810,20260106T061500Z-QE24M
CQ-000907,2024-11,scrap,job,4 jobs on SW-04,1634.75,,5810,20260106T061500Z-QE24M
CQ-000908,2024-11,scrap,job,4 jobs on SW-08,465.81,,5810,20260106T061500Z-QE24M
CQ-000909,2024-11,scrap,job,5 jobs on GR-01,979.24,,5810,20260106T061500Z-QE24M
CQ-000910,2024-11,scrap,job,5 jobs on GR-03,777.81,,5810,20260106T061500Z-QE24M
CQ-000911,2024-11,scrap,job,5 jobs on MT-01,640.95,,5810,20260106T061500Z-QE24M
CQ-000912,2024-11,scrap,job,5 jobs on MT-04,891.39,,5810,20260106T061500Z-QE24M
CQ-000913,2024-11,scrap,job,5 jobs on MT-06,371.82,,5810,20260106T061500Z-QE24M
CQ-000914,2024-11,scrap,job,5 jobs on SW-01,585.6,,5810,20260106T061500Z-QE24M
CQ-000915,2024-11,scrap,job,5 jobs on SW-02,954.38,,5810,20260106T061500Z-QE24M
CQ-000916,2024-11,scrap,job,5 jobs on SW-03,766.89,,5810,20260106T061500Z-QE24M
CQ-000917,2024-11,scrap,job,5 jobs on SW-05,1607.42,,5810,20260106T061500Z-QE24M
CQ-000918,2024-11,scrap,job,5 jobs on SW-06,259.79,,5810,20260106T061500Z-QE24M
CQ-000919,2024-11,scrap,job,6 jobs on ML-02,352.14,,5810,20260106T061500Z-QE24M
CQ-000920,2024-11,scrap,job,6 jobs on ML-06,588.91,,5810,20260106T061500Z-QE24M
CQ-000921,2024-11,scrap,job,6 jobs on SW-07,481.17,,5810,20260106T061500Z-QE24M
CQ-000922,2024-11,scrap,job,7 jobs on ML-05,1166.6,,5810,20260106T061500Z-QE24M
CQ-000923,2024-11,scrap,job,7 jobs on MT-03,837.78,,5810,20260106T061500Z-QE24M
CQ-000924,2024-11,scrap,job,8 jobs on MT-02,869.15,,5810,20260106T061500Z-QE24M
CQ-000925,2024-11,scrap,job,8 jobs on MT-05,1661.32,,5810,20260106T061500Z-QE24M
CQ-000926,2024-11,sorting and containment,NCR,NCR-24-0302,1894.2,46.2,5850,20260106T061500Z-QE24M
CQ-000927,2024-11,sorting and containment,NCR,NCR-24-0311,1963.9,47.9,5850,20260106T061500Z-QE24M
CQ-000928,2024-11,sorting and containment,NCR,NCR-24-0324,1996.7,48.7,5850,20260106T061500Z-QE24M
CQ-000929,2024-11,sorting and containment,complaint,CC-24-034,4685.78,10.7,5850,20260106T061500Z-QE24M
CQ-000930,2024-11,sorting and containment,complaint,CC-24-035,1730.15,9.0,5850,20260106T061500Z-QE24M
CQ-000931,2024-11,supplier audit travel,invoice,EXP-3399,2792.26,,5880,20260106T061500Z-QE24M
CQ-000932,2024-11,training,invoice,INV-87655,2947.19,,5870,20260106T061500Z-QE24M
CQ-000933,2024-11,training,invoice,INV-94222,3662.19,,5870,20260106T061500Z-QE24M
CQ-000934,2024-12,CMM time,timesheet,CMM-1 2024-12,1401.6,116.8,5835,20260106T061500Z-QE24M
CQ-000935,2024-12,CMM time,timesheet,CMM-2 2024-12,1598.4,133.2,5835,20260106T061500Z-QE24M
CQ-000936,2024-12,CMM time,timesheet,VMS-1 2024-12,1113.6,92.8,5835,20260106T061500Z-QE24M
CQ-000937,2024-12,SPC software,invoice,INV-62830,3500.0,,5875,20260106T061500Z-QE24M
CQ-000938,2024-12,calibration,invoice,LC-2427137,180.0,,5840,20260106T061500Z-QE24M
CQ-000939,2024-12,calibration,invoice,LC-2445131,180.0,,5840,20260106T061500Z-QE24M
CQ-000940,2024-12,calibration,invoice,LC-2452392,180.0,,5840,20260106T061500Z-QE24M
CQ-000941,2024-12,calibration,invoice,LC-2481287,180.0,,5840,20260106T061500Z-QE24M
CQ-000942,2024-12,calibration,timesheet,calibration technician 2024-12,6290.87,143.0,5840,20260106T061500Z-QE24M
CQ-000943,2024-12,customer credit,complaint,CC-24-036,5676.85,,4090,20260106T061500Z-QE24M
CQ-000944,2024-12,customer credit,complaint,CC-24-037,6854.94,,4090,20260106T061500Z-QE24M
CQ-000945,2024-12,inspection labor,NCR,NCR-24-0323,164.0,4.0,5830,20260106T061500Z-QE24M
CQ-000946,2024-12,inspection labor,NCR,NCR-24-0327,143.5,3.5,5830,20260106T061500Z-QE24M
CQ-000947,2024-12,inspection labor,NCR,NCR-24-0329,274.7,6.7,5830,20260106T061500Z-QE24M
CQ-000948,2024-12,inspection labor,NCR,NCR-24-0330,114.8,2.8,5830,20260106T061500Z-QE24M
CQ-000949,2024-12,inspection labor,NCR,NCR-24-0332,131.2,3.2,5830,20260106T061500Z-QE24M
CQ-000950,2024-12,inspection labor,NCR,NCR-24-0333,569.9,13.9,5830,20260106T061500Z-QE24M
CQ-000951,2024-12,inspection labor,NCR,NCR-24-0335,192.7,4.7,5830,20260106T061500Z-QE24M
CQ-000952,2024-12,inspection labor,NCR,NCR-24-0336,98.4,2.4,5830,20260106T061500Z-QE24M
CQ-000953,2024-12,inspection labor,NCR,NCR-24-0338,110.7,2.7,5830,20260106T061500Z-QE24M
CQ-000954,2024-12,inspection labor,NCR,NCR-24-0339,176.3,4.3,5830,20260106T061500Z-QE24M
CQ-000955,2024-12,inspection labor,NCR,NCR-24-0342,172.2,4.2,5830,20260106T061500Z-QE24M
CQ-000956,2024-12,inspection labor,NCR,NCR-24-0343,151.7,3.7,5830,20260106T061500Z-QE24M
CQ-000957,2024-12,inspection labor,NCR,NCR-24-0344,205.0,5.0,5830,20260106T061500Z-QE24M
CQ-000958,2024-12,inspection labor,NCR,NCR-24-0345,348.5,8.5,5830,20260106T061500Z-QE24M
CQ-000959,2024-12,inspection labor,NCR,NCR-24-0346,168.1,4.1,5830,20260106T061500Z-QE24M
CQ-000960,2024-12,inspection labor,NCR,NCR-24-0347,246.0,6.0,5830,20260106T061500Z-QE24M
CQ-000961,2024-12,inspection labor,timesheet,CMM and vision 2024-12,17580.11,428.8,5830,20260106T061500Z-QE24M
CQ-000962,2024-12,inspection labor,timesheet,in-process and final 2024-12,14055.09,342.8,5830,20260106T061500Z-QE24M
CQ-000963,2024-12,inspection labor,timesheet,lead 2024-12,5791.1,141.2,5830,20260106T061500Z-QE24M
CQ-000964,2024-12,inspection labor,timesheet,receiving 2024-12,11503.89,280.6,5830,20260106T061500Z-QE24M
CQ-000965,2024-12,return freight,complaint,CC-24-036,4948.57,,5860,20260106T061500Z-QE24M
CQ-000966,2024-12,return freight,complaint,CC-24-037,2755.11,,5860,20260106T061500Z-QE24M
CQ-000967,2024-12,rework labor,NCR,NCR-24-0330,4370.0,95.0,5820,20260106T061500Z-QE24M
CQ-000968,2024-12,rework labor,NCR,NCR-24-0332,5032.4,109.4,5820,20260106T061500Z-QE24M
CQ-000969,2024-12,rework labor,NCR,NCR-24-0339,4002.0,87.0,5820,20260106T061500Z-QE24M
CQ-000970,2024-12,rework labor,NCR,NCR-24-0343,4604.6,100.1,5820,20260106T061500Z-QE24M
CQ-000971,2024-12,scrap,NCR,NCR-24-0321,458.87,,5810,20260106T061500Z-QE24M
CQ-000972,2024-12,scrap,NCR,NCR-24-0322,3403.0,,5810,20260106T061500Z-QE24M
CQ-000973,2024-12,scrap,NCR,NCR-24-0325,823.4,,5810,20260106T061500Z-QE24M
CQ-000974,2024-12,scrap,NCR,NCR-24-0326,434.62,,5810,20260106T061500Z-QE24M
CQ-000975,2024-12,scrap,NCR,NCR-24-0328,366.66,,5810,20260106T061500Z-QE24M
CQ-000976,2024-12,scrap,NCR,NCR-24-0331,914.92,,5810,20260106T061500Z-QE24M
CQ-000977,2024-12,scrap,NCR,NCR-24-0334,1296.29,,5810,20260106T061500Z-QE24M
CQ-000978,2024-12,scrap,NCR,NCR-24-0337,3361.73,,5810,20260106T061500Z-QE24M
CQ-000979,2024-12,scrap,NCR,NCR-24-0340,6216.21,,5810,20260106T061500Z-QE24M
CQ-000980,2024-12,scrap,NCR,NCR-24-0341,457.65,,5810,20260106T061500Z-QE24M
CQ-000981,2024-12,scrap,job,1 jobs on SW-01,157.33,,5810,20260106T061500Z-QE24M
CQ-000982,2024-12,scrap,job,2 jobs on GR-01,154.55,,5810,20260106T061500Z-QE24M
CQ-000983,2024-12,scrap,job,2 jobs on ML-03,210.9,,5810,20260106T061500Z-QE24M
CQ-000984,2024-12,scrap,job,3 jobs on GR-02,438.08,,5810,20260106T061500Z-QE24M
CQ-000985,2024-12,scrap,job,3 jobs on ML-01,2906.72,,5810,20260106T061500Z-QE24M
CQ-000986,2024-12,scrap,job,3 jobs on SW-03,887.43,,5810,20260106T061500Z-QE24M
CQ-000987,2024-12,scrap,job,3 jobs on SW-06,1195.0,,5810,20260106T061500Z-QE24M
CQ-000988,2024-12,scrap,job,4 jobs on GR-03,258.62,,5810,20260106T061500Z-QE24M
CQ-000989,2024-12,scrap,job,4 jobs on GR-04,207.85,,5810,20260106T061500Z-QE24M
CQ-000990,2024-12,scrap,job,4 jobs on MT-03,1001.28,,5810,20260106T061500Z-QE24M
CQ-000991,2024-12,scrap,job,4 jobs on MT-06,464.94,,5810,20260106T061500Z-QE24M
CQ-000992,2024-12,scrap,job,4 jobs on SW-02,2340.45,,5810,20260106T061500Z-QE24M
CQ-000993,2024-12,scrap,job,4 jobs on SW-04,365.97,,5810,20260106T061500Z-QE24M
CQ-000994,2024-12,scrap,job,4 jobs on SW-05,840.75,,5810,20260106T061500Z-QE24M
CQ-000995,2024-12,scrap,job,4 jobs on SW-08,217.11,,5810,20260106T061500Z-QE24M
CQ-000996,2024-12,scrap,job,5 jobs on ML-02,611.07,,5810,20260106T061500Z-QE24M
CQ-000997,2024-12,scrap,job,5 jobs on ML-04,294.84,,5810,20260106T061500Z-QE24M
CQ-000998,2024-12,scrap,job,5 jobs on ML-06,2393.54,,5810,20260106T061500Z-QE24M
CQ-000999,2024-12,scrap,job,5 jobs on MT-01,720.96,,5810,20260106T061500Z-QE24M
CQ-001000,2024-12,scrap,job,5 jobs on SW-07,892.22,,5810,20260106T061500Z-QE24M
CQ-001001,2024-12,scrap,job,6 jobs on MT-04,900.21,,5810,20260106T061500Z-QE24M
CQ-001002,2024-12,scrap,job,7 jobs on ML-05,1463.48,,5810,20260106T061500Z-QE24M
CQ-001003,2024-12,scrap,job,7 jobs on MT-02,565.28,,5810,20260106T061500Z-QE24M
CQ-001004,2024-12,scrap,job,9 jobs on MT-05,1893.37,,5810,20260106T061500Z-QE24M
CQ-001005,2024-12,sorting and containment,NCR,NCR-24-0323,1201.3,29.3,5850,20260106T061500Z-QE24M
CQ-001006,2024-12,sorting and containment,NCR,NCR-24-0346,1582.6,38.6,5850,20260106T061500Z-QE24M
CQ-001007,2024-12,sorting and containment,NCR,NCR-24-0347,1451.4,35.4,5850,20260106T061500Z-QE24M
CQ-001008,2024-12,sorting and containment,complaint,CC-24-036,2152.34,15.7,5850,20260106T061500Z-QE24M
CQ-001009,2024-12,sorting and containment,complaint,CC-24-037,3452.66,42.0,5850,20260106T061500Z-QE24M
CQ-001010,2024-12,training,invoice,INV-32579,3140.9,,5870,20260106T061500Z-QE24M
CQ-001011,2024-12,training,invoice,INV-65043,2762.27,,5870,20260106T061500Z-QE24M
CQ-001012,2025-01,CMM time,timesheet,CMM-1 2025-01,1252.8,104.4,5835,20260106T061500Z-QE24M
CQ-001013,2025-01,CMM time,timesheet,CMM-2 2025-01,1334.4,111.2,5835,20260106T061500Z-QE24M
CQ-001014,2025-01,CMM time,timesheet,VMS-1 2025-01,1910.4,159.2,5835,20260106T061500Z-QE24M
CQ-001015,2025-01,SPC software,invoice,INV-92332,3500.0,,5875,20260106T061500Z-QE24M
CQ-001016,2025-01,calibration,invoice,LC-2525428,4200.0,,5840,20260106T061500Z-QE24M
CQ-001017,2025-01,calibration,timesheet,calibration technician 2025-01,7769.37,168.9,5840,20260106T061500Z-QE24M
CQ-001018,2025-01,customer credit,complaint,CC-25-001,16575.83,,4090,20260106T061500Z-QE24M
CQ-001019,2025-01,customer credit,complaint,CC-25-002,35358.62,,4090,20260106T061500Z-QE24M
CQ-001020,2025-01,inspection labor,NCR,NCR-24-0348,279.5,6.5,5830,20260106T061500Z-QE24M
CQ-001021,2025-01,inspection labor,NCR,NCR-24-0349,86.0,2.0,5830,20260106T061500Z-QE24M
CQ-001022,2025-01,inspection labor,NCR,NCR-25-0003,318.2,7.4,5830,20260106T061500Z-QE24M
CQ-001023,2025-01,inspection labor,NCR,NCR-25-0005,305.3,7.1,5830,20260106T061500Z-QE24M
CQ-001024,2025-01,inspection labor,NCR,NCR-25-0006,133.3,3.1,5830,20260106T061500Z-QE24M
CQ-001025,2025-01,inspection labor,NCR,NCR-25-0007,154.8,3.6,5830,20260106T061500Z-QE24M
CQ-001026,2025-01,inspection labor,NCR,NCR-25-0009,176.3,4.1,5830,20260106T061500Z-QE24M
CQ-001027,2025-01,inspection labor,NCR,NCR-25-0013,662.2,15.4,5830,20260106T061500Z-QE24M
CQ-001028,2025-01,inspection labor,NCR,NCR-25-0014,202.1,4.7,5830,20260106T061500Z-QE24M
CQ-001029,2025-01,inspection labor,NCR,NCR-25-0015,124.7,2.9,5830,20260106T061500Z-QE24M
CQ-001030,2025-01,inspection labor,NCR,NCR-25-0016,270.9,6.3,5830,20260106T061500Z-QE24M
CQ-001031,2025-01,inspection labor,NCR,NCR-25-0017,339.7,7.9,5830,20260106T061500Z-QE24M
CQ-001032,2025-01,inspection labor,NCR,NCR-25-0018,245.1,5.7,5830,20260106T061500Z-QE24M
CQ-001033,2025-01,inspection labor,NCR,NCR-25-0020,120.4,2.8,5830,20260106T061500Z-QE24M
CQ-001034,2025-01,inspection labor,NCR,NCR-25-0021,215.0,5.0,5830,20260106T061500Z-QE24M
CQ-001035,2025-01,inspection labor,NCR,NCR-25-0024,180.6,4.2,5830,20260106T061500Z-QE24M
CQ-001036,2025-01,inspection labor,NCR,NCR-25-0026,494.5,11.5,5830,20260106T061500Z-QE24M
CQ-001037,2025-01,inspection labor,NCR,NCR-25-0029,133.3,3.1,5830,20260106T061500Z-QE24M
CQ-001038,2025-01,inspection labor,NCR,NCR-25-0030,159.1,3.7,5830,20260106T061500Z-QE24M
CQ-001039,2025-01,inspection labor,timesheet,CMM and vision 2025-01,21091.92,490.5,5830,20260106T061500Z-QE24M
CQ-001040,2025-01,inspection labor,timesheet,in-process and final 2025-01,16710.14,388.6,5830,20260106T061500Z-QE24M
CQ-001041,2025-01,inspection labor,timesheet,lead 2025-01,7268.56,169.0,5830,20260106T061500Z-QE24M
CQ-001042,2025-01,inspection labor,timesheet,receiving 2025-01,14262.06,331.7,5830,20260106T061500Z-QE24M
CQ-001043,2025-01,return freight,complaint,CC-25-001,2529.96,,5860,20260106T061500Z-QE24M
CQ-001044,2025-01,return freight,complaint,CC-25-002,1382.04,,5860,20260106T061500Z-QE24M
CQ-001045,2025-01,rework labor,NCR,NCR-24-0348,3225.6,67.2,5820,20260106T061500Z-QE24M
CQ-001046,2025-01,rework labor,NCR,NCR-25-0005,7680.0,160.0,5820,20260106T061500Z-QE24M
CQ-001047,2025-01,rework labor,NCR,NCR-25-0006,1622.4,33.8,5820,20260106T061500Z-QE24M
CQ-001048,2025-01,rework labor,NCR,NCR-25-0013,9969.6,207.7,5820,20260106T061500Z-QE24M
CQ-001049,2025-01,rework labor,NCR,NCR-25-0021,2932.8,61.1,5820,20260106T061500Z-QE24M
CQ-001050,2025-01,rework labor,NCR,NCR-25-0026,4238.4,88.3,5820,20260106T061500Z-QE24M
CQ-001051,2025-01,rework labor,NCR,NCR-25-0030,4694.4,97.8,5820,20260106T061500Z-QE24M
CQ-001052,2025-01,scrap,NCR,NCR-25-0001,768.21,,5810,20260106T061500Z-QE24M
CQ-001053,2025-01,scrap,NCR,NCR-25-0002,6422.56,,5810,20260106T061500Z-QE24M
CQ-001054,2025-01,scrap,NCR,NCR-25-0004,2147.58,,5810,20260106T061500Z-QE24M
CQ-001055,2025-01,scrap,NCR,NCR-25-0008,8176.8,,5810,20260106T061500Z-QE24M
CQ-001056,2025-01,scrap,NCR,NCR-25-0010,8057.33,,5810,20260106T061500Z-QE24M
CQ-001057,2025-01,scrap,NCR,NCR-25-0019,1513.26,,5810,20260106T061500Z-QE24M
CQ-001058,2025-01,scrap,NCR,NCR-25-0022,762.93,,5810,20260106T061500Z-QE24M
CQ-001059,2025-01,scrap,NCR,NCR-25-0032,1663.2,,5810,20260106T061500Z-QE24M
CQ-001060,2025-01,scrap,job,2 jobs on SW-02,790.71,,5810,20260106T061500Z-QE24M
CQ-001061,2025-01,scrap,job,2 jobs on SW-03,645.63,,5810,20260106T061500Z-QE24M
CQ-001062,2025-01,scrap,job,3 jobs on GR-02,779.07,,5810,20260106T061500Z-QE24M
CQ-001063,2025-01,scrap,job,3 jobs on MT-06,412.05,,5810,20260106T061500Z-QE24M
CQ-001064,2025-01,scrap,job,3 jobs on SW-01,242.95,,5810,20260106T061500Z-QE24M
CQ-001065,2025-01,scrap,job,3 jobs on SW-06,960.01,,5810,20260106T061500Z-QE24M
CQ-001066,2025-01,scrap,job,4 jobs on GR-04,227.46,,5810,20260106T061500Z-QE24M
CQ-001067,2025-01,scrap,job,4 jobs on ML-01,3171.12,,5810,20260106T061500Z-QE24M
CQ-001068,2025-01,scrap,job,4 jobs on ML-03,2985.76,,5810,20260106T061500Z-QE24M
CQ-001069,2025-01,scrap,job,4 jobs on MT-05,383.19,,5810,20260106T061500Z-QE24M
CQ-001070,2025-01,scrap,job,4 jobs on SW-04,793.69,,5810,20260106T061500Z-QE24M
CQ-001071,2025-01,scrap,job,4 jobs on SW-08,696.67,,5810,20260106T061500Z-QE24M
CQ-001072,2025-01,scrap,job,5 jobs on ML-02,676.64,,5810,20260106T061500Z-QE24M
CQ-001073,2025-01,scrap,job,5 jobs on ML-04,201.13,,5810,20260106T061500Z-QE24M
CQ-001074,2025-01,scrap,job,5 jobs on ML-05,327.63,,5810,20260106T061500Z-QE24M
CQ-001075,2025-01,scrap,job,5 jobs on ML-06,1521.9,,5810,20260106T061500Z-QE24M
CQ-001076,2025-01,scrap,job,5 jobs on MT-01,789.51,,5810,20260106T061500Z-QE24M
CQ-001077,2025-01,scrap,job,6 jobs on GR-01,578.25,,5810,20260106T061500Z-QE24M
CQ-001078,2025-01,scrap,job,6 jobs on GR-03,1046.67,,5810,20260106T061500Z-QE24M
CQ-001079,2025-01,scrap,job,6 jobs on MT-03,948.23,,5810,20260106T061500Z-QE24M
CQ-001080,2025-01,scrap,job,6 jobs on MT-04,817.43,,5810,20260106T061500Z-QE24M
CQ-001081,2025-01,scrap,job,6 jobs on SW-05,541.94,,5810,20260106T061500Z-QE24M
CQ-001082,2025-01,scrap,job,7 jobs on SW-07,596.7,,5810,20260106T061500Z-QE24M
CQ-001083,2025-01,scrap,job,8 jobs on MT-02,549.46,,5810,20260106T061500Z-QE24M
CQ-001084,2025-01,sorting and containment,NCR,NCR-24-0349,1681.3,39.1,5850,20260106T061500Z-QE24M
CQ-001085,2025-01,sorting and containment,NCR,NCR-25-0007,1083.6,25.2,5850,20260106T061500Z-QE24M
CQ-001086,2025-01,sorting and containment,NCR,NCR-25-0015,2709.0,63.0,5850,20260106T061500Z-QE24M
CQ-001087,2025-01,sorting and containment,NCR,NCR-25-0020,2511.2,58.4,5850,20260106T061500Z-QE24M
CQ-001088,2025-01,sorting and containment,NCR,NCR-25-0024,3487.3,81.1,5850,20260106T061500Z-QE24M
CQ-001089,2025-01,sorting and containment,NCR,NCR-25-0029,3564.7,82.9,5850,20260106T061500Z-QE24M
CQ-001090,2025-01,sorting and containment,complaint,CC-25-001,1560.65,8.5,5850,20260106T061500Z-QE24M
CQ-001091,2025-01,sorting and containment,complaint,CC-25-002,1539.47,8.6,5850,20260106T061500Z-QE24M
CQ-001092,2025-01,training,invoice,INV-35423,3388.07,,5870,20260106T061500Z-QE24M
CQ-001093,2025-01,training,invoice,INV-70527,3666.3,,5870,20260106T061500Z-QE24M
CQ-001094,2025-02,CMM time,timesheet,CMM-1 2025-02,1867.2,155.6,5835,20260106T061500Z-QE24M
CQ-001095,2025-02,CMM time,timesheet,CMM-2 2025-02,1449.6,120.8,5835,20260106T061500Z-QE24M
CQ-001096,2025-02,CMM time,timesheet,VMS-1 2025-02,1684.8,140.4,5835,20260106T061500Z-QE24M
CQ-001097,2025-02,SPC software,invoice,INV-92633,3500.0,,5875,20260106T061500Z-QE24M
CQ-001098,2025-02,calibration,invoice,LC-2550243,180.0,,5840,20260106T061500Z-QE24M
CQ-001099,2025-02,calibration,invoice,LC-2578544,180.0,,5840,20260106T061500Z-QE24M
CQ-001100,2025-02,calibration,timesheet,calibration technician 2025-02,6998.4,152.1,5840,20260106T061500Z-QE24M
CQ-001101,2025-02,customer credit,complaint,CC-25-004,5467.46,,4090,20260106T061500Z-QE24M
CQ-001102,2025-02,customer credit,complaint,CC-25-005,12543.88,,4090,20260106T061500Z-QE24M
CQ-001103,2025-02,inspection labor,NCR,NCR-25-0023,335.4,7.8,5830,20260106T061500Z-QE24M
CQ-001104,2025-02,inspection labor,NCR,NCR-25-0031,86.0,2.0,5830,20260106T061500Z-QE24M
CQ-001105,2025-02,inspection labor,NCR,NCR-25-0033,236.5,5.5,5830,20260106T061500Z-QE24M
CQ-001106,2025-02,inspection labor,NCR,NCR-25-0034,163.4,3.8,5830,20260106T061500Z-QE24M
CQ-001107,2025-02,inspection labor,NCR,NCR-25-0035,348.3,8.1,5830,20260106T061500Z-QE24M
CQ-001108,2025-02,inspection labor,NCR,NCR-25-0036,206.4,4.8,5830,20260106T061500Z-QE24M
CQ-001109,2025-02,inspection labor,NCR,NCR-25-0038,378.4,8.8,5830,20260106T061500Z-QE24M
CQ-001110,2025-02,inspection labor,NCR,NCR-25-0041,124.7,2.9,5830,20260106T061500Z-QE24M
CQ-001111,2025-02,inspection labor,NCR,NCR-25-0042,68.8,1.6,5830,20260106T061500Z-QE24M
CQ-001112,2025-02,inspection labor,NCR,NCR-25-0043,344.0,8.0,5830,20260106T061500Z-QE24M
CQ-001113,2025-02,inspection labor,NCR,NCR-25-0044,116.1,2.7,5830,20260106T061500Z-QE24M
CQ-001114,2025-02,inspection labor,NCR,NCR-25-0045,197.8,4.6,5830,20260106T061500Z-QE24M
CQ-001115,2025-02,inspection labor,NCR,NCR-25-0047,159.1,3.7,5830,20260106T061500Z-QE24M
CQ-001116,2025-02,inspection labor,NCR,NCR-25-0049,189.2,4.4,5830,20260106T061500Z-QE24M
CQ-001117,2025-02,inspection labor,NCR,NCR-25-0052,73.1,1.7,5830,20260106T061500Z-QE24M
CQ-001118,2025-02,inspection labor,NCR,NCR-25-0053,206.4,4.8,5830,20260106T061500Z-QE24M
CQ-001119,2025-02,inspection labor,NCR,NCR-25-0054,477.3,11.1,5830,20260106T061500Z-QE24M
CQ-001120,2025-02,inspection labor,NCR,NCR-25-0056,442.9,10.3,5830,20260106T061500Z-QE24M
CQ-001121,2025-02,inspection labor,timesheet,CMM and vision 2025-02,19061.63,443.3,5830,20260106T061500Z-QE24M
CQ-001122,2025-02,inspection labor,timesheet,in-process and final 2025-02,15334.72,356.6,5830,20260106T061500Z-QE24M
CQ-001123,2025-02,inspection labor,timesheet,lead 2025-02,6643.17,154.5,5830,20260106T061500Z-QE24M
CQ-001124,2025-02,inspection labor,timesheet,receiving 2025-02,13063.08,303.8,5830,20260106T061500Z-QE24M
CQ-001125,2025-02,return freight,complaint,CC-25-004,3304.49,,5860,20260106T061500Z-QE24M
CQ-001126,2025-02,return freight,complaint,CC-25-005,763.11,,5860,20260106T061500Z-QE24M
CQ-001127,2025-02,rework labor,NCR,NCR-25-0052,2961.6,61.7,5820,20260106T061500Z-QE24M
CQ-001128,2025-02,rework labor,NCR,NCR-25-0054,4008.0,83.5,5820,20260106T061500Z-QE24M
CQ-001129,2025-02,scrap,NCR,NCR-25-0027,9874.3,,5810,20260106T061500Z-QE24M
CQ-001130,2025-02,scrap,NCR,NCR-25-0039,486.38,,5810,20260106T061500Z-QE24M
CQ-001131,2025-02,scrap,NCR,NCR-25-0040,7084.7,,5810,20260106T061500Z-QE24M
CQ-001132,2025-02,scrap,NCR,NCR-25-0046,676.58,,5810,20260106T061500Z-QE24M
CQ-001133,2025-02,scrap,NCR,NCR-25-0048,21349.77,,5810,20260106T061500Z-QE24M
CQ-001134,2025-02,scrap,NCR,NCR-25-0050,6182.82,,5810,20260106T061500Z-QE24M
CQ-001135,2025-02,scrap,NCR,NCR-25-0051,4968.36,,5810,20260106T061500Z-QE24M
CQ-001136,2025-02,scrap,job,3 jobs on GR-02,600.11,,5810,20260106T061500Z-QE24M
CQ-001137,2025-02,scrap,job,3 jobs on ML-02,2348.53,,5810,20260106T061500Z-QE24M
CQ-001138,2025-02,scrap,job,3 jobs on MT-03,446.88,,5810,20260106T061500Z-QE24M
CQ-001139,2025-02,scrap,job,3 jobs on SW-01,1149.35,,5810,20260106T061500Z-QE24M
CQ-001140,2025-02,scrap,job,3 jobs on SW-04,313.62,,5810,20260106T061500Z-QE24M
CQ-001141,2025-02,scrap,job,4 jobs on GR-01,1015.0,,5810,20260106T061500Z-QE24M
CQ-001142,2025-02,scrap,job,4 jobs on GR-04,1227.66,,5810,20260106T061500Z-QE24M
CQ-001143,2025-02,scrap,job,4 jobs on ML-01,1284.92,,5810,20260106T061500Z-QE24M
CQ-001144,2025-02,scrap,job,4 jobs on ML-05,75.74,,5810,20260106T061500Z-QE24M
CQ-001145,2025-02,scrap,job,4 jobs on MT-06,390.66,,5810,20260106T061500Z-QE24M
CQ-001146,2025-02,scrap,job,4 jobs on SW-03,939.24,,5810,20260106T061500Z-QE24M
CQ-001147,2025-02,scrap,job,4 jobs on SW-06,1011.99,,5810,20260106T061500Z-QE24M
CQ-001148,2025-02,scrap,job,4 jobs on SW-07,447.88,,5810,20260106T061500Z-QE24M
CQ-001149,2025-02,scrap,job,5 jobs on GR-03,730.14,,5810,20260106T061500Z-QE24M
CQ-001150,2025-02,scrap,job,5 jobs on ML-03,1121.06,,5810,20260106T061500Z-QE24M
CQ-001151,2025-02,scrap,job,5 jobs on ML-06,3631.09,,5810,20260106T061500Z-QE24M
CQ-001152,2025-02,scrap,job,5 jobs on MT-01,834.96,,5810,20260106T061500Z-QE24M
CQ-001153,2025-02,scrap,job,5 jobs on SW-02,390.79,,5810,20260106T061500Z-QE24M
CQ-001154,2025-02,scrap,job,5 jobs on SW-05,1037.67,,5810,20260106T061500Z-QE24M
CQ-001155,2025-02,scrap,job,6 jobs on ML-04,1386.27,,5810,20260106T061500Z-QE24M
CQ-001156,2025-02,scrap,job,7 jobs on MT-05,1466.17,,5810,20260106T061500Z-QE24M
CQ-001157,2025-02,scrap,job,7 jobs on SW-08,633.44,,5810,20260106T061500Z-QE24M
CQ-001158,2025-02,scrap,job,8 jobs on MT-02,573.25,,5810,20260106T061500Z-QE24M
CQ-001159,2025-02,scrap,job,9 jobs on MT-04,1774.02,,5810,20260106T061500Z-QE24M
CQ-001160,2025-02,sorting and containment,NCR,NCR-25-0031,3362.6,78.2,5850,20260106T061500Z-QE24M
CQ-001161,2025-02,sorting and containment,NCR,NCR-25-0042,1806.0,42.0,5850,20260106T061500Z-QE24M
CQ-001162,2025-02,sorting and containment,NCR,NCR-25-0044,1199.7,27.9,5850,20260106T061500Z-QE24M
CQ-001163,2025-02,sorting and containment,complaint,CC-25-004,1996.13,14.2,5850,20260106T061500Z-QE24M
CQ-001164,2025-02,sorting and containment,complaint,CC-25-005,5772.2,11.6,5850,20260106T061500Z-QE24M
CQ-001165,2025-02,supplier audit travel,invoice,EXP-3602,3767.91,,5880,20260106T061500Z-QE24M
CQ-001166,2025-02,training,invoice,INV-46428,3835.55,,5870,20260106T061500Z-QE24M
CQ-001167,2025-02,training,invoice,INV-71571,3838.48,,5870,20260106T061500Z-QE24M
CQ-001168,2025-03,CMM time,timesheet,CMM-1 2025-03,1896.0,158.0,5835,20260106T061500Z-QE24M
CQ-001169,2025-03,CMM time,timesheet,CMM-2 2025-03,1257.6,104.8,5835,20260106T061500Z-QE24M
CQ-001170,2025-03,CMM time,timesheet,VMS-1 2025-03,1348.8,112.4,5835,20260106T061500Z-QE24M
CQ-001171,2025-03,SPC software,invoice,INV-73870,3500.0,,5875,20260106T061500Z-QE24M
CQ-001172,2025-03,calibration,invoice,LC-2520149,180.0,,5840,20260106T061500Z-QE24M
CQ-001173,2025-03,calibration,invoice,LC-2528981,180.0,,5840,20260106T061500Z-QE24M
CQ-001174,2025-03,calibration,timesheet,calibration technician 2025-03,7090.67,154.1,5840,20260106T061500Z-QE24M
CQ-001175,2025-03,customer credit,complaint,CC-25-006,5077.38,,4090,20260106T061500Z-QE24M
CQ-001176,2025-03,customer credit,complaint,CC-25-007,1505.72,,4090,20260106T061500Z-QE24M
CQ-001177,2025-03,customer credit,complaint,CC-25-008,3080.85,,4090,20260106T061500Z-QE24M
CQ-001178,2025-03,inspection labor,NCR,NCR-25-0055,193.5,4.5,5830,20260106T061500Z-QE24M
CQ-001179,2025-03,inspection labor,NCR,NCR-25-0060,98.9,2.3,5830,20260106T061500Z-QE24M
CQ-001180,2025-03,inspection labor,NCR,NCR-25-0061,150.5,3.5,5830,20260106T061500Z-QE24M
CQ-001181,2025-03,inspection labor,NCR,NCR-25-0064,275.2,6.4,5830,20260106T061500Z-QE24M
CQ-001182,2025-03,inspection labor,NCR,NCR-25-0065,301.0,7.0,5830,20260106T061500Z-QE24M
CQ-001183,2025-03,inspection labor,NCR,NCR-25-0067,361.2,8.4,5830,20260106T061500Z-QE24M
CQ-001184,2025-03,inspection labor,NCR,NCR-25-0070,451.5,10.5,5830,20260106T061500Z-QE24M
CQ-001185,2025-03,inspection labor,NCR,NCR-25-0072,137.6,3.2,5830,20260106T061500Z-QE24M
CQ-001186,2025-03,inspection labor,NCR,NCR-25-0074,215.0,5.0,5830,20260106T061500Z-QE24M
CQ-001187,2025-03,inspection labor,NCR,NCR-25-0076,318.2,7.4,5830,20260106T061500Z-QE24M
CQ-001188,2025-03,inspection labor,NCR,NCR-25-0078,90.3,2.1,5830,20260106T061500Z-QE24M
CQ-001189,2025-03,inspection labor,NCR,NCR-25-0081,266.6,6.2,5830,20260106T061500Z-QE24M
CQ-001190,2025-03,inspection labor,NCR,NCR-25-0083,829.9,19.3,5830,20260106T061500Z-QE24M
CQ-001191,2025-03,inspection labor,NCR,NCR-25-0084,176.3,4.1,5830,20260106T061500Z-QE24M
CQ-001192,2025-03,inspection labor,timesheet,CMM and vision 2025-03,20375.0,473.8,5830,20260106T061500Z-QE24M
CQ-001193,2025-03,inspection labor,timesheet,in-process and final 2025-03,16299.1,379.0,5830,20260106T061500Z-QE24M
CQ-001194,2025-03,inspection labor,timesheet,lead 2025-03,6857.18,159.5,5830,20260106T061500Z-QE24M
CQ-001195,2025-03,inspection labor,timesheet,receiving 2025-03,13508.25,314.1,5830,20260106T061500Z-QE24M
CQ-001196,2025-03,return freight,complaint,CC-25-006,2657.73,,5860,20260106T061500Z-QE24M
CQ-001197,2025-03,return freight,complaint,CC-25-007,2478.29,,5860,20260106T061500Z-QE24M
CQ-001198,2025-03,return freight,complaint,CC-25-008,2378.66,,5860,20260106T061500Z-QE24M
CQ-001199,2025-03,rework labor,NCR,NCR-25-0060,8592.0,179.0,5820,20260106T061500Z-QE24M
CQ-001200,2025-03,rework labor,NCR,NCR-25-0078,6081.6,126.7,5820,20260106T061500Z-QE24M
CQ-001201,2025-03,scrap,NCR,NCR-25-0058,732.94,,5810,20260106T061500Z-QE24M
CQ-001202,2025-03,scrap,NCR,NCR-25-0062,4425.3,,5810,20260106T061500Z-QE24M
CQ-001203,2025-03,scrap,NCR,NCR-25-0063,6374.26,,5810,20260106T061500Z-QE24M
CQ-001204,2025-03,scrap,NCR,NCR-25-0069,1588.95,,5810,20260106T061500Z-QE24M
CQ-001205,2025-03,scrap,NCR,NCR-25-0075,8219.34,,5810,20260106T061500Z-QE24M
CQ-001206,2025-03,scrap,NCR,NCR-25-0080,6963.17,,5810,20260106T061500Z-QE24M
CQ-001207,2025-03,scrap,NCR,NCR-25-0085,5394.48,,5810,20260106T061500Z-QE24M
CQ-001208,2025-03,scrap,NCR,NCR-25-0086,1347.6,,5810,20260106T061500Z-QE24M
CQ-001209,2025-03,scrap,job,2 jobs on GR-01,119.92,,5810,20260106T061500Z-QE24M
CQ-001210,2025-03,scrap,job,2 jobs on SW-06,356.08,,5810,20260106T061500Z-QE24M
CQ-001211,2025-03,scrap,job,2 jobs on SW-07,142.11,,5810,20260106T061500Z-QE24M
CQ-001212,2025-03,scrap,job,3 jobs on ML-01,293.61,,5810,20260106T061500Z-QE24M
CQ-001213,2025-03,scrap,job,3 jobs on ML-03,630.19,,5810,20260106T061500Z-QE24M
CQ-001214,2025-03,scrap,job,3 jobs on SW-01,639.6,,5810,20260106T061500Z-QE24M
CQ-001215,2025-03,scrap,job,4 jobs on GR-02,826.84,,5810,20260106T061500Z-QE24M
CQ-001216,2025-03,scrap,job,4 jobs on ML-02,106.27,,5810,20260106T061500Z-QE24M
CQ-001217,2025-03,scrap,job,4 jobs on ML-04,506.22,,5810,20260106T061500Z-QE24M
CQ-001218,2025-03,scrap,job,4 jobs on ML-05,420.95,,5810,20260106T061500Z-QE24M
CQ-001219,2025-03,scrap,job,4 jobs on MT-06,885.4,,5810,20260106T061500Z-QE24M
CQ-001220,2025-03,scrap,job,4 jobs on SW-04,371.29,,5810,20260106T061500Z-QE24M
CQ-001221,2025-03,scrap,job,5 jobs on GR-03,397.39,,5810,20260106T061500Z-QE24M
CQ-001222,2025-03,scrap,job,5 jobs on GR-04,533.31,,5810,20260106T061500Z-QE24M
CQ-001223,2025-03,scrap,job,5 jobs on ML-06,3327.97,,5810,20260106T061500Z-QE24M
CQ-001224,2025-03,scrap,job,5 jobs on MT-01,363.06,,5810,20260106T061500Z-QE24M
CQ-001225,2025-03,scrap,job,5 jobs on MT-03,866.44,,5810,20260106T061500Z-QE24M
CQ-001226,2025-03,scrap,job,5 jobs on MT-04,1114.8,,5810,20260106T061500Z-QE24M
CQ-001227,2025-03,scrap,job,5 jobs on SW-02,3272.29,,5810,20260106T061500Z-QE24M
CQ-001228,2025-03,scrap,job,6 jobs on MT-05,1295.56,,5810,20260106T061500Z-QE24M
CQ-001229,2025-03,scrap,job,6 jobs on SW-05,853.46,,5810,20260106T061500Z-QE24M
CQ-001230,2025-03,scrap,job,6 jobs on SW-08,455.94,,5810,20260106T061500Z-QE24M
CQ-001231,2025-03,scrap,job,8 jobs on SW-03,723.93,,5810,20260106T061500Z-QE24M
CQ-001232,2025-03,scrap,job,9 jobs on MT-02,650.01,,5810,20260106T061500Z-QE24M
CQ-001233,2025-03,sorting and containment,NCR,NCR-25-0061,1763.0,41.0,5850,20260106T061500Z-QE24M
CQ-001234,2025-03,sorting and containment,NCR,NCR-25-0065,2365.0,55.0,5850,20260106T061500Z-QE24M
CQ-001235,2025-03,sorting and containment,NCR,NCR-25-0070,2769.2,64.4,5850,20260106T061500Z-QE24M
CQ-001236,2025-03,sorting and containment,NCR,NCR-25-0076,2472.5,57.5,5850,20260106T061500Z-QE24M
CQ-001237,2025-03,sorting and containment,NCR,NCR-25-0083,1483.5,34.5,5850,20260106T061500Z-QE24M
CQ-001238,2025-03,sorting and containment,complaint,CC-25-006,1654.49,26.2,5850,20260106T061500Z-QE24M
CQ-001239,2025-03,sorting and containment,complaint,CC-25-007,1911.47,7.8,5850,20260106T061500Z-QE24M
CQ-001240,2025-03,sorting and containment,complaint,CC-25-008,2826.66,10.5,5850,20260106T061500Z-QE24M
CQ-001241,2025-03,training,invoice,INV-81346,4862.84,,5870,20260106T061500Z-QE24M
CQ-001242,2025-03,training,invoice,INV-82564,3231.72,,5870,20260106T061500Z-QE24M
CQ-001243,2025-04,CMM time,timesheet,CMM-1 2025-04,1291.2,107.6,5835,20260106T061500Z-QE24M
CQ-001244,2025-04,CMM time,timesheet,CMM-2 2025-04,1185.6,98.8,5835,20260106T061500Z-QE24M
CQ-001245,2025-04,CMM time,timesheet,VMS-1 2025-04,1473.6,122.8,5835,20260106T061500Z-QE24M
CQ-001246,2025-04,SPC software,invoice,INV-54619,3500.0,,5875,20260106T061500Z-QE24M
CQ-001247,2025-04,calibration,invoice,LC-2525585,180.0,,5840,20260106T061500Z-QE24M
CQ-001248,2025-04,calibration,invoice,LC-2542047,180.0,,5840,20260106T061500Z-QE24M
CQ-001249,2025-04,calibration,invoice,LC-2572845,180.0,,5840,20260106T061500Z-QE24M
CQ-001250,2025-04,calibration,timesheet,calibration technician 2025-04,7728.93,168.0,5840,20260106T061500Z-QE24M
CQ-001251,2025-04,customer credit,complaint,CC-25-009,9118.24,,4090,20260106T061500Z-QE24M
CQ-001252,2025-04,inspection labor,NCR,NCR-25-0087,223.6,5.2,5830,20260106T061500Z-QE24M
CQ-001253,2025-04,inspection labor,NCR,NCR-25-0089,288.1,6.7,5830,20260106T061500Z-QE24M
CQ-001254,2025-04,inspection labor,NCR,NCR-25-0090,219.3,5.1,5830,20260106T061500Z-QE24M
CQ-001255,2025-04,inspection labor,NCR,NCR-25-0092,107.5,2.5,5830,20260106T061500Z-QE24M
CQ-001256,2025-04,inspection labor,NCR,NCR-25-0094,240.8,5.6,5830,20260106T061500Z-QE24M
CQ-001257,2025-04,inspection labor,NCR,NCR-25-0096,159.1,3.7,5830,20260106T061500Z-QE24M
CQ-001258,2025-04,inspection labor,NCR,NCR-25-0101,245.1,5.7,5830,20260106T061500Z-QE24M
CQ-001259,2025-04,inspection labor,NCR,NCR-25-0103,193.5,4.5,5830,20260106T061500Z-QE24M
CQ-001260,2025-04,inspection labor,NCR,NCR-25-0105,189.2,4.4,5830,20260106T061500Z-QE24M
CQ-001261,2025-04,inspection labor,NCR,NCR-25-0106,322.5,7.5,5830,20260106T061500Z-QE24M
CQ-001262,2025-04,inspection labor,NCR,NCR-25-0107,352.6,8.2,5830,20260106T061500Z-QE24M
CQ-001263,2025-04,inspection labor,NCR,NCR-25-0108,64.5,1.5,5830,20260106T061500Z-QE24M
CQ-001264,2025-04,inspection labor,NCR,NCR-25-0110,352.6,8.2,5830,20260106T061500Z-QE24M
CQ-001265,2025-04,inspection labor,NCR,NCR-25-0111,335.4,7.8,5830,20260106T061500Z-QE24M
CQ-001266,2025-04,inspection labor,NCR,NCR-25-0112,167.7,3.9,5830,20260106T061500Z-QE24M
CQ-001267,2025-04,inspection labor,NCR,NCR-25-0114,141.9,3.3,5830,20260106T061500Z-QE24M
CQ-001268,2025-04,inspection labor,NCR,NCR-25-0116,288.1,6.7,5830,20260106T061500Z-QE24M
CQ-001269,2025-04,inspection labor,timesheet,CMM and vision 2025-04,21799.31,507.0,5830,20260106T061500Z-QE24M
CQ-001270,2025-04,inspection labor,timesheet,in-process and final 2025-04,16968.25,394.6,5830,20260106T061500Z-QE24M
CQ-001271,2025-04,inspection labor,timesheet,lead 2025-04,7194.39,167.3,5830,20260106T061500Z-QE24M
CQ-001272,2025-04,inspection labor,timesheet,receiving 2025-04,13833.86,321.7,5830,20260106T061500Z-QE24M
CQ-001273,2025-04,return freight,complaint,CC-25-009,1463.95,,5860,20260106T061500Z-QE24M
CQ-001274,2025-04,rework labor,NCR,NCR-25-0087,3892.8,81.1,5820,20260106T061500Z-QE24M
CQ-001275,2025-04,rework labor,NCR,NCR-25-0094,4756.8,99.1,5820,20260106T061500Z-QE24M
CQ-001276,2025-04,rework labor,NCR,NCR-25-0096,13550.4,282.3,5820,20260106T061500Z-QE24M
CQ-001277,2025-04,rework labor,NCR,NCR-25-0111,2054.4,42.8,5820,20260106T061500Z-QE24M
CQ-001278,2025-04,rework labor,NCR,NCR-25-0116,7516.8,156.6,5820,20260106T061500Z-QE24M
CQ-001279,2025-04,scrap,NCR,NCR-25-0082,354.98,,5810,20260106T061500Z-QE24M
CQ-001280,2025-04,scrap,NCR,NCR-25-0088,2952.0,,5810,20260106T061500Z-QE24M
CQ-001281,2025-04,scrap,NCR,NCR-25-0093,427.77,,5810,20260106T061500Z-QE24M
CQ-001282,2025-04,scrap,NCR,NCR-25-0095,668.06,,5810,20260106T061500Z-QE24M
CQ-001283,2025-04,scrap,NCR,NCR-25-0097,3580.76,,5810,20260106T061500Z-QE24M
CQ-001284,2025-04,scrap,NCR,NCR-25-0102,1035.79,,5810,20260106T061500Z-QE24M
CQ-001285,2025-04,scrap,NCR,NCR-25-0104,1251.86,,5810,20260106T061500Z-QE24M
CQ-001286,2025-04,scrap,NCR,NCR-25-0109,2145.0,,5810,20260106T061500Z-QE24M
CQ-001287,2025-04,scrap,job,2 jobs on ML-01,323.79,,5810,20260106T061500Z-QE24M
CQ-001288,2025-04,scrap,job,2 jobs on ML-04,96.86,,5810,20260106T061500Z-QE24M
CQ-001289,2025-04,scrap,job,2 jobs on SW-07,209.73,,5810,20260106T061500Z-QE24M
CQ-001290,2025-04,scrap,job,3 jobs on GR-03,170.55,,5810,20260106T061500Z-QE24M
CQ-001291,2025-04,scrap,job,3 jobs on ML-03,1063.26,,5810,20260106T061500Z-QE24M
CQ-001292,2025-04,scrap,job,3 jobs on ML-06,2395.95,,5810,20260106T061500Z-QE24M
CQ-001293,2025-04,scrap,job,3 jobs on MT-01,299.24,,5810,20260106T061500Z-QE24M
CQ-001294,2025-04,scrap,job,3 jobs on SW-01,394.62,,5810,20260106T061500Z-QE24M
CQ-001295,2025-04,scrap,job,3 jobs on SW-02,296.01,,5810,20260106T061500Z-QE24M
CQ-001296,2025-04,scrap,job,3 jobs on SW-03,408.62,,5810,20260106T061500Z-QE24M
CQ-001297,2025-04,scrap,job,3 jobs on SW-05,54.73,,5810,20260106T061500Z-QE24M
CQ-001298,2025-04,scrap,job,4 jobs on GR-02,2144.63,,5810,20260106T061500Z-QE24M
CQ-001299,2025-04,scrap,job,4 jobs on GR-04,177.13,,5810,20260106T061500Z-QE24M
CQ-001300,2025-04,scrap,job,4 jobs on MT-03,527.82,,5810,20260106T061500Z-QE24M
CQ-001301,2025-04,scrap,job,4 jobs on MT-05,2324.56,,5810,20260106T061500Z-QE24M
CQ-001302,2025-04,scrap,job,4 jobs on SW-04,844.29,,5810,20260106T061500Z-QE24M
CQ-001303,2025-04,scrap,job,4 jobs on SW-08,604.92,,5810,20260106T061500Z-QE24M
CQ-001304,2025-04,scrap,job,5 jobs on GR-01,457.37,,5810,20260106T061500Z-QE24M
CQ-001305,2025-04,scrap,job,5 jobs on ML-02,278.86,,5810,20260106T061500Z-QE24M
CQ-001306,2025-04,scrap,job,5 jobs on MT-04,534.2,,5810,20260106T061500Z-QE24M
CQ-001307,2025-04,scrap,job,5 jobs on MT-06,330.74,,5810,20260106T061500Z-QE24M
CQ-001308,2025-04,scrap,job,5 jobs on SW-06,355.45,,5810,20260106T061500Z-QE24M
CQ-001309,2025-04,scrap,job,7 jobs on ML-05,1682.24,,5810,20260106T061500Z-QE24M
CQ-001310,2025-04,scrap,job,8 jobs on MT-02,1170.54,,5810,20260106T061500Z-QE24M
CQ-001311,2025-04,sorting and containment,NCR,NCR-25-0092,2162.9,50.3,5850,20260106T061500Z-QE24M
CQ-001312,2025-04,sorting and containment,NCR,NCR-25-0101,2734.8,63.6,5850,20260106T061500Z-QE24M
CQ-001313,2025-04,sorting and containment,NCR,NCR-25-0103,1173.9,27.3,5850,20260106T061500Z-QE24M
CQ-001314,2025-04,sorting and containment,NCR,NCR-25-0105,627.8,14.6,5850,20260106T061500Z-QE24M
CQ-001315,2025-04,sorting and containment,NCR,NCR-25-0107,3229.3,75.1,5850,20260106T061500Z-QE24M
CQ-001316,2025-04,sorting and containment,NCR,NCR-25-0108,2584.3,60.1,5850,20260106T061500Z-QE24M
CQ-001317,2025-04,sorting and containment,NCR,NCR-25-0112,2618.7,60.9,5850,20260106T061500Z-QE24M
CQ-001318,2025-04,sorting and containment,NCR,NCR-25-0114,1328.7,30.9,5850,20260106T061500Z-QE24M
CQ-001319,2025-04,sorting and containment,complaint,CC-25-009,4131.3,35.0,5850,20260106T061500Z-QE24M
CQ-001320,2025-04,supplier audit travel,invoice,EXP-6214,5166.16,,5880,20260106T061500Z-QE24M
CQ-001321,2025-04,training,invoice,INV-75755,3776.93,,5870,20260106T061500Z-QE24M
CQ-001322,2025-04,training,invoice,INV-90020,3367.62,,5870,20260106T061500Z-QE24M
CQ-001323,2025-05,CMM time,timesheet,CMM-1 2025-05,1444.8,120.4,5835,20260106T061500Z-QE24M
CQ-001324,2025-05,CMM time,timesheet,CMM-2 2025-05,960.0,80.0,5835,20260106T061500Z-QE24M
CQ-001325,2025-05,CMM time,timesheet,VMS-1 2025-05,1401.6,116.8,5835,20260106T061500Z-QE24M
CQ-001326,2025-05,SPC software,invoice,INV-90557,3500.0,,5875,20260106T061500Z-QE24M
CQ-001327,2025-05,calibration,invoice,LC-2531803,180.0,,5840,20260106T061500Z-QE24M
CQ-001328,2025-05,calibration,invoice,LC-2540772,180.0,,5840,20260106T061500Z-QE24M
CQ-001329,2025-05,calibration,invoice,LC-2541452,180.0,,5840,20260106T061500Z-QE24M
CQ-001330,2025-05,calibration,invoice,LC-2544672,180.0,,5840,20260106T061500Z-QE24M
CQ-001331,2025-05,calibration,invoice,LC-2557247,180.0,,5840,20260106T061500Z-QE24M
CQ-001332,2025-05,calibration,invoice,LC-2558749,180.0,,5840,20260106T061500Z-QE24M
CQ-001333,2025-05,calibration,invoice,LC-2561508,180.0,,5840,20260106T061500Z-QE24M
CQ-001334,2025-05,calibration,invoice,LC-2574081,180.0,,5840,20260106T061500Z-QE24M
CQ-001335,2025-05,calibration,invoice,LC-2588150,4200.0,,5840,20260106T061500Z-QE24M
CQ-001336,2025-05,calibration,timesheet,calibration technician 2025-05,7046.01,153.2,5840,20260106T061500Z-QE24M
CQ-001337,2025-05,customer credit,complaint,CC-25-010,21360.54,,4090,20260106T061500Z-QE24M
CQ-001338,2025-05,customer credit,complaint,CC-25-011,4485.75,,4090,20260106T061500Z-QE24M
CQ-001339,2025-05,customer credit,complaint,CC-25-012,7562.43,,4090,20260106T061500Z-QE24M
CQ-001340,2025-05,customer credit,complaint,CC-25-013,3316.93,,4090,20260106T061500Z-QE24M
CQ-001341,2025-05,customer credit,complaint,CC-25-014,8452.16,,4090,20260106T061500Z-QE24M
CQ-001342,2025-05,customer credit,complaint,CC-25-015,4976.9,,4090,20260106T061500Z-QE24M
CQ-001343,2025-05,customer credit,complaint,CC-25-016,17312.88,,4090,20260106T061500Z-QE24M
CQ-001344,2025-05,customer credit,complaint,CC-25-017,6072.19,,4090,20260106T061500Z-QE24M
CQ-001345,2025-05,inspection labor,NCR,NCR-25-0119,339.7,7.9,5830,20260106T061500Z-QE24M
CQ-001346,2025-05,inspection labor,NCR,NCR-25-0120,262.3,6.1,5830,20260106T061500Z-QE24M
CQ-001347,2025-05,inspection labor,NCR,NCR-25-0121,903.0,21.0,5830,20260106T061500Z-QE24M
CQ-001348,2025-05,inspection labor,NCR,NCR-25-0122,374.1,8.7,5830,20260106T061500Z-QE24M
CQ-001349,2025-05,inspection labor,NCR,NCR-25-0123,146.2,3.4,5830,20260106T061500Z-QE24M
CQ-001350,2025-05,inspection labor,NCR,NCR-25-0124,141.9,3.3,5830,20260106T061500Z-QE24M
CQ-001351,2025-05,inspection labor,NCR,NCR-25-0125,227.9,5.3,5830,20260106T061500Z-QE24M
CQ-001352,2025-05,inspection labor,NCR,NCR-25-0126,709.5,16.5,5830,20260106T061500Z-QE24M
CQ-001353,2025-05,inspection labor,NCR,NCR-25-0127,98.9,2.3,5830,20260106T061500Z-QE24M
CQ-001354,2025-05,inspection labor,NCR,NCR-25-0128,154.8,3.6,5830,20260106T061500Z-QE24M
CQ-001355,2025-05,inspection labor,NCR,NCR-25-0129,180.6,4.2,5830,20260106T061500Z-QE24M
CQ-001356,2025-05,inspection labor,NCR,NCR-25-0130,266.6,6.2,5830,20260106T061500Z-QE24M
CQ-001357,2025-05,inspection labor,NCR,NCR-25-0132,51.6,1.2,5830,20260106T061500Z-QE24M
CQ-001358,2025-05,inspection labor,NCR,NCR-25-0133,640.7,14.9,5830,20260106T061500Z-QE24M
CQ-001359,2025-05,inspection labor,NCR,NCR-25-0135,180.6,4.2,5830,20260106T061500Z-QE24M
CQ-001360,2025-05,inspection labor,NCR,NCR-25-0137,374.1,8.7,5830,20260106T061500Z-QE24M
CQ-001361,2025-05,inspection labor,NCR,NCR-25-0138,546.1,12.7,5830,20260106T061500Z-QE24M
CQ-001362,2025-05,inspection labor,NCR,NCR-25-0139,279.5,6.5,5830,20260106T061500Z-QE24M
CQ-001363,2025-05,inspection labor,NCR,NCR-25-0142,159.1,3.7,5830,20260106T061500Z-QE24M
CQ-001364,2025-05,inspection labor,timesheet,CMM and vision 2025-05,19913.16,463.1,5830,20260106T061500Z-QE24M
CQ-001365,2025-05,inspection labor,timesheet,in-process and final 2025-05,14734.81,342.7,5830,20260106T061500Z-QE24M
CQ-001366,2025-05,inspection labor,timesheet,lead 2025-05,6653.92,154.7,5830,20260106T061500Z-QE24M
CQ-001367,2025-05,inspection labor,timesheet,receiving 2025-05,13363.27,310.8,5830,20260106T061500Z-QE24M
CQ-001368,2025-05,return freight,complaint,CC-25-010,1847.25,,5860,20260106T061500Z-QE24M
CQ-001369,2025-05,return freight,complaint,CC-25-011,1092.74,,5860,20260106T061500Z-QE24M
CQ-001370,2025-05,return freight,complaint,CC-25-012,3365.15,,5860,20260106T061500Z-QE24M
CQ-001371,2025-05,return freight,complaint,CC-25-013,1763.17,,5860,20260106T061500Z-QE24M
CQ-001372,2025-05,return freight,complaint,CC-25-014,1250.86,,5860,20260106T061500Z-QE24M
CQ-001373,2025-05,return freight,complaint,CC-25-015,5483.28,,5860,20260106T061500Z-QE24M
CQ-001374,2025-05,return freight,complaint,CC-25-016,3501.97,,5860,20260106T061500Z-QE24M
CQ-001375,2025-05,return freight,complaint,CC-25-017,1795.21,,5860,20260106T061500Z-QE24M
CQ-001376,2025-05,rework labor,NCR,NCR-25-0120,5404.8,112.6,5820,20260106T061500Z-QE24M
CQ-001377,2025-05,rework labor,NCR,NCR-25-0122,3230.4,67.3,5820,20260106T061500Z-QE24M
CQ-001378,2025-05,rework labor,NCR,NCR-25-0123,2342.4,48.8,5820,20260106T061500Z-QE24M
CQ-001379,2025-05,rework labor,NCR,NCR-25-0124,1555.2,32.4,5820,20260106T061500Z-QE24M
CQ-001380,2025-05,rework labor,NCR,NCR-25-0125,2193.6,45.7,5820,20260106T061500Z-QE24M
CQ-001381,2025-05,rework labor,NCR,NCR-25-0126,1905.6,39.7,5820,20260106T061500Z-QE24M
CQ-001382,2025-05,rework labor,NCR,NCR-25-0129,2275.2,47.4,5820,20260106T061500Z-QE24M
CQ-001383,2025-05,rework labor,NCR,NCR-25-0133,6427.2,133.9,5820,20260106T061500Z-QE24M
CQ-001384,2025-05,rework labor,NCR,NCR-25-0138,5688.0,118.5,5820,20260106T061500Z-QE24M
CQ-001385,2025-05,rework labor,NCR,NCR-25-0142,3177.6,66.2,5820,20260106T061500Z-QE24M
CQ-001386,2025-05,scrap,NCR,NCR-25-0113,1801.8,,5810,20260106T061500Z-QE24M
CQ-001387,2025-05,scrap,NCR,NCR-25-0115,1698.64,,5810,20260106T061500Z-QE24M
CQ-001388,2025-05,scrap,NCR,NCR-25-0118,960.48,,5810,20260106T061500Z-QE24M
CQ-001389,2025-05,scrap,NCR,NCR-25-0131,1385.6,,5810,20260106T061500Z-QE24M
CQ-001390,2025-05,scrap,NCR,NCR-25-0134,1223.14,,5810,20260106T061500Z-QE24M
CQ-001391,2025-05,scrap,NCR,NCR-25-0136,1876.94,,5810,20260106T061500Z-QE24M
CQ-001392,2025-05,scrap,NCR,NCR-25-0141,763.42,,5810,20260106T061500Z-QE24M
CQ-001393,2025-05,scrap,NCR,NCR-25-0147,3544.88,,5810,20260106T061500Z-QE24M
CQ-001394,2025-05,scrap,job,2 jobs on GR-04,382.84,,5810,20260106T061500Z-QE24M
CQ-001395,2025-05,scrap,job,2 jobs on ML-01,133.14,,5810,20260106T061500Z-QE24M
CQ-001396,2025-05,scrap,job,2 jobs on ML-02,193.83,,5810,20260106T061500Z-QE24M
CQ-001397,2025-05,scrap,job,2 jobs on ML-04,2038.28,,5810,20260106T061500Z-QE24M
CQ-001398,2025-05,scrap,job,2 jobs on MT-03,278.0,,5810,20260106T061500Z-QE24M
CQ-001399,2025-05,scrap,job,2 jobs on MT-06,1341.32,,5810,20260106T061500Z-QE24M
CQ-001400,2025-05,scrap,job,2 jobs on SW-01,503.02,,5810,20260106T061500Z-QE24M
CQ-001401,2025-05,scrap,job,2 jobs on SW-04,870.38,,5810,20260106T061500Z-QE24M
CQ-001402,2025-05,scrap,job,2 jobs on SW-06,72.91,,5810,20260106T061500Z-QE24M
CQ-001403,2025-05,scrap,job,3 jobs on ML-03,748.92,,5810,20260106T061500Z-QE24M
CQ-001404,2025-05,scrap,job,3 jobs on SW-08,532.76,,5810,20260106T061500Z-QE24M
CQ-001405,2025-05,scrap,job,4 jobs on GR-01,631.14,,5810,20260106T061500Z-QE24M
CQ-001406,2025-05,scrap,job,4 jobs on GR-02,394.66,,5810,20260106T061500Z-QE24M
CQ-001407,2025-05,scrap,job,4 jobs on GR-03,368.22,,5810,20260106T061500Z-QE24M
CQ-001408,2025-05,scrap,job,4 jobs on ML-06,589.0,,5810,20260106T061500Z-QE24M
CQ-001409,2025-05,scrap,job,4 jobs on SW-02,1272.04,,5810,20260106T061500Z-QE24M
CQ-001410,2025-05,scrap,job,4 jobs on SW-03,314.52,,5810,20260106T061500Z-QE24M
CQ-001411,2025-05,scrap,job,4 jobs on SW-07,365.86,,5810,20260106T061500Z-QE24M
CQ-001412,2025-05,scrap,job,5 jobs on MT-01,568.41,,5810,20260106T061500Z-QE24M
CQ-001413,2025-05,scrap,job,5 jobs on MT-05,848.87,,5810,20260106T061500Z-QE24M
CQ-001414,2025-05,scrap,job,5 jobs on SW-05,646.32,,5810,20260106T061500Z-QE24M
CQ-001415,2025-05,scrap,job,7 jobs on ML-05,631.78,,5810,20260106T061500Z-QE24M
CQ-001416,2025-05,scrap,job,7 jobs on MT-02,329.6,,5810,20260106T061500Z-QE24M
CQ-001417,2025-05,scrap,job,8 jobs on MT-04,2080.16,,5810,20260106T061500Z-QE24M
CQ-001418,2025-05,sorting and containment,NCR,NCR-25-0127,3005.7,69.9,5850,20260106T061500Z-QE24M
CQ-001419,2025-05,sorting and containment,NCR,NCR-25-0128,1277.1,29.7,5850,20260106T061500Z-QE24M
CQ-001420,2025-05,sorting and containment,NCR,NCR-25-0130,4140.9,96.3,5850,20260106T061500Z-QE24M
CQ-001421,2025-05,sorting and containment,NCR,NCR-25-0132,1384.6,32.2,5850,20260106T061500Z-QE24M
CQ-001422,2025-05,sorting and containment,NCR,NCR-25-0137,4919.2,114.4,5850,20260106T061500Z-QE24M
CQ-001423,2025-05,sorting and containment,complaint,CC-25-010,3778.49,7.2,5850,20260106T061500Z-QE24M
CQ-001424,2025-05,sorting and containment,complaint,CC-25-011,6587.15,17.4,5850,20260106T061500Z-QE24M
CQ-001425,2025-05,sorting and containment,complaint,CC-25-012,4282.65,22.9,5850,20260106T061500Z-QE24M
CQ-001426,2025-05,sorting and containment,complaint,CC-25-013,3981.23,4.6,5850,20260106T061500Z-QE24M
CQ-001427,2025-05,sorting and containment,complaint,CC-25-014,5444.4,15.5,5850,20260106T061500Z-QE24M
CQ-001428,2025-05,sorting and containment,complaint,CC-25-015,6719.69,31.8,5850,20260106T061500Z-QE24M
CQ-001429,2025-05,sorting and containment,complaint,CC-25-016,2140.6,25.6,5850,20260106T061500Z-QE24M
CQ-001430,2025-05,sorting and containment,complaint,CC-25-017,2605.04,17.0,5850,20260106T061500Z-QE24M
CQ-001431,2025-05,supplier audit travel,invoice,EXP-5116,4712.19,,5880,20260106T061500Z-QE24M
CQ-001432,2025-05,training,invoice,INV-43329,1532.63,,5870,20260106T061500Z-QE24M
CQ-001433,2025-05,training,invoice,INV-47003,5702.89,,5870,20260106T061500Z-QE24M
CQ-001434,2025-06,CMM time,timesheet,CMM-1 2025-06,1123.2,93.6,5835,20260106T061500Z-QE24M
CQ-001435,2025-06,CMM time,timesheet,CMM-2 2025-06,1536.0,128.0,5835,20260106T061500Z-QE24M
CQ-001436,2025-06,CMM time,timesheet,VMS-1 2025-06,1233.6,102.8,5835,20260106T061500Z-QE24M
CQ-001437,2025-06,SPC software,invoice,INV-79225,3500.0,,5875,20260106T061500Z-QE24M
CQ-001438,2025-06,calibration,invoice,LC-2519066,180.0,,5840,20260106T061500Z-QE24M
CQ-001439,2025-06,calibration,timesheet,calibration technician 2025-06,7244.38,157.5,5840,20260106T061500Z-QE24M
CQ-001440,2025-06,customer credit,complaint,CC-25-018,47337.7,,4090,20260106T061500Z-QE24M
CQ-001441,2025-06,customer credit,complaint,CC-25-019,20465.97,,4090,20260106T061500Z-QE24M
CQ-001442,2025-06,customer credit,complaint,CC-25-020,13736.33,,4090,20260106T061500Z-QE24M
CQ-001443,2025-06,customer credit,complaint,CC-25-021,26743.42,,4090,20260106T061500Z-QE24M
CQ-001444,2025-06,customer credit,complaint,CC-25-022,3623.0,,4090,20260106T061500Z-QE24M
CQ-001445,2025-06,customer credit,complaint,CC-25-023,3975.98,,4090,20260106T061500Z-QE24M
CQ-001446,2025-06,inspection labor,NCR,NCR-25-0140,215.0,5.0,5830,20260106T061500Z-QE24M
CQ-001447,2025-06,inspection labor,NCR,NCR-25-0145,365.5,8.5,5830,20260106T061500Z-QE24M
CQ-001448,2025-06,inspection labor,NCR,NCR-25-0146,206.4,4.8,5830,20260106T061500Z-QE24M
CQ-001449,2025-06,inspection labor,NCR,NCR-25-0149,189.2,4.4,5830,20260106T061500Z-QE24M
CQ-001450,2025-06,inspection labor,NCR,NCR-25-0150,146.2,3.4,5830,20260106T061500Z-QE24M
CQ-001451,2025-06,inspection labor,NCR,NCR-25-0151,318.2,7.4,5830,20260106T061500Z-QE24M
CQ-001452,2025-06,inspection labor,NCR,NCR-25-0152,361.2,8.4,5830,20260106T061500Z-QE24M
CQ-001453,2025-06,inspection labor,NCR,NCR-25-0153,163.4,3.8,5830,20260106T061500Z-QE24M
CQ-001454,2025-06,inspection labor,NCR,NCR-25-0156,322.5,7.5,5830,20260106T061500Z-QE24M
CQ-001455,2025-06,inspection labor,NCR,NCR-25-0157,296.7,6.9,5830,20260106T061500Z-QE24M
CQ-001456,2025-06,inspection labor,NCR,NCR-25-0159,326.8,7.6,5830,20260106T061500Z-QE24M
CQ-001457,2025-06,inspection labor,NCR,NCR-25-0160,275.2,6.4,5830,20260106T061500Z-QE24M
CQ-001458,2025-06,inspection labor,NCR,NCR-25-0161,240.8,5.6,5830,20260106T061500Z-QE24M
CQ-001459,2025-06,inspection labor,NCR,NCR-25-0162,129.0,3.0,5830,20260106T061500Z-QE24M
CQ-001460,2025-06,inspection labor,NCR,NCR-25-0164,120.4,2.8,5830,20260106T061500Z-QE24M
CQ-001461,2025-06,inspection labor,NCR,NCR-25-0166,146.2,3.4,5830,20260106T061500Z-QE24M
CQ-001462,2025-06,inspection labor,NCR,NCR-25-0169,137.6,3.2,5830,20260106T061500Z-QE24M
CQ-001463,2025-06,inspection labor,NCR,NCR-25-0170,292.4,6.8,5830,20260106T061500Z-QE24M
CQ-001464,2025-06,inspection labor,timesheet,CMM and vision 2025-06,20052.34,466.3,5830,20260106T061500Z-QE24M
CQ-001465,2025-06,inspection labor,timesheet,in-process and final 2025-06,16463.02,382.9,5830,20260106T061500Z-QE24M
CQ-001466,2025-06,inspection labor,timesheet,lead 2025-06,6633.11,154.3,5830,20260106T061500Z-QE24M
CQ-001467,2025-06,inspection labor,timesheet,receiving 2025-06,13846.9,322.0,5830,20260106T061500Z-QE24M
CQ-001468,2025-06,return freight,complaint,CC-25-018,1947.94,,5860,20260106T061500Z-QE24M
CQ-001469,2025-06,return freight,complaint,CC-25-019,1560.75,,5860,20260106T061500Z-QE24M
CQ-001470,2025-06,return freight,complaint,CC-25-020,3746.0,,5860,20260106T061500Z-QE24M
CQ-001471,2025-06,return freight,complaint,CC-25-021,4097.83,,5860,20260106T061500Z-QE24M
CQ-001472,2025-06,return freight,complaint,CC-25-022,2895.42,,5860,20260106T061500Z-QE24M
CQ-001473,2025-06,return freight,complaint,CC-25-023,2559.96,,5860,20260106T061500Z-QE24M
CQ-001474,2025-06,rework labor,NCR,NCR-25-0146,5112.0,106.5,5820,20260106T061500Z-QE24M
CQ-001475,2025-06,rework labor,NCR,NCR-25-0149,2241.6,46.7,5820,20260106T061500Z-QE24M
CQ-001476,2025-06,rework labor,NCR,NCR-25-0150,8203.2,170.9,5820,20260106T061500Z-QE24M
CQ-001477,2025-06,rework labor,NCR,NCR-25-0151,6792.0,141.5,5820,20260106T061500Z-QE24M
CQ-001478,2025-06,rework labor,NCR,NCR-25-0156,2908.8,60.6,5820,20260106T061500Z-QE24M
CQ-001479,2025-06,rework labor,NCR,NCR-25-0161,3470.4,72.3,5820,20260106T061500Z-QE24M
CQ-001480,2025-06,scrap,NCR,NCR-25-0143,1090.13,,5810,20260106T061500Z-QE24M
CQ-001481,2025-06,scrap,NCR,NCR-25-0144,4870.12,,5810,20260106T061500Z-QE24M
CQ-001482,2025-06,scrap,NCR,NCR-25-0148,4927.44,,5810,20260106T061500Z-QE24M
CQ-001483,2025-06,scrap,NCR,NCR-25-0163,1594.08,,5810,20260106T061500Z-QE24M
CQ-001484,2025-06,scrap,job,1 jobs on SW-04,791.1,,5810,20260106T061500Z-QE24M
CQ-001485,2025-06,scrap,job,2 jobs on GR-02,316.04,,5810,20260106T061500Z-QE24M
CQ-001486,2025-06,scrap,job,2 jobs on SW-06,614.51,,5810,20260106T061500Z-QE24M
CQ-001487,2025-06,scrap,job,3 jobs on GR-01,1675.39,,5810,20260106T061500Z-QE24M
CQ-001488,2025-06,scrap,job,3 jobs on ML-01,79.85,,5810,20260106T061500Z-QE24M
CQ-001489,2025-06,scrap,job,3 jobs on ML-02,96.21,,5810,20260106T061500Z-QE24M
CQ-001490,2025-06,scrap,job,3 jobs on ML-06,250.77,,5810,20260106T061500Z-QE24M
CQ-001491,2025-06,scrap,job,3 jobs on SW-02,746.8,,5810,20260106T061500Z-QE24M
CQ-001492,2025-06,scrap,job,3 jobs on SW-03,823.34,,5810,20260106T061500Z-QE24M
CQ-001493,2025-06,scrap,job,3 jobs on SW-07,493.78,,5810,20260106T061500Z-QE24M
CQ-001494,2025-06,scrap,job,3 jobs on SW-08,557.75,,5810,20260106T061500Z-QE24M
CQ-001495,2025-06,scrap,job,4 jobs on ML-04,913.38,,5810,20260106T061500Z-QE24M
CQ-001496,2025-06,scrap,job,4 jobs on ML-05,423.71,,5810,20260106T061500Z-QE24M
CQ-001497,2025-06,scrap,job,4 jobs on MT-01,231.08,,5810,20260106T061500Z-QE24M
CQ-001498,2025-06,scrap,job,4 jobs on MT-03,1173.99,,5810,20260106T061500Z-QE24M
CQ-001499,2025-06,scrap,job,4 jobs on MT-06,783.36,,5810,20260106T061500Z-QE24M
CQ-001500,2025-06,scrap,job,4 jobs on SW-01,872.05,,5810,20260106T061500Z-QE24M
CQ-001501,2025-06,scrap,job,4 jobs on SW-05,928.36,,5810,20260106T061500Z-QE24M
CQ-001502,2025-06,scrap,job,5 jobs on GR-03,300.15,,5810,20260106T061500Z-QE24M
CQ-001503,2025-06,scrap,job,5 jobs on GR-04,554.06,,5810,20260106T061500Z-QE24M
CQ-001504,2025-06,scrap,job,5 jobs on ML-03,1431.97,,5810,20260106T061500Z-QE24M
CQ-001505,2025-06,scrap,job,6 jobs on MT-04,745.39,,5810,20260106T061500Z-QE24M
CQ-001506,2025-06,scrap,job,7 jobs on MT-05,1105.43,,5810,20260106T061500Z-QE24M
CQ-001507,2025-06,scrap,job,8 jobs on MT-02,1042.75,,5810,20260106T061500Z-QE24M
CQ-001508,2025-06,sorting and containment,NCR,NCR-25-0145,3874.3,90.1,5850,20260106T061500Z-QE24M
CQ-001509,2025-06,sorting and containment,NCR,NCR-25-0153,4626.8,107.6,5850,20260106T061500Z-QE24M
CQ-001510,2025-06,sorting and containment,NCR,NCR-25-0157,1892.0,44.0,5850,20260106T061500Z-QE24M
CQ-001511,2025-06,sorting and containment,NCR,NCR-25-0160,5271.8,122.6,5850,20260106T061500Z-QE24M
CQ-001512,2025-06,sorting and containment,NCR,NCR-25-0162,1509.3,35.1,5850,20260106T061500Z-QE24M
CQ-001513,2025-06,sorting and containment,NCR,NCR-25-0164,2365.0,55.0,5850,20260106T061500Z-QE24M
CQ-001514,2025-06,sorting and containment,NCR,NCR-25-0166,1612.5,37.5,5850,20260106T061500Z-QE24M
CQ-001515,2025-06,sorting and containment,NCR,NCR-25-0169,1586.7,36.9,5850,20260106T061500Z-QE24M
CQ-001516,2025-06,sorting and containment,NCR,NCR-25-0170,890.1,20.7,5850,20260106T061500Z-QE24M
CQ-001517,2025-06,sorting and containment,complaint,CC-25-018,2195.16,13.2,5850,20260106T061500Z-QE24M
CQ-001518,2025-06,sorting and containment,complaint,CC-25-019,3104.59,12.9,5850,20260106T061500Z-QE24M
CQ-001519,2025-06,sorting and containment,complaint,CC-25-020,3493.05,11.0,5850,20260106T061500Z-QE24M
CQ-001520,2025-06,sorting and containment,complaint,CC-25-021,2699.26,16.7,5850,20260106T061500Z-QE24M
CQ-001521,2025-06,sorting and containment,complaint,CC-25-022,3068.91,6.0,5850,20260106T061500Z-QE24M
CQ-001522,2025-06,sorting and containment,complaint,CC-25-023,6237.05,13.5,5850,20260106T061500Z-QE24M
CQ-001523,2025-06,supplier audit travel,invoice,EXP-6865,3540.06,,5880,20260106T061500Z-QE24M
CQ-001524,2025-06,training,invoice,INV-36822,4022.41,,5870,20260106T061500Z-QE24M
CQ-001525,2025-06,training,invoice,INV-82474,2718.67,,5870,20260106T061500Z-QE24M
CQ-001526,2025-07,CMM time,timesheet,CMM-1 2025-07,2318.4,193.2,5835,20260106T061500Z-QE24M
CQ-001527,2025-07,CMM time,timesheet,CMM-2 2025-07,1276.8,106.4,5835,20260106T061500Z-QE24M
CQ-001528,2025-07,CMM time,timesheet,VMS-1 2025-07,1723.2,143.6,5835,20260106T061500Z-QE24M
CQ-001529,2025-07,SPC software,invoice,INV-42479,3500.0,,5875,20260106T061500Z-QE24M
CQ-001530,2025-07,calibration,invoice,LC-2546822,180.0,,5840,20260106T061500Z-QE24M
CQ-001531,2025-07,calibration,invoice,LC-2571845,180.0,,5840,20260106T061500Z-QE24M
CQ-001532,2025-07,calibration,timesheet,calibration technician 2025-07,7524.74,163.6,5840,20260106T061500Z-QE24M
CQ-001533,2025-07,customer credit,complaint,CC-25-025,18808.98,,4090,20260106T061500Z-QE24M
CQ-001534,2025-07,inspection labor,NCR,NCR-25-0167,365.5,8.5,5830,20260106T061500Z-QE24M
CQ-001535,2025-07,inspection labor,NCR,NCR-25-0171,103.2,2.4,5830,20260106T061500Z-QE24M
CQ-001536,2025-07,inspection labor,NCR,NCR-25-0172,107.5,2.5,5830,20260106T061500Z-QE24M
CQ-001537,2025-07,inspection labor,NCR,NCR-25-0173,503.1,11.7,5830,20260106T061500Z-QE24M
CQ-001538,2025-07,inspection labor,NCR,NCR-25-0174,129.0,3.0,5830,20260106T061500Z-QE24M
CQ-001539,2025-07,inspection labor,NCR,NCR-25-0175,232.2,5.4,5830,20260106T061500Z-QE24M
CQ-001540,2025-07,inspection labor,NCR,NCR-25-0176,498.8,11.6,5830,20260106T061500Z-QE24M
CQ-001541,2025-07,inspection labor,NCR,NCR-25-0179,240.8,5.6,5830,20260106T061500Z-QE24M
CQ-001542,2025-07,inspection labor,NCR,NCR-25-0180,227.9,5.3,5830,20260106T061500Z-QE24M
CQ-001543,2025-07,inspection labor,NCR,NCR-25-0181,258.0,6.0,5830,20260106T061500Z-QE24M
CQ-001544,2025-07,inspection labor,NCR,NCR-25-0182,567.6,13.2,5830,20260106T061500Z-QE24M
CQ-001545,2025-07,inspection labor,NCR,NCR-25-0184,94.6,2.2,5830,20260106T061500Z-QE24M
CQ-001546,2025-07,inspection labor,NCR,NCR-25-0186,189.2,4.4,5830,20260106T061500Z-QE24M
CQ-001547,2025-07,inspection labor,NCR,NCR-25-0190,404.2,9.4,5830,20260106T061500Z-QE24M
CQ-001548,2025-07,inspection labor,NCR,NCR-25-0192,197.8,4.6,5830,20260106T061500Z-QE24M
CQ-001549,2025-07,inspection labor,NCR,NCR-25-0193,468.7,10.9,5830,20260106T061500Z-QE24M
CQ-001550,2025-07,inspection labor,NCR,NCR-25-0196,322.5,7.5,5830,20260106T061500Z-QE24M
CQ-001551,2025-07,inspection labor,NCR,NCR-25-0197,283.8,6.6,5830,20260106T061500Z-QE24M
CQ-001552,2025-07,inspection labor,timesheet,CMM and vision 2025-07,20723.53,481.9,5830,20260106T061500Z-QE24M
CQ-001553,2025-07,inspection labor,timesheet,in-process and final 2025-07,15978.75,371.6,5830,20260106T061500Z-QE24M
CQ-001554,2025-07,inspection labor,timesheet,lead 2025-07,7091.11,164.9,5830,20260106T061500Z-QE24M
CQ-001555,2025-07,inspection labor,timesheet,receiving 2025-07,13867.78,322.5,5830,20260106T061500Z-QE24M
CQ-001556,2025-07,return freight,complaint,CC-25-025,2609.96,,5860,20260106T061500Z-QE24M
CQ-001557,2025-07,rework labor,NCR,NCR-25-0172,6859.2,142.9,5820,20260106T061500Z-QE24M
CQ-001558,2025-07,rework labor,NCR,NCR-25-0175,2985.6,62.2,5820,20260106T061500Z-QE24M
CQ-001559,2025-07,scrap,NCR,NCR-25-0168,6893.67,,5810,20260106T061500Z-QE24M
CQ-001560,2025-07,scrap,NCR,NCR-25-0177,6256.12,,5810,20260106T061500Z-QE24M
CQ-001561,2025-07,scrap,NCR,NCR-25-0187,944.64,,5810,20260106T061500Z-QE24M
CQ-001562,2025-07,scrap,NCR,NCR-25-0188,1653.96,,5810,20260106T061500Z-QE24M
CQ-001563,2025-07,scrap,NCR,NCR-25-0191,4196.95,,5810,20260106T061500Z-QE24M
CQ-001564,2025-07,scrap,NCR,NCR-25-0194,125.48,,5810,20260106T061500Z-QE24M
CQ-001565,2025-07,scrap,job,10 jobs on MT-02,936.75,,5810,20260106T061500Z-QE24M
CQ-001566,2025-07,scrap,job,10 jobs on MT-05,1519.34,,5810,20260106T061500Z-QE24M
CQ-001567,2025-07,scrap,job,2 jobs on SW-01,619.96,,5810,20260106T061500Z-QE24M
CQ-001568,2025-07,scrap,job,3 jobs on ML-01,3682.21,,5810,20260106T061500Z-QE24M
CQ-001569,2025-07,scrap,job,3 jobs on MT-04,228.04,,5810,20260106T061500Z-QE24M
CQ-001570,2025-07,scrap,job,3 jobs on MT-06,718.51,,5810,20260106T061500Z-QE24M
CQ-001571,2025-07,scrap,job,3 jobs on SW-04,814.65,,5810,20260106T061500Z-QE24M
CQ-001572,2025-07,scrap,job,3 jobs on SW-06,187.32,,5810,20260106T061500Z-QE24M
CQ-001573,2025-07,scrap,job,4 jobs on GR-01,463.69,,5810,20260106T061500Z-QE24M
CQ-001574,2025-07,scrap,job,4 jobs on GR-04,336.01,,5810,20260106T061500Z-QE24M
CQ-001575,2025-07,scrap,job,4 jobs on SW-07,270.4,,5810,20260106T061500Z-QE24M
CQ-001576,2025-07,scrap,job,5 jobs on GR-03,808.86,,5810,20260106T061500Z-QE24M
CQ-001577,2025-07,scrap,job,5 jobs on ML-02,394.61,,5810,20260106T061500Z-QE24M
CQ-001578,2025-07,scrap,job,5 jobs on SW-03,766.95,,5810,20260106T061500Z-QE24M
CQ-001579,2025-07,scrap,job,6 jobs on ML-03,1427.27,,5810,20260106T061500Z-QE24M
CQ-001580,2025-07,scrap,job,6 jobs on ML-04,423.19,,5810,20260106T061500Z-QE24M
CQ-001581,2025-07,scrap,job,6 jobs on MT-03,705.76,,5810,20260106T061500Z-QE24M
CQ-001582,2025-07,scrap,job,6 jobs on SW-05,2303.95,,5810,20260106T061500Z-QE24M
CQ-001583,2025-07,scrap,job,7 jobs on GR-02,1203.05,,5810,20260106T061500Z-QE24M
CQ-001584,2025-07,scrap,job,7 jobs on ML-06,2963.24,,5810,20260106T061500Z-QE24M
CQ-001585,2025-07,scrap,job,7 jobs on MT-01,928.43,,5810,20260106T061500Z-QE24M
CQ-001586,2025-07,scrap,job,7 jobs on SW-02,771.42,,5810,20260106T061500Z-QE24M
CQ-001587,2025-07,scrap,job,7 jobs on SW-08,1469.58,,5810,20260106T061500Z-QE24M
CQ-001588,2025-07,scrap,job,8 jobs on ML-05,1971.47,,5810,20260106T061500Z-QE24M
CQ-001589,2025-07,sorting and containment,NCR,NCR-25-0173,1148.1,26.7,5850,20260106T061500Z-QE24M
CQ-001590,2025-07,sorting and containment,NCR,NCR-25-0181,2051.1,47.7,5850,20260106T061500Z-QE24M
CQ-001591,2025-07,sorting and containment,NCR,NCR-25-0182,2171.5,50.5,5850,20260106T061500Z-QE24M
CQ-001592,2025-07,sorting and containment,NCR,NCR-25-0190,3285.2,76.4,5850,20260106T061500Z-QE24M
CQ-001593,2025-07,sorting and containment,NCR,NCR-25-0192,2279.0,53.0,5850,20260106T061500Z-QE24M
CQ-001594,2025-07,sorting and containment,NCR,NCR-25-0193,3431.4,79.8,5850,20260106T061500Z-QE24M
CQ-001595,2025-07,sorting and containment,NCR,NCR-25-0196,1926.4,44.8,5850,20260106T061500Z-QE24M
CQ-001596,2025-07,sorting and containment,NCR,NCR-25-0197,2803.6,65.2,5850,20260106T061500Z-QE24M
CQ-001597,2025-07,sorting and containment,complaint,CC-25-025,3571.24,10.1,5850,20260106T061500Z-QE24M
CQ-001598,2025-07,supplier audit travel,invoice,EXP-8592,4042.73,,5880,20260106T061500Z-QE24M
CQ-001599,2025-07,training,invoice,INV-42277,2217.28,,5870,20260106T061500Z-QE24M
CQ-001600,2025-07,training,invoice,INV-47053,4862.88,,5870,20260106T061500Z-QE24M
CQ-001601,2025-08,CMM time,timesheet,CMM-1 2025-08,1737.6,144.8,5835,20260106T061500Z-QE24M
CQ-001602,2025-08,CMM time,timesheet,CMM-2 2025-08,1776.0,148.0,5835,20260106T061500Z-QE24M
CQ-001603,2025-08,CMM time,timesheet,VMS-1 2025-08,1756.8,146.4,5835,20260106T061500Z-QE24M
CQ-001604,2025-08,SPC software,invoice,INV-49718,3500.0,,5875,20260106T061500Z-QE24M
CQ-001605,2025-08,calibration,invoice,LC-2565165,2800.0,,5840,20260106T061500Z-QE24M
CQ-001606,2025-08,calibration,timesheet,calibration technician 2025-08,7044.48,153.1,5840,20260106T061500Z-QE24M
CQ-001607,2025-08,customer credit,complaint,CC-25-026,5176.99,,4090,20260106T061500Z-QE24M
CQ-001608,2025-08,customer credit,complaint,CC-25-027,4379.03,,4090,20260106T061500Z-QE24M
CQ-001609,2025-08,customer credit,complaint,CC-25-028,2883.23,,4090,20260106T061500Z-QE24M
CQ-001610,2025-08,inspection labor,NCR,NCR-25-0198,326.8,7.6,5830,20260106T061500Z-QE24M
CQ-001611,2025-08,inspection labor,NCR,NCR-25-0199,176.3,4.1,5830,20260106T061500Z-QE24M
CQ-001612,2025-08,inspection labor,NCR,NCR-25-0200,146.2,3.4,5830,20260106T061500Z-QE24M
CQ-001613,2025-08,inspection labor,NCR,NCR-25-0201,391.3,9.1,5830,20260106T061500Z-QE24M
CQ-001614,2025-08,inspection labor,NCR,NCR-25-0202,382.7,8.9,5830,20260106T061500Z-QE24M
CQ-001615,2025-08,inspection labor,NCR,NCR-25-0203,442.9,10.3,5830,20260106T061500Z-QE24M
CQ-001616,2025-08,inspection labor,NCR,NCR-25-0206,249.4,5.8,5830,20260106T061500Z-QE24M
CQ-001617,2025-08,inspection labor,NCR,NCR-25-0207,197.8,4.6,5830,20260106T061500Z-QE24M
CQ-001618,2025-08,inspection labor,NCR,NCR-25-0208,172.0,4.0,5830,20260106T061500Z-QE24M
CQ-001619,2025-08,inspection labor,NCR,NCR-25-0209,438.6,10.2,5830,20260106T061500Z-QE24M
CQ-001620,2025-08,inspection labor,NCR,NCR-25-0210,481.6,11.2,5830,20260106T061500Z-QE24M
CQ-001621,2025-08,inspection labor,NCR,NCR-25-0211,197.8,4.6,5830,20260106T061500Z-QE24M
CQ-001622,2025-08,inspection labor,NCR,NCR-25-0213,210.7,4.9,5830,20260106T061500Z-QE24M
CQ-001623,2025-08,inspection labor,NCR,NCR-25-0215,331.1,7.7,5830,20260106T061500Z-QE24M
CQ-001624,2025-08,inspection labor,NCR,NCR-25-0216,133.3,3.1,5830,20260106T061500Z-QE24M
CQ-001625,2025-08,inspection labor,NCR,NCR-25-0220,133.3,3.1,5830,20260106T061500Z-QE24M
CQ-001626,2025-08,inspection labor,NCR,NCR-25-0221,240.8,5.6,5830,20260106T061500Z-QE24M
CQ-001627,2025-08,inspection labor,NCR,NCR-25-0222,258.0,6.0,5830,20260106T061500Z-QE24M
CQ-001628,2025-08,inspection labor,NCR,NCR-25-0223,249.4,5.8,5830,20260106T061500Z-QE24M
CQ-001629,2025-08,inspection labor,NCR,NCR-25-0224,141.9,3.3,5830,20260106T061500Z-QE24M
CQ-001630,2025-08,inspection labor,NCR,NCR-25-0225,154.8,3.6,5830,20260106T061500Z-QE24M
CQ-001631,2025-08,inspection labor,NCR,NCR-25-0228,227.9,5.3,5830,20260106T061500Z-QE24M
CQ-001632,2025-08,inspection labor,NCR,NCR-25-0231,451.5,10.5,5830,20260106T061500Z-QE24M
CQ-001633,2025-08,inspection labor,timesheet,CMM and vision 2025-08,20336.72,472.9,5830,20260106T061500Z-QE24M
CQ-001634,2025-08,inspection labor,timesheet,in-process and final 2025-08,14291.99,332.4,5830,20260106T061500Z-QE24M
CQ-001635,2025-08,inspection labor,timesheet,lead 2025-08,6782.88,157.7,5830,20260106T061500Z-QE24M
CQ-001636,2025-08,inspection labor,timesheet,receiving 2025-08,13430.03,312.3,5830,20260106T061500Z-QE24M
CQ-001637,2025-08,return freight,complaint,CC-25-026,3576.26,,5860,20260106T061500Z-QE24M
CQ-001638,2025-08,return freight,complaint,CC-25-027,1672.87,,5860,20260106T061500Z-QE24M
CQ-001639,2025-08,return freight,complaint,CC-25-028,2795.26,,5860,20260106T061500Z-QE24M
CQ-001640,2025-08,rework labor,NCR,NCR-25-0200,1968.0,41.0,5820,20260106T061500Z-QE24M
CQ-001641,2025-08,rework labor,NCR,NCR-25-0201,5294.4,110.3,5820,20260106T061500Z-QE24M
CQ-001642,2025-08,rework labor,NCR,NCR-25-0208,7425.6,154.7,5820,20260106T061500Z-QE24M
CQ-001643,2025-08,rework labor,NCR,NCR-25-0209,2212.8,46.1,5820,20260106T061500Z-QE24M
CQ-001644,2025-08,rework labor,NCR,NCR-25-0213,3369.6,70.2,5820,20260106T061500Z-QE24M
CQ-001645,2025-08,rework labor,NCR,NCR-25-0224,6139.2,127.9,5820,20260106T061500Z-QE24M
CQ-001646,2025-08,scrap,NCR,NCR-25-0195,5099.22,,5810,20260106T061500Z-QE24M
CQ-001647,2025-08,scrap,NCR,NCR-25-0214,185.06,,5810,20260106T061500Z-QE24M
CQ-001648,2025-08,scrap,NCR,NCR-25-0217,2022.31,,5810,20260106T061500Z-QE24M
CQ-001649,2025-08,scrap,NCR,NCR-25-0218,1533.68,,5810,20260106T061500Z-QE24M
CQ-001650,2025-08,scrap,NCR,NCR-25-0226,3072.44,,5810,20260106T061500Z-QE24M
CQ-001651,2025-08,scrap,job,10 jobs on MT-02,1408.18,,5810,20260106T061500Z-QE24M
CQ-001652,2025-08,scrap,job,3 jobs on ML-02,182.25,,5810,20260106T061500Z-QE24M
CQ-001653,2025-08,scrap,job,3 jobs on SW-02,970.64,,5810,20260106T061500Z-QE24M
CQ-001654,2025-08,scrap,job,3 jobs on SW-05,2036.15,,5810,20260106T061500Z-QE24M
CQ-001655,2025-08,scrap,job,4 jobs on GR-01,3295.51,,5810,20260106T061500Z-QE24M
CQ-001656,2025-08,scrap,job,4 jobs on ML-03,260.95,,5810,20260106T061500Z-QE24M
CQ-001657,2025-08,scrap,job,4 jobs on ML-04,1852.76,,5810,20260106T061500Z-QE24M
CQ-001658,2025-08,scrap,job,4 jobs on MT-06,249.61,,5810,20260106T061500Z-QE24M
CQ-001659,2025-08,scrap,job,4 jobs on SW-01,831.56,,5810,20260106T061500Z-QE24M
CQ-001660,2025-08,scrap,job,4 jobs on SW-04,617.1,,5810,20260106T061500Z-QE24M
CQ-001661,2025-08,scrap,job,5 jobs on GR-03,797.34,,5810,20260106T061500Z-QE24M
CQ-001662,2025-08,scrap,job,5 jobs on ML-01,448.95,,5810,20260106T061500Z-QE24M
CQ-001663,2025-08,scrap,job,5 jobs on MT-05,696.98,,5810,20260106T061500Z-QE24M
CQ-001664,2025-08,scrap,job,5 jobs on SW-03,402.84,,5810,20260106T061500Z-QE24M
CQ-001665,2025-08,scrap,job,5 jobs on SW-07,803.45,,5810,20260106T061500Z-QE24M
CQ-001666,2025-08,scrap,job,5 jobs on SW-08,579.75,,5810,20260106T061500Z-QE24M
CQ-001667,2025-08,scrap,job,6 jobs on GR-02,428.68,,5810,20260106T061500Z-QE24M
CQ-001668,2025-08,scrap,job,6 jobs on GR-04,481.11,,5810,20260106T061500Z-QE24M
CQ-001669,2025-08,scrap,job,6 jobs on ML-05,514.32,,5810,20260106T061500Z-QE24M
CQ-001670,2025-08,scrap,job,6 jobs on ML-06,693.46,,5810,20260106T061500Z-QE24M
CQ-001671,2025-08,scrap,job,6 jobs on MT-03,1835.54,,5810,20260106T061500Z-QE24M
CQ-001672,2025-08,scrap,job,6 jobs on SW-06,1667.62,,5810,20260106T061500Z-QE24M
CQ-001673,2025-08,scrap,job,7 jobs on MT-01,2078.6,,5810,20260106T061500Z-QE24M
CQ-001674,2025-08,scrap,job,8 jobs on MT-04,1222.19,,5810,20260106T061500Z-QE24M
CQ-001675,2025-08,sorting and containment,NCR,NCR-25-0198,5873.8,136.6,5850,20260106T061500Z-QE24M
CQ-001676,2025-08,sorting and containment,NCR,NCR-25-0199,4050.6,94.2,5850,20260106T061500Z-QE24M
CQ-001677,2025-08,sorting and containment,NCR,NCR-25-0211,4480.6,104.2,5850,20260106T061500Z-QE24M
CQ-001678,2025-08,sorting and containment,NCR,NCR-25-0216,1075.0,25.0,5850,20260106T061500Z-QE24M
CQ-001679,2025-08,sorting and containment,NCR,NCR-25-0220,1019.1,23.7,5850,20260106T061500Z-QE24M
CQ-001680,2025-08,sorting and containment,NCR,NCR-25-0221,2670.3,62.1,5850,20260106T061500Z-QE24M
CQ-001681,2025-08,sorting and containment,NCR,NCR-25-0223,1965.1,45.7,5850,20260106T061500Z-QE24M
CQ-001682,2025-08,sorting and containment,NCR,NCR-25-0228,3749.6,87.2,5850,20260106T061500Z-QE24M
CQ-001683,2025-08,sorting and containment,NCR,NCR-25-0231,2945.5,68.5,5850,20260106T061500Z-QE24M
CQ-001684,2025-08,sorting and containment,complaint,CC-25-026,1171.2,9.3,5850,20260106T061500Z-QE24M
CQ-001685,2025-08,sorting and containment,complaint,CC-25-027,4583.43,53.0,5850,20260106T061500Z-QE24M
CQ-001686,2025-08,sorting and containment,complaint,CC-25-028,2721.02,5.7,5850,20260106T061500Z-QE24M
CQ-001687,2025-08,supplier audit travel,invoice,EXP-9932,3924.84,,5880,20260106T061500Z-QE24M
CQ-001688,2025-08,training,invoice,INV-42618,3174.85,,5870,20260106T061500Z-QE24M
CQ-001689,2025-08,training,invoice,INV-42862,2919.34,,5870,20260106T061500Z-QE24M
CQ-001690,2025-09,CMM time,timesheet,CMM-1 2025-09,1689.6,140.8,5835,20260106T061500Z-QE24M
CQ-001691,2025-09,CMM time,timesheet,CMM-2 2025-09,1550.4,129.2,5835,20260106T061500Z-QE24M
CQ-001692,2025-09,CMM time,timesheet,VMS-1 2025-09,1809.6,150.8,5835,20260106T061500Z-QE24M
CQ-001693,2025-09,SPC software,invoice,INV-38246,3500.0,,5875,20260106T061500Z-QE24M
CQ-001694,2025-09,calibration,invoice,LC-2530925,180.0,,5840,20260106T061500Z-QE24M
CQ-001695,2025-09,calibration,invoice,LC-2540264,180.0,,5840,20260106T061500Z-QE24M
CQ-001696,2025-09,calibration,invoice,LC-2541081,180.0,,5840,20260106T061500Z-QE24M
CQ-001697,2025-09,calibration,invoice,LC-2553015,180.0,,5840,20260106T061500Z-QE24M
CQ-001698,2025-09,calibration,invoice,LC-2562712,180.0,,5840,20260106T061500Z-QE24M
CQ-001699,2025-09,calibration,invoice,LC-2585945,180.0,,5840,20260106T061500Z-QE24M
CQ-001700,2025-09,calibration,timesheet,calibration technician 2025-09,7032.27,152.9,5840,20260106T061500Z-QE24M
CQ-001701,2025-09,customer credit,complaint,CC-25-029,15741.49,,4090,20260106T061500Z-QE24M
CQ-001702,2025-09,customer credit,complaint,CC-25-030,14318.64,,4090,20260106T061500Z-QE24M
CQ-001703,2025-09,inspection labor,NCR,NCR-25-0227,184.9,4.3,5830,20260106T061500Z-QE24M
CQ-001704,2025-09,inspection labor,NCR,NCR-25-0230,184.9,4.3,5830,20260106T061500Z-QE24M
CQ-001705,2025-09,inspection labor,NCR,NCR-25-0232,455.8,10.6,5830,20260106T061500Z-QE24M
CQ-001706,2025-09,inspection labor,NCR,NCR-25-0233,77.4,1.8,5830,20260106T061500Z-QE24M
CQ-001707,2025-09,inspection labor,NCR,NCR-25-0235,679.4,15.8,5830,20260106T061500Z-QE24M
CQ-001708,2025-09,inspection labor,NCR,NCR-25-0237,305.3,7.1,5830,20260106T061500Z-QE24M
CQ-001709,2025-09,inspection labor,NCR,NCR-25-0241,103.2,2.4,5830,20260106T061500Z-QE24M
CQ-001710,2025-09,inspection labor,NCR,NCR-25-0242,232.2,5.4,5830,20260106T061500Z-QE24M
CQ-001711,2025-09,inspection labor,NCR,NCR-25-0244,270.9,6.3,5830,20260106T061500Z-QE24M
CQ-001712,2025-09,inspection labor,NCR,NCR-25-0245,232.2,5.4,5830,20260106T061500Z-QE24M
CQ-001713,2025-09,inspection labor,NCR,NCR-25-0246,154.8,3.6,5830,20260106T061500Z-QE24M
CQ-001714,2025-09,inspection labor,NCR,NCR-25-0247,120.4,2.8,5830,20260106T061500Z-QE24M
CQ-001715,2025-09,inspection labor,NCR,NCR-25-0248,167.7,3.9,5830,20260106T061500Z-QE24M
CQ-001716,2025-09,inspection labor,NCR,NCR-25-0249,197.8,4.6,5830,20260106T061500Z-QE24M
CQ-001717,2025-09,inspection labor,NCR,NCR-25-0251,344.0,8.0,5830,20260106T061500Z-QE24M
CQ-001718,2025-09,inspection labor,NCR,NCR-25-0254,511.7,11.9,5830,20260106T061500Z-QE24M
CQ-001719,2025-09,inspection labor,NCR,NCR-25-0256,412.8,9.6,5830,20260106T061500Z-QE24M
CQ-001720,2025-09,inspection labor,NCR,NCR-25-0257,167.7,3.9,5830,20260106T061500Z-QE24M
CQ-001721,2025-09,inspection labor,NCR,NCR-25-0259,262.3,6.1,5830,20260106T061500Z-QE24M
CQ-001722,2025-09,inspection labor,timesheet,CMM and vision 2025-09,19982.96,464.7,5830,20260106T061500Z-QE24M
CQ-001723,2025-09,inspection labor,timesheet,in-process and final 2025-09,15461.63,359.6,5830,20260106T061500Z-QE24M
CQ-001724,2025-09,inspection labor,timesheet,lead 2025-09,6848.08,159.3,5830,20260106T061500Z-QE24M
CQ-001725,2025-09,inspection labor,timesheet,receiving 2025-09,13349.24,310.4,5830,20260106T061500Z-QE24M
CQ-001726,2025-09,return freight,complaint,CC-25-029,4508.74,,5860,20260106T061500Z-QE24M
CQ-001727,2025-09,return freight,complaint,CC-25-030,4354.45,,5860,20260106T061500Z-QE24M
CQ-001728,2025-09,rework labor,NCR,NCR-25-0227,3067.2,63.9,5820,20260106T061500Z-QE24M
CQ-001729,2025-09,rework labor,NCR,NCR-25-0233,3489.6,72.7,5820,20260106T061500Z-QE24M
CQ-001730,2025-09,rework labor,NCR,NCR-25-0245,4416.0,92.0,5820,20260106T061500Z-QE24M
CQ-001731,2025-09,rework labor,NCR,NCR-25-0248,5731.2,119.4,5820,20260106T061500Z-QE24M
CQ-001732,2025-09,rework labor,NCR,NCR-25-0249,5073.6,105.7,5820,20260106T061500Z-QE24M
CQ-001733,2025-09,rework labor,NCR,NCR-25-0257,4156.8,86.6,5820,20260106T061500Z-QE24M
CQ-001734,2025-09,rework labor,NCR,NCR-25-0259,2476.8,51.6,5820,20260106T061500Z-QE24M
CQ-001735,2025-09,scrap,NCR,NCR-25-0229,1450.13,,5810,20260106T061500Z-QE24M
CQ-001736,2025-09,scrap,NCR,NCR-25-0236,2359.2,,5810,20260106T061500Z-QE24M
CQ-001737,2025-09,scrap,NCR,NCR-25-0238,21919.68,,5810,20260106T061500Z-QE24M
CQ-001738,2025-09,scrap,NCR,NCR-25-0239,3039.72,,5810,20260106T061500Z-QE24M
CQ-001739,2025-09,scrap,NCR,NCR-25-0240,637.45,,5810,20260106T061500Z-QE24M
CQ-001740,2025-09,scrap,NCR,NCR-25-0250,632.88,,5810,20260106T061500Z-QE24M
CQ-001741,2025-09,scrap,NCR,NCR-25-0258,2799.01,,5810,20260106T061500Z-QE24M
CQ-001742,2025-09,scrap,job,2 jobs on SW-01,502.71,,5810,20260106T061500Z-QE24M
CQ-001743,2025-09,scrap,job,3 jobs on SW-02,492.04,,5810,20260106T061500Z-QE24M
CQ-001744,2025-09,scrap,job,3 jobs on SW-04,1030.27,,5810,20260106T061500Z-QE24M
CQ-001745,2025-09,scrap,job,3 jobs on SW-07,205.23,,5810,20260106T061500Z-QE24M
CQ-001746,2025-09,scrap,job,4 jobs on GR-02,1028.74,,5810,20260106T061500Z-QE24M
CQ-001747,2025-09,scrap,job,4 jobs on GR-03,876.61,,5810,20260106T061500Z-QE24M
CQ-001748,2025-09,scrap,job,4 jobs on GR-04,785.28,,5810,20260106T061500Z-QE24M
CQ-001749,2025-09,scrap,job,4 jobs on ML-03,933.93,,5810,20260106T061500Z-QE24M
CQ-001750,2025-09,scrap,job,4 jobs on SW-06,285.89,,5810,20260106T061500Z-QE24M
CQ-001751,2025-09,scrap,job,5 jobs on GR-01,338.58,,5810,20260106T061500Z-QE24M
CQ-001752,2025-09,scrap,job,5 jobs on MT-04,1066.89,,5810,20260106T061500Z-QE24M
CQ-001753,2025-09,scrap,job,6 jobs on ML-01,2800.73,,5810,20260106T061500Z-QE24M
CQ-001754,2025-09,scrap,job,6 jobs on ML-02,851.68,,5810,20260106T061500Z-QE24M
CQ-001755,2025-09,scrap,job,6 jobs on ML-04,849.88,,5810,20260106T061500Z-QE24M
CQ-001756,2025-09,scrap,job,6 jobs on MT-01,1243.26,,5810,20260106T061500Z-QE24M
CQ-001757,2025-09,scrap,job,6 jobs on MT-03,1208.0,,5810,20260106T061500Z-QE24M
CQ-001758,2025-09,scrap,job,6 jobs on MT-05,560.69,,5810,20260106T061500Z-QE24M
CQ-001759,2025-09,scrap,job,6 jobs on SW-03,1250.77,,5810,20260106T061500Z-QE24M
CQ-001760,2025-09,scrap,job,6 jobs on SW-05,393.66,,5810,20260106T061500Z-QE24M
CQ-001761,2025-09,scrap,job,6 jobs on SW-08,2111.86,,5810,20260106T061500Z-QE24M
CQ-001762,2025-09,scrap,job,8 jobs on ML-05,1247.45,,5810,20260106T061500Z-QE24M
CQ-001763,2025-09,scrap,job,8 jobs on MT-06,782.34,,5810,20260106T061500Z-QE24M
CQ-001764,2025-09,scrap,job,9 jobs on ML-06,4574.98,,5810,20260106T061500Z-QE24M
CQ-001765,2025-09,scrap,job,9 jobs on MT-02,1078.12,,5810,20260106T061500Z-QE24M
CQ-001766,2025-09,sorting and containment,NCR,NCR-25-0232,5099.8,118.6,5850,20260106T061500Z-QE24M
CQ-001767,2025-09,sorting and containment,NCR,NCR-25-0237,1436.2,33.4,5850,20260106T061500Z-QE24M
CQ-001768,2025-09,sorting and containment,NCR,NCR-25-0241,2309.1,53.7,5850,20260106T061500Z-QE24M
CQ-001769,2025-09,sorting and containment,NCR,NCR-25-0242,1698.5,39.5,5850,20260106T061500Z-QE24M
CQ-001770,2025-09,sorting and containment,complaint,CC-25-029,3524.42,30.8,5850,20260106T061500Z-QE24M
CQ-001771,2025-09,sorting and containment,complaint,CC-25-030,1779.72,7.4,5850,20260106T061500Z-QE24M
CQ-001772,2025-09,supplier audit travel,invoice,EXP-7990,5204.4,,5880,20260106T061500Z-QE24M
CQ-001773,2025-09,training,invoice,INV-20197,3671.05,,5870,20260106T061500Z-QE24M
CQ-001774,2025-09,training,invoice,INV-78376,2405.05,,5870,20260106T061500Z-QE24M
CQ-001775,2025-10,CMM time,timesheet,CMM-1 2025-10,2323.2,193.6,5835,20260106T061500Z-QE24M
CQ-001776,2025-10,CMM time,timesheet,CMM-2 2025-10,1833.6,152.8,5835,20260106T061500Z-QE24M
CQ-001777,2025-10,CMM time,timesheet,VMS-1 2025-10,2025.6,168.8,5835,20260106T061500Z-QE24M
CQ-001778,2025-10,SPC software,invoice,INV-90318,3500.0,,5875,20260106T061500Z-QE24M
CQ-001779,2025-10,calibration,invoice,LC-2520206,180.0,,5840,20260106T061500Z-QE24M
CQ-001780,2025-10,calibration,invoice,LC-2541306,180.0,,5840,20260106T061500Z-QE24M
CQ-001781,2025-10,calibration,invoice,LC-2559657,180.0,,5840,20260106T061500Z-QE24M
CQ-001782,2025-10,calibration,invoice,LC-2564217,180.0,,5840,20260106T061500Z-QE24M
CQ-001783,2025-10,calibration,invoice,LC-2568389,180.0,,5840,20260106T061500Z-QE24M
CQ-001784,2025-10,calibration,timesheet,calibration technician 2025-10,8095.8,176.0,5840,20260106T061500Z-QE24M
CQ-001785,2025-10,customer credit,complaint,CC-25-031,10748.7,,4090,20260106T061500Z-QE24M
CQ-001786,2025-10,customer credit,complaint,CC-25-032,29002.45,,4090,20260106T061500Z-QE24M
CQ-001787,2025-10,customer credit,complaint,CC-25-033,7175.87,,4090,20260106T061500Z-QE24M
CQ-001788,2025-10,inspection labor,NCR,NCR-25-0252,202.1,4.7,5830,20260106T061500Z-QE24M
CQ-001789,2025-10,inspection labor,NCR,NCR-25-0255,313.9,7.3,5830,20260106T061500Z-QE24M
CQ-001790,2025-10,inspection labor,NCR,NCR-25-0261,210.7,4.9,5830,20260106T061500Z-QE24M
CQ-001791,2025-10,inspection labor,NCR,NCR-25-0263,275.2,6.4,5830,20260106T061500Z-QE24M
CQ-001792,2025-10,inspection labor,NCR,NCR-25-0265,292.4,6.8,5830,20260106T061500Z-QE24M
CQ-001793,2025-10,inspection labor,NCR,NCR-25-0266,382.7,8.9,5830,20260106T061500Z-QE24M
CQ-001794,2025-10,inspection labor,NCR,NCR-25-0268,279.5,6.5,5830,20260106T061500Z-QE24M
CQ-001795,2025-10,inspection labor,NCR,NCR-25-0270,270.9,6.3,5830,20260106T061500Z-QE24M
CQ-001796,2025-10,inspection labor,NCR,NCR-25-0271,111.8,2.6,5830,20260106T061500Z-QE24M
CQ-001797,2025-10,inspection labor,NCR,NCR-25-0273,150.5,3.5,5830,20260106T061500Z-QE24M
CQ-001798,2025-10,inspection labor,NCR,NCR-25-0276,490.2,11.4,5830,20260106T061500Z-QE24M
CQ-001799,2025-10,inspection labor,NCR,NCR-25-0278,124.7,2.9,5830,20260106T061500Z-QE24M
CQ-001800,2025-10,inspection labor,NCR,NCR-25-0282,283.8,6.6,5830,20260106T061500Z-QE24M
CQ-001801,2025-10,inspection labor,NCR,NCR-25-0283,322.5,7.5,5830,20260106T061500Z-QE24M
CQ-001802,2025-10,inspection labor,NCR,NCR-25-0284,253.7,5.9,5830,20260106T061500Z-QE24M
CQ-001803,2025-10,inspection labor,NCR,NCR-25-0285,210.7,4.9,5830,20260106T061500Z-QE24M
CQ-001804,2025-10,inspection labor,NCR,NCR-25-0286,137.6,3.2,5830,20260106T061500Z-QE24M
CQ-001805,2025-10,inspection labor,NCR,NCR-25-0287,197.8,4.6,5830,20260106T061500Z-QE24M
CQ-001806,2025-10,inspection labor,NCR,NCR-25-0290,150.5,3.5,5830,20260106T061500Z-QE24M
CQ-001807,2025-10,inspection labor,NCR,NCR-25-0291,266.6,6.2,5830,20260106T061500Z-QE24M
CQ-001808,2025-10,inspection labor,NCR,NCR-25-0293,262.3,6.1,5830,20260106T061500Z-QE24M
CQ-001809,2025-10,inspection labor,NCR,NCR-25-0296,111.8,2.6,5830,20260106T061500Z-QE24M
CQ-001810,2025-10,inspection labor,timesheet,CMM and vision 2025-10,22051.42,512.8,5830,20260106T061500Z-QE24M
CQ-001811,2025-10,inspection labor,timesheet,in-process and final 2025-10,17201.32,400.0,5830,20260106T061500Z-QE24M
CQ-001812,2025-10,inspection labor,timesheet,lead 2025-10,7428.66,172.8,5830,20260106T061500Z-QE24M
CQ-001813,2025-10,inspection labor,timesheet,receiving 2025-10,14597.63,339.5,5830,20260106T061500Z-QE24M
CQ-001814,2025-10,return freight,complaint,CC-25-031,2962.98,,5860,20260106T061500Z-QE24M
CQ-001815,2025-10,return freight,complaint,CC-25-032,1911.7,,5860,20260106T061500Z-QE24M
CQ-001816,2025-10,return freight,complaint,CC-25-033,1729.48,,5860,20260106T061500Z-QE24M
CQ-001817,2025-10,rework labor,NCR,NCR-25-0255,5620.8,117.1,5820,20260106T061500Z-QE24M
CQ-001818,2025-10,rework labor,NCR,NCR-25-0263,4344.0,90.5,5820,20260106T061500Z-QE24M
CQ-001819,2025-10,rework labor,NCR,NCR-25-0270,3052.8,63.6,5820,20260106T061500Z-QE24M
CQ-001820,2025-10,rework labor,NCR,NCR-25-0276,2126.4,44.3,5820,20260106T061500Z-QE24M
CQ-001821,2025-10,rework labor,NCR,NCR-25-0286,1377.6,28.7,5820,20260106T061500Z-QE24M
CQ-001822,2025-10,rework labor,NCR,NCR-25-0291,4291.2,89.4,5820,20260106T061500Z-QE24M
CQ-001823,2025-10,scrap,NCR,NCR-25-0253,2155.36,,5810,20260106T061500Z-QE24M
CQ-001824,2025-10,scrap,NCR,NCR-25-0260,608.17,,5810,20260106T061500Z-QE24M
CQ-001825,2025-10,scrap,NCR,NCR-25-0262,5606.22,,5810,20260106T061500Z-QE24M
CQ-001826,2025-10,scrap,NCR,NCR-25-0264,676.02,,5810,20260106T061500Z-QE24M
CQ-001827,2025-10,scrap,NCR,NCR-25-0267,959.58,,5810,20260106T061500Z-QE24M
CQ-001828,2025-10,scrap,NCR,NCR-25-0269,1273.95,,5810,20260106T061500Z-QE24M
CQ-001829,2025-10,scrap,NCR,NCR-25-0274,1831.27,,5810,20260106T061500Z-QE24M
CQ-001830,2025-10,scrap,NCR,NCR-25-0279,1765.94,,5810,20260106T061500Z-QE24M
CQ-001831,2025-10,scrap,NCR,NCR-25-0281,879.64,,5810,20260106T061500Z-QE24M
CQ-001832,2025-10,scrap,NCR,NCR-25-0294,4770.56,,5810,20260106T061500Z-QE24M
CQ-001833,2025-10,scrap,job,10 jobs on MT-02,1228.82,,5810,20260106T061500Z-QE24M
CQ-001834,2025-10,scrap,job,11 jobs on MT-04,2644.73,,5810,20260106T061500Z-QE24M
CQ-001835,2025-10,scrap,job,3 jobs on SW-01,151.45,,5810,20260106T061500Z-QE24M
CQ-001836,2025-10,scrap,job,3 jobs on SW-02,487.26,,5810,20260106T061500Z-QE24M
CQ-001837,2025-10,scrap,job,3 jobs on SW-06,258.37,,5810,20260106T061500Z-QE24M
CQ-001838,2025-10,scrap,job,4 jobs on GR-03,198.11,,5810,20260106T061500Z-QE24M
CQ-001839,2025-10,scrap,job,4 jobs on ML-03,677.71,,5810,20260106T061500Z-QE24M
CQ-001840,2025-10,scrap,job,4 jobs on ML-04,319.27,,5810,20260106T061500Z-QE24M
CQ-001841,2025-10,scrap,job,5 jobs on GR-02,616.91,,5810,20260106T061500Z-QE24M
CQ-001842,2025-10,scrap,job,5 jobs on GR-04,134.77,,5810,20260106T061500Z-QE24M
CQ-001843,2025-10,scrap,job,5 jobs on ML-02,3785.03,,5810,20260106T061500Z-QE24M
CQ-001844,2025-10,scrap,job,5 jobs on MT-01,2235.55,,5810,20260106T061500Z-QE24M
CQ-001845,2025-10,scrap,job,5 jobs on SW-05,2106.58,,5810,20260106T061500Z-QE24M
CQ-001846,2025-10,scrap,job,6 jobs on GR-01,981.16,,5810,20260106T061500Z-QE24M
CQ-001847,2025-10,scrap,job,6 jobs on ML-01,1565.52,,5810,20260106T061500Z-QE24M
CQ-001848,2025-10,scrap,job,6 jobs on ML-05,1123.2,,5810,20260106T061500Z-QE24M
CQ-001849,2025-10,scrap,job,6 jobs on SW-07,1341.12,,5810,20260106T061500Z-QE24M
CQ-001850,2025-10,scrap,job,6 jobs on SW-08,2172.32,,5810,20260106T061500Z-QE24M
CQ-001851,2025-10,scrap,job,7 jobs on ML-06,4961.33,,5810,20260106T061500Z-QE24M
CQ-001852,2025-10,scrap,job,7 jobs on MT-06,315.04,,5810,20260106T061500Z-QE24M
CQ-001853,2025-10,scrap,job,7 jobs on SW-03,509.3,,5810,20260106T061500Z-QE24M
CQ-001854,2025-10,scrap,job,8 jobs on MT-03,1078.3,,5810,20260106T061500Z-QE24M
CQ-001855,2025-10,scrap,job,8 jobs on MT-05,750.45,,5810,20260106T061500Z-QE24M
CQ-001856,2025-10,scrap,job,8 jobs on SW-04,825.85,,5810,20260106T061500Z-QE24M
CQ-001857,2025-10,sorting and containment,NCR,NCR-25-0273,10565.1,245.7,5850,20260106T061500Z-QE24M
CQ-001858,2025-10,sorting and containment,NCR,NCR-25-0278,2205.9,51.3,5850,20260106T061500Z-QE24M
CQ-001859,2025-10,sorting and containment,NCR,NCR-25-0282,1874.8,43.6,5850,20260106T061500Z-QE24M
CQ-001860,2025-10,sorting and containment,NCR,NCR-25-0283,2128.5,49.5,5850,20260106T061500Z-QE24M
CQ-001861,2025-10,sorting and containment,NCR,NCR-25-0293,3977.5,92.5,5850,20260106T061500Z-QE24M
CQ-001862,2025-10,sorting and containment,complaint,CC-25-031,3152.24,6.4,5850,20260106T061500Z-QE24M
CQ-001863,2025-10,sorting and containment,complaint,CC-25-032,3155.49,37.3,5850,20260106T061500Z-QE24M
CQ-001864,2025-10,sorting and containment,complaint,CC-25-033,3121.94,19.9,5850,20260106T061500Z-QE24M
CQ-001865,2025-10,supplier audit travel,invoice,EXP-8583,5442.15,,5880,20260106T061500Z-QE24M
CQ-001866,2025-10,training,invoice,INV-59496,1931.64,,5870,20260106T061500Z-QE24M
CQ-001867,2025-10,training,invoice,INV-81382,4517.74,,5870,20260106T061500Z-QE24M
CQ-001868,2025-11,CMM time,timesheet,CMM-1 2025-11,1828.8,152.4,5835,20260106T061500Z-QE24M
CQ-001869,2025-11,CMM time,timesheet,CMM-2 2025-11,1219.2,101.6,5835,20260106T061500Z-QE24M
CQ-001870,2025-11,CMM time,timesheet,VMS-1 2025-11,1646.4,137.2,5835,20260106T061500Z-QE24M
CQ-001871,2025-11,SPC software,invoice,INV-30205,3500.0,,5875,20260106T061500Z-QE24M
CQ-001872,2025-11,calibration,invoice,LC-2516715,180.0,,5840,20260106T061500Z-QE24M
CQ-001873,2025-11,calibration,invoice,LC-2545804,180.0,,5840,20260106T061500Z-QE24M
CQ-001874,2025-11,calibration,invoice,LC-2551704,180.0,,5840,20260106T061500Z-QE24M
CQ-001875,2025-11,calibration,timesheet,calibration technician 2025-11,6641.68,144.4,5840,20260106T061500Z-QE24M
CQ-001876,2025-11,customer credit,complaint,CC-25-034,6503.83,,4090,20260106T061500Z-QE24M
CQ-001877,2025-11,customer credit,complaint,CC-25-035,16406.05,,4090,20260106T061500Z-QE24M
CQ-001878,2025-11,customer credit,complaint,CC-25-036,8188.36,,4090,20260106T061500Z-QE24M
CQ-001879,2025-11,customer credit,complaint,CC-25-037,6694.58,,4090,20260106T061500Z-QE24M
CQ-001880,2025-11,customer credit,complaint,CC-25-039,10846.02,,4090,20260106T061500Z-QE24M
CQ-001881,2025-11,inspection labor,NCR,NCR-25-0300,399.9,9.3,5830,20260106T061500Z-QE24M
CQ-001882,2025-11,inspection labor,NCR,NCR-25-0301,245.1,5.7,5830,20260106T061500Z-QE24M
CQ-001883,2025-11,inspection labor,NCR,NCR-25-0303,141.9,3.3,5830,20260106T061500Z-QE24M
CQ-001884,2025-11,inspection labor,NCR,NCR-25-0304,172.0,4.0,5830,20260106T061500Z-QE24M
CQ-001885,2025-11,inspection labor,NCR,NCR-25-0306,266.6,6.2,5830,20260106T061500Z-QE24M
CQ-001886,2025-11,inspection labor,NCR,NCR-25-0309,176.3,4.1,5830,20260106T061500Z-QE24M
CQ-001887,2025-11,inspection labor,NCR,NCR-25-0310,81.7,1.9,5830,20260106T061500Z-QE24M
CQ-001888,2025-11,inspection labor,NCR,NCR-25-0313,180.6,4.2,5830,20260106T061500Z-QE24M
CQ-001889,2025-11,inspection labor,NCR,NCR-25-0315,94.6,2.2,5830,20260106T061500Z-QE24M
CQ-001890,2025-11,inspection labor,NCR,NCR-25-0317,172.0,4.0,5830,20260106T061500Z-QE24M
CQ-001891,2025-11,inspection labor,NCR,NCR-25-0318,227.9,5.3,5830,20260106T061500Z-QE24M
CQ-001892,2025-11,inspection labor,NCR,NCR-25-0321,215.0,5.0,5830,20260106T061500Z-QE24M
CQ-001893,2025-11,inspection labor,NCR,NCR-25-0322,219.3,5.1,5830,20260106T061500Z-QE24M
CQ-001894,2025-11,inspection labor,NCR,NCR-25-0323,447.2,10.4,5830,20260106T061500Z-QE24M
CQ-001895,2025-11,inspection labor,NCR,NCR-25-0324,116.1,2.7,5830,20260106T061500Z-QE24M
CQ-001896,2025-11,inspection labor,NCR,NCR-25-0326,258.0,6.0,5830,20260106T061500Z-QE24M
CQ-001897,2025-11,inspection labor,NCR,NCR-25-0328,210.7,4.9,5830,20260106T061500Z-QE24M
CQ-001898,2025-11,inspection labor,NCR,NCR-25-0329,305.3,7.1,5830,20260106T061500Z-QE24M
CQ-001899,2025-11,inspection labor,NCR,NCR-25-0330,348.3,8.1,5830,20260106T061500Z-QE24M
CQ-001900,2025-11,inspection labor,NCR,NCR-25-0331,245.1,5.7,5830,20260106T061500Z-QE24M
CQ-001901,2025-11,inspection labor,timesheet,CMM and vision 2025-11,18107.94,421.1,5830,20260106T061500Z-QE24M
CQ-001902,2025-11,inspection labor,timesheet,in-process and final 2025-11,13861.53,322.4,5830,20260106T061500Z-QE24M
CQ-001903,2025-11,inspection labor,timesheet,lead 2025-11,6284.31,146.1,5830,20260106T061500Z-QE24M
CQ-001904,2025-11,inspection labor,timesheet,receiving 2025-11,12540.11,291.6,5830,20260106T061500Z-QE24M
CQ-001905,2025-11,return freight,complaint,CC-25-034,1813.65,,5860,20260106T061500Z-QE24M
CQ-001906,2025-11,return freight,complaint,CC-25-035,2384.38,,5860,20260106T061500Z-QE24M
CQ-001907,2025-11,return freight,complaint,CC-25-036,1425.1,,5860,20260106T061500Z-QE24M
CQ-001908,2025-11,return freight,complaint,CC-25-037,1631.45,,5860,20260106T061500Z-QE24M
CQ-001909,2025-11,return freight,complaint,CC-25-039,6529.06,,5860,20260106T061500Z-QE24M
CQ-001910,2025-11,rework labor,NCR,NCR-25-0303,3840.0,80.0,5820,20260106T061500Z-QE24M
CQ-001911,2025-11,rework labor,NCR,NCR-25-0310,5529.6,115.2,5820,20260106T061500Z-QE24M
CQ-001912,2025-11,rework labor,NCR,NCR-25-0323,4435.2,92.4,5820,20260106T061500Z-QE24M
CQ-001913,2025-11,rework labor,NCR,NCR-25-0324,3537.6,73.7,5820,20260106T061500Z-QE24M
CQ-001914,2025-11,rework labor,NCR,NCR-25-0329,3849.6,80.2,5820,20260106T061500Z-QE24M
CQ-001915,2025-11,scrap,NCR,NCR-25-0288,2793.89,,5810,20260106T061500Z-QE24M
CQ-001916,2025-11,scrap,NCR,NCR-25-0289,2767.84,,5810,20260106T061500Z-QE24M
CQ-001917,2025-11,scrap,NCR,NCR-25-0292,1910.02,,5810,20260106T061500Z-QE24M
CQ-001918,2025-11,scrap,NCR,NCR-25-0295,3438.86,,5810,20260106T061500Z-QE24M
CQ-001919,2025-11,scrap,NCR,NCR-25-0297,2626.29,,5810,20260106T061500Z-QE24M
CQ-001920,2025-11,scrap,NCR,NCR-25-0298,742.91,,5810,20260106T061500Z-QE24M
CQ-001921,2025-11,scrap,NCR,NCR-25-0302,2078.82,,5810,20260106T061500Z-QE24M
CQ-001922,2025-11,scrap,NCR,NCR-25-0305,2882.22,,5810,20260106T061500Z-QE24M
CQ-001923,2025-11,scrap,NCR,NCR-25-0308,1566.94,,5810,20260106T061500Z-QE24M
CQ-001924,2025-11,scrap,NCR,NCR-25-0311,922.03,,5810,20260106T061500Z-QE24M
CQ-001925,2025-11,scrap,NCR,NCR-25-0319,1512.64,,5810,20260106T061500Z-QE24M
CQ-001926,2025-11,scrap,NCR,NCR-25-0320,317.4,,5810,20260106T061500Z-QE24M
CQ-001927,2025-11,scrap,NCR,NCR-25-0327,1552.2,,5810,20260106T061500Z-QE24M
CQ-001928,2025-11,scrap,NCR,NCR-25-0333,7413.12,,5810,20260106T061500Z-QE24M
CQ-001929,2025-11,scrap,job,2 jobs on ML-04,169.04,,5810,20260106T061500Z-QE24M
CQ-001930,2025-11,scrap,job,2 jobs on SW-04,609.74,,5810,20260106T061500Z-QE24M
CQ-001931,2025-11,scrap,job,3 jobs on GR-02,2262.39,,5810,20260106T061500Z-QE24M
CQ-001932,2025-11,scrap,job,3 jobs on GR-03,1533.96,,5810,20260106T061500Z-QE24M
CQ-001933,2025-11,scrap,job,3 jobs on ML-01,147.04,,5810,20260106T061500Z-QE24M
CQ-001934,2025-11,scrap,job,4 jobs on GR-01,520.25,,5810,20260106T061500Z-QE24M
CQ-001935,2025-11,scrap,job,4 jobs on ML-02,1803.72,,5810,20260106T061500Z-QE24M
CQ-001936,2025-11,scrap,job,4 jobs on ML-05,1668.92,,5810,20260106T061500Z-QE24M
CQ-001937,2025-11,scrap,job,4 jobs on MT-03,568.71,,5810,20260106T061500Z-QE24M
CQ-001938,2025-11,scrap,job,4 jobs on SW-02,287.88,,5810,20260106T061500Z-QE24M
CQ-001939,2025-11,scrap,job,4 jobs on SW-03,1118.01,,5810,20260106T061500Z-QE24M
CQ-001940,2025-11,scrap,job,4 jobs on SW-05,348.34,,5810,20260106T061500Z-QE24M
CQ-001941,2025-11,scrap,job,4 jobs on SW-06,519.16,,5810,20260106T061500Z-QE24M
CQ-001942,2025-11,scrap,job,5 jobs on GR-04,329.72,,5810,20260106T061500Z-QE24M
CQ-001943,2025-11,scrap,job,5 jobs on ML-03,323.3,,5810,20260106T061500Z-QE24M
CQ-001944,2025-11,scrap,job,5 jobs on ML-06,2074.65,,5810,20260106T061500Z-QE24M
CQ-001945,2025-11,scrap,job,5 jobs on MT-06,1249.83,,5810,20260106T061500Z-QE24M
CQ-001946,2025-11,scrap,job,5 jobs on SW-07,786.58,,5810,20260106T061500Z-QE24M
CQ-001947,2025-11,scrap,job,5 jobs on SW-08,789.1,,5810,20260106T061500Z-QE24M
CQ-001948,2025-11,scrap,job,6 jobs on MT-01,941.82,,5810,20260106T061500Z-QE24M
CQ-001949,2025-11,scrap,job,6 jobs on MT-04,1753.31,,5810,20260106T061500Z-QE24M
CQ-001950,2025-11,scrap,job,6 jobs on SW-01,1616.37,,5810,20260106T061500Z-QE24M
CQ-001951,2025-11,scrap,job,9 jobs on MT-02,1968.61,,5810,20260106T061500Z-QE24M
CQ-001952,2025-11,scrap,job,9 jobs on MT-05,1230.88,,5810,20260106T061500Z-QE24M
CQ-001953,2025-11,sorting and containment,NCR,NCR-25-0301,1724.3,40.1,5850,20260106T061500Z-QE24M
CQ-001954,2025-11,sorting and containment,NCR,NCR-25-0313,2833.7,65.9,5850,20260106T061500Z-QE24M
CQ-001955,2025-11,sorting and containment,NCR,NCR-25-0315,2326.3,54.1,5850,20260106T061500Z-QE24M
CQ-001956,2025-11,sorting and containment,NCR,NCR-25-0321,1857.6,43.2,5850,20260106T061500Z-QE24M
CQ-001957,2025-11,sorting and containment,NCR,NCR-25-0322,3044.4,70.8,5850,20260106T061500Z-QE24M
CQ-001958,2025-11,sorting and containment,NCR,NCR-25-0331,3706.6,86.2,5850,20260106T061500Z-QE24M
CQ-001959,2025-11,sorting and containment,complaint,CC-25-034,5683.29,18.0,5850,20260106T061500Z-QE24M
CQ-001960,2025-11,sorting and containment,complaint,CC-25-035,2654.79,12.4,5850,20260106T061500Z-QE24M
CQ-001961,2025-11,sorting and containment,complaint,CC-25-036,16448.59,24.7,5850,20260106T061500Z-QE24M
CQ-001962,2025-11,sorting and containment,complaint,CC-25-037,2299.09,9.0,5850,20260106T061500Z-QE24M
CQ-001963,2025-11,sorting and containment,complaint,CC-25-039,3648.19,9.5,5850,20260106T061500Z-QE24M
CQ-001964,2025-11,supplier audit travel,invoice,EXP-3124,3286.52,,5880,20260106T061500Z-QE24M
CQ-001965,2025-11,training,invoice,INV-52803,5356.72,,5870,20260106T061500Z-QE24M
CQ-001966,2025-11,training,invoice,INV-86186,3180.91,,5870,20260106T061500Z-QE24M
CQ-001967,2025-12,CMM time,timesheet,CMM-1 2025-12,643.2,53.6,5835,20260106T061500Z-QE24M
CQ-001968,2025-12,CMM time,timesheet,CMM-2 2025-12,345.6,28.8,5835,20260106T061500Z-QE24M
CQ-001969,2025-12,CMM time,timesheet,VMS-1 2025-12,355.2,29.6,5835,20260106T061500Z-QE24M
CQ-001970,2025-12,SPC software,invoice,INV-72080,3500.0,,5875,20260106T061500Z-QE24M
CQ-001971,2025-12,calibration,invoice,LC-2513130,180.0,,5840,20260106T061500Z-QE24M
CQ-001972,2025-12,calibration,invoice,LC-2577481,180.0,,5840,20260106T061500Z-QE24M
CQ-001973,2025-12,calibration,invoice,LC-2585413,180.0,,5840,20260106T061500Z-QE24M
CQ-001974,2025-12,calibration,timesheet,calibration technician 2025-12,6819.99,148.3,5840,20260106T061500Z-QE24M
CQ-001975,2025-12,customer credit,complaint,CC-25-040,6934.3,,4090,20260106T061500Z-QE24M
CQ-001976,2025-12,customer credit,complaint,CC-25-041,5387.44,,4090,20260106T061500Z-QE24M
CQ-001977,2025-12,customer credit,complaint,CC-25-042,10073.98,,4090,20260106T061500Z-QE24M
CQ-001978,2025-12,customer credit,complaint,CC-25-043,10451.07,,4090,20260106T061500Z-QE24M
CQ-001979,2025-12,inspection labor,NCR,NCR-25-0334,421.4,9.8,5830,20260106T061500Z-QE24M
CQ-001980,2025-12,inspection labor,NCR,NCR-25-0336,507.4,11.8,5830,20260106T061500Z-QE24M
CQ-001981,2025-12,inspection labor,NCR,NCR-25-0337,129.0,3.0,5830,20260106T061500Z-QE24M
CQ-001982,2025-12,inspection labor,NCR,NCR-25-0338,124.7,2.9,5830,20260106T061500Z-QE24M
CQ-001983,2025-12,inspection labor,NCR,NCR-25-0340,94.6,2.2,5830,20260106T061500Z-QE24M
CQ-001984,2025-12,inspection labor,NCR,NCR-25-0342,245.1,5.7,5830,20260106T061500Z-QE24M
CQ-001985,2025-12,inspection labor,NCR,NCR-25-0344,305.3,7.1,5830,20260106T061500Z-QE24M
CQ-001986,2025-12,inspection labor,NCR,NCR-25-0345,103.2,2.4,5830,20260106T061500Z-QE24M
CQ-001987,2025-12,inspection labor,NCR,NCR-25-0347,301.0,7.0,5830,20260106T061500Z-QE24M
CQ-001988,2025-12,inspection labor,NCR,NCR-25-0348,236.5,5.5,5830,20260106T061500Z-QE24M
CQ-001989,2025-12,inspection labor,NCR,NCR-25-0349,434.3,10.1,5830,20260106T061500Z-QE24M
CQ-001990,2025-12,inspection labor,NCR,NCR-25-0351,81.7,1.9,5830,20260106T061500Z-QE24M
CQ-001991,2025-12,inspection labor,NCR,NCR-25-0353,180.6,4.2,5830,20260106T061500Z-QE24M
CQ-001992,2025-12,inspection labor,NCR,NCR-25-0354,232.2,5.4,5830,20260106T061500Z-QE24M
CQ-001993,2025-12,inspection labor,timesheet,CMM and vision 2025-12,19371.94,450.5,5830,20260106T061500Z-QE24M
CQ-001994,2025-12,inspection labor,timesheet,in-process and final 2025-12,15393.54,358.0,5830,20260106T061500Z-QE24M
CQ-001995,2025-12,inspection labor,timesheet,lead 2025-12,6389.13,148.6,5830,20260106T061500Z-QE24M
CQ-001996,2025-12,inspection labor,timesheet,receiving 2025-12,12857.45,299.0,5830,20260106T061500Z-QE24M
CQ-001997,2025-12,return freight,complaint,CC-25-040,865.24,,5860,20260106T061500Z-QE24M
CQ-001998,2025-12,return freight,complaint,CC-25-041,3168.92,,5860,20260106T061500Z-QE24M
CQ-001999,2025-12,return freight,complaint,CC-25-042,1493.2,,5860,20260106T061500Z-QE24M
CQ-002000,2025-12,return freight,complaint,CC-25-043,2183.82,,5860,20260106T061500Z-QE24M
CQ-002001,2025-12,rework labor,NCR,NCR-25-0338,14385.6,299.7,5820,20260106T061500Z-QE24M
CQ-002002,2025-12,rework labor,NCR,NCR-25-0342,6720.0,140.0,5820,20260106T061500Z-QE24M
CQ-002003,2025-12,rework labor,NCR,NCR-25-0344,2390.4,49.8,5820,20260106T061500Z-QE24M
CQ-002004,2025-12,rework labor,NCR,NCR-25-0354,3427.2,71.4,5820,20260106T061500Z-QE24M
CQ-002005,2025-12,scrap,NCR,NCR-25-0332,391.59,,5810,20260106T061500Z-QE24M
CQ-002006,2025-12,scrap,NCR,NCR-25-0335,407.92,,5810,20260106T061500Z-QE24M
CQ-002007,2025-12,scrap,NCR,NCR-25-0339,1188.0,,5810,20260106T061500Z-QE24M
CQ-002008,2025-12,scrap,NCR,NCR-25-0341,7621.29,,5810,20260106T061500Z-QE24M
CQ-002009,2025-12,scrap,NCR,NCR-25-0343,423.74,,5810,20260106T061500Z-QE24M
CQ-002010,2025-12,scrap,job,1 jobs on GR-04,45.86,,5810,20260106T061500Z-QE24M
CQ-002011,2025-12,scrap,job,1 jobs on ML-02,7.35,,5810,20260106T061500Z-QE24M
CQ-002012,2025-12,scrap,job,1 jobs on ML-05,379.85,,5810,20260106T061500Z-QE24M
CQ-002013,2025-12,scrap,job,1 jobs on MT-01,30.72,,5810,20260106T061500Z-QE24M
CQ-002014,2025-12,scrap,job,1 jobs on MT-03,116.44,,5810,20260106T061500Z-QE24M
CQ-002015,2025-12,scrap,job,1 jobs on MT-06,171.27,,5810,20260106T061500Z-QE24M
CQ-002016,2025-12,scrap,job,1 jobs on SW-05,259.79,,5810,20260106T061500Z-QE24M
CQ-002017,2025-12,scrap,job,1 jobs on SW-07,62.26,,5810,20260106T061500Z-QE24M
CQ-002018,2025-12,scrap,job,1 jobs on SW-08,227.92,,5810,20260106T061500Z-QE24M
CQ-002019,2025-12,scrap,job,2 jobs on ML-01,2482.65,,5810,20260106T061500Z-QE24M
CQ-002020,2025-12,scrap,job,2 jobs on ML-03,142.51,,5810,20260106T061500Z-QE24M
CQ-002021,2025-12,scrap,job,2 jobs on ML-06,143.87,,5810,20260106T061500Z-QE24M
CQ-002022,2025-12,scrap,job,2 jobs on SW-02,796.04,,5810,20260106T061500Z-QE24M
CQ-002023,2025-12,scrap,job,3 jobs on MT-02,184.57,,5810,20260106T061500Z-QE24M
CQ-002024,2025-12,scrap,job,3 jobs on SW-03,308.48,,5810,20260106T061500Z-QE24M
CQ-002025,2025-12,scrap,job,5 jobs on MT-05,429.1,,5810,20260106T061500Z-QE24M
CQ-002026,2025-12,sorting and containment,NCR,NCR-25-0336,2580.0,60.0,5850,20260106T061500Z-QE24M
CQ-002027,2025-12,sorting and containment,NCR,NCR-25-0340,3173.4,73.8,5850,20260106T061500Z-QE24M
CQ-002028,2025-12,sorting and containment,NCR,NCR-25-0345,6669.3,155.1,5850,20260106T061500Z-QE24M
CQ-002029,2025-12,sorting and containment,NCR,NCR-25-0348,4214.0,98.0,5850,20260106T061500Z-QE24M
CQ-002030,2025-12,sorting and containment,NCR,NCR-25-0349,1904.9,44.3,5850,20260106T061500Z-QE24M
CQ-002031,2025-12,sorting and containment,complaint,CC-25-040,4269.07,18.4,5850,20260106T061500Z-QE24M
CQ-002032,2025-12,sorting and containment,complaint,CC-25-041,2204.52,11.7,5850,20260106T061500Z-QE24M
CQ-002033,2025-12,sorting and containment,complaint,CC-25-042,1717.04,20.8,5850,20260106T061500Z-QE24M
CQ-002034,2025-12,sorting and containment,complaint,CC-25-043,4231.05,13.9,5850,20260106T061500Z-QE24M
CQ-002035,2025-12,supplier audit travel,invoice,EXP-8075,3869.71,,5880,20260106T061500Z-QE24M
CQ-002036,2025-12,training,invoice,INV-26980,3464.85,,5870,20260106T061500Z-QE24M
CQ-002037,2025-12,training,invoice,INV-67779,4296.83,,5870,20260106T061500Z-QE24M
